2025-10-26 13:06:41 [INFO] Epoch: 0 [12800/50000 (26%)]	 Training Loss: 1.858 ACC: 11.88 CR: 0.87 Avg R1: 0.83 Avg R2: 8.53 Avg Reward: 9.358415
2025-10-26 13:07:01 [INFO] Epoch: 0 [25600/50000 (51%)]	 Training Loss: 1.823 ACC: 12.75 CR: 0.74 Avg R1: 1.63 Avg R2: 7.95 Avg Reward: 9.574621
2025-10-26 13:07:21 [INFO] Epoch: 0 [38400/50000 (77%)]	 Training Loss: 1.802 ACC: 13.33 CR: 0.61 Avg R1: 2.44 Avg R2: 7.36 Avg Reward: 9.799640
2025-10-26 13:07:40 [INFO] EPOCH:0, ======================CR:0.48744====================
2025-10-26 13:07:40 [INFO] 0.009523775766825981
2025-10-26 13:07:43 [INFO] EPOCH:0, ======================ACC:17.41====================
2025-10-26 13:07:43 [INFO] BEST EPOCH:0,BEST ACC:17.41
2025-10-26 13:08:03 [INFO] Epoch: 1 [12800/50000 (26%)]	 Training Loss: 1.641 ACC: 17.27 CR: 0.48 Avg R1: 4.04 Avg R2: 4.18 Avg Reward: 8.217849
2025-10-26 13:08:27 [INFO] Epoch: 1 [25600/50000 (51%)]	 Training Loss: 1.581 ACC: 18.07 CR: 0.47 Avg R1: 4.00 Avg R2: 4.15 Avg Reward: 8.149452
2025-10-26 13:08:51 [INFO] Epoch: 1 [38400/50000 (77%)]	 Training Loss: 1.541 ACC: 18.36 CR: 0.45 Avg R1: 3.93 Avg R2: 4.11 Avg Reward: 8.043572
2025-10-26 13:09:12 [INFO] EPOCH:1, ======================CR:0.42946====================
2025-10-26 13:09:12 [INFO] -0.019300718459882012
2025-10-26 13:09:17 [INFO] EPOCH:1, ======================ACC:20.55====================
2025-10-26 13:09:17 [INFO] BEST EPOCH:1,BEST ACC:20.55
2025-10-26 13:09:39 [INFO] Epoch: 2 [12800/50000 (26%)]	 Training Loss: 1.219 ACC: 21.16 CR: 0.40 Avg R1: 3.50 Avg R2: 4.57 Avg Reward: 8.069372
2025-10-26 13:10:02 [INFO] Epoch: 2 [25600/50000 (51%)]	 Training Loss: 1.041 ACC: 22.55 CR: 0.33 Avg R1: 3.27 Avg R2: 4.39 Avg Reward: 7.664487
2025-10-26 13:10:25 [INFO] Epoch: 2 [38400/50000 (77%)]	 Training Loss: 0.917 ACC: 23.24 CR: 0.24 Avg R1: 2.97 Avg R2: 4.15 Avg Reward: 7.122687
2025-10-26 13:10:46 [INFO] EPOCH:2, ======================CR:0.1521====================
2025-10-26 13:10:46 [INFO] -0.021795500972209888
2025-10-26 13:10:51 [INFO] EPOCH:2, ======================ACC:27.25====================
2025-10-26 13:10:51 [INFO] BEST EPOCH:2,BEST ACC:27.25
2025-10-26 13:11:15 [INFO] Epoch: 3 [12800/50000 (26%)]	 Training Loss: 0.448 ACC: 26.58 CR: 0.12 Avg R1: 1.13 Avg R2: 2.73 Avg Reward: 3.863134
2025-10-26 13:11:39 [INFO] Epoch: 3 [25600/50000 (51%)]	 Training Loss: 0.435 ACC: 26.84 CR: 0.08 Avg R1: 0.99 Avg R2: 2.56 Avg Reward: 3.547479
2025-10-26 13:12:02 [INFO] Epoch: 3 [38400/50000 (77%)]	 Training Loss: 0.434 ACC: 26.94 CR: 0.05 Avg R1: 0.84 Avg R2: 2.40 Avg Reward: 3.239328
2025-10-26 13:12:23 [INFO] EPOCH:3, ======================CR:0.02082====================
2025-10-26 13:12:23 [INFO] -0.018913092196228092
2025-10-26 13:12:27 [INFO] EPOCH:3, ======================ACC:27.57====================
2025-10-26 13:12:27 [INFO] BEST EPOCH:3,BEST ACC:27.57
2025-10-26 13:12:51 [INFO] Epoch: 4 [12800/50000 (26%)]	 Training Loss: 0.403 ACC: 29.62 CR: 0.02 Avg R1: 0.17 Avg R2: 1.70 Avg Reward: 1.873494
2025-10-26 13:13:14 [INFO] Epoch: 4 [25600/50000 (51%)]	 Training Loss: 0.409 ACC: 29.17 CR: 0.02 Avg R1: 0.17 Avg R2: 1.70 Avg Reward: 1.862528
2025-10-26 13:13:35 [INFO] Epoch: 4 [38400/50000 (77%)]	 Training Loss: 0.415 ACC: 29.28 CR: 0.02 Avg R1: 0.17 Avg R2: 1.70 Avg Reward: 1.863829
2025-10-26 13:13:56 [INFO] EPOCH:4, ======================CR:0.0196====================
2025-10-26 13:13:56 [INFO] -0.015500254325914849
2025-10-26 13:14:01 [INFO] EPOCH:4, ======================ACC:29.42====================
2025-10-26 13:14:01 [INFO] BEST EPOCH:4,BEST ACC:29.42
2025-10-26 13:14:25 [INFO] Epoch: 5 [12800/50000 (26%)]	 Training Loss: 0.438 ACC: 30.61 CR: 0.02 Avg R1: 0.17 Avg R2: 1.78 Avg Reward: 1.943028
2025-10-26 13:14:48 [INFO] Epoch: 5 [25600/50000 (51%)]	 Training Loss: 0.445 ACC: 30.89 CR: 0.02 Avg R1: 0.18 Avg R2: 1.80 Avg Reward: 1.982692
2025-10-26 13:15:13 [INFO] Epoch: 5 [38400/50000 (77%)]	 Training Loss: 0.437 ACC: 31.03 CR: 0.03 Avg R1: 0.19 Avg R2: 1.82 Avg Reward: 2.014465
2025-10-26 13:15:34 [INFO] EPOCH:5, ======================CR:0.02572====================
2025-10-26 13:15:34 [INFO] -0.005652887647462581
2025-10-26 13:15:38 [INFO] EPOCH:5, ======================ACC:29.92====================
2025-10-26 13:15:38 [INFO] BEST EPOCH:5,BEST ACC:29.92
2025-10-26 13:16:02 [INFO] Epoch: 6 [12800/50000 (26%)]	 Training Loss: 0.408 ACC: 33.03 CR: 0.03 Avg R1: 0.21 Avg R2: 1.88 Avg Reward: 2.092495
2025-10-26 13:16:26 [INFO] Epoch: 6 [25600/50000 (51%)]	 Training Loss: 0.437 ACC: 32.99 CR: 0.03 Avg R1: 0.22 Avg R2: 1.90 Avg Reward: 2.114653
2025-10-26 13:16:49 [INFO] Epoch: 6 [38400/50000 (77%)]	 Training Loss: 0.461 ACC: 32.62 CR: 0.04 Avg R1: 0.23 Avg R2: 1.93 Avg Reward: 2.161559
2025-10-26 13:17:10 [INFO] EPOCH:6, ======================CR:0.04364====================
2025-10-26 13:17:10 [INFO] -0.009739395049821954
2025-10-26 13:17:15 [INFO] EPOCH:6, ======================ACC:31.48====================
2025-10-26 13:17:15 [INFO] BEST EPOCH:6,BEST ACC:31.48
2025-10-26 13:17:38 [INFO] Epoch: 7 [12800/50000 (26%)]	 Training Loss: 0.523 ACC: 33.60 CR: 0.05 Avg R1: 0.38 Avg R2: 2.16 Avg Reward: 2.542208
2025-10-26 13:18:01 [INFO] Epoch: 7 [25600/50000 (51%)]	 Training Loss: 0.527 ACC: 33.93 CR: 0.06 Avg R1: 0.41 Avg R2: 2.20 Avg Reward: 2.614132
2025-10-26 13:18:24 [INFO] Epoch: 7 [38400/50000 (77%)]	 Training Loss: 0.527 ACC: 34.10 CR: 0.06 Avg R1: 0.44 Avg R2: 2.24 Avg Reward: 2.677094
2025-10-26 13:18:45 [INFO] EPOCH:7, ======================CR:0.08126====================
2025-10-26 13:18:45 [INFO] -0.011016413078365171
2025-10-26 13:18:49 [INFO] EPOCH:7, ======================ACC:28.61====================
2025-10-26 13:18:49 [INFO] BEST EPOCH:6,BEST ACC:31.48
2025-10-26 13:19:13 [INFO] Epoch: 8 [12800/50000 (26%)]	 Training Loss: 0.727 ACC: 34.13 CR: 0.10 Avg R1: 0.78 Avg R2: 2.62 Avg Reward: 3.398666
2025-10-26 13:19:36 [INFO] Epoch: 8 [25600/50000 (51%)]	 Training Loss: 0.662 ACC: 34.52 CR: 0.11 Avg R1: 0.84 Avg R2: 2.69 Avg Reward: 3.524178
2025-10-26 13:19:58 [INFO] Epoch: 8 [38400/50000 (77%)]	 Training Loss: 0.634 ACC: 35.48 CR: 0.12 Avg R1: 0.87 Avg R2: 2.73 Avg Reward: 3.604163
2025-10-26 13:20:19 [INFO] EPOCH:8, ======================CR:0.12502====================
2025-10-26 13:20:19 [INFO] -0.010722483945891922
2025-10-26 13:20:23 [INFO] EPOCH:8, ======================ACC:35.92====================
2025-10-26 13:20:23 [INFO] BEST EPOCH:8,BEST ACC:35.92
2025-10-26 13:20:47 [INFO] Epoch: 9 [12800/50000 (26%)]	 Training Loss: 0.633 ACC: 37.41 CR: 0.13 Avg R1: 1.06 Avg R2: 2.87 Avg Reward: 3.934334
2025-10-26 13:21:10 [INFO] Epoch: 9 [25600/50000 (51%)]	 Training Loss: 0.662 ACC: 37.54 CR: 0.14 Avg R1: 1.09 Avg R2: 2.90 Avg Reward: 3.994630
2025-10-26 13:21:33 [INFO] Epoch: 9 [38400/50000 (77%)]	 Training Loss: 0.686 ACC: 37.63 CR: 0.16 Avg R1: 1.15 Avg R2: 2.95 Avg Reward: 4.104987
2025-10-26 13:21:54 [INFO] EPOCH:9, ======================CR:0.18218====================
2025-10-26 13:21:54 [INFO] -0.00272043099430799
2025-10-26 13:21:57 [INFO] EPOCH:9, ======================ACC:34.63====================
2025-10-26 13:21:57 [INFO] BEST EPOCH:8,BEST ACC:35.92
2025-10-26 13:22:20 [INFO] Epoch: 10 [12800/50000 (26%)]	 Training Loss: 0.625 ACC: 40.75 CR: 0.18 Avg R1: 1.50 Avg R2: 3.19 Avg Reward: 4.688775
2025-10-26 13:22:44 [INFO] Epoch: 10 [25600/50000 (51%)]	 Training Loss: 0.620 ACC: 40.62 CR: 0.17 Avg R1: 1.47 Avg R2: 3.16 Avg Reward: 4.624781
2025-10-26 13:23:07 [INFO] Epoch: 10 [38400/50000 (77%)]	 Training Loss: 0.618 ACC: 40.97 CR: 0.16 Avg R1: 1.44 Avg R2: 3.14 Avg Reward: 4.579594
2025-10-26 13:23:29 [INFO] EPOCH:10, ======================CR:0.16288====================
2025-10-26 13:23:29 [INFO] 0.0019840217812425185
2025-10-26 13:23:33 [INFO] EPOCH:10, ======================ACC:41.32====================
2025-10-26 13:23:33 [INFO] BEST EPOCH:10,BEST ACC:41.32
2025-10-26 13:23:56 [INFO] Epoch: 11 [12800/50000 (26%)]	 Training Loss: 0.658 ACC: 42.26 CR: 0.17 Avg R1: 1.39 Avg R2: 3.01 Avg Reward: 4.400551
2025-10-26 13:24:15 [INFO] Epoch: 11 [25600/50000 (51%)]	 Training Loss: 0.622 ACC: 42.37 CR: 0.17 Avg R1: 1.40 Avg R2: 3.03 Avg Reward: 4.434341
2025-10-26 13:24:31 [INFO] Epoch: 11 [38400/50000 (77%)]	 Training Loss: 0.571 ACC: 43.22 CR: 0.15 Avg R1: 1.38 Avg R2: 3.01 Avg Reward: 4.386149
2025-10-26 13:24:46 [INFO] EPOCH:11, ======================CR:0.13742====================
2025-10-26 13:24:46 [INFO] -0.008802285880034436
2025-10-26 13:24:48 [INFO] EPOCH:11, ======================ACC:43.45====================
2025-10-26 13:24:48 [INFO] BEST EPOCH:11,BEST ACC:43.45
2025-10-26 13:25:05 [INFO] Epoch: 12 [12800/50000 (26%)]	 Training Loss: 0.442 ACC: 46.07 CR: 0.13 Avg R1: 1.10 Avg R2: 2.69 Avg Reward: 3.787992
2025-10-26 13:25:21 [INFO] Epoch: 12 [25600/50000 (51%)]	 Training Loss: 0.426 ACC: 46.52 CR: 0.11 Avg R1: 1.04 Avg R2: 2.63 Avg Reward: 3.671477
2025-10-26 13:25:38 [INFO] Epoch: 12 [38400/50000 (77%)]	 Training Loss: 0.413 ACC: 46.87 CR: 0.09 Avg R1: 0.96 Avg R2: 2.56 Avg Reward: 3.523034
2025-10-26 13:25:53 [INFO] EPOCH:12, ======================CR:0.0762====================
2025-10-26 13:25:53 [INFO] -0.011501076099507204
2025-10-26 13:25:56 [INFO] EPOCH:12, ======================ACC:46.44====================
2025-10-26 13:25:56 [INFO] BEST EPOCH:12,BEST ACC:46.44
2025-10-26 13:26:12 [INFO] Epoch: 13 [12800/50000 (26%)]	 Training Loss: 0.413 ACC: 48.01 CR: 0.08 Avg R1: 0.63 Avg R2: 2.18 Avg Reward: 2.809703
2025-10-26 13:26:28 [INFO] Epoch: 13 [25600/50000 (51%)]	 Training Loss: 0.413 ACC: 48.36 CR: 0.08 Avg R1: 0.64 Avg R2: 2.18 Avg Reward: 2.822470
2025-10-26 13:26:44 [INFO] Epoch: 13 [38400/50000 (77%)]	 Training Loss: 0.413 ACC: 48.49 CR: 0.08 Avg R1: 0.65 Avg R2: 2.19 Avg Reward: 2.835799
2025-10-26 13:26:59 [INFO] EPOCH:13, ======================CR:0.07512====================
2025-10-26 13:26:59 [INFO] 0.0029149830945232624
2025-10-26 13:27:02 [INFO] EPOCH:13, ======================ACC:48.21====================
2025-10-26 13:27:02 [INFO] BEST EPOCH:13,BEST ACC:48.21
2025-10-26 13:27:19 [INFO] Epoch: 14 [12800/50000 (26%)]	 Training Loss: 0.452 ACC: 48.81 CR: 0.08 Avg R1: 0.65 Avg R2: 2.18 Avg Reward: 2.823991
2025-10-26 13:27:35 [INFO] Epoch: 14 [25600/50000 (51%)]	 Training Loss: 0.461 ACC: 48.74 CR: 0.09 Avg R1: 0.69 Avg R2: 2.22 Avg Reward: 2.909153
2025-10-26 13:27:50 [INFO] Epoch: 14 [38400/50000 (77%)]	 Training Loss: 0.451 ACC: 48.80 CR: 0.10 Avg R1: 0.73 Avg R2: 2.26 Avg Reward: 2.982465
2025-10-26 13:28:05 [INFO] EPOCH:14, ======================CR:0.09696====================
2025-10-26 13:28:05 [INFO] -0.001605804919241175
2025-10-26 13:28:08 [INFO] EPOCH:14, ======================ACC:48.2====================
2025-10-26 13:28:08 [INFO] BEST EPOCH:13,BEST ACC:48.21
2025-10-26 13:28:24 [INFO] Epoch: 15 [12800/50000 (26%)]	 Training Loss: 0.396 ACC: 50.80 CR: 0.09 Avg R1: 0.79 Avg R2: 2.30 Avg Reward: 3.085632
2025-10-26 13:28:41 [INFO] Epoch: 15 [25600/50000 (51%)]	 Training Loss: 0.409 ACC: 50.23 CR: 0.09 Avg R1: 0.78 Avg R2: 2.29 Avg Reward: 3.077779
2025-10-26 13:28:57 [INFO] Epoch: 15 [38400/50000 (77%)]	 Training Loss: 0.410 ACC: 50.07 CR: 0.09 Avg R1: 0.77 Avg R2: 2.29 Avg Reward: 3.060203
2025-10-26 13:29:12 [INFO] EPOCH:15, ======================CR:0.09042====================
2025-10-26 13:29:12 [INFO] 0.003652372212397025
2025-10-26 13:29:15 [INFO] EPOCH:15, ======================ACC:47.44====================
2025-10-26 13:29:15 [INFO] BEST EPOCH:13,BEST ACC:48.21
2025-10-26 13:29:31 [INFO] Epoch: 16 [12800/50000 (26%)]	 Training Loss: 0.406 ACC: 50.64 CR: 0.09 Avg R1: 0.76 Avg R2: 2.25 Avg Reward: 3.007860
2025-10-26 13:29:48 [INFO] Epoch: 16 [25600/50000 (51%)]	 Training Loss: 0.408 ACC: 51.09 CR: 0.09 Avg R1: 0.75 Avg R2: 2.24 Avg Reward: 2.994749
2025-10-26 13:30:03 [INFO] Epoch: 16 [38400/50000 (77%)]	 Training Loss: 0.439 ACC: 50.78 CR: 0.11 Avg R1: 0.77 Avg R2: 2.26 Avg Reward: 3.030526
2025-10-26 13:30:18 [INFO] EPOCH:16, ======================CR:0.12654====================
2025-10-26 13:30:18 [INFO] -0.007450948117471448
2025-10-26 13:30:21 [INFO] EPOCH:16, ======================ACC:39.6====================
2025-10-26 13:30:21 [INFO] BEST EPOCH:13,BEST ACC:48.21
2025-10-26 13:30:39 [INFO] Epoch: 17 [12800/50000 (26%)]	 Training Loss: 0.552 ACC: 49.53 CR: 0.14 Avg R1: 1.12 Avg R2: 2.56 Avg Reward: 3.677055
2025-10-26 13:30:55 [INFO] Epoch: 17 [25600/50000 (51%)]	 Training Loss: 0.560 ACC: 49.67 CR: 0.16 Avg R1: 1.18 Avg R2: 2.61 Avg Reward: 3.784927
2025-10-26 13:31:11 [INFO] Epoch: 17 [38400/50000 (77%)]	 Training Loss: 0.552 ACC: 49.66 CR: 0.17 Avg R1: 1.25 Avg R2: 2.67 Avg Reward: 3.915219
2025-10-26 13:31:26 [INFO] EPOCH:17, ======================CR:0.17946====================
2025-10-26 13:31:26 [INFO] 0.0011739955870946738
2025-10-26 13:31:29 [INFO] EPOCH:17, ======================ACC:50.37====================
2025-10-26 13:31:29 [INFO] BEST EPOCH:17,BEST ACC:50.37
2025-10-26 13:31:47 [INFO] Epoch: 18 [12800/50000 (26%)]	 Training Loss: 0.511 ACC: 51.45 CR: 0.18 Avg R1: 1.49 Avg R2: 2.89 Avg Reward: 4.382268
2025-10-26 13:32:07 [INFO] Epoch: 18 [25600/50000 (51%)]	 Training Loss: 0.489 ACC: 51.94 CR: 0.17 Avg R1: 1.46 Avg R2: 2.86 Avg Reward: 4.326333
2025-10-26 13:32:27 [INFO] Epoch: 18 [38400/50000 (77%)]	 Training Loss: 0.493 ACC: 52.04 CR: 0.16 Avg R1: 1.43 Avg R2: 2.84 Avg Reward: 4.269575
2025-10-26 13:32:45 [INFO] EPOCH:18, ======================CR:0.173====================
2025-10-26 13:32:45 [INFO] -0.0024143209382055677
2025-10-26 13:32:49 [INFO] EPOCH:18, ======================ACC:48.61====================
2025-10-26 13:32:49 [INFO] BEST EPOCH:17,BEST ACC:50.37
2025-10-26 13:33:08 [INFO] Epoch: 19 [12800/50000 (26%)]	 Training Loss: 0.599 ACC: 51.27 CR: 0.19 Avg R1: 1.51 Avg R2: 2.88 Avg Reward: 4.390344
2025-10-26 13:33:28 [INFO] Epoch: 19 [25600/50000 (51%)]	 Training Loss: 0.575 ACC: 51.61 CR: 0.20 Avg R1: 1.56 Avg R2: 2.92 Avg Reward: 4.483994
2025-10-26 13:33:47 [INFO] Epoch: 19 [38400/50000 (77%)]	 Training Loss: 0.577 ACC: 51.40 CR: 0.21 Avg R1: 1.61 Avg R2: 2.96 Avg Reward: 4.562757
2025-10-26 13:34:05 [INFO] EPOCH:19, ======================CR:0.22182====================
2025-10-26 13:34:05 [INFO] 0.00508375298525091
2025-10-26 13:34:08 [INFO] EPOCH:19, ======================ACC:48.13====================
2025-10-26 13:34:08 [INFO] BEST EPOCH:17,BEST ACC:50.37
2025-10-26 13:34:27 [INFO] Epoch: 20 [12800/50000 (26%)]	 Training Loss: 0.538 ACC: 52.03 CR: 0.22 Avg R1: 1.83 Avg R2: 3.11 Avg Reward: 4.939440
2025-10-26 13:34:47 [INFO] Epoch: 20 [25600/50000 (51%)]	 Training Loss: 0.535 ACC: 52.91 CR: 0.21 Avg R1: 1.80 Avg R2: 3.10 Avg Reward: 4.897007
2025-10-26 13:35:06 [INFO] Epoch: 20 [38400/50000 (77%)]	 Training Loss: 0.569 ACC: 52.61 CR: 0.22 Avg R1: 1.81 Avg R2: 3.10 Avg Reward: 4.909068
2025-10-26 13:35:23 [INFO] EPOCH:20, ======================CR:0.24158====================
2025-10-26 13:35:23 [INFO] 0.017387450104437048
2025-10-26 13:35:27 [INFO] EPOCH:20, ======================ACC:48.03====================
2025-10-26 13:35:27 [INFO] BEST EPOCH:17,BEST ACC:50.37
2025-10-26 13:35:47 [INFO] Epoch: 21 [12800/50000 (26%)]	 Training Loss: 0.806 ACC: 52.27 CR: 0.29 Avg R1: 2.21 Avg R2: 3.42 Avg Reward: 5.629270
2025-10-26 13:36:06 [INFO] Epoch: 21 [25600/50000 (51%)]	 Training Loss: 0.816 ACC: 51.77 CR: 0.35 Avg R1: 2.44 Avg R2: 3.58 Avg Reward: 6.024294
2025-10-26 13:36:25 [INFO] Epoch: 21 [38400/50000 (77%)]	 Training Loss: 0.819 ACC: 51.63 CR: 0.40 Avg R1: 2.66 Avg R2: 3.75 Avg Reward: 6.416272
2025-10-26 13:36:43 [INFO] EPOCH:21, ======================CR:0.43662====================
2025-10-26 13:36:43 [INFO] 0.03203899344533767
2025-10-26 13:36:46 [INFO] EPOCH:21, ======================ACC:52.95====================
2025-10-26 13:36:46 [INFO] BEST EPOCH:21,BEST ACC:52.95
2025-10-26 13:37:05 [INFO] Epoch: 22 [12800/50000 (26%)]	 Training Loss: 0.733 ACC: 54.08 CR: 0.42 Avg R1: 3.59 Avg R2: 4.45 Avg Reward: 8.041454
2025-10-26 13:37:25 [INFO] Epoch: 22 [25600/50000 (51%)]	 Training Loss: 0.722 ACC: 53.87 CR: 0.41 Avg R1: 3.54 Avg R2: 4.42 Avg Reward: 7.953021
2025-10-26 13:37:44 [INFO] Epoch: 22 [38400/50000 (77%)]	 Training Loss: 0.695 ACC: 53.93 CR: 0.37 Avg R1: 3.45 Avg R2: 4.35 Avg Reward: 7.800780
2025-10-26 13:37:59 [INFO] EPOCH:22, ======================CR:0.33346====================
2025-10-26 13:37:59 [INFO] 0.03844093739818045
2025-10-26 13:38:02 [INFO] EPOCH:22, ======================ACC:54.02====================
2025-10-26 13:38:02 [INFO] BEST EPOCH:22,BEST ACC:54.02
2025-10-26 13:38:20 [INFO] Epoch: 23 [12800/50000 (26%)]	 Training Loss: 0.471 ACC: 57.83 CR: 0.30 Avg R1: 2.63 Avg R2: 3.73 Avg Reward: 6.354235
2025-10-26 13:38:37 [INFO] Epoch: 23 [25600/50000 (51%)]	 Training Loss: 0.489 ACC: 57.54 CR: 0.27 Avg R1: 2.49 Avg R2: 3.62 Avg Reward: 6.116386
2025-10-26 13:38:54 [INFO] Epoch: 23 [38400/50000 (77%)]	 Training Loss: 0.493 ACC: 57.43 CR: 0.24 Avg R1: 2.37 Avg R2: 3.53 Avg Reward: 5.900740
2025-10-26 13:39:09 [INFO] EPOCH:23, ======================CR:0.21452====================
2025-10-26 13:39:09 [INFO] 0.03523518433776536
2025-10-26 13:39:12 [INFO] EPOCH:23, ======================ACC:53.13====================
2025-10-26 13:39:12 [INFO] BEST EPOCH:22,BEST ACC:54.02
2025-10-26 13:39:30 [INFO] Epoch: 24 [12800/50000 (26%)]	 Training Loss: 0.490 ACC: 57.95 CR: 0.21 Avg R1: 1.78 Avg R2: 3.07 Avg Reward: 4.847601
2025-10-26 13:39:47 [INFO] Epoch: 24 [25600/50000 (51%)]	 Training Loss: 0.486 ACC: 58.20 CR: 0.21 Avg R1: 1.77 Avg R2: 3.06 Avg Reward: 4.837954
2025-10-26 13:40:03 [INFO] Epoch: 24 [38400/50000 (77%)]	 Training Loss: 0.484 ACC: 58.11 CR: 0.21 Avg R1: 1.76 Avg R2: 3.05 Avg Reward: 4.815890
2025-10-26 13:40:19 [INFO] EPOCH:24, ======================CR:0.21158====================
2025-10-26 13:40:19 [INFO] 0.03207889617071124
2025-10-26 13:40:23 [INFO] EPOCH:24, ======================ACC:54.06====================
2025-10-26 13:40:23 [INFO] BEST EPOCH:24,BEST ACC:54.06
2025-10-26 13:40:42 [INFO] Epoch: 25 [12800/50000 (26%)]	 Training Loss: 0.498 ACC: 57.84 CR: 0.21 Avg R1: 1.77 Avg R2: 3.04 Avg Reward: 4.814260
2025-10-26 13:41:01 [INFO] Epoch: 25 [25600/50000 (51%)]	 Training Loss: 0.513 ACC: 57.75 CR: 0.22 Avg R1: 1.79 Avg R2: 3.06 Avg Reward: 4.843624
2025-10-26 13:41:20 [INFO] Epoch: 25 [38400/50000 (77%)]	 Training Loss: 0.525 ACC: 57.42 CR: 0.23 Avg R1: 1.82 Avg R2: 3.08 Avg Reward: 4.900974
2025-10-26 13:41:37 [INFO] EPOCH:25, ======================CR:0.24908====================
2025-10-26 13:41:37 [INFO] 0.02575170740016226
2025-10-26 13:41:40 [INFO] EPOCH:25, ======================ACC:53.64====================
2025-10-26 13:41:40 [INFO] BEST EPOCH:24,BEST ACC:54.06
2025-10-26 13:41:58 [INFO] Epoch: 26 [12800/50000 (26%)]	 Training Loss: 0.594 ACC: 56.62 CR: 0.26 Avg R1: 2.13 Avg R2: 3.31 Avg Reward: 5.445706
2025-10-26 13:42:18 [INFO] Epoch: 26 [25600/50000 (51%)]	 Training Loss: 0.570 ACC: 56.95 CR: 0.27 Avg R1: 2.17 Avg R2: 3.35 Avg Reward: 5.519084
2025-10-26 13:42:37 [INFO] Epoch: 26 [38400/50000 (77%)]	 Training Loss: 0.552 ACC: 56.92 CR: 0.26 Avg R1: 2.19 Avg R2: 3.36 Avg Reward: 5.543843
2025-10-26 13:42:55 [INFO] EPOCH:26, ======================CR:0.25686====================
2025-10-26 13:42:55 [INFO] 0.026023336213161302
2025-10-26 13:42:59 [INFO] EPOCH:26, ======================ACC:55.8====================
2025-10-26 13:42:59 [INFO] BEST EPOCH:26,BEST ACC:55.8
2025-10-26 13:43:19 [INFO] Epoch: 27 [12800/50000 (26%)]	 Training Loss: 0.475 ACC: 59.97 CR: 0.25 Avg R1: 2.10 Avg R2: 3.29 Avg Reward: 5.393176
2025-10-26 13:43:38 [INFO] Epoch: 27 [25600/50000 (51%)]	 Training Loss: 0.457 ACC: 59.53 CR: 0.23 Avg R1: 2.04 Avg R2: 3.25 Avg Reward: 5.287226
2025-10-26 13:43:57 [INFO] Epoch: 27 [38400/50000 (77%)]	 Training Loss: 0.461 ACC: 59.37 CR: 0.22 Avg R1: 1.98 Avg R2: 3.20 Avg Reward: 5.175542
2025-10-26 13:44:14 [INFO] EPOCH:27, ======================CR:0.21744====================
2025-10-26 13:44:14 [INFO] 0.023534752288510166
2025-10-26 13:44:17 [INFO] EPOCH:27, ======================ACC:55.73====================
2025-10-26 13:44:17 [INFO] BEST EPOCH:26,BEST ACC:55.8
2025-10-26 13:44:37 [INFO] Epoch: 28 [12800/50000 (26%)]	 Training Loss: 0.577 ACC: 58.99 CR: 0.24 Avg R1: 1.92 Avg R2: 3.13 Avg Reward: 5.050509
2025-10-26 13:44:57 [INFO] Epoch: 28 [25600/50000 (51%)]	 Training Loss: 0.599 ACC: 58.25 CR: 0.27 Avg R1: 2.04 Avg R2: 3.22 Avg Reward: 5.256307
2025-10-26 13:45:16 [INFO] Epoch: 28 [38400/50000 (77%)]	 Training Loss: 0.615 ACC: 57.79 CR: 0.31 Avg R1: 2.16 Avg R2: 3.32 Avg Reward: 5.484876
2025-10-26 13:45:34 [INFO] EPOCH:28, ======================CR:0.33632====================
2025-10-26 13:45:34 [INFO] 0.042116724287631385
2025-10-26 13:45:37 [INFO] EPOCH:28, ======================ACC:55.19====================
2025-10-26 13:45:37 [INFO] BEST EPOCH:26,BEST ACC:55.8
2025-10-26 13:45:57 [INFO] Epoch: 29 [12800/50000 (26%)]	 Training Loss: 0.568 ACC: 58.64 CR: 0.33 Avg R1: 2.79 Avg R2: 3.82 Avg Reward: 6.606567
2025-10-26 13:46:16 [INFO] Epoch: 29 [25600/50000 (51%)]	 Training Loss: 0.582 ACC: 58.50 CR: 0.33 Avg R1: 2.78 Avg R2: 3.81 Avg Reward: 6.590748
2025-10-26 13:46:36 [INFO] Epoch: 29 [38400/50000 (77%)]	 Training Loss: 0.582 ACC: 58.50 CR: 0.33 Avg R1: 2.76 Avg R2: 3.81 Avg Reward: 6.572880
2025-10-26 13:46:54 [INFO] EPOCH:29, ======================CR:0.33118====================
2025-10-26 13:46:54 [INFO] 0.02744418531901915
2025-10-26 13:46:57 [INFO] EPOCH:29, ======================ACC:57.06====================
2025-10-26 13:46:57 [INFO] BEST EPOCH:29,BEST ACC:57.06
2025-10-26 13:47:17 [INFO] Epoch: 30 [12800/50000 (26%)]	 Training Loss: 0.537 ACC: 59.16 CR: 0.32 Avg R1: 2.71 Avg R2: 3.75 Avg Reward: 6.463577
2025-10-26 13:47:36 [INFO] Epoch: 30 [25600/50000 (51%)]	 Training Loss: 0.537 ACC: 60.09 CR: 0.31 Avg R1: 2.67 Avg R2: 3.72 Avg Reward: 6.386433
2025-10-26 13:47:56 [INFO] Epoch: 30 [38400/50000 (77%)]	 Training Loss: 0.545 ACC: 59.58 CR: 0.31 Avg R1: 2.64 Avg R2: 3.70 Avg Reward: 6.337635
2025-10-26 13:48:14 [INFO] EPOCH:30, ======================CR:0.31252====================
2025-10-26 13:48:14 [INFO] 0.03435130933845937
2025-10-26 13:48:17 [INFO] EPOCH:30, ======================ACC:54.27====================
2025-10-26 13:48:17 [INFO] BEST EPOCH:29,BEST ACC:57.06
2025-10-26 13:48:37 [INFO] Epoch: 31 [12800/50000 (26%)]	 Training Loss: 0.611 ACC: 60.41 CR: 0.33 Avg R1: 2.68 Avg R2: 3.72 Avg Reward: 6.400709
2025-10-26 13:48:57 [INFO] Epoch: 31 [25600/50000 (51%)]	 Training Loss: 0.624 ACC: 59.54 CR: 0.35 Avg R1: 2.77 Avg R2: 3.77 Avg Reward: 6.539584
2025-10-26 13:49:17 [INFO] Epoch: 31 [38400/50000 (77%)]	 Training Loss: 0.621 ACC: 59.43 CR: 0.36 Avg R1: 2.84 Avg R2: 3.83 Avg Reward: 6.662843
2025-10-26 13:49:34 [INFO] EPOCH:31, ======================CR:0.37642====================
2025-10-26 13:49:34 [INFO] 0.028047249630876764
2025-10-26 13:49:37 [INFO] EPOCH:31, ======================ACC:55.32====================
2025-10-26 13:49:37 [INFO] BEST EPOCH:29,BEST ACC:57.06
2025-10-26 13:49:56 [INFO] Epoch: 32 [12800/50000 (26%)]	 Training Loss: 0.600 ACC: 60.62 CR: 0.37 Avg R1: 3.13 Avg R2: 4.04 Avg Reward: 7.168699
2025-10-26 13:50:16 [INFO] Epoch: 32 [25600/50000 (51%)]	 Training Loss: 0.600 ACC: 60.53 CR: 0.37 Avg R1: 3.11 Avg R2: 4.03 Avg Reward: 7.142320
2025-10-26 13:50:35 [INFO] Epoch: 32 [38400/50000 (77%)]	 Training Loss: 0.603 ACC: 60.47 CR: 0.37 Avg R1: 3.10 Avg R2: 4.02 Avg Reward: 7.127269
2025-10-26 13:50:52 [INFO] EPOCH:32, ======================CR:0.3812====================
2025-10-26 13:50:52 [INFO] 0.02629175410294493
2025-10-26 13:50:55 [INFO] EPOCH:32, ======================ACC:55.66====================
2025-10-26 13:50:55 [INFO] BEST EPOCH:29,BEST ACC:57.06
2025-10-26 13:51:14 [INFO] Epoch: 33 [12800/50000 (26%)]	 Training Loss: 0.621 ACC: 60.43 CR: 0.38 Avg R1: 3.19 Avg R2: 4.08 Avg Reward: 7.268685
2025-10-26 13:51:32 [INFO] Epoch: 33 [25600/50000 (51%)]	 Training Loss: 0.612 ACC: 60.55 CR: 0.38 Avg R1: 3.19 Avg R2: 4.08 Avg Reward: 7.273214
2025-10-26 13:51:50 [INFO] Epoch: 33 [38400/50000 (77%)]	 Training Loss: 0.605 ACC: 60.68 CR: 0.38 Avg R1: 3.18 Avg R2: 4.08 Avg Reward: 7.257818
2025-10-26 13:52:08 [INFO] EPOCH:33, ======================CR:0.37026====================
2025-10-26 13:52:08 [INFO] 0.022362841352806116
2025-10-26 13:52:11 [INFO] EPOCH:33, ======================ACC:56.87====================
2025-10-26 13:52:11 [INFO] BEST EPOCH:29,BEST ACC:57.06
2025-10-26 13:52:30 [INFO] Epoch: 34 [12800/50000 (26%)]	 Training Loss: 0.544 ACC: 62.95 CR: 0.36 Avg R1: 3.06 Avg R2: 3.98 Avg Reward: 7.035865
2025-10-26 13:52:50 [INFO] Epoch: 34 [25600/50000 (51%)]	 Training Loss: 0.557 ACC: 62.08 CR: 0.37 Avg R1: 3.05 Avg R2: 3.97 Avg Reward: 7.016237
2025-10-26 13:53:08 [INFO] Epoch: 34 [38400/50000 (77%)]	 Training Loss: 0.574 ACC: 61.80 CR: 0.37 Avg R1: 3.05 Avg R2: 3.97 Avg Reward: 7.023638
2025-10-26 13:53:26 [INFO] EPOCH:34, ======================CR:0.3758====================
2025-10-26 13:53:26 [INFO] 0.02588791335058798
2025-10-26 13:53:30 [INFO] EPOCH:34, ======================ACC:54.44====================
2025-10-26 13:53:30 [INFO] BEST EPOCH:29,BEST ACC:57.06
2025-10-26 13:53:51 [INFO] Epoch: 35 [12800/50000 (26%)]	 Training Loss: 0.597 ACC: 62.05 CR: 0.38 Avg R1: 3.15 Avg R2: 4.05 Avg Reward: 7.198813
2025-10-26 13:54:12 [INFO] Epoch: 35 [25600/50000 (51%)]	 Training Loss: 0.591 ACC: 61.69 CR: 0.38 Avg R1: 3.16 Avg R2: 4.06 Avg Reward: 7.223606
2025-10-26 13:54:32 [INFO] Epoch: 35 [38400/50000 (77%)]	 Training Loss: 0.594 ACC: 61.44 CR: 0.38 Avg R1: 3.17 Avg R2: 4.07 Avg Reward: 7.243178
2025-10-26 13:54:52 [INFO] EPOCH:35, ======================CR:0.37294====================
2025-10-26 13:54:52 [INFO] 0.03552873385503249
2025-10-26 13:54:56 [INFO] EPOCH:35, ======================ACC:59.28====================
2025-10-26 13:54:56 [INFO] BEST EPOCH:35,BEST ACC:59.28
2025-10-26 13:55:15 [INFO] Epoch: 36 [12800/50000 (26%)]	 Training Loss: 0.510 ACC: 63.70 CR: 0.36 Avg R1: 3.07 Avg R2: 3.99 Avg Reward: 7.058467
2025-10-26 13:55:36 [INFO] Epoch: 36 [25600/50000 (51%)]	 Training Loss: 0.515 ACC: 63.86 CR: 0.35 Avg R1: 3.02 Avg R2: 3.96 Avg Reward: 6.978084
2025-10-26 13:55:56 [INFO] Epoch: 36 [38400/50000 (77%)]	 Training Loss: 0.529 ACC: 63.12 CR: 0.35 Avg R1: 2.99 Avg R2: 3.93 Avg Reward: 6.922420
2025-10-26 13:56:17 [INFO] EPOCH:36, ======================CR:0.34622====================
2025-10-26 13:56:17 [INFO] 0.04120948017561075
2025-10-26 13:56:20 [INFO] EPOCH:36, ======================ACC:57.27====================
2025-10-26 13:56:20 [INFO] BEST EPOCH:35,BEST ACC:59.28
2025-10-26 13:56:40 [INFO] Epoch: 37 [12800/50000 (26%)]	 Training Loss: 0.545 ACC: 63.03 CR: 0.35 Avg R1: 2.89 Avg R2: 3.84 Avg Reward: 6.729000
2025-10-26 13:57:01 [INFO] Epoch: 37 [25600/50000 (51%)]	 Training Loss: 0.554 ACC: 63.03 CR: 0.36 Avg R1: 2.91 Avg R2: 3.85 Avg Reward: 6.765896
2025-10-26 13:57:22 [INFO] Epoch: 37 [38400/50000 (77%)]	 Training Loss: 0.564 ACC: 62.58 CR: 0.37 Avg R1: 2.94 Avg R2: 3.88 Avg Reward: 6.825185
2025-10-26 13:57:41 [INFO] EPOCH:37, ======================CR:0.37424====================
2025-10-26 13:57:41 [INFO] 0.04338689433588448
2025-10-26 13:57:44 [INFO] EPOCH:37, ======================ACC:54.73====================
2025-10-26 13:57:44 [INFO] BEST EPOCH:35,BEST ACC:59.28
2025-10-26 13:58:04 [INFO] Epoch: 38 [12800/50000 (26%)]	 Training Loss: 0.536 ACC: 63.62 CR: 0.37 Avg R1: 3.12 Avg R2: 4.02 Avg Reward: 7.138818
2025-10-26 13:58:24 [INFO] Epoch: 38 [25600/50000 (51%)]	 Training Loss: 0.542 ACC: 63.28 CR: 0.37 Avg R1: 3.10 Avg R2: 4.01 Avg Reward: 7.105919
2025-10-26 13:58:45 [INFO] Epoch: 38 [38400/50000 (77%)]	 Training Loss: 0.543 ACC: 63.43 CR: 0.37 Avg R1: 3.09 Avg R2: 4.00 Avg Reward: 7.086962
2025-10-26 13:59:04 [INFO] EPOCH:38, ======================CR:0.36242====================
2025-10-26 13:59:04 [INFO] 0.03756314941212022
2025-10-26 13:59:08 [INFO] EPOCH:38, ======================ACC:59.57====================
2025-10-26 13:59:08 [INFO] BEST EPOCH:38,BEST ACC:59.57
2025-10-26 13:59:29 [INFO] Epoch: 39 [12800/50000 (26%)]	 Training Loss: 0.515 ACC: 64.26 CR: 0.36 Avg R1: 3.01 Avg R2: 3.94 Avg Reward: 6.948535
2025-10-26 13:59:49 [INFO] Epoch: 39 [25600/50000 (51%)]	 Training Loss: 0.525 ACC: 63.47 CR: 0.36 Avg R1: 3.00 Avg R2: 3.92 Avg Reward: 6.921499
2025-10-26 14:00:10 [INFO] Epoch: 39 [38400/50000 (77%)]	 Training Loss: 0.535 ACC: 63.29 CR: 0.36 Avg R1: 3.00 Avg R2: 3.92 Avg Reward: 6.918551
2025-10-26 14:00:27 [INFO] EPOCH:39, ======================CR:0.36632====================
2025-10-26 14:00:27 [INFO] 0.028127042293283028
2025-10-26 14:00:31 [INFO] EPOCH:39, ======================ACC:55.53====================
2025-10-26 14:00:31 [INFO] BEST EPOCH:38,BEST ACC:59.57
2025-10-26 14:00:49 [INFO] Epoch: 40 [12800/50000 (26%)]	 Training Loss: 0.551 ACC: 64.27 CR: 0.38 Avg R1: 3.09 Avg R2: 3.98 Avg Reward: 7.076942
2025-10-26 14:01:07 [INFO] Epoch: 40 [25600/50000 (51%)]	 Training Loss: 0.565 ACC: 63.41 CR: 0.38 Avg R1: 3.13 Avg R2: 4.01 Avg Reward: 7.140466
2025-10-26 14:01:26 [INFO] Epoch: 40 [38400/50000 (77%)]	 Training Loss: 0.564 ACC: 63.25 CR: 0.38 Avg R1: 3.15 Avg R2: 4.03 Avg Reward: 7.179549
2025-10-26 14:01:43 [INFO] EPOCH:40, ======================CR:0.3821====================
2025-10-26 14:01:43 [INFO] 0.0270274151563825
2025-10-26 14:01:46 [INFO] EPOCH:40, ======================ACC:57.9====================
2025-10-26 14:01:46 [INFO] BEST EPOCH:38,BEST ACC:59.57
2025-10-26 14:02:05 [INFO] Epoch: 41 [12800/50000 (26%)]	 Training Loss: 0.522 ACC: 64.98 CR: 0.38 Avg R1: 3.18 Avg R2: 4.04 Avg Reward: 7.218541
2025-10-26 14:02:23 [INFO] Epoch: 41 [25600/50000 (51%)]	 Training Loss: 0.530 ACC: 64.76 CR: 0.37 Avg R1: 3.16 Avg R2: 4.02 Avg Reward: 7.178180
2025-10-26 14:02:42 [INFO] Epoch: 41 [38400/50000 (77%)]	 Training Loss: 0.528 ACC: 64.58 CR: 0.37 Avg R1: 3.14 Avg R2: 4.01 Avg Reward: 7.143857
2025-10-26 14:02:58 [INFO] EPOCH:41, ======================CR:0.36502====================
2025-10-26 14:02:58 [INFO] 0.029291971257519794
2025-10-26 14:03:03 [INFO] EPOCH:41, ======================ACC:58.28====================
2025-10-26 14:03:03 [INFO] BEST EPOCH:38,BEST ACC:59.57
2025-10-26 14:03:22 [INFO] Epoch: 42 [12800/50000 (26%)]	 Training Loss: 0.548 ACC: 64.22 CR: 0.37 Avg R1: 3.06 Avg R2: 3.94 Avg Reward: 7.001316
2025-10-26 14:03:43 [INFO] Epoch: 42 [25600/50000 (51%)]	 Training Loss: 0.552 ACC: 63.98 CR: 0.38 Avg R1: 3.08 Avg R2: 3.96 Avg Reward: 7.041148
2025-10-26 14:04:03 [INFO] Epoch: 42 [38400/50000 (77%)]	 Training Loss: 0.564 ACC: 63.80 CR: 0.39 Avg R1: 3.12 Avg R2: 3.99 Avg Reward: 7.109093
2025-10-26 14:04:22 [INFO] EPOCH:42, ======================CR:0.39958====================
2025-10-26 14:04:22 [INFO] 0.033966476651671844
2025-10-26 14:04:26 [INFO] EPOCH:42, ======================ACC:57.08====================
2025-10-26 14:04:26 [INFO] BEST EPOCH:38,BEST ACC:59.57
2025-10-26 14:04:45 [INFO] Epoch: 43 [12800/50000 (26%)]	 Training Loss: 0.517 ACC: 66.00 CR: 0.39 Avg R1: 3.30 Avg R2: 4.14 Avg Reward: 7.437942
2025-10-26 14:05:03 [INFO] Epoch: 43 [25600/50000 (51%)]	 Training Loss: 0.531 ACC: 65.46 CR: 0.39 Avg R1: 3.27 Avg R2: 4.13 Avg Reward: 7.402363
2025-10-26 14:05:21 [INFO] Epoch: 43 [38400/50000 (77%)]	 Training Loss: 0.536 ACC: 64.87 CR: 0.39 Avg R1: 3.26 Avg R2: 4.12 Avg Reward: 7.376256
2025-10-26 14:05:38 [INFO] EPOCH:43, ======================CR:0.38226====================
2025-10-26 14:05:38 [INFO] 0.04360517768586024
2025-10-26 14:05:42 [INFO] EPOCH:43, ======================ACC:57.12====================
2025-10-26 14:05:42 [INFO] BEST EPOCH:38,BEST ACC:59.57
2025-10-26 14:06:02 [INFO] Epoch: 44 [12800/50000 (26%)]	 Training Loss: 0.517 ACC: 65.18 CR: 0.38 Avg R1: 3.17 Avg R2: 4.02 Avg Reward: 7.189612
2025-10-26 14:06:21 [INFO] Epoch: 44 [25600/50000 (51%)]	 Training Loss: 0.525 ACC: 64.49 CR: 0.37 Avg R1: 3.15 Avg R2: 4.01 Avg Reward: 7.159845
2025-10-26 14:06:39 [INFO] Epoch: 44 [38400/50000 (77%)]	 Training Loss: 0.522 ACC: 64.85 CR: 0.37 Avg R1: 3.13 Avg R2: 4.00 Avg Reward: 7.126176
2025-10-26 14:06:57 [INFO] EPOCH:44, ======================CR:0.36638====================
2025-10-26 14:06:57 [INFO] 0.05482149305077297
2025-10-26 14:07:00 [INFO] EPOCH:44, ======================ACC:59.93====================
2025-10-26 14:07:00 [INFO] BEST EPOCH:44,BEST ACC:59.93
2025-10-26 14:07:20 [INFO] Epoch: 45 [12800/50000 (26%)]	 Training Loss: 0.524 ACC: 65.55 CR: 0.37 Avg R1: 3.08 Avg R2: 3.97 Avg Reward: 7.042729
2025-10-26 14:07:39 [INFO] Epoch: 45 [25600/50000 (51%)]	 Training Loss: 0.542 ACC: 65.38 CR: 0.38 Avg R1: 3.12 Avg R2: 4.00 Avg Reward: 7.114179
2025-10-26 14:07:59 [INFO] Epoch: 45 [38400/50000 (77%)]	 Training Loss: 0.541 ACC: 65.34 CR: 0.39 Avg R1: 3.16 Avg R2: 4.03 Avg Reward: 7.185030
2025-10-26 14:08:16 [INFO] EPOCH:45, ======================CR:0.39734====================
2025-10-26 14:08:16 [INFO] 0.04123061974484767
2025-10-26 14:08:20 [INFO] EPOCH:45, ======================ACC:59.25====================
2025-10-26 14:08:20 [INFO] BEST EPOCH:44,BEST ACC:59.93
2025-10-26 14:08:40 [INFO] Epoch: 46 [12800/50000 (26%)]	 Training Loss: 0.545 ACC: 66.02 CR: 0.40 Avg R1: 3.33 Avg R2: 4.15 Avg Reward: 7.487142
2025-10-26 14:08:59 [INFO] Epoch: 46 [25600/50000 (51%)]	 Training Loss: 0.558 ACC: 65.44 CR: 0.41 Avg R1: 3.36 Avg R2: 4.18 Avg Reward: 7.542684
2025-10-26 14:09:19 [INFO] Epoch: 46 [38400/50000 (77%)]	 Training Loss: 0.557 ACC: 65.03 CR: 0.41 Avg R1: 3.39 Avg R2: 4.19 Avg Reward: 7.578654
2025-10-26 14:09:36 [INFO] EPOCH:46, ======================CR:0.41====================
2025-10-26 14:09:36 [INFO] 0.04082640323698093
2025-10-26 14:09:40 [INFO] EPOCH:46, ======================ACC:61.62====================
2025-10-26 14:09:40 [INFO] BEST EPOCH:46,BEST ACC:61.62
2025-10-26 14:09:59 [INFO] Epoch: 47 [12800/50000 (26%)]	 Training Loss: 0.529 ACC: 66.59 CR: 0.41 Avg R1: 3.40 Avg R2: 4.21 Avg Reward: 7.610229
2025-10-26 14:10:18 [INFO] Epoch: 47 [25600/50000 (51%)]	 Training Loss: 0.536 ACC: 66.12 CR: 0.41 Avg R1: 3.39 Avg R2: 4.21 Avg Reward: 7.600784
2025-10-26 14:10:37 [INFO] Epoch: 47 [38400/50000 (77%)]	 Training Loss: 0.547 ACC: 65.71 CR: 0.41 Avg R1: 3.40 Avg R2: 4.21 Avg Reward: 7.605538
2025-10-26 14:10:55 [INFO] EPOCH:47, ======================CR:0.41508====================
2025-10-26 14:10:55 [INFO] 0.041563716165287826
2025-10-26 14:10:58 [INFO] EPOCH:47, ======================ACC:61.56====================
2025-10-26 14:10:58 [INFO] BEST EPOCH:46,BEST ACC:61.62
2025-10-26 14:11:18 [INFO] Epoch: 48 [12800/50000 (26%)]	 Training Loss: 0.541 ACC: 66.53 CR: 0.42 Avg R1: 3.49 Avg R2: 4.28 Avg Reward: 7.765682
2025-10-26 14:11:38 [INFO] Epoch: 48 [25600/50000 (51%)]	 Training Loss: 0.575 ACC: 65.78 CR: 0.44 Avg R1: 3.53 Avg R2: 4.30 Avg Reward: 7.836563
2025-10-26 14:11:58 [INFO] Epoch: 48 [38400/50000 (77%)]	 Training Loss: 0.588 ACC: 65.22 CR: 0.45 Avg R1: 3.59 Avg R2: 4.34 Avg Reward: 7.931815
2025-10-26 14:12:16 [INFO] EPOCH:48, ======================CR:0.45928====================
2025-10-26 14:12:16 [INFO] 0.0537989819614608
2025-10-26 14:12:20 [INFO] EPOCH:48, ======================ACC:59.97====================
2025-10-26 14:12:20 [INFO] BEST EPOCH:46,BEST ACC:61.62
2025-10-26 14:12:39 [INFO] Epoch: 49 [12800/50000 (26%)]	 Training Loss: 0.560 ACC: 67.12 CR: 0.46 Avg R1: 3.82 Avg R2: 4.51 Avg Reward: 8.329030
2025-10-26 14:12:58 [INFO] Epoch: 49 [25600/50000 (51%)]	 Training Loss: 0.571 ACC: 66.23 CR: 0.46 Avg R1: 3.81 Avg R2: 4.51 Avg Reward: 8.316874
2025-10-26 14:13:17 [INFO] Epoch: 49 [38400/50000 (77%)]	 Training Loss: 0.571 ACC: 66.00 CR: 0.46 Avg R1: 3.81 Avg R2: 4.51 Avg Reward: 8.312505
2025-10-26 14:13:34 [INFO] EPOCH:49, ======================CR:0.45674====================
2025-10-26 14:13:34 [INFO] 0.06146735071652154
2025-10-26 14:13:37 [INFO] EPOCH:49, ======================ACC:50.6====================
2025-10-26 14:13:37 [INFO] BEST EPOCH:46,BEST ACC:61.62
2025-10-26 14:13:55 [INFO] Epoch: 50 [12800/50000 (26%)]	 Training Loss: 0.561 ACC: 66.69 CR: 0.46 Avg R1: 3.81 Avg R2: 4.50 Avg Reward: 8.313551
2025-10-26 14:14:13 [INFO] Epoch: 50 [25600/50000 (51%)]	 Training Loss: 0.566 ACC: 66.15 CR: 0.46 Avg R1: 3.81 Avg R2: 4.50 Avg Reward: 8.312852
2025-10-26 14:14:31 [INFO] Epoch: 50 [38400/50000 (77%)]	 Training Loss: 0.568 ACC: 66.11 CR: 0.46 Avg R1: 3.81 Avg R2: 4.50 Avg Reward: 8.309764
2025-10-26 14:14:47 [INFO] EPOCH:50, ======================CR:0.46198====================
2025-10-26 14:14:47 [INFO] 0.04365023707430933
2025-10-26 14:14:50 [INFO] EPOCH:50, ======================ACC:60.41====================
2025-10-26 14:14:50 [INFO] BEST EPOCH:46,BEST ACC:61.62
2025-10-26 14:15:08 [INFO] Epoch: 51 [12800/50000 (26%)]	 Training Loss: 0.569 ACC: 67.51 CR: 0.47 Avg R1: 3.87 Avg R2: 4.54 Avg Reward: 8.406985
2025-10-26 14:15:26 [INFO] Epoch: 51 [25600/50000 (51%)]	 Training Loss: 0.576 ACC: 66.97 CR: 0.47 Avg R1: 3.90 Avg R2: 4.56 Avg Reward: 8.463010
2025-10-26 14:15:44 [INFO] Epoch: 51 [38400/50000 (77%)]	 Training Loss: 0.581 ACC: 66.41 CR: 0.48 Avg R1: 3.92 Avg R2: 4.58 Avg Reward: 8.497506
2025-10-26 14:16:02 [INFO] EPOCH:51, ======================CR:0.47684====================
2025-10-26 14:16:02 [INFO] 0.04142588861142761
2025-10-26 14:16:05 [INFO] EPOCH:51, ======================ACC:56.97====================
2025-10-26 14:16:05 [INFO] BEST EPOCH:46,BEST ACC:61.62
2025-10-26 14:16:25 [INFO] Epoch: 52 [12800/50000 (26%)]	 Training Loss: 0.544 ACC: 68.45 CR: 0.47 Avg R1: 3.97 Avg R2: 4.62 Avg Reward: 8.591594
2025-10-26 14:16:44 [INFO] Epoch: 52 [25600/50000 (51%)]	 Training Loss: 0.553 ACC: 67.84 CR: 0.48 Avg R1: 3.96 Avg R2: 4.62 Avg Reward: 8.586144
2025-10-26 14:17:05 [INFO] Epoch: 52 [38400/50000 (77%)]	 Training Loss: 0.560 ACC: 67.45 CR: 0.48 Avg R1: 3.97 Avg R2: 4.62 Avg Reward: 8.595104
2025-10-26 14:17:24 [INFO] EPOCH:52, ======================CR:0.48662====================
2025-10-26 14:17:24 [INFO] 0.037395398031957454
2025-10-26 14:17:27 [INFO] EPOCH:52, ======================ACC:59.76====================
2025-10-26 14:17:27 [INFO] BEST EPOCH:46,BEST ACC:61.62
2025-10-26 14:17:47 [INFO] Epoch: 53 [12800/50000 (26%)]	 Training Loss: 0.600 ACC: 67.71 CR: 0.50 Avg R1: 4.10 Avg R2: 4.68 Avg Reward: 8.779547
2025-10-26 14:18:06 [INFO] Epoch: 53 [25600/50000 (51%)]	 Training Loss: 0.627 ACC: 66.93 CR: 0.52 Avg R1: 4.17 Avg R2: 4.73 Avg Reward: 8.899543
2025-10-26 14:18:27 [INFO] Epoch: 53 [38400/50000 (77%)]	 Training Loss: 0.652 ACC: 66.60 CR: 0.56 Avg R1: 4.30 Avg R2: 4.82 Avg Reward: 9.111068
2025-10-26 14:18:45 [INFO] EPOCH:53, ======================CR:0.58922====================
2025-10-26 14:18:45 [INFO] 0.049489669258308736
2025-10-26 14:18:48 [INFO] EPOCH:53, ======================ACC:55.99====================
2025-10-26 14:18:48 [INFO] BEST EPOCH:46,BEST ACC:61.62
2025-10-26 14:19:09 [INFO] Epoch: 54 [12800/50000 (26%)]	 Training Loss: 0.659 ACC: 67.12 CR: 0.60 Avg R1: 4.93 Avg R2: 5.27 Avg Reward: 10.205718
2025-10-26 14:19:29 [INFO] Epoch: 54 [25600/50000 (51%)]	 Training Loss: 0.688 ACC: 66.42 CR: 0.62 Avg R1: 4.91 Avg R2: 5.32 Avg Reward: 10.229433
2025-10-26 14:19:48 [INFO] Epoch: 54 [38400/50000 (77%)]	 Training Loss: 0.703 ACC: 66.09 CR: 0.64 Avg R1: 4.81 Avg R2: 5.38 Avg Reward: 10.185999
2025-10-26 14:20:07 [INFO] EPOCH:54, ======================CR:0.66656====================
2025-10-26 14:20:07 [INFO] 0.06790866224388954
2025-10-26 14:20:10 [INFO] EPOCH:54, ======================ACC:59.64====================
2025-10-26 14:20:10 [INFO] BEST EPOCH:46,BEST ACC:61.62
2025-10-26 14:20:31 [INFO] Epoch: 55 [12800/50000 (26%)]	 Training Loss: 0.700 ACC: 67.25 CR: 0.67 Avg R1: 4.15 Avg R2: 5.73 Avg Reward: 9.874319
2025-10-26 14:20:51 [INFO] Epoch: 55 [25600/50000 (51%)]	 Training Loss: 0.705 ACC: 66.74 CR: 0.67 Avg R1: 4.15 Avg R2: 5.73 Avg Reward: 9.876797
2025-10-26 14:21:11 [INFO] Epoch: 55 [38400/50000 (77%)]	 Training Loss: 0.705 ACC: 66.54 CR: 0.67 Avg R1: 4.15 Avg R2: 5.73 Avg Reward: 9.881226
2025-10-26 14:21:29 [INFO] EPOCH:55, ======================CR:0.68112====================
2025-10-26 14:21:29 [INFO] 0.0755442829459032
2025-10-26 14:21:33 [INFO] EPOCH:55, ======================ACC:61.13====================
2025-10-26 14:21:33 [INFO] BEST EPOCH:46,BEST ACC:61.62
2025-10-26 14:21:54 [INFO] Epoch: 56 [12800/50000 (26%)]	 Training Loss: 0.768 ACC: 67.09 CR: 0.71 Avg R1: 3.83 Avg R2: 5.89 Avg Reward: 9.722067
2025-10-26 14:22:15 [INFO] Epoch: 56 [25600/50000 (51%)]	 Training Loss: 0.798 ACC: 66.84 CR: 0.74 Avg R1: 3.63 Avg R2: 5.99 Avg Reward: 9.619754
2025-10-26 14:22:37 [INFO] Epoch: 56 [38400/50000 (77%)]	 Training Loss: 0.805 ACC: 66.42 CR: 0.77 Avg R1: 3.43 Avg R2: 6.09 Avg Reward: 9.514581
2025-10-26 14:22:57 [INFO] EPOCH:56, ======================CR:0.80026====================
2025-10-26 14:22:57 [INFO] 0.0770922193851007
2025-10-26 14:23:01 [INFO] EPOCH:56, ======================ACC:59.44====================
2025-10-26 14:23:01 [INFO] BEST EPOCH:46,BEST ACC:61.62
2025-10-26 14:23:22 [INFO] Epoch: 57 [12800/50000 (26%)]	 Training Loss: 0.785 ACC: 67.80 CR: 0.80 Avg R1: 2.49 Avg R2: 6.57 Avg Reward: 9.060869
2025-10-26 14:23:44 [INFO] Epoch: 57 [25600/50000 (51%)]	 Training Loss: 0.779 ACC: 67.81 CR: 0.80 Avg R1: 2.49 Avg R2: 6.57 Avg Reward: 9.062974
2025-10-26 14:24:07 [INFO] Epoch: 57 [38400/50000 (77%)]	 Training Loss: 0.791 ACC: 67.29 CR: 0.80 Avg R1: 2.50 Avg R2: 6.57 Avg Reward: 9.065908
2025-10-26 14:24:27 [INFO] EPOCH:57, ======================CR:0.79726====================
2025-10-26 14:24:27 [INFO] 0.0792373633698003
2025-10-26 14:24:31 [INFO] EPOCH:57, ======================ACC:61.73====================
2025-10-26 14:24:31 [INFO] BEST EPOCH:57,BEST ACC:61.73
2025-10-26 14:24:53 [INFO] Epoch: 58 [12800/50000 (26%)]	 Training Loss: 0.726 ACC: 69.75 CR: 0.80 Avg R1: 2.53 Avg R2: 6.53 Avg Reward: 9.065627
2025-10-26 14:25:14 [INFO] Epoch: 58 [25600/50000 (51%)]	 Training Loss: 0.739 ACC: 69.00 CR: 0.80 Avg R1: 2.53 Avg R2: 6.53 Avg Reward: 9.060698
2025-10-26 14:25:35 [INFO] Epoch: 58 [38400/50000 (77%)]	 Training Loss: 0.745 ACC: 68.51 CR: 0.79 Avg R1: 2.54 Avg R2: 6.52 Avg Reward: 9.065548
2025-10-26 14:25:55 [INFO] EPOCH:58, ======================CR:0.78374====================
2025-10-26 14:25:55 [INFO] 0.07158014192762668
2025-10-26 14:25:58 [INFO] EPOCH:58, ======================ACC:61.02====================
2025-10-26 14:25:58 [INFO] BEST EPOCH:57,BEST ACC:61.73
2025-10-26 14:26:21 [INFO] Epoch: 59 [12800/50000 (26%)]	 Training Loss: 0.715 ACC: 68.93 CR: 0.78 Avg R1: 2.70 Avg R2: 6.42 Avg Reward: 9.114699
2025-10-26 14:26:43 [INFO] Epoch: 59 [25600/50000 (51%)]	 Training Loss: 0.732 ACC: 68.65 CR: 0.79 Avg R1: 2.69 Avg R2: 6.42 Avg Reward: 9.114146
2025-10-26 14:27:06 [INFO] Epoch: 59 [38400/50000 (77%)]	 Training Loss: 0.755 ACC: 68.25 CR: 0.80 Avg R1: 2.66 Avg R2: 6.44 Avg Reward: 9.102661
2025-10-26 14:27:26 [INFO] EPOCH:59, ======================CR:0.81154====================
2025-10-26 14:27:26 [INFO] 0.0879764358798582
2025-10-26 14:27:30 [INFO] EPOCH:59, ======================ACC:55.68====================
2025-10-26 14:27:30 [INFO] BEST EPOCH:57,BEST ACC:61.73
2025-10-26 14:27:52 [INFO] Epoch: 60 [12800/50000 (26%)]	 Training Loss: 0.766 ACC: 69.12 CR: 0.82 Avg R1: 2.27 Avg R2: 6.69 Avg Reward: 8.965312
2025-10-26 14:28:13 [INFO] Epoch: 60 [25600/50000 (51%)]	 Training Loss: 0.768 ACC: 69.00 CR: 0.83 Avg R1: 2.23 Avg R2: 6.72 Avg Reward: 8.947648
2025-10-26 14:28:36 [INFO] Epoch: 60 [38400/50000 (77%)]	 Training Loss: 0.770 ACC: 68.83 CR: 0.83 Avg R1: 2.20 Avg R2: 6.74 Avg Reward: 8.932800
2025-10-26 14:28:54 [INFO] EPOCH:60, ======================CR:0.83564====================
2025-10-26 14:28:54 [INFO] 0.09360401982715434
2025-10-26 14:28:58 [INFO] EPOCH:60, ======================ACC:56.83====================
2025-10-26 14:28:58 [INFO] BEST EPOCH:57,BEST ACC:61.73
2025-10-26 14:29:18 [INFO] Epoch: 61 [12800/50000 (26%)]	 Training Loss: 0.711 ACC: 70.61 CR: 0.83 Avg R1: 2.10 Avg R2: 6.80 Avg Reward: 8.895855
2025-10-26 14:29:38 [INFO] Epoch: 61 [25600/50000 (51%)]	 Training Loss: 0.706 ACC: 70.41 CR: 0.82 Avg R1: 2.15 Avg R2: 6.77 Avg Reward: 8.921928
2025-10-26 14:29:58 [INFO] Epoch: 61 [38400/50000 (77%)]	 Training Loss: 0.714 ACC: 70.01 CR: 0.80 Avg R1: 2.24 Avg R2: 6.73 Avg Reward: 8.961442
2025-10-26 14:30:17 [INFO] EPOCH:61, ======================CR:0.79316====================
2025-10-26 14:30:17 [INFO] 0.07073428466721375
2025-10-26 14:30:20 [INFO] EPOCH:61, ======================ACC:58.88====================
2025-10-26 14:30:20 [INFO] BEST EPOCH:57,BEST ACC:61.73
2025-10-26 14:30:40 [INFO] Epoch: 62 [12800/50000 (26%)]	 Training Loss: 0.693 ACC: 71.24 CR: 0.80 Avg R1: 2.57 Avg R2: 6.54 Avg Reward: 9.100360
2025-10-26 14:31:00 [INFO] Epoch: 62 [25600/50000 (51%)]	 Training Loss: 0.673 ACC: 70.99 CR: 0.78 Avg R1: 2.58 Avg R2: 6.53 Avg Reward: 9.103709
2025-10-26 14:31:19 [INFO] Epoch: 62 [38400/50000 (77%)]	 Training Loss: 0.652 ACC: 70.93 CR: 0.75 Avg R1: 2.68 Avg R2: 6.47 Avg Reward: 9.154776
2025-10-26 14:31:37 [INFO] EPOCH:62, ======================CR:0.72046====================
2025-10-26 14:31:37 [INFO] 0.06935345537718152
2025-10-26 14:31:41 [INFO] EPOCH:62, ======================ACC:60.76====================
2025-10-26 14:31:41 [INFO] BEST EPOCH:57,BEST ACC:61.73
2025-10-26 14:32:02 [INFO] Epoch: 63 [12800/50000 (26%)]	 Training Loss: 0.569 ACC: 72.44 CR: 0.71 Avg R1: 3.58 Avg R2: 6.01 Avg Reward: 9.584330
2025-10-26 14:32:22 [INFO] Epoch: 63 [25600/50000 (51%)]	 Training Loss: 0.566 ACC: 72.49 CR: 0.70 Avg R1: 3.66 Avg R2: 5.97 Avg Reward: 9.622470
2025-10-26 14:32:42 [INFO] Epoch: 63 [38400/50000 (77%)]	 Training Loss: 0.583 ACC: 71.98 CR: 0.69 Avg R1: 3.73 Avg R2: 5.93 Avg Reward: 9.657948
2025-10-26 14:33:01 [INFO] EPOCH:63, ======================CR:0.67946====================
2025-10-26 14:33:01 [INFO] 0.06531135530294224
2025-10-26 14:33:04 [INFO] EPOCH:63, ======================ACC:65.81====================
2025-10-26 14:33:04 [INFO] BEST EPOCH:63,BEST ACC:65.81
2025-10-26 14:33:25 [INFO] Epoch: 64 [12800/50000 (26%)]	 Training Loss: 0.551 ACC: 72.90 CR: 0.67 Avg R1: 4.05 Avg R2: 5.76 Avg Reward: 9.808295
2025-10-26 14:33:44 [INFO] Epoch: 64 [25600/50000 (51%)]	 Training Loss: 0.565 ACC: 72.36 CR: 0.67 Avg R1: 4.07 Avg R2: 5.75 Avg Reward: 9.820332
2025-10-26 14:34:05 [INFO] Epoch: 64 [38400/50000 (77%)]	 Training Loss: 0.574 ACC: 72.10 CR: 0.67 Avg R1: 4.09 Avg R2: 5.74 Avg Reward: 9.829175
2025-10-26 14:34:23 [INFO] EPOCH:64, ======================CR:0.67648====================
2025-10-26 14:34:23 [INFO] 0.0787596774268351
2025-10-26 14:34:27 [INFO] EPOCH:64, ======================ACC:64.68====================
2025-10-26 14:34:27 [INFO] BEST EPOCH:63,BEST ACC:65.81
2025-10-26 14:34:47 [INFO] Epoch: 65 [12800/50000 (26%)]	 Training Loss: 0.610 ACC: 71.99 CR: 0.69 Avg R1: 3.97 Avg R2: 5.81 Avg Reward: 9.785911
2025-10-26 14:35:07 [INFO] Epoch: 65 [25600/50000 (51%)]	 Training Loss: 0.613 ACC: 71.89 CR: 0.70 Avg R1: 3.88 Avg R2: 5.85 Avg Reward: 9.738713
2025-10-26 14:35:27 [INFO] Epoch: 65 [38400/50000 (77%)]	 Training Loss: 0.622 ACC: 71.40 CR: 0.72 Avg R1: 3.80 Avg R2: 5.90 Avg Reward: 9.695378
2025-10-26 14:35:44 [INFO] EPOCH:65, ======================CR:0.7319====================
2025-10-26 14:35:44 [INFO] 0.08632775543395299
2025-10-26 14:35:48 [INFO] EPOCH:65, ======================ACC:62.6====================
2025-10-26 14:35:48 [INFO] BEST EPOCH:63,BEST ACC:65.81
2025-10-26 14:36:08 [INFO] Epoch: 66 [12800/50000 (26%)]	 Training Loss: 0.638 ACC: 71.72 CR: 0.74 Avg R1: 3.30 Avg R2: 6.15 Avg Reward: 9.443981
2025-10-26 14:36:28 [INFO] Epoch: 66 [25600/50000 (51%)]	 Training Loss: 0.630 ACC: 72.06 CR: 0.74 Avg R1: 3.27 Avg R2: 6.16 Avg Reward: 9.430408
2025-10-26 14:36:48 [INFO] Epoch: 66 [38400/50000 (77%)]	 Training Loss: 0.637 ACC: 71.32 CR: 0.74 Avg R1: 3.27 Avg R2: 6.16 Avg Reward: 9.428605
2025-10-26 14:37:07 [INFO] EPOCH:66, ======================CR:0.74236====================
2025-10-26 14:37:07 [INFO] 0.07983969165049629
2025-10-26 14:37:10 [INFO] EPOCH:66, ======================ACC:61.51====================
2025-10-26 14:37:10 [INFO] BEST EPOCH:63,BEST ACC:65.81
2025-10-26 14:37:30 [INFO] Epoch: 67 [12800/50000 (26%)]	 Training Loss: 0.594 ACC: 73.73 CR: 0.74 Avg R1: 3.24 Avg R2: 6.19 Avg Reward: 9.424986
2025-10-26 14:37:49 [INFO] Epoch: 67 [25600/50000 (51%)]	 Training Loss: 0.613 ACC: 72.81 CR: 0.75 Avg R1: 3.22 Avg R2: 6.20 Avg Reward: 9.416156
2025-10-26 14:38:09 [INFO] Epoch: 67 [38400/50000 (77%)]	 Training Loss: 0.630 ACC: 72.17 CR: 0.75 Avg R1: 3.20 Avg R2: 6.21 Avg Reward: 9.407173
2025-10-26 14:38:27 [INFO] EPOCH:67, ======================CR:0.74576====================
2025-10-26 14:38:27 [INFO] 0.09676589770599829
2025-10-26 14:38:31 [INFO] EPOCH:67, ======================ACC:60.31====================
2025-10-26 14:38:31 [INFO] BEST EPOCH:63,BEST ACC:65.81
2025-10-26 14:38:51 [INFO] Epoch: 68 [12800/50000 (26%)]	 Training Loss: 0.576 ACC: 73.08 CR: 0.74 Avg R1: 3.24 Avg R2: 6.22 Avg Reward: 9.455900
2025-10-26 14:39:11 [INFO] Epoch: 68 [25600/50000 (51%)]	 Training Loss: 0.590 ACC: 72.30 CR: 0.72 Avg R1: 3.30 Avg R2: 6.19 Avg Reward: 9.488951
2025-10-26 14:39:32 [INFO] Epoch: 68 [38400/50000 (77%)]	 Training Loss: 0.599 ACC: 72.30 CR: 0.72 Avg R1: 3.36 Avg R2: 6.16 Avg Reward: 9.524074
2025-10-26 14:39:50 [INFO] EPOCH:68, ======================CR:0.71792====================
2025-10-26 14:39:50 [INFO] 0.10342087269559097
2025-10-26 14:39:53 [INFO] EPOCH:68, ======================ACC:61.28====================
2025-10-26 14:39:53 [INFO] BEST EPOCH:63,BEST ACC:65.81
2025-10-26 14:40:14 [INFO] Epoch: 69 [12800/50000 (26%)]	 Training Loss: 0.596 ACC: 72.85 CR: 0.72 Avg R1: 3.50 Avg R2: 6.09 Avg Reward: 9.591814
2025-10-26 14:40:34 [INFO] Epoch: 69 [25600/50000 (51%)]	 Training Loss: 0.600 ACC: 72.32 CR: 0.72 Avg R1: 3.49 Avg R2: 6.09 Avg Reward: 9.586477
2025-10-26 14:40:55 [INFO] Epoch: 69 [38400/50000 (77%)]	 Training Loss: 0.600 ACC: 72.13 CR: 0.72 Avg R1: 3.50 Avg R2: 6.09 Avg Reward: 9.589751
2025-10-26 14:41:13 [INFO] EPOCH:69, ======================CR:0.71284====================
2025-10-26 14:41:13 [INFO] 0.11050574735184696
2025-10-26 14:41:17 [INFO] EPOCH:69, ======================ACC:61.46====================
2025-10-26 14:41:17 [INFO] BEST EPOCH:63,BEST ACC:65.81
2025-10-26 14:41:36 [INFO] Epoch: 70 [12800/50000 (26%)]	 Training Loss: 0.576 ACC: 73.62 CR: 0.72 Avg R1: 3.58 Avg R2: 6.06 Avg Reward: 9.632826
2025-10-26 14:41:57 [INFO] Epoch: 70 [25600/50000 (51%)]	 Training Loss: 0.579 ACC: 73.32 CR: 0.72 Avg R1: 3.56 Avg R2: 6.06 Avg Reward: 9.623928
2025-10-26 14:42:17 [INFO] Epoch: 70 [38400/50000 (77%)]	 Training Loss: 0.580 ACC: 73.30 CR: 0.72 Avg R1: 3.55 Avg R2: 6.07 Avg Reward: 9.620528
2025-10-26 14:42:36 [INFO] EPOCH:70, ======================CR:0.72374====================
2025-10-26 14:42:36 [INFO] 0.10406182008745642
2025-10-26 14:42:39 [INFO] EPOCH:70, ======================ACC:62.57====================
2025-10-26 14:42:39 [INFO] BEST EPOCH:63,BEST ACC:65.81
2025-10-26 14:42:59 [INFO] Epoch: 71 [12800/50000 (26%)]	 Training Loss: 0.586 ACC: 73.55 CR: 0.73 Avg R1: 3.42 Avg R2: 6.13 Avg Reward: 9.553262
2025-10-26 14:43:19 [INFO] Epoch: 71 [25600/50000 (51%)]	 Training Loss: 0.587 ACC: 73.55 CR: 0.73 Avg R1: 3.38 Avg R2: 6.15 Avg Reward: 9.530635
2025-10-26 14:43:39 [INFO] Epoch: 71 [38400/50000 (77%)]	 Training Loss: 0.599 ACC: 73.05 CR: 0.74 Avg R1: 3.35 Avg R2: 6.16 Avg Reward: 9.510576
2025-10-26 14:43:59 [INFO] EPOCH:71, ======================CR:0.75182====================
2025-10-26 14:43:59 [INFO] 0.09017069549423298
2025-10-26 14:44:02 [INFO] EPOCH:71, ======================ACC:63.68====================
2025-10-26 14:44:02 [INFO] BEST EPOCH:63,BEST ACC:65.81
2025-10-26 14:44:23 [INFO] Epoch: 72 [12800/50000 (26%)]	 Training Loss: 0.568 ACC: 74.66 CR: 0.75 Avg R1: 3.09 Avg R2: 6.31 Avg Reward: 9.397690
2025-10-26 14:44:42 [INFO] Epoch: 72 [25600/50000 (51%)]	 Training Loss: 0.592 ACC: 73.57 CR: 0.75 Avg R1: 3.08 Avg R2: 6.31 Avg Reward: 9.394884
2025-10-26 14:45:02 [INFO] Epoch: 72 [38400/50000 (77%)]	 Training Loss: 0.599 ACC: 73.21 CR: 0.75 Avg R1: 3.08 Avg R2: 6.31 Avg Reward: 9.397066
2025-10-26 14:45:21 [INFO] EPOCH:72, ======================CR:0.74746====================
2025-10-26 14:45:21 [INFO] 0.11400177572417707
2025-10-26 14:45:25 [INFO] EPOCH:72, ======================ACC:62.7====================
2025-10-26 14:45:25 [INFO] BEST EPOCH:63,BEST ACC:65.81
2025-10-26 14:45:48 [INFO] Epoch: 73 [12800/50000 (26%)]	 Training Loss: 0.569 ACC: 74.02 CR: 0.75 Avg R1: 3.15 Avg R2: 6.30 Avg Reward: 9.447336
2025-10-26 14:46:09 [INFO] Epoch: 73 [25600/50000 (51%)]	 Training Loss: 0.579 ACC: 73.92 CR: 0.75 Avg R1: 3.13 Avg R2: 6.31 Avg Reward: 9.439125
2025-10-26 14:46:29 [INFO] Epoch: 73 [38400/50000 (77%)]	 Training Loss: 0.585 ACC: 73.72 CR: 0.75 Avg R1: 3.13 Avg R2: 6.31 Avg Reward: 9.435758
2025-10-26 14:46:47 [INFO] EPOCH:73, ======================CR:0.75318====================
2025-10-26 14:46:47 [INFO] 0.09415013936436611
2025-10-26 14:46:50 [INFO] EPOCH:73, ======================ACC:64.27====================
2025-10-26 14:46:50 [INFO] BEST EPOCH:63,BEST ACC:65.81
2025-10-26 14:47:11 [INFO] Epoch: 74 [12800/50000 (26%)]	 Training Loss: 0.574 ACC: 74.52 CR: 0.75 Avg R1: 3.09 Avg R2: 6.34 Avg Reward: 9.427070
2025-10-26 14:47:27 [INFO] Epoch: 74 [25600/50000 (51%)]	 Training Loss: 0.568 ACC: 74.27 CR: 0.75 Avg R1: 3.11 Avg R2: 6.33 Avg Reward: 9.439019
2025-10-26 14:47:42 [INFO] Epoch: 74 [38400/50000 (77%)]	 Training Loss: 0.571 ACC: 73.95 CR: 0.74 Avg R1: 3.14 Avg R2: 6.31 Avg Reward: 9.451323
2025-10-26 14:47:56 [INFO] EPOCH:74, ======================CR:0.73792====================
2025-10-26 14:47:56 [INFO] 0.10130356249397951
2025-10-26 14:47:59 [INFO] EPOCH:74, ======================ACC:65.75====================
2025-10-26 14:47:59 [INFO] BEST EPOCH:63,BEST ACC:65.81
2025-10-26 14:48:15 [INFO] Epoch: 75 [12800/50000 (26%)]	 Training Loss: 0.550 ACC: 74.52 CR: 0.73 Avg R1: 3.32 Avg R2: 6.24 Avg Reward: 9.554299
2025-10-26 14:48:30 [INFO] Epoch: 75 [25600/50000 (51%)]	 Training Loss: 0.548 ACC: 74.32 CR: 0.72 Avg R1: 3.36 Avg R2: 6.22 Avg Reward: 9.573936
2025-10-26 14:48:46 [INFO] Epoch: 75 [38400/50000 (77%)]	 Training Loss: 0.547 ACC: 74.13 CR: 0.71 Avg R1: 3.43 Avg R2: 6.18 Avg Reward: 9.607710
2025-10-26 14:49:00 [INFO] EPOCH:75, ======================CR:0.69082====================
2025-10-26 14:49:00 [INFO] 0.08449515975237412
2025-10-26 14:49:03 [INFO] EPOCH:75, ======================ACC:64.63====================
2025-10-26 14:49:03 [INFO] BEST EPOCH:63,BEST ACC:65.81
2025-10-26 14:49:18 [INFO] Epoch: 76 [12800/50000 (26%)]	 Training Loss: 0.490 ACC: 75.86 CR: 0.68 Avg R1: 3.92 Avg R2: 5.94 Avg Reward: 9.854113
2025-10-26 14:49:33 [INFO] Epoch: 76 [25600/50000 (51%)]	 Training Loss: 0.477 ACC: 75.88 CR: 0.66 Avg R1: 4.02 Avg R2: 5.89 Avg Reward: 9.909812
2025-10-26 14:49:49 [INFO] Epoch: 76 [38400/50000 (77%)]	 Training Loss: 0.470 ACC: 75.74 CR: 0.63 Avg R1: 4.16 Avg R2: 5.82 Avg Reward: 9.982033
2025-10-26 14:50:03 [INFO] EPOCH:76, ======================CR:0.59634====================
2025-10-26 14:50:03 [INFO] 0.06008956471369845
2025-10-26 14:50:06 [INFO] EPOCH:76, ======================ACC:65.0====================
2025-10-26 14:50:06 [INFO] BEST EPOCH:63,BEST ACC:65.81
2025-10-26 14:50:21 [INFO] Epoch: 77 [12800/50000 (26%)]	 Training Loss: 0.412 ACC: 77.39 CR: 0.58 Avg R1: 4.90 Avg R2: 5.33 Avg Reward: 10.239164
2025-10-26 14:50:36 [INFO] Epoch: 77 [25600/50000 (51%)]	 Training Loss: 0.422 ACC: 77.20 CR: 0.58 Avg R1: 4.87 Avg R2: 5.31 Avg Reward: 10.178552
2025-10-26 14:50:49 [INFO] Epoch: 77 [38400/50000 (77%)]	 Training Loss: 0.431 ACC: 76.74 CR: 0.57 Avg R1: 4.84 Avg R2: 5.29 Avg Reward: 10.134134
2025-10-26 14:51:02 [INFO] EPOCH:77, ======================CR:0.57154====================
2025-10-26 14:51:02 [INFO] 0.07833433318588487
2025-10-26 14:51:04 [INFO] EPOCH:77, ======================ACC:63.48====================
2025-10-26 14:51:04 [INFO] BEST EPOCH:76,BEST ACC:65.81
2025-10-26 14:51:18 [INFO] Epoch: 78 [12800/50000 (26%)]	 Training Loss: 0.460 ACC: 76.41 CR: 0.58 Avg R1: 4.80 Avg R2: 5.26 Avg Reward: 10.064148
2025-10-26 14:51:31 [INFO] Epoch: 78 [25600/50000 (51%)]	 Training Loss: 0.465 ACC: 76.29 CR: 0.59 Avg R1: 4.85 Avg R2: 5.29 Avg Reward: 10.143221
2025-10-26 14:51:43 [INFO] Epoch: 78 [38400/50000 (77%)]	 Training Loss: 0.481 ACC: 75.65 CR: 0.61 Avg R1: 4.88 Avg R2: 5.33 Avg Reward: 10.213329
2025-10-26 14:51:55 [INFO] EPOCH:78, ======================CR:0.62736====================
2025-10-26 14:51:55 [INFO] 0.08987866014289243
2025-10-26 14:51:58 [INFO] EPOCH:78, ======================ACC:63.43====================
2025-10-26 14:51:58 [INFO] BEST EPOCH:76,BEST ACC:65.81
2025-10-26 14:52:10 [INFO] Epoch: 79 [12800/50000 (26%)]	 Training Loss: 0.483 ACC: 75.73 CR: 0.63 Avg R1: 4.65 Avg R2: 5.59 Avg Reward: 10.243040
2025-10-26 14:52:22 [INFO] Epoch: 79 [25600/50000 (51%)]	 Training Loss: 0.478 ACC: 75.98 CR: 0.63 Avg R1: 4.66 Avg R2: 5.59 Avg Reward: 10.252241
2025-10-26 14:52:34 [INFO] Epoch: 79 [38400/50000 (77%)]	 Training Loss: 0.477 ACC: 76.04 CR: 0.62 Avg R1: 4.67 Avg R2: 5.59 Avg Reward: 10.256217
2025-10-26 14:52:48 [INFO] EPOCH:79, ======================CR:0.62228====================
2025-10-26 14:52:48 [INFO] 0.06729681080679611
2025-10-26 14:52:51 [INFO] EPOCH:79, ======================ACC:64.5====================
2025-10-26 14:52:51 [INFO] BEST EPOCH:76,BEST ACC:65.81
2025-10-26 14:53:07 [INFO] Epoch: 80 [12800/50000 (26%)]	 Training Loss: 0.453 ACC: 76.63 CR: 0.62 Avg R1: 4.73 Avg R2: 5.56 Avg Reward: 10.290590
2025-10-26 14:53:24 [INFO] Epoch: 80 [25600/50000 (51%)]	 Training Loss: 0.460 ACC: 76.42 CR: 0.62 Avg R1: 4.74 Avg R2: 5.55 Avg Reward: 10.291091
2025-10-26 14:53:45 [INFO] Epoch: 80 [38400/50000 (77%)]	 Training Loss: 0.473 ACC: 75.85 CR: 0.63 Avg R1: 4.73 Avg R2: 5.55 Avg Reward: 10.286966
2025-10-26 14:54:04 [INFO] EPOCH:80, ======================CR:0.629====================
2025-10-26 14:54:04 [INFO] 0.06210387762832215
2025-10-26 14:54:07 [INFO] EPOCH:80, ======================ACC:62.28====================
2025-10-26 14:54:07 [INFO] BEST EPOCH:76,BEST ACC:65.81
2025-10-26 14:54:27 [INFO] Epoch: 81 [12800/50000 (26%)]	 Training Loss: 0.472 ACC: 76.05 CR: 0.63 Avg R1: 4.62 Avg R2: 5.62 Avg Reward: 10.232959
2025-10-26 14:54:47 [INFO] Epoch: 81 [25600/50000 (51%)]	 Training Loss: 0.467 ACC: 76.26 CR: 0.63 Avg R1: 4.62 Avg R2: 5.61 Avg Reward: 10.236798
2025-10-26 14:55:08 [INFO] Epoch: 81 [38400/50000 (77%)]	 Training Loss: 0.474 ACC: 75.85 CR: 0.62 Avg R1: 4.64 Avg R2: 5.61 Avg Reward: 10.246990
2025-10-26 14:55:29 [INFO] EPOCH:81, ======================CR:0.61902====================
2025-10-26 14:55:29 [INFO] 0.05957295134015887
2025-10-26 14:55:32 [INFO] EPOCH:81, ======================ACC:66.14====================
2025-10-26 14:55:32 [INFO] BEST EPOCH:81,BEST ACC:66.14
2025-10-26 14:55:54 [INFO] Epoch: 82 [12800/50000 (26%)]	 Training Loss: 0.448 ACC: 76.95 CR: 0.62 Avg R1: 4.78 Avg R2: 5.55 Avg Reward: 10.325545
2025-10-26 14:56:15 [INFO] Epoch: 82 [25600/50000 (51%)]	 Training Loss: 0.452 ACC: 76.74 CR: 0.62 Avg R1: 4.77 Avg R2: 5.55 Avg Reward: 10.323786
2025-10-26 14:56:37 [INFO] Epoch: 82 [38400/50000 (77%)]	 Training Loss: 0.470 ACC: 76.16 CR: 0.63 Avg R1: 4.74 Avg R2: 5.57 Avg Reward: 10.310669
2025-10-26 14:56:56 [INFO] EPOCH:82, ======================CR:0.62836====================
2025-10-26 14:56:56 [INFO] 0.06315486592308027
2025-10-26 14:57:00 [INFO] EPOCH:82, ======================ACC:65.88====================
2025-10-26 14:57:00 [INFO] BEST EPOCH:81,BEST ACC:66.14
2025-10-26 14:57:23 [INFO] Epoch: 83 [12800/50000 (26%)]	 Training Loss: 0.440 ACC: 76.82 CR: 0.63 Avg R1: 4.65 Avg R2: 5.63 Avg Reward: 10.279151
2025-10-26 14:57:46 [INFO] Epoch: 83 [25600/50000 (51%)]	 Training Loss: 0.451 ACC: 76.86 CR: 0.63 Avg R1: 4.64 Avg R2: 5.63 Avg Reward: 10.263271
2025-10-26 14:58:08 [INFO] Epoch: 83 [38400/50000 (77%)]	 Training Loss: 0.463 ACC: 76.39 CR: 0.63 Avg R1: 4.63 Avg R2: 5.63 Avg Reward: 10.258749
2025-10-26 14:58:27 [INFO] EPOCH:83, ======================CR:0.63564====================
2025-10-26 14:58:27 [INFO] 0.054157369599539776
2025-10-26 14:58:31 [INFO] EPOCH:83, ======================ACC:65.17====================
2025-10-26 14:58:31 [INFO] BEST EPOCH:81,BEST ACC:66.14
2025-10-26 14:58:53 [INFO] Epoch: 84 [12800/50000 (26%)]	 Training Loss: 0.510 ACC: 75.65 CR: 0.65 Avg R1: 4.47 Avg R2: 5.71 Avg Reward: 10.179779
2025-10-26 14:59:15 [INFO] Epoch: 84 [25600/50000 (51%)]	 Training Loss: 0.518 ACC: 75.68 CR: 0.67 Avg R1: 4.35 Avg R2: 5.77 Avg Reward: 10.117715
2025-10-26 14:59:37 [INFO] Epoch: 84 [38400/50000 (77%)]	 Training Loss: 0.529 ACC: 75.23 CR: 0.69 Avg R1: 4.21 Avg R2: 5.83 Avg Reward: 10.047857
2025-10-26 14:59:56 [INFO] EPOCH:84, ======================CR:0.71046====================
2025-10-26 14:59:56 [INFO] 0.07759028688572604
2025-10-26 15:00:00 [INFO] EPOCH:84, ======================ACC:62.64====================
2025-10-26 15:00:00 [INFO] BEST EPOCH:81,BEST ACC:66.14
2025-10-26 15:00:23 [INFO] Epoch: 85 [12800/50000 (26%)]	 Training Loss: 0.499 ACC: 76.72 CR: 0.71 Avg R1: 3.63 Avg R2: 6.14 Avg Reward: 9.773512
2025-10-26 15:00:45 [INFO] Epoch: 85 [25600/50000 (51%)]	 Training Loss: 0.513 ACC: 76.24 CR: 0.71 Avg R1: 3.62 Avg R2: 6.15 Avg Reward: 9.772241
2025-10-26 15:01:06 [INFO] Epoch: 85 [38400/50000 (77%)]	 Training Loss: 0.528 ACC: 75.67 CR: 0.72 Avg R1: 3.59 Avg R2: 6.17 Avg Reward: 9.756746
2025-10-26 15:01:26 [INFO] EPOCH:85, ======================CR:0.73922====================
2025-10-26 15:01:26 [INFO] 0.07880244924238486
2025-10-26 15:01:29 [INFO] EPOCH:85, ======================ACC:62.22====================
2025-10-26 15:01:29 [INFO] BEST EPOCH:81,BEST ACC:66.14
2025-10-26 15:01:52 [INFO] Epoch: 86 [12800/50000 (26%)]	 Training Loss: 0.560 ACC: 74.84 CR: 0.74 Avg R1: 3.22 Avg R2: 6.37 Avg Reward: 9.585707
2025-10-26 15:02:13 [INFO] Epoch: 86 [25600/50000 (51%)]	 Training Loss: 0.545 ACC: 75.64 CR: 0.75 Avg R1: 3.19 Avg R2: 6.38 Avg Reward: 9.574108
2025-10-26 15:02:36 [INFO] Epoch: 86 [38400/50000 (77%)]	 Training Loss: 0.545 ACC: 75.58 CR: 0.75 Avg R1: 3.17 Avg R2: 6.39 Avg Reward: 9.565394
2025-10-26 15:02:56 [INFO] EPOCH:86, ======================CR:0.7547====================
2025-10-26 15:02:56 [INFO] 0.09373710112843898
2025-10-26 15:03:00 [INFO] EPOCH:86, ======================ACC:65.83====================
2025-10-26 15:03:00 [INFO] BEST EPOCH:81,BEST ACC:66.14
2025-10-26 15:03:22 [INFO] Epoch: 87 [12800/50000 (26%)]	 Training Loss: 0.539 ACC: 76.42 CR: 0.76 Avg R1: 3.03 Avg R2: 6.48 Avg Reward: 9.508510
2025-10-26 15:03:43 [INFO] Epoch: 87 [25600/50000 (51%)]	 Training Loss: 0.536 ACC: 76.46 CR: 0.76 Avg R1: 3.02 Avg R2: 6.48 Avg Reward: 9.500937
2025-10-26 15:04:04 [INFO] Epoch: 87 [38400/50000 (77%)]	 Training Loss: 0.533 ACC: 76.33 CR: 0.75 Avg R1: 3.03 Avg R2: 6.48 Avg Reward: 9.506043
2025-10-26 15:04:25 [INFO] EPOCH:87, ======================CR:0.743====================
2025-10-26 15:04:25 [INFO] 0.09270843919135835
2025-10-26 15:04:28 [INFO] EPOCH:87, ======================ACC:61.14====================
2025-10-26 15:04:28 [INFO] BEST EPOCH:81,BEST ACC:66.14
2025-10-26 15:04:50 [INFO] Epoch: 88 [12800/50000 (26%)]	 Training Loss: 0.442 ACC: 78.56 CR: 0.72 Avg R1: 3.33 Avg R2: 6.36 Avg Reward: 9.683100
2025-10-26 15:05:12 [INFO] Epoch: 88 [25600/50000 (51%)]	 Training Loss: 0.447 ACC: 78.07 CR: 0.70 Avg R1: 3.47 Avg R2: 6.28 Avg Reward: 9.755149
2025-10-26 15:05:35 [INFO] Epoch: 88 [38400/50000 (77%)]	 Training Loss: 0.455 ACC: 77.67 CR: 0.68 Avg R1: 3.61 Avg R2: 6.21 Avg Reward: 9.824810
2025-10-26 15:05:55 [INFO] EPOCH:88, ======================CR:0.66156====================
2025-10-26 15:05:55 [INFO] 0.0686495618587845
2025-10-26 15:05:59 [INFO] EPOCH:88, ======================ACC:66.6====================
2025-10-26 15:05:59 [INFO] BEST EPOCH:88,BEST ACC:66.6
2025-10-26 15:06:20 [INFO] Epoch: 89 [12800/50000 (26%)]	 Training Loss: 0.465 ACC: 77.61 CR: 0.67 Avg R1: 4.20 Avg R2: 5.89 Avg Reward: 10.088090
2025-10-26 15:06:41 [INFO] Epoch: 89 [25600/50000 (51%)]	 Training Loss: 0.449 ACC: 77.49 CR: 0.66 Avg R1: 4.22 Avg R2: 5.88 Avg Reward: 10.100726
2025-10-26 15:07:01 [INFO] Epoch: 89 [38400/50000 (77%)]	 Training Loss: 0.444 ACC: 77.47 CR: 0.65 Avg R1: 4.26 Avg R2: 5.86 Avg Reward: 10.121317
2025-10-26 15:07:19 [INFO] EPOCH:89, ======================CR:0.63746====================
2025-10-26 15:07:19 [INFO] 0.052139447353093234
2025-10-26 15:07:24 [INFO] EPOCH:89, ======================ACC:65.5====================
2025-10-26 15:07:24 [INFO] BEST EPOCH:88,BEST ACC:66.6
2025-10-26 15:07:44 [INFO] Epoch: 90 [12800/50000 (26%)]	 Training Loss: 0.380 ACC: 80.45 CR: 0.63 Avg R1: 4.59 Avg R2: 5.69 Avg Reward: 10.283840
2025-10-26 15:08:04 [INFO] Epoch: 90 [25600/50000 (51%)]	 Training Loss: 0.386 ACC: 80.04 CR: 0.62 Avg R1: 4.64 Avg R2: 5.67 Avg Reward: 10.307714
2025-10-26 15:08:25 [INFO] Epoch: 90 [38400/50000 (77%)]	 Training Loss: 0.393 ACC: 79.56 CR: 0.61 Avg R1: 4.69 Avg R2: 5.64 Avg Reward: 10.328995
2025-10-26 15:08:43 [INFO] EPOCH:90, ======================CR:0.59678====================
2025-10-26 15:08:43 [INFO] 0.036734001176166195
2025-10-26 15:08:47 [INFO] EPOCH:90, ======================ACC:66.32====================
2025-10-26 15:08:47 [INFO] BEST EPOCH:88,BEST ACC:66.6
2025-10-26 15:09:07 [INFO] Epoch: 91 [12800/50000 (26%)]	 Training Loss: 0.371 ACC: 79.71 CR: 0.59 Avg R1: 4.93 Avg R2: 5.42 Avg Reward: 10.353602
2025-10-26 15:09:28 [INFO] Epoch: 91 [25600/50000 (51%)]	 Training Loss: 0.372 ACC: 79.72 CR: 0.58 Avg R1: 4.90 Avg R2: 5.40 Avg Reward: 10.297913
2025-10-26 15:09:49 [INFO] Epoch: 91 [38400/50000 (77%)]	 Training Loss: 0.383 ACC: 79.29 CR: 0.58 Avg R1: 4.87 Avg R2: 5.38 Avg Reward: 10.254676
2025-10-26 15:10:08 [INFO] EPOCH:91, ======================CR:0.57554====================
2025-10-26 15:10:08 [INFO] 0.03747986818927896
2025-10-26 15:10:11 [INFO] EPOCH:91, ======================ACC:67.35====================
2025-10-26 15:10:11 [INFO] BEST EPOCH:91,BEST ACC:67.35
2025-10-26 15:10:31 [INFO] Epoch: 92 [12800/50000 (26%)]	 Training Loss: 0.379 ACC: 79.98 CR: 0.58 Avg R1: 4.82 Avg R2: 5.35 Avg Reward: 10.161124
2025-10-26 15:10:53 [INFO] Epoch: 92 [25600/50000 (51%)]	 Training Loss: 0.385 ACC: 79.78 CR: 0.59 Avg R1: 4.85 Avg R2: 5.37 Avg Reward: 10.219361
2025-10-26 15:11:13 [INFO] Epoch: 92 [38400/50000 (77%)]	 Training Loss: 0.393 ACC: 79.38 CR: 0.60 Avg R1: 4.88 Avg R2: 5.39 Avg Reward: 10.269956
2025-10-26 15:11:31 [INFO] EPOCH:92, ======================CR:0.60322====================
2025-10-26 15:11:31 [INFO] 0.043485226269561306
2025-10-26 15:11:35 [INFO] EPOCH:92, ======================ACC:67.31====================
2025-10-26 15:11:35 [INFO] BEST EPOCH:91,BEST ACC:67.35
2025-10-26 15:11:55 [INFO] Epoch: 93 [12800/50000 (26%)]	 Training Loss: 0.394 ACC: 80.09 CR: 0.61 Avg R1: 4.94 Avg R2: 5.51 Avg Reward: 10.448909
2025-10-26 15:12:16 [INFO] Epoch: 93 [25600/50000 (51%)]	 Training Loss: 0.396 ACC: 79.70 CR: 0.62 Avg R1: 4.90 Avg R2: 5.53 Avg Reward: 10.425880
2025-10-26 15:12:36 [INFO] Epoch: 93 [38400/50000 (77%)]	 Training Loss: 0.412 ACC: 79.03 CR: 0.62 Avg R1: 4.85 Avg R2: 5.55 Avg Reward: 10.402065
2025-10-26 15:12:55 [INFO] EPOCH:93, ======================CR:0.63226====================
2025-10-26 15:12:55 [INFO] 0.06337973191645208
2025-10-26 15:12:59 [INFO] EPOCH:93, ======================ACC:65.17====================
2025-10-26 15:12:59 [INFO] BEST EPOCH:92,BEST ACC:67.35
2025-10-26 15:13:18 [INFO] Epoch: 94 [12800/50000 (26%)]	 Training Loss: 0.416 ACC: 79.34 CR: 0.64 Avg R1: 4.55 Avg R2: 5.71 Avg Reward: 10.267522
2025-10-26 15:13:38 [INFO] Epoch: 94 [25600/50000 (51%)]	 Training Loss: 0.422 ACC: 78.82 CR: 0.64 Avg R1: 4.52 Avg R2: 5.73 Avg Reward: 10.253004
2025-10-26 15:13:59 [INFO] Epoch: 94 [38400/50000 (77%)]	 Training Loss: 0.425 ACC: 78.68 CR: 0.65 Avg R1: 4.49 Avg R2: 5.74 Avg Reward: 10.239499
2025-10-26 15:14:18 [INFO] EPOCH:94, ======================CR:0.65448====================
2025-10-26 15:14:18 [INFO] 0.06301411791772212
2025-10-26 15:14:21 [INFO] EPOCH:94, ======================ACC:67.52====================
2025-10-26 15:14:21 [INFO] BEST EPOCH:94,BEST ACC:67.52
2025-10-26 15:14:42 [INFO] Epoch: 95 [12800/50000 (26%)]	 Training Loss: 0.409 ACC: 79.63 CR: 0.66 Avg R1: 4.30 Avg R2: 5.86 Avg Reward: 10.167674
2025-10-26 15:15:03 [INFO] Epoch: 95 [25600/50000 (51%)]	 Training Loss: 0.425 ACC: 78.98 CR: 0.66 Avg R1: 4.29 Avg R2: 5.87 Avg Reward: 10.159719
2025-10-26 15:15:23 [INFO] Epoch: 95 [38400/50000 (77%)]	 Training Loss: 0.425 ACC: 78.79 CR: 0.66 Avg R1: 4.29 Avg R2: 5.87 Avg Reward: 10.156612
2025-10-26 15:15:43 [INFO] EPOCH:95, ======================CR:0.65558====================
2025-10-26 15:15:43 [INFO] 0.055858674637252775
2025-10-26 15:15:46 [INFO] EPOCH:95, ======================ACC:64.13====================
2025-10-26 15:15:46 [INFO] BEST EPOCH:94,BEST ACC:67.52
2025-10-26 15:16:06 [INFO] Epoch: 96 [12800/50000 (26%)]	 Training Loss: 0.403 ACC: 79.34 CR: 0.65 Avg R1: 4.33 Avg R2: 5.84 Avg Reward: 10.169007
2025-10-26 15:16:27 [INFO] Epoch: 96 [25600/50000 (51%)]	 Training Loss: 0.394 ACC: 79.87 CR: 0.64 Avg R1: 4.37 Avg R2: 5.82 Avg Reward: 10.192162
2025-10-26 15:16:47 [INFO] Epoch: 96 [38400/50000 (77%)]	 Training Loss: 0.399 ACC: 79.54 CR: 0.64 Avg R1: 4.41 Avg R2: 5.81 Avg Reward: 10.213482
2025-10-26 15:17:05 [INFO] EPOCH:96, ======================CR:0.62762====================
2025-10-26 15:17:05 [INFO] 0.05168263642030865
2025-10-26 15:17:09 [INFO] EPOCH:96, ======================ACC:66.0====================
2025-10-26 15:17:09 [INFO] BEST EPOCH:94,BEST ACC:67.52
2025-10-26 15:17:28 [INFO] Epoch: 97 [12800/50000 (26%)]	 Training Loss: 0.374 ACC: 80.72 CR: 0.62 Avg R1: 4.68 Avg R2: 5.67 Avg Reward: 10.356233
2025-10-26 15:17:49 [INFO] Epoch: 97 [25600/50000 (51%)]	 Training Loss: 0.382 ACC: 80.50 CR: 0.63 Avg R1: 4.69 Avg R2: 5.67 Avg Reward: 10.359149
2025-10-26 15:18:08 [INFO] Epoch: 97 [38400/50000 (77%)]	 Training Loss: 0.393 ACC: 79.92 CR: 0.63 Avg R1: 4.68 Avg R2: 5.67 Avg Reward: 10.357149
2025-10-26 15:18:27 [INFO] EPOCH:97, ======================CR:0.62732====================
2025-10-26 15:18:27 [INFO] 0.050635491044701816
2025-10-26 15:18:31 [INFO] EPOCH:97, ======================ACC:68.08====================
2025-10-26 15:18:31 [INFO] BEST EPOCH:97,BEST ACC:68.08
2025-10-26 15:18:51 [INFO] Epoch: 98 [12800/50000 (26%)]	 Training Loss: 0.374 ACC: 80.73 CR: 0.63 Avg R1: 4.66 Avg R2: 5.68 Avg Reward: 10.336930
2025-10-26 15:19:10 [INFO] Epoch: 98 [25600/50000 (51%)]	 Training Loss: 0.385 ACC: 79.97 CR: 0.63 Avg R1: 4.67 Avg R2: 5.67 Avg Reward: 10.342392
2025-10-26 15:19:29 [INFO] Epoch: 98 [38400/50000 (77%)]	 Training Loss: 0.393 ACC: 79.85 CR: 0.63 Avg R1: 4.66 Avg R2: 5.67 Avg Reward: 10.333792
2025-10-26 15:19:48 [INFO] EPOCH:98, ======================CR:0.635====================
2025-10-26 15:19:48 [INFO] 0.04426568458519521
2025-10-26 15:19:51 [INFO] EPOCH:98, ======================ACC:67.27====================
2025-10-26 15:19:51 [INFO] BEST EPOCH:97,BEST ACC:68.08
2025-10-26 15:20:11 [INFO] Epoch: 99 [12800/50000 (26%)]	 Training Loss: 0.410 ACC: 79.92 CR: 0.65 Avg R1: 4.50 Avg R2: 5.75 Avg Reward: 10.252206
2025-10-26 15:20:32 [INFO] Epoch: 99 [25600/50000 (51%)]	 Training Loss: 0.427 ACC: 79.71 CR: 0.67 Avg R1: 4.39 Avg R2: 5.81 Avg Reward: 10.192863
2025-10-26 15:20:52 [INFO] Epoch: 99 [38400/50000 (77%)]	 Training Loss: 0.442 ACC: 79.41 CR: 0.70 Avg R1: 4.22 Avg R2: 5.89 Avg Reward: 10.111249
2025-10-26 15:21:10 [INFO] EPOCH:99, ======================CR:0.73186====================
2025-10-26 15:21:10 [INFO] 0.06360607490441611
2025-10-26 15:21:14 [INFO] EPOCH:99, ======================ACC:67.62====================
2025-10-26 15:21:14 [INFO] BEST EPOCH:97,BEST ACC:68.08
2025-10-26 15:21:34 [INFO] Epoch: 100 [12800/50000 (26%)]	 Training Loss: 0.503 ACC: 79.04 CR: 0.76 Avg R1: 3.21 Avg R2: 6.45 Avg Reward: 9.666310
2025-10-26 15:21:55 [INFO] Epoch: 100 [25600/50000 (51%)]	 Training Loss: 0.505 ACC: 79.09 CR: 0.78 Avg R1: 3.05 Avg R2: 6.54 Avg Reward: 9.593265
2025-10-26 15:22:15 [INFO] Epoch: 100 [38400/50000 (77%)]	 Training Loss: 0.522 ACC: 78.36 CR: 0.81 Avg R1: 2.89 Avg R2: 6.63 Avg Reward: 9.515860
2025-10-26 15:22:33 [INFO] EPOCH:100, ======================CR:0.84214====================
2025-10-26 15:22:33 [INFO] 0.08070855046950948
2025-10-26 15:22:36 [INFO] EPOCH:100, ======================ACC:65.52====================
2025-10-26 15:22:36 [INFO] BEST EPOCH:97,BEST ACC:68.08
2025-10-26 15:22:56 [INFO] Epoch: 101 [12800/50000 (26%)]	 Training Loss: 0.519 ACC: 78.28 CR: 0.84 Avg R1: 1.96 Avg R2: 7.22 Avg Reward: 9.175405
2025-10-26 15:23:15 [INFO] Epoch: 101 [25600/50000 (51%)]	 Training Loss: 0.503 ACC: 78.65 CR: 0.83 Avg R1: 2.00 Avg R2: 7.19 Avg Reward: 9.191319
2025-10-26 15:23:35 [INFO] Epoch: 101 [38400/50000 (77%)]	 Training Loss: 0.495 ACC: 78.77 CR: 0.82 Avg R1: 2.06 Avg R2: 7.15 Avg Reward: 9.216617
2025-10-26 15:23:54 [INFO] EPOCH:101, ======================CR:0.8074====================
2025-10-26 15:23:54 [INFO] 0.0636025291844586
2025-10-26 15:23:57 [INFO] EPOCH:101, ======================ACC:65.85====================
2025-10-26 15:23:57 [INFO] BEST EPOCH:97,BEST ACC:68.08
2025-10-26 15:24:17 [INFO] Epoch: 102 [12800/50000 (26%)]	 Training Loss: 0.443 ACC: 80.22 CR: 0.80 Avg R1: 2.45 Avg R2: 6.91 Avg Reward: 9.359224
2025-10-26 15:24:37 [INFO] Epoch: 102 [25600/50000 (51%)]	 Training Loss: 0.435 ACC: 80.57 CR: 0.79 Avg R1: 2.52 Avg R2: 6.87 Avg Reward: 9.384194
2025-10-26 15:24:57 [INFO] Epoch: 102 [38400/50000 (77%)]	 Training Loss: 0.440 ACC: 80.15 CR: 0.77 Avg R1: 2.61 Avg R2: 6.81 Avg Reward: 9.425113
2025-10-26 15:25:16 [INFO] EPOCH:102, ======================CR:0.7481====================
2025-10-26 15:25:16 [INFO] 0.057328470355525456
2025-10-26 15:25:19 [INFO] EPOCH:102, ======================ACC:67.4====================
2025-10-26 15:25:19 [INFO] BEST EPOCH:97,BEST ACC:68.08
2025-10-26 15:25:40 [INFO] Epoch: 103 [12800/50000 (26%)]	 Training Loss: 0.400 ACC: 81.38 CR: 0.74 Avg R1: 3.18 Avg R2: 6.48 Avg Reward: 9.667370
2025-10-26 15:26:01 [INFO] Epoch: 103 [25600/50000 (51%)]	 Training Loss: 0.397 ACC: 81.59 CR: 0.74 Avg R1: 3.22 Avg R2: 6.46 Avg Reward: 9.684439
2025-10-26 15:26:21 [INFO] Epoch: 103 [38400/50000 (77%)]	 Training Loss: 0.399 ACC: 81.42 CR: 0.73 Avg R1: 3.27 Avg R2: 6.44 Avg Reward: 9.705962
2025-10-26 15:26:38 [INFO] EPOCH:103, ======================CR:0.71834====================
2025-10-26 15:26:38 [INFO] 0.062272041013567266
2025-10-26 15:26:43 [INFO] EPOCH:103, ======================ACC:69.18====================
2025-10-26 15:26:43 [INFO] BEST EPOCH:103,BEST ACC:69.18
2025-10-26 15:27:03 [INFO] Epoch: 104 [12800/50000 (26%)]	 Training Loss: 0.384 ACC: 82.31 CR: 0.72 Avg R1: 3.50 Avg R2: 6.32 Avg Reward: 9.828682
2025-10-26 15:27:22 [INFO] Epoch: 104 [25600/50000 (51%)]	 Training Loss: 0.379 ACC: 82.24 CR: 0.72 Avg R1: 3.48 Avg R2: 6.33 Avg Reward: 9.816013
2025-10-26 15:27:42 [INFO] Epoch: 104 [38400/50000 (77%)]	 Training Loss: 0.385 ACC: 81.98 CR: 0.72 Avg R1: 3.48 Avg R2: 6.33 Avg Reward: 9.814871
2025-10-26 15:28:01 [INFO] EPOCH:104, ======================CR:0.7261====================
2025-10-26 15:28:01 [INFO] 0.057116086905212395
2025-10-26 15:28:04 [INFO] EPOCH:104, ======================ACC:68.59====================
2025-10-26 15:28:04 [INFO] BEST EPOCH:103,BEST ACC:69.18
2025-10-26 15:28:23 [INFO] Epoch: 105 [12800/50000 (26%)]	 Training Loss: 0.391 ACC: 82.03 CR: 0.74 Avg R1: 3.36 Avg R2: 6.38 Avg Reward: 9.741398
2025-10-26 15:28:44 [INFO] Epoch: 105 [25600/50000 (51%)]	 Training Loss: 0.397 ACC: 81.95 CR: 0.75 Avg R1: 3.30 Avg R2: 6.42 Avg Reward: 9.715386
2025-10-26 15:29:06 [INFO] Epoch: 105 [38400/50000 (77%)]	 Training Loss: 0.409 ACC: 81.55 CR: 0.76 Avg R1: 3.23 Avg R2: 6.45 Avg Reward: 9.687635
2025-10-26 15:29:25 [INFO] EPOCH:105, ======================CR:0.76094====================
2025-10-26 15:29:25 [INFO] 0.06369430908611949
2025-10-26 15:29:28 [INFO] EPOCH:105, ======================ACC:67.54====================
2025-10-26 15:29:28 [INFO] BEST EPOCH:103,BEST ACC:69.18
2025-10-26 15:29:48 [INFO] Epoch: 106 [12800/50000 (26%)]	 Training Loss: 0.382 ACC: 82.05 CR: 0.75 Avg R1: 3.03 Avg R2: 6.60 Avg Reward: 9.622573
2025-10-26 15:30:10 [INFO] Epoch: 106 [25600/50000 (51%)]	 Training Loss: 0.376 ACC: 82.32 CR: 0.74 Avg R1: 3.08 Avg R2: 6.57 Avg Reward: 9.644678
2025-10-26 15:30:30 [INFO] Epoch: 106 [38400/50000 (77%)]	 Training Loss: 0.377 ACC: 82.13 CR: 0.73 Avg R1: 3.15 Avg R2: 6.53 Avg Reward: 9.675735
2025-10-26 15:30:49 [INFO] EPOCH:106, ======================CR:0.72536====================
2025-10-26 15:30:49 [INFO] 0.08199676888248734
2025-10-26 15:30:54 [INFO] EPOCH:106, ======================ACC:68.2====================
2025-10-26 15:30:54 [INFO] BEST EPOCH:103,BEST ACC:69.18
2025-10-26 15:31:17 [INFO] Epoch: 107 [12800/50000 (26%)]	 Training Loss: 0.373 ACC: 82.88 CR: 0.73 Avg R1: 3.42 Avg R2: 6.38 Avg Reward: 9.797804
2025-10-26 15:31:40 [INFO] Epoch: 107 [25600/50000 (51%)]	 Training Loss: 0.371 ACC: 82.78 CR: 0.73 Avg R1: 3.40 Avg R2: 6.39 Avg Reward: 9.785030
2025-10-26 15:32:03 [INFO] Epoch: 107 [38400/50000 (77%)]	 Training Loss: 0.381 ACC: 82.40 CR: 0.73 Avg R1: 3.38 Avg R2: 6.40 Avg Reward: 9.774841
2025-10-26 15:32:26 [INFO] EPOCH:107, ======================CR:0.73542====================
2025-10-26 15:32:26 [INFO] 0.09252405463492508
2025-10-26 15:32:30 [INFO] EPOCH:107, ======================ACC:67.97====================
2025-10-26 15:32:30 [INFO] BEST EPOCH:103,BEST ACC:69.18
2025-10-26 15:32:54 [INFO] Epoch: 108 [12800/50000 (26%)]	 Training Loss: 0.352 ACC: 83.64 CR: 0.73 Avg R1: 3.32 Avg R2: 6.45 Avg Reward: 9.765011
2025-10-26 15:33:18 [INFO] Epoch: 108 [25600/50000 (51%)]	 Training Loss: 0.359 ACC: 83.36 CR: 0.73 Avg R1: 3.34 Avg R2: 6.44 Avg Reward: 9.778278
2025-10-26 15:33:42 [INFO] Epoch: 108 [38400/50000 (77%)]	 Training Loss: 0.364 ACC: 82.97 CR: 0.73 Avg R1: 3.36 Avg R2: 6.43 Avg Reward: 9.784740
2025-10-26 15:34:03 [INFO] EPOCH:108, ======================CR:0.72124====================
2025-10-26 15:34:03 [INFO] 0.08160561705973153
2025-10-26 15:34:07 [INFO] EPOCH:108, ======================ACC:64.37====================
2025-10-26 15:34:07 [INFO] BEST EPOCH:103,BEST ACC:69.18
2025-10-26 15:34:30 [INFO] Epoch: 109 [12800/50000 (26%)]	 Training Loss: 0.364 ACC: 84.03 CR: 0.74 Avg R1: 3.39 Avg R2: 6.42 Avg Reward: 9.809747
2025-10-26 15:34:54 [INFO] Epoch: 109 [25600/50000 (51%)]	 Training Loss: 0.378 ACC: 83.51 CR: 0.75 Avg R1: 3.30 Avg R2: 6.47 Avg Reward: 9.767304
2025-10-26 15:35:19 [INFO] Epoch: 109 [38400/50000 (77%)]	 Training Loss: 0.384 ACC: 83.06 CR: 0.76 Avg R1: 3.21 Avg R2: 6.52 Avg Reward: 9.725289
2025-10-26 15:35:41 [INFO] EPOCH:109, ======================CR:0.76864====================
2025-10-26 15:35:41 [INFO] 0.08881696902409267
2025-10-26 15:35:45 [INFO] EPOCH:109, ======================ACC:66.8====================
2025-10-26 15:35:45 [INFO] BEST EPOCH:103,BEST ACC:69.18
2025-10-26 15:36:08 [INFO] Epoch: 110 [12800/50000 (26%)]	 Training Loss: 0.359 ACC: 83.48 CR: 0.76 Avg R1: 2.93 Avg R2: 6.68 Avg Reward: 9.610145
2025-10-26 15:36:31 [INFO] Epoch: 110 [25600/50000 (51%)]	 Training Loss: 0.360 ACC: 83.32 CR: 0.75 Avg R1: 2.97 Avg R2: 6.66 Avg Reward: 9.626885
2025-10-26 15:36:54 [INFO] Epoch: 110 [38400/50000 (77%)]	 Training Loss: 0.363 ACC: 82.94 CR: 0.74 Avg R1: 3.04 Avg R2: 6.61 Avg Reward: 9.657347
2025-10-26 15:37:15 [INFO] EPOCH:110, ======================CR:0.72782====================
2025-10-26 15:37:15 [INFO] 0.07894432224668328
2025-10-26 15:37:19 [INFO] EPOCH:110, ======================ACC:67.53====================
2025-10-26 15:37:19 [INFO] BEST EPOCH:103,BEST ACC:69.18
2025-10-26 15:37:43 [INFO] Epoch: 111 [12800/50000 (26%)]	 Training Loss: 0.335 ACC: 84.78 CR: 0.73 Avg R1: 3.39 Avg R2: 6.43 Avg Reward: 9.817149
2025-10-26 15:38:07 [INFO] Epoch: 111 [25600/50000 (51%)]	 Training Loss: 0.339 ACC: 84.35 CR: 0.73 Avg R1: 3.38 Avg R2: 6.43 Avg Reward: 9.810982
2025-10-26 15:38:30 [INFO] Epoch: 111 [38400/50000 (77%)]	 Training Loss: 0.343 ACC: 83.87 CR: 0.71 Avg R1: 3.42 Avg R2: 6.41 Avg Reward: 9.831591
2025-10-26 15:38:52 [INFO] EPOCH:111, ======================CR:0.6921====================
2025-10-26 15:38:52 [INFO] 0.07671815592749748
2025-10-26 15:38:57 [INFO] EPOCH:111, ======================ACC:70.57====================
2025-10-26 15:38:57 [INFO] BEST EPOCH:111,BEST ACC:70.57
2025-10-26 15:39:21 [INFO] Epoch: 112 [12800/50000 (26%)]	 Training Loss: 0.274 ACC: 85.82 CR: 0.68 Avg R1: 3.95 Avg R2: 6.11 Avg Reward: 10.061816
2025-10-26 15:39:47 [INFO] Epoch: 112 [25600/50000 (51%)]	 Training Loss: 0.277 ACC: 85.53 CR: 0.65 Avg R1: 4.06 Avg R2: 6.06 Avg Reward: 10.120278
2025-10-26 15:40:17 [INFO] Epoch: 112 [38400/50000 (77%)]	 Training Loss: 0.284 ACC: 85.21 CR: 0.63 Avg R1: 4.20 Avg R2: 5.99 Avg Reward: 10.185789
2025-10-26 15:40:47 [INFO] EPOCH:112, ======================CR:0.6139====================
2025-10-26 15:40:47 [INFO] 0.042109502511243284
2025-10-26 15:40:52 [INFO] EPOCH:112, ======================ACC:68.74====================
2025-10-26 15:40:52 [INFO] BEST EPOCH:111,BEST ACC:70.57
2025-10-26 15:41:23 [INFO] Epoch: 113 [12800/50000 (26%)]	 Training Loss: 0.291 ACC: 85.39 CR: 0.62 Avg R1: 4.80 Avg R2: 5.66 Avg Reward: 10.460321
2025-10-26 15:41:53 [INFO] Epoch: 113 [25600/50000 (51%)]	 Training Loss: 0.283 ACC: 85.72 CR: 0.62 Avg R1: 4.77 Avg R2: 5.67 Avg Reward: 10.445472
2025-10-26 15:42:24 [INFO] Epoch: 113 [38400/50000 (77%)]	 Training Loss: 0.281 ACC: 85.57 CR: 0.62 Avg R1: 4.76 Avg R2: 5.68 Avg Reward: 10.439326
2025-10-26 15:42:53 [INFO] EPOCH:113, ======================CR:0.6198====================
2025-10-26 15:42:53 [INFO] 0.04433197976121198
2025-10-26 15:42:57 [INFO] EPOCH:113, ======================ACC:69.73====================
2025-10-26 15:42:57 [INFO] BEST EPOCH:111,BEST ACC:70.57
2025-10-26 15:43:24 [INFO] Epoch: 114 [12800/50000 (26%)]	 Training Loss: 0.263 ACC: 86.58 CR: 0.62 Avg R1: 4.75 Avg R2: 5.66 Avg Reward: 10.410974
2025-10-26 15:43:51 [INFO] Epoch: 114 [25600/50000 (51%)]	 Training Loss: 0.270 ACC: 86.20 CR: 0.62 Avg R1: 4.75 Avg R2: 5.66 Avg Reward: 10.406893
2025-10-26 15:44:17 [INFO] Epoch: 114 [38400/50000 (77%)]	 Training Loss: 0.270 ACC: 86.10 CR: 0.62 Avg R1: 4.75 Avg R2: 5.66 Avg Reward: 10.408003
2025-10-26 15:44:41 [INFO] EPOCH:114, ======================CR:0.6132====================
2025-10-26 15:44:41 [INFO] 0.04410676173461642
2025-10-26 15:44:45 [INFO] EPOCH:114, ======================ACC:68.06====================
2025-10-26 15:44:45 [INFO] BEST EPOCH:111,BEST ACC:70.57
2025-10-26 15:45:07 [INFO] Epoch: 115 [12800/50000 (26%)]	 Training Loss: 0.259 ACC: 86.33 CR: 0.61 Avg R1: 4.87 Avg R2: 5.60 Avg Reward: 10.465688
2025-10-26 15:45:32 [INFO] Epoch: 115 [25600/50000 (51%)]	 Training Loss: 0.258 ACC: 86.43 CR: 0.60 Avg R1: 4.90 Avg R2: 5.59 Avg Reward: 10.488369
2025-10-26 15:45:59 [INFO] Epoch: 115 [38400/50000 (77%)]	 Training Loss: 0.261 ACC: 86.28 CR: 0.60 Avg R1: 4.93 Avg R2: 5.57 Avg Reward: 10.502786
2025-10-26 15:46:23 [INFO] EPOCH:115, ======================CR:0.59668====================
2025-10-26 15:46:23 [INFO] 0.041628865482348607
2025-10-26 15:46:27 [INFO] EPOCH:115, ======================ACC:68.44====================
2025-10-26 15:46:27 [INFO] BEST EPOCH:111,BEST ACC:70.57
2025-10-26 15:46:53 [INFO] Epoch: 116 [12800/50000 (26%)]	 Training Loss: 0.268 ACC: 86.21 CR: 0.60 Avg R1: 4.99 Avg R2: 5.52 Avg Reward: 10.505521
2025-10-26 15:47:20 [INFO] Epoch: 116 [25600/50000 (51%)]	 Training Loss: 0.264 ACC: 86.54 CR: 0.60 Avg R1: 4.98 Avg R2: 5.53 Avg Reward: 10.509707
2025-10-26 15:47:46 [INFO] Epoch: 116 [38400/50000 (77%)]	 Training Loss: 0.265 ACC: 86.40 CR: 0.61 Avg R1: 4.97 Avg R2: 5.54 Avg Reward: 10.506646
2025-10-26 15:48:11 [INFO] EPOCH:116, ======================CR:0.61522====================
2025-10-26 15:48:11 [INFO] 0.05603120477828185
2025-10-26 15:48:15 [INFO] EPOCH:116, ======================ACC:70.64====================
2025-10-26 15:48:15 [INFO] BEST EPOCH:116,BEST ACC:70.64
2025-10-26 15:48:41 [INFO] Epoch: 117 [12800/50000 (26%)]	 Training Loss: 0.259 ACC: 86.86 CR: 0.62 Avg R1: 4.79 Avg R2: 5.65 Avg Reward: 10.432141
2025-10-26 15:49:08 [INFO] Epoch: 117 [25600/50000 (51%)]	 Training Loss: 0.265 ACC: 86.46 CR: 0.62 Avg R1: 4.77 Avg R2: 5.65 Avg Reward: 10.425832
2025-10-26 15:49:30 [INFO] Epoch: 117 [38400/50000 (77%)]	 Training Loss: 0.271 ACC: 86.27 CR: 0.63 Avg R1: 4.75 Avg R2: 5.66 Avg Reward: 10.416708
2025-10-26 15:49:50 [INFO] EPOCH:117, ======================CR:0.63====================
2025-10-26 15:49:50 [INFO] 0.05579286853821564
2025-10-26 15:49:54 [INFO] EPOCH:117, ======================ACC:68.54====================
2025-10-26 15:49:54 [INFO] BEST EPOCH:116,BEST ACC:70.64
2025-10-26 15:50:21 [INFO] Epoch: 118 [12800/50000 (26%)]	 Training Loss: 0.282 ACC: 85.64 CR: 0.63 Avg R1: 4.64 Avg R2: 5.73 Avg Reward: 10.365091
2025-10-26 15:50:46 [INFO] Epoch: 118 [25600/50000 (51%)]	 Training Loss: 0.279 ACC: 86.02 CR: 0.64 Avg R1: 4.62 Avg R2: 5.73 Avg Reward: 10.351284
2025-10-26 15:51:13 [INFO] Epoch: 118 [38400/50000 (77%)]	 Training Loss: 0.281 ACC: 85.91 CR: 0.64 Avg R1: 4.59 Avg R2: 5.75 Avg Reward: 10.332264
2025-10-26 15:51:36 [INFO] EPOCH:118, ======================CR:0.65038====================
2025-10-26 15:51:36 [INFO] 0.058329714834513754
2025-10-26 15:51:41 [INFO] EPOCH:118, ======================ACC:70.23====================
2025-10-26 15:51:41 [INFO] BEST EPOCH:116,BEST ACC:70.64
2025-10-26 15:52:06 [INFO] Epoch: 119 [12800/50000 (26%)]	 Training Loss: 0.262 ACC: 87.01 CR: 0.65 Avg R1: 4.37 Avg R2: 5.84 Avg Reward: 10.208259
2025-10-26 15:52:33 [INFO] Epoch: 119 [25600/50000 (51%)]	 Training Loss: 0.257 ACC: 87.11 CR: 0.65 Avg R1: 4.38 Avg R2: 5.83 Avg Reward: 10.209861
2025-10-26 15:53:00 [INFO] Epoch: 119 [38400/50000 (77%)]	 Training Loss: 0.261 ACC: 86.80 CR: 0.64 Avg R1: 4.41 Avg R2: 5.82 Avg Reward: 10.224695
2025-10-26 15:53:25 [INFO] EPOCH:119, ======================CR:0.62602====================
2025-10-26 15:53:25 [INFO] 0.056810893139886284
2025-10-26 15:53:30 [INFO] EPOCH:119, ======================ACC:70.51====================
2025-10-26 15:53:30 [INFO] BEST EPOCH:116,BEST ACC:70.64
2025-10-26 15:53:50 [INFO] Epoch: 120 [12800/50000 (26%)]	 Training Loss: 0.244 ACC: 87.13 CR: 0.62 Avg R1: 4.73 Avg R2: 5.67 Avg Reward: 10.406180
2025-10-26 15:54:14 [INFO] Epoch: 120 [25600/50000 (51%)]	 Training Loss: 0.240 ACC: 87.28 CR: 0.61 Avg R1: 4.79 Avg R2: 5.65 Avg Reward: 10.434254
2025-10-26 15:54:40 [INFO] Epoch: 120 [38400/50000 (77%)]	 Training Loss: 0.241 ACC: 87.08 CR: 0.60 Avg R1: 4.85 Avg R2: 5.62 Avg Reward: 10.467474
2025-10-26 15:55:03 [INFO] EPOCH:120, ======================CR:0.5962====================
2025-10-26 15:55:03 [INFO] 0.04143251803417627
2025-10-26 15:55:06 [INFO] EPOCH:120, ======================ACC:68.92====================
2025-10-26 15:55:06 [INFO] BEST EPOCH:116,BEST ACC:70.64
2025-10-26 15:55:34 [INFO] Epoch: 121 [12800/50000 (26%)]	 Training Loss: 0.246 ACC: 87.69 CR: 0.60 Avg R1: 4.99 Avg R2: 5.51 Avg Reward: 10.501993
2025-10-26 15:56:01 [INFO] Epoch: 121 [25600/50000 (51%)]	 Training Loss: 0.245 ACC: 87.53 CR: 0.61 Avg R1: 4.98 Avg R2: 5.52 Avg Reward: 10.500676
2025-10-26 15:56:27 [INFO] Epoch: 121 [38400/50000 (77%)]	 Training Loss: 0.249 ACC: 87.26 CR: 0.61 Avg R1: 4.95 Avg R2: 5.54 Avg Reward: 10.485912
2025-10-26 15:56:51 [INFO] EPOCH:121, ======================CR:0.61564====================
2025-10-26 15:56:51 [INFO] 0.049541559382902285
2025-10-26 15:56:55 [INFO] EPOCH:121, ======================ACC:70.84====================
2025-10-26 15:56:55 [INFO] BEST EPOCH:121,BEST ACC:70.84
2025-10-26 15:57:21 [INFO] Epoch: 122 [12800/50000 (26%)]	 Training Loss: 0.227 ACC: 88.44 CR: 0.61 Avg R1: 4.83 Avg R2: 5.58 Avg Reward: 10.412972
2025-10-26 15:57:45 [INFO] Epoch: 122 [25600/50000 (51%)]	 Training Loss: 0.228 ACC: 88.22 CR: 0.61 Avg R1: 4.85 Avg R2: 5.58 Avg Reward: 10.426437
2025-10-26 15:58:04 [INFO] Epoch: 122 [38400/50000 (77%)]	 Training Loss: 0.236 ACC: 87.88 CR: 0.62 Avg R1: 4.85 Avg R2: 5.58 Avg Reward: 10.425635
2025-10-26 15:58:29 [INFO] EPOCH:122, ======================CR:0.61744====================
2025-10-26 15:58:29 [INFO] 0.0450276810711405
2025-10-26 15:58:33 [INFO] EPOCH:122, ======================ACC:68.44====================
2025-10-26 15:58:33 [INFO] BEST EPOCH:121,BEST ACC:70.84
2025-10-26 15:58:58 [INFO] Epoch: 123 [12800/50000 (26%)]	 Training Loss: 0.245 ACC: 87.73 CR: 0.62 Avg R1: 4.75 Avg R2: 5.62 Avg Reward: 10.377267
2025-10-26 15:59:25 [INFO] Epoch: 123 [25600/50000 (51%)]	 Training Loss: 0.240 ACC: 87.84 CR: 0.62 Avg R1: 4.77 Avg R2: 5.62 Avg Reward: 10.382841
2025-10-26 15:59:52 [INFO] Epoch: 123 [38400/50000 (77%)]	 Training Loss: 0.241 ACC: 87.70 CR: 0.62 Avg R1: 4.77 Avg R2: 5.61 Avg Reward: 10.385664
2025-10-26 16:00:15 [INFO] EPOCH:123, ======================CR:0.61648====================
2025-10-26 16:00:15 [INFO] 0.05543668242985825
2025-10-26 16:00:19 [INFO] EPOCH:123, ======================ACC:70.9====================
2025-10-26 16:00:19 [INFO] BEST EPOCH:123,BEST ACC:70.9
2025-10-26 16:00:45 [INFO] Epoch: 124 [12800/50000 (26%)]	 Training Loss: 0.234 ACC: 88.02 CR: 0.62 Avg R1: 4.78 Avg R2: 5.62 Avg Reward: 10.396610
2025-10-26 16:01:10 [INFO] Epoch: 124 [25600/50000 (51%)]	 Training Loss: 0.235 ACC: 88.04 CR: 0.62 Avg R1: 4.75 Avg R2: 5.63 Avg Reward: 10.381136
2025-10-26 16:01:37 [INFO] Epoch: 124 [38400/50000 (77%)]	 Training Loss: 0.234 ACC: 88.05 CR: 0.63 Avg R1: 4.73 Avg R2: 5.64 Avg Reward: 10.371016
2025-10-26 16:02:02 [INFO] EPOCH:124, ======================CR:0.6275====================
2025-10-26 16:02:02 [INFO] 0.04928677767660256
2025-10-26 16:02:06 [INFO] EPOCH:124, ======================ACC:69.14====================
2025-10-26 16:02:06 [INFO] BEST EPOCH:123,BEST ACC:70.9
2025-10-26 16:02:26 [INFO] Epoch: 125 [12800/50000 (26%)]	 Training Loss: 0.225 ACC: 88.74 CR: 0.62 Avg R1: 4.67 Avg R2: 5.66 Avg Reward: 10.331641
2025-10-26 16:02:46 [INFO] Epoch: 125 [25600/50000 (51%)]	 Training Loss: 0.228 ACC: 88.33 CR: 0.62 Avg R1: 4.68 Avg R2: 5.66 Avg Reward: 10.341480
2025-10-26 16:03:06 [INFO] Epoch: 125 [38400/50000 (77%)]	 Training Loss: 0.226 ACC: 88.40 CR: 0.62 Avg R1: 4.70 Avg R2: 5.65 Avg Reward: 10.348202
2025-10-26 16:03:23 [INFO] EPOCH:125, ======================CR:0.6116====================
2025-10-26 16:03:23 [INFO] 0.03694776315055191
2025-10-26 16:03:26 [INFO] EPOCH:125, ======================ACC:70.69====================
2025-10-26 16:03:26 [INFO] BEST EPOCH:123,BEST ACC:70.9
2025-10-26 16:03:45 [INFO] Epoch: 126 [12800/50000 (26%)]	 Training Loss: 0.199 ACC: 89.39 CR: 0.60 Avg R1: 4.90 Avg R2: 5.53 Avg Reward: 10.429604
2025-10-26 16:04:05 [INFO] Epoch: 126 [25600/50000 (51%)]	 Training Loss: 0.198 ACC: 89.46 CR: 0.59 Avg R1: 4.94 Avg R2: 5.50 Avg Reward: 10.437078
2025-10-26 16:04:25 [INFO] Epoch: 126 [38400/50000 (77%)]	 Training Loss: 0.204 ACC: 89.12 CR: 0.59 Avg R1: 4.93 Avg R2: 5.47 Avg Reward: 10.403810
2025-10-26 16:04:42 [INFO] EPOCH:126, ======================CR:0.57832====================
2025-10-26 16:04:42 [INFO] 0.03687769801728171
2025-10-26 16:04:46 [INFO] EPOCH:126, ======================ACC:70.32====================
2025-10-26 16:04:46 [INFO] BEST EPOCH:123,BEST ACC:70.9
2025-10-26 16:05:07 [INFO] Epoch: 127 [12800/50000 (26%)]	 Training Loss: 0.199 ACC: 89.42 CR: 0.58 Avg R1: 4.82 Avg R2: 5.33 Avg Reward: 10.154112
2025-10-26 16:05:26 [INFO] Epoch: 127 [25600/50000 (51%)]	 Training Loss: 0.201 ACC: 89.28 CR: 0.58 Avg R1: 4.83 Avg R2: 5.33 Avg Reward: 10.164733
2025-10-26 16:05:47 [INFO] Epoch: 127 [38400/50000 (77%)]	 Training Loss: 0.206 ACC: 89.05 CR: 0.58 Avg R1: 4.84 Avg R2: 5.34 Avg Reward: 10.175847
2025-10-26 16:06:06 [INFO] EPOCH:127, ======================CR:0.58392====================
2025-10-26 16:06:06 [INFO] 0.03313679355278915
2025-10-26 16:06:09 [INFO] EPOCH:127, ======================ACC:70.77====================
2025-10-26 16:06:09 [INFO] BEST EPOCH:123,BEST ACC:70.9
2025-10-26 16:06:30 [INFO] Epoch: 128 [12800/50000 (26%)]	 Training Loss: 0.201 ACC: 89.48 CR: 0.58 Avg R1: 4.87 Avg R2: 5.34 Avg Reward: 10.209354
2025-10-26 16:06:49 [INFO] Epoch: 128 [25600/50000 (51%)]	 Training Loss: 0.204 ACC: 89.37 CR: 0.58 Avg R1: 4.87 Avg R2: 5.33 Avg Reward: 10.208158
2025-10-26 16:07:11 [INFO] Epoch: 128 [38400/50000 (77%)]	 Training Loss: 0.205 ACC: 89.27 CR: 0.58 Avg R1: 4.87 Avg R2: 5.33 Avg Reward: 10.207938
2025-10-26 16:07:29 [INFO] EPOCH:128, ======================CR:0.58658====================
2025-10-26 16:07:29 [INFO] 0.028652231367455122
2025-10-26 16:07:32 [INFO] EPOCH:128, ======================ACC:71.12====================
2025-10-26 16:07:32 [INFO] BEST EPOCH:128,BEST ACC:71.12
2025-10-26 16:07:53 [INFO] Epoch: 129 [12800/50000 (26%)]	 Training Loss: 0.196 ACC: 90.03 CR: 0.59 Avg R1: 4.91 Avg R2: 5.37 Avg Reward: 10.281493
2025-10-26 16:08:13 [INFO] Epoch: 129 [25600/50000 (51%)]	 Training Loss: 0.202 ACC: 89.52 CR: 0.59 Avg R1: 4.92 Avg R2: 5.38 Avg Reward: 10.303768
2025-10-26 16:08:33 [INFO] Epoch: 129 [38400/50000 (77%)]	 Training Loss: 0.205 ACC: 89.15 CR: 0.59 Avg R1: 4.93 Avg R2: 5.38 Avg Reward: 10.314684
2025-10-26 16:08:51 [INFO] EPOCH:129, ======================CR:0.59698====================
2025-10-26 16:08:51 [INFO] 0.028919959924887877
2025-10-26 16:08:55 [INFO] EPOCH:129, ======================ACC:71.54====================
2025-10-26 16:08:55 [INFO] BEST EPOCH:129,BEST ACC:71.54
2025-10-26 16:09:15 [INFO] Epoch: 130 [12800/50000 (26%)]	 Training Loss: 0.186 ACC: 90.59 CR: 0.59 Avg R1: 4.97 Avg R2: 5.42 Avg Reward: 10.385004
2025-10-26 16:09:37 [INFO] Epoch: 130 [25600/50000 (51%)]	 Training Loss: 0.189 ACC: 90.25 CR: 0.60 Avg R1: 4.97 Avg R2: 5.42 Avg Reward: 10.387393
2025-10-26 16:09:57 [INFO] Epoch: 130 [38400/50000 (77%)]	 Training Loss: 0.194 ACC: 89.85 CR: 0.60 Avg R1: 4.97 Avg R2: 5.42 Avg Reward: 10.392837
2025-10-26 16:10:16 [INFO] EPOCH:130, ======================CR:0.60494====================
2025-10-26 16:10:16 [INFO] 0.03928687876737601
2025-10-26 16:10:19 [INFO] EPOCH:130, ======================ACC:71.02====================
2025-10-26 16:10:19 [INFO] BEST EPOCH:129,BEST ACC:71.54
2025-10-26 16:10:41 [INFO] Epoch: 131 [12800/50000 (26%)]	 Training Loss: 0.201 ACC: 90.12 CR: 0.62 Avg R1: 4.87 Avg R2: 5.47 Avg Reward: 10.342124
2025-10-26 16:11:02 [INFO] Epoch: 131 [25600/50000 (51%)]	 Training Loss: 0.210 ACC: 89.57 CR: 0.63 Avg R1: 4.79 Avg R2: 5.51 Avg Reward: 10.301201
2025-10-26 16:11:24 [INFO] Epoch: 131 [38400/50000 (77%)]	 Training Loss: 0.217 ACC: 89.38 CR: 0.64 Avg R1: 4.72 Avg R2: 5.55 Avg Reward: 10.263823
2025-10-26 16:11:44 [INFO] EPOCH:131, ======================CR:0.65072====================
2025-10-26 16:11:44 [INFO] 0.056229937097856106
2025-10-26 16:11:48 [INFO] EPOCH:131, ======================ACC:70.6====================
2025-10-26 16:11:48 [INFO] BEST EPOCH:129,BEST ACC:71.54
2025-10-26 16:12:11 [INFO] Epoch: 132 [12800/50000 (26%)]	 Training Loss: 0.209 ACC: 89.80 CR: 0.65 Avg R1: 4.35 Avg R2: 5.75 Avg Reward: 10.101500
2025-10-26 16:12:35 [INFO] Epoch: 132 [25600/50000 (51%)]	 Training Loss: 0.200 ACC: 90.16 CR: 0.65 Avg R1: 4.36 Avg R2: 5.74 Avg Reward: 10.102071
2025-10-26 16:12:59 [INFO] Epoch: 132 [38400/50000 (77%)]	 Training Loss: 0.202 ACC: 90.09 CR: 0.65 Avg R1: 4.37 Avg R2: 5.74 Avg Reward: 10.108801
2025-10-26 16:13:20 [INFO] EPOCH:132, ======================CR:0.64432====================
2025-10-26 16:13:20 [INFO] 0.056213043328056024
2025-10-26 16:13:24 [INFO] EPOCH:132, ======================ACC:71.14====================
2025-10-26 16:13:24 [INFO] BEST EPOCH:129,BEST ACC:71.54
2025-10-26 16:13:45 [INFO] Epoch: 133 [12800/50000 (26%)]	 Training Loss: 0.192 ACC: 90.38 CR: 0.64 Avg R1: 4.46 Avg R2: 5.69 Avg Reward: 10.146579
2025-10-26 16:14:05 [INFO] Epoch: 133 [25600/50000 (51%)]	 Training Loss: 0.195 ACC: 90.43 CR: 0.64 Avg R1: 4.47 Avg R2: 5.69 Avg Reward: 10.154035
2025-10-26 16:14:26 [INFO] Epoch: 133 [38400/50000 (77%)]	 Training Loss: 0.199 ACC: 90.18 CR: 0.64 Avg R1: 4.48 Avg R2: 5.68 Avg Reward: 10.160756
2025-10-26 16:14:45 [INFO] EPOCH:133, ======================CR:0.6362====================
2025-10-26 16:14:45 [INFO] 0.05014993439141286
2025-10-26 16:14:49 [INFO] EPOCH:133, ======================ACC:72.49====================
2025-10-26 16:14:49 [INFO] BEST EPOCH:133,BEST ACC:72.49
2025-10-26 16:15:12 [INFO] Epoch: 134 [12800/50000 (26%)]	 Training Loss: 0.193 ACC: 90.26 CR: 0.63 Avg R1: 4.56 Avg R2: 5.64 Avg Reward: 10.198095
2025-10-26 16:15:38 [INFO] Epoch: 134 [25600/50000 (51%)]	 Training Loss: 0.185 ACC: 90.55 CR: 0.63 Avg R1: 4.58 Avg R2: 5.63 Avg Reward: 10.208903
2025-10-26 16:16:03 [INFO] Epoch: 134 [38400/50000 (77%)]	 Training Loss: 0.184 ACC: 90.54 CR: 0.62 Avg R1: 4.63 Avg R2: 5.61 Avg Reward: 10.237292
2025-10-26 16:16:27 [INFO] EPOCH:134, ======================CR:0.6069====================
2025-10-26 16:16:27 [INFO] 0.032054557229318124
2025-10-26 16:16:30 [INFO] EPOCH:134, ======================ACC:71.86====================
2025-10-26 16:16:30 [INFO] BEST EPOCH:133,BEST ACC:72.49
2025-10-26 16:16:56 [INFO] Epoch: 135 [12800/50000 (26%)]	 Training Loss: 0.168 ACC: 91.48 CR: 0.60 Avg R1: 4.94 Avg R2: 5.44 Avg Reward: 10.378418
2025-10-26 16:17:23 [INFO] Epoch: 135 [25600/50000 (51%)]	 Training Loss: 0.161 ACC: 91.84 CR: 0.60 Avg R1: 4.96 Avg R2: 5.43 Avg Reward: 10.386160
2025-10-26 16:17:49 [INFO] Epoch: 135 [38400/50000 (77%)]	 Training Loss: 0.162 ACC: 91.67 CR: 0.59 Avg R1: 4.96 Avg R2: 5.41 Avg Reward: 10.373748
2025-10-26 16:18:10 [INFO] EPOCH:135, ======================CR:0.59072====================
2025-10-26 16:18:10 [INFO] 0.041595486643214684
2025-10-26 16:18:14 [INFO] EPOCH:135, ======================ACC:72.33====================
2025-10-26 16:18:14 [INFO] BEST EPOCH:134,BEST ACC:72.49
2025-10-26 16:18:42 [INFO] Epoch: 136 [12800/50000 (26%)]	 Training Loss: 0.162 ACC: 91.80 CR: 0.59 Avg R1: 4.93 Avg R2: 5.32 Avg Reward: 10.246615
2025-10-26 16:19:08 [INFO] Epoch: 136 [25600/50000 (51%)]	 Training Loss: 0.160 ACC: 91.84 CR: 0.59 Avg R1: 4.93 Avg R2: 5.32 Avg Reward: 10.248896
2025-10-26 16:19:37 [INFO] Epoch: 136 [38400/50000 (77%)]	 Training Loss: 0.160 ACC: 91.82 CR: 0.59 Avg R1: 4.93 Avg R2: 5.32 Avg Reward: 10.248054
2025-10-26 16:20:00 [INFO] EPOCH:136, ======================CR:0.59426====================
2025-10-26 16:20:00 [INFO] 0.04274415239941743
2025-10-26 16:20:04 [INFO] EPOCH:136, ======================ACC:70.65====================
2025-10-26 16:20:04 [INFO] BEST EPOCH:135,BEST ACC:72.49
2025-10-26 16:20:29 [INFO] Epoch: 137 [12800/50000 (26%)]	 Training Loss: 0.157 ACC: 92.15 CR: 0.59 Avg R1: 4.94 Avg R2: 5.31 Avg Reward: 10.254168
2025-10-26 16:20:56 [INFO] Epoch: 137 [25600/50000 (51%)]	 Training Loss: 0.160 ACC: 91.97 CR: 0.60 Avg R1: 4.95 Avg R2: 5.31 Avg Reward: 10.259964
2025-10-26 16:21:22 [INFO] Epoch: 137 [38400/50000 (77%)]	 Training Loss: 0.163 ACC: 91.73 CR: 0.60 Avg R1: 4.95 Avg R2: 5.32 Avg Reward: 10.276992
2025-10-26 16:21:44 [INFO] EPOCH:137, ======================CR:0.60336====================
2025-10-26 16:21:44 [INFO] 0.04065567762361461
2025-10-26 16:21:47 [INFO] EPOCH:137, ======================ACC:71.46====================
2025-10-26 16:21:47 [INFO] BEST EPOCH:135,BEST ACC:72.49
2025-10-26 16:22:13 [INFO] Epoch: 138 [12800/50000 (26%)]	 Training Loss: 0.158 ACC: 91.92 CR: 0.60 Avg R1: 4.95 Avg R2: 5.36 Avg Reward: 10.319029
2025-10-26 16:22:40 [INFO] Epoch: 138 [25600/50000 (51%)]	 Training Loss: 0.158 ACC: 91.92 CR: 0.60 Avg R1: 4.96 Avg R2: 5.36 Avg Reward: 10.318474
2025-10-26 16:23:05 [INFO] Epoch: 138 [38400/50000 (77%)]	 Training Loss: 0.157 ACC: 91.98 CR: 0.60 Avg R1: 4.97 Avg R2: 5.35 Avg Reward: 10.318153
2025-10-26 16:23:28 [INFO] EPOCH:138, ======================CR:0.5991====================
2025-10-26 16:23:28 [INFO] 0.03466049258460419
2025-10-26 16:23:33 [INFO] EPOCH:138, ======================ACC:72.58====================
2025-10-26 16:23:33 [INFO] BEST EPOCH:138,BEST ACC:72.58
2025-10-26 16:23:59 [INFO] Epoch: 139 [12800/50000 (26%)]	 Training Loss: 0.151 ACC: 92.09 CR: 0.60 Avg R1: 4.99 Avg R2: 5.31 Avg Reward: 10.308630
2025-10-26 16:24:26 [INFO] Epoch: 139 [25600/50000 (51%)]	 Training Loss: 0.150 ACC: 92.39 CR: 0.60 Avg R1: 4.97 Avg R2: 5.32 Avg Reward: 10.297150
2025-10-26 16:24:51 [INFO] Epoch: 139 [38400/50000 (77%)]	 Training Loss: 0.154 ACC: 92.19 CR: 0.61 Avg R1: 4.95 Avg R2: 5.33 Avg Reward: 10.284755
2025-10-26 16:25:13 [INFO] EPOCH:139, ======================CR:0.6115====================
2025-10-26 16:25:13 [INFO] 0.04510207532755842
2025-10-26 16:25:17 [INFO] EPOCH:139, ======================ACC:71.09====================
2025-10-26 16:25:17 [INFO] BEST EPOCH:138,BEST ACC:72.58
2025-10-26 16:25:41 [INFO] Epoch: 140 [12800/50000 (26%)]	 Training Loss: 0.154 ACC: 92.69 CR: 0.61 Avg R1: 4.84 Avg R2: 5.39 Avg Reward: 10.224897
2025-10-26 16:26:08 [INFO] Epoch: 140 [25600/50000 (51%)]	 Training Loss: 0.155 ACC: 92.60 CR: 0.62 Avg R1: 4.82 Avg R2: 5.40 Avg Reward: 10.211242
2025-10-26 16:26:34 [INFO] Epoch: 140 [38400/50000 (77%)]	 Training Loss: 0.157 ACC: 92.36 CR: 0.62 Avg R1: 4.80 Avg R2: 5.40 Avg Reward: 10.202338
2025-10-26 16:26:58 [INFO] EPOCH:140, ======================CR:0.61774====================
2025-10-26 16:26:58 [INFO] 0.053516458670310636
2025-10-26 16:27:03 [INFO] EPOCH:140, ======================ACC:72.49====================
2025-10-26 16:27:03 [INFO] BEST EPOCH:138,BEST ACC:72.58
2025-10-26 16:27:30 [INFO] Epoch: 141 [12800/50000 (26%)]	 Training Loss: 0.143 ACC: 93.03 CR: 0.61 Avg R1: 4.81 Avg R2: 5.41 Avg Reward: 10.218563
2025-10-26 16:27:55 [INFO] Epoch: 141 [25600/50000 (51%)]	 Training Loss: 0.141 ACC: 93.00 CR: 0.61 Avg R1: 4.84 Avg R2: 5.40 Avg Reward: 10.234075
2025-10-26 16:28:19 [INFO] Epoch: 141 [38400/50000 (77%)]	 Training Loss: 0.145 ACC: 92.83 CR: 0.60 Avg R1: 4.87 Avg R2: 5.38 Avg Reward: 10.251223
2025-10-26 16:28:42 [INFO] EPOCH:141, ======================CR:0.59986====================
2025-10-26 16:28:42 [INFO] 0.04611455078135034
2025-10-26 16:28:46 [INFO] EPOCH:141, ======================ACC:72.32====================
2025-10-26 16:28:46 [INFO] BEST EPOCH:138,BEST ACC:72.58
2025-10-26 16:29:14 [INFO] Epoch: 142 [12800/50000 (26%)]	 Training Loss: 0.132 ACC: 93.80 CR: 0.60 Avg R1: 4.99 Avg R2: 5.29 Avg Reward: 10.285399
2025-10-26 16:29:40 [INFO] Epoch: 142 [25600/50000 (51%)]	 Training Loss: 0.134 ACC: 93.57 CR: 0.60 Avg R1: 4.99 Avg R2: 5.29 Avg Reward: 10.279264
2025-10-26 16:30:05 [INFO] Epoch: 142 [38400/50000 (77%)]	 Training Loss: 0.136 ACC: 93.51 CR: 0.61 Avg R1: 4.97 Avg R2: 5.30 Avg Reward: 10.265789
2025-10-26 16:30:29 [INFO] EPOCH:142, ======================CR:0.60972====================
2025-10-26 16:30:29 [INFO] 0.054949313841600025
2025-10-26 16:30:33 [INFO] EPOCH:142, ======================ACC:73.01====================
2025-10-26 16:30:33 [INFO] BEST EPOCH:142,BEST ACC:73.01
2025-10-26 16:31:00 [INFO] Epoch: 143 [12800/50000 (26%)]	 Training Loss: 0.134 ACC: 93.40 CR: 0.61 Avg R1: 4.88 Avg R2: 5.31 Avg Reward: 10.187373
2025-10-26 16:31:24 [INFO] Epoch: 143 [25600/50000 (51%)]	 Training Loss: 0.131 ACC: 93.59 CR: 0.61 Avg R1: 4.89 Avg R2: 5.30 Avg Reward: 10.191934
2025-10-26 16:31:46 [INFO] Epoch: 143 [38400/50000 (77%)]	 Training Loss: 0.132 ACC: 93.50 CR: 0.60 Avg R1: 4.90 Avg R2: 5.30 Avg Reward: 10.199339
2025-10-26 16:32:11 [INFO] EPOCH:143, ======================CR:0.59872====================
2025-10-26 16:32:11 [INFO] 0.04055515656839797
2025-10-26 16:32:15 [INFO] EPOCH:143, ======================ACC:73.31====================
2025-10-26 16:32:15 [INFO] BEST EPOCH:143,BEST ACC:73.31
2025-10-26 16:32:43 [INFO] Epoch: 144 [12800/50000 (26%)]	 Training Loss: 0.122 ACC: 94.16 CR: 0.60 Avg R1: 4.98 Avg R2: 5.22 Avg Reward: 10.204434
2025-10-26 16:33:11 [INFO] Epoch: 144 [25600/50000 (51%)]	 Training Loss: 0.122 ACC: 94.14 CR: 0.60 Avg R1: 4.98 Avg R2: 5.22 Avg Reward: 10.196067
2025-10-26 16:33:37 [INFO] Epoch: 144 [38400/50000 (77%)]	 Training Loss: 0.125 ACC: 93.82 CR: 0.60 Avg R1: 4.97 Avg R2: 5.22 Avg Reward: 10.190454
2025-10-26 16:34:01 [INFO] EPOCH:144, ======================CR:0.59678====================
2025-10-26 16:34:01 [INFO] 0.04577186759574155
2025-10-26 16:34:05 [INFO] EPOCH:144, ======================ACC:72.98====================
2025-10-26 16:34:05 [INFO] BEST EPOCH:143,BEST ACC:73.31
2025-10-26 16:34:33 [INFO] Epoch: 145 [12800/50000 (26%)]	 Training Loss: 0.131 ACC: 93.91 CR: 0.60 Avg R1: 4.99 Avg R2: 5.21 Avg Reward: 10.200008
2025-10-26 16:34:58 [INFO] Epoch: 145 [25600/50000 (51%)]	 Training Loss: 0.130 ACC: 93.96 CR: 0.61 Avg R1: 4.95 Avg R2: 5.24 Avg Reward: 10.184226
2025-10-26 16:35:22 [INFO] Epoch: 145 [38400/50000 (77%)]	 Training Loss: 0.131 ACC: 93.87 CR: 0.62 Avg R1: 4.89 Avg R2: 5.26 Avg Reward: 10.154425
2025-10-26 16:35:45 [INFO] EPOCH:145, ======================CR:0.62652====================
2025-10-26 16:35:45 [INFO] 0.06093253179296475
2025-10-26 16:35:49 [INFO] EPOCH:145, ======================ACC:72.21====================
2025-10-26 16:35:49 [INFO] BEST EPOCH:143,BEST ACC:73.31
2025-10-26 16:36:15 [INFO] Epoch: 146 [12800/50000 (26%)]	 Training Loss: 0.127 ACC: 94.19 CR: 0.62 Avg R1: 4.69 Avg R2: 5.35 Avg Reward: 10.036609
2025-10-26 16:36:41 [INFO] Epoch: 146 [25600/50000 (51%)]	 Training Loss: 0.126 ACC: 94.09 CR: 0.62 Avg R1: 4.70 Avg R2: 5.34 Avg Reward: 10.044654
2025-10-26 16:37:08 [INFO] Epoch: 146 [38400/50000 (77%)]	 Training Loss: 0.123 ACC: 94.18 CR: 0.62 Avg R1: 4.72 Avg R2: 5.33 Avg Reward: 10.056513
2025-10-26 16:37:32 [INFO] EPOCH:146, ======================CR:0.61312====================
2025-10-26 16:37:32 [INFO] 0.054117339388473185
2025-10-26 16:37:36 [INFO] EPOCH:146, ======================ACC:72.9====================
2025-10-26 16:37:36 [INFO] BEST EPOCH:143,BEST ACC:73.31
2025-10-26 16:38:03 [INFO] Epoch: 147 [12800/50000 (26%)]	 Training Loss: 0.118 ACC: 94.34 CR: 0.61 Avg R1: 4.85 Avg R2: 5.25 Avg Reward: 10.104019
2025-10-26 16:38:30 [INFO] Epoch: 147 [25600/50000 (51%)]	 Training Loss: 0.114 ACC: 94.40 CR: 0.61 Avg R1: 4.87 Avg R2: 5.24 Avg Reward: 10.109371
2025-10-26 16:38:55 [INFO] Epoch: 147 [38400/50000 (77%)]	 Training Loss: 0.115 ACC: 94.43 CR: 0.60 Avg R1: 4.90 Avg R2: 5.22 Avg Reward: 10.124058
2025-10-26 16:39:17 [INFO] EPOCH:147, ======================CR:0.59552====================
2025-10-26 16:39:17 [INFO] 0.03875013234077887
2025-10-26 16:39:22 [INFO] EPOCH:147, ======================ACC:73.07====================
2025-10-26 16:39:22 [INFO] BEST EPOCH:143,BEST ACC:73.31
2025-10-26 16:39:50 [INFO] Epoch: 148 [12800/50000 (26%)]	 Training Loss: 0.110 ACC: 94.73 CR: 0.59 Avg R1: 4.95 Avg R2: 5.12 Avg Reward: 10.076508
2025-10-26 16:40:16 [INFO] Epoch: 148 [25600/50000 (51%)]	 Training Loss: 0.110 ACC: 94.82 CR: 0.59 Avg R1: 4.95 Avg R2: 5.12 Avg Reward: 10.077006
2025-10-26 16:40:44 [INFO] Epoch: 148 [38400/50000 (77%)]	 Training Loss: 0.112 ACC: 94.69 CR: 0.60 Avg R1: 4.96 Avg R2: 5.13 Avg Reward: 10.087460
2025-10-26 16:41:09 [INFO] EPOCH:148, ======================CR:0.59922====================
2025-10-26 16:41:09 [INFO] 0.04899424119772722
2025-10-26 16:41:12 [INFO] EPOCH:148, ======================ACC:73.46====================
2025-10-26 16:41:12 [INFO] BEST EPOCH:148,BEST ACC:73.46
2025-10-26 16:41:38 [INFO] Epoch: 149 [12800/50000 (26%)]	 Training Loss: 0.105 ACC: 95.16 CR: 0.60 Avg R1: 4.99 Avg R2: 5.15 Avg Reward: 10.139832
2025-10-26 16:42:02 [INFO] Epoch: 149 [25600/50000 (51%)]	 Training Loss: 0.106 ACC: 94.98 CR: 0.60 Avg R1: 4.99 Avg R2: 5.14 Avg Reward: 10.133735
2025-10-26 16:42:25 [INFO] Epoch: 149 [38400/50000 (77%)]	 Training Loss: 0.106 ACC: 95.03 CR: 0.59 Avg R1: 4.98 Avg R2: 5.13 Avg Reward: 10.114603
2025-10-26 16:42:43 [INFO] EPOCH:149, ======================CR:0.59076====================
2025-10-26 16:42:43 [INFO] 0.041510723957316704
2025-10-26 16:42:46 [INFO] EPOCH:149, ======================ACC:73.8====================
2025-10-26 16:42:46 [INFO] BEST EPOCH:149,BEST ACC:73.8
2025-10-26 16:43:10 [INFO] Epoch: 150 [12800/50000 (26%)]	 Training Loss: 0.103 ACC: 95.22 CR: 0.59 Avg R1: 4.94 Avg R2: 5.06 Avg Reward: 10.001212
2025-10-26 16:43:36 [INFO] Epoch: 150 [25600/50000 (51%)]	 Training Loss: 0.101 ACC: 95.34 CR: 0.60 Avg R1: 4.95 Avg R2: 5.08 Avg Reward: 10.030908
2025-10-26 16:44:00 [INFO] Epoch: 150 [38400/50000 (77%)]	 Training Loss: 0.102 ACC: 95.21 CR: 0.60 Avg R1: 4.96 Avg R2: 5.09 Avg Reward: 10.051846
2025-10-26 16:44:21 [INFO] EPOCH:150, ======================CR:0.6108====================
2025-10-26 16:44:21 [INFO] 0.03762640025619577
2025-10-26 16:44:25 [INFO] EPOCH:150, ======================ACC:73.78====================
2025-10-26 16:44:25 [INFO] BEST EPOCH:149,BEST ACC:73.8
2025-10-26 16:44:49 [INFO] Epoch: 151 [12800/50000 (26%)]	 Training Loss: 0.095 ACC: 95.73 CR: 0.61 Avg R1: 4.85 Avg R2: 5.14 Avg Reward: 9.993540
2025-10-26 16:45:13 [INFO] Epoch: 151 [25600/50000 (51%)]	 Training Loss: 0.094 ACC: 95.78 CR: 0.62 Avg R1: 4.82 Avg R2: 5.15 Avg Reward: 9.979480
2025-10-26 16:45:37 [INFO] Epoch: 151 [38400/50000 (77%)]	 Training Loss: 0.095 ACC: 95.68 CR: 0.62 Avg R1: 4.80 Avg R2: 5.17 Avg Reward: 9.966601
2025-10-26 16:46:00 [INFO] EPOCH:151, ======================CR:0.62662====================
2025-10-26 16:46:00 [INFO] 0.04839068134161206
2025-10-26 16:46:04 [INFO] EPOCH:151, ======================ACC:75.0====================
2025-10-26 16:46:04 [INFO] BEST EPOCH:151,BEST ACC:75.0
2025-10-26 16:46:23 [INFO] Epoch: 152 [12800/50000 (26%)]	 Training Loss: 0.099 ACC: 95.71 CR: 0.62 Avg R1: 4.68 Avg R2: 5.18 Avg Reward: 9.855260
2025-10-26 16:46:46 [INFO] Epoch: 152 [25600/50000 (51%)]	 Training Loss: 0.098 ACC: 95.70 CR: 0.62 Avg R1: 4.69 Avg R2: 5.17 Avg Reward: 9.862531
2025-10-26 16:47:09 [INFO] Epoch: 152 [38400/50000 (77%)]	 Training Loss: 0.098 ACC: 95.70 CR: 0.62 Avg R1: 4.70 Avg R2: 5.17 Avg Reward: 9.864862
2025-10-26 16:47:30 [INFO] EPOCH:152, ======================CR:0.62084====================
2025-10-26 16:47:30 [INFO] 0.052546445984345456
2025-10-26 16:47:34 [INFO] EPOCH:152, ======================ACC:74.21====================
2025-10-26 16:47:34 [INFO] BEST EPOCH:151,BEST ACC:75.0
2025-10-26 16:47:59 [INFO] Epoch: 153 [12800/50000 (26%)]	 Training Loss: 0.087 ACC: 95.93 CR: 0.62 Avg R1: 4.75 Avg R2: 5.14 Avg Reward: 9.890257
2025-10-26 16:48:23 [INFO] Epoch: 153 [25600/50000 (51%)]	 Training Loss: 0.089 ACC: 95.90 CR: 0.62 Avg R1: 4.77 Avg R2: 5.13 Avg Reward: 9.900190
2025-10-26 16:48:48 [INFO] Epoch: 153 [38400/50000 (77%)]	 Training Loss: 0.090 ACC: 95.70 CR: 0.61 Avg R1: 4.79 Avg R2: 5.12 Avg Reward: 9.910891
2025-10-26 16:49:12 [INFO] EPOCH:153, ======================CR:0.60598====================
2025-10-26 16:49:12 [INFO] 0.05120086611826473
2025-10-26 16:49:15 [INFO] EPOCH:153, ======================ACC:74.45====================
2025-10-26 16:49:15 [INFO] BEST EPOCH:151,BEST ACC:75.0
2025-10-26 16:49:43 [INFO] Epoch: 154 [12800/50000 (26%)]	 Training Loss: 0.084 ACC: 96.20 CR: 0.60 Avg R1: 4.95 Avg R2: 5.03 Avg Reward: 9.976444
2025-10-26 16:50:03 [INFO] Epoch: 154 [25600/50000 (51%)]	 Training Loss: 0.083 ACC: 96.15 CR: 0.60 Avg R1: 4.97 Avg R2: 5.01 Avg Reward: 9.980279
2025-10-26 16:50:26 [INFO] Epoch: 154 [38400/50000 (77%)]	 Training Loss: 0.083 ACC: 96.14 CR: 0.60 Avg R1: 4.97 Avg R2: 5.00 Avg Reward: 9.972345
2025-10-26 16:50:48 [INFO] EPOCH:154, ======================CR:0.59378====================
2025-10-26 16:50:48 [INFO] 0.03818957657134822
2025-10-26 16:50:51 [INFO] EPOCH:154, ======================ACC:74.17====================
2025-10-26 16:50:51 [INFO] BEST EPOCH:153,BEST ACC:75.0
2025-10-26 16:51:16 [INFO] Epoch: 155 [12800/50000 (26%)]	 Training Loss: 0.083 ACC: 96.30 CR: 0.60 Avg R1: 4.96 Avg R2: 4.93 Avg Reward: 9.896514
2025-10-26 16:51:41 [INFO] Epoch: 155 [25600/50000 (51%)]	 Training Loss: 0.084 ACC: 96.18 CR: 0.60 Avg R1: 4.97 Avg R2: 4.95 Avg Reward: 9.925105
2025-10-26 16:52:07 [INFO] Epoch: 155 [38400/50000 (77%)]	 Training Loss: 0.083 ACC: 96.24 CR: 0.61 Avg R1: 4.96 Avg R2: 4.97 Avg Reward: 9.927988
2025-10-26 16:52:30 [INFO] EPOCH:155, ======================CR:0.61332====================
2025-10-26 16:52:30 [INFO] 0.049045698916082126
2025-10-26 16:52:34 [INFO] EPOCH:155, ======================ACC:74.71====================
2025-10-26 16:52:34 [INFO] BEST EPOCH:153,BEST ACC:75.0
2025-10-26 16:53:01 [INFO] Epoch: 156 [12800/50000 (26%)]	 Training Loss: 0.080 ACC: 96.49 CR: 0.62 Avg R1: 4.82 Avg R2: 5.02 Avg Reward: 9.848925
2025-10-26 16:53:27 [INFO] Epoch: 156 [25600/50000 (51%)]	 Training Loss: 0.080 ACC: 96.46 CR: 0.62 Avg R1: 4.81 Avg R2: 5.03 Avg Reward: 9.834992
2025-10-26 16:53:49 [INFO] Epoch: 156 [38400/50000 (77%)]	 Training Loss: 0.081 ACC: 96.36 CR: 0.62 Avg R1: 4.80 Avg R2: 5.03 Avg Reward: 9.830756
2025-10-26 16:54:10 [INFO] EPOCH:156, ======================CR:0.61658====================
2025-10-26 16:54:10 [INFO] 0.05102227003887074
2025-10-26 16:54:15 [INFO] EPOCH:156, ======================ACC:74.72====================
2025-10-26 16:54:15 [INFO] BEST EPOCH:153,BEST ACC:75.0
2025-10-26 16:54:40 [INFO] Epoch: 157 [12800/50000 (26%)]	 Training Loss: 0.073 ACC: 96.55 CR: 0.61 Avg R1: 4.82 Avg R2: 5.00 Avg Reward: 9.824161
2025-10-26 16:55:08 [INFO] Epoch: 157 [25600/50000 (51%)]	 Training Loss: 0.075 ACC: 96.55 CR: 0.61 Avg R1: 4.85 Avg R2: 4.99 Avg Reward: 9.835779
2025-10-26 16:55:33 [INFO] Epoch: 157 [38400/50000 (77%)]	 Training Loss: 0.075 ACC: 96.55 CR: 0.60 Avg R1: 4.89 Avg R2: 4.97 Avg Reward: 9.856055
2025-10-26 16:55:57 [INFO] EPOCH:157, ======================CR:0.59114====================
2025-10-26 16:55:57 [INFO] 0.035889051339438025
2025-10-26 16:56:00 [INFO] EPOCH:157, ======================ACC:75.04====================
2025-10-26 16:56:00 [INFO] BEST EPOCH:157,BEST ACC:75.04
2025-10-26 16:56:26 [INFO] Epoch: 158 [12800/50000 (26%)]	 Training Loss: 0.074 ACC: 96.69 CR: 0.59 Avg R1: 4.92 Avg R2: 4.84 Avg Reward: 9.761663
2025-10-26 16:56:50 [INFO] Epoch: 158 [25600/50000 (51%)]	 Training Loss: 0.076 ACC: 96.59 CR: 0.59 Avg R1: 4.93 Avg R2: 4.84 Avg Reward: 9.768447
2025-10-26 16:57:16 [INFO] Epoch: 158 [38400/50000 (77%)]	 Training Loss: 0.076 ACC: 96.64 CR: 0.60 Avg R1: 4.93 Avg R2: 4.85 Avg Reward: 9.778702
2025-10-26 16:57:37 [INFO] EPOCH:158, ======================CR:0.6====================
2025-10-26 16:57:37 [INFO] 0.041834836060096664
2025-10-26 16:57:41 [INFO] EPOCH:158, ======================ACC:74.81====================
2025-10-26 16:57:41 [INFO] BEST EPOCH:157,BEST ACC:75.04
2025-10-26 16:58:04 [INFO] Epoch: 159 [12800/50000 (26%)]	 Training Loss: 0.071 ACC: 96.82 CR: 0.60 Avg R1: 4.99 Avg R2: 4.88 Avg Reward: 9.865782
2025-10-26 16:58:30 [INFO] Epoch: 159 [25600/50000 (51%)]	 Training Loss: 0.070 ACC: 96.88 CR: 0.60 Avg R1: 4.98 Avg R2: 4.88 Avg Reward: 9.860376
2025-10-26 16:58:57 [INFO] Epoch: 159 [38400/50000 (77%)]	 Training Loss: 0.071 ACC: 96.94 CR: 0.61 Avg R1: 4.97 Avg R2: 4.89 Avg Reward: 9.854801
2025-10-26 16:59:20 [INFO] EPOCH:159, ======================CR:0.6047====================
2025-10-26 16:59:20 [INFO] 0.03793114455176117
2025-10-26 16:59:24 [INFO] EPOCH:159, ======================ACC:75.55====================
2025-10-26 16:59:24 [INFO] BEST EPOCH:159,BEST ACC:75.55
2025-10-26 16:59:51 [INFO] Epoch: 160 [12800/50000 (26%)]	 Training Loss: 0.068 ACC: 97.13 CR: 0.61 Avg R1: 4.94 Avg R2: 4.85 Avg Reward: 9.789644
2025-10-26 17:00:15 [INFO] Epoch: 160 [25600/50000 (51%)]	 Training Loss: 0.067 ACC: 97.15 CR: 0.61 Avg R1: 4.93 Avg R2: 4.85 Avg Reward: 9.780172
2025-10-26 17:00:38 [INFO] Epoch: 160 [38400/50000 (77%)]	 Training Loss: 0.067 ACC: 97.12 CR: 0.60 Avg R1: 4.94 Avg R2: 4.85 Avg Reward: 9.787489
2025-10-26 17:01:03 [INFO] EPOCH:160, ======================CR:0.59502====================
2025-10-26 17:01:03 [INFO] 0.03702573190458434
2025-10-26 17:01:07 [INFO] EPOCH:160, ======================ACC:75.54====================
2025-10-26 17:01:07 [INFO] BEST EPOCH:159,BEST ACC:75.55
2025-10-26 17:01:28 [INFO] Epoch: 161 [12800/50000 (26%)]	 Training Loss: 0.058 ACC: 97.59 CR: 0.59 Avg R1: 4.94 Avg R2: 4.77 Avg Reward: 9.711519
2025-10-26 17:01:53 [INFO] Epoch: 161 [25600/50000 (51%)]	 Training Loss: 0.059 ACC: 97.50 CR: 0.59 Avg R1: 4.94 Avg R2: 4.77 Avg Reward: 9.702444
2025-10-26 17:02:20 [INFO] Epoch: 161 [38400/50000 (77%)]	 Training Loss: 0.061 ACC: 97.42 CR: 0.59 Avg R1: 4.93 Avg R2: 4.76 Avg Reward: 9.695622
2025-10-26 17:02:44 [INFO] EPOCH:161, ======================CR:0.5903====================
2025-10-26 17:02:44 [INFO] 0.04241458291053105
2025-10-26 17:02:48 [INFO] EPOCH:161, ======================ACC:75.81====================
2025-10-26 17:02:48 [INFO] BEST EPOCH:161,BEST ACC:75.81
2025-10-26 17:03:14 [INFO] Epoch: 162 [12800/50000 (26%)]	 Training Loss: 0.058 ACC: 97.47 CR: 0.59 Avg R1: 4.91 Avg R2: 4.70 Avg Reward: 9.615886
2025-10-26 17:03:39 [INFO] Epoch: 162 [25600/50000 (51%)]	 Training Loss: 0.057 ACC: 97.50 CR: 0.59 Avg R1: 4.91 Avg R2: 4.70 Avg Reward: 9.614517
2025-10-26 17:04:04 [INFO] Epoch: 162 [38400/50000 (77%)]	 Training Loss: 0.057 ACC: 97.56 CR: 0.59 Avg R1: 4.91 Avg R2: 4.71 Avg Reward: 9.622600
2025-10-26 17:04:27 [INFO] EPOCH:162, ======================CR:0.59452====================
2025-10-26 17:04:27 [INFO] 0.04134502537469927
2025-10-26 17:04:31 [INFO] EPOCH:162, ======================ACC:75.8====================
2025-10-26 17:04:31 [INFO] BEST EPOCH:161,BEST ACC:75.81
2025-10-26 17:04:56 [INFO] Epoch: 163 [12800/50000 (26%)]	 Training Loss: 0.060 ACC: 97.57 CR: 0.60 Avg R1: 4.98 Avg R2: 4.72 Avg Reward: 9.694156
2025-10-26 17:05:17 [INFO] Epoch: 163 [25600/50000 (51%)]	 Training Loss: 0.057 ACC: 97.59 CR: 0.60 Avg R1: 4.98 Avg R2: 4.72 Avg Reward: 9.700832
2025-10-26 17:05:38 [INFO] Epoch: 163 [38400/50000 (77%)]	 Training Loss: 0.055 ACC: 97.71 CR: 0.60 Avg R1: 4.98 Avg R2: 4.73 Avg Reward: 9.700552
2025-10-26 17:06:01 [INFO] EPOCH:163, ======================CR:0.59664====================
2025-10-26 17:06:01 [INFO] 0.03960890331975513
2025-10-26 17:06:06 [INFO] EPOCH:163, ======================ACC:76.32====================
2025-10-26 17:06:06 [INFO] BEST EPOCH:163,BEST ACC:76.32
2025-10-26 17:06:32 [INFO] Epoch: 164 [12800/50000 (26%)]	 Training Loss: 0.050 ACC: 97.91 CR: 0.60 Avg R1: 4.97 Avg R2: 4.68 Avg Reward: 9.655870
2025-10-26 17:06:56 [INFO] Epoch: 164 [25600/50000 (51%)]	 Training Loss: 0.052 ACC: 97.92 CR: 0.60 Avg R1: 4.97 Avg R2: 4.68 Avg Reward: 9.657278
2025-10-26 17:07:23 [INFO] Epoch: 164 [38400/50000 (77%)]	 Training Loss: 0.052 ACC: 97.87 CR: 0.59 Avg R1: 4.97 Avg R2: 4.68 Avg Reward: 9.649721
2025-10-26 17:07:46 [INFO] EPOCH:164, ======================CR:0.59082====================
2025-10-26 17:07:46 [INFO] 0.03773295956171403
2025-10-26 17:07:50 [INFO] EPOCH:164, ======================ACC:76.37====================
2025-10-26 17:07:50 [INFO] BEST EPOCH:164,BEST ACC:76.37
2025-10-26 17:08:15 [INFO] Epoch: 165 [12800/50000 (26%)]	 Training Loss: 0.049 ACC: 98.04 CR: 0.59 Avg R1: 4.92 Avg R2: 4.62 Avg Reward: 9.543079
2025-10-26 17:08:39 [INFO] Epoch: 165 [25600/50000 (51%)]	 Training Loss: 0.049 ACC: 98.02 CR: 0.59 Avg R1: 4.93 Avg R2: 4.62 Avg Reward: 9.554995
2025-10-26 17:09:02 [INFO] Epoch: 165 [38400/50000 (77%)]	 Training Loss: 0.051 ACC: 97.99 CR: 0.60 Avg R1: 4.94 Avg R2: 4.63 Avg Reward: 9.567213
2025-10-26 17:09:21 [INFO] EPOCH:165, ======================CR:0.59968====================
2025-10-26 17:09:21 [INFO] 0.0488523069660427
2025-10-26 17:09:25 [INFO] EPOCH:165, ======================ACC:76.47====================
2025-10-26 17:09:25 [INFO] BEST EPOCH:165,BEST ACC:76.47
2025-10-26 17:09:51 [INFO] Epoch: 166 [12800/50000 (26%)]	 Training Loss: 0.049 ACC: 98.12 CR: 0.60 Avg R1: 4.99 Avg R2: 4.65 Avg Reward: 9.642236
2025-10-26 17:10:16 [INFO] Epoch: 166 [25600/50000 (51%)]	 Training Loss: 0.047 ACC: 98.20 CR: 0.60 Avg R1: 4.99 Avg R2: 4.65 Avg Reward: 9.643021
2025-10-26 17:10:41 [INFO] Epoch: 166 [38400/50000 (77%)]	 Training Loss: 0.047 ACC: 98.20 CR: 0.60 Avg R1: 4.99 Avg R2: 4.65 Avg Reward: 9.643320
2025-10-26 17:11:04 [INFO] EPOCH:166, ======================CR:0.60172====================
2025-10-26 17:11:04 [INFO] 0.04076153468828538
2025-10-26 17:11:08 [INFO] EPOCH:166, ======================ACC:76.33====================
2025-10-26 17:11:08 [INFO] BEST EPOCH:165,BEST ACC:76.47
2025-10-26 17:11:32 [INFO] Epoch: 167 [12800/50000 (26%)]	 Training Loss: 0.046 ACC: 98.03 CR: 0.60 Avg R1: 4.99 Avg R2: 4.62 Avg Reward: 9.603105
2025-10-26 17:11:57 [INFO] Epoch: 167 [25600/50000 (51%)]	 Training Loss: 0.045 ACC: 98.16 CR: 0.60 Avg R1: 4.99 Avg R2: 4.61 Avg Reward: 9.599930
2025-10-26 17:12:21 [INFO] Epoch: 167 [38400/50000 (77%)]	 Training Loss: 0.044 ACC: 98.20 CR: 0.60 Avg R1: 4.98 Avg R2: 4.61 Avg Reward: 9.584346
2025-10-26 17:12:41 [INFO] EPOCH:167, ======================CR:0.59426====================
2025-10-26 17:12:41 [INFO] 0.051841856819808046
2025-10-26 17:12:45 [INFO] EPOCH:167, ======================ACC:76.51====================
2025-10-26 17:12:45 [INFO] BEST EPOCH:167,BEST ACC:76.51
2025-10-26 17:13:02 [INFO] Epoch: 168 [12800/50000 (26%)]	 Training Loss: 0.042 ACC: 98.41 CR: 0.59 Avg R1: 4.96 Avg R2: 4.55 Avg Reward: 9.506791
2025-10-26 17:13:21 [INFO] Epoch: 168 [25600/50000 (51%)]	 Training Loss: 0.044 ACC: 98.28 CR: 0.60 Avg R1: 4.96 Avg R2: 4.56 Avg Reward: 9.518661
2025-10-26 17:13:43 [INFO] Epoch: 168 [38400/50000 (77%)]	 Training Loss: 0.045 ACC: 98.25 CR: 0.60 Avg R1: 4.97 Avg R2: 4.57 Avg Reward: 9.537518
2025-10-26 17:14:03 [INFO] EPOCH:168, ======================CR:0.60248====================
2025-10-26 17:14:03 [INFO] 0.046400246817732735
2025-10-26 17:14:06 [INFO] EPOCH:168, ======================ACC:76.92====================
2025-10-26 17:14:06 [INFO] BEST EPOCH:168,BEST ACC:76.92
2025-10-26 17:14:28 [INFO] Epoch: 169 [12800/50000 (26%)]	 Training Loss: 0.042 ACC: 98.17 CR: 0.60 Avg R1: 4.98 Avg R2: 4.58 Avg Reward: 9.557396
2025-10-26 17:14:49 [INFO] Epoch: 169 [25600/50000 (51%)]	 Training Loss: 0.044 ACC: 98.23 CR: 0.60 Avg R1: 4.99 Avg R2: 4.58 Avg Reward: 9.563349
2025-10-26 17:15:10 [INFO] Epoch: 169 [38400/50000 (77%)]	 Training Loss: 0.044 ACC: 98.23 CR: 0.60 Avg R1: 4.99 Avg R2: 4.58 Avg Reward: 9.564222
2025-10-26 17:15:30 [INFO] EPOCH:169, ======================CR:0.59862====================
2025-10-26 17:15:30 [INFO] 0.04073612976268548
2025-10-26 17:15:32 [INFO] EPOCH:169, ======================ACC:76.89====================
2025-10-26 17:15:32 [INFO] BEST EPOCH:168,BEST ACC:76.92
2025-10-26 17:15:53 [INFO] Epoch: 170 [12800/50000 (26%)]	 Training Loss: 0.042 ACC: 98.31 CR: 0.60 Avg R1: 4.99 Avg R2: 4.53 Avg Reward: 9.523412
2025-10-26 17:16:10 [INFO] Epoch: 170 [25600/50000 (51%)]	 Training Loss: 0.041 ACC: 98.44 CR: 0.60 Avg R1: 4.99 Avg R2: 4.53 Avg Reward: 9.527321
2025-10-26 17:16:30 [INFO] Epoch: 170 [38400/50000 (77%)]	 Training Loss: 0.041 ACC: 98.41 CR: 0.61 Avg R1: 4.97 Avg R2: 4.54 Avg Reward: 9.518604
2025-10-26 17:16:50 [INFO] EPOCH:170, ======================CR:0.60972====================
2025-10-26 17:16:50 [INFO] 0.046449317614959545
2025-10-26 17:16:53 [INFO] EPOCH:170, ======================ACC:77.23====================
2025-10-26 17:16:53 [INFO] BEST EPOCH:170,BEST ACC:77.23
2025-10-26 17:17:15 [INFO] Epoch: 171 [12800/50000 (26%)]	 Training Loss: 0.040 ACC: 98.66 CR: 0.61 Avg R1: 4.87 Avg R2: 4.57 Avg Reward: 9.442113
2025-10-26 17:17:36 [INFO] Epoch: 171 [25600/50000 (51%)]	 Training Loss: 0.041 ACC: 98.59 CR: 0.62 Avg R1: 4.85 Avg R2: 4.58 Avg Reward: 9.422930
2025-10-26 17:17:57 [INFO] Epoch: 171 [38400/50000 (77%)]	 Training Loss: 0.041 ACC: 98.51 CR: 0.62 Avg R1: 4.83 Avg R2: 4.59 Avg Reward: 9.410984
2025-10-26 17:18:17 [INFO] EPOCH:171, ======================CR:0.6202====================
2025-10-26 17:18:17 [INFO] 0.059060262013251257
2025-10-26 17:18:20 [INFO] EPOCH:171, ======================ACC:76.69====================
2025-10-26 17:18:20 [INFO] BEST EPOCH:170,BEST ACC:77.23
2025-10-26 17:18:41 [INFO] Epoch: 172 [12800/50000 (26%)]	 Training Loss: 0.040 ACC: 98.62 CR: 0.62 Avg R1: 4.76 Avg R2: 4.60 Avg Reward: 9.360206
2025-10-26 17:18:58 [INFO] Epoch: 172 [25600/50000 (51%)]	 Training Loss: 0.039 ACC: 98.65 CR: 0.62 Avg R1: 4.76 Avg R2: 4.60 Avg Reward: 9.359108
2025-10-26 17:19:15 [INFO] Epoch: 172 [38400/50000 (77%)]	 Training Loss: 0.040 ACC: 98.57 CR: 0.62 Avg R1: 4.77 Avg R2: 4.59 Avg Reward: 9.361128
2025-10-26 17:19:35 [INFO] EPOCH:172, ======================CR:0.61142====================
2025-10-26 17:19:35 [INFO] 0.04991253433501195
2025-10-26 17:19:39 [INFO] EPOCH:172, ======================ACC:77.14====================
2025-10-26 17:19:39 [INFO] BEST EPOCH:170,BEST ACC:77.23
2025-10-26 17:20:00 [INFO] Epoch: 173 [12800/50000 (26%)]	 Training Loss: 0.037 ACC: 98.59 CR: 0.61 Avg R1: 4.87 Avg R2: 4.53 Avg Reward: 9.394471
2025-10-26 17:20:21 [INFO] Epoch: 173 [25600/50000 (51%)]	 Training Loss: 0.035 ACC: 98.73 CR: 0.61 Avg R1: 4.88 Avg R2: 4.52 Avg Reward: 9.403444
2025-10-26 17:20:42 [INFO] Epoch: 173 [38400/50000 (77%)]	 Training Loss: 0.037 ACC: 98.64 CR: 0.60 Avg R1: 4.90 Avg R2: 4.51 Avg Reward: 9.416478
2025-10-26 17:21:00 [INFO] EPOCH:173, ======================CR:0.59964====================
2025-10-26 17:21:00 [INFO] 0.04204467021495394
2025-10-26 17:21:04 [INFO] EPOCH:173, ======================ACC:77.31====================
2025-10-26 17:21:04 [INFO] BEST EPOCH:173,BEST ACC:77.31
2025-10-26 17:21:25 [INFO] Epoch: 174 [12800/50000 (26%)]	 Training Loss: 0.035 ACC: 98.58 CR: 0.59 Avg R1: 4.97 Avg R2: 4.43 Avg Reward: 9.404137
2025-10-26 17:21:46 [INFO] Epoch: 174 [25600/50000 (51%)]	 Training Loss: 0.036 ACC: 98.57 CR: 0.59 Avg R1: 4.95 Avg R2: 4.42 Avg Reward: 9.375258
2025-10-26 17:22:04 [INFO] Epoch: 174 [38400/50000 (77%)]	 Training Loss: 0.036 ACC: 98.64 CR: 0.59 Avg R1: 4.95 Avg R2: 4.42 Avg Reward: 9.361148
2025-10-26 17:22:20 [INFO] EPOCH:174, ======================CR:0.58882====================
2025-10-26 17:22:20 [INFO] 0.04441139937624731
2025-10-26 17:22:23 [INFO] EPOCH:174, ======================ACC:77.3====================
2025-10-26 17:22:23 [INFO] BEST EPOCH:173,BEST ACC:77.31
2025-10-26 17:22:44 [INFO] Epoch: 175 [12800/50000 (26%)]	 Training Loss: 0.033 ACC: 98.84 CR: 0.59 Avg R1: 4.92 Avg R2: 4.37 Avg Reward: 9.287250
2025-10-26 17:23:05 [INFO] Epoch: 175 [25600/50000 (51%)]	 Training Loss: 0.034 ACC: 98.79 CR: 0.59 Avg R1: 4.93 Avg R2: 4.38 Avg Reward: 9.301475
2025-10-26 17:23:26 [INFO] Epoch: 175 [38400/50000 (77%)]	 Training Loss: 0.035 ACC: 98.77 CR: 0.60 Avg R1: 4.94 Avg R2: 4.38 Avg Reward: 9.318285
2025-10-26 17:23:45 [INFO] EPOCH:175, ======================CR:0.59748====================
2025-10-26 17:23:45 [INFO] 0.0435093594353315
2025-10-26 17:23:48 [INFO] EPOCH:175, ======================ACC:77.35====================
2025-10-26 17:23:48 [INFO] BEST EPOCH:175,BEST ACC:77.35
2025-10-26 17:24:09 [INFO] Epoch: 176 [12800/50000 (26%)]	 Training Loss: 0.032 ACC: 98.77 CR: 0.60 Avg R1: 4.99 Avg R2: 4.39 Avg Reward: 9.379891
2025-10-26 17:24:30 [INFO] Epoch: 176 [25600/50000 (51%)]	 Training Loss: 0.033 ACC: 98.81 CR: 0.60 Avg R1: 4.99 Avg R2: 4.39 Avg Reward: 9.379724
2025-10-26 17:24:52 [INFO] Epoch: 176 [38400/50000 (77%)]	 Training Loss: 0.033 ACC: 98.85 CR: 0.60 Avg R1: 4.99 Avg R2: 4.39 Avg Reward: 9.380311
2025-10-26 17:25:07 [INFO] EPOCH:176, ======================CR:0.59978====================
2025-10-26 17:25:07 [INFO] 0.03413856079792514
2025-10-26 17:25:11 [INFO] EPOCH:176, ======================ACC:77.32====================
2025-10-26 17:25:11 [INFO] BEST EPOCH:175,BEST ACC:77.35
2025-10-26 17:25:27 [INFO] Epoch: 177 [12800/50000 (26%)]	 Training Loss: 0.030 ACC: 99.04 CR: 0.60 Avg R1: 4.99 Avg R2: 4.36 Avg Reward: 9.345604
2025-10-26 17:25:42 [INFO] Epoch: 177 [25600/50000 (51%)]	 Training Loss: 0.031 ACC: 98.96 CR: 0.60 Avg R1: 4.98 Avg R2: 4.36 Avg Reward: 9.342191
2025-10-26 17:25:57 [INFO] Epoch: 177 [38400/50000 (77%)]	 Training Loss: 0.032 ACC: 98.92 CR: 0.60 Avg R1: 4.98 Avg R2: 4.36 Avg Reward: 9.345699
2025-10-26 17:26:11 [INFO] EPOCH:177, ======================CR:0.60204====================
2025-10-26 17:26:11 [INFO] 0.03822301394356061
2025-10-26 17:26:14 [INFO] EPOCH:177, ======================ACC:77.46====================
2025-10-26 17:26:14 [INFO] BEST EPOCH:177,BEST ACC:77.46
2025-10-26 17:26:29 [INFO] Epoch: 178 [12800/50000 (26%)]	 Training Loss: 0.032 ACC: 98.84 CR: 0.60 Avg R1: 4.97 Avg R2: 4.37 Avg Reward: 9.339230
2025-10-26 17:26:44 [INFO] Epoch: 178 [25600/50000 (51%)]	 Training Loss: 0.033 ACC: 98.75 CR: 0.61 Avg R1: 4.96 Avg R2: 4.37 Avg Reward: 9.331962
2025-10-26 17:27:00 [INFO] Epoch: 178 [38400/50000 (77%)]	 Training Loss: 0.033 ACC: 98.75 CR: 0.60 Avg R1: 4.95 Avg R2: 4.38 Avg Reward: 9.326650
2025-10-26 17:27:14 [INFO] EPOCH:178, ======================CR:0.60216====================
2025-10-26 17:27:14 [INFO] 0.04450016819431749
2025-10-26 17:27:17 [INFO] EPOCH:178, ======================ACC:77.46====================
2025-10-26 17:27:17 [INFO] BEST EPOCH:178,BEST ACC:77.46
2025-10-26 17:27:33 [INFO] Epoch: 179 [12800/50000 (26%)]	 Training Loss: 0.028 ACC: 99.15 CR: 0.60 Avg R1: 4.98 Avg R2: 4.36 Avg Reward: 9.333872
2025-10-26 17:27:47 [INFO] Epoch: 179 [25600/50000 (51%)]	 Training Loss: 0.030 ACC: 98.96 CR: 0.60 Avg R1: 4.98 Avg R2: 4.35 Avg Reward: 9.332531
2025-10-26 17:28:03 [INFO] Epoch: 179 [38400/50000 (77%)]	 Training Loss: 0.030 ACC: 98.97 CR: 0.60 Avg R1: 4.98 Avg R2: 4.34 Avg Reward: 9.323987
2025-10-26 17:28:17 [INFO] EPOCH:179, ======================CR:0.59282====================
2025-10-26 17:28:17 [INFO] 0.03788075747904425
2025-10-26 17:28:20 [INFO] EPOCH:179, ======================ACC:77.72====================
2025-10-26 17:28:20 [INFO] BEST EPOCH:179,BEST ACC:77.72
2025-10-26 17:28:35 [INFO] Epoch: 180 [12800/50000 (26%)]	 Training Loss: 0.029 ACC: 98.99 CR: 0.59 Avg R1: 4.94 Avg R2: 4.30 Avg Reward: 9.244964
2025-10-26 17:28:50 [INFO] Epoch: 180 [25600/50000 (51%)]	 Training Loss: 0.029 ACC: 99.00 CR: 0.59 Avg R1: 4.95 Avg R2: 4.30 Avg Reward: 9.251393
2025-10-26 17:29:06 [INFO] Epoch: 180 [38400/50000 (77%)]	 Training Loss: 0.029 ACC: 99.01 CR: 0.60 Avg R1: 4.95 Avg R2: 4.31 Avg Reward: 9.260952
2025-10-26 17:29:20 [INFO] EPOCH:180, ======================CR:0.59748====================
2025-10-26 17:29:20 [INFO] 0.04396511998649124
2025-10-26 17:29:23 [INFO] EPOCH:180, ======================ACC:77.6====================
2025-10-26 17:29:23 [INFO] BEST EPOCH:179,BEST ACC:77.72
2025-10-26 17:29:39 [INFO] Epoch: 181 [12800/50000 (26%)]	 Training Loss: 0.029 ACC: 99.05 CR: 0.60 Avg R1: 4.97 Avg R2: 4.31 Avg Reward: 9.274204
2025-10-26 17:29:54 [INFO] Epoch: 181 [25600/50000 (51%)]	 Training Loss: 0.030 ACC: 99.04 CR: 0.60 Avg R1: 4.97 Avg R2: 4.31 Avg Reward: 9.281152
2025-10-26 17:30:09 [INFO] Epoch: 181 [38400/50000 (77%)]	 Training Loss: 0.029 ACC: 99.06 CR: 0.60 Avg R1: 4.98 Avg R2: 4.31 Avg Reward: 9.291161
2025-10-26 17:30:24 [INFO] EPOCH:181, ======================CR:0.60464====================
2025-10-26 17:30:24 [INFO] 0.03761186898384268
2025-10-26 17:30:26 [INFO] EPOCH:181, ======================ACC:77.53====================
2025-10-26 17:30:26 [INFO] BEST EPOCH:179,BEST ACC:77.72
2025-10-26 17:30:42 [INFO] Epoch: 182 [12800/50000 (26%)]	 Training Loss: 0.027 ACC: 99.12 CR: 0.60 Avg R1: 4.95 Avg R2: 4.32 Avg Reward: 9.266093
2025-10-26 17:30:56 [INFO] Epoch: 182 [25600/50000 (51%)]	 Training Loss: 0.027 ACC: 99.12 CR: 0.61 Avg R1: 4.95 Avg R2: 4.32 Avg Reward: 9.266629
2025-10-26 17:31:12 [INFO] Epoch: 182 [38400/50000 (77%)]	 Training Loss: 0.027 ACC: 99.15 CR: 0.60 Avg R1: 4.95 Avg R2: 4.32 Avg Reward: 9.270742
2025-10-26 17:31:27 [INFO] EPOCH:182, ======================CR:0.60026====================
2025-10-26 17:31:27 [INFO] 0.04628762254998513
2025-10-26 17:31:30 [INFO] EPOCH:182, ======================ACC:77.87====================
2025-10-26 17:31:30 [INFO] BEST EPOCH:182,BEST ACC:77.87
2025-10-26 17:31:45 [INFO] Epoch: 183 [12800/50000 (26%)]	 Training Loss: 0.027 ACC: 99.19 CR: 0.60 Avg R1: 5.00 Avg R2: 4.29 Avg Reward: 9.289226
2025-10-26 17:32:01 [INFO] Epoch: 183 [25600/50000 (51%)]	 Training Loss: 0.027 ACC: 99.13 CR: 0.60 Avg R1: 4.99 Avg R2: 4.29 Avg Reward: 9.285101
2025-10-26 17:32:16 [INFO] Epoch: 183 [38400/50000 (77%)]	 Training Loss: 0.027 ACC: 99.16 CR: 0.60 Avg R1: 4.99 Avg R2: 4.29 Avg Reward: 9.277643
2025-10-26 17:32:30 [INFO] EPOCH:183, ======================CR:0.59888====================
2025-10-26 17:32:30 [INFO] 0.04652356391609898
2025-10-26 17:32:33 [INFO] EPOCH:183, ======================ACC:77.78====================
2025-10-26 17:32:33 [INFO] BEST EPOCH:182,BEST ACC:77.87
2025-10-26 17:32:48 [INFO] Epoch: 184 [12800/50000 (26%)]	 Training Loss: 0.027 ACC: 99.20 CR: 0.60 Avg R1: 4.99 Avg R2: 4.28 Avg Reward: 9.274660
2025-10-26 17:33:04 [INFO] Epoch: 184 [25600/50000 (51%)]	 Training Loss: 0.027 ACC: 99.15 CR: 0.60 Avg R1: 5.00 Avg R2: 4.28 Avg Reward: 9.278011
2025-10-26 17:33:19 [INFO] Epoch: 184 [38400/50000 (77%)]	 Training Loss: 0.027 ACC: 99.12 CR: 0.60 Avg R1: 4.99 Avg R2: 4.29 Avg Reward: 9.274816
2025-10-26 17:33:33 [INFO] EPOCH:184, ======================CR:0.60558====================
2025-10-26 17:33:33 [INFO] 0.04690431181823323
2025-10-26 17:33:36 [INFO] EPOCH:184, ======================ACC:77.7====================
2025-10-26 17:33:36 [INFO] BEST EPOCH:182,BEST ACC:77.87
2025-10-26 17:33:52 [INFO] Epoch: 185 [12800/50000 (26%)]	 Training Loss: 0.027 ACC: 99.11 CR: 0.61 Avg R1: 4.93 Avg R2: 4.30 Avg Reward: 9.233489
2025-10-26 17:34:07 [INFO] Epoch: 185 [25600/50000 (51%)]	 Training Loss: 0.027 ACC: 99.10 CR: 0.60 Avg R1: 4.94 Avg R2: 4.30 Avg Reward: 9.240326
2025-10-26 17:34:22 [INFO] Epoch: 185 [38400/50000 (77%)]	 Training Loss: 0.026 ACC: 99.13 CR: 0.60 Avg R1: 4.96 Avg R2: 4.29 Avg Reward: 9.247462
2025-10-26 17:34:36 [INFO] EPOCH:185, ======================CR:0.59778====================
2025-10-26 17:34:36 [INFO] 0.046981835975923224
2025-10-26 17:34:39 [INFO] EPOCH:185, ======================ACC:77.91====================
2025-10-26 17:34:39 [INFO] BEST EPOCH:185,BEST ACC:77.91
2025-10-26 17:34:55 [INFO] Epoch: 186 [12800/50000 (26%)]	 Training Loss: 0.024 ACC: 99.25 CR: 0.60 Avg R1: 4.97 Avg R2: 4.24 Avg Reward: 9.215620
2025-10-26 17:35:11 [INFO] Epoch: 186 [25600/50000 (51%)]	 Training Loss: 0.025 ACC: 99.23 CR: 0.60 Avg R1: 4.97 Avg R2: 4.24 Avg Reward: 9.218147
2025-10-26 17:35:26 [INFO] Epoch: 186 [38400/50000 (77%)]	 Training Loss: 0.025 ACC: 99.23 CR: 0.60 Avg R1: 4.98 Avg R2: 4.25 Avg Reward: 9.224977
2025-10-26 17:35:40 [INFO] EPOCH:186, ======================CR:0.60136====================
2025-10-26 17:35:40 [INFO] 0.04191980680871148
2025-10-26 17:35:43 [INFO] EPOCH:186, ======================ACC:77.92====================
2025-10-26 17:35:43 [INFO] BEST EPOCH:186,BEST ACC:77.92
2025-10-26 17:35:59 [INFO] Epoch: 187 [12800/50000 (26%)]	 Training Loss: 0.024 ACC: 99.27 CR: 0.60 Avg R1: 4.99 Avg R2: 4.25 Avg Reward: 9.246688
2025-10-26 17:36:14 [INFO] Epoch: 187 [25600/50000 (51%)]	 Training Loss: 0.025 ACC: 99.22 CR: 0.60 Avg R1: 4.99 Avg R2: 4.25 Avg Reward: 9.238480
2025-10-26 17:36:29 [INFO] Epoch: 187 [38400/50000 (77%)]	 Training Loss: 0.026 ACC: 99.19 CR: 0.60 Avg R1: 4.99 Avg R2: 4.24 Avg Reward: 9.231546
2025-10-26 17:36:43 [INFO] EPOCH:187, ======================CR:0.60142====================
2025-10-26 17:36:43 [INFO] 0.040337027209342007
2025-10-26 17:36:46 [INFO] EPOCH:187, ======================ACC:78.08====================
2025-10-26 17:36:46 [INFO] BEST EPOCH:187,BEST ACC:78.08
2025-10-26 17:37:02 [INFO] Epoch: 188 [12800/50000 (26%)]	 Training Loss: 0.025 ACC: 99.17 CR: 0.60 Avg R1: 4.98 Avg R2: 4.26 Avg Reward: 9.239293
2025-10-26 17:37:17 [INFO] Epoch: 188 [25600/50000 (51%)]	 Training Loss: 0.027 ACC: 99.12 CR: 0.60 Avg R1: 4.97 Avg R2: 4.26 Avg Reward: 9.230125
2025-10-26 17:37:32 [INFO] Epoch: 188 [38400/50000 (77%)]	 Training Loss: 0.027 ACC: 99.16 CR: 0.60 Avg R1: 4.96 Avg R2: 4.26 Avg Reward: 9.224582
2025-10-26 17:37:46 [INFO] EPOCH:188, ======================CR:0.60268====================
2025-10-26 17:37:46 [INFO] 0.05318304431453795
2025-10-26 17:37:49 [INFO] EPOCH:188, ======================ACC:78.09====================
2025-10-26 17:37:49 [INFO] BEST EPOCH:188,BEST ACC:78.09
2025-10-26 17:38:05 [INFO] Epoch: 189 [12800/50000 (26%)]	 Training Loss: 0.025 ACC: 99.19 CR: 0.60 Avg R1: 4.97 Avg R2: 4.25 Avg Reward: 9.213926
2025-10-26 17:38:20 [INFO] Epoch: 189 [25600/50000 (51%)]	 Training Loss: 0.025 ACC: 99.20 CR: 0.60 Avg R1: 4.97 Avg R2: 4.25 Avg Reward: 9.215912
2025-10-26 17:38:36 [INFO] Epoch: 189 [38400/50000 (77%)]	 Training Loss: 0.025 ACC: 99.22 CR: 0.60 Avg R1: 4.98 Avg R2: 4.24 Avg Reward: 9.219422
2025-10-26 17:38:50 [INFO] EPOCH:189, ======================CR:0.5984====================
2025-10-26 17:38:50 [INFO] 0.039756354862748935
2025-10-26 17:38:53 [INFO] EPOCH:189, ======================ACC:77.98====================
2025-10-26 17:38:53 [INFO] BEST EPOCH:188,BEST ACC:78.09
2025-10-26 17:39:08 [INFO] Epoch: 190 [12800/50000 (26%)]	 Training Loss: 0.025 ACC: 99.30 CR: 0.60 Avg R1: 4.98 Avg R2: 4.23 Avg Reward: 9.207494
2025-10-26 17:39:23 [INFO] Epoch: 190 [25600/50000 (51%)]	 Training Loss: 0.025 ACC: 99.29 CR: 0.60 Avg R1: 4.99 Avg R2: 4.23 Avg Reward: 9.211908
2025-10-26 17:39:38 [INFO] Epoch: 190 [38400/50000 (77%)]	 Training Loss: 0.024 ACC: 99.27 CR: 0.60 Avg R1: 4.99 Avg R2: 4.23 Avg Reward: 9.213466
2025-10-26 17:39:52 [INFO] EPOCH:190, ======================CR:0.60196====================
2025-10-26 17:39:52 [INFO] 0.05192967531744872
2025-10-26 17:39:55 [INFO] EPOCH:190, ======================ACC:78.0====================
2025-10-26 17:39:55 [INFO] BEST EPOCH:188,BEST ACC:78.09
2025-10-26 17:40:11 [INFO] Epoch: 191 [12800/50000 (26%)]	 Training Loss: 0.024 ACC: 99.34 CR: 0.60 Avg R1: 4.98 Avg R2: 4.23 Avg Reward: 9.207360
2025-10-26 17:40:26 [INFO] Epoch: 191 [25600/50000 (51%)]	 Training Loss: 0.025 ACC: 99.25 CR: 0.60 Avg R1: 4.98 Avg R2: 4.22 Avg Reward: 9.194340
2025-10-26 17:40:41 [INFO] Epoch: 191 [38400/50000 (77%)]	 Training Loss: 0.025 ACC: 99.24 CR: 0.59 Avg R1: 4.97 Avg R2: 4.21 Avg Reward: 9.180686
2025-10-26 17:40:55 [INFO] EPOCH:191, ======================CR:0.59344====================
2025-10-26 17:40:55 [INFO] 0.04283391002280236
2025-10-26 17:40:58 [INFO] EPOCH:191, ======================ACC:78.06====================
2025-10-26 17:40:58 [INFO] BEST EPOCH:188,BEST ACC:78.09
2025-10-26 17:41:13 [INFO] Epoch: 192 [12800/50000 (26%)]	 Training Loss: 0.023 ACC: 99.35 CR: 0.60 Avg R1: 4.97 Avg R2: 4.20 Avg Reward: 9.171797
2025-10-26 17:41:28 [INFO] Epoch: 192 [25600/50000 (51%)]	 Training Loss: 0.023 ACC: 99.36 CR: 0.60 Avg R1: 4.98 Avg R2: 4.21 Avg Reward: 9.190339
2025-10-26 17:41:44 [INFO] Epoch: 192 [38400/50000 (77%)]	 Training Loss: 0.024 ACC: 99.30 CR: 0.60 Avg R1: 4.99 Avg R2: 4.22 Avg Reward: 9.201009
2025-10-26 17:41:58 [INFO] EPOCH:192, ======================CR:0.6059====================
2025-10-26 17:41:58 [INFO] 0.04575468616768396
2025-10-26 17:42:01 [INFO] EPOCH:192, ======================ACC:78.1====================
2025-10-26 17:42:01 [INFO] BEST EPOCH:192,BEST ACC:78.1
2025-10-26 17:42:17 [INFO] Epoch: 193 [12800/50000 (26%)]	 Training Loss: 0.024 ACC: 99.30 CR: 0.60 Avg R1: 4.94 Avg R2: 4.25 Avg Reward: 9.188156
2025-10-26 17:42:32 [INFO] Epoch: 193 [25600/50000 (51%)]	 Training Loss: 0.025 ACC: 99.25 CR: 0.60 Avg R1: 4.94 Avg R2: 4.25 Avg Reward: 9.190549
2025-10-26 17:42:47 [INFO] Epoch: 193 [38400/50000 (77%)]	 Training Loss: 0.025 ACC: 99.24 CR: 0.60 Avg R1: 4.94 Avg R2: 4.25 Avg Reward: 9.189993
2025-10-26 17:43:02 [INFO] EPOCH:193, ======================CR:0.60406====================
2025-10-26 17:43:02 [INFO] 0.04441509881819015
2025-10-26 17:43:04 [INFO] EPOCH:193, ======================ACC:78.14====================
2025-10-26 17:43:04 [INFO] BEST EPOCH:193,BEST ACC:78.14
2025-10-26 17:43:20 [INFO] Epoch: 194 [12800/50000 (26%)]	 Training Loss: 0.022 ACC: 99.40 CR: 0.60 Avg R1: 4.95 Avg R2: 4.24 Avg Reward: 9.186678
2025-10-26 17:43:35 [INFO] Epoch: 194 [25600/50000 (51%)]	 Training Loss: 0.023 ACC: 99.30 CR: 0.61 Avg R1: 4.94 Avg R2: 4.24 Avg Reward: 9.181763
2025-10-26 17:43:49 [INFO] Epoch: 194 [38400/50000 (77%)]	 Training Loss: 0.023 ACC: 99.31 CR: 0.60 Avg R1: 4.94 Avg R2: 4.24 Avg Reward: 9.182379
2025-10-26 17:44:02 [INFO] EPOCH:194, ======================CR:0.59914====================
2025-10-26 17:44:02 [INFO] 0.04278193918313545
2025-10-26 17:44:05 [INFO] EPOCH:194, ======================ACC:78.04====================
2025-10-26 17:44:05 [INFO] BEST EPOCH:193,BEST ACC:78.14
2025-10-26 17:44:20 [INFO] Epoch: 195 [12800/50000 (26%)]	 Training Loss: 0.023 ACC: 99.26 CR: 0.60 Avg R1: 4.99 Avg R2: 4.22 Avg Reward: 9.209047
2025-10-26 17:44:33 [INFO] Epoch: 195 [25600/50000 (51%)]	 Training Loss: 0.023 ACC: 99.24 CR: 0.60 Avg R1: 4.99 Avg R2: 4.22 Avg Reward: 9.205199
2025-10-26 17:44:47 [INFO] Epoch: 195 [38400/50000 (77%)]	 Training Loss: 0.023 ACC: 99.27 CR: 0.60 Avg R1: 4.99 Avg R2: 4.21 Avg Reward: 9.200522
2025-10-26 17:45:00 [INFO] EPOCH:195, ======================CR:0.5984====================
2025-10-26 17:45:00 [INFO] 0.035102010674027004
2025-10-26 17:45:02 [INFO] EPOCH:195, ======================ACC:78.17====================
2025-10-26 17:45:02 [INFO] BEST EPOCH:195,BEST ACC:78.17
2025-10-26 17:45:17 [INFO] Epoch: 196 [12800/50000 (26%)]	 Training Loss: 0.025 ACC: 99.24 CR: 0.60 Avg R1: 4.99 Avg R2: 4.20 Avg Reward: 9.192909
2025-10-26 17:45:31 [INFO] Epoch: 196 [25600/50000 (51%)]	 Training Loss: 0.023 ACC: 99.32 CR: 0.60 Avg R1: 4.99 Avg R2: 4.20 Avg Reward: 9.194880
2025-10-26 17:45:45 [INFO] Epoch: 196 [38400/50000 (77%)]	 Training Loss: 0.023 ACC: 99.38 CR: 0.60 Avg R1: 4.99 Avg R2: 4.20 Avg Reward: 9.196622
2025-10-26 17:45:58 [INFO] EPOCH:196, ======================CR:0.60206====================
2025-10-26 17:45:58 [INFO] 0.04087636073968504
2025-10-26 17:46:01 [INFO] EPOCH:196, ======================ACC:78.13====================
2025-10-26 17:46:01 [INFO] BEST EPOCH:195,BEST ACC:78.17
2025-10-26 17:46:17 [INFO] Epoch: 197 [12800/50000 (26%)]	 Training Loss: 0.025 ACC: 99.24 CR: 0.60 Avg R1: 4.97 Avg R2: 4.22 Avg Reward: 9.193853
2025-10-26 17:46:32 [INFO] Epoch: 197 [25600/50000 (51%)]	 Training Loss: 0.025 ACC: 99.27 CR: 0.60 Avg R1: 4.97 Avg R2: 4.22 Avg Reward: 9.191535
2025-10-26 17:46:48 [INFO] Epoch: 197 [38400/50000 (77%)]	 Training Loss: 0.025 ACC: 99.27 CR: 0.60 Avg R1: 4.97 Avg R2: 4.22 Avg Reward: 9.193710
2025-10-26 17:47:02 [INFO] EPOCH:197, ======================CR:0.60066====================
2025-10-26 17:47:02 [INFO] 0.0468411329227821
2025-10-26 17:47:05 [INFO] EPOCH:197, ======================ACC:78.08====================
2025-10-26 17:47:05 [INFO] BEST EPOCH:195,BEST ACC:78.17
2025-10-26 17:47:22 [INFO] Epoch: 198 [12800/50000 (26%)]	 Training Loss: 0.024 ACC: 99.23 CR: 0.60 Avg R1: 4.99 Avg R2: 4.22 Avg Reward: 9.212292
2025-10-26 17:47:37 [INFO] Epoch: 198 [25600/50000 (51%)]	 Training Loss: 0.024 ACC: 99.25 CR: 0.60 Avg R1: 4.99 Avg R2: 4.22 Avg Reward: 9.208163
2025-10-26 17:47:53 [INFO] Epoch: 198 [38400/50000 (77%)]	 Training Loss: 0.024 ACC: 99.26 CR: 0.60 Avg R1: 4.99 Avg R2: 4.22 Avg Reward: 9.205767
2025-10-26 17:48:07 [INFO] EPOCH:198, ======================CR:0.6007====================
2025-10-26 17:48:07 [INFO] 0.04202351066595522
2025-10-26 17:48:10 [INFO] EPOCH:198, ======================ACC:78.08====================
2025-10-26 17:48:10 [INFO] BEST EPOCH:195,BEST ACC:78.17
2025-10-26 17:48:26 [INFO] Epoch: 199 [12800/50000 (26%)]	 Training Loss: 0.022 ACC: 99.40 CR: 0.60 Avg R1: 4.97 Avg R2: 4.22 Avg Reward: 9.193366
2025-10-26 17:48:41 [INFO] Epoch: 199 [25600/50000 (51%)]	 Training Loss: 0.023 ACC: 99.33 CR: 0.60 Avg R1: 4.98 Avg R2: 4.21 Avg Reward: 9.195734
2025-10-26 17:48:57 [INFO] Epoch: 199 [38400/50000 (77%)]	 Training Loss: 0.023 ACC: 99.29 CR: 0.60 Avg R1: 4.99 Avg R2: 4.21 Avg Reward: 9.196978
2025-10-26 17:49:11 [INFO] EPOCH:199, ======================CR:0.59818====================
2025-10-26 17:49:11 [INFO] 0.038605071501958355
2025-10-26 17:49:14 [INFO] EPOCH:199, ======================ACC:78.08====================
2025-10-26 17:49:14 [INFO] BEST EPOCH:195,BEST ACC:78.17
