2025-10-26 13:05:53 [INFO] Epoch: 0 [12800/50000 (26%)]	 Training Loss: 1.858 ACC: 11.88 CR: 0.87 Avg R1: 1.65 Avg R2: 8.53 Avg Reward: 10.185008
2025-10-26 13:06:10 [INFO] Epoch: 0 [25600/50000 (51%)]	 Training Loss: 1.824 ACC: 12.74 CR: 0.74 Avg R1: 3.04 Avg R2: 7.95 Avg Reward: 10.990228
2025-10-26 13:06:26 [INFO] Epoch: 0 [38400/50000 (77%)]	 Training Loss: 1.803 ACC: 13.33 CR: 0.61 Avg R1: 3.44 Avg R2: 7.36 Avg Reward: 10.792724
2025-10-26 13:06:41 [INFO] EPOCH:0, ======================CR:0.48926====================
2025-10-26 13:06:41 [INFO] 0.009776369265283615
2025-10-26 13:06:44 [INFO] EPOCH:0, ======================ACC:17.67====================
2025-10-26 13:06:44 [INFO] BEST EPOCH:0,BEST ACC:17.67
2025-10-26 13:07:01 [INFO] Epoch: 1 [12800/50000 (26%)]	 Training Loss: 1.661 ACC: 17.25 CR: 0.48 Avg R1: 3.05 Avg R2: 4.19 Avg Reward: 7.242891
2025-10-26 13:07:18 [INFO] Epoch: 1 [25600/50000 (51%)]	 Training Loss: 1.615 ACC: 17.93 CR: 0.48 Avg R1: 3.03 Avg R2: 4.18 Avg Reward: 7.207122
2025-10-26 13:07:35 [INFO] Epoch: 1 [38400/50000 (77%)]	 Training Loss: 1.586 ACC: 18.19 CR: 0.46 Avg R1: 3.00 Avg R2: 4.15 Avg Reward: 7.150012
2025-10-26 13:07:50 [INFO] EPOCH:1, ======================CR:0.4544====================
2025-10-26 13:07:50 [INFO] -0.01398942063018007
2025-10-26 13:07:53 [INFO] EPOCH:1, ======================ACC:20.79====================
2025-10-26 13:07:53 [INFO] BEST EPOCH:1,BEST ACC:20.79
2025-10-26 13:08:10 [INFO] Epoch: 2 [12800/50000 (26%)]	 Training Loss: 1.354 ACC: 21.08 CR: 0.44 Avg R1: 2.81 Avg R2: 4.76 Avg Reward: 7.565096
2025-10-26 13:08:26 [INFO] Epoch: 2 [25600/50000 (51%)]	 Training Loss: 1.238 ACC: 22.32 CR: 0.39 Avg R1: 2.69 Avg R2: 4.64 Avg Reward: 7.336764
2025-10-26 13:08:43 [INFO] Epoch: 2 [38400/50000 (77%)]	 Training Loss: 1.121 ACC: 23.01 CR: 0.32 Avg R1: 2.53 Avg R2: 4.48 Avg Reward: 7.011394
2025-10-26 13:08:59 [INFO] EPOCH:2, ======================CR:0.24696====================
2025-10-26 13:08:59 [INFO] -0.015246739844662032
2025-10-26 13:09:02 [INFO] EPOCH:2, ======================ACC:26.54====================
2025-10-26 13:09:02 [INFO] BEST EPOCH:2,BEST ACC:26.54
2025-10-26 13:09:19 [INFO] Epoch: 3 [12800/50000 (26%)]	 Training Loss: 0.710 ACC: 26.09 CR: 0.21 Avg R1: 1.44 Avg R2: 3.50 Avg Reward: 4.938300
2025-10-26 13:09:37 [INFO] Epoch: 3 [25600/50000 (51%)]	 Training Loss: 0.735 ACC: 26.45 CR: 0.18 Avg R1: 1.33 Avg R2: 3.37 Avg Reward: 4.698175
2025-10-26 13:09:55 [INFO] Epoch: 3 [38400/50000 (77%)]	 Training Loss: 0.722 ACC: 26.50 CR: 0.15 Avg R1: 1.23 Avg R2: 3.25 Avg Reward: 4.475573
2025-10-26 13:10:12 [INFO] EPOCH:3, ======================CR:0.11266====================
2025-10-26 13:10:12 [INFO] -0.00786765666790147
2025-10-26 13:10:15 [INFO] EPOCH:3, ======================ACC:28.11====================
2025-10-26 13:10:15 [INFO] BEST EPOCH:3,BEST ACC:28.11
2025-10-26 13:10:32 [INFO] Epoch: 4 [12800/50000 (26%)]	 Training Loss: 0.612 ACC: 30.08 CR: 0.11 Avg R1: 0.68 Avg R2: 2.69 Avg Reward: 3.365907
2025-10-26 13:10:50 [INFO] Epoch: 4 [25600/50000 (51%)]	 Training Loss: 0.616 ACC: 29.60 CR: 0.10 Avg R1: 0.66 Avg R2: 2.66 Avg Reward: 3.318248
2025-10-26 13:11:07 [INFO] Epoch: 4 [38400/50000 (77%)]	 Training Loss: 0.616 ACC: 29.87 CR: 0.09 Avg R1: 0.65 Avg R2: 2.63 Avg Reward: 3.275574
2025-10-26 13:11:22 [INFO] EPOCH:4, ======================CR:0.08026====================
2025-10-26 13:11:22 [INFO] -0.012512119209154444
2025-10-26 13:11:25 [INFO] EPOCH:4, ======================ACC:31.49====================
2025-10-26 13:11:25 [INFO] BEST EPOCH:4,BEST ACC:31.49
2025-10-26 13:11:42 [INFO] Epoch: 5 [12800/50000 (26%)]	 Training Loss: 0.546 ACC: 31.96 CR: 0.08 Avg R1: 0.48 Avg R2: 2.45 Avg Reward: 2.931002
2025-10-26 13:12:00 [INFO] Epoch: 5 [25600/50000 (51%)]	 Training Loss: 0.579 ACC: 32.02 CR: 0.08 Avg R1: 0.49 Avg R2: 2.45 Avg Reward: 2.942049
2025-10-26 13:12:17 [INFO] Epoch: 5 [38400/50000 (77%)]	 Training Loss: 0.598 ACC: 31.93 CR: 0.09 Avg R1: 0.50 Avg R2: 2.48 Avg Reward: 2.975709
2025-10-26 13:12:34 [INFO] EPOCH:5, ======================CR:0.09152====================
2025-10-26 13:12:34 [INFO] -0.0007862364558778071
2025-10-26 13:12:37 [INFO] EPOCH:5, ======================ACC:31.52====================
2025-10-26 13:12:37 [INFO] BEST EPOCH:5,BEST ACC:31.52
2025-10-26 13:12:55 [INFO] Epoch: 6 [12800/50000 (26%)]	 Training Loss: 0.631 ACC: 33.27 CR: 0.10 Avg R1: 0.58 Avg R2: 2.64 Avg Reward: 3.227346
2025-10-26 13:13:12 [INFO] Epoch: 6 [25600/50000 (51%)]	 Training Loss: 0.691 ACC: 33.32 CR: 0.12 Avg R1: 0.63 Avg R2: 2.71 Avg Reward: 3.341291
2025-10-26 13:13:30 [INFO] Epoch: 6 [38400/50000 (77%)]	 Training Loss: 0.717 ACC: 33.14 CR: 0.14 Avg R1: 0.70 Avg R2: 2.80 Avg Reward: 3.497709
2025-10-26 13:13:47 [INFO] EPOCH:6, ======================CR:0.16918====================
2025-10-26 13:13:47 [INFO] 0.00028780593111027734
2025-10-26 13:13:51 [INFO] EPOCH:6, ======================ACC:32.82====================
2025-10-26 13:13:51 [INFO] BEST EPOCH:6,BEST ACC:32.82
2025-10-26 13:14:08 [INFO] Epoch: 7 [12800/50000 (26%)]	 Training Loss: 0.748 ACC: 35.15 CR: 0.17 Avg R1: 1.07 Avg R2: 3.25 Avg Reward: 4.322346
2025-10-26 13:14:26 [INFO] Epoch: 7 [25600/50000 (51%)]	 Training Loss: 0.733 ACC: 35.63 CR: 0.18 Avg R1: 1.08 Avg R2: 3.27 Avg Reward: 4.358584
2025-10-26 13:14:43 [INFO] Epoch: 7 [38400/50000 (77%)]	 Training Loss: 0.715 ACC: 35.90 CR: 0.17 Avg R1: 1.08 Avg R2: 3.28 Avg Reward: 4.361054
2025-10-26 13:14:59 [INFO] EPOCH:7, ======================CR:0.18674====================
2025-10-26 13:14:59 [INFO] -0.006003703150238396
2025-10-26 13:15:02 [INFO] EPOCH:7, ======================ACC:33.19====================
2025-10-26 13:15:02 [INFO] BEST EPOCH:7,BEST ACC:33.19
2025-10-26 13:15:20 [INFO] Epoch: 8 [12800/50000 (26%)]	 Training Loss: 0.800 ACC: 37.57 CR: 0.20 Avg R1: 1.23 Avg R2: 3.37 Avg Reward: 4.600337
2025-10-26 13:15:38 [INFO] Epoch: 8 [25600/50000 (51%)]	 Training Loss: 0.746 ACC: 37.80 CR: 0.20 Avg R1: 1.25 Avg R2: 3.39 Avg Reward: 4.644168
2025-10-26 13:15:55 [INFO] Epoch: 8 [38400/50000 (77%)]	 Training Loss: 0.726 ACC: 38.54 CR: 0.21 Avg R1: 1.26 Avg R2: 3.40 Avg Reward: 4.661697
2025-10-26 13:16:12 [INFO] EPOCH:8, ======================CR:0.21102====================
2025-10-26 13:16:12 [INFO] -0.010193071664959722
2025-10-26 13:16:15 [INFO] EPOCH:8, ======================ACC:36.66====================
2025-10-26 13:16:15 [INFO] BEST EPOCH:8,BEST ACC:36.66
2025-10-26 13:16:33 [INFO] Epoch: 9 [12800/50000 (26%)]	 Training Loss: 0.742 ACC: 40.77 CR: 0.22 Avg R1: 1.34 Avg R2: 3.41 Avg Reward: 4.744984
2025-10-26 13:16:51 [INFO] Epoch: 9 [25600/50000 (51%)]	 Training Loss: 0.751 ACC: 40.76 CR: 0.23 Avg R1: 1.37 Avg R2: 3.44 Avg Reward: 4.803976
2025-10-26 13:17:08 [INFO] Epoch: 9 [38400/50000 (77%)]	 Training Loss: 0.754 ACC: 40.80 CR: 0.24 Avg R1: 1.40 Avg R2: 3.47 Avg Reward: 4.872213
2025-10-26 13:17:24 [INFO] EPOCH:9, ======================CR:0.25506====================
2025-10-26 13:17:24 [INFO] -0.004185475181934286
2025-10-26 13:17:27 [INFO] EPOCH:9, ======================ACC:37.04====================
2025-10-26 13:17:27 [INFO] BEST EPOCH:9,BEST ACC:37.04
2025-10-26 13:17:46 [INFO] Epoch: 10 [12800/50000 (26%)]	 Training Loss: 0.673 ACC: 43.72 CR: 0.25 Avg R1: 1.58 Avg R2: 3.59 Avg Reward: 5.166765
2025-10-26 13:18:05 [INFO] Epoch: 10 [25600/50000 (51%)]	 Training Loss: 0.663 ACC: 43.70 CR: 0.23 Avg R1: 1.54 Avg R2: 3.55 Avg Reward: 5.081963
2025-10-26 13:18:22 [INFO] Epoch: 10 [38400/50000 (77%)]	 Training Loss: 0.658 ACC: 43.84 CR: 0.22 Avg R1: 1.50 Avg R2: 3.51 Avg Reward: 5.006244
2025-10-26 13:18:38 [INFO] EPOCH:10, ======================CR:0.21706====================
2025-10-26 13:18:38 [INFO] -0.0013259858288593006
2025-10-26 13:18:41 [INFO] EPOCH:10, ======================ACC:43.62====================
2025-10-26 13:18:41 [INFO] BEST EPOCH:10,BEST ACC:43.62
2025-10-26 13:18:59 [INFO] Epoch: 11 [12800/50000 (26%)]	 Training Loss: 0.711 ACC: 44.70 CR: 0.23 Avg R1: 1.39 Avg R2: 3.31 Avg Reward: 4.701065
2025-10-26 13:19:17 [INFO] Epoch: 11 [25600/50000 (51%)]	 Training Loss: 0.701 ACC: 44.67 CR: 0.24 Avg R1: 1.42 Avg R2: 3.35 Avg Reward: 4.768066
2025-10-26 13:19:35 [INFO] Epoch: 11 [38400/50000 (77%)]	 Training Loss: 0.683 ACC: 45.15 CR: 0.24 Avg R1: 1.44 Avg R2: 3.37 Avg Reward: 4.814162
2025-10-26 13:19:51 [INFO] EPOCH:11, ======================CR:0.24542====================
2025-10-26 13:19:51 [INFO] -0.006046775983847465
2025-10-26 13:19:55 [INFO] EPOCH:11, ======================ACC:42.87====================
2025-10-26 13:19:55 [INFO] BEST EPOCH:10,BEST ACC:43.62
2025-10-26 13:20:12 [INFO] Epoch: 12 [12800/50000 (26%)]	 Training Loss: 0.606 ACC: 46.96 CR: 0.24 Avg R1: 1.52 Avg R2: 3.41 Avg Reward: 4.927114
2025-10-26 13:20:30 [INFO] Epoch: 12 [25600/50000 (51%)]	 Training Loss: 0.604 ACC: 47.30 CR: 0.23 Avg R1: 1.49 Avg R2: 3.38 Avg Reward: 4.869300
2025-10-26 13:20:47 [INFO] Epoch: 12 [38400/50000 (77%)]	 Training Loss: 0.605 ACC: 47.42 CR: 0.22 Avg R1: 1.46 Avg R2: 3.35 Avg Reward: 4.810460
2025-10-26 13:21:03 [INFO] EPOCH:12, ======================CR:0.2217====================
2025-10-26 13:21:03 [INFO] -0.01014363687909787
2025-10-26 13:21:06 [INFO] EPOCH:12, ======================ACC:44.0====================
2025-10-26 13:21:06 [INFO] BEST EPOCH:12,BEST ACC:44.0
2025-10-26 13:21:24 [INFO] Epoch: 13 [12800/50000 (26%)]	 Training Loss: 0.642 ACC: 48.07 CR: 0.23 Avg R1: 1.41 Avg R2: 3.23 Avg Reward: 4.633032
2025-10-26 13:21:41 [INFO] Epoch: 13 [25600/50000 (51%)]	 Training Loss: 0.643 ACC: 48.59 CR: 0.24 Avg R1: 1.43 Avg R2: 3.26 Avg Reward: 4.694616
2025-10-26 13:21:59 [INFO] Epoch: 13 [38400/50000 (77%)]	 Training Loss: 0.645 ACC: 48.63 CR: 0.25 Avg R1: 1.47 Avg R2: 3.30 Avg Reward: 4.764025
2025-10-26 13:22:16 [INFO] EPOCH:13, ======================CR:0.25286====================
2025-10-26 13:22:16 [INFO] 0.003730064073002985
2025-10-26 13:22:19 [INFO] EPOCH:13, ======================ACC:48.24====================
2025-10-26 13:22:19 [INFO] BEST EPOCH:13,BEST ACC:48.24
2025-10-26 13:22:37 [INFO] Epoch: 14 [12800/50000 (26%)]	 Training Loss: 0.596 ACC: 50.15 CR: 0.25 Avg R1: 1.56 Avg R2: 3.36 Avg Reward: 4.925570
2025-10-26 13:22:55 [INFO] Epoch: 14 [25600/50000 (51%)]	 Training Loss: 0.595 ACC: 50.64 CR: 0.24 Avg R1: 1.55 Avg R2: 3.35 Avg Reward: 4.893064
2025-10-26 13:23:12 [INFO] Epoch: 14 [38400/50000 (77%)]	 Training Loss: 0.597 ACC: 50.52 CR: 0.24 Avg R1: 1.53 Avg R2: 3.33 Avg Reward: 4.868528
2025-10-26 13:23:28 [INFO] EPOCH:14, ======================CR:0.23668====================
2025-10-26 13:23:28 [INFO] -0.0035994839398810785
2025-10-26 13:23:31 [INFO] EPOCH:14, ======================ACC:51.05====================
2025-10-26 13:23:31 [INFO] BEST EPOCH:14,BEST ACC:51.05
2025-10-26 13:23:49 [INFO] Epoch: 15 [12800/50000 (26%)]	 Training Loss: 0.585 ACC: 51.69 CR: 0.24 Avg R1: 1.48 Avg R2: 3.24 Avg Reward: 4.723327
2025-10-26 13:24:07 [INFO] Epoch: 15 [25600/50000 (51%)]	 Training Loss: 0.609 ACC: 51.11 CR: 0.25 Avg R1: 1.50 Avg R2: 3.26 Avg Reward: 4.760065
2025-10-26 13:24:23 [INFO] Epoch: 15 [38400/50000 (77%)]	 Training Loss: 0.613 ACC: 51.07 CR: 0.25 Avg R1: 1.52 Avg R2: 3.29 Avg Reward: 4.803000
2025-10-26 13:24:37 [INFO] EPOCH:15, ======================CR:0.26792====================
2025-10-26 13:24:37 [INFO] 0.003367702606263319
2025-10-26 13:24:40 [INFO] EPOCH:15, ======================ACC:48.12====================
2025-10-26 13:24:40 [INFO] BEST EPOCH:14,BEST ACC:51.05
2025-10-26 13:24:55 [INFO] Epoch: 16 [12800/50000 (26%)]	 Training Loss: 0.654 ACC: 51.90 CR: 0.28 Avg R1: 1.71 Avg R2: 3.47 Avg Reward: 5.174150
2025-10-26 13:25:10 [INFO] Epoch: 16 [25600/50000 (51%)]	 Training Loss: 0.688 ACC: 51.77 CR: 0.30 Avg R1: 1.76 Avg R2: 3.52 Avg Reward: 5.274204
2025-10-26 13:25:26 [INFO] Epoch: 16 [38400/50000 (77%)]	 Training Loss: 0.716 ACC: 51.41 CR: 0.33 Avg R1: 1.83 Avg R2: 3.59 Avg Reward: 5.424155
2025-10-26 13:25:40 [INFO] EPOCH:16, ======================CR:0.3682====================
2025-10-26 13:25:40 [INFO] -0.0055049874091962665
2025-10-26 13:25:43 [INFO] EPOCH:16, ======================ACC:44.7====================
2025-10-26 13:25:43 [INFO] BEST EPOCH:14,BEST ACC:51.05
2025-10-26 13:25:58 [INFO] Epoch: 17 [12800/50000 (26%)]	 Training Loss: 0.806 ACC: 51.89 CR: 0.38 Avg R1: 2.35 Avg R2: 4.09 Avg Reward: 6.433673
2025-10-26 13:26:14 [INFO] Epoch: 17 [25600/50000 (51%)]	 Training Loss: 0.820 ACC: 51.61 CR: 0.40 Avg R1: 2.40 Avg R2: 4.14 Avg Reward: 6.542291
2025-10-26 13:26:30 [INFO] Epoch: 17 [38400/50000 (77%)]	 Training Loss: 0.817 ACC: 51.92 CR: 0.42 Avg R1: 2.46 Avg R2: 4.21 Avg Reward: 6.670543
2025-10-26 13:26:44 [INFO] EPOCH:17, ======================CR:0.43872====================
2025-10-26 13:26:44 [INFO] 0.004973636889705673
2025-10-26 13:26:46 [INFO] EPOCH:17, ======================ACC:49.64====================
2025-10-26 13:26:46 [INFO] BEST EPOCH:14,BEST ACC:51.05
2025-10-26 13:27:02 [INFO] Epoch: 18 [12800/50000 (26%)]	 Training Loss: 0.743 ACC: 53.02 CR: 0.43 Avg R1: 2.72 Avg R2: 4.45 Avg Reward: 7.170742
2025-10-26 13:27:17 [INFO] Epoch: 18 [25600/50000 (51%)]	 Training Loss: 0.731 ACC: 54.04 CR: 0.42 Avg R1: 2.69 Avg R2: 4.41 Avg Reward: 7.102672
2025-10-26 13:27:33 [INFO] Epoch: 18 [38400/50000 (77%)]	 Training Loss: 0.732 ACC: 53.95 CR: 0.41 Avg R1: 2.65 Avg R2: 4.38 Avg Reward: 7.033620
2025-10-26 13:27:47 [INFO] EPOCH:18, ======================CR:0.40618====================
2025-10-26 13:27:47 [INFO] -0.004432381855670002
2025-10-26 13:27:50 [INFO] EPOCH:18, ======================ACC:52.77====================
2025-10-26 13:27:50 [INFO] BEST EPOCH:18,BEST ACC:52.77
2025-10-26 13:28:05 [INFO] Epoch: 19 [12800/50000 (26%)]	 Training Loss: 0.746 ACC: 54.53 CR: 0.41 Avg R1: 2.56 Avg R2: 4.23 Avg Reward: 6.791361
2025-10-26 13:28:21 [INFO] Epoch: 19 [25600/50000 (51%)]	 Training Loss: 0.734 ACC: 54.59 CR: 0.41 Avg R1: 2.57 Avg R2: 4.24 Avg Reward: 6.808331
2025-10-26 13:28:36 [INFO] Epoch: 19 [38400/50000 (77%)]	 Training Loss: 0.742 ACC: 54.23 CR: 0.42 Avg R1: 2.58 Avg R2: 4.25 Avg Reward: 6.825536
2025-10-26 13:28:51 [INFO] EPOCH:19, ======================CR:0.41902====================
2025-10-26 13:28:51 [INFO] -0.004250300737616783
2025-10-26 13:28:53 [INFO] EPOCH:19, ======================ACC:51.9====================
2025-10-26 13:28:53 [INFO] BEST EPOCH:18,BEST ACC:52.77
2025-10-26 13:29:09 [INFO] Epoch: 20 [12800/50000 (26%)]	 Training Loss: 0.712 ACC: 54.80 CR: 0.41 Avg R1: 2.60 Avg R2: 4.26 Avg Reward: 6.869719
2025-10-26 13:29:24 [INFO] Epoch: 20 [25600/50000 (51%)]	 Training Loss: 0.698 ACC: 55.75 CR: 0.41 Avg R1: 2.59 Avg R2: 4.25 Avg Reward: 6.836936
2025-10-26 13:29:40 [INFO] Epoch: 20 [38400/50000 (77%)]	 Training Loss: 0.707 ACC: 55.61 CR: 0.41 Avg R1: 2.58 Avg R2: 4.24 Avg Reward: 6.821824
2025-10-26 13:29:54 [INFO] EPOCH:20, ======================CR:0.40624====================
2025-10-26 13:29:54 [INFO] 0.007355026291926287
2025-10-26 13:29:57 [INFO] EPOCH:20, ======================ACC:50.09====================
2025-10-26 13:29:57 [INFO] BEST EPOCH:18,BEST ACC:52.77
2025-10-26 13:30:13 [INFO] Epoch: 21 [12800/50000 (26%)]	 Training Loss: 0.713 ACC: 57.01 CR: 0.42 Avg R1: 2.57 Avg R2: 4.21 Avg Reward: 6.783111
2025-10-26 13:30:28 [INFO] Epoch: 21 [25600/50000 (51%)]	 Training Loss: 0.724 ACC: 56.73 CR: 0.43 Avg R1: 2.61 Avg R2: 4.25 Avg Reward: 6.864905
2025-10-26 13:30:44 [INFO] Epoch: 21 [38400/50000 (77%)]	 Training Loss: 0.739 ACC: 56.42 CR: 0.45 Avg R1: 2.66 Avg R2: 4.30 Avg Reward: 6.960846
2025-10-26 13:30:58 [INFO] EPOCH:21, ======================CR:0.46592====================
2025-10-26 13:30:58 [INFO] 0.007779303077408114
2025-10-26 13:31:01 [INFO] EPOCH:21, ======================ACC:51.36====================
2025-10-26 13:31:01 [INFO] BEST EPOCH:18,BEST ACC:52.77
2025-10-26 13:31:17 [INFO] Epoch: 22 [12800/50000 (26%)]	 Training Loss: 0.750 ACC: 57.39 CR: 0.47 Avg R1: 2.92 Avg R2: 4.57 Avg Reward: 7.490430
2025-10-26 13:31:33 [INFO] Epoch: 22 [25600/50000 (51%)]	 Training Loss: 0.744 ACC: 57.25 CR: 0.47 Avg R1: 2.93 Avg R2: 4.58 Avg Reward: 7.506706
2025-10-26 13:31:50 [INFO] Epoch: 22 [38400/50000 (77%)]	 Training Loss: 0.741 ACC: 56.91 CR: 0.47 Avg R1: 2.93 Avg R2: 4.57 Avg Reward: 7.498722
2025-10-26 13:32:06 [INFO] EPOCH:22, ======================CR:0.46518====================
2025-10-26 13:32:06 [INFO] 0.013694402541448323
2025-10-26 13:32:09 [INFO] EPOCH:22, ======================ACC:52.82====================
2025-10-26 13:32:09 [INFO] BEST EPOCH:22,BEST ACC:52.82
2025-10-26 13:32:26 [INFO] Epoch: 23 [12800/50000 (26%)]	 Training Loss: 0.694 ACC: 58.52 CR: 0.46 Avg R1: 2.89 Avg R2: 4.53 Avg Reward: 7.427328
2025-10-26 13:32:43 [INFO] Epoch: 23 [25600/50000 (51%)]	 Training Loss: 0.697 ACC: 58.38 CR: 0.46 Avg R1: 2.88 Avg R2: 4.52 Avg Reward: 7.392301
2025-10-26 13:33:00 [INFO] Epoch: 23 [38400/50000 (77%)]	 Training Loss: 0.698 ACC: 58.16 CR: 0.45 Avg R1: 2.86 Avg R2: 4.50 Avg Reward: 7.362911
2025-10-26 13:33:16 [INFO] EPOCH:23, ======================CR:0.4524====================
2025-10-26 13:33:16 [INFO] 0.016509425704198222
2025-10-26 13:33:19 [INFO] EPOCH:23, ======================ACC:53.1====================
2025-10-26 13:33:19 [INFO] BEST EPOCH:23,BEST ACC:53.1
2025-10-26 13:33:36 [INFO] Epoch: 24 [12800/50000 (26%)]	 Training Loss: 0.711 ACC: 58.23 CR: 0.46 Avg R1: 2.85 Avg R2: 4.47 Avg Reward: 7.312247
2025-10-26 13:33:53 [INFO] Epoch: 24 [25600/50000 (51%)]	 Training Loss: 0.711 ACC: 58.54 CR: 0.46 Avg R1: 2.86 Avg R2: 4.48 Avg Reward: 7.342263
2025-10-26 13:34:10 [INFO] Epoch: 24 [38400/50000 (77%)]	 Training Loss: 0.712 ACC: 58.59 CR: 0.47 Avg R1: 2.88 Avg R2: 4.50 Avg Reward: 7.372715
2025-10-26 13:34:26 [INFO] EPOCH:24, ======================CR:0.47718====================
2025-10-26 13:34:26 [INFO] 0.016860436096347922
2025-10-26 13:34:29 [INFO] EPOCH:24, ======================ACC:53.58====================
2025-10-26 13:34:29 [INFO] BEST EPOCH:24,BEST ACC:53.58
2025-10-26 13:34:46 [INFO] Epoch: 25 [12800/50000 (26%)]	 Training Loss: 0.713 ACC: 59.77 CR: 0.48 Avg R1: 2.99 Avg R2: 4.61 Avg Reward: 7.590249
2025-10-26 13:35:04 [INFO] Epoch: 25 [25600/50000 (51%)]	 Training Loss: 0.742 ACC: 59.55 CR: 0.50 Avg R1: 3.01 Avg R2: 4.63 Avg Reward: 7.639727
2025-10-26 13:35:21 [INFO] Epoch: 25 [38400/50000 (77%)]	 Training Loss: 0.770 ACC: 58.79 CR: 0.52 Avg R1: 3.07 Avg R2: 4.68 Avg Reward: 7.749334
2025-10-26 13:35:36 [INFO] EPOCH:25, ======================CR:0.54758====================
2025-10-26 13:35:36 [INFO] 0.012330813122609
2025-10-26 13:35:39 [INFO] EPOCH:25, ======================ACC:49.13====================
2025-10-26 13:35:39 [INFO] BEST EPOCH:24,BEST ACC:53.58
2025-10-26 13:35:56 [INFO] Epoch: 26 [12800/50000 (26%)]	 Training Loss: 0.791 ACC: 58.08 CR: 0.55 Avg R1: 3.43 Avg R2: 5.02 Avg Reward: 8.453717
2025-10-26 13:36:13 [INFO] Epoch: 26 [25600/50000 (51%)]	 Training Loss: 0.771 ACC: 58.91 CR: 0.55 Avg R1: 3.44 Avg R2: 5.03 Avg Reward: 8.465799
2025-10-26 13:36:30 [INFO] Epoch: 26 [38400/50000 (77%)]	 Training Loss: 0.770 ACC: 58.86 CR: 0.55 Avg R1: 3.44 Avg R2: 5.02 Avg Reward: 8.463814
2025-10-26 13:36:45 [INFO] EPOCH:26, ======================CR:0.54644====================
2025-10-26 13:36:45 [INFO] 0.0064488815941937325
2025-10-26 13:36:48 [INFO] EPOCH:26, ======================ACC:58.07====================
2025-10-26 13:36:48 [INFO] BEST EPOCH:26,BEST ACC:58.07
2025-10-26 13:37:05 [INFO] Epoch: 27 [12800/50000 (26%)]	 Training Loss: 0.699 ACC: 61.84 CR: 0.54 Avg R1: 3.40 Avg R2: 4.96 Avg Reward: 8.357759
2025-10-26 13:37:23 [INFO] Epoch: 27 [25600/50000 (51%)]	 Training Loss: 0.700 ACC: 61.56 CR: 0.54 Avg R1: 3.39 Avg R2: 4.95 Avg Reward: 8.337851
2025-10-26 13:37:39 [INFO] Epoch: 27 [38400/50000 (77%)]	 Training Loss: 0.712 ACC: 61.04 CR: 0.54 Avg R1: 3.38 Avg R2: 4.94 Avg Reward: 8.324303
2025-10-26 13:37:54 [INFO] EPOCH:27, ======================CR:0.53606====================
2025-10-26 13:37:54 [INFO] 0.004058311154390853
2025-10-26 13:37:57 [INFO] EPOCH:27, ======================ACC:51.49====================
2025-10-26 13:37:57 [INFO] BEST EPOCH:26,BEST ACC:58.07
2025-10-26 13:38:12 [INFO] Epoch: 28 [12800/50000 (26%)]	 Training Loss: 0.717 ACC: 60.98 CR: 0.54 Avg R1: 3.36 Avg R2: 4.92 Avg Reward: 8.273664
2025-10-26 13:38:27 [INFO] Epoch: 28 [25600/50000 (51%)]	 Training Loss: 0.727 ACC: 60.62 CR: 0.54 Avg R1: 3.36 Avg R2: 4.92 Avg Reward: 8.276282
2025-10-26 13:38:42 [INFO] Epoch: 28 [38400/50000 (77%)]	 Training Loss: 0.722 ACC: 60.58 CR: 0.53 Avg R1: 3.35 Avg R2: 4.91 Avg Reward: 8.262181
2025-10-26 13:38:56 [INFO] EPOCH:28, ======================CR:0.52082====================
2025-10-26 13:38:56 [INFO] 0.015891964835336263
2025-10-26 13:38:58 [INFO] EPOCH:28, ======================ACC:57.0====================
2025-10-26 13:38:58 [INFO] BEST EPOCH:26,BEST ACC:58.07
2025-10-26 13:39:13 [INFO] Epoch: 29 [12800/50000 (26%)]	 Training Loss: 0.614 ACC: 62.78 CR: 0.51 Avg R1: 3.21 Avg R2: 4.78 Avg Reward: 7.987277
2025-10-26 13:39:29 [INFO] Epoch: 29 [25600/50000 (51%)]	 Training Loss: 0.627 ACC: 62.42 CR: 0.49 Avg R1: 3.16 Avg R2: 4.74 Avg Reward: 7.895617
2025-10-26 13:39:45 [INFO] Epoch: 29 [38400/50000 (77%)]	 Training Loss: 0.636 ACC: 62.24 CR: 0.48 Avg R1: 3.12 Avg R2: 4.70 Avg Reward: 7.812595
2025-10-26 13:39:59 [INFO] EPOCH:29, ======================CR:0.4787====================
2025-10-26 13:39:59 [INFO] 0.012036665056370731
2025-10-26 13:40:02 [INFO] EPOCH:29, ======================ACC:57.26====================
2025-10-26 13:40:02 [INFO] BEST EPOCH:26,BEST ACC:58.07
2025-10-26 13:40:17 [INFO] Epoch: 30 [12800/50000 (26%)]	 Training Loss: 0.673 ACC: 62.15 CR: 0.49 Avg R1: 3.02 Avg R2: 4.58 Avg Reward: 7.598693
2025-10-26 13:40:34 [INFO] Epoch: 30 [25600/50000 (51%)]	 Training Loss: 0.678 ACC: 62.41 CR: 0.50 Avg R1: 3.06 Avg R2: 4.62 Avg Reward: 7.679101
2025-10-26 13:40:50 [INFO] Epoch: 30 [38400/50000 (77%)]	 Training Loss: 0.685 ACC: 62.03 CR: 0.52 Avg R1: 3.10 Avg R2: 4.66 Avg Reward: 7.759330
2025-10-26 13:41:05 [INFO] EPOCH:30, ======================CR:0.53234====================
2025-10-26 13:41:05 [INFO] 0.019671068133457786
2025-10-26 13:41:07 [INFO] EPOCH:30, ======================ACC:56.39====================
2025-10-26 13:41:07 [INFO] BEST EPOCH:26,BEST ACC:58.07
2025-10-26 13:41:23 [INFO] Epoch: 31 [12800/50000 (26%)]	 Training Loss: 0.707 ACC: 63.05 CR: 0.54 Avg R1: 3.35 Avg R2: 4.91 Avg Reward: 8.259562
2025-10-26 13:41:40 [INFO] Epoch: 31 [25600/50000 (51%)]	 Training Loss: 0.720 ACC: 62.41 CR: 0.55 Avg R1: 3.38 Avg R2: 4.94 Avg Reward: 8.319182
2025-10-26 13:41:57 [INFO] Epoch: 31 [38400/50000 (77%)]	 Training Loss: 0.726 ACC: 62.10 CR: 0.56 Avg R1: 3.41 Avg R2: 4.97 Avg Reward: 8.382261
2025-10-26 13:42:12 [INFO] EPOCH:31, ======================CR:0.5689====================
2025-10-26 13:42:12 [INFO] 0.020694548179755166
2025-10-26 13:42:15 [INFO] EPOCH:31, ======================ACC:58.85====================
2025-10-26 13:42:15 [INFO] BEST EPOCH:31,BEST ACC:58.85
2025-10-26 13:42:32 [INFO] Epoch: 32 [12800/50000 (26%)]	 Training Loss: 0.708 ACC: 62.91 CR: 0.57 Avg R1: 3.56 Avg R2: 5.10 Avg Reward: 8.664983
2025-10-26 13:42:49 [INFO] Epoch: 32 [25600/50000 (51%)]	 Training Loss: 0.725 ACC: 62.88 CR: 0.58 Avg R1: 3.58 Avg R2: 5.11 Avg Reward: 8.688387
2025-10-26 13:43:06 [INFO] Epoch: 32 [38400/50000 (77%)]	 Training Loss: 0.741 ACC: 62.74 CR: 0.60 Avg R1: 3.61 Avg R2: 5.14 Avg Reward: 8.746150
2025-10-26 13:43:21 [INFO] EPOCH:32, ======================CR:0.60528====================
2025-10-26 13:43:21 [INFO] 0.032765795960592814
2025-10-26 13:43:24 [INFO] EPOCH:32, ======================ACC:60.09====================
2025-10-26 13:43:24 [INFO] BEST EPOCH:32,BEST ACC:60.09
2025-10-26 13:43:41 [INFO] Epoch: 33 [12800/50000 (26%)]	 Training Loss: 0.721 ACC: 63.12 CR: 0.60 Avg R1: 3.77 Avg R2: 5.30 Avg Reward: 9.071099
2025-10-26 13:43:58 [INFO] Epoch: 33 [25600/50000 (51%)]	 Training Loss: 0.708 ACC: 62.93 CR: 0.59 Avg R1: 3.75 Avg R2: 5.27 Avg Reward: 9.020254
2025-10-26 13:44:15 [INFO] Epoch: 33 [38400/50000 (77%)]	 Training Loss: 0.706 ACC: 62.87 CR: 0.58 Avg R1: 3.71 Avg R2: 5.24 Avg Reward: 8.949913
2025-10-26 13:44:30 [INFO] EPOCH:33, ======================CR:0.56826====================
2025-10-26 13:44:30 [INFO] 0.014753012802616016
2025-10-26 13:44:33 [INFO] EPOCH:33, ======================ACC:42.98====================
2025-10-26 13:44:33 [INFO] BEST EPOCH:32,BEST ACC:60.09
2025-10-26 13:44:50 [INFO] Epoch: 34 [12800/50000 (26%)]	 Training Loss: 0.672 ACC: 64.73 CR: 0.57 Avg R1: 3.55 Avg R2: 5.08 Avg Reward: 8.634712
2025-10-26 13:45:07 [INFO] Epoch: 34 [25600/50000 (51%)]	 Training Loss: 0.685 ACC: 64.20 CR: 0.57 Avg R1: 3.56 Avg R2: 5.09 Avg Reward: 8.646463
2025-10-26 13:45:24 [INFO] Epoch: 34 [38400/50000 (77%)]	 Training Loss: 0.712 ACC: 63.71 CR: 0.59 Avg R1: 3.58 Avg R2: 5.11 Avg Reward: 8.691868
2025-10-26 13:45:39 [INFO] EPOCH:34, ======================CR:0.61814====================
2025-10-26 13:45:39 [INFO] 0.04196450827242329
2025-10-26 13:45:42 [INFO] EPOCH:34, ======================ACC:58.83====================
2025-10-26 13:45:42 [INFO] BEST EPOCH:32,BEST ACC:60.09
2025-10-26 13:45:59 [INFO] Epoch: 35 [12800/50000 (26%)]	 Training Loss: 0.812 ACC: 63.86 CR: 0.64 Avg R1: 3.94 Avg R2: 5.47 Avg Reward: 9.406216
2025-10-26 13:46:16 [INFO] Epoch: 35 [25600/50000 (51%)]	 Training Loss: 0.800 ACC: 63.12 CR: 0.66 Avg R1: 4.00 Avg R2: 5.53 Avg Reward: 9.528943
2025-10-26 13:46:32 [INFO] Epoch: 35 [38400/50000 (77%)]	 Training Loss: 0.797 ACC: 63.03 CR: 0.67 Avg R1: 4.05 Avg R2: 5.57 Avg Reward: 9.626615
2025-10-26 13:46:47 [INFO] EPOCH:35, ======================CR:0.6756====================
2025-10-26 13:46:47 [INFO] 0.05478438809143661
2025-10-26 13:46:51 [INFO] EPOCH:35, ======================ACC:56.11====================
2025-10-26 13:46:51 [INFO] BEST EPOCH:32,BEST ACC:60.09
2025-10-26 13:47:07 [INFO] Epoch: 36 [12800/50000 (26%)]	 Training Loss: 0.699 ACC: 64.45 CR: 0.66 Avg R1: 4.17 Avg R2: 5.70 Avg Reward: 9.868861
2025-10-26 13:47:24 [INFO] Epoch: 36 [25600/50000 (51%)]	 Training Loss: 0.698 ACC: 64.77 CR: 0.64 Avg R1: 4.12 Avg R2: 5.65 Avg Reward: 9.763364
2025-10-26 13:47:41 [INFO] Epoch: 36 [38400/50000 (77%)]	 Training Loss: 0.716 ACC: 64.23 CR: 0.63 Avg R1: 4.07 Avg R2: 5.60 Avg Reward: 9.677381
2025-10-26 13:47:56 [INFO] EPOCH:36, ======================CR:0.63174====================
2025-10-26 13:47:56 [INFO] 0.047091070521681766
2025-10-26 13:48:00 [INFO] EPOCH:36, ======================ACC:57.62====================
2025-10-26 13:48:00 [INFO] BEST EPOCH:32,BEST ACC:60.09
2025-10-26 13:48:17 [INFO] Epoch: 37 [12800/50000 (26%)]	 Training Loss: 0.751 ACC: 65.03 CR: 0.64 Avg R1: 3.99 Avg R2: 5.52 Avg Reward: 9.508025
2025-10-26 13:48:33 [INFO] Epoch: 37 [25600/50000 (51%)]	 Training Loss: 0.765 ACC: 65.12 CR: 0.67 Avg R1: 4.04 Avg R2: 5.57 Avg Reward: 9.613879
2025-10-26 13:48:51 [INFO] Epoch: 37 [38400/50000 (77%)]	 Training Loss: 0.782 ACC: 64.60 CR: 0.69 Avg R1: 4.11 Avg R2: 5.63 Avg Reward: 9.737562
2025-10-26 13:49:05 [INFO] EPOCH:37, ======================CR:0.70402====================
2025-10-26 13:49:05 [INFO] 0.050645986008270936
2025-10-26 13:49:08 [INFO] EPOCH:37, ======================ACC:51.67====================
2025-10-26 13:49:08 [INFO] BEST EPOCH:32,BEST ACC:60.09
2025-10-26 13:49:26 [INFO] Epoch: 38 [12800/50000 (26%)]	 Training Loss: 0.737 ACC: 65.27 CR: 0.70 Avg R1: 4.38 Avg R2: 5.90 Avg Reward: 10.281955
2025-10-26 13:49:43 [INFO] Epoch: 38 [25600/50000 (51%)]	 Training Loss: 0.746 ACC: 65.22 CR: 0.69 Avg R1: 4.36 Avg R2: 5.88 Avg Reward: 10.241157
2025-10-26 13:50:00 [INFO] Epoch: 38 [38400/50000 (77%)]	 Training Loss: 0.757 ACC: 64.92 CR: 0.69 Avg R1: 4.35 Avg R2: 5.88 Avg Reward: 10.226549
2025-10-26 13:50:15 [INFO] EPOCH:38, ======================CR:0.6809====================
2025-10-26 13:50:15 [INFO] 0.04472193290629419
2025-10-26 13:50:18 [INFO] EPOCH:38, ======================ACC:61.96====================
2025-10-26 13:50:18 [INFO] BEST EPOCH:38,BEST ACC:61.96
2025-10-26 13:50:35 [INFO] Epoch: 39 [12800/50000 (26%)]	 Training Loss: 0.684 ACC: 66.94 CR: 0.67 Avg R1: 4.24 Avg R2: 5.74 Avg Reward: 9.972503
2025-10-26 13:50:52 [INFO] Epoch: 39 [25600/50000 (51%)]	 Training Loss: 0.712 ACC: 66.19 CR: 0.68 Avg R1: 4.23 Avg R2: 5.72 Avg Reward: 9.949278
2025-10-26 13:51:09 [INFO] Epoch: 39 [38400/50000 (77%)]	 Training Loss: 0.730 ACC: 65.70 CR: 0.68 Avg R1: 4.23 Avg R2: 5.72 Avg Reward: 9.948964
2025-10-26 13:51:26 [INFO] EPOCH:39, ======================CR:0.68588====================
2025-10-26 13:51:26 [INFO] 0.06089217192930349
2025-10-26 13:51:29 [INFO] EPOCH:39, ======================ACC:55.99====================
2025-10-26 13:51:29 [INFO] BEST EPOCH:38,BEST ACC:61.96
2025-10-26 13:51:47 [INFO] Epoch: 40 [12800/50000 (26%)]	 Training Loss: 0.760 ACC: 65.77 CR: 0.69 Avg R1: 4.30 Avg R2: 5.83 Avg Reward: 10.139643
2025-10-26 13:52:06 [INFO] Epoch: 40 [25600/50000 (51%)]	 Training Loss: 0.755 ACC: 65.67 CR: 0.70 Avg R1: 4.32 Avg R2: 5.85 Avg Reward: 10.166531
2025-10-26 13:52:26 [INFO] Epoch: 40 [38400/50000 (77%)]	 Training Loss: 0.761 ACC: 65.57 CR: 0.70 Avg R1: 4.33 Avg R2: 5.86 Avg Reward: 10.196053
2025-10-26 13:52:44 [INFO] EPOCH:40, ======================CR:0.70108====================
2025-10-26 13:52:44 [INFO] 0.0739760589677593
2025-10-26 13:52:48 [INFO] EPOCH:40, ======================ACC:60.45====================
2025-10-26 13:52:48 [INFO] BEST EPOCH:38,BEST ACC:61.96
2025-10-26 13:53:06 [INFO] Epoch: 41 [12800/50000 (26%)]	 Training Loss: 0.697 ACC: 67.03 CR: 0.69 Avg R1: 4.35 Avg R2: 5.87 Avg Reward: 10.214350
2025-10-26 13:53:25 [INFO] Epoch: 41 [25600/50000 (51%)]	 Training Loss: 0.688 ACC: 67.37 CR: 0.68 Avg R1: 4.31 Avg R2: 5.83 Avg Reward: 10.135221
2025-10-26 13:53:45 [INFO] Epoch: 41 [38400/50000 (77%)]	 Training Loss: 0.684 ACC: 67.03 CR: 0.66 Avg R1: 4.26 Avg R2: 5.78 Avg Reward: 10.042510
2025-10-26 13:54:03 [INFO] EPOCH:41, ======================CR:0.62568====================
2025-10-26 13:54:03 [INFO] 0.06338716621785107
2025-10-26 13:54:06 [INFO] EPOCH:41, ======================ACC:61.09====================
2025-10-26 13:54:06 [INFO] BEST EPOCH:38,BEST ACC:61.96
2025-10-26 13:54:27 [INFO] Epoch: 42 [12800/50000 (26%)]	 Training Loss: 0.607 ACC: 67.99 CR: 0.61 Avg R1: 3.85 Avg R2: 5.40 Avg Reward: 9.250284
2025-10-26 13:54:47 [INFO] Epoch: 42 [25600/50000 (51%)]	 Training Loss: 0.612 ACC: 67.78 CR: 0.60 Avg R1: 3.81 Avg R2: 5.36 Avg Reward: 9.163991
2025-10-26 13:55:08 [INFO] Epoch: 42 [38400/50000 (77%)]	 Training Loss: 0.614 ACC: 67.66 CR: 0.58 Avg R1: 3.76 Avg R2: 5.31 Avg Reward: 9.074642
2025-10-26 13:55:27 [INFO] EPOCH:42, ======================CR:0.55812====================
2025-10-26 13:55:27 [INFO] 0.056302689634772946
2025-10-26 13:55:31 [INFO] EPOCH:42, ======================ACC:60.63====================
2025-10-26 13:55:31 [INFO] BEST EPOCH:38,BEST ACC:61.96
2025-10-26 13:55:52 [INFO] Epoch: 43 [12800/50000 (26%)]	 Training Loss: 0.556 ACC: 69.61 CR: 0.55 Avg R1: 3.45 Avg R2: 5.01 Avg Reward: 8.462594
2025-10-26 13:56:12 [INFO] Epoch: 43 [25600/50000 (51%)]	 Training Loss: 0.575 ACC: 69.18 CR: 0.54 Avg R1: 3.43 Avg R2: 5.00 Avg Reward: 8.429202
2025-10-26 13:56:32 [INFO] Epoch: 43 [38400/50000 (77%)]	 Training Loss: 0.587 ACC: 68.49 CR: 0.54 Avg R1: 3.42 Avg R2: 4.98 Avg Reward: 8.405522
2025-10-26 13:56:51 [INFO] EPOCH:43, ======================CR:0.53976====================
2025-10-26 13:56:51 [INFO] 0.06665481102123631
2025-10-26 13:56:56 [INFO] EPOCH:43, ======================ACC:59.47====================
2025-10-26 13:56:56 [INFO] BEST EPOCH:38,BEST ACC:61.96
2025-10-26 13:57:16 [INFO] Epoch: 44 [12800/50000 (26%)]	 Training Loss: 0.607 ACC: 68.23 CR: 0.55 Avg R1: 3.40 Avg R2: 4.96 Avg Reward: 8.363789
2025-10-26 13:57:37 [INFO] Epoch: 44 [25600/50000 (51%)]	 Training Loss: 0.627 ACC: 67.68 CR: 0.56 Avg R1: 3.44 Avg R2: 5.00 Avg Reward: 8.439435
2025-10-26 13:57:58 [INFO] Epoch: 44 [38400/50000 (77%)]	 Training Loss: 0.632 ACC: 67.44 CR: 0.58 Avg R1: 3.48 Avg R2: 5.04 Avg Reward: 8.520547
2025-10-26 13:58:17 [INFO] EPOCH:44, ======================CR:0.58428====================
2025-10-26 13:58:17 [INFO] 0.07465941938872069
2025-10-26 13:58:20 [INFO] EPOCH:44, ======================ACC:59.62====================
2025-10-26 13:58:20 [INFO] BEST EPOCH:38,BEST ACC:61.96
2025-10-26 13:58:41 [INFO] Epoch: 45 [12800/50000 (26%)]	 Training Loss: 0.603 ACC: 68.71 CR: 0.58 Avg R1: 3.65 Avg R2: 5.23 Avg Reward: 8.877945
2025-10-26 13:59:02 [INFO] Epoch: 45 [25600/50000 (51%)]	 Training Loss: 0.616 ACC: 68.12 CR: 0.58 Avg R1: 3.65 Avg R2: 5.23 Avg Reward: 8.878552
2025-10-26 13:59:23 [INFO] Epoch: 45 [38400/50000 (77%)]	 Training Loss: 0.629 ACC: 67.91 CR: 0.59 Avg R1: 3.66 Avg R2: 5.24 Avg Reward: 8.897269
2025-10-26 13:59:42 [INFO] EPOCH:45, ======================CR:0.59454====================
2025-10-26 13:59:42 [INFO] 0.06601199131857047
2025-10-26 13:59:46 [INFO] EPOCH:45, ======================ACC:59.42====================
2025-10-26 13:59:46 [INFO] BEST EPOCH:38,BEST ACC:61.96
2025-10-26 14:00:05 [INFO] Epoch: 46 [12800/50000 (26%)]	 Training Loss: 0.662 ACC: 67.54 CR: 0.60 Avg R1: 3.74 Avg R2: 5.33 Avg Reward: 9.077822
2025-10-26 14:00:24 [INFO] Epoch: 46 [25600/50000 (51%)]	 Training Loss: 0.675 ACC: 67.39 CR: 0.62 Avg R1: 3.78 Avg R2: 5.37 Avg Reward: 9.156193
2025-10-26 14:00:42 [INFO] Epoch: 46 [38400/50000 (77%)]	 Training Loss: 0.686 ACC: 66.91 CR: 0.63 Avg R1: 3.83 Avg R2: 5.42 Avg Reward: 9.244993
2025-10-26 14:00:59 [INFO] EPOCH:46, ======================CR:0.63946====================
2025-10-26 14:00:59 [INFO] 0.0833252352791663
2025-10-26 14:01:02 [INFO] EPOCH:46, ======================ACC:62.37====================
2025-10-26 14:01:02 [INFO] BEST EPOCH:46,BEST ACC:62.37
2025-10-26 14:01:20 [INFO] Epoch: 47 [12800/50000 (26%)]	 Training Loss: 0.624 ACC: 68.78 CR: 0.63 Avg R1: 3.97 Avg R2: 5.55 Avg Reward: 9.521455
2025-10-26 14:01:38 [INFO] Epoch: 47 [25600/50000 (51%)]	 Training Loss: 0.632 ACC: 68.84 CR: 0.63 Avg R1: 3.95 Avg R2: 5.54 Avg Reward: 9.489473
2025-10-26 14:01:56 [INFO] Epoch: 47 [38400/50000 (77%)]	 Training Loss: 0.651 ACC: 68.17 CR: 0.63 Avg R1: 3.95 Avg R2: 5.53 Avg Reward: 9.483225
2025-10-26 14:02:13 [INFO] EPOCH:47, ======================CR:0.63962====================
2025-10-26 14:02:13 [INFO] 0.07574225868184298
2025-10-26 14:02:15 [INFO] EPOCH:47, ======================ACC:60.71====================
2025-10-26 14:02:15 [INFO] BEST EPOCH:46,BEST ACC:62.37
2025-10-26 14:02:34 [INFO] Epoch: 48 [12800/50000 (26%)]	 Training Loss: 0.665 ACC: 68.65 CR: 0.65 Avg R1: 4.02 Avg R2: 5.61 Avg Reward: 9.629199
2025-10-26 14:02:53 [INFO] Epoch: 48 [25600/50000 (51%)]	 Training Loss: 0.683 ACC: 68.21 CR: 0.66 Avg R1: 4.04 Avg R2: 5.63 Avg Reward: 9.668929
2025-10-26 14:03:12 [INFO] Epoch: 48 [38400/50000 (77%)]	 Training Loss: 0.700 ACC: 67.70 CR: 0.67 Avg R1: 4.07 Avg R2: 5.66 Avg Reward: 9.733025
2025-10-26 14:03:30 [INFO] EPOCH:48, ======================CR:0.69092====================
2025-10-26 14:03:30 [INFO] 0.07684800749839497
2025-10-26 14:03:34 [INFO] EPOCH:48, ======================ACC:58.85====================
2025-10-26 14:03:34 [INFO] BEST EPOCH:46,BEST ACC:62.37
2025-10-26 14:03:54 [INFO] Epoch: 49 [12800/50000 (26%)]	 Training Loss: 0.710 ACC: 69.20 CR: 0.70 Avg R1: 4.36 Avg R2: 5.95 Avg Reward: 10.312483
2025-10-26 14:04:15 [INFO] Epoch: 49 [25600/50000 (51%)]	 Training Loss: 0.718 ACC: 68.09 CR: 0.71 Avg R1: 4.40 Avg R2: 5.98 Avg Reward: 10.371678
2025-10-26 14:04:34 [INFO] Epoch: 49 [38400/50000 (77%)]	 Training Loss: 0.719 ACC: 67.84 CR: 0.72 Avg R1: 4.42 Avg R2: 6.00 Avg Reward: 10.421910
2025-10-26 14:04:51 [INFO] EPOCH:49, ======================CR:0.74256====================
2025-10-26 14:04:51 [INFO] 0.06972432830270878
2025-10-26 14:04:54 [INFO] EPOCH:49, ======================ACC:53.64====================
2025-10-26 14:04:54 [INFO] BEST EPOCH:46,BEST ACC:62.37
2025-10-26 14:05:12 [INFO] Epoch: 50 [12800/50000 (26%)]	 Training Loss: 0.799 ACC: 67.19 CR: 0.76 Avg R1: 4.71 Avg R2: 6.30 Avg Reward: 11.007572
2025-10-26 14:05:30 [INFO] Epoch: 50 [25600/50000 (51%)]	 Training Loss: 0.793 ACC: 67.14 CR: 0.78 Avg R1: 4.77 Avg R2: 6.36 Avg Reward: 11.124633
2025-10-26 14:05:48 [INFO] Epoch: 50 [38400/50000 (77%)]	 Training Loss: 0.805 ACC: 66.91 CR: 0.80 Avg R1: 4.82 Avg R2: 6.41 Avg Reward: 11.233721
2025-10-26 14:06:06 [INFO] EPOCH:50, ======================CR:0.82488====================
2025-10-26 14:06:06 [INFO] 0.07908116607036528
2025-10-26 14:06:10 [INFO] EPOCH:50, ======================ACC:59.33====================
2025-10-26 14:06:10 [INFO] BEST EPOCH:46,BEST ACC:62.37
2025-10-26 14:06:29 [INFO] Epoch: 51 [12800/50000 (26%)]	 Training Loss: 0.809 ACC: 68.76 CR: 0.84 Avg R1: 4.26 Avg R2: 6.82 Avg Reward: 11.083239
2025-10-26 14:06:48 [INFO] Epoch: 51 [25600/50000 (51%)]	 Training Loss: 0.830 ACC: 67.89 CR: 0.85 Avg R1: 4.07 Avg R2: 6.87 Avg Reward: 10.943179
2025-10-26 14:07:07 [INFO] Epoch: 51 [38400/50000 (77%)]	 Training Loss: 0.844 ACC: 67.51 CR: 0.87 Avg R1: 3.87 Avg R2: 6.93 Avg Reward: 10.799310
2025-10-26 14:07:25 [INFO] EPOCH:51, ======================CR:0.87604====================
2025-10-26 14:07:25 [INFO] 0.07980896616743642
2025-10-26 14:07:28 [INFO] EPOCH:51, ======================ACC:53.29====================
2025-10-26 14:07:28 [INFO] BEST EPOCH:46,BEST ACC:62.37
2025-10-26 14:07:48 [INFO] Epoch: 52 [12800/50000 (26%)]	 Training Loss: 0.792 ACC: 69.29 CR: 0.88 Avg R1: 3.10 Avg R2: 7.15 Avg Reward: 10.247438
2025-10-26 14:08:07 [INFO] Epoch: 52 [25600/50000 (51%)]	 Training Loss: 0.799 ACC: 68.82 CR: 0.87 Avg R1: 3.11 Avg R2: 7.14 Avg Reward: 10.250282
2025-10-26 14:08:26 [INFO] Epoch: 52 [38400/50000 (77%)]	 Training Loss: 0.809 ACC: 68.25 CR: 0.87 Avg R1: 3.12 Avg R2: 7.14 Avg Reward: 10.257817
2025-10-26 14:08:44 [INFO] EPOCH:52, ======================CR:0.87332====================
2025-10-26 14:08:44 [INFO] 0.09065204719300722
2025-10-26 14:08:47 [INFO] EPOCH:52, ======================ACC:60.8====================
2025-10-26 14:08:47 [INFO] BEST EPOCH:46,BEST ACC:62.37
2025-10-26 14:09:07 [INFO] Epoch: 53 [12800/50000 (26%)]	 Training Loss: 0.793 ACC: 69.16 CR: 0.87 Avg R1: 3.15 Avg R2: 7.09 Avg Reward: 10.248935
2025-10-26 14:09:27 [INFO] Epoch: 53 [25600/50000 (51%)]	 Training Loss: 0.790 ACC: 69.24 CR: 0.87 Avg R1: 3.17 Avg R2: 7.09 Avg Reward: 10.258124
2025-10-26 14:09:45 [INFO] Epoch: 53 [38400/50000 (77%)]	 Training Loss: 0.801 ACC: 68.91 CR: 0.87 Avg R1: 3.17 Avg R2: 7.09 Avg Reward: 10.257170
2025-10-26 14:10:04 [INFO] EPOCH:53, ======================CR:0.87734====================
2025-10-26 14:10:04 [INFO] 0.08344357518798497
2025-10-26 14:10:07 [INFO] EPOCH:53, ======================ACC:61.22====================
2025-10-26 14:10:07 [INFO] BEST EPOCH:46,BEST ACC:62.37
2025-10-26 14:10:27 [INFO] Epoch: 54 [12800/50000 (26%)]	 Training Loss: 0.803 ACC: 69.50 CR: 0.88 Avg R1: 3.03 Avg R2: 7.15 Avg Reward: 10.175189
2025-10-26 14:10:46 [INFO] Epoch: 54 [25600/50000 (51%)]	 Training Loss: 0.786 ACC: 69.84 CR: 0.88 Avg R1: 3.01 Avg R2: 7.15 Avg Reward: 10.158403
2025-10-26 14:11:06 [INFO] Epoch: 54 [38400/50000 (77%)]	 Training Loss: 0.790 ACC: 69.55 CR: 0.88 Avg R1: 2.99 Avg R2: 7.16 Avg Reward: 10.148668
2025-10-26 14:11:24 [INFO] EPOCH:54, ======================CR:0.87418====================
2025-10-26 14:11:24 [INFO] 0.09210190112001071
2025-10-26 14:11:27 [INFO] EPOCH:54, ======================ACC:61.95====================
2025-10-26 14:11:27 [INFO] BEST EPOCH:46,BEST ACC:62.37
2025-10-26 14:11:47 [INFO] Epoch: 55 [12800/50000 (26%)]	 Training Loss: 0.730 ACC: 71.22 CR: 0.87 Avg R1: 3.24 Avg R2: 7.11 Avg Reward: 10.349250
2025-10-26 14:12:06 [INFO] Epoch: 55 [25600/50000 (51%)]	 Training Loss: 0.738 ACC: 70.55 CR: 0.86 Avg R1: 3.31 Avg R2: 7.09 Avg Reward: 10.401861
2025-10-26 14:12:25 [INFO] Epoch: 55 [38400/50000 (77%)]	 Training Loss: 0.746 ACC: 70.05 CR: 0.85 Avg R1: 3.40 Avg R2: 7.06 Avg Reward: 10.461417
2025-10-26 14:12:44 [INFO] EPOCH:55, ======================CR:0.8501====================
2025-10-26 14:12:44 [INFO] 0.08994441354002695
2025-10-26 14:12:48 [INFO] EPOCH:55, ======================ACC:63.25====================
2025-10-26 14:12:48 [INFO] BEST EPOCH:55,BEST ACC:63.25
2025-10-26 14:13:06 [INFO] Epoch: 56 [12800/50000 (26%)]	 Training Loss: 0.766 ACC: 70.69 CR: 0.86 Avg R1: 3.60 Avg R2: 7.02 Avg Reward: 10.622013
2025-10-26 14:13:24 [INFO] Epoch: 56 [25600/50000 (51%)]	 Training Loss: 0.776 ACC: 70.41 CR: 0.87 Avg R1: 3.45 Avg R2: 7.06 Avg Reward: 10.511200
2025-10-26 14:13:42 [INFO] Epoch: 56 [38400/50000 (77%)]	 Training Loss: 0.782 ACC: 70.16 CR: 0.89 Avg R1: 3.29 Avg R2: 7.11 Avg Reward: 10.400181
2025-10-26 14:13:59 [INFO] EPOCH:56, ======================CR:0.90148====================
2025-10-26 14:13:59 [INFO] 0.08150314986114336
2025-10-26 14:14:02 [INFO] EPOCH:56, ======================ACC:61.49====================
2025-10-26 14:14:02 [INFO] BEST EPOCH:55,BEST ACC:63.25
2025-10-26 14:14:20 [INFO] Epoch: 57 [12800/50000 (26%)]	 Training Loss: 0.765 ACC: 71.15 CR: 0.90 Avg R1: 2.49 Avg R2: 7.39 Avg Reward: 9.876738
2025-10-26 14:14:39 [INFO] Epoch: 57 [25600/50000 (51%)]	 Training Loss: 0.757 ACC: 71.09 CR: 0.89 Avg R1: 2.52 Avg R2: 7.38 Avg Reward: 9.897896
2025-10-26 14:14:57 [INFO] Epoch: 57 [38400/50000 (77%)]	 Training Loss: 0.763 ACC: 70.65 CR: 0.88 Avg R1: 2.59 Avg R2: 7.35 Avg Reward: 9.945828
2025-10-26 14:15:14 [INFO] EPOCH:57, ======================CR:0.87286====================
2025-10-26 14:15:14 [INFO] 0.08809925435127675
2025-10-26 14:15:17 [INFO] EPOCH:57, ======================ACC:63.41====================
2025-10-26 14:15:17 [INFO] BEST EPOCH:57,BEST ACC:63.41
2025-10-26 14:15:35 [INFO] Epoch: 58 [12800/50000 (26%)]	 Training Loss: 0.664 ACC: 73.21 CR: 0.86 Avg R1: 3.31 Avg R2: 7.14 Avg Reward: 10.449311
2025-10-26 14:15:53 [INFO] Epoch: 58 [25600/50000 (51%)]	 Training Loss: 0.642 ACC: 72.84 CR: 0.83 Avg R1: 3.60 Avg R2: 7.05 Avg Reward: 10.656255
2025-10-26 14:16:12 [INFO] Epoch: 58 [38400/50000 (77%)]	 Training Loss: 0.626 ACC: 72.54 CR: 0.78 Avg R1: 4.00 Avg R2: 6.93 Avg Reward: 10.925117
2025-10-26 14:16:31 [INFO] EPOCH:58, ======================CR:0.73972====================
2025-10-26 14:16:31 [INFO] 0.076760178459082
2025-10-26 14:16:34 [INFO] EPOCH:58, ======================ACC:62.44====================
2025-10-26 14:16:34 [INFO] BEST EPOCH:57,BEST ACC:63.41
2025-10-26 14:16:53 [INFO] Epoch: 59 [12800/50000 (26%)]	 Training Loss: 0.578 ACC: 73.77 CR: 0.74 Avg R1: 4.61 Avg R2: 6.24 Avg Reward: 10.852701
2025-10-26 14:17:13 [INFO] Epoch: 59 [25600/50000 (51%)]	 Training Loss: 0.587 ACC: 73.12 CR: 0.73 Avg R1: 4.60 Avg R2: 6.23 Avg Reward: 10.824792
2025-10-26 14:17:32 [INFO] Epoch: 59 [38400/50000 (77%)]	 Training Loss: 0.609 ACC: 72.46 CR: 0.73 Avg R1: 4.59 Avg R2: 6.22 Avg Reward: 10.812690
2025-10-26 14:17:50 [INFO] EPOCH:59, ======================CR:0.73464====================
2025-10-26 14:17:50 [INFO] 0.09784665924483885
2025-10-26 14:17:53 [INFO] EPOCH:59, ======================ACC:63.56====================
2025-10-26 14:17:53 [INFO] BEST EPOCH:59,BEST ACC:63.56
2025-10-26 14:18:13 [INFO] Epoch: 60 [12800/50000 (26%)]	 Training Loss: 0.591 ACC: 73.14 CR: 0.74 Avg R1: 4.60 Avg R2: 6.25 Avg Reward: 10.849986
2025-10-26 14:18:34 [INFO] Epoch: 60 [25600/50000 (51%)]	 Training Loss: 0.603 ACC: 72.92 CR: 0.74 Avg R1: 4.60 Avg R2: 6.26 Avg Reward: 10.863738
2025-10-26 14:18:54 [INFO] Epoch: 60 [38400/50000 (77%)]	 Training Loss: 0.621 ACC: 72.58 CR: 0.75 Avg R1: 4.62 Avg R2: 6.28 Avg Reward: 10.897531
2025-10-26 14:19:12 [INFO] EPOCH:60, ======================CR:0.75552====================
2025-10-26 14:19:12 [INFO] 0.1064921172319262
2025-10-26 14:19:16 [INFO] EPOCH:60, ======================ACC:63.4====================
2025-10-26 14:19:16 [INFO] BEST EPOCH:59,BEST ACC:63.56
2025-10-26 14:19:35 [INFO] Epoch: 61 [12800/50000 (26%)]	 Training Loss: 0.569 ACC: 73.34 CR: 0.74 Avg R1: 4.68 Avg R2: 6.37 Avg Reward: 11.056292
2025-10-26 14:19:56 [INFO] Epoch: 61 [25600/50000 (51%)]	 Training Loss: 0.558 ACC: 73.35 CR: 0.71 Avg R1: 4.60 Avg R2: 6.29 Avg Reward: 10.896360
2025-10-26 14:20:15 [INFO] Epoch: 61 [38400/50000 (77%)]	 Training Loss: 0.564 ACC: 72.88 CR: 0.68 Avg R1: 4.52 Avg R2: 6.21 Avg Reward: 10.732498
2025-10-26 14:20:34 [INFO] EPOCH:61, ======================CR:0.65894====================
2025-10-26 14:20:34 [INFO] 0.08876966992587139
2025-10-26 14:20:37 [INFO] EPOCH:61, ======================ACC:65.65====================
2025-10-26 14:20:37 [INFO] BEST EPOCH:61,BEST ACC:65.65
2025-10-26 14:20:57 [INFO] Epoch: 62 [12800/50000 (26%)]	 Training Loss: 0.505 ACC: 74.55 CR: 0.65 Avg R1: 4.08 Avg R2: 5.74 Avg Reward: 9.822897
2025-10-26 14:21:17 [INFO] Epoch: 62 [25600/50000 (51%)]	 Training Loss: 0.494 ACC: 74.57 CR: 0.63 Avg R1: 4.04 Avg R2: 5.70 Avg Reward: 9.740117
2025-10-26 14:21:36 [INFO] Epoch: 62 [38400/50000 (77%)]	 Training Loss: 0.495 ACC: 74.46 CR: 0.61 Avg R1: 3.98 Avg R2: 5.64 Avg Reward: 9.620762
2025-10-26 14:21:56 [INFO] EPOCH:62, ======================CR:0.60594====================
2025-10-26 14:21:56 [INFO] 0.07531818151973463
2025-10-26 14:21:59 [INFO] EPOCH:62, ======================ACC:63.59====================
2025-10-26 14:21:59 [INFO] BEST EPOCH:61,BEST ACC:65.65
2025-10-26 14:22:21 [INFO] Epoch: 63 [12800/50000 (26%)]	 Training Loss: 0.540 ACC: 73.88 CR: 0.62 Avg R1: 3.83 Avg R2: 5.48 Avg Reward: 9.302947
2025-10-26 14:22:43 [INFO] Epoch: 63 [25600/50000 (51%)]	 Training Loss: 0.536 ACC: 73.92 CR: 0.63 Avg R1: 3.87 Avg R2: 5.51 Avg Reward: 9.379359
2025-10-26 14:23:03 [INFO] Epoch: 63 [38400/50000 (77%)]	 Training Loss: 0.556 ACC: 73.27 CR: 0.65 Avg R1: 3.91 Avg R2: 5.55 Avg Reward: 9.458358
2025-10-26 14:23:23 [INFO] EPOCH:63, ======================CR:0.66518====================
2025-10-26 14:23:23 [INFO] 0.09206741373147827
2025-10-26 14:23:27 [INFO] EPOCH:63, ======================ACC:64.33====================
2025-10-26 14:23:27 [INFO] BEST EPOCH:61,BEST ACC:65.65
2025-10-26 14:23:49 [INFO] Epoch: 64 [12800/50000 (26%)]	 Training Loss: 0.565 ACC: 73.69 CR: 0.67 Avg R1: 4.17 Avg R2: 5.87 Avg Reward: 10.041162
2025-10-26 14:24:11 [INFO] Epoch: 64 [25600/50000 (51%)]	 Training Loss: 0.573 ACC: 73.55 CR: 0.68 Avg R1: 4.21 Avg R2: 5.90 Avg Reward: 10.103616
2025-10-26 14:24:32 [INFO] Epoch: 64 [38400/50000 (77%)]	 Training Loss: 0.585 ACC: 73.06 CR: 0.70 Avg R1: 4.24 Avg R2: 5.93 Avg Reward: 10.178315
2025-10-26 14:24:53 [INFO] EPOCH:64, ======================CR:0.70862====================
2025-10-26 14:24:53 [INFO] 0.10521834187308399
2025-10-26 14:24:56 [INFO] EPOCH:64, ======================ACC:65.93====================
2025-10-26 14:24:56 [INFO] BEST EPOCH:64,BEST ACC:65.93
2025-10-26 14:25:19 [INFO] Epoch: 65 [12800/50000 (26%)]	 Training Loss: 0.573 ACC: 73.93 CR: 0.71 Avg R1: 4.43 Avg R2: 6.13 Avg Reward: 10.560098
2025-10-26 14:25:41 [INFO] Epoch: 65 [25600/50000 (51%)]	 Training Loss: 0.591 ACC: 73.01 CR: 0.72 Avg R1: 4.45 Avg R2: 6.14 Avg Reward: 10.585757
2025-10-26 14:26:03 [INFO] Epoch: 65 [38400/50000 (77%)]	 Training Loss: 0.607 ACC: 72.81 CR: 0.73 Avg R1: 4.47 Avg R2: 6.17 Avg Reward: 10.638494
2025-10-26 14:26:23 [INFO] EPOCH:65, ======================CR:0.74324====================
2025-10-26 14:26:23 [INFO] 0.07930695802305061
2025-10-26 14:26:27 [INFO] EPOCH:65, ======================ACC:63.51====================
2025-10-26 14:26:27 [INFO] BEST EPOCH:64,BEST ACC:65.93
2025-10-26 14:26:49 [INFO] Epoch: 66 [12800/50000 (26%)]	 Training Loss: 0.616 ACC: 72.84 CR: 0.75 Avg R1: 4.67 Avg R2: 6.39 Avg Reward: 11.050774
2025-10-26 14:27:12 [INFO] Epoch: 66 [25600/50000 (51%)]	 Training Loss: 0.638 ACC: 72.53 CR: 0.76 Avg R1: 4.70 Avg R2: 6.42 Avg Reward: 11.113822
2025-10-26 14:27:34 [INFO] Epoch: 66 [38400/50000 (77%)]	 Training Loss: 0.653 ACC: 72.10 CR: 0.77 Avg R1: 4.73 Avg R2: 6.46 Avg Reward: 11.189754
2025-10-26 14:27:54 [INFO] EPOCH:66, ======================CR:0.7753====================
2025-10-26 14:27:54 [INFO] 0.08323674638045463
2025-10-26 14:27:58 [INFO] EPOCH:66, ======================ACC:64.27====================
2025-10-26 14:27:58 [INFO] BEST EPOCH:64,BEST ACC:65.93
2025-10-26 14:28:20 [INFO] Epoch: 67 [12800/50000 (26%)]	 Training Loss: 0.553 ACC: 74.61 CR: 0.76 Avg R1: 4.79 Avg R2: 6.53 Avg Reward: 11.320929
2025-10-26 14:28:41 [INFO] Epoch: 67 [25600/50000 (51%)]	 Training Loss: 0.578 ACC: 73.98 CR: 0.75 Avg R1: 4.75 Avg R2: 6.50 Avg Reward: 11.250631
2025-10-26 14:29:01 [INFO] Epoch: 67 [38400/50000 (77%)]	 Training Loss: 0.591 ACC: 73.53 CR: 0.74 Avg R1: 4.73 Avg R2: 6.47 Avg Reward: 11.194940
2025-10-26 14:29:20 [INFO] EPOCH:67, ======================CR:0.73726====================
2025-10-26 14:29:20 [INFO] 0.08462429059514721
2025-10-26 14:29:24 [INFO] EPOCH:67, ======================ACC:61.39====================
2025-10-26 14:29:24 [INFO] BEST EPOCH:64,BEST ACC:65.93
2025-10-26 14:29:43 [INFO] Epoch: 68 [12800/50000 (26%)]	 Training Loss: 0.636 ACC: 73.22 CR: 0.75 Avg R1: 4.65 Avg R2: 6.39 Avg Reward: 11.035370
2025-10-26 14:30:03 [INFO] Epoch: 68 [25600/50000 (51%)]	 Training Loss: 0.641 ACC: 72.97 CR: 0.77 Avg R1: 4.69 Avg R2: 6.44 Avg Reward: 11.130712
2025-10-26 14:30:22 [INFO] Epoch: 68 [38400/50000 (77%)]	 Training Loss: 0.651 ACC: 72.47 CR: 0.78 Avg R1: 4.74 Avg R2: 6.49 Avg Reward: 11.224491
2025-10-26 14:30:40 [INFO] EPOCH:68, ======================CR:0.80182====================
2025-10-26 14:30:40 [INFO] 0.07934372327410626
2025-10-26 14:30:44 [INFO] EPOCH:68, ======================ACC:61.62====================
2025-10-26 14:30:44 [INFO] BEST EPOCH:64,BEST ACC:65.93
2025-10-26 14:31:04 [INFO] Epoch: 69 [12800/50000 (26%)]	 Training Loss: 0.638 ACC: 73.20 CR: 0.80 Avg R1: 4.93 Avg R2: 6.80 Avg Reward: 11.730718
2025-10-26 14:31:23 [INFO] Epoch: 69 [25600/50000 (51%)]	 Training Loss: 0.617 ACC: 73.02 CR: 0.79 Avg R1: 4.95 Avg R2: 6.78 Avg Reward: 11.725034
2025-10-26 14:31:43 [INFO] Epoch: 69 [38400/50000 (77%)]	 Training Loss: 0.603 ACC: 73.09 CR: 0.76 Avg R1: 4.91 Avg R2: 6.72 Avg Reward: 11.623052
2025-10-26 14:32:02 [INFO] EPOCH:69, ======================CR:0.73142====================
2025-10-26 14:32:02 [INFO] 0.07973649023332634
2025-10-26 14:32:05 [INFO] EPOCH:69, ======================ACC:64.63====================
2025-10-26 14:32:05 [INFO] BEST EPOCH:68,BEST ACC:65.93
2025-10-26 14:32:24 [INFO] Epoch: 70 [12800/50000 (26%)]	 Training Loss: 0.521 ACC: 75.79 CR: 0.73 Avg R1: 4.55 Avg R2: 6.29 Avg Reward: 10.836899
2025-10-26 14:32:44 [INFO] Epoch: 70 [25600/50000 (51%)]	 Training Loss: 0.541 ACC: 75.27 CR: 0.73 Avg R1: 4.54 Avg R2: 6.28 Avg Reward: 10.825464
2025-10-26 14:33:05 [INFO] Epoch: 70 [38400/50000 (77%)]	 Training Loss: 0.561 ACC: 74.57 CR: 0.73 Avg R1: 4.55 Avg R2: 6.29 Avg Reward: 10.834973
2025-10-26 14:33:24 [INFO] EPOCH:70, ======================CR:0.73762====================
2025-10-26 14:33:24 [INFO] 0.07509151507750399
2025-10-26 14:33:27 [INFO] EPOCH:70, ======================ACC:63.49====================
2025-10-26 14:33:27 [INFO] BEST EPOCH:68,BEST ACC:65.93
2025-10-26 14:33:47 [INFO] Epoch: 71 [12800/50000 (26%)]	 Training Loss: 0.555 ACC: 75.34 CR: 0.74 Avg R1: 4.62 Avg R2: 6.38 Avg Reward: 10.996694
2025-10-26 14:34:07 [INFO] Epoch: 71 [25600/50000 (51%)]	 Training Loss: 0.573 ACC: 74.87 CR: 0.75 Avg R1: 4.64 Avg R2: 6.39 Avg Reward: 11.031419
2025-10-26 14:34:27 [INFO] Epoch: 71 [38400/50000 (77%)]	 Training Loss: 0.589 ACC: 74.36 CR: 0.76 Avg R1: 4.66 Avg R2: 6.42 Avg Reward: 11.084678
2025-10-26 14:34:45 [INFO] EPOCH:71, ======================CR:0.77674====================
2025-10-26 14:34:45 [INFO] 0.07159727054452934
2025-10-26 14:34:50 [INFO] EPOCH:71, ======================ACC:63.11====================
2025-10-26 14:34:50 [INFO] BEST EPOCH:68,BEST ACC:65.93
2025-10-26 14:35:11 [INFO] Epoch: 72 [12800/50000 (26%)]	 Training Loss: 0.592 ACC: 75.12 CR: 0.78 Avg R1: 4.88 Avg R2: 6.67 Avg Reward: 11.549616
2025-10-26 14:35:31 [INFO] Epoch: 72 [25600/50000 (51%)]	 Training Loss: 0.604 ACC: 74.08 CR: 0.78 Avg R1: 4.89 Avg R2: 6.68 Avg Reward: 11.573399
2025-10-26 14:35:51 [INFO] Epoch: 72 [38400/50000 (77%)]	 Training Loss: 0.601 ACC: 73.97 CR: 0.78 Avg R1: 4.88 Avg R2: 6.68 Avg Reward: 11.558596
2025-10-26 14:36:09 [INFO] EPOCH:72, ======================CR:0.77224====================
2025-10-26 14:36:09 [INFO] 0.0934783721164134
2025-10-26 14:36:12 [INFO] EPOCH:72, ======================ACC:64.31====================
2025-10-26 14:36:12 [INFO] BEST EPOCH:68,BEST ACC:65.93
2025-10-26 14:36:33 [INFO] Epoch: 73 [12800/50000 (26%)]	 Training Loss: 0.566 ACC: 75.23 CR: 0.77 Avg R1: 4.83 Avg R2: 6.63 Avg Reward: 11.465208
2025-10-26 14:36:52 [INFO] Epoch: 73 [25600/50000 (51%)]	 Training Loss: 0.570 ACC: 75.27 CR: 0.77 Avg R1: 4.83 Avg R2: 6.63 Avg Reward: 11.462802
2025-10-26 14:37:12 [INFO] Epoch: 73 [38400/50000 (77%)]	 Training Loss: 0.577 ACC: 74.97 CR: 0.77 Avg R1: 4.83 Avg R2: 6.62 Avg Reward: 11.453586
2025-10-26 14:37:29 [INFO] EPOCH:73, ======================CR:0.76556====================
2025-10-26 14:37:29 [INFO] 0.09428556480166428
2025-10-26 14:37:33 [INFO] EPOCH:73, ======================ACC:64.54====================
2025-10-26 14:37:33 [INFO] BEST EPOCH:68,BEST ACC:65.93
2025-10-26 14:37:53 [INFO] Epoch: 74 [12800/50000 (26%)]	 Training Loss: 0.549 ACC: 76.16 CR: 0.76 Avg R1: 4.77 Avg R2: 6.57 Avg Reward: 11.334978
2025-10-26 14:38:13 [INFO] Epoch: 74 [25600/50000 (51%)]	 Training Loss: 0.556 ACC: 75.64 CR: 0.76 Avg R1: 4.76 Avg R2: 6.56 Avg Reward: 11.315725
2025-10-26 14:38:33 [INFO] Epoch: 74 [38400/50000 (77%)]	 Training Loss: 0.564 ACC: 75.25 CR: 0.76 Avg R1: 4.75 Avg R2: 6.55 Avg Reward: 11.308286
2025-10-26 14:38:51 [INFO] EPOCH:74, ======================CR:0.76194====================
2025-10-26 14:38:51 [INFO] 0.0978371375019909
2025-10-26 14:38:54 [INFO] EPOCH:74, ======================ACC:66.34====================
2025-10-26 14:38:54 [INFO] BEST EPOCH:74,BEST ACC:66.34
2025-10-26 14:39:14 [INFO] Epoch: 75 [12800/50000 (26%)]	 Training Loss: 0.546 ACC: 75.94 CR: 0.76 Avg R1: 4.74 Avg R2: 6.56 Avg Reward: 11.296086
2025-10-26 14:39:34 [INFO] Epoch: 75 [25600/50000 (51%)]	 Training Loss: 0.552 ACC: 75.63 CR: 0.75 Avg R1: 4.72 Avg R2: 6.54 Avg Reward: 11.258649
2025-10-26 14:39:53 [INFO] Epoch: 75 [38400/50000 (77%)]	 Training Loss: 0.566 ACC: 75.15 CR: 0.75 Avg R1: 4.72 Avg R2: 6.53 Avg Reward: 11.245588
2025-10-26 14:40:12 [INFO] EPOCH:75, ======================CR:0.7589====================
2025-10-26 14:40:12 [INFO] 0.09226886671769906
2025-10-26 14:40:15 [INFO] EPOCH:75, ======================ACC:64.77====================
2025-10-26 14:40:15 [INFO] BEST EPOCH:74,BEST ACC:66.34
2025-10-26 14:40:35 [INFO] Epoch: 76 [12800/50000 (26%)]	 Training Loss: 0.553 ACC: 76.62 CR: 0.76 Avg R1: 4.75 Avg R2: 6.58 Avg Reward: 11.333548
2025-10-26 14:40:55 [INFO] Epoch: 76 [25600/50000 (51%)]	 Training Loss: 0.564 ACC: 76.28 CR: 0.77 Avg R1: 4.78 Avg R2: 6.61 Avg Reward: 11.391408
2025-10-26 14:41:15 [INFO] Epoch: 76 [38400/50000 (77%)]	 Training Loss: 0.584 ACC: 75.41 CR: 0.79 Avg R1: 4.82 Avg R2: 6.65 Avg Reward: 11.465422
2025-10-26 14:41:33 [INFO] EPOCH:76, ======================CR:0.80278====================
2025-10-26 14:41:33 [INFO] 0.0854092874634287
2025-10-26 14:41:36 [INFO] EPOCH:76, ======================ACC:62.5====================
2025-10-26 14:41:36 [INFO] BEST EPOCH:74,BEST ACC:66.34
2025-10-26 14:41:57 [INFO] Epoch: 77 [12800/50000 (26%)]	 Training Loss: 0.544 ACC: 76.20 CR: 0.79 Avg R1: 4.97 Avg R2: 6.85 Avg Reward: 11.820794
2025-10-26 14:42:18 [INFO] Epoch: 77 [25600/50000 (51%)]	 Training Loss: 0.539 ACC: 76.13 CR: 0.78 Avg R1: 4.93 Avg R2: 6.80 Avg Reward: 11.731436
2025-10-26 14:42:38 [INFO] Epoch: 77 [38400/50000 (77%)]	 Training Loss: 0.543 ACC: 76.01 CR: 0.76 Avg R1: 4.89 Avg R2: 6.75 Avg Reward: 11.639038
2025-10-26 14:42:57 [INFO] EPOCH:77, ======================CR:0.7547====================
2025-10-26 14:42:57 [INFO] 0.08307888697739615
2025-10-26 14:43:00 [INFO] EPOCH:77, ======================ACC:63.67====================
2025-10-26 14:43:00 [INFO] BEST EPOCH:76,BEST ACC:66.34
2025-10-26 14:43:20 [INFO] Epoch: 78 [12800/50000 (26%)]	 Training Loss: 0.574 ACC: 75.40 CR: 0.76 Avg R1: 4.74 Avg R2: 6.58 Avg Reward: 11.320859
2025-10-26 14:43:41 [INFO] Epoch: 78 [25600/50000 (51%)]	 Training Loss: 0.569 ACC: 75.78 CR: 0.77 Avg R1: 4.76 Avg R2: 6.61 Avg Reward: 11.371704
2025-10-26 14:44:01 [INFO] Epoch: 78 [38400/50000 (77%)]	 Training Loss: 0.583 ACC: 75.45 CR: 0.79 Avg R1: 4.80 Avg R2: 6.64 Avg Reward: 11.437941
2025-10-26 14:44:20 [INFO] EPOCH:78, ======================CR:0.8046====================
2025-10-26 14:44:20 [INFO] 0.0933774892559247
2025-10-26 14:44:24 [INFO] EPOCH:78, ======================ACC:64.26====================
2025-10-26 14:44:24 [INFO] BEST EPOCH:76,BEST ACC:66.34
2025-10-26 14:44:45 [INFO] Epoch: 79 [12800/50000 (26%)]	 Training Loss: 0.587 ACC: 75.27 CR: 0.81 Avg R1: 4.84 Avg R2: 6.94 Avg Reward: 11.777837
2025-10-26 14:45:05 [INFO] Epoch: 79 [25600/50000 (51%)]	 Training Loss: 0.573 ACC: 75.66 CR: 0.80 Avg R1: 4.89 Avg R2: 6.93 Avg Reward: 11.820369
2025-10-26 14:45:25 [INFO] Epoch: 79 [38400/50000 (77%)]	 Training Loss: 0.561 ACC: 75.96 CR: 0.79 Avg R1: 4.92 Avg R2: 6.90 Avg Reward: 11.816533
2025-10-26 14:45:45 [INFO] EPOCH:79, ======================CR:0.78052====================
2025-10-26 14:45:45 [INFO] 0.07878394306922387
2025-10-26 14:45:49 [INFO] EPOCH:79, ======================ACC:63.54====================
2025-10-26 14:45:49 [INFO] BEST EPOCH:78,BEST ACC:66.34
2025-10-26 14:46:11 [INFO] Epoch: 80 [12800/50000 (26%)]	 Training Loss: 0.518 ACC: 77.70 CR: 0.78 Avg R1: 4.88 Avg R2: 6.74 Avg Reward: 11.615909
2025-10-26 14:46:31 [INFO] Epoch: 80 [25600/50000 (51%)]	 Training Loss: 0.523 ACC: 77.54 CR: 0.78 Avg R1: 4.88 Avg R2: 6.73 Avg Reward: 11.608908
2025-10-26 14:46:50 [INFO] Epoch: 80 [38400/50000 (77%)]	 Training Loss: 0.537 ACC: 76.83 CR: 0.78 Avg R1: 4.87 Avg R2: 6.73 Avg Reward: 11.598927
2025-10-26 14:47:10 [INFO] EPOCH:80, ======================CR:0.78026====================
2025-10-26 14:47:10 [INFO] 0.08968217103462478
2025-10-26 14:47:12 [INFO] EPOCH:80, ======================ACC:64.54====================
2025-10-26 14:47:12 [INFO] BEST EPOCH:78,BEST ACC:66.34
2025-10-26 14:47:28 [INFO] Epoch: 81 [12800/50000 (26%)]	 Training Loss: 0.544 ACC: 76.68 CR: 0.78 Avg R1: 4.88 Avg R2: 6.78 Avg Reward: 11.663204
2025-10-26 14:47:44 [INFO] Epoch: 81 [25600/50000 (51%)]	 Training Loss: 0.542 ACC: 76.82 CR: 0.78 Avg R1: 4.88 Avg R2: 6.78 Avg Reward: 11.661803
2025-10-26 14:47:59 [INFO] Epoch: 81 [38400/50000 (77%)]	 Training Loss: 0.548 ACC: 76.61 CR: 0.78 Avg R1: 4.89 Avg R2: 6.78 Avg Reward: 11.663222
2025-10-26 14:48:13 [INFO] EPOCH:81, ======================CR:0.78294====================
2025-10-26 14:48:13 [INFO] 0.10286020625468878
2025-10-26 14:48:15 [INFO] EPOCH:81, ======================ACC:64.81====================
2025-10-26 14:48:15 [INFO] BEST EPOCH:78,BEST ACC:66.34
2025-10-26 14:48:31 [INFO] Epoch: 82 [12800/50000 (26%)]	 Training Loss: 0.543 ACC: 77.55 CR: 0.79 Avg R1: 4.92 Avg R2: 6.84 Avg Reward: 11.762808
2025-10-26 14:48:46 [INFO] Epoch: 82 [25600/50000 (51%)]	 Training Loss: 0.555 ACC: 76.89 CR: 0.80 Avg R1: 4.95 Avg R2: 6.88 Avg Reward: 11.829158
2025-10-26 14:49:02 [INFO] Epoch: 82 [38400/50000 (77%)]	 Training Loss: 0.571 ACC: 76.30 CR: 0.81 Avg R1: 4.92 Avg R2: 6.91 Avg Reward: 11.829986
2025-10-26 14:49:15 [INFO] EPOCH:82, ======================CR:0.81972====================
2025-10-26 14:49:15 [INFO] 0.10617623665484525
2025-10-26 14:49:17 [INFO] EPOCH:82, ======================ACC:65.08====================
2025-10-26 14:49:17 [INFO] BEST EPOCH:78,BEST ACC:66.34
2025-10-26 14:49:32 [INFO] Epoch: 83 [12800/50000 (26%)]	 Training Loss: 0.541 ACC: 77.64 CR: 0.82 Avg R1: 4.53 Avg R2: 7.09 Avg Reward: 11.619511
2025-10-26 14:49:48 [INFO] Epoch: 83 [25600/50000 (51%)]	 Training Loss: 0.544 ACC: 77.52 CR: 0.82 Avg R1: 4.52 Avg R2: 7.09 Avg Reward: 11.610697
2025-10-26 14:50:03 [INFO] Epoch: 83 [38400/50000 (77%)]	 Training Loss: 0.557 ACC: 76.93 CR: 0.82 Avg R1: 4.52 Avg R2: 7.09 Avg Reward: 11.614230
2025-10-26 14:50:16 [INFO] EPOCH:83, ======================CR:0.81604====================
2025-10-26 14:50:16 [INFO] 0.11389649354958897
2025-10-26 14:50:19 [INFO] EPOCH:83, ======================ACC:64.6====================
2025-10-26 14:50:19 [INFO] BEST EPOCH:78,BEST ACC:66.34
2025-10-26 14:50:34 [INFO] Epoch: 84 [12800/50000 (26%)]	 Training Loss: 0.568 ACC: 76.71 CR: 0.82 Avg R1: 4.56 Avg R2: 7.07 Avg Reward: 11.635614
2025-10-26 14:50:48 [INFO] Epoch: 84 [25600/50000 (51%)]	 Training Loss: 0.564 ACC: 77.04 CR: 0.82 Avg R1: 4.53 Avg R2: 7.08 Avg Reward: 11.608663
2025-10-26 14:51:02 [INFO] Epoch: 84 [38400/50000 (77%)]	 Training Loss: 0.572 ACC: 76.77 CR: 0.83 Avg R1: 4.46 Avg R2: 7.10 Avg Reward: 11.560761
2025-10-26 14:51:14 [INFO] EPOCH:84, ======================CR:0.83144====================
2025-10-26 14:51:14 [INFO] 0.11360804628810131
2025-10-26 14:51:17 [INFO] EPOCH:84, ======================ACC:60.94====================
2025-10-26 14:51:17 [INFO] BEST EPOCH:78,BEST ACC:66.34
2025-10-26 14:51:30 [INFO] Epoch: 85 [12800/50000 (26%)]	 Training Loss: 0.525 ACC: 77.87 CR: 0.82 Avg R1: 4.28 Avg R2: 7.15 Avg Reward: 11.427975
2025-10-26 14:51:42 [INFO] Epoch: 85 [25600/50000 (51%)]	 Training Loss: 0.519 ACC: 77.90 CR: 0.81 Avg R1: 4.40 Avg R2: 7.12 Avg Reward: 11.516649
2025-10-26 14:51:55 [INFO] Epoch: 85 [38400/50000 (77%)]	 Training Loss: 0.513 ACC: 77.64 CR: 0.79 Avg R1: 4.56 Avg R2: 7.06 Avg Reward: 11.624964
2025-10-26 14:52:06 [INFO] EPOCH:85, ======================CR:0.76308====================
2025-10-26 14:52:06 [INFO] 0.09648696083940751
2025-10-26 14:52:08 [INFO] EPOCH:85, ======================ACC:64.66====================
2025-10-26 14:52:08 [INFO] BEST EPOCH:78,BEST ACC:66.34
2025-10-26 14:52:20 [INFO] Epoch: 86 [12800/50000 (26%)]	 Training Loss: 0.471 ACC: 78.17 CR: 0.75 Avg R1: 4.74 Avg R2: 6.66 Avg Reward: 11.401068
2025-10-26 14:52:32 [INFO] Epoch: 86 [25600/50000 (51%)]	 Training Loss: 0.461 ACC: 78.62 CR: 0.74 Avg R1: 4.71 Avg R2: 6.62 Avg Reward: 11.327590
2025-10-26 14:52:46 [INFO] Epoch: 86 [38400/50000 (77%)]	 Training Loss: 0.463 ACC: 78.45 CR: 0.73 Avg R1: 4.67 Avg R2: 6.57 Avg Reward: 11.246450
2025-10-26 14:53:02 [INFO] EPOCH:86, ======================CR:0.71878====================
2025-10-26 14:53:02 [INFO] 0.09111749102594885
2025-10-26 14:53:05 [INFO] EPOCH:86, ======================ACC:66.97====================
2025-10-26 14:53:05 [INFO] BEST EPOCH:86,BEST ACC:66.97
2025-10-26 14:53:22 [INFO] Epoch: 87 [12800/50000 (26%)]	 Training Loss: 0.449 ACC: 79.33 CR: 0.72 Avg R1: 4.50 Avg R2: 6.39 Avg Reward: 10.893020
2025-10-26 14:53:41 [INFO] Epoch: 87 [25600/50000 (51%)]	 Training Loss: 0.447 ACC: 79.64 CR: 0.72 Avg R1: 4.51 Avg R2: 6.40 Avg Reward: 10.902292
2025-10-26 14:54:01 [INFO] Epoch: 87 [38400/50000 (77%)]	 Training Loss: 0.455 ACC: 79.30 CR: 0.73 Avg R1: 4.51 Avg R2: 6.41 Avg Reward: 10.919158
2025-10-26 14:54:20 [INFO] EPOCH:87, ======================CR:0.73088====================
2025-10-26 14:54:20 [INFO] 0.08785136135739713
2025-10-26 14:54:23 [INFO] EPOCH:87, ======================ACC:65.56====================
2025-10-26 14:54:23 [INFO] BEST EPOCH:86,BEST ACC:66.97
2025-10-26 14:54:43 [INFO] Epoch: 88 [12800/50000 (26%)]	 Training Loss: 0.455 ACC: 79.60 CR: 0.73 Avg R1: 4.57 Avg R2: 6.49 Avg Reward: 11.063545
2025-10-26 14:55:04 [INFO] Epoch: 88 [25600/50000 (51%)]	 Training Loss: 0.474 ACC: 78.69 CR: 0.74 Avg R1: 4.58 Avg R2: 6.50 Avg Reward: 11.089044
2025-10-26 14:55:25 [INFO] Epoch: 88 [38400/50000 (77%)]	 Training Loss: 0.482 ACC: 78.34 CR: 0.74 Avg R1: 4.60 Avg R2: 6.52 Avg Reward: 11.117235
2025-10-26 14:55:44 [INFO] EPOCH:88, ======================CR:0.74834====================
2025-10-26 14:55:44 [INFO] 0.09093564168720766
2025-10-26 14:55:48 [INFO] EPOCH:88, ======================ACC:66.75====================
2025-10-26 14:55:48 [INFO] BEST EPOCH:86,BEST ACC:66.97
2025-10-26 14:56:10 [INFO] Epoch: 89 [12800/50000 (26%)]	 Training Loss: 0.455 ACC: 79.42 CR: 0.74 Avg R1: 4.67 Avg R2: 6.59 Avg Reward: 11.256522
2025-10-26 14:56:31 [INFO] Epoch: 89 [25600/50000 (51%)]	 Training Loss: 0.458 ACC: 79.06 CR: 0.74 Avg R1: 4.65 Avg R2: 6.58 Avg Reward: 11.224673
2025-10-26 14:56:53 [INFO] Epoch: 89 [38400/50000 (77%)]	 Training Loss: 0.461 ACC: 78.97 CR: 0.73 Avg R1: 4.63 Avg R2: 6.56 Avg Reward: 11.192340
2025-10-26 14:57:13 [INFO] EPOCH:89, ======================CR:0.73316====================
2025-10-26 14:57:13 [INFO] 0.0911412171357219
2025-10-26 14:57:17 [INFO] EPOCH:89, ======================ACC:63.65====================
2025-10-26 14:57:17 [INFO] BEST EPOCH:86,BEST ACC:66.97
2025-10-26 14:57:39 [INFO] Epoch: 90 [12800/50000 (26%)]	 Training Loss: 0.456 ACC: 79.86 CR: 0.74 Avg R1: 4.60 Avg R2: 6.51 Avg Reward: 11.107146
2025-10-26 14:58:01 [INFO] Epoch: 90 [25600/50000 (51%)]	 Training Loss: 0.451 ACC: 79.91 CR: 0.74 Avg R1: 4.60 Avg R2: 6.52 Avg Reward: 11.119827
2025-10-26 14:58:24 [INFO] Epoch: 90 [38400/50000 (77%)]	 Training Loss: 0.464 ACC: 79.54 CR: 0.75 Avg R1: 4.62 Avg R2: 6.54 Avg Reward: 11.160689
2025-10-26 14:58:45 [INFO] EPOCH:90, ======================CR:0.76842====================
2025-10-26 14:58:45 [INFO] 0.08844418322778622
2025-10-26 14:58:48 [INFO] EPOCH:90, ======================ACC:62.35====================
2025-10-26 14:58:48 [INFO] BEST EPOCH:86,BEST ACC:66.97
2025-10-26 14:59:09 [INFO] Epoch: 91 [12800/50000 (26%)]	 Training Loss: 0.512 ACC: 78.39 CR: 0.78 Avg R1: 4.83 Avg R2: 6.80 Avg Reward: 11.636242
2025-10-26 14:59:31 [INFO] Epoch: 91 [25600/50000 (51%)]	 Training Loss: 0.498 ACC: 78.49 CR: 0.78 Avg R1: 4.85 Avg R2: 6.81 Avg Reward: 11.658676
2025-10-26 14:59:53 [INFO] Epoch: 91 [38400/50000 (77%)]	 Training Loss: 0.502 ACC: 78.34 CR: 0.78 Avg R1: 4.85 Avg R2: 6.83 Avg Reward: 11.679575
2025-10-26 15:00:13 [INFO] EPOCH:91, ======================CR:0.78008====================
2025-10-26 15:00:13 [INFO] 0.10263229118588207
2025-10-26 15:00:18 [INFO] EPOCH:91, ======================ACC:66.24====================
2025-10-26 15:00:18 [INFO] BEST EPOCH:86,BEST ACC:66.97
2025-10-26 15:00:41 [INFO] Epoch: 92 [12800/50000 (26%)]	 Training Loss: 0.434 ACC: 80.93 CR: 0.77 Avg R1: 4.85 Avg R2: 6.86 Avg Reward: 11.709576
2025-10-26 15:01:02 [INFO] Epoch: 92 [25600/50000 (51%)]	 Training Loss: 0.443 ACC: 80.24 CR: 0.76 Avg R1: 4.83 Avg R2: 6.83 Avg Reward: 11.662325
2025-10-26 15:01:24 [INFO] Epoch: 92 [38400/50000 (77%)]	 Training Loss: 0.453 ACC: 79.90 CR: 0.76 Avg R1: 4.80 Avg R2: 6.81 Avg Reward: 11.611159
2025-10-26 15:01:45 [INFO] EPOCH:92, ======================CR:0.75502====================
2025-10-26 15:01:45 [INFO] 0.08640654391362308
2025-10-26 15:01:48 [INFO] EPOCH:92, ======================ACC:65.71====================
2025-10-26 15:01:48 [INFO] BEST EPOCH:86,BEST ACC:66.97
2025-10-26 15:02:10 [INFO] Epoch: 93 [12800/50000 (26%)]	 Training Loss: 0.459 ACC: 79.54 CR: 0.76 Avg R1: 4.72 Avg R2: 6.70 Avg Reward: 11.426144
2025-10-26 15:02:33 [INFO] Epoch: 93 [25600/50000 (51%)]	 Training Loss: 0.449 ACC: 80.10 CR: 0.76 Avg R1: 4.73 Avg R2: 6.71 Avg Reward: 11.445480
2025-10-26 15:02:55 [INFO] Epoch: 93 [38400/50000 (77%)]	 Training Loss: 0.466 ACC: 79.48 CR: 0.76 Avg R1: 4.74 Avg R2: 6.72 Avg Reward: 11.467077
2025-10-26 15:03:15 [INFO] EPOCH:93, ======================CR:0.76546====================
2025-10-26 15:03:15 [INFO] 0.09473372757642186
2025-10-26 15:03:20 [INFO] EPOCH:93, ======================ACC:65.34====================
2025-10-26 15:03:20 [INFO] BEST EPOCH:86,BEST ACC:66.97
2025-10-26 15:03:41 [INFO] Epoch: 94 [12800/50000 (26%)]	 Training Loss: 0.441 ACC: 80.70 CR: 0.76 Avg R1: 4.77 Avg R2: 6.76 Avg Reward: 11.532928
2025-10-26 15:04:02 [INFO] Epoch: 94 [25600/50000 (51%)]	 Training Loss: 0.448 ACC: 80.03 CR: 0.76 Avg R1: 4.76 Avg R2: 6.75 Avg Reward: 11.508081
2025-10-26 15:04:23 [INFO] Epoch: 94 [38400/50000 (77%)]	 Training Loss: 0.448 ACC: 79.86 CR: 0.75 Avg R1: 4.75 Avg R2: 6.73 Avg Reward: 11.472729
2025-10-26 15:04:41 [INFO] EPOCH:94, ======================CR:0.7447====================
2025-10-26 15:04:41 [INFO] 0.07692619822947584
2025-10-26 15:04:45 [INFO] EPOCH:94, ======================ACC:66.18====================
2025-10-26 15:04:45 [INFO] BEST EPOCH:86,BEST ACC:66.97
2025-10-26 15:05:07 [INFO] Epoch: 95 [12800/50000 (26%)]	 Training Loss: 0.406 ACC: 81.44 CR: 0.74 Avg R1: 4.64 Avg R2: 6.61 Avg Reward: 11.249610
2025-10-26 15:05:29 [INFO] Epoch: 95 [25600/50000 (51%)]	 Training Loss: 0.417 ACC: 80.84 CR: 0.74 Avg R1: 4.63 Avg R2: 6.60 Avg Reward: 11.222206
2025-10-26 15:05:52 [INFO] Epoch: 95 [38400/50000 (77%)]	 Training Loss: 0.419 ACC: 80.65 CR: 0.73 Avg R1: 4.61 Avg R2: 6.58 Avg Reward: 11.190290
2025-10-26 15:06:12 [INFO] EPOCH:95, ======================CR:0.72016====================
2025-10-26 15:06:12 [INFO] 0.07641391737049348
2025-10-26 15:06:15 [INFO] EPOCH:95, ======================ACC:66.13====================
2025-10-26 15:06:15 [INFO] BEST EPOCH:86,BEST ACC:66.97
2025-10-26 15:06:35 [INFO] Epoch: 96 [12800/50000 (26%)]	 Training Loss: 0.400 ACC: 81.39 CR: 0.72 Avg R1: 4.50 Avg R2: 6.47 Avg Reward: 10.975379
2025-10-26 15:06:55 [INFO] Epoch: 96 [25600/50000 (51%)]	 Training Loss: 0.407 ACC: 81.22 CR: 0.72 Avg R1: 4.51 Avg R2: 6.48 Avg Reward: 10.985326
2025-10-26 15:07:16 [INFO] Epoch: 96 [38400/50000 (77%)]	 Training Loss: 0.419 ACC: 80.81 CR: 0.73 Avg R1: 4.52 Avg R2: 6.49 Avg Reward: 11.007857
2025-10-26 15:07:34 [INFO] EPOCH:96, ======================CR:0.73622====================
2025-10-26 15:07:34 [INFO] 0.08712163006970931
2025-10-26 15:07:38 [INFO] EPOCH:96, ======================ACC:67.17====================
2025-10-26 15:07:38 [INFO] BEST EPOCH:96,BEST ACC:67.17
2025-10-26 15:07:58 [INFO] Epoch: 97 [12800/50000 (26%)]	 Training Loss: 0.407 ACC: 81.51 CR: 0.74 Avg R1: 4.62 Avg R2: 6.57 Avg Reward: 11.181412
2025-10-26 15:08:18 [INFO] Epoch: 97 [25600/50000 (51%)]	 Training Loss: 0.409 ACC: 81.53 CR: 0.74 Avg R1: 4.62 Avg R2: 6.58 Avg Reward: 11.202369
2025-10-26 15:08:38 [INFO] Epoch: 97 [38400/50000 (77%)]	 Training Loss: 0.421 ACC: 81.01 CR: 0.74 Avg R1: 4.63 Avg R2: 6.59 Avg Reward: 11.217852
2025-10-26 15:08:57 [INFO] EPOCH:97, ======================CR:0.7467====================
2025-10-26 15:08:57 [INFO] 0.08944956474940396
2025-10-26 15:09:00 [INFO] EPOCH:97, ======================ACC:67.84====================
2025-10-26 15:09:00 [INFO] BEST EPOCH:97,BEST ACC:67.84
2025-10-26 15:09:20 [INFO] Epoch: 98 [12800/50000 (26%)]	 Training Loss: 0.417 ACC: 81.34 CR: 0.75 Avg R1: 4.67 Avg R2: 6.65 Avg Reward: 11.322169
2025-10-26 15:09:41 [INFO] Epoch: 98 [25600/50000 (51%)]	 Training Loss: 0.430 ACC: 81.03 CR: 0.76 Avg R1: 4.70 Avg R2: 6.68 Avg Reward: 11.372102
2025-10-26 15:10:01 [INFO] Epoch: 98 [38400/50000 (77%)]	 Training Loss: 0.445 ACC: 80.63 CR: 0.77 Avg R1: 4.73 Avg R2: 6.71 Avg Reward: 11.438519
2025-10-26 15:10:19 [INFO] EPOCH:98, ======================CR:0.7928====================
2025-10-26 15:10:19 [INFO] 0.09660362996332131
2025-10-26 15:10:23 [INFO] EPOCH:98, ======================ACC:62.65====================
2025-10-26 15:10:23 [INFO] BEST EPOCH:97,BEST ACC:67.84
2025-10-26 15:10:44 [INFO] Epoch: 99 [12800/50000 (26%)]	 Training Loss: 0.466 ACC: 80.52 CR: 0.80 Avg R1: 4.98 Avg R2: 7.01 Avg Reward: 11.991262
2025-10-26 15:11:05 [INFO] Epoch: 99 [25600/50000 (51%)]	 Training Loss: 0.470 ACC: 80.17 CR: 0.81 Avg R1: 4.97 Avg R2: 7.03 Avg Reward: 11.994874
2025-10-26 15:11:25 [INFO] Epoch: 99 [38400/50000 (77%)]	 Training Loss: 0.467 ACC: 80.12 CR: 0.81 Avg R1: 4.93 Avg R2: 7.05 Avg Reward: 11.971115
2025-10-26 15:11:43 [INFO] EPOCH:99, ======================CR:0.8035====================
2025-10-26 15:11:43 [INFO] 0.09213811477284407
2025-10-26 15:11:46 [INFO] EPOCH:99, ======================ACC:68.09====================
2025-10-26 15:11:46 [INFO] BEST EPOCH:99,BEST ACC:68.09
2025-10-26 15:12:07 [INFO] Epoch: 100 [12800/50000 (26%)]	 Training Loss: 0.438 ACC: 81.43 CR: 0.80 Avg R1: 4.91 Avg R2: 7.09 Avg Reward: 12.007237
2025-10-26 15:12:28 [INFO] Epoch: 100 [25600/50000 (51%)]	 Training Loss: 0.440 ACC: 81.61 CR: 0.81 Avg R1: 4.90 Avg R2: 7.10 Avg Reward: 11.996388
2025-10-26 15:12:48 [INFO] Epoch: 100 [38400/50000 (77%)]	 Training Loss: 0.447 ACC: 81.25 CR: 0.81 Avg R1: 4.87 Avg R2: 7.11 Avg Reward: 11.973929
2025-10-26 15:13:06 [INFO] EPOCH:100, ======================CR:0.80994====================
2025-10-26 15:13:06 [INFO] 0.08498652812024082
2025-10-26 15:13:09 [INFO] EPOCH:100, ======================ACC:64.93====================
2025-10-26 15:13:09 [INFO] BEST EPOCH:99,BEST ACC:68.09
2025-10-26 15:13:29 [INFO] Epoch: 101 [12800/50000 (26%)]	 Training Loss: 0.422 ACC: 81.95 CR: 0.81 Avg R1: 4.77 Avg R2: 7.16 Avg Reward: 11.931620
2025-10-26 15:13:50 [INFO] Epoch: 101 [25600/50000 (51%)]	 Training Loss: 0.419 ACC: 81.83 CR: 0.80 Avg R1: 4.81 Avg R2: 7.15 Avg Reward: 11.952050
2025-10-26 15:14:10 [INFO] Epoch: 101 [38400/50000 (77%)]	 Training Loss: 0.417 ACC: 81.82 CR: 0.79 Avg R1: 4.86 Avg R2: 7.12 Avg Reward: 11.980567
2025-10-26 15:14:29 [INFO] EPOCH:101, ======================CR:0.78044====================
2025-10-26 15:14:29 [INFO] 0.0787284360540851
2025-10-26 15:14:32 [INFO] EPOCH:101, ======================ACC:67.16====================
2025-10-26 15:14:32 [INFO] BEST EPOCH:99,BEST ACC:68.09
2025-10-26 15:14:52 [INFO] Epoch: 102 [12800/50000 (26%)]	 Training Loss: 0.391 ACC: 82.52 CR: 0.77 Avg R1: 4.85 Avg R2: 6.91 Avg Reward: 11.764061
2025-10-26 15:15:13 [INFO] Epoch: 102 [25600/50000 (51%)]	 Training Loss: 0.391 ACC: 82.46 CR: 0.77 Avg R1: 4.83 Avg R2: 6.88 Avg Reward: 11.711188
2025-10-26 15:15:34 [INFO] Epoch: 102 [38400/50000 (77%)]	 Training Loss: 0.397 ACC: 82.39 CR: 0.76 Avg R1: 4.81 Avg R2: 6.86 Avg Reward: 11.664262
2025-10-26 15:15:52 [INFO] EPOCH:102, ======================CR:0.75198====================
2025-10-26 15:15:52 [INFO] 0.07408895770618076
2025-10-26 15:15:55 [INFO] EPOCH:102, ======================ACC:69.64====================
2025-10-26 15:15:55 [INFO] BEST EPOCH:102,BEST ACC:69.64
2025-10-26 15:16:16 [INFO] Epoch: 103 [12800/50000 (26%)]	 Training Loss: 0.383 ACC: 82.81 CR: 0.75 Avg R1: 4.70 Avg R2: 6.75 Avg Reward: 11.453254
2025-10-26 15:16:36 [INFO] Epoch: 103 [25600/50000 (51%)]	 Training Loss: 0.387 ACC: 82.75 CR: 0.76 Avg R1: 4.71 Avg R2: 6.75 Avg Reward: 11.463614
2025-10-26 15:16:56 [INFO] Epoch: 103 [38400/50000 (77%)]	 Training Loss: 0.397 ACC: 82.28 CR: 0.76 Avg R1: 4.72 Avg R2: 6.76 Avg Reward: 11.476919
2025-10-26 15:17:15 [INFO] EPOCH:103, ======================CR:0.76006====================
2025-10-26 15:17:15 [INFO] 0.06689363697938822
2025-10-26 15:17:19 [INFO] EPOCH:103, ======================ACC:68.13====================
2025-10-26 15:17:19 [INFO] BEST EPOCH:102,BEST ACC:69.64
2025-10-26 15:17:38 [INFO] Epoch: 104 [12800/50000 (26%)]	 Training Loss: 0.378 ACC: 83.38 CR: 0.76 Avg R1: 4.76 Avg R2: 6.80 Avg Reward: 11.561280
2025-10-26 15:17:59 [INFO] Epoch: 104 [25600/50000 (51%)]	 Training Loss: 0.381 ACC: 83.16 CR: 0.76 Avg R1: 4.76 Avg R2: 6.80 Avg Reward: 11.560294
2025-10-26 15:18:20 [INFO] Epoch: 104 [38400/50000 (77%)]	 Training Loss: 0.386 ACC: 83.15 CR: 0.76 Avg R1: 4.76 Avg R2: 6.80 Avg Reward: 11.561975
2025-10-26 15:18:38 [INFO] EPOCH:104, ======================CR:0.77256====================
2025-10-26 15:18:38 [INFO] 0.06999075072138702
2025-10-26 15:18:42 [INFO] EPOCH:104, ======================ACC:67.51====================
2025-10-26 15:18:42 [INFO] BEST EPOCH:102,BEST ACC:69.64
2025-10-26 15:19:02 [INFO] Epoch: 105 [12800/50000 (26%)]	 Training Loss: 0.399 ACC: 83.28 CR: 0.78 Avg R1: 4.86 Avg R2: 6.92 Avg Reward: 11.785605
2025-10-26 15:19:22 [INFO] Epoch: 105 [25600/50000 (51%)]	 Training Loss: 0.406 ACC: 83.00 CR: 0.80 Avg R1: 4.90 Avg R2: 6.97 Avg Reward: 11.869174
2025-10-26 15:19:42 [INFO] Epoch: 105 [38400/50000 (77%)]	 Training Loss: 0.414 ACC: 82.51 CR: 0.80 Avg R1: 4.92 Avg R2: 7.00 Avg Reward: 11.925865
2025-10-26 15:20:00 [INFO] EPOCH:105, ======================CR:0.80238====================
2025-10-26 15:20:00 [INFO] 0.08645380661796243
2025-10-26 15:20:04 [INFO] EPOCH:105, ======================ACC:68.76====================
2025-10-26 15:20:04 [INFO] BEST EPOCH:102,BEST ACC:69.64
2025-10-26 15:20:24 [INFO] Epoch: 106 [12800/50000 (26%)]	 Training Loss: 0.365 ACC: 84.04 CR: 0.79 Avg R1: 4.97 Avg R2: 7.07 Avg Reward: 12.045206
2025-10-26 15:20:45 [INFO] Epoch: 106 [25600/50000 (51%)]	 Training Loss: 0.364 ACC: 83.95 CR: 0.79 Avg R1: 4.95 Avg R2: 7.04 Avg Reward: 11.988138
2025-10-26 15:21:05 [INFO] Epoch: 106 [38400/50000 (77%)]	 Training Loss: 0.376 ACC: 83.57 CR: 0.78 Avg R1: 4.93 Avg R2: 7.01 Avg Reward: 11.941271
2025-10-26 15:21:23 [INFO] EPOCH:106, ======================CR:0.78418====================
2025-10-26 15:21:23 [INFO] 0.10448761006670951
2025-10-26 15:21:26 [INFO] EPOCH:106, ======================ACC:66.32====================
2025-10-26 15:21:26 [INFO] BEST EPOCH:105,BEST ACC:69.64
2025-10-26 15:21:45 [INFO] Epoch: 107 [12800/50000 (26%)]	 Training Loss: 0.396 ACC: 83.53 CR: 0.79 Avg R1: 4.92 Avg R2: 6.99 Avg Reward: 11.901599
2025-10-26 15:22:06 [INFO] Epoch: 107 [25600/50000 (51%)]	 Training Loss: 0.389 ACC: 83.70 CR: 0.79 Avg R1: 4.93 Avg R2: 7.00 Avg Reward: 11.936963
2025-10-26 15:22:27 [INFO] Epoch: 107 [38400/50000 (77%)]	 Training Loss: 0.398 ACC: 83.16 CR: 0.80 Avg R1: 4.95 Avg R2: 7.02 Avg Reward: 11.967833
2025-10-26 15:22:45 [INFO] EPOCH:107, ======================CR:0.81126====================
2025-10-26 15:22:45 [INFO] 0.1119531713494447
2025-10-26 15:22:49 [INFO] EPOCH:107, ======================ACC:69.12====================
2025-10-26 15:22:49 [INFO] BEST EPOCH:105,BEST ACC:69.64
2025-10-26 15:23:10 [INFO] Epoch: 108 [12800/50000 (26%)]	 Training Loss: 0.390 ACC: 83.46 CR: 0.82 Avg R1: 4.65 Avg R2: 7.20 Avg Reward: 11.855686
2025-10-26 15:23:30 [INFO] Epoch: 108 [25600/50000 (51%)]	 Training Loss: 0.389 ACC: 83.57 CR: 0.82 Avg R1: 4.63 Avg R2: 7.21 Avg Reward: 11.838191
2025-10-26 15:23:50 [INFO] Epoch: 108 [38400/50000 (77%)]	 Training Loss: 0.395 ACC: 83.17 CR: 0.82 Avg R1: 4.62 Avg R2: 7.21 Avg Reward: 11.829574
2025-10-26 15:24:08 [INFO] EPOCH:108, ======================CR:0.8113====================
2025-10-26 15:24:08 [INFO] 0.10294009125076624
2025-10-26 15:24:13 [INFO] EPOCH:108, ======================ACC:67.19====================
2025-10-26 15:24:13 [INFO] BEST EPOCH:105,BEST ACC:69.64
2025-10-26 15:24:33 [INFO] Epoch: 109 [12800/50000 (26%)]	 Training Loss: 0.356 ACC: 84.32 CR: 0.81 Avg R1: 4.76 Avg R2: 7.19 Avg Reward: 11.954540
2025-10-26 15:24:53 [INFO] Epoch: 109 [25600/50000 (51%)]	 Training Loss: 0.367 ACC: 84.11 CR: 0.80 Avg R1: 4.83 Avg R2: 7.17 Avg Reward: 12.002462
2025-10-26 15:25:14 [INFO] Epoch: 109 [38400/50000 (77%)]	 Training Loss: 0.375 ACC: 83.77 CR: 0.80 Avg R1: 4.88 Avg R2: 7.15 Avg Reward: 12.034242
2025-10-26 15:25:31 [INFO] EPOCH:109, ======================CR:0.79104====================
2025-10-26 15:25:31 [INFO] 0.10416376877053664
2025-10-26 15:25:35 [INFO] EPOCH:109, ======================ACC:67.84====================
2025-10-26 15:25:35 [INFO] BEST EPOCH:105,BEST ACC:69.64
2025-10-26 15:25:55 [INFO] Epoch: 110 [12800/50000 (26%)]	 Training Loss: 0.342 ACC: 85.51 CR: 0.79 Avg R1: 4.95 Avg R2: 7.04 Avg Reward: 11.983952
2025-10-26 15:26:16 [INFO] Epoch: 110 [25600/50000 (51%)]	 Training Loss: 0.356 ACC: 84.73 CR: 0.79 Avg R1: 4.95 Avg R2: 7.04 Avg Reward: 11.982874
2025-10-26 15:26:35 [INFO] Epoch: 110 [38400/50000 (77%)]	 Training Loss: 0.371 ACC: 84.24 CR: 0.80 Avg R1: 4.96 Avg R2: 7.05 Avg Reward: 12.001272
2025-10-26 15:26:53 [INFO] EPOCH:110, ======================CR:0.80274====================
2025-10-26 15:26:53 [INFO] 0.11222273428685582
2025-10-26 15:26:56 [INFO] EPOCH:110, ======================ACC:69.46====================
2025-10-26 15:26:56 [INFO] BEST EPOCH:105,BEST ACC:69.64
2025-10-26 15:27:15 [INFO] Epoch: 111 [12800/50000 (26%)]	 Training Loss: 0.353 ACC: 84.91 CR: 0.80 Avg R1: 4.92 Avg R2: 7.15 Avg Reward: 12.068476
2025-10-26 15:27:36 [INFO] Epoch: 111 [25600/50000 (51%)]	 Training Loss: 0.359 ACC: 84.86 CR: 0.81 Avg R1: 4.87 Avg R2: 7.16 Avg Reward: 12.036265
2025-10-26 15:27:56 [INFO] Epoch: 111 [38400/50000 (77%)]	 Training Loss: 0.369 ACC: 84.27 CR: 0.80 Avg R1: 4.87 Avg R2: 7.16 Avg Reward: 12.037941
2025-10-26 15:28:14 [INFO] EPOCH:111, ======================CR:0.79448====================
2025-10-26 15:28:14 [INFO] 0.09426287568705137
2025-10-26 15:28:17 [INFO] EPOCH:111, ======================ACC:68.69====================
2025-10-26 15:28:17 [INFO] BEST EPOCH:110,BEST ACC:69.64
2025-10-26 15:28:37 [INFO] Epoch: 112 [12800/50000 (26%)]	 Training Loss: 0.336 ACC: 85.70 CR: 0.80 Avg R1: 4.97 Avg R2: 7.09 Avg Reward: 12.054459
2025-10-26 15:28:59 [INFO] Epoch: 112 [25600/50000 (51%)]	 Training Loss: 0.347 ACC: 85.19 CR: 0.80 Avg R1: 4.98 Avg R2: 7.10 Avg Reward: 12.077947
2025-10-26 15:29:22 [INFO] Epoch: 112 [38400/50000 (77%)]	 Training Loss: 0.357 ACC: 84.70 CR: 0.80 Avg R1: 4.99 Avg R2: 7.10 Avg Reward: 12.088010
2025-10-26 15:29:42 [INFO] EPOCH:112, ======================CR:0.79974====================
2025-10-26 15:29:42 [INFO] 0.08673834646818801
2025-10-26 15:29:46 [INFO] EPOCH:112, ======================ACC:69.72====================
2025-10-26 15:29:46 [INFO] BEST EPOCH:112,BEST ACC:69.72
2025-10-26 15:30:09 [INFO] Epoch: 113 [12800/50000 (26%)]	 Training Loss: 0.335 ACC: 85.88 CR: 0.80 Avg R1: 4.99 Avg R2: 7.10 Avg Reward: 12.085099
2025-10-26 15:30:31 [INFO] Epoch: 113 [25600/50000 (51%)]	 Training Loss: 0.331 ACC: 85.86 CR: 0.79 Avg R1: 4.97 Avg R2: 7.08 Avg Reward: 12.053333
2025-10-26 15:30:55 [INFO] Epoch: 113 [38400/50000 (77%)]	 Training Loss: 0.328 ACC: 85.92 CR: 0.78 Avg R1: 4.95 Avg R2: 7.05 Avg Reward: 12.007371
2025-10-26 15:31:17 [INFO] EPOCH:113, ======================CR:0.77652====================
2025-10-26 15:31:17 [INFO] 0.08188599711387126
2025-10-26 15:31:22 [INFO] EPOCH:113, ======================ACC:70.12====================
2025-10-26 15:31:22 [INFO] BEST EPOCH:113,BEST ACC:70.12
2025-10-26 15:31:47 [INFO] Epoch: 114 [12800/50000 (26%)]	 Training Loss: 0.315 ACC: 86.52 CR: 0.78 Avg R1: 4.86 Avg R2: 6.92 Avg Reward: 11.779150
2025-10-26 15:32:13 [INFO] Epoch: 114 [25600/50000 (51%)]	 Training Loss: 0.323 ACC: 86.29 CR: 0.78 Avg R1: 4.86 Avg R2: 6.93 Avg Reward: 11.792182
2025-10-26 15:32:39 [INFO] Epoch: 114 [38400/50000 (77%)]	 Training Loss: 0.325 ACC: 86.01 CR: 0.78 Avg R1: 4.87 Avg R2: 6.93 Avg Reward: 11.795795
2025-10-26 15:33:02 [INFO] EPOCH:114, ======================CR:0.77816====================
2025-10-26 15:33:02 [INFO] 0.08954560395251877
2025-10-26 15:33:07 [INFO] EPOCH:114, ======================ACC:68.7====================
2025-10-26 15:33:07 [INFO] BEST EPOCH:113,BEST ACC:70.12
2025-10-26 15:33:33 [INFO] Epoch: 115 [12800/50000 (26%)]	 Training Loss: 0.322 ACC: 86.20 CR: 0.78 Avg R1: 4.87 Avg R2: 6.97 Avg Reward: 11.840494
2025-10-26 15:33:59 [INFO] Epoch: 115 [25600/50000 (51%)]	 Training Loss: 0.320 ACC: 86.46 CR: 0.79 Avg R1: 4.88 Avg R2: 6.98 Avg Reward: 11.863473
2025-10-26 15:34:24 [INFO] Epoch: 115 [38400/50000 (77%)]	 Training Loss: 0.328 ACC: 86.13 CR: 0.79 Avg R1: 4.90 Avg R2: 7.00 Avg Reward: 11.897873
2025-10-26 15:34:47 [INFO] EPOCH:115, ======================CR:0.79984====================
2025-10-26 15:34:47 [INFO] 0.08676475766331014
2025-10-26 15:34:52 [INFO] EPOCH:115, ======================ACC:66.4====================
2025-10-26 15:34:52 [INFO] BEST EPOCH:113,BEST ACC:70.12
2025-10-26 15:35:19 [INFO] Epoch: 116 [12800/50000 (26%)]	 Training Loss: 0.336 ACC: 86.04 CR: 0.80 Avg R1: 4.98 Avg R2: 7.13 Avg Reward: 12.104425
2025-10-26 15:35:45 [INFO] Epoch: 116 [25600/50000 (51%)]	 Training Loss: 0.339 ACC: 85.83 CR: 0.81 Avg R1: 4.93 Avg R2: 7.14 Avg Reward: 12.065275
2025-10-26 15:36:10 [INFO] Epoch: 116 [38400/50000 (77%)]	 Training Loss: 0.342 ACC: 85.57 CR: 0.81 Avg R1: 4.87 Avg R2: 7.15 Avg Reward: 12.026297
2025-10-26 15:36:32 [INFO] EPOCH:116, ======================CR:0.81128====================
2025-10-26 15:36:32 [INFO] 0.09253733511876072
2025-10-26 15:36:36 [INFO] EPOCH:116, ======================ACC:69.62====================
2025-10-26 15:36:36 [INFO] BEST EPOCH:113,BEST ACC:70.12
2025-10-26 15:37:02 [INFO] Epoch: 117 [12800/50000 (26%)]	 Training Loss: 0.315 ACC: 86.41 CR: 0.81 Avg R1: 4.74 Avg R2: 7.20 Avg Reward: 11.937199
2025-10-26 15:37:26 [INFO] Epoch: 117 [25600/50000 (51%)]	 Training Loss: 0.318 ACC: 86.29 CR: 0.81 Avg R1: 4.76 Avg R2: 7.19 Avg Reward: 11.955314
2025-10-26 15:37:51 [INFO] Epoch: 117 [38400/50000 (77%)]	 Training Loss: 0.325 ACC: 86.14 CR: 0.81 Avg R1: 4.76 Avg R2: 7.19 Avg Reward: 11.954983
2025-10-26 15:38:15 [INFO] EPOCH:117, ======================CR:0.81134====================
2025-10-26 15:38:15 [INFO] 0.08635050627953095
2025-10-26 15:38:20 [INFO] EPOCH:117, ======================ACC:68.75====================
2025-10-26 15:38:20 [INFO] BEST EPOCH:113,BEST ACC:70.12
2025-10-26 15:38:46 [INFO] Epoch: 118 [12800/50000 (26%)]	 Training Loss: 0.328 ACC: 86.21 CR: 0.81 Avg R1: 4.71 Avg R2: 7.21 Avg Reward: 11.918515
2025-10-26 15:39:11 [INFO] Epoch: 118 [25600/50000 (51%)]	 Training Loss: 0.323 ACC: 86.32 CR: 0.81 Avg R1: 4.71 Avg R2: 7.21 Avg Reward: 11.918684
2025-10-26 15:39:37 [INFO] Epoch: 118 [38400/50000 (77%)]	 Training Loss: 0.323 ACC: 86.34 CR: 0.81 Avg R1: 4.69 Avg R2: 7.21 Avg Reward: 11.905539
2025-10-26 15:40:03 [INFO] EPOCH:118, ======================CR:0.812====================
2025-10-26 15:40:03 [INFO] 0.09262660252480412
2025-10-26 15:40:08 [INFO] EPOCH:118, ======================ACC:70.07====================
2025-10-26 15:40:08 [INFO] BEST EPOCH:113,BEST ACC:70.12
2025-10-26 15:40:38 [INFO] Epoch: 119 [12800/50000 (26%)]	 Training Loss: 0.294 ACC: 87.16 CR: 0.81 Avg R1: 4.78 Avg R2: 7.18 Avg Reward: 11.966398
2025-10-26 15:41:09 [INFO] Epoch: 119 [25600/50000 (51%)]	 Training Loss: 0.286 ACC: 87.57 CR: 0.79 Avg R1: 4.87 Avg R2: 7.15 Avg Reward: 12.021820
2025-10-26 15:41:39 [INFO] Epoch: 119 [38400/50000 (77%)]	 Training Loss: 0.287 ACC: 87.43 CR: 0.78 Avg R1: 4.88 Avg R2: 7.11 Avg Reward: 11.997493
2025-10-26 15:42:05 [INFO] EPOCH:119, ======================CR:0.76664====================
2025-10-26 15:42:05 [INFO] 0.08869768526287052
2025-10-26 15:42:10 [INFO] EPOCH:119, ======================ACC:70.23====================
2025-10-26 15:42:10 [INFO] BEST EPOCH:119,BEST ACC:70.23
2025-10-26 15:42:36 [INFO] Epoch: 120 [12800/50000 (26%)]	 Training Loss: 0.274 ACC: 87.87 CR: 0.77 Avg R1: 4.78 Avg R2: 6.86 Avg Reward: 11.644703
2025-10-26 15:43:02 [INFO] Epoch: 120 [25600/50000 (51%)]	 Training Loss: 0.275 ACC: 87.77 CR: 0.77 Avg R1: 4.79 Avg R2: 6.86 Avg Reward: 11.643931
2025-10-26 15:43:25 [INFO] Epoch: 120 [38400/50000 (77%)]	 Training Loss: 0.281 ACC: 87.67 CR: 0.78 Avg R1: 4.80 Avg R2: 6.87 Avg Reward: 11.661359
2025-10-26 15:43:49 [INFO] EPOCH:120, ======================CR:0.78554====================
2025-10-26 15:43:49 [INFO] 0.0876026914663514
2025-10-26 15:43:53 [INFO] EPOCH:120, ======================ACC:70.06====================
2025-10-26 15:43:53 [INFO] BEST EPOCH:119,BEST ACC:70.23
2025-10-26 15:44:18 [INFO] Epoch: 121 [12800/50000 (26%)]	 Training Loss: 0.282 ACC: 88.24 CR: 0.79 Avg R1: 4.94 Avg R2: 7.02 Avg Reward: 11.958347
2025-10-26 15:44:41 [INFO] Epoch: 121 [25600/50000 (51%)]	 Training Loss: 0.289 ACC: 88.01 CR: 0.80 Avg R1: 4.96 Avg R2: 7.05 Avg Reward: 12.003641
2025-10-26 15:45:06 [INFO] Epoch: 121 [38400/50000 (77%)]	 Training Loss: 0.293 ACC: 87.73 CR: 0.81 Avg R1: 4.93 Avg R2: 7.07 Avg Reward: 12.001251
2025-10-26 15:45:29 [INFO] EPOCH:121, ======================CR:0.80764====================
2025-10-26 15:45:29 [INFO] 0.09480841977297158
2025-10-26 15:45:33 [INFO] EPOCH:121, ======================ACC:69.27====================
2025-10-26 15:45:33 [INFO] BEST EPOCH:119,BEST ACC:70.23
2025-10-26 15:45:59 [INFO] Epoch: 122 [12800/50000 (26%)]	 Training Loss: 0.262 ACC: 88.75 CR: 0.80 Avg R1: 4.90 Avg R2: 7.11 Avg Reward: 12.006358
2025-10-26 15:46:23 [INFO] Epoch: 122 [25600/50000 (51%)]	 Training Loss: 0.255 ACC: 88.95 CR: 0.79 Avg R1: 4.93 Avg R2: 7.07 Avg Reward: 12.006165
2025-10-26 15:46:46 [INFO] Epoch: 122 [38400/50000 (77%)]	 Training Loss: 0.260 ACC: 88.74 CR: 0.78 Avg R1: 4.92 Avg R2: 7.04 Avg Reward: 11.962752
2025-10-26 15:47:10 [INFO] EPOCH:122, ======================CR:0.76642====================
2025-10-26 15:47:10 [INFO] 0.0890298875385701
2025-10-26 15:47:14 [INFO] EPOCH:122, ======================ACC:70.73====================
2025-10-26 15:47:14 [INFO] BEST EPOCH:122,BEST ACC:70.73
2025-10-26 15:47:39 [INFO] Epoch: 123 [12800/50000 (26%)]	 Training Loss: 0.257 ACC: 89.10 CR: 0.77 Avg R1: 4.78 Avg R2: 6.83 Avg Reward: 11.611692
2025-10-26 15:48:03 [INFO] Epoch: 123 [25600/50000 (51%)]	 Training Loss: 0.258 ACC: 88.87 CR: 0.76 Avg R1: 4.78 Avg R2: 6.82 Avg Reward: 11.597852
2025-10-26 15:48:27 [INFO] Epoch: 123 [38400/50000 (77%)]	 Training Loss: 0.261 ACC: 88.79 CR: 0.76 Avg R1: 4.77 Avg R2: 6.82 Avg Reward: 11.591664
2025-10-26 15:48:49 [INFO] EPOCH:123, ======================CR:0.7612====================
2025-10-26 15:48:49 [INFO] 0.09367109939932336
2025-10-26 15:48:53 [INFO] EPOCH:123, ======================ACC:69.99====================
2025-10-26 15:48:53 [INFO] BEST EPOCH:122,BEST ACC:70.73
2025-10-26 15:49:18 [INFO] Epoch: 124 [12800/50000 (26%)]	 Training Loss: 0.261 ACC: 88.88 CR: 0.76 Avg R1: 4.76 Avg R2: 6.80 Avg Reward: 11.554628
2025-10-26 15:49:42 [INFO] Epoch: 124 [25600/50000 (51%)]	 Training Loss: 0.260 ACC: 88.70 CR: 0.76 Avg R1: 4.76 Avg R2: 6.80 Avg Reward: 11.560403
2025-10-26 15:50:05 [INFO] Epoch: 124 [38400/50000 (77%)]	 Training Loss: 0.262 ACC: 88.66 CR: 0.76 Avg R1: 4.76 Avg R2: 6.80 Avg Reward: 11.564158
2025-10-26 15:50:27 [INFO] EPOCH:124, ======================CR:0.7689====================
2025-10-26 15:50:27 [INFO] 0.08348300672573211
2025-10-26 15:50:32 [INFO] EPOCH:124, ======================ACC:70.26====================
2025-10-26 15:50:32 [INFO] BEST EPOCH:122,BEST ACC:70.73
2025-10-26 15:50:56 [INFO] Epoch: 125 [12800/50000 (26%)]	 Training Loss: 0.258 ACC: 89.29 CR: 0.77 Avg R1: 4.82 Avg R2: 6.87 Avg Reward: 11.687939
2025-10-26 15:51:22 [INFO] Epoch: 125 [25600/50000 (51%)]	 Training Loss: 0.257 ACC: 89.17 CR: 0.78 Avg R1: 4.84 Avg R2: 6.89 Avg Reward: 11.732673
2025-10-26 15:51:46 [INFO] Epoch: 125 [38400/50000 (77%)]	 Training Loss: 0.261 ACC: 88.88 CR: 0.79 Avg R1: 4.87 Avg R2: 6.91 Avg Reward: 11.776285
2025-10-26 15:52:09 [INFO] EPOCH:125, ======================CR:0.79468====================
2025-10-26 15:52:09 [INFO] 0.08563331813369292
2025-10-26 15:52:13 [INFO] EPOCH:125, ======================ACC:70.09====================
2025-10-26 15:52:13 [INFO] BEST EPOCH:122,BEST ACC:70.73
2025-10-26 15:52:39 [INFO] Epoch: 126 [12800/50000 (26%)]	 Training Loss: 0.256 ACC: 89.59 CR: 0.80 Avg R1: 4.98 Avg R2: 7.04 Avg Reward: 12.019795
2025-10-26 15:53:04 [INFO] Epoch: 126 [25600/50000 (51%)]	 Training Loss: 0.257 ACC: 89.38 CR: 0.81 Avg R1: 4.94 Avg R2: 7.06 Avg Reward: 12.001360
2025-10-26 15:53:29 [INFO] Epoch: 126 [38400/50000 (77%)]	 Training Loss: 0.262 ACC: 89.12 CR: 0.81 Avg R1: 4.89 Avg R2: 7.07 Avg Reward: 11.969044
2025-10-26 15:53:50 [INFO] EPOCH:126, ======================CR:0.81314====================
2025-10-26 15:53:50 [INFO] 0.1092977731373068
2025-10-26 15:53:54 [INFO] EPOCH:126, ======================ACC:70.6====================
2025-10-26 15:53:54 [INFO] BEST EPOCH:125,BEST ACC:70.73
2025-10-26 15:54:18 [INFO] Epoch: 127 [12800/50000 (26%)]	 Training Loss: 0.260 ACC: 89.09 CR: 0.81 Avg R1: 4.68 Avg R2: 7.14 Avg Reward: 11.824677
2025-10-26 15:54:42 [INFO] Epoch: 127 [25600/50000 (51%)]	 Training Loss: 0.262 ACC: 89.02 CR: 0.81 Avg R1: 4.69 Avg R2: 7.14 Avg Reward: 11.830163
2025-10-26 15:55:06 [INFO] Epoch: 127 [38400/50000 (77%)]	 Training Loss: 0.264 ACC: 88.84 CR: 0.81 Avg R1: 4.70 Avg R2: 7.14 Avg Reward: 11.844907
2025-10-26 15:55:28 [INFO] EPOCH:127, ======================CR:0.80646====================
2025-10-26 15:55:28 [INFO] 0.10304626525803266
2025-10-26 15:55:32 [INFO] EPOCH:127, ======================ACC:71.15====================
2025-10-26 15:55:32 [INFO] BEST EPOCH:127,BEST ACC:71.15
2025-10-26 15:55:58 [INFO] Epoch: 128 [12800/50000 (26%)]	 Training Loss: 0.243 ACC: 89.57 CR: 0.80 Avg R1: 4.90 Avg R2: 7.08 Avg Reward: 11.979541
2025-10-26 15:56:22 [INFO] Epoch: 128 [25600/50000 (51%)]	 Training Loss: 0.242 ACC: 89.78 CR: 0.80 Avg R1: 4.94 Avg R2: 7.06 Avg Reward: 12.002352
2025-10-26 15:56:46 [INFO] Epoch: 128 [38400/50000 (77%)]	 Training Loss: 0.245 ACC: 89.70 CR: 0.80 Avg R1: 4.95 Avg R2: 7.04 Avg Reward: 11.997520
2025-10-26 15:57:08 [INFO] EPOCH:128, ======================CR:0.79704====================
2025-10-26 15:57:08 [INFO] 0.09285620448788938
2025-10-26 15:57:12 [INFO] EPOCH:128, ======================ACC:70.55====================
2025-10-26 15:57:12 [INFO] BEST EPOCH:127,BEST ACC:71.15
2025-10-26 15:57:38 [INFO] Epoch: 129 [12800/50000 (26%)]	 Training Loss: 0.241 ACC: 89.98 CR: 0.80 Avg R1: 4.96 Avg R2: 7.05 Avg Reward: 12.010888
2025-10-26 15:57:59 [INFO] Epoch: 129 [25600/50000 (51%)]	 Training Loss: 0.243 ACC: 89.98 CR: 0.81 Avg R1: 4.88 Avg R2: 7.07 Avg Reward: 11.952975
2025-10-26 15:58:24 [INFO] Epoch: 129 [38400/50000 (77%)]	 Training Loss: 0.248 ACC: 89.64 CR: 0.82 Avg R1: 4.80 Avg R2: 7.09 Avg Reward: 11.895504
2025-10-26 15:58:46 [INFO] EPOCH:129, ======================CR:0.81846====================
2025-10-26 15:58:46 [INFO] 0.09098813098779529
2025-10-26 15:58:52 [INFO] EPOCH:129, ======================ACC:71.6====================
2025-10-26 15:58:52 [INFO] BEST EPOCH:129,BEST ACC:71.6
2025-10-26 15:59:16 [INFO] Epoch: 130 [12800/50000 (26%)]	 Training Loss: 0.224 ACC: 90.41 CR: 0.81 Avg R1: 4.64 Avg R2: 7.15 Avg Reward: 11.782761
2025-10-26 15:59:39 [INFO] Epoch: 130 [25600/50000 (51%)]	 Training Loss: 0.223 ACC: 90.35 CR: 0.80 Avg R1: 4.75 Avg R2: 7.12 Avg Reward: 11.860595
2025-10-26 16:00:05 [INFO] Epoch: 130 [38400/50000 (77%)]	 Training Loss: 0.225 ACC: 90.32 CR: 0.79 Avg R1: 4.82 Avg R2: 7.08 Avg Reward: 11.898694
2025-10-26 16:00:26 [INFO] EPOCH:130, ======================CR:0.7858====================
2025-10-26 16:00:26 [INFO] 0.10968754644612332
2025-10-26 16:00:31 [INFO] EPOCH:130, ======================ACC:71.13====================
2025-10-26 16:00:31 [INFO] BEST EPOCH:129,BEST ACC:71.6
2025-10-26 16:00:55 [INFO] Epoch: 131 [12800/50000 (26%)]	 Training Loss: 0.218 ACC: 91.13 CR: 0.79 Avg R1: 4.94 Avg R2: 6.94 Avg Reward: 11.880371
2025-10-26 16:01:21 [INFO] Epoch: 131 [25600/50000 (51%)]	 Training Loss: 0.220 ACC: 90.95 CR: 0.80 Avg R1: 4.96 Avg R2: 6.97 Avg Reward: 11.922900
2025-10-26 16:01:43 [INFO] Epoch: 131 [38400/50000 (77%)]	 Training Loss: 0.231 ACC: 90.59 CR: 0.81 Avg R1: 4.90 Avg R2: 6.99 Avg Reward: 11.892818
2025-10-26 16:02:06 [INFO] EPOCH:131, ======================CR:0.82112====================
2025-10-26 16:02:06 [INFO] 0.10918631588860947
2025-10-26 16:02:11 [INFO] EPOCH:131, ======================ACC:71.82====================
2025-10-26 16:02:11 [INFO] BEST EPOCH:131,BEST ACC:71.82
2025-10-26 16:02:35 [INFO] Epoch: 132 [12800/50000 (26%)]	 Training Loss: 0.223 ACC: 90.81 CR: 0.82 Avg R1: 4.45 Avg R2: 7.14 Avg Reward: 11.593858
2025-10-26 16:02:57 [INFO] Epoch: 132 [25600/50000 (51%)]	 Training Loss: 0.215 ACC: 91.06 CR: 0.82 Avg R1: 4.50 Avg R2: 7.13 Avg Reward: 11.635961
2025-10-26 16:03:19 [INFO] Epoch: 132 [38400/50000 (77%)]	 Training Loss: 0.215 ACC: 91.03 CR: 0.81 Avg R1: 4.56 Avg R2: 7.12 Avg Reward: 11.680581
2025-10-26 16:03:40 [INFO] EPOCH:132, ======================CR:0.80698====================
2025-10-26 16:03:40 [INFO] 0.09105408920685903
2025-10-26 16:03:44 [INFO] EPOCH:132, ======================ACC:70.72====================
2025-10-26 16:03:44 [INFO] BEST EPOCH:131,BEST ACC:71.82
2025-10-26 16:04:07 [INFO] Epoch: 133 [12800/50000 (26%)]	 Training Loss: 0.208 ACC: 91.34 CR: 0.81 Avg R1: 4.83 Avg R2: 7.04 Avg Reward: 11.873995
2025-10-26 16:04:31 [INFO] Epoch: 133 [25600/50000 (51%)]	 Training Loss: 0.214 ACC: 91.01 CR: 0.80 Avg R1: 4.86 Avg R2: 7.03 Avg Reward: 11.889636
2025-10-26 16:04:54 [INFO] Epoch: 133 [38400/50000 (77%)]	 Training Loss: 0.215 ACC: 90.96 CR: 0.80 Avg R1: 4.89 Avg R2: 7.02 Avg Reward: 11.910669
2025-10-26 16:05:14 [INFO] EPOCH:133, ======================CR:0.79704====================
2025-10-26 16:05:14 [INFO] 0.08825451330741105
2025-10-26 16:05:17 [INFO] EPOCH:133, ======================ACC:71.89====================
2025-10-26 16:05:17 [INFO] BEST EPOCH:133,BEST ACC:71.89
2025-10-26 16:05:41 [INFO] Epoch: 134 [12800/50000 (26%)]	 Training Loss: 0.203 ACC: 91.62 CR: 0.80 Avg R1: 4.98 Avg R2: 6.95 Avg Reward: 11.927787
2025-10-26 16:06:03 [INFO] Epoch: 134 [25600/50000 (51%)]	 Training Loss: 0.201 ACC: 91.51 CR: 0.80 Avg R1: 4.98 Avg R2: 6.95 Avg Reward: 11.929145
2025-10-26 16:06:25 [INFO] Epoch: 134 [38400/50000 (77%)]	 Training Loss: 0.204 ACC: 91.35 CR: 0.80 Avg R1: 4.97 Avg R2: 6.95 Avg Reward: 11.927504
2025-10-26 16:06:45 [INFO] EPOCH:134, ======================CR:0.80138====================
2025-10-26 16:06:45 [INFO] 0.08056947430125407
2025-10-26 16:06:48 [INFO] EPOCH:134, ======================ACC:71.23====================
2025-10-26 16:06:48 [INFO] BEST EPOCH:133,BEST ACC:71.89
2025-10-26 16:07:09 [INFO] Epoch: 135 [12800/50000 (26%)]	 Training Loss: 0.200 ACC: 91.97 CR: 0.81 Avg R1: 4.85 Avg R2: 7.02 Avg Reward: 11.869083
2025-10-26 16:07:31 [INFO] Epoch: 135 [25600/50000 (51%)]	 Training Loss: 0.200 ACC: 92.00 CR: 0.81 Avg R1: 4.77 Avg R2: 7.04 Avg Reward: 11.807746
2025-10-26 16:07:53 [INFO] Epoch: 135 [38400/50000 (77%)]	 Training Loss: 0.202 ACC: 91.92 CR: 0.82 Avg R1: 4.71 Avg R2: 7.05 Avg Reward: 11.759235
2025-10-26 16:08:14 [INFO] EPOCH:135, ======================CR:0.81796====================
2025-10-26 16:08:14 [INFO] 0.10082405160594218
2025-10-26 16:08:18 [INFO] EPOCH:135, ======================ACC:71.12====================
2025-10-26 16:08:18 [INFO] BEST EPOCH:133,BEST ACC:71.89
2025-10-26 16:08:40 [INFO] Epoch: 136 [12800/50000 (26%)]	 Training Loss: 0.198 ACC: 91.55 CR: 0.81 Avg R1: 4.59 Avg R2: 7.07 Avg Reward: 11.668776
2025-10-26 16:09:02 [INFO] Epoch: 136 [25600/50000 (51%)]	 Training Loss: 0.197 ACC: 91.74 CR: 0.81 Avg R1: 4.62 Avg R2: 7.07 Avg Reward: 11.687206
2025-10-26 16:09:24 [INFO] Epoch: 136 [38400/50000 (77%)]	 Training Loss: 0.197 ACC: 91.79 CR: 0.81 Avg R1: 4.65 Avg R2: 7.06 Avg Reward: 11.706829
2025-10-26 16:09:44 [INFO] EPOCH:136, ======================CR:0.81376====================
2025-10-26 16:09:44 [INFO] 0.1089158763395595
2025-10-26 16:09:48 [INFO] EPOCH:136, ======================ACC:71.28====================
2025-10-26 16:09:49 [INFO] BEST EPOCH:133,BEST ACC:71.89
2025-10-26 16:10:14 [INFO] Epoch: 137 [12800/50000 (26%)]	 Training Loss: 0.186 ACC: 92.67 CR: 0.82 Avg R1: 4.64 Avg R2: 7.06 Avg Reward: 11.695018
2025-10-26 16:10:37 [INFO] Epoch: 137 [25600/50000 (51%)]	 Training Loss: 0.192 ACC: 92.30 CR: 0.82 Avg R1: 4.61 Avg R2: 7.06 Avg Reward: 11.670827
2025-10-26 16:11:01 [INFO] Epoch: 137 [38400/50000 (77%)]	 Training Loss: 0.195 ACC: 92.14 CR: 0.82 Avg R1: 4.57 Avg R2: 7.07 Avg Reward: 11.647016
2025-10-26 16:11:22 [INFO] EPOCH:137, ======================CR:0.81802====================
2025-10-26 16:11:22 [INFO] 0.10163062054545516
2025-10-26 16:11:26 [INFO] EPOCH:137, ======================ACC:71.21====================
2025-10-26 16:11:26 [INFO] BEST EPOCH:133,BEST ACC:71.89
2025-10-26 16:11:50 [INFO] Epoch: 138 [12800/50000 (26%)]	 Training Loss: 0.177 ACC: 92.35 CR: 0.81 Avg R1: 4.61 Avg R2: 7.05 Avg Reward: 11.659876
2025-10-26 16:12:15 [INFO] Epoch: 138 [25600/50000 (51%)]	 Training Loss: 0.174 ACC: 92.52 CR: 0.80 Avg R1: 4.70 Avg R2: 7.02 Avg Reward: 11.713162
2025-10-26 16:12:41 [INFO] Epoch: 138 [38400/50000 (77%)]	 Training Loss: 0.177 ACC: 92.53 CR: 0.80 Avg R1: 4.79 Avg R2: 6.99 Avg Reward: 11.772710
2025-10-26 16:13:06 [INFO] EPOCH:138, ======================CR:0.78906====================
2025-10-26 16:13:06 [INFO] 0.09395610385673661
2025-10-26 16:13:11 [INFO] EPOCH:138, ======================ACC:71.56====================
2025-10-26 16:13:11 [INFO] BEST EPOCH:133,BEST ACC:71.89
2025-10-26 16:13:34 [INFO] Epoch: 139 [12800/50000 (26%)]	 Training Loss: 0.163 ACC: 93.34 CR: 0.79 Avg R1: 4.93 Avg R2: 6.82 Avg Reward: 11.748017
2025-10-26 16:13:57 [INFO] Epoch: 139 [25600/50000 (51%)]	 Training Loss: 0.156 ACC: 93.59 CR: 0.78 Avg R1: 4.91 Avg R2: 6.81 Avg Reward: 11.719069
2025-10-26 16:14:20 [INFO] Epoch: 139 [38400/50000 (77%)]	 Training Loss: 0.160 ACC: 93.41 CR: 0.77 Avg R1: 4.89 Avg R2: 6.79 Avg Reward: 11.684281
2025-10-26 16:14:42 [INFO] EPOCH:139, ======================CR:0.7699====================
2025-10-26 16:14:42 [INFO] 0.09740098146543308
2025-10-26 16:14:45 [INFO] EPOCH:139, ======================ACC:72.3====================
2025-10-26 16:14:45 [INFO] BEST EPOCH:139,BEST ACC:72.3
2025-10-26 16:15:10 [INFO] Epoch: 140 [12800/50000 (26%)]	 Training Loss: 0.156 ACC: 93.47 CR: 0.77 Avg R1: 4.83 Avg R2: 6.68 Avg Reward: 11.506006
2025-10-26 16:15:42 [INFO] Epoch: 140 [25600/50000 (51%)]	 Training Loss: 0.159 ACC: 93.38 CR: 0.78 Avg R1: 4.84 Avg R2: 6.70 Avg Reward: 11.543465
2025-10-26 16:16:13 [INFO] Epoch: 140 [38400/50000 (77%)]	 Training Loss: 0.162 ACC: 93.29 CR: 0.79 Avg R1: 4.87 Avg R2: 6.72 Avg Reward: 11.593828
2025-10-26 16:16:39 [INFO] EPOCH:140, ======================CR:0.8018====================
2025-10-26 16:16:39 [INFO] 0.09805111486010067
2025-10-26 16:16:43 [INFO] EPOCH:140, ======================ACC:72.43====================
2025-10-26 16:16:43 [INFO] BEST EPOCH:140,BEST ACC:72.43
2025-10-26 16:17:12 [INFO] Epoch: 141 [12800/50000 (26%)]	 Training Loss: 0.162 ACC: 93.60 CR: 0.80 Avg R1: 4.95 Avg R2: 6.86 Avg Reward: 11.806405
2025-10-26 16:17:44 [INFO] Epoch: 141 [25600/50000 (51%)]	 Training Loss: 0.165 ACC: 93.41 CR: 0.80 Avg R1: 4.93 Avg R2: 6.87 Avg Reward: 11.796142
2025-10-26 16:18:11 [INFO] Epoch: 141 [38400/50000 (77%)]	 Training Loss: 0.168 ACC: 93.21 CR: 0.80 Avg R1: 4.92 Avg R2: 6.87 Avg Reward: 11.786174
2025-10-26 16:18:37 [INFO] EPOCH:141, ======================CR:0.80174====================
2025-10-26 16:18:37 [INFO] 0.08756886070590765
2025-10-26 16:18:39 [INFO] EPOCH:141, ======================ACC:72.19====================
2025-10-26 16:18:39 [INFO] BEST EPOCH:140,BEST ACC:72.43
2025-10-26 16:19:11 [INFO] Epoch: 142 [12800/50000 (26%)]	 Training Loss: 0.151 ACC: 94.08 CR: 0.80 Avg R1: 4.99 Avg R2: 6.84 Avg Reward: 11.823350
2025-10-26 16:19:40 [INFO] Epoch: 142 [25600/50000 (51%)]	 Training Loss: 0.150 ACC: 94.03 CR: 0.79 Avg R1: 4.98 Avg R2: 6.82 Avg Reward: 11.805186
2025-10-26 16:20:08 [INFO] Epoch: 142 [38400/50000 (77%)]	 Training Loss: 0.154 ACC: 93.86 CR: 0.79 Avg R1: 4.97 Avg R2: 6.81 Avg Reward: 11.777771
2025-10-26 16:20:30 [INFO] EPOCH:142, ======================CR:0.78396====================
2025-10-26 16:20:30 [INFO] 0.09649419545231616
2025-10-26 16:20:35 [INFO] EPOCH:142, ======================ACC:72.58====================
2025-10-26 16:20:35 [INFO] BEST EPOCH:142,BEST ACC:72.58
2025-10-26 16:21:06 [INFO] Epoch: 143 [12800/50000 (26%)]	 Training Loss: 0.145 ACC: 94.05 CR: 0.78 Avg R1: 4.89 Avg R2: 6.69 Avg Reward: 11.586334
2025-10-26 16:21:34 [INFO] Epoch: 143 [25600/50000 (51%)]	 Training Loss: 0.144 ACC: 94.24 CR: 0.78 Avg R1: 4.89 Avg R2: 6.69 Avg Reward: 11.578202
2025-10-26 16:22:02 [INFO] Epoch: 143 [38400/50000 (77%)]	 Training Loss: 0.146 ACC: 94.13 CR: 0.79 Avg R1: 4.90 Avg R2: 6.70 Avg Reward: 11.591277
2025-10-26 16:22:31 [INFO] EPOCH:143, ======================CR:0.79272====================
2025-10-26 16:22:31 [INFO] 0.08593506836680674
2025-10-26 16:22:34 [INFO] EPOCH:143, ======================ACC:73.47====================
2025-10-26 16:22:34 [INFO] BEST EPOCH:143,BEST ACC:73.47
2025-10-26 16:23:03 [INFO] Epoch: 144 [12800/50000 (26%)]	 Training Loss: 0.143 ACC: 94.36 CR: 0.79 Avg R1: 4.96 Avg R2: 6.73 Avg Reward: 11.690629
2025-10-26 16:23:34 [INFO] Epoch: 144 [25600/50000 (51%)]	 Training Loss: 0.142 ACC: 94.36 CR: 0.79 Avg R1: 4.96 Avg R2: 6.74 Avg Reward: 11.696474
2025-10-26 16:24:05 [INFO] Epoch: 144 [38400/50000 (77%)]	 Training Loss: 0.143 ACC: 94.33 CR: 0.80 Avg R1: 4.96 Avg R2: 6.74 Avg Reward: 11.703283
2025-10-26 16:24:33 [INFO] EPOCH:144, ======================CR:0.7992====================
2025-10-26 16:24:33 [INFO] 0.09287485923672428
2025-10-26 16:24:38 [INFO] EPOCH:144, ======================ACC:72.46====================
2025-10-26 16:24:38 [INFO] BEST EPOCH:143,BEST ACC:73.47
2025-10-26 16:25:04 [INFO] Epoch: 145 [12800/50000 (26%)]	 Training Loss: 0.136 ACC: 94.57 CR: 0.80 Avg R1: 4.96 Avg R2: 6.77 Avg Reward: 11.729968
2025-10-26 16:25:30 [INFO] Epoch: 145 [25600/50000 (51%)]	 Training Loss: 0.135 ACC: 94.60 CR: 0.80 Avg R1: 4.93 Avg R2: 6.77 Avg Reward: 11.708701
2025-10-26 16:25:57 [INFO] Epoch: 145 [38400/50000 (77%)]	 Training Loss: 0.136 ACC: 94.59 CR: 0.80 Avg R1: 4.95 Avg R2: 6.76 Avg Reward: 11.716915
2025-10-26 16:26:26 [INFO] EPOCH:145, ======================CR:0.79104====================
2025-10-26 16:26:26 [INFO] 0.10832335582638279
2025-10-26 16:26:32 [INFO] EPOCH:145, ======================ACC:73.33====================
2025-10-26 16:26:32 [INFO] BEST EPOCH:143,BEST ACC:73.47
2025-10-26 16:27:03 [INFO] Epoch: 146 [12800/50000 (26%)]	 Training Loss: 0.133 ACC: 94.55 CR: 0.79 Avg R1: 4.94 Avg R2: 6.66 Avg Reward: 11.595733
2025-10-26 16:27:35 [INFO] Epoch: 146 [25600/50000 (51%)]	 Training Loss: 0.137 ACC: 94.41 CR: 0.79 Avg R1: 4.93 Avg R2: 6.66 Avg Reward: 11.592570
2025-10-26 16:28:04 [INFO] Epoch: 146 [38400/50000 (77%)]	 Training Loss: 0.138 ACC: 94.38 CR: 0.79 Avg R1: 4.94 Avg R2: 6.66 Avg Reward: 11.601720
2025-10-26 16:28:28 [INFO] EPOCH:146, ======================CR:0.79506====================
2025-10-26 16:28:28 [INFO] 0.11168102468374277
2025-10-26 16:28:32 [INFO] EPOCH:146, ======================ACC:73.42====================
2025-10-26 16:28:32 [INFO] BEST EPOCH:143,BEST ACC:73.47
2025-10-26 16:29:02 [INFO] Epoch: 147 [12800/50000 (26%)]	 Training Loss: 0.126 ACC: 95.23 CR: 0.80 Avg R1: 4.97 Avg R2: 6.70 Avg Reward: 11.674026
2025-10-26 16:29:31 [INFO] Epoch: 147 [25600/50000 (51%)]	 Training Loss: 0.126 ACC: 95.24 CR: 0.80 Avg R1: 4.98 Avg R2: 6.71 Avg Reward: 11.694463
2025-10-26 16:30:00 [INFO] Epoch: 147 [38400/50000 (77%)]	 Training Loss: 0.130 ACC: 95.01 CR: 0.81 Avg R1: 4.95 Avg R2: 6.73 Avg Reward: 11.680136
2025-10-26 16:30:27 [INFO] EPOCH:147, ======================CR:0.8154====================
2025-10-26 16:30:27 [INFO] 0.09972367619055934
2025-10-26 16:30:31 [INFO] EPOCH:147, ======================ACC:73.73====================
2025-10-26 16:30:31 [INFO] BEST EPOCH:147,BEST ACC:73.73
2025-10-26 16:30:59 [INFO] Epoch: 148 [12800/50000 (26%)]	 Training Loss: 0.130 ACC: 95.07 CR: 0.82 Avg R1: 4.62 Avg R2: 6.80 Avg Reward: 11.415798
2025-10-26 16:31:25 [INFO] Epoch: 148 [25600/50000 (51%)]	 Training Loss: 0.128 ACC: 95.04 CR: 0.81 Avg R1: 4.62 Avg R2: 6.80 Avg Reward: 11.417648
2025-10-26 16:31:50 [INFO] Epoch: 148 [38400/50000 (77%)]	 Training Loss: 0.130 ACC: 94.96 CR: 0.81 Avg R1: 4.63 Avg R2: 6.79 Avg Reward: 11.427740
2025-10-26 16:32:15 [INFO] EPOCH:148, ======================CR:0.80724====================
2025-10-26 16:32:15 [INFO] 0.11057093518753175
2025-10-26 16:32:18 [INFO] EPOCH:148, ======================ACC:73.04====================
2025-10-26 16:32:18 [INFO] BEST EPOCH:147,BEST ACC:73.73
2025-10-26 16:32:45 [INFO] Epoch: 149 [12800/50000 (26%)]	 Training Loss: 0.124 ACC: 95.15 CR: 0.81 Avg R1: 4.85 Avg R2: 6.73 Avg Reward: 11.581661
2025-10-26 16:33:12 [INFO] Epoch: 149 [25600/50000 (51%)]	 Training Loss: 0.125 ACC: 95.17 CR: 0.81 Avg R1: 4.85 Avg R2: 6.73 Avg Reward: 11.575822
2025-10-26 16:33:38 [INFO] Epoch: 149 [38400/50000 (77%)]	 Training Loss: 0.125 ACC: 95.14 CR: 0.80 Avg R1: 4.85 Avg R2: 6.73 Avg Reward: 11.580071
2025-10-26 16:34:02 [INFO] EPOCH:149, ======================CR:0.79644====================
2025-10-26 16:34:02 [INFO] 0.10636480245005972
2025-10-26 16:34:05 [INFO] EPOCH:149, ======================ACC:74.28====================
2025-10-26 16:34:05 [INFO] BEST EPOCH:149,BEST ACC:74.28
2025-10-26 16:34:33 [INFO] Epoch: 150 [12800/50000 (26%)]	 Training Loss: 0.106 ACC: 95.95 CR: 0.79 Avg R1: 4.96 Avg R2: 6.60 Avg Reward: 11.556059
2025-10-26 16:35:00 [INFO] Epoch: 150 [25600/50000 (51%)]	 Training Loss: 0.105 ACC: 95.95 CR: 0.78 Avg R1: 4.94 Avg R2: 6.58 Avg Reward: 11.516739
2025-10-26 16:35:24 [INFO] Epoch: 150 [38400/50000 (77%)]	 Training Loss: 0.107 ACC: 95.76 CR: 0.78 Avg R1: 4.92 Avg R2: 6.56 Avg Reward: 11.472986
2025-10-26 16:35:46 [INFO] EPOCH:150, ======================CR:0.77144====================
2025-10-26 16:35:46 [INFO] 0.09253819380290848
2025-10-26 16:35:50 [INFO] EPOCH:150, ======================ACC:74.3====================
2025-10-26 16:35:50 [INFO] BEST EPOCH:150,BEST ACC:74.3
2025-10-26 16:36:17 [INFO] Epoch: 151 [12800/50000 (26%)]	 Training Loss: 0.104 ACC: 96.15 CR: 0.78 Avg R1: 4.84 Avg R2: 6.42 Avg Reward: 11.257489
2025-10-26 16:36:41 [INFO] Epoch: 151 [25600/50000 (51%)]	 Training Loss: 0.105 ACC: 96.08 CR: 0.79 Avg R1: 4.86 Avg R2: 6.45 Avg Reward: 11.309261
2025-10-26 16:37:08 [INFO] Epoch: 151 [38400/50000 (77%)]	 Training Loss: 0.105 ACC: 96.08 CR: 0.80 Avg R1: 4.89 Avg R2: 6.47 Avg Reward: 11.360084
2025-10-26 16:37:33 [INFO] EPOCH:151, ======================CR:0.80418====================
2025-10-26 16:37:33 [INFO] 0.09293717902172677
2025-10-26 16:37:37 [INFO] EPOCH:151, ======================ACC:74.35====================
2025-10-26 16:37:37 [INFO] BEST EPOCH:151,BEST ACC:74.35
2025-10-26 16:38:04 [INFO] Epoch: 152 [12800/50000 (26%)]	 Training Loss: 0.105 ACC: 95.98 CR: 0.80 Avg R1: 4.91 Avg R2: 6.57 Avg Reward: 11.480390
2025-10-26 16:38:32 [INFO] Epoch: 152 [25600/50000 (51%)]	 Training Loss: 0.103 ACC: 96.17 CR: 0.80 Avg R1: 4.91 Avg R2: 6.57 Avg Reward: 11.478661
2025-10-26 16:38:56 [INFO] Epoch: 152 [38400/50000 (77%)]	 Training Loss: 0.101 ACC: 96.30 CR: 0.81 Avg R1: 4.89 Avg R2: 6.57 Avg Reward: 11.461488
2025-10-26 16:39:18 [INFO] EPOCH:152, ======================CR:0.80416====================
2025-10-26 16:39:18 [INFO] 0.1035883023003799
2025-10-26 16:39:22 [INFO] EPOCH:152, ======================ACC:74.73====================
2025-10-26 16:39:22 [INFO] BEST EPOCH:152,BEST ACC:74.73
2025-10-26 16:39:49 [INFO] Epoch: 153 [12800/50000 (26%)]	 Training Loss: 0.097 ACC: 96.48 CR: 0.80 Avg R1: 4.93 Avg R2: 6.55 Avg Reward: 11.474490
2025-10-26 16:40:16 [INFO] Epoch: 153 [25600/50000 (51%)]	 Training Loss: 0.097 ACC: 96.40 CR: 0.80 Avg R1: 4.96 Avg R2: 6.53 Avg Reward: 11.490020
2025-10-26 16:40:44 [INFO] Epoch: 153 [38400/50000 (77%)]	 Training Loss: 0.100 ACC: 96.20 CR: 0.79 Avg R1: 4.96 Avg R2: 6.52 Avg Reward: 11.477275
2025-10-26 16:41:08 [INFO] EPOCH:153, ======================CR:0.78904====================
2025-10-26 16:41:08 [INFO] 0.10786149148752837
2025-10-26 16:41:12 [INFO] EPOCH:153, ======================ACC:74.89====================
2025-10-26 16:41:12 [INFO] BEST EPOCH:153,BEST ACC:74.89
2025-10-26 16:41:37 [INFO] Epoch: 154 [12800/50000 (26%)]	 Training Loss: 0.087 ACC: 96.68 CR: 0.79 Avg R1: 4.92 Avg R2: 6.41 Avg Reward: 11.334644
2025-10-26 16:42:01 [INFO] Epoch: 154 [25600/50000 (51%)]	 Training Loss: 0.089 ACC: 96.63 CR: 0.79 Avg R1: 4.92 Avg R2: 6.41 Avg Reward: 11.321423
2025-10-26 16:42:25 [INFO] Epoch: 154 [38400/50000 (77%)]	 Training Loss: 0.091 ACC: 96.59 CR: 0.79 Avg R1: 4.92 Avg R2: 6.41 Avg Reward: 11.323272
2025-10-26 16:42:42 [INFO] EPOCH:154, ======================CR:0.7879====================
2025-10-26 16:42:42 [INFO] 0.09592212158218581
2025-10-26 16:42:45 [INFO] EPOCH:154, ======================ACC:75.2====================
2025-10-26 16:42:45 [INFO] BEST EPOCH:154,BEST ACC:75.2
2025-10-26 16:43:10 [INFO] Epoch: 155 [12800/50000 (26%)]	 Training Loss: 0.094 ACC: 96.59 CR: 0.79 Avg R1: 4.93 Avg R2: 6.40 Avg Reward: 11.331548
2025-10-26 16:43:34 [INFO] Epoch: 155 [25600/50000 (51%)]	 Training Loss: 0.094 ACC: 96.57 CR: 0.79 Avg R1: 4.94 Avg R2: 6.41 Avg Reward: 11.357701
2025-10-26 16:43:58 [INFO] Epoch: 155 [38400/50000 (77%)]	 Training Loss: 0.092 ACC: 96.64 CR: 0.80 Avg R1: 4.95 Avg R2: 6.42 Avg Reward: 11.373175
2025-10-26 16:44:20 [INFO] EPOCH:155, ======================CR:0.80004====================
2025-10-26 16:44:20 [INFO] 0.10721962012934388
2025-10-26 16:44:24 [INFO] EPOCH:155, ======================ACC:75.03====================
2025-10-26 16:44:24 [INFO] BEST EPOCH:154,BEST ACC:75.2
2025-10-26 16:44:47 [INFO] Epoch: 156 [12800/50000 (26%)]	 Training Loss: 0.084 ACC: 97.04 CR: 0.80 Avg R1: 4.96 Avg R2: 6.44 Avg Reward: 11.394814
2025-10-26 16:45:11 [INFO] Epoch: 156 [25600/50000 (51%)]	 Training Loss: 0.086 ACC: 96.95 CR: 0.81 Avg R1: 4.89 Avg R2: 6.45 Avg Reward: 11.339705
2025-10-26 16:45:35 [INFO] Epoch: 156 [38400/50000 (77%)]	 Training Loss: 0.090 ACC: 96.76 CR: 0.81 Avg R1: 4.84 Avg R2: 6.47 Avg Reward: 11.302468
2025-10-26 16:45:57 [INFO] EPOCH:156, ======================CR:0.81504====================
2025-10-26 16:45:57 [INFO] 0.10926529452048027
2025-10-26 16:46:01 [INFO] EPOCH:156, ======================ACC:75.2====================
2025-10-26 16:46:01 [INFO] BEST EPOCH:156,BEST ACC:75.2
2025-10-26 16:46:20 [INFO] Epoch: 157 [12800/50000 (26%)]	 Training Loss: 0.081 ACC: 96.97 CR: 0.81 Avg R1: 4.73 Avg R2: 6.48 Avg Reward: 11.209716
2025-10-26 16:46:42 [INFO] Epoch: 157 [25600/50000 (51%)]	 Training Loss: 0.079 ACC: 97.04 CR: 0.80 Avg R1: 4.83 Avg R2: 6.45 Avg Reward: 11.281889
2025-10-26 16:47:06 [INFO] Epoch: 157 [38400/50000 (77%)]	 Training Loss: 0.078 ACC: 97.03 CR: 0.78 Avg R1: 4.87 Avg R2: 6.41 Avg Reward: 11.280355
2025-10-26 16:47:28 [INFO] EPOCH:157, ======================CR:0.77214====================
2025-10-26 16:47:28 [INFO] 0.10312882277301008
2025-10-26 16:47:32 [INFO] EPOCH:157, ======================ACC:75.22====================
2025-10-26 16:47:32 [INFO] BEST EPOCH:157,BEST ACC:75.22
2025-10-26 16:47:55 [INFO] Epoch: 158 [12800/50000 (26%)]	 Training Loss: 0.077 ACC: 97.12 CR: 0.77 Avg R1: 4.83 Avg R2: 6.18 Avg Reward: 11.007472
2025-10-26 16:48:20 [INFO] Epoch: 158 [25600/50000 (51%)]	 Training Loss: 0.077 ACC: 97.13 CR: 0.78 Avg R1: 4.84 Avg R2: 6.19 Avg Reward: 11.027016
2025-10-26 16:48:44 [INFO] Epoch: 158 [38400/50000 (77%)]	 Training Loss: 0.076 ACC: 97.21 CR: 0.78 Avg R1: 4.85 Avg R2: 6.20 Avg Reward: 11.043055
2025-10-26 16:49:08 [INFO] EPOCH:158, ======================CR:0.78576====================
2025-10-26 16:49:08 [INFO] 0.10843238348004446
2025-10-26 16:49:12 [INFO] EPOCH:158, ======================ACC:75.32====================
2025-10-26 16:49:12 [INFO] BEST EPOCH:158,BEST ACC:75.32
2025-10-26 16:49:39 [INFO] Epoch: 159 [12800/50000 (26%)]	 Training Loss: 0.075 ACC: 97.27 CR: 0.79 Avg R1: 4.92 Avg R2: 6.24 Avg Reward: 11.157106
2025-10-26 16:50:00 [INFO] Epoch: 159 [25600/50000 (51%)]	 Training Loss: 0.077 ACC: 97.27 CR: 0.79 Avg R1: 4.93 Avg R2: 6.25 Avg Reward: 11.177517
2025-10-26 16:50:22 [INFO] Epoch: 159 [38400/50000 (77%)]	 Training Loss: 0.077 ACC: 97.29 CR: 0.80 Avg R1: 4.94 Avg R2: 6.26 Avg Reward: 11.202409
2025-10-26 16:50:44 [INFO] EPOCH:159, ======================CR:0.80168====================
2025-10-26 16:50:44 [INFO] 0.10337528183500824
2025-10-26 16:50:47 [INFO] EPOCH:159, ======================ACC:75.84====================
2025-10-26 16:50:47 [INFO] BEST EPOCH:159,BEST ACC:75.84
2025-10-26 16:51:12 [INFO] Epoch: 160 [12800/50000 (26%)]	 Training Loss: 0.074 ACC: 97.60 CR: 0.81 Avg R1: 4.90 Avg R2: 6.30 Avg Reward: 11.195351
2025-10-26 16:51:38 [INFO] Epoch: 160 [25600/50000 (51%)]	 Training Loss: 0.073 ACC: 97.47 CR: 0.81 Avg R1: 4.84 Avg R2: 6.31 Avg Reward: 11.152026
2025-10-26 16:52:04 [INFO] Epoch: 160 [38400/50000 (77%)]	 Training Loss: 0.073 ACC: 97.42 CR: 0.80 Avg R1: 4.85 Avg R2: 6.31 Avg Reward: 11.160119
2025-10-26 16:52:28 [INFO] EPOCH:160, ======================CR:0.7957====================
2025-10-26 16:52:28 [INFO] 0.09568175274106808
2025-10-26 16:52:31 [INFO] EPOCH:160, ======================ACC:75.91====================
2025-10-26 16:52:31 [INFO] BEST EPOCH:160,BEST ACC:75.91
2025-10-26 16:52:58 [INFO] Epoch: 161 [12800/50000 (26%)]	 Training Loss: 0.063 ACC: 97.88 CR: 0.79 Avg R1: 4.94 Avg R2: 6.19 Avg Reward: 11.136688
2025-10-26 16:53:22 [INFO] Epoch: 161 [25600/50000 (51%)]	 Training Loss: 0.064 ACC: 97.88 CR: 0.78 Avg R1: 4.93 Avg R2: 6.18 Avg Reward: 11.103562
2025-10-26 16:53:44 [INFO] Epoch: 161 [38400/50000 (77%)]	 Training Loss: 0.066 ACC: 97.81 CR: 0.78 Avg R1: 4.91 Avg R2: 6.16 Avg Reward: 11.076726
2025-10-26 16:54:03 [INFO] EPOCH:161, ======================CR:0.77718====================
2025-10-26 16:54:03 [INFO] 0.10621837521827698
2025-10-26 16:54:07 [INFO] EPOCH:161, ======================ACC:75.27====================
2025-10-26 16:54:07 [INFO] BEST EPOCH:160,BEST ACC:75.91
2025-10-26 16:54:32 [INFO] Epoch: 162 [12800/50000 (26%)]	 Training Loss: 0.061 ACC: 97.84 CR: 0.78 Avg R1: 4.85 Avg R2: 6.05 Avg Reward: 10.901638
2025-10-26 16:54:57 [INFO] Epoch: 162 [25600/50000 (51%)]	 Training Loss: 0.062 ACC: 97.86 CR: 0.78 Avg R1: 4.85 Avg R2: 6.05 Avg Reward: 10.902229
2025-10-26 16:55:22 [INFO] Epoch: 162 [38400/50000 (77%)]	 Training Loss: 0.062 ACC: 97.84 CR: 0.78 Avg R1: 4.86 Avg R2: 6.05 Avg Reward: 10.910286
2025-10-26 16:55:45 [INFO] EPOCH:162, ======================CR:0.77862====================
2025-10-26 16:55:45 [INFO] 0.10186496498164127
2025-10-26 16:55:49 [INFO] EPOCH:162, ======================ACC:75.82====================
2025-10-26 16:55:49 [INFO] BEST EPOCH:160,BEST ACC:75.91
2025-10-26 16:56:14 [INFO] Epoch: 163 [12800/50000 (26%)]	 Training Loss: 0.067 ACC: 97.66 CR: 0.78 Avg R1: 4.88 Avg R2: 6.06 Avg Reward: 10.941322
2025-10-26 16:56:39 [INFO] Epoch: 163 [25600/50000 (51%)]	 Training Loss: 0.064 ACC: 97.77 CR: 0.79 Avg R1: 4.89 Avg R2: 6.07 Avg Reward: 10.966922
2025-10-26 16:57:05 [INFO] Epoch: 163 [38400/50000 (77%)]	 Training Loss: 0.062 ACC: 97.88 CR: 0.79 Avg R1: 4.90 Avg R2: 6.08 Avg Reward: 10.981419
2025-10-26 16:57:28 [INFO] EPOCH:163, ======================CR:0.7906====================
2025-10-26 16:57:28 [INFO] 0.10533525842415345
2025-10-26 16:57:32 [INFO] EPOCH:163, ======================ACC:76.19====================
2025-10-26 16:57:32 [INFO] BEST EPOCH:163,BEST ACC:76.19
2025-10-26 16:57:52 [INFO] Epoch: 164 [12800/50000 (26%)]	 Training Loss: 0.055 ACC: 98.27 CR: 0.80 Avg R1: 4.96 Avg R2: 6.10 Avg Reward: 11.054481
2025-10-26 16:58:16 [INFO] Epoch: 164 [25600/50000 (51%)]	 Training Loss: 0.057 ACC: 98.15 CR: 0.80 Avg R1: 4.97 Avg R2: 6.11 Avg Reward: 11.078453
2025-10-26 16:58:40 [INFO] Epoch: 164 [38400/50000 (77%)]	 Training Loss: 0.057 ACC: 98.15 CR: 0.80 Avg R1: 4.97 Avg R2: 6.12 Avg Reward: 11.083670
2025-10-26 16:59:04 [INFO] EPOCH:164, ======================CR:0.80732====================
2025-10-26 16:59:04 [INFO] 0.09883686288045432
2025-10-26 16:59:08 [INFO] EPOCH:164, ======================ACC:76.37====================
2025-10-26 16:59:08 [INFO] BEST EPOCH:164,BEST ACC:76.37
2025-10-26 16:59:33 [INFO] Epoch: 165 [12800/50000 (26%)]	 Training Loss: 0.057 ACC: 98.10 CR: 0.81 Avg R1: 4.81 Avg R2: 6.12 Avg Reward: 10.930454
2025-10-26 17:00:00 [INFO] Epoch: 165 [25600/50000 (51%)]	 Training Loss: 0.055 ACC: 98.20 CR: 0.81 Avg R1: 4.78 Avg R2: 6.13 Avg Reward: 10.907591
2025-10-26 17:00:25 [INFO] Epoch: 165 [38400/50000 (77%)]	 Training Loss: 0.058 ACC: 98.13 CR: 0.81 Avg R1: 4.77 Avg R2: 6.13 Avg Reward: 10.901816
2025-10-26 17:00:48 [INFO] EPOCH:165, ======================CR:0.8095====================
2025-10-26 17:00:48 [INFO] 0.09517556419915098
2025-10-26 17:00:52 [INFO] EPOCH:165, ======================ACC:76.11====================
2025-10-26 17:00:52 [INFO] BEST EPOCH:164,BEST ACC:76.37
2025-10-26 17:01:16 [INFO] Epoch: 166 [12800/50000 (26%)]	 Training Loss: 0.055 ACC: 98.23 CR: 0.81 Avg R1: 4.80 Avg R2: 6.12 Avg Reward: 10.917832
2025-10-26 17:01:35 [INFO] Epoch: 166 [25600/50000 (51%)]	 Training Loss: 0.053 ACC: 98.34 CR: 0.81 Avg R1: 4.82 Avg R2: 6.11 Avg Reward: 10.934832
2025-10-26 17:02:00 [INFO] Epoch: 166 [38400/50000 (77%)]	 Training Loss: 0.053 ACC: 98.35 CR: 0.80 Avg R1: 4.84 Avg R2: 6.11 Avg Reward: 10.951293
2025-10-26 17:02:24 [INFO] EPOCH:166, ======================CR:0.80054====================
2025-10-26 17:02:24 [INFO] 0.09603519762089022
2025-10-26 17:02:28 [INFO] EPOCH:166, ======================ACC:76.02====================
2025-10-26 17:02:28 [INFO] BEST EPOCH:164,BEST ACC:76.37
2025-10-26 17:02:53 [INFO] Epoch: 167 [12800/50000 (26%)]	 Training Loss: 0.053 ACC: 98.17 CR: 0.80 Avg R1: 4.99 Avg R2: 6.04 Avg Reward: 11.028073
2025-10-26 17:03:19 [INFO] Epoch: 167 [25600/50000 (51%)]	 Training Loss: 0.050 ACC: 98.32 CR: 0.79 Avg R1: 4.98 Avg R2: 6.02 Avg Reward: 11.007007
2025-10-26 17:03:44 [INFO] Epoch: 167 [38400/50000 (77%)]	 Training Loss: 0.050 ACC: 98.35 CR: 0.78 Avg R1: 4.96 Avg R2: 6.00 Avg Reward: 10.965260
2025-10-26 17:04:08 [INFO] EPOCH:167, ======================CR:0.77586====================
2025-10-26 17:04:08 [INFO] 0.10785927863754204
2025-10-26 17:04:11 [INFO] EPOCH:167, ======================ACC:76.69====================
2025-10-26 17:04:11 [INFO] BEST EPOCH:167,BEST ACC:76.69
2025-10-26 17:04:37 [INFO] Epoch: 168 [12800/50000 (26%)]	 Training Loss: 0.048 ACC: 98.40 CR: 0.77 Avg R1: 4.84 Avg R2: 5.86 Avg Reward: 10.697088
2025-10-26 17:05:03 [INFO] Epoch: 168 [25600/50000 (51%)]	 Training Loss: 0.048 ACC: 98.43 CR: 0.77 Avg R1: 4.84 Avg R2: 5.85 Avg Reward: 10.685681
2025-10-26 17:05:22 [INFO] Epoch: 168 [38400/50000 (77%)]	 Training Loss: 0.048 ACC: 98.42 CR: 0.77 Avg R1: 4.83 Avg R2: 5.85 Avg Reward: 10.678717
2025-10-26 17:05:42 [INFO] EPOCH:168, ======================CR:0.76982====================
2025-10-26 17:05:42 [INFO] 0.10719747884573139
2025-10-26 17:05:45 [INFO] EPOCH:168, ======================ACC:76.46====================
2025-10-26 17:05:45 [INFO] BEST EPOCH:167,BEST ACC:76.69
2025-10-26 17:06:09 [INFO] Epoch: 169 [12800/50000 (26%)]	 Training Loss: 0.047 ACC: 98.45 CR: 0.77 Avg R1: 4.81 Avg R2: 5.80 Avg Reward: 10.609726
2025-10-26 17:06:34 [INFO] Epoch: 169 [25600/50000 (51%)]	 Training Loss: 0.047 ACC: 98.45 CR: 0.77 Avg R1: 4.81 Avg R2: 5.80 Avg Reward: 10.601551
2025-10-26 17:07:00 [INFO] Epoch: 169 [38400/50000 (77%)]	 Training Loss: 0.046 ACC: 98.49 CR: 0.77 Avg R1: 4.81 Avg R2: 5.79 Avg Reward: 10.597790
2025-10-26 17:07:23 [INFO] EPOCH:169, ======================CR:0.76724====================
2025-10-26 17:07:23 [INFO] 0.11143026546015847
2025-10-26 17:07:27 [INFO] EPOCH:169, ======================ACC:76.93====================
2025-10-26 17:07:27 [INFO] BEST EPOCH:169,BEST ACC:76.93
2025-10-26 17:07:52 [INFO] Epoch: 170 [12800/50000 (26%)]	 Training Loss: 0.043 ACC: 98.72 CR: 0.77 Avg R1: 4.80 Avg R2: 5.75 Avg Reward: 10.545217
2025-10-26 17:08:16 [INFO] Epoch: 170 [25600/50000 (51%)]	 Training Loss: 0.043 ACC: 98.65 CR: 0.77 Avg R1: 4.80 Avg R2: 5.76 Avg Reward: 10.553698
2025-10-26 17:08:39 [INFO] Epoch: 170 [38400/50000 (77%)]	 Training Loss: 0.042 ACC: 98.68 CR: 0.77 Avg R1: 4.81 Avg R2: 5.76 Avg Reward: 10.570935
2025-10-26 17:09:01 [INFO] EPOCH:170, ======================CR:0.77528====================
2025-10-26 17:09:01 [INFO] 0.1052701203178138
2025-10-26 17:09:05 [INFO] EPOCH:170, ======================ACC:77.23====================
2025-10-26 17:09:05 [INFO] BEST EPOCH:170,BEST ACC:77.23
2025-10-26 17:09:24 [INFO] Epoch: 171 [12800/50000 (26%)]	 Training Loss: 0.040 ACC: 98.86 CR: 0.78 Avg R1: 4.86 Avg R2: 5.78 Avg Reward: 10.639953
2025-10-26 17:09:51 [INFO] Epoch: 171 [25600/50000 (51%)]	 Training Loss: 0.042 ACC: 98.75 CR: 0.78 Avg R1: 4.87 Avg R2: 5.79 Avg Reward: 10.665983
2025-10-26 17:10:15 [INFO] Epoch: 171 [38400/50000 (77%)]	 Training Loss: 0.043 ACC: 98.72 CR: 0.79 Avg R1: 4.89 Avg R2: 5.81 Avg Reward: 10.695227
2025-10-26 17:10:38 [INFO] EPOCH:171, ======================CR:0.79688====================
2025-10-26 17:10:38 [INFO] 0.1139477477483837
2025-10-26 17:10:42 [INFO] EPOCH:171, ======================ACC:76.91====================
2025-10-26 17:10:42 [INFO] BEST EPOCH:170,BEST ACC:77.23
2025-10-26 17:11:06 [INFO] Epoch: 172 [12800/50000 (26%)]	 Training Loss: 0.041 ACC: 98.80 CR: 0.80 Avg R1: 4.98 Avg R2: 5.87 Avg Reward: 10.852858
2025-10-26 17:11:32 [INFO] Epoch: 172 [25600/50000 (51%)]	 Training Loss: 0.041 ACC: 98.88 CR: 0.80 Avg R1: 4.98 Avg R2: 5.88 Avg Reward: 10.861014
2025-10-26 17:11:56 [INFO] Epoch: 172 [38400/50000 (77%)]	 Training Loss: 0.041 ACC: 98.84 CR: 0.80 Avg R1: 4.96 Avg R2: 5.89 Avg Reward: 10.849697
2025-10-26 17:12:18 [INFO] EPOCH:172, ======================CR:0.80386====================
2025-10-26 17:12:18 [INFO] 0.1023441076219391
2025-10-26 17:12:22 [INFO] EPOCH:172, ======================ACC:76.89====================
2025-10-26 17:12:22 [INFO] BEST EPOCH:171,BEST ACC:77.23
2025-10-26 17:12:43 [INFO] Epoch: 173 [12800/50000 (26%)]	 Training Loss: 0.038 ACC: 98.97 CR: 0.80 Avg R1: 4.91 Avg R2: 5.86 Avg Reward: 10.762709
2025-10-26 17:12:59 [INFO] Epoch: 173 [25600/50000 (51%)]	 Training Loss: 0.037 ACC: 99.08 CR: 0.80 Avg R1: 4.91 Avg R2: 5.85 Avg Reward: 10.766978
2025-10-26 17:13:17 [INFO] Epoch: 173 [38400/50000 (77%)]	 Training Loss: 0.039 ACC: 98.98 CR: 0.80 Avg R1: 4.94 Avg R2: 5.85 Avg Reward: 10.785452
2025-10-26 17:13:36 [INFO] EPOCH:173, ======================CR:0.79648====================
2025-10-26 17:13:36 [INFO] 0.10313745245970854
2025-10-26 17:13:40 [INFO] EPOCH:173, ======================ACC:77.08====================
2025-10-26 17:13:40 [INFO] BEST EPOCH:171,BEST ACC:77.23
2025-10-26 17:14:01 [INFO] Epoch: 174 [12800/50000 (26%)]	 Training Loss: 0.036 ACC: 98.91 CR: 0.79 Avg R1: 4.97 Avg R2: 5.78 Avg Reward: 10.751863
2025-10-26 17:14:23 [INFO] Epoch: 174 [25600/50000 (51%)]	 Training Loss: 0.038 ACC: 98.89 CR: 0.79 Avg R1: 4.96 Avg R2: 5.78 Avg Reward: 10.740588
2025-10-26 17:14:44 [INFO] Epoch: 174 [38400/50000 (77%)]	 Training Loss: 0.038 ACC: 98.91 CR: 0.80 Avg R1: 4.97 Avg R2: 5.78 Avg Reward: 10.744327
2025-10-26 17:15:03 [INFO] EPOCH:174, ======================CR:0.79616====================
2025-10-26 17:15:03 [INFO] 0.1050079373230324
2025-10-26 17:15:07 [INFO] EPOCH:174, ======================ACC:76.93====================
2025-10-26 17:15:07 [INFO] BEST EPOCH:173,BEST ACC:77.23
2025-10-26 17:15:29 [INFO] Epoch: 175 [12800/50000 (26%)]	 Training Loss: 0.035 ACC: 99.05 CR: 0.80 Avg R1: 4.97 Avg R2: 5.77 Avg Reward: 10.741037
2025-10-26 17:15:50 [INFO] Epoch: 175 [25600/50000 (51%)]	 Training Loss: 0.036 ACC: 98.95 CR: 0.80 Avg R1: 4.98 Avg R2: 5.77 Avg Reward: 10.751684
2025-10-26 17:16:06 [INFO] Epoch: 175 [38400/50000 (77%)]	 Training Loss: 0.036 ACC: 98.97 CR: 0.80 Avg R1: 4.99 Avg R2: 5.78 Avg Reward: 10.764084
2025-10-26 17:16:22 [INFO] EPOCH:175, ======================CR:0.79926====================
2025-10-26 17:16:22 [INFO] 0.10115499016867503
2025-10-26 17:16:26 [INFO] EPOCH:175, ======================ACC:77.14====================
2025-10-26 17:16:26 [INFO] BEST EPOCH:173,BEST ACC:77.23
2025-10-26 17:16:49 [INFO] Epoch: 176 [12800/50000 (26%)]	 Training Loss: 0.032 ACC: 99.13 CR: 0.80 Avg R1: 5.00 Avg R2: 5.76 Avg Reward: 10.759967
2025-10-26 17:17:10 [INFO] Epoch: 176 [25600/50000 (51%)]	 Training Loss: 0.033 ACC: 99.10 CR: 0.80 Avg R1: 4.99 Avg R2: 5.76 Avg Reward: 10.746128
2025-10-26 17:17:31 [INFO] Epoch: 176 [38400/50000 (77%)]	 Training Loss: 0.034 ACC: 99.09 CR: 0.79 Avg R1: 4.98 Avg R2: 5.75 Avg Reward: 10.731485
2025-10-26 17:17:50 [INFO] EPOCH:176, ======================CR:0.79354====================
2025-10-26 17:17:50 [INFO] 0.09645800066334467
2025-10-26 17:17:54 [INFO] EPOCH:176, ======================ACC:77.29====================
2025-10-26 17:17:54 [INFO] BEST EPOCH:176,BEST ACC:77.29
2025-10-26 17:18:15 [INFO] Epoch: 177 [12800/50000 (26%)]	 Training Loss: 0.032 ACC: 99.12 CR: 0.79 Avg R1: 4.95 Avg R2: 5.71 Avg Reward: 10.659387
2025-10-26 17:18:36 [INFO] Epoch: 177 [25600/50000 (51%)]	 Training Loss: 0.034 ACC: 99.03 CR: 0.80 Avg R1: 4.96 Avg R2: 5.71 Avg Reward: 10.669733
2025-10-26 17:18:54 [INFO] Epoch: 177 [38400/50000 (77%)]	 Training Loss: 0.034 ACC: 98.99 CR: 0.80 Avg R1: 4.97 Avg R2: 5.71 Avg Reward: 10.679981
2025-10-26 17:19:09 [INFO] EPOCH:177, ======================CR:0.8014====================
2025-10-26 17:19:09 [INFO] 0.10287505240627881
2025-10-26 17:19:12 [INFO] EPOCH:177, ======================ACC:77.32====================
2025-10-26 17:19:12 [INFO] BEST EPOCH:177,BEST ACC:77.32
2025-10-26 17:19:33 [INFO] Epoch: 178 [12800/50000 (26%)]	 Training Loss: 0.035 ACC: 99.02 CR: 0.80 Avg R1: 4.94 Avg R2: 5.74 Avg Reward: 10.680481
2025-10-26 17:19:56 [INFO] Epoch: 178 [25600/50000 (51%)]	 Training Loss: 0.036 ACC: 98.93 CR: 0.81 Avg R1: 4.91 Avg R2: 5.74 Avg Reward: 10.654087
2025-10-26 17:20:16 [INFO] Epoch: 178 [38400/50000 (77%)]	 Training Loss: 0.035 ACC: 99.01 CR: 0.80 Avg R1: 4.90 Avg R2: 5.75 Avg Reward: 10.649955
2025-10-26 17:20:36 [INFO] EPOCH:178, ======================CR:0.80278====================
2025-10-26 17:20:36 [INFO] 0.099393404706501
2025-10-26 17:20:39 [INFO] EPOCH:178, ======================ACC:77.23====================
2025-10-26 17:20:39 [INFO] BEST EPOCH:177,BEST ACC:77.32
2025-10-26 17:21:00 [INFO] Epoch: 179 [12800/50000 (26%)]	 Training Loss: 0.033 ACC: 99.12 CR: 0.80 Avg R1: 4.94 Avg R2: 5.72 Avg Reward: 10.665023
2025-10-26 17:21:21 [INFO] Epoch: 179 [25600/50000 (51%)]	 Training Loss: 0.033 ACC: 99.04 CR: 0.80 Avg R1: 4.97 Avg R2: 5.71 Avg Reward: 10.679377
2025-10-26 17:21:42 [INFO] Epoch: 179 [38400/50000 (77%)]	 Training Loss: 0.033 ACC: 99.07 CR: 0.80 Avg R1: 4.97 Avg R2: 5.70 Avg Reward: 10.677618
2025-10-26 17:22:00 [INFO] EPOCH:179, ======================CR:0.79612====================
2025-10-26 17:22:00 [INFO] 0.1016421378082303
2025-10-26 17:22:03 [INFO] EPOCH:179, ======================ACC:77.35====================
2025-10-26 17:22:03 [INFO] BEST EPOCH:179,BEST ACC:77.35
2025-10-26 17:22:19 [INFO] Epoch: 180 [12800/50000 (26%)]	 Training Loss: 0.031 ACC: 99.15 CR: 0.80 Avg R1: 4.98 Avg R2: 5.66 Avg Reward: 10.635496
2025-10-26 17:22:38 [INFO] Epoch: 180 [25600/50000 (51%)]	 Training Loss: 0.031 ACC: 99.18 CR: 0.80 Avg R1: 4.98 Avg R2: 5.67 Avg Reward: 10.649853
2025-10-26 17:23:00 [INFO] Epoch: 180 [38400/50000 (77%)]	 Training Loss: 0.031 ACC: 99.16 CR: 0.80 Avg R1: 4.98 Avg R2: 5.67 Avg Reward: 10.657647
2025-10-26 17:23:19 [INFO] EPOCH:180, ======================CR:0.804====================
2025-10-26 17:23:19 [INFO] 0.1092151957837431
2025-10-26 17:23:22 [INFO] EPOCH:180, ======================ACC:77.5====================
2025-10-26 17:23:22 [INFO] BEST EPOCH:180,BEST ACC:77.5
2025-10-26 17:23:42 [INFO] Epoch: 181 [12800/50000 (26%)]	 Training Loss: 0.032 ACC: 99.05 CR: 0.80 Avg R1: 4.93 Avg R2: 5.68 Avg Reward: 10.612752
2025-10-26 17:24:04 [INFO] Epoch: 181 [25600/50000 (51%)]	 Training Loss: 0.031 ACC: 99.09 CR: 0.80 Avg R1: 4.96 Avg R2: 5.68 Avg Reward: 10.632199
2025-10-26 17:24:25 [INFO] Epoch: 181 [38400/50000 (77%)]	 Training Loss: 0.031 ACC: 99.14 CR: 0.80 Avg R1: 4.97 Avg R2: 5.67 Avg Reward: 10.632744
2025-10-26 17:24:45 [INFO] EPOCH:181, ======================CR:0.79264====================
2025-10-26 17:24:45 [INFO] 0.0914172362592698
2025-10-26 17:24:48 [INFO] EPOCH:181, ======================ACC:77.43====================
2025-10-26 17:24:48 [INFO] BEST EPOCH:180,BEST ACC:77.5
2025-10-26 17:25:05 [INFO] Epoch: 182 [12800/50000 (26%)]	 Training Loss: 0.027 ACC: 99.31 CR: 0.79 Avg R1: 4.96 Avg R2: 5.60 Avg Reward: 10.561301
2025-10-26 17:25:21 [INFO] Epoch: 182 [25600/50000 (51%)]	 Training Loss: 0.028 ACC: 99.31 CR: 0.80 Avg R1: 4.96 Avg R2: 5.61 Avg Reward: 10.570208
2025-10-26 17:25:36 [INFO] Epoch: 182 [38400/50000 (77%)]	 Training Loss: 0.029 ACC: 99.29 CR: 0.80 Avg R1: 4.97 Avg R2: 5.61 Avg Reward: 10.579517
2025-10-26 17:25:50 [INFO] EPOCH:182, ======================CR:0.79766====================
2025-10-26 17:25:50 [INFO] 0.10836206978108419
2025-10-26 17:25:53 [INFO] EPOCH:182, ======================ACC:77.3====================
2025-10-26 17:25:53 [INFO] BEST EPOCH:180,BEST ACC:77.5
2025-10-26 17:26:08 [INFO] Epoch: 183 [12800/50000 (26%)]	 Training Loss: 0.030 ACC: 99.09 CR: 0.80 Avg R1: 4.99 Avg R2: 5.63 Avg Reward: 10.612359
2025-10-26 17:26:24 [INFO] Epoch: 183 [25600/50000 (51%)]	 Training Loss: 0.031 ACC: 99.12 CR: 0.80 Avg R1: 4.99 Avg R2: 5.63 Avg Reward: 10.622129
2025-10-26 17:26:39 [INFO] Epoch: 183 [38400/50000 (77%)]	 Training Loss: 0.030 ACC: 99.20 CR: 0.80 Avg R1: 4.99 Avg R2: 5.64 Avg Reward: 10.620373
2025-10-26 17:26:53 [INFO] EPOCH:183, ======================CR:0.8022====================
2025-10-26 17:26:53 [INFO] 0.11365663075884963
2025-10-26 17:26:55 [INFO] EPOCH:183, ======================ACC:77.44====================
2025-10-26 17:26:55 [INFO] BEST EPOCH:180,BEST ACC:77.5
2025-10-26 17:27:11 [INFO] Epoch: 184 [12800/50000 (26%)]	 Training Loss: 0.028 ACC: 99.23 CR: 0.80 Avg R1: 4.98 Avg R2: 5.63 Avg Reward: 10.611360
2025-10-26 17:27:26 [INFO] Epoch: 184 [25600/50000 (51%)]	 Training Loss: 0.029 ACC: 99.24 CR: 0.80 Avg R1: 4.98 Avg R2: 5.62 Avg Reward: 10.600917
2025-10-26 17:27:41 [INFO] Epoch: 184 [38400/50000 (77%)]	 Training Loss: 0.028 ACC: 99.24 CR: 0.79 Avg R1: 4.98 Avg R2: 5.61 Avg Reward: 10.586241
2025-10-26 17:27:55 [INFO] EPOCH:184, ======================CR:0.7915====================
2025-10-26 17:27:55 [INFO] 0.10239459817902107
2025-10-26 17:27:58 [INFO] EPOCH:184, ======================ACC:77.47====================
2025-10-26 17:27:58 [INFO] BEST EPOCH:180,BEST ACC:77.5
2025-10-26 17:28:13 [INFO] Epoch: 185 [12800/50000 (26%)]	 Training Loss: 0.028 ACC: 99.35 CR: 0.79 Avg R1: 4.96 Avg R2: 5.57 Avg Reward: 10.526496
2025-10-26 17:28:28 [INFO] Epoch: 185 [25600/50000 (51%)]	 Training Loss: 0.028 ACC: 99.28 CR: 0.79 Avg R1: 4.96 Avg R2: 5.57 Avg Reward: 10.528791
2025-10-26 17:28:43 [INFO] Epoch: 185 [38400/50000 (77%)]	 Training Loss: 0.028 ACC: 99.29 CR: 0.79 Avg R1: 4.96 Avg R2: 5.57 Avg Reward: 10.526842
2025-10-26 17:28:58 [INFO] EPOCH:185, ======================CR:0.7935====================
2025-10-26 17:28:58 [INFO] 0.10677196364695654
2025-10-26 17:29:01 [INFO] EPOCH:185, ======================ACC:77.46====================
2025-10-26 17:29:01 [INFO] BEST EPOCH:180,BEST ACC:77.5
2025-10-26 17:29:16 [INFO] Epoch: 186 [12800/50000 (26%)]	 Training Loss: 0.027 ACC: 99.33 CR: 0.80 Avg R1: 4.97 Avg R2: 5.56 Avg Reward: 10.527283
2025-10-26 17:29:31 [INFO] Epoch: 186 [25600/50000 (51%)]	 Training Loss: 0.027 ACC: 99.30 CR: 0.80 Avg R1: 4.97 Avg R2: 5.56 Avg Reward: 10.535120
2025-10-26 17:29:46 [INFO] Epoch: 186 [38400/50000 (77%)]	 Training Loss: 0.027 ACC: 99.30 CR: 0.80 Avg R1: 4.98 Avg R2: 5.57 Avg Reward: 10.543082
2025-10-26 17:30:01 [INFO] EPOCH:186, ======================CR:0.79738====================
2025-10-26 17:30:01 [INFO] 0.10880022884577203
2025-10-26 17:30:03 [INFO] EPOCH:186, ======================ACC:77.55====================
2025-10-26 17:30:03 [INFO] BEST EPOCH:186,BEST ACC:77.55
2025-10-26 17:30:19 [INFO] Epoch: 187 [12800/50000 (26%)]	 Training Loss: 0.026 ACC: 99.38 CR: 0.80 Avg R1: 4.98 Avg R2: 5.57 Avg Reward: 10.545320
2025-10-26 17:30:34 [INFO] Epoch: 187 [25600/50000 (51%)]	 Training Loss: 0.026 ACC: 99.35 CR: 0.80 Avg R1: 4.98 Avg R2: 5.56 Avg Reward: 10.539129
2025-10-26 17:30:49 [INFO] Epoch: 187 [38400/50000 (77%)]	 Training Loss: 0.027 ACC: 99.32 CR: 0.80 Avg R1: 4.98 Avg R2: 5.56 Avg Reward: 10.536443
2025-10-26 17:31:03 [INFO] EPOCH:187, ======================CR:0.79746====================
2025-10-26 17:31:03 [INFO] 0.10583729777019407
2025-10-26 17:31:06 [INFO] EPOCH:187, ======================ACC:77.49====================
2025-10-26 17:31:06 [INFO] BEST EPOCH:186,BEST ACC:77.55
2025-10-26 17:31:23 [INFO] Epoch: 188 [12800/50000 (26%)]	 Training Loss: 0.026 ACC: 99.31 CR: 0.80 Avg R1: 4.99 Avg R2: 5.58 Avg Reward: 10.565661
2025-10-26 17:31:38 [INFO] Epoch: 188 [25600/50000 (51%)]	 Training Loss: 0.028 ACC: 99.30 CR: 0.80 Avg R1: 4.99 Avg R2: 5.58 Avg Reward: 10.568874
2025-10-26 17:31:53 [INFO] Epoch: 188 [38400/50000 (77%)]	 Training Loss: 0.028 ACC: 99.30 CR: 0.80 Avg R1: 4.98 Avg R2: 5.59 Avg Reward: 10.563646
2025-10-26 17:32:07 [INFO] EPOCH:188, ======================CR:0.80186====================
2025-10-26 17:32:07 [INFO] 0.11308342376029538
2025-10-26 17:32:11 [INFO] EPOCH:188, ======================ACC:77.52====================
2025-10-26 17:32:11 [INFO] BEST EPOCH:186,BEST ACC:77.55
2025-10-26 17:32:26 [INFO] Epoch: 189 [12800/50000 (26%)]	 Training Loss: 0.024 ACC: 99.47 CR: 0.80 Avg R1: 4.95 Avg R2: 5.59 Avg Reward: 10.539059
2025-10-26 17:32:42 [INFO] Epoch: 189 [25600/50000 (51%)]	 Training Loss: 0.025 ACC: 99.41 CR: 0.80 Avg R1: 4.97 Avg R2: 5.58 Avg Reward: 10.551169
2025-10-26 17:32:56 [INFO] Epoch: 189 [38400/50000 (77%)]	 Training Loss: 0.026 ACC: 99.37 CR: 0.80 Avg R1: 4.98 Avg R2: 5.58 Avg Reward: 10.554510
2025-10-26 17:33:11 [INFO] EPOCH:189, ======================CR:0.79842====================
2025-10-26 17:33:11 [INFO] 0.10553686269343747
2025-10-26 17:33:14 [INFO] EPOCH:189, ======================ACC:77.7====================
2025-10-26 17:33:14 [INFO] BEST EPOCH:189,BEST ACC:77.7
2025-10-26 17:33:30 [INFO] Epoch: 190 [12800/50000 (26%)]	 Training Loss: 0.026 ACC: 99.31 CR: 0.80 Avg R1: 4.99 Avg R2: 5.57 Avg Reward: 10.558665
2025-10-26 17:33:45 [INFO] Epoch: 190 [25600/50000 (51%)]	 Training Loss: 0.027 ACC: 99.32 CR: 0.80 Avg R1: 4.99 Avg R2: 5.57 Avg Reward: 10.562330
2025-10-26 17:33:59 [INFO] Epoch: 190 [38400/50000 (77%)]	 Training Loss: 0.027 ACC: 99.31 CR: 0.80 Avg R1: 4.99 Avg R2: 5.57 Avg Reward: 10.563273
2025-10-26 17:34:13 [INFO] EPOCH:190, ======================CR:0.80186====================
2025-10-26 17:34:13 [INFO] 0.1116417446596551
2025-10-26 17:34:15 [INFO] EPOCH:190, ======================ACC:77.59====================
2025-10-26 17:34:15 [INFO] BEST EPOCH:189,BEST ACC:77.7
2025-10-26 17:34:31 [INFO] Epoch: 191 [12800/50000 (26%)]	 Training Loss: 0.026 ACC: 99.30 CR: 0.80 Avg R1: 4.96 Avg R2: 5.58 Avg Reward: 10.538872
2025-10-26 17:34:46 [INFO] Epoch: 191 [25600/50000 (51%)]	 Training Loss: 0.027 ACC: 99.24 CR: 0.80 Avg R1: 4.97 Avg R2: 5.57 Avg Reward: 10.544925
2025-10-26 17:35:02 [INFO] Epoch: 191 [38400/50000 (77%)]	 Training Loss: 0.027 ACC: 99.29 CR: 0.80 Avg R1: 4.98 Avg R2: 5.57 Avg Reward: 10.543113
2025-10-26 17:35:16 [INFO] EPOCH:191, ======================CR:0.79794====================
2025-10-26 17:35:16 [INFO] 0.11293112910047842
2025-10-26 17:35:19 [INFO] EPOCH:191, ======================ACC:78.01====================
2025-10-26 17:35:19 [INFO] BEST EPOCH:191,BEST ACC:78.01
2025-10-26 17:35:35 [INFO] Epoch: 192 [12800/50000 (26%)]	 Training Loss: 0.025 ACC: 99.42 CR: 0.80 Avg R1: 4.98 Avg R2: 5.56 Avg Reward: 10.542965
2025-10-26 17:35:50 [INFO] Epoch: 192 [25600/50000 (51%)]	 Training Loss: 0.025 ACC: 99.39 CR: 0.80 Avg R1: 4.94 Avg R2: 5.57 Avg Reward: 10.506957
2025-10-26 17:36:05 [INFO] Epoch: 192 [38400/50000 (77%)]	 Training Loss: 0.025 ACC: 99.36 CR: 0.81 Avg R1: 4.92 Avg R2: 5.57 Avg Reward: 10.489109
2025-10-26 17:36:20 [INFO] EPOCH:192, ======================CR:0.80768====================
2025-10-26 17:36:20 [INFO] 0.10660533824890098
2025-10-26 17:36:22 [INFO] EPOCH:192, ======================ACC:77.81====================
2025-10-26 17:36:22 [INFO] BEST EPOCH:191,BEST ACC:78.01
2025-10-26 17:36:38 [INFO] Epoch: 193 [12800/50000 (26%)]	 Training Loss: 0.026 ACC: 99.41 CR: 0.81 Avg R1: 4.84 Avg R2: 5.58 Avg Reward: 10.416817
2025-10-26 17:36:54 [INFO] Epoch: 193 [25600/50000 (51%)]	 Training Loss: 0.026 ACC: 99.39 CR: 0.80 Avg R1: 4.88 Avg R2: 5.57 Avg Reward: 10.447984
2025-10-26 17:37:08 [INFO] Epoch: 193 [38400/50000 (77%)]	 Training Loss: 0.026 ACC: 99.41 CR: 0.80 Avg R1: 4.91 Avg R2: 5.57 Avg Reward: 10.478595
2025-10-26 17:37:23 [INFO] EPOCH:193, ======================CR:0.79524====================
2025-10-26 17:37:23 [INFO] 0.10248167257977396
2025-10-26 17:37:26 [INFO] EPOCH:193, ======================ACC:77.66====================
2025-10-26 17:37:26 [INFO] BEST EPOCH:191,BEST ACC:78.01
2025-10-26 17:37:42 [INFO] Epoch: 194 [12800/50000 (26%)]	 Training Loss: 0.025 ACC: 99.39 CR: 0.80 Avg R1: 4.98 Avg R2: 5.53 Avg Reward: 10.510099
2025-10-26 17:37:57 [INFO] Epoch: 194 [25600/50000 (51%)]	 Training Loss: 0.026 ACC: 99.41 CR: 0.80 Avg R1: 4.99 Avg R2: 5.53 Avg Reward: 10.519884
2025-10-26 17:38:13 [INFO] Epoch: 194 [38400/50000 (77%)]	 Training Loss: 0.026 ACC: 99.37 CR: 0.80 Avg R1: 4.98 Avg R2: 5.54 Avg Reward: 10.520141
2025-10-26 17:38:27 [INFO] EPOCH:194, ======================CR:0.79996====================
2025-10-26 17:38:27 [INFO] 0.10911944330267365
2025-10-26 17:38:29 [INFO] EPOCH:194, ======================ACC:77.8====================
2025-10-26 17:38:29 [INFO] BEST EPOCH:191,BEST ACC:78.01
2025-10-26 17:38:45 [INFO] Epoch: 195 [12800/50000 (26%)]	 Training Loss: 0.026 ACC: 99.40 CR: 0.80 Avg R1: 4.99 Avg R2: 5.55 Avg Reward: 10.540411
2025-10-26 17:39:00 [INFO] Epoch: 195 [25600/50000 (51%)]	 Training Loss: 0.024 ACC: 99.42 CR: 0.80 Avg R1: 4.99 Avg R2: 5.55 Avg Reward: 10.540800
2025-10-26 17:39:15 [INFO] Epoch: 195 [38400/50000 (77%)]	 Training Loss: 0.025 ACC: 99.42 CR: 0.80 Avg R1: 4.99 Avg R2: 5.54 Avg Reward: 10.537836
2025-10-26 17:39:29 [INFO] EPOCH:195, ======================CR:0.79706====================
2025-10-26 17:39:29 [INFO] 0.0973221136483024
2025-10-26 17:39:32 [INFO] EPOCH:195, ======================ACC:77.71====================
2025-10-26 17:39:32 [INFO] BEST EPOCH:191,BEST ACC:78.01
2025-10-26 17:39:48 [INFO] Epoch: 196 [12800/50000 (26%)]	 Training Loss: 0.025 ACC: 99.43 CR: 0.80 Avg R1: 4.98 Avg R2: 5.53 Avg Reward: 10.515710
2025-10-26 17:40:03 [INFO] Epoch: 196 [25600/50000 (51%)]	 Training Loss: 0.024 ACC: 99.43 CR: 0.80 Avg R1: 4.98 Avg R2: 5.53 Avg Reward: 10.515721
2025-10-26 17:40:18 [INFO] Epoch: 196 [38400/50000 (77%)]	 Training Loss: 0.024 ACC: 99.46 CR: 0.80 Avg R1: 4.99 Avg R2: 5.53 Avg Reward: 10.515173
2025-10-26 17:40:32 [INFO] EPOCH:196, ======================CR:0.79958====================
2025-10-26 17:40:32 [INFO] 0.10563351056569625
2025-10-26 17:40:35 [INFO] EPOCH:196, ======================ACC:77.96====================
2025-10-26 17:40:35 [INFO] BEST EPOCH:191,BEST ACC:78.01
2025-10-26 17:40:50 [INFO] Epoch: 197 [12800/50000 (26%)]	 Training Loss: 0.026 ACC: 99.38 CR: 0.80 Avg R1: 4.99 Avg R2: 5.55 Avg Reward: 10.540318
2025-10-26 17:41:06 [INFO] Epoch: 197 [25600/50000 (51%)]	 Training Loss: 0.026 ACC: 99.36 CR: 0.80 Avg R1: 4.98 Avg R2: 5.55 Avg Reward: 10.531631
2025-10-26 17:41:21 [INFO] Epoch: 197 [38400/50000 (77%)]	 Training Loss: 0.026 ACC: 99.35 CR: 0.80 Avg R1: 4.96 Avg R2: 5.55 Avg Reward: 10.515415
2025-10-26 17:41:35 [INFO] EPOCH:197, ======================CR:0.80422====================
2025-10-26 17:41:35 [INFO] 0.113878366478688
2025-10-26 17:41:38 [INFO] EPOCH:197, ======================ACC:77.75====================
2025-10-26 17:41:38 [INFO] BEST EPOCH:191,BEST ACC:78.01
2025-10-26 17:41:52 [INFO] Epoch: 198 [12800/50000 (26%)]	 Training Loss: 0.027 ACC: 99.27 CR: 0.80 Avg R1: 4.92 Avg R2: 5.56 Avg Reward: 10.480986
2025-10-26 17:42:08 [INFO] Epoch: 198 [25600/50000 (51%)]	 Training Loss: 0.026 ACC: 99.31 CR: 0.80 Avg R1: 4.93 Avg R2: 5.56 Avg Reward: 10.488695
2025-10-26 17:42:23 [INFO] Epoch: 198 [38400/50000 (77%)]	 Training Loss: 0.026 ACC: 99.32 CR: 0.80 Avg R1: 4.94 Avg R2: 5.56 Avg Reward: 10.497237
2025-10-26 17:42:37 [INFO] EPOCH:198, ======================CR:0.79954====================
2025-10-26 17:42:37 [INFO] 0.10629046604357585
2025-10-26 17:42:40 [INFO] EPOCH:198, ======================ACC:77.88====================
2025-10-26 17:42:40 [INFO] BEST EPOCH:191,BEST ACC:78.01
2025-10-26 17:42:56 [INFO] Epoch: 199 [12800/50000 (26%)]	 Training Loss: 0.024 ACC: 99.45 CR: 0.80 Avg R1: 4.99 Avg R2: 5.55 Avg Reward: 10.539900
2025-10-26 17:43:11 [INFO] Epoch: 199 [25600/50000 (51%)]	 Training Loss: 0.025 ACC: 99.41 CR: 0.80 Avg R1: 4.99 Avg R2: 5.55 Avg Reward: 10.540253
2025-10-26 17:43:26 [INFO] Epoch: 199 [38400/50000 (77%)]	 Training Loss: 0.024 ACC: 99.42 CR: 0.80 Avg R1: 4.99 Avg R2: 5.54 Avg Reward: 10.538401
2025-10-26 17:43:40 [INFO] EPOCH:199, ======================CR:0.79792====================
2025-10-26 17:43:40 [INFO] 0.09853005100866462
2025-10-26 17:43:43 [INFO] EPOCH:199, ======================ACC:77.78====================
2025-10-26 17:43:43 [INFO] BEST EPOCH:191,BEST ACC:78.01
