2026-05-17 02:31:45 [INFO] Epoch: 0 [12800/50000 (26%)]	 Training Loss: 0.837 ACC: 37.78 CR: 0.87 Avg R1: 3.07 Avg R2: 4.85 Avg Reward: 7.920960
2026-05-17 02:31:53 [INFO] Epoch: 0 [25600/50000 (51%)]	 Training Loss: 0.817 ACC: 39.45 CR: 0.75 Avg R1: 3.78 Avg R2: 4.52 Avg Reward: 8.300817
2026-05-17 02:32:01 [INFO] Epoch: 0 [38400/50000 (77%)]	 Training Loss: 0.803 ACC: 40.40 CR: 0.62 Avg R1: 3.78 Avg R2: 4.19 Avg Reward: 7.970412
2026-05-17 02:32:09 [INFO] EPOCH:0, ======================CR:0.50454====================
2026-05-17 02:32:09 [INFO] -0.0028717227241444494
2026-05-17 02:32:11 [INFO] EPOCH:0, ======================ACC:47.29====================
2026-05-17 02:32:11 [INFO] BEST EPOCH:0,BEST ACC:47.29
2026-05-17 02:32:19 [INFO] Epoch: 1 [12800/50000 (26%)]	 Training Loss: 0.747 ACC: 45.03 CR: 0.50 Avg R1: 2.80 Avg R2: 1.94 Avg Reward: 4.738154
2026-05-17 02:32:28 [INFO] Epoch: 1 [25600/50000 (51%)]	 Training Loss: 0.729 ACC: 45.89 CR: 0.50 Avg R1: 2.79 Avg R2: 1.93 Avg Reward: 4.726851
2026-05-17 02:32:36 [INFO] Epoch: 1 [38400/50000 (77%)]	 Training Loss: 0.722 ACC: 46.87 CR: 0.50 Avg R1: 2.79 Avg R2: 1.93 Avg Reward: 4.717206
2026-05-17 02:32:44 [INFO] EPOCH:1, ======================CR:0.49778====================
2026-05-17 02:32:44 [INFO] 0.002917604372203685
2026-05-17 02:32:46 [INFO] EPOCH:1, ======================ACC:51.3====================
2026-05-17 02:32:46 [INFO] BEST EPOCH:1,BEST ACC:51.3
2026-05-17 02:32:55 [INFO] Epoch: 2 [12800/50000 (26%)]	 Training Loss: 0.674 ACC: 51.30 CR: 0.50 Avg R1: 2.77 Avg R2: 2.12 Avg Reward: 4.888076
2026-05-17 02:33:03 [INFO] Epoch: 2 [25600/50000 (51%)]	 Training Loss: 0.668 ACC: 51.34 CR: 0.50 Avg R1: 2.78 Avg R2: 2.12 Avg Reward: 4.894780
2026-05-17 02:33:12 [INFO] Epoch: 2 [38400/50000 (77%)]	 Training Loss: 0.660 ACC: 51.90 CR: 0.50 Avg R1: 2.78 Avg R2: 2.12 Avg Reward: 4.894790
2026-05-17 02:33:19 [INFO] EPOCH:2, ======================CR:0.50276====================
2026-05-17 02:33:19 [INFO] -0.0007698880406055002
2026-05-17 02:33:21 [INFO] EPOCH:2, ======================ACC:58.39====================
2026-05-17 02:33:21 [INFO] BEST EPOCH:2,BEST ACC:58.39
2026-05-17 02:33:30 [INFO] Epoch: 3 [12800/50000 (26%)]	 Training Loss: 0.606 ACC: 55.93 CR: 0.50 Avg R1: 2.79 Avg R2: 2.30 Avg Reward: 5.095556
2026-05-17 02:33:38 [INFO] Epoch: 3 [25600/50000 (51%)]	 Training Loss: 0.604 ACC: 56.54 CR: 0.50 Avg R1: 2.79 Avg R2: 2.30 Avg Reward: 5.097316
2026-05-17 02:33:47 [INFO] Epoch: 3 [38400/50000 (77%)]	 Training Loss: 0.603 ACC: 56.91 CR: 0.51 Avg R1: 2.80 Avg R2: 2.31 Avg Reward: 5.105248
2026-05-17 02:33:55 [INFO] EPOCH:3, ======================CR:0.50682====================
2026-05-17 02:33:55 [INFO] 0.0010085328560272265
2026-05-17 02:33:57 [INFO] EPOCH:3, ======================ACC:54.9====================
2026-05-17 02:33:57 [INFO] BEST EPOCH:2,BEST ACC:58.39
2026-05-17 02:34:06 [INFO] Epoch: 4 [12800/50000 (26%)]	 Training Loss: 0.574 ACC: 59.95 CR: 0.51 Avg R1: 2.82 Avg R2: 2.44 Avg Reward: 5.263631
2026-05-17 02:34:14 [INFO] Epoch: 4 [25600/50000 (51%)]	 Training Loss: 0.568 ACC: 59.96 CR: 0.51 Avg R1: 2.83 Avg R2: 2.44 Avg Reward: 5.276543
2026-05-17 02:34:23 [INFO] Epoch: 4 [38400/50000 (77%)]	 Training Loss: 0.558 ACC: 60.48 CR: 0.51 Avg R1: 2.83 Avg R2: 2.44 Avg Reward: 5.276240
2026-05-17 02:34:32 [INFO] EPOCH:4, ======================CR:0.51176====================
2026-05-17 02:34:32 [INFO] -0.0032362386014216436
2026-05-17 02:34:34 [INFO] EPOCH:4, ======================ACC:60.65====================
2026-05-17 02:34:34 [INFO] BEST EPOCH:4,BEST ACC:60.65
2026-05-17 02:34:42 [INFO] Epoch: 5 [12800/50000 (26%)]	 Training Loss: 0.511 ACC: 63.55 CR: 0.51 Avg R1: 2.84 Avg R2: 2.57 Avg Reward: 5.406084
2026-05-17 02:34:51 [INFO] Epoch: 5 [25600/50000 (51%)]	 Training Loss: 0.509 ACC: 63.80 CR: 0.51 Avg R1: 2.83 Avg R2: 2.57 Avg Reward: 5.401489
2026-05-17 02:34:59 [INFO] Epoch: 5 [38400/50000 (77%)]	 Training Loss: 0.510 ACC: 63.84 CR: 0.51 Avg R1: 2.83 Avg R2: 2.57 Avg Reward: 5.399949
2026-05-17 02:35:07 [INFO] EPOCH:5, ======================CR:0.5097====================
2026-05-17 02:35:07 [INFO] -0.0070671923580864476
2026-05-17 02:35:09 [INFO] EPOCH:5, ======================ACC:67.07====================
2026-05-17 02:35:09 [INFO] BEST EPOCH:5,BEST ACC:67.07
2026-05-17 02:35:18 [INFO] Epoch: 6 [12800/50000 (26%)]	 Training Loss: 0.478 ACC: 66.08 CR: 0.51 Avg R1: 2.83 Avg R2: 2.59 Avg Reward: 5.424483
2026-05-17 02:35:27 [INFO] Epoch: 6 [25600/50000 (51%)]	 Training Loss: 0.478 ACC: 66.41 CR: 0.51 Avg R1: 2.83 Avg R2: 2.59 Avg Reward: 5.420499
2026-05-17 02:35:35 [INFO] Epoch: 6 [38400/50000 (77%)]	 Training Loss: 0.473 ACC: 66.65 CR: 0.51 Avg R1: 2.82 Avg R2: 2.59 Avg Reward: 5.413318
2026-05-17 02:35:43 [INFO] EPOCH:6, ======================CR:0.50636====================
2026-05-17 02:35:43 [INFO] -0.009788423230906824
2026-05-17 02:35:45 [INFO] EPOCH:6, ======================ACC:69.12====================
2026-05-17 02:35:45 [INFO] BEST EPOCH:6,BEST ACC:69.12
2026-05-17 02:35:54 [INFO] Epoch: 7 [12800/50000 (26%)]	 Training Loss: 0.452 ACC: 67.83 CR: 0.51 Avg R1: 2.81 Avg R2: 2.59 Avg Reward: 5.400361
2026-05-17 02:36:03 [INFO] Epoch: 7 [25600/50000 (51%)]	 Training Loss: 0.447 ACC: 68.28 CR: 0.50 Avg R1: 2.81 Avg R2: 2.59 Avg Reward: 5.401070
2026-05-17 02:36:12 [INFO] Epoch: 7 [38400/50000 (77%)]	 Training Loss: 0.441 ACC: 68.70 CR: 0.50 Avg R1: 2.81 Avg R2: 2.59 Avg Reward: 5.395326
2026-05-17 02:36:20 [INFO] EPOCH:7, ======================CR:0.50086====================
2026-05-17 02:36:20 [INFO] -0.0035447789279663884
2026-05-17 02:36:22 [INFO] EPOCH:7, ======================ACC:72.21====================
2026-05-17 02:36:22 [INFO] BEST EPOCH:7,BEST ACC:72.21
2026-05-17 02:36:31 [INFO] Epoch: 8 [12800/50000 (26%)]	 Training Loss: 0.394 ACC: 72.08 CR: 0.49 Avg R1: 2.77 Avg R2: 2.50 Avg Reward: 5.268721
2026-05-17 02:36:40 [INFO] Epoch: 8 [25600/50000 (51%)]	 Training Loss: 0.402 ACC: 71.54 CR: 0.49 Avg R1: 2.75 Avg R2: 2.50 Avg Reward: 5.250424
2026-05-17 02:36:51 [INFO] Epoch: 8 [38400/50000 (77%)]	 Training Loss: 0.399 ACC: 71.72 CR: 0.49 Avg R1: 2.75 Avg R2: 2.49 Avg Reward: 5.243780
2026-05-17 02:36:59 [INFO] EPOCH:8, ======================CR:0.49058====================
2026-05-17 02:36:59 [INFO] -0.0022251893383623263
2026-05-17 02:37:01 [INFO] EPOCH:8, ======================ACC:73.17====================
2026-05-17 02:37:01 [INFO] BEST EPOCH:8,BEST ACC:73.17
2026-05-17 02:37:11 [INFO] Epoch: 9 [12800/50000 (26%)]	 Training Loss: 0.382 ACC: 72.98 CR: 0.49 Avg R1: 2.72 Avg R2: 2.39 Avg Reward: 5.114596
2026-05-17 02:37:20 [INFO] Epoch: 9 [25600/50000 (51%)]	 Training Loss: 0.378 ACC: 73.16 CR: 0.49 Avg R1: 2.72 Avg R2: 2.39 Avg Reward: 5.117214
2026-05-17 02:37:29 [INFO] Epoch: 9 [38400/50000 (77%)]	 Training Loss: 0.375 ACC: 73.25 CR: 0.49 Avg R1: 2.72 Avg R2: 2.39 Avg Reward: 5.116419
2026-05-17 02:37:38 [INFO] EPOCH:9, ======================CR:0.49124====================
2026-05-17 02:37:38 [INFO] -0.0018942077350029127
2026-05-17 02:37:40 [INFO] EPOCH:9, ======================ACC:78.26====================
2026-05-17 02:37:40 [INFO] BEST EPOCH:9,BEST ACC:78.26
2026-05-17 02:37:49 [INFO] Epoch: 10 [12800/50000 (26%)]	 Training Loss: 0.355 ACC: 74.80 CR: 0.49 Avg R1: 2.74 Avg R2: 2.32 Avg Reward: 5.059318
2026-05-17 02:37:58 [INFO] Epoch: 10 [25600/50000 (51%)]	 Training Loss: 0.353 ACC: 75.16 CR: 0.49 Avg R1: 2.74 Avg R2: 2.32 Avg Reward: 5.067704
2026-05-17 02:38:07 [INFO] Epoch: 10 [38400/50000 (77%)]	 Training Loss: 0.352 ACC: 75.26 CR: 0.50 Avg R1: 2.75 Avg R2: 2.33 Avg Reward: 5.074699
2026-05-17 02:38:16 [INFO] EPOCH:10, ======================CR:0.49956====================
2026-05-17 02:38:16 [INFO] -0.005568579133867505
2026-05-17 02:38:18 [INFO] EPOCH:10, ======================ACC:76.08====================
2026-05-17 02:38:18 [INFO] BEST EPOCH:9,BEST ACC:78.26
2026-05-17 02:38:28 [INFO] Epoch: 11 [12800/50000 (26%)]	 Training Loss: 0.343 ACC: 76.11 CR: 0.50 Avg R1: 2.77 Avg R2: 2.29 Avg Reward: 5.060098
2026-05-17 02:38:38 [INFO] Epoch: 11 [25600/50000 (51%)]	 Training Loss: 0.339 ACC: 76.23 CR: 0.50 Avg R1: 2.77 Avg R2: 2.29 Avg Reward: 5.058544
2026-05-17 02:38:47 [INFO] Epoch: 11 [38400/50000 (77%)]	 Training Loss: 0.340 ACC: 76.29 CR: 0.50 Avg R1: 2.77 Avg R2: 2.29 Avg Reward: 5.059429
2026-05-17 02:38:56 [INFO] EPOCH:11, ======================CR:0.49706====================
2026-05-17 02:38:56 [INFO] -0.0010789775226964003
2026-05-17 02:38:58 [INFO] EPOCH:11, ======================ACC:75.75====================
2026-05-17 02:38:58 [INFO] BEST EPOCH:9,BEST ACC:78.26
2026-05-17 02:39:08 [INFO] Epoch: 12 [12800/50000 (26%)]	 Training Loss: 0.334 ACC: 76.43 CR: 0.50 Avg R1: 2.77 Avg R2: 2.20 Avg Reward: 4.966631
2026-05-17 02:39:17 [INFO] Epoch: 12 [25600/50000 (51%)]	 Training Loss: 0.329 ACC: 77.16 CR: 0.50 Avg R1: 2.77 Avg R2: 2.20 Avg Reward: 4.972003
2026-05-17 02:39:27 [INFO] Epoch: 12 [38400/50000 (77%)]	 Training Loss: 0.325 ACC: 77.34 CR: 0.50 Avg R1: 2.77 Avg R2: 2.20 Avg Reward: 4.976111
2026-05-17 02:39:36 [INFO] EPOCH:12, ======================CR:0.5025====================
2026-05-17 02:39:36 [INFO] -0.001922826614819529
2026-05-17 02:39:38 [INFO] EPOCH:12, ======================ACC:79.96====================
2026-05-17 02:39:38 [INFO] BEST EPOCH:12,BEST ACC:79.96
2026-05-17 02:39:48 [INFO] Epoch: 13 [12800/50000 (26%)]	 Training Loss: 0.319 ACC: 77.97 CR: 0.50 Avg R1: 2.79 Avg R2: 2.12 Avg Reward: 4.909477
2026-05-17 02:39:57 [INFO] Epoch: 13 [25600/50000 (51%)]	 Training Loss: 0.315 ACC: 78.12 CR: 0.50 Avg R1: 2.78 Avg R2: 2.12 Avg Reward: 4.904349
2026-05-17 02:40:07 [INFO] Epoch: 13 [38400/50000 (77%)]	 Training Loss: 0.312 ACC: 78.39 CR: 0.50 Avg R1: 2.78 Avg R2: 2.12 Avg Reward: 4.900505
2026-05-17 02:40:16 [INFO] EPOCH:13, ======================CR:0.4961====================
2026-05-17 02:40:16 [INFO] 0.004162156173291657
2026-05-17 02:40:18 [INFO] EPOCH:13, ======================ACC:78.52====================
2026-05-17 02:40:18 [INFO] BEST EPOCH:12,BEST ACC:79.96
2026-05-17 02:40:28 [INFO] Epoch: 14 [12800/50000 (26%)]	 Training Loss: 0.307 ACC: 78.62 CR: 0.50 Avg R1: 2.76 Avg R2: 2.06 Avg Reward: 4.813630
2026-05-17 02:40:37 [INFO] Epoch: 14 [25600/50000 (51%)]	 Training Loss: 0.305 ACC: 78.84 CR: 0.50 Avg R1: 2.76 Avg R2: 2.06 Avg Reward: 4.817135
2026-05-17 02:40:47 [INFO] Epoch: 14 [38400/50000 (77%)]	 Training Loss: 0.302 ACC: 78.92 CR: 0.50 Avg R1: 2.76 Avg R2: 2.06 Avg Reward: 4.823499
2026-05-17 02:40:56 [INFO] EPOCH:14, ======================CR:0.50178====================
2026-05-17 02:40:56 [INFO] -0.004624827448858329
2026-05-17 02:40:58 [INFO] EPOCH:14, ======================ACC:79.26====================
2026-05-17 02:40:58 [INFO] BEST EPOCH:12,BEST ACC:79.96
2026-05-17 02:41:09 [INFO] Epoch: 15 [12800/50000 (26%)]	 Training Loss: 0.297 ACC: 78.98 CR: 0.50 Avg R1: 2.78 Avg R2: 2.00 Avg Reward: 4.785663
2026-05-17 02:41:19 [INFO] Epoch: 15 [25600/50000 (51%)]	 Training Loss: 0.295 ACC: 79.28 CR: 0.50 Avg R1: 2.78 Avg R2: 2.00 Avg Reward: 4.777618
2026-05-17 02:41:28 [INFO] Epoch: 15 [38400/50000 (77%)]	 Training Loss: 0.293 ACC: 79.53 CR: 0.50 Avg R1: 2.77 Avg R2: 2.00 Avg Reward: 4.772578
2026-05-17 02:41:37 [INFO] EPOCH:15, ======================CR:0.49662====================
2026-05-17 02:41:37 [INFO] -0.003375966418169131
2026-05-17 02:41:39 [INFO] EPOCH:15, ======================ACC:76.48====================
2026-05-17 02:41:39 [INFO] BEST EPOCH:12,BEST ACC:79.96
2026-05-17 02:41:50 [INFO] Epoch: 16 [12800/50000 (26%)]	 Training Loss: 0.288 ACC: 80.09 CR: 0.50 Avg R1: 2.76 Avg R2: 1.94 Avg Reward: 4.691674
2026-05-17 02:42:00 [INFO] Epoch: 16 [25600/50000 (51%)]	 Training Loss: 0.290 ACC: 79.95 CR: 0.50 Avg R1: 2.76 Avg R2: 1.94 Avg Reward: 4.699714
2026-05-17 02:42:10 [INFO] Epoch: 16 [38400/50000 (77%)]	 Training Loss: 0.293 ACC: 79.74 CR: 0.50 Avg R1: 2.76 Avg R2: 1.94 Avg Reward: 4.705571
2026-05-17 02:42:19 [INFO] EPOCH:16, ======================CR:0.50072====================
2026-05-17 02:42:19 [INFO] -0.0001447204565210375
2026-05-17 02:42:21 [INFO] EPOCH:16, ======================ACC:79.41====================
2026-05-17 02:42:21 [INFO] BEST EPOCH:12,BEST ACC:79.96
2026-05-17 02:42:32 [INFO] Epoch: 17 [12800/50000 (26%)]	 Training Loss: 0.272 ACC: 80.59 CR: 0.50 Avg R1: 2.78 Avg R2: 1.89 Avg Reward: 4.665807
2026-05-17 02:42:42 [INFO] Epoch: 17 [25600/50000 (51%)]	 Training Loss: 0.277 ACC: 80.54 CR: 0.50 Avg R1: 2.77 Avg R2: 1.89 Avg Reward: 4.658929
2026-05-17 02:42:52 [INFO] Epoch: 17 [38400/50000 (77%)]	 Training Loss: 0.279 ACC: 80.56 CR: 0.50 Avg R1: 2.77 Avg R2: 1.89 Avg Reward: 4.656230
2026-05-17 02:43:02 [INFO] EPOCH:17, ======================CR:0.49796====================
2026-05-17 02:43:02 [INFO] 0.001128336481370935
2026-05-17 02:43:04 [INFO] EPOCH:17, ======================ACC:83.26====================
2026-05-17 02:43:04 [INFO] BEST EPOCH:17,BEST ACC:83.26
2026-05-17 02:43:14 [INFO] Epoch: 18 [12800/50000 (26%)]	 Training Loss: 0.264 ACC: 81.70 CR: 0.50 Avg R1: 2.77 Avg R2: 1.84 Avg Reward: 4.603779
2026-05-17 02:43:24 [INFO] Epoch: 18 [25600/50000 (51%)]	 Training Loss: 0.269 ACC: 81.23 CR: 0.49 Avg R1: 2.76 Avg R2: 1.84 Avg Reward: 4.596271
2026-05-17 02:43:35 [INFO] Epoch: 18 [38400/50000 (77%)]	 Training Loss: 0.273 ACC: 81.04 CR: 0.49 Avg R1: 2.76 Avg R2: 1.84 Avg Reward: 4.592021
2026-05-17 02:43:44 [INFO] EPOCH:18, ======================CR:0.49348====================
2026-05-17 02:43:44 [INFO] -0.002678575792075654
2026-05-17 02:43:46 [INFO] EPOCH:18, ======================ACC:76.53====================
2026-05-17 02:43:46 [INFO] BEST EPOCH:17,BEST ACC:83.26
2026-05-17 02:43:57 [INFO] Epoch: 19 [12800/50000 (26%)]	 Training Loss: 0.260 ACC: 81.63 CR: 0.50 Avg R1: 2.75 Avg R2: 1.79 Avg Reward: 4.543236
2026-05-17 02:44:07 [INFO] Epoch: 19 [25600/50000 (51%)]	 Training Loss: 0.267 ACC: 81.40 CR: 0.50 Avg R1: 2.75 Avg R2: 1.80 Avg Reward: 4.550764
2026-05-17 02:44:18 [INFO] Epoch: 19 [38400/50000 (77%)]	 Training Loss: 0.268 ACC: 81.37 CR: 0.50 Avg R1: 2.76 Avg R2: 1.80 Avg Reward: 4.553975
2026-05-17 02:44:28 [INFO] EPOCH:19, ======================CR:0.49734====================
2026-05-17 02:44:28 [INFO] -0.003851368516516662
2026-05-17 02:44:30 [INFO] EPOCH:19, ======================ACC:80.05====================
2026-05-17 02:44:30 [INFO] BEST EPOCH:17,BEST ACC:83.26
2026-05-17 02:44:40 [INFO] Epoch: 20 [12800/50000 (26%)]	 Training Loss: 0.265 ACC: 81.33 CR: 0.50 Avg R1: 2.77 Avg R2: 1.78 Avg Reward: 4.548101
2026-05-17 02:44:50 [INFO] Epoch: 20 [25600/50000 (51%)]	 Training Loss: 0.258 ACC: 81.93 CR: 0.50 Avg R1: 2.77 Avg R2: 1.78 Avg Reward: 4.553122
2026-05-17 02:45:00 [INFO] Epoch: 20 [38400/50000 (77%)]	 Training Loss: 0.259 ACC: 82.00 CR: 0.50 Avg R1: 2.77 Avg R2: 1.78 Avg Reward: 4.550577
2026-05-17 02:45:10 [INFO] EPOCH:20, ======================CR:0.50088====================
2026-05-17 02:45:10 [INFO] 0.0007861354462415509
2026-05-17 02:45:11 [INFO] EPOCH:20, ======================ACC:78.15====================
2026-05-17 02:45:11 [INFO] BEST EPOCH:17,BEST ACC:83.26
2026-05-17 02:45:23 [INFO] Epoch: 21 [12800/50000 (26%)]	 Training Loss: 0.260 ACC: 82.30 CR: 0.50 Avg R1: 2.79 Avg R2: 1.75 Avg Reward: 4.537379
2026-05-17 02:45:34 [INFO] Epoch: 21 [25600/50000 (51%)]	 Training Loss: 0.267 ACC: 81.70 CR: 0.50 Avg R1: 2.79 Avg R2: 1.75 Avg Reward: 4.543565
2026-05-17 02:45:45 [INFO] Epoch: 21 [38400/50000 (77%)]	 Training Loss: 0.264 ACC: 81.91 CR: 0.50 Avg R1: 2.79 Avg R2: 1.75 Avg Reward: 4.542863
2026-05-17 02:45:55 [INFO] EPOCH:21, ======================CR:0.50134====================
2026-05-17 02:45:55 [INFO] 0.001328978673437179
2026-05-17 02:45:57 [INFO] EPOCH:21, ======================ACC:84.63====================
2026-05-17 02:45:57 [INFO] BEST EPOCH:21,BEST ACC:84.63
2026-05-17 02:46:09 [INFO] Epoch: 22 [12800/50000 (26%)]	 Training Loss: 0.250 ACC: 82.71 CR: 0.50 Avg R1: 2.79 Avg R2: 1.72 Avg Reward: 4.508782
2026-05-17 02:46:20 [INFO] Epoch: 22 [25600/50000 (51%)]	 Training Loss: 0.254 ACC: 82.55 CR: 0.50 Avg R1: 2.79 Avg R2: 1.72 Avg Reward: 4.507680
2026-05-17 02:46:31 [INFO] Epoch: 22 [38400/50000 (77%)]	 Training Loss: 0.256 ACC: 82.60 CR: 0.50 Avg R1: 2.79 Avg R2: 1.72 Avg Reward: 4.509232
2026-05-17 02:46:41 [INFO] EPOCH:22, ======================CR:0.50024====================
2026-05-17 02:46:41 [INFO] 0.0025458172091531836
2026-05-17 02:46:43 [INFO] EPOCH:22, ======================ACC:79.58====================
2026-05-17 02:46:43 [INFO] BEST EPOCH:21,BEST ACC:84.63
2026-05-17 02:46:54 [INFO] Epoch: 23 [12800/50000 (26%)]	 Training Loss: 0.245 ACC: 82.93 CR: 0.50 Avg R1: 2.78 Avg R2: 1.71 Avg Reward: 4.481419
2026-05-17 02:47:05 [INFO] Epoch: 23 [25600/50000 (51%)]	 Training Loss: 0.249 ACC: 82.86 CR: 0.50 Avg R1: 2.77 Avg R2: 1.71 Avg Reward: 4.479563
2026-05-17 02:47:16 [INFO] Epoch: 23 [38400/50000 (77%)]	 Training Loss: 0.249 ACC: 82.79 CR: 0.50 Avg R1: 2.77 Avg R2: 1.71 Avg Reward: 4.479408
2026-05-17 02:47:26 [INFO] EPOCH:23, ======================CR:0.50076====================
2026-05-17 02:47:26 [INFO] 0.0006638111773798551
2026-05-17 02:47:28 [INFO] EPOCH:23, ======================ACC:81.11====================
2026-05-17 02:47:28 [INFO] BEST EPOCH:21,BEST ACC:84.63
2026-05-17 02:47:39 [INFO] Epoch: 24 [12800/50000 (26%)]	 Training Loss: 0.250 ACC: 83.09 CR: 0.50 Avg R1: 2.79 Avg R2: 1.69 Avg Reward: 4.478400
2026-05-17 02:47:50 [INFO] Epoch: 24 [25600/50000 (51%)]	 Training Loss: 0.250 ACC: 82.88 CR: 0.50 Avg R1: 2.79 Avg R2: 1.69 Avg Reward: 4.477022
2026-05-17 02:48:01 [INFO] Epoch: 24 [38400/50000 (77%)]	 Training Loss: 0.250 ACC: 82.78 CR: 0.50 Avg R1: 2.79 Avg R2: 1.69 Avg Reward: 4.477669
2026-05-17 02:48:12 [INFO] EPOCH:24, ======================CR:0.50192====================
2026-05-17 02:48:12 [INFO] -0.0034187609542503414
2026-05-17 02:48:14 [INFO] EPOCH:24, ======================ACC:83.45====================
2026-05-17 02:48:14 [INFO] BEST EPOCH:21,BEST ACC:84.63
2026-05-17 02:48:25 [INFO] Epoch: 25 [12800/50000 (26%)]	 Training Loss: 0.243 ACC: 83.02 CR: 0.50 Avg R1: 2.78 Avg R2: 1.68 Avg Reward: 4.460978
2026-05-17 02:48:36 [INFO] Epoch: 25 [25600/50000 (51%)]	 Training Loss: 0.239 ACC: 83.23 CR: 0.50 Avg R1: 2.78 Avg R2: 1.67 Avg Reward: 4.452184
2026-05-17 02:48:47 [INFO] Epoch: 25 [38400/50000 (77%)]	 Training Loss: 0.243 ACC: 82.99 CR: 0.50 Avg R1: 2.78 Avg R2: 1.67 Avg Reward: 4.450940
2026-05-17 02:48:57 [INFO] EPOCH:25, ======================CR:0.49824====================
2026-05-17 02:48:57 [INFO] -0.0004705624487481406
2026-05-17 02:48:59 [INFO] EPOCH:25, ======================ACC:85.07====================
2026-05-17 02:48:59 [INFO] BEST EPOCH:25,BEST ACC:85.07
2026-05-17 02:49:09 [INFO] Epoch: 26 [12800/50000 (26%)]	 Training Loss: 0.247 ACC: 83.14 CR: 0.50 Avg R1: 2.77 Avg R2: 1.66 Avg Reward: 4.432112
2026-05-17 02:49:20 [INFO] Epoch: 26 [25600/50000 (51%)]	 Training Loss: 0.241 ACC: 83.12 CR: 0.50 Avg R1: 2.77 Avg R2: 1.66 Avg Reward: 4.430613
2026-05-17 02:49:30 [INFO] Epoch: 26 [38400/50000 (77%)]	 Training Loss: 0.235 ACC: 83.42 CR: 0.50 Avg R1: 2.76 Avg R2: 1.66 Avg Reward: 4.425277
2026-05-17 02:49:39 [INFO] EPOCH:26, ======================CR:0.4953====================
2026-05-17 02:49:39 [INFO] -0.009256540798714834
2026-05-17 02:49:41 [INFO] EPOCH:26, ======================ACC:82.98====================
2026-05-17 02:49:41 [INFO] BEST EPOCH:25,BEST ACC:85.07
2026-05-17 02:49:52 [INFO] Epoch: 27 [12800/50000 (26%)]	 Training Loss: 0.235 ACC: 83.84 CR: 0.50 Avg R1: 2.76 Avg R2: 1.65 Avg Reward: 4.410100
2026-05-17 02:50:03 [INFO] Epoch: 27 [25600/50000 (51%)]	 Training Loss: 0.233 ACC: 83.77 CR: 0.50 Avg R1: 2.76 Avg R2: 1.65 Avg Reward: 4.415001
2026-05-17 02:50:14 [INFO] Epoch: 27 [38400/50000 (77%)]	 Training Loss: 0.234 ACC: 83.79 CR: 0.50 Avg R1: 2.77 Avg R2: 1.65 Avg Reward: 4.421279
2026-05-17 02:50:24 [INFO] EPOCH:27, ======================CR:0.4998====================
2026-05-17 02:50:24 [INFO] 0.009067648167897943
2026-05-17 02:50:26 [INFO] EPOCH:27, ======================ACC:78.74====================
2026-05-17 02:50:26 [INFO] BEST EPOCH:25,BEST ACC:85.07
2026-05-17 02:50:38 [INFO] Epoch: 28 [12800/50000 (26%)]	 Training Loss: 0.235 ACC: 83.56 CR: 0.50 Avg R1: 2.78 Avg R2: 1.65 Avg Reward: 4.429023
2026-05-17 02:50:50 [INFO] Epoch: 28 [25600/50000 (51%)]	 Training Loss: 0.233 ACC: 83.74 CR: 0.50 Avg R1: 2.77 Avg R2: 1.65 Avg Reward: 4.424871
2026-05-17 02:51:02 [INFO] Epoch: 28 [38400/50000 (77%)]	 Training Loss: 0.234 ACC: 83.68 CR: 0.50 Avg R1: 2.77 Avg R2: 1.65 Avg Reward: 4.420342
2026-05-17 02:51:12 [INFO] EPOCH:28, ======================CR:0.49708====================
2026-05-17 02:51:12 [INFO] -0.0011386208764730978
2026-05-17 02:51:14 [INFO] EPOCH:28, ======================ACC:80.81====================
2026-05-17 02:51:14 [INFO] BEST EPOCH:25,BEST ACC:85.07
2026-05-17 02:51:26 [INFO] Epoch: 29 [12800/50000 (26%)]	 Training Loss: 0.235 ACC: 83.27 CR: 0.50 Avg R1: 2.77 Avg R2: 1.64 Avg Reward: 4.408408
2026-05-17 02:51:38 [INFO] Epoch: 29 [25600/50000 (51%)]	 Training Loss: 0.232 ACC: 83.57 CR: 0.50 Avg R1: 2.77 Avg R2: 1.64 Avg Reward: 4.409038
2026-05-17 02:51:50 [INFO] Epoch: 29 [38400/50000 (77%)]	 Training Loss: 0.232 ACC: 83.66 CR: 0.50 Avg R1: 2.77 Avg R2: 1.64 Avg Reward: 4.411659
2026-05-17 02:52:00 [INFO] EPOCH:29, ======================CR:0.49938====================
2026-05-17 02:52:00 [INFO] -0.0008060747195893994
2026-05-17 02:52:02 [INFO] EPOCH:29, ======================ACC:82.92====================
2026-05-17 02:52:02 [INFO] BEST EPOCH:25,BEST ACC:85.07
2026-05-17 02:52:14 [INFO] Epoch: 30 [12800/50000 (26%)]	 Training Loss: 0.232 ACC: 83.94 CR: 0.50 Avg R1: 2.78 Avg R2: 1.64 Avg Reward: 4.419329
2026-05-17 02:52:26 [INFO] Epoch: 30 [25600/50000 (51%)]	 Training Loss: 0.231 ACC: 84.03 CR: 0.50 Avg R1: 2.78 Avg R2: 1.64 Avg Reward: 4.417031
2026-05-17 02:52:38 [INFO] Epoch: 30 [38400/50000 (77%)]	 Training Loss: 0.231 ACC: 84.07 CR: 0.50 Avg R1: 2.77 Avg R2: 1.64 Avg Reward: 4.412008
2026-05-17 02:52:48 [INFO] EPOCH:30, ======================CR:0.49934====================
2026-05-17 02:52:48 [INFO] 0.001983965018483781
2026-05-17 02:52:50 [INFO] EPOCH:30, ======================ACC:80.97====================
2026-05-17 02:52:50 [INFO] BEST EPOCH:25,BEST ACC:85.07
2026-05-17 02:53:01 [INFO] Epoch: 31 [12800/50000 (26%)]	 Training Loss: 0.231 ACC: 83.83 CR: 0.50 Avg R1: 2.77 Avg R2: 1.63 Avg Reward: 4.400811
2026-05-17 02:53:13 [INFO] Epoch: 31 [25600/50000 (51%)]	 Training Loss: 0.226 ACC: 84.25 CR: 0.50 Avg R1: 2.77 Avg R2: 1.63 Avg Reward: 4.399330
2026-05-17 02:53:26 [INFO] Epoch: 31 [38400/50000 (77%)]	 Training Loss: 0.228 ACC: 84.22 CR: 0.50 Avg R1: 2.77 Avg R2: 1.63 Avg Reward: 4.402201
2026-05-17 02:53:37 [INFO] EPOCH:31, ======================CR:0.49976====================
2026-05-17 02:53:37 [INFO] -0.0024713819871698506
2026-05-17 02:53:39 [INFO] EPOCH:31, ======================ACC:86.41====================
2026-05-17 02:53:39 [INFO] BEST EPOCH:31,BEST ACC:86.41
2026-05-17 02:53:50 [INFO] Epoch: 32 [12800/50000 (26%)]	 Training Loss: 0.224 ACC: 84.33 CR: 0.50 Avg R1: 2.77 Avg R2: 1.63 Avg Reward: 4.400200
2026-05-17 02:54:02 [INFO] Epoch: 32 [25600/50000 (51%)]	 Training Loss: 0.226 ACC: 84.21 CR: 0.50 Avg R1: 2.77 Avg R2: 1.63 Avg Reward: 4.394930
2026-05-17 02:54:14 [INFO] Epoch: 32 [38400/50000 (77%)]	 Training Loss: 0.226 ACC: 84.22 CR: 0.50 Avg R1: 2.77 Avg R2: 1.63 Avg Reward: 4.393282
2026-05-17 02:54:24 [INFO] EPOCH:32, ======================CR:0.49658====================
2026-05-17 02:54:24 [INFO] -0.0020976797853296198
2026-05-17 02:54:26 [INFO] EPOCH:32, ======================ACC:83.37====================
2026-05-17 02:54:26 [INFO] BEST EPOCH:31,BEST ACC:86.41
2026-05-17 02:54:37 [INFO] Epoch: 33 [12800/50000 (26%)]	 Training Loss: 0.233 ACC: 84.22 CR: 0.50 Avg R1: 2.76 Avg R2: 1.62 Avg Reward: 4.375397
2026-05-17 02:54:49 [INFO] Epoch: 33 [25600/50000 (51%)]	 Training Loss: 0.227 ACC: 84.58 CR: 0.49 Avg R1: 2.76 Avg R2: 1.62 Avg Reward: 4.372427
2026-05-17 02:55:00 [INFO] Epoch: 33 [38400/50000 (77%)]	 Training Loss: 0.222 ACC: 84.87 CR: 0.49 Avg R1: 2.75 Avg R2: 1.62 Avg Reward: 4.370017
2026-05-17 02:55:10 [INFO] EPOCH:33, ======================CR:0.49402====================
2026-05-17 02:55:10 [INFO] -0.003800782027995988
2026-05-17 02:55:12 [INFO] EPOCH:33, ======================ACC:85.95====================
2026-05-17 02:55:12 [INFO] BEST EPOCH:31,BEST ACC:86.41
2026-05-17 02:55:23 [INFO] Epoch: 34 [12800/50000 (26%)]	 Training Loss: 0.221 ACC: 84.68 CR: 0.49 Avg R1: 2.74 Avg R2: 1.62 Avg Reward: 4.365100
2026-05-17 02:55:34 [INFO] Epoch: 34 [25600/50000 (51%)]	 Training Loss: 0.219 ACC: 84.91 CR: 0.50 Avg R1: 2.75 Avg R2: 1.62 Avg Reward: 4.374868
2026-05-17 02:55:46 [INFO] Epoch: 34 [38400/50000 (77%)]	 Training Loss: 0.219 ACC: 84.87 CR: 0.50 Avg R1: 2.76 Avg R2: 1.62 Avg Reward: 4.379546
2026-05-17 02:55:57 [INFO] EPOCH:34, ======================CR:0.49724====================
2026-05-17 02:55:57 [INFO] 0.007503408250245354
2026-05-17 02:55:59 [INFO] EPOCH:34, ======================ACC:83.36====================
2026-05-17 02:55:59 [INFO] BEST EPOCH:31,BEST ACC:86.41
2026-05-17 02:56:15 [INFO] Epoch: 35 [12800/50000 (26%)]	 Training Loss: 0.220 ACC: 84.62 CR: 0.50 Avg R1: 2.77 Avg R2: 1.62 Avg Reward: 4.387434
2026-05-17 02:56:34 [INFO] Epoch: 35 [25600/50000 (51%)]	 Training Loss: 0.224 ACC: 84.54 CR: 0.50 Avg R1: 2.77 Avg R2: 1.62 Avg Reward: 4.391641
2026-05-17 02:56:51 [INFO] Epoch: 35 [38400/50000 (77%)]	 Training Loss: 0.222 ACC: 84.76 CR: 0.50 Avg R1: 2.77 Avg R2: 1.62 Avg Reward: 4.390182
2026-05-17 02:57:06 [INFO] EPOCH:35, ======================CR:0.49728====================
2026-05-17 02:57:06 [INFO] 0.0023622439872739306
2026-05-17 02:57:08 [INFO] EPOCH:35, ======================ACC:85.06====================
2026-05-17 02:57:08 [INFO] BEST EPOCH:31,BEST ACC:86.41
2026-05-17 02:57:27 [INFO] Epoch: 36 [12800/50000 (26%)]	 Training Loss: 0.212 ACC: 85.49 CR: 0.50 Avg R1: 2.76 Avg R2: 1.61 Avg Reward: 4.367708
2026-05-17 02:57:45 [INFO] Epoch: 36 [25600/50000 (51%)]	 Training Loss: 0.212 ACC: 85.23 CR: 0.50 Avg R1: 2.76 Avg R2: 1.61 Avg Reward: 4.373695
2026-05-17 02:58:03 [INFO] Epoch: 36 [38400/50000 (77%)]	 Training Loss: 0.211 ACC: 85.30 CR: 0.50 Avg R1: 2.76 Avg R2: 1.61 Avg Reward: 4.377187
2026-05-17 02:58:21 [INFO] EPOCH:36, ======================CR:0.49946====================
2026-05-17 02:58:21 [INFO] -0.0020521686609542428
2026-05-17 02:58:22 [INFO] EPOCH:36, ======================ACC:85.54====================
2026-05-17 02:58:22 [INFO] BEST EPOCH:31,BEST ACC:86.41
2026-05-17 02:58:41 [INFO] Epoch: 37 [12800/50000 (26%)]	 Training Loss: 0.207 ACC: 85.91 CR: 0.50 Avg R1: 2.77 Avg R2: 1.62 Avg Reward: 4.389634
2026-05-17 02:58:59 [INFO] Epoch: 37 [25600/50000 (51%)]	 Training Loss: 0.211 ACC: 85.37 CR: 0.50 Avg R1: 2.77 Avg R2: 1.62 Avg Reward: 4.392972
2026-05-17 02:59:16 [INFO] Epoch: 37 [38400/50000 (77%)]	 Training Loss: 0.212 ACC: 85.20 CR: 0.50 Avg R1: 2.77 Avg R2: 1.62 Avg Reward: 4.392779
2026-05-17 02:59:33 [INFO] EPOCH:37, ======================CR:0.4961====================
2026-05-17 02:59:33 [INFO] 0.005462610848095588
2026-05-17 02:59:35 [INFO] EPOCH:37, ======================ACC:83.45====================
2026-05-17 02:59:35 [INFO] BEST EPOCH:31,BEST ACC:86.41
2026-05-17 02:59:54 [INFO] Epoch: 38 [12800/50000 (26%)]	 Training Loss: 0.220 ACC: 85.12 CR: 0.50 Avg R1: 2.76 Avg R2: 1.62 Avg Reward: 4.385004
2026-05-17 03:00:13 [INFO] Epoch: 38 [25600/50000 (51%)]	 Training Loss: 0.218 ACC: 85.14 CR: 0.50 Avg R1: 2.77 Avg R2: 1.63 Avg Reward: 4.393670
2026-05-17 03:00:30 [INFO] Epoch: 38 [38400/50000 (77%)]	 Training Loss: 0.216 ACC: 85.11 CR: 0.50 Avg R1: 2.77 Avg R2: 1.63 Avg Reward: 4.395865
2026-05-17 03:00:46 [INFO] EPOCH:38, ======================CR:0.49918====================
2026-05-17 03:00:46 [INFO] -0.008307368588260216
2026-05-17 03:00:48 [INFO] EPOCH:38, ======================ACC:85.77====================
2026-05-17 03:00:48 [INFO] BEST EPOCH:31,BEST ACC:86.41
2026-05-17 03:01:07 [INFO] Epoch: 39 [12800/50000 (26%)]	 Training Loss: 0.206 ACC: 85.63 CR: 0.50 Avg R1: 2.78 Avg R2: 1.62 Avg Reward: 4.397431
2026-05-17 03:01:24 [INFO] Epoch: 39 [25600/50000 (51%)]	 Training Loss: 0.211 ACC: 85.14 CR: 0.50 Avg R1: 2.77 Avg R2: 1.62 Avg Reward: 4.391304
2026-05-17 03:01:40 [INFO] Epoch: 39 [38400/50000 (77%)]	 Training Loss: 0.214 ACC: 85.10 CR: 0.50 Avg R1: 2.77 Avg R2: 1.62 Avg Reward: 4.389137
2026-05-17 03:01:50 [INFO] EPOCH:39, ======================CR:0.49844====================
2026-05-17 03:01:50 [INFO] -0.0010308885676418651
2026-05-17 03:01:52 [INFO] EPOCH:39, ======================ACC:85.56====================
2026-05-17 03:01:52 [INFO] BEST EPOCH:31,BEST ACC:86.41
2026-05-17 03:02:03 [INFO] Epoch: 40 [12800/50000 (26%)]	 Training Loss: 0.208 ACC: 86.01 CR: 0.50 Avg R1: 2.76 Avg R2: 1.62 Avg Reward: 4.378559
2026-05-17 03:02:14 [INFO] Epoch: 40 [25600/50000 (51%)]	 Training Loss: 0.215 ACC: 85.57 CR: 0.50 Avg R1: 2.77 Avg R2: 1.62 Avg Reward: 4.386250
2026-05-17 03:02:25 [INFO] Epoch: 40 [38400/50000 (77%)]	 Training Loss: 0.211 ACC: 85.61 CR: 0.50 Avg R1: 2.77 Avg R2: 1.62 Avg Reward: 4.392439
2026-05-17 03:02:35 [INFO] EPOCH:40, ======================CR:0.49718====================
2026-05-17 03:02:35 [INFO] -0.000930980456532479
2026-05-17 03:02:37 [INFO] EPOCH:40, ======================ACC:85.15====================
2026-05-17 03:02:37 [INFO] BEST EPOCH:31,BEST ACC:86.41
2026-05-17 03:02:48 [INFO] Epoch: 41 [12800/50000 (26%)]	 Training Loss: 0.202 ACC: 86.05 CR: 0.50 Avg R1: 2.77 Avg R2: 1.62 Avg Reward: 4.381329
2026-05-17 03:02:59 [INFO] Epoch: 41 [25600/50000 (51%)]	 Training Loss: 0.201 ACC: 85.96 CR: 0.50 Avg R1: 2.77 Avg R2: 1.62 Avg Reward: 4.383509
2026-05-17 03:03:10 [INFO] Epoch: 41 [38400/50000 (77%)]	 Training Loss: 0.205 ACC: 85.74 CR: 0.50 Avg R1: 2.77 Avg R2: 1.62 Avg Reward: 4.388486
2026-05-17 03:03:20 [INFO] EPOCH:41, ======================CR:0.50154====================
2026-05-17 03:03:20 [INFO] -0.0022275663659103552
2026-05-17 03:03:22 [INFO] EPOCH:41, ======================ACC:86.79====================
2026-05-17 03:03:22 [INFO] BEST EPOCH:41,BEST ACC:86.79
2026-05-17 03:03:33 [INFO] Epoch: 42 [12800/50000 (26%)]	 Training Loss: 0.207 ACC: 86.35 CR: 0.50 Avg R1: 2.79 Avg R2: 1.63 Avg Reward: 4.420532
2026-05-17 03:03:43 [INFO] Epoch: 42 [25600/50000 (51%)]	 Training Loss: 0.213 ACC: 85.74 CR: 0.50 Avg R1: 2.78 Avg R2: 1.63 Avg Reward: 4.410825
2026-05-17 03:03:54 [INFO] Epoch: 42 [38400/50000 (77%)]	 Training Loss: 0.213 ACC: 85.74 CR: 0.50 Avg R1: 2.78 Avg R2: 1.63 Avg Reward: 4.409340
2026-05-17 03:04:04 [INFO] EPOCH:42, ======================CR:0.50234====================
2026-05-17 03:04:04 [INFO] 0.007375329888810441
2026-05-17 03:04:06 [INFO] EPOCH:42, ======================ACC:80.98====================
2026-05-17 03:04:06 [INFO] BEST EPOCH:41,BEST ACC:86.79
2026-05-17 03:04:17 [INFO] Epoch: 43 [12800/50000 (26%)]	 Training Loss: 0.211 ACC: 85.58 CR: 0.50 Avg R1: 2.79 Avg R2: 1.62 Avg Reward: 4.410921
2026-05-17 03:04:27 [INFO] Epoch: 43 [25600/50000 (51%)]	 Training Loss: 0.210 ACC: 85.66 CR: 0.50 Avg R1: 2.78 Avg R2: 1.62 Avg Reward: 4.402636
2026-05-17 03:04:38 [INFO] Epoch: 43 [38400/50000 (77%)]	 Training Loss: 0.212 ACC: 85.65 CR: 0.50 Avg R1: 2.79 Avg R2: 1.62 Avg Reward: 4.405065
2026-05-17 03:04:48 [INFO] EPOCH:43, ======================CR:0.50122====================
2026-05-17 03:04:48 [INFO] -0.0003206194309254124
2026-05-17 03:04:50 [INFO] EPOCH:43, ======================ACC:86.28====================
2026-05-17 03:04:50 [INFO] BEST EPOCH:41,BEST ACC:86.79
2026-05-17 03:05:01 [INFO] Epoch: 44 [12800/50000 (26%)]	 Training Loss: 0.201 ACC: 86.17 CR: 0.50 Avg R1: 2.78 Avg R2: 1.62 Avg Reward: 4.394973
2026-05-17 03:05:12 [INFO] Epoch: 44 [25600/50000 (51%)]	 Training Loss: 0.204 ACC: 85.98 CR: 0.50 Avg R1: 2.78 Avg R2: 1.62 Avg Reward: 4.397202
2026-05-17 03:05:22 [INFO] Epoch: 44 [38400/50000 (77%)]	 Training Loss: 0.203 ACC: 86.05 CR: 0.50 Avg R1: 2.78 Avg R2: 1.62 Avg Reward: 4.397827
2026-05-17 03:05:31 [INFO] EPOCH:44, ======================CR:0.50112====================
2026-05-17 03:05:31 [INFO] 0.00034702002260693495
2026-05-17 03:05:33 [INFO] EPOCH:44, ======================ACC:81.49====================
2026-05-17 03:05:33 [INFO] BEST EPOCH:41,BEST ACC:86.79
2026-05-17 03:05:44 [INFO] Epoch: 45 [12800/50000 (26%)]	 Training Loss: 0.213 ACC: 85.50 CR: 0.50 Avg R1: 2.79 Avg R2: 1.62 Avg Reward: 4.406986
2026-05-17 03:05:54 [INFO] Epoch: 45 [25600/50000 (51%)]	 Training Loss: 0.211 ACC: 85.61 CR: 0.50 Avg R1: 2.79 Avg R2: 1.62 Avg Reward: 4.407250
2026-05-17 03:06:04 [INFO] Epoch: 45 [38400/50000 (77%)]	 Training Loss: 0.209 ACC: 85.84 CR: 0.50 Avg R1: 2.79 Avg R2: 1.62 Avg Reward: 4.405613
2026-05-17 03:06:13 [INFO] EPOCH:45, ======================CR:0.50192====================
2026-05-17 03:06:13 [INFO] 0.0025190091242392196
2026-05-17 03:06:15 [INFO] EPOCH:45, ======================ACC:86.58====================
2026-05-17 03:06:15 [INFO] BEST EPOCH:41,BEST ACC:86.79
2026-05-17 03:06:26 [INFO] Epoch: 46 [12800/50000 (26%)]	 Training Loss: 0.203 ACC: 86.28 CR: 0.50 Avg R1: 2.79 Avg R2: 1.62 Avg Reward: 4.403135
2026-05-17 03:06:36 [INFO] Epoch: 46 [25600/50000 (51%)]	 Training Loss: 0.200 ACC: 86.37 CR: 0.50 Avg R1: 2.79 Avg R2: 1.62 Avg Reward: 4.404268
2026-05-17 03:06:48 [INFO] Epoch: 46 [38400/50000 (77%)]	 Training Loss: 0.202 ACC: 86.28 CR: 0.51 Avg R1: 2.79 Avg R2: 1.62 Avg Reward: 4.408236
2026-05-17 03:06:57 [INFO] EPOCH:46, ======================CR:0.50476====================
2026-05-17 03:06:57 [INFO] 0.007926692056344987
2026-05-17 03:06:59 [INFO] EPOCH:46, ======================ACC:84.94====================
2026-05-17 03:06:59 [INFO] BEST EPOCH:41,BEST ACC:86.79
2026-05-17 03:07:11 [INFO] Epoch: 47 [12800/50000 (26%)]	 Training Loss: 0.202 ACC: 86.65 CR: 0.51 Avg R1: 2.81 Avg R2: 1.63 Avg Reward: 4.440275
2026-05-17 03:07:22 [INFO] Epoch: 47 [25600/50000 (51%)]	 Training Loss: 0.199 ACC: 86.55 CR: 0.51 Avg R1: 2.82 Avg R2: 1.63 Avg Reward: 4.443052
2026-05-17 03:07:32 [INFO] Epoch: 47 [38400/50000 (77%)]	 Training Loss: 0.200 ACC: 86.41 CR: 0.50 Avg R1: 2.81 Avg R2: 1.63 Avg Reward: 4.440826
2026-05-17 03:07:42 [INFO] EPOCH:47, ======================CR:0.5056====================
2026-05-17 03:07:42 [INFO] 0.0032103494386908943
2026-05-17 03:07:44 [INFO] EPOCH:47, ======================ACC:84.87====================
2026-05-17 03:07:44 [INFO] BEST EPOCH:41,BEST ACC:86.79
2026-05-17 03:07:54 [INFO] Epoch: 48 [12800/50000 (26%)]	 Training Loss: 0.202 ACC: 86.23 CR: 0.51 Avg R1: 2.82 Avg R2: 1.62 Avg Reward: 4.433056
2026-05-17 03:08:05 [INFO] Epoch: 48 [25600/50000 (51%)]	 Training Loss: 0.193 ACC: 86.93 CR: 0.51 Avg R1: 2.82 Avg R2: 1.62 Avg Reward: 4.433676
2026-05-17 03:08:16 [INFO] Epoch: 48 [38400/50000 (77%)]	 Training Loss: 0.196 ACC: 86.71 CR: 0.51 Avg R1: 2.81 Avg R2: 1.62 Avg Reward: 4.433457
2026-05-17 03:08:27 [INFO] EPOCH:48, ======================CR:0.5094====================
2026-05-17 03:08:27 [INFO] -0.0024309417393561577
2026-05-17 03:08:29 [INFO] EPOCH:48, ======================ACC:85.5====================
2026-05-17 03:08:29 [INFO] BEST EPOCH:41,BEST ACC:86.79
2026-05-17 03:08:40 [INFO] Epoch: 49 [12800/50000 (26%)]	 Training Loss: 0.200 ACC: 86.42 CR: 0.51 Avg R1: 2.83 Avg R2: 1.63 Avg Reward: 4.460413
2026-05-17 03:08:50 [INFO] Epoch: 49 [25600/50000 (51%)]	 Training Loss: 0.197 ACC: 86.51 CR: 0.51 Avg R1: 2.83 Avg R2: 1.63 Avg Reward: 4.464243
2026-05-17 03:09:01 [INFO] Epoch: 49 [38400/50000 (77%)]	 Training Loss: 0.197 ACC: 86.44 CR: 0.51 Avg R1: 2.83 Avg R2: 1.63 Avg Reward: 4.464728
2026-05-17 03:09:11 [INFO] EPOCH:49, ======================CR:0.50986====================
2026-05-17 03:09:11 [INFO] -0.0041700234494331245
2026-05-17 03:09:13 [INFO] EPOCH:49, ======================ACC:85.43====================
2026-05-17 03:09:13 [INFO] BEST EPOCH:41,BEST ACC:86.79
2026-05-17 03:09:24 [INFO] Epoch: 50 [12800/50000 (26%)]	 Training Loss: 0.206 ACC: 85.60 CR: 0.51 Avg R1: 2.83 Avg R2: 1.62 Avg Reward: 4.446575
2026-05-17 03:09:36 [INFO] Epoch: 50 [25600/50000 (51%)]	 Training Loss: 0.200 ACC: 86.06 CR: 0.51 Avg R1: 2.84 Avg R2: 1.62 Avg Reward: 4.455415
2026-05-17 03:09:46 [INFO] Epoch: 50 [38400/50000 (77%)]	 Training Loss: 0.201 ACC: 86.07 CR: 0.51 Avg R1: 2.84 Avg R2: 1.62 Avg Reward: 4.457860
2026-05-17 03:09:57 [INFO] EPOCH:50, ======================CR:0.50678====================
2026-05-17 03:09:57 [INFO] -0.003470867077471844
2026-05-17 03:09:59 [INFO] EPOCH:50, ======================ACC:85.27====================
2026-05-17 03:09:59 [INFO] BEST EPOCH:41,BEST ACC:86.79
2026-05-17 03:10:10 [INFO] Epoch: 51 [12800/50000 (26%)]	 Training Loss: 0.201 ACC: 86.27 CR: 0.51 Avg R1: 2.82 Avg R2: 1.63 Avg Reward: 4.447164
2026-05-17 03:10:21 [INFO] Epoch: 51 [25600/50000 (51%)]	 Training Loss: 0.192 ACC: 86.93 CR: 0.51 Avg R1: 2.83 Avg R2: 1.63 Avg Reward: 4.452974
2026-05-17 03:10:32 [INFO] Epoch: 51 [38400/50000 (77%)]	 Training Loss: 0.191 ACC: 86.97 CR: 0.51 Avg R1: 2.83 Avg R2: 1.63 Avg Reward: 4.457328
2026-05-17 03:10:42 [INFO] EPOCH:51, ======================CR:0.50998====================
2026-05-17 03:10:42 [INFO] 0.006194234130835242
2026-05-17 03:10:44 [INFO] EPOCH:51, ======================ACC:75.06====================
2026-05-17 03:10:44 [INFO] BEST EPOCH:41,BEST ACC:86.79
2026-05-17 03:10:56 [INFO] Epoch: 52 [12800/50000 (26%)]	 Training Loss: 0.192 ACC: 86.47 CR: 0.51 Avg R1: 2.83 Avg R2: 1.61 Avg Reward: 4.448815
2026-05-17 03:11:06 [INFO] Epoch: 52 [25600/50000 (51%)]	 Training Loss: 0.196 ACC: 86.41 CR: 0.51 Avg R1: 2.83 Avg R2: 1.62 Avg Reward: 4.447297
2026-05-17 03:11:17 [INFO] Epoch: 52 [38400/50000 (77%)]	 Training Loss: 0.196 ACC: 86.36 CR: 0.51 Avg R1: 2.83 Avg R2: 1.62 Avg Reward: 4.450265
2026-05-17 03:11:27 [INFO] EPOCH:52, ======================CR:0.51042====================
2026-05-17 03:11:27 [INFO] 0.003058517664595018
2026-05-17 03:11:29 [INFO] EPOCH:52, ======================ACC:85.37====================
2026-05-17 03:11:29 [INFO] BEST EPOCH:41,BEST ACC:86.79
2026-05-17 03:11:40 [INFO] Epoch: 53 [12800/50000 (26%)]	 Training Loss: 0.190 ACC: 86.71 CR: 0.51 Avg R1: 2.83 Avg R2: 1.62 Avg Reward: 4.454515
2026-05-17 03:11:50 [INFO] Epoch: 53 [25600/50000 (51%)]	 Training Loss: 0.192 ACC: 86.78 CR: 0.51 Avg R1: 2.83 Avg R2: 1.62 Avg Reward: 4.456534
2026-05-17 03:12:00 [INFO] Epoch: 53 [38400/50000 (77%)]	 Training Loss: 0.194 ACC: 86.65 CR: 0.51 Avg R1: 2.84 Avg R2: 1.62 Avg Reward: 4.457333
2026-05-17 03:12:09 [INFO] EPOCH:53, ======================CR:0.50898====================
2026-05-17 03:12:09 [INFO] -0.0011975094571935534
2026-05-17 03:12:11 [INFO] EPOCH:53, ======================ACC:84.67====================
2026-05-17 03:12:11 [INFO] BEST EPOCH:41,BEST ACC:86.79
2026-05-17 03:12:21 [INFO] Epoch: 54 [12800/50000 (26%)]	 Training Loss: 0.197 ACC: 86.07 CR: 0.51 Avg R1: 2.83 Avg R2: 1.61 Avg Reward: 4.441783
2026-05-17 03:12:32 [INFO] Epoch: 54 [25600/50000 (51%)]	 Training Loss: 0.191 ACC: 86.83 CR: 0.51 Avg R1: 2.83 Avg R2: 1.61 Avg Reward: 4.443581
2026-05-17 03:12:42 [INFO] Epoch: 54 [38400/50000 (77%)]	 Training Loss: 0.190 ACC: 86.98 CR: 0.51 Avg R1: 2.83 Avg R2: 1.61 Avg Reward: 4.439773
2026-05-17 03:12:52 [INFO] EPOCH:54, ======================CR:0.50636====================
2026-05-17 03:12:52 [INFO] -0.0004539752775975018
2026-05-17 03:12:54 [INFO] EPOCH:54, ======================ACC:85.55====================
2026-05-17 03:12:54 [INFO] BEST EPOCH:41,BEST ACC:86.79
2026-05-17 03:13:05 [INFO] Epoch: 55 [12800/50000 (26%)]	 Training Loss: 0.188 ACC: 87.13 CR: 0.51 Avg R1: 2.82 Avg R2: 1.61 Avg Reward: 4.424353
2026-05-17 03:13:17 [INFO] Epoch: 55 [25600/50000 (51%)]	 Training Loss: 0.189 ACC: 87.19 CR: 0.51 Avg R1: 2.82 Avg R2: 1.61 Avg Reward: 4.422272
2026-05-17 03:13:27 [INFO] Epoch: 55 [38400/50000 (77%)]	 Training Loss: 0.191 ACC: 87.00 CR: 0.51 Avg R1: 2.82 Avg R2: 1.61 Avg Reward: 4.426199
2026-05-17 03:13:37 [INFO] EPOCH:55, ======================CR:0.50894====================
2026-05-17 03:13:37 [INFO] 0.0031224631248587286
2026-05-17 03:13:38 [INFO] EPOCH:55, ======================ACC:86.87====================
2026-05-17 03:13:38 [INFO] BEST EPOCH:55,BEST ACC:86.87
2026-05-17 03:13:50 [INFO] Epoch: 56 [12800/50000 (26%)]	 Training Loss: 0.184 ACC: 87.44 CR: 0.51 Avg R1: 2.82 Avg R2: 1.62 Avg Reward: 4.446086
2026-05-17 03:14:00 [INFO] Epoch: 56 [25600/50000 (51%)]	 Training Loss: 0.185 ACC: 87.32 CR: 0.51 Avg R1: 2.82 Avg R2: 1.62 Avg Reward: 4.446011
2026-05-17 03:14:10 [INFO] Epoch: 56 [38400/50000 (77%)]	 Training Loss: 0.187 ACC: 87.11 CR: 0.51 Avg R1: 2.82 Avg R2: 1.62 Avg Reward: 4.443179
2026-05-17 03:14:21 [INFO] EPOCH:56, ======================CR:0.5087====================
2026-05-17 03:14:21 [INFO] 0.005998369346284589
2026-05-17 03:14:23 [INFO] EPOCH:56, ======================ACC:86.59====================
2026-05-17 03:14:23 [INFO] BEST EPOCH:55,BEST ACC:86.87
2026-05-17 03:14:34 [INFO] Epoch: 57 [12800/50000 (26%)]	 Training Loss: 0.193 ACC: 87.01 CR: 0.51 Avg R1: 2.83 Avg R2: 1.62 Avg Reward: 4.443708
2026-05-17 03:14:44 [INFO] Epoch: 57 [25600/50000 (51%)]	 Training Loss: 0.193 ACC: 86.91 CR: 0.51 Avg R1: 2.83 Avg R2: 1.62 Avg Reward: 4.446404
2026-05-17 03:14:55 [INFO] Epoch: 57 [38400/50000 (77%)]	 Training Loss: 0.189 ACC: 87.01 CR: 0.51 Avg R1: 2.83 Avg R2: 1.62 Avg Reward: 4.447756
2026-05-17 03:15:06 [INFO] EPOCH:57, ======================CR:0.50936====================
2026-05-17 03:15:06 [INFO] -0.00430727019313194
2026-05-17 03:15:08 [INFO] EPOCH:57, ======================ACC:85.37====================
2026-05-17 03:15:08 [INFO] BEST EPOCH:55,BEST ACC:86.87
2026-05-17 03:15:19 [INFO] Epoch: 58 [12800/50000 (26%)]	 Training Loss: 0.177 ACC: 87.86 CR: 0.51 Avg R1: 2.83 Avg R2: 1.61 Avg Reward: 4.438327
2026-05-17 03:15:29 [INFO] Epoch: 58 [25600/50000 (51%)]	 Training Loss: 0.186 ACC: 87.29 CR: 0.51 Avg R1: 2.83 Avg R2: 1.61 Avg Reward: 4.436566
2026-05-17 03:15:41 [INFO] Epoch: 58 [38400/50000 (77%)]	 Training Loss: 0.185 ACC: 87.31 CR: 0.51 Avg R1: 2.83 Avg R2: 1.61 Avg Reward: 4.439094
2026-05-17 03:15:52 [INFO] EPOCH:58, ======================CR:0.51012====================
2026-05-17 03:15:52 [INFO] -0.006853524874771589
2026-05-17 03:15:54 [INFO] EPOCH:58, ======================ACC:86.9====================
2026-05-17 03:15:54 [INFO] BEST EPOCH:58,BEST ACC:86.9
2026-05-17 03:16:05 [INFO] Epoch: 59 [12800/50000 (26%)]	 Training Loss: 0.187 ACC: 87.55 CR: 0.51 Avg R1: 2.84 Avg R2: 1.61 Avg Reward: 4.454540
2026-05-17 03:16:16 [INFO] Epoch: 59 [25600/50000 (51%)]	 Training Loss: 0.185 ACC: 87.61 CR: 0.51 Avg R1: 2.84 Avg R2: 1.61 Avg Reward: 4.454689
2026-05-17 03:16:27 [INFO] Epoch: 59 [38400/50000 (77%)]	 Training Loss: 0.187 ACC: 87.43 CR: 0.51 Avg R1: 2.84 Avg R2: 1.61 Avg Reward: 4.448751
2026-05-17 03:16:36 [INFO] EPOCH:59, ======================CR:0.51134====================
2026-05-17 03:16:36 [INFO] -0.007967649151765174
2026-05-17 03:16:38 [INFO] EPOCH:59, ======================ACC:88.13====================
2026-05-17 03:16:38 [INFO] BEST EPOCH:59,BEST ACC:88.13
2026-05-17 03:16:49 [INFO] Epoch: 60 [12800/50000 (26%)]	 Training Loss: 0.183 ACC: 87.75 CR: 0.51 Avg R1: 2.84 Avg R2: 1.60 Avg Reward: 4.442418
2026-05-17 03:17:00 [INFO] Epoch: 60 [25600/50000 (51%)]	 Training Loss: 0.182 ACC: 87.75 CR: 0.51 Avg R1: 2.84 Avg R2: 1.60 Avg Reward: 4.438415
2026-05-17 03:17:12 [INFO] Epoch: 60 [38400/50000 (77%)]	 Training Loss: 0.185 ACC: 87.47 CR: 0.51 Avg R1: 2.83 Avg R2: 1.60 Avg Reward: 4.432970
2026-05-17 03:17:21 [INFO] EPOCH:60, ======================CR:0.5058====================
2026-05-17 03:17:21 [INFO] -0.002737353848347965
2026-05-17 03:17:24 [INFO] EPOCH:60, ======================ACC:86.36====================
2026-05-17 03:17:24 [INFO] BEST EPOCH:59,BEST ACC:88.13
2026-05-17 03:17:36 [INFO] Epoch: 61 [12800/50000 (26%)]	 Training Loss: 0.185 ACC: 87.49 CR: 0.51 Avg R1: 2.82 Avg R2: 1.60 Avg Reward: 4.418964
2026-05-17 03:17:47 [INFO] Epoch: 61 [25600/50000 (51%)]	 Training Loss: 0.184 ACC: 87.48 CR: 0.51 Avg R1: 2.82 Avg R2: 1.60 Avg Reward: 4.423350
2026-05-17 03:17:59 [INFO] Epoch: 61 [38400/50000 (77%)]	 Training Loss: 0.183 ACC: 87.41 CR: 0.51 Avg R1: 2.82 Avg R2: 1.60 Avg Reward: 4.421993
2026-05-17 03:18:08 [INFO] EPOCH:61, ======================CR:0.50474====================
2026-05-17 03:18:08 [INFO] 8.380905592306297e-05
2026-05-17 03:18:10 [INFO] EPOCH:61, ======================ACC:85.64====================
2026-05-17 03:18:10 [INFO] BEST EPOCH:59,BEST ACC:88.13
2026-05-17 03:18:22 [INFO] Epoch: 62 [12800/50000 (26%)]	 Training Loss: 0.195 ACC: 86.59 CR: 0.50 Avg R1: 2.80 Avg R2: 1.60 Avg Reward: 4.397040
2026-05-17 03:18:33 [INFO] Epoch: 62 [25600/50000 (51%)]	 Training Loss: 0.189 ACC: 87.25 CR: 0.51 Avg R1: 2.80 Avg R2: 1.60 Avg Reward: 4.400763
2026-05-17 03:18:44 [INFO] Epoch: 62 [38400/50000 (77%)]	 Training Loss: 0.190 ACC: 87.33 CR: 0.51 Avg R1: 2.81 Avg R2: 1.60 Avg Reward: 4.408959
2026-05-17 03:18:54 [INFO] EPOCH:62, ======================CR:0.51464====================
2026-05-17 03:18:54 [INFO] 0.004270932743376963
2026-05-17 03:18:55 [INFO] EPOCH:62, ======================ACC:84.7====================
2026-05-17 03:18:55 [INFO] BEST EPOCH:59,BEST ACC:88.13
2026-05-17 03:19:07 [INFO] Epoch: 63 [12800/50000 (26%)]	 Training Loss: 0.185 ACC: 87.73 CR: 0.52 Avg R1: 2.87 Avg R2: 1.62 Avg Reward: 4.487848
2026-05-17 03:19:17 [INFO] Epoch: 63 [25600/50000 (51%)]	 Training Loss: 0.189 ACC: 87.73 CR: 0.53 Avg R1: 2.89 Avg R2: 1.62 Avg Reward: 4.507604
2026-05-17 03:19:27 [INFO] Epoch: 63 [38400/50000 (77%)]	 Training Loss: 0.191 ACC: 87.64 CR: 0.54 Avg R1: 2.91 Avg R2: 1.63 Avg Reward: 4.539489
2026-05-17 03:19:38 [INFO] EPOCH:63, ======================CR:0.54368====================
2026-05-17 03:19:38 [INFO] -0.007118863977358724
2026-05-17 03:19:40 [INFO] EPOCH:63, ======================ACC:86.5====================
2026-05-17 03:19:40 [INFO] BEST EPOCH:59,BEST ACC:88.13
2026-05-17 03:19:51 [INFO] Epoch: 64 [12800/50000 (26%)]	 Training Loss: 0.198 ACC: 87.59 CR: 0.55 Avg R1: 3.04 Avg R2: 1.67 Avg Reward: 4.713075
2026-05-17 03:20:01 [INFO] Epoch: 64 [25600/50000 (51%)]	 Training Loss: 0.204 ACC: 87.58 CR: 0.58 Avg R1: 3.09 Avg R2: 1.69 Avg Reward: 4.781603
2026-05-17 03:20:12 [INFO] Epoch: 64 [38400/50000 (77%)]	 Training Loss: 0.204 ACC: 87.43 CR: 0.59 Avg R1: 3.14 Avg R2: 1.71 Avg Reward: 4.848909
2026-05-17 03:20:22 [INFO] EPOCH:64, ======================CR:0.59028====================
2026-05-17 03:20:22 [INFO] -0.0038425832556259008
2026-05-17 03:20:24 [INFO] EPOCH:64, ======================ACC:86.07====================
2026-05-17 03:20:24 [INFO] BEST EPOCH:59,BEST ACC:88.13
2026-05-17 03:20:35 [INFO] Epoch: 65 [12800/50000 (26%)]	 Training Loss: 0.193 ACC: 87.63 CR: 0.58 Avg R1: 3.26 Avg R2: 1.76 Avg Reward: 5.021431
2026-05-17 03:20:46 [INFO] Epoch: 65 [25600/50000 (51%)]	 Training Loss: 0.193 ACC: 87.70 CR: 0.58 Avg R1: 3.25 Avg R2: 1.75 Avg Reward: 5.002592
2026-05-17 03:20:58 [INFO] Epoch: 65 [38400/50000 (77%)]	 Training Loss: 0.194 ACC: 87.61 CR: 0.58 Avg R1: 3.24 Avg R2: 1.75 Avg Reward: 4.986157
2026-05-17 03:21:08 [INFO] EPOCH:65, ======================CR:0.57366====================
2026-05-17 03:21:08 [INFO] 0.005127953460644139
2026-05-17 03:21:10 [INFO] EPOCH:65, ======================ACC:88.65====================
2026-05-17 03:21:10 [INFO] BEST EPOCH:65,BEST ACC:88.65
2026-05-17 03:21:21 [INFO] Epoch: 66 [12800/50000 (26%)]	 Training Loss: 0.182 ACC: 88.72 CR: 0.58 Avg R1: 3.19 Avg R2: 1.73 Avg Reward: 4.924220
2026-05-17 03:21:31 [INFO] Epoch: 66 [25600/50000 (51%)]	 Training Loss: 0.195 ACC: 88.01 CR: 0.58 Avg R1: 3.21 Avg R2: 1.74 Avg Reward: 4.942279
2026-05-17 03:21:42 [INFO] Epoch: 66 [38400/50000 (77%)]	 Training Loss: 0.196 ACC: 88.11 CR: 0.60 Avg R1: 3.23 Avg R2: 1.74 Avg Reward: 4.975881
2026-05-17 03:21:52 [INFO] EPOCH:66, ======================CR:0.60326====================
2026-05-17 03:21:52 [INFO] 0.0023314427597118225
2026-05-17 03:21:54 [INFO] EPOCH:66, ======================ACC:88.5====================
2026-05-17 03:21:54 [INFO] BEST EPOCH:65,BEST ACC:88.65
2026-05-17 03:22:05 [INFO] Epoch: 67 [12800/50000 (26%)]	 Training Loss: 0.191 ACC: 87.95 CR: 0.60 Avg R1: 3.34 Avg R2: 1.78 Avg Reward: 5.117334
2026-05-17 03:22:15 [INFO] Epoch: 67 [25600/50000 (51%)]	 Training Loss: 0.192 ACC: 87.97 CR: 0.59 Avg R1: 3.33 Avg R2: 1.77 Avg Reward: 5.100721
2026-05-17 03:22:26 [INFO] Epoch: 67 [38400/50000 (77%)]	 Training Loss: 0.192 ACC: 87.92 CR: 0.59 Avg R1: 3.32 Avg R2: 1.77 Avg Reward: 5.086100
2026-05-17 03:22:35 [INFO] EPOCH:67, ======================CR:0.58672====================
2026-05-17 03:22:35 [INFO] -0.005060857406821396
2026-05-17 03:22:37 [INFO] EPOCH:67, ======================ACC:86.21====================
2026-05-17 03:22:37 [INFO] BEST EPOCH:65,BEST ACC:88.65
2026-05-17 03:22:48 [INFO] Epoch: 68 [12800/50000 (26%)]	 Training Loss: 0.189 ACC: 88.28 CR: 0.58 Avg R1: 3.25 Avg R2: 1.76 Avg Reward: 5.010104
2026-05-17 03:22:59 [INFO] Epoch: 68 [25600/50000 (51%)]	 Training Loss: 0.190 ACC: 88.28 CR: 0.59 Avg R1: 3.25 Avg R2: 1.76 Avg Reward: 5.012679
2026-05-17 03:23:10 [INFO] Epoch: 68 [38400/50000 (77%)]	 Training Loss: 0.192 ACC: 88.15 CR: 0.59 Avg R1: 3.25 Avg R2: 1.77 Avg Reward: 5.019556
2026-05-17 03:23:21 [INFO] EPOCH:68, ======================CR:0.59278====================
2026-05-17 03:23:21 [INFO] 0.005209017926176426
2026-05-17 03:23:23 [INFO] EPOCH:68, ======================ACC:87.99====================
2026-05-17 03:23:23 [INFO] BEST EPOCH:65,BEST ACC:88.65
2026-05-17 03:23:33 [INFO] Epoch: 69 [12800/50000 (26%)]	 Training Loss: 0.191 ACC: 88.31 CR: 0.60 Avg R1: 3.30 Avg R2: 1.79 Avg Reward: 5.085015
2026-05-17 03:23:43 [INFO] Epoch: 69 [25600/50000 (51%)]	 Training Loss: 0.194 ACC: 88.30 CR: 0.61 Avg R1: 3.32 Avg R2: 1.79 Avg Reward: 5.118806
2026-05-17 03:23:53 [INFO] Epoch: 69 [38400/50000 (77%)]	 Training Loss: 0.203 ACC: 87.97 CR: 0.63 Avg R1: 3.36 Avg R2: 1.81 Avg Reward: 5.170759
2026-05-17 03:24:03 [INFO] EPOCH:69, ======================CR:0.63876====================
2026-05-17 03:24:03 [INFO] 0.0073728200479783205
2026-05-17 03:24:05 [INFO] EPOCH:69, ======================ACC:87.97====================
2026-05-17 03:24:05 [INFO] BEST EPOCH:65,BEST ACC:88.65
2026-05-17 03:24:16 [INFO] Epoch: 70 [12800/50000 (26%)]	 Training Loss: 0.203 ACC: 88.09 CR: 0.63 Avg R1: 3.53 Avg R2: 1.87 Avg Reward: 5.404393
2026-05-17 03:24:26 [INFO] Epoch: 70 [25600/50000 (51%)]	 Training Loss: 0.197 ACC: 88.39 CR: 0.63 Avg R1: 3.52 Avg R2: 1.87 Avg Reward: 5.387782
2026-05-17 03:24:36 [INFO] Epoch: 70 [38400/50000 (77%)]	 Training Loss: 0.199 ACC: 88.23 CR: 0.63 Avg R1: 3.51 Avg R2: 1.87 Avg Reward: 5.374171
2026-05-17 03:24:46 [INFO] EPOCH:70, ======================CR:0.62068====================
2026-05-17 03:24:46 [INFO] 0.019460388016435532
2026-05-17 03:24:48 [INFO] EPOCH:70, ======================ACC:87.57====================
2026-05-17 03:24:48 [INFO] BEST EPOCH:65,BEST ACC:88.65
2026-05-17 03:24:59 [INFO] Epoch: 71 [12800/50000 (26%)]	 Training Loss: 0.202 ACC: 87.70 CR: 0.62 Avg R1: 3.45 Avg R2: 1.83 Avg Reward: 5.275989
2026-05-17 03:25:10 [INFO] Epoch: 71 [25600/50000 (51%)]	 Training Loss: 0.199 ACC: 87.93 CR: 0.62 Avg R1: 3.45 Avg R2: 1.83 Avg Reward: 5.278462
2026-05-17 03:25:21 [INFO] Epoch: 71 [38400/50000 (77%)]	 Training Loss: 0.199 ACC: 88.01 CR: 0.62 Avg R1: 3.45 Avg R2: 1.83 Avg Reward: 5.280533
2026-05-17 03:25:32 [INFO] EPOCH:71, ======================CR:0.62566====================
2026-05-17 03:25:32 [INFO] 0.009689676786149452
2026-05-17 03:25:34 [INFO] EPOCH:71, ======================ACC:87.33====================
2026-05-17 03:25:34 [INFO] BEST EPOCH:65,BEST ACC:88.65
2026-05-17 03:25:46 [INFO] Epoch: 72 [12800/50000 (26%)]	 Training Loss: 0.192 ACC: 88.50 CR: 0.63 Avg R1: 3.48 Avg R2: 1.84 Avg Reward: 5.322280
2026-05-17 03:25:58 [INFO] Epoch: 72 [25600/50000 (51%)]	 Training Loss: 0.196 ACC: 88.37 CR: 0.63 Avg R1: 3.49 Avg R2: 1.85 Avg Reward: 5.336969
2026-05-17 03:26:09 [INFO] Epoch: 72 [38400/50000 (77%)]	 Training Loss: 0.202 ACC: 88.10 CR: 0.64 Avg R1: 3.51 Avg R2: 1.85 Avg Reward: 5.360917
2026-05-17 03:26:19 [INFO] EPOCH:72, ======================CR:0.65772====================
2026-05-17 03:26:19 [INFO] 0.010150198917522134
2026-05-17 03:26:21 [INFO] EPOCH:72, ======================ACC:89.05====================
2026-05-17 03:26:21 [INFO] BEST EPOCH:72,BEST ACC:89.05
2026-05-17 03:26:32 [INFO] Epoch: 73 [12800/50000 (26%)]	 Training Loss: 0.215 ACC: 87.98 CR: 0.67 Avg R1: 3.68 Avg R2: 1.92 Avg Reward: 5.604265
2026-05-17 03:26:44 [INFO] Epoch: 73 [25600/50000 (51%)]	 Training Loss: 0.213 ACC: 88.19 CR: 0.68 Avg R1: 3.71 Avg R2: 1.93 Avg Reward: 5.639542
2026-05-17 03:26:55 [INFO] Epoch: 73 [38400/50000 (77%)]	 Training Loss: 0.218 ACC: 88.19 CR: 0.71 Avg R1: 3.75 Avg R2: 1.95 Avg Reward: 5.704014
2026-05-17 03:27:05 [INFO] EPOCH:73, ======================CR:0.75206====================
2026-05-17 03:27:05 [INFO] 0.03402132445539215
2026-05-17 03:27:07 [INFO] EPOCH:73, ======================ACC:85.4====================
2026-05-17 03:27:07 [INFO] BEST EPOCH:72,BEST ACC:89.05
2026-05-17 03:27:18 [INFO] Epoch: 74 [12800/50000 (26%)]	 Training Loss: 0.257 ACC: 87.46 CR: 0.76 Avg R1: 4.22 Avg R2: 2.15 Avg Reward: 6.368817
2026-05-17 03:27:29 [INFO] Epoch: 74 [25600/50000 (51%)]	 Training Loss: 0.249 ACC: 87.66 CR: 0.77 Avg R1: 4.25 Avg R2: 2.16 Avg Reward: 6.406020
2026-05-17 03:27:41 [INFO] Epoch: 74 [38400/50000 (77%)]	 Training Loss: 0.247 ACC: 87.72 CR: 0.79 Avg R1: 4.28 Avg R2: 2.17 Avg Reward: 6.452433
2026-05-17 03:27:52 [INFO] EPOCH:74, ======================CR:0.80186====================
2026-05-17 03:27:52 [INFO] 0.04104948662112977
2026-05-17 03:27:53 [INFO] EPOCH:74, ======================ACC:87.22====================
2026-05-17 03:27:53 [INFO] BEST EPOCH:72,BEST ACC:89.05
2026-05-17 03:28:05 [INFO] Epoch: 75 [12800/50000 (26%)]	 Training Loss: 0.248 ACC: 87.96 CR: 0.81 Avg R1: 4.47 Avg R2: 2.24 Avg Reward: 6.705196
2026-05-17 03:28:18 [INFO] Epoch: 75 [25600/50000 (51%)]	 Training Loss: 0.243 ACC: 88.23 CR: 0.82 Avg R1: 4.49 Avg R2: 2.25 Avg Reward: 6.734529
2026-05-17 03:28:30 [INFO] Epoch: 75 [38400/50000 (77%)]	 Training Loss: 0.242 ACC: 88.30 CR: 0.83 Avg R1: 4.51 Avg R2: 2.25 Avg Reward: 6.762684
2026-05-17 03:28:42 [INFO] EPOCH:75, ======================CR:0.84176====================
2026-05-17 03:28:42 [INFO] 0.03528610418165435
2026-05-17 03:28:44 [INFO] EPOCH:75, ======================ACC:89.88====================
2026-05-17 03:28:44 [INFO] BEST EPOCH:75,BEST ACC:89.88
2026-05-17 03:28:56 [INFO] Epoch: 76 [12800/50000 (26%)]	 Training Loss: 0.261 ACC: 88.05 CR: 0.85 Avg R1: 4.71 Avg R2: 2.34 Avg Reward: 7.046245
2026-05-17 03:29:10 [INFO] Epoch: 76 [25600/50000 (51%)]	 Training Loss: 0.256 ACC: 88.39 CR: 0.87 Avg R1: 4.75 Avg R2: 2.35 Avg Reward: 7.100316
2026-05-17 03:29:22 [INFO] Epoch: 76 [38400/50000 (77%)]	 Training Loss: 0.258 ACC: 88.39 CR: 0.89 Avg R1: 4.79 Avg R2: 2.37 Avg Reward: 7.166249
2026-05-17 03:29:33 [INFO] EPOCH:76, ======================CR:0.909====================
2026-05-17 03:29:33 [INFO] 0.03805521913944859
2026-05-17 03:29:35 [INFO] EPOCH:76, ======================ACC:87.38====================
2026-05-17 03:29:35 [INFO] BEST EPOCH:75,BEST ACC:89.88
2026-05-17 03:29:35 [INFO] Saving Masks: current CR 0.9090 target CR 0.9000
2026-05-17 03:29:35 [INFO] Updated candidate mask pretrained-rescale_mask_best-acc_90_05170231_resnet18 at epoch 76 with acc 87.3800
2026-05-17 03:29:35 [INFO] Updated candidate mask pretrained-rescale_mask_best-r2_90_05170231_resnet18 at epoch 76 with acc 87.3800
2026-05-17 03:29:47 [INFO] Epoch: 77 [12800/50000 (26%)]	 Training Loss: 0.267 ACC: 88.49 CR: 0.92 Avg R1: 4.35 Avg R2: 2.51 Avg Reward: 6.865462
2026-05-17 03:30:00 [INFO] Epoch: 77 [25600/50000 (51%)]	 Training Loss: 0.273 ACC: 88.20 CR: 0.92 Avg R1: 4.22 Avg R2: 2.52 Avg Reward: 6.741953
2026-05-17 03:30:13 [INFO] Epoch: 77 [38400/50000 (77%)]	 Training Loss: 0.275 ACC: 88.15 CR: 0.93 Avg R1: 4.05 Avg R2: 2.53 Avg Reward: 6.576517
2026-05-17 03:30:25 [INFO] EPOCH:77, ======================CR:0.93702====================
2026-05-17 03:30:25 [INFO] 0.05622088082320069
2026-05-17 03:30:27 [INFO] EPOCH:77, ======================ACC:88.95====================
2026-05-17 03:30:27 [INFO] BEST EPOCH:76,BEST ACC:89.88
2026-05-17 03:30:41 [INFO] Epoch: 78 [12800/50000 (26%)]	 Training Loss: 0.283 ACC: 87.98 CR: 0.94 Avg R1: 3.18 Avg R2: 2.57 Avg Reward: 5.748498
2026-05-17 03:30:54 [INFO] Epoch: 78 [25600/50000 (51%)]	 Training Loss: 0.269 ACC: 88.36 CR: 0.93 Avg R1: 3.26 Avg R2: 2.57 Avg Reward: 5.830418
2026-05-17 03:31:08 [INFO] Epoch: 78 [38400/50000 (77%)]	 Training Loss: 0.262 ACC: 88.50 CR: 0.92 Avg R1: 3.40 Avg R2: 2.56 Avg Reward: 5.963196
2026-05-17 03:31:19 [INFO] EPOCH:78, ======================CR:0.90698====================
2026-05-17 03:31:19 [INFO] 0.0547863987458574
2026-05-17 03:31:21 [INFO] EPOCH:78, ======================ACC:88.27====================
2026-05-17 03:31:21 [INFO] BEST EPOCH:76,BEST ACC:89.88
2026-05-17 03:31:21 [INFO] Saving Masks: current CR 0.9070 target CR 0.9000
2026-05-17 03:31:21 [INFO] Updated candidate mask pretrained-rescale_mask_best-acc_90_05170231_resnet18 at epoch 78 with acc 88.2700
2026-05-17 03:31:21 [INFO] Updated candidate mask pretrained-rescale_mask_best-r2_90_05170231_resnet18 at epoch 78 with acc 88.2700
2026-05-17 03:31:35 [INFO] Epoch: 79 [12800/50000 (26%)]	 Training Loss: 0.227 ACC: 89.41 CR: 0.89 Avg R1: 4.89 Avg R2: 2.50 Avg Reward: 7.386280
2026-05-17 03:31:49 [INFO] Epoch: 79 [25600/50000 (51%)]	 Training Loss: 0.224 ACC: 89.52 CR: 0.88 Avg R1: 4.91 Avg R2: 2.48 Avg Reward: 7.391888
2026-05-17 03:32:01 [INFO] Epoch: 79 [38400/50000 (77%)]	 Training Loss: 0.226 ACC: 89.40 CR: 0.86 Avg R1: 4.89 Avg R2: 2.46 Avg Reward: 7.350350
2026-05-17 03:32:13 [INFO] EPOCH:79, ======================CR:0.8518====================
2026-05-17 03:32:13 [INFO] 0.06535190226223003
2026-05-17 03:32:15 [INFO] EPOCH:79, ======================ACC:89.58====================
2026-05-17 03:32:15 [INFO] BEST EPOCH:78,BEST ACC:89.88
2026-05-17 03:32:29 [INFO] Epoch: 80 [12800/50000 (26%)]	 Training Loss: 0.217 ACC: 89.42 CR: 0.85 Avg R1: 4.73 Avg R2: 2.35 Avg Reward: 7.084854
2026-05-17 03:32:41 [INFO] Epoch: 80 [25600/50000 (51%)]	 Training Loss: 0.222 ACC: 89.40 CR: 0.85 Avg R1: 4.73 Avg R2: 2.35 Avg Reward: 7.080744
2026-05-17 03:32:53 [INFO] Epoch: 80 [38400/50000 (77%)]	 Training Loss: 0.222 ACC: 89.45 CR: 0.85 Avg R1: 4.73 Avg R2: 2.35 Avg Reward: 7.074978
2026-05-17 03:33:05 [INFO] EPOCH:80, ======================CR:0.84684====================
2026-05-17 03:33:05 [INFO] 0.057675305927667966
2026-05-17 03:33:07 [INFO] EPOCH:80, ======================ACC:88.17====================
2026-05-17 03:33:07 [INFO] BEST EPOCH:78,BEST ACC:89.88
2026-05-17 03:33:19 [INFO] Epoch: 81 [12800/50000 (26%)]	 Training Loss: 0.220 ACC: 89.59 CR: 0.85 Avg R1: 4.70 Avg R2: 2.34 Avg Reward: 7.047139
2026-05-17 03:33:31 [INFO] Epoch: 81 [25600/50000 (51%)]	 Training Loss: 0.223 ACC: 89.41 CR: 0.85 Avg R1: 4.71 Avg R2: 2.35 Avg Reward: 7.053313
2026-05-17 03:33:43 [INFO] Epoch: 81 [38400/50000 (77%)]	 Training Loss: 0.225 ACC: 89.38 CR: 0.85 Avg R1: 4.71 Avg R2: 2.35 Avg Reward: 7.061631
2026-05-17 03:33:53 [INFO] EPOCH:81, ======================CR:0.856====================
2026-05-17 03:33:53 [INFO] 0.05833316129263128
2026-05-17 03:33:55 [INFO] EPOCH:81, ======================ACC:88.13====================
2026-05-17 03:33:55 [INFO] BEST EPOCH:78,BEST ACC:89.88
2026-05-17 03:34:07 [INFO] Epoch: 82 [12800/50000 (26%)]	 Training Loss: 0.235 ACC: 89.08 CR: 0.86 Avg R1: 4.77 Avg R2: 2.36 Avg Reward: 7.132691
2026-05-17 03:34:18 [INFO] Epoch: 82 [25600/50000 (51%)]	 Training Loss: 0.232 ACC: 89.31 CR: 0.87 Avg R1: 4.79 Avg R2: 2.37 Avg Reward: 7.155150
2026-05-17 03:34:29 [INFO] Epoch: 82 [38400/50000 (77%)]	 Training Loss: 0.229 ACC: 89.42 CR: 0.87 Avg R1: 4.80 Avg R2: 2.37 Avg Reward: 7.173087
2026-05-17 03:34:40 [INFO] EPOCH:82, ======================CR:0.87502====================
2026-05-17 03:34:40 [INFO] 0.058993597998076616
2026-05-17 03:34:42 [INFO] EPOCH:82, ======================ACC:90.54====================
2026-05-17 03:34:42 [INFO] BEST EPOCH:82,BEST ACC:90.54
2026-05-17 03:34:54 [INFO] Epoch: 83 [12800/50000 (26%)]	 Training Loss: 0.219 ACC: 90.04 CR: 0.88 Avg R1: 4.87 Avg R2: 2.40 Avg Reward: 7.264846
2026-05-17 03:35:06 [INFO] Epoch: 83 [25600/50000 (51%)]	 Training Loss: 0.220 ACC: 89.98 CR: 0.88 Avg R1: 4.88 Avg R2: 2.40 Avg Reward: 7.277220
2026-05-17 03:35:18 [INFO] Epoch: 83 [38400/50000 (77%)]	 Training Loss: 0.220 ACC: 89.84 CR: 0.88 Avg R1: 4.88 Avg R2: 2.40 Avg Reward: 7.283070
2026-05-17 03:35:28 [INFO] EPOCH:83, ======================CR:0.87848====================
2026-05-17 03:35:28 [INFO] 0.06565842213739372
2026-05-17 03:35:30 [INFO] EPOCH:83, ======================ACC:85.82====================
2026-05-17 03:35:30 [INFO] BEST EPOCH:82,BEST ACC:90.54
2026-05-17 03:35:43 [INFO] Epoch: 84 [12800/50000 (26%)]	 Training Loss: 0.224 ACC: 89.88 CR: 0.88 Avg R1: 4.88 Avg R2: 2.41 Avg Reward: 7.281268
2026-05-17 03:35:54 [INFO] Epoch: 84 [25600/50000 (51%)]	 Training Loss: 0.224 ACC: 89.81 CR: 0.87 Avg R1: 4.87 Avg R2: 2.40 Avg Reward: 7.271945
2026-05-17 03:36:04 [INFO] Epoch: 84 [38400/50000 (77%)]	 Training Loss: 0.223 ACC: 89.85 CR: 0.87 Avg R1: 4.86 Avg R2: 2.40 Avg Reward: 7.262755
2026-05-17 03:36:15 [INFO] EPOCH:84, ======================CR:0.87034====================
2026-05-17 03:36:15 [INFO] 0.08748200600349061
2026-05-17 03:36:16 [INFO] EPOCH:84, ======================ACC:86.83====================
2026-05-17 03:36:16 [INFO] BEST EPOCH:82,BEST ACC:90.54
2026-05-17 03:36:28 [INFO] Epoch: 85 [12800/50000 (26%)]	 Training Loss: 0.223 ACC: 90.09 CR: 0.88 Avg R1: 4.85 Avg R2: 2.39 Avg Reward: 7.233528
2026-05-17 03:36:39 [INFO] Epoch: 85 [25600/50000 (51%)]	 Training Loss: 0.231 ACC: 89.41 CR: 0.89 Avg R1: 4.87 Avg R2: 2.40 Avg Reward: 7.265290
2026-05-17 03:36:51 [INFO] Epoch: 85 [38400/50000 (77%)]	 Training Loss: 0.234 ACC: 89.44 CR: 0.89 Avg R1: 4.89 Avg R2: 2.41 Avg Reward: 7.301698
2026-05-17 03:37:03 [INFO] EPOCH:85, ======================CR:0.90202====================
2026-05-17 03:37:03 [INFO] 0.06980913267657361
2026-05-17 03:37:05 [INFO] EPOCH:85, ======================ACC:89.36====================
2026-05-17 03:37:05 [INFO] BEST EPOCH:82,BEST ACC:90.54
2026-05-17 03:37:05 [INFO] Saving Masks: current CR 0.9020 target CR 0.9000
2026-05-17 03:37:05 [INFO] Updated candidate mask pretrained-rescale_mask_best-acc_90_05170231_resnet18 at epoch 85 with acc 89.3600
2026-05-17 03:37:18 [INFO] Epoch: 86 [12800/50000 (26%)]	 Training Loss: 0.238 ACC: 89.62 CR: 0.90 Avg R1: 4.84 Avg R2: 2.47 Avg Reward: 7.316563
2026-05-17 03:37:29 [INFO] Epoch: 86 [25600/50000 (51%)]	 Training Loss: 0.236 ACC: 89.59 CR: 0.91 Avg R1: 4.79 Avg R2: 2.48 Avg Reward: 7.265247
2026-05-17 03:37:41 [INFO] Epoch: 86 [38400/50000 (77%)]	 Training Loss: 0.234 ACC: 89.70 CR: 0.91 Avg R1: 4.74 Avg R2: 2.48 Avg Reward: 7.222563
2026-05-17 03:37:51 [INFO] EPOCH:86, ======================CR:0.90582====================
2026-05-17 03:37:51 [INFO] 0.08052426694869597
2026-05-17 03:37:53 [INFO] EPOCH:86, ======================ACC:88.96====================
2026-05-17 03:37:53 [INFO] BEST EPOCH:85,BEST ACC:90.54
2026-05-17 03:37:53 [INFO] Saving Masks: current CR 0.9058 target CR 0.9000
2026-05-17 03:38:05 [INFO] Epoch: 87 [12800/50000 (26%)]	 Training Loss: 0.213 ACC: 89.95 CR: 0.90 Avg R1: 4.87 Avg R2: 2.46 Avg Reward: 7.332747
2026-05-17 03:38:17 [INFO] Epoch: 87 [25600/50000 (51%)]	 Training Loss: 0.215 ACC: 89.90 CR: 0.89 Avg R1: 4.91 Avg R2: 2.45 Avg Reward: 7.359958
2026-05-17 03:38:28 [INFO] Epoch: 87 [38400/50000 (77%)]	 Training Loss: 0.215 ACC: 89.88 CR: 0.87 Avg R1: 4.90 Avg R2: 2.43 Avg Reward: 7.337450
2026-05-17 03:38:36 [INFO] EPOCH:87, ======================CR:0.85818====================
2026-05-17 03:38:36 [INFO] 0.07553892629757346
2026-05-17 03:38:38 [INFO] EPOCH:87, ======================ACC:90.34====================
2026-05-17 03:38:38 [INFO] BEST EPOCH:85,BEST ACC:90.54
2026-05-17 03:38:51 [INFO] Epoch: 88 [12800/50000 (26%)]	 Training Loss: 0.206 ACC: 90.35 CR: 0.85 Avg R1: 4.75 Avg R2: 2.34 Avg Reward: 7.093969
2026-05-17 03:39:01 [INFO] Epoch: 88 [25600/50000 (51%)]	 Training Loss: 0.214 ACC: 89.95 CR: 0.86 Avg R1: 4.75 Avg R2: 2.34 Avg Reward: 7.089553
2026-05-17 03:39:12 [INFO] Epoch: 88 [38400/50000 (77%)]	 Training Loss: 0.214 ACC: 90.01 CR: 0.86 Avg R1: 4.76 Avg R2: 2.34 Avg Reward: 7.096887
2026-05-17 03:39:23 [INFO] EPOCH:88, ======================CR:0.86578====================
2026-05-17 03:39:23 [INFO] 0.05966413858580534
2026-05-17 03:39:25 [INFO] EPOCH:88, ======================ACC:90.68====================
2026-05-17 03:39:25 [INFO] BEST EPOCH:88,BEST ACC:90.68
2026-05-17 03:39:37 [INFO] Epoch: 89 [12800/50000 (26%)]	 Training Loss: 0.207 ACC: 90.52 CR: 0.87 Avg R1: 4.82 Avg R2: 2.36 Avg Reward: 7.185860
2026-05-17 03:39:48 [INFO] Epoch: 89 [25600/50000 (51%)]	 Training Loss: 0.211 ACC: 90.30 CR: 0.88 Avg R1: 4.84 Avg R2: 2.37 Avg Reward: 7.208455
2026-05-17 03:39:59 [INFO] Epoch: 89 [38400/50000 (77%)]	 Training Loss: 0.212 ACC: 90.22 CR: 0.89 Avg R1: 4.86 Avg R2: 2.38 Avg Reward: 7.235736
2026-05-17 03:40:08 [INFO] EPOCH:89, ======================CR:0.89092====================
2026-05-17 03:40:08 [INFO] 0.06797272024784265
2026-05-17 03:40:09 [INFO] EPOCH:89, ======================ACC:89.7====================
2026-05-17 03:40:09 [INFO] BEST EPOCH:88,BEST ACC:90.68
2026-05-17 03:40:09 [INFO] Saving Masks: current CR 0.8909 target CR 0.9000
2026-05-17 03:40:09 [INFO] Updated candidate mask pretrained-rescale_mask_best-acc_90_05170231_resnet18 at epoch 89 with acc 89.7000
2026-05-17 03:40:21 [INFO] Epoch: 90 [12800/50000 (26%)]	 Training Loss: 0.212 ACC: 90.51 CR: 0.89 Avg R1: 4.95 Avg R2: 2.43 Avg Reward: 7.377507
2026-05-17 03:40:32 [INFO] Epoch: 90 [25600/50000 (51%)]	 Training Loss: 0.208 ACC: 90.60 CR: 0.89 Avg R1: 4.94 Avg R2: 2.42 Avg Reward: 7.365453
2026-05-17 03:40:43 [INFO] Epoch: 90 [38400/50000 (77%)]	 Training Loss: 0.206 ACC: 90.58 CR: 0.88 Avg R1: 4.93 Avg R2: 2.42 Avg Reward: 7.348424
2026-05-17 03:40:54 [INFO] EPOCH:90, ======================CR:0.87524====================
2026-05-17 03:40:54 [INFO] 0.0756598114632608
2026-05-17 03:40:56 [INFO] EPOCH:90, ======================ACC:90.15====================
2026-05-17 03:40:56 [INFO] BEST EPOCH:89,BEST ACC:90.68
2026-05-17 03:41:08 [INFO] Epoch: 91 [12800/50000 (26%)]	 Training Loss: 0.214 ACC: 90.01 CR: 0.87 Avg R1: 4.85 Avg R2: 2.39 Avg Reward: 7.237070
2026-05-17 03:41:19 [INFO] Epoch: 91 [25600/50000 (51%)]	 Training Loss: 0.206 ACC: 90.41 CR: 0.87 Avg R1: 4.84 Avg R2: 2.39 Avg Reward: 7.229190
2026-05-17 03:41:30 [INFO] Epoch: 91 [38400/50000 (77%)]	 Training Loss: 0.204 ACC: 90.48 CR: 0.87 Avg R1: 4.84 Avg R2: 2.38 Avg Reward: 7.219999
2026-05-17 03:41:41 [INFO] EPOCH:91, ======================CR:0.86316====================
2026-05-17 03:41:41 [INFO] 0.06907262933729279
2026-05-17 03:41:43 [INFO] EPOCH:91, ======================ACC:90.34====================
2026-05-17 03:41:43 [INFO] BEST EPOCH:89,BEST ACC:90.68
2026-05-17 03:41:55 [INFO] Epoch: 92 [12800/50000 (26%)]	 Training Loss: 0.188 ACC: 91.19 CR: 0.86 Avg R1: 4.79 Avg R2: 2.35 Avg Reward: 7.140187
2026-05-17 03:42:06 [INFO] Epoch: 92 [25600/50000 (51%)]	 Training Loss: 0.196 ACC: 90.83 CR: 0.86 Avg R1: 4.77 Avg R2: 2.35 Avg Reward: 7.122724
2026-05-17 03:42:17 [INFO] Epoch: 92 [38400/50000 (77%)]	 Training Loss: 0.195 ACC: 90.90 CR: 0.85 Avg R1: 4.77 Avg R2: 2.34 Avg Reward: 7.109318
2026-05-17 03:42:28 [INFO] EPOCH:92, ======================CR:0.85298====================
2026-05-17 03:42:28 [INFO] 0.06552526163534698
2026-05-17 03:42:30 [INFO] EPOCH:92, ======================ACC:90.45====================
2026-05-17 03:42:30 [INFO] BEST EPOCH:89,BEST ACC:90.68
2026-05-17 03:42:42 [INFO] Epoch: 93 [12800/50000 (26%)]	 Training Loss: 0.205 ACC: 90.50 CR: 0.85 Avg R1: 4.74 Avg R2: 2.31 Avg Reward: 7.047427
2026-05-17 03:42:54 [INFO] Epoch: 93 [25600/50000 (51%)]	 Training Loss: 0.199 ACC: 90.64 CR: 0.85 Avg R1: 4.72 Avg R2: 2.31 Avg Reward: 7.030563
2026-05-17 03:43:05 [INFO] Epoch: 93 [38400/50000 (77%)]	 Training Loss: 0.197 ACC: 90.69 CR: 0.85 Avg R1: 4.72 Avg R2: 2.30 Avg Reward: 7.020317
2026-05-17 03:43:16 [INFO] EPOCH:93, ======================CR:0.84544====================
2026-05-17 03:43:16 [INFO] 0.0647158836718112
2026-05-17 03:43:18 [INFO] EPOCH:93, ======================ACC:89.19====================
2026-05-17 03:43:18 [INFO] BEST EPOCH:89,BEST ACC:90.68
2026-05-17 03:43:28 [INFO] Epoch: 94 [12800/50000 (26%)]	 Training Loss: 0.204 ACC: 90.33 CR: 0.85 Avg R1: 4.70 Avg R2: 2.29 Avg Reward: 6.994979
2026-05-17 03:43:39 [INFO] Epoch: 94 [25600/50000 (51%)]	 Training Loss: 0.194 ACC: 90.82 CR: 0.85 Avg R1: 4.71 Avg R2: 2.30 Avg Reward: 7.012089
2026-05-17 03:43:48 [INFO] Epoch: 94 [38400/50000 (77%)]	 Training Loss: 0.196 ACC: 90.74 CR: 0.86 Avg R1: 4.73 Avg R2: 2.31 Avg Reward: 7.033309
2026-05-17 03:43:58 [INFO] EPOCH:94, ======================CR:0.8655====================
2026-05-17 03:43:58 [INFO] 0.05910938758979856
2026-05-17 03:44:00 [INFO] EPOCH:94, ======================ACC:88.21====================
2026-05-17 03:44:00 [INFO] BEST EPOCH:89,BEST ACC:90.68
2026-05-17 03:44:11 [INFO] Epoch: 95 [12800/50000 (26%)]	 Training Loss: 0.204 ACC: 90.61 CR: 0.87 Avg R1: 4.83 Avg R2: 2.36 Avg Reward: 7.188275
2026-05-17 03:44:24 [INFO] Epoch: 95 [25600/50000 (51%)]	 Training Loss: 0.200 ACC: 90.91 CR: 0.88 Avg R1: 4.86 Avg R2: 2.37 Avg Reward: 7.224671
2026-05-17 03:44:36 [INFO] Epoch: 95 [38400/50000 (77%)]	 Training Loss: 0.199 ACC: 90.88 CR: 0.89 Avg R1: 4.88 Avg R2: 2.38 Avg Reward: 7.253565
2026-05-17 03:44:45 [INFO] EPOCH:95, ======================CR:0.88542====================
2026-05-17 03:44:45 [INFO] 0.048651916496115694
2026-05-17 03:44:47 [INFO] EPOCH:95, ======================ACC:90.86====================
2026-05-17 03:44:47 [INFO] BEST EPOCH:95,BEST ACC:90.86
2026-05-17 03:45:01 [INFO] Epoch: 96 [12800/50000 (26%)]	 Training Loss: 0.196 ACC: 90.71 CR: 0.88 Avg R1: 4.90 Avg R2: 2.38 Avg Reward: 7.288668
2026-05-17 03:45:15 [INFO] Epoch: 96 [25600/50000 (51%)]	 Training Loss: 0.194 ACC: 90.80 CR: 0.88 Avg R1: 4.89 Avg R2: 2.38 Avg Reward: 7.273424
2026-05-17 03:45:27 [INFO] Epoch: 96 [38400/50000 (77%)]	 Training Loss: 0.195 ACC: 90.88 CR: 0.88 Avg R1: 4.89 Avg R2: 2.38 Avg Reward: 7.265118
2026-05-17 03:45:40 [INFO] EPOCH:96, ======================CR:0.88092====================
2026-05-17 03:45:40 [INFO] 0.04380981934491261
2026-05-17 03:45:42 [INFO] EPOCH:96, ======================ACC:87.08====================
2026-05-17 03:45:42 [INFO] BEST EPOCH:95,BEST ACC:90.86
2026-05-17 03:45:55 [INFO] Epoch: 97 [12800/50000 (26%)]	 Training Loss: 0.190 ACC: 91.23 CR: 0.88 Avg R1: 4.90 Avg R2: 2.37 Avg Reward: 7.273734
2026-05-17 03:46:07 [INFO] Epoch: 97 [25600/50000 (51%)]	 Training Loss: 0.193 ACC: 91.39 CR: 0.89 Avg R1: 4.90 Avg R2: 2.38 Avg Reward: 7.281645
2026-05-17 03:46:19 [INFO] Epoch: 97 [38400/50000 (77%)]	 Training Loss: 0.198 ACC: 91.17 CR: 0.89 Avg R1: 4.92 Avg R2: 2.38 Avg Reward: 7.299325
2026-05-17 03:46:29 [INFO] EPOCH:97, ======================CR:0.89206====================
2026-05-17 03:46:29 [INFO] 0.05479268444586334
2026-05-17 03:46:32 [INFO] EPOCH:97, ======================ACC:91.73====================
2026-05-17 03:46:32 [INFO] BEST EPOCH:97,BEST ACC:91.73
2026-05-17 03:46:32 [INFO] Saving Masks: current CR 0.8921 target CR 0.9000
2026-05-17 03:46:32 [INFO] Updated candidate mask pretrained-rescale_mask_best-acc_90_05170231_resnet18 at epoch 97 with acc 91.7300
2026-05-17 03:46:45 [INFO] Epoch: 98 [12800/50000 (26%)]	 Training Loss: 0.184 ACC: 91.09 CR: 0.89 Avg R1: 4.94 Avg R2: 2.40 Avg Reward: 7.336601
2026-05-17 03:46:57 [INFO] Epoch: 98 [25600/50000 (51%)]	 Training Loss: 0.185 ACC: 91.23 CR: 0.88 Avg R1: 4.93 Avg R2: 2.39 Avg Reward: 7.317182
2026-05-17 03:47:09 [INFO] Epoch: 98 [38400/50000 (77%)]	 Training Loss: 0.189 ACC: 91.17 CR: 0.88 Avg R1: 4.92 Avg R2: 2.39 Avg Reward: 7.302500
2026-05-17 03:47:19 [INFO] EPOCH:98, ======================CR:0.8812====================
2026-05-17 03:47:19 [INFO] 0.05248523627410225
2026-05-17 03:47:21 [INFO] EPOCH:98, ======================ACC:89.14====================
2026-05-17 03:47:21 [INFO] BEST EPOCH:97,BEST ACC:91.73
2026-05-17 03:47:33 [INFO] Epoch: 99 [12800/50000 (26%)]	 Training Loss: 0.202 ACC: 90.77 CR: 0.89 Avg R1: 4.92 Avg R2: 2.37 Avg Reward: 7.286780
2026-05-17 03:47:47 [INFO] Epoch: 99 [25600/50000 (51%)]	 Training Loss: 0.198 ACC: 91.00 CR: 0.90 Avg R1: 4.94 Avg R2: 2.38 Avg Reward: 7.327511
2026-05-17 03:48:01 [INFO] Epoch: 99 [38400/50000 (77%)]	 Training Loss: 0.203 ACC: 90.90 CR: 0.91 Avg R1: 4.85 Avg R2: 2.40 Avg Reward: 7.251786
2026-05-17 03:48:12 [INFO] EPOCH:99, ======================CR:0.91066====================
2026-05-17 03:48:12 [INFO] 0.06502073924218264
2026-05-17 03:48:14 [INFO] EPOCH:99, ======================ACC:90.99====================
2026-05-17 03:48:14 [INFO] BEST EPOCH:97,BEST ACC:91.73
2026-05-17 03:48:26 [INFO] Epoch: 100 [12800/50000 (26%)]	 Training Loss: 0.178 ACC: 91.90 CR: 0.90 Avg R1: 4.81 Avg R2: 2.45 Avg Reward: 7.262463
2026-05-17 03:48:39 [INFO] Epoch: 100 [25600/50000 (51%)]	 Training Loss: 0.186 ACC: 91.45 CR: 0.89 Avg R1: 4.88 Avg R2: 2.44 Avg Reward: 7.314353
2026-05-17 03:48:53 [INFO] Epoch: 100 [38400/50000 (77%)]	 Training Loss: 0.189 ACC: 91.27 CR: 0.88 Avg R1: 4.89 Avg R2: 2.42 Avg Reward: 7.309619
2026-05-17 03:49:05 [INFO] EPOCH:100, ======================CR:0.87064====================
2026-05-17 03:49:05 [INFO] 0.06690710080908098
2026-05-17 03:49:07 [INFO] EPOCH:100, ======================ACC:90.57====================
2026-05-17 03:49:07 [INFO] BEST EPOCH:97,BEST ACC:91.73
2026-05-17 03:49:22 [INFO] Epoch: 101 [12800/50000 (26%)]	 Training Loss: 0.183 ACC: 91.53 CR: 0.87 Avg R1: 4.84 Avg R2: 2.35 Avg Reward: 7.190943
2026-05-17 03:49:35 [INFO] Epoch: 101 [25600/50000 (51%)]	 Training Loss: 0.184 ACC: 91.66 CR: 0.88 Avg R1: 4.85 Avg R2: 2.35 Avg Reward: 7.198152
2026-05-17 03:49:49 [INFO] Epoch: 101 [38400/50000 (77%)]	 Training Loss: 0.187 ACC: 91.53 CR: 0.88 Avg R1: 4.86 Avg R2: 2.35 Avg Reward: 7.209390
2026-05-17 03:50:01 [INFO] EPOCH:101, ======================CR:0.8798====================
2026-05-17 03:50:01 [INFO] 0.06368285100589931
2026-05-17 03:50:03 [INFO] EPOCH:101, ======================ACC:91.97====================
2026-05-17 03:50:03 [INFO] BEST EPOCH:101,BEST ACC:91.97
2026-05-17 03:50:15 [INFO] Epoch: 102 [12800/50000 (26%)]	 Training Loss: 0.177 ACC: 91.98 CR: 0.88 Avg R1: 4.89 Avg R2: 2.34 Avg Reward: 7.231885
2026-05-17 03:50:28 [INFO] Epoch: 102 [25600/50000 (51%)]	 Training Loss: 0.182 ACC: 91.76 CR: 0.88 Avg R1: 4.89 Avg R2: 2.35 Avg Reward: 7.238510
2026-05-17 03:50:43 [INFO] Epoch: 102 [38400/50000 (77%)]	 Training Loss: 0.183 ACC: 91.63 CR: 0.89 Avg R1: 4.90 Avg R2: 2.35 Avg Reward: 7.250487
2026-05-17 03:50:57 [INFO] EPOCH:102, ======================CR:0.88892====================
2026-05-17 03:50:57 [INFO] 0.07708200665044815
2026-05-17 03:50:59 [INFO] EPOCH:102, ======================ACC:91.33====================
2026-05-17 03:50:59 [INFO] BEST EPOCH:101,BEST ACC:91.97
2026-05-17 03:51:13 [INFO] Epoch: 103 [12800/50000 (26%)]	 Training Loss: 0.193 ACC: 91.52 CR: 0.89 Avg R1: 4.94 Avg R2: 2.37 Avg Reward: 7.313886
2026-05-17 03:51:27 [INFO] Epoch: 103 [25600/50000 (51%)]	 Training Loss: 0.187 ACC: 91.64 CR: 0.89 Avg R1: 4.94 Avg R2: 2.37 Avg Reward: 7.316905
2026-05-17 03:51:39 [INFO] Epoch: 103 [38400/50000 (77%)]	 Training Loss: 0.189 ACC: 91.58 CR: 0.89 Avg R1: 4.95 Avg R2: 2.37 Avg Reward: 7.320799
2026-05-17 03:51:52 [INFO] EPOCH:103, ======================CR:0.89946====================
2026-05-17 03:51:52 [INFO] 0.06676704068514779
2026-05-17 03:51:54 [INFO] EPOCH:103, ======================ACC:90.04====================
2026-05-17 03:51:54 [INFO] BEST EPOCH:101,BEST ACC:91.97
2026-05-17 03:51:54 [INFO] Saving Masks: current CR 0.8995 target CR 0.9000
2026-05-17 03:52:09 [INFO] Epoch: 104 [12800/50000 (26%)]	 Training Loss: 0.185 ACC: 91.64 CR: 0.90 Avg R1: 4.94 Avg R2: 2.43 Avg Reward: 7.362737
2026-05-17 03:52:24 [INFO] Epoch: 104 [25600/50000 (51%)]	 Training Loss: 0.183 ACC: 91.99 CR: 0.91 Avg R1: 4.81 Avg R2: 2.43 Avg Reward: 7.241380
2026-05-17 03:52:38 [INFO] Epoch: 104 [38400/50000 (77%)]	 Training Loss: 0.185 ACC: 91.88 CR: 0.91 Avg R1: 4.68 Avg R2: 2.44 Avg Reward: 7.119358
2026-05-17 03:52:49 [INFO] EPOCH:104, ======================CR:0.91036====================
2026-05-17 03:52:49 [INFO] 0.0753463816054663
2026-05-17 03:52:51 [INFO] EPOCH:104, ======================ACC:90.79====================
2026-05-17 03:52:51 [INFO] BEST EPOCH:101,BEST ACC:91.97
2026-05-17 03:53:04 [INFO] Epoch: 105 [12800/50000 (26%)]	 Training Loss: 0.181 ACC: 91.29 CR: 0.90 Avg R1: 4.75 Avg R2: 2.43 Avg Reward: 7.176897
2026-05-17 03:53:18 [INFO] Epoch: 105 [25600/50000 (51%)]	 Training Loss: 0.178 ACC: 91.55 CR: 0.88 Avg R1: 4.85 Avg R2: 2.41 Avg Reward: 7.260288
2026-05-17 03:53:31 [INFO] Epoch: 105 [38400/50000 (77%)]	 Training Loss: 0.177 ACC: 91.66 CR: 0.87 Avg R1: 4.86 Avg R2: 2.39 Avg Reward: 7.252062
2026-05-17 03:53:43 [INFO] EPOCH:105, ======================CR:0.864====================
2026-05-17 03:53:43 [INFO] 0.07275393688020258
2026-05-17 03:53:45 [INFO] EPOCH:105, ======================ACC:90.78====================
2026-05-17 03:53:45 [INFO] BEST EPOCH:101,BEST ACC:91.97
2026-05-17 03:53:58 [INFO] Epoch: 106 [12800/50000 (26%)]	 Training Loss: 0.179 ACC: 91.77 CR: 0.87 Avg R1: 4.81 Avg R2: 2.32 Avg Reward: 7.131355
2026-05-17 03:54:11 [INFO] Epoch: 106 [25600/50000 (51%)]	 Training Loss: 0.172 ACC: 92.15 CR: 0.87 Avg R1: 4.82 Avg R2: 2.33 Avg Reward: 7.147768
2026-05-17 03:54:25 [INFO] Epoch: 106 [38400/50000 (77%)]	 Training Loss: 0.175 ACC: 92.04 CR: 0.88 Avg R1: 4.83 Avg R2: 2.33 Avg Reward: 7.163703
2026-05-17 03:54:39 [INFO] EPOCH:106, ======================CR:0.8783====================
2026-05-17 03:54:39 [INFO] 0.07115181826215575
2026-05-17 03:54:41 [INFO] EPOCH:106, ======================ACC:90.34====================
2026-05-17 03:54:41 [INFO] BEST EPOCH:101,BEST ACC:91.97
2026-05-17 03:54:55 [INFO] Epoch: 107 [12800/50000 (26%)]	 Training Loss: 0.171 ACC: 91.95 CR: 0.88 Avg R1: 4.88 Avg R2: 2.33 Avg Reward: 7.204912
2026-05-17 03:55:08 [INFO] Epoch: 107 [25600/50000 (51%)]	 Training Loss: 0.170 ACC: 92.03 CR: 0.88 Avg R1: 4.88 Avg R2: 2.33 Avg Reward: 7.202242
2026-05-17 03:55:20 [INFO] Epoch: 107 [38400/50000 (77%)]	 Training Loss: 0.175 ACC: 91.96 CR: 0.88 Avg R1: 4.87 Avg R2: 2.33 Avg Reward: 7.197507
2026-05-17 03:55:31 [INFO] EPOCH:107, ======================CR:0.87478====================
2026-05-17 03:55:31 [INFO] 0.07954814810924296
2026-05-17 03:55:33 [INFO] EPOCH:107, ======================ACC:91.26====================
2026-05-17 03:55:33 [INFO] BEST EPOCH:101,BEST ACC:91.97
2026-05-17 03:55:46 [INFO] Epoch: 108 [12800/50000 (26%)]	 Training Loss: 0.172 ACC: 92.28 CR: 0.88 Avg R1: 4.86 Avg R2: 2.33 Avg Reward: 7.190989
2026-05-17 03:56:01 [INFO] Epoch: 108 [25600/50000 (51%)]	 Training Loss: 0.171 ACC: 92.32 CR: 0.88 Avg R1: 4.87 Avg R2: 2.33 Avg Reward: 7.193428
2026-05-17 03:56:13 [INFO] Epoch: 108 [38400/50000 (77%)]	 Training Loss: 0.169 ACC: 92.36 CR: 0.88 Avg R1: 4.87 Avg R2: 2.33 Avg Reward: 7.193998
2026-05-17 03:56:25 [INFO] EPOCH:108, ======================CR:0.87768====================
2026-05-17 03:56:25 [INFO] 0.07472701612926239
2026-05-17 03:56:27 [INFO] EPOCH:108, ======================ACC:92.55====================
2026-05-17 03:56:27 [INFO] BEST EPOCH:108,BEST ACC:92.55
2026-05-17 03:56:43 [INFO] Epoch: 109 [12800/50000 (26%)]	 Training Loss: 0.169 ACC: 92.15 CR: 0.88 Avg R1: 4.87 Avg R2: 2.33 Avg Reward: 7.209277
2026-05-17 03:56:56 [INFO] Epoch: 109 [25600/50000 (51%)]	 Training Loss: 0.170 ACC: 92.20 CR: 0.88 Avg R1: 4.87 Avg R2: 2.33 Avg Reward: 7.207687
2026-05-17 03:57:08 [INFO] Epoch: 109 [38400/50000 (77%)]	 Training Loss: 0.171 ACC: 92.20 CR: 0.88 Avg R1: 4.87 Avg R2: 2.33 Avg Reward: 7.207344
2026-05-17 03:57:22 [INFO] EPOCH:109, ======================CR:0.87964====================
2026-05-17 03:57:22 [INFO] 0.08638623386820966
2026-05-17 03:57:24 [INFO] EPOCH:109, ======================ACC:88.77====================
2026-05-17 03:57:24 [INFO] BEST EPOCH:108,BEST ACC:92.55
2026-05-17 03:57:37 [INFO] Epoch: 110 [12800/50000 (26%)]	 Training Loss: 0.172 ACC: 92.15 CR: 0.88 Avg R1: 4.89 Avg R2: 2.34 Avg Reward: 7.230972
2026-05-17 03:57:48 [INFO] Epoch: 110 [25600/50000 (51%)]	 Training Loss: 0.174 ACC: 92.00 CR: 0.88 Avg R1: 4.90 Avg R2: 2.34 Avg Reward: 7.236503
2026-05-17 03:58:01 [INFO] Epoch: 110 [38400/50000 (77%)]	 Training Loss: 0.172 ACC: 92.15 CR: 0.88 Avg R1: 4.90 Avg R2: 2.34 Avg Reward: 7.239797
2026-05-17 03:58:14 [INFO] EPOCH:110, ======================CR:0.88696====================
2026-05-17 03:58:14 [INFO] 0.08838709409050166
2026-05-17 03:58:16 [INFO] EPOCH:110, ======================ACC:91.84====================
2026-05-17 03:58:16 [INFO] BEST EPOCH:108,BEST ACC:92.55
2026-05-17 03:58:30 [INFO] Epoch: 111 [12800/50000 (26%)]	 Training Loss: 0.167 ACC: 92.45 CR: 0.89 Avg R1: 4.93 Avg R2: 2.35 Avg Reward: 7.281250
2026-05-17 03:58:44 [INFO] Epoch: 111 [25600/50000 (51%)]	 Training Loss: 0.175 ACC: 92.07 CR: 0.89 Avg R1: 4.93 Avg R2: 2.35 Avg Reward: 7.284111
2026-05-17 03:58:58 [INFO] Epoch: 111 [38400/50000 (77%)]	 Training Loss: 0.173 ACC: 92.19 CR: 0.89 Avg R1: 4.93 Avg R2: 2.35 Avg Reward: 7.284356
2026-05-17 03:59:11 [INFO] EPOCH:111, ======================CR:0.88744====================
2026-05-17 03:59:11 [INFO] 0.08889551236760866
2026-05-17 03:59:13 [INFO] EPOCH:111, ======================ACC:91.05====================
2026-05-17 03:59:13 [INFO] BEST EPOCH:108,BEST ACC:92.55
2026-05-17 03:59:30 [INFO] Epoch: 112 [12800/50000 (26%)]	 Training Loss: 0.159 ACC: 92.67 CR: 0.89 Avg R1: 4.93 Avg R2: 2.33 Avg Reward: 7.258739
2026-05-17 03:59:43 [INFO] Epoch: 112 [25600/50000 (51%)]	 Training Loss: 0.157 ACC: 92.79 CR: 0.88 Avg R1: 4.91 Avg R2: 2.33 Avg Reward: 7.238649
2026-05-17 03:59:55 [INFO] Epoch: 112 [38400/50000 (77%)]	 Training Loss: 0.160 ACC: 92.67 CR: 0.87 Avg R1: 4.90 Avg R2: 2.32 Avg Reward: 7.214965
2026-05-17 04:00:07 [INFO] EPOCH:112, ======================CR:0.86988====================
2026-05-17 04:00:07 [INFO] 0.10050558841381484
2026-05-17 04:00:09 [INFO] EPOCH:112, ======================ACC:92.13====================
2026-05-17 04:00:09 [INFO] BEST EPOCH:108,BEST ACC:92.55
2026-05-17 04:00:24 [INFO] Epoch: 113 [12800/50000 (26%)]	 Training Loss: 0.165 ACC: 92.16 CR: 0.87 Avg R1: 4.83 Avg R2: 2.31 Avg Reward: 7.144505
2026-05-17 04:00:39 [INFO] Epoch: 113 [25600/50000 (51%)]	 Training Loss: 0.161 ACC: 92.34 CR: 0.87 Avg R1: 4.83 Avg R2: 2.31 Avg Reward: 7.139110
2026-05-17 04:00:52 [INFO] Epoch: 113 [38400/50000 (77%)]	 Training Loss: 0.159 ACC: 92.51 CR: 0.87 Avg R1: 4.82 Avg R2: 2.31 Avg Reward: 7.130138
2026-05-17 04:01:04 [INFO] EPOCH:113, ======================CR:0.8638====================
2026-05-17 04:01:04 [INFO] 0.0878322346861598
2026-05-17 04:01:07 [INFO] EPOCH:113, ======================ACC:92.18====================
2026-05-17 04:01:07 [INFO] BEST EPOCH:108,BEST ACC:92.55
2026-05-17 04:01:20 [INFO] Epoch: 114 [12800/50000 (26%)]	 Training Loss: 0.152 ACC: 92.80 CR: 0.86 Avg R1: 4.80 Avg R2: 2.28 Avg Reward: 7.077404
2026-05-17 04:01:32 [INFO] Epoch: 114 [25600/50000 (51%)]	 Training Loss: 0.154 ACC: 92.82 CR: 0.87 Avg R1: 4.81 Avg R2: 2.28 Avg Reward: 7.087164
2026-05-17 04:01:46 [INFO] Epoch: 114 [38400/50000 (77%)]	 Training Loss: 0.154 ACC: 92.86 CR: 0.87 Avg R1: 4.81 Avg R2: 2.28 Avg Reward: 7.092854
2026-05-17 04:01:59 [INFO] EPOCH:114, ======================CR:0.87052====================
2026-05-17 04:01:59 [INFO] 0.1013325873314712
2026-05-17 04:02:01 [INFO] EPOCH:114, ======================ACC:90.19====================
2026-05-17 04:02:01 [INFO] BEST EPOCH:108,BEST ACC:92.55
2026-05-17 04:02:13 [INFO] Epoch: 115 [12800/50000 (26%)]	 Training Loss: 0.149 ACC: 93.20 CR: 0.87 Avg R1: 4.82 Avg R2: 2.29 Avg Reward: 7.111725
2026-05-17 04:02:26 [INFO] Epoch: 115 [25600/50000 (51%)]	 Training Loss: 0.155 ACC: 92.96 CR: 0.87 Avg R1: 4.82 Avg R2: 2.29 Avg Reward: 7.104937
2026-05-17 04:02:38 [INFO] Epoch: 115 [38400/50000 (77%)]	 Training Loss: 0.159 ACC: 92.73 CR: 0.87 Avg R1: 4.82 Avg R2: 2.28 Avg Reward: 7.100370
2026-05-17 04:02:49 [INFO] EPOCH:115, ======================CR:0.86996====================
2026-05-17 04:02:49 [INFO] 0.10738791514697707
2026-05-17 04:02:51 [INFO] EPOCH:115, ======================ACC:91.95====================
2026-05-17 04:02:51 [INFO] BEST EPOCH:108,BEST ACC:92.55
2026-05-17 04:03:04 [INFO] Epoch: 116 [12800/50000 (26%)]	 Training Loss: 0.156 ACC: 92.90 CR: 0.88 Avg R1: 4.85 Avg R2: 2.28 Avg Reward: 7.127383
2026-05-17 04:03:16 [INFO] Epoch: 116 [25600/50000 (51%)]	 Training Loss: 0.153 ACC: 93.22 CR: 0.88 Avg R1: 4.87 Avg R2: 2.29 Avg Reward: 7.153282
2026-05-17 04:03:29 [INFO] Epoch: 116 [38400/50000 (77%)]	 Training Loss: 0.160 ACC: 92.99 CR: 0.89 Avg R1: 4.88 Avg R2: 2.30 Avg Reward: 7.178467
2026-05-17 04:03:40 [INFO] EPOCH:116, ======================CR:0.89144====================
2026-05-17 04:03:40 [INFO] 0.08923047525070961
2026-05-17 04:03:42 [INFO] EPOCH:116, ======================ACC:91.67====================
2026-05-17 04:03:42 [INFO] BEST EPOCH:108,BEST ACC:92.55
2026-05-17 04:03:42 [INFO] Saving Masks: current CR 0.8914 target CR 0.9000
2026-05-17 04:03:55 [INFO] Epoch: 117 [12800/50000 (26%)]	 Training Loss: 0.160 ACC: 92.47 CR: 0.89 Avg R1: 4.94 Avg R2: 2.34 Avg Reward: 7.279651
2026-05-17 04:04:09 [INFO] Epoch: 117 [25600/50000 (51%)]	 Training Loss: 0.159 ACC: 92.65 CR: 0.89 Avg R1: 4.94 Avg R2: 2.33 Avg Reward: 7.274497
2026-05-17 04:04:22 [INFO] Epoch: 117 [38400/50000 (77%)]	 Training Loss: 0.158 ACC: 92.77 CR: 0.88 Avg R1: 4.93 Avg R2: 2.33 Avg Reward: 7.265507
2026-05-17 04:04:34 [INFO] EPOCH:117, ======================CR:0.8793====================
2026-05-17 04:04:34 [INFO] 0.08672827048045068
2026-05-17 04:04:36 [INFO] EPOCH:117, ======================ACC:92.49====================
2026-05-17 04:04:36 [INFO] BEST EPOCH:108,BEST ACC:92.55
2026-05-17 04:04:49 [INFO] Epoch: 118 [12800/50000 (26%)]	 Training Loss: 0.142 ACC: 93.48 CR: 0.88 Avg R1: 4.88 Avg R2: 2.30 Avg Reward: 7.175332
2026-05-17 04:05:02 [INFO] Epoch: 118 [25600/50000 (51%)]	 Training Loss: 0.149 ACC: 93.10 CR: 0.88 Avg R1: 4.88 Avg R2: 2.30 Avg Reward: 7.175205
2026-05-17 04:05:15 [INFO] Epoch: 118 [38400/50000 (77%)]	 Training Loss: 0.151 ACC: 93.01 CR: 0.88 Avg R1: 4.88 Avg R2: 2.30 Avg Reward: 7.177267
2026-05-17 04:05:26 [INFO] EPOCH:118, ======================CR:0.8776====================
2026-05-17 04:05:26 [INFO] 0.07276065371164998
2026-05-17 04:05:28 [INFO] EPOCH:118, ======================ACC:93.28====================
2026-05-17 04:05:28 [INFO] BEST EPOCH:118,BEST ACC:93.28
2026-05-17 04:05:42 [INFO] Epoch: 119 [12800/50000 (26%)]	 Training Loss: 0.145 ACC: 93.52 CR: 0.88 Avg R1: 4.87 Avg R2: 2.27 Avg Reward: 7.135834
2026-05-17 04:05:56 [INFO] Epoch: 119 [25600/50000 (51%)]	 Training Loss: 0.141 ACC: 93.62 CR: 0.88 Avg R1: 4.87 Avg R2: 2.26 Avg Reward: 7.131309
2026-05-17 04:06:09 [INFO] Epoch: 119 [38400/50000 (77%)]	 Training Loss: 0.142 ACC: 93.58 CR: 0.88 Avg R1: 4.87 Avg R2: 2.26 Avg Reward: 7.132686
2026-05-17 04:06:22 [INFO] EPOCH:119, ======================CR:0.87226====================
2026-05-17 04:06:22 [INFO] 0.06107676458909526
2026-05-17 04:06:24 [INFO] EPOCH:119, ======================ACC:92.84====================
2026-05-17 04:06:24 [INFO] BEST EPOCH:118,BEST ACC:93.28
2026-05-17 04:06:37 [INFO] Epoch: 120 [12800/50000 (26%)]	 Training Loss: 0.134 ACC: 93.63 CR: 0.87 Avg R1: 4.84 Avg R2: 2.23 Avg Reward: 7.068916
2026-05-17 04:06:49 [INFO] Epoch: 120 [25600/50000 (51%)]	 Training Loss: 0.134 ACC: 93.61 CR: 0.86 Avg R1: 4.82 Avg R2: 2.23 Avg Reward: 7.043076
2026-05-17 04:07:01 [INFO] Epoch: 120 [38400/50000 (77%)]	 Training Loss: 0.133 ACC: 93.69 CR: 0.85 Avg R1: 4.79 Avg R2: 2.22 Avg Reward: 7.008191
2026-05-17 04:07:12 [INFO] EPOCH:120, ======================CR:0.83854====================
2026-05-17 04:07:12 [INFO] 0.06162490105005253
2026-05-17 04:07:14 [INFO] EPOCH:120, ======================ACC:92.86====================
2026-05-17 04:07:14 [INFO] BEST EPOCH:118,BEST ACC:93.28
2026-05-17 04:07:27 [INFO] Epoch: 121 [12800/50000 (26%)]	 Training Loss: 0.134 ACC: 93.38 CR: 0.84 Avg R1: 4.66 Avg R2: 2.17 Avg Reward: 6.828713
2026-05-17 04:07:40 [INFO] Epoch: 121 [25600/50000 (51%)]	 Training Loss: 0.135 ACC: 93.42 CR: 0.84 Avg R1: 4.65 Avg R2: 2.17 Avg Reward: 6.821249
2026-05-17 04:07:51 [INFO] Epoch: 121 [38400/50000 (77%)]	 Training Loss: 0.136 ACC: 93.38 CR: 0.84 Avg R1: 4.65 Avg R2: 2.17 Avg Reward: 6.819020
2026-05-17 04:08:01 [INFO] EPOCH:121, ======================CR:0.83464====================
2026-05-17 04:08:01 [INFO] 0.07288965182665605
2026-05-17 04:08:03 [INFO] EPOCH:121, ======================ACC:91.89====================
2026-05-17 04:08:03 [INFO] BEST EPOCH:118,BEST ACC:93.28
2026-05-17 04:08:18 [INFO] Epoch: 122 [12800/50000 (26%)]	 Training Loss: 0.134 ACC: 93.73 CR: 0.84 Avg R1: 4.65 Avg R2: 2.17 Avg Reward: 6.812535
2026-05-17 04:08:32 [INFO] Epoch: 122 [25600/50000 (51%)]	 Training Loss: 0.135 ACC: 93.57 CR: 0.84 Avg R1: 4.65 Avg R2: 2.17 Avg Reward: 6.823467
2026-05-17 04:08:47 [INFO] Epoch: 122 [38400/50000 (77%)]	 Training Loss: 0.133 ACC: 93.69 CR: 0.84 Avg R1: 4.66 Avg R2: 2.17 Avg Reward: 6.835251
2026-05-17 04:08:58 [INFO] EPOCH:122, ======================CR:0.84746====================
2026-05-17 04:08:58 [INFO] 0.06481897042093206
2026-05-17 04:09:00 [INFO] EPOCH:122, ======================ACC:91.82====================
2026-05-17 04:09:00 [INFO] BEST EPOCH:118,BEST ACC:93.28
2026-05-17 04:09:15 [INFO] Epoch: 123 [12800/50000 (26%)]	 Training Loss: 0.125 ACC: 94.00 CR: 0.84 Avg R1: 4.70 Avg R2: 2.17 Avg Reward: 6.875042
2026-05-17 04:09:30 [INFO] Epoch: 123 [25600/50000 (51%)]	 Training Loss: 0.125 ACC: 94.10 CR: 0.84 Avg R1: 4.69 Avg R2: 2.17 Avg Reward: 6.863358
2026-05-17 04:09:43 [INFO] Epoch: 123 [38400/50000 (77%)]	 Training Loss: 0.130 ACC: 93.83 CR: 0.84 Avg R1: 4.69 Avg R2: 2.17 Avg Reward: 6.853859
2026-05-17 04:09:54 [INFO] EPOCH:123, ======================CR:0.84114====================
2026-05-17 04:09:54 [INFO] 0.056414281814922806
2026-05-17 04:09:56 [INFO] EPOCH:123, ======================ACC:92.87====================
2026-05-17 04:09:56 [INFO] BEST EPOCH:118,BEST ACC:93.28
2026-05-17 04:10:11 [INFO] Epoch: 124 [12800/50000 (26%)]	 Training Loss: 0.135 ACC: 93.71 CR: 0.84 Avg R1: 4.68 Avg R2: 2.17 Avg Reward: 6.847204
2026-05-17 04:10:23 [INFO] Epoch: 124 [25600/50000 (51%)]	 Training Loss: 0.131 ACC: 93.84 CR: 0.85 Avg R1: 4.69 Avg R2: 2.17 Avg Reward: 6.864319
2026-05-17 04:10:37 [INFO] Epoch: 124 [38400/50000 (77%)]	 Training Loss: 0.131 ACC: 93.89 CR: 0.85 Avg R1: 4.70 Avg R2: 2.17 Avg Reward: 6.874001
2026-05-17 04:10:49 [INFO] EPOCH:124, ======================CR:0.85312====================
2026-05-17 04:10:49 [INFO] 0.05572782155170444
2026-05-17 04:10:51 [INFO] EPOCH:124, ======================ACC:91.87====================
2026-05-17 04:10:51 [INFO] BEST EPOCH:118,BEST ACC:93.28
2026-05-17 04:11:07 [INFO] Epoch: 125 [12800/50000 (26%)]	 Training Loss: 0.126 ACC: 94.28 CR: 0.85 Avg R1: 4.73 Avg R2: 2.18 Avg Reward: 6.910860
2026-05-17 04:11:21 [INFO] Epoch: 125 [25600/50000 (51%)]	 Training Loss: 0.124 ACC: 94.18 CR: 0.85 Avg R1: 4.73 Avg R2: 2.17 Avg Reward: 6.898592
2026-05-17 04:11:34 [INFO] Epoch: 125 [38400/50000 (77%)]	 Training Loss: 0.127 ACC: 93.97 CR: 0.85 Avg R1: 4.72 Avg R2: 2.17 Avg Reward: 6.888003
2026-05-17 04:11:47 [INFO] EPOCH:125, ======================CR:0.8445====================
2026-05-17 04:11:47 [INFO] 0.06410822976949575
2026-05-17 04:11:49 [INFO] EPOCH:125, ======================ACC:92.96====================
2026-05-17 04:11:49 [INFO] BEST EPOCH:118,BEST ACC:93.28
2026-05-17 04:12:05 [INFO] Epoch: 126 [12800/50000 (26%)]	 Training Loss: 0.138 ACC: 93.62 CR: 0.85 Avg R1: 4.69 Avg R2: 2.16 Avg Reward: 6.854168
2026-05-17 04:12:21 [INFO] Epoch: 126 [25600/50000 (51%)]	 Training Loss: 0.133 ACC: 93.77 CR: 0.85 Avg R1: 4.70 Avg R2: 2.16 Avg Reward: 6.863798
2026-05-17 04:12:33 [INFO] Epoch: 126 [38400/50000 (77%)]	 Training Loss: 0.132 ACC: 93.85 CR: 0.85 Avg R1: 4.71 Avg R2: 2.17 Avg Reward: 6.877246
2026-05-17 04:12:45 [INFO] EPOCH:126, ======================CR:0.86132====================
2026-05-17 04:12:45 [INFO] 0.0766479145251155
2026-05-17 04:12:47 [INFO] EPOCH:126, ======================ACC:92.31====================
2026-05-17 04:12:47 [INFO] BEST EPOCH:118,BEST ACC:93.28
2026-05-17 04:13:01 [INFO] Epoch: 127 [12800/50000 (26%)]	 Training Loss: 0.137 ACC: 93.83 CR: 0.87 Avg R1: 4.81 Avg R2: 2.21 Avg Reward: 7.028567
2026-05-17 04:13:16 [INFO] Epoch: 127 [25600/50000 (51%)]	 Training Loss: 0.139 ACC: 93.74 CR: 0.88 Avg R1: 4.85 Avg R2: 2.23 Avg Reward: 7.073764
2026-05-17 04:13:30 [INFO] Epoch: 127 [38400/50000 (77%)]	 Training Loss: 0.141 ACC: 93.61 CR: 0.90 Avg R1: 4.88 Avg R2: 2.24 Avg Reward: 7.124221
2026-05-17 04:13:43 [INFO] EPOCH:127, ======================CR:0.91078====================
2026-05-17 04:13:43 [INFO] 0.06300598555312913
2026-05-17 04:13:45 [INFO] EPOCH:127, ======================ACC:93.04====================
2026-05-17 04:13:45 [INFO] BEST EPOCH:118,BEST ACC:93.28
2026-05-17 04:14:01 [INFO] Epoch: 128 [12800/50000 (26%)]	 Training Loss: 0.130 ACC: 94.36 CR: 0.91 Avg R1: 4.49 Avg R2: 2.32 Avg Reward: 6.808266
2026-05-17 04:14:16 [INFO] Epoch: 128 [25600/50000 (51%)]	 Training Loss: 0.125 ACC: 94.32 CR: 0.90 Avg R1: 4.66 Avg R2: 2.31 Avg Reward: 6.968073
2026-05-17 04:14:31 [INFO] Epoch: 128 [38400/50000 (77%)]	 Training Loss: 0.125 ACC: 94.33 CR: 0.88 Avg R1: 4.75 Avg R2: 2.29 Avg Reward: 7.049778
2026-05-17 04:14:44 [INFO] EPOCH:128, ======================CR:0.87072====================
2026-05-17 04:14:44 [INFO] 0.04954172744144214
2026-05-17 04:14:46 [INFO] EPOCH:128, ======================ACC:92.13====================
2026-05-17 04:14:46 [INFO] BEST EPOCH:118,BEST ACC:93.28
2026-05-17 04:15:01 [INFO] Epoch: 129 [12800/50000 (26%)]	 Training Loss: 0.119 ACC: 94.50 CR: 0.87 Avg R1: 4.84 Avg R2: 2.20 Avg Reward: 7.038466
2026-05-17 04:15:14 [INFO] Epoch: 129 [25600/50000 (51%)]	 Training Loss: 0.123 ACC: 94.21 CR: 0.87 Avg R1: 4.84 Avg R2: 2.20 Avg Reward: 7.034545
2026-05-17 04:15:29 [INFO] Epoch: 129 [38400/50000 (77%)]	 Training Loss: 0.123 ACC: 94.20 CR: 0.87 Avg R1: 4.83 Avg R2: 2.20 Avg Reward: 7.030245
2026-05-17 04:15:42 [INFO] EPOCH:129, ======================CR:0.86912====================
2026-05-17 04:15:42 [INFO] 0.06212062497175141
2026-05-17 04:15:44 [INFO] EPOCH:129, ======================ACC:92.72====================
2026-05-17 04:15:44 [INFO] BEST EPOCH:118,BEST ACC:93.28
2026-05-17 04:16:01 [INFO] Epoch: 130 [12800/50000 (26%)]	 Training Loss: 0.128 ACC: 93.93 CR: 0.87 Avg R1: 4.83 Avg R2: 2.20 Avg Reward: 7.031781
2026-05-17 04:16:16 [INFO] Epoch: 130 [25600/50000 (51%)]	 Training Loss: 0.127 ACC: 94.12 CR: 0.87 Avg R1: 4.84 Avg R2: 2.20 Avg Reward: 7.042465
2026-05-17 04:16:30 [INFO] Epoch: 130 [38400/50000 (77%)]	 Training Loss: 0.129 ACC: 94.01 CR: 0.88 Avg R1: 4.85 Avg R2: 2.21 Avg Reward: 7.052074
2026-05-17 04:16:42 [INFO] EPOCH:130, ======================CR:0.87856====================
2026-05-17 04:16:42 [INFO] 0.06340604233015684
2026-05-17 04:16:44 [INFO] EPOCH:130, ======================ACC:93.67====================
2026-05-17 04:16:44 [INFO] BEST EPOCH:130,BEST ACC:93.67
2026-05-17 04:17:01 [INFO] Epoch: 131 [12800/50000 (26%)]	 Training Loss: 0.114 ACC: 94.99 CR: 0.88 Avg R1: 4.89 Avg R2: 2.22 Avg Reward: 7.110858
2026-05-17 04:17:16 [INFO] Epoch: 131 [25600/50000 (51%)]	 Training Loss: 0.118 ACC: 94.68 CR: 0.88 Avg R1: 4.89 Avg R2: 2.22 Avg Reward: 7.110843
2026-05-17 04:17:30 [INFO] Epoch: 131 [38400/50000 (77%)]	 Training Loss: 0.118 ACC: 94.60 CR: 0.88 Avg R1: 4.89 Avg R2: 2.22 Avg Reward: 7.108324
2026-05-17 04:17:42 [INFO] EPOCH:131, ======================CR:0.87898====================
2026-05-17 04:17:42 [INFO] 0.05078067519338533
2026-05-17 04:17:44 [INFO] EPOCH:131, ======================ACC:92.87====================
2026-05-17 04:17:44 [INFO] BEST EPOCH:130,BEST ACC:93.67
2026-05-17 04:17:58 [INFO] Epoch: 132 [12800/50000 (26%)]	 Training Loss: 0.114 ACC: 94.77 CR: 0.88 Avg R1: 4.89 Avg R2: 2.20 Avg Reward: 7.087628
2026-05-17 04:18:09 [INFO] Epoch: 132 [25600/50000 (51%)]	 Training Loss: 0.118 ACC: 94.65 CR: 0.88 Avg R1: 4.89 Avg R2: 2.20 Avg Reward: 7.093445
2026-05-17 04:18:23 [INFO] Epoch: 132 [38400/50000 (77%)]	 Training Loss: 0.119 ACC: 94.54 CR: 0.89 Avg R1: 4.90 Avg R2: 2.20 Avg Reward: 7.101728
2026-05-17 04:18:36 [INFO] EPOCH:132, ======================CR:0.88974====================
2026-05-17 04:18:36 [INFO] 0.0645132997204667
2026-05-17 04:18:38 [INFO] EPOCH:132, ======================ACC:93.38====================
2026-05-17 04:18:38 [INFO] BEST EPOCH:130,BEST ACC:93.67
2026-05-17 04:18:50 [INFO] Epoch: 133 [12800/50000 (26%)]	 Training Loss: 0.117 ACC: 94.70 CR: 0.89 Avg R1: 4.95 Avg R2: 2.22 Avg Reward: 7.161179
2026-05-17 04:19:02 [INFO] Epoch: 133 [25600/50000 (51%)]	 Training Loss: 0.117 ACC: 94.70 CR: 0.89 Avg R1: 4.95 Avg R2: 2.22 Avg Reward: 7.161414
2026-05-17 04:19:16 [INFO] Epoch: 133 [38400/50000 (77%)]	 Training Loss: 0.119 ACC: 94.67 CR: 0.89 Avg R1: 4.95 Avg R2: 2.22 Avg Reward: 7.163415
2026-05-17 04:19:28 [INFO] EPOCH:133, ======================CR:0.89548====================
2026-05-17 04:19:28 [INFO] 0.05324740179903503
2026-05-17 04:19:30 [INFO] EPOCH:133, ======================ACC:92.79====================
2026-05-17 04:19:30 [INFO] BEST EPOCH:130,BEST ACC:93.67
2026-05-17 04:19:30 [INFO] Saving Masks: current CR 0.8955 target CR 0.9000
2026-05-17 04:19:30 [INFO] Updated candidate mask pretrained-rescale_mask_best-acc_90_05170231_resnet18 at epoch 133 with acc 92.7900
2026-05-17 04:19:44 [INFO] Epoch: 134 [12800/50000 (26%)]	 Training Loss: 0.113 ACC: 95.00 CR: 0.90 Avg R1: 4.98 Avg R2: 2.23 Avg Reward: 7.215687
2026-05-17 04:19:57 [INFO] Epoch: 134 [25600/50000 (51%)]	 Training Loss: 0.116 ACC: 94.78 CR: 0.90 Avg R1: 4.95 Avg R2: 2.24 Avg Reward: 7.187694
2026-05-17 04:20:12 [INFO] Epoch: 134 [38400/50000 (77%)]	 Training Loss: 0.113 ACC: 94.92 CR: 0.90 Avg R1: 4.94 Avg R2: 2.24 Avg Reward: 7.178669
2026-05-17 04:20:26 [INFO] EPOCH:134, ======================CR:0.89534====================
2026-05-17 04:20:26 [INFO] 0.05265102803662068
2026-05-17 04:20:28 [INFO] EPOCH:134, ======================ACC:93.71====================
2026-05-17 04:20:28 [INFO] BEST EPOCH:134,BEST ACC:93.71
2026-05-17 04:20:28 [INFO] Saving Masks: current CR 0.8953 target CR 0.9000
2026-05-17 04:20:28 [INFO] Updated candidate mask pretrained-rescale_mask_best-acc_90_05170231_resnet18 at epoch 134 with acc 93.7100
2026-05-17 04:20:44 [INFO] Epoch: 135 [12800/50000 (26%)]	 Training Loss: 0.110 ACC: 94.89 CR: 0.89 Avg R1: 4.96 Avg R2: 2.20 Avg Reward: 7.162095
2026-05-17 04:20:59 [INFO] Epoch: 135 [25600/50000 (51%)]	 Training Loss: 0.110 ACC: 94.86 CR: 0.89 Avg R1: 4.96 Avg R2: 2.20 Avg Reward: 7.156609
2026-05-17 04:21:15 [INFO] Epoch: 135 [38400/50000 (77%)]	 Training Loss: 0.112 ACC: 94.84 CR: 0.89 Avg R1: 4.95 Avg R2: 2.20 Avg Reward: 7.150216
2026-05-17 04:21:31 [INFO] EPOCH:135, ======================CR:0.8876====================
2026-05-17 04:21:31 [INFO] 0.0391022693714945
2026-05-17 04:21:34 [INFO] EPOCH:135, ======================ACC:92.81====================
2026-05-17 04:21:34 [INFO] BEST EPOCH:134,BEST ACC:93.71
2026-05-17 04:21:49 [INFO] Epoch: 136 [12800/50000 (26%)]	 Training Loss: 0.106 ACC: 95.12 CR: 0.89 Avg R1: 4.93 Avg R2: 2.18 Avg Reward: 7.106078
2026-05-17 04:22:04 [INFO] Epoch: 136 [25600/50000 (51%)]	 Training Loss: 0.107 ACC: 95.09 CR: 0.89 Avg R1: 4.94 Avg R2: 2.18 Avg Reward: 7.113763
2026-05-17 04:22:19 [INFO] Epoch: 136 [38400/50000 (77%)]	 Training Loss: 0.109 ACC: 95.07 CR: 0.89 Avg R1: 4.94 Avg R2: 2.18 Avg Reward: 7.122931
2026-05-17 04:22:32 [INFO] EPOCH:136, ======================CR:0.89564====================
2026-05-17 04:22:32 [INFO] 0.04409917159320019
2026-05-17 04:22:34 [INFO] EPOCH:136, ======================ACC:93.0====================
2026-05-17 04:22:34 [INFO] BEST EPOCH:134,BEST ACC:93.71
2026-05-17 04:22:34 [INFO] Saving Masks: current CR 0.8956 target CR 0.9000
2026-05-17 04:22:50 [INFO] Epoch: 137 [12800/50000 (26%)]	 Training Loss: 0.109 ACC: 95.29 CR: 0.90 Avg R1: 4.97 Avg R2: 2.18 Avg Reward: 7.157383
2026-05-17 04:23:06 [INFO] Epoch: 137 [25600/50000 (51%)]	 Training Loss: 0.112 ACC: 95.01 CR: 0.90 Avg R1: 4.98 Avg R2: 2.19 Avg Reward: 7.166894
2026-05-17 04:23:19 [INFO] Epoch: 137 [38400/50000 (77%)]	 Training Loss: 0.113 ACC: 94.94 CR: 0.90 Avg R1: 4.98 Avg R2: 2.19 Avg Reward: 7.170491
2026-05-17 04:23:32 [INFO] EPOCH:137, ======================CR:0.90026====================
2026-05-17 04:23:32 [INFO] 0.046267583802972786
2026-05-17 04:23:34 [INFO] EPOCH:137, ======================ACC:93.65====================
2026-05-17 04:23:34 [INFO] BEST EPOCH:134,BEST ACC:93.71
2026-05-17 04:23:34 [INFO] Saving Masks: current CR 0.9003 target CR 0.9000
2026-05-17 04:23:49 [INFO] Epoch: 138 [12800/50000 (26%)]	 Training Loss: 0.114 ACC: 94.67 CR: 0.90 Avg R1: 4.99 Avg R2: 2.21 Avg Reward: 7.202465
2026-05-17 04:24:03 [INFO] Epoch: 138 [25600/50000 (51%)]	 Training Loss: 0.109 ACC: 94.81 CR: 0.90 Avg R1: 4.99 Avg R2: 2.21 Avg Reward: 7.196254
2026-05-17 04:24:17 [INFO] Epoch: 138 [38400/50000 (77%)]	 Training Loss: 0.109 ACC: 94.88 CR: 0.89 Avg R1: 4.98 Avg R2: 2.20 Avg Reward: 7.185431
2026-05-17 04:24:29 [INFO] EPOCH:138, ======================CR:0.8901====================
2026-05-17 04:24:29 [INFO] 0.06063357830382202
2026-05-17 04:24:31 [INFO] EPOCH:138, ======================ACC:93.9====================
2026-05-17 04:24:31 [INFO] BEST EPOCH:138,BEST ACC:93.9
2026-05-17 04:24:31 [INFO] Saving Masks: current CR 0.8901 target CR 0.9000
2026-05-17 04:24:31 [INFO] Updated candidate mask pretrained-rescale_mask_best-acc_90_05170231_resnet18 at epoch 138 with acc 93.9000
2026-05-17 04:24:45 [INFO] Epoch: 139 [12800/50000 (26%)]	 Training Loss: 0.111 ACC: 94.89 CR: 0.89 Avg R1: 4.95 Avg R2: 2.19 Avg Reward: 7.130689
2026-05-17 04:24:59 [INFO] Epoch: 139 [25600/50000 (51%)]	 Training Loss: 0.110 ACC: 94.98 CR: 0.89 Avg R1: 4.95 Avg R2: 2.19 Avg Reward: 7.137688
2026-05-17 04:25:13 [INFO] Epoch: 139 [38400/50000 (77%)]	 Training Loss: 0.108 ACC: 95.17 CR: 0.90 Avg R1: 4.96 Avg R2: 2.19 Avg Reward: 7.151363
2026-05-17 04:25:26 [INFO] EPOCH:139, ======================CR:0.90262====================
2026-05-17 04:25:26 [INFO] 0.06290294204478222
2026-05-17 04:25:28 [INFO] EPOCH:139, ======================ACC:93.81====================
2026-05-17 04:25:28 [INFO] BEST EPOCH:138,BEST ACC:93.9
2026-05-17 04:25:28 [INFO] Saving Masks: current CR 0.9026 target CR 0.9000
2026-05-17 04:25:42 [INFO] Epoch: 140 [12800/50000 (26%)]	 Training Loss: 0.099 ACC: 95.48 CR: 0.91 Avg R1: 4.81 Avg R2: 2.20 Avg Reward: 7.010671
2026-05-17 04:25:55 [INFO] Epoch: 140 [25600/50000 (51%)]	 Training Loss: 0.103 ACC: 95.29 CR: 0.90 Avg R1: 4.79 Avg R2: 2.20 Avg Reward: 6.993223
2026-05-17 04:26:09 [INFO] Epoch: 140 [38400/50000 (77%)]	 Training Loss: 0.102 ACC: 95.36 CR: 0.90 Avg R1: 4.83 Avg R2: 2.20 Avg Reward: 7.031506
2026-05-17 04:26:20 [INFO] EPOCH:140, ======================CR:0.89424====================
2026-05-17 04:26:20 [INFO] 0.05346128999457237
2026-05-17 04:26:22 [INFO] EPOCH:140, ======================ACC:93.57====================
2026-05-17 04:26:22 [INFO] BEST EPOCH:138,BEST ACC:93.9
2026-05-17 04:26:22 [INFO] Saving Masks: current CR 0.8942 target CR 0.9000
2026-05-17 04:26:36 [INFO] Epoch: 141 [12800/50000 (26%)]	 Training Loss: 0.103 ACC: 95.41 CR: 0.89 Avg R1: 4.95 Avg R2: 2.17 Avg Reward: 7.118278
2026-05-17 04:26:49 [INFO] Epoch: 141 [25600/50000 (51%)]	 Training Loss: 0.100 ACC: 95.48 CR: 0.89 Avg R1: 4.94 Avg R2: 2.16 Avg Reward: 7.103488
2026-05-17 04:27:02 [INFO] Epoch: 141 [38400/50000 (77%)]	 Training Loss: 0.099 ACC: 95.50 CR: 0.88 Avg R1: 4.93 Avg R2: 2.16 Avg Reward: 7.091792
2026-05-17 04:27:14 [INFO] EPOCH:141, ======================CR:0.88008====================
2026-05-17 04:27:14 [INFO] 0.06175076621282196
2026-05-17 04:27:16 [INFO] EPOCH:141, ======================ACC:93.48====================
2026-05-17 04:27:16 [INFO] BEST EPOCH:138,BEST ACC:93.9
2026-05-17 04:27:30 [INFO] Epoch: 142 [12800/50000 (26%)]	 Training Loss: 0.098 ACC: 95.34 CR: 0.88 Avg R1: 4.89 Avg R2: 2.14 Avg Reward: 7.034542
2026-05-17 04:27:44 [INFO] Epoch: 142 [25600/50000 (51%)]	 Training Loss: 0.098 ACC: 95.39 CR: 0.88 Avg R1: 4.90 Avg R2: 2.14 Avg Reward: 7.042614
2026-05-17 04:27:55 [INFO] Epoch: 142 [38400/50000 (77%)]	 Training Loss: 0.096 ACC: 95.52 CR: 0.89 Avg R1: 4.91 Avg R2: 2.14 Avg Reward: 7.051442
2026-05-17 04:28:06 [INFO] EPOCH:142, ======================CR:0.88864====================
2026-05-17 04:28:06 [INFO] 0.06634362427511842
2026-05-17 04:28:09 [INFO] EPOCH:142, ======================ACC:92.54====================
2026-05-17 04:28:09 [INFO] BEST EPOCH:138,BEST ACC:93.9
2026-05-17 04:28:24 [INFO] Epoch: 143 [12800/50000 (26%)]	 Training Loss: 0.095 ACC: 95.89 CR: 0.89 Avg R1: 4.93 Avg R2: 2.15 Avg Reward: 7.076192
2026-05-17 04:28:37 [INFO] Epoch: 143 [25600/50000 (51%)]	 Training Loss: 0.095 ACC: 95.84 CR: 0.88 Avg R1: 4.92 Avg R2: 2.14 Avg Reward: 7.066658
2026-05-17 04:28:49 [INFO] Epoch: 143 [38400/50000 (77%)]	 Training Loss: 0.095 ACC: 95.83 CR: 0.88 Avg R1: 4.92 Avg R2: 2.14 Avg Reward: 7.060077
2026-05-17 04:29:01 [INFO] EPOCH:143, ======================CR:0.88534====================
2026-05-17 04:29:01 [INFO] 0.07307291305063433
2026-05-17 04:29:03 [INFO] EPOCH:143, ======================ACC:94.31====================
2026-05-17 04:29:03 [INFO] BEST EPOCH:143,BEST ACC:94.31
2026-05-17 04:29:18 [INFO] Epoch: 144 [12800/50000 (26%)]	 Training Loss: 0.091 ACC: 96.05 CR: 0.89 Avg R1: 4.94 Avg R2: 2.14 Avg Reward: 7.073195
2026-05-17 04:29:32 [INFO] Epoch: 144 [25600/50000 (51%)]	 Training Loss: 0.097 ACC: 95.71 CR: 0.90 Avg R1: 4.95 Avg R2: 2.14 Avg Reward: 7.094256
2026-05-17 04:29:47 [INFO] Epoch: 144 [38400/50000 (77%)]	 Training Loss: 0.097 ACC: 95.75 CR: 0.90 Avg R1: 4.96 Avg R2: 2.15 Avg Reward: 7.108342
2026-05-17 04:29:59 [INFO] EPOCH:144, ======================CR:0.90428====================
2026-05-17 04:29:59 [INFO] 0.061052420010235295
2026-05-17 04:30:01 [INFO] EPOCH:144, ======================ACC:93.99====================
2026-05-17 04:30:01 [INFO] BEST EPOCH:143,BEST ACC:94.31
2026-05-17 04:30:01 [INFO] Saving Masks: current CR 0.9043 target CR 0.9000
2026-05-17 04:30:01 [INFO] Updated candidate mask pretrained-rescale_mask_best-acc_90_05170231_resnet18 at epoch 144 with acc 93.9900
2026-05-17 04:30:15 [INFO] Epoch: 145 [12800/50000 (26%)]	 Training Loss: 0.087 ACC: 96.24 CR: 0.90 Avg R1: 4.89 Avg R2: 2.17 Avg Reward: 7.051738
2026-05-17 04:30:27 [INFO] Epoch: 145 [25600/50000 (51%)]	 Training Loss: 0.086 ACC: 96.27 CR: 0.90 Avg R1: 4.94 Avg R2: 2.16 Avg Reward: 7.103064
2026-05-17 04:30:41 [INFO] Epoch: 145 [38400/50000 (77%)]	 Training Loss: 0.089 ACC: 96.08 CR: 0.90 Avg R1: 4.96 Avg R2: 2.16 Avg Reward: 7.117454
2026-05-17 04:30:54 [INFO] EPOCH:145, ======================CR:0.89842====================
2026-05-17 04:30:54 [INFO] 0.06800503528591653
2026-05-17 04:30:56 [INFO] EPOCH:145, ======================ACC:94.28====================
2026-05-17 04:30:56 [INFO] BEST EPOCH:144,BEST ACC:94.31
2026-05-17 04:30:56 [INFO] Saving Masks: current CR 0.8984 target CR 0.9000
2026-05-17 04:30:56 [INFO] Updated candidate mask pretrained-rescale_mask_best-acc_90_05170231_resnet18 at epoch 145 with acc 94.2800
2026-05-17 04:31:12 [INFO] Epoch: 146 [12800/50000 (26%)]	 Training Loss: 0.090 ACC: 96.08 CR: 0.90 Avg R1: 4.98 Avg R2: 2.15 Avg Reward: 7.125257
2026-05-17 04:31:26 [INFO] Epoch: 146 [25600/50000 (51%)]	 Training Loss: 0.091 ACC: 95.97 CR: 0.90 Avg R1: 4.92 Avg R2: 2.15 Avg Reward: 7.067480
2026-05-17 04:31:39 [INFO] Epoch: 146 [38400/50000 (77%)]	 Training Loss: 0.091 ACC: 96.02 CR: 0.90 Avg R1: 4.89 Avg R2: 2.15 Avg Reward: 7.040546
2026-05-17 04:31:53 [INFO] EPOCH:146, ======================CR:0.89842====================
2026-05-17 04:31:53 [INFO] 0.052866042277795115
2026-05-17 04:31:55 [INFO] EPOCH:146, ======================ACC:94.42====================
2026-05-17 04:31:55 [INFO] BEST EPOCH:146,BEST ACC:94.42
2026-05-17 04:31:55 [INFO] Saving Masks: current CR 0.8984 target CR 0.9000
2026-05-17 04:31:55 [INFO] Updated candidate mask pretrained-rescale_mask_best-acc_90_05170231_resnet18 at epoch 146 with acc 94.4200
2026-05-17 04:32:09 [INFO] Epoch: 147 [12800/50000 (26%)]	 Training Loss: 0.085 ACC: 96.17 CR: 0.89 Avg R1: 4.97 Avg R2: 2.13 Avg Reward: 7.107093
2026-05-17 04:32:25 [INFO] Epoch: 147 [25600/50000 (51%)]	 Training Loss: 0.085 ACC: 96.16 CR: 0.88 Avg R1: 4.95 Avg R2: 2.12 Avg Reward: 7.079877
2026-05-17 04:32:38 [INFO] Epoch: 147 [38400/50000 (77%)]	 Training Loss: 0.085 ACC: 96.24 CR: 0.88 Avg R1: 4.94 Avg R2: 2.12 Avg Reward: 7.053672
2026-05-17 04:32:51 [INFO] EPOCH:147, ======================CR:0.8736====================
2026-05-17 04:32:51 [INFO] 0.04631607265458326
2026-05-17 04:32:53 [INFO] EPOCH:147, ======================ACC:93.56====================
2026-05-17 04:32:53 [INFO] BEST EPOCH:146,BEST ACC:94.42
2026-05-17 04:33:08 [INFO] Epoch: 148 [12800/50000 (26%)]	 Training Loss: 0.081 ACC: 96.16 CR: 0.88 Avg R1: 4.86 Avg R2: 2.05 Avg Reward: 6.910627
2026-05-17 04:33:22 [INFO] Epoch: 148 [25600/50000 (51%)]	 Training Loss: 0.080 ACC: 96.27 CR: 0.88 Avg R1: 4.87 Avg R2: 2.05 Avg Reward: 6.921539
2026-05-17 04:33:37 [INFO] Epoch: 148 [38400/50000 (77%)]	 Training Loss: 0.080 ACC: 96.26 CR: 0.88 Avg R1: 4.87 Avg R2: 2.06 Avg Reward: 6.930142
2026-05-17 04:33:47 [INFO] EPOCH:148, ======================CR:0.88326====================
2026-05-17 04:33:47 [INFO] 0.05605856266746138
2026-05-17 04:33:49 [INFO] EPOCH:148, ======================ACC:93.74====================
2026-05-17 04:33:49 [INFO] BEST EPOCH:146,BEST ACC:94.42
2026-05-17 04:34:06 [INFO] Epoch: 149 [12800/50000 (26%)]	 Training Loss: 0.081 ACC: 96.55 CR: 0.88 Avg R1: 4.91 Avg R2: 2.08 Avg Reward: 6.989236
2026-05-17 04:34:22 [INFO] Epoch: 149 [25600/50000 (51%)]	 Training Loss: 0.080 ACC: 96.55 CR: 0.89 Avg R1: 4.91 Avg R2: 2.08 Avg Reward: 6.997363
2026-05-17 04:34:37 [INFO] Epoch: 149 [38400/50000 (77%)]	 Training Loss: 0.080 ACC: 96.46 CR: 0.89 Avg R1: 4.92 Avg R2: 2.09 Avg Reward: 7.005046
2026-05-17 04:34:49 [INFO] EPOCH:149, ======================CR:0.8902====================
2026-05-17 04:34:49 [INFO] 0.06541418182139544
2026-05-17 04:34:51 [INFO] EPOCH:149, ======================ACC:94.7====================
2026-05-17 04:34:51 [INFO] BEST EPOCH:149,BEST ACC:94.7
2026-05-17 04:34:51 [INFO] Saving Masks: current CR 0.8902 target CR 0.9000
2026-05-17 04:34:51 [INFO] Updated candidate mask pretrained-rescale_mask_best-acc_90_05170231_resnet18 at epoch 149 with acc 94.7000
2026-05-17 04:35:05 [INFO] Epoch: 150 [12800/50000 (26%)]	 Training Loss: 0.081 ACC: 96.52 CR: 0.89 Avg R1: 4.95 Avg R2: 2.08 Avg Reward: 7.031488
2026-05-17 04:35:17 [INFO] Epoch: 150 [25600/50000 (51%)]	 Training Loss: 0.081 ACC: 96.48 CR: 0.90 Avg R1: 4.96 Avg R2: 2.08 Avg Reward: 7.040627
2026-05-17 04:35:29 [INFO] Epoch: 150 [38400/50000 (77%)]	 Training Loss: 0.079 ACC: 96.56 CR: 0.90 Avg R1: 4.96 Avg R2: 2.09 Avg Reward: 7.050732
2026-05-17 04:35:42 [INFO] EPOCH:150, ======================CR:0.89978====================
2026-05-17 04:35:42 [INFO] 0.05662609119624581
2026-05-17 04:35:44 [INFO] EPOCH:150, ======================ACC:94.13====================
2026-05-17 04:35:44 [INFO] BEST EPOCH:149,BEST ACC:94.7
2026-05-17 04:35:44 [INFO] Saving Masks: current CR 0.8998 target CR 0.9000
2026-05-17 04:35:56 [INFO] Epoch: 151 [12800/50000 (26%)]	 Training Loss: 0.076 ACC: 96.62 CR: 0.90 Avg R1: 5.00 Avg R2: 2.09 Avg Reward: 7.088003
2026-05-17 04:36:08 [INFO] Epoch: 151 [25600/50000 (51%)]	 Training Loss: 0.078 ACC: 96.56 CR: 0.90 Avg R1: 4.99 Avg R2: 2.09 Avg Reward: 7.084682
2026-05-17 04:36:21 [INFO] Epoch: 151 [38400/50000 (77%)]	 Training Loss: 0.079 ACC: 96.53 CR: 0.90 Avg R1: 4.99 Avg R2: 2.09 Avg Reward: 7.082147
2026-05-17 04:36:32 [INFO] EPOCH:151, ======================CR:0.89618====================
2026-05-17 04:36:32 [INFO] 0.05663887292072098
2026-05-17 04:36:35 [INFO] EPOCH:151, ======================ACC:93.95====================
2026-05-17 04:36:35 [INFO] BEST EPOCH:149,BEST ACC:94.7
2026-05-17 04:36:35 [INFO] Saving Masks: current CR 0.8962 target CR 0.9000
2026-05-17 04:36:46 [INFO] Epoch: 152 [12800/50000 (26%)]	 Training Loss: 0.073 ACC: 96.83 CR: 0.90 Avg R1: 4.98 Avg R2: 2.06 Avg Reward: 7.042347
2026-05-17 04:36:57 [INFO] Epoch: 152 [25600/50000 (51%)]	 Training Loss: 0.073 ACC: 96.84 CR: 0.89 Avg R1: 4.98 Avg R2: 2.06 Avg Reward: 7.039066
2026-05-17 04:37:07 [INFO] Epoch: 152 [38400/50000 (77%)]	 Training Loss: 0.072 ACC: 96.91 CR: 0.89 Avg R1: 4.97 Avg R2: 2.06 Avg Reward: 7.036178
2026-05-17 04:37:17 [INFO] EPOCH:152, ======================CR:0.89488====================
2026-05-17 04:37:17 [INFO] 0.07350521981190056
2026-05-17 04:37:19 [INFO] EPOCH:152, ======================ACC:94.81====================
2026-05-17 04:37:19 [INFO] BEST EPOCH:152,BEST ACC:94.81
2026-05-17 04:37:19 [INFO] Saving Masks: current CR 0.8949 target CR 0.9000
2026-05-17 04:37:19 [INFO] Updated candidate mask pretrained-rescale_mask_best-acc_90_05170231_resnet18 at epoch 152 with acc 94.8100
2026-05-17 04:37:32 [INFO] Epoch: 153 [12800/50000 (26%)]	 Training Loss: 0.074 ACC: 96.89 CR: 0.90 Avg R1: 4.98 Avg R2: 2.03 Avg Reward: 7.009516
2026-05-17 04:37:45 [INFO] Epoch: 153 [25600/50000 (51%)]	 Training Loss: 0.069 ACC: 96.95 CR: 0.90 Avg R1: 4.98 Avg R2: 2.04 Avg Reward: 7.019225
2026-05-17 04:37:58 [INFO] Epoch: 153 [38400/50000 (77%)]	 Training Loss: 0.069 ACC: 96.99 CR: 0.90 Avg R1: 4.98 Avg R2: 2.04 Avg Reward: 7.022119
2026-05-17 04:38:09 [INFO] EPOCH:153, ======================CR:0.89748====================
2026-05-17 04:38:09 [INFO] 0.0683310622152503
2026-05-17 04:38:11 [INFO] EPOCH:153, ======================ACC:94.73====================
2026-05-17 04:38:11 [INFO] BEST EPOCH:152,BEST ACC:94.81
2026-05-17 04:38:11 [INFO] Saving Masks: current CR 0.8975 target CR 0.9000
2026-05-17 04:38:25 [INFO] Epoch: 154 [12800/50000 (26%)]	 Training Loss: 0.067 ACC: 96.96 CR: 0.90 Avg R1: 4.98 Avg R2: 2.04 Avg Reward: 7.025730
2026-05-17 04:38:37 [INFO] Epoch: 154 [25600/50000 (51%)]	 Training Loss: 0.066 ACC: 97.03 CR: 0.90 Avg R1: 4.98 Avg R2: 2.04 Avg Reward: 7.023589
2026-05-17 04:38:49 [INFO] Epoch: 154 [38400/50000 (77%)]	 Training Loss: 0.066 ACC: 97.02 CR: 0.89 Avg R1: 4.98 Avg R2: 2.04 Avg Reward: 7.018484
2026-05-17 04:39:00 [INFO] EPOCH:154, ======================CR:0.89168====================
2026-05-17 04:39:00 [INFO] 0.06984849649425515
2026-05-17 04:39:02 [INFO] EPOCH:154, ======================ACC:94.45====================
2026-05-17 04:39:02 [INFO] BEST EPOCH:152,BEST ACC:94.81
2026-05-17 04:39:02 [INFO] Saving Masks: current CR 0.8917 target CR 0.9000
2026-05-17 04:39:14 [INFO] Epoch: 155 [12800/50000 (26%)]	 Training Loss: 0.066 ACC: 97.21 CR: 0.89 Avg R1: 4.94 Avg R2: 2.03 Avg Reward: 6.969967
2026-05-17 04:39:28 [INFO] Epoch: 155 [25600/50000 (51%)]	 Training Loss: 0.064 ACC: 97.28 CR: 0.89 Avg R1: 4.94 Avg R2: 2.02 Avg Reward: 6.962637
2026-05-17 04:39:41 [INFO] Epoch: 155 [38400/50000 (77%)]	 Training Loss: 0.065 ACC: 97.16 CR: 0.89 Avg R1: 4.93 Avg R2: 2.02 Avg Reward: 6.956161
2026-05-17 04:39:52 [INFO] EPOCH:155, ======================CR:0.88582====================
2026-05-17 04:39:52 [INFO] 0.06309768325887924
2026-05-17 04:39:54 [INFO] EPOCH:155, ======================ACC:95.15====================
2026-05-17 04:39:54 [INFO] BEST EPOCH:155,BEST ACC:95.15
2026-05-17 04:40:06 [INFO] Epoch: 156 [12800/50000 (26%)]	 Training Loss: 0.067 ACC: 96.95 CR: 0.89 Avg R1: 4.92 Avg R2: 2.00 Avg Reward: 6.924802
2026-05-17 04:40:18 [INFO] Epoch: 156 [25600/50000 (51%)]	 Training Loss: 0.064 ACC: 97.15 CR: 0.89 Avg R1: 4.92 Avg R2: 2.00 Avg Reward: 6.922626
2026-05-17 04:40:33 [INFO] Epoch: 156 [38400/50000 (77%)]	 Training Loss: 0.062 ACC: 97.28 CR: 0.89 Avg R1: 4.92 Avg R2: 2.00 Avg Reward: 6.922575
2026-05-17 04:40:44 [INFO] EPOCH:156, ======================CR:0.88894====================
2026-05-17 04:40:44 [INFO] 0.06274903966437374
2026-05-17 04:40:46 [INFO] EPOCH:156, ======================ACC:94.93====================
2026-05-17 04:40:46 [INFO] BEST EPOCH:155,BEST ACC:95.15
2026-05-17 04:40:57 [INFO] Epoch: 157 [12800/50000 (26%)]	 Training Loss: 0.068 ACC: 97.23 CR: 0.89 Avg R1: 4.94 Avg R2: 1.98 Avg Reward: 6.922395
2026-05-17 04:41:08 [INFO] Epoch: 157 [25600/50000 (51%)]	 Training Loss: 0.064 ACC: 97.30 CR: 0.89 Avg R1: 4.95 Avg R2: 1.98 Avg Reward: 6.931945
2026-05-17 04:41:21 [INFO] Epoch: 157 [38400/50000 (77%)]	 Training Loss: 0.063 ACC: 97.27 CR: 0.90 Avg R1: 4.96 Avg R2: 1.99 Avg Reward: 6.944957
2026-05-17 04:41:31 [INFO] EPOCH:157, ======================CR:0.9027====================
2026-05-17 04:41:31 [INFO] 0.07147811894650101
2026-05-17 04:41:33 [INFO] EPOCH:157, ======================ACC:94.48====================
2026-05-17 04:41:33 [INFO] BEST EPOCH:155,BEST ACC:95.15
2026-05-17 04:41:33 [INFO] Saving Masks: current CR 0.9027 target CR 0.9000
2026-05-17 04:41:45 [INFO] Epoch: 158 [12800/50000 (26%)]	 Training Loss: 0.053 ACC: 97.63 CR: 0.90 Avg R1: 4.95 Avg R2: 1.98 Avg Reward: 6.936101
2026-05-17 04:41:58 [INFO] Epoch: 158 [25600/50000 (51%)]	 Training Loss: 0.058 ACC: 97.40 CR: 0.89 Avg R1: 4.96 Avg R2: 1.98 Avg Reward: 6.937781
2026-05-17 04:42:09 [INFO] Epoch: 158 [38400/50000 (77%)]	 Training Loss: 0.059 ACC: 97.34 CR: 0.89 Avg R1: 4.95 Avg R2: 1.97 Avg Reward: 6.924958
2026-05-17 04:42:21 [INFO] EPOCH:158, ======================CR:0.8821====================
2026-05-17 04:42:21 [INFO] 0.07821464192464209
2026-05-17 04:42:23 [INFO] EPOCH:158, ======================ACC:95.04====================
2026-05-17 04:42:23 [INFO] BEST EPOCH:155,BEST ACC:95.15
2026-05-17 04:42:38 [INFO] Epoch: 159 [12800/50000 (26%)]	 Training Loss: 0.061 ACC: 97.32 CR: 0.88 Avg R1: 4.91 Avg R2: 1.95 Avg Reward: 6.851180
2026-05-17 04:42:51 [INFO] Epoch: 159 [25600/50000 (51%)]	 Training Loss: 0.061 ACC: 97.25 CR: 0.88 Avg R1: 4.91 Avg R2: 1.95 Avg Reward: 6.851285
2026-05-17 04:43:02 [INFO] Epoch: 159 [38400/50000 (77%)]	 Training Loss: 0.059 ACC: 97.32 CR: 0.88 Avg R1: 4.90 Avg R2: 1.95 Avg Reward: 6.850391
2026-05-17 04:43:14 [INFO] EPOCH:159, ======================CR:0.88254====================
2026-05-17 04:43:14 [INFO] 0.08340867249527538
2026-05-17 04:43:16 [INFO] EPOCH:159, ======================ACC:94.97====================
2026-05-17 04:43:16 [INFO] BEST EPOCH:155,BEST ACC:95.15
2026-05-17 04:43:30 [INFO] Epoch: 160 [12800/50000 (26%)]	 Training Loss: 0.054 ACC: 97.58 CR: 0.89 Avg R1: 4.91 Avg R2: 1.94 Avg Reward: 6.851248
2026-05-17 04:43:42 [INFO] Epoch: 160 [25600/50000 (51%)]	 Training Loss: 0.054 ACC: 97.62 CR: 0.89 Avg R1: 4.92 Avg R2: 1.94 Avg Reward: 6.856794
2026-05-17 04:43:54 [INFO] Epoch: 160 [38400/50000 (77%)]	 Training Loss: 0.055 ACC: 97.59 CR: 0.89 Avg R1: 4.92 Avg R2: 1.94 Avg Reward: 6.863921
2026-05-17 04:44:06 [INFO] EPOCH:160, ======================CR:0.8885====================
2026-05-17 04:44:06 [INFO] 0.08090579577043547
2026-05-17 04:44:08 [INFO] EPOCH:160, ======================ACC:95.34====================
2026-05-17 04:44:08 [INFO] BEST EPOCH:160,BEST ACC:95.34
2026-05-17 04:44:21 [INFO] Epoch: 161 [12800/50000 (26%)]	 Training Loss: 0.051 ACC: 97.77 CR: 0.89 Avg R1: 4.93 Avg R2: 1.93 Avg Reward: 6.858107
2026-05-17 04:44:34 [INFO] Epoch: 161 [25600/50000 (51%)]	 Training Loss: 0.055 ACC: 97.50 CR: 0.89 Avg R1: 4.93 Avg R2: 1.93 Avg Reward: 6.858578
2026-05-17 04:44:46 [INFO] Epoch: 161 [38400/50000 (77%)]	 Training Loss: 0.053 ACC: 97.58 CR: 0.89 Avg R1: 4.94 Avg R2: 1.93 Avg Reward: 6.860748
2026-05-17 04:44:58 [INFO] EPOCH:161, ======================CR:0.89014====================
2026-05-17 04:44:58 [INFO] 0.08213006018402476
2026-05-17 04:45:00 [INFO] EPOCH:161, ======================ACC:94.85====================
2026-05-17 04:45:00 [INFO] BEST EPOCH:160,BEST ACC:95.34
2026-05-17 04:45:00 [INFO] Saving Masks: current CR 0.8901 target CR 0.9000
2026-05-17 04:45:00 [INFO] Updated candidate mask pretrained-rescale_mask_best-acc_90_05170231_resnet18 at epoch 161 with acc 94.8500
2026-05-17 04:45:12 [INFO] Epoch: 162 [12800/50000 (26%)]	 Training Loss: 0.052 ACC: 97.78 CR: 0.89 Avg R1: 4.95 Avg R2: 1.93 Avg Reward: 6.879560
2026-05-17 04:45:24 [INFO] Epoch: 162 [25600/50000 (51%)]	 Training Loss: 0.052 ACC: 97.78 CR: 0.89 Avg R1: 4.95 Avg R2: 1.93 Avg Reward: 6.881797
2026-05-17 04:45:36 [INFO] Epoch: 162 [38400/50000 (77%)]	 Training Loss: 0.054 ACC: 97.69 CR: 0.89 Avg R1: 4.96 Avg R2: 1.93 Avg Reward: 6.885448
2026-05-17 04:45:49 [INFO] EPOCH:162, ======================CR:0.89488====================
2026-05-17 04:45:49 [INFO] 0.08279011908517762
2026-05-17 04:45:51 [INFO] EPOCH:162, ======================ACC:95.33====================
2026-05-17 04:45:51 [INFO] BEST EPOCH:161,BEST ACC:95.34
2026-05-17 04:45:51 [INFO] Saving Masks: current CR 0.8949 target CR 0.9000
2026-05-17 04:45:51 [INFO] Updated candidate mask pretrained-rescale_mask_best-acc_90_05170231_resnet18 at epoch 162 with acc 95.3300
2026-05-17 04:46:04 [INFO] Epoch: 163 [12800/50000 (26%)]	 Training Loss: 0.046 ACC: 98.02 CR: 0.90 Avg R1: 4.98 Avg R2: 1.93 Avg Reward: 6.909254
2026-05-17 04:46:16 [INFO] Epoch: 163 [25600/50000 (51%)]	 Training Loss: 0.047 ACC: 97.98 CR: 0.90 Avg R1: 4.98 Avg R2: 1.93 Avg Reward: 6.908978
2026-05-17 04:46:28 [INFO] Epoch: 163 [38400/50000 (77%)]	 Training Loss: 0.048 ACC: 97.96 CR: 0.90 Avg R1: 4.96 Avg R2: 1.93 Avg Reward: 6.894745
2026-05-17 04:46:39 [INFO] EPOCH:163, ======================CR:0.89908====================
2026-05-17 04:46:39 [INFO] 0.08679007839172846
2026-05-17 04:46:41 [INFO] EPOCH:163, ======================ACC:94.89====================
2026-05-17 04:46:41 [INFO] BEST EPOCH:162,BEST ACC:95.34
2026-05-17 04:46:41 [INFO] Saving Masks: current CR 0.8991 target CR 0.9000
2026-05-17 04:46:54 [INFO] Epoch: 164 [12800/50000 (26%)]	 Training Loss: 0.048 ACC: 97.94 CR: 0.89 Avg R1: 4.98 Avg R2: 1.90 Avg Reward: 6.879857
2026-05-17 04:47:06 [INFO] Epoch: 164 [25600/50000 (51%)]	 Training Loss: 0.050 ACC: 97.89 CR: 0.89 Avg R1: 4.97 Avg R2: 1.90 Avg Reward: 6.864213
2026-05-17 04:47:18 [INFO] Epoch: 164 [38400/50000 (77%)]	 Training Loss: 0.050 ACC: 97.85 CR: 0.89 Avg R1: 4.96 Avg R2: 1.89 Avg Reward: 6.848234
2026-05-17 04:47:29 [INFO] EPOCH:164, ======================CR:0.88114====================
2026-05-17 04:47:29 [INFO] 0.0881008159658532
2026-05-17 04:47:31 [INFO] EPOCH:164, ======================ACC:95.27====================
2026-05-17 04:47:31 [INFO] BEST EPOCH:162,BEST ACC:95.34
2026-05-17 04:47:45 [INFO] Epoch: 165 [12800/50000 (26%)]	 Training Loss: 0.042 ACC: 98.27 CR: 0.88 Avg R1: 4.89 Avg R2: 1.87 Avg Reward: 6.768112
2026-05-17 04:47:58 [INFO] Epoch: 165 [25600/50000 (51%)]	 Training Loss: 0.045 ACC: 98.16 CR: 0.88 Avg R1: 4.90 Avg R2: 1.87 Avg Reward: 6.770682
2026-05-17 04:48:12 [INFO] Epoch: 165 [38400/50000 (77%)]	 Training Loss: 0.046 ACC: 98.14 CR: 0.88 Avg R1: 4.90 Avg R2: 1.87 Avg Reward: 6.774249
2026-05-17 04:48:23 [INFO] EPOCH:165, ======================CR:0.88598====================
2026-05-17 04:48:23 [INFO] 0.09048944794769737
2026-05-17 04:48:25 [INFO] EPOCH:165, ======================ACC:95.46====================
2026-05-17 04:48:25 [INFO] BEST EPOCH:165,BEST ACC:95.46
2026-05-17 04:48:38 [INFO] Epoch: 166 [12800/50000 (26%)]	 Training Loss: 0.043 ACC: 98.23 CR: 0.89 Avg R1: 4.92 Avg R2: 1.86 Avg Reward: 6.778850
2026-05-17 04:48:50 [INFO] Epoch: 166 [25600/50000 (51%)]	 Training Loss: 0.042 ACC: 98.26 CR: 0.89 Avg R1: 4.93 Avg R2: 1.86 Avg Reward: 6.786836
2026-05-17 04:49:03 [INFO] Epoch: 166 [38400/50000 (77%)]	 Training Loss: 0.042 ACC: 98.24 CR: 0.89 Avg R1: 4.93 Avg R2: 1.86 Avg Reward: 6.794729
2026-05-17 04:49:15 [INFO] EPOCH:166, ======================CR:0.89304====================
2026-05-17 04:49:15 [INFO] 0.08680575980661825
2026-05-17 04:49:17 [INFO] EPOCH:166, ======================ACC:95.37====================
2026-05-17 04:49:17 [INFO] BEST EPOCH:165,BEST ACC:95.46
2026-05-17 04:49:17 [INFO] Saving Masks: current CR 0.8930 target CR 0.9000
2026-05-17 04:49:17 [INFO] Updated candidate mask pretrained-rescale_mask_best-acc_90_05170231_resnet18 at epoch 166 with acc 95.3700
2026-05-17 04:49:30 [INFO] Epoch: 167 [12800/50000 (26%)]	 Training Loss: 0.040 ACC: 98.36 CR: 0.89 Avg R1: 4.95 Avg R2: 1.85 Avg Reward: 6.803399
2026-05-17 04:49:43 [INFO] Epoch: 167 [25600/50000 (51%)]	 Training Loss: 0.039 ACC: 98.37 CR: 0.89 Avg R1: 4.95 Avg R2: 1.85 Avg Reward: 6.800629
2026-05-17 04:49:57 [INFO] Epoch: 167 [38400/50000 (77%)]	 Training Loss: 0.040 ACC: 98.36 CR: 0.89 Avg R1: 4.95 Avg R2: 1.85 Avg Reward: 6.799747
2026-05-17 04:50:10 [INFO] EPOCH:167, ======================CR:0.89066====================
2026-05-17 04:50:10 [INFO] 0.10088579093236236
2026-05-17 04:50:12 [INFO] EPOCH:167, ======================ACC:95.55====================
2026-05-17 04:50:12 [INFO] BEST EPOCH:167,BEST ACC:95.55
2026-05-17 04:50:12 [INFO] Saving Masks: current CR 0.8907 target CR 0.9000
2026-05-17 04:50:12 [INFO] Updated candidate mask pretrained-rescale_mask_best-acc_90_05170231_resnet18 at epoch 167 with acc 95.5500
2026-05-17 04:50:24 [INFO] Epoch: 168 [12800/50000 (26%)]	 Training Loss: 0.045 ACC: 98.12 CR: 0.89 Avg R1: 4.95 Avg R2: 1.83 Avg Reward: 6.781783
2026-05-17 04:50:37 [INFO] Epoch: 168 [25600/50000 (51%)]	 Training Loss: 0.044 ACC: 98.14 CR: 0.89 Avg R1: 4.95 Avg R2: 1.83 Avg Reward: 6.785293
2026-05-17 04:50:50 [INFO] Epoch: 168 [38400/50000 (77%)]	 Training Loss: 0.042 ACC: 98.20 CR: 0.89 Avg R1: 4.95 Avg R2: 1.83 Avg Reward: 6.785781
2026-05-17 04:51:01 [INFO] EPOCH:168, ======================CR:0.89064====================
2026-05-17 04:51:01 [INFO] 0.09072066714113668
2026-05-17 04:51:03 [INFO] EPOCH:168, ======================ACC:95.54====================
2026-05-17 04:51:03 [INFO] BEST EPOCH:167,BEST ACC:95.55
2026-05-17 04:51:03 [INFO] Saving Masks: current CR 0.8906 target CR 0.9000
2026-05-17 04:51:16 [INFO] Epoch: 169 [12800/50000 (26%)]	 Training Loss: 0.044 ACC: 98.15 CR: 0.89 Avg R1: 4.95 Avg R2: 1.83 Avg Reward: 6.780493
2026-05-17 04:51:30 [INFO] Epoch: 169 [25600/50000 (51%)]	 Training Loss: 0.041 ACC: 98.29 CR: 0.89 Avg R1: 4.96 Avg R2: 1.83 Avg Reward: 6.785522
2026-05-17 04:51:42 [INFO] Epoch: 169 [38400/50000 (77%)]	 Training Loss: 0.041 ACC: 98.26 CR: 0.90 Avg R1: 4.96 Avg R2: 1.83 Avg Reward: 6.792037
2026-05-17 04:51:55 [INFO] EPOCH:169, ======================CR:0.8948====================
2026-05-17 04:51:55 [INFO] 0.08963384841429481
2026-05-17 04:51:57 [INFO] EPOCH:169, ======================ACC:95.35====================
2026-05-17 04:51:57 [INFO] BEST EPOCH:167,BEST ACC:95.55
2026-05-17 04:51:57 [INFO] Saving Masks: current CR 0.8948 target CR 0.9000
2026-05-17 04:52:11 [INFO] Epoch: 170 [12800/50000 (26%)]	 Training Loss: 0.043 ACC: 98.28 CR: 0.89 Avg R1: 4.97 Avg R2: 1.82 Avg Reward: 6.784573
2026-05-17 04:52:24 [INFO] Epoch: 170 [25600/50000 (51%)]	 Training Loss: 0.039 ACC: 98.43 CR: 0.89 Avg R1: 4.96 Avg R2: 1.82 Avg Reward: 6.779249
2026-05-17 04:52:38 [INFO] Epoch: 170 [38400/50000 (77%)]	 Training Loss: 0.039 ACC: 98.42 CR: 0.89 Avg R1: 4.96 Avg R2: 1.81 Avg Reward: 6.776928
2026-05-17 04:52:49 [INFO] EPOCH:170, ======================CR:0.89172====================
2026-05-17 04:52:49 [INFO] 0.09255535416353422
2026-05-17 04:52:51 [INFO] EPOCH:170, ======================ACC:95.52====================
2026-05-17 04:52:51 [INFO] BEST EPOCH:167,BEST ACC:95.55
2026-05-17 04:52:51 [INFO] Saving Masks: current CR 0.8917 target CR 0.9000
2026-05-17 04:53:03 [INFO] Epoch: 171 [12800/50000 (26%)]	 Training Loss: 0.039 ACC: 98.40 CR: 0.89 Avg R1: 4.96 Avg R2: 1.80 Avg Reward: 6.765570
2026-05-17 04:53:16 [INFO] Epoch: 171 [25600/50000 (51%)]	 Training Loss: 0.037 ACC: 98.48 CR: 0.90 Avg R1: 4.97 Avg R2: 1.80 Avg Reward: 6.771798
2026-05-17 04:53:29 [INFO] Epoch: 171 [38400/50000 (77%)]	 Training Loss: 0.036 ACC: 98.53 CR: 0.90 Avg R1: 4.97 Avg R2: 1.80 Avg Reward: 6.778279
2026-05-17 04:53:40 [INFO] EPOCH:171, ======================CR:0.89922====================
2026-05-17 04:53:40 [INFO] 0.0827324239555061
2026-05-17 04:53:42 [INFO] EPOCH:171, ======================ACC:95.83====================
2026-05-17 04:53:42 [INFO] BEST EPOCH:171,BEST ACC:95.83
2026-05-17 04:53:42 [INFO] Saving Masks: current CR 0.8992 target CR 0.9000
2026-05-17 04:53:42 [INFO] Updated candidate mask pretrained-rescale_mask_best-acc_90_05170231_resnet18 at epoch 171 with acc 95.8300
2026-05-17 04:53:56 [INFO] Epoch: 172 [12800/50000 (26%)]	 Training Loss: 0.034 ACC: 98.55 CR: 0.90 Avg R1: 4.99 Avg R2: 1.79 Avg Reward: 6.777683
2026-05-17 04:54:10 [INFO] Epoch: 172 [25600/50000 (51%)]	 Training Loss: 0.035 ACC: 98.50 CR: 0.89 Avg R1: 4.98 Avg R2: 1.79 Avg Reward: 6.771479
2026-05-17 04:54:24 [INFO] Epoch: 172 [38400/50000 (77%)]	 Training Loss: 0.036 ACC: 98.47 CR: 0.90 Avg R1: 4.98 Avg R2: 1.79 Avg Reward: 6.767373
2026-05-17 04:54:36 [INFO] EPOCH:172, ======================CR:0.89702====================
2026-05-17 04:54:36 [INFO] 0.08964497137217424
2026-05-17 04:54:38 [INFO] EPOCH:172, ======================ACC:95.59====================
2026-05-17 04:54:38 [INFO] BEST EPOCH:171,BEST ACC:95.83
2026-05-17 04:54:38 [INFO] Saving Masks: current CR 0.8970 target CR 0.9000
2026-05-17 04:54:49 [INFO] Epoch: 173 [12800/50000 (26%)]	 Training Loss: 0.034 ACC: 98.59 CR: 0.90 Avg R1: 4.98 Avg R2: 1.76 Avg Reward: 6.742443
2026-05-17 04:54:59 [INFO] Epoch: 173 [25600/50000 (51%)]	 Training Loss: 0.033 ACC: 98.67 CR: 0.90 Avg R1: 4.98 Avg R2: 1.76 Avg Reward: 6.742823
2026-05-17 04:55:10 [INFO] Epoch: 173 [38400/50000 (77%)]	 Training Loss: 0.033 ACC: 98.66 CR: 0.90 Avg R1: 4.98 Avg R2: 1.76 Avg Reward: 6.741668
2026-05-17 04:55:23 [INFO] EPOCH:173, ======================CR:0.89568====================
2026-05-17 04:55:23 [INFO] 0.09903800405163429
2026-05-17 04:55:25 [INFO] EPOCH:173, ======================ACC:95.76====================
2026-05-17 04:55:25 [INFO] BEST EPOCH:171,BEST ACC:95.83
2026-05-17 04:55:25 [INFO] Saving Masks: current CR 0.8957 target CR 0.9000
2026-05-17 04:55:37 [INFO] Epoch: 174 [12800/50000 (26%)]	 Training Loss: 0.031 ACC: 98.66 CR: 0.90 Avg R1: 4.98 Avg R2: 1.76 Avg Reward: 6.734574
2026-05-17 04:55:47 [INFO] Epoch: 174 [25600/50000 (51%)]	 Training Loss: 0.032 ACC: 98.73 CR: 0.90 Avg R1: 4.98 Avg R2: 1.76 Avg Reward: 6.742440
2026-05-17 04:56:00 [INFO] Epoch: 174 [38400/50000 (77%)]	 Training Loss: 0.032 ACC: 98.72 CR: 0.90 Avg R1: 4.98 Avg R2: 1.76 Avg Reward: 6.744314
2026-05-17 04:56:11 [INFO] EPOCH:174, ======================CR:0.89756====================
2026-05-17 04:56:11 [INFO] 0.09230343934197387
2026-05-17 04:56:13 [INFO] EPOCH:174, ======================ACC:95.75====================
2026-05-17 04:56:13 [INFO] BEST EPOCH:171,BEST ACC:95.83
2026-05-17 04:56:13 [INFO] Saving Masks: current CR 0.8976 target CR 0.9000
2026-05-17 04:56:25 [INFO] Epoch: 175 [12800/50000 (26%)]	 Training Loss: 0.031 ACC: 98.72 CR: 0.89 Avg R1: 4.98 Avg R2: 1.75 Avg Reward: 6.727076
2026-05-17 04:56:37 [INFO] Epoch: 175 [25600/50000 (51%)]	 Training Loss: 0.032 ACC: 98.66 CR: 0.89 Avg R1: 4.97 Avg R2: 1.75 Avg Reward: 6.719223
2026-05-17 04:56:48 [INFO] Epoch: 175 [38400/50000 (77%)]	 Training Loss: 0.032 ACC: 98.70 CR: 0.89 Avg R1: 4.96 Avg R2: 1.75 Avg Reward: 6.710808
2026-05-17 04:57:00 [INFO] EPOCH:175, ======================CR:0.89036====================
2026-05-17 04:57:00 [INFO] 0.09551433334912579
2026-05-17 04:57:02 [INFO] EPOCH:175, ======================ACC:95.8====================
2026-05-17 04:57:02 [INFO] BEST EPOCH:171,BEST ACC:95.83
2026-05-17 04:57:02 [INFO] Saving Masks: current CR 0.8904 target CR 0.9000
2026-05-17 04:57:14 [INFO] Epoch: 176 [12800/50000 (26%)]	 Training Loss: 0.029 ACC: 98.80 CR: 0.89 Avg R1: 4.95 Avg R2: 1.73 Avg Reward: 6.676615
2026-05-17 04:57:26 [INFO] Epoch: 176 [25600/50000 (51%)]	 Training Loss: 0.029 ACC: 98.78 CR: 0.89 Avg R1: 4.95 Avg R2: 1.73 Avg Reward: 6.678442
2026-05-17 04:57:39 [INFO] Epoch: 176 [38400/50000 (77%)]	 Training Loss: 0.029 ACC: 98.72 CR: 0.89 Avg R1: 4.95 Avg R2: 1.73 Avg Reward: 6.679831
2026-05-17 04:57:50 [INFO] EPOCH:176, ======================CR:0.89264====================
2026-05-17 04:57:50 [INFO] 0.09841852802064946
2026-05-17 04:57:52 [INFO] EPOCH:176, ======================ACC:95.97====================
2026-05-17 04:57:52 [INFO] BEST EPOCH:176,BEST ACC:95.97
2026-05-17 04:57:52 [INFO] Saving Masks: current CR 0.8926 target CR 0.9000
2026-05-17 04:57:52 [INFO] Updated candidate mask pretrained-rescale_mask_best-acc_90_05170231_resnet18 at epoch 176 with acc 95.9700
2026-05-17 04:58:05 [INFO] Epoch: 177 [12800/50000 (26%)]	 Training Loss: 0.029 ACC: 98.86 CR: 0.89 Avg R1: 4.96 Avg R2: 1.71 Avg Reward: 6.666713
2026-05-17 04:58:17 [INFO] Epoch: 177 [25600/50000 (51%)]	 Training Loss: 0.029 ACC: 98.81 CR: 0.89 Avg R1: 4.96 Avg R2: 1.71 Avg Reward: 6.670360
2026-05-17 04:58:30 [INFO] Epoch: 177 [38400/50000 (77%)]	 Training Loss: 0.030 ACC: 98.77 CR: 0.89 Avg R1: 4.96 Avg R2: 1.71 Avg Reward: 6.670641
2026-05-17 04:58:41 [INFO] EPOCH:177, ======================CR:0.8959====================
2026-05-17 04:58:41 [INFO] 0.09790404744369188
2026-05-17 04:58:43 [INFO] EPOCH:177, ======================ACC:96.01====================
2026-05-17 04:58:43 [INFO] BEST EPOCH:177,BEST ACC:96.01
2026-05-17 04:58:43 [INFO] Saving Masks: current CR 0.8959 target CR 0.9000
2026-05-17 04:58:43 [INFO] Updated candidate mask pretrained-rescale_mask_best-acc_90_05170231_resnet18 at epoch 177 with acc 96.0100
2026-05-17 04:58:56 [INFO] Epoch: 178 [12800/50000 (26%)]	 Training Loss: 0.029 ACC: 98.88 CR: 0.90 Avg R1: 4.98 Avg R2: 1.71 Avg Reward: 6.692774
2026-05-17 04:59:08 [INFO] Epoch: 178 [25600/50000 (51%)]	 Training Loss: 0.028 ACC: 98.89 CR: 0.90 Avg R1: 4.99 Avg R2: 1.71 Avg Reward: 6.700003
2026-05-17 04:59:20 [INFO] Epoch: 178 [38400/50000 (77%)]	 Training Loss: 0.028 ACC: 98.89 CR: 0.90 Avg R1: 4.99 Avg R2: 1.71 Avg Reward: 6.702587
2026-05-17 04:59:32 [INFO] EPOCH:178, ======================CR:0.89508====================
2026-05-17 04:59:32 [INFO] 0.10522004443146064
2026-05-17 04:59:34 [INFO] EPOCH:178, ======================ACC:96.02====================
2026-05-17 04:59:34 [INFO] BEST EPOCH:178,BEST ACC:96.02
2026-05-17 04:59:34 [INFO] Saving Masks: current CR 0.8951 target CR 0.9000
2026-05-17 04:59:34 [INFO] Updated candidate mask pretrained-rescale_mask_best-acc_90_05170231_resnet18 at epoch 178 with acc 96.0200
2026-05-17 04:59:49 [INFO] Epoch: 179 [12800/50000 (26%)]	 Training Loss: 0.027 ACC: 98.89 CR: 0.89 Avg R1: 4.97 Avg R2: 1.69 Avg Reward: 6.658991
2026-05-17 05:00:00 [INFO] Epoch: 179 [25600/50000 (51%)]	 Training Loss: 0.026 ACC: 98.96 CR: 0.89 Avg R1: 4.96 Avg R2: 1.69 Avg Reward: 6.652170
2026-05-17 05:00:12 [INFO] Epoch: 179 [38400/50000 (77%)]	 Training Loss: 0.027 ACC: 98.89 CR: 0.89 Avg R1: 4.96 Avg R2: 1.69 Avg Reward: 6.646187
2026-05-17 05:00:24 [INFO] EPOCH:179, ======================CR:0.88826====================
2026-05-17 05:00:24 [INFO] 0.09729181858306118
2026-05-17 05:00:26 [INFO] EPOCH:179, ======================ACC:96.07====================
2026-05-17 05:00:26 [INFO] BEST EPOCH:179,BEST ACC:96.07
2026-05-17 05:00:40 [INFO] Epoch: 180 [12800/50000 (26%)]	 Training Loss: 0.027 ACC: 98.90 CR: 0.89 Avg R1: 4.93 Avg R2: 1.67 Avg Reward: 6.600164
2026-05-17 05:00:52 [INFO] Epoch: 180 [25600/50000 (51%)]	 Training Loss: 0.025 ACC: 98.96 CR: 0.89 Avg R1: 4.93 Avg R2: 1.67 Avg Reward: 6.599625
2026-05-17 05:01:06 [INFO] Epoch: 180 [38400/50000 (77%)]	 Training Loss: 0.025 ACC: 98.99 CR: 0.89 Avg R1: 4.94 Avg R2: 1.67 Avg Reward: 6.603245
2026-05-17 05:01:19 [INFO] EPOCH:180, ======================CR:0.8922====================
2026-05-17 05:01:19 [INFO] 0.09399499484910605
2026-05-17 05:01:21 [INFO] EPOCH:180, ======================ACC:96.01====================
2026-05-17 05:01:21 [INFO] BEST EPOCH:179,BEST ACC:96.07
2026-05-17 05:01:21 [INFO] Saving Masks: current CR 0.8922 target CR 0.9000
2026-05-17 05:01:36 [INFO] Epoch: 181 [12800/50000 (26%)]	 Training Loss: 0.026 ACC: 98.98 CR: 0.89 Avg R1: 4.96 Avg R2: 1.66 Avg Reward: 6.611884
2026-05-17 05:01:48 [INFO] Epoch: 181 [25600/50000 (51%)]	 Training Loss: 0.026 ACC: 99.00 CR: 0.89 Avg R1: 4.95 Avg R2: 1.66 Avg Reward: 6.608869
2026-05-17 05:02:00 [INFO] Epoch: 181 [38400/50000 (77%)]	 Training Loss: 0.025 ACC: 99.03 CR: 0.89 Avg R1: 4.95 Avg R2: 1.65 Avg Reward: 6.605798
2026-05-17 05:02:14 [INFO] EPOCH:181, ======================CR:0.8883====================
2026-05-17 05:02:14 [INFO] 0.08644821868812555
2026-05-17 05:02:16 [INFO] EPOCH:181, ======================ACC:95.95====================
2026-05-17 05:02:16 [INFO] BEST EPOCH:179,BEST ACC:96.07
2026-05-17 05:02:29 [INFO] Epoch: 182 [12800/50000 (26%)]	 Training Loss: 0.026 ACC: 99.02 CR: 0.89 Avg R1: 4.93 Avg R2: 1.65 Avg Reward: 6.583181
2026-05-17 05:02:42 [INFO] Epoch: 182 [25600/50000 (51%)]	 Training Loss: 0.026 ACC: 99.00 CR: 0.89 Avg R1: 4.94 Avg R2: 1.65 Avg Reward: 6.588013
2026-05-17 05:02:57 [INFO] Epoch: 182 [38400/50000 (77%)]	 Training Loss: 0.025 ACC: 99.02 CR: 0.89 Avg R1: 4.94 Avg R2: 1.65 Avg Reward: 6.591689
2026-05-17 05:03:10 [INFO] EPOCH:182, ======================CR:0.89206====================
2026-05-17 05:03:10 [INFO] 0.09877322588787682
2026-05-17 05:03:12 [INFO] EPOCH:182, ======================ACC:95.94====================
2026-05-17 05:03:12 [INFO] BEST EPOCH:179,BEST ACC:96.07
2026-05-17 05:03:12 [INFO] Saving Masks: current CR 0.8921 target CR 0.9000
2026-05-17 05:03:25 [INFO] Epoch: 183 [12800/50000 (26%)]	 Training Loss: 0.024 ACC: 98.86 CR: 0.89 Avg R1: 4.96 Avg R2: 1.65 Avg Reward: 6.605537
2026-05-17 05:03:37 [INFO] Epoch: 183 [25600/50000 (51%)]	 Training Loss: 0.023 ACC: 99.03 CR: 0.89 Avg R1: 4.96 Avg R2: 1.65 Avg Reward: 6.604659
2026-05-17 05:03:51 [INFO] Epoch: 183 [38400/50000 (77%)]	 Training Loss: 0.024 ACC: 99.00 CR: 0.90 Avg R1: 4.96 Avg R2: 1.65 Avg Reward: 6.609870
2026-05-17 05:04:04 [INFO] EPOCH:183, ======================CR:0.89666====================
2026-05-17 05:04:04 [INFO] 0.09975062969627424
2026-05-17 05:04:06 [INFO] EPOCH:183, ======================ACC:95.9====================
2026-05-17 05:04:06 [INFO] BEST EPOCH:179,BEST ACC:96.07
2026-05-17 05:04:06 [INFO] Saving Masks: current CR 0.8967 target CR 0.9000
2026-05-17 05:04:20 [INFO] Epoch: 184 [12800/50000 (26%)]	 Training Loss: 0.022 ACC: 99.10 CR: 0.90 Avg R1: 4.99 Avg R2: 1.64 Avg Reward: 6.630820
2026-05-17 05:04:32 [INFO] Epoch: 184 [25600/50000 (51%)]	 Training Loss: 0.024 ACC: 99.04 CR: 0.90 Avg R1: 4.99 Avg R2: 1.64 Avg Reward: 6.630384
2026-05-17 05:04:45 [INFO] Epoch: 184 [38400/50000 (77%)]	 Training Loss: 0.024 ACC: 99.02 CR: 0.90 Avg R1: 4.99 Avg R2: 1.65 Avg Reward: 6.632587
2026-05-17 05:04:57 [INFO] EPOCH:184, ======================CR:0.90056====================
2026-05-17 05:04:57 [INFO] 0.1011514390153109
2026-05-17 05:04:59 [INFO] EPOCH:184, ======================ACC:96.05====================
2026-05-17 05:04:59 [INFO] BEST EPOCH:179,BEST ACC:96.07
2026-05-17 05:04:59 [INFO] Saving Masks: current CR 0.9006 target CR 0.9000
2026-05-17 05:04:59 [INFO] Updated candidate mask pretrained-rescale_mask_best-acc_90_05170231_resnet18 at epoch 184 with acc 96.0500
2026-05-17 05:05:14 [INFO] Epoch: 185 [12800/50000 (26%)]	 Training Loss: 0.024 ACC: 98.95 CR: 0.90 Avg R1: 4.99 Avg R2: 1.64 Avg Reward: 6.631396
2026-05-17 05:05:27 [INFO] Epoch: 185 [25600/50000 (51%)]	 Training Loss: 0.024 ACC: 99.01 CR: 0.89 Avg R1: 4.98 Avg R2: 1.64 Avg Reward: 6.623882
2026-05-17 05:05:42 [INFO] Epoch: 185 [38400/50000 (77%)]	 Training Loss: 0.024 ACC: 99.00 CR: 0.89 Avg R1: 4.97 Avg R2: 1.64 Avg Reward: 6.612643
2026-05-17 05:05:55 [INFO] EPOCH:185, ======================CR:0.88802====================
2026-05-17 05:05:55 [INFO] 0.09383613513486419
2026-05-17 05:05:57 [INFO] EPOCH:185, ======================ACC:96.08====================
2026-05-17 05:05:57 [INFO] BEST EPOCH:185,BEST ACC:96.08
2026-05-17 05:06:12 [INFO] Epoch: 186 [12800/50000 (26%)]	 Training Loss: 0.022 ACC: 99.16 CR: 0.89 Avg R1: 4.93 Avg R2: 1.62 Avg Reward: 6.547383
2026-05-17 05:06:26 [INFO] Epoch: 186 [25600/50000 (51%)]	 Training Loss: 0.021 ACC: 99.17 CR: 0.89 Avg R1: 4.93 Avg R2: 1.62 Avg Reward: 6.543330
2026-05-17 05:06:40 [INFO] Epoch: 186 [38400/50000 (77%)]	 Training Loss: 0.021 ACC: 99.18 CR: 0.89 Avg R1: 4.93 Avg R2: 1.62 Avg Reward: 6.541275
2026-05-17 05:06:53 [INFO] EPOCH:186, ======================CR:0.88638====================
2026-05-17 05:06:53 [INFO] 0.09060333522320489
2026-05-17 05:06:55 [INFO] EPOCH:186, ======================ACC:96.11====================
2026-05-17 05:06:55 [INFO] BEST EPOCH:186,BEST ACC:96.11
2026-05-17 05:07:09 [INFO] Epoch: 187 [12800/50000 (26%)]	 Training Loss: 0.021 ACC: 99.18 CR: 0.89 Avg R1: 4.93 Avg R2: 1.61 Avg Reward: 6.531893
2026-05-17 05:07:23 [INFO] Epoch: 187 [25600/50000 (51%)]	 Training Loss: 0.021 ACC: 99.16 CR: 0.89 Avg R1: 4.92 Avg R2: 1.61 Avg Reward: 6.529697
2026-05-17 05:07:36 [INFO] Epoch: 187 [38400/50000 (77%)]	 Training Loss: 0.021 ACC: 99.16 CR: 0.89 Avg R1: 4.92 Avg R2: 1.61 Avg Reward: 6.529822
2026-05-17 05:07:48 [INFO] EPOCH:187, ======================CR:0.88562====================
2026-05-17 05:07:48 [INFO] 0.08778595872669824
2026-05-17 05:07:50 [INFO] EPOCH:187, ======================ACC:96.06====================
2026-05-17 05:07:50 [INFO] BEST EPOCH:186,BEST ACC:96.11
2026-05-17 05:08:03 [INFO] Epoch: 188 [12800/50000 (26%)]	 Training Loss: 0.021 ACC: 99.12 CR: 0.89 Avg R1: 4.93 Avg R2: 1.61 Avg Reward: 6.537680
2026-05-17 05:08:17 [INFO] Epoch: 188 [25600/50000 (51%)]	 Training Loss: 0.021 ACC: 99.07 CR: 0.89 Avg R1: 4.93 Avg R2: 1.61 Avg Reward: 6.541245
2026-05-17 05:08:30 [INFO] Epoch: 188 [38400/50000 (77%)]	 Training Loss: 0.021 ACC: 99.11 CR: 0.89 Avg R1: 4.93 Avg R2: 1.61 Avg Reward: 6.543494
2026-05-17 05:08:42 [INFO] EPOCH:188, ======================CR:0.88908====================
2026-05-17 05:08:42 [INFO] 0.09170387970049947
2026-05-17 05:08:44 [INFO] EPOCH:188, ======================ACC:95.98====================
2026-05-17 05:08:44 [INFO] BEST EPOCH:186,BEST ACC:96.11
2026-05-17 05:08:57 [INFO] Epoch: 189 [12800/50000 (26%)]	 Training Loss: 0.023 ACC: 99.05 CR: 0.89 Avg R1: 4.94 Avg R2: 1.60 Avg Reward: 6.543879
2026-05-17 05:09:10 [INFO] Epoch: 189 [25600/50000 (51%)]	 Training Loss: 0.022 ACC: 99.11 CR: 0.89 Avg R1: 4.94 Avg R2: 1.60 Avg Reward: 6.542203
2026-05-17 05:09:24 [INFO] Epoch: 189 [38400/50000 (77%)]	 Training Loss: 0.020 ACC: 99.16 CR: 0.89 Avg R1: 4.94 Avg R2: 1.60 Avg Reward: 6.540005
2026-05-17 05:09:37 [INFO] EPOCH:189, ======================CR:0.8875====================
2026-05-17 05:09:37 [INFO] 0.0954470089577697
2026-05-17 05:09:39 [INFO] EPOCH:189, ======================ACC:96.09====================
2026-05-17 05:09:39 [INFO] BEST EPOCH:186,BEST ACC:96.11
2026-05-17 05:09:52 [INFO] Epoch: 190 [12800/50000 (26%)]	 Training Loss: 0.022 ACC: 99.07 CR: 0.89 Avg R1: 4.94 Avg R2: 1.61 Avg Reward: 6.540177
2026-05-17 05:10:05 [INFO] Epoch: 190 [25600/50000 (51%)]	 Training Loss: 0.020 ACC: 99.19 CR: 0.89 Avg R1: 4.94 Avg R2: 1.61 Avg Reward: 6.546493
2026-05-17 05:10:20 [INFO] Epoch: 190 [38400/50000 (77%)]	 Training Loss: 0.021 ACC: 99.14 CR: 0.89 Avg R1: 4.95 Avg R2: 1.61 Avg Reward: 6.553240
2026-05-17 05:10:33 [INFO] EPOCH:190, ======================CR:0.89414====================
2026-05-17 05:10:33 [INFO] 0.09566736266245937
2026-05-17 05:10:35 [INFO] EPOCH:190, ======================ACC:96.17====================
2026-05-17 05:10:35 [INFO] BEST EPOCH:190,BEST ACC:96.17
2026-05-17 05:10:35 [INFO] Saving Masks: current CR 0.8941 target CR 0.9000
2026-05-17 05:10:35 [INFO] Updated candidate mask pretrained-rescale_mask_best-acc_90_05170231_resnet18 at epoch 190 with acc 96.1700
2026-05-17 05:10:49 [INFO] Epoch: 191 [12800/50000 (26%)]	 Training Loss: 0.019 ACC: 99.30 CR: 0.90 Avg R1: 4.97 Avg R2: 1.60 Avg Reward: 6.571130
2026-05-17 05:11:02 [INFO] Epoch: 191 [25600/50000 (51%)]	 Training Loss: 0.019 ACC: 99.29 CR: 0.90 Avg R1: 4.97 Avg R2: 1.60 Avg Reward: 6.573146
2026-05-17 05:11:15 [INFO] Epoch: 191 [38400/50000 (77%)]	 Training Loss: 0.019 ACC: 99.29 CR: 0.90 Avg R1: 4.97 Avg R2: 1.60 Avg Reward: 6.574196
2026-05-17 05:11:27 [INFO] EPOCH:191, ======================CR:0.89686====================
2026-05-17 05:11:27 [INFO] 0.09346293424105362
2026-05-17 05:11:29 [INFO] EPOCH:191, ======================ACC:96.18====================
2026-05-17 05:11:29 [INFO] BEST EPOCH:191,BEST ACC:96.18
2026-05-17 05:11:29 [INFO] Saving Masks: current CR 0.8969 target CR 0.9000
2026-05-17 05:11:29 [INFO] Updated candidate mask pretrained-rescale_mask_best-acc_90_05170231_resnet18 at epoch 191 with acc 96.1800
2026-05-17 05:11:43 [INFO] Epoch: 192 [12800/50000 (26%)]	 Training Loss: 0.020 ACC: 99.09 CR: 0.90 Avg R1: 4.98 Avg R2: 1.60 Avg Reward: 6.578130
2026-05-17 05:11:54 [INFO] Epoch: 192 [25600/50000 (51%)]	 Training Loss: 0.021 ACC: 99.10 CR: 0.89 Avg R1: 4.98 Avg R2: 1.60 Avg Reward: 6.574312
2026-05-17 05:12:08 [INFO] Epoch: 192 [38400/50000 (77%)]	 Training Loss: 0.021 ACC: 99.14 CR: 0.89 Avg R1: 4.97 Avg R2: 1.60 Avg Reward: 6.570717
2026-05-17 05:12:22 [INFO] EPOCH:192, ======================CR:0.89436====================
2026-05-17 05:12:22 [INFO] 0.08934684657537743
2026-05-17 05:12:24 [INFO] EPOCH:192, ======================ACC:96.21====================
2026-05-17 05:12:24 [INFO] BEST EPOCH:192,BEST ACC:96.21
2026-05-17 05:12:24 [INFO] Saving Masks: current CR 0.8944 target CR 0.9000
2026-05-17 05:12:24 [INFO] Updated candidate mask pretrained-rescale_mask_best-acc_90_05170231_resnet18 at epoch 192 with acc 96.2100
2026-05-17 05:12:38 [INFO] Epoch: 193 [12800/50000 (26%)]	 Training Loss: 0.020 ACC: 99.16 CR: 0.89 Avg R1: 4.96 Avg R2: 1.60 Avg Reward: 6.567153
2026-05-17 05:12:52 [INFO] Epoch: 193 [25600/50000 (51%)]	 Training Loss: 0.019 ACC: 99.25 CR: 0.89 Avg R1: 4.96 Avg R2: 1.60 Avg Reward: 6.567773
2026-05-17 05:13:05 [INFO] Epoch: 193 [38400/50000 (77%)]	 Training Loss: 0.019 ACC: 99.22 CR: 0.89 Avg R1: 4.96 Avg R2: 1.60 Avg Reward: 6.567453
2026-05-17 05:13:18 [INFO] EPOCH:193, ======================CR:0.89518====================
2026-05-17 05:13:18 [INFO] 0.0937585399895316
2026-05-17 05:13:20 [INFO] EPOCH:193, ======================ACC:96.13====================
2026-05-17 05:13:20 [INFO] BEST EPOCH:192,BEST ACC:96.21
2026-05-17 05:13:20 [INFO] Saving Masks: current CR 0.8952 target CR 0.9000
2026-05-17 05:13:33 [INFO] Epoch: 194 [12800/50000 (26%)]	 Training Loss: 0.019 ACC: 99.20 CR: 0.90 Avg R1: 4.97 Avg R2: 1.59 Avg Reward: 6.565922
2026-05-17 05:13:45 [INFO] Epoch: 194 [25600/50000 (51%)]	 Training Loss: 0.020 ACC: 99.20 CR: 0.89 Avg R1: 4.97 Avg R2: 1.59 Avg Reward: 6.566598
2026-05-17 05:13:59 [INFO] Epoch: 194 [38400/50000 (77%)]	 Training Loss: 0.020 ACC: 99.19 CR: 0.90 Avg R1: 4.97 Avg R2: 1.59 Avg Reward: 6.567244
2026-05-17 05:14:13 [INFO] EPOCH:194, ======================CR:0.89794====================
2026-05-17 05:14:13 [INFO] 0.09116969123125954
2026-05-17 05:14:15 [INFO] EPOCH:194, ======================ACC:96.18====================
2026-05-17 05:14:15 [INFO] BEST EPOCH:192,BEST ACC:96.21
2026-05-17 05:14:15 [INFO] Saving Masks: current CR 0.8979 target CR 0.9000
2026-05-17 05:14:29 [INFO] Epoch: 195 [12800/50000 (26%)]	 Training Loss: 0.021 ACC: 99.18 CR: 0.90 Avg R1: 4.99 Avg R2: 1.60 Avg Reward: 6.592458
2026-05-17 05:14:43 [INFO] Epoch: 195 [25600/50000 (51%)]	 Training Loss: 0.022 ACC: 99.14 CR: 0.90 Avg R1: 4.99 Avg R2: 1.60 Avg Reward: 6.591837
2026-05-17 05:14:56 [INFO] Epoch: 195 [38400/50000 (77%)]	 Training Loss: 0.022 ACC: 99.14 CR: 0.90 Avg R1: 4.99 Avg R2: 1.60 Avg Reward: 6.592201
2026-05-17 05:15:10 [INFO] EPOCH:195, ======================CR:0.90112====================
2026-05-17 05:15:10 [INFO] 0.0914644296495672
2026-05-17 05:15:12 [INFO] EPOCH:195, ======================ACC:96.19====================
2026-05-17 05:15:12 [INFO] BEST EPOCH:192,BEST ACC:96.21
2026-05-17 05:15:12 [INFO] Saving Masks: current CR 0.9011 target CR 0.9000
2026-05-17 05:15:26 [INFO] Epoch: 196 [12800/50000 (26%)]	 Training Loss: 0.020 ACC: 99.21 CR: 0.90 Avg R1: 4.96 Avg R2: 1.60 Avg Reward: 6.557457
2026-05-17 05:15:40 [INFO] Epoch: 196 [25600/50000 (51%)]	 Training Loss: 0.019 ACC: 99.23 CR: 0.90 Avg R1: 4.97 Avg R2: 1.60 Avg Reward: 6.572993
2026-05-17 05:15:54 [INFO] Epoch: 196 [38400/50000 (77%)]	 Training Loss: 0.020 ACC: 99.21 CR: 0.89 Avg R1: 4.97 Avg R2: 1.60 Avg Reward: 6.572531
2026-05-17 05:16:07 [INFO] EPOCH:196, ======================CR:0.89342====================
2026-05-17 05:16:07 [INFO] 0.09460746473084428
2026-05-17 05:16:09 [INFO] EPOCH:196, ======================ACC:96.22====================
2026-05-17 05:16:09 [INFO] BEST EPOCH:196,BEST ACC:96.22
2026-05-17 05:16:09 [INFO] Saving Masks: current CR 0.8934 target CR 0.9000
2026-05-17 05:16:09 [INFO] Updated candidate mask pretrained-rescale_mask_best-acc_90_05170231_resnet18 at epoch 196 with acc 96.2200
2026-05-17 05:16:23 [INFO] Epoch: 197 [12800/50000 (26%)]	 Training Loss: 0.021 ACC: 99.14 CR: 0.89 Avg R1: 4.96 Avg R2: 1.60 Avg Reward: 6.561419
2026-05-17 05:16:36 [INFO] Epoch: 197 [25600/50000 (51%)]	 Training Loss: 0.020 ACC: 99.16 CR: 0.89 Avg R1: 4.97 Avg R2: 1.60 Avg Reward: 6.564027
2026-05-17 05:16:49 [INFO] Epoch: 197 [38400/50000 (77%)]	 Training Loss: 0.020 ACC: 99.17 CR: 0.89 Avg R1: 4.97 Avg R2: 1.60 Avg Reward: 6.563196
2026-05-17 05:17:01 [INFO] EPOCH:197, ======================CR:0.89224====================
2026-05-17 05:17:01 [INFO] 0.09496363757713448
2026-05-17 05:17:03 [INFO] EPOCH:197, ======================ACC:96.24====================
2026-05-17 05:17:03 [INFO] BEST EPOCH:197,BEST ACC:96.24
2026-05-17 05:17:03 [INFO] Saving Masks: current CR 0.8922 target CR 0.9000
2026-05-17 05:17:03 [INFO] Updated candidate mask pretrained-rescale_mask_best-acc_90_05170231_resnet18 at epoch 197 with acc 96.2400
2026-05-17 05:17:17 [INFO] Epoch: 198 [12800/50000 (26%)]	 Training Loss: 0.021 ACC: 99.17 CR: 0.89 Avg R1: 4.96 Avg R2: 1.59 Avg Reward: 6.547428
2026-05-17 05:17:31 [INFO] Epoch: 198 [25600/50000 (51%)]	 Training Loss: 0.020 ACC: 99.20 CR: 0.89 Avg R1: 4.96 Avg R2: 1.59 Avg Reward: 6.551464
2026-05-17 05:17:44 [INFO] Epoch: 198 [38400/50000 (77%)]	 Training Loss: 0.020 ACC: 99.18 CR: 0.89 Avg R1: 4.96 Avg R2: 1.59 Avg Reward: 6.553523
2026-05-17 05:17:57 [INFO] EPOCH:198, ======================CR:0.89338====================
2026-05-17 05:17:57 [INFO] 0.09001217684897858
2026-05-17 05:17:59 [INFO] EPOCH:198, ======================ACC:96.19====================
2026-05-17 05:17:59 [INFO] BEST EPOCH:197,BEST ACC:96.24
2026-05-17 05:17:59 [INFO] Saving Masks: current CR 0.8934 target CR 0.9000
2026-05-17 05:18:12 [INFO] Epoch: 199 [12800/50000 (26%)]	 Training Loss: 0.020 ACC: 99.20 CR: 0.89 Avg R1: 4.96 Avg R2: 1.59 Avg Reward: 6.556570
2026-05-17 05:18:27 [INFO] Epoch: 199 [25600/50000 (51%)]	 Training Loss: 0.021 ACC: 99.13 CR: 0.89 Avg R1: 4.96 Avg R2: 1.59 Avg Reward: 6.556244
2026-05-17 05:18:41 [INFO] Epoch: 199 [38400/50000 (77%)]	 Training Loss: 0.021 ACC: 99.17 CR: 0.90 Avg R1: 4.97 Avg R2: 1.59 Avg Reward: 6.560937
2026-05-17 05:18:54 [INFO] EPOCH:199, ======================CR:0.89566====================
2026-05-17 05:18:54 [INFO] 0.09442476601505997
2026-05-17 05:18:56 [INFO] EPOCH:199, ======================ACC:96.26====================
2026-05-17 05:18:56 [INFO] BEST EPOCH:199,BEST ACC:96.26
2026-05-17 05:18:56 [INFO] Saving Masks: current CR 0.8957 target CR 0.9000
2026-05-17 05:18:56 [INFO] Updated candidate mask pretrained-rescale_mask_best-acc_90_05170231_resnet18 at epoch 199 with acc 96.2600
2026-05-17 05:18:56 [INFO] Saved standard mask to /nvme/home/lixiang/baseline/RLSelector/mask/cifar10/96/mask_90.npz with 45000/50000 samples selected
