2026-05-16 13:17:34 [INFO] Epoch: 0 [12800/50000 (26%)]	 Training Loss: 0.856 ACC: 35.59 CR: 0.87 Avg R1: 0.66 Avg R2: 4.68 Avg Reward: 5.343430
2026-05-16 13:17:44 [INFO] Epoch: 0 [25600/50000 (51%)]	 Training Loss: 0.835 ACC: 37.02 CR: 0.74 Avg R1: 1.30 Avg R2: 4.36 Avg Reward: 5.661672
2026-05-16 13:17:52 [INFO] Epoch: 0 [38400/50000 (77%)]	 Training Loss: 0.823 ACC: 38.09 CR: 0.61 Avg R1: 1.94 Avg R2: 4.04 Avg Reward: 5.982333
2026-05-16 13:18:00 [INFO] EPOCH:0, ======================CR:0.4935====================
2026-05-16 13:18:00 [INFO] -0.004183669743187923
2026-05-16 13:18:03 [INFO] EPOCH:0, ======================ACC:46.8====================
2026-05-16 13:18:03 [INFO] BEST EPOCH:0,BEST ACC:46.8
2026-05-16 13:18:03 [INFO] Saving Masks: current CR 0.4935 target CR 0.5000
2026-05-16 13:18:03 [INFO] Updated candidate mask pretrained-rescale_mask_best-acc_50_05161317_resnet18 at epoch 0 with acc 46.8000
2026-05-16 13:18:03 [INFO] Updated candidate mask pretrained-rescale_mask_best-r2_50_05161317_resnet18 at epoch 0 with acc 46.8000
2026-05-16 13:18:12 [INFO] Epoch: 1 [12800/50000 (26%)]	 Training Loss: 0.775 ACC: 43.38 CR: 0.50 Avg R1: 4.95 Avg R2: 1.92 Avg Reward: 6.875669
2026-05-16 13:18:22 [INFO] Epoch: 1 [25600/50000 (51%)]	 Training Loss: 0.770 ACC: 43.78 CR: 0.50 Avg R1: 4.97 Avg R2: 1.93 Avg Reward: 6.895365
2026-05-16 13:18:31 [INFO] Epoch: 1 [38400/50000 (77%)]	 Training Loss: 0.765 ACC: 44.14 CR: 0.51 Avg R1: 4.96 Avg R2: 1.93 Avg Reward: 6.894652
2026-05-16 13:18:39 [INFO] EPOCH:1, ======================CR:0.5108====================
2026-05-16 13:18:39 [INFO] -0.0029512997646382296
2026-05-16 13:18:41 [INFO] EPOCH:1, ======================ACC:51.75====================
2026-05-16 13:18:41 [INFO] BEST EPOCH:1,BEST ACC:51.75
2026-05-16 13:18:50 [INFO] Epoch: 2 [12800/50000 (26%)]	 Training Loss: 0.704 ACC: 48.20 CR: 0.51 Avg R1: 4.90 Avg R2: 2.18 Avg Reward: 7.088869
2026-05-16 13:18:59 [INFO] Epoch: 2 [25600/50000 (51%)]	 Training Loss: 0.698 ACC: 48.89 CR: 0.51 Avg R1: 4.92 Avg R2: 2.18 Avg Reward: 7.097913
2026-05-16 13:19:10 [INFO] Epoch: 2 [38400/50000 (77%)]	 Training Loss: 0.689 ACC: 49.58 CR: 0.50 Avg R1: 4.93 Avg R2: 2.18 Avg Reward: 7.106530
2026-05-16 13:19:19 [INFO] EPOCH:2, ======================CR:0.50206====================
2026-05-16 13:19:19 [INFO] -0.0019455759623700942
2026-05-16 13:19:21 [INFO] EPOCH:2, ======================ACC:54.39====================
2026-05-16 13:19:21 [INFO] BEST EPOCH:2,BEST ACC:54.39
2026-05-16 13:19:21 [INFO] Saving Masks: current CR 0.5021 target CR 0.5000
2026-05-16 13:19:21 [INFO] Updated candidate mask pretrained-rescale_mask_best-acc_50_05161317_resnet18 at epoch 2 with acc 54.3900
2026-05-16 13:19:30 [INFO] Epoch: 3 [12800/50000 (26%)]	 Training Loss: 0.635 ACC: 53.29 CR: 0.50 Avg R1: 4.98 Avg R2: 2.32 Avg Reward: 7.305242
2026-05-16 13:19:40 [INFO] Epoch: 3 [25600/50000 (51%)]	 Training Loss: 0.624 ACC: 53.98 CR: 0.50 Avg R1: 4.98 Avg R2: 2.32 Avg Reward: 7.300713
2026-05-16 13:19:49 [INFO] Epoch: 3 [38400/50000 (77%)]	 Training Loss: 0.621 ACC: 54.35 CR: 0.50 Avg R1: 4.98 Avg R2: 2.31 Avg Reward: 7.290801
2026-05-16 13:19:58 [INFO] EPOCH:3, ======================CR:0.49706====================
2026-05-16 13:19:58 [INFO] -0.0030173207806551334
2026-05-16 13:20:00 [INFO] EPOCH:3, ======================ACC:55.22====================
2026-05-16 13:20:00 [INFO] BEST EPOCH:3,BEST ACC:55.22
2026-05-16 13:20:00 [INFO] Saving Masks: current CR 0.4971 target CR 0.5000
2026-05-16 13:20:00 [INFO] Updated candidate mask pretrained-rescale_mask_best-acc_50_05161317_resnet18 at epoch 3 with acc 55.2200
2026-05-16 13:20:10 [INFO] Epoch: 4 [12800/50000 (26%)]	 Training Loss: 0.599 ACC: 57.48 CR: 0.50 Avg R1: 4.98 Avg R2: 2.44 Avg Reward: 7.419418
2026-05-16 13:20:20 [INFO] Epoch: 4 [25600/50000 (51%)]	 Training Loss: 0.602 ACC: 58.38 CR: 0.52 Avg R1: 4.94 Avg R2: 2.45 Avg Reward: 7.394453
2026-05-16 13:20:28 [INFO] Epoch: 4 [38400/50000 (77%)]	 Training Loss: 0.614 ACC: 59.09 CR: 0.55 Avg R1: 4.86 Avg R2: 2.48 Avg Reward: 7.335070
2026-05-16 13:20:36 [INFO] EPOCH:4, ======================CR:0.5848====================
2026-05-16 13:20:36 [INFO] -0.004555259126627644
2026-05-16 13:20:38 [INFO] EPOCH:4, ======================ACC:61.48====================
2026-05-16 13:20:38 [INFO] BEST EPOCH:4,BEST ACC:61.48
2026-05-16 13:20:49 [INFO] Epoch: 5 [12800/50000 (26%)]	 Training Loss: 0.637 ACC: 60.58 CR: 0.60 Avg R1: 4.10 Avg R2: 2.75 Avg Reward: 6.843741
2026-05-16 13:21:00 [INFO] Epoch: 5 [25600/50000 (51%)]	 Training Loss: 0.630 ACC: 60.94 CR: 0.61 Avg R1: 4.04 Avg R2: 2.76 Avg Reward: 6.801929
2026-05-16 13:21:10 [INFO] Epoch: 5 [38400/50000 (77%)]	 Training Loss: 0.615 ACC: 61.42 CR: 0.61 Avg R1: 3.99 Avg R2: 2.78 Avg Reward: 6.765018
2026-05-16 13:21:20 [INFO] EPOCH:5, ======================CR:0.61196====================
2026-05-16 13:21:20 [INFO] 0.012030694742198712
2026-05-16 13:21:22 [INFO] EPOCH:5, ======================ACC:62.53====================
2026-05-16 13:21:22 [INFO] BEST EPOCH:5,BEST ACC:62.53
2026-05-16 13:21:34 [INFO] Epoch: 6 [12800/50000 (26%)]	 Training Loss: 0.555 ACC: 62.28 CR: 0.60 Avg R1: 3.95 Avg R2: 2.78 Avg Reward: 6.722744
2026-05-16 13:21:44 [INFO] Epoch: 6 [25600/50000 (51%)]	 Training Loss: 0.542 ACC: 63.79 CR: 0.59 Avg R1: 4.00 Avg R2: 2.76 Avg Reward: 6.763615
2026-05-16 13:21:55 [INFO] Epoch: 6 [38400/50000 (77%)]	 Training Loss: 0.541 ACC: 64.29 CR: 0.59 Avg R1: 4.04 Avg R2: 2.75 Avg Reward: 6.790311
2026-05-16 13:22:05 [INFO] EPOCH:6, ======================CR:0.57728====================
2026-05-16 13:22:05 [INFO] 0.014255348460415656
2026-05-16 13:22:07 [INFO] EPOCH:6, ======================ACC:68.79====================
2026-05-16 13:22:07 [INFO] BEST EPOCH:6,BEST ACC:68.79
2026-05-16 13:22:18 [INFO] Epoch: 7 [12800/50000 (26%)]	 Training Loss: 0.522 ACC: 66.80 CR: 0.58 Avg R1: 4.22 Avg R2: 2.65 Avg Reward: 6.867577
2026-05-16 13:22:29 [INFO] Epoch: 7 [25600/50000 (51%)]	 Training Loss: 0.526 ACC: 66.82 CR: 0.59 Avg R1: 4.17 Avg R2: 2.67 Avg Reward: 6.833305
2026-05-16 13:22:40 [INFO] Epoch: 7 [38400/50000 (77%)]	 Training Loss: 0.531 ACC: 66.62 CR: 0.60 Avg R1: 4.12 Avg R2: 2.68 Avg Reward: 6.797134
2026-05-16 13:22:51 [INFO] EPOCH:7, ======================CR:0.61416====================
2026-05-16 13:22:51 [INFO] 0.02246503929583524
2026-05-16 13:22:53 [INFO] EPOCH:7, ======================ACC:69.84====================
2026-05-16 13:22:53 [INFO] BEST EPOCH:7,BEST ACC:69.84
2026-05-16 13:23:04 [INFO] Epoch: 8 [12800/50000 (26%)]	 Training Loss: 0.549 ACC: 67.48 CR: 0.64 Avg R1: 3.76 Avg R2: 2.69 Avg Reward: 6.450745
2026-05-16 13:23:14 [INFO] Epoch: 8 [25600/50000 (51%)]	 Training Loss: 0.546 ACC: 68.14 CR: 0.66 Avg R1: 3.64 Avg R2: 2.73 Avg Reward: 6.364392
2026-05-16 13:23:26 [INFO] Epoch: 8 [38400/50000 (77%)]	 Training Loss: 0.545 ACC: 68.38 CR: 0.68 Avg R1: 3.53 Avg R2: 2.76 Avg Reward: 6.286421
2026-05-16 13:23:35 [INFO] EPOCH:8, ======================CR:0.70286====================
2026-05-16 13:23:35 [INFO] 0.02511243426267909
2026-05-16 13:23:37 [INFO] EPOCH:8, ======================ACC:73.24====================
2026-05-16 13:23:37 [INFO] BEST EPOCH:8,BEST ACC:73.24
2026-05-16 13:23:48 [INFO] Epoch: 9 [12800/50000 (26%)]	 Training Loss: 0.533 ACC: 70.53 CR: 0.71 Avg R1: 2.91 Avg R2: 2.84 Avg Reward: 5.751690
2026-05-16 13:23:59 [INFO] Epoch: 9 [25600/50000 (51%)]	 Training Loss: 0.519 ACC: 70.23 CR: 0.70 Avg R1: 2.92 Avg R2: 2.84 Avg Reward: 5.751376
2026-05-16 13:24:10 [INFO] Epoch: 9 [38400/50000 (77%)]	 Training Loss: 0.504 ACC: 70.58 CR: 0.69 Avg R1: 2.96 Avg R2: 2.82 Avg Reward: 5.779740
2026-05-16 13:24:20 [INFO] EPOCH:9, ======================CR:0.68752====================
2026-05-16 13:24:20 [INFO] 0.028284691721568087
2026-05-16 13:24:22 [INFO] EPOCH:9, ======================ACC:74.03====================
2026-05-16 13:24:22 [INFO] BEST EPOCH:9,BEST ACC:74.03
2026-05-16 13:24:34 [INFO] Epoch: 10 [12800/50000 (26%)]	 Training Loss: 0.486 ACC: 71.61 CR: 0.69 Avg R1: 3.12 Avg R2: 2.67 Avg Reward: 5.790332
2026-05-16 13:24:45 [INFO] Epoch: 10 [25600/50000 (51%)]	 Training Loss: 0.477 ACC: 72.01 CR: 0.69 Avg R1: 3.13 Avg R2: 2.67 Avg Reward: 5.795148
2026-05-16 13:24:57 [INFO] Epoch: 10 [38400/50000 (77%)]	 Training Loss: 0.466 ACC: 72.55 CR: 0.68 Avg R1: 3.14 Avg R2: 2.66 Avg Reward: 5.806828
2026-05-16 13:25:06 [INFO] EPOCH:10, ======================CR:0.67036====================
2026-05-16 13:25:06 [INFO] 0.02334373315178948
2026-05-16 13:25:08 [INFO] EPOCH:10, ======================ACC:77.59====================
2026-05-16 13:25:08 [INFO] BEST EPOCH:10,BEST ACC:77.59
2026-05-16 13:25:19 [INFO] Epoch: 11 [12800/50000 (26%)]	 Training Loss: 0.434 ACC: 73.59 CR: 0.66 Avg R1: 3.34 Avg R2: 2.52 Avg Reward: 5.863949
2026-05-16 13:25:29 [INFO] Epoch: 11 [25600/50000 (51%)]	 Training Loss: 0.424 ACC: 73.95 CR: 0.65 Avg R1: 3.41 Avg R2: 2.50 Avg Reward: 5.909351
2026-05-16 13:25:40 [INFO] Epoch: 11 [38400/50000 (77%)]	 Training Loss: 0.416 ACC: 74.42 CR: 0.63 Avg R1: 3.48 Avg R2: 2.48 Avg Reward: 5.966514
2026-05-16 13:25:50 [INFO] EPOCH:11, ======================CR:0.61502====================
2026-05-16 13:25:50 [INFO] 0.00885904924431496
2026-05-16 13:25:52 [INFO] EPOCH:11, ======================ACC:75.95====================
2026-05-16 13:25:52 [INFO] BEST EPOCH:10,BEST ACC:77.59
2026-05-16 13:26:04 [INFO] Epoch: 12 [12800/50000 (26%)]	 Training Loss: 0.387 ACC: 75.30 CR: 0.61 Avg R1: 3.88 Avg R2: 2.30 Avg Reward: 6.183321
2026-05-16 13:26:15 [INFO] Epoch: 12 [25600/50000 (51%)]	 Training Loss: 0.392 ACC: 75.31 CR: 0.61 Avg R1: 3.90 Avg R2: 2.30 Avg Reward: 6.202474
2026-05-16 13:26:27 [INFO] Epoch: 12 [38400/50000 (77%)]	 Training Loss: 0.388 ACC: 75.69 CR: 0.60 Avg R1: 3.92 Avg R2: 2.29 Avg Reward: 6.213173
2026-05-16 13:26:38 [INFO] EPOCH:12, ======================CR:0.59464====================
2026-05-16 13:26:38 [INFO] 0.01052734358417118
2026-05-16 13:26:40 [INFO] EPOCH:12, ======================ACC:77.67====================
2026-05-16 13:26:40 [INFO] BEST EPOCH:12,BEST ACC:77.67
2026-05-16 13:26:51 [INFO] Epoch: 13 [12800/50000 (26%)]	 Training Loss: 0.361 ACC: 76.73 CR: 0.59 Avg R1: 4.09 Avg R2: 2.19 Avg Reward: 6.282857
2026-05-16 13:27:05 [INFO] Epoch: 13 [25600/50000 (51%)]	 Training Loss: 0.361 ACC: 76.91 CR: 0.58 Avg R1: 4.11 Avg R2: 2.19 Avg Reward: 6.303255
2026-05-16 13:27:18 [INFO] Epoch: 13 [38400/50000 (77%)]	 Training Loss: 0.363 ACC: 76.85 CR: 0.58 Avg R1: 4.13 Avg R2: 2.19 Avg Reward: 6.314032
2026-05-16 13:27:30 [INFO] EPOCH:13, ======================CR:0.57932====================
2026-05-16 13:27:30 [INFO] 0.004744801173980523
2026-05-16 13:27:32 [INFO] EPOCH:13, ======================ACC:79.99====================
2026-05-16 13:27:32 [INFO] BEST EPOCH:13,BEST ACC:79.99
2026-05-16 13:27:44 [INFO] Epoch: 14 [12800/50000 (26%)]	 Training Loss: 0.339 ACC: 78.20 CR: 0.57 Avg R1: 4.24 Avg R2: 2.13 Avg Reward: 6.369603
2026-05-16 13:27:57 [INFO] Epoch: 14 [25600/50000 (51%)]	 Training Loss: 0.342 ACC: 77.98 CR: 0.57 Avg R1: 4.27 Avg R2: 2.12 Avg Reward: 6.392615
2026-05-16 13:28:09 [INFO] Epoch: 14 [38400/50000 (77%)]	 Training Loss: 0.343 ACC: 77.78 CR: 0.57 Avg R1: 4.29 Avg R2: 2.12 Avg Reward: 6.406358
2026-05-16 13:28:21 [INFO] EPOCH:14, ======================CR:0.56162====================
2026-05-16 13:28:21 [INFO] 0.005552618075700517
2026-05-16 13:28:23 [INFO] EPOCH:14, ======================ACC:79.87====================
2026-05-16 13:28:23 [INFO] BEST EPOCH:13,BEST ACC:79.99
2026-05-16 13:28:36 [INFO] Epoch: 15 [12800/50000 (26%)]	 Training Loss: 0.318 ACC: 79.31 CR: 0.56 Avg R1: 4.37 Avg R2: 2.04 Avg Reward: 6.410233
2026-05-16 13:28:47 [INFO] Epoch: 15 [25600/50000 (51%)]	 Training Loss: 0.323 ACC: 78.84 CR: 0.56 Avg R1: 4.37 Avg R2: 2.04 Avg Reward: 6.411590
2026-05-16 13:29:01 [INFO] Epoch: 15 [38400/50000 (77%)]	 Training Loss: 0.319 ACC: 79.03 CR: 0.56 Avg R1: 4.38 Avg R2: 2.04 Avg Reward: 6.421425
2026-05-16 13:29:14 [INFO] EPOCH:15, ======================CR:0.5529====================
2026-05-16 13:29:14 [INFO] 0.005404147987338387
2026-05-16 13:29:16 [INFO] EPOCH:15, ======================ACC:81.37====================
2026-05-16 13:29:16 [INFO] BEST EPOCH:15,BEST ACC:81.37
2026-05-16 13:29:29 [INFO] Epoch: 16 [12800/50000 (26%)]	 Training Loss: 0.317 ACC: 79.20 CR: 0.55 Avg R1: 4.47 Avg R2: 1.99 Avg Reward: 6.466797
2026-05-16 13:29:40 [INFO] Epoch: 16 [25600/50000 (51%)]	 Training Loss: 0.318 ACC: 79.03 CR: 0.55 Avg R1: 4.49 Avg R2: 1.99 Avg Reward: 6.479339
2026-05-16 13:29:52 [INFO] Epoch: 16 [38400/50000 (77%)]	 Training Loss: 0.311 ACC: 79.36 CR: 0.54 Avg R1: 4.51 Avg R2: 1.98 Avg Reward: 6.493238
2026-05-16 13:30:04 [INFO] EPOCH:16, ======================CR:0.54468====================
2026-05-16 13:30:04 [INFO] 0.00182909163471408
2026-05-16 13:30:07 [INFO] EPOCH:16, ======================ACC:80.34====================
2026-05-16 13:30:07 [INFO] BEST EPOCH:15,BEST ACC:81.37
2026-05-16 13:30:21 [INFO] Epoch: 17 [12800/50000 (26%)]	 Training Loss: 0.307 ACC: 79.64 CR: 0.54 Avg R1: 4.56 Avg R2: 1.93 Avg Reward: 6.492785
2026-05-16 13:30:33 [INFO] Epoch: 17 [25600/50000 (51%)]	 Training Loss: 0.300 ACC: 79.95 CR: 0.54 Avg R1: 4.57 Avg R2: 1.93 Avg Reward: 6.499172
2026-05-16 13:30:47 [INFO] Epoch: 17 [38400/50000 (77%)]	 Training Loss: 0.299 ACC: 80.01 CR: 0.54 Avg R1: 4.58 Avg R2: 1.93 Avg Reward: 6.507343
2026-05-16 13:31:00 [INFO] EPOCH:17, ======================CR:0.53756====================
2026-05-16 13:31:00 [INFO] -0.0003901775591007094
2026-05-16 13:31:02 [INFO] EPOCH:17, ======================ACC:80.1====================
2026-05-16 13:31:02 [INFO] BEST EPOCH:15,BEST ACC:81.37
2026-05-16 13:31:16 [INFO] Epoch: 18 [12800/50000 (26%)]	 Training Loss: 0.288 ACC: 80.91 CR: 0.54 Avg R1: 4.63 Avg R2: 1.88 Avg Reward: 6.514181
2026-05-16 13:31:29 [INFO] Epoch: 18 [25600/50000 (51%)]	 Training Loss: 0.291 ACC: 80.90 CR: 0.54 Avg R1: 4.62 Avg R2: 1.88 Avg Reward: 6.503735
2026-05-16 13:31:42 [INFO] Epoch: 18 [38400/50000 (77%)]	 Training Loss: 0.294 ACC: 80.69 CR: 0.54 Avg R1: 4.62 Avg R2: 1.89 Avg Reward: 6.502836
2026-05-16 13:31:56 [INFO] EPOCH:18, ======================CR:0.53744====================
2026-05-16 13:31:56 [INFO] 0.003235813303471587
2026-05-16 13:31:58 [INFO] EPOCH:18, ======================ACC:83.08====================
2026-05-16 13:31:58 [INFO] BEST EPOCH:18,BEST ACC:83.08
2026-05-16 13:32:12 [INFO] Epoch: 19 [12800/50000 (26%)]	 Training Loss: 0.291 ACC: 80.91 CR: 0.54 Avg R1: 4.63 Avg R2: 1.86 Avg Reward: 6.492760
2026-05-16 13:32:25 [INFO] Epoch: 19 [25600/50000 (51%)]	 Training Loss: 0.292 ACC: 80.73 CR: 0.54 Avg R1: 4.61 Avg R2: 1.87 Avg Reward: 6.478104
2026-05-16 13:32:39 [INFO] Epoch: 19 [38400/50000 (77%)]	 Training Loss: 0.293 ACC: 80.72 CR: 0.55 Avg R1: 4.60 Avg R2: 1.87 Avg Reward: 6.463236
2026-05-16 13:32:52 [INFO] EPOCH:19, ======================CR:0.5524====================
2026-05-16 13:32:52 [INFO] 0.003246478352676834
2026-05-16 13:32:54 [INFO] EPOCH:19, ======================ACC:81.76====================
2026-05-16 13:32:54 [INFO] BEST EPOCH:18,BEST ACC:83.08
2026-05-16 13:33:08 [INFO] Epoch: 20 [12800/50000 (26%)]	 Training Loss: 0.270 ACC: 82.21 CR: 0.55 Avg R1: 4.47 Avg R2: 1.86 Avg Reward: 6.324221
2026-05-16 13:33:22 [INFO] Epoch: 20 [25600/50000 (51%)]	 Training Loss: 0.276 ACC: 81.86 CR: 0.55 Avg R1: 4.47 Avg R2: 1.86 Avg Reward: 6.322768
2026-05-16 13:33:36 [INFO] Epoch: 20 [38400/50000 (77%)]	 Training Loss: 0.280 ACC: 81.67 CR: 0.55 Avg R1: 4.46 Avg R2: 1.86 Avg Reward: 6.322460
2026-05-16 13:33:49 [INFO] EPOCH:20, ======================CR:0.55178====================
2026-05-16 13:33:49 [INFO] -0.008256212421014318
2026-05-16 13:33:51 [INFO] EPOCH:20, ======================ACC:83.29====================
2026-05-16 13:33:51 [INFO] BEST EPOCH:20,BEST ACC:83.29
2026-05-16 13:34:06 [INFO] Epoch: 21 [12800/50000 (26%)]	 Training Loss: 0.284 ACC: 81.82 CR: 0.56 Avg R1: 4.47 Avg R2: 1.85 Avg Reward: 6.311186
2026-05-16 13:34:20 [INFO] Epoch: 21 [25600/50000 (51%)]	 Training Loss: 0.282 ACC: 81.96 CR: 0.56 Avg R1: 4.46 Avg R2: 1.85 Avg Reward: 6.303467
2026-05-16 13:34:34 [INFO] Epoch: 21 [38400/50000 (77%)]	 Training Loss: 0.280 ACC: 81.85 CR: 0.55 Avg R1: 4.46 Avg R2: 1.84 Avg Reward: 6.304558
2026-05-16 13:34:46 [INFO] EPOCH:21, ======================CR:0.54538====================
2026-05-16 13:34:46 [INFO] 0.01027407831007155
2026-05-16 13:34:48 [INFO] EPOCH:21, ======================ACC:83.32====================
2026-05-16 13:34:48 [INFO] BEST EPOCH:21,BEST ACC:83.32
2026-05-16 13:35:03 [INFO] Epoch: 22 [12800/50000 (26%)]	 Training Loss: 0.269 ACC: 81.86 CR: 0.54 Avg R1: 4.57 Avg R2: 1.80 Avg Reward: 6.367424
2026-05-16 13:35:18 [INFO] Epoch: 22 [25600/50000 (51%)]	 Training Loss: 0.270 ACC: 81.92 CR: 0.54 Avg R1: 4.59 Avg R2: 1.80 Avg Reward: 6.385519
2026-05-16 13:35:33 [INFO] Epoch: 22 [38400/50000 (77%)]	 Training Loss: 0.267 ACC: 82.27 CR: 0.53 Avg R1: 4.61 Avg R2: 1.79 Avg Reward: 6.400602
2026-05-16 13:35:44 [INFO] EPOCH:22, ======================CR:0.53106====================
2026-05-16 13:35:44 [INFO] -0.0035978120305416457
2026-05-16 13:35:46 [INFO] EPOCH:22, ======================ACC:80.16====================
2026-05-16 13:35:46 [INFO] BEST EPOCH:21,BEST ACC:83.32
2026-05-16 13:36:02 [INFO] Epoch: 23 [12800/50000 (26%)]	 Training Loss: 0.272 ACC: 81.52 CR: 0.53 Avg R1: 4.70 Avg R2: 1.76 Avg Reward: 6.461265
2026-05-16 13:36:17 [INFO] Epoch: 23 [25600/50000 (51%)]	 Training Loss: 0.268 ACC: 81.93 CR: 0.53 Avg R1: 4.70 Avg R2: 1.76 Avg Reward: 6.460085
2026-05-16 13:36:32 [INFO] Epoch: 23 [38400/50000 (77%)]	 Training Loss: 0.271 ACC: 81.89 CR: 0.54 Avg R1: 4.69 Avg R2: 1.76 Avg Reward: 6.449806
2026-05-16 13:36:46 [INFO] EPOCH:23, ======================CR:0.5411====================
2026-05-16 13:36:46 [INFO] -0.0005861577666383512
2026-05-16 13:36:48 [INFO] EPOCH:23, ======================ACC:79.83====================
2026-05-16 13:36:48 [INFO] BEST EPOCH:21,BEST ACC:83.32
2026-05-16 13:37:02 [INFO] Epoch: 24 [12800/50000 (26%)]	 Training Loss: 0.271 ACC: 81.96 CR: 0.54 Avg R1: 4.57 Avg R2: 1.77 Avg Reward: 6.348466
2026-05-16 13:37:16 [INFO] Epoch: 24 [25600/50000 (51%)]	 Training Loss: 0.260 ACC: 82.64 CR: 0.54 Avg R1: 4.57 Avg R2: 1.78 Avg Reward: 6.343752
2026-05-16 13:37:30 [INFO] Epoch: 24 [38400/50000 (77%)]	 Training Loss: 0.264 ACC: 82.35 CR: 0.54 Avg R1: 4.57 Avg R2: 1.78 Avg Reward: 6.344812
2026-05-16 13:37:44 [INFO] EPOCH:24, ======================CR:0.5444====================
2026-05-16 13:37:44 [INFO] 0.00548393244322563
2026-05-16 13:37:46 [INFO] EPOCH:24, ======================ACC:82.23====================
2026-05-16 13:37:46 [INFO] BEST EPOCH:21,BEST ACC:83.32
2026-05-16 13:37:59 [INFO] Epoch: 25 [12800/50000 (26%)]	 Training Loss: 0.257 ACC: 82.91 CR: 0.54 Avg R1: 4.57 Avg R2: 1.78 Avg Reward: 6.344201
2026-05-16 13:38:10 [INFO] Epoch: 25 [25600/50000 (51%)]	 Training Loss: 0.255 ACC: 83.12 CR: 0.54 Avg R1: 4.57 Avg R2: 1.77 Avg Reward: 6.346085
2026-05-16 13:38:26 [INFO] Epoch: 25 [38400/50000 (77%)]	 Training Loss: 0.255 ACC: 82.97 CR: 0.54 Avg R1: 4.58 Avg R2: 1.77 Avg Reward: 6.355270
2026-05-16 13:38:41 [INFO] EPOCH:25, ======================CR:0.53308====================
2026-05-16 13:38:41 [INFO] 0.00719644594326353
2026-05-16 13:38:43 [INFO] EPOCH:25, ======================ACC:83.28====================
2026-05-16 13:38:43 [INFO] BEST EPOCH:21,BEST ACC:83.32
2026-05-16 13:38:59 [INFO] Epoch: 26 [12800/50000 (26%)]	 Training Loss: 0.256 ACC: 82.59 CR: 0.53 Avg R1: 4.68 Avg R2: 1.74 Avg Reward: 6.415797
2026-05-16 13:39:13 [INFO] Epoch: 26 [25600/50000 (51%)]	 Training Loss: 0.252 ACC: 83.11 CR: 0.53 Avg R1: 4.67 Avg R2: 1.74 Avg Reward: 6.412079
2026-05-16 13:39:32 [INFO] Epoch: 26 [38400/50000 (77%)]	 Training Loss: 0.252 ACC: 83.13 CR: 0.54 Avg R1: 4.66 Avg R2: 1.74 Avg Reward: 6.402887
2026-05-16 13:39:46 [INFO] EPOCH:26, ======================CR:0.53308====================
2026-05-16 13:39:46 [INFO] 0.009018507597431991
2026-05-16 13:39:48 [INFO] EPOCH:26, ======================ACC:82.3====================
2026-05-16 13:39:48 [INFO] BEST EPOCH:21,BEST ACC:83.32
2026-05-16 13:40:03 [INFO] Epoch: 27 [12800/50000 (26%)]	 Training Loss: 0.251 ACC: 83.20 CR: 0.53 Avg R1: 4.67 Avg R2: 1.72 Avg Reward: 6.395381
2026-05-16 13:40:16 [INFO] Epoch: 27 [25600/50000 (51%)]	 Training Loss: 0.251 ACC: 83.06 CR: 0.53 Avg R1: 4.67 Avg R2: 1.73 Avg Reward: 6.398504
2026-05-16 13:40:33 [INFO] Epoch: 27 [38400/50000 (77%)]	 Training Loss: 0.253 ACC: 83.11 CR: 0.53 Avg R1: 4.67 Avg R2: 1.73 Avg Reward: 6.400180
2026-05-16 13:40:47 [INFO] EPOCH:27, ======================CR:0.53646====================
2026-05-16 13:40:47 [INFO] 0.002324843360615013
2026-05-16 13:40:49 [INFO] EPOCH:27, ======================ACC:85.5====================
2026-05-16 13:40:49 [INFO] BEST EPOCH:27,BEST ACC:85.5
2026-05-16 13:41:03 [INFO] Epoch: 28 [12800/50000 (26%)]	 Training Loss: 0.246 ACC: 83.54 CR: 0.54 Avg R1: 4.63 Avg R2: 1.74 Avg Reward: 6.367698
2026-05-16 13:41:19 [INFO] Epoch: 28 [25600/50000 (51%)]	 Training Loss: 0.246 ACC: 83.73 CR: 0.54 Avg R1: 4.62 Avg R2: 1.74 Avg Reward: 6.356986
2026-05-16 13:41:35 [INFO] Epoch: 28 [38400/50000 (77%)]	 Training Loss: 0.249 ACC: 83.39 CR: 0.54 Avg R1: 4.60 Avg R2: 1.74 Avg Reward: 6.344703
2026-05-16 13:41:48 [INFO] EPOCH:28, ======================CR:0.54328====================
2026-05-16 13:41:48 [INFO] -0.005289281317529765
2026-05-16 13:41:50 [INFO] EPOCH:28, ======================ACC:85.29====================
2026-05-16 13:41:50 [INFO] BEST EPOCH:27,BEST ACC:85.5
2026-05-16 13:42:06 [INFO] Epoch: 29 [12800/50000 (26%)]	 Training Loss: 0.252 ACC: 83.02 CR: 0.54 Avg R1: 4.58 Avg R2: 1.73 Avg Reward: 6.316418
2026-05-16 13:42:20 [INFO] Epoch: 29 [25600/50000 (51%)]	 Training Loss: 0.247 ACC: 83.48 CR: 0.54 Avg R1: 4.60 Avg R2: 1.73 Avg Reward: 6.328420
2026-05-16 13:42:35 [INFO] Epoch: 29 [38400/50000 (77%)]	 Training Loss: 0.246 ACC: 83.54 CR: 0.54 Avg R1: 4.61 Avg R2: 1.73 Avg Reward: 6.340490
2026-05-16 13:42:49 [INFO] EPOCH:29, ======================CR:0.53532====================
2026-05-16 13:42:49 [INFO] -0.005061431318331272
2026-05-16 13:42:51 [INFO] EPOCH:29, ======================ACC:83.6====================
2026-05-16 13:42:51 [INFO] BEST EPOCH:27,BEST ACC:85.5
2026-05-16 13:43:05 [INFO] Epoch: 30 [12800/50000 (26%)]	 Training Loss: 0.239 ACC: 84.43 CR: 0.54 Avg R1: 4.63 Avg R2: 1.72 Avg Reward: 6.355812
2026-05-16 13:43:19 [INFO] Epoch: 30 [25600/50000 (51%)]	 Training Loss: 0.240 ACC: 84.31 CR: 0.54 Avg R1: 4.62 Avg R2: 1.73 Avg Reward: 6.348555
2026-05-16 13:43:36 [INFO] Epoch: 30 [38400/50000 (77%)]	 Training Loss: 0.236 ACC: 84.43 CR: 0.53 Avg R1: 4.63 Avg R2: 1.72 Avg Reward: 6.354085
2026-05-16 13:43:50 [INFO] EPOCH:30, ======================CR:0.53078====================
2026-05-16 13:43:50 [INFO] 0.002855795859809201
2026-05-16 13:43:52 [INFO] EPOCH:30, ======================ACC:82.76====================
2026-05-16 13:43:52 [INFO] BEST EPOCH:27,BEST ACC:85.5
2026-05-16 13:44:09 [INFO] Epoch: 31 [12800/50000 (26%)]	 Training Loss: 0.235 ACC: 84.30 CR: 0.53 Avg R1: 4.71 Avg R2: 1.69 Avg Reward: 6.399137
2026-05-16 13:44:23 [INFO] Epoch: 31 [25600/50000 (51%)]	 Training Loss: 0.237 ACC: 84.07 CR: 0.52 Avg R1: 4.73 Avg R2: 1.69 Avg Reward: 6.419879
2026-05-16 13:44:39 [INFO] Epoch: 31 [38400/50000 (77%)]	 Training Loss: 0.235 ACC: 84.12 CR: 0.52 Avg R1: 4.75 Avg R2: 1.69 Avg Reward: 6.432519
2026-05-16 13:44:56 [INFO] EPOCH:31, ======================CR:0.51594====================
2026-05-16 13:44:56 [INFO] -0.00010023091243924053
2026-05-16 13:44:58 [INFO] EPOCH:31, ======================ACC:85.28====================
2026-05-16 13:44:58 [INFO] BEST EPOCH:27,BEST ACC:85.5
2026-05-16 13:45:16 [INFO] Epoch: 32 [12800/50000 (26%)]	 Training Loss: 0.230 ACC: 84.45 CR: 0.52 Avg R1: 4.83 Avg R2: 1.68 Avg Reward: 6.515291
2026-05-16 13:45:30 [INFO] Epoch: 32 [25600/50000 (51%)]	 Training Loss: 0.231 ACC: 84.43 CR: 0.52 Avg R1: 4.82 Avg R2: 1.69 Avg Reward: 6.502711
2026-05-16 13:45:46 [INFO] Epoch: 32 [38400/50000 (77%)]	 Training Loss: 0.227 ACC: 84.58 CR: 0.52 Avg R1: 4.81 Avg R2: 1.69 Avg Reward: 6.498222
2026-05-16 13:46:01 [INFO] EPOCH:32, ======================CR:0.52034====================
2026-05-16 13:46:01 [INFO] -0.005036465727213309
2026-05-16 13:46:03 [INFO] EPOCH:32, ======================ACC:82.6====================
2026-05-16 13:46:03 [INFO] BEST EPOCH:27,BEST ACC:85.5
2026-05-16 13:46:20 [INFO] Epoch: 33 [12800/50000 (26%)]	 Training Loss: 0.227 ACC: 84.73 CR: 0.52 Avg R1: 4.80 Avg R2: 1.68 Avg Reward: 6.479158
2026-05-16 13:46:34 [INFO] Epoch: 33 [25600/50000 (51%)]	 Training Loss: 0.232 ACC: 84.33 CR: 0.52 Avg R1: 4.79 Avg R2: 1.68 Avg Reward: 6.476035
2026-05-16 13:46:51 [INFO] Epoch: 33 [38400/50000 (77%)]	 Training Loss: 0.230 ACC: 84.49 CR: 0.52 Avg R1: 4.79 Avg R2: 1.69 Avg Reward: 6.472010
2026-05-16 13:47:04 [INFO] EPOCH:33, ======================CR:0.5213====================
2026-05-16 13:47:04 [INFO] 0.005294156467795536
2026-05-16 13:47:06 [INFO] EPOCH:33, ======================ACC:81.41====================
2026-05-16 13:47:06 [INFO] BEST EPOCH:27,BEST ACC:85.5
2026-05-16 13:47:23 [INFO] Epoch: 34 [12800/50000 (26%)]	 Training Loss: 0.227 ACC: 84.66 CR: 0.52 Avg R1: 4.79 Avg R2: 1.69 Avg Reward: 6.485135
2026-05-16 13:47:38 [INFO] Epoch: 34 [25600/50000 (51%)]	 Training Loss: 0.224 ACC: 84.72 CR: 0.52 Avg R1: 4.80 Avg R2: 1.69 Avg Reward: 6.490864
2026-05-16 13:47:54 [INFO] Epoch: 34 [38400/50000 (77%)]	 Training Loss: 0.226 ACC: 84.60 CR: 0.52 Avg R1: 4.80 Avg R2: 1.69 Avg Reward: 6.494075
2026-05-16 13:48:09 [INFO] EPOCH:34, ======================CR:0.51672====================
2026-05-16 13:48:09 [INFO] -0.002221873152800975
2026-05-16 13:48:11 [INFO] EPOCH:34, ======================ACC:85.01====================
2026-05-16 13:48:11 [INFO] BEST EPOCH:27,BEST ACC:85.5
2026-05-16 13:48:29 [INFO] Epoch: 35 [12800/50000 (26%)]	 Training Loss: 0.225 ACC: 84.50 CR: 0.52 Avg R1: 4.84 Avg R2: 1.68 Avg Reward: 6.517629
2026-05-16 13:48:46 [INFO] Epoch: 35 [25600/50000 (51%)]	 Training Loss: 0.225 ACC: 84.75 CR: 0.51 Avg R1: 4.84 Avg R2: 1.68 Avg Reward: 6.516953
2026-05-16 13:49:01 [INFO] Epoch: 35 [38400/50000 (77%)]	 Training Loss: 0.226 ACC: 84.56 CR: 0.51 Avg R1: 4.84 Avg R2: 1.68 Avg Reward: 6.519106
2026-05-16 13:49:16 [INFO] EPOCH:35, ======================CR:0.51402====================
2026-05-16 13:49:16 [INFO] -0.0032656377008135214
2026-05-16 13:49:18 [INFO] EPOCH:35, ======================ACC:83.08====================
2026-05-16 13:49:18 [INFO] BEST EPOCH:27,BEST ACC:85.5
2026-05-16 13:49:34 [INFO] Epoch: 36 [12800/50000 (26%)]	 Training Loss: 0.224 ACC: 85.01 CR: 0.52 Avg R1: 4.84 Avg R2: 1.67 Avg Reward: 6.510058
2026-05-16 13:49:47 [INFO] Epoch: 36 [25600/50000 (51%)]	 Training Loss: 0.223 ACC: 84.75 CR: 0.51 Avg R1: 4.84 Avg R2: 1.67 Avg Reward: 6.511808
2026-05-16 13:50:01 [INFO] Epoch: 36 [38400/50000 (77%)]	 Training Loss: 0.226 ACC: 84.50 CR: 0.51 Avg R1: 4.84 Avg R2: 1.67 Avg Reward: 6.512082
2026-05-16 13:50:15 [INFO] EPOCH:36, ======================CR:0.51212====================
2026-05-16 13:50:15 [INFO] -0.008206896240921021
2026-05-16 13:50:17 [INFO] EPOCH:36, ======================ACC:84.14====================
2026-05-16 13:50:17 [INFO] BEST EPOCH:27,BEST ACC:85.5
2026-05-16 13:50:33 [INFO] Epoch: 37 [12800/50000 (26%)]	 Training Loss: 0.213 ACC: 85.23 CR: 0.51 Avg R1: 4.89 Avg R2: 1.67 Avg Reward: 6.552687
2026-05-16 13:50:49 [INFO] Epoch: 37 [25600/50000 (51%)]	 Training Loss: 0.214 ACC: 85.09 CR: 0.50 Avg R1: 4.91 Avg R2: 1.66 Avg Reward: 6.567285
2026-05-16 13:51:05 [INFO] Epoch: 37 [38400/50000 (77%)]	 Training Loss: 0.216 ACC: 85.06 CR: 0.51 Avg R1: 4.92 Avg R2: 1.66 Avg Reward: 6.579598
2026-05-16 13:51:17 [INFO] EPOCH:37, ======================CR:0.5028====================
2026-05-16 13:51:17 [INFO] -0.0037406920312410665
2026-05-16 13:51:19 [INFO] EPOCH:37, ======================ACC:85.93====================
2026-05-16 13:51:19 [INFO] BEST EPOCH:37,BEST ACC:85.93
2026-05-16 13:51:19 [INFO] Saving Masks: current CR 0.5028 target CR 0.5000
2026-05-16 13:51:19 [INFO] Updated candidate mask pretrained-rescale_mask_best-acc_50_05161317_resnet18 at epoch 37 with acc 85.9300
2026-05-16 13:51:33 [INFO] Epoch: 38 [12800/50000 (26%)]	 Training Loss: 0.215 ACC: 85.15 CR: 0.50 Avg R1: 4.96 Avg R2: 1.64 Avg Reward: 6.602663
2026-05-16 13:51:47 [INFO] Epoch: 38 [25600/50000 (51%)]	 Training Loss: 0.219 ACC: 84.93 CR: 0.50 Avg R1: 4.96 Avg R2: 1.64 Avg Reward: 6.603907
2026-05-16 13:52:03 [INFO] Epoch: 38 [38400/50000 (77%)]	 Training Loss: 0.217 ACC: 85.10 CR: 0.50 Avg R1: 4.96 Avg R2: 1.64 Avg Reward: 6.605192
2026-05-16 13:52:19 [INFO] EPOCH:38, ======================CR:0.50378====================
2026-05-16 13:52:19 [INFO] -0.0014516073040774541
2026-05-16 13:52:21 [INFO] EPOCH:38, ======================ACC:85.73====================
2026-05-16 13:52:21 [INFO] BEST EPOCH:37,BEST ACC:85.93
2026-05-16 13:52:21 [INFO] Saving Masks: current CR 0.5038 target CR 0.5000
2026-05-16 13:52:38 [INFO] Epoch: 39 [12800/50000 (26%)]	 Training Loss: 0.209 ACC: 85.88 CR: 0.50 Avg R1: 4.95 Avg R2: 1.65 Avg Reward: 6.602998
2026-05-16 13:52:56 [INFO] Epoch: 39 [25600/50000 (51%)]	 Training Loss: 0.207 ACC: 85.88 CR: 0.51 Avg R1: 4.96 Avg R2: 1.65 Avg Reward: 6.605073
2026-05-16 13:53:12 [INFO] Epoch: 39 [38400/50000 (77%)]	 Training Loss: 0.209 ACC: 85.71 CR: 0.51 Avg R1: 4.95 Avg R2: 1.65 Avg Reward: 6.600513
2026-05-16 13:53:26 [INFO] EPOCH:39, ======================CR:0.50884====================
2026-05-16 13:53:26 [INFO] -0.0004903572585407238
2026-05-16 13:53:28 [INFO] EPOCH:39, ======================ACC:85.89====================
2026-05-16 13:53:28 [INFO] BEST EPOCH:37,BEST ACC:85.93
2026-05-16 13:53:28 [INFO] Saving Masks: current CR 0.5088 target CR 0.5000
2026-05-16 13:53:46 [INFO] Epoch: 40 [12800/50000 (26%)]	 Training Loss: 0.215 ACC: 85.71 CR: 0.51 Avg R1: 4.92 Avg R2: 1.66 Avg Reward: 6.575272
2026-05-16 13:54:03 [INFO] Epoch: 40 [25600/50000 (51%)]	 Training Loss: 0.216 ACC: 85.43 CR: 0.51 Avg R1: 4.91 Avg R2: 1.66 Avg Reward: 6.569471
2026-05-16 13:54:18 [INFO] Epoch: 40 [38400/50000 (77%)]	 Training Loss: 0.216 ACC: 85.34 CR: 0.51 Avg R1: 4.90 Avg R2: 1.66 Avg Reward: 6.563432
2026-05-16 13:54:30 [INFO] EPOCH:40, ======================CR:0.51018====================
2026-05-16 13:54:30 [INFO] 0.0006267299087270487
2026-05-16 13:54:32 [INFO] EPOCH:40, ======================ACC:83.09====================
2026-05-16 13:54:32 [INFO] BEST EPOCH:37,BEST ACC:85.93
2026-05-16 13:54:49 [INFO] Epoch: 41 [12800/50000 (26%)]	 Training Loss: 0.216 ACC: 84.98 CR: 0.51 Avg R1: 4.90 Avg R2: 1.65 Avg Reward: 6.550150
2026-05-16 13:55:06 [INFO] Epoch: 41 [25600/50000 (51%)]	 Training Loss: 0.211 ACC: 85.59 CR: 0.51 Avg R1: 4.91 Avg R2: 1.65 Avg Reward: 6.557565
2026-05-16 13:55:24 [INFO] Epoch: 41 [38400/50000 (77%)]	 Training Loss: 0.208 ACC: 85.64 CR: 0.51 Avg R1: 4.91 Avg R2: 1.65 Avg Reward: 6.562427
2026-05-16 13:55:40 [INFO] EPOCH:41, ======================CR:0.50346====================
2026-05-16 13:55:40 [INFO] -0.006821806000457838
2026-05-16 13:55:42 [INFO] EPOCH:41, ======================ACC:85.18====================
2026-05-16 13:55:42 [INFO] BEST EPOCH:37,BEST ACC:85.93
2026-05-16 13:55:42 [INFO] Saving Masks: current CR 0.5035 target CR 0.5000
2026-05-16 13:56:00 [INFO] Epoch: 42 [12800/50000 (26%)]	 Training Loss: 0.194 ACC: 86.09 CR: 0.50 Avg R1: 4.98 Avg R2: 1.63 Avg Reward: 6.611610
2026-05-16 13:56:17 [INFO] Epoch: 42 [25600/50000 (51%)]	 Training Loss: 0.201 ACC: 85.79 CR: 0.50 Avg R1: 4.97 Avg R2: 1.63 Avg Reward: 6.605023
2026-05-16 13:56:37 [INFO] Epoch: 42 [38400/50000 (77%)]	 Training Loss: 0.204 ACC: 85.68 CR: 0.51 Avg R1: 4.97 Avg R2: 1.63 Avg Reward: 6.599627
2026-05-16 13:56:55 [INFO] EPOCH:42, ======================CR:0.50508====================
2026-05-16 13:56:55 [INFO] -0.0041430806695478516
2026-05-16 13:56:57 [INFO] EPOCH:42, ======================ACC:85.89====================
2026-05-16 13:56:57 [INFO] BEST EPOCH:37,BEST ACC:85.93
2026-05-16 13:56:57 [INFO] Saving Masks: current CR 0.5051 target CR 0.5000
2026-05-16 13:57:15 [INFO] Epoch: 43 [12800/50000 (26%)]	 Training Loss: 0.206 ACC: 85.73 CR: 0.50 Avg R1: 4.96 Avg R2: 1.64 Avg Reward: 6.605622
2026-05-16 13:57:32 [INFO] Epoch: 43 [25600/50000 (51%)]	 Training Loss: 0.207 ACC: 85.70 CR: 0.50 Avg R1: 4.97 Avg R2: 1.64 Avg Reward: 6.613695
2026-05-16 13:57:51 [INFO] Epoch: 43 [38400/50000 (77%)]	 Training Loss: 0.207 ACC: 85.73 CR: 0.50 Avg R1: 4.97 Avg R2: 1.64 Avg Reward: 6.617318
2026-05-16 13:58:10 [INFO] EPOCH:43, ======================CR:0.50114====================
2026-05-16 13:58:10 [INFO] -0.005335630705510152
2026-05-16 13:58:12 [INFO] EPOCH:43, ======================ACC:85.84====================
2026-05-16 13:58:12 [INFO] BEST EPOCH:37,BEST ACC:85.93
2026-05-16 13:58:12 [INFO] Saving Masks: current CR 0.5011 target CR 0.5000
2026-05-16 13:58:31 [INFO] Epoch: 44 [12800/50000 (26%)]	 Training Loss: 0.209 ACC: 85.73 CR: 0.50 Avg R1: 4.99 Avg R2: 1.63 Avg Reward: 6.624218
2026-05-16 13:58:48 [INFO] Epoch: 44 [25600/50000 (51%)]	 Training Loss: 0.211 ACC: 85.68 CR: 0.50 Avg R1: 4.99 Avg R2: 1.63 Avg Reward: 6.617838
2026-05-16 13:59:05 [INFO] Epoch: 44 [38400/50000 (77%)]	 Training Loss: 0.209 ACC: 85.82 CR: 0.50 Avg R1: 4.98 Avg R2: 1.63 Avg Reward: 6.614002
2026-05-16 13:59:20 [INFO] EPOCH:44, ======================CR:0.50302====================
2026-05-16 13:59:20 [INFO] -0.0005326486539748254
2026-05-16 13:59:22 [INFO] EPOCH:44, ======================ACC:86.02====================
2026-05-16 13:59:22 [INFO] BEST EPOCH:44,BEST ACC:86.02
2026-05-16 13:59:22 [INFO] Saving Masks: current CR 0.5030 target CR 0.5000
2026-05-16 13:59:22 [INFO] Updated candidate mask pretrained-rescale_mask_best-acc_50_05161317_resnet18 at epoch 44 with acc 86.0200
2026-05-16 13:59:38 [INFO] Epoch: 45 [12800/50000 (26%)]	 Training Loss: 0.201 ACC: 86.02 CR: 0.50 Avg R1: 4.98 Avg R2: 1.62 Avg Reward: 6.606762
2026-05-16 13:59:56 [INFO] Epoch: 45 [25600/50000 (51%)]	 Training Loss: 0.202 ACC: 85.92 CR: 0.50 Avg R1: 4.99 Avg R2: 1.62 Avg Reward: 6.608420
2026-05-16 14:00:13 [INFO] Epoch: 45 [38400/50000 (77%)]	 Training Loss: 0.203 ACC: 85.74 CR: 0.49 Avg R1: 4.98 Avg R2: 1.62 Avg Reward: 6.596476
2026-05-16 14:00:30 [INFO] EPOCH:45, ======================CR:0.49142====================
2026-05-16 14:00:30 [INFO] -0.001997643695681042
2026-05-16 14:00:32 [INFO] EPOCH:45, ======================ACC:88.33====================
2026-05-16 14:00:32 [INFO] BEST EPOCH:45,BEST ACC:88.33
2026-05-16 14:00:32 [INFO] Saving Masks: current CR 0.4914 target CR 0.5000
2026-05-16 14:00:32 [INFO] Updated candidate mask pretrained-rescale_mask_best-acc_50_05161317_resnet18 at epoch 45 with acc 88.3300
2026-05-16 14:00:51 [INFO] Epoch: 46 [12800/50000 (26%)]	 Training Loss: 0.193 ACC: 86.32 CR: 0.49 Avg R1: 4.90 Avg R2: 1.59 Avg Reward: 6.495148
2026-05-16 14:01:13 [INFO] Epoch: 46 [25600/50000 (51%)]	 Training Loss: 0.192 ACC: 86.34 CR: 0.49 Avg R1: 4.90 Avg R2: 1.59 Avg Reward: 6.491557
2026-05-16 14:01:32 [INFO] Epoch: 46 [38400/50000 (77%)]	 Training Loss: 0.195 ACC: 86.37 CR: 0.49 Avg R1: 4.90 Avg R2: 1.59 Avg Reward: 6.486790
2026-05-16 14:01:48 [INFO] EPOCH:46, ======================CR:0.49268====================
2026-05-16 14:01:48 [INFO] -0.003141762648731879
2026-05-16 14:01:50 [INFO] EPOCH:46, ======================ACC:85.16====================
2026-05-16 14:01:50 [INFO] BEST EPOCH:45,BEST ACC:88.33
2026-05-16 14:01:50 [INFO] Saving Masks: current CR 0.4927 target CR 0.5000
2026-05-16 14:02:10 [INFO] Epoch: 47 [12800/50000 (26%)]	 Training Loss: 0.192 ACC: 86.65 CR: 0.49 Avg R1: 4.92 Avg R2: 1.59 Avg Reward: 6.509433
2026-05-16 14:02:29 [INFO] Epoch: 47 [25600/50000 (51%)]	 Training Loss: 0.194 ACC: 86.63 CR: 0.49 Avg R1: 4.91 Avg R2: 1.59 Avg Reward: 6.502058
2026-05-16 14:02:47 [INFO] Epoch: 47 [38400/50000 (77%)]	 Training Loss: 0.198 ACC: 86.30 CR: 0.49 Avg R1: 4.91 Avg R2: 1.59 Avg Reward: 6.501114
2026-05-16 14:03:05 [INFO] EPOCH:47, ======================CR:0.4902====================
2026-05-16 14:03:05 [INFO] 0.0031443885405701426
2026-05-16 14:03:07 [INFO] EPOCH:47, ======================ACC:88.11====================
2026-05-16 14:03:07 [INFO] BEST EPOCH:45,BEST ACC:88.33
2026-05-16 14:03:07 [INFO] Saving Masks: current CR 0.4902 target CR 0.5000
2026-05-16 14:03:25 [INFO] Epoch: 48 [12800/50000 (26%)]	 Training Loss: 0.199 ACC: 86.29 CR: 0.49 Avg R1: 4.91 Avg R2: 1.60 Avg Reward: 6.511608
2026-05-16 14:03:44 [INFO] Epoch: 48 [25600/50000 (51%)]	 Training Loss: 0.203 ACC: 86.03 CR: 0.49 Avg R1: 4.91 Avg R2: 1.60 Avg Reward: 6.515244
2026-05-16 14:04:02 [INFO] Epoch: 48 [38400/50000 (77%)]	 Training Loss: 0.202 ACC: 86.08 CR: 0.50 Avg R1: 4.92 Avg R2: 1.60 Avg Reward: 6.528218
2026-05-16 14:04:21 [INFO] EPOCH:48, ======================CR:0.49928====================
2026-05-16 14:04:21 [INFO] -0.011367976074081623
2026-05-16 14:04:23 [INFO] EPOCH:48, ======================ACC:86.55====================
2026-05-16 14:04:23 [INFO] BEST EPOCH:45,BEST ACC:88.33
2026-05-16 14:04:23 [INFO] Saving Masks: current CR 0.4993 target CR 0.5000
2026-05-16 14:04:42 [INFO] Epoch: 49 [12800/50000 (26%)]	 Training Loss: 0.202 ACC: 86.26 CR: 0.50 Avg R1: 4.99 Avg R2: 1.61 Avg Reward: 6.602093
2026-05-16 14:05:02 [INFO] Epoch: 49 [25600/50000 (51%)]	 Training Loss: 0.201 ACC: 86.31 CR: 0.50 Avg R1: 4.98 Avg R2: 1.61 Avg Reward: 6.599534
2026-05-16 14:05:21 [INFO] Epoch: 49 [38400/50000 (77%)]	 Training Loss: 0.199 ACC: 86.36 CR: 0.50 Avg R1: 4.98 Avg R2: 1.62 Avg Reward: 6.600132
2026-05-16 14:05:37 [INFO] EPOCH:49, ======================CR:0.50286====================
2026-05-16 14:05:37 [INFO] -0.01321981283572232
2026-05-16 14:05:39 [INFO] EPOCH:49, ======================ACC:88.47====================
2026-05-16 14:05:39 [INFO] BEST EPOCH:49,BEST ACC:88.47
2026-05-16 14:05:39 [INFO] Saving Masks: current CR 0.5029 target CR 0.5000
2026-05-16 14:05:39 [INFO] Updated candidate mask pretrained-rescale_mask_best-acc_50_05161317_resnet18 at epoch 49 with acc 88.4700
2026-05-16 14:05:59 [INFO] Epoch: 50 [12800/50000 (26%)]	 Training Loss: 0.187 ACC: 86.78 CR: 0.50 Avg R1: 4.98 Avg R2: 1.62 Avg Reward: 6.596256
2026-05-16 14:06:19 [INFO] Epoch: 50 [25600/50000 (51%)]	 Training Loss: 0.195 ACC: 86.39 CR: 0.50 Avg R1: 4.97 Avg R2: 1.62 Avg Reward: 6.591205
2026-05-16 14:06:38 [INFO] Epoch: 50 [38400/50000 (77%)]	 Training Loss: 0.197 ACC: 86.26 CR: 0.50 Avg R1: 4.98 Avg R2: 1.62 Avg Reward: 6.593191
2026-05-16 14:06:55 [INFO] EPOCH:50, ======================CR:0.5001====================
2026-05-16 14:06:55 [INFO] 0.002168449953389926
2026-05-16 14:06:57 [INFO] EPOCH:50, ======================ACC:84.71====================
2026-05-16 14:06:57 [INFO] BEST EPOCH:49,BEST ACC:88.47
2026-05-16 14:06:57 [INFO] Saving Masks: current CR 0.5001 target CR 0.5000
2026-05-16 14:07:18 [INFO] Epoch: 51 [12800/50000 (26%)]	 Training Loss: 0.195 ACC: 86.48 CR: 0.50 Avg R1: 5.00 Avg R2: 1.62 Avg Reward: 6.612477
2026-05-16 14:07:37 [INFO] Epoch: 51 [25600/50000 (51%)]	 Training Loss: 0.192 ACC: 86.60 CR: 0.50 Avg R1: 5.00 Avg R2: 1.62 Avg Reward: 6.610976
2026-05-16 14:07:54 [INFO] Epoch: 51 [38400/50000 (77%)]	 Training Loss: 0.192 ACC: 86.61 CR: 0.50 Avg R1: 5.00 Avg R2: 1.62 Avg Reward: 6.611635
2026-05-16 14:08:12 [INFO] EPOCH:51, ======================CR:0.49884====================
2026-05-16 14:08:12 [INFO] -0.004103850990441702
2026-05-16 14:08:14 [INFO] EPOCH:51, ======================ACC:86.27====================
2026-05-16 14:08:14 [INFO] BEST EPOCH:49,BEST ACC:88.47
2026-05-16 14:08:14 [INFO] Saving Masks: current CR 0.4988 target CR 0.5000
2026-05-16 14:08:34 [INFO] Epoch: 52 [12800/50000 (26%)]	 Training Loss: 0.196 ACC: 86.20 CR: 0.50 Avg R1: 4.98 Avg R2: 1.61 Avg Reward: 6.591317
2026-05-16 14:08:52 [INFO] Epoch: 52 [25600/50000 (51%)]	 Training Loss: 0.196 ACC: 86.30 CR: 0.50 Avg R1: 4.97 Avg R2: 1.61 Avg Reward: 6.579153
2026-05-16 14:09:12 [INFO] Epoch: 52 [38400/50000 (77%)]	 Training Loss: 0.195 ACC: 86.34 CR: 0.50 Avg R1: 4.97 Avg R2: 1.61 Avg Reward: 6.578111
2026-05-16 14:09:32 [INFO] EPOCH:52, ======================CR:0.49352====================
2026-05-16 14:09:32 [INFO] -0.0016736042611203868
2026-05-16 14:09:34 [INFO] EPOCH:52, ======================ACC:87.82====================
2026-05-16 14:09:34 [INFO] BEST EPOCH:49,BEST ACC:88.47
2026-05-16 14:09:34 [INFO] Saving Masks: current CR 0.4935 target CR 0.5000
2026-05-16 14:09:57 [INFO] Epoch: 53 [12800/50000 (26%)]	 Training Loss: 0.187 ACC: 87.13 CR: 0.49 Avg R1: 4.93 Avg R2: 1.61 Avg Reward: 6.539364
2026-05-16 14:10:19 [INFO] Epoch: 53 [25600/50000 (51%)]	 Training Loss: 0.191 ACC: 86.91 CR: 0.49 Avg R1: 4.93 Avg R2: 1.61 Avg Reward: 6.533510
2026-05-16 14:10:43 [INFO] Epoch: 53 [38400/50000 (77%)]	 Training Loss: 0.192 ACC: 86.74 CR: 0.49 Avg R1: 4.93 Avg R2: 1.61 Avg Reward: 6.537734
2026-05-16 14:11:04 [INFO] EPOCH:53, ======================CR:0.50026====================
2026-05-16 14:11:04 [INFO] -0.010077612585555772
2026-05-16 14:11:07 [INFO] EPOCH:53, ======================ACC:80.24====================
2026-05-16 14:11:07 [INFO] BEST EPOCH:49,BEST ACC:88.47
2026-05-16 14:11:07 [INFO] Saving Masks: current CR 0.5003 target CR 0.5000
2026-05-16 14:11:30 [INFO] Epoch: 54 [12800/50000 (26%)]	 Training Loss: 0.193 ACC: 86.48 CR: 0.50 Avg R1: 5.00 Avg R2: 1.60 Avg Reward: 6.600368
2026-05-16 14:11:52 [INFO] Epoch: 54 [25600/50000 (51%)]	 Training Loss: 0.190 ACC: 86.66 CR: 0.50 Avg R1: 4.99 Avg R2: 1.60 Avg Reward: 6.595015
2026-05-16 14:12:17 [INFO] Epoch: 54 [38400/50000 (77%)]	 Training Loss: 0.191 ACC: 86.75 CR: 0.50 Avg R1: 4.99 Avg R2: 1.60 Avg Reward: 6.592480
2026-05-16 14:12:39 [INFO] EPOCH:54, ======================CR:0.49658====================
2026-05-16 14:12:39 [INFO] -0.0004001951970483173
2026-05-16 14:12:41 [INFO] EPOCH:54, ======================ACC:87.02====================
2026-05-16 14:12:41 [INFO] BEST EPOCH:49,BEST ACC:88.47
2026-05-16 14:12:41 [INFO] Saving Masks: current CR 0.4966 target CR 0.5000
2026-05-16 14:13:05 [INFO] Epoch: 55 [12800/50000 (26%)]	 Training Loss: 0.186 ACC: 87.05 CR: 0.50 Avg R1: 4.98 Avg R2: 1.61 Avg Reward: 6.585420
2026-05-16 14:13:28 [INFO] Epoch: 55 [25600/50000 (51%)]	 Training Loss: 0.187 ACC: 87.11 CR: 0.50 Avg R1: 4.98 Avg R2: 1.61 Avg Reward: 6.584169
2026-05-16 14:13:50 [INFO] Epoch: 55 [38400/50000 (77%)]	 Training Loss: 0.189 ACC: 86.97 CR: 0.50 Avg R1: 4.98 Avg R2: 1.60 Avg Reward: 6.584136
2026-05-16 14:14:14 [INFO] EPOCH:55, ======================CR:0.4965====================
2026-05-16 14:14:14 [INFO] 0.00023433870009022432
2026-05-16 14:14:16 [INFO] EPOCH:55, ======================ACC:86.41====================
2026-05-16 14:14:16 [INFO] BEST EPOCH:49,BEST ACC:88.47
2026-05-16 14:14:16 [INFO] Saving Masks: current CR 0.4965 target CR 0.5000
2026-05-16 14:14:42 [INFO] Epoch: 56 [12800/50000 (26%)]	 Training Loss: 0.187 ACC: 86.98 CR: 0.49 Avg R1: 4.96 Avg R2: 1.60 Avg Reward: 6.558711
2026-05-16 14:15:07 [INFO] Epoch: 56 [25600/50000 (51%)]	 Training Loss: 0.190 ACC: 86.80 CR: 0.50 Avg R1: 4.95 Avg R2: 1.60 Avg Reward: 6.551348
2026-05-16 14:15:31 [INFO] Epoch: 56 [38400/50000 (77%)]	 Training Loss: 0.187 ACC: 86.92 CR: 0.50 Avg R1: 4.96 Avg R2: 1.60 Avg Reward: 6.560230
2026-05-16 14:15:55 [INFO] EPOCH:56, ======================CR:0.49968====================
2026-05-16 14:15:55 [INFO] 0.0025075053670053737
2026-05-16 14:15:57 [INFO] EPOCH:56, ======================ACC:88.46====================
2026-05-16 14:15:57 [INFO] BEST EPOCH:49,BEST ACC:88.47
2026-05-16 14:15:57 [INFO] Saving Masks: current CR 0.4997 target CR 0.5000
2026-05-16 14:16:24 [INFO] Epoch: 57 [12800/50000 (26%)]	 Training Loss: 0.190 ACC: 86.70 CR: 0.50 Avg R1: 4.98 Avg R2: 1.60 Avg Reward: 6.583049
2026-05-16 14:16:50 [INFO] Epoch: 57 [25600/50000 (51%)]	 Training Loss: 0.190 ACC: 86.84 CR: 0.50 Avg R1: 4.98 Avg R2: 1.60 Avg Reward: 6.577314
2026-05-16 14:17:14 [INFO] Epoch: 57 [38400/50000 (77%)]	 Training Loss: 0.188 ACC: 86.98 CR: 0.50 Avg R1: 4.97 Avg R2: 1.60 Avg Reward: 6.567958
2026-05-16 14:17:38 [INFO] EPOCH:57, ======================CR:0.49556====================
2026-05-16 14:17:38 [INFO] 0.008301116852483819
2026-05-16 14:17:40 [INFO] EPOCH:57, ======================ACC:88.03====================
2026-05-16 14:17:40 [INFO] BEST EPOCH:49,BEST ACC:88.47
2026-05-16 14:17:40 [INFO] Saving Masks: current CR 0.4956 target CR 0.5000
2026-05-16 14:18:05 [INFO] Epoch: 58 [12800/50000 (26%)]	 Training Loss: 0.186 ACC: 87.29 CR: 0.50 Avg R1: 4.97 Avg R2: 1.60 Avg Reward: 6.568389
2026-05-16 14:18:31 [INFO] Epoch: 58 [25600/50000 (51%)]	 Training Loss: 0.184 ACC: 87.43 CR: 0.50 Avg R1: 4.97 Avg R2: 1.60 Avg Reward: 6.569495
2026-05-16 14:18:56 [INFO] Epoch: 58 [38400/50000 (77%)]	 Training Loss: 0.181 ACC: 87.47 CR: 0.50 Avg R1: 4.97 Avg R2: 1.60 Avg Reward: 6.569579
2026-05-16 14:19:17 [INFO] EPOCH:58, ======================CR:0.49826====================
2026-05-16 14:19:17 [INFO] -0.007880150133702128
2026-05-16 14:19:19 [INFO] EPOCH:58, ======================ACC:86.54====================
2026-05-16 14:19:19 [INFO] BEST EPOCH:49,BEST ACC:88.47
2026-05-16 14:19:19 [INFO] Saving Masks: current CR 0.4983 target CR 0.5000
2026-05-16 14:19:44 [INFO] Epoch: 59 [12800/50000 (26%)]	 Training Loss: 0.179 ACC: 87.57 CR: 0.50 Avg R1: 4.99 Avg R2: 1.60 Avg Reward: 6.594871
2026-05-16 14:20:07 [INFO] Epoch: 59 [25600/50000 (51%)]	 Training Loss: 0.179 ACC: 87.55 CR: 0.50 Avg R1: 4.99 Avg R2: 1.60 Avg Reward: 6.593987
2026-05-16 14:20:32 [INFO] Epoch: 59 [38400/50000 (77%)]	 Training Loss: 0.181 ACC: 87.40 CR: 0.50 Avg R1: 4.98 Avg R2: 1.60 Avg Reward: 6.584054
2026-05-16 14:20:54 [INFO] EPOCH:59, ======================CR:0.49616====================
2026-05-16 14:20:54 [INFO] -0.0018048227918560518
2026-05-16 14:20:56 [INFO] EPOCH:59, ======================ACC:87.78====================
2026-05-16 14:20:56 [INFO] BEST EPOCH:49,BEST ACC:88.47
2026-05-16 14:20:56 [INFO] Saving Masks: current CR 0.4962 target CR 0.5000
2026-05-16 14:21:21 [INFO] Epoch: 60 [12800/50000 (26%)]	 Training Loss: 0.189 ACC: 86.78 CR: 0.50 Avg R1: 4.97 Avg R2: 1.60 Avg Reward: 6.574808
2026-05-16 14:21:46 [INFO] Epoch: 60 [25600/50000 (51%)]	 Training Loss: 0.186 ACC: 86.99 CR: 0.50 Avg R1: 4.98 Avg R2: 1.60 Avg Reward: 6.582710
2026-05-16 14:22:11 [INFO] Epoch: 60 [38400/50000 (77%)]	 Training Loss: 0.184 ACC: 87.15 CR: 0.50 Avg R1: 4.98 Avg R2: 1.60 Avg Reward: 6.587357
2026-05-16 14:22:33 [INFO] EPOCH:60, ======================CR:0.5028====================
2026-05-16 14:22:33 [INFO] -0.011626901928512826
2026-05-16 14:22:35 [INFO] EPOCH:60, ======================ACC:86.83====================
2026-05-16 14:22:35 [INFO] BEST EPOCH:49,BEST ACC:88.47
2026-05-16 14:22:35 [INFO] Saving Masks: current CR 0.5028 target CR 0.5000
2026-05-16 14:23:03 [INFO] Epoch: 61 [12800/50000 (26%)]	 Training Loss: 0.183 ACC: 87.02 CR: 0.50 Avg R1: 4.99 Avg R2: 1.59 Avg Reward: 6.573755
2026-05-16 14:23:27 [INFO] Epoch: 61 [25600/50000 (51%)]	 Training Loss: 0.179 ACC: 87.45 CR: 0.50 Avg R1: 4.99 Avg R2: 1.59 Avg Reward: 6.577859
2026-05-16 14:23:53 [INFO] Epoch: 61 [38400/50000 (77%)]	 Training Loss: 0.180 ACC: 87.42 CR: 0.50 Avg R1: 4.99 Avg R2: 1.59 Avg Reward: 6.574777
2026-05-16 14:24:16 [INFO] EPOCH:61, ======================CR:0.50034====================
2026-05-16 14:24:16 [INFO] -0.004923064530180147
2026-05-16 14:24:18 [INFO] EPOCH:61, ======================ACC:88.69====================
2026-05-16 14:24:18 [INFO] BEST EPOCH:61,BEST ACC:88.69
2026-05-16 14:24:18 [INFO] Saving Masks: current CR 0.5003 target CR 0.5000
2026-05-16 14:24:18 [INFO] Updated candidate mask pretrained-rescale_mask_best-acc_50_05161317_resnet18 at epoch 61 with acc 88.6900
2026-05-16 14:24:42 [INFO] Epoch: 62 [12800/50000 (26%)]	 Training Loss: 0.188 ACC: 86.90 CR: 0.50 Avg R1: 4.99 Avg R2: 1.59 Avg Reward: 6.586149
2026-05-16 14:25:08 [INFO] Epoch: 62 [25600/50000 (51%)]	 Training Loss: 0.187 ACC: 86.90 CR: 0.50 Avg R1: 4.99 Avg R2: 1.60 Avg Reward: 6.587402
2026-05-16 14:25:34 [INFO] Epoch: 62 [38400/50000 (77%)]	 Training Loss: 0.185 ACC: 87.14 CR: 0.50 Avg R1: 4.99 Avg R2: 1.60 Avg Reward: 6.584946
2026-05-16 14:25:58 [INFO] EPOCH:62, ======================CR:0.4973====================
2026-05-16 14:25:58 [INFO] -0.0017349269955311785
2026-05-16 14:26:00 [INFO] EPOCH:62, ======================ACC:87.78====================
2026-05-16 14:26:00 [INFO] BEST EPOCH:61,BEST ACC:88.69
2026-05-16 14:26:00 [INFO] Saving Masks: current CR 0.4973 target CR 0.5000
2026-05-16 14:26:29 [INFO] Epoch: 63 [12800/50000 (26%)]	 Training Loss: 0.180 ACC: 87.52 CR: 0.50 Avg R1: 4.98 Avg R2: 1.60 Avg Reward: 6.577798
2026-05-16 14:26:55 [INFO] Epoch: 63 [25600/50000 (51%)]	 Training Loss: 0.178 ACC: 87.73 CR: 0.50 Avg R1: 4.98 Avg R2: 1.60 Avg Reward: 6.585523
2026-05-16 14:27:20 [INFO] Epoch: 63 [38400/50000 (77%)]	 Training Loss: 0.181 ACC: 87.54 CR: 0.50 Avg R1: 4.98 Avg R2: 1.60 Avg Reward: 6.580533
2026-05-16 14:27:45 [INFO] EPOCH:63, ======================CR:0.50512====================
2026-05-16 14:27:45 [INFO] -0.006673063006286649
2026-05-16 14:27:47 [INFO] EPOCH:63, ======================ACC:87.51====================
2026-05-16 14:27:47 [INFO] BEST EPOCH:61,BEST ACC:88.69
2026-05-16 14:27:47 [INFO] Saving Masks: current CR 0.5051 target CR 0.5000
2026-05-16 14:28:13 [INFO] Epoch: 64 [12800/50000 (26%)]	 Training Loss: 0.179 ACC: 87.53 CR: 0.50 Avg R1: 4.96 Avg R2: 1.59 Avg Reward: 6.554160
2026-05-16 14:28:38 [INFO] Epoch: 64 [25600/50000 (51%)]	 Training Loss: 0.173 ACC: 88.04 CR: 0.50 Avg R1: 4.97 Avg R2: 1.59 Avg Reward: 6.561777
2026-05-16 14:29:06 [INFO] Epoch: 64 [38400/50000 (77%)]	 Training Loss: 0.176 ACC: 87.86 CR: 0.50 Avg R1: 4.98 Avg R2: 1.59 Avg Reward: 6.568769
2026-05-16 14:29:28 [INFO] EPOCH:64, ======================CR:0.4997====================
2026-05-16 14:29:28 [INFO] -0.01201765071028684
2026-05-16 14:29:30 [INFO] EPOCH:64, ======================ACC:89.02====================
2026-05-16 14:29:30 [INFO] BEST EPOCH:64,BEST ACC:89.02
2026-05-16 14:29:30 [INFO] Saving Masks: current CR 0.4997 target CR 0.5000
2026-05-16 14:29:30 [INFO] Updated candidate mask pretrained-rescale_mask_best-acc_50_05161317_resnet18 at epoch 64 with acc 89.0200
2026-05-16 14:29:57 [INFO] Epoch: 65 [12800/50000 (26%)]	 Training Loss: 0.182 ACC: 87.41 CR: 0.50 Avg R1: 4.99 Avg R2: 1.59 Avg Reward: 6.580334
2026-05-16 14:30:23 [INFO] Epoch: 65 [25600/50000 (51%)]	 Training Loss: 0.177 ACC: 87.79 CR: 0.50 Avg R1: 4.99 Avg R2: 1.59 Avg Reward: 6.579981
2026-05-16 14:30:50 [INFO] Epoch: 65 [38400/50000 (77%)]	 Training Loss: 0.176 ACC: 87.92 CR: 0.50 Avg R1: 4.99 Avg R2: 1.59 Avg Reward: 6.575397
2026-05-16 14:31:13 [INFO] EPOCH:65, ======================CR:0.49978====================
2026-05-16 14:31:13 [INFO] -0.007779752847392443
2026-05-16 14:31:15 [INFO] EPOCH:65, ======================ACC:87.97====================
2026-05-16 14:31:15 [INFO] BEST EPOCH:64,BEST ACC:89.02
2026-05-16 14:31:15 [INFO] Saving Masks: current CR 0.4998 target CR 0.5000
2026-05-16 14:31:42 [INFO] Epoch: 66 [12800/50000 (26%)]	 Training Loss: 0.180 ACC: 87.53 CR: 0.50 Avg R1: 4.99 Avg R2: 1.59 Avg Reward: 6.586388
2026-05-16 14:32:08 [INFO] Epoch: 66 [25600/50000 (51%)]	 Training Loss: 0.176 ACC: 87.66 CR: 0.50 Avg R1: 4.99 Avg R2: 1.59 Avg Reward: 6.587478
2026-05-16 14:32:32 [INFO] Epoch: 66 [38400/50000 (77%)]	 Training Loss: 0.177 ACC: 87.64 CR: 0.50 Avg R1: 4.99 Avg R2: 1.59 Avg Reward: 6.587654
2026-05-16 14:32:58 [INFO] EPOCH:66, ======================CR:0.49944====================
2026-05-16 14:32:58 [INFO] -0.006152471902208948
2026-05-16 14:33:00 [INFO] EPOCH:66, ======================ACC:87.49====================
2026-05-16 14:33:00 [INFO] BEST EPOCH:64,BEST ACC:89.02
2026-05-16 14:33:00 [INFO] Saving Masks: current CR 0.4994 target CR 0.5000
2026-05-16 14:33:27 [INFO] Epoch: 67 [12800/50000 (26%)]	 Training Loss: 0.171 ACC: 88.12 CR: 0.50 Avg R1: 4.99 Avg R2: 1.59 Avg Reward: 6.573376
2026-05-16 14:33:54 [INFO] Epoch: 67 [25600/50000 (51%)]	 Training Loss: 0.172 ACC: 88.20 CR: 0.50 Avg R1: 4.99 Avg R2: 1.59 Avg Reward: 6.578400
2026-05-16 14:34:22 [INFO] Epoch: 67 [38400/50000 (77%)]	 Training Loss: 0.175 ACC: 87.90 CR: 0.50 Avg R1: 4.99 Avg R2: 1.59 Avg Reward: 6.580556
2026-05-16 14:34:46 [INFO] EPOCH:67, ======================CR:0.49824====================
2026-05-16 14:34:46 [INFO] 0.0024447412811153643
2026-05-16 14:34:48 [INFO] EPOCH:67, ======================ACC:88.78====================
2026-05-16 14:34:48 [INFO] BEST EPOCH:64,BEST ACC:89.02
2026-05-16 14:34:48 [INFO] Saving Masks: current CR 0.4982 target CR 0.5000
2026-05-16 14:35:16 [INFO] Epoch: 68 [12800/50000 (26%)]	 Training Loss: 0.170 ACC: 88.16 CR: 0.50 Avg R1: 4.98 Avg R2: 1.59 Avg Reward: 6.572885
2026-05-16 14:35:43 [INFO] Epoch: 68 [25600/50000 (51%)]	 Training Loss: 0.176 ACC: 88.00 CR: 0.50 Avg R1: 4.98 Avg R2: 1.59 Avg Reward: 6.569700
2026-05-16 14:36:09 [INFO] Epoch: 68 [38400/50000 (77%)]	 Training Loss: 0.176 ACC: 87.92 CR: 0.50 Avg R1: 4.98 Avg R2: 1.59 Avg Reward: 6.575055
2026-05-16 14:36:32 [INFO] EPOCH:68, ======================CR:0.50064====================
2026-05-16 14:36:32 [INFO] -0.006255228360734464
2026-05-16 14:36:35 [INFO] EPOCH:68, ======================ACC:86.47====================
2026-05-16 14:36:35 [INFO] BEST EPOCH:64,BEST ACC:89.02
2026-05-16 14:36:35 [INFO] Saving Masks: current CR 0.5006 target CR 0.5000
2026-05-16 14:37:00 [INFO] Epoch: 69 [12800/50000 (26%)]	 Training Loss: 0.169 ACC: 88.23 CR: 0.50 Avg R1: 4.99 Avg R2: 1.59 Avg Reward: 6.586190
2026-05-16 14:37:22 [INFO] Epoch: 69 [25600/50000 (51%)]	 Training Loss: 0.168 ACC: 88.17 CR: 0.50 Avg R1: 4.99 Avg R2: 1.59 Avg Reward: 6.585375
2026-05-16 14:37:50 [INFO] Epoch: 69 [38400/50000 (77%)]	 Training Loss: 0.170 ACC: 88.11 CR: 0.50 Avg R1: 4.99 Avg R2: 1.59 Avg Reward: 6.582552
2026-05-16 14:38:14 [INFO] EPOCH:69, ======================CR:0.50238====================
2026-05-16 14:38:14 [INFO] -0.008362361335429454
2026-05-16 14:38:16 [INFO] EPOCH:69, ======================ACC:89.21====================
2026-05-16 14:38:16 [INFO] BEST EPOCH:69,BEST ACC:89.21
2026-05-16 14:38:16 [INFO] Saving Masks: current CR 0.5024 target CR 0.5000
2026-05-16 14:38:16 [INFO] Updated candidate mask pretrained-rescale_mask_best-acc_50_05161317_resnet18 at epoch 69 with acc 89.2100
2026-05-16 14:38:43 [INFO] Epoch: 70 [12800/50000 (26%)]	 Training Loss: 0.169 ACC: 88.41 CR: 0.50 Avg R1: 4.98 Avg R2: 1.59 Avg Reward: 6.575576
2026-05-16 14:39:11 [INFO] Epoch: 70 [25600/50000 (51%)]	 Training Loss: 0.170 ACC: 88.24 CR: 0.50 Avg R1: 4.99 Avg R2: 1.59 Avg Reward: 6.574425
2026-05-16 14:39:37 [INFO] Epoch: 70 [38400/50000 (77%)]	 Training Loss: 0.169 ACC: 88.27 CR: 0.50 Avg R1: 4.99 Avg R2: 1.59 Avg Reward: 6.576985
2026-05-16 14:40:01 [INFO] EPOCH:70, ======================CR:0.50246====================
2026-05-16 14:40:01 [INFO] -0.0016224251488106117
2026-05-16 14:40:03 [INFO] EPOCH:70, ======================ACC:87.34====================
2026-05-16 14:40:03 [INFO] BEST EPOCH:69,BEST ACC:89.21
2026-05-16 14:40:03 [INFO] Saving Masks: current CR 0.5025 target CR 0.5000
2026-05-16 14:40:30 [INFO] Epoch: 71 [12800/50000 (26%)]	 Training Loss: 0.165 ACC: 88.20 CR: 0.50 Avg R1: 4.98 Avg R2: 1.58 Avg Reward: 6.563285
2026-05-16 14:40:55 [INFO] Epoch: 71 [25600/50000 (51%)]	 Training Loss: 0.170 ACC: 87.87 CR: 0.50 Avg R1: 4.98 Avg R2: 1.58 Avg Reward: 6.563156
2026-05-16 14:41:19 [INFO] Epoch: 71 [38400/50000 (77%)]	 Training Loss: 0.169 ACC: 88.06 CR: 0.50 Avg R1: 4.98 Avg R2: 1.58 Avg Reward: 6.565543
2026-05-16 14:41:44 [INFO] EPOCH:71, ======================CR:0.50208====================
2026-05-16 14:41:44 [INFO] 0.004060739195135853
2026-05-16 14:41:46 [INFO] EPOCH:71, ======================ACC:85.94====================
2026-05-16 14:41:46 [INFO] BEST EPOCH:69,BEST ACC:89.21
2026-05-16 14:41:46 [INFO] Saving Masks: current CR 0.5021 target CR 0.5000
2026-05-16 14:42:14 [INFO] Epoch: 72 [12800/50000 (26%)]	 Training Loss: 0.169 ACC: 88.36 CR: 0.50 Avg R1: 4.98 Avg R2: 1.59 Avg Reward: 6.571032
2026-05-16 14:42:41 [INFO] Epoch: 72 [25600/50000 (51%)]	 Training Loss: 0.169 ACC: 88.35 CR: 0.50 Avg R1: 4.99 Avg R2: 1.59 Avg Reward: 6.575345
2026-05-16 14:43:08 [INFO] Epoch: 72 [38400/50000 (77%)]	 Training Loss: 0.170 ACC: 88.25 CR: 0.50 Avg R1: 4.99 Avg R2: 1.59 Avg Reward: 6.577706
2026-05-16 14:43:33 [INFO] EPOCH:72, ======================CR:0.4997====================
2026-05-16 14:43:33 [INFO] -0.004086176169771483
2026-05-16 14:43:35 [INFO] EPOCH:72, ======================ACC:87.21====================
2026-05-16 14:43:35 [INFO] BEST EPOCH:69,BEST ACC:89.21
2026-05-16 14:43:35 [INFO] Saving Masks: current CR 0.4997 target CR 0.5000
2026-05-16 14:44:04 [INFO] Epoch: 73 [12800/50000 (26%)]	 Training Loss: 0.158 ACC: 89.38 CR: 0.50 Avg R1: 5.00 Avg R2: 1.58 Avg Reward: 6.579753
2026-05-16 14:44:30 [INFO] Epoch: 73 [25600/50000 (51%)]	 Training Loss: 0.163 ACC: 88.97 CR: 0.50 Avg R1: 4.99 Avg R2: 1.58 Avg Reward: 6.577983
2026-05-16 14:44:58 [INFO] Epoch: 73 [38400/50000 (77%)]	 Training Loss: 0.166 ACC: 88.69 CR: 0.50 Avg R1: 4.99 Avg R2: 1.58 Avg Reward: 6.576714
2026-05-16 14:45:23 [INFO] EPOCH:73, ======================CR:0.50044====================
2026-05-16 14:45:23 [INFO] 0.002783665560468577
2026-05-16 14:45:26 [INFO] EPOCH:73, ======================ACC:88.76====================
2026-05-16 14:45:26 [INFO] BEST EPOCH:69,BEST ACC:89.21
2026-05-16 14:45:26 [INFO] Saving Masks: current CR 0.5004 target CR 0.5000
2026-05-16 14:45:56 [INFO] Epoch: 74 [12800/50000 (26%)]	 Training Loss: 0.158 ACC: 89.10 CR: 0.50 Avg R1: 4.99 Avg R2: 1.59 Avg Reward: 6.572243
2026-05-16 14:46:23 [INFO] Epoch: 74 [25600/50000 (51%)]	 Training Loss: 0.162 ACC: 88.60 CR: 0.50 Avg R1: 4.98 Avg R2: 1.59 Avg Reward: 6.566027
2026-05-16 14:46:51 [INFO] Epoch: 74 [38400/50000 (77%)]	 Training Loss: 0.165 ACC: 88.38 CR: 0.50 Avg R1: 4.98 Avg R2: 1.59 Avg Reward: 6.564318
2026-05-16 14:47:14 [INFO] EPOCH:74, ======================CR:0.50274====================
2026-05-16 14:47:14 [INFO] 0.0020174143244021886
2026-05-16 14:47:16 [INFO] EPOCH:74, ======================ACC:89.21====================
2026-05-16 14:47:16 [INFO] BEST EPOCH:74,BEST ACC:89.21
2026-05-16 14:47:16 [INFO] Saving Masks: current CR 0.5027 target CR 0.5000
2026-05-16 14:47:16 [INFO] Updated candidate mask pretrained-rescale_mask_best-acc_50_05161317_resnet18 at epoch 74 with acc 89.2100
2026-05-16 14:47:42 [INFO] Epoch: 75 [12800/50000 (26%)]	 Training Loss: 0.171 ACC: 88.03 CR: 0.50 Avg R1: 4.99 Avg R2: 1.58 Avg Reward: 6.570042
2026-05-16 14:48:11 [INFO] Epoch: 75 [25600/50000 (51%)]	 Training Loss: 0.172 ACC: 87.95 CR: 0.50 Avg R1: 4.99 Avg R2: 1.58 Avg Reward: 6.571057
2026-05-16 14:48:39 [INFO] Epoch: 75 [38400/50000 (77%)]	 Training Loss: 0.171 ACC: 88.24 CR: 0.50 Avg R1: 4.99 Avg R2: 1.58 Avg Reward: 6.567950
2026-05-16 14:49:05 [INFO] EPOCH:75, ======================CR:0.5021====================
2026-05-16 14:49:05 [INFO] -0.004346685124790026
2026-05-16 14:49:07 [INFO] EPOCH:75, ======================ACC:87.22====================
2026-05-16 14:49:07 [INFO] BEST EPOCH:74,BEST ACC:89.21
2026-05-16 14:49:07 [INFO] Saving Masks: current CR 0.5021 target CR 0.5000
2026-05-16 14:49:36 [INFO] Epoch: 76 [12800/50000 (26%)]	 Training Loss: 0.164 ACC: 89.02 CR: 0.50 Avg R1: 4.98 Avg R2: 1.58 Avg Reward: 6.565165
2026-05-16 14:50:02 [INFO] Epoch: 76 [25600/50000 (51%)]	 Training Loss: 0.164 ACC: 88.89 CR: 0.50 Avg R1: 4.97 Avg R2: 1.58 Avg Reward: 6.552096
2026-05-16 14:50:29 [INFO] Epoch: 76 [38400/50000 (77%)]	 Training Loss: 0.167 ACC: 88.65 CR: 0.50 Avg R1: 4.97 Avg R2: 1.58 Avg Reward: 6.548372
2026-05-16 14:50:54 [INFO] EPOCH:76, ======================CR:0.50318====================
2026-05-16 14:50:54 [INFO] -0.0037976725182492436
2026-05-16 14:50:56 [INFO] EPOCH:76, ======================ACC:89.16====================
2026-05-16 14:50:56 [INFO] BEST EPOCH:74,BEST ACC:89.21
2026-05-16 14:50:56 [INFO] Saving Masks: current CR 0.5032 target CR 0.5000
2026-05-16 14:51:29 [INFO] Epoch: 77 [12800/50000 (26%)]	 Training Loss: 0.163 ACC: 88.79 CR: 0.50 Avg R1: 4.96 Avg R2: 1.57 Avg Reward: 6.536823
2026-05-16 14:51:53 [INFO] Epoch: 77 [25600/50000 (51%)]	 Training Loss: 0.164 ACC: 88.53 CR: 0.50 Avg R1: 4.97 Avg R2: 1.57 Avg Reward: 6.538065
2026-05-16 14:52:18 [INFO] Epoch: 77 [38400/50000 (77%)]	 Training Loss: 0.163 ACC: 88.64 CR: 0.50 Avg R1: 4.98 Avg R2: 1.57 Avg Reward: 6.546121
2026-05-16 14:52:44 [INFO] EPOCH:77, ======================CR:0.49734====================
2026-05-16 14:52:44 [INFO] -0.0017247371862310875
2026-05-16 14:52:46 [INFO] EPOCH:77, ======================ACC:84.29====================
2026-05-16 14:52:46 [INFO] BEST EPOCH:74,BEST ACC:89.21
2026-05-16 14:52:46 [INFO] Saving Masks: current CR 0.4973 target CR 0.5000
2026-05-16 14:53:16 [INFO] Epoch: 78 [12800/50000 (26%)]	 Training Loss: 0.173 ACC: 88.21 CR: 0.50 Avg R1: 4.97 Avg R2: 1.55 Avg Reward: 6.520175
2026-05-16 14:53:43 [INFO] Epoch: 78 [25600/50000 (51%)]	 Training Loss: 0.169 ACC: 88.47 CR: 0.50 Avg R1: 4.97 Avg R2: 1.55 Avg Reward: 6.522864
2026-05-16 14:54:12 [INFO] Epoch: 78 [38400/50000 (77%)]	 Training Loss: 0.168 ACC: 88.70 CR: 0.50 Avg R1: 4.97 Avg R2: 1.56 Avg Reward: 6.530019
2026-05-16 14:54:39 [INFO] EPOCH:78, ======================CR:0.49832====================
2026-05-16 14:54:39 [INFO] -0.004719671991993616
2026-05-16 14:54:41 [INFO] EPOCH:78, ======================ACC:87.96====================
2026-05-16 14:54:41 [INFO] BEST EPOCH:74,BEST ACC:89.21
2026-05-16 14:54:41 [INFO] Saving Masks: current CR 0.4983 target CR 0.5000
2026-05-16 14:55:09 [INFO] Epoch: 79 [12800/50000 (26%)]	 Training Loss: 0.159 ACC: 88.93 CR: 0.50 Avg R1: 4.96 Avg R2: 1.57 Avg Reward: 6.532521
2026-05-16 14:55:38 [INFO] Epoch: 79 [25600/50000 (51%)]	 Training Loss: 0.160 ACC: 88.91 CR: 0.50 Avg R1: 4.97 Avg R2: 1.57 Avg Reward: 6.540526
2026-05-16 14:56:04 [INFO] Epoch: 79 [38400/50000 (77%)]	 Training Loss: 0.159 ACC: 89.23 CR: 0.50 Avg R1: 4.98 Avg R2: 1.57 Avg Reward: 6.549103
2026-05-16 14:56:29 [INFO] EPOCH:79, ======================CR:0.49948====================
2026-05-16 14:56:29 [INFO] 0.007407039550591773
2026-05-16 14:56:31 [INFO] EPOCH:79, ======================ACC:88.57====================
2026-05-16 14:56:31 [INFO] BEST EPOCH:74,BEST ACC:89.21
2026-05-16 14:56:31 [INFO] Saving Masks: current CR 0.4995 target CR 0.5000
2026-05-16 14:56:59 [INFO] Epoch: 80 [12800/50000 (26%)]	 Training Loss: 0.158 ACC: 88.77 CR: 0.50 Avg R1: 4.99 Avg R2: 1.57 Avg Reward: 6.556069
2026-05-16 14:57:24 [INFO] Epoch: 80 [25600/50000 (51%)]	 Training Loss: 0.159 ACC: 88.77 CR: 0.50 Avg R1: 4.98 Avg R2: 1.57 Avg Reward: 6.548272
2026-05-16 14:57:48 [INFO] Epoch: 80 [38400/50000 (77%)]	 Training Loss: 0.161 ACC: 88.74 CR: 0.50 Avg R1: 4.98 Avg R2: 1.56 Avg Reward: 6.540255
2026-05-16 14:58:09 [INFO] EPOCH:80, ======================CR:0.49766====================
2026-05-16 14:58:09 [INFO] 0.00029252224424204345
2026-05-16 14:58:11 [INFO] EPOCH:80, ======================ACC:87.68====================
2026-05-16 14:58:11 [INFO] BEST EPOCH:74,BEST ACC:89.21
2026-05-16 14:58:11 [INFO] Saving Masks: current CR 0.4977 target CR 0.5000
2026-05-16 14:58:35 [INFO] Epoch: 81 [12800/50000 (26%)]	 Training Loss: 0.165 ACC: 88.77 CR: 0.50 Avg R1: 4.98 Avg R2: 1.57 Avg Reward: 6.548780
2026-05-16 14:59:01 [INFO] Epoch: 81 [25600/50000 (51%)]	 Training Loss: 0.158 ACC: 89.11 CR: 0.50 Avg R1: 4.99 Avg R2: 1.57 Avg Reward: 6.552856
2026-05-16 14:59:25 [INFO] Epoch: 81 [38400/50000 (77%)]	 Training Loss: 0.156 ACC: 89.20 CR: 0.50 Avg R1: 4.99 Avg R2: 1.57 Avg Reward: 6.555458
2026-05-16 14:59:47 [INFO] EPOCH:81, ======================CR:0.50088====================
2026-05-16 14:59:47 [INFO] -0.003502453005096209
2026-05-16 14:59:49 [INFO] EPOCH:81, ======================ACC:88.11====================
2026-05-16 14:59:49 [INFO] BEST EPOCH:74,BEST ACC:89.21
2026-05-16 14:59:49 [INFO] Saving Masks: current CR 0.5009 target CR 0.5000
2026-05-16 15:00:15 [INFO] Epoch: 82 [12800/50000 (26%)]	 Training Loss: 0.160 ACC: 88.82 CR: 0.50 Avg R1: 4.98 Avg R2: 1.56 Avg Reward: 6.544239
2026-05-16 15:00:39 [INFO] Epoch: 82 [25600/50000 (51%)]	 Training Loss: 0.156 ACC: 89.23 CR: 0.50 Avg R1: 4.98 Avg R2: 1.56 Avg Reward: 6.544696
2026-05-16 15:01:04 [INFO] Epoch: 82 [38400/50000 (77%)]	 Training Loss: 0.158 ACC: 89.15 CR: 0.50 Avg R1: 4.98 Avg R2: 1.56 Avg Reward: 6.547182
2026-05-16 15:01:27 [INFO] EPOCH:82, ======================CR:0.50048====================
2026-05-16 15:01:27 [INFO] 0.006605616236986834
2026-05-16 15:01:29 [INFO] EPOCH:82, ======================ACC:86.64====================
2026-05-16 15:01:29 [INFO] BEST EPOCH:74,BEST ACC:89.21
2026-05-16 15:01:29 [INFO] Saving Masks: current CR 0.5005 target CR 0.5000
2026-05-16 15:01:57 [INFO] Epoch: 83 [12800/50000 (26%)]	 Training Loss: 0.159 ACC: 89.30 CR: 0.50 Avg R1: 4.99 Avg R2: 1.57 Avg Reward: 6.558285
2026-05-16 15:02:21 [INFO] Epoch: 83 [25600/50000 (51%)]	 Training Loss: 0.155 ACC: 89.45 CR: 0.50 Avg R1: 4.99 Avg R2: 1.57 Avg Reward: 6.555551
2026-05-16 15:02:43 [INFO] Epoch: 83 [38400/50000 (77%)]	 Training Loss: 0.154 ACC: 89.38 CR: 0.50 Avg R1: 4.99 Avg R2: 1.57 Avg Reward: 6.556145
2026-05-16 15:03:05 [INFO] EPOCH:83, ======================CR:0.49784====================
2026-05-16 15:03:05 [INFO] 0.0025996579743236253
2026-05-16 15:03:07 [INFO] EPOCH:83, ======================ACC:87.37====================
2026-05-16 15:03:07 [INFO] BEST EPOCH:74,BEST ACC:89.21
2026-05-16 15:03:07 [INFO] Saving Masks: current CR 0.4978 target CR 0.5000
2026-05-16 15:03:32 [INFO] Epoch: 84 [12800/50000 (26%)]	 Training Loss: 0.159 ACC: 89.17 CR: 0.50 Avg R1: 4.99 Avg R2: 1.54 Avg Reward: 6.534763
2026-05-16 15:03:55 [INFO] Epoch: 84 [25600/50000 (51%)]	 Training Loss: 0.158 ACC: 89.27 CR: 0.50 Avg R1: 4.99 Avg R2: 1.55 Avg Reward: 6.533769
2026-05-16 15:04:19 [INFO] Epoch: 84 [38400/50000 (77%)]	 Training Loss: 0.156 ACC: 89.35 CR: 0.50 Avg R1: 4.99 Avg R2: 1.55 Avg Reward: 6.534438
2026-05-16 15:04:41 [INFO] EPOCH:84, ======================CR:0.50014====================
2026-05-16 15:04:41 [INFO] 0.0024807722334604597
2026-05-16 15:04:43 [INFO] EPOCH:84, ======================ACC:88.76====================
2026-05-16 15:04:43 [INFO] BEST EPOCH:74,BEST ACC:89.21
2026-05-16 15:04:43 [INFO] Saving Masks: current CR 0.5001 target CR 0.5000
2026-05-16 15:05:08 [INFO] Epoch: 85 [12800/50000 (26%)]	 Training Loss: 0.143 ACC: 90.16 CR: 0.50 Avg R1: 4.99 Avg R2: 1.56 Avg Reward: 6.555023
2026-05-16 15:05:33 [INFO] Epoch: 85 [25600/50000 (51%)]	 Training Loss: 0.150 ACC: 89.61 CR: 0.50 Avg R1: 4.99 Avg R2: 1.56 Avg Reward: 6.547824
2026-05-16 15:05:56 [INFO] Epoch: 85 [38400/50000 (77%)]	 Training Loss: 0.151 ACC: 89.53 CR: 0.50 Avg R1: 4.99 Avg R2: 1.56 Avg Reward: 6.548404
2026-05-16 15:06:19 [INFO] EPOCH:85, ======================CR:0.50038====================
2026-05-16 15:06:19 [INFO] 0.004922601715230227
2026-05-16 15:06:21 [INFO] EPOCH:85, ======================ACC:88.98====================
2026-05-16 15:06:21 [INFO] BEST EPOCH:74,BEST ACC:89.21
2026-05-16 15:06:21 [INFO] Saving Masks: current CR 0.5004 target CR 0.5000
2026-05-16 15:06:46 [INFO] Epoch: 86 [12800/50000 (26%)]	 Training Loss: 0.159 ACC: 88.88 CR: 0.50 Avg R1: 4.99 Avg R2: 1.56 Avg Reward: 6.550903
2026-05-16 15:07:10 [INFO] Epoch: 86 [25600/50000 (51%)]	 Training Loss: 0.155 ACC: 89.20 CR: 0.50 Avg R1: 4.99 Avg R2: 1.56 Avg Reward: 6.545658
2026-05-16 15:07:34 [INFO] Epoch: 86 [38400/50000 (77%)]	 Training Loss: 0.154 ACC: 89.25 CR: 0.50 Avg R1: 4.98 Avg R2: 1.56 Avg Reward: 6.540030
2026-05-16 15:07:58 [INFO] EPOCH:86, ======================CR:0.49782====================
2026-05-16 15:07:58 [INFO] 0.007849736760562977
2026-05-16 15:08:00 [INFO] EPOCH:86, ======================ACC:89.1====================
2026-05-16 15:08:00 [INFO] BEST EPOCH:74,BEST ACC:89.21
2026-05-16 15:08:00 [INFO] Saving Masks: current CR 0.4978 target CR 0.5000
2026-05-16 15:08:26 [INFO] Epoch: 87 [12800/50000 (26%)]	 Training Loss: 0.156 ACC: 89.08 CR: 0.50 Avg R1: 4.99 Avg R2: 1.56 Avg Reward: 6.542483
2026-05-16 15:08:50 [INFO] Epoch: 87 [25600/50000 (51%)]	 Training Loss: 0.152 ACC: 89.47 CR: 0.50 Avg R1: 4.98 Avg R2: 1.55 Avg Reward: 6.534080
2026-05-16 15:09:14 [INFO] Epoch: 87 [38400/50000 (77%)]	 Training Loss: 0.154 ACC: 89.46 CR: 0.50 Avg R1: 4.97 Avg R2: 1.55 Avg Reward: 6.527206
2026-05-16 15:09:35 [INFO] EPOCH:87, ======================CR:0.50118====================
2026-05-16 15:09:35 [INFO] -0.001637415342946881
2026-05-16 15:09:37 [INFO] EPOCH:87, ======================ACC:89.43====================
2026-05-16 15:09:37 [INFO] BEST EPOCH:87,BEST ACC:89.43
2026-05-16 15:09:37 [INFO] Saving Masks: current CR 0.5012 target CR 0.5000
2026-05-16 15:09:37 [INFO] Updated candidate mask pretrained-rescale_mask_best-acc_50_05161317_resnet18 at epoch 87 with acc 89.4300
2026-05-16 15:10:03 [INFO] Epoch: 88 [12800/50000 (26%)]	 Training Loss: 0.146 ACC: 89.95 CR: 0.50 Avg R1: 4.99 Avg R2: 1.55 Avg Reward: 6.544644
2026-05-16 15:10:26 [INFO] Epoch: 88 [25600/50000 (51%)]	 Training Loss: 0.145 ACC: 90.13 CR: 0.50 Avg R1: 4.99 Avg R2: 1.55 Avg Reward: 6.544987
2026-05-16 15:10:49 [INFO] Epoch: 88 [38400/50000 (77%)]	 Training Loss: 0.146 ACC: 89.86 CR: 0.50 Avg R1: 4.99 Avg R2: 1.55 Avg Reward: 6.541281
2026-05-16 15:11:11 [INFO] EPOCH:88, ======================CR:0.4962====================
2026-05-16 15:11:11 [INFO] 0.00718018081332573
2026-05-16 15:11:13 [INFO] EPOCH:88, ======================ACC:90.69====================
2026-05-16 15:11:13 [INFO] BEST EPOCH:88,BEST ACC:90.69
2026-05-16 15:11:13 [INFO] Saving Masks: current CR 0.4962 target CR 0.5000
2026-05-16 15:11:13 [INFO] Updated candidate mask pretrained-rescale_mask_best-acc_50_05161317_resnet18 at epoch 88 with acc 90.6900
2026-05-16 15:11:39 [INFO] Epoch: 89 [12800/50000 (26%)]	 Training Loss: 0.142 ACC: 90.55 CR: 0.50 Avg R1: 4.97 Avg R2: 1.54 Avg Reward: 6.506075
2026-05-16 15:12:04 [INFO] Epoch: 89 [25600/50000 (51%)]	 Training Loss: 0.145 ACC: 90.23 CR: 0.50 Avg R1: 4.97 Avg R2: 1.54 Avg Reward: 6.510599
2026-05-16 15:12:27 [INFO] Epoch: 89 [38400/50000 (77%)]	 Training Loss: 0.144 ACC: 90.11 CR: 0.50 Avg R1: 4.98 Avg R2: 1.54 Avg Reward: 6.517605
2026-05-16 15:12:50 [INFO] EPOCH:89, ======================CR:0.50144====================
2026-05-16 15:12:50 [INFO] -0.0021192137307456307
2026-05-16 15:12:52 [INFO] EPOCH:89, ======================ACC:87.09====================
2026-05-16 15:12:52 [INFO] BEST EPOCH:88,BEST ACC:90.69
2026-05-16 15:12:52 [INFO] Saving Masks: current CR 0.5014 target CR 0.5000
2026-05-16 15:13:18 [INFO] Epoch: 90 [12800/50000 (26%)]	 Training Loss: 0.144 ACC: 90.06 CR: 0.50 Avg R1: 4.99 Avg R2: 1.56 Avg Reward: 6.543066
2026-05-16 15:13:43 [INFO] Epoch: 90 [25600/50000 (51%)]	 Training Loss: 0.146 ACC: 89.97 CR: 0.50 Avg R1: 4.99 Avg R2: 1.56 Avg Reward: 6.542633
2026-05-16 15:14:07 [INFO] Epoch: 90 [38400/50000 (77%)]	 Training Loss: 0.147 ACC: 89.78 CR: 0.50 Avg R1: 4.98 Avg R2: 1.56 Avg Reward: 6.537463
2026-05-16 15:14:30 [INFO] EPOCH:90, ======================CR:0.49572====================
2026-05-16 15:14:30 [INFO] 0.005582330415451339
2026-05-16 15:14:32 [INFO] EPOCH:90, ======================ACC:89.07====================
2026-05-16 15:14:32 [INFO] BEST EPOCH:88,BEST ACC:90.69
2026-05-16 15:14:32 [INFO] Saving Masks: current CR 0.4957 target CR 0.5000
2026-05-16 15:14:57 [INFO] Epoch: 91 [12800/50000 (26%)]	 Training Loss: 0.146 ACC: 89.92 CR: 0.50 Avg R1: 4.95 Avg R2: 1.54 Avg Reward: 6.495831
2026-05-16 15:15:21 [INFO] Epoch: 91 [25600/50000 (51%)]	 Training Loss: 0.144 ACC: 90.04 CR: 0.50 Avg R1: 4.96 Avg R2: 1.54 Avg Reward: 6.498995
2026-05-16 15:15:47 [INFO] Epoch: 91 [38400/50000 (77%)]	 Training Loss: 0.144 ACC: 90.09 CR: 0.50 Avg R1: 4.97 Avg R2: 1.54 Avg Reward: 6.508135
2026-05-16 15:16:12 [INFO] EPOCH:91, ======================CR:0.49848====================
2026-05-16 15:16:12 [INFO] -0.0013758096201609683
2026-05-16 15:16:15 [INFO] EPOCH:91, ======================ACC:90.45====================
2026-05-16 15:16:15 [INFO] BEST EPOCH:88,BEST ACC:90.69
2026-05-16 15:16:15 [INFO] Saving Masks: current CR 0.4985 target CR 0.5000
2026-05-16 15:16:39 [INFO] Epoch: 92 [12800/50000 (26%)]	 Training Loss: 0.143 ACC: 90.34 CR: 0.50 Avg R1: 4.99 Avg R2: 1.54 Avg Reward: 6.527387
2026-05-16 15:17:02 [INFO] Epoch: 92 [25600/50000 (51%)]	 Training Loss: 0.143 ACC: 90.16 CR: 0.50 Avg R1: 4.98 Avg R2: 1.54 Avg Reward: 6.523755
2026-05-16 15:17:26 [INFO] Epoch: 92 [38400/50000 (77%)]	 Training Loss: 0.142 ACC: 90.13 CR: 0.50 Avg R1: 4.98 Avg R2: 1.54 Avg Reward: 6.523393
2026-05-16 15:17:50 [INFO] EPOCH:92, ======================CR:0.50212====================
2026-05-16 15:17:50 [INFO] -0.0044360113805225615
2026-05-16 15:17:52 [INFO] EPOCH:92, ======================ACC:90.19====================
2026-05-16 15:17:52 [INFO] BEST EPOCH:88,BEST ACC:90.69
2026-05-16 15:17:52 [INFO] Saving Masks: current CR 0.5021 target CR 0.5000
2026-05-16 15:18:18 [INFO] Epoch: 93 [12800/50000 (26%)]	 Training Loss: 0.133 ACC: 91.03 CR: 0.50 Avg R1: 4.99 Avg R2: 1.54 Avg Reward: 6.523540
2026-05-16 15:18:45 [INFO] Epoch: 93 [25600/50000 (51%)]	 Training Loss: 0.136 ACC: 90.61 CR: 0.50 Avg R1: 4.98 Avg R2: 1.53 Avg Reward: 6.518355
2026-05-16 15:19:11 [INFO] Epoch: 93 [38400/50000 (77%)]	 Training Loss: 0.139 ACC: 90.48 CR: 0.50 Avg R1: 4.98 Avg R2: 1.53 Avg Reward: 6.512575
2026-05-16 15:19:35 [INFO] EPOCH:93, ======================CR:0.49532====================
2026-05-16 15:19:35 [INFO] -0.0033029216213219335
2026-05-16 15:19:37 [INFO] EPOCH:93, ======================ACC:90.41====================
2026-05-16 15:19:37 [INFO] BEST EPOCH:88,BEST ACC:90.69
2026-05-16 15:19:37 [INFO] Saving Masks: current CR 0.4953 target CR 0.5000
2026-05-16 15:20:03 [INFO] Epoch: 94 [12800/50000 (26%)]	 Training Loss: 0.143 ACC: 90.28 CR: 0.50 Avg R1: 4.95 Avg R2: 1.53 Avg Reward: 6.487076
2026-05-16 15:20:26 [INFO] Epoch: 94 [25600/50000 (51%)]	 Training Loss: 0.142 ACC: 90.28 CR: 0.50 Avg R1: 4.96 Avg R2: 1.53 Avg Reward: 6.494481
2026-05-16 15:20:49 [INFO] Epoch: 94 [38400/50000 (77%)]	 Training Loss: 0.140 ACC: 90.36 CR: 0.50 Avg R1: 4.97 Avg R2: 1.53 Avg Reward: 6.500032
2026-05-16 15:21:11 [INFO] EPOCH:94, ======================CR:0.50022====================
2026-05-16 15:21:11 [INFO] -0.0002223965304621239
2026-05-16 15:21:13 [INFO] EPOCH:94, ======================ACC:89.42====================
2026-05-16 15:21:13 [INFO] BEST EPOCH:88,BEST ACC:90.69
2026-05-16 15:21:13 [INFO] Saving Masks: current CR 0.5002 target CR 0.5000
2026-05-16 15:21:40 [INFO] Epoch: 95 [12800/50000 (26%)]	 Training Loss: 0.140 ACC: 90.18 CR: 0.50 Avg R1: 5.00 Avg R2: 1.54 Avg Reward: 6.530816
2026-05-16 15:22:06 [INFO] Epoch: 95 [25600/50000 (51%)]	 Training Loss: 0.140 ACC: 90.22 CR: 0.50 Avg R1: 4.99 Avg R2: 1.54 Avg Reward: 6.526924
2026-05-16 15:22:32 [INFO] Epoch: 95 [38400/50000 (77%)]	 Training Loss: 0.141 ACC: 90.18 CR: 0.50 Avg R1: 4.99 Avg R2: 1.54 Avg Reward: 6.521836
2026-05-16 15:22:58 [INFO] EPOCH:95, ======================CR:0.50336====================
2026-05-16 15:22:58 [INFO] -0.0041515246106923
2026-05-16 15:23:00 [INFO] EPOCH:95, ======================ACC:89.74====================
2026-05-16 15:23:00 [INFO] BEST EPOCH:88,BEST ACC:90.69
2026-05-16 15:23:00 [INFO] Saving Masks: current CR 0.5034 target CR 0.5000
2026-05-16 15:23:27 [INFO] Epoch: 96 [12800/50000 (26%)]	 Training Loss: 0.136 ACC: 90.72 CR: 0.51 Avg R1: 4.97 Avg R2: 1.54 Avg Reward: 6.505490
2026-05-16 15:23:52 [INFO] Epoch: 96 [25600/50000 (51%)]	 Training Loss: 0.138 ACC: 90.55 CR: 0.51 Avg R1: 4.95 Avg R2: 1.54 Avg Reward: 6.496082
2026-05-16 15:24:17 [INFO] Epoch: 96 [38400/50000 (77%)]	 Training Loss: 0.138 ACC: 90.47 CR: 0.50 Avg R1: 4.95 Avg R2: 1.54 Avg Reward: 6.494528
2026-05-16 15:24:40 [INFO] EPOCH:96, ======================CR:0.50126====================
2026-05-16 15:24:40 [INFO] -0.0008881761859396025
2026-05-16 15:24:42 [INFO] EPOCH:96, ======================ACC:90.52====================
2026-05-16 15:24:42 [INFO] BEST EPOCH:88,BEST ACC:90.69
2026-05-16 15:24:42 [INFO] Saving Masks: current CR 0.5013 target CR 0.5000
2026-05-16 15:25:06 [INFO] Epoch: 97 [12800/50000 (26%)]	 Training Loss: 0.130 ACC: 90.91 CR: 0.50 Avg R1: 5.00 Avg R2: 1.54 Avg Reward: 6.533616
2026-05-16 15:25:30 [INFO] Epoch: 97 [25600/50000 (51%)]	 Training Loss: 0.129 ACC: 91.04 CR: 0.50 Avg R1: 4.99 Avg R2: 1.54 Avg Reward: 6.525346
2026-05-16 15:25:53 [INFO] Epoch: 97 [38400/50000 (77%)]	 Training Loss: 0.132 ACC: 90.87 CR: 0.50 Avg R1: 4.99 Avg R2: 1.54 Avg Reward: 6.521959
2026-05-16 15:26:14 [INFO] EPOCH:97, ======================CR:0.49726====================
2026-05-16 15:26:14 [INFO] 0.004163744088236248
2026-05-16 15:26:16 [INFO] EPOCH:97, ======================ACC:90.89====================
2026-05-16 15:26:16 [INFO] BEST EPOCH:97,BEST ACC:90.89
2026-05-16 15:26:16 [INFO] Saving Masks: current CR 0.4973 target CR 0.5000
2026-05-16 15:26:16 [INFO] Updated candidate mask pretrained-rescale_mask_best-acc_50_05161317_resnet18 at epoch 97 with acc 90.8900
2026-05-16 15:26:38 [INFO] Epoch: 98 [12800/50000 (26%)]	 Training Loss: 0.136 ACC: 90.78 CR: 0.50 Avg R1: 4.98 Avg R2: 1.53 Avg Reward: 6.504840
2026-05-16 15:27:03 [INFO] Epoch: 98 [25600/50000 (51%)]	 Training Loss: 0.138 ACC: 90.50 CR: 0.50 Avg R1: 4.98 Avg R2: 1.53 Avg Reward: 6.508952
2026-05-16 15:27:30 [INFO] Epoch: 98 [38400/50000 (77%)]	 Training Loss: 0.137 ACC: 90.64 CR: 0.50 Avg R1: 4.98 Avg R2: 1.53 Avg Reward: 6.511053
2026-05-16 15:27:53 [INFO] EPOCH:98, ======================CR:0.50448====================
2026-05-16 15:27:53 [INFO] 0.0023689712714500643
2026-05-16 15:27:56 [INFO] EPOCH:98, ======================ACC:89.73====================
2026-05-16 15:27:56 [INFO] BEST EPOCH:97,BEST ACC:90.89
2026-05-16 15:27:56 [INFO] Saving Masks: current CR 0.5045 target CR 0.5000
2026-05-16 15:28:21 [INFO] Epoch: 99 [12800/50000 (26%)]	 Training Loss: 0.135 ACC: 90.60 CR: 0.50 Avg R1: 4.96 Avg R2: 1.54 Avg Reward: 6.498640
2026-05-16 15:28:46 [INFO] Epoch: 99 [25600/50000 (51%)]	 Training Loss: 0.138 ACC: 90.49 CR: 0.50 Avg R1: 4.96 Avg R2: 1.54 Avg Reward: 6.498682
2026-05-16 15:29:10 [INFO] Epoch: 99 [38400/50000 (77%)]	 Training Loss: 0.139 ACC: 90.49 CR: 0.50 Avg R1: 4.96 Avg R2: 1.54 Avg Reward: 6.499365
2026-05-16 15:29:33 [INFO] EPOCH:99, ======================CR:0.5031====================
2026-05-16 15:29:33 [INFO] 0.00132075203468521
2026-05-16 15:29:35 [INFO] EPOCH:99, ======================ACC:90.1====================
2026-05-16 15:29:35 [INFO] BEST EPOCH:97,BEST ACC:90.89
2026-05-16 15:29:35 [INFO] Saving Masks: current CR 0.5031 target CR 0.5000
2026-05-16 15:30:01 [INFO] Epoch: 100 [12800/50000 (26%)]	 Training Loss: 0.145 ACC: 90.05 CR: 0.51 Avg R1: 4.94 Avg R2: 1.54 Avg Reward: 6.486943
2026-05-16 15:30:26 [INFO] Epoch: 100 [25600/50000 (51%)]	 Training Loss: 0.135 ACC: 90.80 CR: 0.50 Avg R1: 4.95 Avg R2: 1.54 Avg Reward: 6.491670
2026-05-16 15:30:50 [INFO] Epoch: 100 [38400/50000 (77%)]	 Training Loss: 0.135 ACC: 90.83 CR: 0.50 Avg R1: 4.95 Avg R2: 1.54 Avg Reward: 6.497867
2026-05-16 15:31:12 [INFO] EPOCH:100, ======================CR:0.50326====================
2026-05-16 15:31:12 [INFO] -0.0005536801619126911
2026-05-16 15:31:14 [INFO] EPOCH:100, ======================ACC:89.51====================
2026-05-16 15:31:14 [INFO] BEST EPOCH:97,BEST ACC:90.89
2026-05-16 15:31:14 [INFO] Saving Masks: current CR 0.5033 target CR 0.5000
2026-05-16 15:31:41 [INFO] Epoch: 101 [12800/50000 (26%)]	 Training Loss: 0.133 ACC: 90.84 CR: 0.50 Avg R1: 4.98 Avg R2: 1.52 Avg Reward: 6.499187
2026-05-16 15:32:06 [INFO] Epoch: 101 [25600/50000 (51%)]	 Training Loss: 0.132 ACC: 90.97 CR: 0.50 Avg R1: 4.98 Avg R2: 1.52 Avg Reward: 6.497509
2026-05-16 15:32:32 [INFO] Epoch: 101 [38400/50000 (77%)]	 Training Loss: 0.133 ACC: 90.89 CR: 0.50 Avg R1: 4.98 Avg R2: 1.52 Avg Reward: 6.497002
2026-05-16 15:32:55 [INFO] EPOCH:101, ======================CR:0.50386====================
2026-05-16 15:32:55 [INFO] 0.0005607087621991583
2026-05-16 15:32:57 [INFO] EPOCH:101, ======================ACC:90.69====================
2026-05-16 15:32:57 [INFO] BEST EPOCH:97,BEST ACC:90.89
2026-05-16 15:32:57 [INFO] Saving Masks: current CR 0.5039 target CR 0.5000
2026-05-16 15:33:22 [INFO] Epoch: 102 [12800/50000 (26%)]	 Training Loss: 0.133 ACC: 90.72 CR: 0.50 Avg R1: 4.97 Avg R2: 1.53 Avg Reward: 6.492650
2026-05-16 15:33:45 [INFO] Epoch: 102 [25600/50000 (51%)]	 Training Loss: 0.133 ACC: 90.82 CR: 0.50 Avg R1: 4.98 Avg R2: 1.52 Avg Reward: 6.500201
2026-05-16 15:34:08 [INFO] Epoch: 102 [38400/50000 (77%)]	 Training Loss: 0.137 ACC: 90.60 CR: 0.50 Avg R1: 4.98 Avg R2: 1.52 Avg Reward: 6.503703
2026-05-16 15:34:28 [INFO] EPOCH:102, ======================CR:0.5017====================
2026-05-16 15:34:28 [INFO] -0.002231982486539748
2026-05-16 15:34:30 [INFO] EPOCH:102, ======================ACC:90.12====================
2026-05-16 15:34:30 [INFO] BEST EPOCH:97,BEST ACC:90.89
2026-05-16 15:34:30 [INFO] Saving Masks: current CR 0.5017 target CR 0.5000
2026-05-16 15:34:54 [INFO] Epoch: 103 [12800/50000 (26%)]	 Training Loss: 0.133 ACC: 91.17 CR: 0.50 Avg R1: 4.98 Avg R2: 1.53 Avg Reward: 6.504041
2026-05-16 15:35:19 [INFO] Epoch: 103 [25600/50000 (51%)]	 Training Loss: 0.132 ACC: 91.07 CR: 0.50 Avg R1: 4.98 Avg R2: 1.53 Avg Reward: 6.503755
2026-05-16 15:35:44 [INFO] Epoch: 103 [38400/50000 (77%)]	 Training Loss: 0.129 ACC: 91.21 CR: 0.50 Avg R1: 4.98 Avg R2: 1.53 Avg Reward: 6.507063
2026-05-16 15:36:06 [INFO] EPOCH:103, ======================CR:0.49992====================
2026-05-16 15:36:06 [INFO] 0.0033245807086733923
2026-05-16 15:36:08 [INFO] EPOCH:103, ======================ACC:91.16====================
2026-05-16 15:36:08 [INFO] BEST EPOCH:103,BEST ACC:91.16
2026-05-16 15:36:08 [INFO] Saving Masks: current CR 0.4999 target CR 0.5000
2026-05-16 15:36:08 [INFO] Updated candidate mask pretrained-rescale_mask_best-acc_50_05161317_resnet18 at epoch 103 with acc 91.1600
2026-05-16 15:36:33 [INFO] Epoch: 104 [12800/50000 (26%)]	 Training Loss: 0.129 ACC: 91.34 CR: 0.50 Avg R1: 4.99 Avg R2: 1.51 Avg Reward: 6.497759
2026-05-16 15:36:57 [INFO] Epoch: 104 [25600/50000 (51%)]	 Training Loss: 0.126 ACC: 91.33 CR: 0.50 Avg R1: 4.98 Avg R2: 1.51 Avg Reward: 6.491525
2026-05-16 15:37:21 [INFO] Epoch: 104 [38400/50000 (77%)]	 Training Loss: 0.126 ACC: 91.35 CR: 0.50 Avg R1: 4.98 Avg R2: 1.51 Avg Reward: 6.488298
2026-05-16 15:37:43 [INFO] EPOCH:104, ======================CR:0.50014====================
2026-05-16 15:37:43 [INFO] 0.003128208843334904
2026-05-16 15:37:45 [INFO] EPOCH:104, ======================ACC:91.4====================
2026-05-16 15:37:45 [INFO] BEST EPOCH:104,BEST ACC:91.4
2026-05-16 15:37:45 [INFO] Saving Masks: current CR 0.5001 target CR 0.5000
2026-05-16 15:37:45 [INFO] Updated candidate mask pretrained-rescale_mask_best-acc_50_05161317_resnet18 at epoch 104 with acc 91.4000
2026-05-16 15:38:09 [INFO] Epoch: 105 [12800/50000 (26%)]	 Training Loss: 0.121 ACC: 91.77 CR: 0.50 Avg R1: 4.99 Avg R2: 1.51 Avg Reward: 6.506469
2026-05-16 15:38:32 [INFO] Epoch: 105 [25600/50000 (51%)]	 Training Loss: 0.126 ACC: 91.32 CR: 0.50 Avg R1: 5.00 Avg R2: 1.51 Avg Reward: 6.506613
2026-05-16 15:38:55 [INFO] Epoch: 105 [38400/50000 (77%)]	 Training Loss: 0.126 ACC: 91.23 CR: 0.50 Avg R1: 5.00 Avg R2: 1.51 Avg Reward: 6.506335
2026-05-16 15:39:15 [INFO] EPOCH:105, ======================CR:0.49768====================
2026-05-16 15:39:15 [INFO] -0.009843683359849148
2026-05-16 15:39:17 [INFO] EPOCH:105, ======================ACC:90.28====================
2026-05-16 15:39:17 [INFO] BEST EPOCH:104,BEST ACC:91.4
2026-05-16 15:39:17 [INFO] Saving Masks: current CR 0.4977 target CR 0.5000
2026-05-16 15:39:39 [INFO] Epoch: 106 [12800/50000 (26%)]	 Training Loss: 0.127 ACC: 90.95 CR: 0.49 Avg R1: 4.97 Avg R2: 1.51 Avg Reward: 6.472354
2026-05-16 15:40:01 [INFO] Epoch: 106 [25600/50000 (51%)]	 Training Loss: 0.128 ACC: 90.96 CR: 0.50 Avg R1: 4.96 Avg R2: 1.51 Avg Reward: 6.471081
2026-05-16 15:40:25 [INFO] Epoch: 106 [38400/50000 (77%)]	 Training Loss: 0.126 ACC: 91.11 CR: 0.50 Avg R1: 4.96 Avg R2: 1.51 Avg Reward: 6.470682
2026-05-16 15:40:48 [INFO] EPOCH:106, ======================CR:0.4973====================
2026-05-16 15:40:48 [INFO] -0.0021774440185563064
2026-05-16 15:40:50 [INFO] EPOCH:106, ======================ACC:91.1====================
2026-05-16 15:40:50 [INFO] BEST EPOCH:104,BEST ACC:91.4
2026-05-16 15:40:50 [INFO] Saving Masks: current CR 0.4973 target CR 0.5000
2026-05-16 15:41:15 [INFO] Epoch: 107 [12800/50000 (26%)]	 Training Loss: 0.127 ACC: 91.50 CR: 0.50 Avg R1: 4.98 Avg R2: 1.51 Avg Reward: 6.487441
2026-05-16 15:41:38 [INFO] Epoch: 107 [25600/50000 (51%)]	 Training Loss: 0.124 ACC: 91.45 CR: 0.50 Avg R1: 4.99 Avg R2: 1.51 Avg Reward: 6.493088
2026-05-16 15:42:02 [INFO] Epoch: 107 [38400/50000 (77%)]	 Training Loss: 0.124 ACC: 91.41 CR: 0.50 Avg R1: 4.99 Avg R2: 1.51 Avg Reward: 6.495485
2026-05-16 15:42:24 [INFO] EPOCH:107, ======================CR:0.49986====================
2026-05-16 15:42:24 [INFO] -0.0024320539182737704
2026-05-16 15:42:26 [INFO] EPOCH:107, ======================ACC:91.46====================
2026-05-16 15:42:26 [INFO] BEST EPOCH:107,BEST ACC:91.46
2026-05-16 15:42:26 [INFO] Saving Masks: current CR 0.4999 target CR 0.5000
2026-05-16 15:42:26 [INFO] Updated candidate mask pretrained-rescale_mask_best-acc_50_05161317_resnet18 at epoch 107 with acc 91.4600
2026-05-16 15:42:50 [INFO] Epoch: 108 [12800/50000 (26%)]	 Training Loss: 0.123 ACC: 91.41 CR: 0.50 Avg R1: 4.99 Avg R2: 1.48 Avg Reward: 6.475007
2026-05-16 15:43:13 [INFO] Epoch: 108 [25600/50000 (51%)]	 Training Loss: 0.122 ACC: 91.47 CR: 0.50 Avg R1: 4.99 Avg R2: 1.48 Avg Reward: 6.466078
2026-05-16 15:43:39 [INFO] Epoch: 108 [38400/50000 (77%)]	 Training Loss: 0.122 ACC: 91.46 CR: 0.50 Avg R1: 4.99 Avg R2: 1.48 Avg Reward: 6.464412
2026-05-16 15:44:02 [INFO] EPOCH:108, ======================CR:0.49684====================
2026-05-16 15:44:02 [INFO] 0.0005299646605140728
2026-05-16 15:44:04 [INFO] EPOCH:108, ======================ACC:90.06====================
2026-05-16 15:44:04 [INFO] BEST EPOCH:107,BEST ACC:91.46
2026-05-16 15:44:04 [INFO] Saving Masks: current CR 0.4968 target CR 0.5000
2026-05-16 15:44:28 [INFO] Epoch: 109 [12800/50000 (26%)]	 Training Loss: 0.120 ACC: 91.82 CR: 0.50 Avg R1: 4.97 Avg R2: 1.49 Avg Reward: 6.462112
2026-05-16 15:44:51 [INFO] Epoch: 109 [25600/50000 (51%)]	 Training Loss: 0.120 ACC: 91.85 CR: 0.50 Avg R1: 4.98 Avg R2: 1.49 Avg Reward: 6.466824
2026-05-16 15:45:15 [INFO] Epoch: 109 [38400/50000 (77%)]	 Training Loss: 0.120 ACC: 91.79 CR: 0.50 Avg R1: 4.98 Avg R2: 1.49 Avg Reward: 6.471916
2026-05-16 15:45:36 [INFO] EPOCH:109, ======================CR:0.50152====================
2026-05-16 15:45:36 [INFO] -0.0004995692708746172
2026-05-16 15:45:38 [INFO] EPOCH:109, ======================ACC:91.37====================
2026-05-16 15:45:38 [INFO] BEST EPOCH:107,BEST ACC:91.46
2026-05-16 15:45:38 [INFO] Saving Masks: current CR 0.5015 target CR 0.5000
2026-05-16 15:46:01 [INFO] Epoch: 110 [12800/50000 (26%)]	 Training Loss: 0.117 ACC: 91.74 CR: 0.50 Avg R1: 4.99 Avg R2: 1.49 Avg Reward: 6.481235
2026-05-16 15:46:25 [INFO] Epoch: 110 [25600/50000 (51%)]	 Training Loss: 0.122 ACC: 91.59 CR: 0.50 Avg R1: 4.99 Avg R2: 1.49 Avg Reward: 6.484183
2026-05-16 15:46:48 [INFO] Epoch: 110 [38400/50000 (77%)]	 Training Loss: 0.123 ACC: 91.62 CR: 0.50 Avg R1: 4.99 Avg R2: 1.49 Avg Reward: 6.482218
2026-05-16 15:47:09 [INFO] EPOCH:110, ======================CR:0.49956====================
2026-05-16 15:47:09 [INFO] -0.0014858735292168739
2026-05-16 15:47:11 [INFO] EPOCH:110, ======================ACC:90.29====================
2026-05-16 15:47:11 [INFO] BEST EPOCH:107,BEST ACC:91.46
2026-05-16 15:47:11 [INFO] Saving Masks: current CR 0.4996 target CR 0.5000
2026-05-16 15:47:35 [INFO] Epoch: 111 [12800/50000 (26%)]	 Training Loss: 0.124 ACC: 91.25 CR: 0.50 Avg R1: 5.00 Avg R2: 1.49 Avg Reward: 6.484045
2026-05-16 15:47:58 [INFO] Epoch: 111 [25600/50000 (51%)]	 Training Loss: 0.120 ACC: 91.64 CR: 0.50 Avg R1: 5.00 Avg R2: 1.49 Avg Reward: 6.483700
2026-05-16 15:48:22 [INFO] Epoch: 111 [38400/50000 (77%)]	 Training Loss: 0.121 ACC: 91.65 CR: 0.50 Avg R1: 4.99 Avg R2: 1.49 Avg Reward: 6.480664
2026-05-16 15:48:42 [INFO] EPOCH:111, ======================CR:0.49974====================
2026-05-16 15:48:42 [INFO] -0.005972163635052812
2026-05-16 15:48:44 [INFO] EPOCH:111, ======================ACC:89.29====================
2026-05-16 15:48:44 [INFO] BEST EPOCH:107,BEST ACC:91.46
2026-05-16 15:48:44 [INFO] Saving Masks: current CR 0.4997 target CR 0.5000
2026-05-16 15:49:10 [INFO] Epoch: 112 [12800/50000 (26%)]	 Training Loss: 0.109 ACC: 92.27 CR: 0.50 Avg R1: 5.00 Avg R2: 1.48 Avg Reward: 6.481535
2026-05-16 15:49:31 [INFO] Epoch: 112 [25600/50000 (51%)]	 Training Loss: 0.116 ACC: 91.87 CR: 0.50 Avg R1: 4.99 Avg R2: 1.48 Avg Reward: 6.473789
2026-05-16 15:49:53 [INFO] Epoch: 112 [38400/50000 (77%)]	 Training Loss: 0.115 ACC: 91.93 CR: 0.50 Avg R1: 4.98 Avg R2: 1.48 Avg Reward: 6.465089
2026-05-16 15:50:16 [INFO] EPOCH:112, ======================CR:0.49898====================
2026-05-16 15:50:16 [INFO] 0.0036903425189092716
2026-05-16 15:50:18 [INFO] EPOCH:112, ======================ACC:89.87====================
2026-05-16 15:50:18 [INFO] BEST EPOCH:107,BEST ACC:91.46
2026-05-16 15:50:18 [INFO] Saving Masks: current CR 0.4990 target CR 0.5000
2026-05-16 15:50:38 [INFO] Epoch: 113 [12800/50000 (26%)]	 Training Loss: 0.120 ACC: 91.86 CR: 0.50 Avg R1: 4.99 Avg R2: 1.48 Avg Reward: 6.465930
2026-05-16 15:50:59 [INFO] Epoch: 113 [25600/50000 (51%)]	 Training Loss: 0.118 ACC: 91.97 CR: 0.50 Avg R1: 4.98 Avg R2: 1.48 Avg Reward: 6.464767
2026-05-16 15:51:22 [INFO] Epoch: 113 [38400/50000 (77%)]	 Training Loss: 0.117 ACC: 92.04 CR: 0.50 Avg R1: 4.99 Avg R2: 1.48 Avg Reward: 6.466971
2026-05-16 15:51:44 [INFO] EPOCH:113, ======================CR:0.49904====================
2026-05-16 15:51:44 [INFO] 0.0037217987872050066
2026-05-16 15:51:46 [INFO] EPOCH:113, ======================ACC:91.47====================
2026-05-16 15:51:46 [INFO] BEST EPOCH:113,BEST ACC:91.47
2026-05-16 15:51:46 [INFO] Saving Masks: current CR 0.4990 target CR 0.5000
2026-05-16 15:51:46 [INFO] Updated candidate mask pretrained-rescale_mask_best-acc_50_05161317_resnet18 at epoch 113 with acc 91.4700
2026-05-16 15:52:12 [INFO] Epoch: 114 [12800/50000 (26%)]	 Training Loss: 0.115 ACC: 91.97 CR: 0.50 Avg R1: 5.00 Avg R2: 1.48 Avg Reward: 6.472744
2026-05-16 15:52:36 [INFO] Epoch: 114 [25600/50000 (51%)]	 Training Loss: 0.115 ACC: 92.09 CR: 0.50 Avg R1: 5.00 Avg R2: 1.48 Avg Reward: 6.471919
2026-05-16 15:52:59 [INFO] Epoch: 114 [38400/50000 (77%)]	 Training Loss: 0.113 ACC: 92.21 CR: 0.50 Avg R1: 4.99 Avg R2: 1.48 Avg Reward: 6.470331
2026-05-16 15:53:21 [INFO] EPOCH:114, ======================CR:0.503====================
2026-05-16 15:53:21 [INFO] 0.005250053793611767
2026-05-16 15:53:23 [INFO] EPOCH:114, ======================ACC:90.78====================
2026-05-16 15:53:23 [INFO] BEST EPOCH:113,BEST ACC:91.47
2026-05-16 15:53:23 [INFO] Saving Masks: current CR 0.5030 target CR 0.5000
2026-05-16 15:53:49 [INFO] Epoch: 115 [12800/50000 (26%)]	 Training Loss: 0.106 ACC: 92.69 CR: 0.50 Avg R1: 4.98 Avg R2: 1.48 Avg Reward: 6.455305
2026-05-16 15:54:14 [INFO] Epoch: 115 [25600/50000 (51%)]	 Training Loss: 0.105 ACC: 92.79 CR: 0.50 Avg R1: 4.98 Avg R2: 1.48 Avg Reward: 6.462356
2026-05-16 15:54:37 [INFO] Epoch: 115 [38400/50000 (77%)]	 Training Loss: 0.106 ACC: 92.62 CR: 0.50 Avg R1: 4.98 Avg R2: 1.48 Avg Reward: 6.460102
2026-05-16 15:54:59 [INFO] EPOCH:115, ======================CR:0.49754====================
2026-05-16 15:54:59 [INFO] 0.003811614255169449
2026-05-16 15:55:01 [INFO] EPOCH:115, ======================ACC:90.37====================
2026-05-16 15:55:01 [INFO] BEST EPOCH:113,BEST ACC:91.47
2026-05-16 15:55:01 [INFO] Saving Masks: current CR 0.4975 target CR 0.5000
2026-05-16 15:55:25 [INFO] Epoch: 116 [12800/50000 (26%)]	 Training Loss: 0.108 ACC: 92.46 CR: 0.50 Avg R1: 4.97 Avg R2: 1.46 Avg Reward: 6.431664
2026-05-16 15:55:49 [INFO] Epoch: 116 [25600/50000 (51%)]	 Training Loss: 0.110 ACC: 92.25 CR: 0.50 Avg R1: 4.98 Avg R2: 1.46 Avg Reward: 6.433024
2026-05-16 15:56:13 [INFO] Epoch: 116 [38400/50000 (77%)]	 Training Loss: 0.111 ACC: 92.24 CR: 0.50 Avg R1: 4.98 Avg R2: 1.46 Avg Reward: 6.440737
2026-05-16 15:56:34 [INFO] EPOCH:116, ======================CR:0.5035====================
2026-05-16 15:56:34 [INFO] -0.006850221681396082
2026-05-16 15:56:36 [INFO] EPOCH:116, ======================ACC:91.82====================
2026-05-16 15:56:36 [INFO] BEST EPOCH:116,BEST ACC:91.82
2026-05-16 15:56:36 [INFO] Saving Masks: current CR 0.5035 target CR 0.5000
2026-05-16 15:56:36 [INFO] Updated candidate mask pretrained-rescale_mask_best-acc_50_05161317_resnet18 at epoch 116 with acc 91.8200
2026-05-16 15:57:01 [INFO] Epoch: 117 [12800/50000 (26%)]	 Training Loss: 0.107 ACC: 92.74 CR: 0.50 Avg R1: 4.98 Avg R2: 1.47 Avg Reward: 6.457180
2026-05-16 15:57:24 [INFO] Epoch: 117 [25600/50000 (51%)]	 Training Loss: 0.109 ACC: 92.69 CR: 0.50 Avg R1: 4.99 Avg R2: 1.47 Avg Reward: 6.461576
2026-05-16 15:57:48 [INFO] Epoch: 117 [38400/50000 (77%)]	 Training Loss: 0.110 ACC: 92.58 CR: 0.50 Avg R1: 4.99 Avg R2: 1.47 Avg Reward: 6.461168
2026-05-16 15:58:09 [INFO] EPOCH:117, ======================CR:0.50088====================
2026-05-16 15:58:09 [INFO] -0.0042164908873840185
2026-05-16 15:58:11 [INFO] EPOCH:117, ======================ACC:92.95====================
2026-05-16 15:58:11 [INFO] BEST EPOCH:117,BEST ACC:92.95
2026-05-16 15:58:11 [INFO] Saving Masks: current CR 0.5009 target CR 0.5000
2026-05-16 15:58:11 [INFO] Updated candidate mask pretrained-rescale_mask_best-acc_50_05161317_resnet18 at epoch 117 with acc 92.9500
2026-05-16 15:58:36 [INFO] Epoch: 118 [12800/50000 (26%)]	 Training Loss: 0.105 ACC: 92.73 CR: 0.50 Avg R1: 4.97 Avg R2: 1.45 Avg Reward: 6.427910
2026-05-16 15:59:00 [INFO] Epoch: 118 [25600/50000 (51%)]	 Training Loss: 0.105 ACC: 92.73 CR: 0.50 Avg R1: 4.97 Avg R2: 1.45 Avg Reward: 6.423445
2026-05-16 15:59:21 [INFO] Epoch: 118 [38400/50000 (77%)]	 Training Loss: 0.105 ACC: 92.71 CR: 0.50 Avg R1: 4.97 Avg R2: 1.45 Avg Reward: 6.421614
2026-05-16 15:59:43 [INFO] EPOCH:118, ======================CR:0.50306====================
2026-05-16 15:59:43 [INFO] 0.0038506946857889894
2026-05-16 15:59:45 [INFO] EPOCH:118, ======================ACC:90.48====================
2026-05-16 15:59:45 [INFO] BEST EPOCH:117,BEST ACC:92.95
2026-05-16 15:59:45 [INFO] Saving Masks: current CR 0.5031 target CR 0.5000
2026-05-16 16:00:10 [INFO] Epoch: 119 [12800/50000 (26%)]	 Training Loss: 0.109 ACC: 92.41 CR: 0.50 Avg R1: 4.98 Avg R2: 1.47 Avg Reward: 6.442378
2026-05-16 16:00:34 [INFO] Epoch: 119 [25600/50000 (51%)]	 Training Loss: 0.103 ACC: 92.75 CR: 0.50 Avg R1: 4.98 Avg R2: 1.47 Avg Reward: 6.442041
2026-05-16 16:00:57 [INFO] Epoch: 119 [38400/50000 (77%)]	 Training Loss: 0.105 ACC: 92.69 CR: 0.50 Avg R1: 4.98 Avg R2: 1.47 Avg Reward: 6.441264
2026-05-16 16:01:20 [INFO] EPOCH:119, ======================CR:0.50298====================
2026-05-16 16:01:20 [INFO] -0.0008221344307621347
2026-05-16 16:01:22 [INFO] EPOCH:119, ======================ACC:92.18====================
2026-05-16 16:01:22 [INFO] BEST EPOCH:117,BEST ACC:92.95
2026-05-16 16:01:22 [INFO] Saving Masks: current CR 0.5030 target CR 0.5000
2026-05-16 16:01:47 [INFO] Epoch: 120 [12800/50000 (26%)]	 Training Loss: 0.101 ACC: 93.11 CR: 0.50 Avg R1: 4.96 Avg R2: 1.45 Avg Reward: 6.411429
2026-05-16 16:02:13 [INFO] Epoch: 120 [25600/50000 (51%)]	 Training Loss: 0.102 ACC: 93.00 CR: 0.50 Avg R1: 4.96 Avg R2: 1.45 Avg Reward: 6.411779
2026-05-16 16:02:37 [INFO] Epoch: 120 [38400/50000 (77%)]	 Training Loss: 0.106 ACC: 92.78 CR: 0.50 Avg R1: 4.97 Avg R2: 1.45 Avg Reward: 6.416038
2026-05-16 16:02:59 [INFO] EPOCH:120, ======================CR:0.50196====================
2026-05-16 16:02:59 [INFO] 0.0017330781890263708
2026-05-16 16:03:01 [INFO] EPOCH:120, ======================ACC:92.51====================
2026-05-16 16:03:01 [INFO] BEST EPOCH:117,BEST ACC:92.95
2026-05-16 16:03:01 [INFO] Saving Masks: current CR 0.5020 target CR 0.5000
2026-05-16 16:03:25 [INFO] Epoch: 121 [12800/50000 (26%)]	 Training Loss: 0.107 ACC: 92.70 CR: 0.50 Avg R1: 4.98 Avg R2: 1.45 Avg Reward: 6.428620
2026-05-16 16:03:48 [INFO] Epoch: 121 [25600/50000 (51%)]	 Training Loss: 0.103 ACC: 92.99 CR: 0.50 Avg R1: 4.98 Avg R2: 1.45 Avg Reward: 6.430832
2026-05-16 16:04:12 [INFO] Epoch: 121 [38400/50000 (77%)]	 Training Loss: 0.102 ACC: 92.97 CR: 0.50 Avg R1: 4.99 Avg R2: 1.45 Avg Reward: 6.431849
2026-05-16 16:04:33 [INFO] EPOCH:121, ======================CR:0.50002====================
2026-05-16 16:04:33 [INFO] -0.004696700961411477
2026-05-16 16:04:35 [INFO] EPOCH:121, ======================ACC:91.91====================
2026-05-16 16:04:35 [INFO] BEST EPOCH:117,BEST ACC:92.95
2026-05-16 16:04:35 [INFO] Saving Masks: current CR 0.5000 target CR 0.5000
2026-05-16 16:04:59 [INFO] Epoch: 122 [12800/50000 (26%)]	 Training Loss: 0.097 ACC: 93.52 CR: 0.50 Avg R1: 5.00 Avg R2: 1.45 Avg Reward: 6.441924
2026-05-16 16:05:21 [INFO] Epoch: 122 [25600/50000 (51%)]	 Training Loss: 0.098 ACC: 93.31 CR: 0.50 Avg R1: 5.00 Avg R2: 1.44 Avg Reward: 6.441168
2026-05-16 16:05:44 [INFO] Epoch: 122 [38400/50000 (77%)]	 Training Loss: 0.100 ACC: 93.18 CR: 0.50 Avg R1: 5.00 Avg R2: 1.44 Avg Reward: 6.440057
2026-05-16 16:06:05 [INFO] EPOCH:122, ======================CR:0.50162====================
2026-05-16 16:06:05 [INFO] 0.0005167425344222143
2026-05-16 16:06:07 [INFO] EPOCH:122, ======================ACC:92.57====================
2026-05-16 16:06:07 [INFO] BEST EPOCH:117,BEST ACC:92.95
2026-05-16 16:06:07 [INFO] Saving Masks: current CR 0.5016 target CR 0.5000
2026-05-16 16:06:32 [INFO] Epoch: 123 [12800/50000 (26%)]	 Training Loss: 0.098 ACC: 93.23 CR: 0.50 Avg R1: 4.97 Avg R2: 1.44 Avg Reward: 6.417660
2026-05-16 16:06:51 [INFO] Epoch: 123 [25600/50000 (51%)]	 Training Loss: 0.098 ACC: 93.39 CR: 0.50 Avg R1: 4.98 Avg R2: 1.44 Avg Reward: 6.417776
2026-05-16 16:07:13 [INFO] Epoch: 123 [38400/50000 (77%)]	 Training Loss: 0.100 ACC: 93.16 CR: 0.50 Avg R1: 4.98 Avg R2: 1.44 Avg Reward: 6.417675
2026-05-16 16:07:35 [INFO] EPOCH:123, ======================CR:0.5033====================
2026-05-16 16:07:35 [INFO] 0.0024169550643940926
2026-05-16 16:07:37 [INFO] EPOCH:123, ======================ACC:92.26====================
2026-05-16 16:07:37 [INFO] BEST EPOCH:117,BEST ACC:92.95
2026-05-16 16:07:37 [INFO] Saving Masks: current CR 0.5033 target CR 0.5000
2026-05-16 16:08:02 [INFO] Epoch: 124 [12800/50000 (26%)]	 Training Loss: 0.093 ACC: 93.45 CR: 0.50 Avg R1: 4.98 Avg R2: 1.45 Avg Reward: 6.427394
2026-05-16 16:08:25 [INFO] Epoch: 124 [25600/50000 (51%)]	 Training Loss: 0.098 ACC: 93.19 CR: 0.50 Avg R1: 4.99 Avg R2: 1.45 Avg Reward: 6.434640
2026-05-16 16:08:49 [INFO] Epoch: 124 [38400/50000 (77%)]	 Training Loss: 0.099 ACC: 93.06 CR: 0.50 Avg R1: 4.99 Avg R2: 1.45 Avg Reward: 6.436354
2026-05-16 16:09:12 [INFO] EPOCH:124, ======================CR:0.49894====================
2026-05-16 16:09:12 [INFO] 0.004895792790538944
2026-05-16 16:09:14 [INFO] EPOCH:124, ======================ACC:91.87====================
2026-05-16 16:09:14 [INFO] BEST EPOCH:117,BEST ACC:92.95
2026-05-16 16:09:14 [INFO] Saving Masks: current CR 0.4989 target CR 0.5000
2026-05-16 16:09:39 [INFO] Epoch: 125 [12800/50000 (26%)]	 Training Loss: 0.096 ACC: 93.41 CR: 0.50 Avg R1: 4.99 Avg R2: 1.44 Avg Reward: 6.423193
2026-05-16 16:10:03 [INFO] Epoch: 125 [25600/50000 (51%)]	 Training Loss: 0.095 ACC: 93.54 CR: 0.50 Avg R1: 4.98 Avg R2: 1.44 Avg Reward: 6.421517
2026-05-16 16:10:26 [INFO] Epoch: 125 [38400/50000 (77%)]	 Training Loss: 0.097 ACC: 93.39 CR: 0.50 Avg R1: 4.99 Avg R2: 1.44 Avg Reward: 6.424378
2026-05-16 16:10:48 [INFO] EPOCH:125, ======================CR:0.5026====================
2026-05-16 16:10:48 [INFO] -3.632878358651515e-05
2026-05-16 16:10:50 [INFO] EPOCH:125, ======================ACC:92.66====================
2026-05-16 16:10:50 [INFO] BEST EPOCH:117,BEST ACC:92.95
2026-05-16 16:10:50 [INFO] Saving Masks: current CR 0.5026 target CR 0.5000
2026-05-16 16:11:15 [INFO] Epoch: 126 [12800/50000 (26%)]	 Training Loss: 0.091 ACC: 93.52 CR: 0.50 Avg R1: 4.99 Avg R2: 1.43 Avg Reward: 6.418901
2026-05-16 16:11:38 [INFO] Epoch: 126 [25600/50000 (51%)]	 Training Loss: 0.090 ACC: 93.63 CR: 0.50 Avg R1: 4.99 Avg R2: 1.43 Avg Reward: 6.417935
2026-05-16 16:12:00 [INFO] Epoch: 126 [38400/50000 (77%)]	 Training Loss: 0.092 ACC: 93.52 CR: 0.50 Avg R1: 4.99 Avg R2: 1.43 Avg Reward: 6.414874
2026-05-16 16:12:22 [INFO] EPOCH:126, ======================CR:0.4985====================
2026-05-16 16:12:22 [INFO] 8.336666181565613e-05
2026-05-16 16:12:24 [INFO] EPOCH:126, ======================ACC:92.98====================
2026-05-16 16:12:24 [INFO] BEST EPOCH:126,BEST ACC:92.98
2026-05-16 16:12:24 [INFO] Saving Masks: current CR 0.4985 target CR 0.5000
2026-05-16 16:12:24 [INFO] Updated candidate mask pretrained-rescale_mask_best-acc_50_05161317_resnet18 at epoch 126 with acc 92.9800
2026-05-16 16:12:49 [INFO] Epoch: 127 [12800/50000 (26%)]	 Training Loss: 0.094 ACC: 93.86 CR: 0.50 Avg R1: 4.99 Avg R2: 1.43 Avg Reward: 6.415510
2026-05-16 16:13:12 [INFO] Epoch: 127 [25600/50000 (51%)]	 Training Loss: 0.093 ACC: 93.67 CR: 0.50 Avg R1: 4.99 Avg R2: 1.43 Avg Reward: 6.412581
2026-05-16 16:13:37 [INFO] Epoch: 127 [38400/50000 (77%)]	 Training Loss: 0.093 ACC: 93.66 CR: 0.51 Avg R1: 4.98 Avg R2: 1.43 Avg Reward: 6.403885
2026-05-16 16:13:57 [INFO] EPOCH:127, ======================CR:0.5046====================
2026-05-16 16:13:57 [INFO] 0.004029434659329823
2026-05-16 16:13:59 [INFO] EPOCH:127, ======================ACC:91.69====================
2026-05-16 16:13:59 [INFO] BEST EPOCH:126,BEST ACC:92.98
2026-05-16 16:13:59 [INFO] Saving Masks: current CR 0.5046 target CR 0.5000
2026-05-16 16:14:23 [INFO] Epoch: 128 [12800/50000 (26%)]	 Training Loss: 0.091 ACC: 94.01 CR: 0.51 Avg R1: 4.95 Avg R2: 1.42 Avg Reward: 6.367522
2026-05-16 16:14:47 [INFO] Epoch: 128 [25600/50000 (51%)]	 Training Loss: 0.092 ACC: 93.84 CR: 0.50 Avg R1: 4.94 Avg R2: 1.42 Avg Reward: 6.365062
2026-05-16 16:15:13 [INFO] Epoch: 128 [38400/50000 (77%)]	 Training Loss: 0.091 ACC: 93.88 CR: 0.50 Avg R1: 4.95 Avg R2: 1.42 Avg Reward: 6.371275
2026-05-16 16:15:37 [INFO] EPOCH:128, ======================CR:0.5025====================
2026-05-16 16:15:37 [INFO] -0.0006598462443549469
2026-05-16 16:15:39 [INFO] EPOCH:128, ======================ACC:91.6====================
2026-05-16 16:15:39 [INFO] BEST EPOCH:126,BEST ACC:92.98
2026-05-16 16:15:39 [INFO] Saving Masks: current CR 0.5025 target CR 0.5000
2026-05-16 16:16:07 [INFO] Epoch: 129 [12800/50000 (26%)]	 Training Loss: 0.083 ACC: 94.26 CR: 0.50 Avg R1: 4.98 Avg R2: 1.41 Avg Reward: 6.391777
2026-05-16 16:16:36 [INFO] Epoch: 129 [25600/50000 (51%)]	 Training Loss: 0.090 ACC: 93.90 CR: 0.50 Avg R1: 4.99 Avg R2: 1.41 Avg Reward: 6.397439
2026-05-16 16:17:02 [INFO] Epoch: 129 [38400/50000 (77%)]	 Training Loss: 0.089 ACC: 93.80 CR: 0.50 Avg R1: 4.99 Avg R2: 1.41 Avg Reward: 6.398484
2026-05-16 16:17:24 [INFO] EPOCH:129, ======================CR:0.49984====================
2026-05-16 16:17:24 [INFO] 0.0015512128382257784
2026-05-16 16:17:26 [INFO] EPOCH:129, ======================ACC:91.66====================
2026-05-16 16:17:26 [INFO] BEST EPOCH:126,BEST ACC:92.98
2026-05-16 16:17:26 [INFO] Saving Masks: current CR 0.4998 target CR 0.5000
2026-05-16 16:17:54 [INFO] Epoch: 130 [12800/50000 (26%)]	 Training Loss: 0.086 ACC: 93.98 CR: 0.50 Avg R1: 4.99 Avg R2: 1.40 Avg Reward: 6.399753
2026-05-16 16:18:19 [INFO] Epoch: 130 [25600/50000 (51%)]	 Training Loss: 0.086 ACC: 93.98 CR: 0.50 Avg R1: 4.99 Avg R2: 1.40 Avg Reward: 6.395841
2026-05-16 16:18:45 [INFO] Epoch: 130 [38400/50000 (77%)]	 Training Loss: 0.087 ACC: 93.96 CR: 0.50 Avg R1: 4.99 Avg R2: 1.40 Avg Reward: 6.392281
2026-05-16 16:19:08 [INFO] EPOCH:130, ======================CR:0.49802====================
2026-05-16 16:19:08 [INFO] 0.00011981321332288465
2026-05-16 16:19:11 [INFO] EPOCH:130, ======================ACC:93.27====================
2026-05-16 16:19:11 [INFO] BEST EPOCH:130,BEST ACC:93.27
2026-05-16 16:19:11 [INFO] Saving Masks: current CR 0.4980 target CR 0.5000
2026-05-16 16:19:11 [INFO] Updated candidate mask pretrained-rescale_mask_best-acc_50_05161317_resnet18 at epoch 130 with acc 93.2700
2026-05-16 16:19:37 [INFO] Epoch: 131 [12800/50000 (26%)]	 Training Loss: 0.090 ACC: 93.84 CR: 0.50 Avg R1: 4.98 Avg R2: 1.39 Avg Reward: 6.375173
2026-05-16 16:20:00 [INFO] Epoch: 131 [25600/50000 (51%)]	 Training Loss: 0.088 ACC: 94.00 CR: 0.50 Avg R1: 4.99 Avg R2: 1.39 Avg Reward: 6.383144
2026-05-16 16:20:20 [INFO] Epoch: 131 [38400/50000 (77%)]	 Training Loss: 0.087 ACC: 94.02 CR: 0.50 Avg R1: 4.99 Avg R2: 1.39 Avg Reward: 6.385182
2026-05-16 16:20:41 [INFO] EPOCH:131, ======================CR:0.50158====================
2026-05-16 16:20:41 [INFO] 0.004630871627872617
2026-05-16 16:20:43 [INFO] EPOCH:131, ======================ACC:92.92====================
2026-05-16 16:20:43 [INFO] BEST EPOCH:130,BEST ACC:93.27
2026-05-16 16:20:43 [INFO] Saving Masks: current CR 0.5016 target CR 0.5000
2026-05-16 16:21:10 [INFO] Epoch: 132 [12800/50000 (26%)]	 Training Loss: 0.084 ACC: 94.24 CR: 0.50 Avg R1: 4.98 Avg R2: 1.40 Avg Reward: 6.376930
2026-05-16 16:21:35 [INFO] Epoch: 132 [25600/50000 (51%)]	 Training Loss: 0.084 ACC: 94.10 CR: 0.50 Avg R1: 4.97 Avg R2: 1.40 Avg Reward: 6.368529
2026-05-16 16:22:00 [INFO] Epoch: 132 [38400/50000 (77%)]	 Training Loss: 0.085 ACC: 94.09 CR: 0.50 Avg R1: 4.97 Avg R2: 1.40 Avg Reward: 6.369162
2026-05-16 16:22:24 [INFO] EPOCH:132, ======================CR:0.5039====================
2026-05-16 16:22:24 [INFO] 0.0005402848831480245
2026-05-16 16:22:26 [INFO] EPOCH:132, ======================ACC:93.15====================
2026-05-16 16:22:26 [INFO] BEST EPOCH:130,BEST ACC:93.27
2026-05-16 16:22:26 [INFO] Saving Masks: current CR 0.5039 target CR 0.5000
2026-05-16 16:22:52 [INFO] Epoch: 133 [12800/50000 (26%)]	 Training Loss: 0.089 ACC: 94.06 CR: 0.50 Avg R1: 4.95 Avg R2: 1.39 Avg Reward: 6.341408
2026-05-16 16:23:14 [INFO] Epoch: 133 [25600/50000 (51%)]	 Training Loss: 0.085 ACC: 94.18 CR: 0.50 Avg R1: 4.95 Avg R2: 1.39 Avg Reward: 6.343053
2026-05-16 16:23:40 [INFO] Epoch: 133 [38400/50000 (77%)]	 Training Loss: 0.082 ACC: 94.33 CR: 0.50 Avg R1: 4.96 Avg R2: 1.39 Avg Reward: 6.350235
2026-05-16 16:24:01 [INFO] EPOCH:133, ======================CR:0.5006====================
2026-05-16 16:24:01 [INFO] 0.003506395413467886
2026-05-16 16:24:03 [INFO] EPOCH:133, ======================ACC:93.36====================
2026-05-16 16:24:03 [INFO] BEST EPOCH:133,BEST ACC:93.36
2026-05-16 16:24:03 [INFO] Saving Masks: current CR 0.5006 target CR 0.5000
2026-05-16 16:24:03 [INFO] Updated candidate mask pretrained-rescale_mask_best-acc_50_05161317_resnet18 at epoch 133 with acc 93.3600
2026-05-16 16:24:27 [INFO] Epoch: 134 [12800/50000 (26%)]	 Training Loss: 0.082 ACC: 94.41 CR: 0.50 Avg R1: 4.99 Avg R2: 1.39 Avg Reward: 6.376916
2026-05-16 16:24:51 [INFO] Epoch: 134 [25600/50000 (51%)]	 Training Loss: 0.083 ACC: 94.31 CR: 0.50 Avg R1: 4.99 Avg R2: 1.39 Avg Reward: 6.373311
2026-05-16 16:25:14 [INFO] Epoch: 134 [38400/50000 (77%)]	 Training Loss: 0.082 ACC: 94.40 CR: 0.50 Avg R1: 4.99 Avg R2: 1.39 Avg Reward: 6.373439
2026-05-16 16:25:36 [INFO] EPOCH:134, ======================CR:0.49786====================
2026-05-16 16:25:36 [INFO] 0.0036207397053388325
2026-05-16 16:25:38 [INFO] EPOCH:134, ======================ACC:92.95====================
2026-05-16 16:25:38 [INFO] BEST EPOCH:133,BEST ACC:93.36
2026-05-16 16:25:38 [INFO] Saving Masks: current CR 0.4979 target CR 0.5000
2026-05-16 16:26:02 [INFO] Epoch: 135 [12800/50000 (26%)]	 Training Loss: 0.083 ACC: 94.35 CR: 0.50 Avg R1: 4.99 Avg R2: 1.38 Avg Reward: 6.372221
2026-05-16 16:26:25 [INFO] Epoch: 135 [25600/50000 (51%)]	 Training Loss: 0.084 ACC: 94.29 CR: 0.50 Avg R1: 4.99 Avg R2: 1.38 Avg Reward: 6.374621
2026-05-16 16:26:47 [INFO] Epoch: 135 [38400/50000 (77%)]	 Training Loss: 0.084 ACC: 94.33 CR: 0.50 Avg R1: 4.99 Avg R2: 1.38 Avg Reward: 6.374165
2026-05-16 16:27:09 [INFO] EPOCH:135, ======================CR:0.49968====================
2026-05-16 16:27:09 [INFO] -0.005626919792002885
2026-05-16 16:27:11 [INFO] EPOCH:135, ======================ACC:93.63====================
2026-05-16 16:27:11 [INFO] BEST EPOCH:135,BEST ACC:93.63
2026-05-16 16:27:11 [INFO] Saving Masks: current CR 0.4997 target CR 0.5000
2026-05-16 16:27:11 [INFO] Updated candidate mask pretrained-rescale_mask_best-acc_50_05161317_resnet18 at epoch 135 with acc 93.6300
2026-05-16 16:27:36 [INFO] Epoch: 136 [12800/50000 (26%)]	 Training Loss: 0.082 ACC: 94.47 CR: 0.50 Avg R1: 4.99 Avg R2: 1.38 Avg Reward: 6.376757
2026-05-16 16:28:00 [INFO] Epoch: 136 [25600/50000 (51%)]	 Training Loss: 0.081 ACC: 94.52 CR: 0.50 Avg R1: 4.99 Avg R2: 1.39 Avg Reward: 6.373255
2026-05-16 16:28:25 [INFO] Epoch: 136 [38400/50000 (77%)]	 Training Loss: 0.080 ACC: 94.48 CR: 0.50 Avg R1: 4.98 Avg R2: 1.39 Avg Reward: 6.370511
2026-05-16 16:28:46 [INFO] EPOCH:136, ======================CR:0.50066====================
2026-05-16 16:28:46 [INFO] -0.0004801864129654645
2026-05-16 16:28:48 [INFO] EPOCH:136, ======================ACC:93.38====================
2026-05-16 16:28:48 [INFO] BEST EPOCH:135,BEST ACC:93.63
2026-05-16 16:28:48 [INFO] Saving Masks: current CR 0.5007 target CR 0.5000
2026-05-16 16:29:15 [INFO] Epoch: 137 [12800/50000 (26%)]	 Training Loss: 0.075 ACC: 94.95 CR: 0.50 Avg R1: 5.00 Avg R2: 1.37 Avg Reward: 6.367926
2026-05-16 16:29:41 [INFO] Epoch: 137 [25600/50000 (51%)]	 Training Loss: 0.074 ACC: 95.00 CR: 0.50 Avg R1: 5.00 Avg R2: 1.37 Avg Reward: 6.367273
2026-05-16 16:30:05 [INFO] Epoch: 137 [38400/50000 (77%)]	 Training Loss: 0.073 ACC: 95.01 CR: 0.50 Avg R1: 4.99 Avg R2: 1.37 Avg Reward: 6.363468
2026-05-16 16:30:28 [INFO] EPOCH:137, ======================CR:0.50102====================
2026-05-16 16:30:28 [INFO] -0.002652636716035045
2026-05-16 16:30:30 [INFO] EPOCH:137, ======================ACC:93.52====================
2026-05-16 16:30:30 [INFO] BEST EPOCH:135,BEST ACC:93.63
2026-05-16 16:30:30 [INFO] Saving Masks: current CR 0.5010 target CR 0.5000
2026-05-16 16:30:52 [INFO] Epoch: 138 [12800/50000 (26%)]	 Training Loss: 0.073 ACC: 94.91 CR: 0.50 Avg R1: 4.99 Avg R2: 1.35 Avg Reward: 6.339753
2026-05-16 16:31:16 [INFO] Epoch: 138 [25600/50000 (51%)]	 Training Loss: 0.077 ACC: 94.77 CR: 0.50 Avg R1: 4.99 Avg R2: 1.35 Avg Reward: 6.341199
2026-05-16 16:31:40 [INFO] Epoch: 138 [38400/50000 (77%)]	 Training Loss: 0.080 ACC: 94.60 CR: 0.50 Avg R1: 4.98 Avg R2: 1.35 Avg Reward: 6.336896
2026-05-16 16:32:02 [INFO] EPOCH:138, ======================CR:0.50112====================
2026-05-16 16:32:02 [INFO] -0.0067737239077615115
2026-05-16 16:32:05 [INFO] EPOCH:138, ======================ACC:92.75====================
2026-05-16 16:32:05 [INFO] BEST EPOCH:135,BEST ACC:93.63
2026-05-16 16:32:05 [INFO] Saving Masks: current CR 0.5011 target CR 0.5000
2026-05-16 16:32:29 [INFO] Epoch: 139 [12800/50000 (26%)]	 Training Loss: 0.069 ACC: 95.09 CR: 0.50 Avg R1: 4.98 Avg R2: 1.37 Avg Reward: 6.346899
2026-05-16 16:32:52 [INFO] Epoch: 139 [25600/50000 (51%)]	 Training Loss: 0.070 ACC: 95.11 CR: 0.50 Avg R1: 4.98 Avg R2: 1.37 Avg Reward: 6.345173
2026-05-16 16:33:15 [INFO] Epoch: 139 [38400/50000 (77%)]	 Training Loss: 0.072 ACC: 95.06 CR: 0.50 Avg R1: 4.97 Avg R2: 1.37 Avg Reward: 6.341328
2026-05-16 16:33:38 [INFO] EPOCH:139, ======================CR:0.50236====================
2026-05-16 16:33:38 [INFO] 0.0027434408957332413
2026-05-16 16:33:40 [INFO] EPOCH:139, ======================ACC:93.16====================
2026-05-16 16:33:40 [INFO] BEST EPOCH:135,BEST ACC:93.63
2026-05-16 16:33:40 [INFO] Saving Masks: current CR 0.5024 target CR 0.5000
2026-05-16 16:34:04 [INFO] Epoch: 140 [12800/50000 (26%)]	 Training Loss: 0.068 ACC: 95.18 CR: 0.50 Avg R1: 4.98 Avg R2: 1.35 Avg Reward: 6.326555
2026-05-16 16:34:25 [INFO] Epoch: 140 [25600/50000 (51%)]	 Training Loss: 0.070 ACC: 95.12 CR: 0.50 Avg R1: 4.98 Avg R2: 1.35 Avg Reward: 6.324694
2026-05-16 16:34:45 [INFO] Epoch: 140 [38400/50000 (77%)]	 Training Loss: 0.071 ACC: 95.04 CR: 0.50 Avg R1: 4.98 Avg R2: 1.35 Avg Reward: 6.325721
2026-05-16 16:35:08 [INFO] EPOCH:140, ======================CR:0.49996====================
2026-05-16 16:35:08 [INFO] 0.0021889737750546826
2026-05-16 16:35:10 [INFO] EPOCH:140, ======================ACC:93.44====================
2026-05-16 16:35:10 [INFO] BEST EPOCH:135,BEST ACC:93.63
2026-05-16 16:35:10 [INFO] Saving Masks: current CR 0.5000 target CR 0.5000
2026-05-16 16:35:36 [INFO] Epoch: 141 [12800/50000 (26%)]	 Training Loss: 0.069 ACC: 95.16 CR: 0.50 Avg R1: 5.00 Avg R2: 1.34 Avg Reward: 6.339767
2026-05-16 16:36:00 [INFO] Epoch: 141 [25600/50000 (51%)]	 Training Loss: 0.069 ACC: 95.12 CR: 0.50 Avg R1: 5.00 Avg R2: 1.34 Avg Reward: 6.338146
2026-05-16 16:36:24 [INFO] Epoch: 141 [38400/50000 (77%)]	 Training Loss: 0.069 ACC: 95.12 CR: 0.50 Avg R1: 4.99 Avg R2: 1.34 Avg Reward: 6.330538
2026-05-16 16:36:48 [INFO] EPOCH:141, ======================CR:0.49698====================
2026-05-16 16:36:48 [INFO] -0.0011716548987948233
2026-05-16 16:36:50 [INFO] EPOCH:141, ======================ACC:92.98====================
2026-05-16 16:36:50 [INFO] BEST EPOCH:135,BEST ACC:93.63
2026-05-16 16:36:50 [INFO] Saving Masks: current CR 0.4970 target CR 0.5000
2026-05-16 16:37:16 [INFO] Epoch: 142 [12800/50000 (26%)]	 Training Loss: 0.072 ACC: 95.00 CR: 0.50 Avg R1: 4.96 Avg R2: 1.32 Avg Reward: 6.287084
2026-05-16 16:37:41 [INFO] Epoch: 142 [25600/50000 (51%)]	 Training Loss: 0.071 ACC: 95.09 CR: 0.50 Avg R1: 4.96 Avg R2: 1.32 Avg Reward: 6.287620
2026-05-16 16:38:06 [INFO] Epoch: 142 [38400/50000 (77%)]	 Training Loss: 0.069 ACC: 95.21 CR: 0.50 Avg R1: 4.97 Avg R2: 1.32 Avg Reward: 6.289800
2026-05-16 16:38:29 [INFO] EPOCH:142, ======================CR:0.4993====================
2026-05-16 16:38:29 [INFO] 0.00022857499728721122
2026-05-16 16:38:31 [INFO] EPOCH:142, ======================ACC:92.21====================
2026-05-16 16:38:31 [INFO] BEST EPOCH:135,BEST ACC:93.63
2026-05-16 16:38:31 [INFO] Saving Masks: current CR 0.4993 target CR 0.5000
2026-05-16 16:38:57 [INFO] Epoch: 143 [12800/50000 (26%)]	 Training Loss: 0.065 ACC: 95.70 CR: 0.50 Avg R1: 4.99 Avg R2: 1.32 Avg Reward: 6.315976
2026-05-16 16:39:19 [INFO] Epoch: 143 [25600/50000 (51%)]	 Training Loss: 0.065 ACC: 95.68 CR: 0.50 Avg R1: 4.99 Avg R2: 1.32 Avg Reward: 6.313822
2026-05-16 16:39:43 [INFO] Epoch: 143 [38400/50000 (77%)]	 Training Loss: 0.066 ACC: 95.61 CR: 0.50 Avg R1: 4.99 Avg R2: 1.32 Avg Reward: 6.314299
2026-05-16 16:40:07 [INFO] EPOCH:143, ======================CR:0.49966====================
2026-05-16 16:40:07 [INFO] -0.0006172644484355473
2026-05-16 16:40:09 [INFO] EPOCH:143, ======================ACC:93.57====================
2026-05-16 16:40:09 [INFO] BEST EPOCH:135,BEST ACC:93.63
2026-05-16 16:40:09 [INFO] Saving Masks: current CR 0.4997 target CR 0.5000
2026-05-16 16:40:36 [INFO] Epoch: 144 [12800/50000 (26%)]	 Training Loss: 0.062 ACC: 95.75 CR: 0.50 Avg R1: 4.99 Avg R2: 1.32 Avg Reward: 6.306971
2026-05-16 16:41:01 [INFO] Epoch: 144 [25600/50000 (51%)]	 Training Loss: 0.064 ACC: 95.60 CR: 0.50 Avg R1: 4.99 Avg R2: 1.32 Avg Reward: 6.309494
2026-05-16 16:41:26 [INFO] Epoch: 144 [38400/50000 (77%)]	 Training Loss: 0.065 ACC: 95.51 CR: 0.50 Avg R1: 4.99 Avg R2: 1.32 Avg Reward: 6.308668
2026-05-16 16:41:50 [INFO] EPOCH:144, ======================CR:0.50232====================
2026-05-16 16:41:50 [INFO] -0.004336212180903225
2026-05-16 16:41:52 [INFO] EPOCH:144, ======================ACC:94.17====================
2026-05-16 16:41:52 [INFO] BEST EPOCH:144,BEST ACC:94.17
2026-05-16 16:41:52 [INFO] Saving Masks: current CR 0.5023 target CR 0.5000
2026-05-16 16:41:52 [INFO] Updated candidate mask pretrained-rescale_mask_best-acc_50_05161317_resnet18 at epoch 144 with acc 94.1700
2026-05-16 16:42:21 [INFO] Epoch: 145 [12800/50000 (26%)]	 Training Loss: 0.067 ACC: 95.79 CR: 0.50 Avg R1: 4.97 Avg R2: 1.31 Avg Reward: 6.284397
2026-05-16 16:42:46 [INFO] Epoch: 145 [25600/50000 (51%)]	 Training Loss: 0.067 ACC: 95.50 CR: 0.50 Avg R1: 4.97 Avg R2: 1.31 Avg Reward: 6.279087
2026-05-16 16:43:11 [INFO] Epoch: 145 [38400/50000 (77%)]	 Training Loss: 0.066 ACC: 95.57 CR: 0.50 Avg R1: 4.97 Avg R2: 1.31 Avg Reward: 6.280972
2026-05-16 16:43:35 [INFO] EPOCH:145, ======================CR:0.5017====================
2026-05-16 16:43:35 [INFO] -0.0006433928086188219
2026-05-16 16:43:37 [INFO] EPOCH:145, ======================ACC:94.38====================
2026-05-16 16:43:37 [INFO] BEST EPOCH:145,BEST ACC:94.38
2026-05-16 16:43:37 [INFO] Saving Masks: current CR 0.5017 target CR 0.5000
2026-05-16 16:43:37 [INFO] Updated candidate mask pretrained-rescale_mask_best-acc_50_05161317_resnet18 at epoch 145 with acc 94.3800
2026-05-16 16:44:06 [INFO] Epoch: 146 [12800/50000 (26%)]	 Training Loss: 0.059 ACC: 95.95 CR: 0.50 Avg R1: 4.99 Avg R2: 1.31 Avg Reward: 6.299959
2026-05-16 16:44:30 [INFO] Epoch: 146 [25600/50000 (51%)]	 Training Loss: 0.058 ACC: 96.05 CR: 0.50 Avg R1: 4.99 Avg R2: 1.31 Avg Reward: 6.299793
2026-05-16 16:44:55 [INFO] Epoch: 146 [38400/50000 (77%)]	 Training Loss: 0.061 ACC: 95.80 CR: 0.50 Avg R1: 4.99 Avg R2: 1.31 Avg Reward: 6.297612
2026-05-16 16:45:19 [INFO] EPOCH:146, ======================CR:0.50122====================
2026-05-16 16:45:19 [INFO] -0.005319337437940745
2026-05-16 16:45:21 [INFO] EPOCH:146, ======================ACC:93.83====================
2026-05-16 16:45:21 [INFO] BEST EPOCH:145,BEST ACC:94.38
2026-05-16 16:45:21 [INFO] Saving Masks: current CR 0.5012 target CR 0.5000
2026-05-16 16:45:47 [INFO] Epoch: 147 [12800/50000 (26%)]	 Training Loss: 0.062 ACC: 95.83 CR: 0.50 Avg R1: 4.99 Avg R2: 1.30 Avg Reward: 6.298206
2026-05-16 16:46:14 [INFO] Epoch: 147 [25600/50000 (51%)]	 Training Loss: 0.061 ACC: 95.85 CR: 0.50 Avg R1: 4.99 Avg R2: 1.30 Avg Reward: 6.298653
2026-05-16 16:46:40 [INFO] Epoch: 147 [38400/50000 (77%)]	 Training Loss: 0.059 ACC: 95.98 CR: 0.50 Avg R1: 4.99 Avg R2: 1.30 Avg Reward: 6.295938
2026-05-16 16:47:05 [INFO] EPOCH:147, ======================CR:0.4976====================
2026-05-16 16:47:05 [INFO] -0.007771265754768856
2026-05-16 16:47:07 [INFO] EPOCH:147, ======================ACC:94.46====================
2026-05-16 16:47:07 [INFO] BEST EPOCH:147,BEST ACC:94.46
2026-05-16 16:47:07 [INFO] Saving Masks: current CR 0.4976 target CR 0.5000
2026-05-16 16:47:07 [INFO] Updated candidate mask pretrained-rescale_mask_best-acc_50_05161317_resnet18 at epoch 147 with acc 94.4600
2026-05-16 16:47:36 [INFO] Epoch: 148 [12800/50000 (26%)]	 Training Loss: 0.057 ACC: 96.10 CR: 0.50 Avg R1: 4.98 Avg R2: 1.29 Avg Reward: 6.269641
2026-05-16 16:48:04 [INFO] Epoch: 148 [25600/50000 (51%)]	 Training Loss: 0.058 ACC: 96.07 CR: 0.50 Avg R1: 4.98 Avg R2: 1.29 Avg Reward: 6.269863
2026-05-16 16:48:31 [INFO] Epoch: 148 [38400/50000 (77%)]	 Training Loss: 0.058 ACC: 96.04 CR: 0.50 Avg R1: 4.98 Avg R2: 1.29 Avg Reward: 6.275068
2026-05-16 16:48:56 [INFO] EPOCH:148, ======================CR:0.50054====================
2026-05-16 16:48:56 [INFO] 0.001739848387516061
2026-05-16 16:48:58 [INFO] EPOCH:148, ======================ACC:93.59====================
2026-05-16 16:48:58 [INFO] BEST EPOCH:147,BEST ACC:94.46
2026-05-16 16:48:58 [INFO] Saving Masks: current CR 0.5005 target CR 0.5000
2026-05-16 16:49:24 [INFO] Epoch: 149 [12800/50000 (26%)]	 Training Loss: 0.059 ACC: 96.14 CR: 0.50 Avg R1: 4.99 Avg R2: 1.28 Avg Reward: 6.271448
2026-05-16 16:49:51 [INFO] Epoch: 149 [25600/50000 (51%)]	 Training Loss: 0.058 ACC: 96.16 CR: 0.50 Avg R1: 4.99 Avg R2: 1.28 Avg Reward: 6.268103
2026-05-16 16:50:18 [INFO] Epoch: 149 [38400/50000 (77%)]	 Training Loss: 0.059 ACC: 95.98 CR: 0.50 Avg R1: 4.99 Avg R2: 1.28 Avg Reward: 6.269248
2026-05-16 16:50:42 [INFO] EPOCH:149, ======================CR:0.4978====================
2026-05-16 16:50:42 [INFO] -0.0071007661320748984
2026-05-16 16:50:44 [INFO] EPOCH:149, ======================ACC:93.96====================
2026-05-16 16:50:44 [INFO] BEST EPOCH:147,BEST ACC:94.46
2026-05-16 16:50:44 [INFO] Saving Masks: current CR 0.4978 target CR 0.5000
2026-05-16 16:51:11 [INFO] Epoch: 150 [12800/50000 (26%)]	 Training Loss: 0.055 ACC: 96.16 CR: 0.50 Avg R1: 4.97 Avg R2: 1.28 Avg Reward: 6.246480
2026-05-16 16:51:36 [INFO] Epoch: 150 [25600/50000 (51%)]	 Training Loss: 0.055 ACC: 96.16 CR: 0.50 Avg R1: 4.97 Avg R2: 1.28 Avg Reward: 6.248562
2026-05-16 16:52:02 [INFO] Epoch: 150 [38400/50000 (77%)]	 Training Loss: 0.055 ACC: 96.19 CR: 0.50 Avg R1: 4.97 Avg R2: 1.28 Avg Reward: 6.249585
2026-05-16 16:52:25 [INFO] EPOCH:150, ======================CR:0.4995====================
2026-05-16 16:52:25 [INFO] 0.0018408418804838822
2026-05-16 16:52:27 [INFO] EPOCH:150, ======================ACC:93.93====================
2026-05-16 16:52:27 [INFO] BEST EPOCH:147,BEST ACC:94.46
2026-05-16 16:52:27 [INFO] Saving Masks: current CR 0.4995 target CR 0.5000
2026-05-16 16:52:55 [INFO] Epoch: 151 [12800/50000 (26%)]	 Training Loss: 0.057 ACC: 96.38 CR: 0.50 Avg R1: 4.98 Avg R2: 1.27 Avg Reward: 6.251065
2026-05-16 16:53:22 [INFO] Epoch: 151 [25600/50000 (51%)]	 Training Loss: 0.055 ACC: 96.46 CR: 0.50 Avg R1: 4.99 Avg R2: 1.27 Avg Reward: 6.258763
2026-05-16 16:53:49 [INFO] Epoch: 151 [38400/50000 (77%)]	 Training Loss: 0.054 ACC: 96.44 CR: 0.50 Avg R1: 4.99 Avg R2: 1.27 Avg Reward: 6.257028
2026-05-16 16:54:13 [INFO] EPOCH:151, ======================CR:0.50422====================
2026-05-16 16:54:13 [INFO] -0.001067403596593142
2026-05-16 16:54:15 [INFO] EPOCH:151, ======================ACC:94.16====================
2026-05-16 16:54:15 [INFO] BEST EPOCH:147,BEST ACC:94.46
2026-05-16 16:54:15 [INFO] Saving Masks: current CR 0.5042 target CR 0.5000
2026-05-16 16:54:46 [INFO] Epoch: 152 [12800/50000 (26%)]	 Training Loss: 0.053 ACC: 96.34 CR: 0.50 Avg R1: 4.96 Avg R2: 1.27 Avg Reward: 6.230161
2026-05-16 16:55:17 [INFO] Epoch: 152 [25600/50000 (51%)]	 Training Loss: 0.054 ACC: 96.35 CR: 0.50 Avg R1: 4.96 Avg R2: 1.27 Avg Reward: 6.230304
2026-05-16 16:55:47 [INFO] Epoch: 152 [38400/50000 (77%)]	 Training Loss: 0.054 ACC: 96.38 CR: 0.50 Avg R1: 4.96 Avg R2: 1.27 Avg Reward: 6.227961
2026-05-16 16:56:13 [INFO] EPOCH:152, ======================CR:0.50248====================
2026-05-16 16:56:13 [INFO] 0.0014189029148281122
2026-05-16 16:56:15 [INFO] EPOCH:152, ======================ACC:94.44====================
2026-05-16 16:56:15 [INFO] BEST EPOCH:147,BEST ACC:94.46
2026-05-16 16:56:15 [INFO] Saving Masks: current CR 0.5025 target CR 0.5000
2026-05-16 16:56:46 [INFO] Epoch: 153 [12800/50000 (26%)]	 Training Loss: 0.046 ACC: 96.95 CR: 0.50 Avg R1: 4.99 Avg R2: 1.25 Avg Reward: 6.237737
2026-05-16 16:57:14 [INFO] Epoch: 153 [25600/50000 (51%)]	 Training Loss: 0.048 ACC: 96.83 CR: 0.50 Avg R1: 4.99 Avg R2: 1.25 Avg Reward: 6.237969
2026-05-16 16:57:45 [INFO] Epoch: 153 [38400/50000 (77%)]	 Training Loss: 0.049 ACC: 96.75 CR: 0.50 Avg R1: 4.99 Avg R2: 1.25 Avg Reward: 6.238244
2026-05-16 16:58:13 [INFO] EPOCH:153, ======================CR:0.50086====================
2026-05-16 16:58:13 [INFO] 0.00023365438199092833
2026-05-16 16:58:15 [INFO] EPOCH:153, ======================ACC:94.98====================
2026-05-16 16:58:15 [INFO] BEST EPOCH:153,BEST ACC:94.98
2026-05-16 16:58:15 [INFO] Saving Masks: current CR 0.5009 target CR 0.5000
2026-05-16 16:58:16 [INFO] Updated candidate mask pretrained-rescale_mask_best-acc_50_05161317_resnet18 at epoch 153 with acc 94.9800
2026-05-16 16:58:48 [INFO] Epoch: 154 [12800/50000 (26%)]	 Training Loss: 0.047 ACC: 96.90 CR: 0.50 Avg R1: 4.99 Avg R2: 1.23 Avg Reward: 6.226149
2026-05-16 16:59:17 [INFO] Epoch: 154 [25600/50000 (51%)]	 Training Loss: 0.047 ACC: 96.83 CR: 0.50 Avg R1: 4.99 Avg R2: 1.23 Avg Reward: 6.222951
2026-05-16 16:59:46 [INFO] Epoch: 154 [38400/50000 (77%)]	 Training Loss: 0.048 ACC: 96.81 CR: 0.50 Avg R1: 4.99 Avg R2: 1.24 Avg Reward: 6.226021
2026-05-16 17:00:13 [INFO] EPOCH:154, ======================CR:0.50128====================
2026-05-16 17:00:13 [INFO] 0.0042381924813812925
2026-05-16 17:00:15 [INFO] EPOCH:154, ======================ACC:94.14====================
2026-05-16 17:00:15 [INFO] BEST EPOCH:153,BEST ACC:94.98
2026-05-16 17:00:15 [INFO] Saving Masks: current CR 0.5013 target CR 0.5000
2026-05-16 17:00:46 [INFO] Epoch: 155 [12800/50000 (26%)]	 Training Loss: 0.043 ACC: 97.04 CR: 0.50 Avg R1: 4.99 Avg R2: 1.23 Avg Reward: 6.222072
2026-05-16 17:01:17 [INFO] Epoch: 155 [25600/50000 (51%)]	 Training Loss: 0.046 ACC: 96.94 CR: 0.50 Avg R1: 4.99 Avg R2: 1.23 Avg Reward: 6.220581
2026-05-16 17:01:47 [INFO] Epoch: 155 [38400/50000 (77%)]	 Training Loss: 0.046 ACC: 96.89 CR: 0.50 Avg R1: 4.98 Avg R2: 1.23 Avg Reward: 6.213639
2026-05-16 17:02:14 [INFO] EPOCH:155, ======================CR:0.49912====================
2026-05-16 17:02:14 [INFO] 0.005992456704222592
2026-05-16 17:02:16 [INFO] EPOCH:155, ======================ACC:94.71====================
2026-05-16 17:02:16 [INFO] BEST EPOCH:153,BEST ACC:94.98
2026-05-16 17:02:16 [INFO] Saving Masks: current CR 0.4991 target CR 0.5000
2026-05-16 17:02:47 [INFO] Epoch: 156 [12800/50000 (26%)]	 Training Loss: 0.043 ACC: 97.34 CR: 0.50 Avg R1: 4.99 Avg R2: 1.22 Avg Reward: 6.213061
2026-05-16 17:03:17 [INFO] Epoch: 156 [25600/50000 (51%)]	 Training Loss: 0.045 ACC: 97.04 CR: 0.50 Avg R1: 4.99 Avg R2: 1.22 Avg Reward: 6.214682
2026-05-16 17:03:46 [INFO] Epoch: 156 [38400/50000 (77%)]	 Training Loss: 0.044 ACC: 97.04 CR: 0.50 Avg R1: 4.99 Avg R2: 1.22 Avg Reward: 6.215673
2026-05-16 17:04:14 [INFO] EPOCH:156, ======================CR:0.5041====================
2026-05-16 17:04:14 [INFO] 0.009404075923113124
2026-05-16 17:04:16 [INFO] EPOCH:156, ======================ACC:94.21====================
2026-05-16 17:04:16 [INFO] BEST EPOCH:153,BEST ACC:94.98
2026-05-16 17:04:16 [INFO] Saving Masks: current CR 0.5041 target CR 0.5000
2026-05-16 17:04:47 [INFO] Epoch: 157 [12800/50000 (26%)]	 Training Loss: 0.048 ACC: 96.88 CR: 0.51 Avg R1: 4.95 Avg R2: 1.21 Avg Reward: 6.165222
2026-05-16 17:05:17 [INFO] Epoch: 157 [25600/50000 (51%)]	 Training Loss: 0.045 ACC: 97.08 CR: 0.50 Avg R1: 4.95 Avg R2: 1.21 Avg Reward: 6.161538
2026-05-16 17:05:45 [INFO] Epoch: 157 [38400/50000 (77%)]	 Training Loss: 0.045 ACC: 97.07 CR: 0.50 Avg R1: 4.95 Avg R2: 1.21 Avg Reward: 6.166142
2026-05-16 17:06:07 [INFO] EPOCH:157, ======================CR:0.50364====================
2026-05-16 17:06:07 [INFO] 0.005308029350058546
2026-05-16 17:06:09 [INFO] EPOCH:157, ======================ACC:94.59====================
2026-05-16 17:06:09 [INFO] BEST EPOCH:153,BEST ACC:94.98
2026-05-16 17:06:09 [INFO] Saving Masks: current CR 0.5036 target CR 0.5000
2026-05-16 17:06:38 [INFO] Epoch: 158 [12800/50000 (26%)]	 Training Loss: 0.045 ACC: 96.83 CR: 0.50 Avg R1: 4.97 Avg R2: 1.20 Avg Reward: 6.170269
2026-05-16 17:07:07 [INFO] Epoch: 158 [25600/50000 (51%)]	 Training Loss: 0.043 ACC: 97.08 CR: 0.50 Avg R1: 4.97 Avg R2: 1.20 Avg Reward: 6.170600
2026-05-16 17:07:37 [INFO] Epoch: 158 [38400/50000 (77%)]	 Training Loss: 0.043 ACC: 97.13 CR: 0.50 Avg R1: 4.97 Avg R2: 1.20 Avg Reward: 6.171749
2026-05-16 17:08:05 [INFO] EPOCH:158, ======================CR:0.50136====================
2026-05-16 17:08:05 [INFO] 0.0034477925198097424
2026-05-16 17:08:07 [INFO] EPOCH:158, ======================ACC:94.77====================
2026-05-16 17:08:07 [INFO] BEST EPOCH:153,BEST ACC:94.98
2026-05-16 17:08:07 [INFO] Saving Masks: current CR 0.5014 target CR 0.5000
2026-05-16 17:08:39 [INFO] Epoch: 159 [12800/50000 (26%)]	 Training Loss: 0.037 ACC: 97.48 CR: 0.50 Avg R1: 4.99 Avg R2: 1.19 Avg Reward: 6.179367
2026-05-16 17:09:07 [INFO] Epoch: 159 [25600/50000 (51%)]	 Training Loss: 0.038 ACC: 97.46 CR: 0.50 Avg R1: 4.99 Avg R2: 1.19 Avg Reward: 6.177629
2026-05-16 17:09:34 [INFO] Epoch: 159 [38400/50000 (77%)]	 Training Loss: 0.040 ACC: 97.37 CR: 0.50 Avg R1: 4.98 Avg R2: 1.19 Avg Reward: 6.170838
2026-05-16 17:10:00 [INFO] EPOCH:159, ======================CR:0.50248====================
2026-05-16 17:10:00 [INFO] -0.0085321531852179
2026-05-16 17:10:02 [INFO] EPOCH:159, ======================ACC:94.93====================
2026-05-16 17:10:02 [INFO] BEST EPOCH:153,BEST ACC:94.98
2026-05-16 17:10:02 [INFO] Saving Masks: current CR 0.5025 target CR 0.5000
2026-05-16 17:10:30 [INFO] Epoch: 160 [12800/50000 (26%)]	 Training Loss: 0.038 ACC: 97.46 CR: 0.50 Avg R1: 4.98 Avg R2: 1.18 Avg Reward: 6.156244
2026-05-16 17:11:00 [INFO] Epoch: 160 [25600/50000 (51%)]	 Training Loss: 0.040 ACC: 97.39 CR: 0.50 Avg R1: 4.98 Avg R2: 1.18 Avg Reward: 6.153398
2026-05-16 17:11:32 [INFO] Epoch: 160 [38400/50000 (77%)]	 Training Loss: 0.039 ACC: 97.41 CR: 0.50 Avg R1: 4.98 Avg R2: 1.18 Avg Reward: 6.154788
2026-05-16 17:11:58 [INFO] EPOCH:160, ======================CR:0.50166====================
2026-05-16 17:11:58 [INFO] -0.006861669166731392
2026-05-16 17:12:00 [INFO] EPOCH:160, ======================ACC:94.91====================
2026-05-16 17:12:00 [INFO] BEST EPOCH:153,BEST ACC:94.98
2026-05-16 17:12:00 [INFO] Saving Masks: current CR 0.5017 target CR 0.5000
2026-05-16 17:12:28 [INFO] Epoch: 161 [12800/50000 (26%)]	 Training Loss: 0.040 ACC: 97.42 CR: 0.50 Avg R1: 4.99 Avg R2: 1.17 Avg Reward: 6.163911
2026-05-16 17:12:54 [INFO] Epoch: 161 [25600/50000 (51%)]	 Training Loss: 0.039 ACC: 97.48 CR: 0.50 Avg R1: 4.99 Avg R2: 1.17 Avg Reward: 6.162299
2026-05-16 17:13:21 [INFO] Epoch: 161 [38400/50000 (77%)]	 Training Loss: 0.038 ACC: 97.59 CR: 0.50 Avg R1: 4.99 Avg R2: 1.17 Avg Reward: 6.163031
2026-05-16 17:13:51 [INFO] EPOCH:161, ======================CR:0.49816====================
2026-05-16 17:13:51 [INFO] 0.007651469835938249
2026-05-16 17:13:53 [INFO] EPOCH:161, ======================ACC:94.97====================
2026-05-16 17:13:53 [INFO] BEST EPOCH:153,BEST ACC:94.98
2026-05-16 17:13:53 [INFO] Saving Masks: current CR 0.4982 target CR 0.5000
2026-05-16 17:14:22 [INFO] Epoch: 162 [12800/50000 (26%)]	 Training Loss: 0.035 ACC: 97.57 CR: 0.50 Avg R1: 4.97 Avg R2: 1.15 Avg Reward: 6.115080
2026-05-16 17:14:44 [INFO] Epoch: 162 [25600/50000 (51%)]	 Training Loss: 0.038 ACC: 97.51 CR: 0.50 Avg R1: 4.98 Avg R2: 1.15 Avg Reward: 6.124286
2026-05-16 17:15:07 [INFO] Epoch: 162 [38400/50000 (77%)]	 Training Loss: 0.038 ACC: 97.52 CR: 0.50 Avg R1: 4.98 Avg R2: 1.15 Avg Reward: 6.128715
2026-05-16 17:15:29 [INFO] EPOCH:162, ======================CR:0.50174====================
2026-05-16 17:15:29 [INFO] 0.0018557596118469932
2026-05-16 17:15:31 [INFO] EPOCH:162, ======================ACC:95.1====================
2026-05-16 17:15:31 [INFO] BEST EPOCH:162,BEST ACC:95.1
2026-05-16 17:15:31 [INFO] Saving Masks: current CR 0.5017 target CR 0.5000
2026-05-16 17:15:31 [INFO] Updated candidate mask pretrained-rescale_mask_best-acc_50_05161317_resnet18 at epoch 162 with acc 95.1000
2026-05-16 17:15:53 [INFO] Epoch: 163 [12800/50000 (26%)]	 Training Loss: 0.041 ACC: 97.45 CR: 0.51 Avg R1: 4.96 Avg R2: 1.15 Avg Reward: 6.109958
2026-05-16 17:16:14 [INFO] Epoch: 163 [25600/50000 (51%)]	 Training Loss: 0.037 ACC: 97.64 CR: 0.50 Avg R1: 4.95 Avg R2: 1.15 Avg Reward: 6.104096
2026-05-16 17:16:36 [INFO] Epoch: 163 [38400/50000 (77%)]	 Training Loss: 0.037 ACC: 97.58 CR: 0.50 Avg R1: 4.95 Avg R2: 1.15 Avg Reward: 6.106271
2026-05-16 17:16:58 [INFO] EPOCH:163, ======================CR:0.50406====================
2026-05-16 17:16:58 [INFO] 2.024842886928766e-05
2026-05-16 17:17:00 [INFO] EPOCH:163, ======================ACC:94.98====================
2026-05-16 17:17:00 [INFO] BEST EPOCH:162,BEST ACC:95.1
2026-05-16 17:17:00 [INFO] Saving Masks: current CR 0.5041 target CR 0.5000
2026-05-16 17:17:24 [INFO] Epoch: 164 [12800/50000 (26%)]	 Training Loss: 0.034 ACC: 97.80 CR: 0.50 Avg R1: 4.96 Avg R2: 1.13 Avg Reward: 6.095494
2026-05-16 17:17:45 [INFO] Epoch: 164 [25600/50000 (51%)]	 Training Loss: 0.034 ACC: 97.72 CR: 0.50 Avg R1: 4.96 Avg R2: 1.13 Avg Reward: 6.098872
2026-05-16 17:18:08 [INFO] Epoch: 164 [38400/50000 (77%)]	 Training Loss: 0.035 ACC: 97.71 CR: 0.50 Avg R1: 4.97 Avg R2: 1.13 Avg Reward: 6.106287
2026-05-16 17:18:26 [INFO] EPOCH:164, ======================CR:0.49598====================
2026-05-16 17:18:26 [INFO] -0.004565106239103385
2026-05-16 17:18:28 [INFO] EPOCH:164, ======================ACC:95.1====================
2026-05-16 17:18:28 [INFO] BEST EPOCH:164,BEST ACC:95.1
2026-05-16 17:18:28 [INFO] Saving Masks: current CR 0.4960 target CR 0.5000
2026-05-16 17:18:28 [INFO] Updated candidate mask pretrained-rescale_mask_best-acc_50_05161317_resnet18 at epoch 164 with acc 95.1000
2026-05-16 17:18:54 [INFO] Epoch: 165 [12800/50000 (26%)]	 Training Loss: 0.035 ACC: 97.77 CR: 0.50 Avg R1: 4.96 Avg R2: 1.13 Avg Reward: 6.089014
2026-05-16 17:19:18 [INFO] Epoch: 165 [25600/50000 (51%)]	 Training Loss: 0.035 ACC: 97.76 CR: 0.50 Avg R1: 4.98 Avg R2: 1.13 Avg Reward: 6.104589
2026-05-16 17:19:42 [INFO] Epoch: 165 [38400/50000 (77%)]	 Training Loss: 0.034 ACC: 97.83 CR: 0.50 Avg R1: 4.98 Avg R2: 1.13 Avg Reward: 6.109497
2026-05-16 17:20:04 [INFO] EPOCH:165, ======================CR:0.49798====================
2026-05-16 17:20:04 [INFO] -0.001801889852803224
2026-05-16 17:20:06 [INFO] EPOCH:165, ======================ACC:95.33====================
2026-05-16 17:20:06 [INFO] BEST EPOCH:165,BEST ACC:95.33
2026-05-16 17:20:06 [INFO] Saving Masks: current CR 0.4980 target CR 0.5000
2026-05-16 17:20:06 [INFO] Updated candidate mask pretrained-rescale_mask_best-acc_50_05161317_resnet18 at epoch 165 with acc 95.3300
2026-05-16 17:20:30 [INFO] Epoch: 166 [12800/50000 (26%)]	 Training Loss: 0.032 ACC: 97.97 CR: 0.50 Avg R1: 4.98 Avg R2: 1.11 Avg Reward: 6.092991
2026-05-16 17:20:56 [INFO] Epoch: 166 [25600/50000 (51%)]	 Training Loss: 0.032 ACC: 97.96 CR: 0.50 Avg R1: 4.97 Avg R2: 1.11 Avg Reward: 6.084472
2026-05-16 17:21:22 [INFO] Epoch: 166 [38400/50000 (77%)]	 Training Loss: 0.031 ACC: 97.94 CR: 0.50 Avg R1: 4.97 Avg R2: 1.11 Avg Reward: 6.082426
2026-05-16 17:21:45 [INFO] EPOCH:166, ======================CR:0.4995====================
2026-05-16 17:21:45 [INFO] 0.01056033364797116
2026-05-16 17:21:48 [INFO] EPOCH:166, ======================ACC:95.42====================
2026-05-16 17:21:48 [INFO] BEST EPOCH:166,BEST ACC:95.42
2026-05-16 17:21:48 [INFO] Saving Masks: current CR 0.4995 target CR 0.5000
2026-05-16 17:21:48 [INFO] Updated candidate mask pretrained-rescale_mask_best-acc_50_05161317_resnet18 at epoch 166 with acc 95.4200
2026-05-16 17:22:15 [INFO] Epoch: 167 [12800/50000 (26%)]	 Training Loss: 0.032 ACC: 97.78 CR: 0.50 Avg R1: 4.99 Avg R2: 1.11 Avg Reward: 6.096505
2026-05-16 17:22:37 [INFO] Epoch: 167 [25600/50000 (51%)]	 Training Loss: 0.032 ACC: 97.83 CR: 0.50 Avg R1: 4.98 Avg R2: 1.11 Avg Reward: 6.095395
2026-05-16 17:23:00 [INFO] Epoch: 167 [38400/50000 (77%)]	 Training Loss: 0.032 ACC: 97.86 CR: 0.50 Avg R1: 4.99 Avg R2: 1.11 Avg Reward: 6.096691
2026-05-16 17:23:17 [INFO] EPOCH:167, ======================CR:0.50042====================
2026-05-16 17:23:17 [INFO] -0.007202268022670394
2026-05-16 17:23:19 [INFO] EPOCH:167, ======================ACC:95.21====================
2026-05-16 17:23:19 [INFO] BEST EPOCH:166,BEST ACC:95.42
2026-05-16 17:23:19 [INFO] Saving Masks: current CR 0.5004 target CR 0.5000
2026-05-16 17:23:40 [INFO] Epoch: 168 [12800/50000 (26%)]	 Training Loss: 0.031 ACC: 97.97 CR: 0.50 Avg R1: 4.98 Avg R2: 1.10 Avg Reward: 6.088351
2026-05-16 17:24:00 [INFO] Epoch: 168 [25600/50000 (51%)]	 Training Loss: 0.030 ACC: 98.03 CR: 0.50 Avg R1: 4.99 Avg R2: 1.10 Avg Reward: 6.092700
2026-05-16 17:24:22 [INFO] Epoch: 168 [38400/50000 (77%)]	 Training Loss: 0.030 ACC: 98.04 CR: 0.50 Avg R1: 4.99 Avg R2: 1.11 Avg Reward: 6.095032
2026-05-16 17:24:40 [INFO] EPOCH:168, ======================CR:0.49948====================
2026-05-16 17:24:40 [INFO] 0.002660306944431692
2026-05-16 17:24:43 [INFO] EPOCH:168, ======================ACC:95.36====================
2026-05-16 17:24:43 [INFO] BEST EPOCH:166,BEST ACC:95.42
2026-05-16 17:24:43 [INFO] Saving Masks: current CR 0.4995 target CR 0.5000
2026-05-16 17:25:03 [INFO] Epoch: 169 [12800/50000 (26%)]	 Training Loss: 0.028 ACC: 98.29 CR: 0.50 Avg R1: 4.99 Avg R2: 1.09 Avg Reward: 6.080687
2026-05-16 17:25:23 [INFO] Epoch: 169 [25600/50000 (51%)]	 Training Loss: 0.029 ACC: 98.12 CR: 0.50 Avg R1: 4.99 Avg R2: 1.09 Avg Reward: 6.077633
2026-05-16 17:25:43 [INFO] Epoch: 169 [38400/50000 (77%)]	 Training Loss: 0.029 ACC: 98.16 CR: 0.50 Avg R1: 4.99 Avg R2: 1.09 Avg Reward: 6.077738
2026-05-16 17:26:01 [INFO] EPOCH:169, ======================CR:0.50098====================
2026-05-16 17:26:01 [INFO] -0.002662389356048856
2026-05-16 17:26:03 [INFO] EPOCH:169, ======================ACC:95.56====================
2026-05-16 17:26:03 [INFO] BEST EPOCH:169,BEST ACC:95.56
2026-05-16 17:26:03 [INFO] Saving Masks: current CR 0.5010 target CR 0.5000
2026-05-16 17:26:03 [INFO] Updated candidate mask pretrained-rescale_mask_best-acc_50_05161317_resnet18 at epoch 169 with acc 95.5600
2026-05-16 17:26:21 [INFO] Epoch: 170 [12800/50000 (26%)]	 Training Loss: 0.027 ACC: 98.23 CR: 0.50 Avg R1: 4.99 Avg R2: 1.09 Avg Reward: 6.077103
2026-05-16 17:26:40 [INFO] Epoch: 170 [25600/50000 (51%)]	 Training Loss: 0.027 ACC: 98.24 CR: 0.50 Avg R1: 4.99 Avg R2: 1.09 Avg Reward: 6.075145
2026-05-16 17:26:59 [INFO] Epoch: 170 [38400/50000 (77%)]	 Training Loss: 0.027 ACC: 98.26 CR: 0.50 Avg R1: 4.99 Avg R2: 1.09 Avg Reward: 6.073177
2026-05-16 17:27:14 [INFO] EPOCH:170, ======================CR:0.4999====================
2026-05-16 17:27:14 [INFO] 0.0024848238214921366
2026-05-16 17:27:16 [INFO] EPOCH:170, ======================ACC:95.65====================
2026-05-16 17:27:16 [INFO] BEST EPOCH:170,BEST ACC:95.65
2026-05-16 17:27:16 [INFO] Saving Masks: current CR 0.4999 target CR 0.5000
2026-05-16 17:27:16 [INFO] Updated candidate mask pretrained-rescale_mask_best-acc_50_05161317_resnet18 at epoch 170 with acc 95.6500
2026-05-16 17:27:31 [INFO] Epoch: 171 [12800/50000 (26%)]	 Training Loss: 0.026 ACC: 98.32 CR: 0.50 Avg R1: 4.99 Avg R2: 1.07 Avg Reward: 6.058437
2026-05-16 17:27:46 [INFO] Epoch: 171 [25600/50000 (51%)]	 Training Loss: 0.025 ACC: 98.33 CR: 0.50 Avg R1: 4.99 Avg R2: 1.07 Avg Reward: 6.062851
2026-05-16 17:28:04 [INFO] Epoch: 171 [38400/50000 (77%)]	 Training Loss: 0.026 ACC: 98.32 CR: 0.50 Avg R1: 4.99 Avg R2: 1.07 Avg Reward: 6.064127
2026-05-16 17:28:17 [INFO] EPOCH:171, ======================CR:0.5003====================
2026-05-16 17:28:17 [INFO] -0.0021362226639502903
2026-05-16 17:28:19 [INFO] EPOCH:171, ======================ACC:95.63====================
2026-05-16 17:28:19 [INFO] BEST EPOCH:170,BEST ACC:95.65
2026-05-16 17:28:19 [INFO] Saving Masks: current CR 0.5003 target CR 0.5000
2026-05-16 17:28:35 [INFO] Epoch: 172 [12800/50000 (26%)]	 Training Loss: 0.023 ACC: 98.54 CR: 0.50 Avg R1: 4.99 Avg R2: 1.06 Avg Reward: 6.051360
2026-05-16 17:28:48 [INFO] Epoch: 172 [25600/50000 (51%)]	 Training Loss: 0.024 ACC: 98.47 CR: 0.50 Avg R1: 4.99 Avg R2: 1.06 Avg Reward: 6.048305
2026-05-16 17:29:00 [INFO] Epoch: 172 [38400/50000 (77%)]	 Training Loss: 0.025 ACC: 98.41 CR: 0.50 Avg R1: 4.99 Avg R2: 1.06 Avg Reward: 6.051247
2026-05-16 17:29:11 [INFO] EPOCH:172, ======================CR:0.497====================
2026-05-16 17:29:11 [INFO] 0.0009055235013245888
2026-05-16 17:29:13 [INFO] EPOCH:172, ======================ACC:95.78====================
2026-05-16 17:29:13 [INFO] BEST EPOCH:172,BEST ACC:95.78
2026-05-16 17:29:13 [INFO] Saving Masks: current CR 0.4970 target CR 0.5000
2026-05-16 17:29:13 [INFO] Updated candidate mask pretrained-rescale_mask_best-acc_50_05161317_resnet18 at epoch 172 with acc 95.7800
2026-05-16 17:29:28 [INFO] Epoch: 173 [12800/50000 (26%)]	 Training Loss: 0.024 ACC: 98.48 CR: 0.50 Avg R1: 4.98 Avg R2: 1.05 Avg Reward: 6.027872
2026-05-16 17:29:41 [INFO] Epoch: 173 [25600/50000 (51%)]	 Training Loss: 0.024 ACC: 98.46 CR: 0.50 Avg R1: 4.99 Avg R2: 1.05 Avg Reward: 6.030665
2026-05-16 17:29:55 [INFO] Epoch: 173 [38400/50000 (77%)]	 Training Loss: 0.025 ACC: 98.44 CR: 0.50 Avg R1: 4.99 Avg R2: 1.05 Avg Reward: 6.033035
2026-05-16 17:30:06 [INFO] EPOCH:173, ======================CR:0.50386====================
2026-05-16 17:30:06 [INFO] -0.0016413214779241333
2026-05-16 17:30:08 [INFO] EPOCH:173, ======================ACC:95.67====================
2026-05-16 17:30:08 [INFO] BEST EPOCH:172,BEST ACC:95.78
2026-05-16 17:30:08 [INFO] Saving Masks: current CR 0.5039 target CR 0.5000
2026-05-16 17:30:21 [INFO] Epoch: 174 [12800/50000 (26%)]	 Training Loss: 0.023 ACC: 98.58 CR: 0.50 Avg R1: 4.97 Avg R2: 1.04 Avg Reward: 6.013403
2026-05-16 17:30:34 [INFO] Epoch: 174 [25600/50000 (51%)]	 Training Loss: 0.023 ACC: 98.55 CR: 0.50 Avg R1: 4.98 Avg R2: 1.04 Avg Reward: 6.019025
2026-05-16 17:30:46 [INFO] Epoch: 174 [38400/50000 (77%)]	 Training Loss: 0.023 ACC: 98.55 CR: 0.50 Avg R1: 4.98 Avg R2: 1.04 Avg Reward: 6.022252
2026-05-16 17:30:59 [INFO] EPOCH:174, ======================CR:0.49964====================
2026-05-16 17:30:59 [INFO] -0.0031613201624145233
2026-05-16 17:31:01 [INFO] EPOCH:174, ======================ACC:95.71====================
2026-05-16 17:31:01 [INFO] BEST EPOCH:172,BEST ACC:95.78
2026-05-16 17:31:01 [INFO] Saving Masks: current CR 0.4996 target CR 0.5000
2026-05-16 17:31:14 [INFO] Epoch: 175 [12800/50000 (26%)]	 Training Loss: 0.022 ACC: 98.65 CR: 0.50 Avg R1: 4.99 Avg R2: 1.03 Avg Reward: 6.023324
2026-05-16 17:31:28 [INFO] Epoch: 175 [25600/50000 (51%)]	 Training Loss: 0.021 ACC: 98.70 CR: 0.50 Avg R1: 4.99 Avg R2: 1.03 Avg Reward: 6.018804
2026-05-16 17:31:44 [INFO] Epoch: 175 [38400/50000 (77%)]	 Training Loss: 0.022 ACC: 98.68 CR: 0.50 Avg R1: 4.98 Avg R2: 1.03 Avg Reward: 6.012438
2026-05-16 17:31:58 [INFO] EPOCH:175, ======================CR:0.50338====================
2026-05-16 17:31:58 [INFO] -0.004401918018029198
2026-05-16 17:32:00 [INFO] EPOCH:175, ======================ACC:95.89====================
2026-05-16 17:32:00 [INFO] BEST EPOCH:175,BEST ACC:95.89
2026-05-16 17:32:00 [INFO] Saving Masks: current CR 0.5034 target CR 0.5000
2026-05-16 17:32:00 [INFO] Updated candidate mask pretrained-rescale_mask_best-acc_50_05161317_resnet18 at epoch 175 with acc 95.8900
2026-05-16 17:32:14 [INFO] Epoch: 176 [12800/50000 (26%)]	 Training Loss: 0.021 ACC: 98.59 CR: 0.50 Avg R1: 4.97 Avg R2: 1.02 Avg Reward: 5.989326
2026-05-16 17:32:27 [INFO] Epoch: 176 [25600/50000 (51%)]	 Training Loss: 0.022 ACC: 98.54 CR: 0.50 Avg R1: 4.97 Avg R2: 1.02 Avg Reward: 5.988826
2026-05-16 17:32:40 [INFO] Epoch: 176 [38400/50000 (77%)]	 Training Loss: 0.022 ACC: 98.56 CR: 0.50 Avg R1: 4.97 Avg R2: 1.02 Avg Reward: 5.994654
2026-05-16 17:32:52 [INFO] EPOCH:176, ======================CR:0.49778====================
2026-05-16 17:32:52 [INFO] 0.0017174840425015837
2026-05-16 17:32:54 [INFO] EPOCH:176, ======================ACC:95.82====================
2026-05-16 17:32:54 [INFO] BEST EPOCH:175,BEST ACC:95.89
2026-05-16 17:32:54 [INFO] Saving Masks: current CR 0.4978 target CR 0.5000
2026-05-16 17:33:09 [INFO] Epoch: 177 [12800/50000 (26%)]	 Training Loss: 0.021 ACC: 98.70 CR: 0.50 Avg R1: 4.98 Avg R2: 1.02 Avg Reward: 5.993824
2026-05-16 17:33:23 [INFO] Epoch: 177 [25600/50000 (51%)]	 Training Loss: 0.019 ACC: 98.83 CR: 0.50 Avg R1: 4.98 Avg R2: 1.02 Avg Reward: 5.993444
2026-05-16 17:33:37 [INFO] Epoch: 177 [38400/50000 (77%)]	 Training Loss: 0.020 ACC: 98.75 CR: 0.50 Avg R1: 4.98 Avg R2: 1.02 Avg Reward: 5.995621
2026-05-16 17:33:51 [INFO] EPOCH:177, ======================CR:0.50028====================
2026-05-16 17:33:51 [INFO] -0.007858647236740787
2026-05-16 17:33:53 [INFO] EPOCH:177, ======================ACC:95.83====================
2026-05-16 17:33:53 [INFO] BEST EPOCH:175,BEST ACC:95.89
2026-05-16 17:33:53 [INFO] Saving Masks: current CR 0.5003 target CR 0.5000
2026-05-16 17:34:06 [INFO] Epoch: 178 [12800/50000 (26%)]	 Training Loss: 0.021 ACC: 98.63 CR: 0.50 Avg R1: 4.99 Avg R2: 1.01 Avg Reward: 6.000326
2026-05-16 17:34:20 [INFO] Epoch: 178 [25600/50000 (51%)]	 Training Loss: 0.021 ACC: 98.66 CR: 0.50 Avg R1: 4.99 Avg R2: 1.01 Avg Reward: 5.993237
2026-05-16 17:34:34 [INFO] Epoch: 178 [38400/50000 (77%)]	 Training Loss: 0.021 ACC: 98.67 CR: 0.50 Avg R1: 4.98 Avg R2: 1.01 Avg Reward: 5.985436
2026-05-16 17:34:46 [INFO] EPOCH:178, ======================CR:0.5047====================
2026-05-16 17:34:46 [INFO] 0.0007188478622512453
2026-05-16 17:34:48 [INFO] EPOCH:178, ======================ACC:95.7====================
2026-05-16 17:34:48 [INFO] BEST EPOCH:175,BEST ACC:95.89
2026-05-16 17:34:48 [INFO] Saving Masks: current CR 0.5047 target CR 0.5000
2026-05-16 17:35:03 [INFO] Epoch: 179 [12800/50000 (26%)]	 Training Loss: 0.020 ACC: 98.81 CR: 0.50 Avg R1: 4.97 Avg R2: 1.01 Avg Reward: 5.971975
2026-05-16 17:35:17 [INFO] Epoch: 179 [25600/50000 (51%)]	 Training Loss: 0.021 ACC: 98.78 CR: 0.50 Avg R1: 4.96 Avg R2: 1.01 Avg Reward: 5.967116
2026-05-16 17:35:31 [INFO] Epoch: 179 [38400/50000 (77%)]	 Training Loss: 0.020 ACC: 98.83 CR: 0.50 Avg R1: 4.97 Avg R2: 1.01 Avg Reward: 5.973422
2026-05-16 17:35:43 [INFO] EPOCH:179, ======================CR:0.50146====================
2026-05-16 17:35:43 [INFO] 0.0035580596872890166
2026-05-16 17:35:45 [INFO] EPOCH:179, ======================ACC:95.86====================
2026-05-16 17:35:45 [INFO] BEST EPOCH:175,BEST ACC:95.89
2026-05-16 17:35:45 [INFO] Saving Masks: current CR 0.5015 target CR 0.5000
2026-05-16 17:35:59 [INFO] Epoch: 180 [12800/50000 (26%)]	 Training Loss: 0.019 ACC: 98.80 CR: 0.50 Avg R1: 4.98 Avg R2: 0.99 Avg Reward: 5.978176
2026-05-16 17:36:12 [INFO] Epoch: 180 [25600/50000 (51%)]	 Training Loss: 0.018 ACC: 98.84 CR: 0.50 Avg R1: 4.99 Avg R2: 0.99 Avg Reward: 5.979657
2026-05-16 17:36:25 [INFO] Epoch: 180 [38400/50000 (77%)]	 Training Loss: 0.018 ACC: 98.88 CR: 0.50 Avg R1: 4.99 Avg R2: 0.99 Avg Reward: 5.979741
2026-05-16 17:36:38 [INFO] EPOCH:180, ======================CR:0.49978====================
2026-05-16 17:36:38 [INFO] -0.0008714086026101298
2026-05-16 17:36:40 [INFO] EPOCH:180, ======================ACC:95.95====================
2026-05-16 17:36:40 [INFO] BEST EPOCH:180,BEST ACC:95.95
2026-05-16 17:36:40 [INFO] Saving Masks: current CR 0.4998 target CR 0.5000
2026-05-16 17:36:40 [INFO] Updated candidate mask pretrained-rescale_mask_best-acc_50_05161317_resnet18 at epoch 180 with acc 95.9500
2026-05-16 17:36:54 [INFO] Epoch: 181 [12800/50000 (26%)]	 Training Loss: 0.018 ACC: 98.83 CR: 0.50 Avg R1: 4.99 Avg R2: 0.98 Avg Reward: 5.972049
2026-05-16 17:37:07 [INFO] Epoch: 181 [25600/50000 (51%)]	 Training Loss: 0.018 ACC: 98.90 CR: 0.50 Avg R1: 4.99 Avg R2: 0.98 Avg Reward: 5.966929
2026-05-16 17:37:19 [INFO] Epoch: 181 [38400/50000 (77%)]	 Training Loss: 0.017 ACC: 98.88 CR: 0.50 Avg R1: 4.98 Avg R2: 0.98 Avg Reward: 5.965718
2026-05-16 17:37:31 [INFO] EPOCH:181, ======================CR:0.4993====================
2026-05-16 17:37:31 [INFO] 0.0029930895666158085
2026-05-16 17:37:34 [INFO] EPOCH:181, ======================ACC:96.01====================
2026-05-16 17:37:34 [INFO] BEST EPOCH:181,BEST ACC:96.01
2026-05-16 17:37:34 [INFO] Saving Masks: current CR 0.4993 target CR 0.5000
2026-05-16 17:37:34 [INFO] Updated candidate mask pretrained-rescale_mask_best-acc_50_05161317_resnet18 at epoch 181 with acc 96.0100
2026-05-16 17:37:47 [INFO] Epoch: 182 [12800/50000 (26%)]	 Training Loss: 0.018 ACC: 98.95 CR: 0.50 Avg R1: 5.00 Avg R2: 0.98 Avg Reward: 5.976546
2026-05-16 17:38:00 [INFO] Epoch: 182 [25600/50000 (51%)]	 Training Loss: 0.018 ACC: 98.85 CR: 0.50 Avg R1: 4.99 Avg R2: 0.98 Avg Reward: 5.976179
2026-05-16 17:38:16 [INFO] Epoch: 182 [38400/50000 (77%)]	 Training Loss: 0.018 ACC: 98.89 CR: 0.50 Avg R1: 4.99 Avg R2: 0.98 Avg Reward: 5.976905
2026-05-16 17:38:30 [INFO] EPOCH:182, ======================CR:0.50094====================
2026-05-16 17:38:30 [INFO] 0.006105991077708191
2026-05-16 17:38:32 [INFO] EPOCH:182, ======================ACC:95.95====================
2026-05-16 17:38:32 [INFO] BEST EPOCH:181,BEST ACC:96.01
2026-05-16 17:38:32 [INFO] Saving Masks: current CR 0.5009 target CR 0.5000
2026-05-16 17:38:47 [INFO] Epoch: 183 [12800/50000 (26%)]	 Training Loss: 0.017 ACC: 99.04 CR: 0.50 Avg R1: 5.00 Avg R2: 0.98 Avg Reward: 5.972268
2026-05-16 17:39:01 [INFO] Epoch: 183 [25600/50000 (51%)]	 Training Loss: 0.016 ACC: 99.09 CR: 0.50 Avg R1: 5.00 Avg R2: 0.98 Avg Reward: 5.972745
2026-05-16 17:39:15 [INFO] Epoch: 183 [38400/50000 (77%)]	 Training Loss: 0.017 ACC: 99.05 CR: 0.50 Avg R1: 5.00 Avg R2: 0.98 Avg Reward: 5.973216
2026-05-16 17:39:29 [INFO] EPOCH:183, ======================CR:0.50268====================
2026-05-16 17:39:29 [INFO] -0.0015729813400587056
2026-05-16 17:39:31 [INFO] EPOCH:183, ======================ACC:96.02====================
2026-05-16 17:39:31 [INFO] BEST EPOCH:183,BEST ACC:96.02
2026-05-16 17:39:31 [INFO] Saving Masks: current CR 0.5027 target CR 0.5000
2026-05-16 17:39:31 [INFO] Updated candidate mask pretrained-rescale_mask_best-acc_50_05161317_resnet18 at epoch 183 with acc 96.0200
2026-05-16 17:39:49 [INFO] Epoch: 184 [12800/50000 (26%)]	 Training Loss: 0.016 ACC: 99.02 CR: 0.50 Avg R1: 4.98 Avg R2: 0.97 Avg Reward: 5.951237
2026-05-16 17:40:05 [INFO] Epoch: 184 [25600/50000 (51%)]	 Training Loss: 0.017 ACC: 98.99 CR: 0.50 Avg R1: 4.98 Avg R2: 0.97 Avg Reward: 5.954857
2026-05-16 17:40:19 [INFO] Epoch: 184 [38400/50000 (77%)]	 Training Loss: 0.017 ACC: 99.02 CR: 0.50 Avg R1: 4.98 Avg R2: 0.97 Avg Reward: 5.955041
2026-05-16 17:40:32 [INFO] EPOCH:184, ======================CR:0.50172====================
2026-05-16 17:40:32 [INFO] -0.0056523685091395244
2026-05-16 17:40:34 [INFO] EPOCH:184, ======================ACC:96.15====================
2026-05-16 17:40:34 [INFO] BEST EPOCH:184,BEST ACC:96.15
2026-05-16 17:40:34 [INFO] Saving Masks: current CR 0.5017 target CR 0.5000
2026-05-16 17:40:34 [INFO] Updated candidate mask pretrained-rescale_mask_best-acc_50_05161317_resnet18 at epoch 184 with acc 96.1500
2026-05-16 17:40:48 [INFO] Epoch: 185 [12800/50000 (26%)]	 Training Loss: 0.016 ACC: 99.08 CR: 0.50 Avg R1: 4.99 Avg R2: 0.97 Avg Reward: 5.956996
2026-05-16 17:41:03 [INFO] Epoch: 185 [25600/50000 (51%)]	 Training Loss: 0.016 ACC: 99.04 CR: 0.50 Avg R1: 4.99 Avg R2: 0.97 Avg Reward: 5.959748
2026-05-16 17:41:18 [INFO] Epoch: 185 [38400/50000 (77%)]	 Training Loss: 0.016 ACC: 99.03 CR: 0.50 Avg R1: 4.99 Avg R2: 0.97 Avg Reward: 5.957128
2026-05-16 17:41:35 [INFO] EPOCH:185, ======================CR:0.4976====================
2026-05-16 17:41:35 [INFO] -0.0035394354537405808
2026-05-16 17:41:37 [INFO] EPOCH:185, ======================ACC:96.04====================
2026-05-16 17:41:37 [INFO] BEST EPOCH:184,BEST ACC:96.15
2026-05-16 17:41:37 [INFO] Saving Masks: current CR 0.4976 target CR 0.5000
2026-05-16 17:41:55 [INFO] Epoch: 186 [12800/50000 (26%)]	 Training Loss: 0.015 ACC: 99.03 CR: 0.50 Avg R1: 4.98 Avg R2: 0.96 Avg Reward: 5.937914
2026-05-16 17:42:11 [INFO] Epoch: 186 [25600/50000 (51%)]	 Training Loss: 0.016 ACC: 99.04 CR: 0.50 Avg R1: 4.98 Avg R2: 0.96 Avg Reward: 5.936403
2026-05-16 17:42:27 [INFO] Epoch: 186 [38400/50000 (77%)]	 Training Loss: 0.016 ACC: 99.03 CR: 0.50 Avg R1: 4.98 Avg R2: 0.96 Avg Reward: 5.939091
2026-05-16 17:42:42 [INFO] EPOCH:186, ======================CR:0.5001====================
2026-05-16 17:42:42 [INFO] -0.009860934242101025
2026-05-16 17:42:45 [INFO] EPOCH:186, ======================ACC:96.25====================
2026-05-16 17:42:45 [INFO] BEST EPOCH:186,BEST ACC:96.25
2026-05-16 17:42:45 [INFO] Saving Masks: current CR 0.5001 target CR 0.5000
2026-05-16 17:42:45 [INFO] Updated candidate mask pretrained-rescale_mask_best-acc_50_05161317_resnet18 at epoch 186 with acc 96.2500
2026-05-16 17:43:00 [INFO] Epoch: 187 [12800/50000 (26%)]	 Training Loss: 0.017 ACC: 99.02 CR: 0.50 Avg R1: 4.99 Avg R2: 0.96 Avg Reward: 5.953234
2026-05-16 17:43:13 [INFO] Epoch: 187 [25600/50000 (51%)]	 Training Loss: 0.016 ACC: 99.06 CR: 0.50 Avg R1: 4.99 Avg R2: 0.96 Avg Reward: 5.952053
2026-05-16 17:43:26 [INFO] Epoch: 187 [38400/50000 (77%)]	 Training Loss: 0.016 ACC: 99.05 CR: 0.50 Avg R1: 4.99 Avg R2: 0.96 Avg Reward: 5.949449
2026-05-16 17:43:39 [INFO] EPOCH:187, ======================CR:0.50166====================
2026-05-16 17:43:39 [INFO] 0.0022070601856202274
2026-05-16 17:43:41 [INFO] EPOCH:187, ======================ACC:96.16====================
2026-05-16 17:43:41 [INFO] BEST EPOCH:186,BEST ACC:96.25
2026-05-16 17:43:41 [INFO] Saving Masks: current CR 0.5017 target CR 0.5000
2026-05-16 17:43:59 [INFO] Epoch: 188 [12800/50000 (26%)]	 Training Loss: 0.013 ACC: 99.16 CR: 0.50 Avg R1: 4.99 Avg R2: 0.96 Avg Reward: 5.952056
2026-05-16 17:44:15 [INFO] Epoch: 188 [25600/50000 (51%)]	 Training Loss: 0.015 ACC: 99.06 CR: 0.50 Avg R1: 4.98 Avg R2: 0.96 Avg Reward: 5.946063
2026-05-16 17:44:29 [INFO] Epoch: 188 [38400/50000 (77%)]	 Training Loss: 0.015 ACC: 99.07 CR: 0.50 Avg R1: 4.98 Avg R2: 0.96 Avg Reward: 5.943336
2026-05-16 17:44:43 [INFO] EPOCH:188, ======================CR:0.50098====================
2026-05-16 17:44:43 [INFO] -0.0028479123954793188
2026-05-16 17:44:45 [INFO] EPOCH:188, ======================ACC:96.25====================
2026-05-16 17:44:45 [INFO] BEST EPOCH:188,BEST ACC:96.25
2026-05-16 17:44:45 [INFO] Saving Masks: current CR 0.5010 target CR 0.5000
2026-05-16 17:44:45 [INFO] Updated candidate mask pretrained-rescale_mask_best-acc_50_05161317_resnet18 at epoch 188 with acc 96.2500
2026-05-16 17:45:02 [INFO] Epoch: 189 [12800/50000 (26%)]	 Training Loss: 0.017 ACC: 99.04 CR: 0.50 Avg R1: 4.99 Avg R2: 0.95 Avg Reward: 5.943869
2026-05-16 17:45:17 [INFO] Epoch: 189 [25600/50000 (51%)]	 Training Loss: 0.017 ACC: 99.01 CR: 0.50 Avg R1: 4.99 Avg R2: 0.95 Avg Reward: 5.943614
2026-05-16 17:45:32 [INFO] Epoch: 189 [38400/50000 (77%)]	 Training Loss: 0.016 ACC: 99.05 CR: 0.50 Avg R1: 4.99 Avg R2: 0.96 Avg Reward: 5.941268
2026-05-16 17:45:48 [INFO] EPOCH:189, ======================CR:0.50446====================
2026-05-16 17:45:48 [INFO] -0.009815970023621303
2026-05-16 17:45:50 [INFO] EPOCH:189, ======================ACC:96.17====================
2026-05-16 17:45:50 [INFO] BEST EPOCH:188,BEST ACC:96.25
2026-05-16 17:45:50 [INFO] Saving Masks: current CR 0.5045 target CR 0.5000
2026-05-16 17:46:08 [INFO] Epoch: 190 [12800/50000 (26%)]	 Training Loss: 0.015 ACC: 99.13 CR: 0.51 Avg R1: 4.94 Avg R2: 0.96 Avg Reward: 5.899183
2026-05-16 17:46:22 [INFO] Epoch: 190 [25600/50000 (51%)]	 Training Loss: 0.015 ACC: 99.08 CR: 0.51 Avg R1: 4.94 Avg R2: 0.96 Avg Reward: 5.892966
2026-05-16 17:46:36 [INFO] Epoch: 190 [38400/50000 (77%)]	 Training Loss: 0.015 ACC: 99.11 CR: 0.51 Avg R1: 4.94 Avg R2: 0.96 Avg Reward: 5.891968
2026-05-16 17:46:50 [INFO] EPOCH:190, ======================CR:0.50698====================
2026-05-16 17:46:50 [INFO] 0.005809014247021452
2026-05-16 17:46:52 [INFO] EPOCH:190, ======================ACC:96.29====================
2026-05-16 17:46:52 [INFO] BEST EPOCH:190,BEST ACC:96.29
2026-05-16 17:46:52 [INFO] Saving Masks: current CR 0.5070 target CR 0.5000
2026-05-16 17:46:52 [INFO] Updated candidate mask pretrained-rescale_mask_best-acc_50_05161317_resnet18 at epoch 190 with acc 96.2900
2026-05-16 17:47:08 [INFO] Epoch: 191 [12800/50000 (26%)]	 Training Loss: 0.014 ACC: 99.26 CR: 0.50 Avg R1: 4.96 Avg R2: 0.95 Avg Reward: 5.907466
2026-05-16 17:47:25 [INFO] Epoch: 191 [25600/50000 (51%)]	 Training Loss: 0.014 ACC: 99.20 CR: 0.50 Avg R1: 4.97 Avg R2: 0.95 Avg Reward: 5.922372
2026-05-16 17:47:40 [INFO] Epoch: 191 [38400/50000 (77%)]	 Training Loss: 0.015 ACC: 99.17 CR: 0.50 Avg R1: 4.97 Avg R2: 0.95 Avg Reward: 5.919011
2026-05-16 17:47:53 [INFO] EPOCH:191, ======================CR:0.49378====================
2026-05-16 17:47:53 [INFO] -0.0009930621387479245
2026-05-16 17:47:55 [INFO] EPOCH:191, ======================ACC:96.17====================
2026-05-16 17:47:55 [INFO] BEST EPOCH:190,BEST ACC:96.29
2026-05-16 17:47:55 [INFO] Saving Masks: current CR 0.4938 target CR 0.5000
2026-05-16 17:48:13 [INFO] Epoch: 192 [12800/50000 (26%)]	 Training Loss: 0.014 ACC: 99.20 CR: 0.50 Avg R1: 4.95 Avg R2: 0.94 Avg Reward: 5.892899
2026-05-16 17:48:29 [INFO] Epoch: 192 [25600/50000 (51%)]	 Training Loss: 0.014 ACC: 99.21 CR: 0.50 Avg R1: 4.96 Avg R2: 0.94 Avg Reward: 5.901944
2026-05-16 17:48:47 [INFO] Epoch: 192 [38400/50000 (77%)]	 Training Loss: 0.014 ACC: 99.17 CR: 0.50 Avg R1: 4.97 Avg R2: 0.94 Avg Reward: 5.908457
2026-05-16 17:49:04 [INFO] EPOCH:192, ======================CR:0.50004====================
2026-05-16 17:49:04 [INFO] -0.0066684534154575655
2026-05-16 17:49:06 [INFO] EPOCH:192, ======================ACC:96.25====================
2026-05-16 17:49:06 [INFO] BEST EPOCH:190,BEST ACC:96.29
2026-05-16 17:49:06 [INFO] Saving Masks: current CR 0.5000 target CR 0.5000
2026-05-16 17:49:24 [INFO] Epoch: 193 [12800/50000 (26%)]	 Training Loss: 0.016 ACC: 98.92 CR: 0.50 Avg R1: 5.00 Avg R2: 0.94 Avg Reward: 5.937640
2026-05-16 17:49:39 [INFO] Epoch: 193 [25600/50000 (51%)]	 Training Loss: 0.015 ACC: 99.05 CR: 0.50 Avg R1: 4.99 Avg R2: 0.94 Avg Reward: 5.933816
2026-05-16 17:49:52 [INFO] Epoch: 193 [38400/50000 (77%)]	 Training Loss: 0.015 ACC: 99.09 CR: 0.50 Avg R1: 4.99 Avg R2: 0.94 Avg Reward: 5.933779
2026-05-16 17:50:05 [INFO] EPOCH:193, ======================CR:0.501====================
2026-05-16 17:50:05 [INFO] -0.0034661461852668533
2026-05-16 17:50:07 [INFO] EPOCH:193, ======================ACC:96.36====================
2026-05-16 17:50:07 [INFO] BEST EPOCH:193,BEST ACC:96.36
2026-05-16 17:50:07 [INFO] Saving Masks: current CR 0.5010 target CR 0.5000
2026-05-16 17:50:07 [INFO] Updated candidate mask pretrained-rescale_mask_best-acc_50_05161317_resnet18 at epoch 193 with acc 96.3600
2026-05-16 17:50:27 [INFO] Epoch: 194 [12800/50000 (26%)]	 Training Loss: 0.014 ACC: 99.03 CR: 0.50 Avg R1: 4.99 Avg R2: 0.94 Avg Reward: 5.934739
2026-05-16 17:50:46 [INFO] Epoch: 194 [25600/50000 (51%)]	 Training Loss: 0.014 ACC: 99.10 CR: 0.50 Avg R1: 4.99 Avg R2: 0.94 Avg Reward: 5.933983
2026-05-16 17:51:01 [INFO] Epoch: 194 [38400/50000 (77%)]	 Training Loss: 0.015 ACC: 99.09 CR: 0.50 Avg R1: 4.99 Avg R2: 0.94 Avg Reward: 5.933050
2026-05-16 17:51:15 [INFO] EPOCH:194, ======================CR:0.49772====================
2026-05-16 17:51:15 [INFO] -0.00398453860276012
2026-05-16 17:51:17 [INFO] EPOCH:194, ======================ACC:96.33====================
2026-05-16 17:51:17 [INFO] BEST EPOCH:193,BEST ACC:96.36
2026-05-16 17:51:17 [INFO] Saving Masks: current CR 0.4977 target CR 0.5000
2026-05-16 17:51:36 [INFO] Epoch: 195 [12800/50000 (26%)]	 Training Loss: 0.013 ACC: 99.14 CR: 0.50 Avg R1: 4.99 Avg R2: 0.94 Avg Reward: 5.936246
2026-05-16 17:51:53 [INFO] Epoch: 195 [25600/50000 (51%)]	 Training Loss: 0.015 ACC: 99.11 CR: 0.50 Avg R1: 4.99 Avg R2: 0.94 Avg Reward: 5.935062
2026-05-16 17:52:12 [INFO] Epoch: 195 [38400/50000 (77%)]	 Training Loss: 0.014 ACC: 99.11 CR: 0.50 Avg R1: 4.99 Avg R2: 0.94 Avg Reward: 5.935800
2026-05-16 17:52:29 [INFO] EPOCH:195, ======================CR:0.50206====================
2026-05-16 17:52:29 [INFO] -0.003763907336966226
2026-05-16 17:52:31 [INFO] EPOCH:195, ======================ACC:96.34====================
2026-05-16 17:52:31 [INFO] BEST EPOCH:193,BEST ACC:96.36
2026-05-16 17:52:31 [INFO] Saving Masks: current CR 0.5021 target CR 0.5000
2026-05-16 17:52:51 [INFO] Epoch: 196 [12800/50000 (26%)]	 Training Loss: 0.015 ACC: 98.98 CR: 0.50 Avg R1: 4.98 Avg R2: 0.94 Avg Reward: 5.921224
2026-05-16 17:53:07 [INFO] Epoch: 196 [25600/50000 (51%)]	 Training Loss: 0.014 ACC: 99.10 CR: 0.50 Avg R1: 4.98 Avg R2: 0.94 Avg Reward: 5.924859
2026-05-16 17:53:26 [INFO] Epoch: 196 [38400/50000 (77%)]	 Training Loss: 0.015 ACC: 99.09 CR: 0.50 Avg R1: 4.98 Avg R2: 0.94 Avg Reward: 5.924705
2026-05-16 17:53:45 [INFO] EPOCH:196, ======================CR:0.50122====================
2026-05-16 17:53:45 [INFO] -0.002946969374252863
2026-05-16 17:53:47 [INFO] EPOCH:196, ======================ACC:96.31====================
2026-05-16 17:53:47 [INFO] BEST EPOCH:193,BEST ACC:96.36
2026-05-16 17:53:47 [INFO] Saving Masks: current CR 0.5012 target CR 0.5000
2026-05-16 17:54:06 [INFO] Epoch: 197 [12800/50000 (26%)]	 Training Loss: 0.013 ACC: 99.18 CR: 0.50 Avg R1: 4.99 Avg R2: 0.95 Avg Reward: 5.930249
2026-05-16 17:54:24 [INFO] Epoch: 197 [25600/50000 (51%)]	 Training Loss: 0.015 ACC: 99.09 CR: 0.50 Avg R1: 4.99 Avg R2: 0.95 Avg Reward: 5.933449
2026-05-16 17:54:42 [INFO] Epoch: 197 [38400/50000 (77%)]	 Training Loss: 0.015 ACC: 99.12 CR: 0.50 Avg R1: 4.99 Avg R2: 0.95 Avg Reward: 5.934642
2026-05-16 17:55:00 [INFO] EPOCH:197, ======================CR:0.50064====================
2026-05-16 17:55:00 [INFO] -0.0008898354137552572
2026-05-16 17:55:02 [INFO] EPOCH:197, ======================ACC:96.26====================
2026-05-16 17:55:02 [INFO] BEST EPOCH:193,BEST ACC:96.36
2026-05-16 17:55:02 [INFO] Saving Masks: current CR 0.5006 target CR 0.5000
2026-05-16 17:55:22 [INFO] Epoch: 198 [12800/50000 (26%)]	 Training Loss: 0.014 ACC: 99.16 CR: 0.50 Avg R1: 4.99 Avg R2: 0.94 Avg Reward: 5.934526
2026-05-16 17:55:41 [INFO] Epoch: 198 [25600/50000 (51%)]	 Training Loss: 0.014 ACC: 99.16 CR: 0.50 Avg R1: 4.99 Avg R2: 0.94 Avg Reward: 5.931724
2026-05-16 17:56:00 [INFO] Epoch: 198 [38400/50000 (77%)]	 Training Loss: 0.015 ACC: 99.14 CR: 0.50 Avg R1: 4.98 Avg R2: 0.94 Avg Reward: 5.928768
2026-05-16 17:56:20 [INFO] EPOCH:198, ======================CR:0.4994====================
2026-05-16 17:56:20 [INFO] -0.0038796626094376157
2026-05-16 17:56:22 [INFO] EPOCH:198, ======================ACC:96.31====================
2026-05-16 17:56:22 [INFO] BEST EPOCH:193,BEST ACC:96.36
2026-05-16 17:56:22 [INFO] Saving Masks: current CR 0.4994 target CR 0.5000
2026-05-16 17:56:44 [INFO] Epoch: 199 [12800/50000 (26%)]	 Training Loss: 0.014 ACC: 99.23 CR: 0.50 Avg R1: 4.99 Avg R2: 0.94 Avg Reward: 5.936587
2026-05-16 17:57:02 [INFO] Epoch: 199 [25600/50000 (51%)]	 Training Loss: 0.014 ACC: 99.23 CR: 0.50 Avg R1: 4.99 Avg R2: 0.94 Avg Reward: 5.933673
2026-05-16 17:57:21 [INFO] Epoch: 199 [38400/50000 (77%)]	 Training Loss: 0.014 ACC: 99.26 CR: 0.50 Avg R1: 4.99 Avg R2: 0.94 Avg Reward: 5.933783
2026-05-16 17:57:39 [INFO] EPOCH:199, ======================CR:0.50008====================
2026-05-16 17:57:39 [INFO] -0.004904038366432109
2026-05-16 17:57:41 [INFO] EPOCH:199, ======================ACC:96.35====================
2026-05-16 17:57:41 [INFO] BEST EPOCH:193,BEST ACC:96.36
2026-05-16 17:57:41 [INFO] Saving Masks: current CR 0.5001 target CR 0.5000
2026-05-16 17:57:41 [INFO] Saved standard mask to /nvme/home/lixiang/baseline/RLSelector/mask/cifar10/42/mask_50.npz with 25000/50000 samples selected
