2026-05-16 09:40:20 [INFO] Epoch: 0 [12800/50000 (26%)]	 Training Loss: 0.856 ACC: 35.58 CR: 0.87 Avg R1: 0.47 Avg R2: 4.68 Avg Reward: 5.154654
2026-05-16 09:40:27 [INFO] Epoch: 0 [25600/50000 (51%)]	 Training Loss: 0.835 ACC: 37.04 CR: 0.74 Avg R1: 0.93 Avg R2: 4.36 Avg Reward: 5.290282
2026-05-16 09:40:34 [INFO] Epoch: 0 [38400/50000 (77%)]	 Training Loss: 0.823 ACC: 38.09 CR: 0.61 Avg R1: 1.39 Avg R2: 4.04 Avg Reward: 5.426497
2026-05-16 09:40:40 [INFO] EPOCH:0, ======================CR:0.49358====================
2026-05-16 09:40:40 [INFO] -0.004332634496561638
2026-05-16 09:40:42 [INFO] EPOCH:0, ======================ACC:46.54====================
2026-05-16 09:40:42 [INFO] BEST EPOCH:0,BEST ACC:46.54
2026-05-16 09:40:49 [INFO] Epoch: 1 [12800/50000 (26%)]	 Training Loss: 0.773 ACC: 43.33 CR: 0.50 Avg R1: 3.61 Avg R2: 1.92 Avg Reward: 5.528183
2026-05-16 09:40:56 [INFO] Epoch: 1 [25600/50000 (51%)]	 Training Loss: 0.769 ACC: 43.68 CR: 0.50 Avg R1: 3.59 Avg R2: 1.92 Avg Reward: 5.519834
2026-05-16 09:41:03 [INFO] Epoch: 1 [38400/50000 (77%)]	 Training Loss: 0.763 ACC: 44.04 CR: 0.51 Avg R1: 3.58 Avg R2: 1.93 Avg Reward: 5.508846
2026-05-16 09:41:09 [INFO] EPOCH:1, ======================CR:0.50714====================
2026-05-16 09:41:09 [INFO] -0.00214871597924227
2026-05-16 09:41:11 [INFO] EPOCH:1, ======================ACC:50.3====================
2026-05-16 09:41:11 [INFO] BEST EPOCH:1,BEST ACC:50.3
2026-05-16 09:41:18 [INFO] Epoch: 2 [12800/50000 (26%)]	 Training Loss: 0.708 ACC: 47.77 CR: 0.50 Avg R1: 3.53 Avg R2: 2.17 Avg Reward: 5.701835
2026-05-16 09:41:24 [INFO] Epoch: 2 [25600/50000 (51%)]	 Training Loss: 0.702 ACC: 48.50 CR: 0.51 Avg R1: 3.53 Avg R2: 2.17 Avg Reward: 5.704132
2026-05-16 09:41:31 [INFO] Epoch: 2 [38400/50000 (77%)]	 Training Loss: 0.693 ACC: 49.16 CR: 0.50 Avg R1: 3.53 Avg R2: 2.17 Avg Reward: 5.705671
2026-05-16 09:41:38 [INFO] EPOCH:2, ======================CR:0.50276====================
2026-05-16 09:41:38 [INFO] -0.0014241903749211689
2026-05-16 09:41:40 [INFO] EPOCH:2, ======================ACC:51.0====================
2026-05-16 09:41:40 [INFO] BEST EPOCH:2,BEST ACC:51.0
2026-05-16 09:41:47 [INFO] Epoch: 3 [12800/50000 (26%)]	 Training Loss: 0.641 ACC: 53.18 CR: 0.50 Avg R1: 3.55 Avg R2: 2.31 Avg Reward: 5.865606
2026-05-16 09:41:54 [INFO] Epoch: 3 [25600/50000 (51%)]	 Training Loss: 0.629 ACC: 53.97 CR: 0.50 Avg R1: 3.56 Avg R2: 2.31 Avg Reward: 5.871291
2026-05-16 09:42:01 [INFO] Epoch: 3 [38400/50000 (77%)]	 Training Loss: 0.623 ACC: 54.26 CR: 0.50 Avg R1: 3.57 Avg R2: 2.30 Avg Reward: 5.876596
2026-05-16 09:42:07 [INFO] EPOCH:3, ======================CR:0.4964====================
2026-05-16 09:42:07 [INFO] -0.001274971485511152
2026-05-16 09:42:09 [INFO] EPOCH:3, ======================ACC:57.34====================
2026-05-16 09:42:09 [INFO] BEST EPOCH:3,BEST ACC:57.34
2026-05-16 09:42:16 [INFO] Epoch: 4 [12800/50000 (26%)]	 Training Loss: 0.589 ACC: 57.47 CR: 0.50 Avg R1: 3.59 Avg R2: 2.42 Avg Reward: 6.016539
2026-05-16 09:42:22 [INFO] Epoch: 4 [25600/50000 (51%)]	 Training Loss: 0.587 ACC: 58.15 CR: 0.51 Avg R1: 3.57 Avg R2: 2.43 Avg Reward: 6.006519
2026-05-16 09:42:29 [INFO] Epoch: 4 [38400/50000 (77%)]	 Training Loss: 0.592 ACC: 58.94 CR: 0.52 Avg R1: 3.55 Avg R2: 2.44 Avg Reward: 5.989506
2026-05-16 09:42:35 [INFO] EPOCH:4, ======================CR:0.54708====================
2026-05-16 09:42:35 [INFO] -0.0021044773524253398
2026-05-16 09:42:37 [INFO] EPOCH:4, ======================ACC:61.93====================
2026-05-16 09:42:37 [INFO] BEST EPOCH:4,BEST ACC:61.93
2026-05-16 09:42:44 [INFO] Epoch: 5 [12800/50000 (26%)]	 Training Loss: 0.618 ACC: 60.98 CR: 0.56 Avg R1: 3.19 Avg R2: 2.66 Avg Reward: 5.846945
2026-05-16 09:42:50 [INFO] Epoch: 5 [25600/50000 (51%)]	 Training Loss: 0.623 ACC: 60.93 CR: 0.59 Avg R1: 3.12 Avg R2: 2.69 Avg Reward: 5.803076
2026-05-16 09:42:57 [INFO] Epoch: 5 [38400/50000 (77%)]	 Training Loss: 0.612 ACC: 61.37 CR: 0.60 Avg R1: 3.05 Avg R2: 2.71 Avg Reward: 5.762460
2026-05-16 09:43:03 [INFO] EPOCH:5, ======================CR:0.60572====================
2026-05-16 09:43:03 [INFO] 0.015184720906054593
2026-05-16 09:43:05 [INFO] EPOCH:5, ======================ACC:64.67====================
2026-05-16 09:43:05 [INFO] BEST EPOCH:5,BEST ACC:64.67
2026-05-16 09:43:12 [INFO] Epoch: 6 [12800/50000 (26%)]	 Training Loss: 0.540 ACC: 63.09 CR: 0.59 Avg R1: 2.87 Avg R2: 2.76 Avg Reward: 5.635934
2026-05-16 09:43:19 [INFO] Epoch: 6 [25600/50000 (51%)]	 Training Loss: 0.526 ACC: 64.12 CR: 0.57 Avg R1: 2.93 Avg R2: 2.74 Avg Reward: 5.671253
2026-05-16 09:43:26 [INFO] Epoch: 6 [38400/50000 (77%)]	 Training Loss: 0.523 ACC: 64.52 CR: 0.56 Avg R1: 2.99 Avg R2: 2.72 Avg Reward: 5.703277
2026-05-16 09:43:32 [INFO] EPOCH:6, ======================CR:0.5462====================
2026-05-16 09:43:32 [INFO] 0.005444331032979466
2026-05-16 09:43:34 [INFO] EPOCH:6, ======================ACC:67.34====================
2026-05-16 09:43:34 [INFO] BEST EPOCH:6,BEST ACC:67.34
2026-05-16 09:43:41 [INFO] Epoch: 7 [12800/50000 (26%)]	 Training Loss: 0.489 ACC: 67.31 CR: 0.55 Avg R1: 3.24 Avg R2: 2.55 Avg Reward: 5.793882
2026-05-16 09:43:49 [INFO] Epoch: 7 [25600/50000 (51%)]	 Training Loss: 0.501 ACC: 67.14 CR: 0.56 Avg R1: 3.22 Avg R2: 2.56 Avg Reward: 5.779149
2026-05-16 09:43:55 [INFO] Epoch: 7 [38400/50000 (77%)]	 Training Loss: 0.509 ACC: 66.87 CR: 0.57 Avg R1: 3.18 Avg R2: 2.58 Avg Reward: 5.759116
2026-05-16 09:44:02 [INFO] EPOCH:7, ======================CR:0.58466====================
2026-05-16 09:44:02 [INFO] 0.01343885333522323
2026-05-16 09:44:03 [INFO] EPOCH:7, ======================ACC:70.04====================
2026-05-16 09:44:03 [INFO] BEST EPOCH:7,BEST ACC:70.04
2026-05-16 09:44:10 [INFO] Epoch: 8 [12800/50000 (26%)]	 Training Loss: 0.504 ACC: 68.16 CR: 0.59 Avg R1: 2.93 Avg R2: 2.59 Avg Reward: 5.528777
2026-05-16 09:44:17 [INFO] Epoch: 8 [25600/50000 (51%)]	 Training Loss: 0.498 ACC: 68.54 CR: 0.60 Avg R1: 2.91 Avg R2: 2.60 Avg Reward: 5.515876
2026-05-16 09:44:24 [INFO] Epoch: 8 [38400/50000 (77%)]	 Training Loss: 0.496 ACC: 68.47 CR: 0.60 Avg R1: 2.90 Avg R2: 2.61 Avg Reward: 5.507933
2026-05-16 09:44:30 [INFO] EPOCH:8, ======================CR:0.6072====================
2026-05-16 09:44:30 [INFO] 0.01591335830177831
2026-05-16 09:44:32 [INFO] EPOCH:8, ======================ACC:72.74====================
2026-05-16 09:44:32 [INFO] BEST EPOCH:8,BEST ACC:72.74
2026-05-16 09:44:39 [INFO] Epoch: 9 [12800/50000 (26%)]	 Training Loss: 0.469 ACC: 70.83 CR: 0.61 Avg R1: 2.79 Avg R2: 2.57 Avg Reward: 5.356352
2026-05-16 09:44:46 [INFO] Epoch: 9 [25600/50000 (51%)]	 Training Loss: 0.468 ACC: 70.31 CR: 0.61 Avg R1: 2.79 Avg R2: 2.56 Avg Reward: 5.355646
2026-05-16 09:44:53 [INFO] Epoch: 9 [38400/50000 (77%)]	 Training Loss: 0.462 ACC: 70.62 CR: 0.60 Avg R1: 2.80 Avg R2: 2.56 Avg Reward: 5.362333
2026-05-16 09:44:59 [INFO] EPOCH:9, ======================CR:0.6069====================
2026-05-16 09:44:59 [INFO] 0.021576666428846404
2026-05-16 09:45:01 [INFO] EPOCH:9, ======================ACC:71.71====================
2026-05-16 09:45:01 [INFO] BEST EPOCH:8,BEST ACC:72.74
2026-05-16 09:45:08 [INFO] Epoch: 10 [12800/50000 (26%)]	 Training Loss: 0.454 ACC: 71.12 CR: 0.61 Avg R1: 2.81 Avg R2: 2.48 Avg Reward: 5.284543
2026-05-16 09:45:16 [INFO] Epoch: 10 [25600/50000 (51%)]	 Training Loss: 0.444 ACC: 71.78 CR: 0.60 Avg R1: 2.82 Avg R2: 2.47 Avg Reward: 5.290803
2026-05-16 09:45:23 [INFO] Epoch: 10 [38400/50000 (77%)]	 Training Loss: 0.434 ACC: 72.28 CR: 0.60 Avg R1: 2.83 Avg R2: 2.47 Avg Reward: 5.298082
2026-05-16 09:45:30 [INFO] EPOCH:10, ======================CR:0.59306====================
2026-05-16 09:45:30 [INFO] 0.01258536712592351
2026-05-16 09:45:32 [INFO] EPOCH:10, ======================ACC:76.4====================
2026-05-16 09:45:32 [INFO] BEST EPOCH:10,BEST ACC:76.4
2026-05-16 09:45:38 [INFO] Epoch: 11 [12800/50000 (26%)]	 Training Loss: 0.419 ACC: 72.91 CR: 0.59 Avg R1: 2.92 Avg R2: 2.35 Avg Reward: 5.265687
2026-05-16 09:45:45 [INFO] Epoch: 11 [25600/50000 (51%)]	 Training Loss: 0.415 ACC: 73.07 CR: 0.59 Avg R1: 2.93 Avg R2: 2.34 Avg Reward: 5.273106
2026-05-16 09:45:52 [INFO] Epoch: 11 [38400/50000 (77%)]	 Training Loss: 0.410 ACC: 73.61 CR: 0.58 Avg R1: 2.95 Avg R2: 2.33 Avg Reward: 5.284101
2026-05-16 09:45:58 [INFO] EPOCH:11, ======================CR:0.57368====================
2026-05-16 09:45:58 [INFO] 0.007312168252325105
2026-05-16 09:46:00 [INFO] EPOCH:11, ======================ACC:78.0====================
2026-05-16 09:46:00 [INFO] BEST EPOCH:11,BEST ACC:78.0
2026-05-16 09:46:06 [INFO] Epoch: 12 [12800/50000 (26%)]	 Training Loss: 0.382 ACC: 75.22 CR: 0.57 Avg R1: 3.06 Avg R2: 2.22 Avg Reward: 5.284120
2026-05-16 09:46:13 [INFO] Epoch: 12 [25600/50000 (51%)]	 Training Loss: 0.382 ACC: 75.19 CR: 0.57 Avg R1: 3.08 Avg R2: 2.22 Avg Reward: 5.296126
2026-05-16 09:46:20 [INFO] Epoch: 12 [38400/50000 (77%)]	 Training Loss: 0.377 ACC: 75.44 CR: 0.56 Avg R1: 3.09 Avg R2: 2.21 Avg Reward: 5.303396
2026-05-16 09:46:26 [INFO] EPOCH:12, ======================CR:0.55798====================
2026-05-16 09:46:26 [INFO] 0.00970904156225885
2026-05-16 09:46:28 [INFO] EPOCH:12, ======================ACC:79.0====================
2026-05-16 09:46:28 [INFO] BEST EPOCH:12,BEST ACC:79.0
2026-05-16 09:46:35 [INFO] Epoch: 13 [12800/50000 (26%)]	 Training Loss: 0.358 ACC: 76.53 CR: 0.56 Avg R1: 3.17 Avg R2: 2.13 Avg Reward: 5.299580
2026-05-16 09:46:42 [INFO] Epoch: 13 [25600/50000 (51%)]	 Training Loss: 0.362 ACC: 76.55 CR: 0.56 Avg R1: 3.16 Avg R2: 2.13 Avg Reward: 5.297816
2026-05-16 09:46:50 [INFO] Epoch: 13 [38400/50000 (77%)]	 Training Loss: 0.364 ACC: 76.38 CR: 0.57 Avg R1: 3.15 Avg R2: 2.14 Avg Reward: 5.288976
2026-05-16 09:46:56 [INFO] EPOCH:13, ======================CR:0.56928====================
2026-05-16 09:46:56 [INFO] 0.006125789379693973
2026-05-16 09:46:58 [INFO] EPOCH:13, ======================ACC:76.29====================
2026-05-16 09:46:58 [INFO] BEST EPOCH:12,BEST ACC:79.0
2026-05-16 09:47:05 [INFO] Epoch: 14 [12800/50000 (26%)]	 Training Loss: 0.355 ACC: 77.01 CR: 0.57 Avg R1: 3.09 Avg R2: 2.13 Avg Reward: 5.222905
2026-05-16 09:47:12 [INFO] Epoch: 14 [25600/50000 (51%)]	 Training Loss: 0.350 ACC: 77.29 CR: 0.56 Avg R1: 3.11 Avg R2: 2.13 Avg Reward: 5.233723
2026-05-16 09:47:18 [INFO] Epoch: 14 [38400/50000 (77%)]	 Training Loss: 0.347 ACC: 77.31 CR: 0.56 Avg R1: 3.12 Avg R2: 2.12 Avg Reward: 5.241083
2026-05-16 09:47:25 [INFO] EPOCH:14, ======================CR:0.55406====================
2026-05-16 09:47:25 [INFO] 0.003668520668097415
2026-05-16 09:47:26 [INFO] EPOCH:14, ======================ACC:80.99====================
2026-05-16 09:47:26 [INFO] BEST EPOCH:14,BEST ACC:80.99
2026-05-16 09:47:33 [INFO] Epoch: 15 [12800/50000 (26%)]	 Training Loss: 0.317 ACC: 79.23 CR: 0.56 Avg R1: 3.17 Avg R2: 2.04 Avg Reward: 5.212566
2026-05-16 09:47:40 [INFO] Epoch: 15 [25600/50000 (51%)]	 Training Loss: 0.322 ACC: 78.63 CR: 0.56 Avg R1: 3.17 Avg R2: 2.04 Avg Reward: 5.213369
2026-05-16 09:47:47 [INFO] Epoch: 15 [38400/50000 (77%)]	 Training Loss: 0.319 ACC: 78.77 CR: 0.55 Avg R1: 3.18 Avg R2: 2.04 Avg Reward: 5.217443
2026-05-16 09:47:53 [INFO] EPOCH:15, ======================CR:0.54836====================
2026-05-16 09:47:53 [INFO] 0.0084759110254095
2026-05-16 09:47:55 [INFO] EPOCH:15, ======================ACC:79.96====================
2026-05-16 09:47:55 [INFO] BEST EPOCH:14,BEST ACC:80.99
2026-05-16 09:48:02 [INFO] Epoch: 16 [12800/50000 (26%)]	 Training Loss: 0.319 ACC: 78.83 CR: 0.55 Avg R1: 3.23 Avg R2: 1.99 Avg Reward: 5.217620
2026-05-16 09:48:09 [INFO] Epoch: 16 [25600/50000 (51%)]	 Training Loss: 0.320 ACC: 78.75 CR: 0.55 Avg R1: 3.23 Avg R2: 1.99 Avg Reward: 5.221847
2026-05-16 09:48:15 [INFO] Epoch: 16 [38400/50000 (77%)]	 Training Loss: 0.315 ACC: 78.90 CR: 0.55 Avg R1: 3.24 Avg R2: 1.99 Avg Reward: 5.225186
2026-05-16 09:48:22 [INFO] EPOCH:16, ======================CR:0.54814====================
2026-05-16 09:48:22 [INFO] 0.004917973623469982
2026-05-16 09:48:24 [INFO] EPOCH:16, ======================ACC:82.1====================
2026-05-16 09:48:24 [INFO] BEST EPOCH:16,BEST ACC:82.1
2026-05-16 09:48:31 [INFO] Epoch: 17 [12800/50000 (26%)]	 Training Loss: 0.311 ACC: 79.45 CR: 0.55 Avg R1: 3.23 Avg R2: 1.94 Avg Reward: 5.176705
2026-05-16 09:48:38 [INFO] Epoch: 17 [25600/50000 (51%)]	 Training Loss: 0.304 ACC: 80.01 CR: 0.55 Avg R1: 3.24 Avg R2: 1.94 Avg Reward: 5.179280
2026-05-16 09:48:45 [INFO] Epoch: 17 [38400/50000 (77%)]	 Training Loss: 0.304 ACC: 80.00 CR: 0.55 Avg R1: 3.24 Avg R2: 1.94 Avg Reward: 5.180668
2026-05-16 09:48:52 [INFO] EPOCH:17, ======================CR:0.54868====================
2026-05-16 09:48:52 [INFO] -0.002659095425141877
2026-05-16 09:48:54 [INFO] EPOCH:17, ======================ACC:80.87====================
2026-05-16 09:48:54 [INFO] BEST EPOCH:16,BEST ACC:82.1
2026-05-16 09:49:01 [INFO] Epoch: 18 [12800/50000 (26%)]	 Training Loss: 0.307 ACC: 80.46 CR: 0.55 Avg R1: 3.22 Avg R2: 1.91 Avg Reward: 5.126947
2026-05-16 09:49:07 [INFO] Epoch: 18 [25600/50000 (51%)]	 Training Loss: 0.303 ACC: 80.50 CR: 0.55 Avg R1: 3.20 Avg R2: 1.91 Avg Reward: 5.113800
2026-05-16 09:49:14 [INFO] Epoch: 18 [38400/50000 (77%)]	 Training Loss: 0.306 ACC: 80.22 CR: 0.56 Avg R1: 3.19 Avg R2: 1.92 Avg Reward: 5.109315
2026-05-16 09:49:20 [INFO] EPOCH:18, ======================CR:0.5571====================
2026-05-16 09:49:20 [INFO] 0.0019055121873119687
2026-05-16 09:49:22 [INFO] EPOCH:18, ======================ACC:83.42====================
2026-05-16 09:49:22 [INFO] BEST EPOCH:18,BEST ACC:83.42
2026-05-16 09:49:29 [INFO] Epoch: 19 [12800/50000 (26%)]	 Training Loss: 0.297 ACC: 80.70 CR: 0.56 Avg R1: 3.17 Avg R2: 1.90 Avg Reward: 5.073845
2026-05-16 09:49:36 [INFO] Epoch: 19 [25600/50000 (51%)]	 Training Loss: 0.299 ACC: 80.52 CR: 0.56 Avg R1: 3.17 Avg R2: 1.90 Avg Reward: 5.071146
2026-05-16 09:49:43 [INFO] Epoch: 19 [38400/50000 (77%)]	 Training Loss: 0.298 ACC: 80.76 CR: 0.56 Avg R1: 3.17 Avg R2: 1.90 Avg Reward: 5.067080
2026-05-16 09:49:50 [INFO] EPOCH:19, ======================CR:0.56244====================
2026-05-16 09:49:50 [INFO] -0.0036804096965800926
2026-05-16 09:49:52 [INFO] EPOCH:19, ======================ACC:82.1====================
2026-05-16 09:49:52 [INFO] BEST EPOCH:18,BEST ACC:83.42
2026-05-16 09:49:59 [INFO] Epoch: 20 [12800/50000 (26%)]	 Training Loss: 0.275 ACC: 81.80 CR: 0.56 Avg R1: 3.12 Avg R2: 1.88 Avg Reward: 5.001029
2026-05-16 09:50:06 [INFO] Epoch: 20 [25600/50000 (51%)]	 Training Loss: 0.282 ACC: 81.67 CR: 0.56 Avg R1: 3.12 Avg R2: 1.88 Avg Reward: 5.001402
2026-05-16 09:50:14 [INFO] Epoch: 20 [38400/50000 (77%)]	 Training Loss: 0.286 ACC: 81.53 CR: 0.57 Avg R1: 3.11 Avg R2: 1.89 Avg Reward: 4.994874
2026-05-16 09:50:21 [INFO] EPOCH:20, ======================CR:0.57414====================
2026-05-16 09:50:21 [INFO] -0.006061068739061099
2026-05-16 09:50:22 [INFO] EPOCH:20, ======================ACC:82.75====================
2026-05-16 09:50:22 [INFO] BEST EPOCH:18,BEST ACC:83.42
2026-05-16 09:50:29 [INFO] Epoch: 21 [12800/50000 (26%)]	 Training Loss: 0.295 ACC: 81.66 CR: 0.58 Avg R1: 3.02 Avg R2: 1.90 Avg Reward: 4.921635
2026-05-16 09:50:36 [INFO] Epoch: 21 [25600/50000 (51%)]	 Training Loss: 0.296 ACC: 81.46 CR: 0.58 Avg R1: 3.00 Avg R2: 1.91 Avg Reward: 4.906461
2026-05-16 09:50:43 [INFO] Epoch: 21 [38400/50000 (77%)]	 Training Loss: 0.295 ACC: 81.38 CR: 0.59 Avg R1: 2.99 Avg R2: 1.91 Avg Reward: 4.897089
2026-05-16 09:50:49 [INFO] EPOCH:21, ======================CR:0.58432====================
2026-05-16 09:50:49 [INFO] 0.004117727701148768
2026-05-16 09:50:51 [INFO] EPOCH:21, ======================ACC:82.21====================
2026-05-16 09:50:51 [INFO] BEST EPOCH:18,BEST ACC:83.42
2026-05-16 09:50:58 [INFO] Epoch: 22 [12800/50000 (26%)]	 Training Loss: 0.289 ACC: 80.96 CR: 0.58 Avg R1: 2.99 Avg R2: 1.87 Avg Reward: 4.858949
2026-05-16 09:51:04 [INFO] Epoch: 22 [25600/50000 (51%)]	 Training Loss: 0.289 ACC: 81.24 CR: 0.57 Avg R1: 3.01 Avg R2: 1.87 Avg Reward: 4.876014
2026-05-16 09:51:11 [INFO] Epoch: 22 [38400/50000 (77%)]	 Training Loss: 0.282 ACC: 81.84 CR: 0.56 Avg R1: 3.03 Avg R2: 1.86 Avg Reward: 4.893667
2026-05-16 09:51:17 [INFO] EPOCH:22, ======================CR:0.55712====================
2026-05-16 09:51:17 [INFO] -0.008113632771831192
2026-05-16 09:51:19 [INFO] EPOCH:22, ======================ACC:79.84====================
2026-05-16 09:51:19 [INFO] BEST EPOCH:18,BEST ACC:83.42
2026-05-16 09:51:26 [INFO] Epoch: 23 [12800/50000 (26%)]	 Training Loss: 0.274 ACC: 81.76 CR: 0.55 Avg R1: 3.18 Avg R2: 1.82 Avg Reward: 4.999589
2026-05-16 09:51:34 [INFO] Epoch: 23 [25600/50000 (51%)]	 Training Loss: 0.267 ACC: 82.22 CR: 0.55 Avg R1: 3.19 Avg R2: 1.82 Avg Reward: 5.010020
2026-05-16 09:51:41 [INFO] Epoch: 23 [38400/50000 (77%)]	 Training Loss: 0.272 ACC: 81.88 CR: 0.55 Avg R1: 3.20 Avg R2: 1.81 Avg Reward: 5.014185
2026-05-16 09:51:48 [INFO] EPOCH:23, ======================CR:0.55166====================
2026-05-16 09:51:48 [INFO] 0.004623020251815591
2026-05-16 09:51:50 [INFO] EPOCH:23, ======================ACC:82.5====================
2026-05-16 09:51:50 [INFO] BEST EPOCH:18,BEST ACC:83.42
2026-05-16 09:51:57 [INFO] Epoch: 24 [12800/50000 (26%)]	 Training Loss: 0.271 ACC: 81.90 CR: 0.55 Avg R1: 3.20 Avg R2: 1.80 Avg Reward: 4.996019
2026-05-16 09:52:03 [INFO] Epoch: 24 [25600/50000 (51%)]	 Training Loss: 0.261 ACC: 82.60 CR: 0.55 Avg R1: 3.21 Avg R2: 1.79 Avg Reward: 5.003460
2026-05-16 09:52:10 [INFO] Epoch: 24 [38400/50000 (77%)]	 Training Loss: 0.265 ACC: 82.21 CR: 0.55 Avg R1: 3.22 Avg R2: 1.79 Avg Reward: 5.012201
2026-05-16 09:52:17 [INFO] EPOCH:24, ======================CR:0.54542====================
2026-05-16 09:52:17 [INFO] 0.007857757137128791
2026-05-16 09:52:18 [INFO] EPOCH:24, ======================ACC:84.24====================
2026-05-16 09:52:18 [INFO] BEST EPOCH:24,BEST ACC:84.24
2026-05-16 09:52:25 [INFO] Epoch: 25 [12800/50000 (26%)]	 Training Loss: 0.267 ACC: 83.02 CR: 0.55 Avg R1: 3.24 Avg R2: 1.78 Avg Reward: 5.020320
2026-05-16 09:52:32 [INFO] Epoch: 25 [25600/50000 (51%)]	 Training Loss: 0.263 ACC: 83.07 CR: 0.55 Avg R1: 3.22 Avg R2: 1.78 Avg Reward: 5.005056
2026-05-16 09:52:39 [INFO] Epoch: 25 [38400/50000 (77%)]	 Training Loss: 0.261 ACC: 83.06 CR: 0.55 Avg R1: 3.21 Avg R2: 1.78 Avg Reward: 4.996585
2026-05-16 09:52:45 [INFO] EPOCH:25, ======================CR:0.55432====================
2026-05-16 09:52:45 [INFO] 0.0048312065457039675
2026-05-16 09:52:47 [INFO] EPOCH:25, ======================ACC:78.5====================
2026-05-16 09:52:47 [INFO] BEST EPOCH:24,BEST ACC:84.24
2026-05-16 09:52:54 [INFO] Epoch: 26 [12800/50000 (26%)]	 Training Loss: 0.264 ACC: 82.88 CR: 0.55 Avg R1: 3.18 Avg R2: 1.78 Avg Reward: 4.965616
2026-05-16 09:53:02 [INFO] Epoch: 26 [25600/50000 (51%)]	 Training Loss: 0.261 ACC: 83.05 CR: 0.56 Avg R1: 3.17 Avg R2: 1.79 Avg Reward: 4.955470
2026-05-16 09:53:09 [INFO] Epoch: 26 [38400/50000 (77%)]	 Training Loss: 0.268 ACC: 82.80 CR: 0.58 Avg R1: 3.14 Avg R2: 1.80 Avg Reward: 4.931421
2026-05-16 09:53:15 [INFO] EPOCH:26, ======================CR:0.58582====================
2026-05-16 09:53:15 [INFO] 0.002164063735713652
2026-05-16 09:53:17 [INFO] EPOCH:26, ======================ACC:78.15====================
2026-05-16 09:53:17 [INFO] BEST EPOCH:24,BEST ACC:84.24
2026-05-16 09:53:24 [INFO] Epoch: 27 [12800/50000 (26%)]	 Training Loss: 0.284 ACC: 82.75 CR: 0.59 Avg R1: 2.94 Avg R2: 1.84 Avg Reward: 4.783759
2026-05-16 09:53:31 [INFO] Epoch: 27 [25600/50000 (51%)]	 Training Loss: 0.284 ACC: 82.73 CR: 0.61 Avg R1: 2.90 Avg R2: 1.85 Avg Reward: 4.757223
2026-05-16 09:53:37 [INFO] Epoch: 27 [38400/50000 (77%)]	 Training Loss: 0.287 ACC: 82.89 CR: 0.63 Avg R1: 2.85 Avg R2: 1.87 Avg Reward: 4.718779
2026-05-16 09:53:43 [INFO] EPOCH:27, ======================CR:0.64948====================
2026-05-16 09:53:43 [INFO] -0.002713376625706726
2026-05-16 09:53:45 [INFO] EPOCH:27, ======================ACC:84.06====================
2026-05-16 09:53:45 [INFO] BEST EPOCH:24,BEST ACC:84.24
2026-05-16 09:53:52 [INFO] Epoch: 28 [12800/50000 (26%)]	 Training Loss: 0.302 ACC: 83.26 CR: 0.66 Avg R1: 2.45 Avg R2: 1.98 Avg Reward: 4.427108
2026-05-16 09:53:59 [INFO] Epoch: 28 [25600/50000 (51%)]	 Training Loss: 0.303 ACC: 83.11 CR: 0.68 Avg R1: 2.39 Avg R2: 1.99 Avg Reward: 4.385723
2026-05-16 09:54:05 [INFO] Epoch: 28 [38400/50000 (77%)]	 Training Loss: 0.312 ACC: 82.78 CR: 0.70 Avg R1: 2.33 Avg R2: 2.01 Avg Reward: 4.342185
2026-05-16 09:54:12 [INFO] EPOCH:28, ======================CR:0.75268====================
2026-05-16 09:54:12 [INFO] 0.01166482440438215
2026-05-16 09:54:13 [INFO] EPOCH:28, ======================ACC:82.1====================
2026-05-16 09:54:13 [INFO] BEST EPOCH:24,BEST ACC:84.24
2026-05-16 09:54:21 [INFO] Epoch: 29 [12800/50000 (26%)]	 Training Loss: 0.393 ACC: 81.45 CR: 0.79 Avg R1: 1.64 Avg R2: 2.22 Avg Reward: 3.868056
2026-05-16 09:54:28 [INFO] Epoch: 29 [25600/50000 (51%)]	 Training Loss: 0.375 ACC: 81.94 CR: 0.81 Avg R1: 1.53 Avg R2: 2.26 Avg Reward: 3.793093
2026-05-16 09:54:35 [INFO] Epoch: 29 [38400/50000 (77%)]	 Training Loss: 0.366 ACC: 82.21 CR: 0.83 Avg R1: 1.45 Avg R2: 2.28 Avg Reward: 3.735443
2026-05-16 09:54:42 [INFO] EPOCH:29, ======================CR:0.84668====================
2026-05-16 09:54:42 [INFO] 0.024705862485775273
2026-05-16 09:54:44 [INFO] EPOCH:29, ======================ACC:84.95====================
2026-05-16 09:54:44 [INFO] BEST EPOCH:29,BEST ACC:84.95
2026-05-16 09:54:52 [INFO] Epoch: 30 [12800/50000 (26%)]	 Training Loss: 0.312 ACC: 83.62 CR: 0.83 Avg R1: 1.15 Avg R2: 2.38 Avg Reward: 3.534416
2026-05-16 09:54:59 [INFO] Epoch: 30 [25600/50000 (51%)]	 Training Loss: 0.312 ACC: 83.65 CR: 0.81 Avg R1: 1.21 Avg R2: 2.36 Avg Reward: 3.572399
2026-05-16 09:55:06 [INFO] Epoch: 30 [38400/50000 (77%)]	 Training Loss: 0.308 ACC: 83.85 CR: 0.79 Avg R1: 1.28 Avg R2: 2.34 Avg Reward: 3.617103
2026-05-16 09:55:12 [INFO] EPOCH:30, ======================CR:0.7714====================
2026-05-16 09:55:12 [INFO] 0.02691186747862492
2026-05-16 09:55:14 [INFO] EPOCH:30, ======================ACC:84.44====================
2026-05-16 09:55:14 [INFO] BEST EPOCH:29,BEST ACC:84.95
2026-05-16 09:55:21 [INFO] Epoch: 31 [12800/50000 (26%)]	 Training Loss: 0.294 ACC: 84.12 CR: 0.77 Avg R1: 1.65 Avg R2: 2.19 Avg Reward: 3.844474
2026-05-16 09:55:28 [INFO] Epoch: 31 [25600/50000 (51%)]	 Training Loss: 0.300 ACC: 84.09 CR: 0.76 Avg R1: 1.67 Avg R2: 2.19 Avg Reward: 3.857041
2026-05-16 09:55:35 [INFO] Epoch: 31 [38400/50000 (77%)]	 Training Loss: 0.296 ACC: 84.16 CR: 0.75 Avg R1: 1.70 Avg R2: 2.18 Avg Reward: 3.876719
2026-05-16 09:55:41 [INFO] EPOCH:31, ======================CR:0.74====================
2026-05-16 09:55:41 [INFO] 0.034583755483918746
2026-05-16 09:55:43 [INFO] EPOCH:31, ======================ACC:86.3====================
2026-05-16 09:55:43 [INFO] BEST EPOCH:31,BEST ACC:86.3
2026-05-16 09:55:50 [INFO] Epoch: 32 [12800/50000 (26%)]	 Training Loss: 0.286 ACC: 84.00 CR: 0.74 Avg R1: 1.86 Avg R2: 2.14 Avg Reward: 4.002905
2026-05-16 09:55:57 [INFO] Epoch: 32 [25600/50000 (51%)]	 Training Loss: 0.294 ACC: 84.11 CR: 0.75 Avg R1: 1.84 Avg R2: 2.15 Avg Reward: 3.987068
2026-05-16 09:56:04 [INFO] Epoch: 32 [38400/50000 (77%)]	 Training Loss: 0.296 ACC: 84.17 CR: 0.76 Avg R1: 1.81 Avg R2: 2.15 Avg Reward: 3.966163
2026-05-16 09:56:11 [INFO] EPOCH:32, ======================CR:0.77042====================
2026-05-16 09:56:11 [INFO] 0.03682600364284538
2026-05-16 09:56:13 [INFO] EPOCH:32, ======================ACC:83.51====================
2026-05-16 09:56:13 [INFO] BEST EPOCH:31,BEST ACC:86.3
2026-05-16 09:56:20 [INFO] Epoch: 33 [12800/50000 (26%)]	 Training Loss: 0.301 ACC: 84.83 CR: 0.78 Avg R1: 1.62 Avg R2: 2.22 Avg Reward: 3.836525
2026-05-16 09:56:28 [INFO] Epoch: 33 [25600/50000 (51%)]	 Training Loss: 0.304 ACC: 84.64 CR: 0.78 Avg R1: 1.59 Avg R2: 2.23 Avg Reward: 3.819246
2026-05-16 09:56:35 [INFO] Epoch: 33 [38400/50000 (77%)]	 Training Loss: 0.306 ACC: 84.55 CR: 0.79 Avg R1: 1.56 Avg R2: 2.24 Avg Reward: 3.801047
2026-05-16 09:56:42 [INFO] EPOCH:33, ======================CR:0.80018====================
2026-05-16 09:56:42 [INFO] 0.047057489807659
2026-05-16 09:56:43 [INFO] EPOCH:33, ======================ACC:82.93====================
2026-05-16 09:56:43 [INFO] BEST EPOCH:31,BEST ACC:86.3
2026-05-16 09:56:50 [INFO] Epoch: 34 [12800/50000 (26%)]	 Training Loss: 0.316 ACC: 84.26 CR: 0.81 Avg R1: 1.40 Avg R2: 2.31 Avg Reward: 3.717375
2026-05-16 09:56:57 [INFO] Epoch: 34 [25600/50000 (51%)]	 Training Loss: 0.316 ACC: 84.34 CR: 0.81 Avg R1: 1.38 Avg R2: 2.32 Avg Reward: 3.702063
2026-05-16 09:57:04 [INFO] Epoch: 34 [38400/50000 (77%)]	 Training Loss: 0.320 ACC: 84.15 CR: 0.82 Avg R1: 1.36 Avg R2: 2.33 Avg Reward: 3.688567
2026-05-16 09:57:10 [INFO] EPOCH:34, ======================CR:0.81498====================
2026-05-16 09:57:10 [INFO] 0.06213118344182124
2026-05-16 09:57:12 [INFO] EPOCH:34, ======================ACC:84.23====================
2026-05-16 09:57:12 [INFO] BEST EPOCH:31,BEST ACC:86.3
2026-05-16 09:57:19 [INFO] Epoch: 35 [12800/50000 (26%)]	 Training Loss: 0.295 ACC: 84.91 CR: 0.81 Avg R1: 1.35 Avg R2: 2.32 Avg Reward: 3.672183
2026-05-16 09:57:26 [INFO] Epoch: 35 [25600/50000 (51%)]	 Training Loss: 0.297 ACC: 84.77 CR: 0.80 Avg R1: 1.38 Avg R2: 2.31 Avg Reward: 3.693069
2026-05-16 09:57:33 [INFO] Epoch: 35 [38400/50000 (77%)]	 Training Loss: 0.296 ACC: 84.79 CR: 0.79 Avg R1: 1.41 Avg R2: 2.30 Avg Reward: 3.714366
2026-05-16 09:57:39 [INFO] EPOCH:35, ======================CR:0.77178====================
2026-05-16 09:57:39 [INFO] 0.04680845463852081
2026-05-16 09:57:41 [INFO] EPOCH:35, ======================ACC:84.62====================
2026-05-16 09:57:41 [INFO] BEST EPOCH:31,BEST ACC:86.3
2026-05-16 09:57:48 [INFO] Epoch: 36 [12800/50000 (26%)]	 Training Loss: 0.263 ACC: 85.90 CR: 0.77 Avg R1: 1.65 Avg R2: 2.23 Avg Reward: 3.876276
2026-05-16 09:57:55 [INFO] Epoch: 36 [25600/50000 (51%)]	 Training Loss: 0.268 ACC: 85.75 CR: 0.76 Avg R1: 1.68 Avg R2: 2.22 Avg Reward: 3.892459
2026-05-16 09:58:02 [INFO] Epoch: 36 [38400/50000 (77%)]	 Training Loss: 0.272 ACC: 85.46 CR: 0.75 Avg R1: 1.70 Avg R2: 2.21 Avg Reward: 3.905390
2026-05-16 09:58:09 [INFO] EPOCH:36, ======================CR:0.73032====================
2026-05-16 09:58:09 [INFO] 0.04169430606596963
2026-05-16 09:58:11 [INFO] EPOCH:36, ======================ACC:86.05====================
2026-05-16 09:58:11 [INFO] BEST EPOCH:31,BEST ACC:86.3
2026-05-16 09:58:18 [INFO] Epoch: 37 [12800/50000 (26%)]	 Training Loss: 0.239 ACC: 86.68 CR: 0.71 Avg R1: 1.98 Avg R2: 2.12 Avg Reward: 4.103873
2026-05-16 09:58:25 [INFO] Epoch: 37 [25600/50000 (51%)]	 Training Loss: 0.239 ACC: 86.20 CR: 0.69 Avg R1: 2.05 Avg R2: 2.10 Avg Reward: 4.151354
2026-05-16 09:58:32 [INFO] Epoch: 37 [38400/50000 (77%)]	 Training Loss: 0.242 ACC: 86.07 CR: 0.68 Avg R1: 2.12 Avg R2: 2.08 Avg Reward: 4.196995
2026-05-16 09:58:39 [INFO] EPOCH:37, ======================CR:0.68032====================
2026-05-16 09:58:39 [INFO] 0.027786076312235886
2026-05-16 09:58:41 [INFO] EPOCH:37, ======================ACC:85.07====================
2026-05-16 09:58:41 [INFO] BEST EPOCH:31,BEST ACC:86.3
2026-05-16 09:58:47 [INFO] Epoch: 38 [12800/50000 (26%)]	 Training Loss: 0.247 ACC: 86.08 CR: 0.68 Avg R1: 2.26 Avg R2: 2.01 Avg Reward: 4.273671
2026-05-16 09:58:54 [INFO] Epoch: 38 [25600/50000 (51%)]	 Training Loss: 0.249 ACC: 86.04 CR: 0.68 Avg R1: 2.27 Avg R2: 2.01 Avg Reward: 4.279439
2026-05-16 09:59:01 [INFO] Epoch: 38 [38400/50000 (77%)]	 Training Loss: 0.243 ACC: 86.08 CR: 0.66 Avg R1: 2.30 Avg R2: 2.00 Avg Reward: 4.297476
2026-05-16 09:59:07 [INFO] EPOCH:38, ======================CR:0.65382====================
2026-05-16 09:59:07 [INFO] 0.03304464986995955
2026-05-16 09:59:09 [INFO] EPOCH:38, ======================ACC:86.33====================
2026-05-16 09:59:09 [INFO] BEST EPOCH:38,BEST ACC:86.33
2026-05-16 09:59:16 [INFO] Epoch: 39 [12800/50000 (26%)]	 Training Loss: 0.239 ACC: 86.33 CR: 0.66 Avg R1: 2.46 Avg R2: 1.96 Avg Reward: 4.419550
2026-05-16 09:59:23 [INFO] Epoch: 39 [25600/50000 (51%)]	 Training Loss: 0.238 ACC: 86.22 CR: 0.66 Avg R1: 2.45 Avg R2: 1.96 Avg Reward: 4.411623
2026-05-16 09:59:30 [INFO] Epoch: 39 [38400/50000 (77%)]	 Training Loss: 0.236 ACC: 86.23 CR: 0.66 Avg R1: 2.45 Avg R2: 1.96 Avg Reward: 4.407198
2026-05-16 09:59:36 [INFO] EPOCH:39, ======================CR:0.64772====================
2026-05-16 09:59:36 [INFO] 0.029329194066144933
2026-05-16 09:59:38 [INFO] EPOCH:39, ======================ACC:85.4====================
2026-05-16 09:59:38 [INFO] BEST EPOCH:38,BEST ACC:86.33
2026-05-16 09:59:46 [INFO] Epoch: 40 [12800/50000 (26%)]	 Training Loss: 0.226 ACC: 86.17 CR: 0.64 Avg R1: 2.56 Avg R2: 1.93 Avg Reward: 4.486194
2026-05-16 09:59:53 [INFO] Epoch: 40 [25600/50000 (51%)]	 Training Loss: 0.228 ACC: 86.10 CR: 0.63 Avg R1: 2.60 Avg R2: 1.92 Avg Reward: 4.513071
2026-05-16 10:00:01 [INFO] Epoch: 40 [38400/50000 (77%)]	 Training Loss: 0.225 ACC: 86.01 CR: 0.61 Avg R1: 2.64 Avg R2: 1.90 Avg Reward: 4.545471
2026-05-16 10:00:07 [INFO] EPOCH:40, ======================CR:0.5869====================
2026-05-16 10:00:07 [INFO] 0.012888994069296597
2026-05-16 10:00:09 [INFO] EPOCH:40, ======================ACC:85.35====================
2026-05-16 10:00:09 [INFO] BEST EPOCH:38,BEST ACC:86.33
2026-05-16 10:00:16 [INFO] Epoch: 41 [12800/50000 (26%)]	 Training Loss: 0.214 ACC: 85.94 CR: 0.58 Avg R1: 2.98 Avg R2: 1.81 Avg Reward: 4.785362
2026-05-16 10:00:22 [INFO] Epoch: 41 [25600/50000 (51%)]	 Training Loss: 0.206 ACC: 86.45 CR: 0.56 Avg R1: 3.02 Avg R2: 1.79 Avg Reward: 4.817466
2026-05-16 10:00:29 [INFO] Epoch: 41 [38400/50000 (77%)]	 Training Loss: 0.203 ACC: 86.48 CR: 0.55 Avg R1: 3.07 Avg R2: 1.78 Avg Reward: 4.849598
2026-05-16 10:00:36 [INFO] EPOCH:41, ======================CR:0.53978====================
2026-05-16 10:00:36 [INFO] 0.0010759603471769729
2026-05-16 10:00:37 [INFO] EPOCH:41, ======================ACC:85.39====================
2026-05-16 10:00:37 [INFO] BEST EPOCH:38,BEST ACC:86.33
2026-05-16 10:00:45 [INFO] Epoch: 42 [12800/50000 (26%)]	 Training Loss: 0.188 ACC: 87.52 CR: 0.54 Avg R1: 3.30 Avg R2: 1.70 Avg Reward: 5.002031
2026-05-16 10:00:51 [INFO] Epoch: 42 [25600/50000 (51%)]	 Training Loss: 0.195 ACC: 86.77 CR: 0.54 Avg R1: 3.30 Avg R2: 1.70 Avg Reward: 5.002820
2026-05-16 10:00:59 [INFO] Epoch: 42 [38400/50000 (77%)]	 Training Loss: 0.200 ACC: 86.59 CR: 0.54 Avg R1: 3.31 Avg R2: 1.70 Avg Reward: 5.003692
2026-05-16 10:01:05 [INFO] EPOCH:42, ======================CR:0.5389====================
2026-05-16 10:01:05 [INFO] 0.003734025177470654
2026-05-16 10:01:07 [INFO] EPOCH:42, ======================ACC:86.93====================
2026-05-16 10:01:07 [INFO] BEST EPOCH:42,BEST ACC:86.93
2026-05-16 10:01:14 [INFO] Epoch: 43 [12800/50000 (26%)]	 Training Loss: 0.211 ACC: 86.27 CR: 0.54 Avg R1: 3.29 Avg R2: 1.71 Avg Reward: 4.994574
2026-05-16 10:01:21 [INFO] Epoch: 43 [25600/50000 (51%)]	 Training Loss: 0.208 ACC: 86.33 CR: 0.54 Avg R1: 3.28 Avg R2: 1.71 Avg Reward: 4.993747
2026-05-16 10:01:29 [INFO] Epoch: 43 [38400/50000 (77%)]	 Training Loss: 0.208 ACC: 86.43 CR: 0.54 Avg R1: 3.28 Avg R2: 1.71 Avg Reward: 4.990970
2026-05-16 10:01:36 [INFO] EPOCH:43, ======================CR:0.54472====================
2026-05-16 10:01:36 [INFO] 0.006514629699623584
2026-05-16 10:01:37 [INFO] EPOCH:43, ======================ACC:84.08====================
2026-05-16 10:01:37 [INFO] BEST EPOCH:42,BEST ACC:86.93
2026-05-16 10:01:45 [INFO] Epoch: 44 [12800/50000 (26%)]	 Training Loss: 0.207 ACC: 86.38 CR: 0.54 Avg R1: 3.26 Avg R2: 1.70 Avg Reward: 4.963465
2026-05-16 10:01:52 [INFO] Epoch: 44 [25600/50000 (51%)]	 Training Loss: 0.210 ACC: 86.09 CR: 0.54 Avg R1: 3.26 Avg R2: 1.70 Avg Reward: 4.965822
2026-05-16 10:01:59 [INFO] Epoch: 44 [38400/50000 (77%)]	 Training Loss: 0.209 ACC: 86.20 CR: 0.54 Avg R1: 3.27 Avg R2: 1.70 Avg Reward: 4.970070
2026-05-16 10:02:05 [INFO] EPOCH:44, ======================CR:0.53618====================
2026-05-16 10:02:05 [INFO] 0.003434594869194508
2026-05-16 10:02:07 [INFO] EPOCH:44, ======================ACC:87.3====================
2026-05-16 10:02:07 [INFO] BEST EPOCH:44,BEST ACC:87.3
2026-05-16 10:02:14 [INFO] Epoch: 45 [12800/50000 (26%)]	 Training Loss: 0.190 ACC: 87.20 CR: 0.53 Avg R1: 3.33 Avg R2: 1.70 Avg Reward: 5.029000
2026-05-16 10:02:21 [INFO] Epoch: 45 [25600/50000 (51%)]	 Training Loss: 0.191 ACC: 86.94 CR: 0.52 Avg R1: 3.35 Avg R2: 1.69 Avg Reward: 5.044902
2026-05-16 10:02:28 [INFO] Epoch: 45 [38400/50000 (77%)]	 Training Loss: 0.196 ACC: 86.66 CR: 0.52 Avg R1: 3.37 Avg R2: 1.69 Avg Reward: 5.059666
2026-05-16 10:02:35 [INFO] EPOCH:45, ======================CR:0.52072====================
2026-05-16 10:02:35 [INFO] 0.004829877258499514
2026-05-16 10:02:36 [INFO] EPOCH:45, ======================ACC:86.46====================
2026-05-16 10:02:36 [INFO] BEST EPOCH:44,BEST ACC:87.3
2026-05-16 10:02:44 [INFO] Epoch: 46 [12800/50000 (26%)]	 Training Loss: 0.205 ACC: 86.34 CR: 0.53 Avg R1: 3.41 Avg R2: 1.66 Avg Reward: 5.073329
2026-05-16 10:02:50 [INFO] Epoch: 46 [25600/50000 (51%)]	 Training Loss: 0.200 ACC: 86.76 CR: 0.53 Avg R1: 3.39 Avg R2: 1.67 Avg Reward: 5.059438
2026-05-16 10:02:57 [INFO] Epoch: 46 [38400/50000 (77%)]	 Training Loss: 0.201 ACC: 86.72 CR: 0.54 Avg R1: 3.38 Avg R2: 1.67 Avg Reward: 5.047058
2026-05-16 10:03:04 [INFO] EPOCH:46, ======================CR:0.54244====================
2026-05-16 10:03:04 [INFO] 0.003814637568876217
2026-05-16 10:03:06 [INFO] EPOCH:46, ======================ACC:84.54====================
2026-05-16 10:03:06 [INFO] BEST EPOCH:44,BEST ACC:87.3
2026-05-16 10:03:14 [INFO] Epoch: 47 [12800/50000 (26%)]	 Training Loss: 0.206 ACC: 86.41 CR: 0.54 Avg R1: 3.27 Avg R2: 1.70 Avg Reward: 4.978739
2026-05-16 10:03:22 [INFO] Epoch: 47 [25600/50000 (51%)]	 Training Loss: 0.205 ACC: 86.59 CR: 0.54 Avg R1: 3.28 Avg R2: 1.70 Avg Reward: 4.982848
2026-05-16 10:03:29 [INFO] Epoch: 47 [38400/50000 (77%)]	 Training Loss: 0.209 ACC: 86.30 CR: 0.54 Avg R1: 3.28 Avg R2: 1.70 Avg Reward: 4.985375
2026-05-16 10:03:35 [INFO] EPOCH:47, ======================CR:0.54022====================
2026-05-16 10:03:35 [INFO] 0.015626582630388432
2026-05-16 10:03:37 [INFO] EPOCH:47, ======================ACC:84.39====================
2026-05-16 10:03:37 [INFO] BEST EPOCH:44,BEST ACC:87.3
2026-05-16 10:03:44 [INFO] Epoch: 48 [12800/50000 (26%)]	 Training Loss: 0.202 ACC: 86.82 CR: 0.54 Avg R1: 3.28 Avg R2: 1.71 Avg Reward: 4.983245
2026-05-16 10:03:51 [INFO] Epoch: 48 [25600/50000 (51%)]	 Training Loss: 0.202 ACC: 86.72 CR: 0.54 Avg R1: 3.28 Avg R2: 1.71 Avg Reward: 4.982755
2026-05-16 10:03:58 [INFO] Epoch: 48 [38400/50000 (77%)]	 Training Loss: 0.201 ACC: 86.69 CR: 0.54 Avg R1: 3.28 Avg R2: 1.71 Avg Reward: 4.981064
2026-05-16 10:04:05 [INFO] EPOCH:48, ======================CR:0.54006====================
2026-05-16 10:04:05 [INFO] 0.0027400569851624016
2026-05-16 10:04:07 [INFO] EPOCH:48, ======================ACC:86.55====================
2026-05-16 10:04:07 [INFO] BEST EPOCH:44,BEST ACC:87.3
2026-05-16 10:04:14 [INFO] Epoch: 49 [12800/50000 (26%)]	 Training Loss: 0.206 ACC: 86.41 CR: 0.54 Avg R1: 3.28 Avg R2: 1.70 Avg Reward: 4.977423
2026-05-16 10:04:21 [INFO] Epoch: 49 [25600/50000 (51%)]	 Training Loss: 0.201 ACC: 86.71 CR: 0.54 Avg R1: 3.28 Avg R2: 1.70 Avg Reward: 4.981647
2026-05-16 10:04:28 [INFO] Epoch: 49 [38400/50000 (77%)]	 Training Loss: 0.198 ACC: 86.78 CR: 0.53 Avg R1: 3.30 Avg R2: 1.69 Avg Reward: 4.990274
2026-05-16 10:04:35 [INFO] EPOCH:49, ======================CR:0.52658====================
2026-05-16 10:04:35 [INFO] 0.0012996565758174217
2026-05-16 10:04:37 [INFO] EPOCH:49, ======================ACC:88.23====================
2026-05-16 10:04:37 [INFO] BEST EPOCH:49,BEST ACC:88.23
2026-05-16 10:04:45 [INFO] Epoch: 50 [12800/50000 (26%)]	 Training Loss: 0.187 ACC: 86.94 CR: 0.52 Avg R1: 3.41 Avg R2: 1.66 Avg Reward: 5.072383
2026-05-16 10:04:53 [INFO] Epoch: 50 [25600/50000 (51%)]	 Training Loss: 0.190 ACC: 86.78 CR: 0.51 Avg R1: 3.43 Avg R2: 1.66 Avg Reward: 5.084397
2026-05-16 10:05:00 [INFO] Epoch: 50 [38400/50000 (77%)]	 Training Loss: 0.192 ACC: 86.72 CR: 0.51 Avg R1: 3.45 Avg R2: 1.65 Avg Reward: 5.100592
2026-05-16 10:05:07 [INFO] EPOCH:50, ======================CR:0.49888====================
2026-05-16 10:05:07 [INFO] 0.00770588245203146
2026-05-16 10:05:09 [INFO] EPOCH:50, ======================ACC:84.52====================
2026-05-16 10:05:09 [INFO] BEST EPOCH:49,BEST ACC:88.23
2026-05-16 10:05:16 [INFO] Epoch: 51 [12800/50000 (26%)]	 Training Loss: 0.193 ACC: 86.62 CR: 0.50 Avg R1: 3.59 Avg R2: 1.61 Avg Reward: 5.200231
2026-05-16 10:05:24 [INFO] Epoch: 51 [25600/50000 (51%)]	 Training Loss: 0.184 ACC: 87.12 CR: 0.49 Avg R1: 3.60 Avg R2: 1.61 Avg Reward: 5.210157
2026-05-16 10:05:31 [INFO] Epoch: 51 [38400/50000 (77%)]	 Training Loss: 0.184 ACC: 86.97 CR: 0.49 Avg R1: 3.61 Avg R2: 1.60 Avg Reward: 5.216915
2026-05-16 10:05:38 [INFO] EPOCH:51, ======================CR:0.48564====================
2026-05-16 10:05:38 [INFO] -0.002337161152168181
2026-05-16 10:05:39 [INFO] EPOCH:51, ======================ACC:87.89====================
2026-05-16 10:05:39 [INFO] BEST EPOCH:49,BEST ACC:88.23
2026-05-16 10:05:47 [INFO] Epoch: 52 [12800/50000 (26%)]	 Training Loss: 0.186 ACC: 86.75 CR: 0.48 Avg R1: 3.68 Avg R2: 1.58 Avg Reward: 5.263018
2026-05-16 10:05:54 [INFO] Epoch: 52 [25600/50000 (51%)]	 Training Loss: 0.186 ACC: 86.74 CR: 0.48 Avg R1: 3.69 Avg R2: 1.58 Avg Reward: 5.270291
2026-05-16 10:06:02 [INFO] Epoch: 52 [38400/50000 (77%)]	 Training Loss: 0.186 ACC: 86.78 CR: 0.48 Avg R1: 3.69 Avg R2: 1.58 Avg Reward: 5.270622
2026-05-16 10:06:08 [INFO] EPOCH:52, ======================CR:0.48066====================
2026-05-16 10:06:08 [INFO] -0.0010218844015802426
2026-05-16 10:06:10 [INFO] EPOCH:52, ======================ACC:87.83====================
2026-05-16 10:06:10 [INFO] BEST EPOCH:49,BEST ACC:88.23
2026-05-16 10:06:18 [INFO] Epoch: 53 [12800/50000 (26%)]	 Training Loss: 0.180 ACC: 87.25 CR: 0.48 Avg R1: 3.71 Avg R2: 1.57 Avg Reward: 5.283875
2026-05-16 10:06:26 [INFO] Epoch: 53 [25600/50000 (51%)]	 Training Loss: 0.184 ACC: 87.06 CR: 0.48 Avg R1: 3.71 Avg R2: 1.57 Avg Reward: 5.284433
2026-05-16 10:06:34 [INFO] Epoch: 53 [38400/50000 (77%)]	 Training Loss: 0.187 ACC: 86.78 CR: 0.48 Avg R1: 3.71 Avg R2: 1.57 Avg Reward: 5.281238
2026-05-16 10:06:41 [INFO] EPOCH:53, ======================CR:0.49042====================
2026-05-16 10:06:41 [INFO] -0.003878807172088825
2026-05-16 10:06:43 [INFO] EPOCH:53, ======================ACC:83.23====================
2026-05-16 10:06:43 [INFO] BEST EPOCH:49,BEST ACC:88.23
2026-05-16 10:06:51 [INFO] Epoch: 54 [12800/50000 (26%)]	 Training Loss: 0.188 ACC: 86.77 CR: 0.49 Avg R1: 3.64 Avg R2: 1.58 Avg Reward: 5.220526
2026-05-16 10:06:59 [INFO] Epoch: 54 [25600/50000 (51%)]	 Training Loss: 0.185 ACC: 87.01 CR: 0.49 Avg R1: 3.64 Avg R2: 1.58 Avg Reward: 5.219908
2026-05-16 10:07:06 [INFO] Epoch: 54 [38400/50000 (77%)]	 Training Loss: 0.185 ACC: 87.07 CR: 0.49 Avg R1: 3.64 Avg R2: 1.58 Avg Reward: 5.220607
2026-05-16 10:07:12 [INFO] EPOCH:54, ======================CR:0.48742====================
2026-05-16 10:07:12 [INFO] -0.0005278241402402336
2026-05-16 10:07:14 [INFO] EPOCH:54, ======================ACC:83.37====================
2026-05-16 10:07:14 [INFO] BEST EPOCH:49,BEST ACC:88.23
2026-05-16 10:07:21 [INFO] Epoch: 55 [12800/50000 (26%)]	 Training Loss: 0.180 ACC: 87.16 CR: 0.49 Avg R1: 3.66 Avg R2: 1.58 Avg Reward: 5.240478
2026-05-16 10:07:28 [INFO] Epoch: 55 [25600/50000 (51%)]	 Training Loss: 0.181 ACC: 87.13 CR: 0.49 Avg R1: 3.67 Avg R2: 1.58 Avg Reward: 5.244888
2026-05-16 10:07:35 [INFO] Epoch: 55 [38400/50000 (77%)]	 Training Loss: 0.181 ACC: 87.20 CR: 0.48 Avg R1: 3.67 Avg R2: 1.58 Avg Reward: 5.247830
2026-05-16 10:07:42 [INFO] EPOCH:55, ======================CR:0.47992====================
2026-05-16 10:07:42 [INFO] 0.0008146017712612807
2026-05-16 10:07:44 [INFO] EPOCH:55, ======================ACC:84.57====================
2026-05-16 10:07:44 [INFO] BEST EPOCH:49,BEST ACC:88.23
2026-05-16 10:07:51 [INFO] Epoch: 56 [12800/50000 (26%)]	 Training Loss: 0.180 ACC: 86.98 CR: 0.48 Avg R1: 3.72 Avg R2: 1.55 Avg Reward: 5.272783
2026-05-16 10:07:59 [INFO] Epoch: 56 [25600/50000 (51%)]	 Training Loss: 0.184 ACC: 86.93 CR: 0.48 Avg R1: 3.72 Avg R2: 1.55 Avg Reward: 5.275584
2026-05-16 10:08:07 [INFO] Epoch: 56 [38400/50000 (77%)]	 Training Loss: 0.184 ACC: 86.97 CR: 0.48 Avg R1: 3.72 Avg R2: 1.55 Avg Reward: 5.269921
2026-05-16 10:08:13 [INFO] EPOCH:56, ======================CR:0.48088====================
2026-05-16 10:08:13 [INFO] -0.0025279002436335014
2026-05-16 10:08:15 [INFO] EPOCH:56, ======================ACC:88.16====================
2026-05-16 10:08:15 [INFO] BEST EPOCH:49,BEST ACC:88.23
2026-05-16 10:08:22 [INFO] Epoch: 57 [12800/50000 (26%)]	 Training Loss: 0.181 ACC: 87.22 CR: 0.48 Avg R1: 3.73 Avg R2: 1.55 Avg Reward: 5.276268
2026-05-16 10:08:29 [INFO] Epoch: 57 [25600/50000 (51%)]	 Training Loss: 0.180 ACC: 87.15 CR: 0.47 Avg R1: 3.74 Avg R2: 1.55 Avg Reward: 5.286706
2026-05-16 10:08:36 [INFO] Epoch: 57 [38400/50000 (77%)]	 Training Loss: 0.181 ACC: 86.97 CR: 0.47 Avg R1: 3.75 Avg R2: 1.54 Avg Reward: 5.297341
2026-05-16 10:08:43 [INFO] EPOCH:57, ======================CR:0.46832====================
2026-05-16 10:08:43 [INFO] -0.0014444614791483024
2026-05-16 10:08:44 [INFO] EPOCH:57, ======================ACC:86.3====================
2026-05-16 10:08:44 [INFO] BEST EPOCH:49,BEST ACC:88.23
2026-05-16 10:08:51 [INFO] Epoch: 58 [12800/50000 (26%)]	 Training Loss: 0.183 ACC: 86.95 CR: 0.47 Avg R1: 3.79 Avg R2: 1.54 Avg Reward: 5.334600
2026-05-16 10:09:07 [INFO] Epoch: 58 [25600/50000 (51%)]	 Training Loss: 0.176 ACC: 87.49 CR: 0.47 Avg R1: 3.79 Avg R2: 1.54 Avg Reward: 5.335629
2026-05-16 10:09:23 [INFO] Epoch: 58 [38400/50000 (77%)]	 Training Loss: 0.174 ACC: 87.36 CR: 0.47 Avg R1: 3.80 Avg R2: 1.54 Avg Reward: 5.338668
2026-05-16 10:09:30 [INFO] EPOCH:58, ======================CR:0.46456====================
2026-05-16 10:09:30 [INFO] -0.01450369793163861
2026-05-16 10:09:32 [INFO] EPOCH:58, ======================ACC:87.22====================
2026-05-16 10:09:32 [INFO] BEST EPOCH:49,BEST ACC:88.23
2026-05-16 10:09:40 [INFO] Epoch: 59 [12800/50000 (26%)]	 Training Loss: 0.163 ACC: 87.60 CR: 0.47 Avg R1: 3.81 Avg R2: 1.54 Avg Reward: 5.350458
2026-05-16 10:09:47 [INFO] Epoch: 59 [25600/50000 (51%)]	 Training Loss: 0.168 ACC: 87.54 CR: 0.47 Avg R1: 3.81 Avg R2: 1.54 Avg Reward: 5.350460
2026-05-16 10:09:54 [INFO] Epoch: 59 [38400/50000 (77%)]	 Training Loss: 0.173 ACC: 87.30 CR: 0.47 Avg R1: 3.82 Avg R2: 1.54 Avg Reward: 5.353261
2026-05-16 10:10:00 [INFO] EPOCH:59, ======================CR:0.46588====================
2026-05-16 10:10:00 [INFO] -0.00802403938571161
2026-05-16 10:10:02 [INFO] EPOCH:59, ======================ACC:80.01====================
2026-05-16 10:10:02 [INFO] BEST EPOCH:49,BEST ACC:88.23
2026-05-16 10:10:08 [INFO] Epoch: 60 [12800/50000 (26%)]	 Training Loss: 0.180 ACC: 87.43 CR: 0.47 Avg R1: 3.81 Avg R2: 1.54 Avg Reward: 5.344579
2026-05-16 10:10:15 [INFO] Epoch: 60 [25600/50000 (51%)]	 Training Loss: 0.176 ACC: 87.49 CR: 0.47 Avg R1: 3.80 Avg R2: 1.54 Avg Reward: 5.340481
2026-05-16 10:10:22 [INFO] Epoch: 60 [38400/50000 (77%)]	 Training Loss: 0.176 ACC: 87.55 CR: 0.47 Avg R1: 3.80 Avg R2: 1.54 Avg Reward: 5.339575
2026-05-16 10:10:28 [INFO] EPOCH:60, ======================CR:0.46392====================
2026-05-16 10:10:28 [INFO] -0.008326291915647837
2026-05-16 10:10:30 [INFO] EPOCH:60, ======================ACC:87.36====================
2026-05-16 10:10:30 [INFO] BEST EPOCH:49,BEST ACC:88.23
2026-05-16 10:10:37 [INFO] Epoch: 61 [12800/50000 (26%)]	 Training Loss: 0.164 ACC: 87.41 CR: 0.46 Avg R1: 3.85 Avg R2: 1.51 Avg Reward: 5.358846
2026-05-16 10:10:44 [INFO] Epoch: 61 [25600/50000 (51%)]	 Training Loss: 0.157 ACC: 88.07 CR: 0.45 Avg R1: 3.88 Avg R2: 1.50 Avg Reward: 5.381167
2026-05-16 10:10:51 [INFO] Epoch: 61 [38400/50000 (77%)]	 Training Loss: 0.162 ACC: 87.70 CR: 0.44 Avg R1: 3.91 Avg R2: 1.49 Avg Reward: 5.405409
2026-05-16 10:10:57 [INFO] EPOCH:61, ======================CR:0.43446====================
2026-05-16 10:10:57 [INFO] -0.021958418096280363
2026-05-16 10:10:59 [INFO] EPOCH:61, ======================ACC:86.47====================
2026-05-16 10:10:59 [INFO] BEST EPOCH:49,BEST ACC:88.23
2026-05-16 10:11:06 [INFO] Epoch: 62 [12800/50000 (26%)]	 Training Loss: 0.161 ACC: 87.27 CR: 0.43 Avg R1: 4.06 Avg R2: 1.45 Avg Reward: 5.509377
2026-05-16 10:11:13 [INFO] Epoch: 62 [25600/50000 (51%)]	 Training Loss: 0.151 ACC: 87.52 CR: 0.40 Avg R1: 4.12 Avg R2: 1.44 Avg Reward: 5.553110
2026-05-16 10:11:21 [INFO] Epoch: 62 [38400/50000 (77%)]	 Training Loss: 0.148 ACC: 87.82 CR: 0.38 Avg R1: 4.19 Avg R2: 1.42 Avg Reward: 5.605858
2026-05-16 10:11:27 [INFO] EPOCH:62, ======================CR:0.36252====================
2026-05-16 10:11:27 [INFO] -0.044531921043973036
2026-05-16 10:11:29 [INFO] EPOCH:62, ======================ACC:88.08====================
2026-05-16 10:11:29 [INFO] BEST EPOCH:49,BEST ACC:88.23
2026-05-16 10:11:36 [INFO] Epoch: 63 [12800/50000 (26%)]	 Training Loss: 0.144 ACC: 88.45 CR: 0.36 Avg R1: 4.55 Avg R2: 1.32 Avg Reward: 5.867484
2026-05-16 10:11:43 [INFO] Epoch: 63 [25600/50000 (51%)]	 Training Loss: 0.146 ACC: 88.37 CR: 0.37 Avg R1: 4.53 Avg R2: 1.33 Avg Reward: 5.859438
2026-05-16 10:11:50 [INFO] Epoch: 63 [38400/50000 (77%)]	 Training Loss: 0.149 ACC: 88.19 CR: 0.38 Avg R1: 4.51 Avg R2: 1.33 Avg Reward: 5.838504
2026-05-16 10:11:56 [INFO] EPOCH:63, ======================CR:0.39572====================
2026-05-16 10:11:56 [INFO] -0.0362801315817797
2026-05-16 10:11:58 [INFO] EPOCH:63, ======================ACC:87.67====================
2026-05-16 10:11:58 [INFO] BEST EPOCH:49,BEST ACC:88.23
2026-05-16 10:12:05 [INFO] Epoch: 64 [12800/50000 (26%)]	 Training Loss: 0.163 ACC: 87.10 CR: 0.40 Avg R1: 4.31 Avg R2: 1.38 Avg Reward: 5.684417
2026-05-16 10:12:12 [INFO] Epoch: 64 [25600/50000 (51%)]	 Training Loss: 0.159 ACC: 87.45 CR: 0.40 Avg R1: 4.29 Avg R2: 1.38 Avg Reward: 5.673609
2026-05-16 10:12:18 [INFO] Epoch: 64 [38400/50000 (77%)]	 Training Loss: 0.156 ACC: 87.66 CR: 0.40 Avg R1: 4.28 Avg R2: 1.39 Avg Reward: 5.665665
2026-05-16 10:12:25 [INFO] EPOCH:64, ======================CR:0.40236====================
2026-05-16 10:12:25 [INFO] -0.028385168727237262
2026-05-16 10:12:27 [INFO] EPOCH:64, ======================ACC:89.15====================
2026-05-16 10:12:27 [INFO] BEST EPOCH:64,BEST ACC:89.15
2026-05-16 10:12:34 [INFO] Epoch: 65 [12800/50000 (26%)]	 Training Loss: 0.151 ACC: 87.34 CR: 0.39 Avg R1: 4.30 Avg R2: 1.39 Avg Reward: 5.685589
2026-05-16 10:12:40 [INFO] Epoch: 65 [25600/50000 (51%)]	 Training Loss: 0.148 ACC: 87.74 CR: 0.39 Avg R1: 4.32 Avg R2: 1.38 Avg Reward: 5.701492
2026-05-16 10:12:48 [INFO] Epoch: 65 [38400/50000 (77%)]	 Training Loss: 0.148 ACC: 87.91 CR: 0.38 Avg R1: 4.35 Avg R2: 1.37 Avg Reward: 5.718856
2026-05-16 10:12:55 [INFO] EPOCH:65, ======================CR:0.37072====================
2026-05-16 10:12:55 [INFO] -0.03270747587280009
2026-05-16 10:12:57 [INFO] EPOCH:65, ======================ACC:89.05====================
2026-05-16 10:12:57 [INFO] BEST EPOCH:64,BEST ACC:89.15
2026-05-16 10:13:04 [INFO] Epoch: 66 [12800/50000 (26%)]	 Training Loss: 0.139 ACC: 88.17 CR: 0.37 Avg R1: 4.51 Avg R2: 1.33 Avg Reward: 5.839549
2026-05-16 10:13:12 [INFO] Epoch: 66 [25600/50000 (51%)]	 Training Loss: 0.134 ACC: 88.58 CR: 0.36 Avg R1: 4.53 Avg R2: 1.32 Avg Reward: 5.855249
2026-05-16 10:13:18 [INFO] Epoch: 66 [38400/50000 (77%)]	 Training Loss: 0.137 ACC: 88.40 CR: 0.35 Avg R1: 4.55 Avg R2: 1.32 Avg Reward: 5.871832
2026-05-16 10:13:25 [INFO] EPOCH:66, ======================CR:0.3518====================
2026-05-16 10:13:25 [INFO] -0.04571638219918525
2026-05-16 10:13:27 [INFO] EPOCH:66, ======================ACC:86.91====================
2026-05-16 10:13:27 [INFO] BEST EPOCH:64,BEST ACC:89.15
2026-05-16 10:13:34 [INFO] Epoch: 67 [12800/50000 (26%)]	 Training Loss: 0.144 ACC: 88.34 CR: 0.36 Avg R1: 4.62 Avg R2: 1.28 Avg Reward: 5.902861
2026-05-16 10:13:41 [INFO] Epoch: 67 [25600/50000 (51%)]	 Training Loss: 0.147 ACC: 88.34 CR: 0.37 Avg R1: 4.58 Avg R2: 1.29 Avg Reward: 5.874589
2026-05-16 10:13:48 [INFO] Epoch: 67 [38400/50000 (77%)]	 Training Loss: 0.151 ACC: 87.96 CR: 0.38 Avg R1: 4.54 Avg R2: 1.30 Avg Reward: 5.846727
2026-05-16 10:13:54 [INFO] EPOCH:67, ======================CR:0.38352====================
2026-05-16 10:13:54 [INFO] -0.04289532012284134
2026-05-16 10:13:56 [INFO] EPOCH:67, ======================ACC:86.9====================
2026-05-16 10:13:56 [INFO] BEST EPOCH:64,BEST ACC:89.15
2026-05-16 10:14:03 [INFO] Epoch: 68 [12800/50000 (26%)]	 Training Loss: 0.145 ACC: 88.25 CR: 0.38 Avg R1: 4.42 Avg R2: 1.34 Avg Reward: 5.761396
2026-05-16 10:14:10 [INFO] Epoch: 68 [25600/50000 (51%)]	 Training Loss: 0.143 ACC: 88.05 CR: 0.36 Avg R1: 4.45 Avg R2: 1.33 Avg Reward: 5.787963
2026-05-16 10:14:17 [INFO] Epoch: 68 [38400/50000 (77%)]	 Training Loss: 0.136 ACC: 88.11 CR: 0.34 Avg R1: 4.51 Avg R2: 1.32 Avg Reward: 5.830832
2026-05-16 10:14:24 [INFO] EPOCH:68, ======================CR:0.31596====================
2026-05-16 10:14:24 [INFO] -0.07123664074337453
2026-05-16 10:14:26 [INFO] EPOCH:68, ======================ACC:88.72====================
2026-05-16 10:14:26 [INFO] BEST EPOCH:64,BEST ACC:89.15
2026-05-16 10:14:34 [INFO] Epoch: 69 [12800/50000 (26%)]	 Training Loss: 0.132 ACC: 88.92 CR: 0.32 Avg R1: 4.86 Avg R2: 1.22 Avg Reward: 6.079600
2026-05-16 10:14:41 [INFO] Epoch: 69 [25600/50000 (51%)]	 Training Loss: 0.136 ACC: 88.39 CR: 0.33 Avg R1: 4.83 Avg R2: 1.23 Avg Reward: 6.056111
2026-05-16 10:14:48 [INFO] Epoch: 69 [38400/50000 (77%)]	 Training Loss: 0.137 ACC: 88.35 CR: 0.34 Avg R1: 4.80 Avg R2: 1.23 Avg Reward: 6.032781
2026-05-16 10:14:54 [INFO] EPOCH:69, ======================CR:0.3566====================
2026-05-16 10:14:54 [INFO] -0.07171999615864105
2026-05-16 10:14:56 [INFO] EPOCH:69, ======================ACC:87.6====================
2026-05-16 10:14:56 [INFO] BEST EPOCH:64,BEST ACC:89.15
2026-05-16 10:15:04 [INFO] Epoch: 70 [12800/50000 (26%)]	 Training Loss: 0.143 ACC: 88.12 CR: 0.36 Avg R1: 4.59 Avg R2: 1.29 Avg Reward: 5.876044
2026-05-16 10:15:11 [INFO] Epoch: 70 [25600/50000 (51%)]	 Training Loss: 0.140 ACC: 88.10 CR: 0.35 Avg R1: 4.60 Avg R2: 1.29 Avg Reward: 5.881649
2026-05-16 10:15:18 [INFO] Epoch: 70 [38400/50000 (77%)]	 Training Loss: 0.137 ACC: 88.26 CR: 0.35 Avg R1: 4.60 Avg R2: 1.28 Avg Reward: 5.885894
2026-05-16 10:15:24 [INFO] EPOCH:70, ======================CR:0.35272====================
2026-05-16 10:15:24 [INFO] -0.06094203715357582
2026-05-16 10:15:26 [INFO] EPOCH:70, ======================ACC:84.8====================
2026-05-16 10:15:26 [INFO] BEST EPOCH:64,BEST ACC:89.15
2026-05-16 10:15:33 [INFO] Epoch: 71 [12800/50000 (26%)]	 Training Loss: 0.141 ACC: 88.13 CR: 0.36 Avg R1: 4.60 Avg R2: 1.28 Avg Reward: 5.881936
2026-05-16 10:15:40 [INFO] Epoch: 71 [25600/50000 (51%)]	 Training Loss: 0.144 ACC: 88.10 CR: 0.37 Avg R1: 4.57 Avg R2: 1.29 Avg Reward: 5.857644
2026-05-16 10:15:48 [INFO] Epoch: 71 [38400/50000 (77%)]	 Training Loss: 0.144 ACC: 88.09 CR: 0.37 Avg R1: 4.54 Avg R2: 1.30 Avg Reward: 5.840013
2026-05-16 10:15:54 [INFO] EPOCH:71, ======================CR:0.375====================
2026-05-16 10:15:54 [INFO] -0.05107154725375174
2026-05-16 10:15:56 [INFO] EPOCH:71, ======================ACC:86.61====================
2026-05-16 10:15:56 [INFO] BEST EPOCH:64,BEST ACC:89.15
2026-05-16 10:16:04 [INFO] Epoch: 72 [12800/50000 (26%)]	 Training Loss: 0.141 ACC: 88.07 CR: 0.37 Avg R1: 4.49 Avg R2: 1.32 Avg Reward: 5.805503
2026-05-16 10:16:11 [INFO] Epoch: 72 [25600/50000 (51%)]	 Training Loss: 0.138 ACC: 88.26 CR: 0.36 Avg R1: 4.52 Avg R2: 1.31 Avg Reward: 5.830738
2026-05-16 10:16:18 [INFO] Epoch: 72 [38400/50000 (77%)]	 Training Loss: 0.137 ACC: 88.19 CR: 0.34 Avg R1: 4.56 Avg R2: 1.30 Avg Reward: 5.859813
2026-05-16 10:16:24 [INFO] EPOCH:72, ======================CR:0.32846====================
2026-05-16 10:16:24 [INFO] -0.0733953193158872
2026-05-16 10:16:26 [INFO] EPOCH:72, ======================ACC:88.67====================
2026-05-16 10:16:26 [INFO] BEST EPOCH:64,BEST ACC:89.15
2026-05-16 10:16:33 [INFO] Epoch: 73 [12800/50000 (26%)]	 Training Loss: 0.127 ACC: 89.21 CR: 0.33 Avg R1: 4.79 Avg R2: 1.23 Avg Reward: 6.024095
2026-05-16 10:16:40 [INFO] Epoch: 73 [25600/50000 (51%)]	 Training Loss: 0.128 ACC: 88.96 CR: 0.33 Avg R1: 4.80 Avg R2: 1.23 Avg Reward: 6.026789
2026-05-16 10:16:47 [INFO] Epoch: 73 [38400/50000 (77%)]	 Training Loss: 0.131 ACC: 88.71 CR: 0.33 Avg R1: 4.80 Avg R2: 1.23 Avg Reward: 6.030330
2026-05-16 10:16:53 [INFO] EPOCH:73, ======================CR:0.32854====================
2026-05-16 10:16:53 [INFO] -0.05320383459784105
2026-05-16 10:16:55 [INFO] EPOCH:73, ======================ACC:86.58====================
2026-05-16 10:16:55 [INFO] BEST EPOCH:64,BEST ACC:89.15
2026-05-16 10:17:03 [INFO] Epoch: 74 [12800/50000 (26%)]	 Training Loss: 0.132 ACC: 88.09 CR: 0.33 Avg R1: 4.79 Avg R2: 1.21 Avg Reward: 6.006114
2026-05-16 10:17:10 [INFO] Epoch: 74 [25600/50000 (51%)]	 Training Loss: 0.129 ACC: 88.49 CR: 0.33 Avg R1: 4.80 Avg R2: 1.21 Avg Reward: 6.008147
2026-05-16 10:17:17 [INFO] Epoch: 74 [38400/50000 (77%)]	 Training Loss: 0.128 ACC: 88.48 CR: 0.32 Avg R1: 4.81 Avg R2: 1.21 Avg Reward: 6.017664
2026-05-16 10:17:23 [INFO] EPOCH:74, ======================CR:0.31736====================
2026-05-16 10:17:23 [INFO] -0.061363001728276474
2026-05-16 10:17:25 [INFO] EPOCH:74, ======================ACC:89.2====================
2026-05-16 10:17:25 [INFO] BEST EPOCH:74,BEST ACC:89.2
2026-05-16 10:17:33 [INFO] Epoch: 75 [12800/50000 (26%)]	 Training Loss: 0.127 ACC: 88.40 CR: 0.32 Avg R1: 4.88 Avg R2: 1.19 Avg Reward: 6.069917
2026-05-16 10:17:41 [INFO] Epoch: 75 [25600/50000 (51%)]	 Training Loss: 0.129 ACC: 88.55 CR: 0.32 Avg R1: 4.86 Avg R2: 1.20 Avg Reward: 6.058109
2026-05-16 10:17:49 [INFO] Epoch: 75 [38400/50000 (77%)]	 Training Loss: 0.133 ACC: 88.37 CR: 0.33 Avg R1: 4.84 Avg R2: 1.20 Avg Reward: 6.044078
2026-05-16 10:17:55 [INFO] EPOCH:75, ======================CR:0.32824====================
2026-05-16 10:17:55 [INFO] -0.06078483546129708
2026-05-16 10:17:57 [INFO] EPOCH:75, ======================ACC:87.77====================
2026-05-16 10:17:57 [INFO] BEST EPOCH:74,BEST ACC:89.2
2026-05-16 10:18:04 [INFO] Epoch: 76 [12800/50000 (26%)]	 Training Loss: 0.125 ACC: 88.70 CR: 0.32 Avg R1: 4.83 Avg R2: 1.21 Avg Reward: 6.037335
2026-05-16 10:18:11 [INFO] Epoch: 76 [25600/50000 (51%)]	 Training Loss: 0.124 ACC: 88.68 CR: 0.31 Avg R1: 4.85 Avg R2: 1.20 Avg Reward: 6.051407
2026-05-16 10:18:18 [INFO] Epoch: 76 [38400/50000 (77%)]	 Training Loss: 0.125 ACC: 88.70 CR: 0.31 Avg R1: 4.87 Avg R2: 1.20 Avg Reward: 6.069104
2026-05-16 10:18:24 [INFO] EPOCH:76, ======================CR:0.30186====================
2026-05-16 10:18:24 [INFO] -0.04697187679568304
2026-05-16 10:18:26 [INFO] EPOCH:76, ======================ACC:88.59====================
2026-05-16 10:18:26 [INFO] BEST EPOCH:74,BEST ACC:89.2
2026-05-16 10:18:26 [INFO] Saving Masks: current CR 0.3019 target CR 0.3000
2026-05-16 10:18:26 [INFO] Updated candidate mask pretrained-rescale_mask_best-acc_30_05160939_resnet18 at epoch 76 with acc 88.5900
2026-05-16 10:18:26 [INFO] Updated candidate mask pretrained-rescale_mask_best-r2_30_05160939_resnet18 at epoch 76 with acc 88.5900
2026-05-16 10:18:33 [INFO] Epoch: 77 [12800/50000 (26%)]	 Training Loss: 0.123 ACC: 88.34 CR: 0.30 Avg R1: 4.98 Avg R2: 1.16 Avg Reward: 6.135413
2026-05-16 10:18:41 [INFO] Epoch: 77 [25600/50000 (51%)]	 Training Loss: 0.116 ACC: 88.66 CR: 0.28 Avg R1: 4.88 Avg R2: 1.15 Avg Reward: 6.022193
2026-05-16 10:18:48 [INFO] Epoch: 77 [38400/50000 (77%)]	 Training Loss: 0.118 ACC: 88.64 CR: 0.28 Avg R1: 4.80 Avg R2: 1.14 Avg Reward: 5.934368
2026-05-16 10:18:54 [INFO] EPOCH:77, ======================CR:0.281====================
2026-05-16 10:18:54 [INFO] -0.036842251670420496
2026-05-16 10:18:56 [INFO] EPOCH:77, ======================ACC:87.97====================
2026-05-16 10:18:56 [INFO] BEST EPOCH:76,BEST ACC:89.2
2026-05-16 10:19:04 [INFO] Epoch: 78 [12800/50000 (26%)]	 Training Loss: 0.133 ACC: 88.16 CR: 0.29 Avg R1: 4.76 Avg R2: 1.12 Avg Reward: 5.888793
2026-05-16 10:19:11 [INFO] Epoch: 78 [25600/50000 (51%)]	 Training Loss: 0.131 ACC: 88.28 CR: 0.30 Avg R1: 4.85 Avg R2: 1.13 Avg Reward: 5.981658
2026-05-16 10:19:19 [INFO] Epoch: 78 [38400/50000 (77%)]	 Training Loss: 0.129 ACC: 88.40 CR: 0.30 Avg R1: 4.89 Avg R2: 1.14 Avg Reward: 6.034199
2026-05-16 10:19:26 [INFO] EPOCH:78, ======================CR:0.30898====================
2026-05-16 10:19:26 [INFO] -0.05183612346808975
2026-05-16 10:19:27 [INFO] EPOCH:78, ======================ACC:88.02====================
2026-05-16 10:19:27 [INFO] BEST EPOCH:76,BEST ACC:89.2
2026-05-16 10:19:27 [INFO] Saving Masks: current CR 0.3090 target CR 0.3000
2026-05-16 10:19:34 [INFO] Epoch: 79 [12800/50000 (26%)]	 Training Loss: 0.125 ACC: 88.47 CR: 0.31 Avg R1: 4.95 Avg R2: 1.17 Avg Reward: 6.117393
2026-05-16 10:19:41 [INFO] Epoch: 79 [25600/50000 (51%)]	 Training Loss: 0.120 ACC: 88.86 CR: 0.30 Avg R1: 4.96 Avg R2: 1.17 Avg Reward: 6.125250
2026-05-16 10:19:48 [INFO] Epoch: 79 [38400/50000 (77%)]	 Training Loss: 0.118 ACC: 89.17 CR: 0.29 Avg R1: 4.95 Avg R2: 1.16 Avg Reward: 6.107334
2026-05-16 10:19:54 [INFO] EPOCH:79, ======================CR:0.2867====================
2026-05-16 10:19:54 [INFO] -0.04537885568294467
2026-05-16 10:19:56 [INFO] EPOCH:79, ======================ACC:87.99====================
2026-05-16 10:19:56 [INFO] BEST EPOCH:76,BEST ACC:89.2
2026-05-16 10:20:03 [INFO] Epoch: 80 [12800/50000 (26%)]	 Training Loss: 0.111 ACC: 89.65 CR: 0.28 Avg R1: 4.76 Avg R2: 1.12 Avg Reward: 5.881940
2026-05-16 10:20:10 [INFO] Epoch: 80 [25600/50000 (51%)]	 Training Loss: 0.117 ACC: 89.04 CR: 0.29 Avg R1: 4.77 Avg R2: 1.12 Avg Reward: 5.886389
2026-05-16 10:20:17 [INFO] Epoch: 80 [38400/50000 (77%)]	 Training Loss: 0.121 ACC: 88.88 CR: 0.30 Avg R1: 4.80 Avg R2: 1.12 Avg Reward: 5.920957
2026-05-16 10:20:24 [INFO] EPOCH:80, ======================CR:0.31034====================
2026-05-16 10:20:24 [INFO] -0.04976969908230288
2026-05-16 10:20:26 [INFO] EPOCH:80, ======================ACC:87.44====================
2026-05-16 10:20:26 [INFO] BEST EPOCH:76,BEST ACC:89.2
2026-05-16 10:20:33 [INFO] Epoch: 81 [12800/50000 (26%)]	 Training Loss: 0.142 ACC: 87.93 CR: 0.32 Avg R1: 4.88 Avg R2: 1.18 Avg Reward: 6.061373
2026-05-16 10:20:41 [INFO] Epoch: 81 [25600/50000 (51%)]	 Training Loss: 0.137 ACC: 88.25 CR: 0.33 Avg R1: 4.85 Avg R2: 1.19 Avg Reward: 6.036134
2026-05-16 10:20:49 [INFO] Epoch: 81 [38400/50000 (77%)]	 Training Loss: 0.134 ACC: 88.37 CR: 0.34 Avg R1: 4.81 Avg R2: 1.20 Avg Reward: 6.013696
2026-05-16 10:20:56 [INFO] EPOCH:81, ======================CR:0.34154====================
2026-05-16 10:20:56 [INFO] -0.03393209394396009
2026-05-16 10:20:57 [INFO] EPOCH:81, ======================ACC:85.49====================
2026-05-16 10:20:57 [INFO] BEST EPOCH:76,BEST ACC:89.2
2026-05-16 10:21:04 [INFO] Epoch: 82 [12800/50000 (26%)]	 Training Loss: 0.131 ACC: 88.45 CR: 0.34 Avg R1: 4.72 Avg R2: 1.23 Avg Reward: 5.948945
2026-05-16 10:21:11 [INFO] Epoch: 82 [25600/50000 (51%)]	 Training Loss: 0.127 ACC: 88.89 CR: 0.33 Avg R1: 4.73 Avg R2: 1.23 Avg Reward: 5.956863
2026-05-16 10:21:18 [INFO] Epoch: 82 [38400/50000 (77%)]	 Training Loss: 0.128 ACC: 88.78 CR: 0.33 Avg R1: 4.74 Avg R2: 1.22 Avg Reward: 5.967890
2026-05-16 10:21:24 [INFO] EPOCH:82, ======================CR:0.321====================
2026-05-16 10:21:24 [INFO] -0.030269322243812066
2026-05-16 10:21:26 [INFO] EPOCH:82, ======================ACC:87.15====================
2026-05-16 10:21:26 [INFO] BEST EPOCH:76,BEST ACC:89.2
2026-05-16 10:21:33 [INFO] Epoch: 83 [12800/50000 (26%)]	 Training Loss: 0.123 ACC: 89.05 CR: 0.32 Avg R1: 4.87 Avg R2: 1.19 Avg Reward: 6.057831
2026-05-16 10:21:40 [INFO] Epoch: 83 [25600/50000 (51%)]	 Training Loss: 0.120 ACC: 89.07 CR: 0.31 Avg R1: 4.88 Avg R2: 1.19 Avg Reward: 6.070919
2026-05-16 10:21:47 [INFO] Epoch: 83 [38400/50000 (77%)]	 Training Loss: 0.120 ACC: 89.08 CR: 0.30 Avg R1: 4.90 Avg R2: 1.18 Avg Reward: 6.086900
2026-05-16 10:21:53 [INFO] EPOCH:83, ======================CR:0.29912====================
2026-05-16 10:21:53 [INFO] -0.04415692827264173
2026-05-16 10:21:55 [INFO] EPOCH:83, ======================ACC:87.28====================
2026-05-16 10:21:55 [INFO] BEST EPOCH:76,BEST ACC:89.2
2026-05-16 10:21:55 [INFO] Saving Masks: current CR 0.2991 target CR 0.3000
2026-05-16 10:22:02 [INFO] Epoch: 84 [12800/50000 (26%)]	 Training Loss: 0.119 ACC: 89.35 CR: 0.30 Avg R1: 4.99 Avg R2: 1.15 Avg Reward: 6.142558
2026-05-16 10:22:09 [INFO] Epoch: 84 [25600/50000 (51%)]	 Training Loss: 0.119 ACC: 89.14 CR: 0.30 Avg R1: 4.99 Avg R2: 1.15 Avg Reward: 6.142754
2026-05-16 10:22:16 [INFO] Epoch: 84 [38400/50000 (77%)]	 Training Loss: 0.115 ACC: 89.29 CR: 0.29 Avg R1: 4.98 Avg R2: 1.15 Avg Reward: 6.133537
2026-05-16 10:22:23 [INFO] EPOCH:84, ======================CR:0.29416====================
2026-05-16 10:22:23 [INFO] -0.04669636516248599
2026-05-16 10:22:25 [INFO] EPOCH:84, ======================ACC:89.32====================
2026-05-16 10:22:25 [INFO] BEST EPOCH:84,BEST ACC:89.32
2026-05-16 10:22:25 [INFO] Saving Masks: current CR 0.2942 target CR 0.3000
2026-05-16 10:22:25 [INFO] Updated candidate mask pretrained-rescale_mask_best-acc_30_05160939_resnet18 at epoch 84 with acc 89.3200
2026-05-16 10:22:32 [INFO] Epoch: 85 [12800/50000 (26%)]	 Training Loss: 0.116 ACC: 89.62 CR: 0.30 Avg R1: 4.95 Avg R2: 1.14 Avg Reward: 6.088607
2026-05-16 10:22:40 [INFO] Epoch: 85 [25600/50000 (51%)]	 Training Loss: 0.119 ACC: 89.36 CR: 0.31 Avg R1: 4.96 Avg R2: 1.15 Avg Reward: 6.107193
2026-05-16 10:22:47 [INFO] Epoch: 85 [38400/50000 (77%)]	 Training Loss: 0.121 ACC: 89.18 CR: 0.31 Avg R1: 4.94 Avg R2: 1.15 Avg Reward: 6.097963
2026-05-16 10:22:53 [INFO] EPOCH:85, ======================CR:0.31042====================
2026-05-16 10:22:53 [INFO] -0.06199760572688086
2026-05-16 10:22:54 [INFO] EPOCH:85, ======================ACC:89.15====================
2026-05-16 10:22:54 [INFO] BEST EPOCH:84,BEST ACC:89.32
2026-05-16 10:23:01 [INFO] Epoch: 86 [12800/50000 (26%)]	 Training Loss: 0.116 ACC: 88.70 CR: 0.30 Avg R1: 4.95 Avg R2: 1.15 Avg Reward: 6.106227
2026-05-16 10:23:08 [INFO] Epoch: 86 [25600/50000 (51%)]	 Training Loss: 0.116 ACC: 89.02 CR: 0.30 Avg R1: 4.97 Avg R2: 1.15 Avg Reward: 6.121504
2026-05-16 10:23:15 [INFO] Epoch: 86 [38400/50000 (77%)]	 Training Loss: 0.118 ACC: 89.05 CR: 0.30 Avg R1: 4.98 Avg R2: 1.15 Avg Reward: 6.123708
2026-05-16 10:23:21 [INFO] EPOCH:86, ======================CR:0.31192====================
2026-05-16 10:23:21 [INFO] -0.06559517527075814
2026-05-16 10:23:23 [INFO] EPOCH:86, ======================ACC:89.38====================
2026-05-16 10:23:23 [INFO] BEST EPOCH:86,BEST ACC:89.38
2026-05-16 10:23:30 [INFO] Epoch: 87 [12800/50000 (26%)]	 Training Loss: 0.120 ACC: 89.09 CR: 0.31 Avg R1: 4.90 Avg R2: 1.17 Avg Reward: 6.068181
2026-05-16 10:23:37 [INFO] Epoch: 87 [25600/50000 (51%)]	 Training Loss: 0.115 ACC: 89.35 CR: 0.31 Avg R1: 4.91 Avg R2: 1.17 Avg Reward: 6.072485
2026-05-16 10:23:44 [INFO] Epoch: 87 [38400/50000 (77%)]	 Training Loss: 0.117 ACC: 89.24 CR: 0.31 Avg R1: 4.91 Avg R2: 1.16 Avg Reward: 6.075593
2026-05-16 10:23:50 [INFO] EPOCH:87, ======================CR:0.31068====================
2026-05-16 10:23:50 [INFO] -0.06770452448843421
2026-05-16 10:23:52 [INFO] EPOCH:87, ======================ACC:90.05====================
2026-05-16 10:23:52 [INFO] BEST EPOCH:87,BEST ACC:90.05
2026-05-16 10:23:59 [INFO] Epoch: 88 [12800/50000 (26%)]	 Training Loss: 0.102 ACC: 90.13 CR: 0.30 Avg R1: 4.95 Avg R2: 1.15 Avg Reward: 6.094557
2026-05-16 10:24:06 [INFO] Epoch: 88 [25600/50000 (51%)]	 Training Loss: 0.101 ACC: 89.91 CR: 0.29 Avg R1: 4.94 Avg R2: 1.14 Avg Reward: 6.080539
2026-05-16 10:24:14 [INFO] Epoch: 88 [38400/50000 (77%)]	 Training Loss: 0.104 ACC: 89.80 CR: 0.28 Avg R1: 4.89 Avg R2: 1.13 Avg Reward: 6.015289
2026-05-16 10:24:20 [INFO] EPOCH:88, ======================CR:0.27862====================
2026-05-16 10:24:20 [INFO] -0.07500581041626926
2026-05-16 10:24:22 [INFO] EPOCH:88, ======================ACC:87.66====================
2026-05-16 10:24:22 [INFO] BEST EPOCH:87,BEST ACC:90.05
2026-05-16 10:24:29 [INFO] Epoch: 89 [12800/50000 (26%)]	 Training Loss: 0.108 ACC: 90.07 CR: 0.29 Avg R1: 4.71 Avg R2: 1.09 Avg Reward: 5.802829
2026-05-16 10:24:36 [INFO] Epoch: 89 [25600/50000 (51%)]	 Training Loss: 0.113 ACC: 89.93 CR: 0.30 Avg R1: 4.80 Avg R2: 1.10 Avg Reward: 5.908945
2026-05-16 10:24:43 [INFO] Epoch: 89 [38400/50000 (77%)]	 Training Loss: 0.117 ACC: 89.73 CR: 0.32 Avg R1: 4.84 Avg R2: 1.12 Avg Reward: 5.959222
2026-05-16 10:24:49 [INFO] EPOCH:89, ======================CR:0.33738====================
2026-05-16 10:24:49 [INFO] -0.06342626105016827
2026-05-16 10:24:51 [INFO] EPOCH:89, ======================ACC:84.49====================
2026-05-16 10:24:51 [INFO] BEST EPOCH:87,BEST ACC:90.05
2026-05-16 10:24:58 [INFO] Epoch: 90 [12800/50000 (26%)]	 Training Loss: 0.123 ACC: 89.17 CR: 0.34 Avg R1: 4.73 Avg R2: 1.21 Avg Reward: 5.940867
2026-05-16 10:25:05 [INFO] Epoch: 90 [25600/50000 (51%)]	 Training Loss: 0.122 ACC: 89.36 CR: 0.34 Avg R1: 4.73 Avg R2: 1.21 Avg Reward: 5.941076
2026-05-16 10:25:12 [INFO] Epoch: 90 [38400/50000 (77%)]	 Training Loss: 0.124 ACC: 89.10 CR: 0.34 Avg R1: 4.72 Avg R2: 1.21 Avg Reward: 5.934810
2026-05-16 10:25:18 [INFO] EPOCH:90, ======================CR:0.3425====================
2026-05-16 10:25:18 [INFO] -0.04927338840983402
2026-05-16 10:25:20 [INFO] EPOCH:90, ======================ACC:84.91====================
2026-05-16 10:25:20 [INFO] BEST EPOCH:87,BEST ACC:90.05
2026-05-16 10:25:27 [INFO] Epoch: 91 [12800/50000 (26%)]	 Training Loss: 0.122 ACC: 89.16 CR: 0.34 Avg R1: 4.70 Avg R2: 1.21 Avg Reward: 5.916268
2026-05-16 10:25:35 [INFO] Epoch: 91 [25600/50000 (51%)]	 Training Loss: 0.120 ACC: 89.27 CR: 0.34 Avg R1: 4.71 Avg R2: 1.21 Avg Reward: 5.921675
2026-05-16 10:25:43 [INFO] Epoch: 91 [38400/50000 (77%)]	 Training Loss: 0.120 ACC: 89.29 CR: 0.34 Avg R1: 4.72 Avg R2: 1.21 Avg Reward: 5.928377
2026-05-16 10:25:50 [INFO] EPOCH:91, ======================CR:0.33112====================
2026-05-16 10:25:50 [INFO] -0.08038675825503747
2026-05-16 10:25:52 [INFO] EPOCH:91, ======================ACC:89.06====================
2026-05-16 10:25:52 [INFO] BEST EPOCH:87,BEST ACC:90.05
2026-05-16 10:25:59 [INFO] Epoch: 92 [12800/50000 (26%)]	 Training Loss: 0.113 ACC: 90.35 CR: 0.33 Avg R1: 4.78 Avg R2: 1.19 Avg Reward: 5.970622
2026-05-16 10:26:07 [INFO] Epoch: 92 [25600/50000 (51%)]	 Training Loss: 0.110 ACC: 90.21 CR: 0.33 Avg R1: 4.78 Avg R2: 1.19 Avg Reward: 5.973980
2026-05-16 10:26:14 [INFO] Epoch: 92 [38400/50000 (77%)]	 Training Loss: 0.108 ACC: 90.12 CR: 0.32 Avg R1: 4.80 Avg R2: 1.19 Avg Reward: 5.983838
2026-05-16 10:26:21 [INFO] EPOCH:92, ======================CR:0.30926====================
2026-05-16 10:26:21 [INFO] -0.07858530499342813
2026-05-16 10:26:22 [INFO] EPOCH:92, ======================ACC:89.4====================
2026-05-16 10:26:22 [INFO] BEST EPOCH:87,BEST ACC:90.05
2026-05-16 10:26:22 [INFO] Saving Masks: current CR 0.3093 target CR 0.3000
2026-05-16 10:26:22 [INFO] Updated candidate mask pretrained-rescale_mask_best-acc_30_05160939_resnet18 at epoch 92 with acc 89.4000
2026-05-16 10:26:30 [INFO] Epoch: 93 [12800/50000 (26%)]	 Training Loss: 0.097 ACC: 90.38 CR: 0.31 Avg R1: 4.94 Avg R2: 1.14 Avg Reward: 6.079750
2026-05-16 10:26:36 [INFO] Epoch: 93 [25600/50000 (51%)]	 Training Loss: 0.100 ACC: 90.26 CR: 0.30 Avg R1: 4.96 Avg R2: 1.13 Avg Reward: 6.091206
2026-05-16 10:26:44 [INFO] Epoch: 93 [38400/50000 (77%)]	 Training Loss: 0.106 ACC: 90.00 CR: 0.30 Avg R1: 4.97 Avg R2: 1.13 Avg Reward: 6.097022
2026-05-16 10:26:50 [INFO] EPOCH:93, ======================CR:0.303====================
2026-05-16 10:26:50 [INFO] -0.07889281456835501
2026-05-16 10:26:52 [INFO] EPOCH:93, ======================ACC:90.33====================
2026-05-16 10:26:52 [INFO] BEST EPOCH:93,BEST ACC:90.33
2026-05-16 10:26:52 [INFO] Saving Masks: current CR 0.3030 target CR 0.3000
2026-05-16 10:26:52 [INFO] Updated candidate mask pretrained-rescale_mask_best-acc_30_05160939_resnet18 at epoch 93 with acc 90.3300
2026-05-16 10:26:59 [INFO] Epoch: 94 [12800/50000 (26%)]	 Training Loss: 0.109 ACC: 89.70 CR: 0.30 Avg R1: 4.98 Avg R2: 1.13 Avg Reward: 6.109674
2026-05-16 10:27:06 [INFO] Epoch: 94 [25600/50000 (51%)]	 Training Loss: 0.107 ACC: 89.89 CR: 0.30 Avg R1: 4.98 Avg R2: 1.13 Avg Reward: 6.110059
2026-05-16 10:27:13 [INFO] Epoch: 94 [38400/50000 (77%)]	 Training Loss: 0.107 ACC: 89.99 CR: 0.30 Avg R1: 4.98 Avg R2: 1.13 Avg Reward: 6.111085
2026-05-16 10:27:19 [INFO] EPOCH:94, ======================CR:0.31124====================
2026-05-16 10:27:19 [INFO] -0.07105194571773912
2026-05-16 10:27:22 [INFO] EPOCH:94, ======================ACC:90.55====================
2026-05-16 10:27:22 [INFO] BEST EPOCH:94,BEST ACC:90.55
2026-05-16 10:27:29 [INFO] Epoch: 95 [12800/50000 (26%)]	 Training Loss: 0.114 ACC: 89.66 CR: 0.31 Avg R1: 4.91 Avg R2: 1.14 Avg Reward: 6.056669
2026-05-16 10:27:36 [INFO] Epoch: 95 [25600/50000 (51%)]	 Training Loss: 0.116 ACC: 89.60 CR: 0.32 Avg R1: 4.90 Avg R2: 1.15 Avg Reward: 6.044426
2026-05-16 10:27:43 [INFO] Epoch: 95 [38400/50000 (77%)]	 Training Loss: 0.119 ACC: 89.42 CR: 0.33 Avg R1: 4.88 Avg R2: 1.15 Avg Reward: 6.029462
2026-05-16 10:27:49 [INFO] EPOCH:95, ======================CR:0.33242====================
2026-05-16 10:27:49 [INFO] -0.05225257480631553
2026-05-16 10:27:51 [INFO] EPOCH:95, ======================ACC:88.08====================
2026-05-16 10:27:51 [INFO] BEST EPOCH:94,BEST ACC:90.55
2026-05-16 10:27:58 [INFO] Epoch: 96 [12800/50000 (26%)]	 Training Loss: 0.112 ACC: 90.15 CR: 0.33 Avg R1: 4.77 Avg R2: 1.19 Avg Reward: 5.960640
2026-05-16 10:28:05 [INFO] Epoch: 96 [25600/50000 (51%)]	 Training Loss: 0.110 ACC: 90.09 CR: 0.32 Avg R1: 4.78 Avg R2: 1.18 Avg Reward: 5.968074
2026-05-16 10:28:13 [INFO] Epoch: 96 [38400/50000 (77%)]	 Training Loss: 0.109 ACC: 90.16 CR: 0.32 Avg R1: 4.81 Avg R2: 1.18 Avg Reward: 5.986892
2026-05-16 10:28:19 [INFO] EPOCH:96, ======================CR:0.30726====================
2026-05-16 10:28:19 [INFO] -0.054571890081081424
2026-05-16 10:28:21 [INFO] EPOCH:96, ======================ACC:90.1====================
2026-05-16 10:28:21 [INFO] BEST EPOCH:94,BEST ACC:90.55
2026-05-16 10:28:21 [INFO] Saving Masks: current CR 0.3073 target CR 0.3000
2026-05-16 10:28:28 [INFO] Epoch: 97 [12800/50000 (26%)]	 Training Loss: 0.098 ACC: 90.57 CR: 0.30 Avg R1: 4.97 Avg R2: 1.12 Avg Reward: 6.094860
2026-05-16 10:28:35 [INFO] Epoch: 97 [25600/50000 (51%)]	 Training Loss: 0.097 ACC: 90.65 CR: 0.30 Avg R1: 4.98 Avg R2: 1.12 Avg Reward: 6.096459
2026-05-16 10:28:43 [INFO] Epoch: 97 [38400/50000 (77%)]	 Training Loss: 0.097 ACC: 90.66 CR: 0.29 Avg R1: 4.95 Avg R2: 1.11 Avg Reward: 6.066890
2026-05-16 10:28:50 [INFO] EPOCH:97, ======================CR:0.28816====================
2026-05-16 10:28:50 [INFO] -0.0717345149433646
2026-05-16 10:28:52 [INFO] EPOCH:97, ======================ACC:90.36====================
2026-05-16 10:28:52 [INFO] BEST EPOCH:94,BEST ACC:90.55
2026-05-16 10:29:00 [INFO] Epoch: 98 [12800/50000 (26%)]	 Training Loss: 0.107 ACC: 90.20 CR: 0.29 Avg R1: 4.85 Avg R2: 1.09 Avg Reward: 5.935853
2026-05-16 10:29:07 [INFO] Epoch: 98 [25600/50000 (51%)]	 Training Loss: 0.106 ACC: 90.22 CR: 0.30 Avg R1: 4.86 Avg R2: 1.09 Avg Reward: 5.950284
2026-05-16 10:29:14 [INFO] Epoch: 98 [38400/50000 (77%)]	 Training Loss: 0.107 ACC: 90.27 CR: 0.31 Avg R1: 4.90 Avg R2: 1.10 Avg Reward: 5.992995
2026-05-16 10:29:21 [INFO] EPOCH:98, ======================CR:0.32438====================
2026-05-16 10:29:21 [INFO] -0.0673044357623296
2026-05-16 10:29:22 [INFO] EPOCH:98, ======================ACC:89.81====================
2026-05-16 10:29:22 [INFO] BEST EPOCH:94,BEST ACC:90.55
2026-05-16 10:29:30 [INFO] Epoch: 99 [12800/50000 (26%)]	 Training Loss: 0.114 ACC: 90.14 CR: 0.33 Avg R1: 4.82 Avg R2: 1.16 Avg Reward: 5.980432
2026-05-16 10:29:37 [INFO] Epoch: 99 [25600/50000 (51%)]	 Training Loss: 0.112 ACC: 90.22 CR: 0.33 Avg R1: 4.81 Avg R2: 1.17 Avg Reward: 5.978030
2026-05-16 10:29:44 [INFO] Epoch: 99 [38400/50000 (77%)]	 Training Loss: 0.112 ACC: 90.22 CR: 0.33 Avg R1: 4.81 Avg R2: 1.17 Avg Reward: 5.973059
2026-05-16 10:29:51 [INFO] EPOCH:99, ======================CR:0.33238====================
2026-05-16 10:29:51 [INFO] -0.07227425356611014
2026-05-16 10:29:52 [INFO] EPOCH:99, ======================ACC:90.47====================
2026-05-16 10:29:52 [INFO] BEST EPOCH:94,BEST ACC:90.55
2026-05-16 10:29:59 [INFO] Epoch: 100 [12800/50000 (26%)]	 Training Loss: 0.110 ACC: 90.02 CR: 0.33 Avg R1: 4.77 Avg R2: 1.18 Avg Reward: 5.945097
2026-05-16 10:30:06 [INFO] Epoch: 100 [25600/50000 (51%)]	 Training Loss: 0.105 ACC: 90.51 CR: 0.32 Avg R1: 4.79 Avg R2: 1.17 Avg Reward: 5.959493
2026-05-16 10:30:13 [INFO] Epoch: 100 [38400/50000 (77%)]	 Training Loss: 0.105 ACC: 90.46 CR: 0.32 Avg R1: 4.81 Avg R2: 1.17 Avg Reward: 5.976576
2026-05-16 10:30:20 [INFO] EPOCH:100, ======================CR:0.30574====================
2026-05-16 10:30:20 [INFO] -0.07582710826716078
2026-05-16 10:30:22 [INFO] EPOCH:100, ======================ACC:89.03====================
2026-05-16 10:30:22 [INFO] BEST EPOCH:94,BEST ACC:90.55
2026-05-16 10:30:22 [INFO] Saving Masks: current CR 0.3057 target CR 0.3000
2026-05-16 10:30:29 [INFO] Epoch: 101 [12800/50000 (26%)]	 Training Loss: 0.091 ACC: 91.03 CR: 0.30 Avg R1: 4.99 Avg R2: 1.11 Avg Reward: 6.095679
2026-05-16 10:30:36 [INFO] Epoch: 101 [25600/50000 (51%)]	 Training Loss: 0.094 ACC: 90.92 CR: 0.29 Avg R1: 4.97 Avg R2: 1.10 Avg Reward: 6.070083
2026-05-16 10:30:44 [INFO] Epoch: 101 [38400/50000 (77%)]	 Training Loss: 0.095 ACC: 90.97 CR: 0.28 Avg R1: 4.92 Avg R2: 1.10 Avg Reward: 6.015954
2026-05-16 10:30:51 [INFO] EPOCH:101, ======================CR:0.27682====================
2026-05-16 10:30:51 [INFO] -0.08117395124946647
2026-05-16 10:30:53 [INFO] EPOCH:101, ======================ACC:90.02====================
2026-05-16 10:30:53 [INFO] BEST EPOCH:94,BEST ACC:90.55
2026-05-16 10:31:00 [INFO] Epoch: 102 [12800/50000 (26%)]	 Training Loss: 0.090 ACC: 90.72 CR: 0.27 Avg R1: 4.58 Avg R2: 1.05 Avg Reward: 5.630695
2026-05-16 10:31:07 [INFO] Epoch: 102 [25600/50000 (51%)]	 Training Loss: 0.090 ACC: 90.86 CR: 0.27 Avg R1: 4.55 Avg R2: 1.05 Avg Reward: 5.600948
2026-05-16 10:31:16 [INFO] Epoch: 102 [38400/50000 (77%)]	 Training Loss: 0.095 ACC: 90.77 CR: 0.27 Avg R1: 4.55 Avg R2: 1.05 Avg Reward: 5.592750
2026-05-16 10:31:23 [INFO] EPOCH:102, ======================CR:0.27926====================
2026-05-16 10:31:23 [INFO] -0.07564610346029928
2026-05-16 10:31:24 [INFO] EPOCH:102, ======================ACC:90.88====================
2026-05-16 10:31:24 [INFO] BEST EPOCH:102,BEST ACC:90.88
2026-05-16 10:31:31 [INFO] Epoch: 103 [12800/50000 (26%)]	 Training Loss: 0.111 ACC: 90.58 CR: 0.29 Avg R1: 4.76 Avg R2: 1.07 Avg Reward: 5.825353
2026-05-16 10:31:38 [INFO] Epoch: 103 [25600/50000 (51%)]	 Training Loss: 0.115 ACC: 90.41 CR: 0.32 Avg R1: 4.85 Avg R2: 1.09 Avg Reward: 5.935772
2026-05-16 10:31:45 [INFO] Epoch: 103 [38400/50000 (77%)]	 Training Loss: 0.117 ACC: 90.28 CR: 0.34 Avg R1: 4.82 Avg R2: 1.11 Avg Reward: 5.933342
2026-05-16 10:31:52 [INFO] EPOCH:103, ======================CR:0.36866====================
2026-05-16 10:31:52 [INFO] -0.0297541673191449
2026-05-16 10:31:53 [INFO] EPOCH:103, ======================ACC:89.8====================
2026-05-16 10:31:53 [INFO] BEST EPOCH:102,BEST ACC:90.88
2026-05-16 10:32:00 [INFO] Epoch: 104 [12800/50000 (26%)]	 Training Loss: 0.122 ACC: 90.20 CR: 0.37 Avg R1: 4.49 Avg R2: 1.24 Avg Reward: 5.735934
2026-05-16 10:32:07 [INFO] Epoch: 104 [25600/50000 (51%)]	 Training Loss: 0.120 ACC: 90.20 CR: 0.37 Avg R1: 4.48 Avg R2: 1.25 Avg Reward: 5.727279
2026-05-16 10:32:14 [INFO] Epoch: 104 [38400/50000 (77%)]	 Training Loss: 0.119 ACC: 90.11 CR: 0.37 Avg R1: 4.48 Avg R2: 1.25 Avg Reward: 5.723043
2026-05-16 10:32:22 [INFO] EPOCH:104, ======================CR:0.36978====================
2026-05-16 10:32:22 [INFO] -0.021748144107894902
2026-05-16 10:32:24 [INFO] EPOCH:104, ======================ACC:89.94====================
2026-05-16 10:32:24 [INFO] BEST EPOCH:102,BEST ACC:90.88
2026-05-16 10:32:33 [INFO] Epoch: 105 [12800/50000 (26%)]	 Training Loss: 0.111 ACC: 90.63 CR: 0.37 Avg R1: 4.51 Avg R2: 1.24 Avg Reward: 5.742801
2026-05-16 10:32:42 [INFO] Epoch: 105 [25600/50000 (51%)]	 Training Loss: 0.112 ACC: 90.53 CR: 0.36 Avg R1: 4.52 Avg R2: 1.23 Avg Reward: 5.755102
2026-05-16 10:32:49 [INFO] Epoch: 105 [38400/50000 (77%)]	 Training Loss: 0.111 ACC: 90.46 CR: 0.36 Avg R1: 4.54 Avg R2: 1.23 Avg Reward: 5.768303
2026-05-16 10:32:56 [INFO] EPOCH:105, ======================CR:0.34418====================
2026-05-16 10:32:56 [INFO] -0.03997247801587231
2026-05-16 10:32:58 [INFO] EPOCH:105, ======================ACC:91.14====================
2026-05-16 10:32:58 [INFO] BEST EPOCH:105,BEST ACC:91.14
2026-05-16 10:33:05 [INFO] Epoch: 106 [12800/50000 (26%)]	 Training Loss: 0.105 ACC: 90.62 CR: 0.34 Avg R1: 4.70 Avg R2: 1.18 Avg Reward: 5.886349
2026-05-16 10:33:12 [INFO] Epoch: 106 [25600/50000 (51%)]	 Training Loss: 0.107 ACC: 90.56 CR: 0.34 Avg R1: 4.72 Avg R2: 1.18 Avg Reward: 5.900376
2026-05-16 10:33:19 [INFO] Epoch: 106 [38400/50000 (77%)]	 Training Loss: 0.105 ACC: 90.70 CR: 0.33 Avg R1: 4.73 Avg R2: 1.18 Avg Reward: 5.910892
2026-05-16 10:33:27 [INFO] EPOCH:106, ======================CR:0.32606====================
2026-05-16 10:33:27 [INFO] -0.032297702951720936
2026-05-16 10:33:29 [INFO] EPOCH:106, ======================ACC:91.03====================
2026-05-16 10:33:29 [INFO] BEST EPOCH:105,BEST ACC:91.14
2026-05-16 10:33:37 [INFO] Epoch: 107 [12800/50000 (26%)]	 Training Loss: 0.098 ACC: 91.36 CR: 0.32 Avg R1: 4.82 Avg R2: 1.15 Avg Reward: 5.968885
2026-05-16 10:33:44 [INFO] Epoch: 107 [25600/50000 (51%)]	 Training Loss: 0.100 ACC: 91.12 CR: 0.33 Avg R1: 4.82 Avg R2: 1.15 Avg Reward: 5.967994
2026-05-16 10:33:51 [INFO] Epoch: 107 [38400/50000 (77%)]	 Training Loss: 0.101 ACC: 91.01 CR: 0.33 Avg R1: 4.82 Avg R2: 1.15 Avg Reward: 5.967380
2026-05-16 10:33:58 [INFO] EPOCH:107, ======================CR:0.33384====================
2026-05-16 10:33:58 [INFO] -0.031600446806014926
2026-05-16 10:34:00 [INFO] EPOCH:107, ======================ACC:89.97====================
2026-05-16 10:34:00 [INFO] BEST EPOCH:105,BEST ACC:91.14
2026-05-16 10:34:08 [INFO] Epoch: 108 [12800/50000 (26%)]	 Training Loss: 0.114 ACC: 90.64 CR: 0.34 Avg R1: 4.72 Avg R2: 1.17 Avg Reward: 5.890272
2026-05-16 10:34:16 [INFO] Epoch: 108 [25600/50000 (51%)]	 Training Loss: 0.110 ACC: 90.73 CR: 0.34 Avg R1: 4.71 Avg R2: 1.17 Avg Reward: 5.880482
2026-05-16 10:34:24 [INFO] Epoch: 108 [38400/50000 (77%)]	 Training Loss: 0.110 ACC: 90.78 CR: 0.35 Avg R1: 4.69 Avg R2: 1.18 Avg Reward: 5.871481
2026-05-16 10:34:31 [INFO] EPOCH:108, ======================CR:0.35062====================
2026-05-16 10:34:31 [INFO] -0.021194180952433975
2026-05-16 10:34:33 [INFO] EPOCH:108, ======================ACC:91.03====================
2026-05-16 10:34:33 [INFO] BEST EPOCH:105,BEST ACC:91.14
2026-05-16 10:34:41 [INFO] Epoch: 109 [12800/50000 (26%)]	 Training Loss: 0.097 ACC: 91.43 CR: 0.35 Avg R1: 4.66 Avg R2: 1.19 Avg Reward: 5.851099
2026-05-16 10:34:48 [INFO] Epoch: 109 [25600/50000 (51%)]	 Training Loss: 0.098 ACC: 91.25 CR: 0.34 Avg R1: 4.67 Avg R2: 1.19 Avg Reward: 5.860272
2026-05-16 10:34:55 [INFO] Epoch: 109 [38400/50000 (77%)]	 Training Loss: 0.100 ACC: 91.16 CR: 0.34 Avg R1: 4.69 Avg R2: 1.19 Avg Reward: 5.873704
2026-05-16 10:35:02 [INFO] EPOCH:109, ======================CR:0.32964====================
2026-05-16 10:35:02 [INFO] -0.027299762318503465
2026-05-16 10:35:04 [INFO] EPOCH:109, ======================ACC:89.6====================
2026-05-16 10:35:04 [INFO] BEST EPOCH:105,BEST ACC:91.14
2026-05-16 10:35:11 [INFO] Epoch: 110 [12800/50000 (26%)]	 Training Loss: 0.106 ACC: 90.69 CR: 0.33 Avg R1: 4.78 Avg R2: 1.15 Avg Reward: 5.929752
2026-05-16 10:35:18 [INFO] Epoch: 110 [25600/50000 (51%)]	 Training Loss: 0.108 ACC: 90.57 CR: 0.33 Avg R1: 4.78 Avg R2: 1.15 Avg Reward: 5.926004
2026-05-16 10:35:26 [INFO] Epoch: 110 [38400/50000 (77%)]	 Training Loss: 0.106 ACC: 90.60 CR: 0.33 Avg R1: 4.78 Avg R2: 1.15 Avg Reward: 5.929151
2026-05-16 10:35:32 [INFO] EPOCH:110, ======================CR:0.32284====================
2026-05-16 10:35:32 [INFO] -0.031491595199928724
2026-05-16 10:35:34 [INFO] EPOCH:110, ======================ACC:91.84====================
2026-05-16 10:35:34 [INFO] BEST EPOCH:110,BEST ACC:91.84
2026-05-16 10:35:42 [INFO] Epoch: 111 [12800/50000 (26%)]	 Training Loss: 0.087 ACC: 91.91 CR: 0.31 Avg R1: 4.87 Avg R2: 1.13 Avg Reward: 6.004914
2026-05-16 10:35:51 [INFO] Epoch: 111 [25600/50000 (51%)]	 Training Loss: 0.086 ACC: 92.00 CR: 0.30 Avg R1: 4.90 Avg R2: 1.13 Avg Reward: 6.028981
2026-05-16 10:35:59 [INFO] Epoch: 111 [38400/50000 (77%)]	 Training Loss: 0.087 ACC: 91.86 CR: 0.30 Avg R1: 4.93 Avg R2: 1.12 Avg Reward: 6.041259
2026-05-16 10:36:06 [INFO] EPOCH:111, ======================CR:0.29296====================
2026-05-16 10:36:06 [INFO] -0.03677188443681854
2026-05-16 10:36:08 [INFO] EPOCH:111, ======================ACC:89.13====================
2026-05-16 10:36:08 [INFO] BEST EPOCH:110,BEST ACC:91.84
2026-05-16 10:36:08 [INFO] Saving Masks: current CR 0.2930 target CR 0.3000
2026-05-16 10:36:16 [INFO] Epoch: 112 [12800/50000 (26%)]	 Training Loss: 0.095 ACC: 91.66 CR: 0.30 Avg R1: 4.95 Avg R2: 1.08 Avg Reward: 6.028489
2026-05-16 10:36:23 [INFO] Epoch: 112 [25600/50000 (51%)]	 Training Loss: 0.096 ACC: 91.50 CR: 0.31 Avg R1: 4.95 Avg R2: 1.09 Avg Reward: 6.033429
2026-05-16 10:36:30 [INFO] Epoch: 112 [38400/50000 (77%)]	 Training Loss: 0.097 ACC: 91.55 CR: 0.32 Avg R1: 4.92 Avg R2: 1.10 Avg Reward: 6.020201
2026-05-16 10:36:36 [INFO] EPOCH:112, ======================CR:0.32974====================
2026-05-16 10:36:36 [INFO] -0.029134213735043366
2026-05-16 10:36:38 [INFO] EPOCH:112, ======================ACC:90.61====================
2026-05-16 10:36:38 [INFO] BEST EPOCH:110,BEST ACC:91.84
2026-05-16 10:36:45 [INFO] Epoch: 113 [12800/50000 (26%)]	 Training Loss: 0.097 ACC: 91.41 CR: 0.33 Avg R1: 4.80 Avg R2: 1.14 Avg Reward: 5.932906
2026-05-16 10:36:53 [INFO] Epoch: 113 [25600/50000 (51%)]	 Training Loss: 0.096 ACC: 91.55 CR: 0.33 Avg R1: 4.79 Avg R2: 1.14 Avg Reward: 5.926491
2026-05-16 10:37:00 [INFO] Epoch: 113 [38400/50000 (77%)]	 Training Loss: 0.097 ACC: 91.53 CR: 0.33 Avg R1: 4.79 Avg R2: 1.14 Avg Reward: 5.925997
2026-05-16 10:37:07 [INFO] EPOCH:113, ======================CR:0.3293====================
2026-05-16 10:37:07 [INFO] -0.032623257244159994
2026-05-16 10:37:09 [INFO] EPOCH:113, ======================ACC:90.12====================
2026-05-16 10:37:09 [INFO] BEST EPOCH:110,BEST ACC:91.84
2026-05-16 10:37:17 [INFO] Epoch: 114 [12800/50000 (26%)]	 Training Loss: 0.093 ACC: 91.50 CR: 0.33 Avg R1: 4.80 Avg R2: 1.13 Avg Reward: 5.929803
2026-05-16 10:37:24 [INFO] Epoch: 114 [25600/50000 (51%)]	 Training Loss: 0.092 ACC: 91.45 CR: 0.32 Avg R1: 4.82 Avg R2: 1.12 Avg Reward: 5.944653
2026-05-16 10:37:32 [INFO] Epoch: 114 [38400/50000 (77%)]	 Training Loss: 0.090 ACC: 91.67 CR: 0.31 Avg R1: 4.85 Avg R2: 1.12 Avg Reward: 5.963489
2026-05-16 10:37:40 [INFO] EPOCH:114, ======================CR:0.30252====================
2026-05-16 10:37:40 [INFO] -0.026309327833900626
2026-05-16 10:37:42 [INFO] EPOCH:114, ======================ACC:90.66====================
2026-05-16 10:37:42 [INFO] BEST EPOCH:110,BEST ACC:91.84
2026-05-16 10:37:42 [INFO] Saving Masks: current CR 0.3025 target CR 0.3000
2026-05-16 10:37:42 [INFO] Updated candidate mask pretrained-rescale_mask_best-acc_30_05160939_resnet18 at epoch 114 with acc 90.6600
2026-05-16 10:37:49 [INFO] Epoch: 115 [12800/50000 (26%)]	 Training Loss: 0.081 ACC: 92.35 CR: 0.30 Avg R1: 4.98 Avg R2: 1.08 Avg Reward: 6.059859
2026-05-16 10:37:57 [INFO] Epoch: 115 [25600/50000 (51%)]	 Training Loss: 0.082 ACC: 92.43 CR: 0.30 Avg R1: 4.98 Avg R2: 1.08 Avg Reward: 6.061536
2026-05-16 10:38:05 [INFO] Epoch: 115 [38400/50000 (77%)]	 Training Loss: 0.087 ACC: 92.13 CR: 0.30 Avg R1: 4.98 Avg R2: 1.08 Avg Reward: 6.065000
2026-05-16 10:38:12 [INFO] EPOCH:115, ======================CR:0.31096====================
2026-05-16 10:38:12 [INFO] -0.02506236031034999
2026-05-16 10:38:14 [INFO] EPOCH:115, ======================ACC:90.92====================
2026-05-16 10:38:14 [INFO] BEST EPOCH:114,BEST ACC:91.84
2026-05-16 10:38:21 [INFO] Epoch: 116 [12800/50000 (26%)]	 Training Loss: 0.088 ACC: 92.08 CR: 0.31 Avg R1: 4.91 Avg R2: 1.09 Avg Reward: 6.001349
2026-05-16 10:38:28 [INFO] Epoch: 116 [25600/50000 (51%)]	 Training Loss: 0.090 ACC: 92.08 CR: 0.32 Avg R1: 4.90 Avg R2: 1.09 Avg Reward: 5.992021
2026-05-16 10:38:35 [INFO] Epoch: 116 [38400/50000 (77%)]	 Training Loss: 0.088 ACC: 92.12 CR: 0.32 Avg R1: 4.89 Avg R2: 1.10 Avg Reward: 5.983485
2026-05-16 10:38:42 [INFO] EPOCH:116, ======================CR:0.32156====================
2026-05-16 10:38:42 [INFO] -0.019009337686468737
2026-05-16 10:38:44 [INFO] EPOCH:116, ======================ACC:91.87====================
2026-05-16 10:38:44 [INFO] BEST EPOCH:116,BEST ACC:91.87
2026-05-16 10:38:51 [INFO] Epoch: 117 [12800/50000 (26%)]	 Training Loss: 0.085 ACC: 92.43 CR: 0.32 Avg R1: 4.85 Avg R2: 1.11 Avg Reward: 5.961821
2026-05-16 10:38:58 [INFO] Epoch: 117 [25600/50000 (51%)]	 Training Loss: 0.088 ACC: 92.33 CR: 0.32 Avg R1: 4.85 Avg R2: 1.11 Avg Reward: 5.956459
2026-05-16 10:39:08 [INFO] Epoch: 117 [38400/50000 (77%)]	 Training Loss: 0.089 ACC: 92.31 CR: 0.33 Avg R1: 4.84 Avg R2: 1.11 Avg Reward: 5.948391
2026-05-16 10:39:16 [INFO] EPOCH:117, ======================CR:0.3313====================
2026-05-16 10:39:16 [INFO] -0.01562750793135576
2026-05-16 10:39:18 [INFO] EPOCH:117, ======================ACC:91.45====================
2026-05-16 10:39:18 [INFO] BEST EPOCH:116,BEST ACC:91.87
2026-05-16 10:39:25 [INFO] Epoch: 118 [12800/50000 (26%)]	 Training Loss: 0.089 ACC: 91.97 CR: 0.33 Avg R1: 4.78 Avg R2: 1.12 Avg Reward: 5.898460
2026-05-16 10:39:32 [INFO] Epoch: 118 [25600/50000 (51%)]	 Training Loss: 0.089 ACC: 92.09 CR: 0.33 Avg R1: 4.78 Avg R2: 1.12 Avg Reward: 5.900157
2026-05-16 10:39:39 [INFO] Epoch: 118 [38400/50000 (77%)]	 Training Loss: 0.088 ACC: 92.19 CR: 0.32 Avg R1: 4.79 Avg R2: 1.12 Avg Reward: 5.907790
2026-05-16 10:39:46 [INFO] EPOCH:118, ======================CR:0.31934====================
2026-05-16 10:39:46 [INFO] -0.016243133939532018
2026-05-16 10:39:47 [INFO] EPOCH:118, ======================ACC:90.34====================
2026-05-16 10:39:47 [INFO] BEST EPOCH:116,BEST ACC:91.87
2026-05-16 10:39:54 [INFO] Epoch: 119 [12800/50000 (26%)]	 Training Loss: 0.087 ACC: 92.14 CR: 0.32 Avg R1: 4.86 Avg R2: 1.10 Avg Reward: 5.963737
2026-05-16 10:40:02 [INFO] Epoch: 119 [25600/50000 (51%)]	 Training Loss: 0.083 ACC: 92.54 CR: 0.32 Avg R1: 4.86 Avg R2: 1.10 Avg Reward: 5.961462
2026-05-16 10:40:10 [INFO] Epoch: 119 [38400/50000 (77%)]	 Training Loss: 0.086 ACC: 92.38 CR: 0.32 Avg R1: 4.86 Avg R2: 1.10 Avg Reward: 5.961765
2026-05-16 10:40:17 [INFO] EPOCH:119, ======================CR:0.31808====================
2026-05-16 10:40:17 [INFO] -0.016806069365424798
2026-05-16 10:40:19 [INFO] EPOCH:119, ======================ACC:91.02====================
2026-05-16 10:40:19 [INFO] BEST EPOCH:116,BEST ACC:91.87
2026-05-16 10:40:26 [INFO] Epoch: 120 [12800/50000 (26%)]	 Training Loss: 0.076 ACC: 92.82 CR: 0.32 Avg R1: 4.87 Avg R2: 1.09 Avg Reward: 5.961803
2026-05-16 10:40:35 [INFO] Epoch: 120 [25600/50000 (51%)]	 Training Loss: 0.077 ACC: 92.63 CR: 0.30 Avg R1: 4.90 Avg R2: 1.09 Avg Reward: 5.984817
2026-05-16 10:40:44 [INFO] Epoch: 120 [38400/50000 (77%)]	 Training Loss: 0.078 ACC: 92.52 CR: 0.29 Avg R1: 4.91 Avg R2: 1.08 Avg Reward: 5.989596
2026-05-16 10:40:51 [INFO] EPOCH:120, ======================CR:0.28386====================
2026-05-16 10:40:51 [INFO] -0.010792229338876577
2026-05-16 10:40:53 [INFO] EPOCH:120, ======================ACC:90.56====================
2026-05-16 10:40:53 [INFO] BEST EPOCH:116,BEST ACC:91.87
2026-05-16 10:41:01 [INFO] Epoch: 121 [12800/50000 (26%)]	 Training Loss: 0.084 ACC: 92.69 CR: 0.29 Avg R1: 4.80 Avg R2: 1.03 Avg Reward: 5.828253
2026-05-16 10:41:10 [INFO] Epoch: 121 [25600/50000 (51%)]	 Training Loss: 0.084 ACC: 92.83 CR: 0.30 Avg R1: 4.85 Avg R2: 1.04 Avg Reward: 5.889239
2026-05-16 10:41:18 [INFO] Epoch: 121 [38400/50000 (77%)]	 Training Loss: 0.086 ACC: 92.80 CR: 0.32 Avg R1: 4.87 Avg R2: 1.05 Avg Reward: 5.922329
2026-05-16 10:41:24 [INFO] EPOCH:121, ======================CR:0.34344====================
2026-05-16 10:41:24 [INFO] -0.02846641709823125
2026-05-16 10:41:26 [INFO] EPOCH:121, ======================ACC:89.76====================
2026-05-16 10:41:26 [INFO] BEST EPOCH:116,BEST ACC:91.87
2026-05-16 10:41:33 [INFO] Epoch: 122 [12800/50000 (26%)]	 Training Loss: 0.092 ACC: 92.77 CR: 0.35 Avg R1: 4.67 Avg R2: 1.14 Avg Reward: 5.808182
2026-05-16 10:41:42 [INFO] Epoch: 122 [25600/50000 (51%)]	 Training Loss: 0.091 ACC: 92.64 CR: 0.35 Avg R1: 4.66 Avg R2: 1.14 Avg Reward: 5.801105
2026-05-16 10:41:49 [INFO] Epoch: 122 [38400/50000 (77%)]	 Training Loss: 0.092 ACC: 92.42 CR: 0.35 Avg R1: 4.65 Avg R2: 1.14 Avg Reward: 5.792963
2026-05-16 10:41:56 [INFO] EPOCH:122, ======================CR:0.3573====================
2026-05-16 10:41:56 [INFO] -0.02230678616567185
2026-05-16 10:41:58 [INFO] EPOCH:122, ======================ACC:90.75====================
2026-05-16 10:41:58 [INFO] BEST EPOCH:116,BEST ACC:91.87
2026-05-16 10:42:05 [INFO] Epoch: 123 [12800/50000 (26%)]	 Training Loss: 0.086 ACC: 92.52 CR: 0.35 Avg R1: 4.60 Avg R2: 1.15 Avg Reward: 5.756160
2026-05-16 10:42:14 [INFO] Epoch: 123 [25600/50000 (51%)]	 Training Loss: 0.085 ACC: 92.64 CR: 0.35 Avg R1: 4.62 Avg R2: 1.15 Avg Reward: 5.769056
2026-05-16 10:42:23 [INFO] Epoch: 123 [38400/50000 (77%)]	 Training Loss: 0.087 ACC: 92.59 CR: 0.35 Avg R1: 4.64 Avg R2: 1.14 Avg Reward: 5.779627
2026-05-16 10:42:31 [INFO] EPOCH:123, ======================CR:0.34354====================
2026-05-16 10:42:31 [INFO] -0.030930150882655157
2026-05-16 10:42:33 [INFO] EPOCH:123, ======================ACC:90.87====================
2026-05-16 10:42:33 [INFO] BEST EPOCH:116,BEST ACC:91.87
2026-05-16 10:42:41 [INFO] Epoch: 124 [12800/50000 (26%)]	 Training Loss: 0.084 ACC: 92.88 CR: 0.34 Avg R1: 4.69 Avg R2: 1.13 Avg Reward: 5.816969
2026-05-16 10:42:48 [INFO] Epoch: 124 [25600/50000 (51%)]	 Training Loss: 0.087 ACC: 92.57 CR: 0.35 Avg R1: 4.68 Avg R2: 1.13 Avg Reward: 5.814456
2026-05-16 10:42:57 [INFO] Epoch: 124 [38400/50000 (77%)]	 Training Loss: 0.087 ACC: 92.55 CR: 0.35 Avg R1: 4.67 Avg R2: 1.14 Avg Reward: 5.806592
2026-05-16 10:43:05 [INFO] EPOCH:124, ======================CR:0.35242====================
2026-05-16 10:43:05 [INFO] -0.03187018225593572
2026-05-16 10:43:07 [INFO] EPOCH:124, ======================ACC:91.14====================
2026-05-16 10:43:07 [INFO] BEST EPOCH:116,BEST ACC:91.87
2026-05-16 10:43:16 [INFO] Epoch: 125 [12800/50000 (26%)]	 Training Loss: 0.084 ACC: 92.59 CR: 0.35 Avg R1: 4.63 Avg R2: 1.15 Avg Reward: 5.776373
2026-05-16 10:43:25 [INFO] Epoch: 125 [25600/50000 (51%)]	 Training Loss: 0.083 ACC: 92.82 CR: 0.35 Avg R1: 4.63 Avg R2: 1.15 Avg Reward: 5.775724
2026-05-16 10:43:33 [INFO] Epoch: 125 [38400/50000 (77%)]	 Training Loss: 0.083 ACC: 92.82 CR: 0.35 Avg R1: 4.63 Avg R2: 1.15 Avg Reward: 5.774932
2026-05-16 10:43:40 [INFO] EPOCH:125, ======================CR:0.34834====================
2026-05-16 10:43:40 [INFO] -0.036428388716147946
2026-05-16 10:43:42 [INFO] EPOCH:125, ======================ACC:92.76====================
2026-05-16 10:43:42 [INFO] BEST EPOCH:125,BEST ACC:92.76
2026-05-16 10:43:50 [INFO] Epoch: 126 [12800/50000 (26%)]	 Training Loss: 0.081 ACC: 92.64 CR: 0.34 Avg R1: 4.67 Avg R2: 1.13 Avg Reward: 5.800086
2026-05-16 10:43:59 [INFO] Epoch: 126 [25600/50000 (51%)]	 Training Loss: 0.080 ACC: 92.80 CR: 0.34 Avg R1: 4.69 Avg R2: 1.12 Avg Reward: 5.812124
2026-05-16 10:44:07 [INFO] Epoch: 126 [38400/50000 (77%)]	 Training Loss: 0.079 ACC: 92.81 CR: 0.33 Avg R1: 4.72 Avg R2: 1.12 Avg Reward: 5.831488
2026-05-16 10:44:14 [INFO] EPOCH:126, ======================CR:0.3178====================
2026-05-16 10:44:14 [INFO] -0.04181411807258827
2026-05-16 10:44:16 [INFO] EPOCH:126, ======================ACC:92.08====================
2026-05-16 10:44:16 [INFO] BEST EPOCH:125,BEST ACC:92.76
2026-05-16 10:44:25 [INFO] Epoch: 127 [12800/50000 (26%)]	 Training Loss: 0.070 ACC: 93.37 CR: 0.31 Avg R1: 4.91 Avg R2: 1.06 Avg Reward: 5.969922
2026-05-16 10:44:34 [INFO] Epoch: 127 [25600/50000 (51%)]	 Training Loss: 0.067 ACC: 93.43 CR: 0.29 Avg R1: 4.93 Avg R2: 1.05 Avg Reward: 5.977858
2026-05-16 10:44:43 [INFO] Epoch: 127 [38400/50000 (77%)]	 Training Loss: 0.066 ACC: 93.43 CR: 0.27 Avg R1: 4.85 Avg R2: 1.04 Avg Reward: 5.893156
2026-05-16 10:44:51 [INFO] EPOCH:127, ======================CR:0.26228====================
2026-05-16 10:44:51 [INFO] -0.059896144931795056
2026-05-16 10:44:53 [INFO] EPOCH:127, ======================ACC:92.33====================
2026-05-16 10:44:53 [INFO] BEST EPOCH:125,BEST ACC:92.76
2026-05-16 10:45:02 [INFO] Epoch: 128 [12800/50000 (26%)]	 Training Loss: 0.068 ACC: 93.89 CR: 0.27 Avg R1: 4.46 Avg R2: 0.97 Avg Reward: 5.426387
2026-05-16 10:45:10 [INFO] Epoch: 128 [25600/50000 (51%)]	 Training Loss: 0.068 ACC: 93.71 CR: 0.28 Avg R1: 4.55 Avg R2: 0.98 Avg Reward: 5.523626
2026-05-16 10:45:18 [INFO] Epoch: 128 [38400/50000 (77%)]	 Training Loss: 0.068 ACC: 93.73 CR: 0.29 Avg R1: 4.63 Avg R2: 0.98 Avg Reward: 5.611433
2026-05-16 10:45:25 [INFO] EPOCH:128, ======================CR:0.30272====================
2026-05-16 10:45:25 [INFO] -0.03740355651664681
2026-05-16 10:45:27 [INFO] EPOCH:128, ======================ACC:93.02====================
2026-05-16 10:45:27 [INFO] BEST EPOCH:128,BEST ACC:93.02
2026-05-16 10:45:27 [INFO] Saving Masks: current CR 0.3027 target CR 0.3000
2026-05-16 10:45:27 [INFO] Updated candidate mask pretrained-rescale_mask_best-acc_30_05160939_resnet18 at epoch 128 with acc 93.0200
2026-05-16 10:45:36 [INFO] Epoch: 129 [12800/50000 (26%)]	 Training Loss: 0.070 ACC: 93.69 CR: 0.30 Avg R1: 4.97 Avg R2: 1.02 Avg Reward: 5.992996
2026-05-16 10:45:45 [INFO] Epoch: 129 [25600/50000 (51%)]	 Training Loss: 0.071 ACC: 93.48 CR: 0.30 Avg R1: 4.98 Avg R2: 1.02 Avg Reward: 5.997944
2026-05-16 10:45:53 [INFO] Epoch: 129 [38400/50000 (77%)]	 Training Loss: 0.070 ACC: 93.48 CR: 0.30 Avg R1: 4.98 Avg R2: 1.02 Avg Reward: 5.998972
2026-05-16 10:46:00 [INFO] EPOCH:129, ======================CR:0.28854====================
2026-05-16 10:46:00 [INFO] -0.028971902396027295
2026-05-16 10:46:02 [INFO] EPOCH:129, ======================ACC:92.36====================
2026-05-16 10:46:02 [INFO] BEST EPOCH:128,BEST ACC:93.02
2026-05-16 10:46:09 [INFO] Epoch: 130 [12800/50000 (26%)]	 Training Loss: 0.066 ACC: 93.90 CR: 0.29 Avg R1: 4.80 Avg R2: 1.00 Avg Reward: 5.804169
2026-05-16 10:46:19 [INFO] Epoch: 130 [25600/50000 (51%)]	 Training Loss: 0.068 ACC: 93.89 CR: 0.30 Avg R1: 4.85 Avg R2: 1.01 Avg Reward: 5.855206
2026-05-16 10:46:26 [INFO] Epoch: 130 [38400/50000 (77%)]	 Training Loss: 0.069 ACC: 93.84 CR: 0.31 Avg R1: 4.89 Avg R2: 1.01 Avg Reward: 5.902842
2026-05-16 10:46:35 [INFO] EPOCH:130, ======================CR:0.31278====================
2026-05-16 10:46:35 [INFO] -0.027846203981163335
2026-05-16 10:46:37 [INFO] EPOCH:130, ======================ACC:92.31====================
2026-05-16 10:46:37 [INFO] BEST EPOCH:128,BEST ACC:93.02
2026-05-16 10:46:46 [INFO] Epoch: 131 [12800/50000 (26%)]	 Training Loss: 0.077 ACC: 93.34 CR: 0.31 Avg R1: 4.90 Avg R2: 1.03 Avg Reward: 5.934784
2026-05-16 10:46:55 [INFO] Epoch: 131 [25600/50000 (51%)]	 Training Loss: 0.073 ACC: 93.64 CR: 0.31 Avg R1: 4.90 Avg R2: 1.03 Avg Reward: 5.936901
2026-05-16 10:47:05 [INFO] Epoch: 131 [38400/50000 (77%)]	 Training Loss: 0.073 ACC: 93.64 CR: 0.31 Avg R1: 4.90 Avg R2: 1.04 Avg Reward: 5.938072
2026-05-16 10:47:13 [INFO] EPOCH:131, ======================CR:0.31254====================
2026-05-16 10:47:13 [INFO] -0.015341586846252465
2026-05-16 10:47:15 [INFO] EPOCH:131, ======================ACC:92.78====================
2026-05-16 10:47:15 [INFO] BEST EPOCH:128,BEST ACC:93.02
2026-05-16 10:47:24 [INFO] Epoch: 132 [12800/50000 (26%)]	 Training Loss: 0.068 ACC: 93.98 CR: 0.31 Avg R1: 4.92 Avg R2: 1.04 Avg Reward: 5.963515
2026-05-16 10:47:33 [INFO] Epoch: 132 [25600/50000 (51%)]	 Training Loss: 0.067 ACC: 93.94 CR: 0.30 Avg R1: 4.94 Avg R2: 1.04 Avg Reward: 5.976996
2026-05-16 10:47:44 [INFO] Epoch: 132 [38400/50000 (77%)]	 Training Loss: 0.066 ACC: 94.02 CR: 0.30 Avg R1: 4.96 Avg R2: 1.03 Avg Reward: 5.985999
2026-05-16 10:47:51 [INFO] EPOCH:132, ======================CR:0.30256====================
2026-05-16 10:47:51 [INFO] -0.03674852504043184
2026-05-16 10:47:53 [INFO] EPOCH:132, ======================ACC:93.04====================
2026-05-16 10:47:53 [INFO] BEST EPOCH:132,BEST ACC:93.04
2026-05-16 10:47:53 [INFO] Saving Masks: current CR 0.3026 target CR 0.3000
2026-05-16 10:47:53 [INFO] Updated candidate mask pretrained-rescale_mask_best-acc_30_05160939_resnet18 at epoch 132 with acc 93.0400
2026-05-16 10:48:02 [INFO] Epoch: 133 [12800/50000 (26%)]	 Training Loss: 0.077 ACC: 93.58 CR: 0.31 Avg R1: 4.95 Avg R2: 1.02 Avg Reward: 5.969629
2026-05-16 10:48:11 [INFO] Epoch: 133 [25600/50000 (51%)]	 Training Loss: 0.072 ACC: 93.77 CR: 0.31 Avg R1: 4.94 Avg R2: 1.02 Avg Reward: 5.956099
2026-05-16 10:48:20 [INFO] Epoch: 133 [38400/50000 (77%)]	 Training Loss: 0.069 ACC: 93.97 CR: 0.31 Avg R1: 4.93 Avg R2: 1.02 Avg Reward: 5.951269
2026-05-16 10:48:30 [INFO] EPOCH:133, ======================CR:0.31104====================
2026-05-16 10:48:30 [INFO] -0.01254334020919715
2026-05-16 10:48:32 [INFO] EPOCH:133, ======================ACC:91.39====================
2026-05-16 10:48:32 [INFO] BEST EPOCH:132,BEST ACC:93.04
2026-05-16 10:48:40 [INFO] Epoch: 134 [12800/50000 (26%)]	 Training Loss: 0.061 ACC: 94.17 CR: 0.30 Avg R1: 4.95 Avg R2: 1.02 Avg Reward: 5.968748
2026-05-16 10:48:50 [INFO] Epoch: 134 [25600/50000 (51%)]	 Training Loss: 0.060 ACC: 94.18 CR: 0.30 Avg R1: 4.96 Avg R2: 1.01 Avg Reward: 5.973525
2026-05-16 10:49:00 [INFO] Epoch: 134 [38400/50000 (77%)]	 Training Loss: 0.061 ACC: 94.17 CR: 0.29 Avg R1: 4.93 Avg R2: 1.01 Avg Reward: 5.934504
2026-05-16 10:49:09 [INFO] EPOCH:134, ======================CR:0.29142====================
2026-05-16 10:49:09 [INFO] -0.016797092783979492
2026-05-16 10:49:10 [INFO] EPOCH:134, ======================ACC:92.86====================
2026-05-16 10:49:10 [INFO] BEST EPOCH:132,BEST ACC:93.04
2026-05-16 10:49:10 [INFO] Saving Masks: current CR 0.2914 target CR 0.3000
2026-05-16 10:49:19 [INFO] Epoch: 135 [12800/50000 (26%)]	 Training Loss: 0.069 ACC: 94.15 CR: 0.30 Avg R1: 4.93 Avg R2: 0.99 Avg Reward: 5.921612
2026-05-16 10:49:28 [INFO] Epoch: 135 [25600/50000 (51%)]	 Training Loss: 0.071 ACC: 93.90 CR: 0.31 Avg R1: 4.94 Avg R2: 1.00 Avg Reward: 5.935900
2026-05-16 10:49:38 [INFO] Epoch: 135 [38400/50000 (77%)]	 Training Loss: 0.072 ACC: 93.94 CR: 0.33 Avg R1: 4.91 Avg R2: 1.01 Avg Reward: 5.918252
2026-05-16 10:49:48 [INFO] EPOCH:135, ======================CR:0.34092====================
2026-05-16 10:49:48 [INFO] -0.015167266488486746
2026-05-16 10:49:50 [INFO] EPOCH:135, ======================ACC:92.42====================
2026-05-16 10:49:50 [INFO] BEST EPOCH:132,BEST ACC:93.04
2026-05-16 10:50:00 [INFO] Epoch: 136 [12800/50000 (26%)]	 Training Loss: 0.078 ACC: 93.69 CR: 0.34 Avg R1: 4.69 Avg R2: 1.08 Avg Reward: 5.768973
2026-05-16 10:50:10 [INFO] Epoch: 136 [25600/50000 (51%)]	 Training Loss: 0.076 ACC: 93.77 CR: 0.35 Avg R1: 4.68 Avg R2: 1.08 Avg Reward: 5.762950
2026-05-16 10:50:20 [INFO] Epoch: 136 [38400/50000 (77%)]	 Training Loss: 0.074 ACC: 93.85 CR: 0.34 Avg R1: 4.68 Avg R2: 1.08 Avg Reward: 5.764458
2026-05-16 10:50:27 [INFO] EPOCH:136, ======================CR:0.3444====================
2026-05-16 10:50:27 [INFO] -0.0037999707419012815
2026-05-16 10:50:29 [INFO] EPOCH:136, ======================ACC:93.15====================
2026-05-16 10:50:29 [INFO] BEST EPOCH:136,BEST ACC:93.15
2026-05-16 10:50:37 [INFO] Epoch: 137 [12800/50000 (26%)]	 Training Loss: 0.066 ACC: 94.57 CR: 0.35 Avg R1: 4.68 Avg R2: 1.08 Avg Reward: 5.755146
2026-05-16 10:50:48 [INFO] Epoch: 137 [25600/50000 (51%)]	 Training Loss: 0.067 ACC: 94.48 CR: 0.35 Avg R1: 4.67 Avg R2: 1.08 Avg Reward: 5.748499
2026-05-16 10:50:57 [INFO] Epoch: 137 [38400/50000 (77%)]	 Training Loss: 0.067 ACC: 94.37 CR: 0.35 Avg R1: 4.66 Avg R2: 1.08 Avg Reward: 5.739710
2026-05-16 10:51:05 [INFO] EPOCH:137, ======================CR:0.35088====================
2026-05-16 10:51:05 [INFO] -0.009968066186341008
2026-05-16 10:51:07 [INFO] EPOCH:137, ======================ACC:92.82====================
2026-05-16 10:51:07 [INFO] BEST EPOCH:136,BEST ACC:93.15
2026-05-16 10:51:17 [INFO] Epoch: 138 [12800/50000 (26%)]	 Training Loss: 0.069 ACC: 94.46 CR: 0.35 Avg R1: 4.65 Avg R2: 1.07 Avg Reward: 5.715123
2026-05-16 10:51:26 [INFO] Epoch: 138 [25600/50000 (51%)]	 Training Loss: 0.069 ACC: 94.46 CR: 0.34 Avg R1: 4.66 Avg R2: 1.06 Avg Reward: 5.726108
2026-05-16 10:51:34 [INFO] Epoch: 138 [38400/50000 (77%)]	 Training Loss: 0.069 ACC: 94.49 CR: 0.34 Avg R1: 4.68 Avg R2: 1.06 Avg Reward: 5.735979
2026-05-16 10:51:42 [INFO] EPOCH:138, ======================CR:0.3412====================
2026-05-16 10:51:42 [INFO] -0.007377747586582614
2026-05-16 10:51:44 [INFO] EPOCH:138, ======================ACC:92.81====================
2026-05-16 10:51:44 [INFO] BEST EPOCH:136,BEST ACC:93.15
2026-05-16 10:51:53 [INFO] Epoch: 139 [12800/50000 (26%)]	 Training Loss: 0.070 ACC: 94.08 CR: 0.34 Avg R1: 4.71 Avg R2: 1.06 Avg Reward: 5.763760
2026-05-16 10:52:03 [INFO] Epoch: 139 [25600/50000 (51%)]	 Training Loss: 0.068 ACC: 94.15 CR: 0.34 Avg R1: 4.71 Avg R2: 1.06 Avg Reward: 5.769216
2026-05-16 10:52:13 [INFO] Epoch: 139 [38400/50000 (77%)]	 Training Loss: 0.068 ACC: 94.20 CR: 0.34 Avg R1: 4.72 Avg R2: 1.06 Avg Reward: 5.774338
2026-05-16 10:52:20 [INFO] EPOCH:139, ======================CR:0.33194====================
2026-05-16 10:52:20 [INFO] -9.211177957808777e-05
2026-05-16 10:52:22 [INFO] EPOCH:139, ======================ACC:93.58====================
2026-05-16 10:52:22 [INFO] BEST EPOCH:139,BEST ACC:93.58
2026-05-16 10:52:31 [INFO] Epoch: 140 [12800/50000 (26%)]	 Training Loss: 0.055 ACC: 95.14 CR: 0.33 Avg R1: 4.78 Avg R2: 1.04 Avg Reward: 5.819131
2026-05-16 10:52:40 [INFO] Epoch: 140 [25600/50000 (51%)]	 Training Loss: 0.056 ACC: 95.05 CR: 0.32 Avg R1: 4.79 Avg R2: 1.04 Avg Reward: 5.828712
2026-05-16 10:52:48 [INFO] Epoch: 140 [38400/50000 (77%)]	 Training Loss: 0.058 ACC: 94.92 CR: 0.32 Avg R1: 4.81 Avg R2: 1.03 Avg Reward: 5.846093
2026-05-16 10:52:58 [INFO] EPOCH:140, ======================CR:0.30936====================
2026-05-16 10:52:58 [INFO] -0.012755809855134342
2026-05-16 10:53:00 [INFO] EPOCH:140, ======================ACC:93.44====================
2026-05-16 10:53:00 [INFO] BEST EPOCH:139,BEST ACC:93.58
2026-05-16 10:53:00 [INFO] Saving Masks: current CR 0.3094 target CR 0.3000
2026-05-16 10:53:00 [INFO] Updated candidate mask pretrained-rescale_mask_best-acc_30_05160939_resnet18 at epoch 140 with acc 93.4400
2026-05-16 10:53:09 [INFO] Epoch: 141 [12800/50000 (26%)]	 Training Loss: 0.054 ACC: 95.11 CR: 0.31 Avg R1: 4.94 Avg R2: 0.99 Avg Reward: 5.929976
2026-05-16 10:53:19 [INFO] Epoch: 141 [25600/50000 (51%)]	 Training Loss: 0.054 ACC: 95.06 CR: 0.30 Avg R1: 4.95 Avg R2: 0.98 Avg Reward: 5.935544
2026-05-16 10:53:29 [INFO] Epoch: 141 [38400/50000 (77%)]	 Training Loss: 0.054 ACC: 95.15 CR: 0.31 Avg R1: 4.95 Avg R2: 0.98 Avg Reward: 5.937451
2026-05-16 10:53:37 [INFO] EPOCH:141, ======================CR:0.30562====================
2026-05-16 10:53:37 [INFO] -0.003475645217681074
2026-05-16 10:53:38 [INFO] EPOCH:141, ======================ACC:92.58====================
2026-05-16 10:53:38 [INFO] BEST EPOCH:140,BEST ACC:93.58
2026-05-16 10:53:38 [INFO] Saving Masks: current CR 0.3056 target CR 0.3000
2026-05-16 10:53:48 [INFO] Epoch: 142 [12800/50000 (26%)]	 Training Loss: 0.057 ACC: 95.02 CR: 0.31 Avg R1: 4.96 Avg R2: 0.97 Avg Reward: 5.928942
2026-05-16 10:53:58 [INFO] Epoch: 142 [25600/50000 (51%)]	 Training Loss: 0.058 ACC: 94.95 CR: 0.30 Avg R1: 4.96 Avg R2: 0.97 Avg Reward: 5.931987
2026-05-16 10:54:08 [INFO] Epoch: 142 [38400/50000 (77%)]	 Training Loss: 0.056 ACC: 95.09 CR: 0.30 Avg R1: 4.97 Avg R2: 0.97 Avg Reward: 5.937594
2026-05-16 10:54:18 [INFO] EPOCH:142, ======================CR:0.29822====================
2026-05-16 10:54:18 [INFO] 0.012242997877393889
2026-05-16 10:54:20 [INFO] EPOCH:142, ======================ACC:93.44====================
2026-05-16 10:54:20 [INFO] BEST EPOCH:140,BEST ACC:93.58
2026-05-16 10:54:20 [INFO] Saving Masks: current CR 0.2982 target CR 0.3000
2026-05-16 10:54:20 [INFO] Updated candidate mask pretrained-rescale_mask_best-acc_30_05160939_resnet18 at epoch 142 with acc 93.4400
2026-05-16 10:54:30 [INFO] Epoch: 143 [12800/50000 (26%)]	 Training Loss: 0.054 ACC: 95.40 CR: 0.30 Avg R1: 4.99 Avg R2: 0.96 Avg Reward: 5.950367
2026-05-16 10:54:39 [INFO] Epoch: 143 [25600/50000 (51%)]	 Training Loss: 0.054 ACC: 95.41 CR: 0.30 Avg R1: 4.99 Avg R2: 0.96 Avg Reward: 5.951293
2026-05-16 10:54:49 [INFO] Epoch: 143 [38400/50000 (77%)]	 Training Loss: 0.055 ACC: 95.34 CR: 0.30 Avg R1: 4.98 Avg R2: 0.97 Avg Reward: 5.949669
2026-05-16 10:54:57 [INFO] EPOCH:143, ======================CR:0.2979====================
2026-05-16 10:54:57 [INFO] 0.006736199988300973
2026-05-16 10:54:59 [INFO] EPOCH:143, ======================ACC:93.82====================
2026-05-16 10:54:59 [INFO] BEST EPOCH:143,BEST ACC:93.82
2026-05-16 10:54:59 [INFO] Saving Masks: current CR 0.2979 target CR 0.3000
2026-05-16 10:54:59 [INFO] Updated candidate mask pretrained-rescale_mask_best-acc_30_05160939_resnet18 at epoch 143 with acc 93.8200
2026-05-16 10:55:08 [INFO] Epoch: 144 [12800/50000 (26%)]	 Training Loss: 0.051 ACC: 95.41 CR: 0.30 Avg R1: 4.95 Avg R2: 0.95 Avg Reward: 5.905266
2026-05-16 10:55:17 [INFO] Epoch: 144 [25600/50000 (51%)]	 Training Loss: 0.054 ACC: 95.35 CR: 0.30 Avg R1: 4.97 Avg R2: 0.96 Avg Reward: 5.923573
2026-05-16 10:55:25 [INFO] Epoch: 144 [38400/50000 (77%)]	 Training Loss: 0.055 ACC: 95.35 CR: 0.32 Avg R1: 4.95 Avg R2: 0.96 Avg Reward: 5.913898
2026-05-16 10:55:34 [INFO] EPOCH:144, ======================CR:0.32752====================
2026-05-16 10:55:34 [INFO] 0.00670563893188584
2026-05-16 10:55:36 [INFO] EPOCH:144, ======================ACC:93.58====================
2026-05-16 10:55:36 [INFO] BEST EPOCH:143,BEST ACC:93.82
2026-05-16 10:55:45 [INFO] Epoch: 145 [12800/50000 (26%)]	 Training Loss: 0.059 ACC: 95.48 CR: 0.33 Avg R1: 4.79 Avg R2: 0.99 Avg Reward: 5.786065
2026-05-16 10:55:54 [INFO] Epoch: 145 [25600/50000 (51%)]	 Training Loss: 0.058 ACC: 95.29 CR: 0.34 Avg R1: 4.77 Avg R2: 1.00 Avg Reward: 5.771238
2026-05-16 10:56:02 [INFO] Epoch: 145 [38400/50000 (77%)]	 Training Loss: 0.058 ACC: 95.22 CR: 0.34 Avg R1: 4.76 Avg R2: 1.00 Avg Reward: 5.762705
2026-05-16 10:56:09 [INFO] EPOCH:145, ======================CR:0.3363====================
2026-05-16 10:56:09 [INFO] 0.01355597267250228
2026-05-16 10:56:11 [INFO] EPOCH:145, ======================ACC:93.61====================
2026-05-16 10:56:11 [INFO] BEST EPOCH:143,BEST ACC:93.82
2026-05-16 10:56:20 [INFO] Epoch: 146 [12800/50000 (26%)]	 Training Loss: 0.053 ACC: 95.56 CR: 0.34 Avg R1: 4.75 Avg R2: 1.01 Avg Reward: 5.756353
2026-05-16 10:56:30 [INFO] Epoch: 146 [25600/50000 (51%)]	 Training Loss: 0.054 ACC: 95.50 CR: 0.33 Avg R1: 4.75 Avg R2: 1.01 Avg Reward: 5.757435
2026-05-16 10:56:39 [INFO] Epoch: 146 [38400/50000 (77%)]	 Training Loss: 0.054 ACC: 95.49 CR: 0.34 Avg R1: 4.75 Avg R2: 1.01 Avg Reward: 5.755239
2026-05-16 10:56:48 [INFO] EPOCH:146, ======================CR:0.33594====================
2026-05-16 10:56:48 [INFO] 0.003457951852849674
2026-05-16 10:56:50 [INFO] EPOCH:146, ======================ACC:94.09====================
2026-05-16 10:56:50 [INFO] BEST EPOCH:146,BEST ACC:94.09
2026-05-16 10:56:59 [INFO] Epoch: 147 [12800/50000 (26%)]	 Training Loss: 0.055 ACC: 95.44 CR: 0.34 Avg R1: 4.74 Avg R2: 1.00 Avg Reward: 5.743620
2026-05-16 10:57:09 [INFO] Epoch: 147 [25600/50000 (51%)]	 Training Loss: 0.055 ACC: 95.50 CR: 0.34 Avg R1: 4.74 Avg R2: 1.00 Avg Reward: 5.740794
2026-05-16 10:57:18 [INFO] Epoch: 147 [38400/50000 (77%)]	 Training Loss: 0.056 ACC: 95.46 CR: 0.34 Avg R1: 4.73 Avg R2: 1.01 Avg Reward: 5.736185
2026-05-16 10:57:26 [INFO] EPOCH:147, ======================CR:0.3422====================
2026-05-16 10:57:26 [INFO] -0.0003363813657102364
2026-05-16 10:57:27 [INFO] EPOCH:147, ======================ACC:94.21====================
2026-05-16 10:57:27 [INFO] BEST EPOCH:147,BEST ACC:94.21
2026-05-16 10:57:35 [INFO] Epoch: 148 [12800/50000 (26%)]	 Training Loss: 0.049 ACC: 96.00 CR: 0.34 Avg R1: 4.69 Avg R2: 1.01 Avg Reward: 5.704419
2026-05-16 10:57:43 [INFO] Epoch: 148 [25600/50000 (51%)]	 Training Loss: 0.052 ACC: 95.79 CR: 0.34 Avg R1: 4.70 Avg R2: 1.01 Avg Reward: 5.710119
2026-05-16 10:57:53 [INFO] Epoch: 148 [38400/50000 (77%)]	 Training Loss: 0.051 ACC: 95.76 CR: 0.33 Avg R1: 4.71 Avg R2: 1.01 Avg Reward: 5.719306
2026-05-16 10:58:01 [INFO] EPOCH:148, ======================CR:0.32862====================
2026-05-16 10:58:01 [INFO] 0.00130263452202831
2026-05-16 10:58:03 [INFO] EPOCH:148, ======================ACC:93.88====================
2026-05-16 10:58:03 [INFO] BEST EPOCH:147,BEST ACC:94.21
2026-05-16 10:58:11 [INFO] Epoch: 149 [12800/50000 (26%)]	 Training Loss: 0.051 ACC: 95.73 CR: 0.33 Avg R1: 4.81 Avg R2: 0.97 Avg Reward: 5.779693
2026-05-16 10:58:20 [INFO] Epoch: 149 [25600/50000 (51%)]	 Training Loss: 0.049 ACC: 95.79 CR: 0.32 Avg R1: 4.82 Avg R2: 0.97 Avg Reward: 5.785594
2026-05-16 10:58:28 [INFO] Epoch: 149 [38400/50000 (77%)]	 Training Loss: 0.050 ACC: 95.69 CR: 0.32 Avg R1: 4.83 Avg R2: 0.97 Avg Reward: 5.794051
2026-05-16 10:58:35 [INFO] EPOCH:149, ======================CR:0.32172====================
2026-05-16 10:58:35 [INFO] -0.010539646496468554
2026-05-16 10:58:37 [INFO] EPOCH:149, ======================ACC:93.61====================
2026-05-16 10:58:37 [INFO] BEST EPOCH:147,BEST ACC:94.21
2026-05-16 10:58:45 [INFO] Epoch: 150 [12800/50000 (26%)]	 Training Loss: 0.051 ACC: 95.51 CR: 0.32 Avg R1: 4.84 Avg R2: 0.96 Avg Reward: 5.801948
2026-05-16 10:58:54 [INFO] Epoch: 150 [25600/50000 (51%)]	 Training Loss: 0.051 ACC: 95.62 CR: 0.32 Avg R1: 4.83 Avg R2: 0.96 Avg Reward: 5.795689
2026-05-16 10:59:01 [INFO] Epoch: 150 [38400/50000 (77%)]	 Training Loss: 0.050 ACC: 95.72 CR: 0.32 Avg R1: 4.83 Avg R2: 0.96 Avg Reward: 5.792414
2026-05-16 10:59:10 [INFO] EPOCH:150, ======================CR:0.32428====================
2026-05-16 10:59:10 [INFO] -0.0054120387304157575
2026-05-16 10:59:12 [INFO] EPOCH:150, ======================ACC:93.55====================
2026-05-16 10:59:12 [INFO] BEST EPOCH:147,BEST ACC:94.21
2026-05-16 10:59:21 [INFO] Epoch: 151 [12800/50000 (26%)]	 Training Loss: 0.044 ACC: 96.06 CR: 0.32 Avg R1: 4.85 Avg R2: 0.96 Avg Reward: 5.806917
2026-05-16 10:59:31 [INFO] Epoch: 151 [25600/50000 (51%)]	 Training Loss: 0.043 ACC: 96.30 CR: 0.31 Avg R1: 4.86 Avg R2: 0.96 Avg Reward: 5.819453
2026-05-16 10:59:41 [INFO] Epoch: 151 [38400/50000 (77%)]	 Training Loss: 0.043 ACC: 96.24 CR: 0.31 Avg R1: 4.88 Avg R2: 0.95 Avg Reward: 5.828513
2026-05-16 10:59:49 [INFO] EPOCH:151, ======================CR:0.30954====================
2026-05-16 10:59:49 [INFO] -0.014340726266799256
2026-05-16 10:59:51 [INFO] EPOCH:151, ======================ACC:94.26====================
2026-05-16 10:59:51 [INFO] BEST EPOCH:151,BEST ACC:94.26
2026-05-16 10:59:51 [INFO] Saving Masks: current CR 0.3095 target CR 0.3000
2026-05-16 10:59:51 [INFO] Updated candidate mask pretrained-rescale_mask_best-acc_30_05160939_resnet18 at epoch 151 with acc 94.2600
2026-05-16 11:00:00 [INFO] Epoch: 152 [12800/50000 (26%)]	 Training Loss: 0.044 ACC: 96.09 CR: 0.31 Avg R1: 4.93 Avg R2: 0.93 Avg Reward: 5.860375
2026-05-16 11:00:08 [INFO] Epoch: 152 [25600/50000 (51%)]	 Training Loss: 0.043 ACC: 96.37 CR: 0.31 Avg R1: 4.93 Avg R2: 0.93 Avg Reward: 5.858268
2026-05-16 11:00:17 [INFO] Epoch: 152 [38400/50000 (77%)]	 Training Loss: 0.043 ACC: 96.31 CR: 0.31 Avg R1: 4.93 Avg R2: 0.93 Avg Reward: 5.859148
2026-05-16 11:00:25 [INFO] EPOCH:152, ======================CR:0.30644====================
2026-05-16 11:00:25 [INFO] -0.019199825331983934
2026-05-16 11:00:27 [INFO] EPOCH:152, ======================ACC:94.71====================
2026-05-16 11:00:27 [INFO] BEST EPOCH:152,BEST ACC:94.71
2026-05-16 11:00:27 [INFO] Saving Masks: current CR 0.3064 target CR 0.3000
2026-05-16 11:00:27 [INFO] Updated candidate mask pretrained-rescale_mask_best-acc_30_05160939_resnet18 at epoch 152 with acc 94.7100
2026-05-16 11:00:36 [INFO] Epoch: 153 [12800/50000 (26%)]	 Training Loss: 0.040 ACC: 96.55 CR: 0.30 Avg R1: 4.97 Avg R2: 0.91 Avg Reward: 5.882095
2026-05-16 11:00:44 [INFO] Epoch: 153 [25600/50000 (51%)]	 Training Loss: 0.040 ACC: 96.64 CR: 0.30 Avg R1: 4.98 Avg R2: 0.91 Avg Reward: 5.890118
2026-05-16 11:00:51 [INFO] Epoch: 153 [38400/50000 (77%)]	 Training Loss: 0.041 ACC: 96.51 CR: 0.30 Avg R1: 4.98 Avg R2: 0.91 Avg Reward: 5.890026
2026-05-16 11:00:59 [INFO] EPOCH:153, ======================CR:0.298====================
2026-05-16 11:00:59 [INFO] -0.01825235183157957
2026-05-16 11:01:01 [INFO] EPOCH:153, ======================ACC:94.11====================
2026-05-16 11:01:01 [INFO] BEST EPOCH:152,BEST ACC:94.71
2026-05-16 11:01:01 [INFO] Saving Masks: current CR 0.2980 target CR 0.3000
2026-05-16 11:01:11 [INFO] Epoch: 154 [12800/50000 (26%)]	 Training Loss: 0.043 ACC: 96.30 CR: 0.30 Avg R1: 4.99 Avg R2: 0.90 Avg Reward: 5.885380
2026-05-16 11:01:20 [INFO] Epoch: 154 [25600/50000 (51%)]	 Training Loss: 0.042 ACC: 96.36 CR: 0.31 Avg R1: 4.97 Avg R2: 0.90 Avg Reward: 5.868569
2026-05-16 11:01:28 [INFO] Epoch: 154 [38400/50000 (77%)]	 Training Loss: 0.043 ACC: 96.42 CR: 0.32 Avg R1: 4.95 Avg R2: 0.90 Avg Reward: 5.848779
2026-05-16 11:01:37 [INFO] EPOCH:154, ======================CR:0.3178====================
2026-05-16 11:01:37 [INFO] -0.005635179585633638
2026-05-16 11:01:39 [INFO] EPOCH:154, ======================ACC:94.3====================
2026-05-16 11:01:39 [INFO] BEST EPOCH:152,BEST ACC:94.71
2026-05-16 11:01:47 [INFO] Epoch: 155 [12800/50000 (26%)]	 Training Loss: 0.036 ACC: 96.93 CR: 0.31 Avg R1: 4.89 Avg R2: 0.91 Avg Reward: 5.798351
2026-05-16 11:01:56 [INFO] Epoch: 155 [25600/50000 (51%)]	 Training Loss: 0.037 ACC: 96.76 CR: 0.31 Avg R1: 4.91 Avg R2: 0.91 Avg Reward: 5.813696
2026-05-16 11:02:05 [INFO] Epoch: 155 [38400/50000 (77%)]	 Training Loss: 0.039 ACC: 96.64 CR: 0.30 Avg R1: 4.93 Avg R2: 0.90 Avg Reward: 5.831563
2026-05-16 11:02:13 [INFO] EPOCH:155, ======================CR:0.2976====================
2026-05-16 11:02:13 [INFO] -0.005823514461370134
2026-05-16 11:02:15 [INFO] EPOCH:155, ======================ACC:94.65====================
2026-05-16 11:02:15 [INFO] BEST EPOCH:152,BEST ACC:94.71
2026-05-16 11:02:15 [INFO] Saving Masks: current CR 0.2976 target CR 0.3000
2026-05-16 11:02:24 [INFO] Epoch: 156 [12800/50000 (26%)]	 Training Loss: 0.037 ACC: 97.14 CR: 0.30 Avg R1: 4.98 Avg R2: 0.88 Avg Reward: 5.859210
2026-05-16 11:02:34 [INFO] Epoch: 156 [25600/50000 (51%)]	 Training Loss: 0.038 ACC: 96.86 CR: 0.31 Avg R1: 4.98 Avg R2: 0.88 Avg Reward: 5.858965
2026-05-16 11:02:42 [INFO] Epoch: 156 [38400/50000 (77%)]	 Training Loss: 0.037 ACC: 96.93 CR: 0.31 Avg R1: 4.97 Avg R2: 0.89 Avg Reward: 5.852362
2026-05-16 11:02:51 [INFO] EPOCH:156, ======================CR:0.31446====================
2026-05-16 11:02:51 [INFO] -0.015657679487878187
2026-05-16 11:02:53 [INFO] EPOCH:156, ======================ACC:94.41====================
2026-05-16 11:02:53 [INFO] BEST EPOCH:152,BEST ACC:94.71
2026-05-16 11:03:02 [INFO] Epoch: 157 [12800/50000 (26%)]	 Training Loss: 0.041 ACC: 96.51 CR: 0.31 Avg R1: 4.90 Avg R2: 0.89 Avg Reward: 5.786917
2026-05-16 11:03:11 [INFO] Epoch: 157 [25600/50000 (51%)]	 Training Loss: 0.038 ACC: 96.79 CR: 0.31 Avg R1: 4.91 Avg R2: 0.89 Avg Reward: 5.798400
2026-05-16 11:03:19 [INFO] Epoch: 157 [38400/50000 (77%)]	 Training Loss: 0.037 ACC: 96.84 CR: 0.30 Avg R1: 4.93 Avg R2: 0.88 Avg Reward: 5.815638
2026-05-16 11:03:26 [INFO] EPOCH:157, ======================CR:0.29558====================
2026-05-16 11:03:26 [INFO] -0.016488250164357763
2026-05-16 11:03:28 [INFO] EPOCH:157, ======================ACC:94.5====================
2026-05-16 11:03:28 [INFO] BEST EPOCH:152,BEST ACC:94.71
2026-05-16 11:03:28 [INFO] Saving Masks: current CR 0.2956 target CR 0.3000
2026-05-16 11:03:38 [INFO] Epoch: 158 [12800/50000 (26%)]	 Training Loss: 0.037 ACC: 96.80 CR: 0.30 Avg R1: 4.96 Avg R2: 0.86 Avg Reward: 5.817723
2026-05-16 11:03:47 [INFO] Epoch: 158 [25600/50000 (51%)]	 Training Loss: 0.036 ACC: 96.90 CR: 0.31 Avg R1: 4.96 Avg R2: 0.87 Avg Reward: 5.825818
2026-05-16 11:03:56 [INFO] Epoch: 158 [38400/50000 (77%)]	 Training Loss: 0.036 ACC: 96.91 CR: 0.31 Avg R1: 4.95 Avg R2: 0.87 Avg Reward: 5.820081
2026-05-16 11:04:05 [INFO] EPOCH:158, ======================CR:0.3133====================
2026-05-16 11:04:05 [INFO] 0.0003992381489802821
2026-05-16 11:04:07 [INFO] EPOCH:158, ======================ACC:94.25====================
2026-05-16 11:04:07 [INFO] BEST EPOCH:152,BEST ACC:94.71
2026-05-16 11:04:16 [INFO] Epoch: 159 [12800/50000 (26%)]	 Training Loss: 0.034 ACC: 96.97 CR: 0.31 Avg R1: 4.92 Avg R2: 0.87 Avg Reward: 5.794369
2026-05-16 11:04:25 [INFO] Epoch: 159 [25600/50000 (51%)]	 Training Loss: 0.035 ACC: 96.96 CR: 0.31 Avg R1: 4.93 Avg R2: 0.87 Avg Reward: 5.799400
2026-05-16 11:04:34 [INFO] Epoch: 159 [38400/50000 (77%)]	 Training Loss: 0.034 ACC: 97.03 CR: 0.30 Avg R1: 4.94 Avg R2: 0.87 Avg Reward: 5.807327
2026-05-16 11:04:42 [INFO] EPOCH:159, ======================CR:0.29424====================
2026-05-16 11:04:42 [INFO] -0.011189867471344974
2026-05-16 11:04:44 [INFO] EPOCH:159, ======================ACC:94.65====================
2026-05-16 11:04:44 [INFO] BEST EPOCH:152,BEST ACC:94.71
2026-05-16 11:04:44 [INFO] Saving Masks: current CR 0.2942 target CR 0.3000
2026-05-16 11:04:53 [INFO] Epoch: 160 [12800/50000 (26%)]	 Training Loss: 0.033 ACC: 97.22 CR: 0.30 Avg R1: 4.93 Avg R2: 0.84 Avg Reward: 5.774352
2026-05-16 11:05:01 [INFO] Epoch: 160 [25600/50000 (51%)]	 Training Loss: 0.034 ACC: 97.18 CR: 0.31 Avg R1: 4.94 Avg R2: 0.85 Avg Reward: 5.795741
2026-05-16 11:05:10 [INFO] Epoch: 160 [38400/50000 (77%)]	 Training Loss: 0.033 ACC: 97.21 CR: 0.32 Avg R1: 4.93 Avg R2: 0.86 Avg Reward: 5.786453
2026-05-16 11:05:17 [INFO] EPOCH:160, ======================CR:0.32322====================
2026-05-16 11:05:17 [INFO] -0.013625633703198347
2026-05-16 11:05:19 [INFO] EPOCH:160, ======================ACC:94.85====================
2026-05-16 11:05:19 [INFO] BEST EPOCH:160,BEST ACC:94.85
2026-05-16 11:05:28 [INFO] Epoch: 161 [12800/50000 (26%)]	 Training Loss: 0.033 ACC: 97.28 CR: 0.32 Avg R1: 4.85 Avg R2: 0.87 Avg Reward: 5.716601
2026-05-16 11:05:38 [INFO] Epoch: 161 [25600/50000 (51%)]	 Training Loss: 0.033 ACC: 97.27 CR: 0.32 Avg R1: 4.85 Avg R2: 0.87 Avg Reward: 5.719051
2026-05-16 11:05:48 [INFO] Epoch: 161 [38400/50000 (77%)]	 Training Loss: 0.033 ACC: 97.26 CR: 0.32 Avg R1: 4.86 Avg R2: 0.87 Avg Reward: 5.724592
2026-05-16 11:05:56 [INFO] EPOCH:161, ======================CR:0.31072====================
2026-05-16 11:05:56 [INFO] -0.0036035541530921645
2026-05-16 11:05:58 [INFO] EPOCH:161, ======================ACC:94.8====================
2026-05-16 11:05:58 [INFO] BEST EPOCH:160,BEST ACC:94.85
2026-05-16 11:06:06 [INFO] Epoch: 162 [12800/50000 (26%)]	 Training Loss: 0.029 ACC: 97.53 CR: 0.31 Avg R1: 4.93 Avg R2: 0.85 Avg Reward: 5.778032
2026-05-16 11:06:15 [INFO] Epoch: 162 [25600/50000 (51%)]	 Training Loss: 0.032 ACC: 97.34 CR: 0.31 Avg R1: 4.94 Avg R2: 0.84 Avg Reward: 5.779906
2026-05-16 11:06:25 [INFO] Epoch: 162 [38400/50000 (77%)]	 Training Loss: 0.032 ACC: 97.30 CR: 0.31 Avg R1: 4.94 Avg R2: 0.84 Avg Reward: 5.786157
2026-05-16 11:06:32 [INFO] EPOCH:162, ======================CR:0.30088====================
2026-05-16 11:06:32 [INFO] -0.0017488836170036107
2026-05-16 11:06:34 [INFO] EPOCH:162, ======================ACC:94.85====================
2026-05-16 11:06:34 [INFO] BEST EPOCH:162,BEST ACC:94.85
2026-05-16 11:06:34 [INFO] Saving Masks: current CR 0.3009 target CR 0.3000
2026-05-16 11:06:34 [INFO] Updated candidate mask pretrained-rescale_mask_best-acc_30_05160939_resnet18 at epoch 162 with acc 94.8500
2026-05-16 11:06:41 [INFO] Epoch: 163 [12800/50000 (26%)]	 Training Loss: 0.031 ACC: 97.36 CR: 0.30 Avg R1: 4.99 Avg R2: 0.83 Avg Reward: 5.817429
2026-05-16 11:06:50 [INFO] Epoch: 163 [25600/50000 (51%)]	 Training Loss: 0.029 ACC: 97.61 CR: 0.30 Avg R1: 4.99 Avg R2: 0.82 Avg Reward: 5.816927
2026-05-16 11:06:58 [INFO] Epoch: 163 [38400/50000 (77%)]	 Training Loss: 0.029 ACC: 97.60 CR: 0.30 Avg R1: 4.98 Avg R2: 0.82 Avg Reward: 5.807362
2026-05-16 11:07:06 [INFO] EPOCH:163, ======================CR:0.30192====================
2026-05-16 11:07:06 [INFO] -0.00462109786709485
2026-05-16 11:07:08 [INFO] EPOCH:163, ======================ACC:95.18====================
2026-05-16 11:07:08 [INFO] BEST EPOCH:163,BEST ACC:95.18
2026-05-16 11:07:08 [INFO] Saving Masks: current CR 0.3019 target CR 0.3000
2026-05-16 11:07:08 [INFO] Updated candidate mask pretrained-rescale_mask_best-acc_30_05160939_resnet18 at epoch 163 with acc 95.1800
2026-05-16 11:07:17 [INFO] Epoch: 164 [12800/50000 (26%)]	 Training Loss: 0.030 ACC: 97.52 CR: 0.31 Avg R1: 4.96 Avg R2: 0.82 Avg Reward: 5.781779
2026-05-16 11:07:25 [INFO] Epoch: 164 [25600/50000 (51%)]	 Training Loss: 0.030 ACC: 97.45 CR: 0.31 Avg R1: 4.94 Avg R2: 0.82 Avg Reward: 5.767144
2026-05-16 11:07:33 [INFO] Epoch: 164 [38400/50000 (77%)]	 Training Loss: 0.030 ACC: 97.49 CR: 0.31 Avg R1: 4.93 Avg R2: 0.83 Avg Reward: 5.757816
2026-05-16 11:07:40 [INFO] EPOCH:164, ======================CR:0.31416====================
2026-05-16 11:07:40 [INFO] -0.008146471111359962
2026-05-16 11:07:42 [INFO] EPOCH:164, ======================ACC:94.71====================
2026-05-16 11:07:42 [INFO] BEST EPOCH:163,BEST ACC:95.18
2026-05-16 11:07:49 [INFO] Epoch: 165 [12800/50000 (26%)]	 Training Loss: 0.029 ACC: 97.63 CR: 0.31 Avg R1: 4.90 Avg R2: 0.83 Avg Reward: 5.737545
2026-05-16 11:07:58 [INFO] Epoch: 165 [25600/50000 (51%)]	 Training Loss: 0.029 ACC: 97.60 CR: 0.31 Avg R1: 4.90 Avg R2: 0.83 Avg Reward: 5.731554
2026-05-16 11:08:06 [INFO] Epoch: 165 [38400/50000 (77%)]	 Training Loss: 0.028 ACC: 97.69 CR: 0.31 Avg R1: 4.90 Avg R2: 0.83 Avg Reward: 5.734407
2026-05-16 11:08:12 [INFO] EPOCH:165, ======================CR:0.30904====================
2026-05-16 11:08:12 [INFO] 0.0033303649843569325
2026-05-16 11:08:14 [INFO] EPOCH:165, ======================ACC:94.86====================
2026-05-16 11:08:14 [INFO] BEST EPOCH:163,BEST ACC:95.18
2026-05-16 11:08:14 [INFO] Saving Masks: current CR 0.3090 target CR 0.3000
2026-05-16 11:08:22 [INFO] Epoch: 166 [12800/50000 (26%)]	 Training Loss: 0.028 ACC: 97.62 CR: 0.30 Avg R1: 4.96 Avg R2: 0.81 Avg Reward: 5.771514
2026-05-16 11:08:29 [INFO] Epoch: 166 [25600/50000 (51%)]	 Training Loss: 0.028 ACC: 97.68 CR: 0.30 Avg R1: 4.97 Avg R2: 0.81 Avg Reward: 5.784207
2026-05-16 11:08:36 [INFO] Epoch: 166 [38400/50000 (77%)]	 Training Loss: 0.027 ACC: 97.68 CR: 0.30 Avg R1: 4.97 Avg R2: 0.81 Avg Reward: 5.773500
2026-05-16 11:08:44 [INFO] EPOCH:166, ======================CR:0.2932====================
2026-05-16 11:08:44 [INFO] -0.0060807396320146185
2026-05-16 11:08:46 [INFO] EPOCH:166, ======================ACC:95.11====================
2026-05-16 11:08:46 [INFO] BEST EPOCH:163,BEST ACC:95.18
2026-05-16 11:08:46 [INFO] Saving Masks: current CR 0.2932 target CR 0.3000
2026-05-16 11:08:55 [INFO] Epoch: 167 [12800/50000 (26%)]	 Training Loss: 0.026 ACC: 97.77 CR: 0.30 Avg R1: 4.91 Avg R2: 0.79 Avg Reward: 5.698743
2026-05-16 11:09:04 [INFO] Epoch: 167 [25600/50000 (51%)]	 Training Loss: 0.025 ACC: 97.89 CR: 0.30 Avg R1: 4.94 Avg R2: 0.80 Avg Reward: 5.736157
2026-05-16 11:09:14 [INFO] Epoch: 167 [38400/50000 (77%)]	 Training Loss: 0.026 ACC: 97.82 CR: 0.31 Avg R1: 4.94 Avg R2: 0.80 Avg Reward: 5.743785
2026-05-16 11:09:22 [INFO] EPOCH:167, ======================CR:0.31418====================
2026-05-16 11:09:22 [INFO] -0.013328150469398095
2026-05-16 11:09:24 [INFO] EPOCH:167, ======================ACC:95.09====================
2026-05-16 11:09:24 [INFO] BEST EPOCH:163,BEST ACC:95.18
2026-05-16 11:09:32 [INFO] Epoch: 168 [12800/50000 (26%)]	 Training Loss: 0.025 ACC: 98.01 CR: 0.31 Avg R1: 4.90 Avg R2: 0.80 Avg Reward: 5.702657
2026-05-16 11:09:40 [INFO] Epoch: 168 [25600/50000 (51%)]	 Training Loss: 0.025 ACC: 98.02 CR: 0.31 Avg R1: 4.91 Avg R2: 0.80 Avg Reward: 5.711294
2026-05-16 11:09:48 [INFO] Epoch: 168 [38400/50000 (77%)]	 Training Loss: 0.025 ACC: 97.99 CR: 0.31 Avg R1: 4.92 Avg R2: 0.80 Avg Reward: 5.717483
2026-05-16 11:09:55 [INFO] EPOCH:168, ======================CR:0.30712====================
2026-05-16 11:09:55 [INFO] -0.0061064935668465655
2026-05-16 11:09:57 [INFO] EPOCH:168, ======================ACC:95.21====================
2026-05-16 11:09:57 [INFO] BEST EPOCH:168,BEST ACC:95.21
2026-05-16 11:09:57 [INFO] Saving Masks: current CR 0.3071 target CR 0.3000
2026-05-16 11:09:57 [INFO] Updated candidate mask pretrained-rescale_mask_best-acc_30_05160939_resnet18 at epoch 168 with acc 95.2100
2026-05-16 11:10:04 [INFO] Epoch: 169 [12800/50000 (26%)]	 Training Loss: 0.022 ACC: 98.09 CR: 0.30 Avg R1: 4.97 Avg R2: 0.79 Avg Reward: 5.758351
2026-05-16 11:10:13 [INFO] Epoch: 169 [25600/50000 (51%)]	 Training Loss: 0.024 ACC: 97.90 CR: 0.30 Avg R1: 4.97 Avg R2: 0.79 Avg Reward: 5.758715
2026-05-16 11:10:21 [INFO] Epoch: 169 [38400/50000 (77%)]	 Training Loss: 0.023 ACC: 97.95 CR: 0.29 Avg R1: 4.95 Avg R2: 0.78 Avg Reward: 5.731768
2026-05-16 11:10:28 [INFO] EPOCH:169, ======================CR:0.2877====================
2026-05-16 11:10:28 [INFO] -0.011737994425704003
2026-05-16 11:10:30 [INFO] EPOCH:169, ======================ACC:95.19====================
2026-05-16 11:10:30 [INFO] BEST EPOCH:168,BEST ACC:95.21
2026-05-16 11:10:40 [INFO] Epoch: 170 [12800/50000 (26%)]	 Training Loss: 0.022 ACC: 98.09 CR: 0.29 Avg R1: 4.81 Avg R2: 0.76 Avg Reward: 5.571323
2026-05-16 11:10:49 [INFO] Epoch: 170 [25600/50000 (51%)]	 Training Loss: 0.022 ACC: 98.15 CR: 0.30 Avg R1: 4.85 Avg R2: 0.76 Avg Reward: 5.617321
2026-05-16 11:10:58 [INFO] Epoch: 170 [38400/50000 (77%)]	 Training Loss: 0.022 ACC: 98.19 CR: 0.30 Avg R1: 4.90 Avg R2: 0.77 Avg Reward: 5.665263
2026-05-16 11:11:06 [INFO] EPOCH:170, ======================CR:0.30862====================
2026-05-16 11:11:06 [INFO] -0.006400846518340626
2026-05-16 11:11:08 [INFO] EPOCH:170, ======================ACC:95.42====================
2026-05-16 11:11:08 [INFO] BEST EPOCH:170,BEST ACC:95.42
2026-05-16 11:11:08 [INFO] Saving Masks: current CR 0.3086 target CR 0.3000
2026-05-16 11:11:08 [INFO] Updated candidate mask pretrained-rescale_mask_best-acc_30_05160939_resnet18 at epoch 170 with acc 95.4200
2026-05-16 11:11:15 [INFO] Epoch: 171 [12800/50000 (26%)]	 Training Loss: 0.021 ACC: 98.31 CR: 0.31 Avg R1: 4.94 Avg R2: 0.77 Avg Reward: 5.714087
2026-05-16 11:11:24 [INFO] Epoch: 171 [25600/50000 (51%)]	 Training Loss: 0.021 ACC: 98.22 CR: 0.31 Avg R1: 4.94 Avg R2: 0.77 Avg Reward: 5.717574
2026-05-16 11:11:33 [INFO] Epoch: 171 [38400/50000 (77%)]	 Training Loss: 0.022 ACC: 98.13 CR: 0.31 Avg R1: 4.94 Avg R2: 0.77 Avg Reward: 5.718087
2026-05-16 11:11:42 [INFO] EPOCH:171, ======================CR:0.31048====================
2026-05-16 11:11:42 [INFO] -0.009893204425302941
2026-05-16 11:11:44 [INFO] EPOCH:171, ======================ACC:95.42====================
2026-05-16 11:11:44 [INFO] BEST EPOCH:171,BEST ACC:95.42
2026-05-16 11:11:51 [INFO] Epoch: 172 [12800/50000 (26%)]	 Training Loss: 0.020 ACC: 98.44 CR: 0.30 Avg R1: 4.95 Avg R2: 0.77 Avg Reward: 5.712361
2026-05-16 11:11:58 [INFO] Epoch: 172 [25600/50000 (51%)]	 Training Loss: 0.021 ACC: 98.30 CR: 0.30 Avg R1: 4.96 Avg R2: 0.77 Avg Reward: 5.728397
2026-05-16 11:12:06 [INFO] Epoch: 172 [38400/50000 (77%)]	 Training Loss: 0.021 ACC: 98.28 CR: 0.30 Avg R1: 4.97 Avg R2: 0.76 Avg Reward: 5.735701
2026-05-16 11:12:13 [INFO] EPOCH:172, ======================CR:0.29672====================
2026-05-16 11:12:14 [INFO] -0.008581952705809562
2026-05-16 11:12:16 [INFO] EPOCH:172, ======================ACC:95.69====================
2026-05-16 11:12:16 [INFO] BEST EPOCH:172,BEST ACC:95.69
2026-05-16 11:12:16 [INFO] Saving Masks: current CR 0.2967 target CR 0.3000
2026-05-16 11:12:16 [INFO] Updated candidate mask pretrained-rescale_mask_best-acc_30_05160939_resnet18 at epoch 172 with acc 95.6900
2026-05-16 11:12:24 [INFO] Epoch: 173 [12800/50000 (26%)]	 Training Loss: 0.021 ACC: 98.30 CR: 0.30 Avg R1: 4.96 Avg R2: 0.75 Avg Reward: 5.715786
2026-05-16 11:12:32 [INFO] Epoch: 173 [25600/50000 (51%)]	 Training Loss: 0.020 ACC: 98.40 CR: 0.30 Avg R1: 4.98 Avg R2: 0.75 Avg Reward: 5.728566
2026-05-16 11:12:41 [INFO] Epoch: 173 [38400/50000 (77%)]	 Training Loss: 0.021 ACC: 98.34 CR: 0.31 Avg R1: 4.97 Avg R2: 0.76 Avg Reward: 5.722753
2026-05-16 11:12:50 [INFO] EPOCH:173, ======================CR:0.3166====================
2026-05-16 11:12:50 [INFO] -0.014586632635251107
2026-05-16 11:12:52 [INFO] EPOCH:173, ======================ACC:95.49====================
2026-05-16 11:12:52 [INFO] BEST EPOCH:172,BEST ACC:95.69
2026-05-16 11:13:00 [INFO] Epoch: 174 [12800/50000 (26%)]	 Training Loss: 0.020 ACC: 98.33 CR: 0.31 Avg R1: 4.89 Avg R2: 0.76 Avg Reward: 5.650978
2026-05-16 11:13:08 [INFO] Epoch: 174 [25600/50000 (51%)]	 Training Loss: 0.020 ACC: 98.39 CR: 0.31 Avg R1: 4.90 Avg R2: 0.76 Avg Reward: 5.660079
2026-05-16 11:13:16 [INFO] Epoch: 174 [38400/50000 (77%)]	 Training Loss: 0.020 ACC: 98.39 CR: 0.31 Avg R1: 4.91 Avg R2: 0.76 Avg Reward: 5.671738
2026-05-16 11:13:22 [INFO] EPOCH:174, ======================CR:0.30146====================
2026-05-16 11:13:22 [INFO] -0.013236400826098503
2026-05-16 11:13:24 [INFO] EPOCH:174, ======================ACC:95.62====================
2026-05-16 11:13:24 [INFO] BEST EPOCH:172,BEST ACC:95.69
2026-05-16 11:13:24 [INFO] Saving Masks: current CR 0.3015 target CR 0.3000
2026-05-16 11:13:32 [INFO] Epoch: 175 [12800/50000 (26%)]	 Training Loss: 0.019 ACC: 98.38 CR: 0.30 Avg R1: 4.99 Avg R2: 0.74 Avg Reward: 5.724763
2026-05-16 11:13:39 [INFO] Epoch: 175 [25600/50000 (51%)]	 Training Loss: 0.019 ACC: 98.42 CR: 0.30 Avg R1: 4.99 Avg R2: 0.73 Avg Reward: 5.725829
2026-05-16 11:13:48 [INFO] Epoch: 175 [38400/50000 (77%)]	 Training Loss: 0.019 ACC: 98.41 CR: 0.30 Avg R1: 4.98 Avg R2: 0.73 Avg Reward: 5.715541
2026-05-16 11:13:56 [INFO] EPOCH:175, ======================CR:0.29198====================
2026-05-16 11:13:56 [INFO] -0.023110101191830157
2026-05-16 11:13:58 [INFO] EPOCH:175, ======================ACC:95.69====================
2026-05-16 11:13:58 [INFO] BEST EPOCH:175,BEST ACC:95.69
2026-05-16 11:13:58 [INFO] Saving Masks: current CR 0.2920 target CR 0.3000
2026-05-16 11:13:58 [INFO] Updated candidate mask pretrained-rescale_mask_best-acc_30_05160939_resnet18 at epoch 175 with acc 95.6900
2026-05-16 11:14:07 [INFO] Epoch: 176 [12800/50000 (26%)]	 Training Loss: 0.018 ACC: 98.35 CR: 0.29 Avg R1: 4.88 Avg R2: 0.72 Avg Reward: 5.592233
2026-05-16 11:14:15 [INFO] Epoch: 176 [25600/50000 (51%)]	 Training Loss: 0.017 ACC: 98.48 CR: 0.29 Avg R1: 4.89 Avg R2: 0.72 Avg Reward: 5.611454
2026-05-16 11:14:24 [INFO] Epoch: 176 [38400/50000 (77%)]	 Training Loss: 0.017 ACC: 98.52 CR: 0.30 Avg R1: 4.90 Avg R2: 0.72 Avg Reward: 5.619354
2026-05-16 11:14:32 [INFO] EPOCH:176, ======================CR:0.30152====================
2026-05-16 11:14:32 [INFO] -0.013189739479647408
2026-05-16 11:14:34 [INFO] EPOCH:176, ======================ACC:95.67====================
2026-05-16 11:14:34 [INFO] BEST EPOCH:175,BEST ACC:95.69
2026-05-16 11:14:34 [INFO] Saving Masks: current CR 0.3015 target CR 0.3000
2026-05-16 11:14:43 [INFO] Epoch: 177 [12800/50000 (26%)]	 Training Loss: 0.018 ACC: 98.58 CR: 0.31 Avg R1: 4.97 Avg R2: 0.73 Avg Reward: 5.699659
2026-05-16 11:14:50 [INFO] Epoch: 177 [25600/50000 (51%)]	 Training Loss: 0.017 ACC: 98.63 CR: 0.31 Avg R1: 4.95 Avg R2: 0.73 Avg Reward: 5.682781
2026-05-16 11:14:58 [INFO] Epoch: 177 [38400/50000 (77%)]	 Training Loss: 0.018 ACC: 98.60 CR: 0.31 Avg R1: 4.94 Avg R2: 0.73 Avg Reward: 5.671658
2026-05-16 11:15:05 [INFO] EPOCH:177, ======================CR:0.31838====================
2026-05-16 11:15:05 [INFO] -0.026208017234864413
2026-05-16 11:15:07 [INFO] EPOCH:177, ======================ACC:95.63====================
2026-05-16 11:15:07 [INFO] BEST EPOCH:175,BEST ACC:95.69
2026-05-16 11:15:14 [INFO] Epoch: 178 [12800/50000 (26%)]	 Training Loss: 0.018 ACC: 98.59 CR: 0.32 Avg R1: 4.87 Avg R2: 0.74 Avg Reward: 5.610754
2026-05-16 11:15:21 [INFO] Epoch: 178 [25600/50000 (51%)]	 Training Loss: 0.018 ACC: 98.59 CR: 0.32 Avg R1: 4.88 Avg R2: 0.74 Avg Reward: 5.613909
2026-05-16 11:15:28 [INFO] Epoch: 178 [38400/50000 (77%)]	 Training Loss: 0.017 ACC: 98.59 CR: 0.32 Avg R1: 4.88 Avg R2: 0.74 Avg Reward: 5.618294
2026-05-16 11:15:37 [INFO] EPOCH:178, ======================CR:0.31352====================
2026-05-16 11:15:37 [INFO] -0.011904647000173912
2026-05-16 11:15:39 [INFO] EPOCH:178, ======================ACC:95.55====================
2026-05-16 11:15:39 [INFO] BEST EPOCH:175,BEST ACC:95.69
2026-05-16 11:15:48 [INFO] Epoch: 179 [12800/50000 (26%)]	 Training Loss: 0.018 ACC: 98.69 CR: 0.31 Avg R1: 4.92 Avg R2: 0.73 Avg Reward: 5.646987
2026-05-16 11:15:57 [INFO] Epoch: 179 [25600/50000 (51%)]	 Training Loss: 0.017 ACC: 98.63 CR: 0.31 Avg R1: 4.92 Avg R2: 0.73 Avg Reward: 5.650045
2026-05-16 11:16:06 [INFO] Epoch: 179 [38400/50000 (77%)]	 Training Loss: 0.017 ACC: 98.68 CR: 0.30 Avg R1: 4.93 Avg R2: 0.73 Avg Reward: 5.659329
2026-05-16 11:16:13 [INFO] EPOCH:179, ======================CR:0.30344====================
2026-05-16 11:16:13 [INFO] -0.01010868753577041
2026-05-16 11:16:15 [INFO] EPOCH:179, ======================ACC:95.75====================
2026-05-16 11:16:15 [INFO] BEST EPOCH:179,BEST ACC:95.75
2026-05-16 11:16:15 [INFO] Saving Masks: current CR 0.3034 target CR 0.3000
2026-05-16 11:16:15 [INFO] Updated candidate mask pretrained-rescale_mask_best-acc_30_05160939_resnet18 at epoch 179 with acc 95.7500
2026-05-16 11:16:24 [INFO] Epoch: 180 [12800/50000 (26%)]	 Training Loss: 0.015 ACC: 98.81 CR: 0.31 Avg R1: 4.97 Avg R2: 0.71 Avg Reward: 5.682769
2026-05-16 11:16:32 [INFO] Epoch: 180 [25600/50000 (51%)]	 Training Loss: 0.015 ACC: 98.77 CR: 0.31 Avg R1: 4.96 Avg R2: 0.71 Avg Reward: 5.676986
2026-05-16 11:16:40 [INFO] Epoch: 180 [38400/50000 (77%)]	 Training Loss: 0.015 ACC: 98.76 CR: 0.31 Avg R1: 4.96 Avg R2: 0.71 Avg Reward: 5.673222
2026-05-16 11:16:46 [INFO] EPOCH:180, ======================CR:0.30496====================
2026-05-16 11:16:46 [INFO] -0.01516668260877475
2026-05-16 11:16:48 [INFO] EPOCH:180, ======================ACC:95.72====================
2026-05-16 11:16:48 [INFO] BEST EPOCH:179,BEST ACC:95.75
2026-05-16 11:16:48 [INFO] Saving Masks: current CR 0.3050 target CR 0.3000
2026-05-16 11:16:55 [INFO] Epoch: 181 [12800/50000 (26%)]	 Training Loss: 0.015 ACC: 98.81 CR: 0.30 Avg R1: 4.97 Avg R2: 0.70 Avg Reward: 5.675088
2026-05-16 11:17:03 [INFO] Epoch: 181 [25600/50000 (51%)]	 Training Loss: 0.014 ACC: 98.85 CR: 0.30 Avg R1: 4.97 Avg R2: 0.70 Avg Reward: 5.675289
2026-05-16 11:17:11 [INFO] Epoch: 181 [38400/50000 (77%)]	 Training Loss: 0.015 ACC: 98.85 CR: 0.30 Avg R1: 4.98 Avg R2: 0.70 Avg Reward: 5.681438
2026-05-16 11:17:19 [INFO] EPOCH:181, ======================CR:0.30052====================
2026-05-16 11:17:19 [INFO] -0.009771545675684255
2026-05-16 11:17:21 [INFO] EPOCH:181, ======================ACC:95.82====================
2026-05-16 11:17:21 [INFO] BEST EPOCH:181,BEST ACC:95.82
2026-05-16 11:17:21 [INFO] Saving Masks: current CR 0.3005 target CR 0.3000
2026-05-16 11:17:21 [INFO] Updated candidate mask pretrained-rescale_mask_best-acc_30_05160939_resnet18 at epoch 181 with acc 95.8200
2026-05-16 11:17:30 [INFO] Epoch: 182 [12800/50000 (26%)]	 Training Loss: 0.013 ACC: 99.02 CR: 0.30 Avg R1: 4.99 Avg R2: 0.70 Avg Reward: 5.686587
2026-05-16 11:17:38 [INFO] Epoch: 182 [25600/50000 (51%)]	 Training Loss: 0.014 ACC: 98.94 CR: 0.30 Avg R1: 4.98 Avg R2: 0.70 Avg Reward: 5.682121
2026-05-16 11:17:45 [INFO] Epoch: 182 [38400/50000 (77%)]	 Training Loss: 0.014 ACC: 98.87 CR: 0.30 Avg R1: 4.98 Avg R2: 0.70 Avg Reward: 5.679207
2026-05-16 11:17:52 [INFO] EPOCH:182, ======================CR:0.30488====================
2026-05-16 11:17:52 [INFO] -0.007679145401660987
2026-05-16 11:17:53 [INFO] EPOCH:182, ======================ACC:95.89====================
2026-05-16 11:17:53 [INFO] BEST EPOCH:182,BEST ACC:95.89
2026-05-16 11:17:53 [INFO] Saving Masks: current CR 0.3049 target CR 0.3000
2026-05-16 11:17:53 [INFO] Updated candidate mask pretrained-rescale_mask_best-acc_30_05160939_resnet18 at epoch 182 with acc 95.8900
2026-05-16 11:18:01 [INFO] Epoch: 183 [12800/50000 (26%)]	 Training Loss: 0.015 ACC: 98.80 CR: 0.30 Avg R1: 4.97 Avg R2: 0.70 Avg Reward: 5.671407
2026-05-16 11:18:10 [INFO] Epoch: 183 [25600/50000 (51%)]	 Training Loss: 0.014 ACC: 98.93 CR: 0.30 Avg R1: 4.98 Avg R2: 0.70 Avg Reward: 5.674566
2026-05-16 11:18:19 [INFO] Epoch: 183 [38400/50000 (77%)]	 Training Loss: 0.014 ACC: 98.89 CR: 0.30 Avg R1: 4.98 Avg R2: 0.70 Avg Reward: 5.675057
2026-05-16 11:18:27 [INFO] EPOCH:183, ======================CR:0.2977====================
2026-05-16 11:18:27 [INFO] -0.017098655717237496
2026-05-16 11:18:29 [INFO] EPOCH:183, ======================ACC:95.89====================
2026-05-16 11:18:29 [INFO] BEST EPOCH:183,BEST ACC:95.89
2026-05-16 11:18:29 [INFO] Saving Masks: current CR 0.2977 target CR 0.3000
2026-05-16 11:18:29 [INFO] Updated candidate mask pretrained-rescale_mask_best-acc_30_05160939_resnet18 at epoch 183 with acc 95.8900
2026-05-16 11:18:37 [INFO] Epoch: 184 [12800/50000 (26%)]	 Training Loss: 0.014 ACC: 98.88 CR: 0.30 Avg R1: 4.96 Avg R2: 0.69 Avg Reward: 5.644737
2026-05-16 11:18:45 [INFO] Epoch: 184 [25600/50000 (51%)]	 Training Loss: 0.015 ACC: 98.79 CR: 0.30 Avg R1: 4.96 Avg R2: 0.69 Avg Reward: 5.648093
2026-05-16 11:18:55 [INFO] Epoch: 184 [38400/50000 (77%)]	 Training Loss: 0.014 ACC: 98.85 CR: 0.30 Avg R1: 4.97 Avg R2: 0.69 Avg Reward: 5.657149
2026-05-16 11:19:03 [INFO] EPOCH:184, ======================CR:0.30792====================
2026-05-16 11:19:03 [INFO] -0.019098270106664206
2026-05-16 11:19:05 [INFO] EPOCH:184, ======================ACC:96.06====================
2026-05-16 11:19:05 [INFO] BEST EPOCH:184,BEST ACC:96.06
2026-05-16 11:19:05 [INFO] Saving Masks: current CR 0.3079 target CR 0.3000
2026-05-16 11:19:05 [INFO] Updated candidate mask pretrained-rescale_mask_best-acc_30_05160939_resnet18 at epoch 184 with acc 96.0600
2026-05-16 11:19:14 [INFO] Epoch: 185 [12800/50000 (26%)]	 Training Loss: 0.013 ACC: 99.03 CR: 0.31 Avg R1: 4.95 Avg R2: 0.69 Avg Reward: 5.638784
2026-05-16 11:19:23 [INFO] Epoch: 185 [25600/50000 (51%)]	 Training Loss: 0.014 ACC: 98.97 CR: 0.31 Avg R1: 4.95 Avg R2: 0.69 Avg Reward: 5.642705
2026-05-16 11:19:30 [INFO] Epoch: 185 [38400/50000 (77%)]	 Training Loss: 0.014 ACC: 98.94 CR: 0.30 Avg R1: 4.96 Avg R2: 0.69 Avg Reward: 5.646444
2026-05-16 11:19:38 [INFO] EPOCH:185, ======================CR:0.30166====================
2026-05-16 11:19:38 [INFO] -0.016721713014960064
2026-05-16 11:19:40 [INFO] EPOCH:185, ======================ACC:95.88====================
2026-05-16 11:19:40 [INFO] BEST EPOCH:184,BEST ACC:96.06
2026-05-16 11:19:40 [INFO] Saving Masks: current CR 0.3017 target CR 0.3000
2026-05-16 11:19:47 [INFO] Epoch: 186 [12800/50000 (26%)]	 Training Loss: 0.013 ACC: 98.95 CR: 0.30 Avg R1: 4.99 Avg R2: 0.68 Avg Reward: 5.667502
2026-05-16 11:19:55 [INFO] Epoch: 186 [25600/50000 (51%)]	 Training Loss: 0.014 ACC: 98.93 CR: 0.30 Avg R1: 4.99 Avg R2: 0.68 Avg Reward: 5.669844
2026-05-16 11:20:03 [INFO] Epoch: 186 [38400/50000 (77%)]	 Training Loss: 0.014 ACC: 98.97 CR: 0.30 Avg R1: 4.99 Avg R2: 0.68 Avg Reward: 5.669098
2026-05-16 11:20:11 [INFO] EPOCH:186, ======================CR:0.30164====================
2026-05-16 11:20:11 [INFO] -0.033817098879170046
2026-05-16 11:20:13 [INFO] EPOCH:186, ======================ACC:95.97====================
2026-05-16 11:20:13 [INFO] BEST EPOCH:184,BEST ACC:96.06
2026-05-16 11:20:13 [INFO] Saving Masks: current CR 0.3016 target CR 0.3000
2026-05-16 11:20:21 [INFO] Epoch: 187 [12800/50000 (26%)]	 Training Loss: 0.014 ACC: 98.88 CR: 0.30 Avg R1: 4.98 Avg R2: 0.68 Avg Reward: 5.666808
2026-05-16 11:20:30 [INFO] Epoch: 187 [25600/50000 (51%)]	 Training Loss: 0.013 ACC: 98.93 CR: 0.30 Avg R1: 4.99 Avg R2: 0.68 Avg Reward: 5.667681
2026-05-16 11:20:39 [INFO] Epoch: 187 [38400/50000 (77%)]	 Training Loss: 0.013 ACC: 98.99 CR: 0.30 Avg R1: 4.99 Avg R2: 0.68 Avg Reward: 5.668240
2026-05-16 11:20:46 [INFO] EPOCH:187, ======================CR:0.3028====================
2026-05-16 11:20:46 [INFO] -0.02029895520905529
2026-05-16 11:20:48 [INFO] EPOCH:187, ======================ACC:95.95====================
2026-05-16 11:20:48 [INFO] BEST EPOCH:184,BEST ACC:96.06
2026-05-16 11:20:48 [INFO] Saving Masks: current CR 0.3028 target CR 0.3000
2026-05-16 11:20:57 [INFO] Epoch: 188 [12800/50000 (26%)]	 Training Loss: 0.012 ACC: 99.09 CR: 0.30 Avg R1: 4.99 Avg R2: 0.68 Avg Reward: 5.669887
2026-05-16 11:21:04 [INFO] Epoch: 188 [25600/50000 (51%)]	 Training Loss: 0.013 ACC: 98.96 CR: 0.30 Avg R1: 4.98 Avg R2: 0.68 Avg Reward: 5.666623
2026-05-16 11:21:12 [INFO] Epoch: 188 [38400/50000 (77%)]	 Training Loss: 0.013 ACC: 98.95 CR: 0.30 Avg R1: 4.99 Avg R2: 0.68 Avg Reward: 5.667303
2026-05-16 11:21:20 [INFO] EPOCH:188, ======================CR:0.29744====================
2026-05-16 11:21:20 [INFO] -0.021342593008114447
2026-05-16 11:21:22 [INFO] EPOCH:188, ======================ACC:95.9====================
2026-05-16 11:21:22 [INFO] BEST EPOCH:184,BEST ACC:96.06
2026-05-16 11:21:22 [INFO] Saving Masks: current CR 0.2974 target CR 0.3000
2026-05-16 11:21:29 [INFO] Epoch: 189 [12800/50000 (26%)]	 Training Loss: 0.014 ACC: 98.85 CR: 0.30 Avg R1: 4.95 Avg R2: 0.67 Avg Reward: 5.620902
2026-05-16 11:21:38 [INFO] Epoch: 189 [25600/50000 (51%)]	 Training Loss: 0.014 ACC: 98.92 CR: 0.30 Avg R1: 4.97 Avg R2: 0.67 Avg Reward: 5.639564
2026-05-16 11:21:46 [INFO] Epoch: 189 [38400/50000 (77%)]	 Training Loss: 0.013 ACC: 98.96 CR: 0.30 Avg R1: 4.98 Avg R2: 0.67 Avg Reward: 5.648409
2026-05-16 11:21:55 [INFO] EPOCH:189, ======================CR:0.30524====================
2026-05-16 11:21:55 [INFO] -0.02985751048464809
2026-05-16 11:21:57 [INFO] EPOCH:189, ======================ACC:96.0====================
2026-05-16 11:21:57 [INFO] BEST EPOCH:184,BEST ACC:96.06
2026-05-16 11:21:57 [INFO] Saving Masks: current CR 0.3052 target CR 0.3000
2026-05-16 11:22:07 [INFO] Epoch: 190 [12800/50000 (26%)]	 Training Loss: 0.011 ACC: 99.09 CR: 0.31 Avg R1: 4.96 Avg R2: 0.68 Avg Reward: 5.631788
2026-05-16 11:22:16 [INFO] Epoch: 190 [25600/50000 (51%)]	 Training Loss: 0.013 ACC: 98.97 CR: 0.31 Avg R1: 4.95 Avg R2: 0.68 Avg Reward: 5.626616
2026-05-16 11:22:23 [INFO] Epoch: 190 [38400/50000 (77%)]	 Training Loss: 0.012 ACC: 99.01 CR: 0.31 Avg R1: 4.95 Avg R2: 0.68 Avg Reward: 5.622063
2026-05-16 11:22:30 [INFO] EPOCH:190, ======================CR:0.3066====================
2026-05-16 11:22:30 [INFO] -0.017928178981159074
2026-05-16 11:22:32 [INFO] EPOCH:190, ======================ACC:96.01====================
2026-05-16 11:22:32 [INFO] BEST EPOCH:184,BEST ACC:96.06
2026-05-16 11:22:32 [INFO] Saving Masks: current CR 0.3066 target CR 0.3000
2026-05-16 11:22:41 [INFO] Epoch: 191 [12800/50000 (26%)]	 Training Loss: 0.011 ACC: 99.19 CR: 0.30 Avg R1: 4.97 Avg R2: 0.67 Avg Reward: 5.639828
2026-05-16 11:22:53 [INFO] Epoch: 191 [25600/50000 (51%)]	 Training Loss: 0.011 ACC: 99.16 CR: 0.30 Avg R1: 4.98 Avg R2: 0.67 Avg Reward: 5.649315
2026-05-16 11:23:01 [INFO] Epoch: 191 [38400/50000 (77%)]	 Training Loss: 0.012 ACC: 99.10 CR: 0.30 Avg R1: 4.97 Avg R2: 0.67 Avg Reward: 5.637163
2026-05-16 11:23:10 [INFO] EPOCH:191, ======================CR:0.2949====================
2026-05-16 11:23:10 [INFO] -0.01916963545178847
2026-05-16 11:23:12 [INFO] EPOCH:191, ======================ACC:95.91====================
2026-05-16 11:23:12 [INFO] BEST EPOCH:184,BEST ACC:96.06
2026-05-16 11:23:12 [INFO] Saving Masks: current CR 0.2949 target CR 0.3000
2026-05-16 11:23:20 [INFO] Epoch: 192 [12800/50000 (26%)]	 Training Loss: 0.013 ACC: 98.95 CR: 0.30 Avg R1: 4.93 Avg R2: 0.66 Avg Reward: 5.596016
2026-05-16 11:23:30 [INFO] Epoch: 192 [25600/50000 (51%)]	 Training Loss: 0.013 ACC: 99.00 CR: 0.30 Avg R1: 4.96 Avg R2: 0.67 Avg Reward: 5.623071
2026-05-16 11:23:39 [INFO] Epoch: 192 [38400/50000 (77%)]	 Training Loss: 0.013 ACC: 99.01 CR: 0.31 Avg R1: 4.96 Avg R2: 0.67 Avg Reward: 5.630722
2026-05-16 11:23:46 [INFO] EPOCH:192, ======================CR:0.3103====================
2026-05-16 11:23:46 [INFO] -0.025870627406272783
2026-05-16 11:23:48 [INFO] EPOCH:192, ======================ACC:95.98====================
2026-05-16 11:23:48 [INFO] BEST EPOCH:184,BEST ACC:96.06
2026-05-16 11:23:57 [INFO] Epoch: 193 [12800/50000 (26%)]	 Training Loss: 0.015 ACC: 98.88 CR: 0.31 Avg R1: 4.93 Avg R2: 0.68 Avg Reward: 5.603068
2026-05-16 11:24:04 [INFO] Epoch: 193 [25600/50000 (51%)]	 Training Loss: 0.014 ACC: 98.96 CR: 0.31 Avg R1: 4.92 Avg R2: 0.68 Avg Reward: 5.600572
2026-05-16 11:24:11 [INFO] Epoch: 193 [38400/50000 (77%)]	 Training Loss: 0.013 ACC: 98.98 CR: 0.31 Avg R1: 4.93 Avg R2: 0.68 Avg Reward: 5.601979
2026-05-16 11:24:18 [INFO] EPOCH:193, ======================CR:0.3093====================
2026-05-16 11:24:18 [INFO] -0.025036804933439218
2026-05-16 11:24:20 [INFO] EPOCH:193, ======================ACC:96.14====================
2026-05-16 11:24:20 [INFO] BEST EPOCH:193,BEST ACC:96.14
2026-05-16 11:24:20 [INFO] Saving Masks: current CR 0.3093 target CR 0.3000
2026-05-16 11:24:20 [INFO] Updated candidate mask pretrained-rescale_mask_best-acc_30_05160939_resnet18 at epoch 193 with acc 96.1400
2026-05-16 11:24:27 [INFO] Epoch: 194 [12800/50000 (26%)]	 Training Loss: 0.013 ACC: 98.88 CR: 0.31 Avg R1: 4.93 Avg R2: 0.67 Avg Reward: 5.601484
2026-05-16 11:24:35 [INFO] Epoch: 194 [25600/50000 (51%)]	 Training Loss: 0.013 ACC: 98.93 CR: 0.31 Avg R1: 4.93 Avg R2: 0.67 Avg Reward: 5.600472
2026-05-16 11:24:42 [INFO] Epoch: 194 [38400/50000 (77%)]	 Training Loss: 0.013 ACC: 98.96 CR: 0.31 Avg R1: 4.93 Avg R2: 0.67 Avg Reward: 5.601514
2026-05-16 11:24:49 [INFO] EPOCH:194, ======================CR:0.30334====================
2026-05-16 11:24:49 [INFO] -0.028412526873769727
2026-05-16 11:24:51 [INFO] EPOCH:194, ======================ACC:96.0====================
2026-05-16 11:24:51 [INFO] BEST EPOCH:193,BEST ACC:96.14
2026-05-16 11:24:51 [INFO] Saving Masks: current CR 0.3033 target CR 0.3000
2026-05-16 11:25:00 [INFO] Epoch: 195 [12800/50000 (26%)]	 Training Loss: 0.012 ACC: 99.12 CR: 0.30 Avg R1: 4.97 Avg R2: 0.67 Avg Reward: 5.642592
2026-05-16 11:25:10 [INFO] Epoch: 195 [25600/50000 (51%)]	 Training Loss: 0.012 ACC: 99.09 CR: 0.30 Avg R1: 4.97 Avg R2: 0.67 Avg Reward: 5.642251
2026-05-16 11:25:18 [INFO] Epoch: 195 [38400/50000 (77%)]	 Training Loss: 0.012 ACC: 99.08 CR: 0.30 Avg R1: 4.98 Avg R2: 0.67 Avg Reward: 5.644426
2026-05-16 11:25:25 [INFO] EPOCH:195, ======================CR:0.30242====================
2026-05-16 11:25:25 [INFO] -0.018686965985865486
2026-05-16 11:25:27 [INFO] EPOCH:195, ======================ACC:95.98====================
2026-05-16 11:25:27 [INFO] BEST EPOCH:193,BEST ACC:96.14
2026-05-16 11:25:27 [INFO] Saving Masks: current CR 0.3024 target CR 0.3000
2026-05-16 11:25:35 [INFO] Epoch: 196 [12800/50000 (26%)]	 Training Loss: 0.013 ACC: 98.93 CR: 0.30 Avg R1: 4.98 Avg R2: 0.66 Avg Reward: 5.643043
2026-05-16 11:25:42 [INFO] Epoch: 196 [25600/50000 (51%)]	 Training Loss: 0.012 ACC: 99.07 CR: 0.30 Avg R1: 4.98 Avg R2: 0.66 Avg Reward: 5.644939
2026-05-16 11:25:49 [INFO] Epoch: 196 [38400/50000 (77%)]	 Training Loss: 0.013 ACC: 98.99 CR: 0.30 Avg R1: 4.98 Avg R2: 0.66 Avg Reward: 5.646024
2026-05-16 11:25:56 [INFO] EPOCH:196, ======================CR:0.2998====================
2026-05-16 11:25:56 [INFO] -0.026056650502922784
2026-05-16 11:25:58 [INFO] EPOCH:196, ======================ACC:96.05====================
2026-05-16 11:25:58 [INFO] BEST EPOCH:193,BEST ACC:96.14
2026-05-16 11:25:58 [INFO] Saving Masks: current CR 0.2998 target CR 0.3000
2026-05-16 11:26:06 [INFO] Epoch: 197 [12800/50000 (26%)]	 Training Loss: 0.012 ACC: 99.15 CR: 0.30 Avg R1: 4.97 Avg R2: 0.66 Avg Reward: 5.637871
2026-05-16 11:26:16 [INFO] Epoch: 197 [25600/50000 (51%)]	 Training Loss: 0.012 ACC: 99.12 CR: 0.30 Avg R1: 4.96 Avg R2: 0.66 Avg Reward: 5.628810
2026-05-16 11:26:25 [INFO] Epoch: 197 [38400/50000 (77%)]	 Training Loss: 0.012 ACC: 99.13 CR: 0.30 Avg R1: 4.97 Avg R2: 0.66 Avg Reward: 5.630609
2026-05-16 11:26:33 [INFO] EPOCH:197, ======================CR:0.29816====================
2026-05-16 11:26:33 [INFO] -0.022328062458146468
2026-05-16 11:26:35 [INFO] EPOCH:197, ======================ACC:96.06====================
2026-05-16 11:26:35 [INFO] BEST EPOCH:193,BEST ACC:96.14
2026-05-16 11:26:35 [INFO] Saving Masks: current CR 0.2982 target CR 0.3000
2026-05-16 11:26:44 [INFO] Epoch: 198 [12800/50000 (26%)]	 Training Loss: 0.013 ACC: 98.91 CR: 0.30 Avg R1: 4.98 Avg R2: 0.66 Avg Reward: 5.647865
2026-05-16 11:26:53 [INFO] Epoch: 198 [25600/50000 (51%)]	 Training Loss: 0.013 ACC: 98.98 CR: 0.30 Avg R1: 4.99 Avg R2: 0.66 Avg Reward: 5.652396
2026-05-16 11:27:01 [INFO] Epoch: 198 [38400/50000 (77%)]	 Training Loss: 0.013 ACC: 99.00 CR: 0.30 Avg R1: 4.98 Avg R2: 0.67 Avg Reward: 5.647061
2026-05-16 11:27:07 [INFO] EPOCH:198, ======================CR:0.30388====================
2026-05-16 11:27:07 [INFO] -0.028995799269215472
2026-05-16 11:27:09 [INFO] EPOCH:198, ======================ACC:96.13====================
2026-05-16 11:27:09 [INFO] BEST EPOCH:193,BEST ACC:96.14
2026-05-16 11:27:09 [INFO] Saving Masks: current CR 0.3039 target CR 0.3000
2026-05-16 11:27:16 [INFO] Epoch: 199 [12800/50000 (26%)]	 Training Loss: 0.011 ACC: 99.16 CR: 0.30 Avg R1: 4.97 Avg R2: 0.67 Avg Reward: 5.641827
2026-05-16 11:27:23 [INFO] Epoch: 199 [25600/50000 (51%)]	 Training Loss: 0.011 ACC: 99.15 CR: 0.30 Avg R1: 4.98 Avg R2: 0.67 Avg Reward: 5.646472
2026-05-16 11:27:29 [INFO] Epoch: 199 [38400/50000 (77%)]	 Training Loss: 0.012 ACC: 99.11 CR: 0.30 Avg R1: 4.98 Avg R2: 0.67 Avg Reward: 5.647490
2026-05-16 11:27:35 [INFO] EPOCH:199, ======================CR:0.30116====================
2026-05-16 11:27:35 [INFO] -0.024480501605136464
2026-05-16 11:27:37 [INFO] EPOCH:199, ======================ACC:96.1====================
2026-05-16 11:27:37 [INFO] BEST EPOCH:193,BEST ACC:96.14
2026-05-16 11:27:37 [INFO] Saving Masks: current CR 0.3012 target CR 0.3000
2026-05-16 11:27:37 [INFO] Saved standard mask to /nvme/home/lixiang/baseline/mask/cifar10/42/mask_30.npz with 15000/50000 samples selected
