2026-05-16 13:14:39 [INFO] Epoch: 0 [12800/50000 (26%)]	 Training Loss: 0.856 ACC: 35.86 CR: 0.88 Avg R1: 0.63 Avg R2: 4.83 Avg Reward: 5.462387
2026-05-16 13:14:47 [INFO] Epoch: 0 [25600/50000 (51%)]	 Training Loss: 0.841 ACC: 36.83 CR: 0.75 Avg R1: 1.25 Avg R2: 4.50 Avg Reward: 5.757504
2026-05-16 13:14:55 [INFO] Epoch: 0 [38400/50000 (77%)]	 Training Loss: 0.828 ACC: 37.89 CR: 0.62 Avg R1: 1.89 Avg R2: 4.17 Avg Reward: 6.059314
2026-05-16 13:15:03 [INFO] EPOCH:0, ======================CR:0.50718====================
2026-05-16 13:15:03 [INFO] -0.0022094577454178166
2026-05-16 13:15:05 [INFO] EPOCH:0, ======================ACC:44.76====================
2026-05-16 13:15:05 [INFO] BEST EPOCH:0,BEST ACC:44.76
2026-05-16 13:15:05 [INFO] Saving Masks: current CR 0.5072 target CR 0.5000
2026-05-16 13:15:05 [INFO] Updated candidate mask pretrained-rescale_mask_best-acc_50_05161314_resnet18 at epoch 0 with acc 44.7600
2026-05-16 13:15:05 [INFO] Updated candidate mask pretrained-rescale_mask_best-r2_50_05161314_resnet18 at epoch 0 with acc 44.7600
2026-05-16 13:15:14 [INFO] Epoch: 1 [12800/50000 (26%)]	 Training Loss: 0.773 ACC: 42.57 CR: 0.51 Avg R1: 4.94 Avg R2: 1.98 Avg Reward: 6.920072
2026-05-16 13:15:23 [INFO] Epoch: 1 [25600/50000 (51%)]	 Training Loss: 0.765 ACC: 43.15 CR: 0.50 Avg R1: 4.95 Avg R2: 1.98 Avg Reward: 6.927789
2026-05-16 13:15:31 [INFO] Epoch: 1 [38400/50000 (77%)]	 Training Loss: 0.759 ACC: 43.74 CR: 0.50 Avg R1: 4.95 Avg R2: 1.98 Avg Reward: 6.933597
2026-05-16 13:15:39 [INFO] EPOCH:1, ======================CR:0.50204====================
2026-05-16 13:15:39 [INFO] 0.0003928463008694021
2026-05-16 13:15:41 [INFO] EPOCH:1, ======================ACC:46.57====================
2026-05-16 13:15:41 [INFO] BEST EPOCH:1,BEST ACC:46.57
2026-05-16 13:15:41 [INFO] Saving Masks: current CR 0.5020 target CR 0.5000
2026-05-16 13:15:41 [INFO] Updated candidate mask pretrained-rescale_mask_best-acc_50_05161314_resnet18 at epoch 1 with acc 46.5700
2026-05-16 13:15:49 [INFO] Epoch: 2 [12800/50000 (26%)]	 Training Loss: 0.717 ACC: 46.88 CR: 0.50 Avg R1: 4.98 Avg R2: 2.03 Avg Reward: 7.014661
2026-05-16 13:15:58 [INFO] Epoch: 2 [25600/50000 (51%)]	 Training Loss: 0.709 ACC: 47.27 CR: 0.50 Avg R1: 4.98 Avg R2: 2.03 Avg Reward: 7.007514
2026-05-16 13:16:07 [INFO] Epoch: 2 [38400/50000 (77%)]	 Training Loss: 0.694 ACC: 48.59 CR: 0.50 Avg R1: 4.98 Avg R2: 2.03 Avg Reward: 7.003736
2026-05-16 13:16:14 [INFO] EPOCH:2, ======================CR:0.49552====================
2026-05-16 13:16:14 [INFO] -0.010386269701835945
2026-05-16 13:16:16 [INFO] EPOCH:2, ======================ACC:51.17====================
2026-05-16 13:16:16 [INFO] BEST EPOCH:2,BEST ACC:51.17
2026-05-16 13:16:16 [INFO] Saving Masks: current CR 0.4955 target CR 0.5000
2026-05-16 13:16:16 [INFO] Updated candidate mask pretrained-rescale_mask_best-acc_50_05161314_resnet18 at epoch 2 with acc 51.1700
2026-05-16 13:16:25 [INFO] Epoch: 3 [12800/50000 (26%)]	 Training Loss: 0.644 ACC: 52.35 CR: 0.49 Avg R1: 4.95 Avg R2: 2.10 Avg Reward: 7.049432
2026-05-16 13:16:34 [INFO] Epoch: 3 [25600/50000 (51%)]	 Training Loss: 0.629 ACC: 53.58 CR: 0.49 Avg R1: 4.94 Avg R2: 2.10 Avg Reward: 7.038457
2026-05-16 13:16:43 [INFO] Epoch: 3 [38400/50000 (77%)]	 Training Loss: 0.628 ACC: 53.91 CR: 0.49 Avg R1: 4.94 Avg R2: 2.09 Avg Reward: 7.027961
2026-05-16 13:16:51 [INFO] EPOCH:3, ======================CR:0.49212====================
2026-05-16 13:16:51 [INFO] 0.005026971636319238
2026-05-16 13:16:53 [INFO] EPOCH:3, ======================ACC:57.42====================
2026-05-16 13:16:53 [INFO] BEST EPOCH:3,BEST ACC:57.42
2026-05-16 13:16:53 [INFO] Saving Masks: current CR 0.4921 target CR 0.5000
2026-05-16 13:16:53 [INFO] Updated candidate mask pretrained-rescale_mask_best-acc_50_05161314_resnet18 at epoch 3 with acc 57.4200
2026-05-16 13:17:02 [INFO] Epoch: 4 [12800/50000 (26%)]	 Training Loss: 0.597 ACC: 56.54 CR: 0.49 Avg R1: 4.93 Avg R2: 2.23 Avg Reward: 7.153456
2026-05-16 13:17:10 [INFO] Epoch: 4 [25600/50000 (51%)]	 Training Loss: 0.593 ACC: 57.07 CR: 0.49 Avg R1: 4.93 Avg R2: 2.23 Avg Reward: 7.153472
2026-05-16 13:17:18 [INFO] Epoch: 4 [38400/50000 (77%)]	 Training Loss: 0.588 ACC: 57.44 CR: 0.49 Avg R1: 4.93 Avg R2: 2.23 Avg Reward: 7.158053
2026-05-16 13:17:26 [INFO] EPOCH:4, ======================CR:0.49136====================
2026-05-16 13:17:26 [INFO] -0.0011745953681081816
2026-05-16 13:17:28 [INFO] EPOCH:4, ======================ACC:61.71====================
2026-05-16 13:17:28 [INFO] BEST EPOCH:4,BEST ACC:61.71
2026-05-16 13:17:28 [INFO] Saving Masks: current CR 0.4914 target CR 0.5000
2026-05-16 13:17:28 [INFO] Updated candidate mask pretrained-rescale_mask_best-acc_50_05161314_resnet18 at epoch 4 with acc 61.7100
2026-05-16 13:17:37 [INFO] Epoch: 5 [12800/50000 (26%)]	 Training Loss: 0.545 ACC: 60.52 CR: 0.49 Avg R1: 4.88 Avg R2: 2.30 Avg Reward: 7.180697
2026-05-16 13:17:45 [INFO] Epoch: 5 [25600/50000 (51%)]	 Training Loss: 0.539 ACC: 60.84 CR: 0.49 Avg R1: 4.87 Avg R2: 2.30 Avg Reward: 7.169523
2026-05-16 13:17:55 [INFO] Epoch: 5 [38400/50000 (77%)]	 Training Loss: 0.537 ACC: 60.91 CR: 0.49 Avg R1: 4.87 Avg R2: 2.30 Avg Reward: 7.165159
2026-05-16 13:18:03 [INFO] EPOCH:5, ======================CR:0.48452====================
2026-05-16 13:18:03 [INFO] -0.004941063480964346
2026-05-16 13:18:05 [INFO] EPOCH:5, ======================ACC:56.0====================
2026-05-16 13:18:05 [INFO] BEST EPOCH:4,BEST ACC:61.71
2026-05-16 13:18:15 [INFO] Epoch: 6 [12800/50000 (26%)]	 Training Loss: 0.506 ACC: 62.15 CR: 0.48 Avg R1: 4.83 Avg R2: 2.35 Avg Reward: 7.174225
2026-05-16 13:18:24 [INFO] Epoch: 6 [25600/50000 (51%)]	 Training Loss: 0.501 ACC: 62.81 CR: 0.48 Avg R1: 4.80 Avg R2: 2.34 Avg Reward: 7.143880
2026-05-16 13:18:32 [INFO] Epoch: 6 [38400/50000 (77%)]	 Training Loss: 0.496 ACC: 63.27 CR: 0.47 Avg R1: 4.79 Avg R2: 2.33 Avg Reward: 7.121640
2026-05-16 13:18:40 [INFO] EPOCH:6, ======================CR:0.4723====================
2026-05-16 13:18:40 [INFO] -0.009124710116018356
2026-05-16 13:18:42 [INFO] EPOCH:6, ======================ACC:60.68====================
2026-05-16 13:18:42 [INFO] BEST EPOCH:4,BEST ACC:61.71
2026-05-16 13:18:51 [INFO] Epoch: 7 [12800/50000 (26%)]	 Training Loss: 0.485 ACC: 64.90 CR: 0.47 Avg R1: 4.72 Avg R2: 2.32 Avg Reward: 7.031781
2026-05-16 13:18:59 [INFO] Epoch: 7 [25600/50000 (51%)]	 Training Loss: 0.484 ACC: 64.97 CR: 0.47 Avg R1: 4.72 Avg R2: 2.32 Avg Reward: 7.039569
2026-05-16 13:19:08 [INFO] Epoch: 7 [38400/50000 (77%)]	 Training Loss: 0.479 ACC: 65.35 CR: 0.48 Avg R1: 4.73 Avg R2: 2.32 Avg Reward: 7.054868
2026-05-16 13:19:16 [INFO] EPOCH:7, ======================CR:0.47918====================
2026-05-16 13:19:16 [INFO] -0.004499110819697839
2026-05-16 13:19:18 [INFO] EPOCH:7, ======================ACC:69.17====================
2026-05-16 13:19:18 [INFO] BEST EPOCH:7,BEST ACC:69.17
2026-05-16 13:19:27 [INFO] Epoch: 8 [12800/50000 (26%)]	 Training Loss: 0.457 ACC: 66.56 CR: 0.48 Avg R1: 4.80 Avg R2: 2.35 Avg Reward: 7.150367
2026-05-16 13:19:37 [INFO] Epoch: 8 [25600/50000 (51%)]	 Training Loss: 0.454 ACC: 66.98 CR: 0.48 Avg R1: 4.80 Avg R2: 2.36 Avg Reward: 7.158266
2026-05-16 13:19:47 [INFO] Epoch: 8 [38400/50000 (77%)]	 Training Loss: 0.447 ACC: 67.47 CR: 0.48 Avg R1: 4.80 Avg R2: 2.36 Avg Reward: 7.151919
2026-05-16 13:19:58 [INFO] EPOCH:8, ======================CR:0.47816====================
2026-05-16 13:19:58 [INFO] -0.007130065751130115
2026-05-16 13:20:00 [INFO] EPOCH:8, ======================ACC:69.52====================
2026-05-16 13:20:00 [INFO] BEST EPOCH:8,BEST ACC:69.52
2026-05-16 13:20:11 [INFO] Epoch: 9 [12800/50000 (26%)]	 Training Loss: 0.427 ACC: 69.56 CR: 0.48 Avg R1: 4.80 Avg R2: 2.29 Avg Reward: 7.088818
2026-05-16 13:20:24 [INFO] Epoch: 9 [25600/50000 (51%)]	 Training Loss: 0.424 ACC: 69.40 CR: 0.48 Avg R1: 4.79 Avg R2: 2.29 Avg Reward: 7.081890
2026-05-16 13:20:38 [INFO] Epoch: 9 [38400/50000 (77%)]	 Training Loss: 0.424 ACC: 69.29 CR: 0.48 Avg R1: 4.79 Avg R2: 2.29 Avg Reward: 7.080493
2026-05-16 13:20:48 [INFO] EPOCH:9, ======================CR:0.4709====================
2026-05-16 13:20:48 [INFO] -0.0061879740717517085
2026-05-16 13:20:50 [INFO] EPOCH:9, ======================ACC:74.34====================
2026-05-16 13:20:50 [INFO] BEST EPOCH:9,BEST ACC:74.34
2026-05-16 13:21:04 [INFO] Epoch: 10 [12800/50000 (26%)]	 Training Loss: 0.364 ACC: 72.20 CR: 0.46 Avg R1: 4.65 Avg R2: 2.18 Avg Reward: 6.830443
2026-05-16 13:21:17 [INFO] Epoch: 10 [25600/50000 (51%)]	 Training Loss: 0.369 ACC: 72.25 CR: 0.45 Avg R1: 4.60 Avg R2: 2.17 Avg Reward: 6.763957
2026-05-16 13:21:29 [INFO] Epoch: 10 [38400/50000 (77%)]	 Training Loss: 0.371 ACC: 72.29 CR: 0.44 Avg R1: 4.56 Avg R2: 2.15 Avg Reward: 6.708939
2026-05-16 13:21:41 [INFO] EPOCH:10, ======================CR:0.44256====================
2026-05-16 13:21:41 [INFO] -0.014731071336917988
2026-05-16 13:21:43 [INFO] EPOCH:10, ======================ACC:75.42====================
2026-05-16 13:21:43 [INFO] BEST EPOCH:10,BEST ACC:75.42
2026-05-16 13:21:56 [INFO] Epoch: 11 [12800/50000 (26%)]	 Training Loss: 0.381 ACC: 72.87 CR: 0.45 Avg R1: 4.45 Avg R2: 2.10 Avg Reward: 6.548443
2026-05-16 13:22:09 [INFO] Epoch: 11 [25600/50000 (51%)]	 Training Loss: 0.375 ACC: 72.97 CR: 0.45 Avg R1: 4.47 Avg R2: 2.11 Avg Reward: 6.583158
2026-05-16 13:22:23 [INFO] Epoch: 11 [38400/50000 (77%)]	 Training Loss: 0.364 ACC: 73.53 CR: 0.45 Avg R1: 4.49 Avg R2: 2.12 Avg Reward: 6.601531
2026-05-16 13:22:35 [INFO] EPOCH:11, ======================CR:0.45042====================
2026-05-16 13:22:35 [INFO] -0.017220503812847607
2026-05-16 13:22:37 [INFO] EPOCH:11, ======================ACC:73.59====================
2026-05-16 13:22:37 [INFO] BEST EPOCH:10,BEST ACC:75.42
2026-05-16 13:22:51 [INFO] Epoch: 12 [12800/50000 (26%)]	 Training Loss: 0.345 ACC: 74.51 CR: 0.45 Avg R1: 4.51 Avg R2: 2.07 Avg Reward: 6.580305
2026-05-16 13:23:04 [INFO] Epoch: 12 [25600/50000 (51%)]	 Training Loss: 0.349 ACC: 74.67 CR: 0.45 Avg R1: 4.50 Avg R2: 2.07 Avg Reward: 6.574796
2026-05-16 13:23:17 [INFO] Epoch: 12 [38400/50000 (77%)]	 Training Loss: 0.352 ACC: 74.75 CR: 0.46 Avg R1: 4.52 Avg R2: 2.08 Avg Reward: 6.596113
2026-05-16 13:23:29 [INFO] EPOCH:12, ======================CR:0.46074====================
2026-05-16 13:23:29 [INFO] -0.02372410928390842
2026-05-16 13:23:31 [INFO] EPOCH:12, ======================ACC:71.73====================
2026-05-16 13:23:31 [INFO] BEST EPOCH:10,BEST ACC:75.42
2026-05-16 13:23:45 [INFO] Epoch: 13 [12800/50000 (26%)]	 Training Loss: 0.327 ACC: 76.37 CR: 0.45 Avg R1: 4.59 Avg R2: 2.03 Avg Reward: 6.618760
2026-05-16 13:23:58 [INFO] Epoch: 13 [25600/50000 (51%)]	 Training Loss: 0.324 ACC: 76.45 CR: 0.44 Avg R1: 4.53 Avg R2: 2.02 Avg Reward: 6.544960
2026-05-16 13:24:10 [INFO] Epoch: 13 [38400/50000 (77%)]	 Training Loss: 0.323 ACC: 76.73 CR: 0.44 Avg R1: 4.48 Avg R2: 2.01 Avg Reward: 6.488860
2026-05-16 13:24:21 [INFO] EPOCH:13, ======================CR:0.43738====================
2026-05-16 13:24:21 [INFO] -0.012584290758265212
2026-05-16 13:24:23 [INFO] EPOCH:13, ======================ACC:77.22====================
2026-05-16 13:24:23 [INFO] BEST EPOCH:13,BEST ACC:77.22
2026-05-16 13:24:37 [INFO] Epoch: 14 [12800/50000 (26%)]	 Training Loss: 0.326 ACC: 76.84 CR: 0.44 Avg R1: 4.41 Avg R2: 1.92 Avg Reward: 6.333672
2026-05-16 13:24:49 [INFO] Epoch: 14 [25600/50000 (51%)]	 Training Loss: 0.327 ACC: 76.87 CR: 0.45 Avg R1: 4.44 Avg R2: 1.93 Avg Reward: 6.371319
2026-05-16 13:25:01 [INFO] Epoch: 14 [38400/50000 (77%)]	 Training Loss: 0.325 ACC: 77.18 CR: 0.46 Avg R1: 4.48 Avg R2: 1.94 Avg Reward: 6.424270
2026-05-16 13:25:13 [INFO] EPOCH:14, ======================CR:0.4707====================
2026-05-16 13:25:13 [INFO] 0.014426504108165239
2026-05-16 13:25:15 [INFO] EPOCH:14, ======================ACC:79.63====================
2026-05-16 13:25:15 [INFO] BEST EPOCH:14,BEST ACC:79.63
2026-05-16 13:25:28 [INFO] Epoch: 15 [12800/50000 (26%)]	 Training Loss: 0.320 ACC: 77.80 CR: 0.48 Avg R1: 4.74 Avg R2: 1.94 Avg Reward: 6.676894
2026-05-16 13:25:42 [INFO] Epoch: 15 [25600/50000 (51%)]	 Training Loss: 0.314 ACC: 78.13 CR: 0.48 Avg R1: 4.76 Avg R2: 1.94 Avg Reward: 6.701189
2026-05-16 13:25:56 [INFO] Epoch: 15 [38400/50000 (77%)]	 Training Loss: 0.312 ACC: 78.29 CR: 0.48 Avg R1: 4.78 Avg R2: 1.95 Avg Reward: 6.723242
2026-05-16 13:26:07 [INFO] EPOCH:15, ======================CR:0.48594====================
2026-05-16 13:26:07 [INFO] 0.002033746608049075
2026-05-16 13:26:09 [INFO] EPOCH:15, ======================ACC:80.17====================
2026-05-16 13:26:09 [INFO] BEST EPOCH:15,BEST ACC:80.17
2026-05-16 13:26:23 [INFO] Epoch: 16 [12800/50000 (26%)]	 Training Loss: 0.313 ACC: 77.90 CR: 0.49 Avg R1: 4.85 Avg R2: 1.91 Avg Reward: 6.760831
2026-05-16 13:26:35 [INFO] Epoch: 16 [25600/50000 (51%)]	 Training Loss: 0.314 ACC: 78.04 CR: 0.49 Avg R1: 4.87 Avg R2: 1.92 Avg Reward: 6.783034
2026-05-16 13:26:49 [INFO] Epoch: 16 [38400/50000 (77%)]	 Training Loss: 0.314 ACC: 78.18 CR: 0.49 Avg R1: 4.88 Avg R2: 1.92 Avg Reward: 6.799987
2026-05-16 13:27:01 [INFO] EPOCH:16, ======================CR:0.48996====================
2026-05-16 13:27:01 [INFO] 0.00886617610297043
2026-05-16 13:27:03 [INFO] EPOCH:16, ======================ACC:77.88====================
2026-05-16 13:27:03 [INFO] BEST EPOCH:15,BEST ACC:80.17
2026-05-16 13:27:16 [INFO] Epoch: 17 [12800/50000 (26%)]	 Training Loss: 0.298 ACC: 78.47 CR: 0.48 Avg R1: 4.87 Avg R2: 1.87 Avg Reward: 6.735817
2026-05-16 13:27:29 [INFO] Epoch: 17 [25600/50000 (51%)]	 Training Loss: 0.292 ACC: 79.00 CR: 0.48 Avg R1: 4.84 Avg R2: 1.86 Avg Reward: 6.702178
2026-05-16 13:27:41 [INFO] Epoch: 17 [38400/50000 (77%)]	 Training Loss: 0.294 ACC: 79.07 CR: 0.48 Avg R1: 4.82 Avg R2: 1.85 Avg Reward: 6.675483
2026-05-16 13:27:54 [INFO] EPOCH:17, ======================CR:0.4701====================
2026-05-16 13:27:54 [INFO] -0.004636914675979878
2026-05-16 13:27:55 [INFO] EPOCH:17, ======================ACC:80.3====================
2026-05-16 13:27:55 [INFO] BEST EPOCH:17,BEST ACC:80.3
2026-05-16 13:28:09 [INFO] Epoch: 18 [12800/50000 (26%)]	 Training Loss: 0.293 ACC: 79.02 CR: 0.47 Avg R1: 4.70 Avg R2: 1.79 Avg Reward: 6.495480
2026-05-16 13:28:22 [INFO] Epoch: 18 [25600/50000 (51%)]	 Training Loss: 0.287 ACC: 79.73 CR: 0.47 Avg R1: 4.71 Avg R2: 1.79 Avg Reward: 6.509149
2026-05-16 13:28:35 [INFO] Epoch: 18 [38400/50000 (77%)]	 Training Loss: 0.290 ACC: 79.53 CR: 0.48 Avg R1: 4.73 Avg R2: 1.80 Avg Reward: 6.523684
2026-05-16 13:28:46 [INFO] EPOCH:18, ======================CR:0.4789====================
2026-05-16 13:28:46 [INFO] 0.009798408213439
2026-05-16 13:28:48 [INFO] EPOCH:18, ======================ACC:73.01====================
2026-05-16 13:28:48 [INFO] BEST EPOCH:17,BEST ACC:80.3
2026-05-16 13:29:02 [INFO] Epoch: 19 [12800/50000 (26%)]	 Training Loss: 0.274 ACC: 80.66 CR: 0.48 Avg R1: 4.79 Avg R2: 1.78 Avg Reward: 6.571039
2026-05-16 13:29:15 [INFO] Epoch: 19 [25600/50000 (51%)]	 Training Loss: 0.280 ACC: 80.21 CR: 0.48 Avg R1: 4.80 Avg R2: 1.78 Avg Reward: 6.582009
2026-05-16 13:29:27 [INFO] Epoch: 19 [38400/50000 (77%)]	 Training Loss: 0.284 ACC: 79.96 CR: 0.48 Avg R1: 4.81 Avg R2: 1.78 Avg Reward: 6.591222
2026-05-16 13:29:39 [INFO] EPOCH:19, ======================CR:0.4848====================
2026-05-16 13:29:39 [INFO] -0.0013367407004248287
2026-05-16 13:29:41 [INFO] EPOCH:19, ======================ACC:79.73====================
2026-05-16 13:29:41 [INFO] BEST EPOCH:17,BEST ACC:80.3
2026-05-16 13:29:55 [INFO] Epoch: 20 [12800/50000 (26%)]	 Training Loss: 0.280 ACC: 80.23 CR: 0.49 Avg R1: 4.85 Avg R2: 1.77 Avg Reward: 6.623523
2026-05-16 13:30:08 [INFO] Epoch: 20 [25600/50000 (51%)]	 Training Loss: 0.281 ACC: 80.40 CR: 0.49 Avg R1: 4.86 Avg R2: 1.77 Avg Reward: 6.633103
2026-05-16 13:30:22 [INFO] Epoch: 20 [38400/50000 (77%)]	 Training Loss: 0.280 ACC: 80.55 CR: 0.49 Avg R1: 4.87 Avg R2: 1.78 Avg Reward: 6.643308
2026-05-16 13:30:34 [INFO] EPOCH:20, ======================CR:0.49026====================
2026-05-16 13:30:34 [INFO] 0.005557413218230952
2026-05-16 13:30:36 [INFO] EPOCH:20, ======================ACC:83.48====================
2026-05-16 13:30:36 [INFO] BEST EPOCH:20,BEST ACC:83.48
2026-05-16 13:30:36 [INFO] Saving Masks: current CR 0.4903 target CR 0.5000
2026-05-16 13:30:36 [INFO] Updated candidate mask pretrained-rescale_mask_best-acc_50_05161314_resnet18 at epoch 20 with acc 83.4800
2026-05-16 13:30:49 [INFO] Epoch: 21 [12800/50000 (26%)]	 Training Loss: 0.274 ACC: 80.98 CR: 0.49 Avg R1: 4.89 Avg R2: 1.75 Avg Reward: 6.634357
2026-05-16 13:31:03 [INFO] Epoch: 21 [25600/50000 (51%)]	 Training Loss: 0.273 ACC: 81.26 CR: 0.48 Avg R1: 4.88 Avg R2: 1.74 Avg Reward: 6.620088
2026-05-16 13:31:18 [INFO] Epoch: 21 [38400/50000 (77%)]	 Training Loss: 0.270 ACC: 81.20 CR: 0.48 Avg R1: 4.86 Avg R2: 1.74 Avg Reward: 6.606378
2026-05-16 13:31:31 [INFO] EPOCH:21, ======================CR:0.4812====================
2026-05-16 13:31:31 [INFO] 0.004117380281075017
2026-05-16 13:31:33 [INFO] EPOCH:21, ======================ACC:80.04====================
2026-05-16 13:31:33 [INFO] BEST EPOCH:20,BEST ACC:83.48
2026-05-16 13:31:47 [INFO] Epoch: 22 [12800/50000 (26%)]	 Training Loss: 0.264 ACC: 81.49 CR: 0.48 Avg R1: 4.80 Avg R2: 1.70 Avg Reward: 6.504300
2026-05-16 13:32:00 [INFO] Epoch: 22 [25600/50000 (51%)]	 Training Loss: 0.261 ACC: 81.62 CR: 0.48 Avg R1: 4.79 Avg R2: 1.70 Avg Reward: 6.493414
2026-05-16 13:32:15 [INFO] Epoch: 22 [38400/50000 (77%)]	 Training Loss: 0.265 ACC: 81.39 CR: 0.48 Avg R1: 4.79 Avg R2: 1.70 Avg Reward: 6.488079
2026-05-16 13:32:27 [INFO] EPOCH:22, ======================CR:0.48188====================
2026-05-16 13:32:27 [INFO] 0.011906822539685898
2026-05-16 13:32:30 [INFO] EPOCH:22, ======================ACC:76.79====================
2026-05-16 13:32:30 [INFO] BEST EPOCH:20,BEST ACC:83.48
2026-05-16 13:32:43 [INFO] Epoch: 23 [12800/50000 (26%)]	 Training Loss: 0.261 ACC: 81.61 CR: 0.48 Avg R1: 4.81 Avg R2: 1.69 Avg Reward: 6.504409
2026-05-16 13:32:57 [INFO] Epoch: 23 [25600/50000 (51%)]	 Training Loss: 0.258 ACC: 81.94 CR: 0.48 Avg R1: 4.82 Avg R2: 1.69 Avg Reward: 6.508692
2026-05-16 13:33:12 [INFO] Epoch: 23 [38400/50000 (77%)]	 Training Loss: 0.261 ACC: 81.68 CR: 0.48 Avg R1: 4.82 Avg R2: 1.69 Avg Reward: 6.510018
2026-05-16 13:33:25 [INFO] EPOCH:23, ======================CR:0.48068====================
2026-05-16 13:33:25 [INFO] 0.013323446671181209
2026-05-16 13:33:27 [INFO] EPOCH:23, ======================ACC:78.31====================
2026-05-16 13:33:27 [INFO] BEST EPOCH:20,BEST ACC:83.48
2026-05-16 13:33:40 [INFO] Epoch: 24 [12800/50000 (26%)]	 Training Loss: 0.257 ACC: 82.02 CR: 0.48 Avg R1: 4.80 Avg R2: 1.68 Avg Reward: 6.478792
2026-05-16 13:33:53 [INFO] Epoch: 24 [25600/50000 (51%)]	 Training Loss: 0.260 ACC: 81.80 CR: 0.48 Avg R1: 4.79 Avg R2: 1.67 Avg Reward: 6.468411
2026-05-16 13:34:06 [INFO] Epoch: 24 [38400/50000 (77%)]	 Training Loss: 0.258 ACC: 81.96 CR: 0.48 Avg R1: 4.79 Avg R2: 1.67 Avg Reward: 6.466937
2026-05-16 13:34:21 [INFO] EPOCH:24, ======================CR:0.4794====================
2026-05-16 13:34:21 [INFO] 0.007806058223172418
2026-05-16 13:34:23 [INFO] EPOCH:24, ======================ACC:81.42====================
2026-05-16 13:34:23 [INFO] BEST EPOCH:20,BEST ACC:83.48
2026-05-16 13:34:37 [INFO] Epoch: 25 [12800/50000 (26%)]	 Training Loss: 0.250 ACC: 82.59 CR: 0.48 Avg R1: 4.80 Avg R2: 1.67 Avg Reward: 6.472938
2026-05-16 13:34:48 [INFO] Epoch: 25 [25600/50000 (51%)]	 Training Loss: 0.252 ACC: 82.38 CR: 0.48 Avg R1: 4.81 Avg R2: 1.67 Avg Reward: 6.479446
2026-05-16 13:35:03 [INFO] Epoch: 25 [38400/50000 (77%)]	 Training Loss: 0.249 ACC: 82.64 CR: 0.48 Avg R1: 4.81 Avg R2: 1.67 Avg Reward: 6.484177
2026-05-16 13:35:16 [INFO] EPOCH:25, ======================CR:0.4848====================
2026-05-16 13:35:16 [INFO] 0.008831145406684896
2026-05-16 13:35:18 [INFO] EPOCH:25, ======================ACC:82.51====================
2026-05-16 13:35:18 [INFO] BEST EPOCH:20,BEST ACC:83.48
2026-05-16 13:35:32 [INFO] Epoch: 26 [12800/50000 (26%)]	 Training Loss: 0.244 ACC: 82.73 CR: 0.48 Avg R1: 4.85 Avg R2: 1.66 Avg Reward: 6.500727
2026-05-16 13:35:46 [INFO] Epoch: 26 [25600/50000 (51%)]	 Training Loss: 0.245 ACC: 82.77 CR: 0.48 Avg R1: 4.83 Avg R2: 1.65 Avg Reward: 6.487416
2026-05-16 13:36:00 [INFO] Epoch: 26 [38400/50000 (77%)]	 Training Loss: 0.248 ACC: 82.75 CR: 0.48 Avg R1: 4.83 Avg R2: 1.65 Avg Reward: 6.482614
2026-05-16 13:36:13 [INFO] EPOCH:26, ======================CR:0.48242====================
2026-05-16 13:36:13 [INFO] 0.012550028253064782
2026-05-16 13:36:15 [INFO] EPOCH:26, ======================ACC:81.88====================
2026-05-16 13:36:15 [INFO] BEST EPOCH:20,BEST ACC:83.48
2026-05-16 13:36:30 [INFO] Epoch: 27 [12800/50000 (26%)]	 Training Loss: 0.255 ACC: 82.30 CR: 0.49 Avg R1: 4.84 Avg R2: 1.65 Avg Reward: 6.483184
2026-05-16 13:36:44 [INFO] Epoch: 27 [25600/50000 (51%)]	 Training Loss: 0.247 ACC: 82.76 CR: 0.49 Avg R1: 4.85 Avg R2: 1.65 Avg Reward: 6.495446
2026-05-16 13:36:57 [INFO] Epoch: 27 [38400/50000 (77%)]	 Training Loss: 0.248 ACC: 82.74 CR: 0.49 Avg R1: 4.86 Avg R2: 1.65 Avg Reward: 6.507987
2026-05-16 13:37:10 [INFO] EPOCH:27, ======================CR:0.48812====================
2026-05-16 13:37:10 [INFO] 0.00231769096497316
2026-05-16 13:37:12 [INFO] EPOCH:27, ======================ACC:79.22====================
2026-05-16 13:37:12 [INFO] BEST EPOCH:20,BEST ACC:83.48
2026-05-16 13:37:27 [INFO] Epoch: 28 [12800/50000 (26%)]	 Training Loss: 0.255 ACC: 82.36 CR: 0.49 Avg R1: 4.90 Avg R2: 1.65 Avg Reward: 6.555427
2026-05-16 13:37:43 [INFO] Epoch: 28 [25600/50000 (51%)]	 Training Loss: 0.248 ACC: 82.80 CR: 0.49 Avg R1: 4.91 Avg R2: 1.65 Avg Reward: 6.566062
2026-05-16 13:37:58 [INFO] Epoch: 28 [38400/50000 (77%)]	 Training Loss: 0.247 ACC: 82.78 CR: 0.49 Avg R1: 4.91 Avg R2: 1.66 Avg Reward: 6.567371
2026-05-16 13:38:10 [INFO] EPOCH:28, ======================CR:0.49306====================
2026-05-16 13:38:10 [INFO] 0.0044753703422857624
2026-05-16 13:38:12 [INFO] EPOCH:28, ======================ACC:80.69====================
2026-05-16 13:38:12 [INFO] BEST EPOCH:20,BEST ACC:83.48
2026-05-16 13:38:12 [INFO] Saving Masks: current CR 0.4931 target CR 0.5000
2026-05-16 13:38:27 [INFO] Epoch: 29 [12800/50000 (26%)]	 Training Loss: 0.252 ACC: 82.30 CR: 0.49 Avg R1: 4.94 Avg R2: 1.66 Avg Reward: 6.594949
2026-05-16 13:38:42 [INFO] Epoch: 29 [25600/50000 (51%)]	 Training Loss: 0.252 ACC: 82.49 CR: 0.50 Avg R1: 4.95 Avg R2: 1.66 Avg Reward: 6.611163
2026-05-16 13:38:56 [INFO] Epoch: 29 [38400/50000 (77%)]	 Training Loss: 0.248 ACC: 82.83 CR: 0.50 Avg R1: 4.96 Avg R2: 1.66 Avg Reward: 6.620161
2026-05-16 13:39:08 [INFO] EPOCH:29, ======================CR:0.49776====================
2026-05-16 13:39:08 [INFO] 0.004860332570002179
2026-05-16 13:39:11 [INFO] EPOCH:29, ======================ACC:78.86====================
2026-05-16 13:39:11 [INFO] BEST EPOCH:20,BEST ACC:83.48
2026-05-16 13:39:11 [INFO] Saving Masks: current CR 0.4978 target CR 0.5000
2026-05-16 13:39:26 [INFO] Epoch: 30 [12800/50000 (26%)]	 Training Loss: 0.233 ACC: 83.57 CR: 0.50 Avg R1: 4.97 Avg R2: 1.66 Avg Reward: 6.634175
2026-05-16 13:39:39 [INFO] Epoch: 30 [25600/50000 (51%)]	 Training Loss: 0.236 ACC: 83.58 CR: 0.50 Avg R1: 4.98 Avg R2: 1.66 Avg Reward: 6.635177
2026-05-16 13:39:54 [INFO] Epoch: 30 [38400/50000 (77%)]	 Training Loss: 0.235 ACC: 83.57 CR: 0.50 Avg R1: 4.97 Avg R2: 1.66 Avg Reward: 6.633651
2026-05-16 13:40:06 [INFO] EPOCH:30, ======================CR:0.49416====================
2026-05-16 13:40:06 [INFO] 0.008189325719160928
2026-05-16 13:40:09 [INFO] EPOCH:30, ======================ACC:78.48====================
2026-05-16 13:40:09 [INFO] BEST EPOCH:20,BEST ACC:83.48
2026-05-16 13:40:09 [INFO] Saving Masks: current CR 0.4942 target CR 0.5000
2026-05-16 13:40:24 [INFO] Epoch: 31 [12800/50000 (26%)]	 Training Loss: 0.238 ACC: 83.23 CR: 0.49 Avg R1: 4.93 Avg R2: 1.65 Avg Reward: 6.577202
2026-05-16 13:40:37 [INFO] Epoch: 31 [25600/50000 (51%)]	 Training Loss: 0.241 ACC: 83.23 CR: 0.49 Avg R1: 4.94 Avg R2: 1.65 Avg Reward: 6.583131
2026-05-16 13:40:52 [INFO] Epoch: 31 [38400/50000 (77%)]	 Training Loss: 0.239 ACC: 83.40 CR: 0.49 Avg R1: 4.93 Avg R2: 1.65 Avg Reward: 6.581062
2026-05-16 13:41:06 [INFO] EPOCH:31, ======================CR:0.49062====================
2026-05-16 13:41:06 [INFO] 0.0032201573452866864
2026-05-16 13:41:08 [INFO] EPOCH:31, ======================ACC:84.65====================
2026-05-16 13:41:08 [INFO] BEST EPOCH:31,BEST ACC:84.65
2026-05-16 13:41:08 [INFO] Saving Masks: current CR 0.4906 target CR 0.5000
2026-05-16 13:41:08 [INFO] Updated candidate mask pretrained-rescale_mask_best-acc_50_05161314_resnet18 at epoch 31 with acc 84.6500
2026-05-16 13:41:23 [INFO] Epoch: 32 [12800/50000 (26%)]	 Training Loss: 0.237 ACC: 83.54 CR: 0.49 Avg R1: 4.91 Avg R2: 1.64 Avg Reward: 6.549689
2026-05-16 13:41:38 [INFO] Epoch: 32 [25600/50000 (51%)]	 Training Loss: 0.238 ACC: 83.51 CR: 0.49 Avg R1: 4.92 Avg R2: 1.64 Avg Reward: 6.557936
2026-05-16 13:41:52 [INFO] Epoch: 32 [38400/50000 (77%)]	 Training Loss: 0.236 ACC: 83.75 CR: 0.49 Avg R1: 4.92 Avg R2: 1.64 Avg Reward: 6.558089
2026-05-16 13:42:06 [INFO] EPOCH:32, ======================CR:0.49516====================
2026-05-16 13:42:06 [INFO] 0.008515943620657251
2026-05-16 13:42:08 [INFO] EPOCH:32, ======================ACC:84.85====================
2026-05-16 13:42:08 [INFO] BEST EPOCH:32,BEST ACC:84.85
2026-05-16 13:42:08 [INFO] Saving Masks: current CR 0.4952 target CR 0.5000
2026-05-16 13:42:08 [INFO] Updated candidate mask pretrained-rescale_mask_best-acc_50_05161314_resnet18 at epoch 32 with acc 84.8500
2026-05-16 13:42:23 [INFO] Epoch: 33 [12800/50000 (26%)]	 Training Loss: 0.236 ACC: 84.03 CR: 0.50 Avg R1: 4.95 Avg R2: 1.65 Avg Reward: 6.604788
2026-05-16 13:42:39 [INFO] Epoch: 33 [25600/50000 (51%)]	 Training Loss: 0.231 ACC: 84.05 CR: 0.50 Avg R1: 4.97 Avg R2: 1.66 Avg Reward: 6.625484
2026-05-16 13:42:54 [INFO] Epoch: 33 [38400/50000 (77%)]	 Training Loss: 0.232 ACC: 84.14 CR: 0.51 Avg R1: 4.97 Avg R2: 1.66 Avg Reward: 6.627806
2026-05-16 13:43:08 [INFO] EPOCH:33, ======================CR:0.5152====================
2026-05-16 13:43:08 [INFO] -0.003601343042688812
2026-05-16 13:43:10 [INFO] EPOCH:33, ======================ACC:81.93====================
2026-05-16 13:43:10 [INFO] BEST EPOCH:32,BEST ACC:84.85
2026-05-16 13:43:24 [INFO] Epoch: 34 [12800/50000 (26%)]	 Training Loss: 0.238 ACC: 84.27 CR: 0.52 Avg R1: 4.84 Avg R2: 1.68 Avg Reward: 6.519529
2026-05-16 13:43:41 [INFO] Epoch: 34 [25600/50000 (51%)]	 Training Loss: 0.236 ACC: 84.35 CR: 0.52 Avg R1: 4.82 Avg R2: 1.69 Avg Reward: 6.508554
2026-05-16 13:43:55 [INFO] Epoch: 34 [38400/50000 (77%)]	 Training Loss: 0.243 ACC: 83.77 CR: 0.52 Avg R1: 4.81 Avg R2: 1.69 Avg Reward: 6.497559
2026-05-16 13:44:08 [INFO] EPOCH:34, ======================CR:0.5252====================
2026-05-16 13:44:08 [INFO] -0.004485424651276036
2026-05-16 13:44:11 [INFO] EPOCH:34, ======================ACC:83.84====================
2026-05-16 13:44:11 [INFO] BEST EPOCH:32,BEST ACC:84.85
2026-05-16 13:44:26 [INFO] Epoch: 35 [12800/50000 (26%)]	 Training Loss: 0.245 ACC: 83.41 CR: 0.53 Avg R1: 4.74 Avg R2: 1.70 Avg Reward: 6.436806
2026-05-16 13:44:40 [INFO] Epoch: 35 [25600/50000 (51%)]	 Training Loss: 0.237 ACC: 84.05 CR: 0.52 Avg R1: 4.75 Avg R2: 1.69 Avg Reward: 6.441483
2026-05-16 13:44:54 [INFO] Epoch: 35 [38400/50000 (77%)]	 Training Loss: 0.238 ACC: 83.96 CR: 0.52 Avg R1: 4.75 Avg R2: 1.69 Avg Reward: 6.443532
2026-05-16 13:45:07 [INFO] EPOCH:35, ======================CR:0.52432====================
2026-05-16 13:45:07 [INFO] -0.008222292433035773
2026-05-16 13:45:09 [INFO] EPOCH:35, ======================ACC:84.88====================
2026-05-16 13:45:09 [INFO] BEST EPOCH:35,BEST ACC:84.88
2026-05-16 13:45:24 [INFO] Epoch: 36 [12800/50000 (26%)]	 Training Loss: 0.230 ACC: 84.24 CR: 0.52 Avg R1: 4.76 Avg R2: 1.69 Avg Reward: 6.456901
2026-05-16 13:45:38 [INFO] Epoch: 36 [25600/50000 (51%)]	 Training Loss: 0.231 ACC: 84.13 CR: 0.52 Avg R1: 4.77 Avg R2: 1.69 Avg Reward: 6.461947
2026-05-16 13:45:53 [INFO] Epoch: 36 [38400/50000 (77%)]	 Training Loss: 0.230 ACC: 84.28 CR: 0.52 Avg R1: 4.77 Avg R2: 1.69 Avg Reward: 6.465159
2026-05-16 13:46:08 [INFO] EPOCH:36, ======================CR:0.52334====================
2026-05-16 13:46:08 [INFO] -0.009276669508047192
2026-05-16 13:46:10 [INFO] EPOCH:36, ======================ACC:86.4====================
2026-05-16 13:46:10 [INFO] BEST EPOCH:36,BEST ACC:86.4
2026-05-16 13:46:25 [INFO] Epoch: 37 [12800/50000 (26%)]	 Training Loss: 0.226 ACC: 84.98 CR: 0.52 Avg R1: 4.78 Avg R2: 1.70 Avg Reward: 6.480100
2026-05-16 13:46:41 [INFO] Epoch: 37 [25600/50000 (51%)]	 Training Loss: 0.228 ACC: 84.84 CR: 0.52 Avg R1: 4.79 Avg R2: 1.70 Avg Reward: 6.483909
2026-05-16 13:46:57 [INFO] Epoch: 37 [38400/50000 (77%)]	 Training Loss: 0.232 ACC: 84.58 CR: 0.52 Avg R1: 4.78 Avg R2: 1.70 Avg Reward: 6.480803
2026-05-16 13:47:10 [INFO] EPOCH:37, ======================CR:0.52288====================
2026-05-16 13:47:10 [INFO] -0.00611959048970807
2026-05-16 13:47:13 [INFO] EPOCH:37, ======================ACC:86.13====================
2026-05-16 13:47:13 [INFO] BEST EPOCH:36,BEST ACC:86.4
2026-05-16 13:47:29 [INFO] Epoch: 38 [12800/50000 (26%)]	 Training Loss: 0.225 ACC: 84.67 CR: 0.52 Avg R1: 4.78 Avg R2: 1.69 Avg Reward: 6.469421
2026-05-16 13:47:44 [INFO] Epoch: 38 [25600/50000 (51%)]	 Training Loss: 0.222 ACC: 84.85 CR: 0.52 Avg R1: 4.78 Avg R2: 1.69 Avg Reward: 6.466447
2026-05-16 13:48:00 [INFO] Epoch: 38 [38400/50000 (77%)]	 Training Loss: 0.223 ACC: 84.84 CR: 0.52 Avg R1: 4.78 Avg R2: 1.69 Avg Reward: 6.466532
2026-05-16 13:48:13 [INFO] EPOCH:38, ======================CR:0.5171====================
2026-05-16 13:48:13 [INFO] -0.003123561988685267
2026-05-16 13:48:15 [INFO] EPOCH:38, ======================ACC:86.79====================
2026-05-16 13:48:15 [INFO] BEST EPOCH:38,BEST ACC:86.79
2026-05-16 13:48:31 [INFO] Epoch: 39 [12800/50000 (26%)]	 Training Loss: 0.225 ACC: 84.75 CR: 0.52 Avg R1: 4.82 Avg R2: 1.68 Avg Reward: 6.499160
2026-05-16 13:48:46 [INFO] Epoch: 39 [25600/50000 (51%)]	 Training Loss: 0.225 ACC: 84.92 CR: 0.52 Avg R1: 4.81 Avg R2: 1.68 Avg Reward: 6.494778
2026-05-16 13:49:01 [INFO] Epoch: 39 [38400/50000 (77%)]	 Training Loss: 0.229 ACC: 84.64 CR: 0.52 Avg R1: 4.82 Avg R2: 1.68 Avg Reward: 6.497299
2026-05-16 13:49:17 [INFO] EPOCH:39, ======================CR:0.51394====================
2026-05-16 13:49:17 [INFO] -0.005464564193787241
2026-05-16 13:49:19 [INFO] EPOCH:39, ======================ACC:87.05====================
2026-05-16 13:49:19 [INFO] BEST EPOCH:39,BEST ACC:87.05
2026-05-16 13:49:36 [INFO] Epoch: 40 [12800/50000 (26%)]	 Training Loss: 0.215 ACC: 85.69 CR: 0.51 Avg R1: 4.87 Avg R2: 1.68 Avg Reward: 6.546645
2026-05-16 13:49:53 [INFO] Epoch: 40 [25600/50000 (51%)]	 Training Loss: 0.215 ACC: 85.56 CR: 0.51 Avg R1: 4.88 Avg R2: 1.68 Avg Reward: 6.553626
2026-05-16 13:50:09 [INFO] Epoch: 40 [38400/50000 (77%)]	 Training Loss: 0.217 ACC: 85.44 CR: 0.51 Avg R1: 4.89 Avg R2: 1.67 Avg Reward: 6.563149
2026-05-16 13:50:23 [INFO] EPOCH:40, ======================CR:0.5113====================
2026-05-16 13:50:23 [INFO] 0.0032012476886901877
2026-05-16 13:50:25 [INFO] EPOCH:40, ======================ACC:82.32====================
2026-05-16 13:50:25 [INFO] BEST EPOCH:39,BEST ACC:87.05
2026-05-16 13:50:42 [INFO] Epoch: 41 [12800/50000 (26%)]	 Training Loss: 0.213 ACC: 85.34 CR: 0.51 Avg R1: 4.90 Avg R2: 1.66 Avg Reward: 6.559501
2026-05-16 13:51:00 [INFO] Epoch: 41 [25600/50000 (51%)]	 Training Loss: 0.211 ACC: 85.52 CR: 0.51 Avg R1: 4.90 Avg R2: 1.66 Avg Reward: 6.561520
2026-05-16 13:51:16 [INFO] Epoch: 41 [38400/50000 (77%)]	 Training Loss: 0.215 ACC: 85.30 CR: 0.51 Avg R1: 4.91 Avg R2: 1.66 Avg Reward: 6.569008
2026-05-16 13:51:30 [INFO] EPOCH:41, ======================CR:0.50554====================
2026-05-16 13:51:30 [INFO] 0.00112395154959222
2026-05-16 13:51:32 [INFO] EPOCH:41, ======================ACC:83.59====================
2026-05-16 13:51:32 [INFO] BEST EPOCH:39,BEST ACC:87.05
2026-05-16 13:51:32 [INFO] Saving Masks: current CR 0.5055 target CR 0.5000
2026-05-16 13:51:49 [INFO] Epoch: 42 [12800/50000 (26%)]	 Training Loss: 0.208 ACC: 85.65 CR: 0.50 Avg R1: 4.95 Avg R2: 1.65 Avg Reward: 6.593436
2026-05-16 13:52:05 [INFO] Epoch: 42 [25600/50000 (51%)]	 Training Loss: 0.207 ACC: 85.85 CR: 0.50 Avg R1: 4.95 Avg R2: 1.65 Avg Reward: 6.595237
2026-05-16 13:52:19 [INFO] Epoch: 42 [38400/50000 (77%)]	 Training Loss: 0.208 ACC: 85.73 CR: 0.50 Avg R1: 4.95 Avg R2: 1.64 Avg Reward: 6.598190
2026-05-16 13:52:31 [INFO] EPOCH:42, ======================CR:0.50226====================
2026-05-16 13:52:31 [INFO] 0.0007477522557406819
2026-05-16 13:52:33 [INFO] EPOCH:42, ======================ACC:86.96====================
2026-05-16 13:52:33 [INFO] BEST EPOCH:39,BEST ACC:87.05
2026-05-16 13:52:33 [INFO] Saving Masks: current CR 0.5023 target CR 0.5000
2026-05-16 13:52:33 [INFO] Updated candidate mask pretrained-rescale_mask_best-acc_50_05161314_resnet18 at epoch 42 with acc 86.9600
2026-05-16 13:52:49 [INFO] Epoch: 43 [12800/50000 (26%)]	 Training Loss: 0.213 ACC: 85.41 CR: 0.50 Avg R1: 4.99 Avg R2: 1.63 Avg Reward: 6.613861
2026-05-16 13:53:04 [INFO] Epoch: 43 [25600/50000 (51%)]	 Training Loss: 0.209 ACC: 85.71 CR: 0.50 Avg R1: 4.99 Avg R2: 1.63 Avg Reward: 6.612015
2026-05-16 13:53:18 [INFO] Epoch: 43 [38400/50000 (77%)]	 Training Loss: 0.210 ACC: 85.73 CR: 0.50 Avg R1: 4.98 Avg R2: 1.63 Avg Reward: 6.610490
2026-05-16 13:53:33 [INFO] EPOCH:43, ======================CR:0.49906====================
2026-05-16 13:53:33 [INFO] -0.0012166878090134968
2026-05-16 13:53:35 [INFO] EPOCH:43, ======================ACC:86.35====================
2026-05-16 13:53:35 [INFO] BEST EPOCH:42,BEST ACC:87.05
2026-05-16 13:53:35 [INFO] Saving Masks: current CR 0.4991 target CR 0.5000
2026-05-16 13:53:51 [INFO] Epoch: 44 [12800/50000 (26%)]	 Training Loss: 0.213 ACC: 85.52 CR: 0.50 Avg R1: 4.99 Avg R2: 1.63 Avg Reward: 6.620695
2026-05-16 13:54:05 [INFO] Epoch: 44 [25600/50000 (51%)]	 Training Loss: 0.210 ACC: 85.69 CR: 0.50 Avg R1: 4.99 Avg R2: 1.63 Avg Reward: 6.618416
2026-05-16 13:54:21 [INFO] Epoch: 44 [38400/50000 (77%)]	 Training Loss: 0.211 ACC: 85.54 CR: 0.50 Avg R1: 4.99 Avg R2: 1.63 Avg Reward: 6.615985
2026-05-16 13:54:36 [INFO] EPOCH:44, ======================CR:0.49578====================
2026-05-16 13:54:36 [INFO] -0.0004813290738479127
2026-05-16 13:54:38 [INFO] EPOCH:44, ======================ACC:84.57====================
2026-05-16 13:54:38 [INFO] BEST EPOCH:42,BEST ACC:87.05
2026-05-16 13:54:38 [INFO] Saving Masks: current CR 0.4958 target CR 0.5000
2026-05-16 13:54:53 [INFO] Epoch: 45 [12800/50000 (26%)]	 Training Loss: 0.208 ACC: 85.71 CR: 0.50 Avg R1: 4.95 Avg R2: 1.62 Avg Reward: 6.571655
2026-05-16 13:55:09 [INFO] Epoch: 45 [25600/50000 (51%)]	 Training Loss: 0.208 ACC: 85.68 CR: 0.49 Avg R1: 4.95 Avg R2: 1.62 Avg Reward: 6.573790
2026-05-16 13:55:24 [INFO] Epoch: 45 [38400/50000 (77%)]	 Training Loss: 0.210 ACC: 85.56 CR: 0.50 Avg R1: 4.95 Avg R2: 1.62 Avg Reward: 6.569173
2026-05-16 13:55:38 [INFO] EPOCH:45, ======================CR:0.49816====================
2026-05-16 13:55:38 [INFO] -0.0010204318664787397
2026-05-16 13:55:40 [INFO] EPOCH:45, ======================ACC:85.55====================
2026-05-16 13:55:40 [INFO] BEST EPOCH:42,BEST ACC:87.05
2026-05-16 13:55:40 [INFO] Saving Masks: current CR 0.4982 target CR 0.5000
2026-05-16 13:55:55 [INFO] Epoch: 46 [12800/50000 (26%)]	 Training Loss: 0.214 ACC: 85.27 CR: 0.50 Avg R1: 4.98 Avg R2: 1.63 Avg Reward: 6.611923
2026-05-16 13:56:11 [INFO] Epoch: 46 [25600/50000 (51%)]	 Training Loss: 0.207 ACC: 85.67 CR: 0.50 Avg R1: 4.98 Avg R2: 1.63 Avg Reward: 6.608738
2026-05-16 13:56:25 [INFO] Epoch: 46 [38400/50000 (77%)]	 Training Loss: 0.209 ACC: 85.67 CR: 0.50 Avg R1: 4.98 Avg R2: 1.63 Avg Reward: 6.612510
2026-05-16 13:56:39 [INFO] EPOCH:46, ======================CR:0.4983====================
2026-05-16 13:56:39 [INFO] 0.002620276813421176
2026-05-16 13:56:41 [INFO] EPOCH:46, ======================ACC:84.18====================
2026-05-16 13:56:41 [INFO] BEST EPOCH:42,BEST ACC:87.05
2026-05-16 13:56:41 [INFO] Saving Masks: current CR 0.4983 target CR 0.5000
2026-05-16 13:56:56 [INFO] Epoch: 47 [12800/50000 (26%)]	 Training Loss: 0.216 ACC: 85.18 CR: 0.50 Avg R1: 4.98 Avg R2: 1.61 Avg Reward: 6.591373
2026-05-16 13:57:12 [INFO] Epoch: 47 [25600/50000 (51%)]	 Training Loss: 0.209 ACC: 85.54 CR: 0.50 Avg R1: 4.98 Avg R2: 1.62 Avg Reward: 6.601064
2026-05-16 13:57:29 [INFO] Epoch: 47 [38400/50000 (77%)]	 Training Loss: 0.206 ACC: 85.60 CR: 0.50 Avg R1: 4.98 Avg R2: 1.62 Avg Reward: 6.599375
2026-05-16 13:57:43 [INFO] EPOCH:47, ======================CR:0.49726====================
2026-05-16 13:57:43 [INFO] 0.0022238528287425036
2026-05-16 13:57:45 [INFO] EPOCH:47, ======================ACC:86.12====================
2026-05-16 13:57:45 [INFO] BEST EPOCH:42,BEST ACC:87.05
2026-05-16 13:57:45 [INFO] Saving Masks: current CR 0.4973 target CR 0.5000
2026-05-16 13:57:59 [INFO] Epoch: 48 [12800/50000 (26%)]	 Training Loss: 0.195 ACC: 86.18 CR: 0.49 Avg R1: 4.96 Avg R2: 1.62 Avg Reward: 6.584667
2026-05-16 13:58:14 [INFO] Epoch: 48 [25600/50000 (51%)]	 Training Loss: 0.201 ACC: 85.86 CR: 0.49 Avg R1: 4.94 Avg R2: 1.62 Avg Reward: 6.565295
2026-05-16 13:58:29 [INFO] Epoch: 48 [38400/50000 (77%)]	 Training Loss: 0.201 ACC: 85.94 CR: 0.49 Avg R1: 4.94 Avg R2: 1.62 Avg Reward: 6.557898
2026-05-16 13:58:43 [INFO] EPOCH:48, ======================CR:0.49388====================
2026-05-16 13:58:43 [INFO] -0.002517314878892382
2026-05-16 13:58:45 [INFO] EPOCH:48, ======================ACC:87.55====================
2026-05-16 13:58:45 [INFO] BEST EPOCH:48,BEST ACC:87.55
2026-05-16 13:58:45 [INFO] Saving Masks: current CR 0.4939 target CR 0.5000
2026-05-16 13:58:45 [INFO] Updated candidate mask pretrained-rescale_mask_best-acc_50_05161314_resnet18 at epoch 48 with acc 87.5500
2026-05-16 13:59:01 [INFO] Epoch: 49 [12800/50000 (26%)]	 Training Loss: 0.211 ACC: 85.35 CR: 0.50 Avg R1: 4.95 Avg R2: 1.62 Avg Reward: 6.574920
2026-05-16 13:59:15 [INFO] Epoch: 49 [25600/50000 (51%)]	 Training Loss: 0.206 ACC: 85.67 CR: 0.50 Avg R1: 4.96 Avg R2: 1.62 Avg Reward: 6.588245
2026-05-16 13:59:29 [INFO] Epoch: 49 [38400/50000 (77%)]	 Training Loss: 0.205 ACC: 85.87 CR: 0.50 Avg R1: 4.97 Avg R2: 1.63 Avg Reward: 6.599955
2026-05-16 13:59:43 [INFO] EPOCH:49, ======================CR:0.50166====================
2026-05-16 13:59:43 [INFO] 0.0014247385991998395
2026-05-16 13:59:45 [INFO] EPOCH:49, ======================ACC:86.79====================
2026-05-16 13:59:45 [INFO] BEST EPOCH:48,BEST ACC:87.55
2026-05-16 13:59:45 [INFO] Saving Masks: current CR 0.5017 target CR 0.5000
2026-05-16 13:59:59 [INFO] Epoch: 50 [12800/50000 (26%)]	 Training Loss: 0.192 ACC: 86.91 CR: 0.50 Avg R1: 4.99 Avg R2: 1.62 Avg Reward: 6.615547
2026-05-16 14:00:14 [INFO] Epoch: 50 [25600/50000 (51%)]	 Training Loss: 0.199 ACC: 86.32 CR: 0.50 Avg R1: 4.99 Avg R2: 1.63 Avg Reward: 6.611135
2026-05-16 14:00:29 [INFO] Epoch: 50 [38400/50000 (77%)]	 Training Loss: 0.202 ACC: 86.07 CR: 0.50 Avg R1: 4.98 Avg R2: 1.63 Avg Reward: 6.605119
2026-05-16 14:00:43 [INFO] EPOCH:50, ======================CR:0.50118====================
2026-05-16 14:00:43 [INFO] 0.005122702081106535
2026-05-16 14:00:45 [INFO] EPOCH:50, ======================ACC:86.79====================
2026-05-16 14:00:45 [INFO] BEST EPOCH:48,BEST ACC:87.55
2026-05-16 14:00:45 [INFO] Saving Masks: current CR 0.5012 target CR 0.5000
2026-05-16 14:01:01 [INFO] Epoch: 51 [12800/50000 (26%)]	 Training Loss: 0.205 ACC: 86.24 CR: 0.50 Avg R1: 4.98 Avg R2: 1.61 Avg Reward: 6.593024
2026-05-16 14:01:16 [INFO] Epoch: 51 [25600/50000 (51%)]	 Training Loss: 0.200 ACC: 86.27 CR: 0.50 Avg R1: 4.98 Avg R2: 1.61 Avg Reward: 6.587698
2026-05-16 14:01:31 [INFO] Epoch: 51 [38400/50000 (77%)]	 Training Loss: 0.200 ACC: 86.23 CR: 0.50 Avg R1: 4.98 Avg R2: 1.61 Avg Reward: 6.591492
2026-05-16 14:01:44 [INFO] EPOCH:51, ======================CR:0.49972====================
2026-05-16 14:01:44 [INFO] 9.659907069422482e-05
2026-05-16 14:01:46 [INFO] EPOCH:51, ======================ACC:82.49====================
2026-05-16 14:01:46 [INFO] BEST EPOCH:48,BEST ACC:87.55
2026-05-16 14:01:46 [INFO] Saving Masks: current CR 0.4997 target CR 0.5000
2026-05-16 14:02:02 [INFO] Epoch: 52 [12800/50000 (26%)]	 Training Loss: 0.200 ACC: 86.05 CR: 0.50 Avg R1: 4.98 Avg R2: 1.61 Avg Reward: 6.594928
2026-05-16 14:02:17 [INFO] Epoch: 52 [25600/50000 (51%)]	 Training Loss: 0.199 ACC: 86.10 CR: 0.50 Avg R1: 4.98 Avg R2: 1.61 Avg Reward: 6.597119
2026-05-16 14:02:33 [INFO] Epoch: 52 [38400/50000 (77%)]	 Training Loss: 0.198 ACC: 86.14 CR: 0.50 Avg R1: 4.98 Avg R2: 1.61 Avg Reward: 6.597490
2026-05-16 14:02:46 [INFO] EPOCH:52, ======================CR:0.4953====================
2026-05-16 14:02:46 [INFO] 0.0011963595381767123
2026-05-16 14:02:48 [INFO] EPOCH:52, ======================ACC:85.23====================
2026-05-16 14:02:48 [INFO] BEST EPOCH:48,BEST ACC:87.55
2026-05-16 14:02:48 [INFO] Saving Masks: current CR 0.4953 target CR 0.5000
2026-05-16 14:03:03 [INFO] Epoch: 53 [12800/50000 (26%)]	 Training Loss: 0.196 ACC: 86.49 CR: 0.50 Avg R1: 4.97 Avg R2: 1.62 Avg Reward: 6.591123
2026-05-16 14:03:18 [INFO] Epoch: 53 [25600/50000 (51%)]	 Training Loss: 0.195 ACC: 86.59 CR: 0.50 Avg R1: 4.98 Avg R2: 1.63 Avg Reward: 6.601960
2026-05-16 14:03:34 [INFO] Epoch: 53 [38400/50000 (77%)]	 Training Loss: 0.195 ACC: 86.58 CR: 0.50 Avg R1: 4.98 Avg R2: 1.63 Avg Reward: 6.604966
2026-05-16 14:03:47 [INFO] EPOCH:53, ======================CR:0.50244====================
2026-05-16 14:03:47 [INFO] -0.003812570065243348
2026-05-16 14:03:49 [INFO] EPOCH:53, ======================ACC:86.63====================
2026-05-16 14:03:49 [INFO] BEST EPOCH:48,BEST ACC:87.55
2026-05-16 14:03:49 [INFO] Saving Masks: current CR 0.5024 target CR 0.5000
2026-05-16 14:04:04 [INFO] Epoch: 54 [12800/50000 (26%)]	 Training Loss: 0.190 ACC: 86.83 CR: 0.50 Avg R1: 4.98 Avg R2: 1.63 Avg Reward: 6.609797
2026-05-16 14:04:19 [INFO] Epoch: 54 [25600/50000 (51%)]	 Training Loss: 0.191 ACC: 86.70 CR: 0.50 Avg R1: 4.99 Avg R2: 1.63 Avg Reward: 6.614323
2026-05-16 14:04:33 [INFO] Epoch: 54 [38400/50000 (77%)]	 Training Loss: 0.196 ACC: 86.53 CR: 0.50 Avg R1: 4.99 Avg R2: 1.63 Avg Reward: 6.614219
2026-05-16 14:04:46 [INFO] EPOCH:54, ======================CR:0.5016====================
2026-05-16 14:04:46 [INFO] -0.0075976822279177824
2026-05-16 14:04:48 [INFO] EPOCH:54, ======================ACC:87.64====================
2026-05-16 14:04:48 [INFO] BEST EPOCH:54,BEST ACC:87.64
2026-05-16 14:04:48 [INFO] Saving Masks: current CR 0.5016 target CR 0.5000
2026-05-16 14:04:48 [INFO] Updated candidate mask pretrained-rescale_mask_best-acc_50_05161314_resnet18 at epoch 54 with acc 87.6400
2026-05-16 14:05:04 [INFO] Epoch: 55 [12800/50000 (26%)]	 Training Loss: 0.196 ACC: 86.45 CR: 0.50 Avg R1: 5.00 Avg R2: 1.61 Avg Reward: 6.610182
2026-05-16 14:05:18 [INFO] Epoch: 55 [25600/50000 (51%)]	 Training Loss: 0.196 ACC: 86.64 CR: 0.50 Avg R1: 5.00 Avg R2: 1.61 Avg Reward: 6.609309
2026-05-16 14:05:32 [INFO] Epoch: 55 [38400/50000 (77%)]	 Training Loss: 0.195 ACC: 86.69 CR: 0.50 Avg R1: 4.99 Avg R2: 1.61 Avg Reward: 6.604219
2026-05-16 14:05:45 [INFO] EPOCH:55, ======================CR:0.50114====================
2026-05-16 14:05:45 [INFO] -0.008420677110979822
2026-05-16 14:05:48 [INFO] EPOCH:55, ======================ACC:87.39====================
2026-05-16 14:05:48 [INFO] BEST EPOCH:54,BEST ACC:87.64
2026-05-16 14:05:48 [INFO] Saving Masks: current CR 0.5011 target CR 0.5000
2026-05-16 14:06:04 [INFO] Epoch: 56 [12800/50000 (26%)]	 Training Loss: 0.201 ACC: 85.88 CR: 0.50 Avg R1: 4.99 Avg R2: 1.61 Avg Reward: 6.600481
2026-05-16 14:06:19 [INFO] Epoch: 56 [25600/50000 (51%)]	 Training Loss: 0.192 ACC: 86.64 CR: 0.50 Avg R1: 4.99 Avg R2: 1.61 Avg Reward: 6.600871
2026-05-16 14:06:33 [INFO] Epoch: 56 [38400/50000 (77%)]	 Training Loss: 0.195 ACC: 86.56 CR: 0.50 Avg R1: 4.99 Avg R2: 1.61 Avg Reward: 6.599205
2026-05-16 14:06:46 [INFO] EPOCH:56, ======================CR:0.50314====================
2026-05-16 14:06:46 [INFO] -0.0033263610101379225
2026-05-16 14:06:48 [INFO] EPOCH:56, ======================ACC:85.6====================
2026-05-16 14:06:48 [INFO] BEST EPOCH:54,BEST ACC:87.64
2026-05-16 14:06:48 [INFO] Saving Masks: current CR 0.5031 target CR 0.5000
2026-05-16 14:07:03 [INFO] Epoch: 57 [12800/50000 (26%)]	 Training Loss: 0.202 ACC: 85.95 CR: 0.50 Avg R1: 4.96 Avg R2: 1.61 Avg Reward: 6.569596
2026-05-16 14:07:18 [INFO] Epoch: 57 [25600/50000 (51%)]	 Training Loss: 0.192 ACC: 86.67 CR: 0.50 Avg R1: 4.97 Avg R2: 1.60 Avg Reward: 6.574437
2026-05-16 14:07:33 [INFO] Epoch: 57 [38400/50000 (77%)]	 Training Loss: 0.190 ACC: 86.82 CR: 0.50 Avg R1: 4.97 Avg R2: 1.60 Avg Reward: 6.576228
2026-05-16 14:07:46 [INFO] EPOCH:57, ======================CR:0.50194====================
2026-05-16 14:07:46 [INFO] 0.0013553808554163372
2026-05-16 14:07:48 [INFO] EPOCH:57, ======================ACC:88.47====================
2026-05-16 14:07:48 [INFO] BEST EPOCH:57,BEST ACC:88.47
2026-05-16 14:07:48 [INFO] Saving Masks: current CR 0.5019 target CR 0.5000
2026-05-16 14:07:48 [INFO] Updated candidate mask pretrained-rescale_mask_best-acc_50_05161314_resnet18 at epoch 57 with acc 88.4700
2026-05-16 14:08:04 [INFO] Epoch: 58 [12800/50000 (26%)]	 Training Loss: 0.193 ACC: 86.83 CR: 0.50 Avg R1: 4.99 Avg R2: 1.61 Avg Reward: 6.596378
2026-05-16 14:08:18 [INFO] Epoch: 58 [25600/50000 (51%)]	 Training Loss: 0.189 ACC: 86.94 CR: 0.50 Avg R1: 4.98 Avg R2: 1.61 Avg Reward: 6.592188
2026-05-16 14:08:33 [INFO] Epoch: 58 [38400/50000 (77%)]	 Training Loss: 0.191 ACC: 86.97 CR: 0.50 Avg R1: 4.97 Avg R2: 1.61 Avg Reward: 6.584774
2026-05-16 14:08:46 [INFO] EPOCH:58, ======================CR:0.50488====================
2026-05-16 14:08:46 [INFO] -0.003062826822693236
2026-05-16 14:08:48 [INFO] EPOCH:58, ======================ACC:84.78====================
2026-05-16 14:08:48 [INFO] BEST EPOCH:57,BEST ACC:88.47
2026-05-16 14:08:48 [INFO] Saving Masks: current CR 0.5049 target CR 0.5000
2026-05-16 14:09:03 [INFO] Epoch: 59 [12800/50000 (26%)]	 Training Loss: 0.187 ACC: 87.33 CR: 0.51 Avg R1: 4.95 Avg R2: 1.60 Avg Reward: 6.552913
2026-05-16 14:09:19 [INFO] Epoch: 59 [25600/50000 (51%)]	 Training Loss: 0.191 ACC: 87.09 CR: 0.51 Avg R1: 4.94 Avg R2: 1.60 Avg Reward: 6.548448
2026-05-16 14:09:33 [INFO] Epoch: 59 [38400/50000 (77%)]	 Training Loss: 0.192 ACC: 86.94 CR: 0.50 Avg R1: 4.95 Avg R2: 1.60 Avg Reward: 6.555335
2026-05-16 14:09:45 [INFO] EPOCH:59, ======================CR:0.50194====================
2026-05-16 14:09:45 [INFO] -0.001082587317704707
2026-05-16 14:09:47 [INFO] EPOCH:59, ======================ACC:86.04====================
2026-05-16 14:09:47 [INFO] BEST EPOCH:57,BEST ACC:88.47
2026-05-16 14:09:47 [INFO] Saving Masks: current CR 0.5019 target CR 0.5000
2026-05-16 14:10:02 [INFO] Epoch: 60 [12800/50000 (26%)]	 Training Loss: 0.182 ACC: 87.55 CR: 0.50 Avg R1: 4.98 Avg R2: 1.60 Avg Reward: 6.578305
2026-05-16 14:10:16 [INFO] Epoch: 60 [25600/50000 (51%)]	 Training Loss: 0.184 ACC: 87.09 CR: 0.50 Avg R1: 4.99 Avg R2: 1.60 Avg Reward: 6.583702
2026-05-16 14:10:29 [INFO] Epoch: 60 [38400/50000 (77%)]	 Training Loss: 0.182 ACC: 87.26 CR: 0.50 Avg R1: 4.98 Avg R2: 1.60 Avg Reward: 6.577813
2026-05-16 14:10:42 [INFO] EPOCH:60, ======================CR:0.49768====================
2026-05-16 14:10:42 [INFO] -0.007489189706808154
2026-05-16 14:10:44 [INFO] EPOCH:60, ======================ACC:88.21====================
2026-05-16 14:10:44 [INFO] BEST EPOCH:57,BEST ACC:88.47
2026-05-16 14:10:44 [INFO] Saving Masks: current CR 0.4977 target CR 0.5000
2026-05-16 14:10:59 [INFO] Epoch: 61 [12800/50000 (26%)]	 Training Loss: 0.188 ACC: 87.18 CR: 0.50 Avg R1: 4.97 Avg R2: 1.58 Avg Reward: 6.555603
2026-05-16 14:11:12 [INFO] Epoch: 61 [25600/50000 (51%)]	 Training Loss: 0.181 ACC: 87.42 CR: 0.50 Avg R1: 4.98 Avg R2: 1.58 Avg Reward: 6.564363
2026-05-16 14:11:27 [INFO] Epoch: 61 [38400/50000 (77%)]	 Training Loss: 0.185 ACC: 87.14 CR: 0.50 Avg R1: 4.98 Avg R2: 1.59 Avg Reward: 6.568167
2026-05-16 14:11:40 [INFO] EPOCH:61, ======================CR:0.5001====================
2026-05-16 14:11:40 [INFO] 0.0021365803030641865
2026-05-16 14:11:42 [INFO] EPOCH:61, ======================ACC:87.53====================
2026-05-16 14:11:42 [INFO] BEST EPOCH:57,BEST ACC:88.47
2026-05-16 14:11:42 [INFO] Saving Masks: current CR 0.5001 target CR 0.5000
2026-05-16 14:11:56 [INFO] Epoch: 62 [12800/50000 (26%)]	 Training Loss: 0.173 ACC: 88.49 CR: 0.50 Avg R1: 4.98 Avg R2: 1.59 Avg Reward: 6.571421
2026-05-16 14:12:11 [INFO] Epoch: 62 [25600/50000 (51%)]	 Training Loss: 0.178 ACC: 88.02 CR: 0.51 Avg R1: 4.97 Avg R2: 1.60 Avg Reward: 6.563894
2026-05-16 14:12:26 [INFO] Epoch: 62 [38400/50000 (77%)]	 Training Loss: 0.181 ACC: 87.77 CR: 0.50 Avg R1: 4.96 Avg R2: 1.60 Avg Reward: 6.558370
2026-05-16 14:12:40 [INFO] EPOCH:62, ======================CR:0.50658====================
2026-05-16 14:12:40 [INFO] 0.00027842440244421634
2026-05-16 14:12:42 [INFO] EPOCH:62, ======================ACC:88.18====================
2026-05-16 14:12:42 [INFO] BEST EPOCH:57,BEST ACC:88.47
2026-05-16 14:12:42 [INFO] Saving Masks: current CR 0.5066 target CR 0.5000
2026-05-16 14:12:59 [INFO] Epoch: 63 [12800/50000 (26%)]	 Training Loss: 0.178 ACC: 88.01 CR: 0.51 Avg R1: 4.92 Avg R2: 1.60 Avg Reward: 6.523071
2026-05-16 14:13:14 [INFO] Epoch: 63 [25600/50000 (51%)]	 Training Loss: 0.182 ACC: 87.61 CR: 0.51 Avg R1: 4.92 Avg R2: 1.60 Avg Reward: 6.518484
2026-05-16 14:13:30 [INFO] Epoch: 63 [38400/50000 (77%)]	 Training Loss: 0.182 ACC: 87.53 CR: 0.51 Avg R1: 4.91 Avg R2: 1.60 Avg Reward: 6.516056
2026-05-16 14:13:42 [INFO] EPOCH:63, ======================CR:0.50828====================
2026-05-16 14:13:42 [INFO] -0.001809788848898746
2026-05-16 14:13:45 [INFO] EPOCH:63, ======================ACC:86.76====================
2026-05-16 14:13:45 [INFO] BEST EPOCH:57,BEST ACC:88.47
2026-05-16 14:13:45 [INFO] Saving Masks: current CR 0.5083 target CR 0.5000
2026-05-16 14:14:00 [INFO] Epoch: 64 [12800/50000 (26%)]	 Training Loss: 0.179 ACC: 87.67 CR: 0.51 Avg R1: 4.92 Avg R2: 1.62 Avg Reward: 6.539221
2026-05-16 14:14:14 [INFO] Epoch: 64 [25600/50000 (51%)]	 Training Loss: 0.180 ACC: 87.67 CR: 0.51 Avg R1: 4.92 Avg R2: 1.62 Avg Reward: 6.542511
2026-05-16 14:14:29 [INFO] Epoch: 64 [38400/50000 (77%)]	 Training Loss: 0.179 ACC: 87.58 CR: 0.50 Avg R1: 4.94 Avg R2: 1.62 Avg Reward: 6.552413
2026-05-16 14:14:42 [INFO] EPOCH:64, ======================CR:0.49988====================
2026-05-16 14:14:42 [INFO] 0.004638906295615803
2026-05-16 14:14:45 [INFO] EPOCH:64, ======================ACC:86.3====================
2026-05-16 14:14:45 [INFO] BEST EPOCH:57,BEST ACC:88.47
2026-05-16 14:14:45 [INFO] Saving Masks: current CR 0.4999 target CR 0.5000
2026-05-16 14:15:00 [INFO] Epoch: 65 [12800/50000 (26%)]	 Training Loss: 0.173 ACC: 88.06 CR: 0.50 Avg R1: 5.00 Avg R2: 1.60 Avg Reward: 6.601666
2026-05-16 14:15:15 [INFO] Epoch: 65 [25600/50000 (51%)]	 Training Loss: 0.173 ACC: 87.98 CR: 0.50 Avg R1: 4.99 Avg R2: 1.60 Avg Reward: 6.599097
2026-05-16 14:15:31 [INFO] Epoch: 65 [38400/50000 (77%)]	 Training Loss: 0.173 ACC: 87.87 CR: 0.50 Avg R1: 4.99 Avg R2: 1.60 Avg Reward: 6.596161
2026-05-16 14:15:46 [INFO] EPOCH:65, ======================CR:0.50034====================
2026-05-16 14:15:46 [INFO] 0.0027666513597704324
2026-05-16 14:15:48 [INFO] EPOCH:65, ======================ACC:89.2====================
2026-05-16 14:15:48 [INFO] BEST EPOCH:65,BEST ACC:89.2
2026-05-16 14:15:48 [INFO] Saving Masks: current CR 0.5003 target CR 0.5000
2026-05-16 14:15:48 [INFO] Updated candidate mask pretrained-rescale_mask_best-acc_50_05161314_resnet18 at epoch 65 with acc 89.2000
2026-05-16 14:16:06 [INFO] Epoch: 66 [12800/50000 (26%)]	 Training Loss: 0.172 ACC: 87.97 CR: 0.50 Avg R1: 4.99 Avg R2: 1.60 Avg Reward: 6.590995
2026-05-16 14:16:24 [INFO] Epoch: 66 [25600/50000 (51%)]	 Training Loss: 0.173 ACC: 87.89 CR: 0.50 Avg R1: 4.99 Avg R2: 1.60 Avg Reward: 6.588553
2026-05-16 14:16:40 [INFO] Epoch: 66 [38400/50000 (77%)]	 Training Loss: 0.176 ACC: 87.67 CR: 0.50 Avg R1: 4.99 Avg R2: 1.60 Avg Reward: 6.589074
2026-05-16 14:16:56 [INFO] EPOCH:66, ======================CR:0.49784====================
2026-05-16 14:16:56 [INFO] -0.0027038641501255637
2026-05-16 14:16:58 [INFO] EPOCH:66, ======================ACC:86.06====================
2026-05-16 14:16:58 [INFO] BEST EPOCH:65,BEST ACC:89.2
2026-05-16 14:16:58 [INFO] Saving Masks: current CR 0.4978 target CR 0.5000
2026-05-16 14:17:14 [INFO] Epoch: 67 [12800/50000 (26%)]	 Training Loss: 0.178 ACC: 87.82 CR: 0.50 Avg R1: 4.99 Avg R2: 1.59 Avg Reward: 6.582913
2026-05-16 14:17:32 [INFO] Epoch: 67 [25600/50000 (51%)]	 Training Loss: 0.182 ACC: 87.35 CR: 0.50 Avg R1: 4.99 Avg R2: 1.59 Avg Reward: 6.579172
2026-05-16 14:17:49 [INFO] Epoch: 67 [38400/50000 (77%)]	 Training Loss: 0.183 ACC: 87.41 CR: 0.50 Avg R1: 4.98 Avg R2: 1.59 Avg Reward: 6.573787
2026-05-16 14:18:04 [INFO] EPOCH:67, ======================CR:0.50184====================
2026-05-16 14:18:04 [INFO] -0.004857973479284737
2026-05-16 14:18:06 [INFO] EPOCH:67, ======================ACC:87.3====================
2026-05-16 14:18:06 [INFO] BEST EPOCH:65,BEST ACC:89.2
2026-05-16 14:18:06 [INFO] Saving Masks: current CR 0.5018 target CR 0.5000
2026-05-16 14:18:23 [INFO] Epoch: 68 [12800/50000 (26%)]	 Training Loss: 0.170 ACC: 88.37 CR: 0.50 Avg R1: 4.98 Avg R2: 1.59 Avg Reward: 6.572162
2026-05-16 14:18:41 [INFO] Epoch: 68 [25600/50000 (51%)]	 Training Loss: 0.171 ACC: 88.14 CR: 0.50 Avg R1: 4.98 Avg R2: 1.59 Avg Reward: 6.575873
2026-05-16 14:18:56 [INFO] Epoch: 68 [38400/50000 (77%)]	 Training Loss: 0.176 ACC: 87.90 CR: 0.50 Avg R1: 4.98 Avg R2: 1.59 Avg Reward: 6.572924
2026-05-16 14:19:10 [INFO] EPOCH:68, ======================CR:0.49986====================
2026-05-16 14:19:10 [INFO] 0.0068884106095323154
2026-05-16 14:19:12 [INFO] EPOCH:68, ======================ACC:86.72====================
2026-05-16 14:19:12 [INFO] BEST EPOCH:65,BEST ACC:89.2
2026-05-16 14:19:12 [INFO] Saving Masks: current CR 0.4999 target CR 0.5000
2026-05-16 14:19:27 [INFO] Epoch: 69 [12800/50000 (26%)]	 Training Loss: 0.175 ACC: 88.25 CR: 0.50 Avg R1: 4.99 Avg R2: 1.59 Avg Reward: 6.576526
2026-05-16 14:19:43 [INFO] Epoch: 69 [25600/50000 (51%)]	 Training Loss: 0.172 ACC: 88.17 CR: 0.50 Avg R1: 4.99 Avg R2: 1.59 Avg Reward: 6.576229
2026-05-16 14:19:58 [INFO] Epoch: 69 [38400/50000 (77%)]	 Training Loss: 0.172 ACC: 88.10 CR: 0.50 Avg R1: 4.99 Avg R2: 1.59 Avg Reward: 6.579142
2026-05-16 14:20:11 [INFO] EPOCH:69, ======================CR:0.50068====================
2026-05-16 14:20:11 [INFO] 0.0021199924913741885
2026-05-16 14:20:13 [INFO] EPOCH:69, ======================ACC:86.57====================
2026-05-16 14:20:13 [INFO] BEST EPOCH:65,BEST ACC:89.2
2026-05-16 14:20:13 [INFO] Saving Masks: current CR 0.5007 target CR 0.5000
2026-05-16 14:20:28 [INFO] Epoch: 70 [12800/50000 (26%)]	 Training Loss: 0.182 ACC: 87.73 CR: 0.50 Avg R1: 4.97 Avg R2: 1.59 Avg Reward: 6.567609
2026-05-16 14:20:43 [INFO] Epoch: 70 [25600/50000 (51%)]	 Training Loss: 0.181 ACC: 87.79 CR: 0.51 Avg R1: 4.95 Avg R2: 1.60 Avg Reward: 6.550485
2026-05-16 14:20:58 [INFO] Epoch: 70 [38400/50000 (77%)]	 Training Loss: 0.182 ACC: 87.79 CR: 0.51 Avg R1: 4.94 Avg R2: 1.60 Avg Reward: 6.538346
2026-05-16 14:21:12 [INFO] EPOCH:70, ======================CR:0.514====================
2026-05-16 14:21:12 [INFO] 0.00781837026585403
2026-05-16 14:21:14 [INFO] EPOCH:70, ======================ACC:86.86====================
2026-05-16 14:21:14 [INFO] BEST EPOCH:65,BEST ACC:89.2
2026-05-16 14:21:30 [INFO] Epoch: 71 [12800/50000 (26%)]	 Training Loss: 0.170 ACC: 88.44 CR: 0.51 Avg R1: 4.87 Avg R2: 1.61 Avg Reward: 6.473876
2026-05-16 14:21:47 [INFO] Epoch: 71 [25600/50000 (51%)]	 Training Loss: 0.172 ACC: 88.35 CR: 0.51 Avg R1: 4.88 Avg R2: 1.61 Avg Reward: 6.482575
2026-05-16 14:22:04 [INFO] Epoch: 71 [38400/50000 (77%)]	 Training Loss: 0.174 ACC: 88.17 CR: 0.51 Avg R1: 4.89 Avg R2: 1.60 Avg Reward: 6.490443
2026-05-16 14:22:18 [INFO] EPOCH:71, ======================CR:0.50246====================
2026-05-16 14:22:18 [INFO] 0.00231649910364727
2026-05-16 14:22:20 [INFO] EPOCH:71, ======================ACC:86.99====================
2026-05-16 14:22:20 [INFO] BEST EPOCH:65,BEST ACC:89.2
2026-05-16 14:22:20 [INFO] Saving Masks: current CR 0.5025 target CR 0.5000
2026-05-16 14:22:35 [INFO] Epoch: 72 [12800/50000 (26%)]	 Training Loss: 0.172 ACC: 88.01 CR: 0.50 Avg R1: 4.98 Avg R2: 1.57 Avg Reward: 6.550422
2026-05-16 14:22:51 [INFO] Epoch: 72 [25600/50000 (51%)]	 Training Loss: 0.174 ACC: 88.16 CR: 0.50 Avg R1: 4.98 Avg R2: 1.57 Avg Reward: 6.551934
2026-05-16 14:23:07 [INFO] Epoch: 72 [38400/50000 (77%)]	 Training Loss: 0.172 ACC: 88.24 CR: 0.50 Avg R1: 4.98 Avg R2: 1.57 Avg Reward: 6.553944
2026-05-16 14:23:22 [INFO] EPOCH:72, ======================CR:0.50316====================
2026-05-16 14:23:22 [INFO] -0.004199128191606069
2026-05-16 14:23:24 [INFO] EPOCH:72, ======================ACC:87.8====================
2026-05-16 14:23:24 [INFO] BEST EPOCH:65,BEST ACC:89.2
2026-05-16 14:23:24 [INFO] Saving Masks: current CR 0.5032 target CR 0.5000
2026-05-16 14:23:41 [INFO] Epoch: 73 [12800/50000 (26%)]	 Training Loss: 0.165 ACC: 88.70 CR: 0.50 Avg R1: 4.96 Avg R2: 1.59 Avg Reward: 6.552507
2026-05-16 14:23:56 [INFO] Epoch: 73 [25600/50000 (51%)]	 Training Loss: 0.165 ACC: 88.63 CR: 0.50 Avg R1: 4.96 Avg R2: 1.59 Avg Reward: 6.550010
2026-05-16 14:24:13 [INFO] Epoch: 73 [38400/50000 (77%)]	 Training Loss: 0.168 ACC: 88.41 CR: 0.50 Avg R1: 4.96 Avg R2: 1.59 Avg Reward: 6.547795
2026-05-16 14:24:26 [INFO] EPOCH:73, ======================CR:0.50464====================
2026-05-16 14:24:26 [INFO] -0.0021641536707995733
2026-05-16 14:24:28 [INFO] EPOCH:73, ======================ACC:89.64====================
2026-05-16 14:24:28 [INFO] BEST EPOCH:73,BEST ACC:89.64
2026-05-16 14:24:28 [INFO] Saving Masks: current CR 0.5046 target CR 0.5000
2026-05-16 14:24:28 [INFO] Updated candidate mask pretrained-rescale_mask_best-acc_50_05161314_resnet18 at epoch 73 with acc 89.6400
2026-05-16 14:24:45 [INFO] Epoch: 74 [12800/50000 (26%)]	 Training Loss: 0.160 ACC: 88.59 CR: 0.50 Avg R1: 4.95 Avg R2: 1.58 Avg Reward: 6.533335
2026-05-16 14:25:01 [INFO] Epoch: 74 [25600/50000 (51%)]	 Training Loss: 0.165 ACC: 88.38 CR: 0.50 Avg R1: 4.96 Avg R2: 1.58 Avg Reward: 6.542245
2026-05-16 14:25:18 [INFO] Epoch: 74 [38400/50000 (77%)]	 Training Loss: 0.167 ACC: 88.32 CR: 0.50 Avg R1: 4.96 Avg R2: 1.58 Avg Reward: 6.543541
2026-05-16 14:25:33 [INFO] EPOCH:74, ======================CR:0.50216====================
2026-05-16 14:25:33 [INFO] -0.004473619738549156
2026-05-16 14:25:35 [INFO] EPOCH:74, ======================ACC:88.37====================
2026-05-16 14:25:35 [INFO] BEST EPOCH:73,BEST ACC:89.64
2026-05-16 14:25:35 [INFO] Saving Masks: current CR 0.5022 target CR 0.5000
2026-05-16 14:25:53 [INFO] Epoch: 75 [12800/50000 (26%)]	 Training Loss: 0.160 ACC: 88.68 CR: 0.50 Avg R1: 4.99 Avg R2: 1.58 Avg Reward: 6.569505
2026-05-16 14:26:08 [INFO] Epoch: 75 [25600/50000 (51%)]	 Training Loss: 0.167 ACC: 88.36 CR: 0.50 Avg R1: 4.99 Avg R2: 1.58 Avg Reward: 6.563886
2026-05-16 14:26:25 [INFO] Epoch: 75 [38400/50000 (77%)]	 Training Loss: 0.169 ACC: 88.32 CR: 0.49 Avg R1: 4.98 Avg R2: 1.58 Avg Reward: 6.552999
2026-05-16 14:26:40 [INFO] EPOCH:75, ======================CR:0.49468====================
2026-05-16 14:26:40 [INFO] 0.004330689360775965
2026-05-16 14:26:42 [INFO] EPOCH:75, ======================ACC:88.41====================
2026-05-16 14:26:42 [INFO] BEST EPOCH:73,BEST ACC:89.64
2026-05-16 14:26:42 [INFO] Saving Masks: current CR 0.4947 target CR 0.5000
2026-05-16 14:27:01 [INFO] Epoch: 76 [12800/50000 (26%)]	 Training Loss: 0.168 ACC: 88.68 CR: 0.49 Avg R1: 4.94 Avg R2: 1.57 Avg Reward: 6.516991
2026-05-16 14:27:18 [INFO] Epoch: 76 [25600/50000 (51%)]	 Training Loss: 0.165 ACC: 88.70 CR: 0.49 Avg R1: 4.94 Avg R2: 1.57 Avg Reward: 6.514700
2026-05-16 14:27:34 [INFO] Epoch: 76 [38400/50000 (77%)]	 Training Loss: 0.165 ACC: 88.60 CR: 0.49 Avg R1: 4.94 Avg R2: 1.57 Avg Reward: 6.514566
2026-05-16 14:27:51 [INFO] EPOCH:76, ======================CR:0.49608====================
2026-05-16 14:27:51 [INFO] -0.002421431135290947
2026-05-16 14:27:53 [INFO] EPOCH:76, ======================ACC:87.15====================
2026-05-16 14:27:53 [INFO] BEST EPOCH:73,BEST ACC:89.64
2026-05-16 14:27:53 [INFO] Saving Masks: current CR 0.4961 target CR 0.5000
2026-05-16 14:28:10 [INFO] Epoch: 77 [12800/50000 (26%)]	 Training Loss: 0.162 ACC: 88.67 CR: 0.50 Avg R1: 4.96 Avg R2: 1.55 Avg Reward: 6.509047
2026-05-16 14:28:27 [INFO] Epoch: 77 [25600/50000 (51%)]	 Training Loss: 0.161 ACC: 88.82 CR: 0.50 Avg R1: 4.96 Avg R2: 1.55 Avg Reward: 6.509804
2026-05-16 14:28:44 [INFO] Epoch: 77 [38400/50000 (77%)]	 Training Loss: 0.163 ACC: 88.63 CR: 0.50 Avg R1: 4.96 Avg R2: 1.55 Avg Reward: 6.510453
2026-05-16 14:29:00 [INFO] EPOCH:77, ======================CR:0.5011====================
2026-05-16 14:29:00 [INFO] -0.0070293366148885756
2026-05-16 14:29:02 [INFO] EPOCH:77, ======================ACC:87.52====================
2026-05-16 14:29:02 [INFO] BEST EPOCH:73,BEST ACC:89.64
2026-05-16 14:29:02 [INFO] Saving Masks: current CR 0.5011 target CR 0.5000
2026-05-16 14:29:18 [INFO] Epoch: 78 [12800/50000 (26%)]	 Training Loss: 0.164 ACC: 88.77 CR: 0.50 Avg R1: 4.98 Avg R2: 1.57 Avg Reward: 6.540971
2026-05-16 14:29:35 [INFO] Epoch: 78 [25600/50000 (51%)]	 Training Loss: 0.160 ACC: 88.93 CR: 0.50 Avg R1: 4.97 Avg R2: 1.57 Avg Reward: 6.537610
2026-05-16 14:29:51 [INFO] Epoch: 78 [38400/50000 (77%)]	 Training Loss: 0.164 ACC: 88.60 CR: 0.51 Avg R1: 4.96 Avg R2: 1.57 Avg Reward: 6.532088
2026-05-16 14:30:06 [INFO] EPOCH:78, ======================CR:0.50628====================
2026-05-16 14:30:06 [INFO] 0.002006801883668959
2026-05-16 14:30:08 [INFO] EPOCH:78, ======================ACC:87.92====================
2026-05-16 14:30:08 [INFO] BEST EPOCH:73,BEST ACC:89.64
2026-05-16 14:30:08 [INFO] Saving Masks: current CR 0.5063 target CR 0.5000
2026-05-16 14:30:25 [INFO] Epoch: 79 [12800/50000 (26%)]	 Training Loss: 0.160 ACC: 88.84 CR: 0.51 Avg R1: 4.94 Avg R2: 1.58 Avg Reward: 6.521050
2026-05-16 14:30:41 [INFO] Epoch: 79 [25600/50000 (51%)]	 Training Loss: 0.164 ACC: 88.73 CR: 0.51 Avg R1: 4.94 Avg R2: 1.58 Avg Reward: 6.523364
2026-05-16 14:30:57 [INFO] Epoch: 79 [38400/50000 (77%)]	 Training Loss: 0.165 ACC: 88.62 CR: 0.50 Avg R1: 4.95 Avg R2: 1.58 Avg Reward: 6.525376
2026-05-16 14:31:12 [INFO] EPOCH:79, ======================CR:0.50338====================
2026-05-16 14:31:12 [INFO] 0.0023510381021544964
2026-05-16 14:31:14 [INFO] EPOCH:79, ======================ACC:88.3====================
2026-05-16 14:31:14 [INFO] BEST EPOCH:73,BEST ACC:89.64
2026-05-16 14:31:14 [INFO] Saving Masks: current CR 0.5034 target CR 0.5000
2026-05-16 14:31:31 [INFO] Epoch: 80 [12800/50000 (26%)]	 Training Loss: 0.162 ACC: 89.22 CR: 0.50 Avg R1: 4.97 Avg R2: 1.57 Avg Reward: 6.543415
2026-05-16 14:31:46 [INFO] Epoch: 80 [25600/50000 (51%)]	 Training Loss: 0.163 ACC: 89.04 CR: 0.50 Avg R1: 4.98 Avg R2: 1.57 Avg Reward: 6.547099
2026-05-16 14:32:02 [INFO] Epoch: 80 [38400/50000 (77%)]	 Training Loss: 0.161 ACC: 89.07 CR: 0.50 Avg R1: 4.98 Avg R2: 1.57 Avg Reward: 6.547061
2026-05-16 14:32:18 [INFO] EPOCH:80, ======================CR:0.50122====================
2026-05-16 14:32:18 [INFO] 0.002955722660706377
2026-05-16 14:32:20 [INFO] EPOCH:80, ======================ACC:89.19====================
2026-05-16 14:32:20 [INFO] BEST EPOCH:73,BEST ACC:89.64
2026-05-16 14:32:20 [INFO] Saving Masks: current CR 0.5012 target CR 0.5000
2026-05-16 14:32:38 [INFO] Epoch: 81 [12800/50000 (26%)]	 Training Loss: 0.159 ACC: 88.82 CR: 0.50 Avg R1: 4.99 Avg R2: 1.56 Avg Reward: 6.553085
2026-05-16 14:32:55 [INFO] Epoch: 81 [25600/50000 (51%)]	 Training Loss: 0.155 ACC: 89.29 CR: 0.50 Avg R1: 4.99 Avg R2: 1.56 Avg Reward: 6.553661
2026-05-16 14:33:12 [INFO] Epoch: 81 [38400/50000 (77%)]	 Training Loss: 0.156 ACC: 89.32 CR: 0.50 Avg R1: 4.99 Avg R2: 1.56 Avg Reward: 6.551559
2026-05-16 14:33:27 [INFO] EPOCH:81, ======================CR:0.50266====================
2026-05-16 14:33:27 [INFO] 0.0036998117501124504
2026-05-16 14:33:29 [INFO] EPOCH:81, ======================ACC:88.66====================
2026-05-16 14:33:29 [INFO] BEST EPOCH:73,BEST ACC:89.64
2026-05-16 14:33:29 [INFO] Saving Masks: current CR 0.5027 target CR 0.5000
2026-05-16 14:33:47 [INFO] Epoch: 82 [12800/50000 (26%)]	 Training Loss: 0.165 ACC: 88.92 CR: 0.50 Avg R1: 4.97 Avg R2: 1.56 Avg Reward: 6.526791
2026-05-16 14:34:04 [INFO] Epoch: 82 [25600/50000 (51%)]	 Training Loss: 0.164 ACC: 88.77 CR: 0.50 Avg R1: 4.98 Avg R2: 1.56 Avg Reward: 6.532051
2026-05-16 14:34:22 [INFO] Epoch: 82 [38400/50000 (77%)]	 Training Loss: 0.160 ACC: 88.98 CR: 0.50 Avg R1: 4.98 Avg R2: 1.56 Avg Reward: 6.538192
2026-05-16 14:34:38 [INFO] EPOCH:82, ======================CR:0.49874====================
2026-05-16 14:34:38 [INFO] 0.003370651896015808
2026-05-16 14:34:40 [INFO] EPOCH:82, ======================ACC:86.79====================
2026-05-16 14:34:40 [INFO] BEST EPOCH:73,BEST ACC:89.64
2026-05-16 14:34:40 [INFO] Saving Masks: current CR 0.4987 target CR 0.5000
2026-05-16 14:34:58 [INFO] Epoch: 83 [12800/50000 (26%)]	 Training Loss: 0.153 ACC: 89.36 CR: 0.50 Avg R1: 4.99 Avg R2: 1.55 Avg Reward: 6.538916
2026-05-16 14:35:16 [INFO] Epoch: 83 [25600/50000 (51%)]	 Training Loss: 0.156 ACC: 89.14 CR: 0.50 Avg R1: 4.99 Avg R2: 1.55 Avg Reward: 6.541804
2026-05-16 14:35:34 [INFO] Epoch: 83 [38400/50000 (77%)]	 Training Loss: 0.159 ACC: 89.01 CR: 0.50 Avg R1: 4.99 Avg R2: 1.55 Avg Reward: 6.539545
2026-05-16 14:35:51 [INFO] EPOCH:83, ======================CR:0.5014====================
2026-05-16 14:35:51 [INFO] -0.004622440882589023
2026-05-16 14:35:53 [INFO] EPOCH:83, ======================ACC:88.65====================
2026-05-16 14:35:53 [INFO] BEST EPOCH:73,BEST ACC:89.64
2026-05-16 14:35:53 [INFO] Saving Masks: current CR 0.5014 target CR 0.5000
2026-05-16 14:36:11 [INFO] Epoch: 84 [12800/50000 (26%)]	 Training Loss: 0.155 ACC: 89.44 CR: 0.50 Avg R1: 4.98 Avg R2: 1.57 Avg Reward: 6.551359
2026-05-16 14:36:30 [INFO] Epoch: 84 [25600/50000 (51%)]	 Training Loss: 0.156 ACC: 89.20 CR: 0.50 Avg R1: 4.99 Avg R2: 1.57 Avg Reward: 6.551785
2026-05-16 14:36:48 [INFO] Epoch: 84 [38400/50000 (77%)]	 Training Loss: 0.157 ACC: 89.12 CR: 0.50 Avg R1: 4.99 Avg R2: 1.56 Avg Reward: 6.549863
2026-05-16 14:37:05 [INFO] EPOCH:84, ======================CR:0.49776====================
2026-05-16 14:37:05 [INFO] -0.003033498784048333
2026-05-16 14:37:07 [INFO] EPOCH:84, ======================ACC:88.74====================
2026-05-16 14:37:07 [INFO] BEST EPOCH:73,BEST ACC:89.64
2026-05-16 14:37:07 [INFO] Saving Masks: current CR 0.4978 target CR 0.5000
2026-05-16 14:37:24 [INFO] Epoch: 85 [12800/50000 (26%)]	 Training Loss: 0.157 ACC: 89.23 CR: 0.50 Avg R1: 4.99 Avg R2: 1.56 Avg Reward: 6.548579
2026-05-16 14:37:42 [INFO] Epoch: 85 [25600/50000 (51%)]	 Training Loss: 0.154 ACC: 89.32 CR: 0.50 Avg R1: 4.99 Avg R2: 1.56 Avg Reward: 6.551429
2026-05-16 14:38:00 [INFO] Epoch: 85 [38400/50000 (77%)]	 Training Loss: 0.154 ACC: 89.51 CR: 0.50 Avg R1: 4.99 Avg R2: 1.56 Avg Reward: 6.550360
2026-05-16 14:38:16 [INFO] EPOCH:85, ======================CR:0.50214====================
2026-05-16 14:38:16 [INFO] -0.0025749117105667227
2026-05-16 14:38:19 [INFO] EPOCH:85, ======================ACC:89.36====================
2026-05-16 14:38:19 [INFO] BEST EPOCH:73,BEST ACC:89.64
2026-05-16 14:38:19 [INFO] Saving Masks: current CR 0.5021 target CR 0.5000
2026-05-16 14:38:36 [INFO] Epoch: 86 [12800/50000 (26%)]	 Training Loss: 0.161 ACC: 88.65 CR: 0.50 Avg R1: 4.99 Avg R2: 1.55 Avg Reward: 6.536706
2026-05-16 14:38:54 [INFO] Epoch: 86 [25600/50000 (51%)]	 Training Loss: 0.153 ACC: 89.28 CR: 0.50 Avg R1: 4.99 Avg R2: 1.54 Avg Reward: 6.535953
2026-05-16 14:39:10 [INFO] Epoch: 86 [38400/50000 (77%)]	 Training Loss: 0.153 ACC: 89.31 CR: 0.50 Avg R1: 4.99 Avg R2: 1.54 Avg Reward: 6.531722
2026-05-16 14:39:27 [INFO] EPOCH:86, ======================CR:0.49568====================
2026-05-16 14:39:27 [INFO] 0.0031460215057788924
2026-05-16 14:39:29 [INFO] EPOCH:86, ======================ACC:87.73====================
2026-05-16 14:39:29 [INFO] BEST EPOCH:73,BEST ACC:89.64
2026-05-16 14:39:29 [INFO] Saving Masks: current CR 0.4957 target CR 0.5000
2026-05-16 14:39:49 [INFO] Epoch: 87 [12800/50000 (26%)]	 Training Loss: 0.157 ACC: 89.32 CR: 0.50 Avg R1: 4.95 Avg R2: 1.55 Avg Reward: 6.504623
2026-05-16 14:40:06 [INFO] Epoch: 87 [25600/50000 (51%)]	 Training Loss: 0.153 ACC: 89.53 CR: 0.50 Avg R1: 4.96 Avg R2: 1.55 Avg Reward: 6.512473
2026-05-16 14:40:24 [INFO] Epoch: 87 [38400/50000 (77%)]	 Training Loss: 0.154 ACC: 89.46 CR: 0.50 Avg R1: 4.97 Avg R2: 1.55 Avg Reward: 6.519198
2026-05-16 14:40:42 [INFO] EPOCH:87, ======================CR:0.50154====================
2026-05-16 14:40:42 [INFO] 0.005351001477430605
2026-05-16 14:40:44 [INFO] EPOCH:87, ======================ACC:89.32====================
2026-05-16 14:40:44 [INFO] BEST EPOCH:73,BEST ACC:89.64
2026-05-16 14:40:44 [INFO] Saving Masks: current CR 0.5015 target CR 0.5000
2026-05-16 14:41:03 [INFO] Epoch: 88 [12800/50000 (26%)]	 Training Loss: 0.146 ACC: 89.84 CR: 0.50 Avg R1: 4.97 Avg R2: 1.55 Avg Reward: 6.523494
2026-05-16 14:41:21 [INFO] Epoch: 88 [25600/50000 (51%)]	 Training Loss: 0.148 ACC: 89.78 CR: 0.50 Avg R1: 4.97 Avg R2: 1.55 Avg Reward: 6.527759
2026-05-16 14:41:41 [INFO] Epoch: 88 [38400/50000 (77%)]	 Training Loss: 0.149 ACC: 89.68 CR: 0.50 Avg R1: 4.97 Avg R2: 1.56 Avg Reward: 6.525939
2026-05-16 14:41:57 [INFO] EPOCH:88, ======================CR:0.50292====================
2026-05-16 14:41:57 [INFO] 0.009869316446607372
2026-05-16 14:41:59 [INFO] EPOCH:88, ======================ACC:88.93====================
2026-05-16 14:41:59 [INFO] BEST EPOCH:73,BEST ACC:89.64
2026-05-16 14:41:59 [INFO] Saving Masks: current CR 0.5029 target CR 0.5000
2026-05-16 14:42:18 [INFO] Epoch: 89 [12800/50000 (26%)]	 Training Loss: 0.150 ACC: 89.83 CR: 0.50 Avg R1: 4.97 Avg R2: 1.55 Avg Reward: 6.528130
2026-05-16 14:42:38 [INFO] Epoch: 89 [25600/50000 (51%)]	 Training Loss: 0.152 ACC: 89.71 CR: 0.50 Avg R1: 4.97 Avg R2: 1.55 Avg Reward: 6.528513
2026-05-16 14:42:56 [INFO] Epoch: 89 [38400/50000 (77%)]	 Training Loss: 0.152 ACC: 89.66 CR: 0.50 Avg R1: 4.97 Avg R2: 1.55 Avg Reward: 6.526126
2026-05-16 14:43:13 [INFO] EPOCH:89, ======================CR:0.50316====================
2026-05-16 14:43:13 [INFO] 0.006507865247028751
2026-05-16 14:43:15 [INFO] EPOCH:89, ======================ACC:88.15====================
2026-05-16 14:43:15 [INFO] BEST EPOCH:73,BEST ACC:89.64
2026-05-16 14:43:15 [INFO] Saving Masks: current CR 0.5032 target CR 0.5000
2026-05-16 14:43:33 [INFO] Epoch: 90 [12800/50000 (26%)]	 Training Loss: 0.143 ACC: 90.19 CR: 0.50 Avg R1: 4.96 Avg R2: 1.56 Avg Reward: 6.520238
2026-05-16 14:43:52 [INFO] Epoch: 90 [25600/50000 (51%)]	 Training Loss: 0.145 ACC: 90.04 CR: 0.51 Avg R1: 4.96 Avg R2: 1.56 Avg Reward: 6.515529
2026-05-16 14:44:12 [INFO] Epoch: 90 [38400/50000 (77%)]	 Training Loss: 0.147 ACC: 89.94 CR: 0.50 Avg R1: 4.95 Avg R2: 1.56 Avg Reward: 6.513658
2026-05-16 14:44:29 [INFO] EPOCH:90, ======================CR:0.50034====================
2026-05-16 14:44:29 [INFO] 0.0036078569588940184
2026-05-16 14:44:31 [INFO] EPOCH:90, ======================ACC:89.32====================
2026-05-16 14:44:31 [INFO] BEST EPOCH:73,BEST ACC:89.64
2026-05-16 14:44:31 [INFO] Saving Masks: current CR 0.5003 target CR 0.5000
2026-05-16 14:44:50 [INFO] Epoch: 91 [12800/50000 (26%)]	 Training Loss: 0.148 ACC: 90.05 CR: 0.50 Avg R1: 4.99 Avg R2: 1.55 Avg Reward: 6.542427
2026-05-16 14:45:09 [INFO] Epoch: 91 [25600/50000 (51%)]	 Training Loss: 0.149 ACC: 89.83 CR: 0.50 Avg R1: 4.99 Avg R2: 1.55 Avg Reward: 6.539951
2026-05-16 14:45:29 [INFO] Epoch: 91 [38400/50000 (77%)]	 Training Loss: 0.149 ACC: 89.79 CR: 0.50 Avg R1: 4.99 Avg R2: 1.55 Avg Reward: 6.533375
2026-05-16 14:45:45 [INFO] EPOCH:91, ======================CR:0.5055====================
2026-05-16 14:45:45 [INFO] 0.003110579763541324
2026-05-16 14:45:47 [INFO] EPOCH:91, ======================ACC:88.78====================
2026-05-16 14:45:47 [INFO] BEST EPOCH:73,BEST ACC:89.64
2026-05-16 14:45:47 [INFO] Saving Masks: current CR 0.5055 target CR 0.5000
2026-05-16 14:46:08 [INFO] Epoch: 92 [12800/50000 (26%)]	 Training Loss: 0.139 ACC: 90.34 CR: 0.51 Avg R1: 4.94 Avg R2: 1.55 Avg Reward: 6.495616
2026-05-16 14:46:25 [INFO] Epoch: 92 [25600/50000 (51%)]	 Training Loss: 0.141 ACC: 90.27 CR: 0.51 Avg R1: 4.94 Avg R2: 1.55 Avg Reward: 6.496893
2026-05-16 14:46:44 [INFO] Epoch: 92 [38400/50000 (77%)]	 Training Loss: 0.146 ACC: 89.93 CR: 0.50 Avg R1: 4.95 Avg R2: 1.55 Avg Reward: 6.501494
2026-05-16 14:47:01 [INFO] EPOCH:92, ======================CR:0.50208====================
2026-05-16 14:47:01 [INFO] 0.00048649643616000286
2026-05-16 14:47:03 [INFO] EPOCH:92, ======================ACC:88.6====================
2026-05-16 14:47:03 [INFO] BEST EPOCH:73,BEST ACC:89.64
2026-05-16 14:47:03 [INFO] Saving Masks: current CR 0.5021 target CR 0.5000
2026-05-16 14:47:21 [INFO] Epoch: 93 [12800/50000 (26%)]	 Training Loss: 0.150 ACC: 89.59 CR: 0.50 Avg R1: 4.99 Avg R2: 1.55 Avg Reward: 6.543268
2026-05-16 14:47:40 [INFO] Epoch: 93 [25600/50000 (51%)]	 Training Loss: 0.144 ACC: 89.91 CR: 0.50 Avg R1: 4.99 Avg R2: 1.55 Avg Reward: 6.539245
2026-05-16 14:47:59 [INFO] Epoch: 93 [38400/50000 (77%)]	 Training Loss: 0.144 ACC: 90.01 CR: 0.50 Avg R1: 4.99 Avg R2: 1.55 Avg Reward: 6.532904
2026-05-16 14:48:17 [INFO] EPOCH:93, ======================CR:0.4992====================
2026-05-16 14:48:17 [INFO] -0.00792694807862146
2026-05-16 14:48:19 [INFO] EPOCH:93, ======================ACC:89.33====================
2026-05-16 14:48:19 [INFO] BEST EPOCH:73,BEST ACC:89.64
2026-05-16 14:48:19 [INFO] Saving Masks: current CR 0.4992 target CR 0.5000
2026-05-16 14:48:38 [INFO] Epoch: 94 [12800/50000 (26%)]	 Training Loss: 0.142 ACC: 90.45 CR: 0.50 Avg R1: 4.99 Avg R2: 1.53 Avg Reward: 6.527628
2026-05-16 14:48:57 [INFO] Epoch: 94 [25600/50000 (51%)]	 Training Loss: 0.145 ACC: 90.11 CR: 0.50 Avg R1: 4.99 Avg R2: 1.53 Avg Reward: 6.523575
2026-05-16 14:49:15 [INFO] Epoch: 94 [38400/50000 (77%)]	 Training Loss: 0.144 ACC: 90.14 CR: 0.50 Avg R1: 4.99 Avg R2: 1.53 Avg Reward: 6.521883
2026-05-16 14:49:33 [INFO] EPOCH:94, ======================CR:0.50268====================
2026-05-16 14:49:33 [INFO] -0.0029837916003387357
2026-05-16 14:49:35 [INFO] EPOCH:94, ======================ACC:89.06====================
2026-05-16 14:49:35 [INFO] BEST EPOCH:73,BEST ACC:89.64
2026-05-16 14:49:35 [INFO] Saving Masks: current CR 0.5027 target CR 0.5000
2026-05-16 14:49:54 [INFO] Epoch: 95 [12800/50000 (26%)]	 Training Loss: 0.144 ACC: 90.23 CR: 0.50 Avg R1: 4.97 Avg R2: 1.53 Avg Reward: 6.501023
2026-05-16 14:50:12 [INFO] Epoch: 95 [25600/50000 (51%)]	 Training Loss: 0.144 ACC: 90.31 CR: 0.50 Avg R1: 4.96 Avg R2: 1.53 Avg Reward: 6.498574
2026-05-16 14:50:31 [INFO] Epoch: 95 [38400/50000 (77%)]	 Training Loss: 0.143 ACC: 90.32 CR: 0.50 Avg R1: 4.97 Avg R2: 1.53 Avg Reward: 6.500238
2026-05-16 14:50:49 [INFO] EPOCH:95, ======================CR:0.5007====================
2026-05-16 14:50:49 [INFO] -0.009488653052596148
2026-05-16 14:50:51 [INFO] EPOCH:95, ======================ACC:89.43====================
2026-05-16 14:50:51 [INFO] BEST EPOCH:73,BEST ACC:89.64
2026-05-16 14:50:51 [INFO] Saving Masks: current CR 0.5007 target CR 0.5000
2026-05-16 14:51:09 [INFO] Epoch: 96 [12800/50000 (26%)]	 Training Loss: 0.138 ACC: 90.64 CR: 0.50 Avg R1: 4.99 Avg R2: 1.53 Avg Reward: 6.521504
2026-05-16 14:51:27 [INFO] Epoch: 96 [25600/50000 (51%)]	 Training Loss: 0.139 ACC: 90.28 CR: 0.51 Avg R1: 4.98 Avg R2: 1.53 Avg Reward: 6.510646
2026-05-16 14:51:46 [INFO] Epoch: 96 [38400/50000 (77%)]	 Training Loss: 0.138 ACC: 90.42 CR: 0.50 Avg R1: 4.97 Avg R2: 1.53 Avg Reward: 6.503829
2026-05-16 14:52:03 [INFO] EPOCH:96, ======================CR:0.50204====================
2026-05-16 14:52:03 [INFO] 0.002520910664073946
2026-05-16 14:52:05 [INFO] EPOCH:96, ======================ACC:90.57====================
2026-05-16 14:52:05 [INFO] BEST EPOCH:96,BEST ACC:90.57
2026-05-16 14:52:05 [INFO] Saving Masks: current CR 0.5020 target CR 0.5000
2026-05-16 14:52:05 [INFO] Updated candidate mask pretrained-rescale_mask_best-acc_50_05161314_resnet18 at epoch 96 with acc 90.5700
2026-05-16 14:52:24 [INFO] Epoch: 97 [12800/50000 (26%)]	 Training Loss: 0.138 ACC: 90.69 CR: 0.50 Avg R1: 4.99 Avg R2: 1.52 Avg Reward: 6.512724
2026-05-16 14:52:44 [INFO] Epoch: 97 [25600/50000 (51%)]	 Training Loss: 0.138 ACC: 90.51 CR: 0.50 Avg R1: 4.99 Avg R2: 1.52 Avg Reward: 6.510627
2026-05-16 14:53:01 [INFO] Epoch: 97 [38400/50000 (77%)]	 Training Loss: 0.138 ACC: 90.53 CR: 0.50 Avg R1: 4.99 Avg R2: 1.52 Avg Reward: 6.512026
2026-05-16 14:53:18 [INFO] EPOCH:97, ======================CR:0.49946====================
2026-05-16 14:53:18 [INFO] 0.0060332151208021805
2026-05-16 14:53:20 [INFO] EPOCH:97, ======================ACC:89.19====================
2026-05-16 14:53:20 [INFO] BEST EPOCH:96,BEST ACC:90.57
2026-05-16 14:53:20 [INFO] Saving Masks: current CR 0.4995 target CR 0.5000
2026-05-16 14:53:41 [INFO] Epoch: 98 [12800/50000 (26%)]	 Training Loss: 0.132 ACC: 91.04 CR: 0.50 Avg R1: 4.99 Avg R2: 1.51 Avg Reward: 6.504858
2026-05-16 14:54:01 [INFO] Epoch: 98 [25600/50000 (51%)]	 Training Loss: 0.137 ACC: 90.64 CR: 0.50 Avg R1: 4.99 Avg R2: 1.51 Avg Reward: 6.507264
2026-05-16 14:54:21 [INFO] Epoch: 98 [38400/50000 (77%)]	 Training Loss: 0.138 ACC: 90.52 CR: 0.50 Avg R1: 4.99 Avg R2: 1.51 Avg Reward: 6.507056
2026-05-16 14:54:40 [INFO] EPOCH:98, ======================CR:0.50196====================
2026-05-16 14:54:40 [INFO] 0.002281853803288637
2026-05-16 14:54:42 [INFO] EPOCH:98, ======================ACC:89.99====================
2026-05-16 14:54:42 [INFO] BEST EPOCH:96,BEST ACC:90.57
2026-05-16 14:54:42 [INFO] Saving Masks: current CR 0.5020 target CR 0.5000
2026-05-16 14:55:01 [INFO] Epoch: 99 [12800/50000 (26%)]	 Training Loss: 0.131 ACC: 90.95 CR: 0.50 Avg R1: 4.99 Avg R2: 1.51 Avg Reward: 6.498957
2026-05-16 14:55:19 [INFO] Epoch: 99 [25600/50000 (51%)]	 Training Loss: 0.136 ACC: 90.80 CR: 0.50 Avg R1: 4.99 Avg R2: 1.51 Avg Reward: 6.497762
2026-05-16 14:55:38 [INFO] Epoch: 99 [38400/50000 (77%)]	 Training Loss: 0.135 ACC: 90.72 CR: 0.50 Avg R1: 4.99 Avg R2: 1.51 Avg Reward: 6.494343
2026-05-16 14:55:58 [INFO] EPOCH:99, ======================CR:0.49814====================
2026-05-16 14:55:58 [INFO] 0.0017342689094666127
2026-05-16 14:56:00 [INFO] EPOCH:99, ======================ACC:90.79====================
2026-05-16 14:56:00 [INFO] BEST EPOCH:99,BEST ACC:90.79
2026-05-16 14:56:00 [INFO] Saving Masks: current CR 0.4981 target CR 0.5000
2026-05-16 14:56:00 [INFO] Updated candidate mask pretrained-rescale_mask_best-acc_50_05161314_resnet18 at epoch 99 with acc 90.7900
2026-05-16 14:56:20 [INFO] Epoch: 100 [12800/50000 (26%)]	 Training Loss: 0.138 ACC: 90.54 CR: 0.50 Avg R1: 4.98 Avg R2: 1.51 Avg Reward: 6.490263
2026-05-16 14:56:38 [INFO] Epoch: 100 [25600/50000 (51%)]	 Training Loss: 0.134 ACC: 90.67 CR: 0.50 Avg R1: 4.99 Avg R2: 1.51 Avg Reward: 6.497993
2026-05-16 14:56:57 [INFO] Epoch: 100 [38400/50000 (77%)]	 Training Loss: 0.135 ACC: 90.66 CR: 0.50 Avg R1: 4.98 Avg R2: 1.51 Avg Reward: 6.495416
2026-05-16 14:57:16 [INFO] EPOCH:100, ======================CR:0.50368====================
2026-05-16 14:57:16 [INFO] -0.008034038260958758
2026-05-16 14:57:18 [INFO] EPOCH:100, ======================ACC:88.91====================
2026-05-16 14:57:18 [INFO] BEST EPOCH:99,BEST ACC:90.79
2026-05-16 14:57:18 [INFO] Saving Masks: current CR 0.5037 target CR 0.5000
2026-05-16 14:57:38 [INFO] Epoch: 101 [12800/50000 (26%)]	 Training Loss: 0.132 ACC: 90.88 CR: 0.50 Avg R1: 4.98 Avg R2: 1.52 Avg Reward: 6.496211
2026-05-16 14:57:58 [INFO] Epoch: 101 [25600/50000 (51%)]	 Training Loss: 0.129 ACC: 91.12 CR: 0.50 Avg R1: 4.98 Avg R2: 1.52 Avg Reward: 6.496851
2026-05-16 14:58:17 [INFO] Epoch: 101 [38400/50000 (77%)]	 Training Loss: 0.130 ACC: 91.04 CR: 0.50 Avg R1: 4.98 Avg R2: 1.52 Avg Reward: 6.499648
2026-05-16 14:58:35 [INFO] EPOCH:101, ======================CR:0.49996====================
2026-05-16 14:58:35 [INFO] -0.005403172951919936
2026-05-16 14:58:38 [INFO] EPOCH:101, ======================ACC:90.19====================
2026-05-16 14:58:38 [INFO] BEST EPOCH:99,BEST ACC:90.79
2026-05-16 14:58:38 [INFO] Saving Masks: current CR 0.5000 target CR 0.5000
2026-05-16 14:59:01 [INFO] Epoch: 102 [12800/50000 (26%)]	 Training Loss: 0.136 ACC: 90.62 CR: 0.50 Avg R1: 4.99 Avg R2: 1.50 Avg Reward: 6.492090
2026-05-16 14:59:21 [INFO] Epoch: 102 [25600/50000 (51%)]	 Training Loss: 0.133 ACC: 90.98 CR: 0.50 Avg R1: 4.99 Avg R2: 1.50 Avg Reward: 6.491964
2026-05-16 14:59:40 [INFO] Epoch: 102 [38400/50000 (77%)]	 Training Loss: 0.133 ACC: 90.85 CR: 0.50 Avg R1: 4.99 Avg R2: 1.50 Avg Reward: 6.486537
2026-05-16 14:59:58 [INFO] EPOCH:102, ======================CR:0.4986====================
2026-05-16 14:59:58 [INFO] -0.0018691484513493509
2026-05-16 15:00:00 [INFO] EPOCH:102, ======================ACC:89.73====================
2026-05-16 15:00:00 [INFO] BEST EPOCH:99,BEST ACC:90.79
2026-05-16 15:00:00 [INFO] Saving Masks: current CR 0.4986 target CR 0.5000
2026-05-16 15:00:21 [INFO] Epoch: 103 [12800/50000 (26%)]	 Training Loss: 0.125 ACC: 91.09 CR: 0.50 Avg R1: 4.99 Avg R2: 1.51 Avg Reward: 6.495982
2026-05-16 15:00:41 [INFO] Epoch: 103 [25600/50000 (51%)]	 Training Loss: 0.126 ACC: 91.07 CR: 0.50 Avg R1: 4.99 Avg R2: 1.51 Avg Reward: 6.492944
2026-05-16 15:01:02 [INFO] Epoch: 103 [38400/50000 (77%)]	 Training Loss: 0.130 ACC: 90.89 CR: 0.50 Avg R1: 4.99 Avg R2: 1.51 Avg Reward: 6.492600
2026-05-16 15:01:19 [INFO] EPOCH:103, ======================CR:0.50194====================
2026-05-16 15:01:19 [INFO] -0.002508828496168238
2026-05-16 15:01:21 [INFO] EPOCH:103, ======================ACC:90.82====================
2026-05-16 15:01:21 [INFO] BEST EPOCH:103,BEST ACC:90.82
2026-05-16 15:01:21 [INFO] Saving Masks: current CR 0.5019 target CR 0.5000
2026-05-16 15:01:21 [INFO] Updated candidate mask pretrained-rescale_mask_best-acc_50_05161314_resnet18 at epoch 103 with acc 90.8200
2026-05-16 15:01:41 [INFO] Epoch: 104 [12800/50000 (26%)]	 Training Loss: 0.134 ACC: 90.45 CR: 0.50 Avg R1: 4.98 Avg R2: 1.50 Avg Reward: 6.483979
2026-05-16 15:02:01 [INFO] Epoch: 104 [25600/50000 (51%)]	 Training Loss: 0.128 ACC: 91.06 CR: 0.50 Avg R1: 4.98 Avg R2: 1.51 Avg Reward: 6.481261
2026-05-16 15:02:20 [INFO] Epoch: 104 [38400/50000 (77%)]	 Training Loss: 0.128 ACC: 91.14 CR: 0.50 Avg R1: 4.98 Avg R2: 1.50 Avg Reward: 6.484874
2026-05-16 15:02:38 [INFO] EPOCH:104, ======================CR:0.49872====================
2026-05-16 15:02:38 [INFO] -0.008637332095482848
2026-05-16 15:02:40 [INFO] EPOCH:104, ======================ACC:91.44====================
2026-05-16 15:02:40 [INFO] BEST EPOCH:104,BEST ACC:91.44
2026-05-16 15:02:40 [INFO] Saving Masks: current CR 0.4987 target CR 0.5000
2026-05-16 15:02:40 [INFO] Updated candidate mask pretrained-rescale_mask_best-acc_50_05161314_resnet18 at epoch 104 with acc 91.4400
2026-05-16 15:02:59 [INFO] Epoch: 105 [12800/50000 (26%)]	 Training Loss: 0.120 ACC: 91.66 CR: 0.50 Avg R1: 4.97 Avg R2: 1.50 Avg Reward: 6.471945
2026-05-16 15:03:17 [INFO] Epoch: 105 [25600/50000 (51%)]	 Training Loss: 0.123 ACC: 91.62 CR: 0.50 Avg R1: 4.97 Avg R2: 1.50 Avg Reward: 6.463784
2026-05-16 15:03:36 [INFO] Epoch: 105 [38400/50000 (77%)]	 Training Loss: 0.121 ACC: 91.69 CR: 0.50 Avg R1: 4.97 Avg R2: 1.50 Avg Reward: 6.461663
2026-05-16 15:03:52 [INFO] EPOCH:105, ======================CR:0.49872====================
2026-05-16 15:03:52 [INFO] 0.0015415225765077845
2026-05-16 15:03:54 [INFO] EPOCH:105, ======================ACC:90.72====================
2026-05-16 15:03:54 [INFO] BEST EPOCH:104,BEST ACC:91.44
2026-05-16 15:03:54 [INFO] Saving Masks: current CR 0.4987 target CR 0.5000
2026-05-16 15:04:13 [INFO] Epoch: 106 [12800/50000 (26%)]	 Training Loss: 0.127 ACC: 91.77 CR: 0.50 Avg R1: 4.99 Avg R2: 1.49 Avg Reward: 6.479150
2026-05-16 15:04:34 [INFO] Epoch: 106 [25600/50000 (51%)]	 Training Loss: 0.125 ACC: 91.59 CR: 0.50 Avg R1: 4.99 Avg R2: 1.49 Avg Reward: 6.481490
2026-05-16 15:04:54 [INFO] Epoch: 106 [38400/50000 (77%)]	 Training Loss: 0.126 ACC: 91.59 CR: 0.50 Avg R1: 4.99 Avg R2: 1.49 Avg Reward: 6.481546
2026-05-16 15:05:12 [INFO] EPOCH:106, ======================CR:0.49976====================
2026-05-16 15:05:12 [INFO] 0.004813791393259151
2026-05-16 15:05:14 [INFO] EPOCH:106, ======================ACC:88.59====================
2026-05-16 15:05:14 [INFO] BEST EPOCH:104,BEST ACC:91.44
2026-05-16 15:05:14 [INFO] Saving Masks: current CR 0.4998 target CR 0.5000
2026-05-16 15:05:37 [INFO] Epoch: 107 [12800/50000 (26%)]	 Training Loss: 0.121 ACC: 91.34 CR: 0.50 Avg R1: 5.00 Avg R2: 1.49 Avg Reward: 6.482114
2026-05-16 15:05:57 [INFO] Epoch: 107 [25600/50000 (51%)]	 Training Loss: 0.126 ACC: 91.11 CR: 0.50 Avg R1: 4.99 Avg R2: 1.48 Avg Reward: 6.471764
2026-05-16 15:06:18 [INFO] Epoch: 107 [38400/50000 (77%)]	 Training Loss: 0.126 ACC: 91.21 CR: 0.50 Avg R1: 4.98 Avg R2: 1.48 Avg Reward: 6.464275
2026-05-16 15:06:37 [INFO] EPOCH:107, ======================CR:0.49524====================
2026-05-16 15:06:37 [INFO] -0.003942198592040129
2026-05-16 15:06:39 [INFO] EPOCH:107, ======================ACC:90.5====================
2026-05-16 15:06:39 [INFO] BEST EPOCH:104,BEST ACC:91.44
2026-05-16 15:06:39 [INFO] Saving Masks: current CR 0.4952 target CR 0.5000
2026-05-16 15:07:01 [INFO] Epoch: 108 [12800/50000 (26%)]	 Training Loss: 0.116 ACC: 92.05 CR: 0.50 Avg R1: 4.95 Avg R2: 1.49 Avg Reward: 6.442721
2026-05-16 15:07:21 [INFO] Epoch: 108 [25600/50000 (51%)]	 Training Loss: 0.120 ACC: 91.88 CR: 0.50 Avg R1: 4.97 Avg R2: 1.49 Avg Reward: 6.461505
2026-05-16 15:07:40 [INFO] Epoch: 108 [38400/50000 (77%)]	 Training Loss: 0.120 ACC: 91.80 CR: 0.50 Avg R1: 4.98 Avg R2: 1.49 Avg Reward: 6.469521
2026-05-16 15:07:58 [INFO] EPOCH:108, ======================CR:0.50174====================
2026-05-16 15:07:58 [INFO] -0.008631322254072217
2026-05-16 15:08:00 [INFO] EPOCH:108, ======================ACC:90.65====================
2026-05-16 15:08:00 [INFO] BEST EPOCH:104,BEST ACC:91.44
2026-05-16 15:08:00 [INFO] Saving Masks: current CR 0.5017 target CR 0.5000
2026-05-16 15:08:21 [INFO] Epoch: 109 [12800/50000 (26%)]	 Training Loss: 0.122 ACC: 91.75 CR: 0.50 Avg R1: 4.99 Avg R2: 1.48 Avg Reward: 6.465894
2026-05-16 15:08:41 [INFO] Epoch: 109 [25600/50000 (51%)]	 Training Loss: 0.121 ACC: 91.73 CR: 0.50 Avg R1: 4.99 Avg R2: 1.48 Avg Reward: 6.469836
2026-05-16 15:09:02 [INFO] Epoch: 109 [38400/50000 (77%)]	 Training Loss: 0.121 ACC: 91.64 CR: 0.50 Avg R1: 4.99 Avg R2: 1.48 Avg Reward: 6.467743
2026-05-16 15:09:20 [INFO] EPOCH:109, ======================CR:0.49912====================
2026-05-16 15:09:20 [INFO] 0.004307571588274952
2026-05-16 15:09:23 [INFO] EPOCH:109, ======================ACC:90.8====================
2026-05-16 15:09:23 [INFO] BEST EPOCH:104,BEST ACC:91.44
2026-05-16 15:09:23 [INFO] Saving Masks: current CR 0.4991 target CR 0.5000
2026-05-16 15:09:41 [INFO] Epoch: 110 [12800/50000 (26%)]	 Training Loss: 0.118 ACC: 91.84 CR: 0.50 Avg R1: 4.99 Avg R2: 1.48 Avg Reward: 6.470248
2026-05-16 15:10:02 [INFO] Epoch: 110 [25600/50000 (51%)]	 Training Loss: 0.117 ACC: 91.95 CR: 0.50 Avg R1: 4.99 Avg R2: 1.48 Avg Reward: 6.471553
2026-05-16 15:10:22 [INFO] Epoch: 110 [38400/50000 (77%)]	 Training Loss: 0.119 ACC: 91.85 CR: 0.50 Avg R1: 4.99 Avg R2: 1.48 Avg Reward: 6.471923
2026-05-16 15:10:41 [INFO] EPOCH:110, ======================CR:0.50148====================
2026-05-16 15:10:41 [INFO] -0.001218511278008655
2026-05-16 15:10:43 [INFO] EPOCH:110, ======================ACC:91.81====================
2026-05-16 15:10:43 [INFO] BEST EPOCH:110,BEST ACC:91.81
2026-05-16 15:10:43 [INFO] Saving Masks: current CR 0.5015 target CR 0.5000
2026-05-16 15:10:43 [INFO] Updated candidate mask pretrained-rescale_mask_best-acc_50_05161314_resnet18 at epoch 110 with acc 91.8100
2026-05-16 15:11:04 [INFO] Epoch: 111 [12800/50000 (26%)]	 Training Loss: 0.117 ACC: 92.09 CR: 0.50 Avg R1: 4.97 Avg R2: 1.48 Avg Reward: 6.456861
2026-05-16 15:11:24 [INFO] Epoch: 111 [25600/50000 (51%)]	 Training Loss: 0.118 ACC: 91.91 CR: 0.50 Avg R1: 4.97 Avg R2: 1.48 Avg Reward: 6.450938
2026-05-16 15:11:46 [INFO] Epoch: 111 [38400/50000 (77%)]	 Training Loss: 0.121 ACC: 91.69 CR: 0.50 Avg R1: 4.97 Avg R2: 1.48 Avg Reward: 6.450177
2026-05-16 15:12:05 [INFO] EPOCH:111, ======================CR:0.50156====================
2026-05-16 15:12:05 [INFO] 0.00417297478559133
2026-05-16 15:12:07 [INFO] EPOCH:111, ======================ACC:90.78====================
2026-05-16 15:12:07 [INFO] BEST EPOCH:110,BEST ACC:91.81
2026-05-16 15:12:07 [INFO] Saving Masks: current CR 0.5016 target CR 0.5000
2026-05-16 15:12:27 [INFO] Epoch: 112 [12800/50000 (26%)]	 Training Loss: 0.114 ACC: 92.46 CR: 0.50 Avg R1: 4.99 Avg R2: 1.48 Avg Reward: 6.469586
2026-05-16 15:12:48 [INFO] Epoch: 112 [25600/50000 (51%)]	 Training Loss: 0.116 ACC: 92.19 CR: 0.50 Avg R1: 4.99 Avg R2: 1.48 Avg Reward: 6.470244
2026-05-16 15:13:08 [INFO] Epoch: 112 [38400/50000 (77%)]	 Training Loss: 0.117 ACC: 92.13 CR: 0.50 Avg R1: 4.99 Avg R2: 1.48 Avg Reward: 6.463778
2026-05-16 15:13:29 [INFO] EPOCH:112, ======================CR:0.4989====================
2026-05-16 15:13:29 [INFO] 0.0029816532491354453
2026-05-16 15:13:31 [INFO] EPOCH:112, ======================ACC:91.98====================
2026-05-16 15:13:31 [INFO] BEST EPOCH:112,BEST ACC:91.98
2026-05-16 15:13:31 [INFO] Saving Masks: current CR 0.4989 target CR 0.5000
2026-05-16 15:13:31 [INFO] Updated candidate mask pretrained-rescale_mask_best-acc_50_05161314_resnet18 at epoch 112 with acc 91.9800
2026-05-16 15:13:54 [INFO] Epoch: 113 [12800/50000 (26%)]	 Training Loss: 0.116 ACC: 91.91 CR: 0.50 Avg R1: 4.98 Avg R2: 1.47 Avg Reward: 6.444916
2026-05-16 15:14:18 [INFO] Epoch: 113 [25600/50000 (51%)]	 Training Loss: 0.113 ACC: 92.13 CR: 0.50 Avg R1: 4.99 Avg R2: 1.47 Avg Reward: 6.453042
2026-05-16 15:14:38 [INFO] Epoch: 113 [38400/50000 (77%)]	 Training Loss: 0.114 ACC: 92.16 CR: 0.50 Avg R1: 4.99 Avg R2: 1.47 Avg Reward: 6.452769
2026-05-16 15:14:57 [INFO] EPOCH:113, ======================CR:0.5034====================
2026-05-16 15:14:57 [INFO] 0.0028578352725299925
2026-05-16 15:14:59 [INFO] EPOCH:113, ======================ACC:91.25====================
2026-05-16 15:14:59 [INFO] BEST EPOCH:112,BEST ACC:91.98
2026-05-16 15:14:59 [INFO] Saving Masks: current CR 0.5034 target CR 0.5000
2026-05-16 15:15:20 [INFO] Epoch: 114 [12800/50000 (26%)]	 Training Loss: 0.110 ACC: 92.48 CR: 0.50 Avg R1: 4.96 Avg R2: 1.47 Avg Reward: 6.424990
2026-05-16 15:15:39 [INFO] Epoch: 114 [25600/50000 (51%)]	 Training Loss: 0.113 ACC: 92.41 CR: 0.51 Avg R1: 4.95 Avg R2: 1.47 Avg Reward: 6.420385
2026-05-16 15:16:01 [INFO] Epoch: 114 [38400/50000 (77%)]	 Training Loss: 0.116 ACC: 92.09 CR: 0.50 Avg R1: 4.95 Avg R2: 1.47 Avg Reward: 6.421460
2026-05-16 15:16:20 [INFO] EPOCH:114, ======================CR:0.50382====================
2026-05-16 15:16:20 [INFO] 0.0008738479247577781
2026-05-16 15:16:22 [INFO] EPOCH:114, ======================ACC:92.57====================
2026-05-16 15:16:22 [INFO] BEST EPOCH:114,BEST ACC:92.57
2026-05-16 15:16:22 [INFO] Saving Masks: current CR 0.5038 target CR 0.5000
2026-05-16 15:16:23 [INFO] Updated candidate mask pretrained-rescale_mask_best-acc_50_05161314_resnet18 at epoch 114 with acc 92.5700
2026-05-16 15:16:44 [INFO] Epoch: 115 [12800/50000 (26%)]	 Training Loss: 0.117 ACC: 91.93 CR: 0.50 Avg R1: 4.96 Avg R2: 1.47 Avg Reward: 6.427943
2026-05-16 15:17:04 [INFO] Epoch: 115 [25600/50000 (51%)]	 Training Loss: 0.119 ACC: 91.91 CR: 0.50 Avg R1: 4.96 Avg R2: 1.47 Avg Reward: 6.429261
2026-05-16 15:17:25 [INFO] Epoch: 115 [38400/50000 (77%)]	 Training Loss: 0.119 ACC: 91.98 CR: 0.50 Avg R1: 4.96 Avg R2: 1.47 Avg Reward: 6.429098
2026-05-16 15:17:45 [INFO] EPOCH:115, ======================CR:0.50466====================
2026-05-16 15:17:45 [INFO] 0.008357442198011277
2026-05-16 15:17:47 [INFO] EPOCH:115, ======================ACC:89.35====================
2026-05-16 15:17:47 [INFO] BEST EPOCH:114,BEST ACC:92.57
2026-05-16 15:17:47 [INFO] Saving Masks: current CR 0.5047 target CR 0.5000
2026-05-16 15:18:09 [INFO] Epoch: 116 [12800/50000 (26%)]	 Training Loss: 0.115 ACC: 91.53 CR: 0.50 Avg R1: 4.97 Avg R2: 1.47 Avg Reward: 6.437163
2026-05-16 15:18:31 [INFO] Epoch: 116 [25600/50000 (51%)]	 Training Loss: 0.112 ACC: 92.12 CR: 0.50 Avg R1: 4.97 Avg R2: 1.47 Avg Reward: 6.439739
2026-05-16 15:18:54 [INFO] Epoch: 116 [38400/50000 (77%)]	 Training Loss: 0.113 ACC: 92.12 CR: 0.50 Avg R1: 4.97 Avg R2: 1.47 Avg Reward: 6.440192
2026-05-16 15:19:14 [INFO] EPOCH:116, ======================CR:0.49872====================
2026-05-16 15:19:14 [INFO] 0.001236544813012942
2026-05-16 15:19:16 [INFO] EPOCH:116, ======================ACC:90.54====================
2026-05-16 15:19:16 [INFO] BEST EPOCH:114,BEST ACC:92.57
2026-05-16 15:19:16 [INFO] Saving Masks: current CR 0.4987 target CR 0.5000
2026-05-16 15:19:40 [INFO] Epoch: 117 [12800/50000 (26%)]	 Training Loss: 0.110 ACC: 92.47 CR: 0.50 Avg R1: 4.99 Avg R2: 1.46 Avg Reward: 6.450550
2026-05-16 15:20:00 [INFO] Epoch: 117 [25600/50000 (51%)]	 Training Loss: 0.112 ACC: 92.39 CR: 0.50 Avg R1: 4.99 Avg R2: 1.46 Avg Reward: 6.447742
2026-05-16 15:20:21 [INFO] Epoch: 117 [38400/50000 (77%)]	 Training Loss: 0.115 ACC: 92.21 CR: 0.50 Avg R1: 4.99 Avg R2: 1.46 Avg Reward: 6.449088
2026-05-16 15:20:38 [INFO] EPOCH:117, ======================CR:0.50132====================
2026-05-16 15:20:38 [INFO] 0.005294097158981882
2026-05-16 15:20:40 [INFO] EPOCH:117, ======================ACC:90.15====================
2026-05-16 15:20:40 [INFO] BEST EPOCH:114,BEST ACC:92.57
2026-05-16 15:20:40 [INFO] Saving Masks: current CR 0.5013 target CR 0.5000
2026-05-16 15:21:01 [INFO] Epoch: 118 [12800/50000 (26%)]	 Training Loss: 0.106 ACC: 92.67 CR: 0.50 Avg R1: 4.98 Avg R2: 1.45 Avg Reward: 6.436926
2026-05-16 15:21:21 [INFO] Epoch: 118 [25600/50000 (51%)]	 Training Loss: 0.109 ACC: 92.47 CR: 0.50 Avg R1: 4.98 Avg R2: 1.45 Avg Reward: 6.433926
2026-05-16 15:21:42 [INFO] Epoch: 118 [38400/50000 (77%)]	 Training Loss: 0.108 ACC: 92.52 CR: 0.50 Avg R1: 4.98 Avg R2: 1.45 Avg Reward: 6.432406
2026-05-16 15:22:01 [INFO] EPOCH:118, ======================CR:0.49944====================
2026-05-16 15:22:01 [INFO] 0.002701695004943296
2026-05-16 15:22:03 [INFO] EPOCH:118, ======================ACC:91.96====================
2026-05-16 15:22:03 [INFO] BEST EPOCH:114,BEST ACC:92.57
2026-05-16 15:22:03 [INFO] Saving Masks: current CR 0.4994 target CR 0.5000
2026-05-16 15:22:25 [INFO] Epoch: 119 [12800/50000 (26%)]	 Training Loss: 0.106 ACC: 92.53 CR: 0.50 Avg R1: 4.99 Avg R2: 1.44 Avg Reward: 6.426946
2026-05-16 15:22:47 [INFO] Epoch: 119 [25600/50000 (51%)]	 Training Loss: 0.106 ACC: 92.57 CR: 0.50 Avg R1: 4.98 Avg R2: 1.44 Avg Reward: 6.422672
2026-05-16 15:23:11 [INFO] Epoch: 119 [38400/50000 (77%)]	 Training Loss: 0.106 ACC: 92.61 CR: 0.50 Avg R1: 4.97 Avg R2: 1.44 Avg Reward: 6.411120
2026-05-16 15:23:32 [INFO] EPOCH:119, ======================CR:0.4964====================
2026-05-16 15:23:32 [INFO] -0.005412533810500775
2026-05-16 15:23:34 [INFO] EPOCH:119, ======================ACC:91.74====================
2026-05-16 15:23:34 [INFO] BEST EPOCH:114,BEST ACC:92.57
2026-05-16 15:23:34 [INFO] Saving Masks: current CR 0.4964 target CR 0.5000
2026-05-16 15:23:57 [INFO] Epoch: 120 [12800/50000 (26%)]	 Training Loss: 0.103 ACC: 93.02 CR: 0.50 Avg R1: 4.97 Avg R2: 1.44 Avg Reward: 6.408826
2026-05-16 15:24:18 [INFO] Epoch: 120 [25600/50000 (51%)]	 Training Loss: 0.102 ACC: 93.00 CR: 0.50 Avg R1: 4.97 Avg R2: 1.44 Avg Reward: 6.413881
2026-05-16 15:24:40 [INFO] Epoch: 120 [38400/50000 (77%)]	 Training Loss: 0.105 ACC: 92.81 CR: 0.50 Avg R1: 4.98 Avg R2: 1.44 Avg Reward: 6.419889
2026-05-16 15:24:58 [INFO] EPOCH:120, ======================CR:0.49826====================
2026-05-16 15:24:58 [INFO] 0.004151101413008837
2026-05-16 15:25:00 [INFO] EPOCH:120, ======================ACC:90.8====================
2026-05-16 15:25:00 [INFO] BEST EPOCH:114,BEST ACC:92.57
2026-05-16 15:25:00 [INFO] Saving Masks: current CR 0.4983 target CR 0.5000
2026-05-16 15:25:22 [INFO] Epoch: 121 [12800/50000 (26%)]	 Training Loss: 0.102 ACC: 93.29 CR: 0.50 Avg R1: 4.99 Avg R2: 1.45 Avg Reward: 6.439734
2026-05-16 15:25:42 [INFO] Epoch: 121 [25600/50000 (51%)]	 Training Loss: 0.101 ACC: 93.09 CR: 0.50 Avg R1: 4.99 Avg R2: 1.45 Avg Reward: 6.440436
2026-05-16 15:26:03 [INFO] Epoch: 121 [38400/50000 (77%)]	 Training Loss: 0.104 ACC: 92.86 CR: 0.50 Avg R1: 4.99 Avg R2: 1.45 Avg Reward: 6.440527
2026-05-16 15:26:21 [INFO] EPOCH:121, ======================CR:0.5002====================
2026-05-16 15:26:21 [INFO] -0.0027692645034951063
2026-05-16 15:26:23 [INFO] EPOCH:121, ======================ACC:91.42====================
2026-05-16 15:26:23 [INFO] BEST EPOCH:114,BEST ACC:92.57
2026-05-16 15:26:23 [INFO] Saving Masks: current CR 0.5002 target CR 0.5000
2026-05-16 15:26:44 [INFO] Epoch: 122 [12800/50000 (26%)]	 Training Loss: 0.102 ACC: 92.95 CR: 0.50 Avg R1: 5.00 Avg R2: 1.44 Avg Reward: 6.434302
2026-05-16 15:27:05 [INFO] Epoch: 122 [25600/50000 (51%)]	 Training Loss: 0.100 ACC: 93.03 CR: 0.50 Avg R1: 5.00 Avg R2: 1.44 Avg Reward: 6.433565
2026-05-16 15:27:29 [INFO] Epoch: 122 [38400/50000 (77%)]	 Training Loss: 0.100 ACC: 93.15 CR: 0.50 Avg R1: 5.00 Avg R2: 1.44 Avg Reward: 6.432870
2026-05-16 15:27:50 [INFO] EPOCH:122, ======================CR:0.4978====================
2026-05-16 15:27:50 [INFO] 0.004516841945806219
2026-05-16 15:27:53 [INFO] EPOCH:122, ======================ACC:91.18====================
2026-05-16 15:27:53 [INFO] BEST EPOCH:114,BEST ACC:92.57
2026-05-16 15:27:53 [INFO] Saving Masks: current CR 0.4978 target CR 0.5000
2026-05-16 15:28:15 [INFO] Epoch: 123 [12800/50000 (26%)]	 Training Loss: 0.098 ACC: 93.31 CR: 0.50 Avg R1: 4.99 Avg R2: 1.41 Avg Reward: 6.401655
2026-05-16 15:28:36 [INFO] Epoch: 123 [25600/50000 (51%)]	 Training Loss: 0.096 ACC: 93.42 CR: 0.50 Avg R1: 4.99 Avg R2: 1.41 Avg Reward: 6.404714
2026-05-16 15:28:59 [INFO] Epoch: 123 [38400/50000 (77%)]	 Training Loss: 0.099 ACC: 93.13 CR: 0.50 Avg R1: 4.99 Avg R2: 1.41 Avg Reward: 6.403991
2026-05-16 15:29:18 [INFO] EPOCH:123, ======================CR:0.49906====================
2026-05-16 15:29:18 [INFO] -0.011598801696404332
2026-05-16 15:29:20 [INFO] EPOCH:123, ======================ACC:92.75====================
2026-05-16 15:29:20 [INFO] BEST EPOCH:123,BEST ACC:92.75
2026-05-16 15:29:20 [INFO] Saving Masks: current CR 0.4991 target CR 0.5000
2026-05-16 15:29:20 [INFO] Updated candidate mask pretrained-rescale_mask_best-acc_50_05161314_resnet18 at epoch 123 with acc 92.7500
2026-05-16 15:29:42 [INFO] Epoch: 124 [12800/50000 (26%)]	 Training Loss: 0.099 ACC: 93.49 CR: 0.50 Avg R1: 4.99 Avg R2: 1.42 Avg Reward: 6.417825
2026-05-16 15:30:04 [INFO] Epoch: 124 [25600/50000 (51%)]	 Training Loss: 0.098 ACC: 93.26 CR: 0.50 Avg R1: 4.99 Avg R2: 1.42 Avg Reward: 6.419243
2026-05-16 15:30:26 [INFO] Epoch: 124 [38400/50000 (77%)]	 Training Loss: 0.099 ACC: 93.22 CR: 0.50 Avg R1: 4.99 Avg R2: 1.42 Avg Reward: 6.413877
2026-05-16 15:30:45 [INFO] EPOCH:124, ======================CR:0.49826====================
2026-05-16 15:30:45 [INFO] 0.005313014005838725
2026-05-16 15:30:47 [INFO] EPOCH:124, ======================ACC:91.83====================
2026-05-16 15:30:47 [INFO] BEST EPOCH:123,BEST ACC:92.75
2026-05-16 15:30:47 [INFO] Saving Masks: current CR 0.4983 target CR 0.5000
2026-05-16 15:31:08 [INFO] Epoch: 125 [12800/50000 (26%)]	 Training Loss: 0.098 ACC: 93.61 CR: 0.50 Avg R1: 4.99 Avg R2: 1.43 Avg Reward: 6.416799
2026-05-16 15:31:30 [INFO] Epoch: 125 [25600/50000 (51%)]	 Training Loss: 0.101 ACC: 93.28 CR: 0.50 Avg R1: 4.99 Avg R2: 1.43 Avg Reward: 6.413717
2026-05-16 15:31:51 [INFO] Epoch: 125 [38400/50000 (77%)]	 Training Loss: 0.099 ACC: 93.38 CR: 0.50 Avg R1: 4.99 Avg R2: 1.43 Avg Reward: 6.413335
2026-05-16 15:32:10 [INFO] EPOCH:125, ======================CR:0.50212====================
2026-05-16 15:32:10 [INFO] -0.0011351112347236835
2026-05-16 15:32:12 [INFO] EPOCH:125, ======================ACC:92.26====================
2026-05-16 15:32:12 [INFO] BEST EPOCH:123,BEST ACC:92.75
2026-05-16 15:32:12 [INFO] Saving Masks: current CR 0.5021 target CR 0.5000
2026-05-16 15:32:34 [INFO] Epoch: 126 [12800/50000 (26%)]	 Training Loss: 0.097 ACC: 93.56 CR: 0.50 Avg R1: 4.97 Avg R2: 1.42 Avg Reward: 6.389634
2026-05-16 15:32:54 [INFO] Epoch: 126 [25600/50000 (51%)]	 Training Loss: 0.095 ACC: 93.54 CR: 0.50 Avg R1: 4.97 Avg R2: 1.42 Avg Reward: 6.385111
2026-05-16 15:33:14 [INFO] Epoch: 126 [38400/50000 (77%)]	 Training Loss: 0.096 ACC: 93.45 CR: 0.50 Avg R1: 4.96 Avg R2: 1.42 Avg Reward: 6.383155
2026-05-16 15:33:31 [INFO] EPOCH:126, ======================CR:0.50284====================
2026-05-16 15:33:31 [INFO] 0.00018184958289715924
2026-05-16 15:33:33 [INFO] EPOCH:126, ======================ACC:91.85====================
2026-05-16 15:33:33 [INFO] BEST EPOCH:123,BEST ACC:92.75
2026-05-16 15:33:33 [INFO] Saving Masks: current CR 0.5028 target CR 0.5000
2026-05-16 15:33:54 [INFO] Epoch: 127 [12800/50000 (26%)]	 Training Loss: 0.098 ACC: 93.37 CR: 0.50 Avg R1: 4.97 Avg R2: 1.42 Avg Reward: 6.393485
2026-05-16 15:34:13 [INFO] Epoch: 127 [25600/50000 (51%)]	 Training Loss: 0.095 ACC: 93.55 CR: 0.50 Avg R1: 4.98 Avg R2: 1.42 Avg Reward: 6.400105
2026-05-16 15:34:31 [INFO] Epoch: 127 [38400/50000 (77%)]	 Training Loss: 0.095 ACC: 93.49 CR: 0.50 Avg R1: 4.98 Avg R2: 1.42 Avg Reward: 6.402035
2026-05-16 15:34:50 [INFO] EPOCH:127, ======================CR:0.49916====================
2026-05-16 15:34:50 [INFO] 0.005605057448687734
2026-05-16 15:34:53 [INFO] EPOCH:127, ======================ACC:92.61====================
2026-05-16 15:34:53 [INFO] BEST EPOCH:123,BEST ACC:92.75
2026-05-16 15:34:53 [INFO] Saving Masks: current CR 0.4992 target CR 0.5000
2026-05-16 15:35:15 [INFO] Epoch: 128 [12800/50000 (26%)]	 Training Loss: 0.094 ACC: 93.68 CR: 0.50 Avg R1: 4.99 Avg R2: 1.41 Avg Reward: 6.399321
2026-05-16 15:35:34 [INFO] Epoch: 128 [25600/50000 (51%)]	 Training Loss: 0.094 ACC: 93.67 CR: 0.50 Avg R1: 4.99 Avg R2: 1.41 Avg Reward: 6.397961
2026-05-16 15:35:52 [INFO] Epoch: 128 [38400/50000 (77%)]	 Training Loss: 0.094 ACC: 93.66 CR: 0.50 Avg R1: 4.99 Avg R2: 1.41 Avg Reward: 6.399189
2026-05-16 15:36:11 [INFO] EPOCH:128, ======================CR:0.49982====================
2026-05-16 15:36:11 [INFO] -0.0008458257970653424
2026-05-16 15:36:13 [INFO] EPOCH:128, ======================ACC:92.2====================
2026-05-16 15:36:13 [INFO] BEST EPOCH:123,BEST ACC:92.75
2026-05-16 15:36:13 [INFO] Saving Masks: current CR 0.4998 target CR 0.5000
2026-05-16 15:36:34 [INFO] Epoch: 129 [12800/50000 (26%)]	 Training Loss: 0.089 ACC: 93.83 CR: 0.50 Avg R1: 4.99 Avg R2: 1.40 Avg Reward: 6.394456
2026-05-16 15:36:54 [INFO] Epoch: 129 [25600/50000 (51%)]	 Training Loss: 0.090 ACC: 93.77 CR: 0.50 Avg R1: 4.99 Avg R2: 1.40 Avg Reward: 6.393477
2026-05-16 15:37:14 [INFO] Epoch: 129 [38400/50000 (77%)]	 Training Loss: 0.091 ACC: 93.78 CR: 0.50 Avg R1: 4.99 Avg R2: 1.40 Avg Reward: 6.393741
2026-05-16 15:37:33 [INFO] EPOCH:129, ======================CR:0.50246====================
2026-05-16 15:37:33 [INFO] 0.004714019944005031
2026-05-16 15:37:35 [INFO] EPOCH:129, ======================ACC:91.71====================
2026-05-16 15:37:35 [INFO] BEST EPOCH:123,BEST ACC:92.75
2026-05-16 15:37:35 [INFO] Saving Masks: current CR 0.5025 target CR 0.5000
2026-05-16 15:37:56 [INFO] Epoch: 130 [12800/50000 (26%)]	 Training Loss: 0.095 ACC: 93.65 CR: 0.50 Avg R1: 4.98 Avg R2: 1.41 Avg Reward: 6.387842
2026-05-16 15:38:16 [INFO] Epoch: 130 [25600/50000 (51%)]	 Training Loss: 0.093 ACC: 93.64 CR: 0.50 Avg R1: 4.98 Avg R2: 1.41 Avg Reward: 6.386305
2026-05-16 15:38:38 [INFO] Epoch: 130 [38400/50000 (77%)]	 Training Loss: 0.092 ACC: 93.68 CR: 0.50 Avg R1: 4.98 Avg R2: 1.41 Avg Reward: 6.388971
2026-05-16 15:38:57 [INFO] EPOCH:130, ======================CR:0.49988====================
2026-05-16 15:38:57 [INFO] -0.0008191782917560491
2026-05-16 15:38:59 [INFO] EPOCH:130, ======================ACC:93.25====================
2026-05-16 15:38:59 [INFO] BEST EPOCH:130,BEST ACC:93.25
2026-05-16 15:38:59 [INFO] Saving Masks: current CR 0.4999 target CR 0.5000
2026-05-16 15:38:59 [INFO] Updated candidate mask pretrained-rescale_mask_best-acc_50_05161314_resnet18 at epoch 130 with acc 93.2500
2026-05-16 15:39:19 [INFO] Epoch: 131 [12800/50000 (26%)]	 Training Loss: 0.094 ACC: 93.62 CR: 0.50 Avg R1: 4.99 Avg R2: 1.40 Avg Reward: 6.383723
2026-05-16 15:39:39 [INFO] Epoch: 131 [25600/50000 (51%)]	 Training Loss: 0.091 ACC: 93.80 CR: 0.50 Avg R1: 4.98 Avg R2: 1.40 Avg Reward: 6.376131
2026-05-16 15:40:01 [INFO] Epoch: 131 [38400/50000 (77%)]	 Training Loss: 0.090 ACC: 93.85 CR: 0.50 Avg R1: 4.98 Avg R2: 1.40 Avg Reward: 6.377882
2026-05-16 15:40:19 [INFO] EPOCH:131, ======================CR:0.49556====================
2026-05-16 15:40:19 [INFO] -0.0004589646412053064
2026-05-16 15:40:21 [INFO] EPOCH:131, ======================ACC:92.89====================
2026-05-16 15:40:21 [INFO] BEST EPOCH:130,BEST ACC:93.25
2026-05-16 15:40:21 [INFO] Saving Masks: current CR 0.4956 target CR 0.5000
2026-05-16 15:40:43 [INFO] Epoch: 132 [12800/50000 (26%)]	 Training Loss: 0.086 ACC: 94.27 CR: 0.50 Avg R1: 4.97 Avg R2: 1.38 Avg Reward: 6.345575
2026-05-16 15:41:04 [INFO] Epoch: 132 [25600/50000 (51%)]	 Training Loss: 0.085 ACC: 94.22 CR: 0.50 Avg R1: 4.97 Avg R2: 1.38 Avg Reward: 6.354729
2026-05-16 15:41:25 [INFO] Epoch: 132 [38400/50000 (77%)]	 Training Loss: 0.087 ACC: 94.11 CR: 0.50 Avg R1: 4.98 Avg R2: 1.38 Avg Reward: 6.361091
2026-05-16 15:41:42 [INFO] EPOCH:132, ======================CR:0.49802====================
2026-05-16 15:41:42 [INFO] -0.00026248318633569805
2026-05-16 15:41:44 [INFO] EPOCH:132, ======================ACC:92.83====================
2026-05-16 15:41:44 [INFO] BEST EPOCH:130,BEST ACC:93.25
2026-05-16 15:41:44 [INFO] Saving Masks: current CR 0.4980 target CR 0.5000
2026-05-16 15:42:06 [INFO] Epoch: 133 [12800/50000 (26%)]	 Training Loss: 0.080 ACC: 94.47 CR: 0.50 Avg R1: 4.98 Avg R2: 1.38 Avg Reward: 6.360611
2026-05-16 15:42:26 [INFO] Epoch: 133 [25600/50000 (51%)]	 Training Loss: 0.083 ACC: 94.36 CR: 0.50 Avg R1: 4.99 Avg R2: 1.38 Avg Reward: 6.364797
2026-05-16 15:42:46 [INFO] Epoch: 133 [38400/50000 (77%)]	 Training Loss: 0.085 ACC: 94.22 CR: 0.50 Avg R1: 4.99 Avg R2: 1.38 Avg Reward: 6.364361
2026-05-16 15:43:05 [INFO] EPOCH:133, ======================CR:0.50112====================
2026-05-16 15:43:05 [INFO] 0.006727766468935742
2026-05-16 15:43:07 [INFO] EPOCH:133, ======================ACC:92.81====================
2026-05-16 15:43:07 [INFO] BEST EPOCH:130,BEST ACC:93.25
2026-05-16 15:43:07 [INFO] Saving Masks: current CR 0.5011 target CR 0.5000
2026-05-16 15:43:29 [INFO] Epoch: 134 [12800/50000 (26%)]	 Training Loss: 0.086 ACC: 94.23 CR: 0.50 Avg R1: 4.97 Avg R2: 1.38 Avg Reward: 6.351191
2026-05-16 15:43:48 [INFO] Epoch: 134 [25600/50000 (51%)]	 Training Loss: 0.085 ACC: 94.16 CR: 0.50 Avg R1: 4.97 Avg R2: 1.38 Avg Reward: 6.349220
2026-05-16 15:44:07 [INFO] Epoch: 134 [38400/50000 (77%)]	 Training Loss: 0.083 ACC: 94.20 CR: 0.50 Avg R1: 4.97 Avg R2: 1.38 Avg Reward: 6.351717
2026-05-16 15:44:26 [INFO] EPOCH:134, ======================CR:0.49672====================
2026-05-16 15:44:26 [INFO] -0.004494537240139223
2026-05-16 15:44:28 [INFO] EPOCH:134, ======================ACC:92.21====================
2026-05-16 15:44:28 [INFO] BEST EPOCH:130,BEST ACC:93.25
2026-05-16 15:44:28 [INFO] Saving Masks: current CR 0.4967 target CR 0.5000
2026-05-16 15:44:49 [INFO] Epoch: 135 [12800/50000 (26%)]	 Training Loss: 0.073 ACC: 95.04 CR: 0.50 Avg R1: 4.98 Avg R2: 1.36 Avg Reward: 6.331665
2026-05-16 15:45:09 [INFO] Epoch: 135 [25600/50000 (51%)]	 Training Loss: 0.077 ACC: 94.75 CR: 0.50 Avg R1: 4.98 Avg R2: 1.36 Avg Reward: 6.333456
2026-05-16 15:45:29 [INFO] Epoch: 135 [38400/50000 (77%)]	 Training Loss: 0.080 ACC: 94.47 CR: 0.50 Avg R1: 4.98 Avg R2: 1.36 Avg Reward: 6.332269
2026-05-16 15:45:48 [INFO] EPOCH:135, ======================CR:0.49974====================
2026-05-16 15:45:48 [INFO] 0.008816045235059031
2026-05-16 15:45:50 [INFO] EPOCH:135, ======================ACC:93.02====================
2026-05-16 15:45:50 [INFO] BEST EPOCH:130,BEST ACC:93.25
2026-05-16 15:45:50 [INFO] Saving Masks: current CR 0.4997 target CR 0.5000
2026-05-16 15:46:10 [INFO] Epoch: 136 [12800/50000 (26%)]	 Training Loss: 0.077 ACC: 94.77 CR: 0.50 Avg R1: 4.99 Avg R2: 1.36 Avg Reward: 6.356495
2026-05-16 15:46:31 [INFO] Epoch: 136 [25600/50000 (51%)]	 Training Loss: 0.079 ACC: 94.62 CR: 0.50 Avg R1: 4.99 Avg R2: 1.37 Avg Reward: 6.353670
2026-05-16 15:46:51 [INFO] Epoch: 136 [38400/50000 (77%)]	 Training Loss: 0.079 ACC: 94.66 CR: 0.50 Avg R1: 4.99 Avg R2: 1.37 Avg Reward: 6.355543
2026-05-16 15:47:08 [INFO] EPOCH:136, ======================CR:0.50112====================
2026-05-16 15:47:08 [INFO] -0.00032006773434696393
2026-05-16 15:47:10 [INFO] EPOCH:136, ======================ACC:92.73====================
2026-05-16 15:47:10 [INFO] BEST EPOCH:130,BEST ACC:93.25
2026-05-16 15:47:10 [INFO] Saving Masks: current CR 0.5011 target CR 0.5000
2026-05-16 15:47:31 [INFO] Epoch: 137 [12800/50000 (26%)]	 Training Loss: 0.083 ACC: 94.50 CR: 0.50 Avg R1: 4.98 Avg R2: 1.36 Avg Reward: 6.345969
2026-05-16 15:47:51 [INFO] Epoch: 137 [25600/50000 (51%)]	 Training Loss: 0.076 ACC: 94.88 CR: 0.50 Avg R1: 4.99 Avg R2: 1.36 Avg Reward: 6.349895
2026-05-16 15:48:12 [INFO] Epoch: 137 [38400/50000 (77%)]	 Training Loss: 0.077 ACC: 94.85 CR: 0.50 Avg R1: 4.99 Avg R2: 1.36 Avg Reward: 6.347764
2026-05-16 15:48:30 [INFO] EPOCH:137, ======================CR:0.49514====================
2026-05-16 15:48:30 [INFO] 0.006026788665340643
2026-05-16 15:48:32 [INFO] EPOCH:137, ======================ACC:93.13====================
2026-05-16 15:48:32 [INFO] BEST EPOCH:130,BEST ACC:93.25
2026-05-16 15:48:32 [INFO] Saving Masks: current CR 0.4951 target CR 0.5000
2026-05-16 15:48:54 [INFO] Epoch: 138 [12800/50000 (26%)]	 Training Loss: 0.079 ACC: 94.65 CR: 0.50 Avg R1: 4.97 Avg R2: 1.35 Avg Reward: 6.313680
2026-05-16 15:49:15 [INFO] Epoch: 138 [25600/50000 (51%)]	 Training Loss: 0.080 ACC: 94.54 CR: 0.50 Avg R1: 4.97 Avg R2: 1.35 Avg Reward: 6.317904
2026-05-16 15:49:34 [INFO] Epoch: 138 [38400/50000 (77%)]	 Training Loss: 0.079 ACC: 94.62 CR: 0.50 Avg R1: 4.97 Avg R2: 1.35 Avg Reward: 6.316753
2026-05-16 15:49:52 [INFO] EPOCH:138, ======================CR:0.50236====================
2026-05-16 15:49:52 [INFO] -0.005363207362484291
2026-05-16 15:49:54 [INFO] EPOCH:138, ======================ACC:93.26====================
2026-05-16 15:49:54 [INFO] BEST EPOCH:138,BEST ACC:93.26
2026-05-16 15:49:54 [INFO] Saving Masks: current CR 0.5024 target CR 0.5000
2026-05-16 15:49:54 [INFO] Updated candidate mask pretrained-rescale_mask_best-acc_50_05161314_resnet18 at epoch 138 with acc 93.2600
2026-05-16 15:50:16 [INFO] Epoch: 139 [12800/50000 (26%)]	 Training Loss: 0.082 ACC: 94.24 CR: 0.50 Avg R1: 4.98 Avg R2: 1.34 Avg Reward: 6.323552
2026-05-16 15:50:35 [INFO] Epoch: 139 [25600/50000 (51%)]	 Training Loss: 0.079 ACC: 94.56 CR: 0.50 Avg R1: 4.98 Avg R2: 1.34 Avg Reward: 6.322123
2026-05-16 15:50:54 [INFO] Epoch: 139 [38400/50000 (77%)]	 Training Loss: 0.079 ACC: 94.53 CR: 0.50 Avg R1: 4.98 Avg R2: 1.34 Avg Reward: 6.325946
2026-05-16 15:51:13 [INFO] EPOCH:139, ======================CR:0.50112====================
2026-05-16 15:51:13 [INFO] 0.002251064232251829
2026-05-16 15:51:15 [INFO] EPOCH:139, ======================ACC:93.34====================
2026-05-16 15:51:15 [INFO] BEST EPOCH:139,BEST ACC:93.34
2026-05-16 15:51:15 [INFO] Saving Masks: current CR 0.5011 target CR 0.5000
2026-05-16 15:51:15 [INFO] Updated candidate mask pretrained-rescale_mask_best-acc_50_05161314_resnet18 at epoch 139 with acc 93.3400
2026-05-16 15:51:36 [INFO] Epoch: 140 [12800/50000 (26%)]	 Training Loss: 0.068 ACC: 95.16 CR: 0.50 Avg R1: 4.99 Avg R2: 1.34 Avg Reward: 6.335607
2026-05-16 15:51:55 [INFO] Epoch: 140 [25600/50000 (51%)]	 Training Loss: 0.072 ACC: 95.11 CR: 0.50 Avg R1: 4.99 Avg R2: 1.34 Avg Reward: 6.336386
2026-05-16 15:52:17 [INFO] Epoch: 140 [38400/50000 (77%)]	 Training Loss: 0.074 ACC: 95.03 CR: 0.50 Avg R1: 4.99 Avg R2: 1.34 Avg Reward: 6.334587
2026-05-16 15:52:36 [INFO] EPOCH:140, ======================CR:0.5018====================
2026-05-16 15:52:36 [INFO] 0.0012668696096622373
2026-05-16 15:52:38 [INFO] EPOCH:140, ======================ACC:93.4====================
2026-05-16 15:52:38 [INFO] BEST EPOCH:140,BEST ACC:93.4
2026-05-16 15:52:38 [INFO] Saving Masks: current CR 0.5018 target CR 0.5000
2026-05-16 15:52:38 [INFO] Updated candidate mask pretrained-rescale_mask_best-acc_50_05161314_resnet18 at epoch 140 with acc 93.4000
2026-05-16 15:53:01 [INFO] Epoch: 141 [12800/50000 (26%)]	 Training Loss: 0.067 ACC: 95.38 CR: 0.50 Avg R1: 4.97 Avg R2: 1.33 Avg Reward: 6.302912
2026-05-16 15:53:22 [INFO] Epoch: 141 [25600/50000 (51%)]	 Training Loss: 0.068 ACC: 95.33 CR: 0.50 Avg R1: 4.97 Avg R2: 1.33 Avg Reward: 6.304576
2026-05-16 15:53:43 [INFO] Epoch: 141 [38400/50000 (77%)]	 Training Loss: 0.070 ACC: 95.14 CR: 0.50 Avg R1: 4.98 Avg R2: 1.33 Avg Reward: 6.307626
2026-05-16 15:54:02 [INFO] EPOCH:141, ======================CR:0.49738====================
2026-05-16 15:54:02 [INFO] -0.002415963260126541
2026-05-16 15:54:04 [INFO] EPOCH:141, ======================ACC:93.37====================
2026-05-16 15:54:04 [INFO] BEST EPOCH:140,BEST ACC:93.4
2026-05-16 15:54:04 [INFO] Saving Masks: current CR 0.4974 target CR 0.5000
2026-05-16 15:54:25 [INFO] Epoch: 142 [12800/50000 (26%)]	 Training Loss: 0.067 ACC: 95.72 CR: 0.50 Avg R1: 4.99 Avg R2: 1.32 Avg Reward: 6.305327
2026-05-16 15:54:46 [INFO] Epoch: 142 [25600/50000 (51%)]	 Training Loss: 0.068 ACC: 95.52 CR: 0.50 Avg R1: 4.99 Avg R2: 1.32 Avg Reward: 6.308559
2026-05-16 15:55:06 [INFO] Epoch: 142 [38400/50000 (77%)]	 Training Loss: 0.067 ACC: 95.43 CR: 0.50 Avg R1: 4.99 Avg R2: 1.32 Avg Reward: 6.306801
2026-05-16 15:55:25 [INFO] EPOCH:142, ======================CR:0.49898====================
2026-05-16 15:55:25 [INFO] 0.007815299074561872
2026-05-16 15:55:27 [INFO] EPOCH:142, ======================ACC:93.56====================
2026-05-16 15:55:27 [INFO] BEST EPOCH:142,BEST ACC:93.56
2026-05-16 15:55:27 [INFO] Saving Masks: current CR 0.4990 target CR 0.5000
2026-05-16 15:55:27 [INFO] Updated candidate mask pretrained-rescale_mask_best-acc_50_05161314_resnet18 at epoch 142 with acc 93.5600
2026-05-16 15:55:49 [INFO] Epoch: 143 [12800/50000 (26%)]	 Training Loss: 0.064 ACC: 95.57 CR: 0.50 Avg R1: 4.98 Avg R2: 1.31 Avg Reward: 6.291780
2026-05-16 15:56:09 [INFO] Epoch: 143 [25600/50000 (51%)]	 Training Loss: 0.066 ACC: 95.54 CR: 0.50 Avg R1: 4.98 Avg R2: 1.31 Avg Reward: 6.286292
2026-05-16 15:56:30 [INFO] Epoch: 143 [38400/50000 (77%)]	 Training Loss: 0.065 ACC: 95.51 CR: 0.50 Avg R1: 4.98 Avg R2: 1.31 Avg Reward: 6.293231
2026-05-16 15:56:48 [INFO] EPOCH:143, ======================CR:0.49922====================
2026-05-16 15:56:48 [INFO] 0.006660419603415621
2026-05-16 15:56:50 [INFO] EPOCH:143, ======================ACC:93.87====================
2026-05-16 15:56:50 [INFO] BEST EPOCH:143,BEST ACC:93.87
2026-05-16 15:56:50 [INFO] Saving Masks: current CR 0.4992 target CR 0.5000
2026-05-16 15:56:50 [INFO] Updated candidate mask pretrained-rescale_mask_best-acc_50_05161314_resnet18 at epoch 143 with acc 93.8700
2026-05-16 15:57:11 [INFO] Epoch: 144 [12800/50000 (26%)]	 Training Loss: 0.067 ACC: 95.28 CR: 0.50 Avg R1: 4.98 Avg R2: 1.29 Avg Reward: 6.278334
2026-05-16 15:57:31 [INFO] Epoch: 144 [25600/50000 (51%)]	 Training Loss: 0.069 ACC: 95.34 CR: 0.50 Avg R1: 4.98 Avg R2: 1.29 Avg Reward: 6.276506
2026-05-16 15:57:53 [INFO] Epoch: 144 [38400/50000 (77%)]	 Training Loss: 0.069 ACC: 95.33 CR: 0.50 Avg R1: 4.98 Avg R2: 1.29 Avg Reward: 6.277495
2026-05-16 15:58:11 [INFO] EPOCH:144, ======================CR:0.49722====================
2026-05-16 15:58:11 [INFO] -0.0012554409305707676
2026-05-16 15:58:13 [INFO] EPOCH:144, ======================ACC:93.57====================
2026-05-16 15:58:13 [INFO] BEST EPOCH:143,BEST ACC:93.87
2026-05-16 15:58:13 [INFO] Saving Masks: current CR 0.4972 target CR 0.5000
2026-05-16 15:58:34 [INFO] Epoch: 145 [12800/50000 (26%)]	 Training Loss: 0.065 ACC: 95.66 CR: 0.50 Avg R1: 4.97 Avg R2: 1.30 Avg Reward: 6.270336
2026-05-16 15:58:55 [INFO] Epoch: 145 [25600/50000 (51%)]	 Training Loss: 0.062 ACC: 95.80 CR: 0.50 Avg R1: 4.98 Avg R2: 1.30 Avg Reward: 6.281308
2026-05-16 15:59:14 [INFO] Epoch: 145 [38400/50000 (77%)]	 Training Loss: 0.065 ACC: 95.58 CR: 0.50 Avg R1: 4.98 Avg R2: 1.30 Avg Reward: 6.282436
2026-05-16 15:59:34 [INFO] EPOCH:145, ======================CR:0.50132====================
2026-05-16 15:59:34 [INFO] -0.007525717397701028
2026-05-16 15:59:36 [INFO] EPOCH:145, ======================ACC:93.32====================
2026-05-16 15:59:36 [INFO] BEST EPOCH:143,BEST ACC:93.87
2026-05-16 15:59:36 [INFO] Saving Masks: current CR 0.5013 target CR 0.5000
2026-05-16 15:59:58 [INFO] Epoch: 146 [12800/50000 (26%)]	 Training Loss: 0.063 ACC: 95.78 CR: 0.50 Avg R1: 4.99 Avg R2: 1.29 Avg Reward: 6.282295
2026-05-16 16:00:21 [INFO] Epoch: 146 [25600/50000 (51%)]	 Training Loss: 0.065 ACC: 95.60 CR: 0.50 Avg R1: 4.99 Avg R2: 1.29 Avg Reward: 6.281660
2026-05-16 16:00:41 [INFO] Epoch: 146 [38400/50000 (77%)]	 Training Loss: 0.064 ACC: 95.64 CR: 0.50 Avg R1: 4.99 Avg R2: 1.29 Avg Reward: 6.282976
2026-05-16 16:01:01 [INFO] EPOCH:146, ======================CR:0.50086====================
2026-05-16 16:01:01 [INFO] -0.0012768003485851861
2026-05-16 16:01:03 [INFO] EPOCH:146, ======================ACC:93.87====================
2026-05-16 16:01:03 [INFO] BEST EPOCH:146,BEST ACC:93.87
2026-05-16 16:01:03 [INFO] Saving Masks: current CR 0.5009 target CR 0.5000
2026-05-16 16:01:03 [INFO] Updated candidate mask pretrained-rescale_mask_best-acc_50_05161314_resnet18 at epoch 146 with acc 93.8700
2026-05-16 16:01:25 [INFO] Epoch: 147 [12800/50000 (26%)]	 Training Loss: 0.058 ACC: 96.09 CR: 0.50 Avg R1: 4.98 Avg R2: 1.29 Avg Reward: 6.278243
2026-05-16 16:01:46 [INFO] Epoch: 147 [25600/50000 (51%)]	 Training Loss: 0.061 ACC: 95.93 CR: 0.50 Avg R1: 4.98 Avg R2: 1.29 Avg Reward: 6.276446
2026-05-16 16:02:07 [INFO] Epoch: 147 [38400/50000 (77%)]	 Training Loss: 0.061 ACC: 95.95 CR: 0.50 Avg R1: 4.98 Avg R2: 1.29 Avg Reward: 6.271715
2026-05-16 16:02:26 [INFO] EPOCH:147, ======================CR:0.50012====================
2026-05-16 16:02:26 [INFO] 0.004387627803444536
2026-05-16 16:02:28 [INFO] EPOCH:147, ======================ACC:93.78====================
2026-05-16 16:02:28 [INFO] BEST EPOCH:146,BEST ACC:93.87
2026-05-16 16:02:28 [INFO] Saving Masks: current CR 0.5001 target CR 0.5000
2026-05-16 16:02:51 [INFO] Epoch: 148 [12800/50000 (26%)]	 Training Loss: 0.062 ACC: 96.02 CR: 0.50 Avg R1: 5.00 Avg R2: 1.28 Avg Reward: 6.273903
2026-05-16 16:03:11 [INFO] Epoch: 148 [25600/50000 (51%)]	 Training Loss: 0.060 ACC: 96.18 CR: 0.50 Avg R1: 4.99 Avg R2: 1.28 Avg Reward: 6.270944
2026-05-16 16:03:33 [INFO] Epoch: 148 [38400/50000 (77%)]	 Training Loss: 0.059 ACC: 96.17 CR: 0.50 Avg R1: 4.99 Avg R2: 1.28 Avg Reward: 6.271000
2026-05-16 16:03:53 [INFO] EPOCH:148, ======================CR:0.49694====================
2026-05-16 16:03:53 [INFO] -0.00027465230955196903
2026-05-16 16:03:55 [INFO] EPOCH:148, ======================ACC:94.44====================
2026-05-16 16:03:55 [INFO] BEST EPOCH:148,BEST ACC:94.44
2026-05-16 16:03:55 [INFO] Saving Masks: current CR 0.4969 target CR 0.5000
2026-05-16 16:03:55 [INFO] Updated candidate mask pretrained-rescale_mask_best-acc_50_05161314_resnet18 at epoch 148 with acc 94.4400
2026-05-16 16:04:18 [INFO] Epoch: 149 [12800/50000 (26%)]	 Training Loss: 0.059 ACC: 95.75 CR: 0.50 Avg R1: 4.98 Avg R2: 1.26 Avg Reward: 6.236530
2026-05-16 16:04:39 [INFO] Epoch: 149 [25600/50000 (51%)]	 Training Loss: 0.059 ACC: 95.86 CR: 0.50 Avg R1: 4.99 Avg R2: 1.26 Avg Reward: 6.244233
2026-05-16 16:05:01 [INFO] Epoch: 149 [38400/50000 (77%)]	 Training Loss: 0.061 ACC: 95.85 CR: 0.50 Avg R1: 4.98 Avg R2: 1.26 Avg Reward: 6.243396
2026-05-16 16:05:20 [INFO] EPOCH:149, ======================CR:0.50784====================
2026-05-16 16:05:20 [INFO] -0.0024458080339943805
2026-05-16 16:05:22 [INFO] EPOCH:149, ======================ACC:93.57====================
2026-05-16 16:05:22 [INFO] BEST EPOCH:148,BEST ACC:94.44
2026-05-16 16:05:22 [INFO] Saving Masks: current CR 0.5078 target CR 0.5000
2026-05-16 16:05:43 [INFO] Epoch: 150 [12800/50000 (26%)]	 Training Loss: 0.061 ACC: 95.78 CR: 0.51 Avg R1: 4.92 Avg R2: 1.27 Avg Reward: 6.193037
2026-05-16 16:06:04 [INFO] Epoch: 150 [25600/50000 (51%)]	 Training Loss: 0.057 ACC: 96.14 CR: 0.51 Avg R1: 4.93 Avg R2: 1.27 Avg Reward: 6.204265
2026-05-16 16:06:25 [INFO] Epoch: 150 [38400/50000 (77%)]	 Training Loss: 0.056 ACC: 96.21 CR: 0.50 Avg R1: 4.94 Avg R2: 1.27 Avg Reward: 6.209059
2026-05-16 16:06:44 [INFO] EPOCH:150, ======================CR:0.50366====================
2026-05-16 16:06:44 [INFO] 0.004431366835824177
2026-05-16 16:06:46 [INFO] EPOCH:150, ======================ACC:93.69====================
2026-05-16 16:06:46 [INFO] BEST EPOCH:148,BEST ACC:94.44
2026-05-16 16:06:46 [INFO] Saving Masks: current CR 0.5037 target CR 0.5000
2026-05-16 16:07:08 [INFO] Epoch: 151 [12800/50000 (26%)]	 Training Loss: 0.055 ACC: 96.38 CR: 0.50 Avg R1: 4.97 Avg R2: 1.24 Avg Reward: 6.212258
2026-05-16 16:07:31 [INFO] Epoch: 151 [25600/50000 (51%)]	 Training Loss: 0.055 ACC: 96.36 CR: 0.50 Avg R1: 4.97 Avg R2: 1.24 Avg Reward: 6.216139
2026-05-16 16:07:52 [INFO] Epoch: 151 [38400/50000 (77%)]	 Training Loss: 0.054 ACC: 96.36 CR: 0.50 Avg R1: 4.98 Avg R2: 1.24 Avg Reward: 6.221745
2026-05-16 16:08:11 [INFO] EPOCH:151, ======================CR:0.49722====================
2026-05-16 16:08:11 [INFO] 0.005713892874809971
2026-05-16 16:08:13 [INFO] EPOCH:151, ======================ACC:93.61====================
2026-05-16 16:08:13 [INFO] BEST EPOCH:148,BEST ACC:94.44
2026-05-16 16:08:13 [INFO] Saving Masks: current CR 0.4972 target CR 0.5000
2026-05-16 16:08:35 [INFO] Epoch: 152 [12800/50000 (26%)]	 Training Loss: 0.046 ACC: 96.95 CR: 0.49 Avg R1: 4.97 Avg R2: 1.23 Avg Reward: 6.200141
2026-05-16 16:08:57 [INFO] Epoch: 152 [25600/50000 (51%)]	 Training Loss: 0.050 ACC: 96.68 CR: 0.50 Avg R1: 4.96 Avg R2: 1.23 Avg Reward: 6.190741
2026-05-16 16:09:19 [INFO] Epoch: 152 [38400/50000 (77%)]	 Training Loss: 0.050 ACC: 96.60 CR: 0.50 Avg R1: 4.96 Avg R2: 1.23 Avg Reward: 6.189724
2026-05-16 16:09:38 [INFO] EPOCH:152, ======================CR:0.49864====================
2026-05-16 16:09:38 [INFO] -0.0011237915519505682
2026-05-16 16:09:41 [INFO] EPOCH:152, ======================ACC:94.21====================
2026-05-16 16:09:41 [INFO] BEST EPOCH:148,BEST ACC:94.44
2026-05-16 16:09:41 [INFO] Saving Masks: current CR 0.4986 target CR 0.5000
2026-05-16 16:10:02 [INFO] Epoch: 153 [12800/50000 (26%)]	 Training Loss: 0.053 ACC: 96.43 CR: 0.50 Avg R1: 4.99 Avg R2: 1.23 Avg Reward: 6.214836
2026-05-16 16:10:24 [INFO] Epoch: 153 [25600/50000 (51%)]	 Training Loss: 0.051 ACC: 96.43 CR: 0.50 Avg R1: 4.98 Avg R2: 1.23 Avg Reward: 6.210277
2026-05-16 16:10:44 [INFO] Epoch: 153 [38400/50000 (77%)]	 Training Loss: 0.052 ACC: 96.39 CR: 0.50 Avg R1: 4.98 Avg R2: 1.23 Avg Reward: 6.211198
2026-05-16 16:11:03 [INFO] EPOCH:153, ======================CR:0.49986====================
2026-05-16 16:11:03 [INFO] -3.8616149658034986e-05
2026-05-16 16:11:05 [INFO] EPOCH:153, ======================ACC:94.4====================
2026-05-16 16:11:05 [INFO] BEST EPOCH:148,BEST ACC:94.44
2026-05-16 16:11:05 [INFO] Saving Masks: current CR 0.4999 target CR 0.5000
2026-05-16 16:11:27 [INFO] Epoch: 154 [12800/50000 (26%)]	 Training Loss: 0.055 ACC: 96.58 CR: 0.50 Avg R1: 4.99 Avg R2: 1.23 Avg Reward: 6.217383
2026-05-16 16:11:49 [INFO] Epoch: 154 [25600/50000 (51%)]	 Training Loss: 0.053 ACC: 96.63 CR: 0.50 Avg R1: 4.98 Avg R2: 1.23 Avg Reward: 6.209607
2026-05-16 16:12:10 [INFO] Epoch: 154 [38400/50000 (77%)]	 Training Loss: 0.052 ACC: 96.67 CR: 0.50 Avg R1: 4.98 Avg R2: 1.23 Avg Reward: 6.206802
2026-05-16 16:12:29 [INFO] EPOCH:154, ======================CR:0.50258====================
2026-05-16 16:12:29 [INFO] 0.0015129420970547674
2026-05-16 16:12:31 [INFO] EPOCH:154, ======================ACC:94.56====================
2026-05-16 16:12:31 [INFO] BEST EPOCH:154,BEST ACC:94.56
2026-05-16 16:12:31 [INFO] Saving Masks: current CR 0.5026 target CR 0.5000
2026-05-16 16:12:31 [INFO] Updated candidate mask pretrained-rescale_mask_best-acc_50_05161314_resnet18 at epoch 154 with acc 94.5600
2026-05-16 16:12:53 [INFO] Epoch: 155 [12800/50000 (26%)]	 Training Loss: 0.050 ACC: 96.66 CR: 0.50 Avg R1: 4.96 Avg R2: 1.22 Avg Reward: 6.178970
2026-05-16 16:13:13 [INFO] Epoch: 155 [25600/50000 (51%)]	 Training Loss: 0.049 ACC: 96.61 CR: 0.50 Avg R1: 4.97 Avg R2: 1.22 Avg Reward: 6.188227
2026-05-16 16:13:34 [INFO] Epoch: 155 [38400/50000 (77%)]	 Training Loss: 0.050 ACC: 96.60 CR: 0.50 Avg R1: 4.97 Avg R2: 1.22 Avg Reward: 6.194575
2026-05-16 16:13:54 [INFO] EPOCH:155, ======================CR:0.50028====================
2026-05-16 16:13:54 [INFO] -0.0014759444102305603
2026-05-16 16:13:56 [INFO] EPOCH:155, ======================ACC:94.85====================
2026-05-16 16:13:56 [INFO] BEST EPOCH:155,BEST ACC:94.85
2026-05-16 16:13:56 [INFO] Saving Masks: current CR 0.5003 target CR 0.5000
2026-05-16 16:13:56 [INFO] Updated candidate mask pretrained-rescale_mask_best-acc_50_05161314_resnet18 at epoch 155 with acc 94.8500
2026-05-16 16:14:18 [INFO] Epoch: 156 [12800/50000 (26%)]	 Training Loss: 0.045 ACC: 97.11 CR: 0.50 Avg R1: 4.99 Avg R2: 1.21 Avg Reward: 6.202536
2026-05-16 16:14:39 [INFO] Epoch: 156 [25600/50000 (51%)]	 Training Loss: 0.046 ACC: 96.98 CR: 0.50 Avg R1: 4.99 Avg R2: 1.21 Avg Reward: 6.204670
2026-05-16 16:15:00 [INFO] Epoch: 156 [38400/50000 (77%)]	 Training Loss: 0.046 ACC: 96.98 CR: 0.50 Avg R1: 4.99 Avg R2: 1.21 Avg Reward: 6.204512
2026-05-16 16:15:21 [INFO] EPOCH:156, ======================CR:0.49924====================
2026-05-16 16:15:21 [INFO] -1.4346674832265846e-05
2026-05-16 16:15:23 [INFO] EPOCH:156, ======================ACC:94.8====================
2026-05-16 16:15:23 [INFO] BEST EPOCH:155,BEST ACC:94.85
2026-05-16 16:15:23 [INFO] Saving Masks: current CR 0.4992 target CR 0.5000
2026-05-16 16:15:45 [INFO] Epoch: 157 [12800/50000 (26%)]	 Training Loss: 0.047 ACC: 96.86 CR: 0.50 Avg R1: 4.99 Avg R2: 1.21 Avg Reward: 6.200960
2026-05-16 16:16:07 [INFO] Epoch: 157 [25600/50000 (51%)]	 Training Loss: 0.045 ACC: 97.03 CR: 0.50 Avg R1: 4.99 Avg R2: 1.21 Avg Reward: 6.198013
2026-05-16 16:16:31 [INFO] Epoch: 157 [38400/50000 (77%)]	 Training Loss: 0.046 ACC: 96.95 CR: 0.50 Avg R1: 4.98 Avg R2: 1.21 Avg Reward: 6.193660
2026-05-16 16:16:51 [INFO] EPOCH:157, ======================CR:0.49718====================
2026-05-16 16:16:51 [INFO] 0.00199070094882184
2026-05-16 16:16:53 [INFO] EPOCH:157, ======================ACC:94.97====================
2026-05-16 16:16:53 [INFO] BEST EPOCH:157,BEST ACC:94.97
2026-05-16 16:16:53 [INFO] Saving Masks: current CR 0.4972 target CR 0.5000
2026-05-16 16:16:53 [INFO] Updated candidate mask pretrained-rescale_mask_best-acc_50_05161314_resnet18 at epoch 157 with acc 94.9700
2026-05-16 16:17:14 [INFO] Epoch: 158 [12800/50000 (26%)]	 Training Loss: 0.043 ACC: 97.13 CR: 0.50 Avg R1: 4.97 Avg R2: 1.20 Avg Reward: 6.168118
2026-05-16 16:17:34 [INFO] Epoch: 158 [25600/50000 (51%)]	 Training Loss: 0.043 ACC: 97.11 CR: 0.50 Avg R1: 4.98 Avg R2: 1.20 Avg Reward: 6.176780
2026-05-16 16:17:56 [INFO] Epoch: 158 [38400/50000 (77%)]	 Training Loss: 0.044 ACC: 97.05 CR: 0.50 Avg R1: 4.98 Avg R2: 1.20 Avg Reward: 6.182568
2026-05-16 16:18:17 [INFO] EPOCH:158, ======================CR:0.50214====================
2026-05-16 16:18:17 [INFO] -2.3963421492612813e-05
2026-05-16 16:18:19 [INFO] EPOCH:158, ======================ACC:94.97====================
2026-05-16 16:18:19 [INFO] BEST EPOCH:158,BEST ACC:94.97
2026-05-16 16:18:19 [INFO] Saving Masks: current CR 0.5021 target CR 0.5000
2026-05-16 16:18:19 [INFO] Updated candidate mask pretrained-rescale_mask_best-acc_50_05161314_resnet18 at epoch 158 with acc 94.9700
2026-05-16 16:18:42 [INFO] Epoch: 159 [12800/50000 (26%)]	 Training Loss: 0.044 ACC: 97.38 CR: 0.50 Avg R1: 4.98 Avg R2: 1.19 Avg Reward: 6.165631
2026-05-16 16:19:01 [INFO] Epoch: 159 [25600/50000 (51%)]	 Training Loss: 0.041 ACC: 97.34 CR: 0.50 Avg R1: 4.97 Avg R2: 1.19 Avg Reward: 6.157838
2026-05-16 16:19:21 [INFO] Epoch: 159 [38400/50000 (77%)]	 Training Loss: 0.042 ACC: 97.30 CR: 0.50 Avg R1: 4.97 Avg R2: 1.19 Avg Reward: 6.155790
2026-05-16 16:19:39 [INFO] EPOCH:159, ======================CR:0.5018====================
2026-05-16 16:19:39 [INFO] 0.0041737042002765075
2026-05-16 16:19:41 [INFO] EPOCH:159, ======================ACC:94.79====================
2026-05-16 16:19:41 [INFO] BEST EPOCH:158,BEST ACC:94.97
2026-05-16 16:19:41 [INFO] Saving Masks: current CR 0.5018 target CR 0.5000
2026-05-16 16:20:03 [INFO] Epoch: 160 [12800/50000 (26%)]	 Training Loss: 0.040 ACC: 97.36 CR: 0.50 Avg R1: 4.99 Avg R2: 1.17 Avg Reward: 6.161744
2026-05-16 16:20:22 [INFO] Epoch: 160 [25600/50000 (51%)]	 Training Loss: 0.038 ACC: 97.40 CR: 0.50 Avg R1: 4.99 Avg R2: 1.17 Avg Reward: 6.163080
2026-05-16 16:20:41 [INFO] Epoch: 160 [38400/50000 (77%)]	 Training Loss: 0.039 ACC: 97.40 CR: 0.50 Avg R1: 4.99 Avg R2: 1.17 Avg Reward: 6.154161
2026-05-16 16:20:59 [INFO] EPOCH:160, ======================CR:0.49832====================
2026-05-16 16:20:59 [INFO] -0.0018024082362263537
2026-05-16 16:21:01 [INFO] EPOCH:160, ======================ACC:94.78====================
2026-05-16 16:21:01 [INFO] BEST EPOCH:158,BEST ACC:94.97
2026-05-16 16:21:01 [INFO] Saving Masks: current CR 0.4983 target CR 0.5000
2026-05-16 16:21:23 [INFO] Epoch: 161 [12800/50000 (26%)]	 Training Loss: 0.037 ACC: 97.72 CR: 0.50 Avg R1: 4.99 Avg R2: 1.16 Avg Reward: 6.153696
2026-05-16 16:21:44 [INFO] Epoch: 161 [25600/50000 (51%)]	 Training Loss: 0.038 ACC: 97.61 CR: 0.50 Avg R1: 4.99 Avg R2: 1.16 Avg Reward: 6.154735
2026-05-16 16:22:05 [INFO] Epoch: 161 [38400/50000 (77%)]	 Training Loss: 0.039 ACC: 97.46 CR: 0.50 Avg R1: 4.99 Avg R2: 1.16 Avg Reward: 6.153569
2026-05-16 16:22:25 [INFO] EPOCH:161, ======================CR:0.5015====================
2026-05-16 16:22:25 [INFO] -0.0011527991264415002
2026-05-16 16:22:27 [INFO] EPOCH:161, ======================ACC:94.76====================
2026-05-16 16:22:27 [INFO] BEST EPOCH:158,BEST ACC:94.97
2026-05-16 16:22:27 [INFO] Saving Masks: current CR 0.5015 target CR 0.5000
2026-05-16 16:22:49 [INFO] Epoch: 162 [12800/50000 (26%)]	 Training Loss: 0.037 ACC: 97.73 CR: 0.50 Avg R1: 4.99 Avg R2: 1.15 Avg Reward: 6.132175
2026-05-16 16:23:10 [INFO] Epoch: 162 [25600/50000 (51%)]	 Training Loss: 0.038 ACC: 97.59 CR: 0.50 Avg R1: 4.98 Avg R2: 1.14 Avg Reward: 6.127067
2026-05-16 16:23:30 [INFO] Epoch: 162 [38400/50000 (77%)]	 Training Loss: 0.038 ACC: 97.58 CR: 0.50 Avg R1: 4.98 Avg R2: 1.14 Avg Reward: 6.128412
2026-05-16 16:23:48 [INFO] EPOCH:162, ======================CR:0.49966====================
2026-05-16 16:23:48 [INFO] 0.004905363539796426
2026-05-16 16:23:50 [INFO] EPOCH:162, ======================ACC:94.94====================
2026-05-16 16:23:50 [INFO] BEST EPOCH:158,BEST ACC:94.97
2026-05-16 16:23:50 [INFO] Saving Masks: current CR 0.4997 target CR 0.5000
2026-05-16 16:24:08 [INFO] Epoch: 163 [12800/50000 (26%)]	 Training Loss: 0.037 ACC: 97.53 CR: 0.50 Avg R1: 5.00 Avg R2: 1.13 Avg Reward: 6.127228
2026-05-16 16:24:28 [INFO] Epoch: 163 [25600/50000 (51%)]	 Training Loss: 0.038 ACC: 97.46 CR: 0.50 Avg R1: 4.99 Avg R2: 1.13 Avg Reward: 6.126149
2026-05-16 16:24:48 [INFO] Epoch: 163 [38400/50000 (77%)]	 Training Loss: 0.036 ACC: 97.55 CR: 0.50 Avg R1: 4.99 Avg R2: 1.13 Avg Reward: 6.125016
2026-05-16 16:25:06 [INFO] EPOCH:163, ======================CR:0.50194====================
2026-05-16 16:25:06 [INFO] 0.0025213632220502003
2026-05-16 16:25:08 [INFO] EPOCH:163, ======================ACC:95.25====================
2026-05-16 16:25:08 [INFO] BEST EPOCH:163,BEST ACC:95.25
2026-05-16 16:25:08 [INFO] Saving Masks: current CR 0.5019 target CR 0.5000
2026-05-16 16:25:08 [INFO] Updated candidate mask pretrained-rescale_mask_best-acc_50_05161314_resnet18 at epoch 163 with acc 95.2500
2026-05-16 16:25:29 [INFO] Epoch: 164 [12800/50000 (26%)]	 Training Loss: 0.037 ACC: 97.62 CR: 0.50 Avg R1: 4.97 Avg R2: 1.13 Avg Reward: 6.097854
2026-05-16 16:25:50 [INFO] Epoch: 164 [25600/50000 (51%)]	 Training Loss: 0.035 ACC: 97.71 CR: 0.50 Avg R1: 4.97 Avg R2: 1.13 Avg Reward: 6.094304
2026-05-16 16:26:11 [INFO] Epoch: 164 [38400/50000 (77%)]	 Training Loss: 0.036 ACC: 97.67 CR: 0.50 Avg R1: 4.97 Avg R2: 1.13 Avg Reward: 6.094416
2026-05-16 16:26:31 [INFO] EPOCH:164, ======================CR:0.50258====================
2026-05-16 16:26:31 [INFO] 0.0027700794556336024
2026-05-16 16:26:33 [INFO] EPOCH:164, ======================ACC:95.33====================
2026-05-16 16:26:33 [INFO] BEST EPOCH:164,BEST ACC:95.33
2026-05-16 16:26:33 [INFO] Saving Masks: current CR 0.5026 target CR 0.5000
2026-05-16 16:26:33 [INFO] Updated candidate mask pretrained-rescale_mask_best-acc_50_05161314_resnet18 at epoch 164 with acc 95.3300
2026-05-16 16:26:54 [INFO] Epoch: 165 [12800/50000 (26%)]	 Training Loss: 0.036 ACC: 97.59 CR: 0.50 Avg R1: 4.99 Avg R2: 1.12 Avg Reward: 6.107182
2026-05-16 16:27:15 [INFO] Epoch: 165 [25600/50000 (51%)]	 Training Loss: 0.034 ACC: 97.75 CR: 0.50 Avg R1: 4.99 Avg R2: 1.12 Avg Reward: 6.106145
2026-05-16 16:27:36 [INFO] Epoch: 165 [38400/50000 (77%)]	 Training Loss: 0.034 ACC: 97.79 CR: 0.50 Avg R1: 4.99 Avg R2: 1.12 Avg Reward: 6.103903
2026-05-16 16:27:56 [INFO] EPOCH:165, ======================CR:0.50026====================
2026-05-16 16:27:56 [INFO] -0.0009537016367541014
2026-05-16 16:27:58 [INFO] EPOCH:165, ======================ACC:95.16====================
2026-05-16 16:27:58 [INFO] BEST EPOCH:164,BEST ACC:95.33
2026-05-16 16:27:58 [INFO] Saving Masks: current CR 0.5003 target CR 0.5000
2026-05-16 16:28:21 [INFO] Epoch: 166 [12800/50000 (26%)]	 Training Loss: 0.031 ACC: 97.93 CR: 0.50 Avg R1: 5.00 Avg R2: 1.11 Avg Reward: 6.109677
2026-05-16 16:28:43 [INFO] Epoch: 166 [25600/50000 (51%)]	 Training Loss: 0.032 ACC: 97.93 CR: 0.50 Avg R1: 4.99 Avg R2: 1.11 Avg Reward: 6.107059
2026-05-16 16:29:04 [INFO] Epoch: 166 [38400/50000 (77%)]	 Training Loss: 0.033 ACC: 97.83 CR: 0.50 Avg R1: 4.98 Avg R2: 1.12 Avg Reward: 6.099591
2026-05-16 16:29:24 [INFO] EPOCH:166, ======================CR:0.5044====================
2026-05-16 16:29:24 [INFO] -0.002709462177236936
2026-05-16 16:29:27 [INFO] EPOCH:166, ======================ACC:95.12====================
2026-05-16 16:29:27 [INFO] BEST EPOCH:164,BEST ACC:95.33
2026-05-16 16:29:27 [INFO] Saving Masks: current CR 0.5044 target CR 0.5000
2026-05-16 16:29:51 [INFO] Epoch: 167 [12800/50000 (26%)]	 Training Loss: 0.031 ACC: 97.96 CR: 0.51 Avg R1: 4.96 Avg R2: 1.10 Avg Reward: 6.062684
2026-05-16 16:30:11 [INFO] Epoch: 167 [25600/50000 (51%)]	 Training Loss: 0.032 ACC: 97.95 CR: 0.50 Avg R1: 4.96 Avg R2: 1.10 Avg Reward: 6.062264
2026-05-16 16:30:30 [INFO] Epoch: 167 [38400/50000 (77%)]	 Training Loss: 0.032 ACC: 97.95 CR: 0.50 Avg R1: 4.97 Avg R2: 1.10 Avg Reward: 6.063844
2026-05-16 16:30:49 [INFO] EPOCH:167, ======================CR:0.5056====================
2026-05-16 16:30:49 [INFO] -0.00042616077154349703
2026-05-16 16:30:51 [INFO] EPOCH:167, ======================ACC:95.05====================
2026-05-16 16:30:51 [INFO] BEST EPOCH:164,BEST ACC:95.33
2026-05-16 16:30:51 [INFO] Saving Masks: current CR 0.5056 target CR 0.5000
2026-05-16 16:31:11 [INFO] Epoch: 168 [12800/50000 (26%)]	 Training Loss: 0.030 ACC: 98.10 CR: 0.50 Avg R1: 4.94 Avg R2: 1.09 Avg Reward: 6.035749
2026-05-16 16:31:33 [INFO] Epoch: 168 [25600/50000 (51%)]	 Training Loss: 0.029 ACC: 98.16 CR: 0.50 Avg R1: 4.96 Avg R2: 1.09 Avg Reward: 6.050107
2026-05-16 16:31:55 [INFO] Epoch: 168 [38400/50000 (77%)]	 Training Loss: 0.029 ACC: 98.14 CR: 0.50 Avg R1: 4.96 Avg R2: 1.09 Avg Reward: 6.052100
2026-05-16 16:32:15 [INFO] EPOCH:168, ======================CR:0.50238====================
2026-05-16 16:32:15 [INFO] 0.002261948053926083
2026-05-16 16:32:17 [INFO] EPOCH:168, ======================ACC:95.36====================
2026-05-16 16:32:17 [INFO] BEST EPOCH:168,BEST ACC:95.36
2026-05-16 16:32:17 [INFO] Saving Masks: current CR 0.5024 target CR 0.5000
2026-05-16 16:32:17 [INFO] Updated candidate mask pretrained-rescale_mask_best-acc_50_05161314_resnet18 at epoch 168 with acc 95.3600
2026-05-16 16:32:39 [INFO] Epoch: 169 [12800/50000 (26%)]	 Training Loss: 0.031 ACC: 98.16 CR: 0.50 Avg R1: 4.97 Avg R2: 1.08 Avg Reward: 6.050198
2026-05-16 16:33:00 [INFO] Epoch: 169 [25600/50000 (51%)]	 Training Loss: 0.030 ACC: 98.09 CR: 0.50 Avg R1: 4.97 Avg R2: 1.08 Avg Reward: 6.048786
2026-05-16 16:33:21 [INFO] Epoch: 169 [38400/50000 (77%)]	 Training Loss: 0.030 ACC: 98.11 CR: 0.50 Avg R1: 4.98 Avg R2: 1.08 Avg Reward: 6.054598
2026-05-16 16:33:41 [INFO] EPOCH:169, ======================CR:0.49948====================
2026-05-16 16:33:41 [INFO] -0.006507027649777779
2026-05-16 16:33:43 [INFO] EPOCH:169, ======================ACC:95.3====================
2026-05-16 16:33:43 [INFO] BEST EPOCH:168,BEST ACC:95.36
2026-05-16 16:33:43 [INFO] Saving Masks: current CR 0.4995 target CR 0.5000
2026-05-16 16:34:05 [INFO] Epoch: 170 [12800/50000 (26%)]	 Training Loss: 0.031 ACC: 97.91 CR: 0.50 Avg R1: 4.99 Avg R2: 1.07 Avg Reward: 6.064250
2026-05-16 16:34:23 [INFO] Epoch: 170 [25600/50000 (51%)]	 Training Loss: 0.028 ACC: 98.10 CR: 0.50 Avg R1: 4.99 Avg R2: 1.07 Avg Reward: 6.064025
2026-05-16 16:34:41 [INFO] Epoch: 170 [38400/50000 (77%)]	 Training Loss: 0.027 ACC: 98.17 CR: 0.50 Avg R1: 4.99 Avg R2: 1.07 Avg Reward: 6.061763
2026-05-16 16:35:03 [INFO] EPOCH:170, ======================CR:0.5007====================
2026-05-16 16:35:03 [INFO] -0.004621763701922191
2026-05-16 16:35:05 [INFO] EPOCH:170, ======================ACC:95.26====================
2026-05-16 16:35:05 [INFO] BEST EPOCH:168,BEST ACC:95.36
2026-05-16 16:35:05 [INFO] Saving Masks: current CR 0.5007 target CR 0.5000
2026-05-16 16:35:30 [INFO] Epoch: 171 [12800/50000 (26%)]	 Training Loss: 0.026 ACC: 98.42 CR: 0.50 Avg R1: 5.00 Avg R2: 1.06 Avg Reward: 6.052363
2026-05-16 16:35:52 [INFO] Epoch: 171 [25600/50000 (51%)]	 Training Loss: 0.026 ACC: 98.38 CR: 0.50 Avg R1: 5.00 Avg R2: 1.06 Avg Reward: 6.051099
2026-05-16 16:36:14 [INFO] Epoch: 171 [38400/50000 (77%)]	 Training Loss: 0.027 ACC: 98.32 CR: 0.50 Avg R1: 4.99 Avg R2: 1.06 Avg Reward: 6.050813
2026-05-16 16:36:36 [INFO] EPOCH:171, ======================CR:0.50012====================
2026-05-16 16:36:36 [INFO] 0.00025444121353162424
2026-05-16 16:36:38 [INFO] EPOCH:171, ======================ACC:95.29====================
2026-05-16 16:36:38 [INFO] BEST EPOCH:168,BEST ACC:95.36
2026-05-16 16:36:38 [INFO] Saving Masks: current CR 0.5001 target CR 0.5000
2026-05-16 16:37:01 [INFO] Epoch: 172 [12800/50000 (26%)]	 Training Loss: 0.026 ACC: 98.36 CR: 0.50 Avg R1: 5.00 Avg R2: 1.05 Avg Reward: 6.045520
2026-05-16 16:37:22 [INFO] Epoch: 172 [25600/50000 (51%)]	 Training Loss: 0.026 ACC: 98.31 CR: 0.50 Avg R1: 4.99 Avg R2: 1.05 Avg Reward: 6.042066
2026-05-16 16:37:45 [INFO] Epoch: 172 [38400/50000 (77%)]	 Training Loss: 0.026 ACC: 98.33 CR: 0.50 Avg R1: 4.99 Avg R2: 1.05 Avg Reward: 6.041205
2026-05-16 16:38:07 [INFO] EPOCH:172, ======================CR:0.5007====================
2026-05-16 16:38:07 [INFO] -0.008042351288386936
2026-05-16 16:38:10 [INFO] EPOCH:172, ======================ACC:95.65====================
2026-05-16 16:38:10 [INFO] BEST EPOCH:172,BEST ACC:95.65
2026-05-16 16:38:10 [INFO] Saving Masks: current CR 0.5007 target CR 0.5000
2026-05-16 16:38:10 [INFO] Updated candidate mask pretrained-rescale_mask_best-acc_50_05161314_resnet18 at epoch 172 with acc 95.6500
2026-05-16 16:38:32 [INFO] Epoch: 173 [12800/50000 (26%)]	 Training Loss: 0.026 ACC: 98.41 CR: 0.50 Avg R1: 4.99 Avg R2: 1.04 Avg Reward: 6.033118
2026-05-16 16:38:54 [INFO] Epoch: 173 [25600/50000 (51%)]	 Training Loss: 0.025 ACC: 98.43 CR: 0.50 Avg R1: 4.99 Avg R2: 1.04 Avg Reward: 6.031135
2026-05-16 16:39:15 [INFO] Epoch: 173 [38400/50000 (77%)]	 Training Loss: 0.025 ACC: 98.40 CR: 0.50 Avg R1: 4.99 Avg R2: 1.04 Avg Reward: 6.030973
2026-05-16 16:39:36 [INFO] EPOCH:173, ======================CR:0.4991====================
2026-05-16 16:39:36 [INFO] -0.0008191376787645592
2026-05-16 16:39:39 [INFO] EPOCH:173, ======================ACC:95.72====================
2026-05-16 16:39:39 [INFO] BEST EPOCH:173,BEST ACC:95.72
2026-05-16 16:39:39 [INFO] Saving Masks: current CR 0.4991 target CR 0.5000
2026-05-16 16:39:39 [INFO] Updated candidate mask pretrained-rescale_mask_best-acc_50_05161314_resnet18 at epoch 173 with acc 95.7200
2026-05-16 16:40:02 [INFO] Epoch: 174 [12800/50000 (26%)]	 Training Loss: 0.024 ACC: 98.44 CR: 0.50 Avg R1: 4.99 Avg R2: 1.03 Avg Reward: 6.013388
2026-05-16 16:40:25 [INFO] Epoch: 174 [25600/50000 (51%)]	 Training Loss: 0.024 ACC: 98.39 CR: 0.50 Avg R1: 4.98 Avg R2: 1.02 Avg Reward: 6.007431
2026-05-16 16:40:49 [INFO] Epoch: 174 [38400/50000 (77%)]	 Training Loss: 0.025 ACC: 98.40 CR: 0.50 Avg R1: 4.98 Avg R2: 1.02 Avg Reward: 6.009648
2026-05-16 16:41:09 [INFO] EPOCH:174, ======================CR:0.5011====================
2026-05-16 16:41:09 [INFO] -0.00036129029412526874
2026-05-16 16:41:11 [INFO] EPOCH:174, ======================ACC:95.75====================
2026-05-16 16:41:11 [INFO] BEST EPOCH:174,BEST ACC:95.75
2026-05-16 16:41:11 [INFO] Saving Masks: current CR 0.5011 target CR 0.5000
2026-05-16 16:41:11 [INFO] Updated candidate mask pretrained-rescale_mask_best-acc_50_05161314_resnet18 at epoch 174 with acc 95.7500
2026-05-16 16:41:37 [INFO] Epoch: 175 [12800/50000 (26%)]	 Training Loss: 0.025 ACC: 98.36 CR: 0.50 Avg R1: 4.99 Avg R2: 1.03 Avg Reward: 6.017652
2026-05-16 16:42:02 [INFO] Epoch: 175 [25600/50000 (51%)]	 Training Loss: 0.024 ACC: 98.50 CR: 0.50 Avg R1: 4.99 Avg R2: 1.03 Avg Reward: 6.015695
2026-05-16 16:42:28 [INFO] Epoch: 175 [38400/50000 (77%)]	 Training Loss: 0.024 ACC: 98.49 CR: 0.50 Avg R1: 4.98 Avg R2: 1.03 Avg Reward: 6.008773
2026-05-16 16:42:49 [INFO] EPOCH:175, ======================CR:0.49876====================
2026-05-16 16:42:49 [INFO] 0.003927848271008092
2026-05-16 16:42:51 [INFO] EPOCH:175, ======================ACC:95.91====================
2026-05-16 16:42:51 [INFO] BEST EPOCH:175,BEST ACC:95.91
2026-05-16 16:42:51 [INFO] Saving Masks: current CR 0.4988 target CR 0.5000
2026-05-16 16:42:51 [INFO] Updated candidate mask pretrained-rescale_mask_best-acc_50_05161314_resnet18 at epoch 175 with acc 95.9100
2026-05-16 16:43:16 [INFO] Epoch: 176 [12800/50000 (26%)]	 Training Loss: 0.023 ACC: 98.55 CR: 0.50 Avg R1: 4.99 Avg R2: 1.02 Avg Reward: 6.011332
2026-05-16 16:43:41 [INFO] Epoch: 176 [25600/50000 (51%)]	 Training Loss: 0.022 ACC: 98.54 CR: 0.50 Avg R1: 4.99 Avg R2: 1.02 Avg Reward: 6.009302
2026-05-16 16:44:06 [INFO] Epoch: 176 [38400/50000 (77%)]	 Training Loss: 0.024 ACC: 98.49 CR: 0.50 Avg R1: 4.99 Avg R2: 1.02 Avg Reward: 6.010012
2026-05-16 16:44:29 [INFO] EPOCH:176, ======================CR:0.50224====================
2026-05-16 16:44:29 [INFO] -0.0024538139214634
2026-05-16 16:44:31 [INFO] EPOCH:176, ======================ACC:95.74====================
2026-05-16 16:44:31 [INFO] BEST EPOCH:175,BEST ACC:95.91
2026-05-16 16:44:31 [INFO] Saving Masks: current CR 0.5022 target CR 0.5000
2026-05-16 16:44:56 [INFO] Epoch: 177 [12800/50000 (26%)]	 Training Loss: 0.020 ACC: 98.70 CR: 0.50 Avg R1: 4.99 Avg R2: 1.01 Avg Reward: 5.996522
2026-05-16 16:45:19 [INFO] Epoch: 177 [25600/50000 (51%)]	 Training Loss: 0.021 ACC: 98.66 CR: 0.50 Avg R1: 4.98 Avg R2: 1.01 Avg Reward: 5.994245
2026-05-16 16:45:43 [INFO] Epoch: 177 [38400/50000 (77%)]	 Training Loss: 0.021 ACC: 98.67 CR: 0.50 Avg R1: 4.99 Avg R2: 1.01 Avg Reward: 5.997604
2026-05-16 16:46:06 [INFO] EPOCH:177, ======================CR:0.49856====================
2026-05-16 16:46:06 [INFO] 0.001154643541225058
2026-05-16 16:46:08 [INFO] EPOCH:177, ======================ACC:95.96====================
2026-05-16 16:46:08 [INFO] BEST EPOCH:177,BEST ACC:95.96
2026-05-16 16:46:08 [INFO] Saving Masks: current CR 0.4986 target CR 0.5000
2026-05-16 16:46:08 [INFO] Updated candidate mask pretrained-rescale_mask_best-acc_50_05161314_resnet18 at epoch 177 with acc 95.9600
2026-05-16 16:46:33 [INFO] Epoch: 178 [12800/50000 (26%)]	 Training Loss: 0.018 ACC: 98.80 CR: 0.50 Avg R1: 4.99 Avg R2: 1.00 Avg Reward: 5.989709
2026-05-16 16:46:57 [INFO] Epoch: 178 [25600/50000 (51%)]	 Training Loss: 0.020 ACC: 98.71 CR: 0.50 Avg R1: 4.99 Avg R2: 1.00 Avg Reward: 5.989970
2026-05-16 16:47:21 [INFO] Epoch: 178 [38400/50000 (77%)]	 Training Loss: 0.021 ACC: 98.67 CR: 0.50 Avg R1: 4.99 Avg R2: 1.00 Avg Reward: 5.989262
2026-05-16 16:47:44 [INFO] EPOCH:178, ======================CR:0.50048====================
2026-05-16 16:47:44 [INFO] -0.004106031960560734
2026-05-16 16:47:46 [INFO] EPOCH:178, ======================ACC:95.91====================
2026-05-16 16:47:46 [INFO] BEST EPOCH:177,BEST ACC:95.96
2026-05-16 16:47:46 [INFO] Saving Masks: current CR 0.5005 target CR 0.5000
2026-05-16 16:48:10 [INFO] Epoch: 179 [12800/50000 (26%)]	 Training Loss: 0.020 ACC: 98.73 CR: 0.50 Avg R1: 4.99 Avg R2: 0.99 Avg Reward: 5.983771
2026-05-16 16:48:34 [INFO] Epoch: 179 [25600/50000 (51%)]	 Training Loss: 0.019 ACC: 98.81 CR: 0.50 Avg R1: 4.99 Avg R2: 0.99 Avg Reward: 5.986035
2026-05-16 16:48:58 [INFO] Epoch: 179 [38400/50000 (77%)]	 Training Loss: 0.019 ACC: 98.85 CR: 0.50 Avg R1: 4.99 Avg R2: 0.99 Avg Reward: 5.985131
2026-05-16 16:49:19 [INFO] EPOCH:179, ======================CR:0.50038====================
2026-05-16 16:49:19 [INFO] 0.00273358960677207
2026-05-16 16:49:21 [INFO] EPOCH:179, ======================ACC:96.15====================
2026-05-16 16:49:21 [INFO] BEST EPOCH:179,BEST ACC:96.15
2026-05-16 16:49:21 [INFO] Saving Masks: current CR 0.5004 target CR 0.5000
2026-05-16 16:49:21 [INFO] Updated candidate mask pretrained-rescale_mask_best-acc_50_05161314_resnet18 at epoch 179 with acc 96.1500
2026-05-16 16:49:46 [INFO] Epoch: 180 [12800/50000 (26%)]	 Training Loss: 0.020 ACC: 98.80 CR: 0.50 Avg R1: 4.99 Avg R2: 0.99 Avg Reward: 5.975476
2026-05-16 16:50:09 [INFO] Epoch: 180 [25600/50000 (51%)]	 Training Loss: 0.020 ACC: 98.80 CR: 0.50 Avg R1: 4.99 Avg R2: 0.99 Avg Reward: 5.970595
2026-05-16 16:50:33 [INFO] Epoch: 180 [38400/50000 (77%)]	 Training Loss: 0.020 ACC: 98.78 CR: 0.50 Avg R1: 4.98 Avg R2: 0.98 Avg Reward: 5.967051
2026-05-16 16:50:56 [INFO] EPOCH:180, ======================CR:0.49846====================
2026-05-16 16:50:56 [INFO] 0.007218259554857467
2026-05-16 16:50:58 [INFO] EPOCH:180, ======================ACC:96.12====================
2026-05-16 16:50:58 [INFO] BEST EPOCH:179,BEST ACC:96.15
2026-05-16 16:50:58 [INFO] Saving Masks: current CR 0.4985 target CR 0.5000
2026-05-16 16:51:23 [INFO] Epoch: 181 [12800/50000 (26%)]	 Training Loss: 0.018 ACC: 98.85 CR: 0.50 Avg R1: 4.98 Avg R2: 0.98 Avg Reward: 5.958192
2026-05-16 16:51:46 [INFO] Epoch: 181 [25600/50000 (51%)]	 Training Loss: 0.019 ACC: 98.82 CR: 0.50 Avg R1: 4.98 Avg R2: 0.98 Avg Reward: 5.958448
2026-05-16 16:52:10 [INFO] Epoch: 181 [38400/50000 (77%)]	 Training Loss: 0.019 ACC: 98.83 CR: 0.50 Avg R1: 4.98 Avg R2: 0.98 Avg Reward: 5.958225
2026-05-16 16:52:31 [INFO] EPOCH:181, ======================CR:0.49714====================
2026-05-16 16:52:31 [INFO] -0.004973881242699583
2026-05-16 16:52:33 [INFO] EPOCH:181, ======================ACC:96.11====================
2026-05-16 16:52:33 [INFO] BEST EPOCH:179,BEST ACC:96.15
2026-05-16 16:52:33 [INFO] Saving Masks: current CR 0.4971 target CR 0.5000
2026-05-16 16:52:59 [INFO] Epoch: 182 [12800/50000 (26%)]	 Training Loss: 0.018 ACC: 98.87 CR: 0.50 Avg R1: 4.98 Avg R2: 0.97 Avg Reward: 5.946811
2026-05-16 16:53:25 [INFO] Epoch: 182 [25600/50000 (51%)]	 Training Loss: 0.019 ACC: 98.87 CR: 0.50 Avg R1: 4.98 Avg R2: 0.97 Avg Reward: 5.953838
2026-05-16 16:53:50 [INFO] Epoch: 182 [38400/50000 (77%)]	 Training Loss: 0.019 ACC: 98.83 CR: 0.50 Avg R1: 4.99 Avg R2: 0.97 Avg Reward: 5.958023
2026-05-16 16:54:12 [INFO] EPOCH:182, ======================CR:0.49958====================
2026-05-16 16:54:12 [INFO] 0.005295304119461254
2026-05-16 16:54:14 [INFO] EPOCH:182, ======================ACC:96.12====================
2026-05-16 16:54:14 [INFO] BEST EPOCH:179,BEST ACC:96.15
2026-05-16 16:54:14 [INFO] Saving Masks: current CR 0.4996 target CR 0.5000
2026-05-16 16:54:42 [INFO] Epoch: 183 [12800/50000 (26%)]	 Training Loss: 0.018 ACC: 98.80 CR: 0.50 Avg R1: 5.00 Avg R2: 0.97 Avg Reward: 5.968233
2026-05-16 16:55:12 [INFO] Epoch: 183 [25600/50000 (51%)]	 Training Loss: 0.018 ACC: 98.85 CR: 0.50 Avg R1: 4.99 Avg R2: 0.97 Avg Reward: 5.964850
2026-05-16 16:55:39 [INFO] Epoch: 183 [38400/50000 (77%)]	 Training Loss: 0.018 ACC: 98.85 CR: 0.50 Avg R1: 4.99 Avg R2: 0.97 Avg Reward: 5.964023
2026-05-16 16:56:02 [INFO] EPOCH:183, ======================CR:0.50038====================
2026-05-16 16:56:02 [INFO] -0.0006244463845489327
2026-05-16 16:56:04 [INFO] EPOCH:183, ======================ACC:96.01====================
2026-05-16 16:56:04 [INFO] BEST EPOCH:179,BEST ACC:96.15
2026-05-16 16:56:04 [INFO] Saving Masks: current CR 0.5004 target CR 0.5000
2026-05-16 16:56:31 [INFO] Epoch: 184 [12800/50000 (26%)]	 Training Loss: 0.019 ACC: 98.73 CR: 0.50 Avg R1: 4.99 Avg R2: 0.96 Avg Reward: 5.952715
2026-05-16 16:56:59 [INFO] Epoch: 184 [25600/50000 (51%)]	 Training Loss: 0.018 ACC: 98.80 CR: 0.50 Avg R1: 4.99 Avg R2: 0.96 Avg Reward: 5.949106
2026-05-16 16:57:26 [INFO] Epoch: 184 [38400/50000 (77%)]	 Training Loss: 0.018 ACC: 98.86 CR: 0.50 Avg R1: 4.99 Avg R2: 0.96 Avg Reward: 5.948210
2026-05-16 16:57:52 [INFO] EPOCH:184, ======================CR:0.5008====================
2026-05-16 16:57:52 [INFO] -0.002197583017340088
2026-05-16 16:57:54 [INFO] EPOCH:184, ======================ACC:96.19====================
2026-05-16 16:57:54 [INFO] BEST EPOCH:184,BEST ACC:96.19
2026-05-16 16:57:54 [INFO] Saving Masks: current CR 0.5008 target CR 0.5000
2026-05-16 16:57:54 [INFO] Updated candidate mask pretrained-rescale_mask_best-acc_50_05161314_resnet18 at epoch 184 with acc 96.1900
2026-05-16 16:58:22 [INFO] Epoch: 185 [12800/50000 (26%)]	 Training Loss: 0.017 ACC: 98.91 CR: 0.50 Avg R1: 5.00 Avg R2: 0.95 Avg Reward: 5.949082
2026-05-16 16:58:50 [INFO] Epoch: 185 [25600/50000 (51%)]	 Training Loss: 0.017 ACC: 98.96 CR: 0.50 Avg R1: 5.00 Avg R2: 0.95 Avg Reward: 5.948858
2026-05-16 16:59:16 [INFO] Epoch: 185 [38400/50000 (77%)]	 Training Loss: 0.017 ACC: 98.98 CR: 0.50 Avg R1: 5.00 Avg R2: 0.95 Avg Reward: 5.948856
2026-05-16 16:59:39 [INFO] EPOCH:185, ======================CR:0.49744====================
2026-05-16 16:59:39 [INFO] -0.007622927254876454
2026-05-16 16:59:41 [INFO] EPOCH:185, ======================ACC:96.1====================
2026-05-16 16:59:41 [INFO] BEST EPOCH:184,BEST ACC:96.19
2026-05-16 16:59:41 [INFO] Saving Masks: current CR 0.4974 target CR 0.5000
2026-05-16 17:00:08 [INFO] Epoch: 186 [12800/50000 (26%)]	 Training Loss: 0.017 ACC: 99.02 CR: 0.50 Avg R1: 4.99 Avg R2: 0.95 Avg Reward: 5.942690
2026-05-16 17:00:34 [INFO] Epoch: 186 [25600/50000 (51%)]	 Training Loss: 0.017 ACC: 98.96 CR: 0.50 Avg R1: 4.99 Avg R2: 0.95 Avg Reward: 5.938785
2026-05-16 17:01:01 [INFO] Epoch: 186 [38400/50000 (77%)]	 Training Loss: 0.017 ACC: 98.96 CR: 0.50 Avg R1: 4.98 Avg R2: 0.95 Avg Reward: 5.935789
2026-05-16 17:01:28 [INFO] EPOCH:186, ======================CR:0.50172====================
2026-05-16 17:01:28 [INFO] 0.0008728155456228137
2026-05-16 17:01:30 [INFO] EPOCH:186, ======================ACC:96.11====================
2026-05-16 17:01:30 [INFO] BEST EPOCH:184,BEST ACC:96.19
2026-05-16 17:01:30 [INFO] Saving Masks: current CR 0.5017 target CR 0.5000
2026-05-16 17:01:59 [INFO] Epoch: 187 [12800/50000 (26%)]	 Training Loss: 0.016 ACC: 99.07 CR: 0.50 Avg R1: 4.98 Avg R2: 0.95 Avg Reward: 5.931386
2026-05-16 17:02:26 [INFO] Epoch: 187 [25600/50000 (51%)]	 Training Loss: 0.016 ACC: 99.04 CR: 0.50 Avg R1: 4.98 Avg R2: 0.95 Avg Reward: 5.931693
2026-05-16 17:02:54 [INFO] Epoch: 187 [38400/50000 (77%)]	 Training Loss: 0.016 ACC: 99.01 CR: 0.50 Avg R1: 4.98 Avg R2: 0.95 Avg Reward: 5.935537
2026-05-16 17:03:21 [INFO] EPOCH:187, ======================CR:0.50198====================
2026-05-16 17:03:21 [INFO] 0.006893204513713847
2026-05-16 17:03:23 [INFO] EPOCH:187, ======================ACC:96.19====================
2026-05-16 17:03:23 [INFO] BEST EPOCH:187,BEST ACC:96.19
2026-05-16 17:03:23 [INFO] Saving Masks: current CR 0.5020 target CR 0.5000
2026-05-16 17:03:23 [INFO] Updated candidate mask pretrained-rescale_mask_best-acc_50_05161314_resnet18 at epoch 187 with acc 96.1900
2026-05-16 17:03:52 [INFO] Epoch: 188 [12800/50000 (26%)]	 Training Loss: 0.016 ACC: 99.07 CR: 0.50 Avg R1: 4.99 Avg R2: 0.94 Avg Reward: 5.930896
2026-05-16 17:04:20 [INFO] Epoch: 188 [25600/50000 (51%)]	 Training Loss: 0.016 ACC: 99.04 CR: 0.50 Avg R1: 4.98 Avg R2: 0.94 Avg Reward: 5.922938
2026-05-16 17:04:48 [INFO] Epoch: 188 [38400/50000 (77%)]	 Training Loss: 0.016 ACC: 99.02 CR: 0.51 Avg R1: 4.97 Avg R2: 0.94 Avg Reward: 5.914289
2026-05-16 17:05:14 [INFO] EPOCH:188, ======================CR:0.50358====================
2026-05-16 17:05:14 [INFO] -0.005467887353606104
2026-05-16 17:05:16 [INFO] EPOCH:188, ======================ACC:96.28====================
2026-05-16 17:05:16 [INFO] BEST EPOCH:188,BEST ACC:96.28
2026-05-16 17:05:16 [INFO] Saving Masks: current CR 0.5036 target CR 0.5000
2026-05-16 17:05:16 [INFO] Updated candidate mask pretrained-rescale_mask_best-acc_50_05161314_resnet18 at epoch 188 with acc 96.2800
2026-05-16 17:05:43 [INFO] Epoch: 189 [12800/50000 (26%)]	 Training Loss: 0.016 ACC: 98.91 CR: 0.50 Avg R1: 4.97 Avg R2: 0.94 Avg Reward: 5.907803
2026-05-16 17:06:06 [INFO] Epoch: 189 [25600/50000 (51%)]	 Training Loss: 0.016 ACC: 98.96 CR: 0.50 Avg R1: 4.97 Avg R2: 0.94 Avg Reward: 5.909940
2026-05-16 17:06:30 [INFO] Epoch: 189 [38400/50000 (77%)]	 Training Loss: 0.016 ACC: 98.96 CR: 0.50 Avg R1: 4.97 Avg R2: 0.94 Avg Reward: 5.914632
2026-05-16 17:06:55 [INFO] EPOCH:189, ======================CR:0.5005====================
2026-05-16 17:06:55 [INFO] 0.003917299064267444
2026-05-16 17:06:57 [INFO] EPOCH:189, ======================ACC:96.31====================
2026-05-16 17:06:57 [INFO] BEST EPOCH:189,BEST ACC:96.31
2026-05-16 17:06:57 [INFO] Saving Masks: current CR 0.5005 target CR 0.5000
2026-05-16 17:06:57 [INFO] Updated candidate mask pretrained-rescale_mask_best-acc_50_05161314_resnet18 at epoch 189 with acc 96.3100
2026-05-16 17:07:25 [INFO] Epoch: 190 [12800/50000 (26%)]	 Training Loss: 0.015 ACC: 99.05 CR: 0.50 Avg R1: 4.99 Avg R2: 0.94 Avg Reward: 5.933005
2026-05-16 17:07:53 [INFO] Epoch: 190 [25600/50000 (51%)]	 Training Loss: 0.015 ACC: 99.04 CR: 0.50 Avg R1: 4.99 Avg R2: 0.94 Avg Reward: 5.933558
2026-05-16 17:08:20 [INFO] Epoch: 190 [38400/50000 (77%)]	 Training Loss: 0.015 ACC: 99.01 CR: 0.50 Avg R1: 4.99 Avg R2: 0.94 Avg Reward: 5.933636
2026-05-16 17:08:45 [INFO] EPOCH:190, ======================CR:0.50026====================
2026-05-16 17:08:45 [INFO] -0.0014510143934631453
2026-05-16 17:08:48 [INFO] EPOCH:190, ======================ACC:96.28====================
2026-05-16 17:08:48 [INFO] BEST EPOCH:189,BEST ACC:96.31
2026-05-16 17:08:48 [INFO] Saving Masks: current CR 0.5003 target CR 0.5000
2026-05-16 17:09:15 [INFO] Epoch: 191 [12800/50000 (26%)]	 Training Loss: 0.015 ACC: 99.16 CR: 0.50 Avg R1: 4.99 Avg R2: 0.93 Avg Reward: 5.926741
2026-05-16 17:09:41 [INFO] Epoch: 191 [25600/50000 (51%)]	 Training Loss: 0.016 ACC: 99.13 CR: 0.50 Avg R1: 4.99 Avg R2: 0.93 Avg Reward: 5.923867
2026-05-16 17:10:07 [INFO] Epoch: 191 [38400/50000 (77%)]	 Training Loss: 0.015 ACC: 99.16 CR: 0.50 Avg R1: 4.99 Avg R2: 0.93 Avg Reward: 5.924790
2026-05-16 17:10:31 [INFO] EPOCH:191, ======================CR:0.49846====================
2026-05-16 17:10:31 [INFO] 0.0032167089975493122
2026-05-16 17:10:33 [INFO] EPOCH:191, ======================ACC:96.28====================
2026-05-16 17:10:33 [INFO] BEST EPOCH:189,BEST ACC:96.31
2026-05-16 17:10:33 [INFO] Saving Masks: current CR 0.4985 target CR 0.5000
2026-05-16 17:11:04 [INFO] Epoch: 192 [12800/50000 (26%)]	 Training Loss: 0.016 ACC: 99.08 CR: 0.50 Avg R1: 4.99 Avg R2: 0.93 Avg Reward: 5.925122
2026-05-16 17:11:33 [INFO] Epoch: 192 [25600/50000 (51%)]	 Training Loss: 0.016 ACC: 99.09 CR: 0.50 Avg R1: 4.99 Avg R2: 0.93 Avg Reward: 5.917252
2026-05-16 17:12:01 [INFO] Epoch: 192 [38400/50000 (77%)]	 Training Loss: 0.016 ACC: 99.08 CR: 0.50 Avg R1: 4.98 Avg R2: 0.93 Avg Reward: 5.913378
2026-05-16 17:12:26 [INFO] EPOCH:192, ======================CR:0.5013====================
2026-05-16 17:12:26 [INFO] -0.0003872940131449594
2026-05-16 17:12:28 [INFO] EPOCH:192, ======================ACC:96.31====================
2026-05-16 17:12:28 [INFO] BEST EPOCH:192,BEST ACC:96.31
2026-05-16 17:12:28 [INFO] Saving Masks: current CR 0.5013 target CR 0.5000
2026-05-16 17:12:28 [INFO] Updated candidate mask pretrained-rescale_mask_best-acc_50_05161314_resnet18 at epoch 192 with acc 96.3100
2026-05-16 17:12:55 [INFO] Epoch: 193 [12800/50000 (26%)]	 Training Loss: 0.015 ACC: 99.02 CR: 0.50 Avg R1: 4.99 Avg R2: 0.93 Avg Reward: 5.926936
2026-05-16 17:13:22 [INFO] Epoch: 193 [25600/50000 (51%)]	 Training Loss: 0.015 ACC: 99.05 CR: 0.50 Avg R1: 5.00 Avg R2: 0.93 Avg Reward: 5.927580
2026-05-16 17:13:49 [INFO] Epoch: 193 [38400/50000 (77%)]	 Training Loss: 0.015 ACC: 99.10 CR: 0.50 Avg R1: 4.99 Avg R2: 0.93 Avg Reward: 5.923551
2026-05-16 17:14:15 [INFO] EPOCH:193, ======================CR:0.50144====================
2026-05-16 17:14:15 [INFO] -0.0036191608249486313
2026-05-16 17:14:18 [INFO] EPOCH:193, ======================ACC:96.37====================
2026-05-16 17:14:18 [INFO] BEST EPOCH:193,BEST ACC:96.37
2026-05-16 17:14:18 [INFO] Saving Masks: current CR 0.5014 target CR 0.5000
2026-05-16 17:14:18 [INFO] Updated candidate mask pretrained-rescale_mask_best-acc_50_05161314_resnet18 at epoch 193 with acc 96.3700
2026-05-16 17:14:40 [INFO] Epoch: 194 [12800/50000 (26%)]	 Training Loss: 0.015 ACC: 99.03 CR: 0.50 Avg R1: 4.99 Avg R2: 0.93 Avg Reward: 5.914735
2026-05-16 17:15:01 [INFO] Epoch: 194 [25600/50000 (51%)]	 Training Loss: 0.016 ACC: 99.00 CR: 0.50 Avg R1: 4.98 Avg R2: 0.93 Avg Reward: 5.910616
2026-05-16 17:15:21 [INFO] Epoch: 194 [38400/50000 (77%)]	 Training Loss: 0.015 ACC: 99.07 CR: 0.50 Avg R1: 4.98 Avg R2: 0.93 Avg Reward: 5.909694
2026-05-16 17:15:40 [INFO] EPOCH:194, ======================CR:0.49936====================
2026-05-16 17:15:40 [INFO] 0.0072571566770071975
2026-05-16 17:15:42 [INFO] EPOCH:194, ======================ACC:96.32====================
2026-05-16 17:15:42 [INFO] BEST EPOCH:193,BEST ACC:96.37
2026-05-16 17:15:42 [INFO] Saving Masks: current CR 0.4994 target CR 0.5000
2026-05-16 17:16:01 [INFO] Epoch: 195 [12800/50000 (26%)]	 Training Loss: 0.015 ACC: 98.98 CR: 0.50 Avg R1: 4.99 Avg R2: 0.93 Avg Reward: 5.917266
2026-05-16 17:16:22 [INFO] Epoch: 195 [25600/50000 (51%)]	 Training Loss: 0.015 ACC: 99.05 CR: 0.50 Avg R1: 4.99 Avg R2: 0.93 Avg Reward: 5.916965
2026-05-16 17:16:42 [INFO] Epoch: 195 [38400/50000 (77%)]	 Training Loss: 0.016 ACC: 99.09 CR: 0.50 Avg R1: 4.99 Avg R2: 0.93 Avg Reward: 5.915683
2026-05-16 17:17:01 [INFO] EPOCH:195, ======================CR:0.49954====================
2026-05-16 17:17:01 [INFO] -0.0030692161518688695
2026-05-16 17:17:03 [INFO] EPOCH:195, ======================ACC:96.35====================
2026-05-16 17:17:03 [INFO] BEST EPOCH:193,BEST ACC:96.37
2026-05-16 17:17:03 [INFO] Saving Masks: current CR 0.4995 target CR 0.5000
2026-05-16 17:17:25 [INFO] Epoch: 196 [12800/50000 (26%)]	 Training Loss: 0.015 ACC: 99.20 CR: 0.50 Avg R1: 4.99 Avg R2: 0.92 Avg Reward: 5.909839
2026-05-16 17:17:45 [INFO] Epoch: 196 [25600/50000 (51%)]	 Training Loss: 0.015 ACC: 99.13 CR: 0.50 Avg R1: 4.98 Avg R2: 0.92 Avg Reward: 5.907700
2026-05-16 17:18:05 [INFO] Epoch: 196 [38400/50000 (77%)]	 Training Loss: 0.015 ACC: 99.15 CR: 0.50 Avg R1: 4.98 Avg R2: 0.92 Avg Reward: 5.905651
2026-05-16 17:18:24 [INFO] EPOCH:196, ======================CR:0.50014====================
2026-05-16 17:18:24 [INFO] -0.000281269384491878
2026-05-16 17:18:26 [INFO] EPOCH:196, ======================ACC:96.41====================
2026-05-16 17:18:26 [INFO] BEST EPOCH:196,BEST ACC:96.41
2026-05-16 17:18:26 [INFO] Saving Masks: current CR 0.5001 target CR 0.5000
2026-05-16 17:18:26 [INFO] Updated candidate mask pretrained-rescale_mask_best-acc_50_05161314_resnet18 at epoch 196 with acc 96.4100
2026-05-16 17:18:50 [INFO] Epoch: 197 [12800/50000 (26%)]	 Training Loss: 0.014 ACC: 99.21 CR: 0.50 Avg R1: 5.00 Avg R2: 0.93 Avg Reward: 5.922886
2026-05-16 17:19:13 [INFO] Epoch: 197 [25600/50000 (51%)]	 Training Loss: 0.015 ACC: 99.20 CR: 0.50 Avg R1: 4.99 Avg R2: 0.93 Avg Reward: 5.916273
2026-05-16 17:19:36 [INFO] Epoch: 197 [38400/50000 (77%)]	 Training Loss: 0.015 ACC: 99.17 CR: 0.50 Avg R1: 4.99 Avg R2: 0.93 Avg Reward: 5.917659
2026-05-16 17:19:56 [INFO] EPOCH:197, ======================CR:0.49922====================
2026-05-16 17:19:56 [INFO] -0.004274610255107236
2026-05-16 17:19:58 [INFO] EPOCH:197, ======================ACC:96.29====================
2026-05-16 17:19:58 [INFO] BEST EPOCH:196,BEST ACC:96.41
2026-05-16 17:19:58 [INFO] Saving Masks: current CR 0.4992 target CR 0.5000
2026-05-16 17:20:19 [INFO] Epoch: 198 [12800/50000 (26%)]	 Training Loss: 0.013 ACC: 99.15 CR: 0.50 Avg R1: 4.99 Avg R2: 0.92 Avg Reward: 5.914191
2026-05-16 17:20:40 [INFO] Epoch: 198 [25600/50000 (51%)]	 Training Loss: 0.014 ACC: 99.08 CR: 0.50 Avg R1: 4.99 Avg R2: 0.92 Avg Reward: 5.911655
2026-05-16 17:21:04 [INFO] Epoch: 198 [38400/50000 (77%)]	 Training Loss: 0.014 ACC: 99.10 CR: 0.50 Avg R1: 4.99 Avg R2: 0.92 Avg Reward: 5.910820
2026-05-16 17:21:26 [INFO] EPOCH:198, ======================CR:0.50086====================
2026-05-16 17:21:26 [INFO] -0.004436747427445916
2026-05-16 17:21:28 [INFO] EPOCH:198, ======================ACC:96.34====================
2026-05-16 17:21:28 [INFO] BEST EPOCH:196,BEST ACC:96.41
2026-05-16 17:21:28 [INFO] Saving Masks: current CR 0.5009 target CR 0.5000
2026-05-16 17:21:51 [INFO] Epoch: 199 [12800/50000 (26%)]	 Training Loss: 0.014 ACC: 99.25 CR: 0.50 Avg R1: 4.99 Avg R2: 0.92 Avg Reward: 5.913675
2026-05-16 17:22:14 [INFO] Epoch: 199 [25600/50000 (51%)]	 Training Loss: 0.014 ACC: 99.19 CR: 0.50 Avg R1: 4.98 Avg R2: 0.92 Avg Reward: 5.907949
2026-05-16 17:22:33 [INFO] Epoch: 199 [38400/50000 (77%)]	 Training Loss: 0.014 ACC: 99.17 CR: 0.50 Avg R1: 4.99 Avg R2: 0.92 Avg Reward: 5.909623
2026-05-16 17:22:53 [INFO] EPOCH:199, ======================CR:0.50022====================
2026-05-16 17:22:53 [INFO] -0.003422548851387684
2026-05-16 17:22:55 [INFO] EPOCH:199, ======================ACC:96.29====================
2026-05-16 17:22:55 [INFO] BEST EPOCH:196,BEST ACC:96.41
2026-05-16 17:22:55 [INFO] Saving Masks: current CR 0.5002 target CR 0.5000
2026-05-16 17:22:55 [INFO] Saved standard mask to /nvme/home/lixiang/baseline/RLSelector/mask/cifar10/22/mask_50.npz with 25000/50000 samples selected
