2026-05-16 17:58:18 [INFO] Epoch: 0 [12800/50000 (26%)]	 Training Loss: 0.856 ACC: 35.58 CR: 0.87 Avg R1: 0.83 Avg R2: 4.68 Avg Reward: 5.508533
2026-05-16 17:58:27 [INFO] Epoch: 0 [25600/50000 (51%)]	 Training Loss: 0.835 ACC: 37.05 CR: 0.74 Avg R1: 1.62 Avg R2: 4.36 Avg Reward: 5.986313
2026-05-16 17:58:35 [INFO] Epoch: 0 [38400/50000 (77%)]	 Training Loss: 0.823 ACC: 38.14 CR: 0.61 Avg R1: 2.43 Avg R2: 4.04 Avg Reward: 6.468023
2026-05-16 17:58:44 [INFO] EPOCH:0, ======================CR:0.49368====================
2026-05-16 17:58:44 [INFO] -0.004323190841087327
2026-05-16 17:58:46 [INFO] EPOCH:0, ======================ACC:46.82====================
2026-05-16 17:58:46 [INFO] BEST EPOCH:0,BEST ACC:46.82
2026-05-16 17:58:55 [INFO] Epoch: 1 [12800/50000 (26%)]	 Training Loss: 0.779 ACC: 43.08 CR: 0.50 Avg R1: 4.13 Avg R2: 1.92 Avg Reward: 6.055112
2026-05-16 17:59:05 [INFO] Epoch: 1 [25600/50000 (51%)]	 Training Loss: 0.774 ACC: 43.47 CR: 0.50 Avg R1: 4.15 Avg R2: 1.93 Avg Reward: 6.080972
2026-05-16 17:59:14 [INFO] Epoch: 1 [38400/50000 (77%)]	 Training Loss: 0.770 ACC: 43.82 CR: 0.51 Avg R1: 4.18 Avg R2: 1.94 Avg Reward: 6.115946
2026-05-16 17:59:23 [INFO] EPOCH:1, ======================CR:0.51628====================
2026-05-16 17:59:23 [INFO] -0.0032643648152360107
2026-05-16 17:59:25 [INFO] EPOCH:1, ======================ACC:51.11====================
2026-05-16 17:59:25 [INFO] BEST EPOCH:1,BEST ACC:51.11
2026-05-16 17:59:35 [INFO] Epoch: 2 [12800/50000 (26%)]	 Training Loss: 0.717 ACC: 47.55 CR: 0.51 Avg R1: 4.29 Avg R2: 2.19 Avg Reward: 6.486512
2026-05-16 17:59:46 [INFO] Epoch: 2 [25600/50000 (51%)]	 Training Loss: 0.707 ACC: 48.46 CR: 0.51 Avg R1: 4.29 Avg R2: 2.19 Avg Reward: 6.478707
2026-05-16 17:59:56 [INFO] Epoch: 2 [38400/50000 (77%)]	 Training Loss: 0.699 ACC: 49.07 CR: 0.51 Avg R1: 4.28 Avg R2: 2.19 Avg Reward: 6.468979
2026-05-16 18:00:05 [INFO] EPOCH:2, ======================CR:0.5105====================
2026-05-16 18:00:05 [INFO] -0.003653925646734817
2026-05-16 18:00:07 [INFO] EPOCH:2, ======================ACC:52.87====================
2026-05-16 18:00:07 [INFO] BEST EPOCH:2,BEST ACC:52.87
2026-05-16 18:00:17 [INFO] Epoch: 3 [12800/50000 (26%)]	 Training Loss: 0.648 ACC: 53.07 CR: 0.51 Avg R1: 4.25 Avg R2: 2.33 Avg Reward: 6.583919
2026-05-16 18:00:28 [INFO] Epoch: 3 [25600/50000 (51%)]	 Training Loss: 0.635 ACC: 54.02 CR: 0.51 Avg R1: 4.24 Avg R2: 2.33 Avg Reward: 6.569471
2026-05-16 18:00:36 [INFO] Epoch: 3 [38400/50000 (77%)]	 Training Loss: 0.631 ACC: 54.31 CR: 0.51 Avg R1: 4.23 Avg R2: 2.32 Avg Reward: 6.557798
2026-05-16 18:00:46 [INFO] EPOCH:3, ======================CR:0.5077====================
2026-05-16 18:00:46 [INFO] -0.00439347086093857
2026-05-16 18:00:48 [INFO] EPOCH:3, ======================ACC:55.77====================
2026-05-16 18:00:48 [INFO] BEST EPOCH:3,BEST ACC:55.77
2026-05-16 18:00:57 [INFO] Epoch: 4 [12800/50000 (26%)]	 Training Loss: 0.612 ACC: 57.52 CR: 0.52 Avg R1: 4.25 Avg R2: 2.47 Avg Reward: 6.721813
2026-05-16 18:01:06 [INFO] Epoch: 4 [25600/50000 (51%)]	 Training Loss: 0.633 ACC: 58.31 CR: 0.55 Avg R1: 4.33 Avg R2: 2.50 Avg Reward: 6.830504
2026-05-16 18:01:16 [INFO] Epoch: 4 [38400/50000 (77%)]	 Training Loss: 0.645 ACC: 58.84 CR: 0.58 Avg R1: 4.45 Avg R2: 2.54 Avg Reward: 6.989764
2026-05-16 18:01:25 [INFO] EPOCH:4, ======================CR:0.6136====================
2026-05-16 18:01:25 [INFO] -0.01007697881276699
2026-05-16 18:01:27 [INFO] EPOCH:4, ======================ACC:61.17====================
2026-05-16 18:01:27 [INFO] BEST EPOCH:4,BEST ACC:61.17
2026-05-16 18:01:39 [INFO] Epoch: 5 [12800/50000 (26%)]	 Training Loss: 0.614 ACC: 61.50 CR: 0.61 Avg R1: 4.85 Avg R2: 2.81 Avg Reward: 7.661805
2026-05-16 18:01:48 [INFO] Epoch: 5 [25600/50000 (51%)]	 Training Loss: 0.614 ACC: 61.63 CR: 0.62 Avg R1: 4.83 Avg R2: 2.82 Avg Reward: 7.651183
2026-05-16 18:01:59 [INFO] Epoch: 5 [38400/50000 (77%)]	 Training Loss: 0.603 ACC: 61.95 CR: 0.61 Avg R1: 4.83 Avg R2: 2.82 Avg Reward: 7.650056
2026-05-16 18:02:08 [INFO] EPOCH:5, ======================CR:0.59948====================
2026-05-16 18:02:08 [INFO] 0.005267341389678787
2026-05-16 18:02:10 [INFO] EPOCH:5, ======================ACC:61.12====================
2026-05-16 18:02:10 [INFO] BEST EPOCH:4,BEST ACC:61.17
2026-05-16 18:02:10 [INFO] Saving Masks: current CR 0.5995 target CR 0.6000
2026-05-16 18:02:10 [INFO] Updated candidate mask pretrained-rescale_mask_best-acc_60_05161757_resnet18 at epoch 5 with acc 61.1200
2026-05-16 18:02:10 [INFO] Updated candidate mask pretrained-rescale_mask_best-r2_60_05161757_resnet18 at epoch 5 with acc 61.1200
2026-05-16 18:02:21 [INFO] Epoch: 6 [12800/50000 (26%)]	 Training Loss: 0.541 ACC: 63.07 CR: 0.58 Avg R1: 4.93 Avg R2: 2.72 Avg Reward: 7.656180
2026-05-16 18:02:31 [INFO] Epoch: 6 [25600/50000 (51%)]	 Training Loss: 0.530 ACC: 64.04 CR: 0.57 Avg R1: 4.88 Avg R2: 2.70 Avg Reward: 7.579962
2026-05-16 18:02:41 [INFO] Epoch: 6 [38400/50000 (77%)]	 Training Loss: 0.527 ACC: 64.30 CR: 0.56 Avg R1: 4.83 Avg R2: 2.69 Avg Reward: 7.511787
2026-05-16 18:02:51 [INFO] EPOCH:6, ======================CR:0.54856====================
2026-05-16 18:02:51 [INFO] 0.0023715611049397846
2026-05-16 18:02:53 [INFO] EPOCH:6, ======================ACC:67.6====================
2026-05-16 18:02:53 [INFO] BEST EPOCH:6,BEST ACC:67.6
2026-05-16 18:03:04 [INFO] Epoch: 7 [12800/50000 (26%)]	 Training Loss: 0.489 ACC: 67.26 CR: 0.55 Avg R1: 4.56 Avg R2: 2.57 Avg Reward: 7.130671
2026-05-16 18:03:14 [INFO] Epoch: 7 [25600/50000 (51%)]	 Training Loss: 0.494 ACC: 67.09 CR: 0.55 Avg R1: 4.58 Avg R2: 2.57 Avg Reward: 7.144294
2026-05-16 18:03:25 [INFO] Epoch: 7 [38400/50000 (77%)]	 Training Loss: 0.505 ACC: 66.85 CR: 0.56 Avg R1: 4.60 Avg R2: 2.58 Avg Reward: 7.179726
2026-05-16 18:03:35 [INFO] EPOCH:7, ======================CR:0.57826====================
2026-05-16 18:03:35 [INFO] 0.005701530253007716
2026-05-16 18:03:37 [INFO] EPOCH:7, ======================ACC:64.88====================
2026-05-16 18:03:37 [INFO] BEST EPOCH:6,BEST ACC:67.6
2026-05-16 18:03:49 [INFO] Epoch: 8 [12800/50000 (26%)]	 Training Loss: 0.525 ACC: 67.38 CR: 0.59 Avg R1: 4.88 Avg R2: 2.59 Avg Reward: 7.471601
2026-05-16 18:04:00 [INFO] Epoch: 8 [25600/50000 (51%)]	 Training Loss: 0.515 ACC: 68.14 CR: 0.61 Avg R1: 4.92 Avg R2: 2.61 Avg Reward: 7.529092
2026-05-16 18:04:11 [INFO] Epoch: 8 [38400/50000 (77%)]	 Training Loss: 0.512 ACC: 68.36 CR: 0.62 Avg R1: 4.88 Avg R2: 2.63 Avg Reward: 7.512919
2026-05-16 18:04:22 [INFO] EPOCH:8, ======================CR:0.63012====================
2026-05-16 18:04:22 [INFO] 0.00978171886537274
2026-05-16 18:04:24 [INFO] EPOCH:8, ======================ACC:72.65====================
2026-05-16 18:04:24 [INFO] BEST EPOCH:8,BEST ACC:72.65
2026-05-16 18:04:35 [INFO] Epoch: 9 [12800/50000 (26%)]	 Training Loss: 0.481 ACC: 71.05 CR: 0.63 Avg R1: 4.60 Avg R2: 2.62 Avg Reward: 7.219811
2026-05-16 18:04:47 [INFO] Epoch: 9 [25600/50000 (51%)]	 Training Loss: 0.481 ACC: 70.39 CR: 0.63 Avg R1: 4.59 Avg R2: 2.62 Avg Reward: 7.210787
2026-05-16 18:04:58 [INFO] Epoch: 9 [38400/50000 (77%)]	 Training Loss: 0.468 ACC: 70.96 CR: 0.62 Avg R1: 4.62 Avg R2: 2.61 Avg Reward: 7.236411
2026-05-16 18:05:08 [INFO] EPOCH:9, ======================CR:0.63244====================
2026-05-16 18:05:08 [INFO] 0.012175406566481747
2026-05-16 18:05:10 [INFO] EPOCH:9, ======================ACC:69.99====================
2026-05-16 18:05:10 [INFO] BEST EPOCH:8,BEST ACC:72.65
2026-05-16 18:05:21 [INFO] Epoch: 10 [12800/50000 (26%)]	 Training Loss: 0.514 ACC: 70.76 CR: 0.66 Avg R1: 4.45 Avg R2: 2.56 Avg Reward: 7.015082
2026-05-16 18:05:33 [INFO] Epoch: 10 [25600/50000 (51%)]	 Training Loss: 0.498 ACC: 71.35 CR: 0.67 Avg R1: 4.33 Avg R2: 2.59 Avg Reward: 6.919099
2026-05-16 18:05:45 [INFO] Epoch: 10 [38400/50000 (77%)]	 Training Loss: 0.479 ACC: 72.07 CR: 0.68 Avg R1: 4.24 Avg R2: 2.61 Avg Reward: 6.850308
2026-05-16 18:05:56 [INFO] EPOCH:10, ======================CR:0.6759====================
2026-05-16 18:05:56 [INFO] 0.009261805208361876
2026-05-16 18:05:58 [INFO] EPOCH:10, ======================ACC:76.77====================
2026-05-16 18:05:58 [INFO] BEST EPOCH:10,BEST ACC:76.77
2026-05-16 18:06:09 [INFO] Epoch: 11 [12800/50000 (26%)]	 Training Loss: 0.426 ACC: 73.51 CR: 0.66 Avg R1: 4.16 Avg R2: 2.52 Avg Reward: 6.677310
2026-05-16 18:06:21 [INFO] Epoch: 11 [25600/50000 (51%)]	 Training Loss: 0.413 ACC: 73.89 CR: 0.63 Avg R1: 4.29 Avg R2: 2.49 Avg Reward: 6.784076
2026-05-16 18:06:32 [INFO] Epoch: 11 [38400/50000 (77%)]	 Training Loss: 0.406 ACC: 74.37 CR: 0.61 Avg R1: 4.45 Avg R2: 2.46 Avg Reward: 6.904289
2026-05-16 18:06:43 [INFO] EPOCH:11, ======================CR:0.58854====================
2026-05-16 18:06:43 [INFO] -0.0007174878515467868
2026-05-16 18:06:45 [INFO] EPOCH:11, ======================ACC:76.69====================
2026-05-16 18:06:45 [INFO] BEST EPOCH:10,BEST ACC:76.77
2026-05-16 18:06:58 [INFO] Epoch: 12 [12800/50000 (26%)]	 Training Loss: 0.376 ACC: 75.93 CR: 0.58 Avg R1: 4.89 Avg R2: 2.25 Avg Reward: 7.139132
2026-05-16 18:07:09 [INFO] Epoch: 12 [25600/50000 (51%)]	 Training Loss: 0.382 ACC: 75.73 CR: 0.59 Avg R1: 4.88 Avg R2: 2.25 Avg Reward: 7.126259
2026-05-16 18:07:21 [INFO] Epoch: 12 [38400/50000 (77%)]	 Training Loss: 0.380 ACC: 75.98 CR: 0.59 Avg R1: 4.88 Avg R2: 2.25 Avg Reward: 7.134054
2026-05-16 18:07:32 [INFO] EPOCH:12, ======================CR:0.5897====================
2026-05-16 18:07:32 [INFO] 0.009108204950631343
2026-05-16 18:07:34 [INFO] EPOCH:12, ======================ACC:77.31====================
2026-05-16 18:07:34 [INFO] BEST EPOCH:12,BEST ACC:77.31
2026-05-16 18:07:46 [INFO] Epoch: 13 [12800/50000 (26%)]	 Training Loss: 0.364 ACC: 76.74 CR: 0.59 Avg R1: 4.90 Avg R2: 2.19 Avg Reward: 7.092160
2026-05-16 18:07:58 [INFO] Epoch: 13 [25600/50000 (51%)]	 Training Loss: 0.367 ACC: 77.09 CR: 0.59 Avg R1: 4.91 Avg R2: 2.19 Avg Reward: 7.099836
2026-05-16 18:08:10 [INFO] Epoch: 13 [38400/50000 (77%)]	 Training Loss: 0.369 ACC: 77.13 CR: 0.60 Avg R1: 4.93 Avg R2: 2.20 Avg Reward: 7.131632
2026-05-16 18:08:21 [INFO] EPOCH:13, ======================CR:0.5999====================
2026-05-16 18:08:21 [INFO] 0.010314822963819815
2026-05-16 18:08:23 [INFO] EPOCH:13, ======================ACC:76.67====================
2026-05-16 18:08:23 [INFO] BEST EPOCH:12,BEST ACC:77.31
2026-05-16 18:08:23 [INFO] Saving Masks: current CR 0.5999 target CR 0.6000
2026-05-16 18:08:23 [INFO] Updated candidate mask pretrained-rescale_mask_best-acc_60_05161757_resnet18 at epoch 13 with acc 76.6700
2026-05-16 18:08:36 [INFO] Epoch: 14 [12800/50000 (26%)]	 Training Loss: 0.345 ACC: 77.91 CR: 0.59 Avg R1: 4.96 Avg R2: 2.18 Avg Reward: 7.134602
2026-05-16 18:08:48 [INFO] Epoch: 14 [25600/50000 (51%)]	 Training Loss: 0.344 ACC: 77.93 CR: 0.58 Avg R1: 4.92 Avg R2: 2.17 Avg Reward: 7.086825
2026-05-16 18:09:00 [INFO] Epoch: 14 [38400/50000 (77%)]	 Training Loss: 0.344 ACC: 77.83 CR: 0.58 Avg R1: 4.89 Avg R2: 2.16 Avg Reward: 7.047821
2026-05-16 18:09:12 [INFO] EPOCH:14, ======================CR:0.5692====================
2026-05-16 18:09:12 [INFO] 0.005338889105629123
2026-05-16 18:09:14 [INFO] EPOCH:14, ======================ACC:79.86====================
2026-05-16 18:09:14 [INFO] BEST EPOCH:14,BEST ACC:79.86
2026-05-16 18:09:28 [INFO] Epoch: 15 [12800/50000 (26%)]	 Training Loss: 0.329 ACC: 79.44 CR: 0.58 Avg R1: 4.77 Avg R2: 2.07 Avg Reward: 6.844385
2026-05-16 18:09:41 [INFO] Epoch: 15 [25600/50000 (51%)]	 Training Loss: 0.334 ACC: 78.84 CR: 0.58 Avg R1: 4.80 Avg R2: 2.08 Avg Reward: 6.879759
2026-05-16 18:09:53 [INFO] Epoch: 15 [38400/50000 (77%)]	 Training Loss: 0.329 ACC: 78.85 CR: 0.58 Avg R1: 4.81 Avg R2: 2.08 Avg Reward: 6.891970
2026-05-16 18:10:05 [INFO] EPOCH:15, ======================CR:0.5733====================
2026-05-16 18:10:05 [INFO] 0.006778636047683732
2026-05-16 18:10:07 [INFO] EPOCH:15, ======================ACC:81.96====================
2026-05-16 18:10:07 [INFO] BEST EPOCH:15,BEST ACC:81.96
2026-05-16 18:10:20 [INFO] Epoch: 16 [12800/50000 (26%)]	 Training Loss: 0.318 ACC: 79.17 CR: 0.57 Avg R1: 4.75 Avg R2: 2.03 Avg Reward: 6.783048
2026-05-16 18:10:33 [INFO] Epoch: 16 [25600/50000 (51%)]	 Training Loss: 0.315 ACC: 79.03 CR: 0.55 Avg R1: 4.70 Avg R2: 2.02 Avg Reward: 6.724681
2026-05-16 18:10:45 [INFO] Epoch: 16 [38400/50000 (77%)]	 Training Loss: 0.308 ACC: 79.40 CR: 0.54 Avg R1: 4.66 Avg R2: 2.01 Avg Reward: 6.666416
2026-05-16 18:10:57 [INFO] EPOCH:16, ======================CR:0.53614====================
2026-05-16 18:10:57 [INFO] 0.0015784447006888993
2026-05-16 18:10:59 [INFO] EPOCH:16, ======================ACC:81.45====================
2026-05-16 18:10:59 [INFO] BEST EPOCH:15,BEST ACC:81.96
2026-05-16 18:11:11 [INFO] Epoch: 17 [12800/50000 (26%)]	 Training Loss: 0.307 ACC: 79.39 CR: 0.53 Avg R1: 4.46 Avg R2: 1.91 Avg Reward: 6.371299
2026-05-16 18:11:26 [INFO] Epoch: 17 [25600/50000 (51%)]	 Training Loss: 0.298 ACC: 79.88 CR: 0.53 Avg R1: 4.45 Avg R2: 1.91 Avg Reward: 6.358629
2026-05-16 18:11:39 [INFO] Epoch: 17 [38400/50000 (77%)]	 Training Loss: 0.298 ACC: 79.89 CR: 0.53 Avg R1: 4.44 Avg R2: 1.91 Avg Reward: 6.349647
2026-05-16 18:11:50 [INFO] EPOCH:17, ======================CR:0.53242====================
2026-05-16 18:11:50 [INFO] 0.0010180724967490107
2026-05-16 18:11:53 [INFO] EPOCH:17, ======================ACC:79.86====================
2026-05-16 18:11:53 [INFO] BEST EPOCH:15,BEST ACC:81.96
2026-05-16 18:12:06 [INFO] Epoch: 18 [12800/50000 (26%)]	 Training Loss: 0.291 ACC: 81.25 CR: 0.54 Avg R1: 4.45 Avg R2: 1.87 Avg Reward: 6.325477
2026-05-16 18:12:20 [INFO] Epoch: 18 [25600/50000 (51%)]	 Training Loss: 0.292 ACC: 81.09 CR: 0.54 Avg R1: 4.48 Avg R2: 1.88 Avg Reward: 6.363833
2026-05-16 18:12:35 [INFO] Epoch: 18 [38400/50000 (77%)]	 Training Loss: 0.298 ACC: 80.85 CR: 0.55 Avg R1: 4.51 Avg R2: 1.89 Avg Reward: 6.396620
2026-05-16 18:12:52 [INFO] EPOCH:18, ======================CR:0.5544====================
2026-05-16 18:12:52 [INFO] -0.0020974251563330524
2026-05-16 18:12:54 [INFO] EPOCH:18, ======================ACC:82.49====================
2026-05-16 18:12:54 [INFO] BEST EPOCH:18,BEST ACC:82.49
2026-05-16 18:13:09 [INFO] Epoch: 19 [12800/50000 (26%)]	 Training Loss: 0.302 ACC: 80.52 CR: 0.56 Avg R1: 4.62 Avg R2: 1.90 Avg Reward: 6.520448
2026-05-16 18:13:23 [INFO] Epoch: 19 [25600/50000 (51%)]	 Training Loss: 0.302 ACC: 80.56 CR: 0.56 Avg R1: 4.64 Avg R2: 1.91 Avg Reward: 6.541721
2026-05-16 18:13:37 [INFO] Epoch: 19 [38400/50000 (77%)]	 Training Loss: 0.304 ACC: 80.63 CR: 0.57 Avg R1: 4.66 Avg R2: 1.91 Avg Reward: 6.570559
2026-05-16 18:13:51 [INFO] EPOCH:19, ======================CR:0.58166====================
2026-05-16 18:13:51 [INFO] -0.00029223403402473783
2026-05-16 18:13:53 [INFO] EPOCH:19, ======================ACC:79.3====================
2026-05-16 18:13:53 [INFO] BEST EPOCH:18,BEST ACC:82.49
2026-05-16 18:14:06 [INFO] Epoch: 20 [12800/50000 (26%)]	 Training Loss: 0.293 ACC: 81.81 CR: 0.59 Avg R1: 4.89 Avg R2: 1.93 Avg Reward: 6.818550
2026-05-16 18:14:21 [INFO] Epoch: 20 [25600/50000 (51%)]	 Training Loss: 0.299 ACC: 81.60 CR: 0.60 Avg R1: 4.93 Avg R2: 1.94 Avg Reward: 6.870063
2026-05-16 18:14:42 [INFO] Epoch: 20 [38400/50000 (77%)]	 Training Loss: 0.302 ACC: 81.41 CR: 0.61 Avg R1: 4.92 Avg R2: 1.95 Avg Reward: 6.875507
2026-05-16 18:15:01 [INFO] EPOCH:20, ======================CR:0.6167====================
2026-05-16 18:15:01 [INFO] -0.011252406291243178
2026-05-16 18:15:03 [INFO] EPOCH:20, ======================ACC:82.4====================
2026-05-16 18:15:03 [INFO] BEST EPOCH:18,BEST ACC:82.49
2026-05-16 18:15:22 [INFO] Epoch: 21 [12800/50000 (26%)]	 Training Loss: 0.301 ACC: 81.41 CR: 0.61 Avg R1: 4.81 Avg R2: 1.98 Avg Reward: 6.787016
2026-05-16 18:15:39 [INFO] Epoch: 21 [25600/50000 (51%)]	 Training Loss: 0.298 ACC: 81.65 CR: 0.61 Avg R1: 4.84 Avg R2: 1.97 Avg Reward: 6.810934
2026-05-16 18:16:01 [INFO] Epoch: 21 [38400/50000 (77%)]	 Training Loss: 0.295 ACC: 81.64 CR: 0.60 Avg R1: 4.88 Avg R2: 1.96 Avg Reward: 6.840880
2026-05-16 18:16:16 [INFO] EPOCH:21, ======================CR:0.58746====================
2026-05-16 18:16:16 [INFO] -0.0008696694244277614
2026-05-16 18:16:18 [INFO] EPOCH:21, ======================ACC:80.02====================
2026-05-16 18:16:18 [INFO] BEST EPOCH:18,BEST ACC:82.49
2026-05-16 18:16:38 [INFO] Epoch: 22 [12800/50000 (26%)]	 Training Loss: 0.287 ACC: 81.30 CR: 0.58 Avg R1: 4.89 Avg R2: 1.89 Avg Reward: 6.777168
2026-05-16 18:16:58 [INFO] Epoch: 22 [25600/50000 (51%)]	 Training Loss: 0.287 ACC: 81.80 CR: 0.58 Avg R1: 4.87 Avg R2: 1.89 Avg Reward: 6.760758
2026-05-16 18:17:16 [INFO] Epoch: 22 [38400/50000 (77%)]	 Training Loss: 0.283 ACC: 82.03 CR: 0.58 Avg R1: 4.86 Avg R2: 1.89 Avg Reward: 6.749269
2026-05-16 18:17:34 [INFO] EPOCH:22, ======================CR:0.57846====================
2026-05-16 18:17:34 [INFO] -0.008794372289666865
2026-05-16 18:17:36 [INFO] EPOCH:22, ======================ACC:80.35====================
2026-05-16 18:17:36 [INFO] BEST EPOCH:18,BEST ACC:82.49
2026-05-16 18:17:58 [INFO] Epoch: 23 [12800/50000 (26%)]	 Training Loss: 0.282 ACC: 82.01 CR: 0.58 Avg R1: 4.81 Avg R2: 1.86 Avg Reward: 6.673147
2026-05-16 18:18:16 [INFO] Epoch: 23 [25600/50000 (51%)]	 Training Loss: 0.280 ACC: 82.24 CR: 0.58 Avg R1: 4.82 Avg R2: 1.86 Avg Reward: 6.683115
2026-05-16 18:18:32 [INFO] Epoch: 23 [38400/50000 (77%)]	 Training Loss: 0.289 ACC: 81.88 CR: 0.60 Avg R1: 4.85 Avg R2: 1.87 Avg Reward: 6.716582
2026-05-16 18:18:48 [INFO] EPOCH:23, ======================CR:0.61232====================
2026-05-16 18:18:48 [INFO] -0.0004391679789250209
2026-05-16 18:18:50 [INFO] EPOCH:23, ======================ACC:80.13====================
2026-05-16 18:18:50 [INFO] BEST EPOCH:18,BEST ACC:82.49
2026-05-16 18:19:08 [INFO] Epoch: 24 [12800/50000 (26%)]	 Training Loss: 0.297 ACC: 81.80 CR: 0.61 Avg R1: 4.82 Avg R2: 1.93 Avg Reward: 6.747037
2026-05-16 18:19:28 [INFO] Epoch: 24 [25600/50000 (51%)]	 Training Loss: 0.283 ACC: 82.34 CR: 0.61 Avg R1: 4.82 Avg R2: 1.93 Avg Reward: 6.748009
2026-05-16 18:19:48 [INFO] Epoch: 24 [38400/50000 (77%)]	 Training Loss: 0.286 ACC: 82.16 CR: 0.61 Avg R1: 4.83 Avg R2: 1.92 Avg Reward: 6.752606
2026-05-16 18:20:09 [INFO] EPOCH:24, ======================CR:0.6106====================
2026-05-16 18:20:09 [INFO] 0.0005651965558507118
2026-05-16 18:20:11 [INFO] EPOCH:24, ======================ACC:84.49====================
2026-05-16 18:20:11 [INFO] BEST EPOCH:24,BEST ACC:84.49
2026-05-16 18:20:36 [INFO] Epoch: 25 [12800/50000 (26%)]	 Training Loss: 0.277 ACC: 83.02 CR: 0.61 Avg R1: 4.86 Avg R2: 1.91 Avg Reward: 6.772027
2026-05-16 18:21:00 [INFO] Epoch: 25 [25600/50000 (51%)]	 Training Loss: 0.277 ACC: 83.02 CR: 0.62 Avg R1: 4.83 Avg R2: 1.91 Avg Reward: 6.744122
2026-05-16 18:21:25 [INFO] Epoch: 25 [38400/50000 (77%)]	 Training Loss: 0.277 ACC: 83.03 CR: 0.62 Avg R1: 4.80 Avg R2: 1.92 Avg Reward: 6.720326
2026-05-16 18:21:49 [INFO] EPOCH:25, ======================CR:0.61796====================
2026-05-16 18:21:49 [INFO] -0.0034752058679997887
2026-05-16 18:21:51 [INFO] EPOCH:25, ======================ACC:84.79====================
2026-05-16 18:21:51 [INFO] BEST EPOCH:25,BEST ACC:84.79
2026-05-16 18:22:16 [INFO] Epoch: 26 [12800/50000 (26%)]	 Training Loss: 0.275 ACC: 83.04 CR: 0.61 Avg R1: 4.80 Avg R2: 1.91 Avg Reward: 6.715706
2026-05-16 18:22:37 [INFO] Epoch: 26 [25600/50000 (51%)]	 Training Loss: 0.273 ACC: 83.24 CR: 0.62 Avg R1: 4.81 Avg R2: 1.91 Avg Reward: 6.719597
2026-05-16 18:23:00 [INFO] Epoch: 26 [38400/50000 (77%)]	 Training Loss: 0.276 ACC: 83.02 CR: 0.62 Avg R1: 4.79 Avg R2: 1.91 Avg Reward: 6.707228
2026-05-16 18:23:24 [INFO] EPOCH:26, ======================CR:0.6205====================
2026-05-16 18:23:24 [INFO] -0.003114540796157078
2026-05-16 18:23:26 [INFO] EPOCH:26, ======================ACC:82.89====================
2026-05-16 18:23:26 [INFO] BEST EPOCH:25,BEST ACC:84.79
2026-05-16 18:23:51 [INFO] Epoch: 27 [12800/50000 (26%)]	 Training Loss: 0.283 ACC: 82.79 CR: 0.62 Avg R1: 4.75 Avg R2: 1.90 Avg Reward: 6.654536
2026-05-16 18:24:20 [INFO] Epoch: 27 [25600/50000 (51%)]	 Training Loss: 0.279 ACC: 82.97 CR: 0.63 Avg R1: 4.74 Avg R2: 1.91 Avg Reward: 6.641746
2026-05-16 18:24:46 [INFO] Epoch: 27 [38400/50000 (77%)]	 Training Loss: 0.284 ACC: 82.99 CR: 0.64 Avg R1: 4.68 Avg R2: 1.91 Avg Reward: 6.595831
2026-05-16 18:25:11 [INFO] EPOCH:27, ======================CR:0.65544====================
2026-05-16 18:25:11 [INFO] -0.0008602153203507286
2026-05-16 18:25:13 [INFO] EPOCH:27, ======================ACC:83.53====================
2026-05-16 18:25:13 [INFO] BEST EPOCH:25,BEST ACC:84.79
2026-05-16 18:25:42 [INFO] Epoch: 28 [12800/50000 (26%)]	 Training Loss: 0.286 ACC: 83.52 CR: 0.66 Avg R1: 4.27 Avg R2: 1.98 Avg Reward: 6.257201
2026-05-16 18:26:10 [INFO] Epoch: 28 [25600/50000 (51%)]	 Training Loss: 0.292 ACC: 83.43 CR: 0.68 Avg R1: 4.21 Avg R2: 1.99 Avg Reward: 6.207909
2026-05-16 18:26:38 [INFO] Epoch: 28 [38400/50000 (77%)]	 Training Loss: 0.298 ACC: 83.20 CR: 0.69 Avg R1: 4.13 Avg R2: 2.01 Avg Reward: 6.137766
2026-05-16 18:27:03 [INFO] EPOCH:28, ======================CR:0.71456====================
2026-05-16 18:27:03 [INFO] -0.011781661827117136
2026-05-16 18:27:05 [INFO] EPOCH:28, ======================ACC:80.25====================
2026-05-16 18:27:05 [INFO] BEST EPOCH:25,BEST ACC:84.79
2026-05-16 18:27:34 [INFO] Epoch: 29 [12800/50000 (26%)]	 Training Loss: 0.313 ACC: 82.43 CR: 0.72 Avg R1: 3.52 Avg R2: 2.12 Avg Reward: 5.637269
2026-05-16 18:28:03 [INFO] Epoch: 29 [25600/50000 (51%)]	 Training Loss: 0.306 ACC: 82.84 CR: 0.72 Avg R1: 3.50 Avg R2: 2.12 Avg Reward: 5.619494
2026-05-16 18:28:31 [INFO] Epoch: 29 [38400/50000 (77%)]	 Training Loss: 0.304 ACC: 83.09 CR: 0.72 Avg R1: 3.50 Avg R2: 2.12 Avg Reward: 5.619180
2026-05-16 18:28:56 [INFO] EPOCH:29, ======================CR:0.72754====================
2026-05-16 18:28:56 [INFO] -0.020394509999167802
2026-05-16 18:28:58 [INFO] EPOCH:29, ======================ACC:79.04====================
2026-05-16 18:28:58 [INFO] BEST EPOCH:25,BEST ACC:84.79
2026-05-16 18:29:30 [INFO] Epoch: 30 [12800/50000 (26%)]	 Training Loss: 0.298 ACC: 84.20 CR: 0.74 Avg R1: 3.34 Avg R2: 2.14 Avg Reward: 5.481425
2026-05-16 18:29:58 [INFO] Epoch: 30 [25600/50000 (51%)]	 Training Loss: 0.295 ACC: 84.07 CR: 0.74 Avg R1: 3.30 Avg R2: 2.14 Avg Reward: 5.439706
2026-05-16 18:30:25 [INFO] Epoch: 30 [38400/50000 (77%)]	 Training Loss: 0.297 ACC: 83.85 CR: 0.75 Avg R1: 3.26 Avg R2: 2.15 Avg Reward: 5.408982
2026-05-16 18:30:52 [INFO] EPOCH:30, ======================CR:0.75904====================
2026-05-16 18:30:52 [INFO] -0.00612124879281247
2026-05-16 18:30:55 [INFO] EPOCH:30, ======================ACC:85.04====================
2026-05-16 18:30:55 [INFO] BEST EPOCH:30,BEST ACC:85.04
2026-05-16 18:31:25 [INFO] Epoch: 31 [12800/50000 (26%)]	 Training Loss: 0.315 ACC: 83.88 CR: 0.77 Avg R1: 2.95 Avg R2: 2.19 Avg Reward: 5.138381
2026-05-16 18:31:54 [INFO] Epoch: 31 [25600/50000 (51%)]	 Training Loss: 0.317 ACC: 83.73 CR: 0.78 Avg R1: 2.89 Avg R2: 2.20 Avg Reward: 5.091599
2026-05-16 18:32:24 [INFO] Epoch: 31 [38400/50000 (77%)]	 Training Loss: 0.317 ACC: 83.78 CR: 0.79 Avg R1: 2.83 Avg R2: 2.21 Avg Reward: 5.034932
2026-05-16 18:32:48 [INFO] EPOCH:31, ======================CR:0.7985====================
2026-05-16 18:32:48 [INFO] -0.01688663521453072
2026-05-16 18:32:50 [INFO] EPOCH:31, ======================ACC:80.51====================
2026-05-16 18:32:50 [INFO] BEST EPOCH:30,BEST ACC:85.04
2026-05-16 18:33:19 [INFO] Epoch: 32 [12800/50000 (26%)]	 Training Loss: 0.296 ACC: 84.41 CR: 0.80 Avg R1: 2.53 Avg R2: 2.28 Avg Reward: 4.810461
2026-05-16 18:33:43 [INFO] Epoch: 32 [25600/50000 (51%)]	 Training Loss: 0.299 ACC: 84.38 CR: 0.80 Avg R1: 2.54 Avg R2: 2.27 Avg Reward: 4.814164
2026-05-16 18:34:11 [INFO] Epoch: 32 [38400/50000 (77%)]	 Training Loss: 0.300 ACC: 84.43 CR: 0.80 Avg R1: 2.54 Avg R2: 2.27 Avg Reward: 4.809535
2026-05-16 18:34:38 [INFO] EPOCH:32, ======================CR:0.80456====================
2026-05-16 18:34:38 [INFO] -0.014166134735286509
2026-05-16 18:34:40 [INFO] EPOCH:32, ======================ACC:83.16====================
2026-05-16 18:34:40 [INFO] BEST EPOCH:30,BEST ACC:85.04
2026-05-16 18:35:10 [INFO] Epoch: 33 [12800/50000 (26%)]	 Training Loss: 0.291 ACC: 84.91 CR: 0.80 Avg R1: 2.44 Avg R2: 2.29 Avg Reward: 4.729494
2026-05-16 18:35:34 [INFO] Epoch: 33 [25600/50000 (51%)]	 Training Loss: 0.300 ACC: 84.44 CR: 0.80 Avg R1: 2.46 Avg R2: 2.29 Avg Reward: 4.744308
2026-05-16 18:36:03 [INFO] Epoch: 33 [38400/50000 (77%)]	 Training Loss: 0.304 ACC: 84.38 CR: 0.81 Avg R1: 2.45 Avg R2: 2.29 Avg Reward: 4.735950
2026-05-16 18:36:27 [INFO] EPOCH:33, ======================CR:0.81414====================
2026-05-16 18:36:27 [INFO] -0.01182353064128282
2026-05-16 18:36:29 [INFO] EPOCH:33, ======================ACC:82.85====================
2026-05-16 18:36:29 [INFO] BEST EPOCH:30,BEST ACC:85.04
2026-05-16 18:36:54 [INFO] Epoch: 34 [12800/50000 (26%)]	 Training Loss: 0.318 ACC: 84.33 CR: 0.82 Avg R1: 2.27 Avg R2: 2.33 Avg Reward: 4.598253
2026-05-16 18:37:17 [INFO] Epoch: 34 [25600/50000 (51%)]	 Training Loss: 0.320 ACC: 84.26 CR: 0.83 Avg R1: 2.21 Avg R2: 2.34 Avg Reward: 4.550612
2026-05-16 18:37:40 [INFO] Epoch: 34 [38400/50000 (77%)]	 Training Loss: 0.319 ACC: 84.33 CR: 0.84 Avg R1: 2.15 Avg R2: 2.35 Avg Reward: 4.501853
2026-05-16 18:38:01 [INFO] EPOCH:34, ======================CR:0.85214====================
2026-05-16 18:38:01 [INFO] -0.000983173947318977
2026-05-16 18:38:04 [INFO] EPOCH:34, ======================ACC:83.97====================
2026-05-16 18:38:04 [INFO] BEST EPOCH:30,BEST ACC:85.04
2026-05-16 18:38:28 [INFO] Epoch: 35 [12800/50000 (26%)]	 Training Loss: 0.317 ACC: 84.61 CR: 0.85 Avg R1: 1.85 Avg R2: 2.42 Avg Reward: 4.263182
2026-05-16 18:38:50 [INFO] Epoch: 35 [25600/50000 (51%)]	 Training Loss: 0.321 ACC: 84.35 CR: 0.85 Avg R1: 1.84 Avg R2: 2.42 Avg Reward: 4.261031
2026-05-16 18:39:12 [INFO] Epoch: 35 [38400/50000 (77%)]	 Training Loss: 0.319 ACC: 84.51 CR: 0.86 Avg R1: 1.82 Avg R2: 2.42 Avg Reward: 4.244663
2026-05-16 18:39:30 [INFO] EPOCH:35, ======================CR:0.86476====================
2026-05-16 18:39:30 [INFO] -0.02464191088339963
2026-05-16 18:39:32 [INFO] EPOCH:35, ======================ACC:81.03====================
2026-05-16 18:39:32 [INFO] BEST EPOCH:30,BEST ACC:85.04
2026-05-16 18:39:50 [INFO] Epoch: 36 [12800/50000 (26%)]	 Training Loss: 0.296 ACC: 85.42 CR: 0.86 Avg R1: 1.70 Avg R2: 2.43 Avg Reward: 4.130686
2026-05-16 18:40:09 [INFO] Epoch: 36 [25600/50000 (51%)]	 Training Loss: 0.297 ACC: 85.06 CR: 0.85 Avg R1: 1.74 Avg R2: 2.42 Avg Reward: 4.161270
2026-05-16 18:40:30 [INFO] Epoch: 36 [38400/50000 (77%)]	 Training Loss: 0.299 ACC: 84.90 CR: 0.84 Avg R1: 1.79 Avg R2: 2.41 Avg Reward: 4.203439
2026-05-16 18:40:45 [INFO] EPOCH:36, ======================CR:0.83428====================
2026-05-16 18:40:45 [INFO] -0.03282984873629592
2026-05-16 18:40:47 [INFO] EPOCH:36, ======================ACC:84.79====================
2026-05-16 18:40:47 [INFO] BEST EPOCH:30,BEST ACC:85.04
2026-05-16 18:41:06 [INFO] Epoch: 37 [12800/50000 (26%)]	 Training Loss: 0.281 ACC: 85.75 CR: 0.83 Avg R1: 2.08 Avg R2: 2.36 Avg Reward: 4.436787
2026-05-16 18:41:23 [INFO] Epoch: 37 [25600/50000 (51%)]	 Training Loss: 0.285 ACC: 85.39 CR: 0.83 Avg R1: 2.09 Avg R2: 2.35 Avg Reward: 4.446702
2026-05-16 18:41:40 [INFO] Epoch: 37 [38400/50000 (77%)]	 Training Loss: 0.286 ACC: 85.42 CR: 0.83 Avg R1: 2.11 Avg R2: 2.35 Avg Reward: 4.461692
2026-05-16 18:41:54 [INFO] EPOCH:37, ======================CR:0.83642====================
2026-05-16 18:41:54 [INFO] -0.02417515506182305
2026-05-16 18:41:56 [INFO] EPOCH:37, ======================ACC:83.1====================
2026-05-16 18:41:56 [INFO] BEST EPOCH:30,BEST ACC:85.04
2026-05-16 18:42:12 [INFO] Epoch: 38 [12800/50000 (26%)]	 Training Loss: 0.291 ACC: 85.56 CR: 0.84 Avg R1: 2.01 Avg R2: 2.37 Avg Reward: 4.373127
2026-05-16 18:42:29 [INFO] Epoch: 38 [25600/50000 (51%)]	 Training Loss: 0.293 ACC: 85.53 CR: 0.84 Avg R1: 2.01 Avg R2: 2.36 Avg Reward: 4.376808
2026-05-16 18:42:46 [INFO] Epoch: 38 [38400/50000 (77%)]	 Training Loss: 0.294 ACC: 85.43 CR: 0.84 Avg R1: 2.00 Avg R2: 2.37 Avg Reward: 4.364443
2026-05-16 18:43:02 [INFO] EPOCH:38, ======================CR:0.84552====================
2026-05-16 18:43:02 [INFO] -0.008011689027768602
2026-05-16 18:43:04 [INFO] EPOCH:38, ======================ACC:88.0====================
2026-05-16 18:43:04 [INFO] BEST EPOCH:38,BEST ACC:88.0
2026-05-16 18:43:21 [INFO] Epoch: 39 [12800/50000 (26%)]	 Training Loss: 0.287 ACC: 85.84 CR: 0.85 Avg R1: 1.93 Avg R2: 2.39 Avg Reward: 4.315563
2026-05-16 18:43:38 [INFO] Epoch: 39 [25600/50000 (51%)]	 Training Loss: 0.287 ACC: 86.00 CR: 0.85 Avg R1: 1.91 Avg R2: 2.39 Avg Reward: 4.297050
2026-05-16 18:43:56 [INFO] Epoch: 39 [38400/50000 (77%)]	 Training Loss: 0.291 ACC: 85.91 CR: 0.86 Avg R1: 1.87 Avg R2: 2.40 Avg Reward: 4.270009
2026-05-16 18:44:11 [INFO] EPOCH:39, ======================CR:0.86382====================
2026-05-16 18:44:11 [INFO] -0.01863296757409789
2026-05-16 18:44:13 [INFO] EPOCH:39, ======================ACC:86.64====================
2026-05-16 18:44:13 [INFO] BEST EPOCH:38,BEST ACC:88.0
2026-05-16 18:44:30 [INFO] Epoch: 40 [12800/50000 (26%)]	 Training Loss: 0.284 ACC: 86.06 CR: 0.86 Avg R1: 1.74 Avg R2: 2.43 Avg Reward: 4.173882
2026-05-16 18:44:46 [INFO] Epoch: 40 [25600/50000 (51%)]	 Training Loss: 0.284 ACC: 85.74 CR: 0.84 Avg R1: 1.81 Avg R2: 2.42 Avg Reward: 4.231146
2026-05-16 18:45:01 [INFO] Epoch: 40 [38400/50000 (77%)]	 Training Loss: 0.282 ACC: 85.69 CR: 0.83 Avg R1: 1.89 Avg R2: 2.41 Avg Reward: 4.295832
2026-05-16 18:45:17 [INFO] EPOCH:40, ======================CR:0.81528====================
2026-05-16 18:45:17 [INFO] -0.030639482149327175
2026-05-16 18:45:19 [INFO] EPOCH:40, ======================ACC:85.26====================
2026-05-16 18:45:19 [INFO] BEST EPOCH:38,BEST ACC:88.0
2026-05-16 18:45:36 [INFO] Epoch: 41 [12800/50000 (26%)]	 Training Loss: 0.269 ACC: 85.96 CR: 0.81 Avg R1: 2.32 Avg R2: 2.31 Avg Reward: 4.625945
2026-05-16 18:45:53 [INFO] Epoch: 41 [25600/50000 (51%)]	 Training Loss: 0.265 ACC: 86.37 CR: 0.81 Avg R1: 2.32 Avg R2: 2.30 Avg Reward: 4.628614
2026-05-16 18:46:09 [INFO] Epoch: 41 [38400/50000 (77%)]	 Training Loss: 0.263 ACC: 86.39 CR: 0.81 Avg R1: 2.33 Avg R2: 2.30 Avg Reward: 4.636873
2026-05-16 18:46:24 [INFO] EPOCH:41, ======================CR:0.8126====================
2026-05-16 18:46:24 [INFO] -0.03579617382450509
2026-05-16 18:46:26 [INFO] EPOCH:41, ======================ACC:85.01====================
2026-05-16 18:46:26 [INFO] BEST EPOCH:38,BEST ACC:88.0
2026-05-16 18:46:44 [INFO] Epoch: 42 [12800/50000 (26%)]	 Training Loss: 0.260 ACC: 86.64 CR: 0.81 Avg R1: 2.34 Avg R2: 2.31 Avg Reward: 4.647918
2026-05-16 18:47:00 [INFO] Epoch: 42 [25600/50000 (51%)]	 Training Loss: 0.264 ACC: 86.29 CR: 0.81 Avg R1: 2.33 Avg R2: 2.31 Avg Reward: 4.640376
2026-05-16 18:47:16 [INFO] Epoch: 42 [38400/50000 (77%)]	 Training Loss: 0.264 ACC: 86.34 CR: 0.81 Avg R1: 2.35 Avg R2: 2.31 Avg Reward: 4.655422
2026-05-16 18:47:32 [INFO] EPOCH:42, ======================CR:0.80376====================
2026-05-16 18:47:32 [INFO] -0.022005318330961678
2026-05-16 18:47:33 [INFO] EPOCH:42, ======================ACC:86.83====================
2026-05-16 18:47:33 [INFO] BEST EPOCH:38,BEST ACC:88.0
2026-05-16 18:47:50 [INFO] Epoch: 43 [12800/50000 (26%)]	 Training Loss: 0.264 ACC: 86.38 CR: 0.80 Avg R1: 2.45 Avg R2: 2.30 Avg Reward: 4.749704
2026-05-16 18:48:06 [INFO] Epoch: 43 [25600/50000 (51%)]	 Training Loss: 0.263 ACC: 86.41 CR: 0.80 Avg R1: 2.45 Avg R2: 2.30 Avg Reward: 4.746029
2026-05-16 18:48:23 [INFO] Epoch: 43 [38400/50000 (77%)]	 Training Loss: 0.262 ACC: 86.45 CR: 0.80 Avg R1: 2.45 Avg R2: 2.30 Avg Reward: 4.747506
2026-05-16 18:48:38 [INFO] EPOCH:43, ======================CR:0.79964====================
2026-05-16 18:48:38 [INFO] -0.03678656774200049
2026-05-16 18:48:40 [INFO] EPOCH:43, ======================ACC:83.82====================
2026-05-16 18:48:40 [INFO] BEST EPOCH:38,BEST ACC:88.0
2026-05-16 18:48:56 [INFO] Epoch: 44 [12800/50000 (26%)]	 Training Loss: 0.250 ACC: 86.63 CR: 0.79 Avg R1: 2.55 Avg R2: 2.28 Avg Reward: 4.824784
2026-05-16 18:49:14 [INFO] Epoch: 44 [25600/50000 (51%)]	 Training Loss: 0.253 ACC: 86.64 CR: 0.78 Avg R1: 2.60 Avg R2: 2.27 Avg Reward: 4.872344
2026-05-16 18:49:30 [INFO] Epoch: 44 [38400/50000 (77%)]	 Training Loss: 0.254 ACC: 86.66 CR: 0.79 Avg R1: 2.63 Avg R2: 2.26 Avg Reward: 4.893304
2026-05-16 18:49:45 [INFO] EPOCH:44, ======================CR:0.7898====================
2026-05-16 18:49:45 [INFO] -0.03947864427972394
2026-05-16 18:49:47 [INFO] EPOCH:44, ======================ACC:82.26====================
2026-05-16 18:49:47 [INFO] BEST EPOCH:38,BEST ACC:88.0
2026-05-16 18:50:04 [INFO] Epoch: 45 [12800/50000 (26%)]	 Training Loss: 0.248 ACC: 86.95 CR: 0.79 Avg R1: 2.63 Avg R2: 2.24 Avg Reward: 4.878349
2026-05-16 18:50:21 [INFO] Epoch: 45 [25600/50000 (51%)]	 Training Loss: 0.252 ACC: 86.68 CR: 0.79 Avg R1: 2.64 Avg R2: 2.24 Avg Reward: 4.881902
2026-05-16 18:50:38 [INFO] Epoch: 45 [38400/50000 (77%)]	 Training Loss: 0.256 ACC: 86.49 CR: 0.78 Avg R1: 2.65 Avg R2: 2.24 Avg Reward: 4.893652
2026-05-16 18:50:53 [INFO] EPOCH:45, ======================CR:0.78656====================
2026-05-16 18:50:53 [INFO] -0.03278321527614126
2026-05-16 18:50:55 [INFO] EPOCH:45, ======================ACC:86.27====================
2026-05-16 18:50:55 [INFO] BEST EPOCH:38,BEST ACC:88.0
2026-05-16 18:51:12 [INFO] Epoch: 46 [12800/50000 (26%)]	 Training Loss: 0.248 ACC: 86.92 CR: 0.78 Avg R1: 2.70 Avg R2: 2.22 Avg Reward: 4.913712
2026-05-16 18:51:28 [INFO] Epoch: 46 [25600/50000 (51%)]	 Training Loss: 0.244 ACC: 87.01 CR: 0.78 Avg R1: 2.73 Avg R2: 2.21 Avg Reward: 4.938609
2026-05-16 18:51:44 [INFO] Epoch: 46 [38400/50000 (77%)]	 Training Loss: 0.244 ACC: 87.16 CR: 0.78 Avg R1: 2.76 Avg R2: 2.20 Avg Reward: 4.960822
2026-05-16 18:52:00 [INFO] EPOCH:46, ======================CR:0.778====================
2026-05-16 18:52:00 [INFO] -0.03993418323026039
2026-05-16 18:52:01 [INFO] EPOCH:46, ======================ACC:85.41====================
2026-05-16 18:52:01 [INFO] BEST EPOCH:38,BEST ACC:88.0
2026-05-16 18:52:18 [INFO] Epoch: 47 [12800/50000 (26%)]	 Training Loss: 0.259 ACC: 86.43 CR: 0.78 Avg R1: 2.74 Avg R2: 2.22 Avg Reward: 4.958247
2026-05-16 18:52:36 [INFO] Epoch: 47 [25600/50000 (51%)]	 Training Loss: 0.260 ACC: 86.37 CR: 0.79 Avg R1: 2.71 Avg R2: 2.22 Avg Reward: 4.930267
2026-05-16 18:52:53 [INFO] Epoch: 47 [38400/50000 (77%)]	 Training Loss: 0.262 ACC: 86.26 CR: 0.79 Avg R1: 2.68 Avg R2: 2.23 Avg Reward: 4.912060
2026-05-16 18:53:09 [INFO] EPOCH:47, ======================CR:0.79386====================
2026-05-16 18:53:09 [INFO] -0.023023677126153535
2026-05-16 18:53:11 [INFO] EPOCH:47, ======================ACC:83.41====================
2026-05-16 18:53:11 [INFO] BEST EPOCH:38,BEST ACC:88.0
2026-05-16 18:53:31 [INFO] Epoch: 48 [12800/50000 (26%)]	 Training Loss: 0.253 ACC: 87.04 CR: 0.79 Avg R1: 2.58 Avg R2: 2.25 Avg Reward: 4.831213
2026-05-16 18:53:48 [INFO] Epoch: 48 [25600/50000 (51%)]	 Training Loss: 0.246 ACC: 87.02 CR: 0.78 Avg R1: 2.62 Avg R2: 2.24 Avg Reward: 4.861171
2026-05-16 18:54:05 [INFO] Epoch: 48 [38400/50000 (77%)]	 Training Loss: 0.240 ACC: 87.18 CR: 0.77 Avg R1: 2.69 Avg R2: 2.23 Avg Reward: 4.917172
2026-05-16 18:54:19 [INFO] EPOCH:48, ======================CR:0.74522====================
2026-05-16 18:54:19 [INFO] -0.022780138446751034
2026-05-16 18:54:21 [INFO] EPOCH:48, ======================ACC:86.69====================
2026-05-16 18:54:21 [INFO] BEST EPOCH:38,BEST ACC:88.0
2026-05-16 18:54:39 [INFO] Epoch: 49 [12800/50000 (26%)]	 Training Loss: 0.244 ACC: 86.89 CR: 0.75 Avg R1: 3.17 Avg R2: 2.14 Avg Reward: 5.315377
2026-05-16 18:54:57 [INFO] Epoch: 49 [25600/50000 (51%)]	 Training Loss: 0.235 ACC: 87.18 CR: 0.75 Avg R1: 3.17 Avg R2: 2.14 Avg Reward: 5.310710
2026-05-16 18:55:18 [INFO] Epoch: 49 [38400/50000 (77%)]	 Training Loss: 0.237 ACC: 87.01 CR: 0.75 Avg R1: 3.15 Avg R2: 2.14 Avg Reward: 5.296806
2026-05-16 18:55:36 [INFO] EPOCH:49, ======================CR:0.75472====================
2026-05-16 18:55:36 [INFO] -0.022952981292434994
2026-05-16 18:55:38 [INFO] EPOCH:49, ======================ACC:87.72====================
2026-05-16 18:55:38 [INFO] BEST EPOCH:38,BEST ACC:88.0
2026-05-16 18:56:00 [INFO] Epoch: 50 [12800/50000 (26%)]	 Training Loss: 0.229 ACC: 87.02 CR: 0.75 Avg R1: 3.12 Avg R2: 2.15 Avg Reward: 5.270517
2026-05-16 18:56:17 [INFO] Epoch: 50 [25600/50000 (51%)]	 Training Loss: 0.233 ACC: 86.84 CR: 0.73 Avg R1: 3.18 Avg R2: 2.14 Avg Reward: 5.323313
2026-05-16 18:56:38 [INFO] Epoch: 50 [38400/50000 (77%)]	 Training Loss: 0.227 ACC: 87.08 CR: 0.70 Avg R1: 3.30 Avg R2: 2.12 Avg Reward: 5.420982
2026-05-16 18:56:53 [INFO] EPOCH:50, ======================CR:0.66768====================
2026-05-16 18:56:53 [INFO] -0.013848844879783894
2026-05-16 18:56:55 [INFO] EPOCH:50, ======================ACC:89.05====================
2026-05-16 18:56:55 [INFO] BEST EPOCH:50,BEST ACC:89.05
2026-05-16 18:57:11 [INFO] Epoch: 51 [12800/50000 (26%)]	 Training Loss: 0.184 ACC: 87.82 CR: 0.64 Avg R1: 4.31 Avg R2: 1.95 Avg Reward: 6.259218
2026-05-16 18:57:28 [INFO] Epoch: 51 [25600/50000 (51%)]	 Training Loss: 0.182 ACC: 88.06 CR: 0.62 Avg R1: 4.46 Avg R2: 1.93 Avg Reward: 6.385398
2026-05-16 18:57:45 [INFO] Epoch: 51 [38400/50000 (77%)]	 Training Loss: 0.183 ACC: 87.92 CR: 0.59 Avg R1: 4.61 Avg R2: 1.90 Avg Reward: 6.505294
2026-05-16 18:58:01 [INFO] EPOCH:51, ======================CR:0.56722====================
2026-05-16 18:58:01 [INFO] -0.031447933014124144
2026-05-16 18:58:03 [INFO] EPOCH:51, ======================ACC:87.27====================
2026-05-16 18:58:03 [INFO] BEST EPOCH:50,BEST ACC:89.05
2026-05-16 18:58:20 [INFO] Epoch: 52 [12800/50000 (26%)]	 Training Loss: 0.179 ACC: 88.09 CR: 0.56 Avg R1: 4.70 Avg R2: 1.74 Avg Reward: 6.443684
2026-05-16 18:58:36 [INFO] Epoch: 52 [25600/50000 (51%)]	 Training Loss: 0.181 ACC: 87.91 CR: 0.56 Avg R1: 4.68 Avg R2: 1.74 Avg Reward: 6.413509
2026-05-16 18:58:55 [INFO] Epoch: 52 [38400/50000 (77%)]	 Training Loss: 0.183 ACC: 87.75 CR: 0.55 Avg R1: 4.66 Avg R2: 1.73 Avg Reward: 6.392486
2026-05-16 18:59:12 [INFO] EPOCH:52, ======================CR:0.55154====================
2026-05-16 18:59:12 [INFO] -0.02783663061178901
2026-05-16 18:59:14 [INFO] EPOCH:52, ======================ACC:85.56====================
2026-05-16 18:59:14 [INFO] BEST EPOCH:50,BEST ACC:89.05
2026-05-16 18:59:33 [INFO] Epoch: 53 [12800/50000 (26%)]	 Training Loss: 0.187 ACC: 88.16 CR: 0.56 Avg R1: 4.63 Avg R2: 1.73 Avg Reward: 6.352892
2026-05-16 18:59:50 [INFO] Epoch: 53 [25600/50000 (51%)]	 Training Loss: 0.188 ACC: 88.33 CR: 0.57 Avg R1: 4.66 Avg R2: 1.74 Avg Reward: 6.400045
2026-05-16 19:00:07 [INFO] Epoch: 53 [38400/50000 (77%)]	 Training Loss: 0.193 ACC: 87.85 CR: 0.58 Avg R1: 4.71 Avg R2: 1.75 Avg Reward: 6.461434
2026-05-16 19:00:21 [INFO] EPOCH:53, ======================CR:0.60026====================
2026-05-16 19:00:21 [INFO] -0.037592239393116934
2026-05-16 19:00:23 [INFO] EPOCH:53, ======================ACC:82.12====================
2026-05-16 19:00:23 [INFO] BEST EPOCH:50,BEST ACC:89.05
2026-05-16 19:00:23 [INFO] Saving Masks: current CR 0.6003 target CR 0.6000
2026-05-16 19:00:23 [INFO] Updated candidate mask pretrained-rescale_mask_best-acc_60_05161757_resnet18 at epoch 53 with acc 82.1200
2026-05-16 19:00:41 [INFO] Epoch: 54 [12800/50000 (26%)]	 Training Loss: 0.199 ACC: 87.55 CR: 0.60 Avg R1: 4.98 Avg R2: 1.81 Avg Reward: 6.782138
2026-05-16 19:00:59 [INFO] Epoch: 54 [25600/50000 (51%)]	 Training Loss: 0.192 ACC: 87.80 CR: 0.59 Avg R1: 4.98 Avg R2: 1.80 Avg Reward: 6.779507
2026-05-16 19:01:16 [INFO] Epoch: 54 [38400/50000 (77%)]	 Training Loss: 0.193 ACC: 87.82 CR: 0.59 Avg R1: 4.97 Avg R2: 1.80 Avg Reward: 6.761948
2026-05-16 19:01:31 [INFO] EPOCH:54, ======================CR:0.58282====================
2026-05-16 19:01:31 [INFO] -0.031696525900557625
2026-05-16 19:01:33 [INFO] EPOCH:54, ======================ACC:87.91====================
2026-05-16 19:01:33 [INFO] BEST EPOCH:53,BEST ACC:89.05
2026-05-16 19:01:51 [INFO] Epoch: 55 [12800/50000 (26%)]	 Training Loss: 0.182 ACC: 88.32 CR: 0.58 Avg R1: 4.85 Avg R2: 1.77 Avg Reward: 6.620321
2026-05-16 19:02:08 [INFO] Epoch: 55 [25600/50000 (51%)]	 Training Loss: 0.186 ACC: 87.96 CR: 0.58 Avg R1: 4.83 Avg R2: 1.76 Avg Reward: 6.599698
2026-05-16 19:02:25 [INFO] Epoch: 55 [38400/50000 (77%)]	 Training Loss: 0.190 ACC: 87.71 CR: 0.57 Avg R1: 4.82 Avg R2: 1.76 Avg Reward: 6.581340
2026-05-16 19:02:44 [INFO] EPOCH:55, ======================CR:0.5744====================
2026-05-16 19:02:44 [INFO] -0.024361032828679432
2026-05-16 19:02:46 [INFO] EPOCH:55, ======================ACC:85.72====================
2026-05-16 19:02:46 [INFO] BEST EPOCH:53,BEST ACC:89.05
2026-05-16 19:03:07 [INFO] Epoch: 56 [12800/50000 (26%)]	 Training Loss: 0.194 ACC: 87.77 CR: 0.58 Avg R1: 4.79 Avg R2: 1.75 Avg Reward: 6.545508
2026-05-16 19:03:27 [INFO] Epoch: 56 [25600/50000 (51%)]	 Training Loss: 0.198 ACC: 87.68 CR: 0.59 Avg R1: 4.82 Avg R2: 1.76 Avg Reward: 6.579411
2026-05-16 19:03:46 [INFO] Epoch: 56 [38400/50000 (77%)]	 Training Loss: 0.197 ACC: 87.67 CR: 0.60 Avg R1: 4.86 Avg R2: 1.77 Avg Reward: 6.625853
2026-05-16 19:04:03 [INFO] EPOCH:56, ======================CR:0.59692====================
2026-05-16 19:04:03 [INFO] -0.030059960730053695
2026-05-16 19:04:05 [INFO] EPOCH:56, ======================ACC:87.61====================
2026-05-16 19:04:05 [INFO] BEST EPOCH:53,BEST ACC:89.05
2026-05-16 19:04:05 [INFO] Saving Masks: current CR 0.5969 target CR 0.6000
2026-05-16 19:04:05 [INFO] Updated candidate mask pretrained-rescale_mask_best-acc_60_05161757_resnet18 at epoch 56 with acc 87.6100
2026-05-16 19:04:23 [INFO] Epoch: 57 [12800/50000 (26%)]	 Training Loss: 0.199 ACC: 87.15 CR: 0.59 Avg R1: 4.94 Avg R2: 1.79 Avg Reward: 6.733816
2026-05-16 19:04:41 [INFO] Epoch: 57 [25600/50000 (51%)]	 Training Loss: 0.194 ACC: 87.56 CR: 0.58 Avg R1: 4.91 Avg R2: 1.79 Avg Reward: 6.698207
2026-05-16 19:05:01 [INFO] Epoch: 57 [38400/50000 (77%)]	 Training Loss: 0.196 ACC: 87.40 CR: 0.58 Avg R1: 4.88 Avg R2: 1.78 Avg Reward: 6.661486
2026-05-16 19:05:18 [INFO] EPOCH:57, ======================CR:0.57422====================
2026-05-16 19:05:18 [INFO] -0.024181553846073987
2026-05-16 19:05:20 [INFO] EPOCH:57, ======================ACC:87.79====================
2026-05-16 19:05:20 [INFO] BEST EPOCH:56,BEST ACC:89.05
2026-05-16 19:05:39 [INFO] Epoch: 58 [12800/50000 (26%)]	 Training Loss: 0.196 ACC: 87.83 CR: 0.58 Avg R1: 4.81 Avg R2: 1.77 Avg Reward: 6.577198
2026-05-16 19:05:59 [INFO] Epoch: 58 [25600/50000 (51%)]	 Training Loss: 0.192 ACC: 87.85 CR: 0.58 Avg R1: 4.82 Avg R2: 1.77 Avg Reward: 6.585628
2026-05-16 19:06:17 [INFO] Epoch: 58 [38400/50000 (77%)]	 Training Loss: 0.192 ACC: 87.70 CR: 0.58 Avg R1: 4.83 Avg R2: 1.77 Avg Reward: 6.595913
2026-05-16 19:06:35 [INFO] EPOCH:58, ======================CR:0.58788====================
2026-05-16 19:06:35 [INFO] -0.04078964171433077
2026-05-16 19:06:37 [INFO] EPOCH:58, ======================ACC:87.62====================
2026-05-16 19:06:37 [INFO] BEST EPOCH:56,BEST ACC:89.05
2026-05-16 19:06:55 [INFO] Epoch: 59 [12800/50000 (26%)]	 Training Loss: 0.186 ACC: 88.05 CR: 0.59 Avg R1: 4.90 Avg R2: 1.77 Avg Reward: 6.668664
2026-05-16 19:07:13 [INFO] Epoch: 59 [25600/50000 (51%)]	 Training Loss: 0.186 ACC: 88.07 CR: 0.58 Avg R1: 4.88 Avg R2: 1.77 Avg Reward: 6.646603
2026-05-16 19:07:30 [INFO] Epoch: 59 [38400/50000 (77%)]	 Training Loss: 0.194 ACC: 87.62 CR: 0.58 Avg R1: 4.87 Avg R2: 1.77 Avg Reward: 6.630975
2026-05-16 19:07:48 [INFO] EPOCH:59, ======================CR:0.58602====================
2026-05-16 19:07:48 [INFO] -0.03729992160755851
2026-05-16 19:07:50 [INFO] EPOCH:59, ======================ACC:85.67====================
2026-05-16 19:07:50 [INFO] BEST EPOCH:56,BEST ACC:89.05
2026-05-16 19:08:09 [INFO] Epoch: 60 [12800/50000 (26%)]	 Training Loss: 0.198 ACC: 87.27 CR: 0.59 Avg R1: 4.89 Avg R2: 1.78 Avg Reward: 6.675032
2026-05-16 19:08:26 [INFO] Epoch: 60 [25600/50000 (51%)]	 Training Loss: 0.199 ACC: 87.24 CR: 0.59 Avg R1: 4.91 Avg R2: 1.79 Avg Reward: 6.693360
2026-05-16 19:08:42 [INFO] Epoch: 60 [38400/50000 (77%)]	 Training Loss: 0.195 ACC: 87.52 CR: 0.59 Avg R1: 4.92 Avg R2: 1.79 Avg Reward: 6.710161
2026-05-16 19:08:58 [INFO] EPOCH:60, ======================CR:0.5919====================
2026-05-16 19:08:58 [INFO] -0.041374635201855754
2026-05-16 19:09:00 [INFO] EPOCH:60, ======================ACC:87.61====================
2026-05-16 19:09:00 [INFO] BEST EPOCH:56,BEST ACC:89.05
2026-05-16 19:09:00 [INFO] Saving Masks: current CR 0.5919 target CR 0.6000
2026-05-16 19:09:00 [INFO] Updated candidate mask pretrained-rescale_mask_best-acc_60_05161757_resnet18 at epoch 60 with acc 87.6100
2026-05-16 19:09:20 [INFO] Epoch: 61 [12800/50000 (26%)]	 Training Loss: 0.202 ACC: 87.31 CR: 0.59 Avg R1: 4.94 Avg R2: 1.78 Avg Reward: 6.718000
2026-05-16 19:09:39 [INFO] Epoch: 61 [25600/50000 (51%)]	 Training Loss: 0.198 ACC: 87.62 CR: 0.60 Avg R1: 4.96 Avg R2: 1.78 Avg Reward: 6.736935
2026-05-16 19:09:56 [INFO] Epoch: 61 [38400/50000 (77%)]	 Training Loss: 0.201 ACC: 87.43 CR: 0.60 Avg R1: 4.96 Avg R2: 1.79 Avg Reward: 6.747412
2026-05-16 19:10:11 [INFO] EPOCH:61, ======================CR:0.61072====================
2026-05-16 19:10:11 [INFO] -0.03749277426417488
2026-05-16 19:10:13 [INFO] EPOCH:61, ======================ACC:88.91====================
2026-05-16 19:10:13 [INFO] BEST EPOCH:60,BEST ACC:89.05
2026-05-16 19:10:30 [INFO] Epoch: 62 [12800/50000 (26%)]	 Training Loss: 0.207 ACC: 87.29 CR: 0.61 Avg R1: 4.86 Avg R2: 1.82 Avg Reward: 6.678679
2026-05-16 19:10:48 [INFO] Epoch: 62 [25600/50000 (51%)]	 Training Loss: 0.207 ACC: 87.35 CR: 0.62 Avg R1: 4.82 Avg R2: 1.83 Avg Reward: 6.651151
2026-05-16 19:11:07 [INFO] Epoch: 62 [38400/50000 (77%)]	 Training Loss: 0.207 ACC: 87.28 CR: 0.62 Avg R1: 4.79 Avg R2: 1.83 Avg Reward: 6.626481
2026-05-16 19:11:22 [INFO] EPOCH:62, ======================CR:0.62134====================
2026-05-16 19:11:22 [INFO] -0.036611054858749895
2026-05-16 19:11:24 [INFO] EPOCH:62, ======================ACC:87.73====================
2026-05-16 19:11:24 [INFO] BEST EPOCH:60,BEST ACC:89.05
2026-05-16 19:11:41 [INFO] Epoch: 63 [12800/50000 (26%)]	 Training Loss: 0.196 ACC: 87.71 CR: 0.61 Avg R1: 4.77 Avg R2: 1.84 Avg Reward: 6.616614
2026-05-16 19:11:59 [INFO] Epoch: 63 [25600/50000 (51%)]	 Training Loss: 0.196 ACC: 87.69 CR: 0.61 Avg R1: 4.81 Avg R2: 1.84 Avg Reward: 6.648738
2026-05-16 19:12:16 [INFO] Epoch: 63 [38400/50000 (77%)]	 Training Loss: 0.195 ACC: 87.81 CR: 0.60 Avg R1: 4.85 Avg R2: 1.83 Avg Reward: 6.679335
2026-05-16 19:12:32 [INFO] EPOCH:63, ======================CR:0.59456====================
2026-05-16 19:12:32 [INFO] -0.040760179778125134
2026-05-16 19:12:33 [INFO] EPOCH:63, ======================ACC:88.67====================
2026-05-16 19:12:33 [INFO] BEST EPOCH:60,BEST ACC:89.05
2026-05-16 19:12:33 [INFO] Saving Masks: current CR 0.5946 target CR 0.6000
2026-05-16 19:12:33 [INFO] Updated candidate mask pretrained-rescale_mask_best-acc_60_05161757_resnet18 at epoch 63 with acc 88.6700
2026-05-16 19:12:51 [INFO] Epoch: 64 [12800/50000 (26%)]	 Training Loss: 0.186 ACC: 88.09 CR: 0.59 Avg R1: 4.94 Avg R2: 1.78 Avg Reward: 6.727699
2026-05-16 19:13:09 [INFO] Epoch: 64 [25600/50000 (51%)]	 Training Loss: 0.183 ACC: 88.39 CR: 0.59 Avg R1: 4.93 Avg R2: 1.78 Avg Reward: 6.713955
2026-05-16 19:13:26 [INFO] Epoch: 64 [38400/50000 (77%)]	 Training Loss: 0.187 ACC: 88.31 CR: 0.60 Avg R1: 4.93 Avg R2: 1.78 Avg Reward: 6.714398
2026-05-16 19:13:40 [INFO] EPOCH:64, ======================CR:0.61212====================
2026-05-16 19:13:40 [INFO] -0.039970277678669085
2026-05-16 19:13:42 [INFO] EPOCH:64, ======================ACC:85.4====================
2026-05-16 19:13:42 [INFO] BEST EPOCH:63,BEST ACC:89.05
2026-05-16 19:13:59 [INFO] Epoch: 65 [12800/50000 (26%)]	 Training Loss: 0.210 ACC: 87.48 CR: 0.62 Avg R1: 4.76 Avg R2: 1.83 Avg Reward: 6.592109
2026-05-16 19:14:18 [INFO] Epoch: 65 [25600/50000 (51%)]	 Training Loss: 0.203 ACC: 87.76 CR: 0.63 Avg R1: 4.70 Avg R2: 1.84 Avg Reward: 6.540245
2026-05-16 19:14:37 [INFO] Epoch: 65 [38400/50000 (77%)]	 Training Loss: 0.199 ACC: 88.03 CR: 0.63 Avg R1: 4.66 Avg R2: 1.84 Avg Reward: 6.507248
2026-05-16 19:14:52 [INFO] EPOCH:65, ======================CR:0.63036====================
2026-05-16 19:14:52 [INFO] -0.03610037173780525
2026-05-16 19:14:54 [INFO] EPOCH:65, ======================ACC:89.37====================
2026-05-16 19:14:54 [INFO] BEST EPOCH:65,BEST ACC:89.37
2026-05-16 19:15:10 [INFO] Epoch: 66 [12800/50000 (26%)]	 Training Loss: 0.191 ACC: 87.85 CR: 0.63 Avg R1: 4.65 Avg R2: 1.85 Avg Reward: 6.500198
2026-05-16 19:15:28 [INFO] Epoch: 66 [25600/50000 (51%)]	 Training Loss: 0.188 ACC: 88.02 CR: 0.62 Avg R1: 4.68 Avg R2: 1.85 Avg Reward: 6.531848
2026-05-16 19:15:45 [INFO] Epoch: 66 [38400/50000 (77%)]	 Training Loss: 0.189 ACC: 88.08 CR: 0.61 Avg R1: 4.74 Avg R2: 1.84 Avg Reward: 6.576821
2026-05-16 19:16:05 [INFO] EPOCH:66, ======================CR:0.59292====================
2026-05-16 19:16:05 [INFO] -0.03286969049798387
2026-05-16 19:16:07 [INFO] EPOCH:66, ======================ACC:87.39====================
2026-05-16 19:16:07 [INFO] BEST EPOCH:65,BEST ACC:89.37
2026-05-16 19:16:07 [INFO] Saving Masks: current CR 0.5929 target CR 0.6000
2026-05-16 19:16:27 [INFO] Epoch: 67 [12800/50000 (26%)]	 Training Loss: 0.177 ACC: 88.46 CR: 0.59 Avg R1: 4.91 Avg R2: 1.78 Avg Reward: 6.696765
2026-05-16 19:16:45 [INFO] Epoch: 67 [25600/50000 (51%)]	 Training Loss: 0.176 ACC: 88.78 CR: 0.58 Avg R1: 4.90 Avg R2: 1.78 Avg Reward: 6.682751
2026-05-16 19:17:02 [INFO] Epoch: 67 [38400/50000 (77%)]	 Training Loss: 0.180 ACC: 88.55 CR: 0.58 Avg R1: 4.89 Avg R2: 1.78 Avg Reward: 6.665578
2026-05-16 19:17:18 [INFO] EPOCH:67, ======================CR:0.5765====================
2026-05-16 19:17:18 [INFO] -0.022697191199688764
2026-05-16 19:17:20 [INFO] EPOCH:67, ======================ACC:85.96====================
2026-05-16 19:17:20 [INFO] BEST EPOCH:65,BEST ACC:89.37
2026-05-16 19:17:36 [INFO] Epoch: 68 [12800/50000 (26%)]	 Training Loss: 0.183 ACC: 88.49 CR: 0.58 Avg R1: 4.82 Avg R2: 1.76 Avg Reward: 6.582413
2026-05-16 19:17:54 [INFO] Epoch: 68 [25600/50000 (51%)]	 Training Loss: 0.192 ACC: 88.30 CR: 0.59 Avg R1: 4.85 Avg R2: 1.76 Avg Reward: 6.613221
2026-05-16 19:18:11 [INFO] Epoch: 68 [38400/50000 (77%)]	 Training Loss: 0.192 ACC: 88.31 CR: 0.60 Avg R1: 4.89 Avg R2: 1.77 Avg Reward: 6.661437
2026-05-16 19:18:26 [INFO] EPOCH:68, ======================CR:0.6195====================
2026-05-16 19:18:26 [INFO] -0.01790684298870658
2026-05-16 19:18:28 [INFO] EPOCH:68, ======================ACC:84.91====================
2026-05-16 19:18:28 [INFO] BEST EPOCH:65,BEST ACC:89.37
2026-05-16 19:18:43 [INFO] Epoch: 69 [12800/50000 (26%)]	 Training Loss: 0.199 ACC: 88.30 CR: 0.63 Avg R1: 4.71 Avg R2: 1.85 Avg Reward: 6.564742
2026-05-16 19:18:56 [INFO] Epoch: 69 [25600/50000 (51%)]	 Training Loss: 0.196 ACC: 88.24 CR: 0.63 Avg R1: 4.70 Avg R2: 1.85 Avg Reward: 6.551261
2026-05-16 19:19:15 [INFO] Epoch: 69 [38400/50000 (77%)]	 Training Loss: 0.194 ACC: 88.22 CR: 0.62 Avg R1: 4.70 Avg R2: 1.85 Avg Reward: 6.558186
2026-05-16 19:19:31 [INFO] EPOCH:69, ======================CR:0.61626====================
2026-05-16 19:19:31 [INFO] -0.0257329421092176
2026-05-16 19:19:33 [INFO] EPOCH:69, ======================ACC:88.37====================
2026-05-16 19:19:33 [INFO] BEST EPOCH:65,BEST ACC:89.37
2026-05-16 19:19:52 [INFO] Epoch: 70 [12800/50000 (26%)]	 Training Loss: 0.174 ACC: 89.00 CR: 0.61 Avg R1: 4.85 Avg R2: 1.83 Avg Reward: 6.675563
2026-05-16 19:20:12 [INFO] Epoch: 70 [25600/50000 (51%)]	 Training Loss: 0.173 ACC: 88.90 CR: 0.59 Avg R1: 4.91 Avg R2: 1.81 Avg Reward: 6.719915
2026-05-16 19:20:30 [INFO] Epoch: 70 [38400/50000 (77%)]	 Training Loss: 0.172 ACC: 88.96 CR: 0.58 Avg R1: 4.90 Avg R2: 1.80 Avg Reward: 6.702870
2026-05-16 19:20:47 [INFO] EPOCH:70, ======================CR:0.58112====================
2026-05-16 19:20:47 [INFO] -0.01327512908456223
2026-05-16 19:20:49 [INFO] EPOCH:70, ======================ACC:88.33====================
2026-05-16 19:20:49 [INFO] BEST EPOCH:65,BEST ACC:89.37
2026-05-16 19:21:05 [INFO] Epoch: 71 [12800/50000 (26%)]	 Training Loss: 0.180 ACC: 88.70 CR: 0.58 Avg R1: 4.85 Avg R2: 1.76 Avg Reward: 6.612756
2026-05-16 19:21:25 [INFO] Epoch: 71 [25600/50000 (51%)]	 Training Loss: 0.184 ACC: 88.58 CR: 0.59 Avg R1: 4.88 Avg R2: 1.76 Avg Reward: 6.648891
2026-05-16 19:21:41 [INFO] Epoch: 71 [38400/50000 (77%)]	 Training Loss: 0.182 ACC: 88.61 CR: 0.60 Avg R1: 4.91 Avg R2: 1.77 Avg Reward: 6.683025
2026-05-16 19:21:57 [INFO] EPOCH:71, ======================CR:0.60276====================
2026-05-16 19:21:57 [INFO] -0.012828951582316072
2026-05-16 19:21:59 [INFO] EPOCH:71, ======================ACC:89.18====================
2026-05-16 19:21:59 [INFO] BEST EPOCH:65,BEST ACC:89.37
2026-05-16 19:21:59 [INFO] Saving Masks: current CR 0.6028 target CR 0.6000
2026-05-16 19:21:59 [INFO] Updated candidate mask pretrained-rescale_mask_best-acc_60_05161757_resnet18 at epoch 71 with acc 89.1800
2026-05-16 19:22:18 [INFO] Epoch: 72 [12800/50000 (26%)]	 Training Loss: 0.191 ACC: 88.14 CR: 0.60 Avg R1: 4.96 Avg R2: 1.79 Avg Reward: 6.753570
2026-05-16 19:22:38 [INFO] Epoch: 72 [25600/50000 (51%)]	 Training Loss: 0.188 ACC: 88.24 CR: 0.60 Avg R1: 4.95 Avg R2: 1.80 Avg Reward: 6.748236
2026-05-16 19:22:57 [INFO] Epoch: 72 [38400/50000 (77%)]	 Training Loss: 0.188 ACC: 88.35 CR: 0.60 Avg R1: 4.95 Avg R2: 1.80 Avg Reward: 6.743861
2026-05-16 19:23:15 [INFO] EPOCH:72, ======================CR:0.60898====================
2026-05-16 19:23:15 [INFO] -0.022025889617044776
2026-05-16 19:23:17 [INFO] EPOCH:72, ======================ACC:87.56====================
2026-05-16 19:23:17 [INFO] BEST EPOCH:71,BEST ACC:89.37
2026-05-16 19:23:17 [INFO] Saving Masks: current CR 0.6090 target CR 0.6000
2026-05-16 19:23:36 [INFO] Epoch: 73 [12800/50000 (26%)]	 Training Loss: 0.175 ACC: 89.16 CR: 0.61 Avg R1: 4.86 Avg R2: 1.81 Avg Reward: 6.676485
2026-05-16 19:23:53 [INFO] Epoch: 73 [25600/50000 (51%)]	 Training Loss: 0.182 ACC: 88.70 CR: 0.61 Avg R1: 4.87 Avg R2: 1.81 Avg Reward: 6.680862
2026-05-16 19:24:09 [INFO] Epoch: 73 [38400/50000 (77%)]	 Training Loss: 0.182 ACC: 88.64 CR: 0.60 Avg R1: 4.89 Avg R2: 1.81 Avg Reward: 6.697141
2026-05-16 19:24:27 [INFO] EPOCH:73, ======================CR:0.59496====================
2026-05-16 19:24:27 [INFO] -0.028166656996897646
2026-05-16 19:24:29 [INFO] EPOCH:73, ======================ACC:86.98====================
2026-05-16 19:24:29 [INFO] BEST EPOCH:71,BEST ACC:89.37
2026-05-16 19:24:29 [INFO] Saving Masks: current CR 0.5950 target CR 0.6000
2026-05-16 19:24:45 [INFO] Epoch: 74 [12800/50000 (26%)]	 Training Loss: 0.167 ACC: 89.46 CR: 0.59 Avg R1: 4.94 Avg R2: 1.78 Avg Reward: 6.720943
2026-05-16 19:25:01 [INFO] Epoch: 74 [25600/50000 (51%)]	 Training Loss: 0.167 ACC: 89.18 CR: 0.59 Avg R1: 4.92 Avg R2: 1.77 Avg Reward: 6.698732
2026-05-16 19:25:18 [INFO] Epoch: 74 [38400/50000 (77%)]	 Training Loss: 0.169 ACC: 89.07 CR: 0.58 Avg R1: 4.90 Avg R2: 1.77 Avg Reward: 6.668090
2026-05-16 19:25:35 [INFO] EPOCH:74, ======================CR:0.57062====================
2026-05-16 19:25:35 [INFO] -0.02515309785306344
2026-05-16 19:25:37 [INFO] EPOCH:74, ======================ACC:89.18====================
2026-05-16 19:25:37 [INFO] BEST EPOCH:71,BEST ACC:89.37
2026-05-16 19:25:55 [INFO] Epoch: 75 [12800/50000 (26%)]	 Training Loss: 0.162 ACC: 89.52 CR: 0.56 Avg R1: 4.72 Avg R2: 1.72 Avg Reward: 6.439860
2026-05-16 19:26:11 [INFO] Epoch: 75 [25600/50000 (51%)]	 Training Loss: 0.168 ACC: 89.27 CR: 0.57 Avg R1: 4.71 Avg R2: 1.72 Avg Reward: 6.426987
2026-05-16 19:26:29 [INFO] Epoch: 75 [38400/50000 (77%)]	 Training Loss: 0.170 ACC: 89.19 CR: 0.57 Avg R1: 4.72 Avg R2: 1.72 Avg Reward: 6.430251
2026-05-16 19:26:47 [INFO] EPOCH:75, ======================CR:0.56994====================
2026-05-16 19:26:47 [INFO] -0.026587023474387832
2026-05-16 19:26:49 [INFO] EPOCH:75, ======================ACC:86.07====================
2026-05-16 19:26:49 [INFO] BEST EPOCH:71,BEST ACC:89.37
2026-05-16 19:27:07 [INFO] Epoch: 76 [12800/50000 (26%)]	 Training Loss: 0.178 ACC: 88.76 CR: 0.57 Avg R1: 4.75 Avg R2: 1.72 Avg Reward: 6.468260
2026-05-16 19:27:24 [INFO] Epoch: 76 [25600/50000 (51%)]	 Training Loss: 0.177 ACC: 88.72 CR: 0.57 Avg R1: 4.76 Avg R2: 1.72 Avg Reward: 6.481396
2026-05-16 19:27:40 [INFO] Epoch: 76 [38400/50000 (77%)]	 Training Loss: 0.178 ACC: 88.74 CR: 0.58 Avg R1: 4.76 Avg R2: 1.73 Avg Reward: 6.491093
2026-05-16 19:27:57 [INFO] EPOCH:76, ======================CR:0.57822====================
2026-05-16 19:27:57 [INFO] -0.028400942875156925
2026-05-16 19:27:59 [INFO] EPOCH:76, ======================ACC:87.62====================
2026-05-16 19:27:59 [INFO] BEST EPOCH:71,BEST ACC:89.37
2026-05-16 19:28:17 [INFO] Epoch: 77 [12800/50000 (26%)]	 Training Loss: 0.176 ACC: 88.85 CR: 0.58 Avg R1: 4.83 Avg R2: 1.73 Avg Reward: 6.558460
2026-05-16 19:28:35 [INFO] Epoch: 77 [25600/50000 (51%)]	 Training Loss: 0.173 ACC: 88.98 CR: 0.58 Avg R1: 4.83 Avg R2: 1.73 Avg Reward: 6.560598
2026-05-16 19:28:51 [INFO] Epoch: 77 [38400/50000 (77%)]	 Training Loss: 0.173 ACC: 88.92 CR: 0.58 Avg R1: 4.82 Avg R2: 1.73 Avg Reward: 6.556637
2026-05-16 19:29:09 [INFO] EPOCH:77, ======================CR:0.57982====================
2026-05-16 19:29:09 [INFO] -0.022083500738208806
2026-05-16 19:29:12 [INFO] EPOCH:77, ======================ACC:87.34====================
2026-05-16 19:29:12 [INFO] BEST EPOCH:71,BEST ACC:89.37
2026-05-16 19:29:31 [INFO] Epoch: 78 [12800/50000 (26%)]	 Training Loss: 0.185 ACC: 88.81 CR: 0.58 Avg R1: 4.85 Avg R2: 1.74 Avg Reward: 6.589705
2026-05-16 19:29:47 [INFO] Epoch: 78 [25600/50000 (51%)]	 Training Loss: 0.183 ACC: 88.88 CR: 0.59 Avg R1: 4.88 Avg R2: 1.74 Avg Reward: 6.623733
2026-05-16 19:30:06 [INFO] Epoch: 78 [38400/50000 (77%)]	 Training Loss: 0.184 ACC: 88.98 CR: 0.61 Avg R1: 4.90 Avg R2: 1.75 Avg Reward: 6.654015
2026-05-16 19:30:24 [INFO] EPOCH:78, ======================CR:0.64084====================
2026-05-16 19:30:24 [INFO] -0.03996830975382956
2026-05-16 19:30:26 [INFO] EPOCH:78, ======================ACC:87.07====================
2026-05-16 19:30:26 [INFO] BEST EPOCH:71,BEST ACC:89.37
2026-05-16 19:30:47 [INFO] Epoch: 79 [12800/50000 (26%)]	 Training Loss: 0.201 ACC: 88.61 CR: 0.65 Avg R1: 4.41 Avg R2: 1.87 Avg Reward: 6.280532
2026-05-16 19:31:07 [INFO] Epoch: 79 [25600/50000 (51%)]	 Training Loss: 0.204 ACC: 88.47 CR: 0.67 Avg R1: 4.31 Avg R2: 1.88 Avg Reward: 6.190541
2026-05-16 19:31:25 [INFO] Epoch: 79 [38400/50000 (77%)]	 Training Loss: 0.203 ACC: 88.53 CR: 0.69 Avg R1: 4.19 Avg R2: 1.90 Avg Reward: 6.093501
2026-05-16 19:31:43 [INFO] EPOCH:79, ======================CR:0.69098====================
2026-05-16 19:31:43 [INFO] -0.033681859926501766
2026-05-16 19:31:45 [INFO] EPOCH:79, ======================ACC:87.06====================
2026-05-16 19:31:45 [INFO] BEST EPOCH:71,BEST ACC:89.37
2026-05-16 19:32:03 [INFO] Epoch: 80 [12800/50000 (26%)]	 Training Loss: 0.183 ACC: 88.78 CR: 0.68 Avg R1: 3.94 Avg R2: 1.95 Avg Reward: 5.887535
2026-05-16 19:32:22 [INFO] Epoch: 80 [25600/50000 (51%)]	 Training Loss: 0.184 ACC: 88.66 CR: 0.66 Avg R1: 4.04 Avg R2: 1.93 Avg Reward: 5.970170
2026-05-16 19:32:45 [INFO] Epoch: 80 [38400/50000 (77%)]	 Training Loss: 0.182 ACC: 88.84 CR: 0.64 Avg R1: 4.17 Avg R2: 1.91 Avg Reward: 6.076631
2026-05-16 19:33:02 [INFO] EPOCH:80, ======================CR:0.60932====================
2026-05-16 19:33:03 [INFO] -0.022621888793850947
2026-05-16 19:33:05 [INFO] EPOCH:80, ======================ACC:89.41====================
2026-05-16 19:33:05 [INFO] BEST EPOCH:80,BEST ACC:89.41
2026-05-16 19:33:05 [INFO] Saving Masks: current CR 0.6093 target CR 0.6000
2026-05-16 19:33:05 [INFO] Updated candidate mask pretrained-rescale_mask_best-acc_60_05161757_resnet18 at epoch 80 with acc 89.4100
2026-05-16 19:33:23 [INFO] Epoch: 81 [12800/50000 (26%)]	 Training Loss: 0.167 ACC: 89.49 CR: 0.60 Avg R1: 4.93 Avg R2: 1.79 Avg Reward: 6.724513
2026-05-16 19:33:39 [INFO] Epoch: 81 [25600/50000 (51%)]	 Training Loss: 0.164 ACC: 89.45 CR: 0.59 Avg R1: 4.95 Avg R2: 1.78 Avg Reward: 6.736597
2026-05-16 19:33:56 [INFO] Epoch: 81 [38400/50000 (77%)]	 Training Loss: 0.162 ACC: 89.52 CR: 0.58 Avg R1: 4.94 Avg R2: 1.77 Avg Reward: 6.708674
2026-05-16 19:34:12 [INFO] EPOCH:81, ======================CR:0.57308====================
2026-05-16 19:34:12 [INFO] -0.0161871246072227
2026-05-16 19:34:14 [INFO] EPOCH:81, ======================ACC:88.2====================
2026-05-16 19:34:14 [INFO] BEST EPOCH:80,BEST ACC:89.41
2026-05-16 19:34:29 [INFO] Epoch: 82 [12800/50000 (26%)]	 Training Loss: 0.172 ACC: 89.13 CR: 0.58 Avg R1: 4.80 Avg R2: 1.71 Avg Reward: 6.506951
2026-05-16 19:34:45 [INFO] Epoch: 82 [25600/50000 (51%)]	 Training Loss: 0.164 ACC: 89.66 CR: 0.58 Avg R1: 4.81 Avg R2: 1.71 Avg Reward: 6.518408
2026-05-16 19:35:01 [INFO] Epoch: 82 [38400/50000 (77%)]	 Training Loss: 0.165 ACC: 89.69 CR: 0.58 Avg R1: 4.81 Avg R2: 1.72 Avg Reward: 6.529362
2026-05-16 19:35:17 [INFO] EPOCH:82, ======================CR:0.58146====================
2026-05-16 19:35:17 [INFO] -0.01669107160816478
2026-05-16 19:35:19 [INFO] EPOCH:82, ======================ACC:89.72====================
2026-05-16 19:35:19 [INFO] BEST EPOCH:82,BEST ACC:89.72
2026-05-16 19:35:36 [INFO] Epoch: 83 [12800/50000 (26%)]	 Training Loss: 0.177 ACC: 89.27 CR: 0.58 Avg R1: 4.86 Avg R2: 1.73 Avg Reward: 6.588137
2026-05-16 19:35:51 [INFO] Epoch: 83 [25600/50000 (51%)]	 Training Loss: 0.172 ACC: 89.56 CR: 0.59 Avg R1: 4.88 Avg R2: 1.74 Avg Reward: 6.614623
2026-05-16 19:36:08 [INFO] Epoch: 83 [38400/50000 (77%)]	 Training Loss: 0.167 ACC: 89.73 CR: 0.59 Avg R1: 4.89 Avg R2: 1.74 Avg Reward: 6.632985
2026-05-16 19:36:22 [INFO] EPOCH:83, ======================CR:0.59128====================
2026-05-16 19:36:22 [INFO] -0.008793279989388275
2026-05-16 19:36:25 [INFO] EPOCH:83, ======================ACC:89.86====================
2026-05-16 19:36:25 [INFO] BEST EPOCH:83,BEST ACC:89.86
2026-05-16 19:36:25 [INFO] Saving Masks: current CR 0.5913 target CR 0.6000
2026-05-16 19:36:25 [INFO] Updated candidate mask pretrained-rescale_mask_best-acc_60_05161757_resnet18 at epoch 83 with acc 89.8600
2026-05-16 19:36:41 [INFO] Epoch: 84 [12800/50000 (26%)]	 Training Loss: 0.172 ACC: 89.48 CR: 0.60 Avg R1: 4.97 Avg R2: 1.75 Avg Reward: 6.715608
2026-05-16 19:36:58 [INFO] Epoch: 84 [25600/50000 (51%)]	 Training Loss: 0.171 ACC: 89.56 CR: 0.61 Avg R1: 4.97 Avg R2: 1.76 Avg Reward: 6.721937
2026-05-16 19:37:15 [INFO] Epoch: 84 [38400/50000 (77%)]	 Training Loss: 0.167 ACC: 89.82 CR: 0.61 Avg R1: 4.95 Avg R2: 1.76 Avg Reward: 6.710314
2026-05-16 19:37:30 [INFO] EPOCH:84, ======================CR:0.60816====================
2026-05-16 19:37:30 [INFO] -0.011713433867898903
2026-05-16 19:37:32 [INFO] EPOCH:84, ======================ACC:88.18====================
2026-05-16 19:37:32 [INFO] BEST EPOCH:83,BEST ACC:89.86
2026-05-16 19:37:32 [INFO] Saving Masks: current CR 0.6082 target CR 0.6000
2026-05-16 19:37:51 [INFO] Epoch: 85 [12800/50000 (26%)]	 Training Loss: 0.158 ACC: 89.95 CR: 0.60 Avg R1: 4.92 Avg R2: 1.77 Avg Reward: 6.697390
2026-05-16 19:38:07 [INFO] Epoch: 85 [25600/50000 (51%)]	 Training Loss: 0.161 ACC: 89.76 CR: 0.60 Avg R1: 4.95 Avg R2: 1.77 Avg Reward: 6.718510
2026-05-16 19:38:24 [INFO] Epoch: 85 [38400/50000 (77%)]	 Training Loss: 0.163 ACC: 89.62 CR: 0.59 Avg R1: 4.95 Avg R2: 1.76 Avg Reward: 6.711571
2026-05-16 19:38:42 [INFO] EPOCH:85, ======================CR:0.58998====================
2026-05-16 19:38:42 [INFO] -0.010635417879942882
2026-05-16 19:38:44 [INFO] EPOCH:85, ======================ACC:89.68====================
2026-05-16 19:38:44 [INFO] BEST EPOCH:83,BEST ACC:89.86
2026-05-16 19:39:06 [INFO] Epoch: 86 [12800/50000 (26%)]	 Training Loss: 0.169 ACC: 89.59 CR: 0.59 Avg R1: 4.94 Avg R2: 1.74 Avg Reward: 6.683124
2026-05-16 19:39:26 [INFO] Epoch: 86 [25600/50000 (51%)]	 Training Loss: 0.167 ACC: 89.65 CR: 0.60 Avg R1: 4.95 Avg R2: 1.75 Avg Reward: 6.692637
2026-05-16 19:39:44 [INFO] Epoch: 86 [38400/50000 (77%)]	 Training Loss: 0.165 ACC: 89.71 CR: 0.60 Avg R1: 4.95 Avg R2: 1.75 Avg Reward: 6.699629
2026-05-16 19:39:58 [INFO] EPOCH:86, ======================CR:0.59478====================
2026-05-16 19:39:58 [INFO] -0.01252125902399855
2026-05-16 19:40:00 [INFO] EPOCH:86, ======================ACC:89.88====================
2026-05-16 19:40:00 [INFO] BEST EPOCH:86,BEST ACC:89.88
2026-05-16 19:40:00 [INFO] Saving Masks: current CR 0.5948 target CR 0.6000
2026-05-16 19:40:00 [INFO] Updated candidate mask pretrained-rescale_mask_best-acc_60_05161757_resnet18 at epoch 86 with acc 89.8800
2026-05-16 19:40:17 [INFO] Epoch: 87 [12800/50000 (26%)]	 Training Loss: 0.167 ACC: 89.65 CR: 0.60 Avg R1: 4.97 Avg R2: 1.75 Avg Reward: 6.729307
2026-05-16 19:40:33 [INFO] Epoch: 87 [25600/50000 (51%)]	 Training Loss: 0.165 ACC: 89.83 CR: 0.60 Avg R1: 4.98 Avg R2: 1.76 Avg Reward: 6.736928
2026-05-16 19:40:50 [INFO] Epoch: 87 [38400/50000 (77%)]	 Training Loss: 0.168 ACC: 89.67 CR: 0.61 Avg R1: 4.97 Avg R2: 1.76 Avg Reward: 6.728581
2026-05-16 19:41:06 [INFO] EPOCH:87, ======================CR:0.61692====================
2026-05-16 19:41:06 [INFO] -0.021432369070104318
2026-05-16 19:41:08 [INFO] EPOCH:87, ======================ACC:82.82====================
2026-05-16 19:41:08 [INFO] BEST EPOCH:86,BEST ACC:89.88
2026-05-16 19:41:26 [INFO] Epoch: 88 [12800/50000 (26%)]	 Training Loss: 0.167 ACC: 89.87 CR: 0.62 Avg R1: 4.79 Avg R2: 1.80 Avg Reward: 6.592501
2026-05-16 19:41:44 [INFO] Epoch: 88 [25600/50000 (51%)]	 Training Loss: 0.166 ACC: 89.77 CR: 0.62 Avg R1: 4.80 Avg R2: 1.80 Avg Reward: 6.597736
2026-05-16 19:42:00 [INFO] Epoch: 88 [38400/50000 (77%)]	 Training Loss: 0.167 ACC: 89.75 CR: 0.61 Avg R1: 4.81 Avg R2: 1.80 Avg Reward: 6.606621
2026-05-16 19:42:16 [INFO] EPOCH:88, ======================CR:0.6082====================
2026-05-16 19:42:16 [INFO] -0.010008003101352378
2026-05-16 19:42:18 [INFO] EPOCH:88, ======================ACC:90.78====================
2026-05-16 19:42:18 [INFO] BEST EPOCH:88,BEST ACC:90.78
2026-05-16 19:42:18 [INFO] Saving Masks: current CR 0.6082 target CR 0.6000
2026-05-16 19:42:18 [INFO] Updated candidate mask pretrained-rescale_mask_best-acc_60_05161757_resnet18 at epoch 88 with acc 90.7800
2026-05-16 19:42:35 [INFO] Epoch: 89 [12800/50000 (26%)]	 Training Loss: 0.150 ACC: 90.57 CR: 0.61 Avg R1: 4.92 Avg R2: 1.77 Avg Reward: 6.694309
2026-05-16 19:42:55 [INFO] Epoch: 89 [25600/50000 (51%)]	 Training Loss: 0.152 ACC: 90.43 CR: 0.60 Avg R1: 4.93 Avg R2: 1.77 Avg Reward: 6.706312
2026-05-16 19:43:14 [INFO] Epoch: 89 [38400/50000 (77%)]	 Training Loss: 0.154 ACC: 90.24 CR: 0.60 Avg R1: 4.95 Avg R2: 1.77 Avg Reward: 6.718725
2026-05-16 19:43:30 [INFO] EPOCH:89, ======================CR:0.59344====================
2026-05-16 19:43:30 [INFO] -0.01972215969960186
2026-05-16 19:43:32 [INFO] EPOCH:89, ======================ACC:86.98====================
2026-05-16 19:43:32 [INFO] BEST EPOCH:88,BEST ACC:90.78
2026-05-16 19:43:32 [INFO] Saving Masks: current CR 0.5934 target CR 0.6000
2026-05-16 19:43:50 [INFO] Epoch: 90 [12800/50000 (26%)]	 Training Loss: 0.154 ACC: 90.37 CR: 0.59 Avg R1: 4.95 Avg R2: 1.75 Avg Reward: 6.695846
2026-05-16 19:44:08 [INFO] Epoch: 90 [25600/50000 (51%)]	 Training Loss: 0.156 ACC: 90.21 CR: 0.59 Avg R1: 4.94 Avg R2: 1.75 Avg Reward: 6.685368
2026-05-16 19:44:26 [INFO] Epoch: 90 [38400/50000 (77%)]	 Training Loss: 0.158 ACC: 89.97 CR: 0.59 Avg R1: 4.93 Avg R2: 1.74 Avg Reward: 6.678930
2026-05-16 19:44:43 [INFO] EPOCH:90, ======================CR:0.59056====================
2026-05-16 19:44:43 [INFO] -0.01281722008063981
2026-05-16 19:44:45 [INFO] EPOCH:90, ======================ACC:90.53====================
2026-05-16 19:44:45 [INFO] BEST EPOCH:88,BEST ACC:90.78
2026-05-16 19:44:45 [INFO] Saving Masks: current CR 0.5906 target CR 0.6000
2026-05-16 19:45:05 [INFO] Epoch: 91 [12800/50000 (26%)]	 Training Loss: 0.156 ACC: 90.14 CR: 0.59 Avg R1: 4.91 Avg R2: 1.75 Avg Reward: 6.665743
2026-05-16 19:45:24 [INFO] Epoch: 91 [25600/50000 (51%)]	 Training Loss: 0.155 ACC: 90.24 CR: 0.59 Avg R1: 4.91 Avg R2: 1.75 Avg Reward: 6.664841
2026-05-16 19:45:41 [INFO] Epoch: 91 [38400/50000 (77%)]	 Training Loss: 0.157 ACC: 90.17 CR: 0.60 Avg R1: 4.93 Avg R2: 1.75 Avg Reward: 6.677864
2026-05-16 19:45:56 [INFO] EPOCH:91, ======================CR:0.5964====================
2026-05-16 19:45:56 [INFO] -0.03017960282114424
2026-05-16 19:45:58 [INFO] EPOCH:91, ======================ACC:89.32====================
2026-05-16 19:45:58 [INFO] BEST EPOCH:88,BEST ACC:90.78
2026-05-16 19:45:58 [INFO] Saving Masks: current CR 0.5964 target CR 0.6000
2026-05-16 19:46:15 [INFO] Epoch: 92 [12800/50000 (26%)]	 Training Loss: 0.157 ACC: 90.71 CR: 0.60 Avg R1: 4.98 Avg R2: 1.75 Avg Reward: 6.728271
2026-05-16 19:46:33 [INFO] Epoch: 92 [25600/50000 (51%)]	 Training Loss: 0.155 ACC: 90.48 CR: 0.60 Avg R1: 4.98 Avg R2: 1.75 Avg Reward: 6.730557
2026-05-16 19:46:49 [INFO] Epoch: 92 [38400/50000 (77%)]	 Training Loss: 0.156 ACC: 90.28 CR: 0.61 Avg R1: 4.97 Avg R2: 1.76 Avg Reward: 6.723542
2026-05-16 19:47:05 [INFO] EPOCH:92, ======================CR:0.60052====================
2026-05-16 19:47:05 [INFO] -0.029676122699472264
2026-05-16 19:47:07 [INFO] EPOCH:92, ======================ACC:91.05====================
2026-05-16 19:47:07 [INFO] BEST EPOCH:92,BEST ACC:91.05
2026-05-16 19:47:07 [INFO] Saving Masks: current CR 0.6005 target CR 0.6000
2026-05-16 19:47:07 [INFO] Updated candidate mask pretrained-rescale_mask_best-acc_60_05161757_resnet18 at epoch 92 with acc 91.0500
2026-05-16 19:47:24 [INFO] Epoch: 93 [12800/50000 (26%)]	 Training Loss: 0.140 ACC: 91.09 CR: 0.59 Avg R1: 4.98 Avg R2: 1.74 Avg Reward: 6.719895
2026-05-16 19:47:41 [INFO] Epoch: 93 [25600/50000 (51%)]	 Training Loss: 0.143 ACC: 90.81 CR: 0.59 Avg R1: 4.94 Avg R2: 1.74 Avg Reward: 6.680310
2026-05-16 19:47:57 [INFO] Epoch: 93 [38400/50000 (77%)]	 Training Loss: 0.145 ACC: 90.76 CR: 0.58 Avg R1: 4.92 Avg R2: 1.73 Avg Reward: 6.654308
2026-05-16 19:48:13 [INFO] EPOCH:93, ======================CR:0.5802====================
2026-05-16 19:48:13 [INFO] -0.025527977991052712
2026-05-16 19:48:15 [INFO] EPOCH:93, ======================ACC:90.6====================
2026-05-16 19:48:15 [INFO] BEST EPOCH:92,BEST ACC:91.05
2026-05-16 19:48:32 [INFO] Epoch: 94 [12800/50000 (26%)]	 Training Loss: 0.157 ACC: 90.27 CR: 0.58 Avg R1: 4.85 Avg R2: 1.71 Avg Reward: 6.558659
2026-05-16 19:48:48 [INFO] Epoch: 94 [25600/50000 (51%)]	 Training Loss: 0.154 ACC: 90.47 CR: 0.59 Avg R1: 4.88 Avg R2: 1.72 Avg Reward: 6.592398
2026-05-16 19:49:04 [INFO] Epoch: 94 [38400/50000 (77%)]	 Training Loss: 0.155 ACC: 90.41 CR: 0.60 Avg R1: 4.91 Avg R2: 1.73 Avg Reward: 6.635019
2026-05-16 19:49:20 [INFO] EPOCH:94, ======================CR:0.6113====================
2026-05-16 19:49:20 [INFO] -0.031257775288606494
2026-05-16 19:49:22 [INFO] EPOCH:94, ======================ACC:90.55====================
2026-05-16 19:49:22 [INFO] BEST EPOCH:92,BEST ACC:91.05
2026-05-16 19:49:39 [INFO] Epoch: 95 [12800/50000 (26%)]	 Training Loss: 0.155 ACC: 90.47 CR: 0.62 Avg R1: 4.83 Avg R2: 1.76 Avg Reward: 6.594220
2026-05-16 19:49:58 [INFO] Epoch: 95 [25600/50000 (51%)]	 Training Loss: 0.157 ACC: 90.35 CR: 0.62 Avg R1: 4.81 Avg R2: 1.76 Avg Reward: 6.570671
2026-05-16 19:50:15 [INFO] Epoch: 95 [38400/50000 (77%)]	 Training Loss: 0.157 ACC: 90.30 CR: 0.61 Avg R1: 4.80 Avg R2: 1.76 Avg Reward: 6.567809
2026-05-16 19:50:29 [INFO] EPOCH:95, ======================CR:0.61338====================
2026-05-16 19:50:29 [INFO] -0.036702130550120095
2026-05-16 19:50:31 [INFO] EPOCH:95, ======================ACC:90.05====================
2026-05-16 19:50:31 [INFO] BEST EPOCH:92,BEST ACC:91.05
2026-05-16 19:50:48 [INFO] Epoch: 96 [12800/50000 (26%)]	 Training Loss: 0.144 ACC: 90.95 CR: 0.61 Avg R1: 4.85 Avg R2: 1.77 Avg Reward: 6.620829
2026-05-16 19:51:04 [INFO] Epoch: 96 [25600/50000 (51%)]	 Training Loss: 0.147 ACC: 90.78 CR: 0.60 Avg R1: 4.88 Avg R2: 1.77 Avg Reward: 6.645823
2026-05-16 19:51:23 [INFO] Epoch: 96 [38400/50000 (77%)]	 Training Loss: 0.146 ACC: 90.90 CR: 0.60 Avg R1: 4.91 Avg R2: 1.76 Avg Reward: 6.674771
2026-05-16 19:51:41 [INFO] EPOCH:96, ======================CR:0.58998====================
2026-05-16 19:51:41 [INFO] -0.029266372171507377
2026-05-16 19:51:43 [INFO] EPOCH:96, ======================ACC:87.35====================
2026-05-16 19:51:43 [INFO] BEST EPOCH:92,BEST ACC:91.05
2026-05-16 19:52:01 [INFO] Epoch: 97 [12800/50000 (26%)]	 Training Loss: 0.143 ACC: 90.76 CR: 0.59 Avg R1: 4.93 Avg R2: 1.72 Avg Reward: 6.654850
2026-05-16 19:52:18 [INFO] Epoch: 97 [25600/50000 (51%)]	 Training Loss: 0.141 ACC: 90.98 CR: 0.60 Avg R1: 4.95 Avg R2: 1.73 Avg Reward: 6.674616
2026-05-16 19:52:36 [INFO] Epoch: 97 [38400/50000 (77%)]	 Training Loss: 0.144 ACC: 90.85 CR: 0.60 Avg R1: 4.96 Avg R2: 1.73 Avg Reward: 6.690675
2026-05-16 19:52:52 [INFO] EPOCH:97, ======================CR:0.60666====================
2026-05-16 19:52:52 [INFO] -0.02660038595785805
2026-05-16 19:52:54 [INFO] EPOCH:97, ======================ACC:89.6====================
2026-05-16 19:52:54 [INFO] BEST EPOCH:92,BEST ACC:91.05
2026-05-16 19:52:54 [INFO] Saving Masks: current CR 0.6067 target CR 0.6000
2026-05-16 19:53:14 [INFO] Epoch: 98 [12800/50000 (26%)]	 Training Loss: 0.150 ACC: 90.34 CR: 0.60 Avg R1: 4.94 Avg R2: 1.74 Avg Reward: 6.681635
2026-05-16 19:53:31 [INFO] Epoch: 98 [25600/50000 (51%)]	 Training Loss: 0.149 ACC: 90.54 CR: 0.60 Avg R1: 4.97 Avg R2: 1.74 Avg Reward: 6.701228
2026-05-16 19:53:50 [INFO] Epoch: 98 [38400/50000 (77%)]	 Training Loss: 0.147 ACC: 90.72 CR: 0.60 Avg R1: 4.97 Avg R2: 1.73 Avg Reward: 6.706516
2026-05-16 19:54:07 [INFO] EPOCH:98, ======================CR:0.59792====================
2026-05-16 19:54:07 [INFO] -0.02884433184674331
2026-05-16 19:54:09 [INFO] EPOCH:98, ======================ACC:91.21====================
2026-05-16 19:54:09 [INFO] BEST EPOCH:98,BEST ACC:91.21
2026-05-16 19:54:09 [INFO] Saving Masks: current CR 0.5979 target CR 0.6000
2026-05-16 19:54:09 [INFO] Updated candidate mask pretrained-rescale_mask_best-acc_60_05161757_resnet18 at epoch 98 with acc 91.2100
2026-05-16 19:54:28 [INFO] Epoch: 99 [12800/50000 (26%)]	 Training Loss: 0.153 ACC: 91.21 CR: 0.61 Avg R1: 4.95 Avg R2: 1.74 Avg Reward: 6.685389
2026-05-16 19:54:46 [INFO] Epoch: 99 [25600/50000 (51%)]	 Training Loss: 0.156 ACC: 90.92 CR: 0.63 Avg R1: 4.85 Avg R2: 1.75 Avg Reward: 6.605213
2026-05-16 19:55:06 [INFO] Epoch: 99 [38400/50000 (77%)]	 Training Loss: 0.155 ACC: 90.89 CR: 0.64 Avg R1: 4.77 Avg R2: 1.77 Avg Reward: 6.534367
2026-05-16 19:55:21 [INFO] EPOCH:99, ======================CR:0.63862====================
2026-05-16 19:55:21 [INFO] -0.02596161525880638
2026-05-16 19:55:23 [INFO] EPOCH:99, ======================ACC:89.53====================
2026-05-16 19:55:23 [INFO] BEST EPOCH:98,BEST ACC:91.21
2026-05-16 19:55:41 [INFO] Epoch: 100 [12800/50000 (26%)]	 Training Loss: 0.155 ACC: 90.56 CR: 0.63 Avg R1: 4.55 Avg R2: 1.81 Avg Reward: 6.353837
2026-05-16 19:55:58 [INFO] Epoch: 100 [25600/50000 (51%)]	 Training Loss: 0.147 ACC: 90.88 CR: 0.62 Avg R1: 4.62 Avg R2: 1.80 Avg Reward: 6.419225
2026-05-16 19:56:18 [INFO] Epoch: 100 [38400/50000 (77%)]	 Training Loss: 0.146 ACC: 90.80 CR: 0.60 Avg R1: 4.72 Avg R2: 1.78 Avg Reward: 6.501187
2026-05-16 19:56:35 [INFO] EPOCH:100, ======================CR:0.57374====================
2026-05-16 19:56:35 [INFO] -0.009344162815993326
2026-05-16 19:56:37 [INFO] EPOCH:100, ======================ACC:90.91====================
2026-05-16 19:56:37 [INFO] BEST EPOCH:98,BEST ACC:91.21
2026-05-16 19:56:55 [INFO] Epoch: 101 [12800/50000 (26%)]	 Training Loss: 0.125 ACC: 92.20 CR: 0.57 Avg R1: 4.75 Avg R2: 1.67 Avg Reward: 6.421520
2026-05-16 19:57:13 [INFO] Epoch: 101 [25600/50000 (51%)]	 Training Loss: 0.126 ACC: 91.95 CR: 0.57 Avg R1: 4.73 Avg R2: 1.67 Avg Reward: 6.401604
2026-05-16 19:57:33 [INFO] Epoch: 101 [38400/50000 (77%)]	 Training Loss: 0.130 ACC: 91.77 CR: 0.57 Avg R1: 4.73 Avg R2: 1.67 Avg Reward: 6.393489
2026-05-16 19:57:50 [INFO] EPOCH:101, ======================CR:0.56986====================
2026-05-16 19:57:50 [INFO] -0.013267542851004357
2026-05-16 19:57:52 [INFO] EPOCH:101, ======================ACC:89.79====================
2026-05-16 19:57:52 [INFO] BEST EPOCH:98,BEST ACC:91.21
2026-05-16 19:58:09 [INFO] Epoch: 102 [12800/50000 (26%)]	 Training Loss: 0.139 ACC: 91.39 CR: 0.57 Avg R1: 4.76 Avg R2: 1.66 Avg Reward: 6.425673
2026-05-16 19:58:26 [INFO] Epoch: 102 [25600/50000 (51%)]	 Training Loss: 0.143 ACC: 91.30 CR: 0.58 Avg R1: 4.79 Avg R2: 1.67 Avg Reward: 6.455059
2026-05-16 19:58:46 [INFO] Epoch: 102 [38400/50000 (77%)]	 Training Loss: 0.148 ACC: 91.09 CR: 0.60 Avg R1: 4.83 Avg R2: 1.68 Avg Reward: 6.513702
2026-05-16 19:59:00 [INFO] EPOCH:102, ======================CR:0.60986====================
2026-05-16 19:59:00 [INFO] -0.0066263524171401725
2026-05-16 19:59:02 [INFO] EPOCH:102, ======================ACC:90.39====================
2026-05-16 19:59:02 [INFO] BEST EPOCH:98,BEST ACC:91.21
2026-05-16 19:59:02 [INFO] Saving Masks: current CR 0.6099 target CR 0.6000
2026-05-16 19:59:20 [INFO] Epoch: 103 [12800/50000 (26%)]	 Training Loss: 0.152 ACC: 90.99 CR: 0.61 Avg R1: 4.85 Avg R2: 1.74 Avg Reward: 6.594588
2026-05-16 19:59:40 [INFO] Epoch: 103 [25600/50000 (51%)]	 Training Loss: 0.149 ACC: 91.07 CR: 0.61 Avg R1: 4.85 Avg R2: 1.74 Avg Reward: 6.592607
2026-05-16 20:00:01 [INFO] Epoch: 103 [38400/50000 (77%)]	 Training Loss: 0.146 ACC: 91.08 CR: 0.60 Avg R1: 4.87 Avg R2: 1.74 Avg Reward: 6.609849
2026-05-16 20:00:21 [INFO] EPOCH:103, ======================CR:0.6001====================
2026-05-16 20:00:21 [INFO] -0.0033114105162650267
2026-05-16 20:00:23 [INFO] EPOCH:103, ======================ACC:90.85====================
2026-05-16 20:00:23 [INFO] BEST EPOCH:98,BEST ACC:91.21
2026-05-16 20:00:23 [INFO] Saving Masks: current CR 0.6001 target CR 0.6000
2026-05-16 20:00:41 [INFO] Epoch: 104 [12800/50000 (26%)]	 Training Loss: 0.143 ACC: 91.21 CR: 0.60 Avg R1: 5.00 Avg R2: 1.71 Avg Reward: 6.702289
2026-05-16 20:01:00 [INFO] Epoch: 104 [25600/50000 (51%)]	 Training Loss: 0.139 ACC: 91.48 CR: 0.60 Avg R1: 4.99 Avg R2: 1.71 Avg Reward: 6.697936
2026-05-16 20:01:17 [INFO] Epoch: 104 [38400/50000 (77%)]	 Training Loss: 0.139 ACC: 91.38 CR: 0.60 Avg R1: 4.99 Avg R2: 1.71 Avg Reward: 6.695700
2026-05-16 20:01:33 [INFO] EPOCH:104, ======================CR:0.59404====================
2026-05-16 20:01:33 [INFO] -0.014141641660762474
2026-05-16 20:01:35 [INFO] EPOCH:104, ======================ACC:88.14====================
2026-05-16 20:01:35 [INFO] BEST EPOCH:98,BEST ACC:91.21
2026-05-16 20:01:35 [INFO] Saving Masks: current CR 0.5940 target CR 0.6000
2026-05-16 20:01:54 [INFO] Epoch: 105 [12800/50000 (26%)]	 Training Loss: 0.137 ACC: 91.35 CR: 0.59 Avg R1: 4.95 Avg R2: 1.71 Avg Reward: 6.658490
2026-05-16 20:02:14 [INFO] Epoch: 105 [25600/50000 (51%)]	 Training Loss: 0.138 ACC: 91.39 CR: 0.60 Avg R1: 4.95 Avg R2: 1.71 Avg Reward: 6.657489
2026-05-16 20:02:32 [INFO] Epoch: 105 [38400/50000 (77%)]	 Training Loss: 0.139 ACC: 91.29 CR: 0.60 Avg R1: 4.96 Avg R2: 1.71 Avg Reward: 6.667620
2026-05-16 20:02:48 [INFO] EPOCH:105, ======================CR:0.60264====================
2026-05-16 20:02:48 [INFO] -0.018638658547219647
2026-05-16 20:02:50 [INFO] EPOCH:105, ======================ACC:90.61====================
2026-05-16 20:02:50 [INFO] BEST EPOCH:98,BEST ACC:91.21
2026-05-16 20:02:50 [INFO] Saving Masks: current CR 0.6026 target CR 0.6000
2026-05-16 20:03:07 [INFO] Epoch: 106 [12800/50000 (26%)]	 Training Loss: 0.146 ACC: 91.15 CR: 0.61 Avg R1: 4.94 Avg R2: 1.71 Avg Reward: 6.654871
2026-05-16 20:03:24 [INFO] Epoch: 106 [25600/50000 (51%)]	 Training Loss: 0.146 ACC: 91.17 CR: 0.61 Avg R1: 4.92 Avg R2: 1.71 Avg Reward: 6.631727
2026-05-16 20:03:42 [INFO] Epoch: 106 [38400/50000 (77%)]	 Training Loss: 0.144 ACC: 91.26 CR: 0.61 Avg R1: 4.90 Avg R2: 1.72 Avg Reward: 6.617267
2026-05-16 20:03:59 [INFO] EPOCH:106, ======================CR:0.61672====================
2026-05-16 20:03:59 [INFO] -0.008394009365720548
2026-05-16 20:04:01 [INFO] EPOCH:106, ======================ACC:90.57====================
2026-05-16 20:04:01 [INFO] BEST EPOCH:98,BEST ACC:91.21
2026-05-16 20:04:18 [INFO] Epoch: 107 [12800/50000 (26%)]	 Training Loss: 0.135 ACC: 91.77 CR: 0.61 Avg R1: 4.82 Avg R2: 1.74 Avg Reward: 6.555235
2026-05-16 20:04:36 [INFO] Epoch: 107 [25600/50000 (51%)]	 Training Loss: 0.134 ACC: 91.71 CR: 0.61 Avg R1: 4.83 Avg R2: 1.74 Avg Reward: 6.569455
2026-05-16 20:04:53 [INFO] Epoch: 107 [38400/50000 (77%)]	 Training Loss: 0.134 ACC: 91.68 CR: 0.60 Avg R1: 4.86 Avg R2: 1.73 Avg Reward: 6.588586
2026-05-16 20:05:09 [INFO] EPOCH:107, ======================CR:0.59572====================
2026-05-16 20:05:09 [INFO] -0.015594139452236021
2026-05-16 20:05:11 [INFO] EPOCH:107, ======================ACC:91.12====================
2026-05-16 20:05:11 [INFO] BEST EPOCH:98,BEST ACC:91.21
2026-05-16 20:05:11 [INFO] Saving Masks: current CR 0.5957 target CR 0.6000
2026-05-16 20:05:30 [INFO] Epoch: 108 [12800/50000 (26%)]	 Training Loss: 0.131 ACC: 91.87 CR: 0.59 Avg R1: 4.95 Avg R2: 1.68 Avg Reward: 6.635918
2026-05-16 20:05:47 [INFO] Epoch: 108 [25600/50000 (51%)]	 Training Loss: 0.127 ACC: 91.99 CR: 0.59 Avg R1: 4.93 Avg R2: 1.68 Avg Reward: 6.606130
2026-05-16 20:06:05 [INFO] Epoch: 108 [38400/50000 (77%)]	 Training Loss: 0.129 ACC: 91.91 CR: 0.58 Avg R1: 4.91 Avg R2: 1.68 Avg Reward: 6.586851
2026-05-16 20:06:22 [INFO] EPOCH:108, ======================CR:0.57786====================
2026-05-16 20:06:22 [INFO] 0.0027899737855870805
2026-05-16 20:06:24 [INFO] EPOCH:108, ======================ACC:91.18====================
2026-05-16 20:06:24 [INFO] BEST EPOCH:98,BEST ACC:91.21
2026-05-16 20:06:43 [INFO] Epoch: 109 [12800/50000 (26%)]	 Training Loss: 0.126 ACC: 92.10 CR: 0.58 Avg R1: 4.82 Avg R2: 1.66 Avg Reward: 6.478814
2026-05-16 20:07:00 [INFO] Epoch: 109 [25600/50000 (51%)]	 Training Loss: 0.125 ACC: 92.18 CR: 0.58 Avg R1: 4.82 Avg R2: 1.66 Avg Reward: 6.488001
2026-05-16 20:07:17 [INFO] Epoch: 109 [38400/50000 (77%)]	 Training Loss: 0.127 ACC: 92.13 CR: 0.59 Avg R1: 4.84 Avg R2: 1.67 Avg Reward: 6.503905
2026-05-16 20:07:33 [INFO] EPOCH:109, ======================CR:0.5898====================
2026-05-16 20:07:33 [INFO] 0.0027475563638277773
2026-05-16 20:07:35 [INFO] EPOCH:109, ======================ACC:91.33====================
2026-05-16 20:07:35 [INFO] BEST EPOCH:109,BEST ACC:91.33
2026-05-16 20:07:52 [INFO] Epoch: 110 [12800/50000 (26%)]	 Training Loss: 0.128 ACC: 91.89 CR: 0.59 Avg R1: 4.91 Avg R2: 1.67 Avg Reward: 6.579622
2026-05-16 20:08:08 [INFO] Epoch: 110 [25600/50000 (51%)]	 Training Loss: 0.133 ACC: 91.60 CR: 0.59 Avg R1: 4.92 Avg R2: 1.67 Avg Reward: 6.587044
2026-05-16 20:08:25 [INFO] Epoch: 110 [38400/50000 (77%)]	 Training Loss: 0.135 ACC: 91.64 CR: 0.59 Avg R1: 4.92 Avg R2: 1.67 Avg Reward: 6.597184
2026-05-16 20:08:41 [INFO] EPOCH:110, ======================CR:0.6033====================
2026-05-16 20:08:41 [INFO] -0.0014777849754961047
2026-05-16 20:08:43 [INFO] EPOCH:110, ======================ACC:91.59====================
2026-05-16 20:08:43 [INFO] BEST EPOCH:110,BEST ACC:91.59
2026-05-16 20:08:43 [INFO] Saving Masks: current CR 0.6033 target CR 0.6000
2026-05-16 20:08:44 [INFO] Updated candidate mask pretrained-rescale_mask_best-acc_60_05161757_resnet18 at epoch 110 with acc 91.5900
2026-05-16 20:09:01 [INFO] Epoch: 111 [12800/50000 (26%)]	 Training Loss: 0.132 ACC: 92.27 CR: 0.61 Avg R1: 4.93 Avg R2: 1.71 Avg Reward: 6.633270
2026-05-16 20:09:19 [INFO] Epoch: 111 [25600/50000 (51%)]	 Training Loss: 0.133 ACC: 92.22 CR: 0.62 Avg R1: 4.89 Avg R2: 1.71 Avg Reward: 6.603748
2026-05-16 20:09:38 [INFO] Epoch: 111 [38400/50000 (77%)]	 Training Loss: 0.136 ACC: 91.98 CR: 0.62 Avg R1: 4.84 Avg R2: 1.72 Avg Reward: 6.560686
2026-05-16 20:09:55 [INFO] EPOCH:111, ======================CR:0.63134====================
2026-05-16 20:09:55 [INFO] 0.0013210890678639609
2026-05-16 20:09:57 [INFO] EPOCH:111, ======================ACC:91.06====================
2026-05-16 20:09:57 [INFO] BEST EPOCH:110,BEST ACC:91.59
2026-05-16 20:10:16 [INFO] Epoch: 112 [12800/50000 (26%)]	 Training Loss: 0.121 ACC: 92.84 CR: 0.63 Avg R1: 4.62 Avg R2: 1.75 Avg Reward: 6.372078
2026-05-16 20:10:33 [INFO] Epoch: 112 [25600/50000 (51%)]	 Training Loss: 0.123 ACC: 92.77 CR: 0.62 Avg R1: 4.66 Avg R2: 1.75 Avg Reward: 6.403560
2026-05-16 20:10:50 [INFO] Epoch: 112 [38400/50000 (77%)]	 Training Loss: 0.123 ACC: 92.71 CR: 0.61 Avg R1: 4.70 Avg R2: 1.74 Avg Reward: 6.441094
2026-05-16 20:11:06 [INFO] EPOCH:112, ======================CR:0.60556====================
2026-05-16 20:11:06 [INFO] 0.0072827959088256925
2026-05-16 20:11:08 [INFO] EPOCH:112, ======================ACC:90.94====================
2026-05-16 20:11:08 [INFO] BEST EPOCH:110,BEST ACC:91.59
2026-05-16 20:11:08 [INFO] Saving Masks: current CR 0.6056 target CR 0.6000
2026-05-16 20:11:27 [INFO] Epoch: 113 [12800/50000 (26%)]	 Training Loss: 0.127 ACC: 92.17 CR: 0.60 Avg R1: 4.96 Avg R2: 1.68 Avg Reward: 6.644900
2026-05-16 20:11:45 [INFO] Epoch: 113 [25600/50000 (51%)]	 Training Loss: 0.127 ACC: 92.11 CR: 0.60 Avg R1: 4.97 Avg R2: 1.68 Avg Reward: 6.653901
2026-05-16 20:12:03 [INFO] Epoch: 113 [38400/50000 (77%)]	 Training Loss: 0.127 ACC: 92.12 CR: 0.59 Avg R1: 4.97 Avg R2: 1.68 Avg Reward: 6.651921
2026-05-16 20:12:20 [INFO] EPOCH:113, ======================CR:0.5943====================
2026-05-16 20:12:20 [INFO] 0.002334003501225574
2026-05-16 20:12:22 [INFO] EPOCH:113, ======================ACC:89.89====================
2026-05-16 20:12:22 [INFO] BEST EPOCH:110,BEST ACC:91.59
2026-05-16 20:12:22 [INFO] Saving Masks: current CR 0.5943 target CR 0.6000
2026-05-16 20:12:40 [INFO] Epoch: 114 [12800/50000 (26%)]	 Training Loss: 0.130 ACC: 91.91 CR: 0.60 Avg R1: 4.96 Avg R2: 1.68 Avg Reward: 6.630547
2026-05-16 20:12:57 [INFO] Epoch: 114 [25600/50000 (51%)]	 Training Loss: 0.132 ACC: 92.05 CR: 0.60 Avg R1: 4.97 Avg R2: 1.68 Avg Reward: 6.643689
2026-05-16 20:13:13 [INFO] Epoch: 114 [38400/50000 (77%)]	 Training Loss: 0.130 ACC: 92.24 CR: 0.61 Avg R1: 4.95 Avg R2: 1.68 Avg Reward: 6.637830
2026-05-16 20:13:29 [INFO] EPOCH:114, ======================CR:0.6181====================
2026-05-16 20:13:29 [INFO] 0.015427219964772101
2026-05-16 20:13:31 [INFO] EPOCH:114, ======================ACC:91.91====================
2026-05-16 20:13:31 [INFO] BEST EPOCH:114,BEST ACC:91.91
2026-05-16 20:13:49 [INFO] Epoch: 115 [12800/50000 (26%)]	 Training Loss: 0.121 ACC: 92.83 CR: 0.62 Avg R1: 4.79 Avg R2: 1.71 Avg Reward: 6.493543
2026-05-16 20:14:06 [INFO] Epoch: 115 [25600/50000 (51%)]	 Training Loss: 0.119 ACC: 92.77 CR: 0.61 Avg R1: 4.80 Avg R2: 1.70 Avg Reward: 6.506298
2026-05-16 20:14:23 [INFO] Epoch: 115 [38400/50000 (77%)]	 Training Loss: 0.120 ACC: 92.84 CR: 0.61 Avg R1: 4.82 Avg R2: 1.70 Avg Reward: 6.518782
2026-05-16 20:14:38 [INFO] EPOCH:115, ======================CR:0.61532====================
2026-05-16 20:14:38 [INFO] 0.01052450520353808
2026-05-16 20:14:40 [INFO] EPOCH:115, ======================ACC:90.95====================
2026-05-16 20:14:40 [INFO] BEST EPOCH:114,BEST ACC:91.91
2026-05-16 20:14:57 [INFO] Epoch: 116 [12800/50000 (26%)]	 Training Loss: 0.129 ACC: 92.35 CR: 0.62 Avg R1: 4.77 Avg R2: 1.71 Avg Reward: 6.481345
2026-05-16 20:15:14 [INFO] Epoch: 116 [25600/50000 (51%)]	 Training Loss: 0.129 ACC: 92.17 CR: 0.62 Avg R1: 4.76 Avg R2: 1.71 Avg Reward: 6.464993
2026-05-16 20:15:30 [INFO] Epoch: 116 [38400/50000 (77%)]	 Training Loss: 0.127 ACC: 92.21 CR: 0.62 Avg R1: 4.75 Avg R2: 1.71 Avg Reward: 6.464847
2026-05-16 20:15:45 [INFO] EPOCH:116, ======================CR:0.611====================
2026-05-16 20:15:45 [INFO] 0.009691169799969146
2026-05-16 20:15:47 [INFO] EPOCH:116, ======================ACC:91.98====================
2026-05-16 20:15:47 [INFO] BEST EPOCH:116,BEST ACC:91.98
2026-05-16 20:16:04 [INFO] Epoch: 117 [12800/50000 (26%)]	 Training Loss: 0.106 ACC: 93.47 CR: 0.60 Avg R1: 4.91 Avg R2: 1.69 Avg Reward: 6.605917
2026-05-16 20:16:21 [INFO] Epoch: 117 [25600/50000 (51%)]	 Training Loss: 0.113 ACC: 93.01 CR: 0.60 Avg R1: 4.94 Avg R2: 1.69 Avg Reward: 6.629169
2026-05-16 20:16:38 [INFO] Epoch: 117 [38400/50000 (77%)]	 Training Loss: 0.116 ACC: 92.83 CR: 0.60 Avg R1: 4.96 Avg R2: 1.69 Avg Reward: 6.643611
2026-05-16 20:16:53 [INFO] EPOCH:117, ======================CR:0.59756====================
2026-05-16 20:16:53 [INFO] 0.014794624850525129
2026-05-16 20:16:55 [INFO] EPOCH:117, ======================ACC:92.27====================
2026-05-16 20:16:55 [INFO] BEST EPOCH:117,BEST ACC:92.27
2026-05-16 20:16:55 [INFO] Saving Masks: current CR 0.5976 target CR 0.6000
2026-05-16 20:16:55 [INFO] Updated candidate mask pretrained-rescale_mask_best-acc_60_05161757_resnet18 at epoch 117 with acc 92.2700
2026-05-16 20:17:13 [INFO] Epoch: 118 [12800/50000 (26%)]	 Training Loss: 0.118 ACC: 92.59 CR: 0.60 Avg R1: 4.99 Avg R2: 1.67 Avg Reward: 6.650901
2026-05-16 20:17:30 [INFO] Epoch: 118 [25600/50000 (51%)]	 Training Loss: 0.116 ACC: 92.96 CR: 0.60 Avg R1: 4.97 Avg R2: 1.67 Avg Reward: 6.642114
2026-05-16 20:17:47 [INFO] Epoch: 118 [38400/50000 (77%)]	 Training Loss: 0.115 ACC: 92.96 CR: 0.60 Avg R1: 4.97 Avg R2: 1.67 Avg Reward: 6.642134
2026-05-16 20:18:02 [INFO] EPOCH:118, ======================CR:0.59544====================
2026-05-16 20:18:02 [INFO] 0.014239423624699975
2026-05-16 20:18:04 [INFO] EPOCH:118, ======================ACC:91.23====================
2026-05-16 20:18:04 [INFO] BEST EPOCH:117,BEST ACC:92.27
2026-05-16 20:18:04 [INFO] Saving Masks: current CR 0.5954 target CR 0.6000
2026-05-16 20:18:22 [INFO] Epoch: 119 [12800/50000 (26%)]	 Training Loss: 0.110 ACC: 92.86 CR: 0.59 Avg R1: 4.94 Avg R2: 1.65 Avg Reward: 6.590289
2026-05-16 20:18:39 [INFO] Epoch: 119 [25600/50000 (51%)]	 Training Loss: 0.105 ACC: 93.26 CR: 0.59 Avg R1: 4.92 Avg R2: 1.65 Avg Reward: 6.570083
2026-05-16 20:18:56 [INFO] Epoch: 119 [38400/50000 (77%)]	 Training Loss: 0.110 ACC: 93.02 CR: 0.58 Avg R1: 4.90 Avg R2: 1.64 Avg Reward: 6.546884
2026-05-16 20:19:11 [INFO] EPOCH:119, ======================CR:0.57766====================
2026-05-16 20:19:11 [INFO] 0.008702722862097972
2026-05-16 20:19:13 [INFO] EPOCH:119, ======================ACC:92.43====================
2026-05-16 20:19:13 [INFO] BEST EPOCH:119,BEST ACC:92.43
2026-05-16 20:19:30 [INFO] Epoch: 120 [12800/50000 (26%)]	 Training Loss: 0.105 ACC: 93.40 CR: 0.58 Avg R1: 4.83 Avg R2: 1.60 Avg Reward: 6.432569
2026-05-16 20:19:47 [INFO] Epoch: 120 [25600/50000 (51%)]	 Training Loss: 0.109 ACC: 93.20 CR: 0.59 Avg R1: 4.87 Avg R2: 1.61 Avg Reward: 6.476205
2026-05-16 20:20:04 [INFO] Epoch: 120 [38400/50000 (77%)]	 Training Loss: 0.116 ACC: 92.97 CR: 0.61 Avg R1: 4.90 Avg R2: 1.62 Avg Reward: 6.517257
2026-05-16 20:20:20 [INFO] EPOCH:120, ======================CR:0.62128====================
2026-05-16 20:20:20 [INFO] 0.027140759411066674
2026-05-16 20:20:22 [INFO] EPOCH:120, ======================ACC:91.32====================
2026-05-16 20:20:22 [INFO] BEST EPOCH:119,BEST ACC:92.43
2026-05-16 20:20:39 [INFO] Epoch: 121 [12800/50000 (26%)]	 Training Loss: 0.118 ACC: 93.12 CR: 0.62 Avg R1: 4.73 Avg R2: 1.69 Avg Reward: 6.413733
2026-05-16 20:20:55 [INFO] Epoch: 121 [25600/50000 (51%)]	 Training Loss: 0.111 ACC: 93.36 CR: 0.62 Avg R1: 4.74 Avg R2: 1.68 Avg Reward: 6.426782
2026-05-16 20:21:12 [INFO] Epoch: 121 [38400/50000 (77%)]	 Training Loss: 0.111 ACC: 93.35 CR: 0.62 Avg R1: 4.76 Avg R2: 1.68 Avg Reward: 6.439859
2026-05-16 20:21:29 [INFO] EPOCH:121, ======================CR:0.61136====================
2026-05-16 20:21:29 [INFO] 0.025177529042224686
2026-05-16 20:21:32 [INFO] EPOCH:121, ======================ACC:91.88====================
2026-05-16 20:21:32 [INFO] BEST EPOCH:119,BEST ACC:92.43
2026-05-16 20:21:49 [INFO] Epoch: 122 [12800/50000 (26%)]	 Training Loss: 0.104 ACC: 93.56 CR: 0.61 Avg R1: 4.89 Avg R2: 1.66 Avg Reward: 6.544656
2026-05-16 20:22:07 [INFO] Epoch: 122 [25600/50000 (51%)]	 Training Loss: 0.101 ACC: 93.67 CR: 0.59 Avg R1: 4.93 Avg R2: 1.65 Avg Reward: 6.579006
2026-05-16 20:22:24 [INFO] Epoch: 122 [38400/50000 (77%)]	 Training Loss: 0.103 ACC: 93.53 CR: 0.58 Avg R1: 4.92 Avg R2: 1.64 Avg Reward: 6.564616
2026-05-16 20:22:40 [INFO] EPOCH:122, ======================CR:0.58214====================
2026-05-16 20:22:40 [INFO] 0.01988720438290929
2026-05-16 20:22:43 [INFO] EPOCH:122, ======================ACC:92.22====================
2026-05-16 20:22:43 [INFO] BEST EPOCH:119,BEST ACC:92.43
2026-05-16 20:23:01 [INFO] Epoch: 123 [12800/50000 (26%)]	 Training Loss: 0.108 ACC: 93.35 CR: 0.59 Avg R1: 4.89 Avg R2: 1.61 Avg Reward: 6.497577
2026-05-16 20:23:18 [INFO] Epoch: 123 [25600/50000 (51%)]	 Training Loss: 0.111 ACC: 93.33 CR: 0.60 Avg R1: 4.92 Avg R2: 1.62 Avg Reward: 6.543179
2026-05-16 20:23:35 [INFO] Epoch: 123 [38400/50000 (77%)]	 Training Loss: 0.113 ACC: 93.30 CR: 0.61 Avg R1: 4.92 Avg R2: 1.63 Avg Reward: 6.547212
2026-05-16 20:23:51 [INFO] EPOCH:123, ======================CR:0.61994====================
2026-05-16 20:23:51 [INFO] 0.016317360350063863
2026-05-16 20:23:53 [INFO] EPOCH:123, ======================ACC:91.53====================
2026-05-16 20:23:53 [INFO] BEST EPOCH:119,BEST ACC:92.43
2026-05-16 20:24:14 [INFO] Epoch: 124 [12800/50000 (26%)]	 Training Loss: 0.104 ACC: 93.70 CR: 0.62 Avg R1: 4.77 Avg R2: 1.68 Avg Reward: 6.449440
2026-05-16 20:24:34 [INFO] Epoch: 124 [25600/50000 (51%)]	 Training Loss: 0.107 ACC: 93.48 CR: 0.61 Avg R1: 4.80 Avg R2: 1.68 Avg Reward: 6.476480
2026-05-16 20:24:54 [INFO] Epoch: 124 [38400/50000 (77%)]	 Training Loss: 0.106 ACC: 93.49 CR: 0.61 Avg R1: 4.83 Avg R2: 1.67 Avg Reward: 6.500923
2026-05-16 20:25:11 [INFO] EPOCH:124, ======================CR:0.59792====================
2026-05-16 20:25:11 [INFO] 0.011133958114264977
2026-05-16 20:25:13 [INFO] EPOCH:124, ======================ACC:91.61====================
2026-05-16 20:25:13 [INFO] BEST EPOCH:119,BEST ACC:92.43
2026-05-16 20:25:13 [INFO] Saving Masks: current CR 0.5979 target CR 0.6000
2026-05-16 20:25:34 [INFO] Epoch: 125 [12800/50000 (26%)]	 Training Loss: 0.105 ACC: 93.43 CR: 0.60 Avg R1: 4.97 Avg R2: 1.64 Avg Reward: 6.607027
2026-05-16 20:25:53 [INFO] Epoch: 125 [25600/50000 (51%)]	 Training Loss: 0.103 ACC: 93.64 CR: 0.59 Avg R1: 4.96 Avg R2: 1.64 Avg Reward: 6.598442
2026-05-16 20:26:12 [INFO] Epoch: 125 [38400/50000 (77%)]	 Training Loss: 0.106 ACC: 93.52 CR: 0.60 Avg R1: 4.96 Avg R2: 1.64 Avg Reward: 6.601971
2026-05-16 20:26:27 [INFO] EPOCH:125, ======================CR:0.60536====================
2026-05-16 20:26:27 [INFO] 0.015483231695781767
2026-05-16 20:26:29 [INFO] EPOCH:125, ======================ACC:91.52====================
2026-05-16 20:26:29 [INFO] BEST EPOCH:119,BEST ACC:92.43
2026-05-16 20:26:29 [INFO] Saving Masks: current CR 0.6054 target CR 0.6000
2026-05-16 20:26:48 [INFO] Epoch: 126 [12800/50000 (26%)]	 Training Loss: 0.104 ACC: 93.84 CR: 0.61 Avg R1: 4.92 Avg R2: 1.64 Avg Reward: 6.563459
2026-05-16 20:27:06 [INFO] Epoch: 126 [25600/50000 (51%)]	 Training Loss: 0.102 ACC: 93.78 CR: 0.60 Avg R1: 4.93 Avg R2: 1.64 Avg Reward: 6.569642
2026-05-16 20:27:24 [INFO] Epoch: 126 [38400/50000 (77%)]	 Training Loss: 0.103 ACC: 93.65 CR: 0.60 Avg R1: 4.95 Avg R2: 1.64 Avg Reward: 6.583771
2026-05-16 20:27:39 [INFO] EPOCH:126, ======================CR:0.59448====================
2026-05-16 20:27:39 [INFO] 0.011635172052170899
2026-05-16 20:27:41 [INFO] EPOCH:126, ======================ACC:92.01====================
2026-05-16 20:27:41 [INFO] BEST EPOCH:119,BEST ACC:92.43
2026-05-16 20:27:41 [INFO] Saving Masks: current CR 0.5945 target CR 0.6000
2026-05-16 20:28:00 [INFO] Epoch: 127 [12800/50000 (26%)]	 Training Loss: 0.103 ACC: 93.92 CR: 0.60 Avg R1: 4.95 Avg R2: 1.62 Avg Reward: 6.570664
2026-05-16 20:28:17 [INFO] Epoch: 127 [25600/50000 (51%)]	 Training Loss: 0.102 ACC: 93.86 CR: 0.60 Avg R1: 4.97 Avg R2: 1.62 Avg Reward: 6.584792
2026-05-16 20:28:34 [INFO] Epoch: 127 [38400/50000 (77%)]	 Training Loss: 0.102 ACC: 93.82 CR: 0.61 Avg R1: 4.96 Avg R2: 1.62 Avg Reward: 6.581533
2026-05-16 20:28:50 [INFO] EPOCH:127, ======================CR:0.60718====================
2026-05-16 20:28:50 [INFO] 0.018727703339960575
2026-05-16 20:28:52 [INFO] EPOCH:127, ======================ACC:92.38====================
2026-05-16 20:28:52 [INFO] BEST EPOCH:119,BEST ACC:92.43
2026-05-16 20:28:52 [INFO] Saving Masks: current CR 0.6072 target CR 0.6000
2026-05-16 20:28:52 [INFO] Updated candidate mask pretrained-rescale_mask_best-acc_60_05161757_resnet18 at epoch 127 with acc 92.3800
2026-05-16 20:29:10 [INFO] Epoch: 128 [12800/50000 (26%)]	 Training Loss: 0.103 ACC: 93.77 CR: 0.61 Avg R1: 4.91 Avg R2: 1.64 Avg Reward: 6.547020
2026-05-16 20:29:29 [INFO] Epoch: 128 [25600/50000 (51%)]	 Training Loss: 0.100 ACC: 93.99 CR: 0.60 Avg R1: 4.93 Avg R2: 1.64 Avg Reward: 6.564205
2026-05-16 20:29:45 [INFO] Epoch: 128 [38400/50000 (77%)]	 Training Loss: 0.098 ACC: 94.04 CR: 0.59 Avg R1: 4.94 Avg R2: 1.63 Avg Reward: 6.568549
2026-05-16 20:30:02 [INFO] EPOCH:128, ======================CR:0.58604====================
2026-05-16 20:30:02 [INFO] 0.01964163415339
2026-05-16 20:30:04 [INFO] EPOCH:128, ======================ACC:93.02====================
2026-05-16 20:30:04 [INFO] BEST EPOCH:128,BEST ACC:93.02
2026-05-16 20:30:21 [INFO] Epoch: 129 [12800/50000 (26%)]	 Training Loss: 0.088 ACC: 94.55 CR: 0.59 Avg R1: 4.89 Avg R2: 1.58 Avg Reward: 6.474502
2026-05-16 20:30:40 [INFO] Epoch: 129 [25600/50000 (51%)]	 Training Loss: 0.094 ACC: 94.11 CR: 0.59 Avg R1: 4.90 Avg R2: 1.58 Avg Reward: 6.479806
2026-05-16 20:30:57 [INFO] Epoch: 129 [38400/50000 (77%)]	 Training Loss: 0.096 ACC: 94.05 CR: 0.59 Avg R1: 4.91 Avg R2: 1.59 Avg Reward: 6.492670
2026-05-16 20:31:13 [INFO] EPOCH:129, ======================CR:0.60124====================
2026-05-16 20:31:13 [INFO] 0.02009177090045776
2026-05-16 20:31:16 [INFO] EPOCH:129, ======================ACC:91.22====================
2026-05-16 20:31:16 [INFO] BEST EPOCH:128,BEST ACC:93.02
2026-05-16 20:31:16 [INFO] Saving Masks: current CR 0.6012 target CR 0.6000
2026-05-16 20:31:34 [INFO] Epoch: 130 [12800/50000 (26%)]	 Training Loss: 0.098 ACC: 94.46 CR: 0.61 Avg R1: 4.94 Avg R2: 1.61 Avg Reward: 6.551405
2026-05-16 20:31:52 [INFO] Epoch: 130 [25600/50000 (51%)]	 Training Loss: 0.101 ACC: 94.13 CR: 0.61 Avg R1: 4.89 Avg R2: 1.62 Avg Reward: 6.511392
2026-05-16 20:32:09 [INFO] Epoch: 130 [38400/50000 (77%)]	 Training Loss: 0.102 ACC: 94.04 CR: 0.62 Avg R1: 4.86 Avg R2: 1.62 Avg Reward: 6.480268
2026-05-16 20:32:25 [INFO] EPOCH:130, ======================CR:0.62948====================
2026-05-16 20:32:25 [INFO] 0.03295137823032391
2026-05-16 20:32:27 [INFO] EPOCH:130, ======================ACC:92.08====================
2026-05-16 20:32:27 [INFO] BEST EPOCH:128,BEST ACC:93.02
2026-05-16 20:32:46 [INFO] Epoch: 131 [12800/50000 (26%)]	 Training Loss: 0.105 ACC: 93.78 CR: 0.63 Avg R1: 4.64 Avg R2: 1.66 Avg Reward: 6.304037
2026-05-16 20:33:03 [INFO] Epoch: 131 [25600/50000 (51%)]	 Training Loss: 0.098 ACC: 94.12 CR: 0.62 Avg R1: 4.66 Avg R2: 1.66 Avg Reward: 6.322156
2026-05-16 20:33:21 [INFO] Epoch: 131 [38400/50000 (77%)]	 Training Loss: 0.096 ACC: 94.08 CR: 0.61 Avg R1: 4.71 Avg R2: 1.65 Avg Reward: 6.361378
2026-05-16 20:33:37 [INFO] EPOCH:131, ======================CR:0.59902====================
2026-05-16 20:33:37 [INFO] 0.022828852991250714
2026-05-16 20:33:39 [INFO] EPOCH:131, ======================ACC:91.47====================
2026-05-16 20:33:39 [INFO] BEST EPOCH:128,BEST ACC:93.02
2026-05-16 20:33:39 [INFO] Saving Masks: current CR 0.5990 target CR 0.6000
2026-05-16 20:33:58 [INFO] Epoch: 132 [12800/50000 (26%)]	 Training Loss: 0.091 ACC: 94.43 CR: 0.59 Avg R1: 4.97 Avg R2: 1.60 Avg Reward: 6.571318
2026-05-16 20:34:17 [INFO] Epoch: 132 [25600/50000 (51%)]	 Training Loss: 0.087 ACC: 94.64 CR: 0.59 Avg R1: 4.95 Avg R2: 1.60 Avg Reward: 6.550435
2026-05-16 20:34:34 [INFO] Epoch: 132 [38400/50000 (77%)]	 Training Loss: 0.088 ACC: 94.57 CR: 0.59 Avg R1: 4.93 Avg R2: 1.59 Avg Reward: 6.528145
2026-05-16 20:34:50 [INFO] EPOCH:132, ======================CR:0.58684====================
2026-05-16 20:34:50 [INFO] 0.01764233923363913
2026-05-16 20:34:52 [INFO] EPOCH:132, ======================ACC:92.84====================
2026-05-16 20:34:52 [INFO] BEST EPOCH:128,BEST ACC:93.02
2026-05-16 20:35:10 [INFO] Epoch: 133 [12800/50000 (26%)]	 Training Loss: 0.093 ACC: 94.71 CR: 0.59 Avg R1: 4.92 Avg R2: 1.57 Avg Reward: 6.494146
2026-05-16 20:35:28 [INFO] Epoch: 133 [25600/50000 (51%)]	 Training Loss: 0.088 ACC: 94.70 CR: 0.60 Avg R1: 4.95 Avg R2: 1.58 Avg Reward: 6.529379
2026-05-16 20:35:48 [INFO] Epoch: 133 [38400/50000 (77%)]	 Training Loss: 0.089 ACC: 94.55 CR: 0.60 Avg R1: 4.96 Avg R2: 1.58 Avg Reward: 6.538905
2026-05-16 20:36:06 [INFO] EPOCH:133, ======================CR:0.6055====================
2026-05-16 20:36:06 [INFO] 0.03147542496451886
2026-05-16 20:36:08 [INFO] EPOCH:133, ======================ACC:93.04====================
2026-05-16 20:36:08 [INFO] BEST EPOCH:133,BEST ACC:93.04
2026-05-16 20:36:08 [INFO] Saving Masks: current CR 0.6055 target CR 0.6000
2026-05-16 20:36:08 [INFO] Updated candidate mask pretrained-rescale_mask_best-acc_60_05161757_resnet18 at epoch 133 with acc 93.0400
2026-05-16 20:36:28 [INFO] Epoch: 134 [12800/50000 (26%)]	 Training Loss: 0.082 ACC: 94.95 CR: 0.60 Avg R1: 4.96 Avg R2: 1.61 Avg Reward: 6.569463
2026-05-16 20:36:47 [INFO] Epoch: 134 [25600/50000 (51%)]	 Training Loss: 0.085 ACC: 94.65 CR: 0.59 Avg R1: 4.98 Avg R2: 1.60 Avg Reward: 6.576466
2026-05-16 20:37:05 [INFO] Epoch: 134 [38400/50000 (77%)]	 Training Loss: 0.086 ACC: 94.58 CR: 0.59 Avg R1: 4.96 Avg R2: 1.60 Avg Reward: 6.555940
2026-05-16 20:37:22 [INFO] EPOCH:134, ======================CR:0.588====================
2026-05-16 20:37:22 [INFO] 0.021892491927057472
2026-05-16 20:37:24 [INFO] EPOCH:134, ======================ACC:91.86====================
2026-05-16 20:37:24 [INFO] BEST EPOCH:133,BEST ACC:93.04
2026-05-16 20:37:43 [INFO] Epoch: 135 [12800/50000 (26%)]	 Training Loss: 0.089 ACC: 94.48 CR: 0.59 Avg R1: 4.93 Avg R2: 1.58 Avg Reward: 6.502426
2026-05-16 20:38:01 [INFO] Epoch: 135 [25600/50000 (51%)]	 Training Loss: 0.090 ACC: 94.53 CR: 0.59 Avg R1: 4.93 Avg R2: 1.58 Avg Reward: 6.512849
2026-05-16 20:38:16 [INFO] Epoch: 135 [38400/50000 (77%)]	 Training Loss: 0.089 ACC: 94.57 CR: 0.60 Avg R1: 4.94 Avg R2: 1.58 Avg Reward: 6.522125
2026-05-16 20:38:30 [INFO] EPOCH:135, ======================CR:0.6006====================
2026-05-16 20:38:30 [INFO] 0.015840813580527375
2026-05-16 20:38:32 [INFO] EPOCH:135, ======================ACC:92.69====================
2026-05-16 20:38:32 [INFO] BEST EPOCH:133,BEST ACC:93.04
2026-05-16 20:38:32 [INFO] Saving Masks: current CR 0.6006 target CR 0.6000
2026-05-16 20:38:49 [INFO] Epoch: 136 [12800/50000 (26%)]	 Training Loss: 0.091 ACC: 94.67 CR: 0.60 Avg R1: 4.97 Avg R2: 1.60 Avg Reward: 6.568914
2026-05-16 20:39:06 [INFO] Epoch: 136 [25600/50000 (51%)]	 Training Loss: 0.091 ACC: 94.69 CR: 0.61 Avg R1: 4.95 Avg R2: 1.60 Avg Reward: 6.553376
2026-05-16 20:39:23 [INFO] Epoch: 136 [38400/50000 (77%)]	 Training Loss: 0.089 ACC: 94.75 CR: 0.60 Avg R1: 4.95 Avg R2: 1.60 Avg Reward: 6.546833
2026-05-16 20:39:38 [INFO] EPOCH:136, ======================CR:0.60348====================
2026-05-16 20:39:38 [INFO] 0.018080805885168135
2026-05-16 20:39:40 [INFO] EPOCH:136, ======================ACC:93.73====================
2026-05-16 20:39:40 [INFO] BEST EPOCH:136,BEST ACC:93.73
2026-05-16 20:39:40 [INFO] Saving Masks: current CR 0.6035 target CR 0.6000
2026-05-16 20:39:40 [INFO] Updated candidate mask pretrained-rescale_mask_best-acc_60_05161757_resnet18 at epoch 136 with acc 93.7300
2026-05-16 20:39:58 [INFO] Epoch: 137 [12800/50000 (26%)]	 Training Loss: 0.077 ACC: 95.41 CR: 0.60 Avg R1: 4.98 Avg R2: 1.57 Avg Reward: 6.554706
2026-05-16 20:40:15 [INFO] Epoch: 137 [25600/50000 (51%)]	 Training Loss: 0.080 ACC: 95.27 CR: 0.60 Avg R1: 4.98 Avg R2: 1.57 Avg Reward: 6.554684
2026-05-16 20:40:32 [INFO] Epoch: 137 [38400/50000 (77%)]	 Training Loss: 0.079 ACC: 95.17 CR: 0.60 Avg R1: 4.98 Avg R2: 1.57 Avg Reward: 6.549973
2026-05-16 20:40:47 [INFO] EPOCH:137, ======================CR:0.59418====================
2026-05-16 20:40:47 [INFO] 0.014009553191564664
2026-05-16 20:40:49 [INFO] EPOCH:137, ======================ACC:93.48====================
2026-05-16 20:40:49 [INFO] BEST EPOCH:136,BEST ACC:93.73
2026-05-16 20:40:49 [INFO] Saving Masks: current CR 0.5942 target CR 0.6000
2026-05-16 20:41:07 [INFO] Epoch: 138 [12800/50000 (26%)]	 Training Loss: 0.078 ACC: 95.12 CR: 0.60 Avg R1: 4.96 Avg R2: 1.54 Avg Reward: 6.501007
2026-05-16 20:41:23 [INFO] Epoch: 138 [25600/50000 (51%)]	 Training Loss: 0.081 ACC: 95.08 CR: 0.59 Avg R1: 4.96 Avg R2: 1.54 Avg Reward: 6.502995
2026-05-16 20:41:39 [INFO] Epoch: 138 [38400/50000 (77%)]	 Training Loss: 0.084 ACC: 94.96 CR: 0.59 Avg R1: 4.96 Avg R2: 1.54 Avg Reward: 6.500287
2026-05-16 20:41:52 [INFO] EPOCH:138, ======================CR:0.6021====================
2026-05-16 20:41:52 [INFO] 0.0171648830122356
2026-05-16 20:41:54 [INFO] EPOCH:138, ======================ACC:91.97====================
2026-05-16 20:41:54 [INFO] BEST EPOCH:136,BEST ACC:93.73
2026-05-16 20:41:54 [INFO] Saving Masks: current CR 0.6021 target CR 0.6000
2026-05-16 20:42:10 [INFO] Epoch: 139 [12800/50000 (26%)]	 Training Loss: 0.080 ACC: 95.19 CR: 0.61 Avg R1: 4.94 Avg R2: 1.57 Avg Reward: 6.508127
2026-05-16 20:42:26 [INFO] Epoch: 139 [25600/50000 (51%)]	 Training Loss: 0.080 ACC: 95.23 CR: 0.61 Avg R1: 4.92 Avg R2: 1.57 Avg Reward: 6.496086
2026-05-16 20:42:43 [INFO] Epoch: 139 [38400/50000 (77%)]	 Training Loss: 0.080 ACC: 95.23 CR: 0.60 Avg R1: 4.93 Avg R2: 1.57 Avg Reward: 6.497249
2026-05-16 20:42:57 [INFO] EPOCH:139, ======================CR:0.59418====================
2026-05-16 20:42:57 [INFO] 0.021623454183477636
2026-05-16 20:42:59 [INFO] EPOCH:139, ======================ACC:93.23====================
2026-05-16 20:42:59 [INFO] BEST EPOCH:136,BEST ACC:93.73
2026-05-16 20:42:59 [INFO] Saving Masks: current CR 0.5942 target CR 0.6000
2026-05-16 20:43:16 [INFO] Epoch: 140 [12800/50000 (26%)]	 Training Loss: 0.066 ACC: 95.74 CR: 0.59 Avg R1: 4.93 Avg R2: 1.54 Avg Reward: 6.470683
2026-05-16 20:43:32 [INFO] Epoch: 140 [25600/50000 (51%)]	 Training Loss: 0.071 ACC: 95.59 CR: 0.59 Avg R1: 4.92 Avg R2: 1.53 Avg Reward: 6.454105
2026-05-16 20:43:49 [INFO] Epoch: 140 [38400/50000 (77%)]	 Training Loss: 0.073 ACC: 95.36 CR: 0.58 Avg R1: 4.90 Avg R2: 1.53 Avg Reward: 6.427456
2026-05-16 20:44:05 [INFO] EPOCH:140, ======================CR:0.57294====================
2026-05-16 20:44:05 [INFO] 0.019907185305554846
2026-05-16 20:44:07 [INFO] EPOCH:140, ======================ACC:94.02====================
2026-05-16 20:44:07 [INFO] BEST EPOCH:140,BEST ACC:94.02
2026-05-16 20:44:23 [INFO] Epoch: 141 [12800/50000 (26%)]	 Training Loss: 0.075 ACC: 95.41 CR: 0.57 Avg R1: 4.78 Avg R2: 1.49 Avg Reward: 6.261944
2026-05-16 20:44:41 [INFO] Epoch: 141 [25600/50000 (51%)]	 Training Loss: 0.071 ACC: 95.59 CR: 0.57 Avg R1: 4.77 Avg R2: 1.49 Avg Reward: 6.259732
2026-05-16 20:44:58 [INFO] Epoch: 141 [38400/50000 (77%)]	 Training Loss: 0.070 ACC: 95.70 CR: 0.57 Avg R1: 4.77 Avg R2: 1.48 Avg Reward: 6.254977
2026-05-16 20:45:13 [INFO] EPOCH:141, ======================CR:0.57342====================
2026-05-16 20:45:13 [INFO] 0.01437637512637592
2026-05-16 20:45:15 [INFO] EPOCH:141, ======================ACC:93.59====================
2026-05-16 20:45:15 [INFO] BEST EPOCH:140,BEST ACC:94.02
2026-05-16 20:45:33 [INFO] Epoch: 142 [12800/50000 (26%)]	 Training Loss: 0.073 ACC: 95.39 CR: 0.58 Avg R1: 4.79 Avg R2: 1.47 Avg Reward: 6.257531
2026-05-16 20:45:50 [INFO] Epoch: 142 [25600/50000 (51%)]	 Training Loss: 0.075 ACC: 95.34 CR: 0.58 Avg R1: 4.81 Avg R2: 1.48 Avg Reward: 6.283539
2026-05-16 20:46:08 [INFO] Epoch: 142 [38400/50000 (77%)]	 Training Loss: 0.076 ACC: 95.34 CR: 0.59 Avg R1: 4.84 Avg R2: 1.48 Avg Reward: 6.319196
2026-05-16 20:46:24 [INFO] EPOCH:142, ======================CR:0.6029====================
2026-05-16 20:46:24 [INFO] 0.024674711223780295
2026-05-16 20:46:26 [INFO] EPOCH:142, ======================ACC:92.93====================
2026-05-16 20:46:26 [INFO] BEST EPOCH:140,BEST ACC:94.02
2026-05-16 20:46:26 [INFO] Saving Masks: current CR 0.6029 target CR 0.6000
2026-05-16 20:46:43 [INFO] Epoch: 143 [12800/50000 (26%)]	 Training Loss: 0.079 ACC: 95.52 CR: 0.61 Avg R1: 4.91 Avg R2: 1.55 Avg Reward: 6.457042
2026-05-16 20:47:00 [INFO] Epoch: 143 [25600/50000 (51%)]	 Training Loss: 0.079 ACC: 95.45 CR: 0.62 Avg R1: 4.86 Avg R2: 1.55 Avg Reward: 6.410345
2026-05-16 20:47:18 [INFO] Epoch: 143 [38400/50000 (77%)]	 Training Loss: 0.081 ACC: 95.38 CR: 0.63 Avg R1: 4.80 Avg R2: 1.56 Avg Reward: 6.358790
2026-05-16 20:47:33 [INFO] EPOCH:143, ======================CR:0.6408====================
2026-05-16 20:47:33 [INFO] 0.03976703825997502
2026-05-16 20:47:36 [INFO] EPOCH:143, ======================ACC:93.54====================
2026-05-16 20:47:36 [INFO] BEST EPOCH:140,BEST ACC:94.02
2026-05-16 20:47:53 [INFO] Epoch: 144 [12800/50000 (26%)]	 Training Loss: 0.075 ACC: 95.75 CR: 0.64 Avg R1: 4.49 Avg R2: 1.60 Avg Reward: 6.093074
2026-05-16 20:48:10 [INFO] Epoch: 144 [25600/50000 (51%)]	 Training Loss: 0.075 ACC: 95.68 CR: 0.64 Avg R1: 4.49 Avg R2: 1.60 Avg Reward: 6.088478
2026-05-16 20:48:27 [INFO] Epoch: 144 [38400/50000 (77%)]	 Training Loss: 0.077 ACC: 95.62 CR: 0.64 Avg R1: 4.50 Avg R2: 1.60 Avg Reward: 6.097902
2026-05-16 20:48:43 [INFO] EPOCH:144, ======================CR:0.63384====================
2026-05-16 20:48:43 [INFO] 0.038488529518059825
2026-05-16 20:48:45 [INFO] EPOCH:144, ======================ACC:93.11====================
2026-05-16 20:48:45 [INFO] BEST EPOCH:140,BEST ACC:94.02
2026-05-16 20:49:03 [INFO] Epoch: 145 [12800/50000 (26%)]	 Training Loss: 0.077 ACC: 95.55 CR: 0.63 Avg R1: 4.60 Avg R2: 1.58 Avg Reward: 6.179684
2026-05-16 20:49:20 [INFO] Epoch: 145 [25600/50000 (51%)]	 Training Loss: 0.076 ACC: 95.60 CR: 0.63 Avg R1: 4.61 Avg R2: 1.58 Avg Reward: 6.188790
2026-05-16 20:49:38 [INFO] Epoch: 145 [38400/50000 (77%)]	 Training Loss: 0.074 ACC: 95.72 CR: 0.62 Avg R1: 4.63 Avg R2: 1.58 Avg Reward: 6.208833
2026-05-16 20:49:54 [INFO] EPOCH:145, ======================CR:0.6176====================
2026-05-16 20:49:54 [INFO] 0.03718861016593746
2026-05-16 20:49:56 [INFO] EPOCH:145, ======================ACC:93.26====================
2026-05-16 20:49:56 [INFO] BEST EPOCH:140,BEST ACC:94.02
2026-05-16 20:50:15 [INFO] Epoch: 146 [12800/50000 (26%)]	 Training Loss: 0.064 ACC: 96.15 CR: 0.62 Avg R1: 4.79 Avg R2: 1.54 Avg Reward: 6.329381
2026-05-16 20:50:31 [INFO] Epoch: 146 [25600/50000 (51%)]	 Training Loss: 0.062 ACC: 96.20 CR: 0.62 Avg R1: 4.79 Avg R2: 1.54 Avg Reward: 6.328998
2026-05-16 20:50:49 [INFO] Epoch: 146 [38400/50000 (77%)]	 Training Loss: 0.066 ACC: 95.97 CR: 0.61 Avg R1: 4.79 Avg R2: 1.54 Avg Reward: 6.331355
2026-05-16 20:51:05 [INFO] EPOCH:146, ======================CR:0.60852====================
2026-05-16 20:51:05 [INFO] 0.02316398488918817
2026-05-16 20:51:07 [INFO] EPOCH:146, ======================ACC:94.18====================
2026-05-16 20:51:07 [INFO] BEST EPOCH:146,BEST ACC:94.18
2026-05-16 20:51:07 [INFO] Saving Masks: current CR 0.6085 target CR 0.6000
2026-05-16 20:51:07 [INFO] Updated candidate mask pretrained-rescale_mask_best-acc_60_05161757_resnet18 at epoch 146 with acc 94.1800
2026-05-16 20:51:25 [INFO] Epoch: 147 [12800/50000 (26%)]	 Training Loss: 0.067 ACC: 95.73 CR: 0.60 Avg R1: 4.94 Avg R2: 1.51 Avg Reward: 6.445386
2026-05-16 20:51:41 [INFO] Epoch: 147 [25600/50000 (51%)]	 Training Loss: 0.065 ACC: 96.06 CR: 0.60 Avg R1: 4.96 Avg R2: 1.50 Avg Reward: 6.464376
2026-05-16 20:51:58 [INFO] Epoch: 147 [38400/50000 (77%)]	 Training Loss: 0.064 ACC: 96.08 CR: 0.60 Avg R1: 4.97 Avg R2: 1.50 Avg Reward: 6.462446
2026-05-16 20:52:16 [INFO] EPOCH:147, ======================CR:0.59602====================
2026-05-16 20:52:16 [INFO] 0.012240763389480012
2026-05-16 20:52:19 [INFO] EPOCH:147, ======================ACC:94.25====================
2026-05-16 20:52:19 [INFO] BEST EPOCH:147,BEST ACC:94.25
2026-05-16 20:52:19 [INFO] Saving Masks: current CR 0.5960 target CR 0.6000
2026-05-16 20:52:19 [INFO] Updated candidate mask pretrained-rescale_mask_best-acc_60_05161757_resnet18 at epoch 147 with acc 94.2500
2026-05-16 20:52:37 [INFO] Epoch: 148 [12800/50000 (26%)]	 Training Loss: 0.068 ACC: 95.96 CR: 0.60 Avg R1: 4.99 Avg R2: 1.47 Avg Reward: 6.466451
2026-05-16 20:52:54 [INFO] Epoch: 148 [25600/50000 (51%)]	 Training Loss: 0.066 ACC: 96.12 CR: 0.61 Avg R1: 4.97 Avg R2: 1.48 Avg Reward: 6.448119
2026-05-16 20:53:11 [INFO] Epoch: 148 [38400/50000 (77%)]	 Training Loss: 0.065 ACC: 96.18 CR: 0.61 Avg R1: 4.95 Avg R2: 1.48 Avg Reward: 6.429467
2026-05-16 20:53:29 [INFO] EPOCH:148, ======================CR:0.60934====================
2026-05-16 20:53:29 [INFO] 0.031197844311546707
2026-05-16 20:53:32 [INFO] EPOCH:148, ======================ACC:94.1====================
2026-05-16 20:53:32 [INFO] BEST EPOCH:147,BEST ACC:94.25
2026-05-16 20:53:32 [INFO] Saving Masks: current CR 0.6093 target CR 0.6000
2026-05-16 20:53:49 [INFO] Epoch: 149 [12800/50000 (26%)]	 Training Loss: 0.063 ACC: 96.38 CR: 0.61 Avg R1: 4.90 Avg R2: 1.49 Avg Reward: 6.386041
2026-05-16 20:54:07 [INFO] Epoch: 149 [25600/50000 (51%)]	 Training Loss: 0.061 ACC: 96.44 CR: 0.61 Avg R1: 4.91 Avg R2: 1.49 Avg Reward: 6.394374
2026-05-16 20:54:25 [INFO] Epoch: 149 [38400/50000 (77%)]	 Training Loss: 0.062 ACC: 96.41 CR: 0.60 Avg R1: 4.93 Avg R2: 1.48 Avg Reward: 6.407475
2026-05-16 20:54:41 [INFO] EPOCH:149, ======================CR:0.5959====================
2026-05-16 20:54:41 [INFO] 0.013300039494836718
2026-05-16 20:54:44 [INFO] EPOCH:149, ======================ACC:94.04====================
2026-05-16 20:54:44 [INFO] BEST EPOCH:147,BEST ACC:94.25
2026-05-16 20:54:44 [INFO] Saving Masks: current CR 0.5959 target CR 0.6000
2026-05-16 20:55:03 [INFO] Epoch: 150 [12800/50000 (26%)]	 Training Loss: 0.058 ACC: 96.59 CR: 0.60 Avg R1: 4.95 Avg R2: 1.46 Avg Reward: 6.412725
2026-05-16 20:55:22 [INFO] Epoch: 150 [25600/50000 (51%)]	 Training Loss: 0.058 ACC: 96.63 CR: 0.60 Avg R1: 4.97 Avg R2: 1.46 Avg Reward: 6.427029
2026-05-16 20:55:41 [INFO] Epoch: 150 [38400/50000 (77%)]	 Training Loss: 0.060 ACC: 96.49 CR: 0.61 Avg R1: 4.97 Avg R2: 1.46 Avg Reward: 6.432392
2026-05-16 20:55:59 [INFO] EPOCH:150, ======================CR:0.60998====================
2026-05-16 20:55:59 [INFO] 0.016652625047867044
2026-05-16 20:56:01 [INFO] EPOCH:150, ======================ACC:93.76====================
2026-05-16 20:56:01 [INFO] BEST EPOCH:147,BEST ACC:94.25
2026-05-16 20:56:01 [INFO] Saving Masks: current CR 0.6100 target CR 0.6000
2026-05-16 20:56:22 [INFO] Epoch: 151 [12800/50000 (26%)]	 Training Loss: 0.059 ACC: 96.60 CR: 0.61 Avg R1: 4.90 Avg R2: 1.48 Avg Reward: 6.376691
2026-05-16 20:56:41 [INFO] Epoch: 151 [25600/50000 (51%)]	 Training Loss: 0.058 ACC: 96.60 CR: 0.61 Avg R1: 4.90 Avg R2: 1.48 Avg Reward: 6.377471
2026-05-16 20:57:00 [INFO] Epoch: 151 [38400/50000 (77%)]	 Training Loss: 0.057 ACC: 96.61 CR: 0.60 Avg R1: 4.92 Avg R2: 1.48 Avg Reward: 6.392783
2026-05-16 20:57:17 [INFO] EPOCH:151, ======================CR:0.59594====================
2026-05-16 20:57:17 [INFO] 0.017938973963152614
2026-05-16 20:57:19 [INFO] EPOCH:151, ======================ACC:94.51====================
2026-05-16 20:57:19 [INFO] BEST EPOCH:151,BEST ACC:94.51
2026-05-16 20:57:19 [INFO] Saving Masks: current CR 0.5959 target CR 0.6000
2026-05-16 20:57:19 [INFO] Updated candidate mask pretrained-rescale_mask_best-acc_60_05161757_resnet18 at epoch 151 with acc 94.5100
2026-05-16 20:57:40 [INFO] Epoch: 152 [12800/50000 (26%)]	 Training Loss: 0.053 ACC: 96.70 CR: 0.59 Avg R1: 4.96 Avg R2: 1.43 Avg Reward: 6.391578
2026-05-16 20:57:59 [INFO] Epoch: 152 [25600/50000 (51%)]	 Training Loss: 0.054 ACC: 96.74 CR: 0.59 Avg R1: 4.95 Avg R2: 1.43 Avg Reward: 6.380614
2026-05-16 20:58:20 [INFO] Epoch: 152 [38400/50000 (77%)]	 Training Loss: 0.054 ACC: 96.74 CR: 0.59 Avg R1: 4.95 Avg R2: 1.43 Avg Reward: 6.379844
2026-05-16 20:58:37 [INFO] EPOCH:152, ======================CR:0.5928====================
2026-05-16 20:58:37 [INFO] 0.021776937901842798
2026-05-16 20:58:40 [INFO] EPOCH:152, ======================ACC:93.87====================
2026-05-16 20:58:40 [INFO] BEST EPOCH:151,BEST ACC:94.51
2026-05-16 20:58:40 [INFO] Saving Masks: current CR 0.5928 target CR 0.6000
2026-05-16 20:59:00 [INFO] Epoch: 153 [12800/50000 (26%)]	 Training Loss: 0.053 ACC: 96.62 CR: 0.59 Avg R1: 4.93 Avg R2: 1.41 Avg Reward: 6.345418
2026-05-16 20:59:20 [INFO] Epoch: 153 [25600/50000 (51%)]	 Training Loss: 0.052 ACC: 96.88 CR: 0.59 Avg R1: 4.93 Avg R2: 1.41 Avg Reward: 6.339608
2026-05-16 20:59:40 [INFO] Epoch: 153 [38400/50000 (77%)]	 Training Loss: 0.053 ACC: 96.86 CR: 0.60 Avg R1: 4.93 Avg R2: 1.42 Avg Reward: 6.347402
2026-05-16 20:59:58 [INFO] EPOCH:153, ======================CR:0.59796====================
2026-05-16 20:59:59 [INFO] 0.024015530316386344
2026-05-16 21:00:01 [INFO] EPOCH:153, ======================ACC:94.13====================
2026-05-16 21:00:01 [INFO] BEST EPOCH:151,BEST ACC:94.51
2026-05-16 21:00:01 [INFO] Saving Masks: current CR 0.5980 target CR 0.6000
2026-05-16 21:00:21 [INFO] Epoch: 154 [12800/50000 (26%)]	 Training Loss: 0.050 ACC: 97.04 CR: 0.60 Avg R1: 4.98 Avg R2: 1.42 Avg Reward: 6.396866
2026-05-16 21:00:40 [INFO] Epoch: 154 [25600/50000 (51%)]	 Training Loss: 0.051 ACC: 96.97 CR: 0.60 Avg R1: 4.98 Avg R2: 1.42 Avg Reward: 6.400558
2026-05-16 21:00:57 [INFO] Epoch: 154 [38400/50000 (77%)]	 Training Loss: 0.053 ACC: 96.93 CR: 0.61 Avg R1: 4.98 Avg R2: 1.42 Avg Reward: 6.397699
2026-05-16 21:01:14 [INFO] EPOCH:154, ======================CR:0.6068====================
2026-05-16 21:01:14 [INFO] 0.032271600334070276
2026-05-16 21:01:16 [INFO] EPOCH:154, ======================ACC:94.38====================
2026-05-16 21:01:16 [INFO] BEST EPOCH:151,BEST ACC:94.51
2026-05-16 21:01:16 [INFO] Saving Masks: current CR 0.6068 target CR 0.6000
2026-05-16 21:01:35 [INFO] Epoch: 155 [12800/50000 (26%)]	 Training Loss: 0.046 ACC: 97.11 CR: 0.61 Avg R1: 4.92 Avg R2: 1.42 Avg Reward: 6.347886
2026-05-16 21:01:55 [INFO] Epoch: 155 [25600/50000 (51%)]	 Training Loss: 0.048 ACC: 97.14 CR: 0.60 Avg R1: 4.95 Avg R2: 1.42 Avg Reward: 6.367154
2026-05-16 21:02:13 [INFO] Epoch: 155 [38400/50000 (77%)]	 Training Loss: 0.049 ACC: 97.09 CR: 0.59 Avg R1: 4.96 Avg R2: 1.42 Avg Reward: 6.373056
2026-05-16 21:02:30 [INFO] EPOCH:155, ======================CR:0.5973====================
2026-05-16 21:02:30 [INFO] 0.034034511838356395
2026-05-16 21:02:32 [INFO] EPOCH:155, ======================ACC:94.4====================
2026-05-16 21:02:32 [INFO] BEST EPOCH:151,BEST ACC:94.51
2026-05-16 21:02:32 [INFO] Saving Masks: current CR 0.5973 target CR 0.6000
2026-05-16 21:02:50 [INFO] Epoch: 156 [12800/50000 (26%)]	 Training Loss: 0.046 ACC: 97.34 CR: 0.60 Avg R1: 4.99 Avg R2: 1.40 Avg Reward: 6.387936
2026-05-16 21:03:08 [INFO] Epoch: 156 [25600/50000 (51%)]	 Training Loss: 0.048 ACC: 97.20 CR: 0.60 Avg R1: 4.98 Avg R2: 1.41 Avg Reward: 6.383517
2026-05-16 21:03:25 [INFO] Epoch: 156 [38400/50000 (77%)]	 Training Loss: 0.048 ACC: 97.21 CR: 0.60 Avg R1: 4.97 Avg R2: 1.41 Avg Reward: 6.378915
2026-05-16 21:03:43 [INFO] EPOCH:156, ======================CR:0.60212====================
2026-05-16 21:03:43 [INFO] 0.030656754323460243
2026-05-16 21:03:45 [INFO] EPOCH:156, ======================ACC:94.11====================
2026-05-16 21:03:45 [INFO] BEST EPOCH:151,BEST ACC:94.51
2026-05-16 21:03:45 [INFO] Saving Masks: current CR 0.6021 target CR 0.6000
2026-05-16 21:04:04 [INFO] Epoch: 157 [12800/50000 (26%)]	 Training Loss: 0.050 ACC: 97.16 CR: 0.60 Avg R1: 4.99 Avg R2: 1.39 Avg Reward: 6.374873
2026-05-16 21:04:22 [INFO] Epoch: 157 [25600/50000 (51%)]	 Training Loss: 0.049 ACC: 97.18 CR: 0.59 Avg R1: 4.98 Avg R2: 1.38 Avg Reward: 6.362402
2026-05-16 21:04:41 [INFO] Epoch: 157 [38400/50000 (77%)]	 Training Loss: 0.048 ACC: 97.23 CR: 0.59 Avg R1: 4.96 Avg R2: 1.38 Avg Reward: 6.340770
2026-05-16 21:04:58 [INFO] EPOCH:157, ======================CR:0.5856====================
2026-05-16 21:04:58 [INFO] 0.02563387700934653
2026-05-16 21:05:00 [INFO] EPOCH:157, ======================ACC:94.3====================
2026-05-16 21:05:00 [INFO] BEST EPOCH:151,BEST ACC:94.51
2026-05-16 21:05:17 [INFO] Epoch: 158 [12800/50000 (26%)]	 Training Loss: 0.045 ACC: 97.28 CR: 0.59 Avg R1: 4.89 Avg R2: 1.36 Avg Reward: 6.246229
2026-05-16 21:05:35 [INFO] Epoch: 158 [25600/50000 (51%)]	 Training Loss: 0.044 ACC: 97.36 CR: 0.59 Avg R1: 4.91 Avg R2: 1.36 Avg Reward: 6.265662
2026-05-16 21:05:53 [INFO] Epoch: 158 [38400/50000 (77%)]	 Training Loss: 0.044 ACC: 97.38 CR: 0.60 Avg R1: 4.92 Avg R2: 1.36 Avg Reward: 6.286803
2026-05-16 21:06:10 [INFO] EPOCH:158, ======================CR:0.60772====================
2026-05-16 21:06:10 [INFO] 0.03151267118303781
2026-05-16 21:06:12 [INFO] EPOCH:158, ======================ACC:94.18====================
2026-05-16 21:06:12 [INFO] BEST EPOCH:151,BEST ACC:94.51
2026-05-16 21:06:12 [INFO] Saving Masks: current CR 0.6077 target CR 0.6000
2026-05-16 21:06:31 [INFO] Epoch: 159 [12800/50000 (26%)]	 Training Loss: 0.045 ACC: 97.41 CR: 0.61 Avg R1: 4.88 Avg R2: 1.38 Avg Reward: 6.259650
2026-05-16 21:06:49 [INFO] Epoch: 159 [25600/50000 (51%)]	 Training Loss: 0.045 ACC: 97.37 CR: 0.61 Avg R1: 4.86 Avg R2: 1.38 Avg Reward: 6.241876
2026-05-16 21:07:06 [INFO] Epoch: 159 [38400/50000 (77%)]	 Training Loss: 0.046 ACC: 97.32 CR: 0.61 Avg R1: 4.85 Avg R2: 1.38 Avg Reward: 6.235935
2026-05-16 21:07:24 [INFO] EPOCH:159, ======================CR:0.60778====================
2026-05-16 21:07:24 [INFO] 0.020049527626838277
2026-05-16 21:07:26 [INFO] EPOCH:159, ======================ACC:94.84====================
2026-05-16 21:07:26 [INFO] BEST EPOCH:159,BEST ACC:94.84
2026-05-16 21:07:26 [INFO] Saving Masks: current CR 0.6078 target CR 0.6000
2026-05-16 21:07:26 [INFO] Updated candidate mask pretrained-rescale_mask_best-acc_60_05161757_resnet18 at epoch 159 with acc 94.8400
2026-05-16 21:07:47 [INFO] Epoch: 160 [12800/50000 (26%)]	 Training Loss: 0.042 ACC: 97.71 CR: 0.60 Avg R1: 4.95 Avg R2: 1.36 Avg Reward: 6.312516
2026-05-16 21:08:05 [INFO] Epoch: 160 [25600/50000 (51%)]	 Training Loss: 0.042 ACC: 97.50 CR: 0.60 Avg R1: 4.97 Avg R2: 1.36 Avg Reward: 6.328216
2026-05-16 21:08:26 [INFO] Epoch: 160 [38400/50000 (77%)]	 Training Loss: 0.042 ACC: 97.55 CR: 0.59 Avg R1: 4.96 Avg R2: 1.36 Avg Reward: 6.318481
2026-05-16 21:08:44 [INFO] EPOCH:160, ======================CR:0.58922====================
2026-05-16 21:08:44 [INFO] 0.016325304593392667
2026-05-16 21:08:46 [INFO] EPOCH:160, ======================ACC:95.04====================
2026-05-16 21:08:46 [INFO] BEST EPOCH:160,BEST ACC:95.04
2026-05-16 21:09:06 [INFO] Epoch: 161 [12800/50000 (26%)]	 Training Loss: 0.043 ACC: 97.50 CR: 0.59 Avg R1: 4.91 Avg R2: 1.33 Avg Reward: 6.239829
2026-05-16 21:09:25 [INFO] Epoch: 161 [25600/50000 (51%)]	 Training Loss: 0.042 ACC: 97.53 CR: 0.59 Avg R1: 4.92 Avg R2: 1.33 Avg Reward: 6.250727
2026-05-16 21:09:44 [INFO] Epoch: 161 [38400/50000 (77%)]	 Training Loss: 0.041 ACC: 97.64 CR: 0.60 Avg R1: 4.93 Avg R2: 1.33 Avg Reward: 6.264019
2026-05-16 21:10:01 [INFO] EPOCH:161, ======================CR:0.60044====================
2026-05-16 21:10:01 [INFO] 0.02348118356638395
2026-05-16 21:10:03 [INFO] EPOCH:161, ======================ACC:94.98====================
2026-05-16 21:10:03 [INFO] BEST EPOCH:160,BEST ACC:95.04
2026-05-16 21:10:03 [INFO] Saving Masks: current CR 0.6004 target CR 0.6000
2026-05-16 21:10:03 [INFO] Updated candidate mask pretrained-rescale_mask_best-acc_60_05161757_resnet18 at epoch 161 with acc 94.9800
2026-05-16 21:10:23 [INFO] Epoch: 162 [12800/50000 (26%)]	 Training Loss: 0.039 ACC: 97.68 CR: 0.60 Avg R1: 4.99 Avg R2: 1.34 Avg Reward: 6.324859
2026-05-16 21:10:42 [INFO] Epoch: 162 [25600/50000 (51%)]	 Training Loss: 0.041 ACC: 97.65 CR: 0.60 Avg R1: 4.98 Avg R2: 1.34 Avg Reward: 6.316696
2026-05-16 21:11:02 [INFO] Epoch: 162 [38400/50000 (77%)]	 Training Loss: 0.041 ACC: 97.68 CR: 0.61 Avg R1: 4.96 Avg R2: 1.34 Avg Reward: 6.302789
2026-05-16 21:11:18 [INFO] EPOCH:162, ======================CR:0.60214====================
2026-05-16 21:11:18 [INFO] 0.021691493821922696
2026-05-16 21:11:20 [INFO] EPOCH:162, ======================ACC:94.81====================
2026-05-16 21:11:20 [INFO] BEST EPOCH:161,BEST ACC:95.04
2026-05-16 21:11:20 [INFO] Saving Masks: current CR 0.6021 target CR 0.6000
2026-05-16 21:11:40 [INFO] Epoch: 163 [12800/50000 (26%)]	 Training Loss: 0.042 ACC: 97.66 CR: 0.60 Avg R1: 4.97 Avg R2: 1.33 Avg Reward: 6.298121
2026-05-16 21:12:00 [INFO] Epoch: 163 [25600/50000 (51%)]	 Training Loss: 0.038 ACC: 97.84 CR: 0.60 Avg R1: 4.97 Avg R2: 1.32 Avg Reward: 6.298558
2026-05-16 21:12:19 [INFO] Epoch: 163 [38400/50000 (77%)]	 Training Loss: 0.037 ACC: 97.80 CR: 0.59 Avg R1: 4.96 Avg R2: 1.32 Avg Reward: 6.284230
2026-05-16 21:12:36 [INFO] EPOCH:163, ======================CR:0.58774====================
2026-05-16 21:12:36 [INFO] 0.022212894728646782
2026-05-16 21:12:38 [INFO] EPOCH:163, ======================ACC:95.15====================
2026-05-16 21:12:38 [INFO] BEST EPOCH:163,BEST ACC:95.15
2026-05-16 21:12:56 [INFO] Epoch: 164 [12800/50000 (26%)]	 Training Loss: 0.033 ACC: 98.03 CR: 0.59 Avg R1: 4.91 Avg R2: 1.29 Avg Reward: 6.203041
2026-05-16 21:13:16 [INFO] Epoch: 164 [25600/50000 (51%)]	 Training Loss: 0.036 ACC: 97.96 CR: 0.60 Avg R1: 4.93 Avg R2: 1.29 Avg Reward: 6.222257
2026-05-16 21:13:36 [INFO] Epoch: 164 [38400/50000 (77%)]	 Training Loss: 0.036 ACC: 97.97 CR: 0.60 Avg R1: 4.95 Avg R2: 1.30 Avg Reward: 6.243549
2026-05-16 21:13:55 [INFO] EPOCH:164, ======================CR:0.60462====================
2026-05-16 21:13:55 [INFO] 0.021144106402163198
2026-05-16 21:13:57 [INFO] EPOCH:164, ======================ACC:95.18====================
2026-05-16 21:13:57 [INFO] BEST EPOCH:164,BEST ACC:95.18
2026-05-16 21:13:57 [INFO] Saving Masks: current CR 0.6046 target CR 0.6000
2026-05-16 21:13:57 [INFO] Updated candidate mask pretrained-rescale_mask_best-acc_60_05161757_resnet18 at epoch 164 with acc 95.1800
2026-05-16 21:14:17 [INFO] Epoch: 165 [12800/50000 (26%)]	 Training Loss: 0.035 ACC: 97.95 CR: 0.61 Avg R1: 4.94 Avg R2: 1.30 Avg Reward: 6.234531
2026-05-16 21:14:37 [INFO] Epoch: 165 [25600/50000 (51%)]	 Training Loss: 0.036 ACC: 97.93 CR: 0.61 Avg R1: 4.93 Avg R2: 1.30 Avg Reward: 6.230546
2026-05-16 21:14:58 [INFO] Epoch: 165 [38400/50000 (77%)]	 Training Loss: 0.035 ACC: 98.00 CR: 0.60 Avg R1: 4.94 Avg R2: 1.30 Avg Reward: 6.236215
2026-05-16 21:15:16 [INFO] EPOCH:165, ======================CR:0.59946====================
2026-05-16 21:15:16 [INFO] 0.0230448132306104
2026-05-16 21:15:18 [INFO] EPOCH:165, ======================ACC:95.27====================
2026-05-16 21:15:18 [INFO] BEST EPOCH:165,BEST ACC:95.27
2026-05-16 21:15:18 [INFO] Saving Masks: current CR 0.5995 target CR 0.6000
2026-05-16 21:15:18 [INFO] Updated candidate mask pretrained-rescale_mask_best-acc_60_05161757_resnet18 at epoch 165 with acc 95.2700
2026-05-16 21:15:38 [INFO] Epoch: 166 [12800/50000 (26%)]	 Training Loss: 0.037 ACC: 97.93 CR: 0.60 Avg R1: 4.98 Avg R2: 1.28 Avg Reward: 6.266343
2026-05-16 21:15:56 [INFO] Epoch: 166 [25600/50000 (51%)]	 Training Loss: 0.035 ACC: 97.93 CR: 0.59 Avg R1: 4.97 Avg R2: 1.28 Avg Reward: 6.251130
2026-05-16 21:16:17 [INFO] Epoch: 166 [38400/50000 (77%)]	 Training Loss: 0.035 ACC: 97.95 CR: 0.59 Avg R1: 4.96 Avg R2: 1.28 Avg Reward: 6.240217
2026-05-16 21:16:36 [INFO] EPOCH:166, ======================CR:0.59428====================
2026-05-16 21:16:36 [INFO] 0.02625351823321753
2026-05-16 21:16:38 [INFO] EPOCH:166, ======================ACC:95.35====================
2026-05-16 21:16:38 [INFO] BEST EPOCH:166,BEST ACC:95.35
2026-05-16 21:16:38 [INFO] Saving Masks: current CR 0.5943 target CR 0.6000
2026-05-16 21:16:38 [INFO] Updated candidate mask pretrained-rescale_mask_best-acc_60_05161757_resnet18 at epoch 166 with acc 95.3500
2026-05-16 21:16:57 [INFO] Epoch: 167 [12800/50000 (26%)]	 Training Loss: 0.032 ACC: 98.07 CR: 0.60 Avg R1: 4.96 Avg R2: 1.28 Avg Reward: 6.232549
2026-05-16 21:17:16 [INFO] Epoch: 167 [25600/50000 (51%)]	 Training Loss: 0.033 ACC: 98.02 CR: 0.60 Avg R1: 4.97 Avg R2: 1.28 Avg Reward: 6.244433
2026-05-16 21:17:36 [INFO] Epoch: 167 [38400/50000 (77%)]	 Training Loss: 0.034 ACC: 98.04 CR: 0.60 Avg R1: 4.97 Avg R2: 1.28 Avg Reward: 6.251777
2026-05-16 21:17:54 [INFO] EPOCH:167, ======================CR:0.60794====================
2026-05-16 21:17:54 [INFO] 0.012541662783732681
2026-05-16 21:17:56 [INFO] EPOCH:167, ======================ACC:95.42====================
2026-05-16 21:17:56 [INFO] BEST EPOCH:167,BEST ACC:95.42
2026-05-16 21:17:56 [INFO] Saving Masks: current CR 0.6079 target CR 0.6000
2026-05-16 21:17:56 [INFO] Updated candidate mask pretrained-rescale_mask_best-acc_60_05161757_resnet18 at epoch 167 with acc 95.4200
2026-05-16 21:18:17 [INFO] Epoch: 168 [12800/50000 (26%)]	 Training Loss: 0.033 ACC: 98.28 CR: 0.61 Avg R1: 4.90 Avg R2: 1.28 Avg Reward: 6.175128
2026-05-16 21:18:36 [INFO] Epoch: 168 [25600/50000 (51%)]	 Training Loss: 0.031 ACC: 98.36 CR: 0.60 Avg R1: 4.92 Avg R2: 1.28 Avg Reward: 6.196274
2026-05-16 21:18:55 [INFO] Epoch: 168 [38400/50000 (77%)]	 Training Loss: 0.031 ACC: 98.27 CR: 0.60 Avg R1: 4.94 Avg R2: 1.28 Avg Reward: 6.217990
2026-05-16 21:19:16 [INFO] EPOCH:168, ======================CR:0.59832====================
2026-05-16 21:19:16 [INFO] 0.018813975563266496
2026-05-16 21:19:18 [INFO] EPOCH:168, ======================ACC:95.38====================
2026-05-16 21:19:18 [INFO] BEST EPOCH:167,BEST ACC:95.42
2026-05-16 21:19:18 [INFO] Saving Masks: current CR 0.5983 target CR 0.6000
2026-05-16 21:19:39 [INFO] Epoch: 169 [12800/50000 (26%)]	 Training Loss: 0.031 ACC: 98.38 CR: 0.60 Avg R1: 4.99 Avg R2: 1.25 Avg Reward: 6.242759
2026-05-16 21:19:57 [INFO] Epoch: 169 [25600/50000 (51%)]	 Training Loss: 0.032 ACC: 98.23 CR: 0.60 Avg R1: 4.98 Avg R2: 1.26 Avg Reward: 6.241397
2026-05-16 21:20:15 [INFO] Epoch: 169 [38400/50000 (77%)]	 Training Loss: 0.032 ACC: 98.25 CR: 0.61 Avg R1: 4.97 Avg R2: 1.26 Avg Reward: 6.225009
2026-05-16 21:20:32 [INFO] EPOCH:169, ======================CR:0.60894====================
2026-05-16 21:20:32 [INFO] 0.01642097641090332
2026-05-16 21:20:34 [INFO] EPOCH:169, ======================ACC:95.54====================
2026-05-16 21:20:34 [INFO] BEST EPOCH:169,BEST ACC:95.54
2026-05-16 21:20:34 [INFO] Saving Masks: current CR 0.6089 target CR 0.6000
2026-05-16 21:20:34 [INFO] Updated candidate mask pretrained-rescale_mask_best-acc_60_05161757_resnet18 at epoch 169 with acc 95.5400
2026-05-16 21:20:55 [INFO] Epoch: 170 [12800/50000 (26%)]	 Training Loss: 0.028 ACC: 98.32 CR: 0.61 Avg R1: 4.90 Avg R2: 1.26 Avg Reward: 6.159934
2026-05-16 21:21:16 [INFO] Epoch: 170 [25600/50000 (51%)]	 Training Loss: 0.029 ACC: 98.32 CR: 0.60 Avg R1: 4.92 Avg R2: 1.26 Avg Reward: 6.173647
2026-05-16 21:21:34 [INFO] Epoch: 170 [38400/50000 (77%)]	 Training Loss: 0.029 ACC: 98.31 CR: 0.60 Avg R1: 4.93 Avg R2: 1.25 Avg Reward: 6.187088
2026-05-16 21:21:51 [INFO] EPOCH:170, ======================CR:0.59764====================
2026-05-16 21:21:51 [INFO] 0.016492529695312143
2026-05-16 21:21:53 [INFO] EPOCH:170, ======================ACC:95.34====================
2026-05-16 21:21:53 [INFO] BEST EPOCH:169,BEST ACC:95.54
2026-05-16 21:21:53 [INFO] Saving Masks: current CR 0.5976 target CR 0.6000
2026-05-16 21:22:15 [INFO] Epoch: 171 [12800/50000 (26%)]	 Training Loss: 0.025 ACC: 98.48 CR: 0.60 Avg R1: 4.98 Avg R2: 1.24 Avg Reward: 6.219341
2026-05-16 21:22:34 [INFO] Epoch: 171 [25600/50000 (51%)]	 Training Loss: 0.027 ACC: 98.42 CR: 0.60 Avg R1: 4.99 Avg R2: 1.24 Avg Reward: 6.227462
2026-05-16 21:22:52 [INFO] Epoch: 171 [38400/50000 (77%)]	 Training Loss: 0.028 ACC: 98.35 CR: 0.60 Avg R1: 4.99 Avg R2: 1.24 Avg Reward: 6.226974
2026-05-16 21:23:13 [INFO] EPOCH:171, ======================CR:0.60232====================
2026-05-16 21:23:13 [INFO] 0.020104072829727683
2026-05-16 21:23:15 [INFO] EPOCH:171, ======================ACC:95.57====================
2026-05-16 21:23:15 [INFO] BEST EPOCH:171,BEST ACC:95.57
2026-05-16 21:23:15 [INFO] Saving Masks: current CR 0.6023 target CR 0.6000
2026-05-16 21:23:15 [INFO] Updated candidate mask pretrained-rescale_mask_best-acc_60_05161757_resnet18 at epoch 171 with acc 95.5700
2026-05-16 21:23:37 [INFO] Epoch: 172 [12800/50000 (26%)]	 Training Loss: 0.023 ACC: 98.66 CR: 0.60 Avg R1: 4.99 Avg R2: 1.23 Avg Reward: 6.217319
2026-05-16 21:23:58 [INFO] Epoch: 172 [25600/50000 (51%)]	 Training Loss: 0.025 ACC: 98.60 CR: 0.60 Avg R1: 4.98 Avg R2: 1.23 Avg Reward: 6.208293
2026-05-16 21:24:18 [INFO] Epoch: 172 [38400/50000 (77%)]	 Training Loss: 0.026 ACC: 98.55 CR: 0.59 Avg R1: 4.97 Avg R2: 1.23 Avg Reward: 6.201336
2026-05-16 21:24:37 [INFO] EPOCH:172, ======================CR:0.58984====================
2026-05-16 21:24:37 [INFO] 0.022302655706696994
2026-05-16 21:24:39 [INFO] EPOCH:172, ======================ACC:95.51====================
2026-05-16 21:24:39 [INFO] BEST EPOCH:171,BEST ACC:95.57
2026-05-16 21:25:00 [INFO] Epoch: 173 [12800/50000 (26%)]	 Training Loss: 0.027 ACC: 98.53 CR: 0.59 Avg R1: 4.93 Avg R2: 1.20 Avg Reward: 6.135910
2026-05-16 21:25:22 [INFO] Epoch: 173 [25600/50000 (51%)]	 Training Loss: 0.026 ACC: 98.50 CR: 0.60 Avg R1: 4.94 Avg R2: 1.21 Avg Reward: 6.148428
2026-05-16 21:25:42 [INFO] Epoch: 173 [38400/50000 (77%)]	 Training Loss: 0.026 ACC: 98.55 CR: 0.60 Avg R1: 4.96 Avg R2: 1.21 Avg Reward: 6.164767
2026-05-16 21:26:01 [INFO] EPOCH:173, ======================CR:0.60452====================
2026-05-16 21:26:01 [INFO] 0.01693539768344632
2026-05-16 21:26:03 [INFO] EPOCH:173, ======================ACC:95.29====================
2026-05-16 21:26:03 [INFO] BEST EPOCH:171,BEST ACC:95.57
2026-05-16 21:26:03 [INFO] Saving Masks: current CR 0.6045 target CR 0.6000
2026-05-16 21:26:26 [INFO] Epoch: 174 [12800/50000 (26%)]	 Training Loss: 0.025 ACC: 98.61 CR: 0.60 Avg R1: 4.96 Avg R2: 1.21 Avg Reward: 6.164346
2026-05-16 21:26:47 [INFO] Epoch: 174 [25600/50000 (51%)]	 Training Loss: 0.025 ACC: 98.61 CR: 0.60 Avg R1: 4.97 Avg R2: 1.20 Avg Reward: 6.179544
2026-05-16 21:27:08 [INFO] Epoch: 174 [38400/50000 (77%)]	 Training Loss: 0.025 ACC: 98.61 CR: 0.60 Avg R1: 4.98 Avg R2: 1.20 Avg Reward: 6.180869
2026-05-16 21:27:26 [INFO] EPOCH:174, ======================CR:0.59892====================
2026-05-16 21:27:26 [INFO] 0.00974618390022743
2026-05-16 21:27:28 [INFO] EPOCH:174, ======================ACC:95.4====================
2026-05-16 21:27:28 [INFO] BEST EPOCH:171,BEST ACC:95.57
2026-05-16 21:27:28 [INFO] Saving Masks: current CR 0.5989 target CR 0.6000
2026-05-16 21:27:46 [INFO] Epoch: 175 [12800/50000 (26%)]	 Training Loss: 0.025 ACC: 98.59 CR: 0.60 Avg R1: 5.00 Avg R2: 1.19 Avg Reward: 6.182997
2026-05-16 21:28:02 [INFO] Epoch: 175 [25600/50000 (51%)]	 Training Loss: 0.023 ACC: 98.69 CR: 0.60 Avg R1: 4.99 Avg R2: 1.19 Avg Reward: 6.181942
2026-05-16 21:28:19 [INFO] Epoch: 175 [38400/50000 (77%)]	 Training Loss: 0.024 ACC: 98.66 CR: 0.60 Avg R1: 4.99 Avg R2: 1.19 Avg Reward: 6.175101
2026-05-16 21:28:35 [INFO] EPOCH:175, ======================CR:0.60138====================
2026-05-16 21:28:35 [INFO] 0.01289395654895962
2026-05-16 21:28:37 [INFO] EPOCH:175, ======================ACC:95.45====================
2026-05-16 21:28:37 [INFO] BEST EPOCH:171,BEST ACC:95.57
2026-05-16 21:28:37 [INFO] Saving Masks: current CR 0.6014 target CR 0.6000
2026-05-16 21:28:53 [INFO] Epoch: 176 [12800/50000 (26%)]	 Training Loss: 0.023 ACC: 98.67 CR: 0.60 Avg R1: 4.99 Avg R2: 1.18 Avg Reward: 6.170910
2026-05-16 21:29:10 [INFO] Epoch: 176 [25600/50000 (51%)]	 Training Loss: 0.023 ACC: 98.72 CR: 0.60 Avg R1: 4.99 Avg R2: 1.18 Avg Reward: 6.168345
2026-05-16 21:29:27 [INFO] Epoch: 176 [38400/50000 (77%)]	 Training Loss: 0.023 ACC: 98.72 CR: 0.59 Avg R1: 4.97 Avg R2: 1.18 Avg Reward: 6.150556
2026-05-16 21:29:43 [INFO] EPOCH:176, ======================CR:0.58958====================
2026-05-16 21:29:43 [INFO] 0.022125814999098332
2026-05-16 21:29:46 [INFO] EPOCH:176, ======================ACC:95.57====================
2026-05-16 21:29:46 [INFO] BEST EPOCH:176,BEST ACC:95.57
2026-05-16 21:30:04 [INFO] Epoch: 177 [12800/50000 (26%)]	 Training Loss: 0.021 ACC: 98.87 CR: 0.59 Avg R1: 4.91 Avg R2: 1.16 Avg Reward: 6.072013
2026-05-16 21:30:22 [INFO] Epoch: 177 [25600/50000 (51%)]	 Training Loss: 0.021 ACC: 98.88 CR: 0.59 Avg R1: 4.91 Avg R2: 1.17 Avg Reward: 6.074104
2026-05-16 21:30:39 [INFO] Epoch: 177 [38400/50000 (77%)]	 Training Loss: 0.021 ACC: 98.85 CR: 0.59 Avg R1: 4.91 Avg R2: 1.17 Avg Reward: 6.079549
2026-05-16 21:30:55 [INFO] EPOCH:177, ======================CR:0.59402====================
2026-05-16 21:30:55 [INFO] 0.009592299611316567
2026-05-16 21:30:57 [INFO] EPOCH:177, ======================ACC:95.5====================
2026-05-16 21:30:57 [INFO] BEST EPOCH:176,BEST ACC:95.57
2026-05-16 21:30:57 [INFO] Saving Masks: current CR 0.5940 target CR 0.6000
2026-05-16 21:31:16 [INFO] Epoch: 178 [12800/50000 (26%)]	 Training Loss: 0.020 ACC: 98.88 CR: 0.59 Avg R1: 4.95 Avg R2: 1.15 Avg Reward: 6.100770
2026-05-16 21:31:33 [INFO] Epoch: 178 [25600/50000 (51%)]	 Training Loss: 0.020 ACC: 98.90 CR: 0.59 Avg R1: 4.95 Avg R2: 1.15 Avg Reward: 6.104220
2026-05-16 21:31:51 [INFO] Epoch: 178 [38400/50000 (77%)]	 Training Loss: 0.021 ACC: 98.85 CR: 0.59 Avg R1: 4.95 Avg R2: 1.15 Avg Reward: 6.104643
2026-05-16 21:32:08 [INFO] EPOCH:178, ======================CR:0.59384====================
2026-05-16 21:32:08 [INFO] 0.015342785597823308
2026-05-16 21:32:10 [INFO] EPOCH:178, ======================ACC:95.62====================
2026-05-16 21:32:10 [INFO] BEST EPOCH:178,BEST ACC:95.62
2026-05-16 21:32:10 [INFO] Saving Masks: current CR 0.5938 target CR 0.6000
2026-05-16 21:32:10 [INFO] Updated candidate mask pretrained-rescale_mask_best-acc_60_05161757_resnet18 at epoch 178 with acc 95.6200
2026-05-16 21:32:27 [INFO] Epoch: 179 [12800/50000 (26%)]	 Training Loss: 0.022 ACC: 98.92 CR: 0.60 Avg R1: 4.95 Avg R2: 1.15 Avg Reward: 6.099468
2026-05-16 21:32:46 [INFO] Epoch: 179 [25600/50000 (51%)]	 Training Loss: 0.022 ACC: 98.81 CR: 0.59 Avg R1: 4.96 Avg R2: 1.15 Avg Reward: 6.108925
2026-05-16 21:33:05 [INFO] Epoch: 179 [38400/50000 (77%)]	 Training Loss: 0.022 ACC: 98.84 CR: 0.60 Avg R1: 4.96 Avg R2: 1.15 Avg Reward: 6.113045
2026-05-16 21:33:22 [INFO] EPOCH:179, ======================CR:0.60182====================
2026-05-16 21:33:22 [INFO] 0.02705078108860867
2026-05-16 21:33:24 [INFO] EPOCH:179, ======================ACC:95.54====================
2026-05-16 21:33:24 [INFO] BEST EPOCH:178,BEST ACC:95.62
2026-05-16 21:33:24 [INFO] Saving Masks: current CR 0.6018 target CR 0.6000
2026-05-16 21:33:44 [INFO] Epoch: 180 [12800/50000 (26%)]	 Training Loss: 0.018 ACC: 99.05 CR: 0.60 Avg R1: 4.96 Avg R2: 1.16 Avg Reward: 6.121925
2026-05-16 21:34:02 [INFO] Epoch: 180 [25600/50000 (51%)]	 Training Loss: 0.018 ACC: 99.04 CR: 0.61 Avg R1: 4.96 Avg R2: 1.16 Avg Reward: 6.115213
2026-05-16 21:34:20 [INFO] Epoch: 180 [38400/50000 (77%)]	 Training Loss: 0.019 ACC: 98.99 CR: 0.60 Avg R1: 4.96 Avg R2: 1.16 Avg Reward: 6.115206
2026-05-16 21:34:37 [INFO] EPOCH:180, ======================CR:0.60164====================
2026-05-16 21:34:37 [INFO] 0.016153598375571118
2026-05-16 21:34:39 [INFO] EPOCH:180, ======================ACC:95.57====================
2026-05-16 21:34:39 [INFO] BEST EPOCH:178,BEST ACC:95.62
2026-05-16 21:34:39 [INFO] Saving Masks: current CR 0.6016 target CR 0.6000
2026-05-16 21:34:58 [INFO] Epoch: 181 [12800/50000 (26%)]	 Training Loss: 0.019 ACC: 98.98 CR: 0.60 Avg R1: 5.00 Avg R2: 1.14 Avg Reward: 6.134733
2026-05-16 21:35:16 [INFO] Epoch: 181 [25600/50000 (51%)]	 Training Loss: 0.020 ACC: 98.95 CR: 0.60 Avg R1: 4.99 Avg R2: 1.14 Avg Reward: 6.132621
2026-05-16 21:35:32 [INFO] Epoch: 181 [38400/50000 (77%)]	 Training Loss: 0.020 ACC: 98.90 CR: 0.60 Avg R1: 4.99 Avg R2: 1.14 Avg Reward: 6.132553
2026-05-16 21:35:47 [INFO] EPOCH:181, ======================CR:0.6004====================
2026-05-16 21:35:47 [INFO] 0.019624359567330486
2026-05-16 21:35:50 [INFO] EPOCH:181, ======================ACC:95.7====================
2026-05-16 21:35:50 [INFO] BEST EPOCH:181,BEST ACC:95.7
2026-05-16 21:35:50 [INFO] Saving Masks: current CR 0.6004 target CR 0.6000
2026-05-16 21:35:50 [INFO] Updated candidate mask pretrained-rescale_mask_best-acc_60_05161757_resnet18 at epoch 181 with acc 95.7000
2026-05-16 21:36:08 [INFO] Epoch: 182 [12800/50000 (26%)]	 Training Loss: 0.018 ACC: 99.01 CR: 0.60 Avg R1: 4.99 Avg R2: 1.14 Avg Reward: 6.130346
2026-05-16 21:36:25 [INFO] Epoch: 182 [25600/50000 (51%)]	 Training Loss: 0.018 ACC: 99.08 CR: 0.60 Avg R1: 4.99 Avg R2: 1.14 Avg Reward: 6.128678
2026-05-16 21:36:41 [INFO] Epoch: 182 [38400/50000 (77%)]	 Training Loss: 0.017 ACC: 99.08 CR: 0.60 Avg R1: 4.99 Avg R2: 1.14 Avg Reward: 6.130036
2026-05-16 21:36:57 [INFO] EPOCH:182, ======================CR:0.59816====================
2026-05-16 21:36:57 [INFO] 0.024322601272009258
2026-05-16 21:36:59 [INFO] EPOCH:182, ======================ACC:95.5====================
2026-05-16 21:36:59 [INFO] BEST EPOCH:181,BEST ACC:95.7
2026-05-16 21:36:59 [INFO] Saving Masks: current CR 0.5982 target CR 0.6000
2026-05-16 21:37:16 [INFO] Epoch: 183 [12800/50000 (26%)]	 Training Loss: 0.017 ACC: 99.15 CR: 0.60 Avg R1: 4.98 Avg R2: 1.13 Avg Reward: 6.102450
2026-05-16 21:37:35 [INFO] Epoch: 183 [25600/50000 (51%)]	 Training Loss: 0.017 ACC: 99.10 CR: 0.60 Avg R1: 4.98 Avg R2: 1.13 Avg Reward: 6.103179
2026-05-16 21:37:53 [INFO] Epoch: 183 [38400/50000 (77%)]	 Training Loss: 0.018 ACC: 99.04 CR: 0.60 Avg R1: 4.98 Avg R2: 1.13 Avg Reward: 6.104136
2026-05-16 21:38:07 [INFO] EPOCH:183, ======================CR:0.59988====================
2026-05-16 21:38:07 [INFO] 0.01928459541406871
2026-05-16 21:38:09 [INFO] EPOCH:183, ======================ACC:95.77====================
2026-05-16 21:38:09 [INFO] BEST EPOCH:183,BEST ACC:95.77
2026-05-16 21:38:09 [INFO] Saving Masks: current CR 0.5999 target CR 0.6000
2026-05-16 21:38:09 [INFO] Updated candidate mask pretrained-rescale_mask_best-acc_60_05161757_resnet18 at epoch 183 with acc 95.7700
2026-05-16 21:38:26 [INFO] Epoch: 184 [12800/50000 (26%)]	 Training Loss: 0.017 ACC: 99.13 CR: 0.60 Avg R1: 4.99 Avg R2: 1.12 Avg Reward: 6.117620
2026-05-16 21:38:44 [INFO] Epoch: 184 [25600/50000 (51%)]	 Training Loss: 0.018 ACC: 99.04 CR: 0.60 Avg R1: 4.99 Avg R2: 1.12 Avg Reward: 6.114962
2026-05-16 21:39:02 [INFO] Epoch: 184 [38400/50000 (77%)]	 Training Loss: 0.018 ACC: 99.07 CR: 0.60 Avg R1: 4.98 Avg R2: 1.12 Avg Reward: 6.106204
2026-05-16 21:39:18 [INFO] EPOCH:184, ======================CR:0.60528====================
2026-05-16 21:39:18 [INFO] 0.014368214278987053
2026-05-16 21:39:20 [INFO] EPOCH:184, ======================ACC:95.78====================
2026-05-16 21:39:20 [INFO] BEST EPOCH:184,BEST ACC:95.78
2026-05-16 21:39:20 [INFO] Saving Masks: current CR 0.6053 target CR 0.6000
2026-05-16 21:39:20 [INFO] Updated candidate mask pretrained-rescale_mask_best-acc_60_05161757_resnet18 at epoch 184 with acc 95.7800
2026-05-16 21:39:38 [INFO] Epoch: 185 [12800/50000 (26%)]	 Training Loss: 0.019 ACC: 99.05 CR: 0.60 Avg R1: 4.94 Avg R2: 1.12 Avg Reward: 6.069240
2026-05-16 21:39:55 [INFO] Epoch: 185 [25600/50000 (51%)]	 Training Loss: 0.019 ACC: 99.00 CR: 0.60 Avg R1: 4.96 Avg R2: 1.12 Avg Reward: 6.081150
2026-05-16 21:40:13 [INFO] Epoch: 185 [38400/50000 (77%)]	 Training Loss: 0.018 ACC: 99.01 CR: 0.60 Avg R1: 4.97 Avg R2: 1.12 Avg Reward: 6.090597
2026-05-16 21:40:28 [INFO] EPOCH:185, ======================CR:0.59868====================
2026-05-16 21:40:28 [INFO] 0.01896701070309341
2026-05-16 21:40:30 [INFO] EPOCH:185, ======================ACC:95.81====================
2026-05-16 21:40:30 [INFO] BEST EPOCH:185,BEST ACC:95.81
2026-05-16 21:40:30 [INFO] Saving Masks: current CR 0.5987 target CR 0.6000
2026-05-16 21:40:30 [INFO] Updated candidate mask pretrained-rescale_mask_best-acc_60_05161757_resnet18 at epoch 185 with acc 95.8100
2026-05-16 21:40:48 [INFO] Epoch: 186 [12800/50000 (26%)]	 Training Loss: 0.016 ACC: 99.17 CR: 0.60 Avg R1: 4.99 Avg R2: 1.11 Avg Reward: 6.096204
2026-05-16 21:41:01 [INFO] Epoch: 186 [25600/50000 (51%)]	 Training Loss: 0.017 ACC: 99.12 CR: 0.60 Avg R1: 4.99 Avg R2: 1.11 Avg Reward: 6.098215
2026-05-16 21:41:14 [INFO] Epoch: 186 [38400/50000 (77%)]	 Training Loss: 0.017 ACC: 99.14 CR: 0.60 Avg R1: 4.99 Avg R2: 1.11 Avg Reward: 6.099430
2026-05-16 21:41:28 [INFO] EPOCH:186, ======================CR:0.60248====================
2026-05-16 21:41:28 [INFO] 0.01114127328108461
2026-05-16 21:41:31 [INFO] EPOCH:186, ======================ACC:95.77====================
2026-05-16 21:41:31 [INFO] BEST EPOCH:185,BEST ACC:95.81
2026-05-16 21:41:31 [INFO] Saving Masks: current CR 0.6025 target CR 0.6000
2026-05-16 21:41:47 [INFO] Epoch: 187 [12800/50000 (26%)]	 Training Loss: 0.018 ACC: 99.13 CR: 0.60 Avg R1: 4.97 Avg R2: 1.11 Avg Reward: 6.088866
2026-05-16 21:42:03 [INFO] Epoch: 187 [25600/50000 (51%)]	 Training Loss: 0.018 ACC: 99.09 CR: 0.60 Avg R1: 4.97 Avg R2: 1.11 Avg Reward: 6.088322
2026-05-16 21:42:21 [INFO] Epoch: 187 [38400/50000 (77%)]	 Training Loss: 0.017 ACC: 99.07 CR: 0.60 Avg R1: 4.97 Avg R2: 1.11 Avg Reward: 6.087761
2026-05-16 21:42:37 [INFO] EPOCH:187, ======================CR:0.60014====================
2026-05-16 21:42:37 [INFO] 0.023317947243375225
2026-05-16 21:42:39 [INFO] EPOCH:187, ======================ACC:95.76====================
2026-05-16 21:42:39 [INFO] BEST EPOCH:185,BEST ACC:95.81
2026-05-16 21:42:39 [INFO] Saving Masks: current CR 0.6001 target CR 0.6000
2026-05-16 21:42:57 [INFO] Epoch: 188 [12800/50000 (26%)]	 Training Loss: 0.014 ACC: 99.35 CR: 0.60 Avg R1: 4.99 Avg R2: 1.11 Avg Reward: 6.100958
2026-05-16 21:43:15 [INFO] Epoch: 188 [25600/50000 (51%)]	 Training Loss: 0.015 ACC: 99.20 CR: 0.60 Avg R1: 4.99 Avg R2: 1.11 Avg Reward: 6.099829
2026-05-16 21:43:31 [INFO] Epoch: 188 [38400/50000 (77%)]	 Training Loss: 0.015 ACC: 99.19 CR: 0.60 Avg R1: 4.99 Avg R2: 1.11 Avg Reward: 6.097478
2026-05-16 21:43:47 [INFO] EPOCH:188, ======================CR:0.59674====================
2026-05-16 21:43:47 [INFO] 0.012516828520207449
2026-05-16 21:43:49 [INFO] EPOCH:188, ======================ACC:95.69====================
2026-05-16 21:43:49 [INFO] BEST EPOCH:185,BEST ACC:95.81
2026-05-16 21:43:49 [INFO] Saving Masks: current CR 0.5967 target CR 0.6000
2026-05-16 21:44:06 [INFO] Epoch: 189 [12800/50000 (26%)]	 Training Loss: 0.016 ACC: 99.16 CR: 0.60 Avg R1: 4.97 Avg R2: 1.09 Avg Reward: 6.067148
2026-05-16 21:44:23 [INFO] Epoch: 189 [25600/50000 (51%)]	 Training Loss: 0.017 ACC: 99.13 CR: 0.60 Avg R1: 4.97 Avg R2: 1.09 Avg Reward: 6.068451
2026-05-16 21:44:37 [INFO] Epoch: 189 [38400/50000 (77%)]	 Training Loss: 0.017 ACC: 99.12 CR: 0.60 Avg R1: 4.98 Avg R2: 1.10 Avg Reward: 6.073896
2026-05-16 21:44:48 [INFO] EPOCH:189, ======================CR:0.60414====================
2026-05-16 21:44:48 [INFO] 0.00635955728596215
2026-05-16 21:44:50 [INFO] EPOCH:189, ======================ACC:95.66====================
2026-05-16 21:44:50 [INFO] BEST EPOCH:185,BEST ACC:95.81
2026-05-16 21:44:50 [INFO] Saving Masks: current CR 0.6041 target CR 0.6000
2026-05-16 21:45:03 [INFO] Epoch: 190 [12800/50000 (26%)]	 Training Loss: 0.015 ACC: 99.22 CR: 0.61 Avg R1: 4.94 Avg R2: 1.10 Avg Reward: 6.040397
2026-05-16 21:45:20 [INFO] Epoch: 190 [25600/50000 (51%)]	 Training Loss: 0.016 ACC: 99.12 CR: 0.61 Avg R1: 4.93 Avg R2: 1.10 Avg Reward: 6.033233
2026-05-16 21:45:36 [INFO] Epoch: 190 [38400/50000 (77%)]	 Training Loss: 0.016 ACC: 99.15 CR: 0.60 Avg R1: 4.93 Avg R2: 1.10 Avg Reward: 6.036505
2026-05-16 21:45:49 [INFO] EPOCH:190, ======================CR:0.6041====================
2026-05-16 21:45:49 [INFO] 0.022161581572669606
2026-05-16 21:45:51 [INFO] EPOCH:190, ======================ACC:95.63====================
2026-05-16 21:45:51 [INFO] BEST EPOCH:185,BEST ACC:95.81
2026-05-16 21:45:51 [INFO] Saving Masks: current CR 0.6041 target CR 0.6000
2026-05-16 21:46:10 [INFO] Epoch: 191 [12800/50000 (26%)]	 Training Loss: 0.014 ACC: 99.23 CR: 0.60 Avg R1: 4.98 Avg R2: 1.09 Avg Reward: 6.074813
2026-05-16 21:46:26 [INFO] Epoch: 191 [25600/50000 (51%)]	 Training Loss: 0.015 ACC: 99.23 CR: 0.59 Avg R1: 4.98 Avg R2: 1.09 Avg Reward: 6.068197
2026-05-16 21:46:42 [INFO] Epoch: 191 [38400/50000 (77%)]	 Training Loss: 0.015 ACC: 99.24 CR: 0.59 Avg R1: 4.96 Avg R2: 1.09 Avg Reward: 6.052436
2026-05-16 21:46:58 [INFO] EPOCH:191, ======================CR:0.58878====================
2026-05-16 21:46:58 [INFO] 0.016189748184379904
2026-05-16 21:47:01 [INFO] EPOCH:191, ======================ACC:95.61====================
2026-05-16 21:47:01 [INFO] BEST EPOCH:185,BEST ACC:95.81
2026-05-16 21:47:17 [INFO] Epoch: 192 [12800/50000 (26%)]	 Training Loss: 0.016 ACC: 99.20 CR: 0.59 Avg R1: 4.92 Avg R2: 1.08 Avg Reward: 6.000158
2026-05-16 21:47:34 [INFO] Epoch: 192 [25600/50000 (51%)]	 Training Loss: 0.016 ACC: 99.19 CR: 0.59 Avg R1: 4.93 Avg R2: 1.08 Avg Reward: 6.012693
2026-05-16 21:47:51 [INFO] Epoch: 192 [38400/50000 (77%)]	 Training Loss: 0.016 ACC: 99.18 CR: 0.60 Avg R1: 4.94 Avg R2: 1.08 Avg Reward: 6.026299
2026-05-16 21:48:04 [INFO] EPOCH:192, ======================CR:0.60218====================
2026-05-16 21:48:04 [INFO] 0.008896530624077973
2026-05-16 21:48:06 [INFO] EPOCH:192, ======================ACC:95.68====================
2026-05-16 21:48:06 [INFO] BEST EPOCH:185,BEST ACC:95.81
2026-05-16 21:48:06 [INFO] Saving Masks: current CR 0.6022 target CR 0.6000
2026-05-16 21:48:20 [INFO] Epoch: 193 [12800/50000 (26%)]	 Training Loss: 0.016 ACC: 99.16 CR: 0.60 Avg R1: 4.98 Avg R2: 1.09 Avg Reward: 6.071062
2026-05-16 21:48:37 [INFO] Epoch: 193 [25600/50000 (51%)]	 Training Loss: 0.017 ACC: 99.15 CR: 0.60 Avg R1: 4.98 Avg R2: 1.09 Avg Reward: 6.073475
2026-05-16 21:48:54 [INFO] Epoch: 193 [38400/50000 (77%)]	 Training Loss: 0.016 ACC: 99.17 CR: 0.60 Avg R1: 4.99 Avg R2: 1.09 Avg Reward: 6.076003
2026-05-16 21:49:10 [INFO] EPOCH:193, ======================CR:0.5997====================
2026-05-16 21:49:10 [INFO] 0.0144806656404389
2026-05-16 21:49:12 [INFO] EPOCH:193, ======================ACC:95.72====================
2026-05-16 21:49:12 [INFO] BEST EPOCH:185,BEST ACC:95.81
2026-05-16 21:49:12 [INFO] Saving Masks: current CR 0.5997 target CR 0.6000
2026-05-16 21:49:30 [INFO] Epoch: 194 [12800/50000 (26%)]	 Training Loss: 0.015 ACC: 99.17 CR: 0.60 Avg R1: 4.99 Avg R2: 1.08 Avg Reward: 6.079160
2026-05-16 21:49:48 [INFO] Epoch: 194 [25600/50000 (51%)]	 Training Loss: 0.016 ACC: 99.21 CR: 0.60 Avg R1: 4.99 Avg R2: 1.09 Avg Reward: 6.073766
2026-05-16 21:50:05 [INFO] Epoch: 194 [38400/50000 (77%)]	 Training Loss: 0.015 ACC: 99.20 CR: 0.60 Avg R1: 4.99 Avg R2: 1.09 Avg Reward: 6.073104
2026-05-16 21:50:23 [INFO] EPOCH:194, ======================CR:0.59584====================
2026-05-16 21:50:23 [INFO] 0.011936848628126048
2026-05-16 21:50:25 [INFO] EPOCH:194, ======================ACC:95.73====================
2026-05-16 21:50:25 [INFO] BEST EPOCH:185,BEST ACC:95.81
2026-05-16 21:50:25 [INFO] Saving Masks: current CR 0.5958 target CR 0.6000
2026-05-16 21:50:43 [INFO] Epoch: 195 [12800/50000 (26%)]	 Training Loss: 0.015 ACC: 99.30 CR: 0.60 Avg R1: 4.98 Avg R2: 1.08 Avg Reward: 6.061945
2026-05-16 21:51:00 [INFO] Epoch: 195 [25600/50000 (51%)]	 Training Loss: 0.015 ACC: 99.18 CR: 0.60 Avg R1: 4.98 Avg R2: 1.08 Avg Reward: 6.062260
2026-05-16 21:51:16 [INFO] Epoch: 195 [38400/50000 (77%)]	 Training Loss: 0.015 ACC: 99.17 CR: 0.60 Avg R1: 4.97 Avg R2: 1.08 Avg Reward: 6.058676
2026-05-16 21:51:33 [INFO] EPOCH:195, ======================CR:0.59768====================
2026-05-16 21:51:33 [INFO] 0.01587702655765089
2026-05-16 21:51:35 [INFO] EPOCH:195, ======================ACC:95.74====================
2026-05-16 21:51:35 [INFO] BEST EPOCH:185,BEST ACC:95.81
2026-05-16 21:51:35 [INFO] Saving Masks: current CR 0.5977 target CR 0.6000
2026-05-16 21:51:56 [INFO] Epoch: 196 [12800/50000 (26%)]	 Training Loss: 0.017 ACC: 99.03 CR: 0.60 Avg R1: 4.98 Avg R2: 1.08 Avg Reward: 6.063823
2026-05-16 21:52:15 [INFO] Epoch: 196 [25600/50000 (51%)]	 Training Loss: 0.016 ACC: 99.18 CR: 0.60 Avg R1: 4.98 Avg R2: 1.08 Avg Reward: 6.061497
2026-05-16 21:52:33 [INFO] Epoch: 196 [38400/50000 (77%)]	 Training Loss: 0.016 ACC: 99.18 CR: 0.60 Avg R1: 4.98 Avg R2: 1.08 Avg Reward: 6.064508
2026-05-16 21:52:49 [INFO] EPOCH:196, ======================CR:0.59954====================
2026-05-16 21:52:49 [INFO] 0.015271046569800831
2026-05-16 21:52:52 [INFO] EPOCH:196, ======================ACC:95.67====================
2026-05-16 21:52:52 [INFO] BEST EPOCH:185,BEST ACC:95.81
2026-05-16 21:52:52 [INFO] Saving Masks: current CR 0.5995 target CR 0.6000
2026-05-16 21:53:11 [INFO] Epoch: 197 [12800/50000 (26%)]	 Training Loss: 0.015 ACC: 99.19 CR: 0.60 Avg R1: 4.99 Avg R2: 1.09 Avg Reward: 6.083488
2026-05-16 21:53:27 [INFO] Epoch: 197 [25600/50000 (51%)]	 Training Loss: 0.015 ACC: 99.17 CR: 0.60 Avg R1: 4.99 Avg R2: 1.09 Avg Reward: 6.081181
2026-05-16 21:53:45 [INFO] Epoch: 197 [38400/50000 (77%)]	 Training Loss: 0.016 ACC: 99.16 CR: 0.60 Avg R1: 4.99 Avg R2: 1.09 Avg Reward: 6.079856
2026-05-16 21:54:02 [INFO] EPOCH:197, ======================CR:0.60054====================
2026-05-16 21:54:02 [INFO] 0.01991115480451466
2026-05-16 21:54:05 [INFO] EPOCH:197, ======================ACC:95.65====================
2026-05-16 21:54:05 [INFO] BEST EPOCH:185,BEST ACC:95.81
2026-05-16 21:54:05 [INFO] Saving Masks: current CR 0.6005 target CR 0.6000
2026-05-16 21:54:22 [INFO] Epoch: 198 [12800/50000 (26%)]	 Training Loss: 0.016 ACC: 99.12 CR: 0.60 Avg R1: 4.99 Avg R2: 1.09 Avg Reward: 6.080930
2026-05-16 21:54:39 [INFO] Epoch: 198 [25600/50000 (51%)]	 Training Loss: 0.016 ACC: 99.14 CR: 0.60 Avg R1: 4.98 Avg R2: 1.09 Avg Reward: 6.070829
2026-05-16 21:54:57 [INFO] Epoch: 198 [38400/50000 (77%)]	 Training Loss: 0.015 ACC: 99.18 CR: 0.60 Avg R1: 4.98 Avg R2: 1.09 Avg Reward: 6.068565
2026-05-16 21:55:15 [INFO] EPOCH:198, ======================CR:0.59988====================
2026-05-16 21:55:15 [INFO] 0.01254444745206499
2026-05-16 21:55:17 [INFO] EPOCH:198, ======================ACC:95.64====================
2026-05-16 21:55:17 [INFO] BEST EPOCH:185,BEST ACC:95.81
2026-05-16 21:55:17 [INFO] Saving Masks: current CR 0.5999 target CR 0.6000
2026-05-16 21:55:35 [INFO] Epoch: 199 [12800/50000 (26%)]	 Training Loss: 0.015 ACC: 99.16 CR: 0.60 Avg R1: 4.99 Avg R2: 1.09 Avg Reward: 6.079091
2026-05-16 21:55:51 [INFO] Epoch: 199 [25600/50000 (51%)]	 Training Loss: 0.015 ACC: 99.20 CR: 0.60 Avg R1: 4.99 Avg R2: 1.09 Avg Reward: 6.079592
2026-05-16 21:56:06 [INFO] Epoch: 199 [38400/50000 (77%)]	 Training Loss: 0.015 ACC: 99.21 CR: 0.60 Avg R1: 4.99 Avg R2: 1.09 Avg Reward: 6.077188
2026-05-16 21:56:21 [INFO] EPOCH:199, ======================CR:0.59826====================
2026-05-16 21:56:21 [INFO] 0.012564405477922836
2026-05-16 21:56:23 [INFO] EPOCH:199, ======================ACC:95.66====================
2026-05-16 21:56:23 [INFO] BEST EPOCH:185,BEST ACC:95.81
2026-05-16 21:56:23 [INFO] Saving Masks: current CR 0.5983 target CR 0.6000
2026-05-16 21:56:23 [INFO] Saved standard mask to /nvme/home/lixiang/baseline/RLSelector/mask/cifar10/42/mask_60.npz with 30000/50000 samples selected
