2026-05-16 11:08:24 [INFO] Epoch: 0 [12800/50000 (26%)]	 Training Loss: 0.837 ACC: 37.75 CR: 0.87 Avg R1: 0.54 Avg R2: 4.85 Avg Reward: 5.393476
2026-05-16 11:08:31 [INFO] Epoch: 0 [25600/50000 (51%)]	 Training Loss: 0.816 ACC: 39.39 CR: 0.75 Avg R1: 1.07 Avg R2: 4.52 Avg Reward: 5.590698
2026-05-16 11:08:38 [INFO] Epoch: 0 [38400/50000 (77%)]	 Training Loss: 0.803 ACC: 40.34 CR: 0.62 Avg R1: 1.60 Avg R2: 4.19 Avg Reward: 5.786936
2026-05-16 11:08:44 [INFO] EPOCH:0, ======================CR:0.50426====================
2026-05-16 11:08:44 [INFO] -0.002782976428798365
2026-05-16 11:08:46 [INFO] EPOCH:0, ======================ACC:46.35====================
2026-05-16 11:08:46 [INFO] BEST EPOCH:0,BEST ACC:46.35
2026-05-16 11:08:54 [INFO] Epoch: 1 [12800/50000 (26%)]	 Training Loss: 0.747 ACC: 44.91 CR: 0.50 Avg R1: 4.13 Avg R2: 1.94 Avg Reward: 6.066963
2026-05-16 11:09:00 [INFO] Epoch: 1 [25600/50000 (51%)]	 Training Loss: 0.729 ACC: 45.87 CR: 0.50 Avg R1: 4.14 Avg R2: 1.93 Avg Reward: 6.074988
2026-05-16 11:09:07 [INFO] Epoch: 1 [38400/50000 (77%)]	 Training Loss: 0.722 ACC: 46.68 CR: 0.50 Avg R1: 4.15 Avg R2: 1.93 Avg Reward: 6.083891
2026-05-16 11:09:13 [INFO] EPOCH:1, ======================CR:0.49662====================
2026-05-16 11:09:13 [INFO] 0.0029996819009255344
2026-05-16 11:09:15 [INFO] EPOCH:1, ======================ACC:50.76====================
2026-05-16 11:09:15 [INFO] BEST EPOCH:1,BEST ACC:50.76
2026-05-16 11:09:21 [INFO] Epoch: 2 [12800/50000 (26%)]	 Training Loss: 0.674 ACC: 50.70 CR: 0.50 Avg R1: 4.19 Avg R2: 2.11 Avg Reward: 6.299703
2026-05-16 11:09:28 [INFO] Epoch: 2 [25600/50000 (51%)]	 Training Loss: 0.667 ACC: 51.04 CR: 0.50 Avg R1: 4.18 Avg R2: 2.11 Avg Reward: 6.294915
2026-05-16 11:09:34 [INFO] Epoch: 2 [38400/50000 (77%)]	 Training Loss: 0.661 ACC: 51.75 CR: 0.50 Avg R1: 4.18 Avg R2: 2.11 Avg Reward: 6.293470
2026-05-16 11:09:40 [INFO] EPOCH:2, ======================CR:0.502====================
2026-05-16 11:09:40 [INFO] -0.0013259928445687593
2026-05-16 11:09:42 [INFO] EPOCH:2, ======================ACC:57.41====================
2026-05-16 11:09:42 [INFO] BEST EPOCH:2,BEST ACC:57.41
2026-05-16 11:09:49 [INFO] Epoch: 3 [12800/50000 (26%)]	 Training Loss: 0.610 ACC: 56.29 CR: 0.50 Avg R1: 4.14 Avg R2: 2.30 Avg Reward: 6.440877
2026-05-16 11:09:55 [INFO] Epoch: 3 [25600/50000 (51%)]	 Training Loss: 0.607 ACC: 56.62 CR: 0.51 Avg R1: 4.13 Avg R2: 2.31 Avg Reward: 6.435274
2026-05-16 11:10:02 [INFO] Epoch: 3 [38400/50000 (77%)]	 Training Loss: 0.604 ACC: 57.24 CR: 0.51 Avg R1: 4.12 Avg R2: 2.31 Avg Reward: 6.429631
2026-05-16 11:10:08 [INFO] EPOCH:3, ======================CR:0.50988====================
2026-05-16 11:10:08 [INFO] -0.00042122099156602437
2026-05-16 11:10:10 [INFO] EPOCH:3, ======================ACC:55.5====================
2026-05-16 11:10:10 [INFO] BEST EPOCH:2,BEST ACC:57.41
2026-05-16 11:10:17 [INFO] Epoch: 4 [12800/50000 (26%)]	 Training Loss: 0.588 ACC: 59.59 CR: 0.52 Avg R1: 4.07 Avg R2: 2.46 Avg Reward: 6.531399
2026-05-16 11:10:23 [INFO] Epoch: 4 [25600/50000 (51%)]	 Training Loss: 0.579 ACC: 59.83 CR: 0.52 Avg R1: 4.04 Avg R2: 2.47 Avg Reward: 6.514793
2026-05-16 11:10:31 [INFO] Epoch: 4 [38400/50000 (77%)]	 Training Loss: 0.566 ACC: 60.51 CR: 0.52 Avg R1: 4.03 Avg R2: 2.47 Avg Reward: 6.507724
2026-05-16 11:10:37 [INFO] EPOCH:4, ======================CR:0.52346====================
2026-05-16 11:10:37 [INFO] -0.00016944605909014108
2026-05-16 11:10:39 [INFO] EPOCH:4, ======================ACC:60.38====================
2026-05-16 11:10:39 [INFO] BEST EPOCH:4,BEST ACC:60.38
2026-05-16 11:10:46 [INFO] Epoch: 5 [12800/50000 (26%)]	 Training Loss: 0.521 ACC: 63.84 CR: 0.52 Avg R1: 3.98 Avg R2: 2.60 Avg Reward: 6.580280
2026-05-16 11:10:53 [INFO] Epoch: 5 [25600/50000 (51%)]	 Training Loss: 0.520 ACC: 64.02 CR: 0.52 Avg R1: 3.98 Avg R2: 2.60 Avg Reward: 6.577419
2026-05-16 11:11:00 [INFO] Epoch: 5 [38400/50000 (77%)]	 Training Loss: 0.522 ACC: 63.90 CR: 0.53 Avg R1: 3.97 Avg R2: 2.60 Avg Reward: 6.573662
2026-05-16 11:11:06 [INFO] EPOCH:5, ======================CR:0.52616====================
2026-05-16 11:11:06 [INFO] -0.000855056982922957
2026-05-16 11:11:08 [INFO] EPOCH:5, ======================ACC:65.38====================
2026-05-16 11:11:08 [INFO] BEST EPOCH:5,BEST ACC:65.38
2026-05-16 11:11:14 [INFO] Epoch: 6 [12800/50000 (26%)]	 Training Loss: 0.518 ACC: 65.66 CR: 0.54 Avg R1: 3.92 Avg R2: 2.68 Avg Reward: 6.594088
2026-05-16 11:11:21 [INFO] Epoch: 6 [25600/50000 (51%)]	 Training Loss: 0.541 ACC: 66.00 CR: 0.58 Avg R1: 3.80 Avg R2: 2.72 Avg Reward: 6.520011
2026-05-16 11:11:28 [INFO] Epoch: 6 [38400/50000 (77%)]	 Training Loss: 0.541 ACC: 66.17 CR: 0.60 Avg R1: 3.66 Avg R2: 2.77 Avg Reward: 6.436600
2026-05-16 11:11:34 [INFO] EPOCH:6, ======================CR:0.61942====================
2026-05-16 11:11:34 [INFO] 0.006635835288878334
2026-05-16 11:11:36 [INFO] EPOCH:6, ======================ACC:71.82====================
2026-05-16 11:11:36 [INFO] BEST EPOCH:6,BEST ACC:71.82
2026-05-16 11:11:43 [INFO] Epoch: 7 [12800/50000 (26%)]	 Training Loss: 0.486 ACC: 68.41 CR: 0.61 Avg R1: 3.22 Avg R2: 2.92 Avg Reward: 6.139402
2026-05-16 11:11:49 [INFO] Epoch: 7 [25600/50000 (51%)]	 Training Loss: 0.472 ACC: 68.84 CR: 0.59 Avg R1: 3.27 Avg R2: 2.90 Avg Reward: 6.174720
2026-05-16 11:11:56 [INFO] Epoch: 7 [38400/50000 (77%)]	 Training Loss: 0.462 ACC: 69.18 CR: 0.57 Avg R1: 3.35 Avg R2: 2.87 Avg Reward: 6.223836
2026-05-16 11:12:02 [INFO] EPOCH:7, ======================CR:0.55004====================
2026-05-16 11:12:02 [INFO] 0.0006707513153717649
2026-05-16 11:12:04 [INFO] EPOCH:7, ======================ACC:72.1====================
2026-05-16 11:12:04 [INFO] BEST EPOCH:7,BEST ACC:72.1
2026-05-16 11:12:11 [INFO] Epoch: 8 [12800/50000 (26%)]	 Training Loss: 0.406 ACC: 72.62 CR: 0.54 Avg R1: 3.78 Avg R2: 2.63 Avg Reward: 6.406215
2026-05-16 11:12:18 [INFO] Epoch: 8 [25600/50000 (51%)]	 Training Loss: 0.411 ACC: 72.23 CR: 0.54 Avg R1: 3.80 Avg R2: 2.62 Avg Reward: 6.421678
2026-05-16 11:12:25 [INFO] Epoch: 8 [38400/50000 (77%)]	 Training Loss: 0.410 ACC: 72.16 CR: 0.54 Avg R1: 3.82 Avg R2: 2.61 Avg Reward: 6.428848
2026-05-16 11:12:32 [INFO] EPOCH:8, ======================CR:0.53308====================
2026-05-16 11:12:32 [INFO] 0.0034549198780682334
2026-05-16 11:12:34 [INFO] EPOCH:8, ======================ACC:71.86====================
2026-05-16 11:12:34 [INFO] BEST EPOCH:7,BEST ACC:72.1
2026-05-16 11:12:41 [INFO] Epoch: 9 [12800/50000 (26%)]	 Training Loss: 0.395 ACC: 72.79 CR: 0.53 Avg R1: 3.89 Avg R2: 2.51 Avg Reward: 6.405207
2026-05-16 11:12:48 [INFO] Epoch: 9 [25600/50000 (51%)]	 Training Loss: 0.390 ACC: 73.28 CR: 0.53 Avg R1: 3.90 Avg R2: 2.51 Avg Reward: 6.408565
2026-05-16 11:12:55 [INFO] Epoch: 9 [38400/50000 (77%)]	 Training Loss: 0.385 ACC: 73.37 CR: 0.52 Avg R1: 3.92 Avg R2: 2.50 Avg Reward: 6.418948
2026-05-16 11:13:01 [INFO] EPOCH:9, ======================CR:0.51678====================
2026-05-16 11:13:01 [INFO] 0.0036142105557203093
2026-05-16 11:13:03 [INFO] EPOCH:9, ======================ACC:77.97====================
2026-05-16 11:13:03 [INFO] BEST EPOCH:9,BEST ACC:77.97
2026-05-16 11:13:10 [INFO] Epoch: 10 [12800/50000 (26%)]	 Training Loss: 0.356 ACC: 75.12 CR: 0.52 Avg R1: 4.03 Avg R2: 2.38 Avg Reward: 6.410877
2026-05-16 11:13:17 [INFO] Epoch: 10 [25600/50000 (51%)]	 Training Loss: 0.355 ACC: 75.19 CR: 0.51 Avg R1: 4.04 Avg R2: 2.37 Avg Reward: 6.413468
2026-05-16 11:13:24 [INFO] Epoch: 10 [38400/50000 (77%)]	 Training Loss: 0.353 ACC: 75.41 CR: 0.51 Avg R1: 4.04 Avg R2: 2.37 Avg Reward: 6.416358
2026-05-16 11:13:30 [INFO] EPOCH:10, ======================CR:0.5105====================
2026-05-16 11:13:30 [INFO] -0.0038671326841119786
2026-05-16 11:13:32 [INFO] EPOCH:10, ======================ACC:75.64====================
2026-05-16 11:13:32 [INFO] BEST EPOCH:9,BEST ACC:77.97
2026-05-16 11:13:39 [INFO] Epoch: 11 [12800/50000 (26%)]	 Training Loss: 0.345 ACC: 76.25 CR: 0.51 Avg R1: 4.09 Avg R2: 2.27 Avg Reward: 6.361335
2026-05-16 11:13:46 [INFO] Epoch: 11 [25600/50000 (51%)]	 Training Loss: 0.338 ACC: 76.34 CR: 0.51 Avg R1: 4.10 Avg R2: 2.27 Avg Reward: 6.369039
2026-05-16 11:13:53 [INFO] Epoch: 11 [38400/50000 (77%)]	 Training Loss: 0.337 ACC: 76.30 CR: 0.50 Avg R1: 4.11 Avg R2: 2.27 Avg Reward: 6.376034
2026-05-16 11:13:59 [INFO] EPOCH:11, ======================CR:0.49848====================
2026-05-16 11:13:59 [INFO] -0.0001258501687718782
2026-05-16 11:14:01 [INFO] EPOCH:11, ======================ACC:69.65====================
2026-05-16 11:14:01 [INFO] BEST EPOCH:9,BEST ACC:77.97
2026-05-16 11:14:09 [INFO] Epoch: 12 [12800/50000 (26%)]	 Training Loss: 0.330 ACC: 77.04 CR: 0.50 Avg R1: 4.18 Avg R2: 2.18 Avg Reward: 6.356056
2026-05-16 11:14:16 [INFO] Epoch: 12 [25600/50000 (51%)]	 Training Loss: 0.327 ACC: 77.50 CR: 0.50 Avg R1: 4.18 Avg R2: 2.18 Avg Reward: 6.352355
2026-05-16 11:14:23 [INFO] Epoch: 12 [38400/50000 (77%)]	 Training Loss: 0.322 ACC: 77.78 CR: 0.50 Avg R1: 4.18 Avg R2: 2.17 Avg Reward: 6.351386
2026-05-16 11:14:30 [INFO] EPOCH:12, ======================CR:0.49898====================
2026-05-16 11:14:30 [INFO] -0.004481234796276564
2026-05-16 11:14:31 [INFO] EPOCH:12, ======================ACC:77.11====================
2026-05-16 11:14:31 [INFO] BEST EPOCH:9,BEST ACC:77.97
2026-05-16 11:14:39 [INFO] Epoch: 13 [12800/50000 (26%)]	 Training Loss: 0.313 ACC: 78.23 CR: 0.50 Avg R1: 4.19 Avg R2: 2.11 Avg Reward: 6.291116
2026-05-16 11:14:45 [INFO] Epoch: 13 [25600/50000 (51%)]	 Training Loss: 0.310 ACC: 78.27 CR: 0.49 Avg R1: 4.20 Avg R2: 2.10 Avg Reward: 6.298096
2026-05-16 11:14:52 [INFO] Epoch: 13 [38400/50000 (77%)]	 Training Loss: 0.308 ACC: 78.35 CR: 0.49 Avg R1: 4.20 Avg R2: 2.10 Avg Reward: 6.301989
2026-05-16 11:14:58 [INFO] EPOCH:13, ======================CR:0.49202====================
2026-05-16 11:14:58 [INFO] 0.006258142705616847
2026-05-16 11:15:00 [INFO] EPOCH:13, ======================ACC:76.89====================
2026-05-16 11:15:00 [INFO] BEST EPOCH:9,BEST ACC:77.97
2026-05-16 11:15:07 [INFO] Epoch: 14 [12800/50000 (26%)]	 Training Loss: 0.300 ACC: 78.72 CR: 0.49 Avg R1: 4.23 Avg R2: 2.04 Avg Reward: 6.275685
2026-05-16 11:15:14 [INFO] Epoch: 14 [25600/50000 (51%)]	 Training Loss: 0.304 ACC: 78.74 CR: 0.50 Avg R1: 4.23 Avg R2: 2.04 Avg Reward: 6.270872
2026-05-16 11:15:21 [INFO] Epoch: 14 [38400/50000 (77%)]	 Training Loss: 0.301 ACC: 78.88 CR: 0.50 Avg R1: 4.21 Avg R2: 2.05 Avg Reward: 6.261766
2026-05-16 11:15:27 [INFO] EPOCH:14, ======================CR:0.5015====================
2026-05-16 11:15:27 [INFO] -0.005740112708787954
2026-05-16 11:15:29 [INFO] EPOCH:14, ======================ACC:80.25====================
2026-05-16 11:15:29 [INFO] BEST EPOCH:14,BEST ACC:80.25
2026-05-16 11:15:37 [INFO] Epoch: 15 [12800/50000 (26%)]	 Training Loss: 0.292 ACC: 79.27 CR: 0.50 Avg R1: 4.16 Avg R2: 2.00 Avg Reward: 6.166463
2026-05-16 11:15:44 [INFO] Epoch: 15 [25600/50000 (51%)]	 Training Loss: 0.291 ACC: 79.59 CR: 0.50 Avg R1: 4.17 Avg R2: 2.00 Avg Reward: 6.172822
2026-05-16 11:15:51 [INFO] Epoch: 15 [38400/50000 (77%)]	 Training Loss: 0.291 ACC: 79.70 CR: 0.50 Avg R1: 4.18 Avg R2: 2.00 Avg Reward: 6.177017
2026-05-16 11:15:57 [INFO] EPOCH:15, ======================CR:0.49578====================
2026-05-16 11:15:57 [INFO] -0.0015932391853243446
2026-05-16 11:15:59 [INFO] EPOCH:15, ======================ACC:77.98====================
2026-05-16 11:15:59 [INFO] BEST EPOCH:14,BEST ACC:80.25
2026-05-16 11:16:06 [INFO] Epoch: 16 [12800/50000 (26%)]	 Training Loss: 0.282 ACC: 79.90 CR: 0.49 Avg R1: 4.22 Avg R2: 1.92 Avg Reward: 6.137395
2026-05-16 11:16:13 [INFO] Epoch: 16 [25600/50000 (51%)]	 Training Loss: 0.282 ACC: 79.99 CR: 0.49 Avg R1: 4.22 Avg R2: 1.92 Avg Reward: 6.139013
2026-05-16 11:16:20 [INFO] Epoch: 16 [38400/50000 (77%)]	 Training Loss: 0.288 ACC: 79.63 CR: 0.49 Avg R1: 4.23 Avg R2: 1.92 Avg Reward: 6.141914
2026-05-16 11:16:26 [INFO] EPOCH:16, ======================CR:0.48746====================
2026-05-16 11:16:26 [INFO] 0.0013726822166758158
2026-05-16 11:16:28 [INFO] EPOCH:16, ======================ACC:82.53====================
2026-05-16 11:16:28 [INFO] BEST EPOCH:16,BEST ACC:82.53
2026-05-16 11:16:35 [INFO] Epoch: 17 [12800/50000 (26%)]	 Training Loss: 0.264 ACC: 80.55 CR: 0.48 Avg R1: 4.29 Avg R2: 1.85 Avg Reward: 6.138958
2026-05-16 11:16:42 [INFO] Epoch: 17 [25600/50000 (51%)]	 Training Loss: 0.268 ACC: 80.62 CR: 0.48 Avg R1: 4.30 Avg R2: 1.84 Avg Reward: 6.146563
2026-05-16 11:16:49 [INFO] Epoch: 17 [38400/50000 (77%)]	 Training Loss: 0.272 ACC: 80.49 CR: 0.48 Avg R1: 4.31 Avg R2: 1.84 Avg Reward: 6.149756
2026-05-16 11:16:55 [INFO] EPOCH:17, ======================CR:0.48038====================
2026-05-16 11:16:55 [INFO] 0.0042284563273826585
2026-05-16 11:16:57 [INFO] EPOCH:17, ======================ACC:79.81====================
2026-05-16 11:16:57 [INFO] BEST EPOCH:16,BEST ACC:82.53
2026-05-16 11:17:04 [INFO] Epoch: 18 [12800/50000 (26%)]	 Training Loss: 0.267 ACC: 80.94 CR: 0.48 Avg R1: 4.33 Avg R2: 1.80 Avg Reward: 6.130966
2026-05-16 11:17:11 [INFO] Epoch: 18 [25600/50000 (51%)]	 Training Loss: 0.268 ACC: 80.72 CR: 0.48 Avg R1: 4.34 Avg R2: 1.80 Avg Reward: 6.141997
2026-05-16 11:17:18 [INFO] Epoch: 18 [38400/50000 (77%)]	 Training Loss: 0.270 ACC: 80.72 CR: 0.47 Avg R1: 4.35 Avg R2: 1.80 Avg Reward: 6.149463
2026-05-16 11:17:24 [INFO] EPOCH:18, ======================CR:0.46916====================
2026-05-16 11:17:24 [INFO] -0.006054862704464762
2026-05-16 11:17:26 [INFO] EPOCH:18, ======================ACC:77.21====================
2026-05-16 11:17:26 [INFO] BEST EPOCH:16,BEST ACC:82.53
2026-05-16 11:17:33 [INFO] Epoch: 19 [12800/50000 (26%)]	 Training Loss: 0.254 ACC: 81.70 CR: 0.47 Avg R1: 4.42 Avg R2: 1.74 Avg Reward: 6.164737
2026-05-16 11:17:40 [INFO] Epoch: 19 [25600/50000 (51%)]	 Training Loss: 0.259 ACC: 81.55 CR: 0.47 Avg R1: 4.42 Avg R2: 1.74 Avg Reward: 6.160563
2026-05-16 11:17:47 [INFO] Epoch: 19 [38400/50000 (77%)]	 Training Loss: 0.260 ACC: 81.48 CR: 0.47 Avg R1: 4.42 Avg R2: 1.74 Avg Reward: 6.161586
2026-05-16 11:17:53 [INFO] EPOCH:19, ======================CR:0.4667====================
2026-05-16 11:17:53 [INFO] -0.0059428141667380785
2026-05-16 11:17:55 [INFO] EPOCH:19, ======================ACC:81.65====================
2026-05-16 11:17:55 [INFO] BEST EPOCH:16,BEST ACC:82.53
2026-05-16 11:18:02 [INFO] Epoch: 20 [12800/50000 (26%)]	 Training Loss: 0.251 ACC: 81.81 CR: 0.47 Avg R1: 4.44 Avg R2: 1.70 Avg Reward: 6.146740
2026-05-16 11:18:08 [INFO] Epoch: 20 [25600/50000 (51%)]	 Training Loss: 0.239 ACC: 82.19 CR: 0.46 Avg R1: 4.46 Avg R2: 1.70 Avg Reward: 6.155449
2026-05-16 11:18:15 [INFO] Epoch: 20 [38400/50000 (77%)]	 Training Loss: 0.235 ACC: 82.20 CR: 0.44 Avg R1: 4.51 Avg R2: 1.68 Avg Reward: 6.188340
2026-05-16 11:18:21 [INFO] EPOCH:20, ======================CR:0.42376====================
2026-05-16 11:18:21 [INFO] -0.01112272791385495
2026-05-16 11:18:23 [INFO] EPOCH:20, ======================ACC:82.63====================
2026-05-16 11:18:23 [INFO] BEST EPOCH:20,BEST ACC:82.63
2026-05-16 11:18:30 [INFO] Epoch: 21 [12800/50000 (26%)]	 Training Loss: 0.226 ACC: 82.59 CR: 0.42 Avg R1: 4.81 Avg R2: 1.57 Avg Reward: 6.386590
2026-05-16 11:18:37 [INFO] Epoch: 21 [25600/50000 (51%)]	 Training Loss: 0.229 ACC: 82.12 CR: 0.41 Avg R1: 4.84 Avg R2: 1.57 Avg Reward: 6.403825
2026-05-16 11:18:43 [INFO] Epoch: 21 [38400/50000 (77%)]	 Training Loss: 0.225 ACC: 82.25 CR: 0.40 Avg R1: 4.88 Avg R2: 1.56 Avg Reward: 6.432195
2026-05-16 11:18:50 [INFO] EPOCH:21, ======================CR:0.38492====================
2026-05-16 11:18:50 [INFO] -0.017143939415098796
2026-05-16 11:18:52 [INFO] EPOCH:21, ======================ACC:83.63====================
2026-05-16 11:18:52 [INFO] BEST EPOCH:21,BEST ACC:83.63
2026-05-16 11:18:59 [INFO] Epoch: 22 [12800/50000 (26%)]	 Training Loss: 0.204 ACC: 82.99 CR: 0.38 Avg R1: 4.76 Avg R2: 1.46 Avg Reward: 6.221475
2026-05-16 11:19:06 [INFO] Epoch: 22 [25600/50000 (51%)]	 Training Loss: 0.208 ACC: 82.84 CR: 0.37 Avg R1: 4.73 Avg R2: 1.46 Avg Reward: 6.184302
2026-05-16 11:19:13 [INFO] Epoch: 22 [38400/50000 (77%)]	 Training Loss: 0.210 ACC: 82.66 CR: 0.37 Avg R1: 4.69 Avg R2: 1.45 Avg Reward: 6.147730
2026-05-16 11:19:19 [INFO] EPOCH:22, ======================CR:0.35498====================
2026-05-16 11:19:19 [INFO] -0.016618108525216974
2026-05-16 11:19:21 [INFO] EPOCH:22, ======================ACC:83.15====================
2026-05-16 11:19:21 [INFO] BEST EPOCH:21,BEST ACC:83.63
2026-05-16 11:19:28 [INFO] Epoch: 23 [12800/50000 (26%)]	 Training Loss: 0.191 ACC: 83.84 CR: 0.35 Avg R1: 4.42 Avg R2: 1.39 Avg Reward: 5.809819
2026-05-16 11:19:35 [INFO] Epoch: 23 [25600/50000 (51%)]	 Training Loss: 0.197 ACC: 83.50 CR: 0.35 Avg R1: 4.40 Avg R2: 1.38 Avg Reward: 5.785817
2026-05-16 11:19:41 [INFO] Epoch: 23 [38400/50000 (77%)]	 Training Loss: 0.198 ACC: 83.35 CR: 0.35 Avg R1: 4.39 Avg R2: 1.38 Avg Reward: 5.772794
2026-05-16 11:19:48 [INFO] EPOCH:23, ======================CR:0.34852====================
2026-05-16 11:19:48 [INFO] -0.017339086467542605
2026-05-16 11:19:50 [INFO] EPOCH:23, ======================ACC:80.31====================
2026-05-16 11:19:50 [INFO] BEST EPOCH:21,BEST ACC:83.63
2026-05-16 11:19:57 [INFO] Epoch: 24 [12800/50000 (26%)]	 Training Loss: 0.215 ACC: 82.41 CR: 0.35 Avg R1: 4.39 Avg R2: 1.37 Avg Reward: 5.762040
2026-05-16 11:20:03 [INFO] Epoch: 24 [25600/50000 (51%)]	 Training Loss: 0.214 ACC: 82.45 CR: 0.36 Avg R1: 4.44 Avg R2: 1.38 Avg Reward: 5.812860
2026-05-16 11:20:10 [INFO] Epoch: 24 [38400/50000 (77%)]	 Training Loss: 0.214 ACC: 82.43 CR: 0.37 Avg R1: 4.48 Avg R2: 1.39 Avg Reward: 5.866879
2026-05-16 11:20:17 [INFO] EPOCH:24, ======================CR:0.38336====================
2026-05-16 11:20:17 [INFO] -0.02363880022776113
2026-05-16 11:20:19 [INFO] EPOCH:24, ======================ACC:80.57====================
2026-05-16 11:20:19 [INFO] BEST EPOCH:21,BEST ACC:83.63
2026-05-16 11:20:26 [INFO] Epoch: 25 [12800/50000 (26%)]	 Training Loss: 0.213 ACC: 82.84 CR: 0.39 Avg R1: 4.81 Avg R2: 1.44 Avg Reward: 6.253737
2026-05-16 11:20:33 [INFO] Epoch: 25 [25600/50000 (51%)]	 Training Loss: 0.212 ACC: 82.87 CR: 0.39 Avg R1: 4.83 Avg R2: 1.44 Avg Reward: 6.278017
2026-05-16 11:20:40 [INFO] Epoch: 25 [38400/50000 (77%)]	 Training Loss: 0.217 ACC: 82.71 CR: 0.40 Avg R1: 4.88 Avg R2: 1.45 Avg Reward: 6.327602
2026-05-16 11:20:46 [INFO] EPOCH:25, ======================CR:0.41492====================
2026-05-16 11:20:46 [INFO] -0.027101967509874238
2026-05-16 11:20:48 [INFO] EPOCH:25, ======================ACC:84.63====================
2026-05-16 11:20:48 [INFO] BEST EPOCH:25,BEST ACC:84.63
2026-05-16 11:20:55 [INFO] Epoch: 26 [12800/50000 (26%)]	 Training Loss: 0.237 ACC: 82.14 CR: 0.42 Avg R1: 4.85 Avg R2: 1.49 Avg Reward: 6.336722
2026-05-16 11:21:02 [INFO] Epoch: 26 [25600/50000 (51%)]	 Training Loss: 0.229 ACC: 82.45 CR: 0.42 Avg R1: 4.84 Avg R2: 1.49 Avg Reward: 6.326341
2026-05-16 11:21:09 [INFO] Epoch: 26 [38400/50000 (77%)]	 Training Loss: 0.223 ACC: 82.78 CR: 0.42 Avg R1: 4.83 Avg R2: 1.49 Avg Reward: 6.321504
2026-05-16 11:21:15 [INFO] EPOCH:26, ======================CR:0.42716====================
2026-05-16 11:21:15 [INFO] -0.021868326033788126
2026-05-16 11:21:17 [INFO] EPOCH:26, ======================ACC:84.11====================
2026-05-16 11:21:17 [INFO] BEST EPOCH:25,BEST ACC:84.63
2026-05-16 11:21:24 [INFO] Epoch: 27 [12800/50000 (26%)]	 Training Loss: 0.216 ACC: 83.88 CR: 0.43 Avg R1: 4.77 Avg R2: 1.50 Avg Reward: 6.271101
2026-05-16 11:21:30 [INFO] Epoch: 27 [25600/50000 (51%)]	 Training Loss: 0.214 ACC: 83.56 CR: 0.43 Avg R1: 4.78 Avg R2: 1.50 Avg Reward: 6.270503
2026-05-16 11:21:37 [INFO] Epoch: 27 [38400/50000 (77%)]	 Training Loss: 0.218 ACC: 83.44 CR: 0.43 Avg R1: 4.77 Avg R2: 1.50 Avg Reward: 6.267496
2026-05-16 11:21:44 [INFO] EPOCH:27, ======================CR:0.43208====================
2026-05-16 11:21:44 [INFO] -0.0059033656227716535
2026-05-16 11:21:45 [INFO] EPOCH:27, ======================ACC:76.03====================
2026-05-16 11:21:45 [INFO] BEST EPOCH:25,BEST ACC:84.63
2026-05-16 11:21:53 [INFO] Epoch: 28 [12800/50000 (26%)]	 Training Loss: 0.229 ACC: 82.91 CR: 0.43 Avg R1: 4.72 Avg R2: 1.52 Avg Reward: 6.236753
2026-05-16 11:22:00 [INFO] Epoch: 28 [25600/50000 (51%)]	 Training Loss: 0.228 ACC: 82.91 CR: 0.43 Avg R1: 4.71 Avg R2: 1.52 Avg Reward: 6.233473
2026-05-16 11:22:07 [INFO] Epoch: 28 [38400/50000 (77%)]	 Training Loss: 0.225 ACC: 83.13 CR: 0.44 Avg R1: 4.71 Avg R2: 1.52 Avg Reward: 6.232471
2026-05-16 11:22:14 [INFO] EPOCH:28, ======================CR:0.4389====================
2026-05-16 11:22:14 [INFO] -0.011894328882008254
2026-05-16 11:22:16 [INFO] EPOCH:28, ======================ACC:82.57====================
2026-05-16 11:22:16 [INFO] BEST EPOCH:25,BEST ACC:84.63
2026-05-16 11:22:23 [INFO] Epoch: 29 [12800/50000 (26%)]	 Training Loss: 0.217 ACC: 83.71 CR: 0.44 Avg R1: 4.66 Avg R2: 1.53 Avg Reward: 6.194766
2026-05-16 11:22:29 [INFO] Epoch: 29 [25600/50000 (51%)]	 Training Loss: 0.218 ACC: 83.77 CR: 0.44 Avg R1: 4.67 Avg R2: 1.53 Avg Reward: 6.194812
2026-05-16 11:22:36 [INFO] Epoch: 29 [38400/50000 (77%)]	 Training Loss: 0.216 ACC: 83.87 CR: 0.44 Avg R1: 4.67 Avg R2: 1.53 Avg Reward: 6.197702
2026-05-16 11:22:42 [INFO] EPOCH:29, ======================CR:0.43686====================
2026-05-16 11:22:42 [INFO] -0.005909298830716414
2026-05-16 11:22:44 [INFO] EPOCH:29, ======================ACC:82.21====================
2026-05-16 11:22:44 [INFO] BEST EPOCH:25,BEST ACC:84.63
2026-05-16 11:22:51 [INFO] Epoch: 30 [12800/50000 (26%)]	 Training Loss: 0.229 ACC: 83.30 CR: 0.44 Avg R1: 4.67 Avg R2: 1.51 Avg Reward: 6.180721
2026-05-16 11:22:58 [INFO] Epoch: 30 [25600/50000 (51%)]	 Training Loss: 0.223 ACC: 83.56 CR: 0.44 Avg R1: 4.66 Avg R2: 1.51 Avg Reward: 6.174528
2026-05-16 11:23:05 [INFO] Epoch: 30 [38400/50000 (77%)]	 Training Loss: 0.219 ACC: 83.80 CR: 0.44 Avg R1: 4.67 Avg R2: 1.51 Avg Reward: 6.179620
2026-05-16 11:23:11 [INFO] EPOCH:30, ======================CR:0.42998====================
2026-05-16 11:23:11 [INFO] -0.00947065467089713
2026-05-16 11:23:13 [INFO] EPOCH:30, ======================ACC:84.78====================
2026-05-16 11:23:13 [INFO] BEST EPOCH:30,BEST ACC:84.78
2026-05-16 11:23:20 [INFO] Epoch: 31 [12800/50000 (26%)]	 Training Loss: 0.202 ACC: 83.70 CR: 0.42 Avg R1: 4.79 Avg R2: 1.48 Avg Reward: 6.268468
2026-05-16 11:23:28 [INFO] Epoch: 31 [25600/50000 (51%)]	 Training Loss: 0.190 ACC: 84.40 CR: 0.40 Avg R1: 4.85 Avg R2: 1.46 Avg Reward: 6.311147
2026-05-16 11:23:35 [INFO] Epoch: 31 [38400/50000 (77%)]	 Training Loss: 0.181 ACC: 84.31 CR: 0.36 Avg R1: 4.82 Avg R2: 1.44 Avg Reward: 6.257010
2026-05-16 11:23:42 [INFO] EPOCH:31, ======================CR:0.31434====================
2026-05-16 11:23:42 [INFO] -0.015354574512408037
2026-05-16 11:23:44 [INFO] EPOCH:31, ======================ACC:86.08====================
2026-05-16 11:23:44 [INFO] BEST EPOCH:31,BEST ACC:86.08
2026-05-16 11:23:50 [INFO] Epoch: 32 [12800/50000 (26%)]	 Training Loss: 0.139 ACC: 86.01 CR: 0.30 Avg R1: 3.84 Avg R2: 1.22 Avg Reward: 5.053736
2026-05-16 11:23:57 [INFO] Epoch: 32 [25600/50000 (51%)]	 Training Loss: 0.135 ACC: 85.66 CR: 0.27 Avg R1: 3.69 Avg R2: 1.19 Avg Reward: 4.880323
2026-05-16 11:24:04 [INFO] Epoch: 32 [38400/50000 (77%)]	 Training Loss: 0.131 ACC: 85.65 CR: 0.23 Avg R1: 3.49 Avg R2: 1.16 Avg Reward: 4.646395
2026-05-16 11:24:10 [INFO] EPOCH:32, ======================CR:0.20128====================
2026-05-16 11:24:10 [INFO] -0.014964387738745224
2026-05-16 11:24:12 [INFO] EPOCH:32, ======================ACC:87.85====================
2026-05-16 11:24:12 [INFO] BEST EPOCH:32,BEST ACC:87.85
2026-05-16 11:24:19 [INFO] Epoch: 33 [12800/50000 (26%)]	 Training Loss: 0.130 ACC: 85.75 CR: 0.19 Avg R1: 2.47 Avg R2: 0.98 Avg Reward: 3.445899
2026-05-16 11:24:26 [INFO] Epoch: 33 [25600/50000 (51%)]	 Training Loss: 0.124 ACC: 85.62 CR: 0.18 Avg R1: 2.41 Avg R2: 0.97 Avg Reward: 3.378932
2026-05-16 11:24:33 [INFO] Epoch: 33 [38400/50000 (77%)]	 Training Loss: 0.120 ACC: 85.89 CR: 0.17 Avg R1: 2.33 Avg R2: 0.95 Avg Reward: 3.283911
2026-05-16 11:24:39 [INFO] EPOCH:33, ======================CR:0.15842====================
2026-05-16 11:24:39 [INFO] -0.006673197203165889
2026-05-16 11:24:41 [INFO] EPOCH:33, ======================ACC:86.82====================
2026-05-16 11:24:41 [INFO] BEST EPOCH:32,BEST ACC:87.85
2026-05-16 11:24:48 [INFO] Epoch: 34 [12800/50000 (26%)]	 Training Loss: 0.128 ACC: 85.75 CR: 0.17 Avg R1: 2.02 Avg R2: 0.89 Avg Reward: 2.913235
2026-05-16 11:24:55 [INFO] Epoch: 34 [25600/50000 (51%)]	 Training Loss: 0.123 ACC: 85.71 CR: 0.16 Avg R1: 2.05 Avg R2: 0.89 Avg Reward: 2.939393
2026-05-16 11:25:03 [INFO] Epoch: 34 [38400/50000 (77%)]	 Training Loss: 0.122 ACC: 85.64 CR: 0.16 Avg R1: 2.03 Avg R2: 0.89 Avg Reward: 2.922515
2026-05-16 11:25:09 [INFO] EPOCH:34, ======================CR:0.16042====================
2026-05-16 11:25:09 [INFO] 0.00823942809742166
2026-05-16 11:25:11 [INFO] EPOCH:34, ======================ACC:86.5====================
2026-05-16 11:25:11 [INFO] BEST EPOCH:32,BEST ACC:87.85
2026-05-16 11:25:19 [INFO] Epoch: 35 [12800/50000 (26%)]	 Training Loss: 0.122 ACC: 84.71 CR: 0.16 Avg R1: 1.98 Avg R2: 0.88 Avg Reward: 2.864402
2026-05-16 11:25:25 [INFO] Epoch: 35 [25600/50000 (51%)]	 Training Loss: 0.120 ACC: 84.97 CR: 0.15 Avg R1: 1.95 Avg R2: 0.88 Avg Reward: 2.831820
2026-05-16 11:25:32 [INFO] Epoch: 35 [38400/50000 (77%)]	 Training Loss: 0.119 ACC: 85.20 CR: 0.15 Avg R1: 1.92 Avg R2: 0.87 Avg Reward: 2.796142
2026-05-16 11:25:38 [INFO] EPOCH:35, ======================CR:0.14236====================
2026-05-16 11:25:38 [INFO] 0.02278455930944656
2026-05-16 11:25:40 [INFO] EPOCH:35, ======================ACC:87.52====================
2026-05-16 11:25:40 [INFO] BEST EPOCH:32,BEST ACC:87.85
2026-05-16 11:25:47 [INFO] Epoch: 36 [12800/50000 (26%)]	 Training Loss: 0.121 ACC: 85.10 CR: 0.15 Avg R1: 1.79 Avg R2: 0.84 Avg Reward: 2.633088
2026-05-16 11:25:54 [INFO] Epoch: 36 [25600/50000 (51%)]	 Training Loss: 0.120 ACC: 85.34 CR: 0.15 Avg R1: 1.81 Avg R2: 0.84 Avg Reward: 2.654127
2026-05-16 11:26:01 [INFO] Epoch: 36 [38400/50000 (77%)]	 Training Loss: 0.124 ACC: 85.28 CR: 0.16 Avg R1: 1.84 Avg R2: 0.85 Avg Reward: 2.688179
2026-05-16 11:26:07 [INFO] EPOCH:36, ======================CR:0.16608====================
2026-05-16 11:26:07 [INFO] 0.034900838178587815
2026-05-16 11:26:09 [INFO] EPOCH:36, ======================ACC:82.46====================
2026-05-16 11:26:09 [INFO] BEST EPOCH:32,BEST ACC:87.85
2026-05-16 11:26:15 [INFO] Epoch: 37 [12800/50000 (26%)]	 Training Loss: 0.134 ACC: 84.27 CR: 0.17 Avg R1: 2.07 Avg R2: 0.90 Avg Reward: 2.960048
2026-05-16 11:26:22 [INFO] Epoch: 37 [25600/50000 (51%)]	 Training Loss: 0.133 ACC: 84.30 CR: 0.16 Avg R1: 2.07 Avg R2: 0.90 Avg Reward: 2.960102
2026-05-16 11:26:29 [INFO] Epoch: 37 [38400/50000 (77%)]	 Training Loss: 0.133 ACC: 84.40 CR: 0.17 Avg R1: 2.06 Avg R2: 0.89 Avg Reward: 2.957545
2026-05-16 11:26:36 [INFO] EPOCH:37, ======================CR:0.17458====================
2026-05-16 11:26:36 [INFO] 0.03215282482647536
2026-05-16 11:26:38 [INFO] EPOCH:37, ======================ACC:83.01====================
2026-05-16 11:26:38 [INFO] BEST EPOCH:32,BEST ACC:87.85
2026-05-16 11:26:45 [INFO] Epoch: 38 [12800/50000 (26%)]	 Training Loss: 0.154 ACC: 83.94 CR: 0.19 Avg R1: 2.26 Avg R2: 0.92 Avg Reward: 3.182827
2026-05-16 11:26:52 [INFO] Epoch: 38 [25600/50000 (51%)]	 Training Loss: 0.155 ACC: 83.75 CR: 0.20 Avg R1: 2.32 Avg R2: 0.94 Avg Reward: 3.255266
2026-05-16 11:26:59 [INFO] Epoch: 38 [38400/50000 (77%)]	 Training Loss: 0.156 ACC: 83.85 CR: 0.21 Avg R1: 2.39 Avg R2: 0.95 Avg Reward: 3.337577
2026-05-16 11:27:06 [INFO] EPOCH:38, ======================CR:0.23036====================
2026-05-16 11:27:06 [INFO] 0.02449538723214137
2026-05-16 11:27:07 [INFO] EPOCH:38, ======================ACC:83.81====================
2026-05-16 11:27:07 [INFO] BEST EPOCH:32,BEST ACC:87.85
2026-05-16 11:27:14 [INFO] Epoch: 39 [12800/50000 (26%)]	 Training Loss: 0.173 ACC: 84.16 CR: 0.24 Avg R1: 2.97 Avg R2: 1.06 Avg Reward: 4.027417
2026-05-16 11:27:21 [INFO] Epoch: 39 [25600/50000 (51%)]	 Training Loss: 0.184 ACC: 83.51 CR: 0.27 Avg R1: 3.08 Avg R2: 1.08 Avg Reward: 4.156519
2026-05-16 11:27:28 [INFO] Epoch: 39 [38400/50000 (77%)]	 Training Loss: 0.193 ACC: 83.31 CR: 0.30 Avg R1: 3.23 Avg R2: 1.10 Avg Reward: 4.333897
2026-05-16 11:27:34 [INFO] EPOCH:39, ======================CR:0.32192====================
2026-05-16 11:27:34 [INFO] 0.031642246961046394
2026-05-16 11:27:36 [INFO] EPOCH:39, ======================ACC:80.57====================
2026-05-16 11:27:36 [INFO] BEST EPOCH:32,BEST ACC:87.85
2026-05-16 11:27:42 [INFO] Epoch: 40 [12800/50000 (26%)]	 Training Loss: 0.192 ACC: 83.98 CR: 0.32 Avg R1: 4.02 Avg R2: 1.25 Avg Reward: 5.260766
2026-05-16 11:27:49 [INFO] Epoch: 40 [25600/50000 (51%)]	 Training Loss: 0.198 ACC: 83.79 CR: 0.33 Avg R1: 4.05 Avg R2: 1.25 Avg Reward: 5.305520
2026-05-16 11:27:56 [INFO] Epoch: 40 [38400/50000 (77%)]	 Training Loss: 0.196 ACC: 83.85 CR: 0.34 Avg R1: 4.10 Avg R2: 1.26 Avg Reward: 5.365181
2026-05-16 11:28:02 [INFO] EPOCH:40, ======================CR:0.34278====================
2026-05-16 11:28:02 [INFO] 0.03177911116774662
2026-05-16 11:28:04 [INFO] EPOCH:40, ======================ACC:85.82====================
2026-05-16 11:28:04 [INFO] BEST EPOCH:32,BEST ACC:87.85
2026-05-16 11:28:11 [INFO] Epoch: 41 [12800/50000 (26%)]	 Training Loss: 0.180 ACC: 85.29 CR: 0.34 Avg R1: 4.28 Avg R2: 1.30 Avg Reward: 5.571463
2026-05-16 11:28:18 [INFO] Epoch: 41 [25600/50000 (51%)]	 Training Loss: 0.186 ACC: 84.64 CR: 0.35 Avg R1: 4.29 Avg R2: 1.30 Avg Reward: 5.582534
2026-05-16 11:28:25 [INFO] Epoch: 41 [38400/50000 (77%)]	 Training Loss: 0.190 ACC: 84.46 CR: 0.35 Avg R1: 4.32 Avg R2: 1.30 Avg Reward: 5.621259
2026-05-16 11:28:31 [INFO] EPOCH:41, ======================CR:0.35902====================
2026-05-16 11:28:31 [INFO] 0.017782295163470126
2026-05-16 11:28:33 [INFO] EPOCH:41, ======================ACC:82.82====================
2026-05-16 11:28:33 [INFO] BEST EPOCH:32,BEST ACC:87.85
2026-05-16 11:28:40 [INFO] Epoch: 42 [12800/50000 (26%)]	 Training Loss: 0.196 ACC: 84.07 CR: 0.36 Avg R1: 4.48 Avg R2: 1.33 Avg Reward: 5.812080
2026-05-16 11:28:46 [INFO] Epoch: 42 [25600/50000 (51%)]	 Training Loss: 0.194 ACC: 84.31 CR: 0.36 Avg R1: 4.48 Avg R2: 1.33 Avg Reward: 5.811947
2026-05-16 11:28:53 [INFO] Epoch: 42 [38400/50000 (77%)]	 Training Loss: 0.198 ACC: 84.35 CR: 0.37 Avg R1: 4.52 Avg R2: 1.33 Avg Reward: 5.852571
2026-05-16 11:28:59 [INFO] EPOCH:42, ======================CR:0.38584====================
2026-05-16 11:28:59 [INFO] 0.014622700229321833
2026-05-16 11:29:00 [INFO] EPOCH:42, ======================ACC:79.18====================
2026-05-16 11:29:00 [INFO] BEST EPOCH:32,BEST ACC:87.85
2026-05-16 11:29:07 [INFO] Epoch: 43 [12800/50000 (26%)]	 Training Loss: 0.212 ACC: 84.10 CR: 0.39 Avg R1: 4.88 Avg R2: 1.39 Avg Reward: 6.268598
2026-05-16 11:29:14 [INFO] Epoch: 43 [25600/50000 (51%)]	 Training Loss: 0.212 ACC: 84.34 CR: 0.41 Avg R1: 4.92 Avg R2: 1.40 Avg Reward: 6.315181
2026-05-16 11:29:20 [INFO] Epoch: 43 [38400/50000 (77%)]	 Training Loss: 0.216 ACC: 84.26 CR: 0.43 Avg R1: 4.88 Avg R2: 1.42 Avg Reward: 6.300297
2026-05-16 11:29:26 [INFO] EPOCH:43, ======================CR:0.4455====================
2026-05-16 11:29:26 [INFO] 0.006473326802084431
2026-05-16 11:29:28 [INFO] EPOCH:43, ======================ACC:84.33====================
2026-05-16 11:29:28 [INFO] BEST EPOCH:32,BEST ACC:87.85
2026-05-16 11:29:35 [INFO] Epoch: 44 [12800/50000 (26%)]	 Training Loss: 0.213 ACC: 85.00 CR: 0.45 Avg R1: 4.61 Avg R2: 1.49 Avg Reward: 6.109310
2026-05-16 11:29:41 [INFO] Epoch: 44 [25600/50000 (51%)]	 Training Loss: 0.216 ACC: 84.65 CR: 0.46 Avg R1: 4.59 Avg R2: 1.50 Avg Reward: 6.089610
2026-05-16 11:29:48 [INFO] Epoch: 44 [38400/50000 (77%)]	 Training Loss: 0.214 ACC: 84.64 CR: 0.46 Avg R1: 4.57 Avg R2: 1.51 Avg Reward: 6.072116
2026-05-16 11:29:54 [INFO] EPOCH:44, ======================CR:0.46062====================
2026-05-16 11:29:54 [INFO] 0.001463177261004562
2026-05-16 11:29:55 [INFO] EPOCH:44, ======================ACC:80.71====================
2026-05-16 11:29:55 [INFO] BEST EPOCH:32,BEST ACC:87.85
2026-05-16 11:30:02 [INFO] Epoch: 45 [12800/50000 (26%)]	 Training Loss: 0.213 ACC: 84.49 CR: 0.46 Avg R1: 4.50 Avg R2: 1.54 Avg Reward: 6.040800
2026-05-16 11:30:08 [INFO] Epoch: 45 [25600/50000 (51%)]	 Training Loss: 0.210 ACC: 84.80 CR: 0.45 Avg R1: 4.52 Avg R2: 1.53 Avg Reward: 6.053578
2026-05-16 11:30:15 [INFO] Epoch: 45 [38400/50000 (77%)]	 Training Loss: 0.206 ACC: 84.95 CR: 0.44 Avg R1: 4.55 Avg R2: 1.53 Avg Reward: 6.075510
2026-05-16 11:30:21 [INFO] EPOCH:45, ======================CR:0.4362====================
2026-05-16 11:30:21 [INFO] -0.003941128546972431
2026-05-16 11:30:23 [INFO] EPOCH:45, ======================ACC:85.62====================
2026-05-16 11:30:23 [INFO] BEST EPOCH:32,BEST ACC:87.85
2026-05-16 11:30:29 [INFO] Epoch: 46 [12800/50000 (26%)]	 Training Loss: 0.195 ACC: 85.90 CR: 0.44 Avg R1: 4.70 Avg R2: 1.47 Avg Reward: 6.176299
2026-05-16 11:30:36 [INFO] Epoch: 46 [25600/50000 (51%)]	 Training Loss: 0.194 ACC: 85.80 CR: 0.44 Avg R1: 4.70 Avg R2: 1.48 Avg Reward: 6.173341
2026-05-16 11:30:42 [INFO] Epoch: 46 [38400/50000 (77%)]	 Training Loss: 0.197 ACC: 85.63 CR: 0.44 Avg R1: 4.69 Avg R2: 1.48 Avg Reward: 6.166685
2026-05-16 11:30:49 [INFO] EPOCH:46, ======================CR:0.43964====================
2026-05-16 11:30:49 [INFO] 0.0037296276862925546
2026-05-16 11:30:50 [INFO] EPOCH:46, ======================ACC:86.16====================
2026-05-16 11:30:50 [INFO] BEST EPOCH:32,BEST ACC:87.85
2026-05-16 11:30:57 [INFO] Epoch: 47 [12800/50000 (26%)]	 Training Loss: 0.195 ACC: 85.52 CR: 0.44 Avg R1: 4.68 Avg R2: 1.49 Avg Reward: 6.169274
2026-05-16 11:31:04 [INFO] Epoch: 47 [25600/50000 (51%)]	 Training Loss: 0.191 ACC: 85.66 CR: 0.43 Avg R1: 4.70 Avg R2: 1.49 Avg Reward: 6.190087
2026-05-16 11:31:10 [INFO] Epoch: 47 [38400/50000 (77%)]	 Training Loss: 0.189 ACC: 85.62 CR: 0.42 Avg R1: 4.74 Avg R2: 1.48 Avg Reward: 6.217040
2026-05-16 11:31:16 [INFO] EPOCH:47, ======================CR:0.41098====================
2026-05-16 11:31:16 [INFO] 9.558973650729333e-05
2026-05-16 11:31:18 [INFO] EPOCH:47, ======================ACC:86.3====================
2026-05-16 11:31:18 [INFO] BEST EPOCH:32,BEST ACC:87.85
2026-05-16 11:31:24 [INFO] Epoch: 48 [12800/50000 (26%)]	 Training Loss: 0.182 ACC: 85.59 CR: 0.41 Avg R1: 4.91 Avg R2: 1.42 Avg Reward: 6.335085
2026-05-16 11:31:31 [INFO] Epoch: 48 [25600/50000 (51%)]	 Training Loss: 0.179 ACC: 85.99 CR: 0.41 Avg R1: 4.91 Avg R2: 1.43 Avg Reward: 6.335608
2026-05-16 11:31:37 [INFO] Epoch: 48 [38400/50000 (77%)]	 Training Loss: 0.182 ACC: 85.85 CR: 0.41 Avg R1: 4.90 Avg R2: 1.43 Avg Reward: 6.331664
2026-05-16 11:31:43 [INFO] EPOCH:48, ======================CR:0.42252====================
2026-05-16 11:31:43 [INFO] -0.0029928600874415514
2026-05-16 11:31:45 [INFO] EPOCH:48, ======================ACC:86.11====================
2026-05-16 11:31:45 [INFO] BEST EPOCH:32,BEST ACC:87.85
2026-05-16 11:31:52 [INFO] Epoch: 49 [12800/50000 (26%)]	 Training Loss: 0.189 ACC: 86.06 CR: 0.43 Avg R1: 4.79 Avg R2: 1.45 Avg Reward: 6.244631
2026-05-16 11:31:58 [INFO] Epoch: 49 [25600/50000 (51%)]	 Training Loss: 0.183 ACC: 86.38 CR: 0.43 Avg R1: 4.78 Avg R2: 1.46 Avg Reward: 6.232031
2026-05-16 11:32:05 [INFO] Epoch: 49 [38400/50000 (77%)]	 Training Loss: 0.184 ACC: 86.25 CR: 0.43 Avg R1: 4.77 Avg R2: 1.46 Avg Reward: 6.229749
2026-05-16 11:32:11 [INFO] EPOCH:49, ======================CR:0.42826====================
2026-05-16 11:32:11 [INFO] -0.012504333868650843
2026-05-16 11:32:13 [INFO] EPOCH:49, ======================ACC:84.6====================
2026-05-16 11:32:13 [INFO] BEST EPOCH:32,BEST ACC:87.85
2026-05-16 11:32:19 [INFO] Epoch: 50 [12800/50000 (26%)]	 Training Loss: 0.181 ACC: 86.45 CR: 0.43 Avg R1: 4.77 Avg R2: 1.45 Avg Reward: 6.214287
2026-05-16 11:32:26 [INFO] Epoch: 50 [25600/50000 (51%)]	 Training Loss: 0.180 ACC: 86.43 CR: 0.43 Avg R1: 4.77 Avg R2: 1.45 Avg Reward: 6.216576
2026-05-16 11:32:32 [INFO] Epoch: 50 [38400/50000 (77%)]	 Training Loss: 0.181 ACC: 86.37 CR: 0.42 Avg R1: 4.78 Avg R2: 1.45 Avg Reward: 6.223902
2026-05-16 11:32:38 [INFO] EPOCH:50, ======================CR:0.41606====================
2026-05-16 11:32:38 [INFO] -0.00738396848172499
2026-05-16 11:32:40 [INFO] EPOCH:50, ======================ACC:83.1====================
2026-05-16 11:32:40 [INFO] BEST EPOCH:32,BEST ACC:87.85
2026-05-16 11:32:47 [INFO] Epoch: 51 [12800/50000 (26%)]	 Training Loss: 0.186 ACC: 86.03 CR: 0.42 Avg R1: 4.87 Avg R2: 1.43 Avg Reward: 6.300685
2026-05-16 11:32:53 [INFO] Epoch: 51 [25600/50000 (51%)]	 Training Loss: 0.175 ACC: 86.63 CR: 0.41 Avg R1: 4.87 Avg R2: 1.43 Avg Reward: 6.302522
2026-05-16 11:33:00 [INFO] Epoch: 51 [38400/50000 (77%)]	 Training Loss: 0.176 ACC: 86.53 CR: 0.41 Avg R1: 4.88 Avg R2: 1.43 Avg Reward: 6.310966
2026-05-16 11:33:06 [INFO] EPOCH:51, ======================CR:0.40746====================
2026-05-16 11:33:06 [INFO] 0.011790268121026477
2026-05-16 11:33:08 [INFO] EPOCH:51, ======================ACC:84.01====================
2026-05-16 11:33:08 [INFO] BEST EPOCH:32,BEST ACC:87.85
2026-05-16 11:33:08 [INFO] Saving Masks: current CR 0.4075 target CR 0.4000
2026-05-16 11:33:08 [INFO] Updated candidate mask pretrained-rescale_mask_best-acc_40_05161107_resnet18 at epoch 51 with acc 84.0100
2026-05-16 11:33:08 [INFO] Updated candidate mask pretrained-rescale_mask_best-r2_40_05161107_resnet18 at epoch 51 with acc 84.0100
2026-05-16 11:33:14 [INFO] Epoch: 52 [12800/50000 (26%)]	 Training Loss: 0.175 ACC: 86.42 CR: 0.41 Avg R1: 4.94 Avg R2: 1.41 Avg Reward: 6.355161
2026-05-16 11:33:21 [INFO] Epoch: 52 [25600/50000 (51%)]	 Training Loss: 0.176 ACC: 86.47 CR: 0.41 Avg R1: 4.95 Avg R2: 1.41 Avg Reward: 6.360007
2026-05-16 11:33:28 [INFO] Epoch: 52 [38400/50000 (77%)]	 Training Loss: 0.179 ACC: 86.27 CR: 0.41 Avg R1: 4.94 Avg R2: 1.42 Avg Reward: 6.354307
2026-05-16 11:33:34 [INFO] EPOCH:52, ======================CR:0.4174====================
2026-05-16 11:33:34 [INFO] 0.01736280122659804
2026-05-16 11:33:35 [INFO] EPOCH:52, ======================ACC:83.62====================
2026-05-16 11:33:35 [INFO] BEST EPOCH:51,BEST ACC:87.85
2026-05-16 11:33:42 [INFO] Epoch: 53 [12800/50000 (26%)]	 Training Loss: 0.172 ACC: 86.85 CR: 0.42 Avg R1: 4.85 Avg R2: 1.44 Avg Reward: 6.283735
2026-05-16 11:33:49 [INFO] Epoch: 53 [25600/50000 (51%)]	 Training Loss: 0.179 ACC: 86.58 CR: 0.43 Avg R1: 4.83 Avg R2: 1.44 Avg Reward: 6.267826
2026-05-16 11:33:55 [INFO] Epoch: 53 [38400/50000 (77%)]	 Training Loss: 0.183 ACC: 86.31 CR: 0.43 Avg R1: 4.80 Avg R2: 1.45 Avg Reward: 6.248470
2026-05-16 11:34:01 [INFO] EPOCH:53, ======================CR:0.43818====================
2026-05-16 11:34:01 [INFO] 0.003561420063886313
2026-05-16 11:34:03 [INFO] EPOCH:53, ======================ACC:81.58====================
2026-05-16 11:34:03 [INFO] BEST EPOCH:51,BEST ACC:87.85
2026-05-16 11:34:09 [INFO] Epoch: 54 [12800/50000 (26%)]	 Training Loss: 0.189 ACC: 86.12 CR: 0.44 Avg R1: 4.66 Avg R2: 1.47 Avg Reward: 6.124903
2026-05-16 11:34:16 [INFO] Epoch: 54 [25600/50000 (51%)]	 Training Loss: 0.190 ACC: 86.27 CR: 0.45 Avg R1: 4.63 Avg R2: 1.47 Avg Reward: 6.105663
2026-05-16 11:34:22 [INFO] Epoch: 54 [38400/50000 (77%)]	 Training Loss: 0.193 ACC: 86.17 CR: 0.46 Avg R1: 4.61 Avg R2: 1.48 Avg Reward: 6.090062
2026-05-16 11:34:28 [INFO] EPOCH:54, ======================CR:0.46188====================
2026-05-16 11:34:28 [INFO] 0.005565654891089903
2026-05-16 11:34:30 [INFO] EPOCH:54, ======================ACC:85.07====================
2026-05-16 11:34:30 [INFO] BEST EPOCH:51,BEST ACC:87.85
2026-05-16 11:34:37 [INFO] Epoch: 55 [12800/50000 (26%)]	 Training Loss: 0.189 ACC: 86.77 CR: 0.47 Avg R1: 4.46 Avg R2: 1.51 Avg Reward: 5.978454
2026-05-16 11:34:44 [INFO] Epoch: 55 [25600/50000 (51%)]	 Training Loss: 0.191 ACC: 86.48 CR: 0.47 Avg R1: 4.46 Avg R2: 1.52 Avg Reward: 5.972445
2026-05-16 11:34:50 [INFO] Epoch: 55 [38400/50000 (77%)]	 Training Loss: 0.194 ACC: 86.40 CR: 0.47 Avg R1: 4.44 Avg R2: 1.52 Avg Reward: 5.960606
2026-05-16 11:34:56 [INFO] EPOCH:55, ======================CR:0.4717====================
2026-05-16 11:34:56 [INFO] 0.002936212958995544
2026-05-16 11:34:58 [INFO] EPOCH:55, ======================ACC:86.22====================
2026-05-16 11:34:58 [INFO] BEST EPOCH:51,BEST ACC:87.85
2026-05-16 11:35:04 [INFO] Epoch: 56 [12800/50000 (26%)]	 Training Loss: 0.186 ACC: 86.72 CR: 0.47 Avg R1: 4.42 Avg R2: 1.53 Avg Reward: 5.948070
2026-05-16 11:35:11 [INFO] Epoch: 56 [25600/50000 (51%)]	 Training Loss: 0.184 ACC: 86.91 CR: 0.46 Avg R1: 4.43 Avg R2: 1.53 Avg Reward: 5.960121
2026-05-16 11:35:17 [INFO] Epoch: 56 [38400/50000 (77%)]	 Training Loss: 0.183 ACC: 86.81 CR: 0.46 Avg R1: 4.46 Avg R2: 1.52 Avg Reward: 5.980671
2026-05-16 11:35:23 [INFO] EPOCH:56, ======================CR:0.4471====================
2026-05-16 11:35:23 [INFO] 0.011946717525430054
2026-05-16 11:35:25 [INFO] EPOCH:56, ======================ACC:88.03====================
2026-05-16 11:35:25 [INFO] BEST EPOCH:56,BEST ACC:88.03
2026-05-16 11:35:31 [INFO] Epoch: 57 [12800/50000 (26%)]	 Training Loss: 0.174 ACC: 87.22 CR: 0.44 Avg R1: 4.62 Avg R2: 1.48 Avg Reward: 6.107231
2026-05-16 11:35:38 [INFO] Epoch: 57 [25600/50000 (51%)]	 Training Loss: 0.174 ACC: 87.01 CR: 0.44 Avg R1: 4.64 Avg R2: 1.48 Avg Reward: 6.116435
2026-05-16 11:35:45 [INFO] Epoch: 57 [38400/50000 (77%)]	 Training Loss: 0.169 ACC: 87.22 CR: 0.43 Avg R1: 4.66 Avg R2: 1.47 Avg Reward: 6.136937
2026-05-16 11:35:51 [INFO] EPOCH:57, ======================CR:0.41582====================
2026-05-16 11:35:51 [INFO] 0.004662940659139839
2026-05-16 11:35:53 [INFO] EPOCH:57, ======================ACC:87.66====================
2026-05-16 11:35:53 [INFO] BEST EPOCH:56,BEST ACC:88.03
2026-05-16 11:35:59 [INFO] Epoch: 58 [12800/50000 (26%)]	 Training Loss: 0.162 ACC: 87.95 CR: 0.41 Avg R1: 4.87 Avg R2: 1.41 Avg Reward: 6.281406
2026-05-16 11:36:06 [INFO] Epoch: 58 [25600/50000 (51%)]	 Training Loss: 0.167 ACC: 87.34 CR: 0.41 Avg R1: 4.88 Avg R2: 1.41 Avg Reward: 6.293696
2026-05-16 11:36:12 [INFO] Epoch: 58 [38400/50000 (77%)]	 Training Loss: 0.170 ACC: 87.21 CR: 0.41 Avg R1: 4.89 Avg R2: 1.41 Avg Reward: 6.299086
2026-05-16 11:36:18 [INFO] EPOCH:58, ======================CR:0.42====================
2026-05-16 11:36:18 [INFO] 0.0016044051096087276
2026-05-16 11:36:20 [INFO] EPOCH:58, ======================ACC:88.49====================
2026-05-16 11:36:20 [INFO] BEST EPOCH:58,BEST ACC:88.49
2026-05-16 11:36:26 [INFO] Epoch: 59 [12800/50000 (26%)]	 Training Loss: 0.181 ACC: 87.07 CR: 0.43 Avg R1: 4.79 Avg R2: 1.44 Avg Reward: 6.234315
2026-05-16 11:36:33 [INFO] Epoch: 59 [25600/50000 (51%)]	 Training Loss: 0.176 ACC: 87.29 CR: 0.43 Avg R1: 4.77 Avg R2: 1.45 Avg Reward: 6.215860
2026-05-16 11:36:40 [INFO] Epoch: 59 [38400/50000 (77%)]	 Training Loss: 0.177 ACC: 87.24 CR: 0.44 Avg R1: 4.74 Avg R2: 1.45 Avg Reward: 6.197606
2026-05-16 11:36:46 [INFO] EPOCH:59, ======================CR:0.45388====================
2026-05-16 11:36:46 [INFO] 0.007410266815827461
2026-05-16 11:36:47 [INFO] EPOCH:59, ======================ACC:86.46====================
2026-05-16 11:36:47 [INFO] BEST EPOCH:58,BEST ACC:88.49
2026-05-16 11:36:54 [INFO] Epoch: 60 [12800/50000 (26%)]	 Training Loss: 0.181 ACC: 87.29 CR: 0.46 Avg R1: 4.54 Avg R2: 1.49 Avg Reward: 6.025858
2026-05-16 11:37:01 [INFO] Epoch: 60 [25600/50000 (51%)]	 Training Loss: 0.182 ACC: 87.16 CR: 0.46 Avg R1: 4.53 Avg R2: 1.49 Avg Reward: 6.022556
2026-05-16 11:37:08 [INFO] Epoch: 60 [38400/50000 (77%)]	 Training Loss: 0.185 ACC: 86.89 CR: 0.46 Avg R1: 4.53 Avg R2: 1.49 Avg Reward: 6.019771
2026-05-16 11:37:13 [INFO] EPOCH:60, ======================CR:0.45812====================
2026-05-16 11:37:13 [INFO] 0.006041152491475348
2026-05-16 11:37:15 [INFO] EPOCH:60, ======================ACC:87.32====================
2026-05-16 11:37:15 [INFO] BEST EPOCH:58,BEST ACC:88.49
2026-05-16 11:37:22 [INFO] Epoch: 61 [12800/50000 (26%)]	 Training Loss: 0.170 ACC: 87.73 CR: 0.46 Avg R1: 4.51 Avg R2: 1.50 Avg Reward: 6.015040
2026-05-16 11:37:28 [INFO] Epoch: 61 [25600/50000 (51%)]	 Training Loss: 0.173 ACC: 87.50 CR: 0.46 Avg R1: 4.51 Avg R2: 1.50 Avg Reward: 6.013917
2026-05-16 11:37:35 [INFO] Epoch: 61 [38400/50000 (77%)]	 Training Loss: 0.175 ACC: 87.26 CR: 0.46 Avg R1: 4.52 Avg R2: 1.50 Avg Reward: 6.017499
2026-05-16 11:37:41 [INFO] EPOCH:61, ======================CR:0.45174====================
2026-05-16 11:37:41 [INFO] 0.005653105719062117
2026-05-16 11:37:42 [INFO] EPOCH:61, ======================ACC:86.66====================
2026-05-16 11:37:42 [INFO] BEST EPOCH:58,BEST ACC:88.49
2026-05-16 11:37:49 [INFO] Epoch: 62 [12800/50000 (26%)]	 Training Loss: 0.175 ACC: 86.65 CR: 0.44 Avg R1: 4.60 Avg R2: 1.48 Avg Reward: 6.085422
2026-05-16 11:37:56 [INFO] Epoch: 62 [25600/50000 (51%)]	 Training Loss: 0.172 ACC: 87.28 CR: 0.44 Avg R1: 4.63 Avg R2: 1.48 Avg Reward: 6.107087
2026-05-16 11:38:02 [INFO] Epoch: 62 [38400/50000 (77%)]	 Training Loss: 0.172 ACC: 87.30 CR: 0.43 Avg R1: 4.65 Avg R2: 1.47 Avg Reward: 6.125114
2026-05-16 11:38:08 [INFO] EPOCH:62, ======================CR:0.42998====================
2026-05-16 11:38:08 [INFO] 0.008982081595849373
2026-05-16 11:38:10 [INFO] EPOCH:62, ======================ACC:89.42====================
2026-05-16 11:38:10 [INFO] BEST EPOCH:62,BEST ACC:89.42
2026-05-16 11:38:17 [INFO] Epoch: 63 [12800/50000 (26%)]	 Training Loss: 0.168 ACC: 87.48 CR: 0.43 Avg R1: 4.74 Avg R2: 1.44 Avg Reward: 6.187278
2026-05-16 11:38:24 [INFO] Epoch: 63 [25600/50000 (51%)]	 Training Loss: 0.168 ACC: 87.49 CR: 0.43 Avg R1: 4.74 Avg R2: 1.44 Avg Reward: 6.184570
2026-05-16 11:38:30 [INFO] Epoch: 63 [38400/50000 (77%)]	 Training Loss: 0.167 ACC: 87.64 CR: 0.43 Avg R1: 4.74 Avg R2: 1.44 Avg Reward: 6.182936
2026-05-16 11:38:36 [INFO] EPOCH:63, ======================CR:0.43134====================
2026-05-16 11:38:36 [INFO] -0.009913674659151824
2026-05-16 11:38:38 [INFO] EPOCH:63, ======================ACC:88.38====================
2026-05-16 11:38:38 [INFO] BEST EPOCH:62,BEST ACC:89.42
2026-05-16 11:38:44 [INFO] Epoch: 64 [12800/50000 (26%)]	 Training Loss: 0.173 ACC: 86.84 CR: 0.43 Avg R1: 4.75 Avg R2: 1.44 Avg Reward: 6.184105
2026-05-16 11:38:51 [INFO] Epoch: 64 [25600/50000 (51%)]	 Training Loss: 0.167 ACC: 87.30 CR: 0.43 Avg R1: 4.75 Avg R2: 1.44 Avg Reward: 6.189867
2026-05-16 11:38:58 [INFO] Epoch: 64 [38400/50000 (77%)]	 Training Loss: 0.164 ACC: 87.47 CR: 0.43 Avg R1: 4.76 Avg R2: 1.43 Avg Reward: 6.196623
2026-05-16 11:39:03 [INFO] EPOCH:64, ======================CR:0.41902====================
2026-05-16 11:39:03 [INFO] -0.016616310167809716
2026-05-16 11:39:05 [INFO] EPOCH:64, ======================ACC:87.96====================
2026-05-16 11:39:05 [INFO] BEST EPOCH:62,BEST ACC:89.42
2026-05-16 11:39:12 [INFO] Epoch: 65 [12800/50000 (26%)]	 Training Loss: 0.153 ACC: 88.21 CR: 0.41 Avg R1: 4.86 Avg R2: 1.41 Avg Reward: 6.272049
2026-05-16 11:39:19 [INFO] Epoch: 65 [25600/50000 (51%)]	 Training Loss: 0.151 ACC: 88.20 CR: 0.41 Avg R1: 4.88 Avg R2: 1.41 Avg Reward: 6.286445
2026-05-16 11:39:25 [INFO] Epoch: 65 [38400/50000 (77%)]	 Training Loss: 0.152 ACC: 88.12 CR: 0.40 Avg R1: 4.90 Avg R2: 1.40 Avg Reward: 6.304971
2026-05-16 11:39:31 [INFO] EPOCH:65, ======================CR:0.40098====================
2026-05-16 11:39:31 [INFO] -0.004397103374501945
2026-05-16 11:39:33 [INFO] EPOCH:65, ======================ACC:88.26====================
2026-05-16 11:39:33 [INFO] BEST EPOCH:62,BEST ACC:89.42
2026-05-16 11:39:33 [INFO] Saving Masks: current CR 0.4010 target CR 0.4000
2026-05-16 11:39:33 [INFO] Updated candidate mask pretrained-rescale_mask_best-acc_40_05161107_resnet18 at epoch 65 with acc 88.2600
2026-05-16 11:39:40 [INFO] Epoch: 66 [12800/50000 (26%)]	 Training Loss: 0.154 ACC: 88.20 CR: 0.40 Avg R1: 4.98 Avg R2: 1.38 Avg Reward: 6.361296
2026-05-16 11:39:47 [INFO] Epoch: 66 [25600/50000 (51%)]	 Training Loss: 0.159 ACC: 87.79 CR: 0.40 Avg R1: 4.98 Avg R2: 1.38 Avg Reward: 6.354754
2026-05-16 11:39:53 [INFO] Epoch: 66 [38400/50000 (77%)]	 Training Loss: 0.156 ACC: 87.91 CR: 0.40 Avg R1: 4.98 Avg R2: 1.38 Avg Reward: 6.354235
2026-05-16 11:39:59 [INFO] EPOCH:66, ======================CR:0.39652====================
2026-05-16 11:39:59 [INFO] 0.0026353480900180638
2026-05-16 11:40:01 [INFO] EPOCH:66, ======================ACC:85.93====================
2026-05-16 11:40:01 [INFO] BEST EPOCH:65,BEST ACC:89.42
2026-05-16 11:40:01 [INFO] Saving Masks: current CR 0.3965 target CR 0.4000
2026-05-16 11:40:08 [INFO] Epoch: 67 [12800/50000 (26%)]	 Training Loss: 0.150 ACC: 88.05 CR: 0.39 Avg R1: 4.93 Avg R2: 1.35 Avg Reward: 6.277729
2026-05-16 11:40:14 [INFO] Epoch: 67 [25600/50000 (51%)]	 Training Loss: 0.150 ACC: 88.14 CR: 0.39 Avg R1: 4.90 Avg R2: 1.35 Avg Reward: 6.245815
2026-05-16 11:40:21 [INFO] Epoch: 67 [38400/50000 (77%)]	 Training Loss: 0.154 ACC: 87.97 CR: 0.40 Avg R1: 4.90 Avg R2: 1.34 Avg Reward: 6.241568
2026-05-16 11:40:27 [INFO] EPOCH:67, ======================CR:0.40428====================
2026-05-16 11:40:27 [INFO] -0.003501603052579029
2026-05-16 11:40:28 [INFO] EPOCH:67, ======================ACC:85.09====================
2026-05-16 11:40:28 [INFO] BEST EPOCH:65,BEST ACC:89.42
2026-05-16 11:40:28 [INFO] Saving Masks: current CR 0.4043 target CR 0.4000
2026-05-16 11:40:35 [INFO] Epoch: 68 [12800/50000 (26%)]	 Training Loss: 0.172 ACC: 87.31 CR: 0.41 Avg R1: 4.95 Avg R2: 1.39 Avg Reward: 6.332162
2026-05-16 11:40:42 [INFO] Epoch: 68 [25600/50000 (51%)]	 Training Loss: 0.169 ACC: 87.48 CR: 0.42 Avg R1: 4.92 Avg R2: 1.39 Avg Reward: 6.311358
2026-05-16 11:40:48 [INFO] Epoch: 68 [38400/50000 (77%)]	 Training Loss: 0.168 ACC: 87.48 CR: 0.42 Avg R1: 4.90 Avg R2: 1.40 Avg Reward: 6.297148
2026-05-16 11:40:54 [INFO] EPOCH:68, ======================CR:0.42604====================
2026-05-16 11:40:54 [INFO] 0.011048551938325844
2026-05-16 11:40:56 [INFO] EPOCH:68, ======================ACC:85.15====================
2026-05-16 11:40:56 [INFO] BEST EPOCH:65,BEST ACC:89.42
2026-05-16 11:41:03 [INFO] Epoch: 69 [12800/50000 (26%)]	 Training Loss: 0.163 ACC: 88.16 CR: 0.43 Avg R1: 4.78 Avg R2: 1.44 Avg Reward: 6.215033
2026-05-16 11:41:09 [INFO] Epoch: 69 [25600/50000 (51%)]	 Training Loss: 0.161 ACC: 88.28 CR: 0.43 Avg R1: 4.77 Avg R2: 1.44 Avg Reward: 6.205456
2026-05-16 11:41:16 [INFO] Epoch: 69 [38400/50000 (77%)]	 Training Loss: 0.164 ACC: 87.91 CR: 0.43 Avg R1: 4.75 Avg R2: 1.44 Avg Reward: 6.194393
2026-05-16 11:41:22 [INFO] EPOCH:69, ======================CR:0.43814====================
2026-05-16 11:41:22 [INFO] 0.0044301615702210416
2026-05-16 11:41:24 [INFO] EPOCH:69, ======================ACC:84.55====================
2026-05-16 11:41:24 [INFO] BEST EPOCH:65,BEST ACC:89.42
2026-05-16 11:41:31 [INFO] Epoch: 70 [12800/50000 (26%)]	 Training Loss: 0.170 ACC: 87.48 CR: 0.44 Avg R1: 4.69 Avg R2: 1.45 Avg Reward: 6.137582
2026-05-16 11:41:37 [INFO] Epoch: 70 [25600/50000 (51%)]	 Training Loss: 0.164 ACC: 87.80 CR: 0.44 Avg R1: 4.70 Avg R2: 1.44 Avg Reward: 6.140374
2026-05-16 11:41:44 [INFO] Epoch: 70 [38400/50000 (77%)]	 Training Loss: 0.165 ACC: 87.66 CR: 0.43 Avg R1: 4.70 Avg R2: 1.44 Avg Reward: 6.145040
2026-05-16 11:41:50 [INFO] EPOCH:70, ======================CR:0.43098====================
2026-05-16 11:41:50 [INFO] 0.013410038011827803
2026-05-16 11:41:52 [INFO] EPOCH:70, ======================ACC:87.84====================
2026-05-16 11:41:52 [INFO] BEST EPOCH:65,BEST ACC:89.42
2026-05-16 11:41:58 [INFO] Epoch: 71 [12800/50000 (26%)]	 Training Loss: 0.165 ACC: 87.91 CR: 0.43 Avg R1: 4.73 Avg R2: 1.43 Avg Reward: 6.154636
2026-05-16 11:42:05 [INFO] Epoch: 71 [25600/50000 (51%)]	 Training Loss: 0.164 ACC: 87.86 CR: 0.44 Avg R1: 4.72 Avg R2: 1.43 Avg Reward: 6.144512
2026-05-16 11:42:11 [INFO] Epoch: 71 [38400/50000 (77%)]	 Training Loss: 0.163 ACC: 87.91 CR: 0.43 Avg R1: 4.71 Avg R2: 1.43 Avg Reward: 6.140939
2026-05-16 11:42:17 [INFO] EPOCH:71, ======================CR:0.43446====================
2026-05-16 11:42:17 [INFO] -0.0045971073680932785
2026-05-16 11:42:19 [INFO] EPOCH:71, ======================ACC:88.16====================
2026-05-16 11:42:19 [INFO] BEST EPOCH:65,BEST ACC:89.42
2026-05-16 11:42:26 [INFO] Epoch: 72 [12800/50000 (26%)]	 Training Loss: 0.161 ACC: 87.37 CR: 0.43 Avg R1: 4.72 Avg R2: 1.43 Avg Reward: 6.149809
2026-05-16 11:42:32 [INFO] Epoch: 72 [25600/50000 (51%)]	 Training Loss: 0.162 ACC: 87.77 CR: 0.43 Avg R1: 4.72 Avg R2: 1.43 Avg Reward: 6.151294
2026-05-16 11:42:39 [INFO] Epoch: 72 [38400/50000 (77%)]	 Training Loss: 0.163 ACC: 87.83 CR: 0.43 Avg R1: 4.73 Avg R2: 1.43 Avg Reward: 6.158035
2026-05-16 11:42:45 [INFO] EPOCH:72, ======================CR:0.42724====================
2026-05-16 11:42:45 [INFO] 0.0005548902199176695
2026-05-16 11:42:47 [INFO] EPOCH:72, ======================ACC:88.37====================
2026-05-16 11:42:47 [INFO] BEST EPOCH:65,BEST ACC:89.42
2026-05-16 11:42:53 [INFO] Epoch: 73 [12800/50000 (26%)]	 Training Loss: 0.164 ACC: 87.96 CR: 0.43 Avg R1: 4.77 Avg R2: 1.44 Avg Reward: 6.212305
2026-05-16 11:43:00 [INFO] Epoch: 73 [25600/50000 (51%)]	 Training Loss: 0.158 ACC: 88.29 CR: 0.43 Avg R1: 4.77 Avg R2: 1.44 Avg Reward: 6.211110
2026-05-16 11:43:07 [INFO] Epoch: 73 [38400/50000 (77%)]	 Training Loss: 0.156 ACC: 88.37 CR: 0.43 Avg R1: 4.77 Avg R2: 1.44 Avg Reward: 6.209006
2026-05-16 11:43:13 [INFO] EPOCH:73, ======================CR:0.42788====================
2026-05-16 11:43:13 [INFO] 0.013586320080085883
2026-05-16 11:43:14 [INFO] EPOCH:73, ======================ACC:89.41====================
2026-05-16 11:43:14 [INFO] BEST EPOCH:65,BEST ACC:89.42
2026-05-16 11:43:21 [INFO] Epoch: 74 [12800/50000 (26%)]	 Training Loss: 0.154 ACC: 88.48 CR: 0.42 Avg R1: 4.79 Avg R2: 1.42 Avg Reward: 6.201736
2026-05-16 11:43:28 [INFO] Epoch: 74 [25600/50000 (51%)]	 Training Loss: 0.152 ACC: 88.58 CR: 0.42 Avg R1: 4.81 Avg R2: 1.41 Avg Reward: 6.217320
2026-05-16 11:43:35 [INFO] Epoch: 74 [38400/50000 (77%)]	 Training Loss: 0.150 ACC: 88.68 CR: 0.41 Avg R1: 4.83 Avg R2: 1.41 Avg Reward: 6.235964
2026-05-16 11:43:41 [INFO] EPOCH:74, ======================CR:0.40682====================
2026-05-16 11:43:41 [INFO] 0.018086909115269462
2026-05-16 11:43:42 [INFO] EPOCH:74, ======================ACC:84.36====================
2026-05-16 11:43:42 [INFO] BEST EPOCH:65,BEST ACC:89.42
2026-05-16 11:43:42 [INFO] Saving Masks: current CR 0.4068 target CR 0.4000
2026-05-16 11:43:49 [INFO] Epoch: 75 [12800/50000 (26%)]	 Training Loss: 0.149 ACC: 88.18 CR: 0.40 Avg R1: 4.96 Avg R2: 1.37 Avg Reward: 6.328734
2026-05-16 11:43:56 [INFO] Epoch: 75 [25600/50000 (51%)]	 Training Loss: 0.146 ACC: 88.54 CR: 0.40 Avg R1: 4.96 Avg R2: 1.37 Avg Reward: 6.333011
2026-05-16 11:44:03 [INFO] Epoch: 75 [38400/50000 (77%)]	 Training Loss: 0.146 ACC: 88.57 CR: 0.41 Avg R1: 4.97 Avg R2: 1.37 Avg Reward: 6.334503
2026-05-16 11:44:09 [INFO] EPOCH:75, ======================CR:0.40858====================
2026-05-16 11:44:09 [INFO] 0.017402744725455145
2026-05-16 11:44:11 [INFO] EPOCH:75, ======================ACC:88.88====================
2026-05-16 11:44:11 [INFO] BEST EPOCH:65,BEST ACC:89.42
2026-05-16 11:44:11 [INFO] Saving Masks: current CR 0.4086 target CR 0.4000
2026-05-16 11:44:11 [INFO] Updated candidate mask pretrained-rescale_mask_best-acc_40_05161107_resnet18 at epoch 75 with acc 88.8800
2026-05-16 11:44:17 [INFO] Epoch: 76 [12800/50000 (26%)]	 Training Loss: 0.143 ACC: 88.71 CR: 0.40 Avg R1: 4.94 Avg R2: 1.37 Avg Reward: 6.311727
2026-05-16 11:44:24 [INFO] Epoch: 76 [25600/50000 (51%)]	 Training Loss: 0.138 ACC: 88.94 CR: 0.39 Avg R1: 4.94 Avg R2: 1.36 Avg Reward: 6.304273
2026-05-16 11:44:30 [INFO] Epoch: 76 [38400/50000 (77%)]	 Training Loss: 0.137 ACC: 88.95 CR: 0.37 Avg R1: 4.88 Avg R2: 1.35 Avg Reward: 6.231692
2026-05-16 11:44:36 [INFO] EPOCH:76, ======================CR:0.36678====================
2026-05-16 11:44:36 [INFO] 0.019806253821186
2026-05-16 11:44:38 [INFO] EPOCH:76, ======================ACC:87.45====================
2026-05-16 11:44:38 [INFO] BEST EPOCH:75,BEST ACC:89.42
2026-05-16 11:44:44 [INFO] Epoch: 77 [12800/50000 (26%)]	 Training Loss: 0.136 ACC: 88.96 CR: 0.37 Avg R1: 4.60 Avg R2: 1.29 Avg Reward: 5.889984
2026-05-16 11:44:51 [INFO] Epoch: 77 [25600/50000 (51%)]	 Training Loss: 0.139 ACC: 88.55 CR: 0.36 Avg R1: 4.58 Avg R2: 1.29 Avg Reward: 5.874806
2026-05-16 11:44:58 [INFO] Epoch: 77 [38400/50000 (77%)]	 Training Loss: 0.141 ACC: 88.57 CR: 0.37 Avg R1: 4.58 Avg R2: 1.29 Avg Reward: 5.872090
2026-05-16 11:45:04 [INFO] EPOCH:77, ======================CR:0.37796====================
2026-05-16 11:45:04 [INFO] 0.015289095758823947
2026-05-16 11:45:05 [INFO] EPOCH:77, ======================ACC:88.95====================
2026-05-16 11:45:05 [INFO] BEST EPOCH:75,BEST ACC:89.42
2026-05-16 11:45:12 [INFO] Epoch: 78 [12800/50000 (26%)]	 Training Loss: 0.158 ACC: 88.20 CR: 0.39 Avg R1: 4.79 Avg R2: 1.32 Avg Reward: 6.111808
2026-05-16 11:45:19 [INFO] Epoch: 78 [25600/50000 (51%)]	 Training Loss: 0.152 ACC: 88.64 CR: 0.40 Avg R1: 4.87 Avg R2: 1.33 Avg Reward: 6.193763
2026-05-16 11:45:26 [INFO] Epoch: 78 [38400/50000 (77%)]	 Training Loss: 0.152 ACC: 88.65 CR: 0.41 Avg R1: 4.89 Avg R2: 1.34 Avg Reward: 6.226692
2026-05-16 11:45:32 [INFO] EPOCH:78, ======================CR:0.4241====================
2026-05-16 11:45:32 [INFO] 0.011806503053116608
2026-05-16 11:45:33 [INFO] EPOCH:78, ======================ACC:90.13====================
2026-05-16 11:45:33 [INFO] BEST EPOCH:78,BEST ACC:90.13
2026-05-16 11:45:40 [INFO] Epoch: 79 [12800/50000 (26%)]	 Training Loss: 0.148 ACC: 88.59 CR: 0.42 Avg R1: 4.80 Avg R2: 1.40 Avg Reward: 6.199727
2026-05-16 11:45:46 [INFO] Epoch: 79 [25600/50000 (51%)]	 Training Loss: 0.143 ACC: 88.74 CR: 0.42 Avg R1: 4.82 Avg R2: 1.39 Avg Reward: 6.209513
2026-05-16 11:45:53 [INFO] Epoch: 79 [38400/50000 (77%)]	 Training Loss: 0.143 ACC: 88.81 CR: 0.41 Avg R1: 4.84 Avg R2: 1.39 Avg Reward: 6.227166
2026-05-16 11:45:59 [INFO] EPOCH:79, ======================CR:0.40124====================
2026-05-16 11:45:59 [INFO] 0.003179903282241764
2026-05-16 11:46:01 [INFO] EPOCH:79, ======================ACC:89.0====================
2026-05-16 11:46:01 [INFO] BEST EPOCH:78,BEST ACC:90.13
2026-05-16 11:46:01 [INFO] Saving Masks: current CR 0.4012 target CR 0.4000
2026-05-16 11:46:01 [INFO] Updated candidate mask pretrained-rescale_mask_best-acc_40_05161107_resnet18 at epoch 79 with acc 89.0000
2026-05-16 11:46:07 [INFO] Epoch: 80 [12800/50000 (26%)]	 Training Loss: 0.143 ACC: 89.15 CR: 0.40 Avg R1: 4.99 Avg R2: 1.35 Avg Reward: 6.339395
2026-05-16 11:46:14 [INFO] Epoch: 80 [25600/50000 (51%)]	 Training Loss: 0.145 ACC: 89.19 CR: 0.41 Avg R1: 4.97 Avg R2: 1.36 Avg Reward: 6.327061
2026-05-16 11:46:20 [INFO] Epoch: 80 [38400/50000 (77%)]	 Training Loss: 0.147 ACC: 88.95 CR: 0.42 Avg R1: 4.94 Avg R2: 1.36 Avg Reward: 6.307853
2026-05-16 11:46:26 [INFO] EPOCH:80, ======================CR:0.42424====================
2026-05-16 11:46:26 [INFO] 0.003585379797798859
2026-05-16 11:46:28 [INFO] EPOCH:80, ======================ACC:86.77====================
2026-05-16 11:46:28 [INFO] BEST EPOCH:79,BEST ACC:90.13
2026-05-16 11:46:35 [INFO] Epoch: 81 [12800/50000 (26%)]	 Training Loss: 0.144 ACC: 89.13 CR: 0.42 Avg R1: 4.80 Avg R2: 1.40 Avg Reward: 6.194515
2026-05-16 11:46:42 [INFO] Epoch: 81 [25600/50000 (51%)]	 Training Loss: 0.145 ACC: 89.05 CR: 0.42 Avg R1: 4.80 Avg R2: 1.40 Avg Reward: 6.195849
2026-05-16 11:46:48 [INFO] Epoch: 81 [38400/50000 (77%)]	 Training Loss: 0.145 ACC: 88.92 CR: 0.42 Avg R1: 4.81 Avg R2: 1.39 Avg Reward: 6.203436
2026-05-16 11:46:54 [INFO] EPOCH:81, ======================CR:0.40686====================
2026-05-16 11:46:54 [INFO] -0.00037109419715543535
2026-05-16 11:46:56 [INFO] EPOCH:81, ======================ACC:89.14====================
2026-05-16 11:46:56 [INFO] BEST EPOCH:79,BEST ACC:90.13
2026-05-16 11:46:56 [INFO] Saving Masks: current CR 0.4069 target CR 0.4000
2026-05-16 11:46:56 [INFO] Updated candidate mask pretrained-rescale_mask_best-acc_40_05161107_resnet18 at epoch 81 with acc 89.1400
2026-05-16 11:47:02 [INFO] Epoch: 82 [12800/50000 (26%)]	 Training Loss: 0.142 ACC: 88.53 CR: 0.40 Avg R1: 4.95 Avg R2: 1.35 Avg Reward: 6.298542
2026-05-16 11:47:09 [INFO] Epoch: 82 [25600/50000 (51%)]	 Training Loss: 0.139 ACC: 88.93 CR: 0.40 Avg R1: 4.97 Avg R2: 1.34 Avg Reward: 6.308648
2026-05-16 11:47:15 [INFO] Epoch: 82 [38400/50000 (77%)]	 Training Loss: 0.140 ACC: 88.91 CR: 0.40 Avg R1: 4.96 Avg R2: 1.34 Avg Reward: 6.303454
2026-05-16 11:47:21 [INFO] EPOCH:82, ======================CR:0.39572====================
2026-05-16 11:47:21 [INFO] 0.004058983371680127
2026-05-16 11:47:23 [INFO] EPOCH:82, ======================ACC:90.11====================
2026-05-16 11:47:23 [INFO] BEST EPOCH:81,BEST ACC:90.13
2026-05-16 11:47:23 [INFO] Saving Masks: current CR 0.3957 target CR 0.4000
2026-05-16 11:47:23 [INFO] Updated candidate mask pretrained-rescale_mask_best-acc_40_05161107_resnet18 at epoch 82 with acc 90.1100
2026-05-16 11:47:29 [INFO] Epoch: 83 [12800/50000 (26%)]	 Training Loss: 0.150 ACC: 88.78 CR: 0.40 Avg R1: 4.98 Avg R2: 1.34 Avg Reward: 6.323051
2026-05-16 11:47:36 [INFO] Epoch: 83 [25600/50000 (51%)]	 Training Loss: 0.149 ACC: 88.78 CR: 0.41 Avg R1: 4.97 Avg R2: 1.35 Avg Reward: 6.318888
2026-05-16 11:47:43 [INFO] Epoch: 83 [38400/50000 (77%)]	 Training Loss: 0.151 ACC: 88.76 CR: 0.42 Avg R1: 4.94 Avg R2: 1.36 Avg Reward: 6.298141
2026-05-16 11:47:49 [INFO] EPOCH:83, ======================CR:0.42998====================
2026-05-16 11:47:49 [INFO] 0.012654019165039132
2026-05-16 11:47:51 [INFO] EPOCH:83, ======================ACC:86.79====================
2026-05-16 11:47:51 [INFO] BEST EPOCH:82,BEST ACC:90.13
2026-05-16 11:47:57 [INFO] Epoch: 84 [12800/50000 (26%)]	 Training Loss: 0.145 ACC: 89.45 CR: 0.43 Avg R1: 4.75 Avg R2: 1.41 Avg Reward: 6.159580
2026-05-16 11:48:04 [INFO] Epoch: 84 [25600/50000 (51%)]	 Training Loss: 0.143 ACC: 89.51 CR: 0.43 Avg R1: 4.75 Avg R2: 1.41 Avg Reward: 6.156711
2026-05-16 11:48:10 [INFO] Epoch: 84 [38400/50000 (77%)]	 Training Loss: 0.145 ACC: 89.32 CR: 0.43 Avg R1: 4.74 Avg R2: 1.41 Avg Reward: 6.153558
2026-05-16 11:48:16 [INFO] EPOCH:84, ======================CR:0.43348====================
2026-05-16 11:48:16 [INFO] 0.011679389123493889
2026-05-16 11:48:18 [INFO] EPOCH:84, ======================ACC:87.71====================
2026-05-16 11:48:18 [INFO] BEST EPOCH:82,BEST ACC:90.13
2026-05-16 11:48:25 [INFO] Epoch: 85 [12800/50000 (26%)]	 Training Loss: 0.150 ACC: 88.97 CR: 0.43 Avg R1: 4.74 Avg R2: 1.40 Avg Reward: 6.141811
2026-05-16 11:48:31 [INFO] Epoch: 85 [25600/50000 (51%)]	 Training Loss: 0.147 ACC: 88.94 CR: 0.43 Avg R1: 4.75 Avg R2: 1.40 Avg Reward: 6.149149
2026-05-16 11:48:38 [INFO] Epoch: 85 [38400/50000 (77%)]	 Training Loss: 0.146 ACC: 89.05 CR: 0.42 Avg R1: 4.76 Avg R2: 1.40 Avg Reward: 6.158027
2026-05-16 11:48:44 [INFO] EPOCH:85, ======================CR:0.41322====================
2026-05-16 11:48:44 [INFO] 0.0027616860919399146
2026-05-16 11:48:45 [INFO] EPOCH:85, ======================ACC:86.99====================
2026-05-16 11:48:45 [INFO] BEST EPOCH:82,BEST ACC:90.13
2026-05-16 11:48:52 [INFO] Epoch: 86 [12800/50000 (26%)]	 Training Loss: 0.143 ACC: 89.02 CR: 0.41 Avg R1: 4.89 Avg R2: 1.37 Avg Reward: 6.253490
2026-05-16 11:48:58 [INFO] Epoch: 86 [25600/50000 (51%)]	 Training Loss: 0.141 ACC: 89.17 CR: 0.41 Avg R1: 4.90 Avg R2: 1.37 Avg Reward: 6.261262
2026-05-16 11:49:05 [INFO] Epoch: 86 [38400/50000 (77%)]	 Training Loss: 0.137 ACC: 89.35 CR: 0.40 Avg R1: 4.91 Avg R2: 1.36 Avg Reward: 6.271155
2026-05-16 11:49:11 [INFO] EPOCH:86, ======================CR:0.39744====================
2026-05-16 11:49:11 [INFO] -0.0014068082592630588
2026-05-16 11:49:13 [INFO] EPOCH:86, ======================ACC:89.18====================
2026-05-16 11:49:13 [INFO] BEST EPOCH:82,BEST ACC:90.13
2026-05-16 11:49:13 [INFO] Saving Masks: current CR 0.3974 target CR 0.4000
2026-05-16 11:49:20 [INFO] Epoch: 87 [12800/50000 (26%)]	 Training Loss: 0.132 ACC: 88.92 CR: 0.39 Avg R1: 4.92 Avg R2: 1.32 Avg Reward: 6.239227
2026-05-16 11:49:26 [INFO] Epoch: 87 [25600/50000 (51%)]	 Training Loss: 0.132 ACC: 88.99 CR: 0.38 Avg R1: 4.86 Avg R2: 1.31 Avg Reward: 6.170700
2026-05-16 11:49:33 [INFO] Epoch: 87 [38400/50000 (77%)]	 Training Loss: 0.131 ACC: 89.25 CR: 0.37 Avg R1: 4.80 Avg R2: 1.30 Avg Reward: 6.104027
2026-05-16 11:49:38 [INFO] EPOCH:87, ======================CR:0.36636====================
2026-05-16 11:49:38 [INFO] 0.006626322520593979
2026-05-16 11:49:40 [INFO] EPOCH:87, ======================ACC:88.07====================
2026-05-16 11:49:40 [INFO] BEST EPOCH:82,BEST ACC:90.13
2026-05-16 11:49:47 [INFO] Epoch: 88 [12800/50000 (26%)]	 Training Loss: 0.134 ACC: 89.76 CR: 0.38 Avg R1: 4.63 Avg R2: 1.27 Avg Reward: 5.891642
2026-05-16 11:49:53 [INFO] Epoch: 88 [25600/50000 (51%)]	 Training Loss: 0.143 ACC: 89.28 CR: 0.39 Avg R1: 4.71 Avg R2: 1.28 Avg Reward: 5.993916
2026-05-16 11:50:00 [INFO] Epoch: 88 [38400/50000 (77%)]	 Training Loss: 0.142 ACC: 89.52 CR: 0.41 Avg R1: 4.79 Avg R2: 1.30 Avg Reward: 6.088929
2026-05-16 11:50:06 [INFO] EPOCH:88, ======================CR:0.42576====================
2026-05-16 11:50:06 [INFO] 0.011013604294615934
2026-05-16 11:50:07 [INFO] EPOCH:88, ======================ACC:87.98====================
2026-05-16 11:50:07 [INFO] BEST EPOCH:82,BEST ACC:90.13
2026-05-16 11:50:14 [INFO] Epoch: 89 [12800/50000 (26%)]	 Training Loss: 0.151 ACC: 88.86 CR: 0.43 Avg R1: 4.78 Avg R2: 1.37 Avg Reward: 6.149324
2026-05-16 11:50:21 [INFO] Epoch: 89 [25600/50000 (51%)]	 Training Loss: 0.148 ACC: 89.08 CR: 0.43 Avg R1: 4.77 Avg R2: 1.37 Avg Reward: 6.143603
2026-05-16 11:50:28 [INFO] Epoch: 89 [38400/50000 (77%)]	 Training Loss: 0.145 ACC: 89.24 CR: 0.43 Avg R1: 4.77 Avg R2: 1.38 Avg Reward: 6.142779
2026-05-16 11:50:34 [INFO] EPOCH:89, ======================CR:0.42674====================
2026-05-16 11:50:34 [INFO] 0.006251790281314968
2026-05-16 11:50:35 [INFO] EPOCH:89, ======================ACC:89.17====================
2026-05-16 11:50:35 [INFO] BEST EPOCH:82,BEST ACC:90.13
2026-05-16 11:50:42 [INFO] Epoch: 90 [12800/50000 (26%)]	 Training Loss: 0.137 ACC: 89.46 CR: 0.42 Avg R1: 4.80 Avg R2: 1.38 Avg Reward: 6.186848
2026-05-16 11:50:48 [INFO] Epoch: 90 [25600/50000 (51%)]	 Training Loss: 0.129 ACC: 89.95 CR: 0.41 Avg R1: 4.84 Avg R2: 1.38 Avg Reward: 6.215258
2026-05-16 11:50:55 [INFO] Epoch: 90 [38400/50000 (77%)]	 Training Loss: 0.128 ACC: 89.92 CR: 0.40 Avg R1: 4.87 Avg R2: 1.37 Avg Reward: 6.243608
2026-05-16 11:51:01 [INFO] EPOCH:90, ======================CR:0.38752====================
2026-05-16 11:51:01 [INFO] 0.009659866996830472
2026-05-16 11:51:03 [INFO] EPOCH:90, ======================ACC:89.32====================
2026-05-16 11:51:03 [INFO] BEST EPOCH:82,BEST ACC:90.13
2026-05-16 11:51:09 [INFO] Epoch: 91 [12800/50000 (26%)]	 Training Loss: 0.132 ACC: 89.29 CR: 0.39 Avg R1: 4.83 Avg R2: 1.30 Avg Reward: 6.124447
2026-05-16 11:51:16 [INFO] Epoch: 91 [25600/50000 (51%)]	 Training Loss: 0.130 ACC: 89.70 CR: 0.39 Avg R1: 4.82 Avg R2: 1.30 Avg Reward: 6.122207
2026-05-16 11:51:23 [INFO] Epoch: 91 [38400/50000 (77%)]	 Training Loss: 0.131 ACC: 89.65 CR: 0.39 Avg R1: 4.83 Avg R2: 1.30 Avg Reward: 6.134405
2026-05-16 11:51:29 [INFO] EPOCH:91, ======================CR:0.3929====================
2026-05-16 11:51:29 [INFO] 0.00017351428830522954
2026-05-16 11:51:30 [INFO] EPOCH:91, ======================ACC:90.24====================
2026-05-16 11:51:30 [INFO] BEST EPOCH:91,BEST ACC:90.24
2026-05-16 11:51:30 [INFO] Saving Masks: current CR 0.3929 target CR 0.4000
2026-05-16 11:51:30 [INFO] Updated candidate mask pretrained-rescale_mask_best-acc_40_05161107_resnet18 at epoch 91 with acc 90.2400
2026-05-16 11:51:37 [INFO] Epoch: 92 [12800/50000 (26%)]	 Training Loss: 0.123 ACC: 90.29 CR: 0.39 Avg R1: 4.93 Avg R2: 1.31 Avg Reward: 6.240296
2026-05-16 11:51:44 [INFO] Epoch: 92 [25600/50000 (51%)]	 Training Loss: 0.133 ACC: 89.93 CR: 0.40 Avg R1: 4.94 Avg R2: 1.32 Avg Reward: 6.261077
2026-05-16 11:51:50 [INFO] Epoch: 92 [38400/50000 (77%)]	 Training Loss: 0.134 ACC: 89.86 CR: 0.41 Avg R1: 4.95 Avg R2: 1.32 Avg Reward: 6.272368
2026-05-16 11:51:56 [INFO] EPOCH:92, ======================CR:0.4134====================
2026-05-16 11:51:56 [INFO] 0.01640926321773657
2026-05-16 11:51:58 [INFO] EPOCH:92, ======================ACC:89.75====================
2026-05-16 11:51:58 [INFO] BEST EPOCH:91,BEST ACC:90.24
2026-05-16 11:52:04 [INFO] Epoch: 93 [12800/50000 (26%)]	 Training Loss: 0.129 ACC: 90.09 CR: 0.41 Avg R1: 4.91 Avg R2: 1.35 Avg Reward: 6.263260
2026-05-16 11:52:11 [INFO] Epoch: 93 [25600/50000 (51%)]	 Training Loss: 0.127 ACC: 90.05 CR: 0.40 Avg R1: 4.94 Avg R2: 1.34 Avg Reward: 6.287483
2026-05-16 11:52:17 [INFO] Epoch: 93 [38400/50000 (77%)]	 Training Loss: 0.127 ACC: 89.97 CR: 0.39 Avg R1: 4.94 Avg R2: 1.34 Avg Reward: 6.277460
2026-05-16 11:52:23 [INFO] EPOCH:93, ======================CR:0.38248====================
2026-05-16 11:52:23 [INFO] 0.01980897951338037
2026-05-16 11:52:25 [INFO] EPOCH:93, ======================ACC:87.12====================
2026-05-16 11:52:25 [INFO] BEST EPOCH:91,BEST ACC:90.24
2026-05-16 11:52:32 [INFO] Epoch: 94 [12800/50000 (26%)]	 Training Loss: 0.126 ACC: 89.73 CR: 0.38 Avg R1: 4.76 Avg R2: 1.28 Avg Reward: 6.039045
2026-05-16 11:52:38 [INFO] Epoch: 94 [25600/50000 (51%)]	 Training Loss: 0.123 ACC: 89.93 CR: 0.38 Avg R1: 4.76 Avg R2: 1.28 Avg Reward: 6.039834
2026-05-16 11:52:45 [INFO] Epoch: 94 [38400/50000 (77%)]	 Training Loss: 0.125 ACC: 89.88 CR: 0.39 Avg R1: 4.77 Avg R2: 1.28 Avg Reward: 6.049314
2026-05-16 11:52:51 [INFO] EPOCH:94, ======================CR:0.39074====================
2026-05-16 11:52:51 [INFO] 0.0023051700606778907
2026-05-16 11:52:53 [INFO] EPOCH:94, ======================ACC:87.87====================
2026-05-16 11:52:53 [INFO] BEST EPOCH:91,BEST ACC:90.24
2026-05-16 11:52:53 [INFO] Saving Masks: current CR 0.3907 target CR 0.4000
2026-05-16 11:53:00 [INFO] Epoch: 95 [12800/50000 (26%)]	 Training Loss: 0.132 ACC: 89.81 CR: 0.40 Avg R1: 4.95 Avg R2: 1.31 Avg Reward: 6.260637
2026-05-16 11:53:06 [INFO] Epoch: 95 [25600/50000 (51%)]	 Training Loss: 0.129 ACC: 90.18 CR: 0.41 Avg R1: 4.95 Avg R2: 1.32 Avg Reward: 6.269485
2026-05-16 11:53:13 [INFO] Epoch: 95 [38400/50000 (77%)]	 Training Loss: 0.129 ACC: 90.14 CR: 0.42 Avg R1: 4.93 Avg R2: 1.32 Avg Reward: 6.253009
2026-05-16 11:53:19 [INFO] EPOCH:95, ======================CR:0.4236====================
2026-05-16 11:53:19 [INFO] 0.0012404815642851773
2026-05-16 11:53:20 [INFO] EPOCH:95, ======================ACC:90.54====================
2026-05-16 11:53:20 [INFO] BEST EPOCH:95,BEST ACC:90.54
2026-05-16 11:53:27 [INFO] Epoch: 96 [12800/50000 (26%)]	 Training Loss: 0.130 ACC: 89.94 CR: 0.42 Avg R1: 4.81 Avg R2: 1.37 Avg Reward: 6.180008
2026-05-16 11:53:34 [INFO] Epoch: 96 [25600/50000 (51%)]	 Training Loss: 0.129 ACC: 90.12 CR: 0.42 Avg R1: 4.82 Avg R2: 1.36 Avg Reward: 6.188457
2026-05-16 11:53:40 [INFO] Epoch: 96 [38400/50000 (77%)]	 Training Loss: 0.128 ACC: 90.22 CR: 0.41 Avg R1: 4.84 Avg R2: 1.36 Avg Reward: 6.202633
2026-05-16 11:53:46 [INFO] EPOCH:96, ======================CR:0.40744====================
2026-05-16 11:53:46 [INFO] 0.007738851257306662
2026-05-16 11:53:48 [INFO] EPOCH:96, ======================ACC:88.85====================
2026-05-16 11:53:48 [INFO] BEST EPOCH:95,BEST ACC:90.54
2026-05-16 11:53:48 [INFO] Saving Masks: current CR 0.4074 target CR 0.4000
2026-05-16 11:53:55 [INFO] Epoch: 97 [12800/50000 (26%)]	 Training Loss: 0.121 ACC: 90.66 CR: 0.40 Avg R1: 4.96 Avg R2: 1.33 Avg Reward: 6.287586
2026-05-16 11:54:01 [INFO] Epoch: 97 [25600/50000 (51%)]	 Training Loss: 0.125 ACC: 90.41 CR: 0.40 Avg R1: 4.97 Avg R2: 1.33 Avg Reward: 6.293982
2026-05-16 11:54:08 [INFO] Epoch: 97 [38400/50000 (77%)]	 Training Loss: 0.127 ACC: 90.30 CR: 0.40 Avg R1: 4.97 Avg R2: 1.32 Avg Reward: 6.293011
2026-05-16 11:54:14 [INFO] EPOCH:97, ======================CR:0.40672====================
2026-05-16 11:54:14 [INFO] 0.010392110107030264
2026-05-16 11:54:16 [INFO] EPOCH:97, ======================ACC:90.1====================
2026-05-16 11:54:16 [INFO] BEST EPOCH:95,BEST ACC:90.54
2026-05-16 11:54:16 [INFO] Saving Masks: current CR 0.4067 target CR 0.4000
2026-05-16 11:54:23 [INFO] Epoch: 98 [12800/50000 (26%)]	 Training Loss: 0.119 ACC: 91.01 CR: 0.41 Avg R1: 4.91 Avg R2: 1.33 Avg Reward: 6.247830
2026-05-16 11:54:29 [INFO] Epoch: 98 [25600/50000 (51%)]	 Training Loss: 0.125 ACC: 90.47 CR: 0.42 Avg R1: 4.90 Avg R2: 1.34 Avg Reward: 6.236064
2026-05-16 11:54:36 [INFO] Epoch: 98 [38400/50000 (77%)]	 Training Loss: 0.125 ACC: 90.43 CR: 0.42 Avg R1: 4.89 Avg R2: 1.34 Avg Reward: 6.228253
2026-05-16 11:54:42 [INFO] EPOCH:98, ======================CR:0.42078====================
2026-05-16 11:54:42 [INFO] 0.006349160431748836
2026-05-16 11:54:43 [INFO] EPOCH:98, ======================ACC:90.25====================
2026-05-16 11:54:43 [INFO] BEST EPOCH:95,BEST ACC:90.54
2026-05-16 11:54:50 [INFO] Epoch: 99 [12800/50000 (26%)]	 Training Loss: 0.124 ACC: 90.63 CR: 0.42 Avg R1: 4.82 Avg R2: 1.35 Avg Reward: 6.165518
2026-05-16 11:54:57 [INFO] Epoch: 99 [25600/50000 (51%)]	 Training Loss: 0.124 ACC: 90.57 CR: 0.42 Avg R1: 4.82 Avg R2: 1.35 Avg Reward: 6.161737
2026-05-16 11:55:03 [INFO] Epoch: 99 [38400/50000 (77%)]	 Training Loss: 0.127 ACC: 90.35 CR: 0.42 Avg R1: 4.81 Avg R2: 1.35 Avg Reward: 6.156705
2026-05-16 11:55:09 [INFO] EPOCH:99, ======================CR:0.41912====================
2026-05-16 11:55:09 [INFO] 0.022296901086856166
2026-05-16 11:55:11 [INFO] EPOCH:99, ======================ACC:90.43====================
2026-05-16 11:55:11 [INFO] BEST EPOCH:95,BEST ACC:90.54
2026-05-16 11:55:18 [INFO] Epoch: 100 [12800/50000 (26%)]	 Training Loss: 0.118 ACC: 91.08 CR: 0.41 Avg R1: 4.87 Avg R2: 1.35 Avg Reward: 6.215569
2026-05-16 11:55:25 [INFO] Epoch: 100 [25600/50000 (51%)]	 Training Loss: 0.121 ACC: 90.85 CR: 0.41 Avg R1: 4.89 Avg R2: 1.35 Avg Reward: 6.232910
2026-05-16 11:55:32 [INFO] Epoch: 100 [38400/50000 (77%)]	 Training Loss: 0.122 ACC: 90.68 CR: 0.41 Avg R1: 4.90 Avg R2: 1.34 Avg Reward: 6.245233
2026-05-16 11:55:38 [INFO] EPOCH:100, ======================CR:0.39868====================
2026-05-16 11:55:38 [INFO] 0.014661505634006786
2026-05-16 11:55:39 [INFO] EPOCH:100, ======================ACC:90.46====================
2026-05-16 11:55:39 [INFO] BEST EPOCH:95,BEST ACC:90.54
2026-05-16 11:55:39 [INFO] Saving Masks: current CR 0.3987 target CR 0.4000
2026-05-16 11:55:39 [INFO] Updated candidate mask pretrained-rescale_mask_best-acc_40_05161107_resnet18 at epoch 100 with acc 90.4600
2026-05-16 11:55:46 [INFO] Epoch: 101 [12800/50000 (26%)]	 Training Loss: 0.115 ACC: 90.76 CR: 0.39 Avg R1: 4.94 Avg R2: 1.31 Avg Reward: 6.250602
2026-05-16 11:55:52 [INFO] Epoch: 101 [25600/50000 (51%)]	 Training Loss: 0.117 ACC: 90.75 CR: 0.39 Avg R1: 4.91 Avg R2: 1.30 Avg Reward: 6.217160
2026-05-16 11:55:59 [INFO] Epoch: 101 [38400/50000 (77%)]	 Training Loss: 0.117 ACC: 90.73 CR: 0.39 Avg R1: 4.89 Avg R2: 1.30 Avg Reward: 6.194272
2026-05-16 11:56:05 [INFO] EPOCH:101, ======================CR:0.38582====================
2026-05-16 11:56:05 [INFO] 0.023510611819898733
2026-05-16 11:56:07 [INFO] EPOCH:101, ======================ACC:90.74====================
2026-05-16 11:56:07 [INFO] BEST EPOCH:101,BEST ACC:90.74
2026-05-16 11:56:13 [INFO] Epoch: 102 [12800/50000 (26%)]	 Training Loss: 0.117 ACC: 91.18 CR: 0.40 Avg R1: 4.91 Avg R2: 1.29 Avg Reward: 6.199436
2026-05-16 11:56:20 [INFO] Epoch: 102 [25600/50000 (51%)]	 Training Loss: 0.122 ACC: 90.83 CR: 0.41 Avg R1: 4.93 Avg R2: 1.30 Avg Reward: 6.234213
2026-05-16 11:56:26 [INFO] Epoch: 102 [38400/50000 (77%)]	 Training Loss: 0.125 ACC: 90.58 CR: 0.42 Avg R1: 4.91 Avg R2: 1.31 Avg Reward: 6.223426
2026-05-16 11:56:32 [INFO] EPOCH:102, ======================CR:0.43====================
2026-05-16 11:56:32 [INFO] 0.026669683622220972
2026-05-16 11:56:34 [INFO] EPOCH:102, ======================ACC:90.6====================
2026-05-16 11:56:34 [INFO] BEST EPOCH:101,BEST ACC:90.74
2026-05-16 11:56:41 [INFO] Epoch: 103 [12800/50000 (26%)]	 Training Loss: 0.126 ACC: 90.59 CR: 0.43 Avg R1: 4.75 Avg R2: 1.36 Avg Reward: 6.104859
2026-05-16 11:56:47 [INFO] Epoch: 103 [25600/50000 (51%)]	 Training Loss: 0.124 ACC: 90.85 CR: 0.43 Avg R1: 4.75 Avg R2: 1.36 Avg Reward: 6.107233
2026-05-16 11:56:54 [INFO] Epoch: 103 [38400/50000 (77%)]	 Training Loss: 0.123 ACC: 90.85 CR: 0.43 Avg R1: 4.76 Avg R2: 1.35 Avg Reward: 6.111653
2026-05-16 11:57:00 [INFO] EPOCH:103, ======================CR:0.42036====================
2026-05-16 11:57:00 [INFO] 0.010124814564384675
2026-05-16 11:57:02 [INFO] EPOCH:103, ======================ACC:91.54====================
2026-05-16 11:57:02 [INFO] BEST EPOCH:103,BEST ACC:91.54
2026-05-16 11:57:08 [INFO] Epoch: 104 [12800/50000 (26%)]	 Training Loss: 0.123 ACC: 90.37 CR: 0.42 Avg R1: 4.83 Avg R2: 1.33 Avg Reward: 6.162095
2026-05-16 11:57:15 [INFO] Epoch: 104 [25600/50000 (51%)]	 Training Loss: 0.117 ACC: 91.00 CR: 0.42 Avg R1: 4.84 Avg R2: 1.33 Avg Reward: 6.168318
2026-05-16 11:57:21 [INFO] Epoch: 104 [38400/50000 (77%)]	 Training Loss: 0.116 ACC: 90.91 CR: 0.42 Avg R1: 4.85 Avg R2: 1.33 Avg Reward: 6.176308
2026-05-16 11:57:28 [INFO] EPOCH:104, ======================CR:0.41286====================
2026-05-16 11:57:28 [INFO] 0.013542345326587676
2026-05-16 11:57:29 [INFO] EPOCH:104, ======================ACC:88.48====================
2026-05-16 11:57:29 [INFO] BEST EPOCH:103,BEST ACC:91.54
2026-05-16 11:57:36 [INFO] Epoch: 105 [12800/50000 (26%)]	 Training Loss: 0.122 ACC: 90.74 CR: 0.41 Avg R1: 4.90 Avg R2: 1.32 Avg Reward: 6.216236
2026-05-16 11:57:42 [INFO] Epoch: 105 [25600/50000 (51%)]	 Training Loss: 0.119 ACC: 90.95 CR: 0.41 Avg R1: 4.92 Avg R2: 1.31 Avg Reward: 6.226734
2026-05-16 11:57:49 [INFO] Epoch: 105 [38400/50000 (77%)]	 Training Loss: 0.117 ACC: 90.93 CR: 0.40 Avg R1: 4.93 Avg R2: 1.31 Avg Reward: 6.240538
2026-05-16 11:57:55 [INFO] EPOCH:105, ======================CR:0.3963====================
2026-05-16 11:57:55 [INFO] 0.02469585589895457
2026-05-16 11:57:57 [INFO] EPOCH:105, ======================ACC:91.14====================
2026-05-16 11:57:57 [INFO] BEST EPOCH:103,BEST ACC:91.54
2026-05-16 11:57:57 [INFO] Saving Masks: current CR 0.3963 target CR 0.4000
2026-05-16 11:57:57 [INFO] Updated candidate mask pretrained-rescale_mask_best-acc_40_05161107_resnet18 at epoch 105 with acc 91.1400
2026-05-16 11:58:04 [INFO] Epoch: 106 [12800/50000 (26%)]	 Training Loss: 0.113 ACC: 91.07 CR: 0.40 Avg R1: 4.97 Avg R2: 1.29 Avg Reward: 6.253014
2026-05-16 11:58:11 [INFO] Epoch: 106 [25600/50000 (51%)]	 Training Loss: 0.115 ACC: 91.08 CR: 0.40 Avg R1: 4.98 Avg R2: 1.29 Avg Reward: 6.266330
2026-05-16 11:58:17 [INFO] Epoch: 106 [38400/50000 (77%)]	 Training Loss: 0.115 ACC: 91.05 CR: 0.40 Avg R1: 4.97 Avg R2: 1.29 Avg Reward: 6.267403
2026-05-16 11:58:23 [INFO] EPOCH:106, ======================CR:0.4042====================
2026-05-16 11:58:23 [INFO] 0.022169298614187642
2026-05-16 11:58:25 [INFO] EPOCH:106, ======================ACC:89.17====================
2026-05-16 11:58:25 [INFO] BEST EPOCH:105,BEST ACC:91.54
2026-05-16 11:58:25 [INFO] Saving Masks: current CR 0.4042 target CR 0.4000
2026-05-16 11:58:31 [INFO] Epoch: 107 [12800/50000 (26%)]	 Training Loss: 0.111 ACC: 91.49 CR: 0.40 Avg R1: 4.98 Avg R2: 1.29 Avg Reward: 6.276111
2026-05-16 11:58:38 [INFO] Epoch: 107 [25600/50000 (51%)]	 Training Loss: 0.109 ACC: 91.57 CR: 0.40 Avg R1: 4.99 Avg R2: 1.29 Avg Reward: 6.280751
2026-05-16 11:58:45 [INFO] Epoch: 107 [38400/50000 (77%)]	 Training Loss: 0.113 ACC: 91.31 CR: 0.40 Avg R1: 4.99 Avg R2: 1.29 Avg Reward: 6.277805
2026-05-16 11:58:50 [INFO] EPOCH:107, ======================CR:0.40362====================
2026-05-16 11:58:50 [INFO] 0.027668605856854364
2026-05-16 11:58:52 [INFO] EPOCH:107, ======================ACC:90.81====================
2026-05-16 11:58:52 [INFO] BEST EPOCH:105,BEST ACC:91.54
2026-05-16 11:58:52 [INFO] Saving Masks: current CR 0.4036 target CR 0.4000
2026-05-16 11:58:59 [INFO] Epoch: 108 [12800/50000 (26%)]	 Training Loss: 0.117 ACC: 91.08 CR: 0.41 Avg R1: 4.95 Avg R2: 1.29 Avg Reward: 6.240265
2026-05-16 11:59:05 [INFO] Epoch: 108 [25600/50000 (51%)]	 Training Loss: 0.114 ACC: 91.23 CR: 0.41 Avg R1: 4.94 Avg R2: 1.29 Avg Reward: 6.233178
2026-05-16 11:59:12 [INFO] Epoch: 108 [38400/50000 (77%)]	 Training Loss: 0.111 ACC: 91.28 CR: 0.40 Avg R1: 4.95 Avg R2: 1.29 Avg Reward: 6.236025
2026-05-16 11:59:18 [INFO] EPOCH:108, ======================CR:0.39604====================
2026-05-16 11:59:18 [INFO] 0.017887568706537627
2026-05-16 11:59:20 [INFO] EPOCH:108, ======================ACC:91.01====================
2026-05-16 11:59:20 [INFO] BEST EPOCH:105,BEST ACC:91.54
2026-05-16 11:59:20 [INFO] Saving Masks: current CR 0.3960 target CR 0.4000
2026-05-16 11:59:27 [INFO] Epoch: 109 [12800/50000 (26%)]	 Training Loss: 0.109 ACC: 91.27 CR: 0.39 Avg R1: 4.90 Avg R2: 1.27 Avg Reward: 6.166153
2026-05-16 11:59:33 [INFO] Epoch: 109 [25600/50000 (51%)]	 Training Loss: 0.108 ACC: 91.25 CR: 0.38 Avg R1: 4.86 Avg R2: 1.26 Avg Reward: 6.120582
2026-05-16 11:59:40 [INFO] Epoch: 109 [38400/50000 (77%)]	 Training Loss: 0.108 ACC: 91.25 CR: 0.38 Avg R1: 4.82 Avg R2: 1.26 Avg Reward: 6.084609
2026-05-16 11:59:46 [INFO] EPOCH:109, ======================CR:0.37434====================
2026-05-16 11:59:46 [INFO] 0.011509484833238586
2026-05-16 11:59:48 [INFO] EPOCH:109, ======================ACC:90.15====================
2026-05-16 11:59:48 [INFO] BEST EPOCH:105,BEST ACC:91.54
2026-05-16 11:59:54 [INFO] Epoch: 110 [12800/50000 (26%)]	 Training Loss: 0.110 ACC: 91.35 CR: 0.38 Avg R1: 4.71 Avg R2: 1.24 Avg Reward: 5.945886
2026-05-16 12:00:01 [INFO] Epoch: 110 [25600/50000 (51%)]	 Training Loss: 0.111 ACC: 91.43 CR: 0.38 Avg R1: 4.74 Avg R2: 1.24 Avg Reward: 5.977176
2026-05-16 12:00:08 [INFO] Epoch: 110 [38400/50000 (77%)]	 Training Loss: 0.110 ACC: 91.50 CR: 0.39 Avg R1: 4.76 Avg R2: 1.24 Avg Reward: 6.004944
2026-05-16 12:00:14 [INFO] EPOCH:110, ======================CR:0.39496====================
2026-05-16 12:00:14 [INFO] 0.012862429188189781
2026-05-16 12:00:16 [INFO] EPOCH:110, ======================ACC:91.41====================
2026-05-16 12:00:16 [INFO] BEST EPOCH:105,BEST ACC:91.54
2026-05-16 12:00:16 [INFO] Saving Masks: current CR 0.3950 target CR 0.4000
2026-05-16 12:00:16 [INFO] Updated candidate mask pretrained-rescale_mask_best-acc_40_05161107_resnet18 at epoch 110 with acc 91.4100
2026-05-16 12:00:22 [INFO] Epoch: 111 [12800/50000 (26%)]	 Training Loss: 0.109 ACC: 91.48 CR: 0.40 Avg R1: 4.95 Avg R2: 1.27 Avg Reward: 6.223034
2026-05-16 12:00:29 [INFO] Epoch: 111 [25600/50000 (51%)]	 Training Loss: 0.113 ACC: 91.18 CR: 0.40 Avg R1: 4.96 Avg R2: 1.27 Avg Reward: 6.233993
2026-05-16 12:00:36 [INFO] Epoch: 111 [38400/50000 (77%)]	 Training Loss: 0.114 ACC: 91.10 CR: 0.41 Avg R1: 4.97 Avg R2: 1.28 Avg Reward: 6.241110
2026-05-16 12:00:41 [INFO] EPOCH:111, ======================CR:0.41454====================
2026-05-16 12:00:41 [INFO] 0.00885225254198123
2026-05-16 12:00:43 [INFO] EPOCH:111, ======================ACC:90.37====================
2026-05-16 12:00:43 [INFO] BEST EPOCH:110,BEST ACC:91.54
2026-05-16 12:00:50 [INFO] Epoch: 112 [12800/50000 (26%)]	 Training Loss: 0.111 ACC: 91.59 CR: 0.42 Avg R1: 4.87 Avg R2: 1.30 Avg Reward: 6.170451
2026-05-16 12:00:56 [INFO] Epoch: 112 [25600/50000 (51%)]	 Training Loss: 0.112 ACC: 91.70 CR: 0.42 Avg R1: 4.86 Avg R2: 1.31 Avg Reward: 6.168802
2026-05-16 12:01:03 [INFO] Epoch: 112 [38400/50000 (77%)]	 Training Loss: 0.111 ACC: 91.64 CR: 0.42 Avg R1: 4.86 Avg R2: 1.31 Avg Reward: 6.167258
2026-05-16 12:01:09 [INFO] EPOCH:112, ======================CR:0.4161====================
2026-05-16 12:01:09 [INFO] 0.010229613221954582
2026-05-16 12:01:11 [INFO] EPOCH:112, ======================ACC:90.69====================
2026-05-16 12:01:11 [INFO] BEST EPOCH:110,BEST ACC:91.54
2026-05-16 12:01:17 [INFO] Epoch: 113 [12800/50000 (26%)]	 Training Loss: 0.104 ACC: 91.72 CR: 0.41 Avg R1: 4.89 Avg R2: 1.31 Avg Reward: 6.193638
2026-05-16 12:01:24 [INFO] Epoch: 113 [25600/50000 (51%)]	 Training Loss: 0.105 ACC: 91.72 CR: 0.41 Avg R1: 4.91 Avg R2: 1.30 Avg Reward: 6.209663
2026-05-16 12:01:31 [INFO] Epoch: 113 [38400/50000 (77%)]	 Training Loss: 0.104 ACC: 91.81 CR: 0.40 Avg R1: 4.93 Avg R2: 1.30 Avg Reward: 6.228964
2026-05-16 12:01:37 [INFO] EPOCH:113, ======================CR:0.39532====================
2026-05-16 12:01:37 [INFO] 0.0037453667203241007
2026-05-16 12:01:39 [INFO] EPOCH:113, ======================ACC:91.5====================
2026-05-16 12:01:39 [INFO] BEST EPOCH:110,BEST ACC:91.54
2026-05-16 12:01:39 [INFO] Saving Masks: current CR 0.3953 target CR 0.4000
2026-05-16 12:01:39 [INFO] Updated candidate mask pretrained-rescale_mask_best-acc_40_05161107_resnet18 at epoch 113 with acc 91.5000
2026-05-16 12:01:45 [INFO] Epoch: 114 [12800/50000 (26%)]	 Training Loss: 0.101 ACC: 92.17 CR: 0.40 Avg R1: 4.95 Avg R2: 1.26 Avg Reward: 6.206227
2026-05-16 12:01:52 [INFO] Epoch: 114 [25600/50000 (51%)]	 Training Loss: 0.104 ACC: 91.98 CR: 0.40 Avg R1: 4.96 Avg R2: 1.27 Avg Reward: 6.228396
2026-05-16 12:01:59 [INFO] Epoch: 114 [38400/50000 (77%)]	 Training Loss: 0.104 ACC: 91.93 CR: 0.41 Avg R1: 4.96 Avg R2: 1.27 Avg Reward: 6.231813
2026-05-16 12:02:04 [INFO] EPOCH:114, ======================CR:0.40802====================
2026-05-16 12:02:04 [INFO] 0.009116401433046433
2026-05-16 12:02:06 [INFO] EPOCH:114, ======================ACC:90.05====================
2026-05-16 12:02:06 [INFO] BEST EPOCH:113,BEST ACC:91.54
2026-05-16 12:02:06 [INFO] Saving Masks: current CR 0.4080 target CR 0.4000
2026-05-16 12:02:13 [INFO] Epoch: 115 [12800/50000 (26%)]	 Training Loss: 0.099 ACC: 92.42 CR: 0.41 Avg R1: 4.95 Avg R2: 1.27 Avg Reward: 6.227969
2026-05-16 12:02:19 [INFO] Epoch: 115 [25600/50000 (51%)]	 Training Loss: 0.101 ACC: 92.22 CR: 0.41 Avg R1: 4.95 Avg R2: 1.27 Avg Reward: 6.227257
2026-05-16 12:02:26 [INFO] Epoch: 115 [38400/50000 (77%)]	 Training Loss: 0.104 ACC: 92.00 CR: 0.40 Avg R1: 4.96 Avg R2: 1.27 Avg Reward: 6.233095
2026-05-16 12:02:32 [INFO] EPOCH:115, ======================CR:0.39272====================
2026-05-16 12:02:32 [INFO] 0.009588471326785595
2026-05-16 12:02:34 [INFO] EPOCH:115, ======================ACC:91.29====================
2026-05-16 12:02:34 [INFO] BEST EPOCH:113,BEST ACC:91.54
2026-05-16 12:02:34 [INFO] Saving Masks: current CR 0.3927 target CR 0.4000
2026-05-16 12:02:40 [INFO] Epoch: 116 [12800/50000 (26%)]	 Training Loss: 0.097 ACC: 92.09 CR: 0.39 Avg R1: 4.89 Avg R2: 1.24 Avg Reward: 6.133101
2026-05-16 12:02:47 [INFO] Epoch: 116 [25600/50000 (51%)]	 Training Loss: 0.095 ACC: 92.40 CR: 0.39 Avg R1: 4.86 Avg R2: 1.24 Avg Reward: 6.104267
2026-05-16 12:02:54 [INFO] Epoch: 116 [38400/50000 (77%)]	 Training Loss: 0.097 ACC: 92.25 CR: 0.39 Avg R1: 4.85 Avg R2: 1.24 Avg Reward: 6.083573
2026-05-16 12:03:00 [INFO] EPOCH:116, ======================CR:0.38694====================
2026-05-16 12:03:00 [INFO] 0.01617457353189876
2026-05-16 12:03:02 [INFO] EPOCH:116, ======================ACC:90.93====================
2026-05-16 12:03:02 [INFO] BEST EPOCH:113,BEST ACC:91.54
2026-05-16 12:03:08 [INFO] Epoch: 117 [12800/50000 (26%)]	 Training Loss: 0.098 ACC: 92.41 CR: 0.39 Avg R1: 4.87 Avg R2: 1.24 Avg Reward: 6.111018
2026-05-16 12:03:15 [INFO] Epoch: 117 [25600/50000 (51%)]	 Training Loss: 0.099 ACC: 92.31 CR: 0.40 Avg R1: 4.92 Avg R2: 1.25 Avg Reward: 6.165698
2026-05-16 12:03:21 [INFO] Epoch: 117 [38400/50000 (77%)]	 Training Loss: 0.100 ACC: 92.22 CR: 0.41 Avg R1: 4.94 Avg R2: 1.25 Avg Reward: 6.189270
2026-05-16 12:03:27 [INFO] EPOCH:117, ======================CR:0.40532====================
2026-05-16 12:03:27 [INFO] 0.021783955520021808
2026-05-16 12:03:29 [INFO] EPOCH:117, ======================ACC:92.22====================
2026-05-16 12:03:29 [INFO] BEST EPOCH:117,BEST ACC:92.22
2026-05-16 12:03:29 [INFO] Saving Masks: current CR 0.4053 target CR 0.4000
2026-05-16 12:03:29 [INFO] Updated candidate mask pretrained-rescale_mask_best-acc_40_05161107_resnet18 at epoch 117 with acc 92.2200
2026-05-16 12:03:36 [INFO] Epoch: 118 [12800/50000 (26%)]	 Training Loss: 0.088 ACC: 93.14 CR: 0.40 Avg R1: 4.98 Avg R2: 1.26 Avg Reward: 6.240949
2026-05-16 12:03:42 [INFO] Epoch: 118 [25600/50000 (51%)]	 Training Loss: 0.094 ACC: 92.64 CR: 0.40 Avg R1: 4.98 Avg R2: 1.26 Avg Reward: 6.243113
2026-05-16 12:03:49 [INFO] Epoch: 118 [38400/50000 (77%)]	 Training Loss: 0.096 ACC: 92.51 CR: 0.39 Avg R1: 4.98 Avg R2: 1.26 Avg Reward: 6.232945
2026-05-16 12:03:55 [INFO] EPOCH:118, ======================CR:0.39668====================
2026-05-16 12:03:55 [INFO] 0.015685035783693985
2026-05-16 12:03:57 [INFO] EPOCH:118, ======================ACC:92.07====================
2026-05-16 12:03:57 [INFO] BEST EPOCH:117,BEST ACC:92.22
2026-05-16 12:03:57 [INFO] Saving Masks: current CR 0.3967 target CR 0.4000
2026-05-16 12:04:03 [INFO] Epoch: 119 [12800/50000 (26%)]	 Training Loss: 0.105 ACC: 92.22 CR: 0.40 Avg R1: 4.99 Avg R2: 1.25 Avg Reward: 6.235895
2026-05-16 12:04:10 [INFO] Epoch: 119 [25600/50000 (51%)]	 Training Loss: 0.100 ACC: 92.51 CR: 0.41 Avg R1: 4.97 Avg R2: 1.25 Avg Reward: 6.227726
2026-05-16 12:04:17 [INFO] Epoch: 119 [38400/50000 (77%)]	 Training Loss: 0.099 ACC: 92.48 CR: 0.41 Avg R1: 4.96 Avg R2: 1.26 Avg Reward: 6.216779
2026-05-16 12:04:23 [INFO] EPOCH:119, ======================CR:0.41232====================
2026-05-16 12:04:23 [INFO] 0.0186268526943838
2026-05-16 12:04:24 [INFO] EPOCH:119, ======================ACC:91.78====================
2026-05-16 12:04:24 [INFO] BEST EPOCH:117,BEST ACC:92.22
2026-05-16 12:04:31 [INFO] Epoch: 120 [12800/50000 (26%)]	 Training Loss: 0.099 ACC: 92.41 CR: 0.41 Avg R1: 4.89 Avg R2: 1.26 Avg Reward: 6.153096
2026-05-16 12:04:37 [INFO] Epoch: 120 [25600/50000 (51%)]	 Training Loss: 0.099 ACC: 92.37 CR: 0.41 Avg R1: 4.89 Avg R2: 1.26 Avg Reward: 6.152440
2026-05-16 12:04:44 [INFO] Epoch: 120 [38400/50000 (77%)]	 Training Loss: 0.097 ACC: 92.45 CR: 0.41 Avg R1: 4.90 Avg R2: 1.26 Avg Reward: 6.160476
2026-05-16 12:04:50 [INFO] EPOCH:120, ======================CR:0.39898====================
2026-05-16 12:04:50 [INFO] 0.01450637823621886
2026-05-16 12:04:52 [INFO] EPOCH:120, ======================ACC:92.16====================
2026-05-16 12:04:52 [INFO] BEST EPOCH:117,BEST ACC:92.22
2026-05-16 12:04:52 [INFO] Saving Masks: current CR 0.3990 target CR 0.4000
2026-05-16 12:04:59 [INFO] Epoch: 121 [12800/50000 (26%)]	 Training Loss: 0.088 ACC: 93.16 CR: 0.39 Avg R1: 4.95 Avg R2: 1.25 Avg Reward: 6.197433
2026-05-16 12:05:05 [INFO] Epoch: 121 [25600/50000 (51%)]	 Training Loss: 0.087 ACC: 93.07 CR: 0.39 Avg R1: 4.93 Avg R2: 1.24 Avg Reward: 6.172418
2026-05-16 12:05:12 [INFO] Epoch: 121 [38400/50000 (77%)]	 Training Loss: 0.089 ACC: 92.88 CR: 0.39 Avg R1: 4.92 Avg R2: 1.24 Avg Reward: 6.157499
2026-05-16 12:05:18 [INFO] EPOCH:121, ======================CR:0.38836====================
2026-05-16 12:05:18 [INFO] 0.0028637223801791976
2026-05-16 12:05:20 [INFO] EPOCH:121, ======================ACC:91.43====================
2026-05-16 12:05:20 [INFO] BEST EPOCH:117,BEST ACC:92.22
2026-05-16 12:05:27 [INFO] Epoch: 122 [12800/50000 (26%)]	 Training Loss: 0.096 ACC: 92.52 CR: 0.39 Avg R1: 4.86 Avg R2: 1.22 Avg Reward: 6.076419
2026-05-16 12:05:33 [INFO] Epoch: 122 [25600/50000 (51%)]	 Training Loss: 0.092 ACC: 92.74 CR: 0.39 Avg R1: 4.86 Avg R2: 1.22 Avg Reward: 6.073312
2026-05-16 12:05:40 [INFO] Epoch: 122 [38400/50000 (77%)]	 Training Loss: 0.091 ACC: 92.90 CR: 0.39 Avg R1: 4.86 Avg R2: 1.22 Avg Reward: 6.077483
2026-05-16 12:05:46 [INFO] EPOCH:122, ======================CR:0.39946====================
2026-05-16 12:05:46 [INFO] 0.00046820559234611104
2026-05-16 12:05:47 [INFO] EPOCH:122, ======================ACC:92.4====================
2026-05-16 12:05:47 [INFO] BEST EPOCH:122,BEST ACC:92.4
2026-05-16 12:05:47 [INFO] Saving Masks: current CR 0.3995 target CR 0.4000
2026-05-16 12:05:47 [INFO] Updated candidate mask pretrained-rescale_mask_best-acc_40_05161107_resnet18 at epoch 122 with acc 92.4000
2026-05-16 12:05:54 [INFO] Epoch: 123 [12800/50000 (26%)]	 Training Loss: 0.095 ACC: 92.69 CR: 0.41 Avg R1: 4.97 Avg R2: 1.22 Avg Reward: 6.196308
2026-05-16 12:06:00 [INFO] Epoch: 123 [25600/50000 (51%)]	 Training Loss: 0.093 ACC: 92.86 CR: 0.41 Avg R1: 4.94 Avg R2: 1.23 Avg Reward: 6.172032
2026-05-16 12:06:07 [INFO] Epoch: 123 [38400/50000 (77%)]	 Training Loss: 0.094 ACC: 92.85 CR: 0.42 Avg R1: 4.92 Avg R2: 1.24 Avg Reward: 6.156324
2026-05-16 12:06:13 [INFO] EPOCH:123, ======================CR:0.4233====================
2026-05-16 12:06:13 [INFO] -0.0026522990983955798
2026-05-16 12:06:15 [INFO] EPOCH:123, ======================ACC:92.63====================
2026-05-16 12:06:15 [INFO] BEST EPOCH:123,BEST ACC:92.63
2026-05-16 12:06:21 [INFO] Epoch: 124 [12800/50000 (26%)]	 Training Loss: 0.094 ACC: 92.87 CR: 0.42 Avg R1: 4.81 Avg R2: 1.27 Avg Reward: 6.085287
2026-05-16 12:06:28 [INFO] Epoch: 124 [25600/50000 (51%)]	 Training Loss: 0.091 ACC: 93.07 CR: 0.42 Avg R1: 4.81 Avg R2: 1.27 Avg Reward: 6.082661
2026-05-16 12:06:35 [INFO] Epoch: 124 [38400/50000 (77%)]	 Training Loss: 0.093 ACC: 93.00 CR: 0.42 Avg R1: 4.80 Avg R2: 1.28 Avg Reward: 6.080239
2026-05-16 12:06:41 [INFO] EPOCH:124, ======================CR:0.42512====================
2026-05-16 12:06:41 [INFO] -0.0015279465642107839
2026-05-16 12:06:43 [INFO] EPOCH:124, ======================ACC:91.62====================
2026-05-16 12:06:43 [INFO] BEST EPOCH:123,BEST ACC:92.63
2026-05-16 12:06:49 [INFO] Epoch: 125 [12800/50000 (26%)]	 Training Loss: 0.094 ACC: 92.89 CR: 0.42 Avg R1: 4.80 Avg R2: 1.26 Avg Reward: 6.056699
2026-05-16 12:06:56 [INFO] Epoch: 125 [25600/50000 (51%)]	 Training Loss: 0.092 ACC: 92.96 CR: 0.42 Avg R1: 4.80 Avg R2: 1.26 Avg Reward: 6.059535
2026-05-16 12:07:02 [INFO] Epoch: 125 [38400/50000 (77%)]	 Training Loss: 0.092 ACC: 92.92 CR: 0.42 Avg R1: 4.81 Avg R2: 1.26 Avg Reward: 6.068668
2026-05-16 12:07:09 [INFO] EPOCH:125, ======================CR:0.41684====================
2026-05-16 12:07:09 [INFO] 0.008402057631505228
2026-05-16 12:07:10 [INFO] EPOCH:125, ======================ACC:92.58====================
2026-05-16 12:07:10 [INFO] BEST EPOCH:123,BEST ACC:92.63
2026-05-16 12:07:17 [INFO] Epoch: 126 [12800/50000 (26%)]	 Training Loss: 0.090 ACC: 93.29 CR: 0.42 Avg R1: 4.86 Avg R2: 1.24 Avg Reward: 6.105231
2026-05-16 12:07:24 [INFO] Epoch: 126 [25600/50000 (51%)]	 Training Loss: 0.087 ACC: 93.43 CR: 0.42 Avg R1: 4.87 Avg R2: 1.24 Avg Reward: 6.108321
2026-05-16 12:07:30 [INFO] Epoch: 126 [38400/50000 (77%)]	 Training Loss: 0.088 ACC: 93.24 CR: 0.41 Avg R1: 4.87 Avg R2: 1.24 Avg Reward: 6.113103
2026-05-16 12:07:36 [INFO] EPOCH:126, ======================CR:0.40446====================
2026-05-16 12:07:36 [INFO] 0.0025445141895151144
2026-05-16 12:07:38 [INFO] EPOCH:126, ======================ACC:92.05====================
2026-05-16 12:07:38 [INFO] BEST EPOCH:123,BEST ACC:92.63
2026-05-16 12:07:38 [INFO] Saving Masks: current CR 0.4045 target CR 0.4000
2026-05-16 12:07:45 [INFO] Epoch: 127 [12800/50000 (26%)]	 Training Loss: 0.080 ACC: 93.63 CR: 0.40 Avg R1: 4.99 Avg R2: 1.22 Avg Reward: 6.208083
2026-05-16 12:07:52 [INFO] Epoch: 127 [25600/50000 (51%)]	 Training Loss: 0.086 ACC: 93.27 CR: 0.40 Avg R1: 4.98 Avg R2: 1.22 Avg Reward: 6.194921
2026-05-16 12:07:59 [INFO] Epoch: 127 [38400/50000 (77%)]	 Training Loss: 0.086 ACC: 93.21 CR: 0.40 Avg R1: 4.97 Avg R2: 1.22 Avg Reward: 6.185639
2026-05-16 12:08:05 [INFO] EPOCH:127, ======================CR:0.40424====================
2026-05-16 12:08:05 [INFO] 0.00645405996420559
2026-05-16 12:08:06 [INFO] EPOCH:127, ======================ACC:93.59====================
2026-05-16 12:08:06 [INFO] BEST EPOCH:127,BEST ACC:93.59
2026-05-16 12:08:06 [INFO] Saving Masks: current CR 0.4042 target CR 0.4000
2026-05-16 12:08:06 [INFO] Updated candidate mask pretrained-rescale_mask_best-acc_40_05161107_resnet18 at epoch 127 with acc 93.5900
2026-05-16 12:08:13 [INFO] Epoch: 128 [12800/50000 (26%)]	 Training Loss: 0.089 ACC: 93.35 CR: 0.41 Avg R1: 4.93 Avg R2: 1.23 Avg Reward: 6.152473
2026-05-16 12:08:19 [INFO] Epoch: 128 [25600/50000 (51%)]	 Training Loss: 0.086 ACC: 93.23 CR: 0.42 Avg R1: 4.90 Avg R2: 1.23 Avg Reward: 6.130661
2026-05-16 12:08:26 [INFO] Epoch: 128 [38400/50000 (77%)]	 Training Loss: 0.088 ACC: 93.29 CR: 0.42 Avg R1: 4.88 Avg R2: 1.24 Avg Reward: 6.117128
2026-05-16 12:08:32 [INFO] EPOCH:128, ======================CR:0.42292====================
2026-05-16 12:08:32 [INFO] 0.008352593298286545
2026-05-16 12:08:34 [INFO] EPOCH:128, ======================ACC:92.72====================
2026-05-16 12:08:34 [INFO] BEST EPOCH:127,BEST ACC:93.59
2026-05-16 12:08:40 [INFO] Epoch: 129 [12800/50000 (26%)]	 Training Loss: 0.085 ACC: 93.82 CR: 0.42 Avg R1: 4.81 Avg R2: 1.25 Avg Reward: 6.058071
2026-05-16 12:08:47 [INFO] Epoch: 129 [25600/50000 (51%)]	 Training Loss: 0.086 ACC: 93.52 CR: 0.42 Avg R1: 4.83 Avg R2: 1.25 Avg Reward: 6.070722
2026-05-16 12:08:53 [INFO] Epoch: 129 [38400/50000 (77%)]	 Training Loss: 0.086 ACC: 93.51 CR: 0.42 Avg R1: 4.84 Avg R2: 1.24 Avg Reward: 6.079200
2026-05-16 12:08:59 [INFO] EPOCH:129, ======================CR:0.41408====================
2026-05-16 12:08:59 [INFO] 0.015826745591076677
2026-05-16 12:09:01 [INFO] EPOCH:129, ======================ACC:92.55====================
2026-05-16 12:09:01 [INFO] BEST EPOCH:127,BEST ACC:93.59
2026-05-16 12:09:08 [INFO] Epoch: 130 [12800/50000 (26%)]	 Training Loss: 0.086 ACC: 93.52 CR: 0.41 Avg R1: 4.88 Avg R2: 1.22 Avg Reward: 6.109123
2026-05-16 12:09:15 [INFO] Epoch: 130 [25600/50000 (51%)]	 Training Loss: 0.081 ACC: 93.84 CR: 0.41 Avg R1: 4.89 Avg R2: 1.22 Avg Reward: 6.111679
2026-05-16 12:09:22 [INFO] Epoch: 130 [38400/50000 (77%)]	 Training Loss: 0.082 ACC: 93.73 CR: 0.41 Avg R1: 4.90 Avg R2: 1.22 Avg Reward: 6.122921
2026-05-16 12:09:28 [INFO] EPOCH:130, ======================CR:0.40194====================
2026-05-16 12:09:28 [INFO] 0.013673279145848372
2026-05-16 12:09:30 [INFO] EPOCH:130, ======================ACC:93.17====================
2026-05-16 12:09:30 [INFO] BEST EPOCH:127,BEST ACC:93.59
2026-05-16 12:09:30 [INFO] Saving Masks: current CR 0.4019 target CR 0.4000
2026-05-16 12:09:36 [INFO] Epoch: 131 [12800/50000 (26%)]	 Training Loss: 0.076 ACC: 94.01 CR: 0.40 Avg R1: 4.99 Avg R2: 1.20 Avg Reward: 6.188326
2026-05-16 12:09:43 [INFO] Epoch: 131 [25600/50000 (51%)]	 Training Loss: 0.078 ACC: 93.70 CR: 0.40 Avg R1: 4.99 Avg R2: 1.20 Avg Reward: 6.189887
2026-05-16 12:09:49 [INFO] Epoch: 131 [38400/50000 (77%)]	 Training Loss: 0.079 ACC: 93.75 CR: 0.40 Avg R1: 4.99 Avg R2: 1.20 Avg Reward: 6.187977
2026-05-16 12:09:55 [INFO] EPOCH:131, ======================CR:0.40104====================
2026-05-16 12:09:55 [INFO] 0.004513266808703893
2026-05-16 12:09:57 [INFO] EPOCH:131, ======================ACC:92.96====================
2026-05-16 12:09:57 [INFO] BEST EPOCH:127,BEST ACC:93.59
2026-05-16 12:09:57 [INFO] Saving Masks: current CR 0.4010 target CR 0.4000
2026-05-16 12:10:04 [INFO] Epoch: 132 [12800/50000 (26%)]	 Training Loss: 0.074 ACC: 94.10 CR: 0.40 Avg R1: 4.99 Avg R2: 1.18 Avg Reward: 6.176758
2026-05-16 12:10:10 [INFO] Epoch: 132 [25600/50000 (51%)]	 Training Loss: 0.077 ACC: 94.00 CR: 0.40 Avg R1: 4.99 Avg R2: 1.18 Avg Reward: 6.176899
2026-05-16 12:10:17 [INFO] Epoch: 132 [38400/50000 (77%)]	 Training Loss: 0.076 ACC: 94.09 CR: 0.40 Avg R1: 4.99 Avg R2: 1.18 Avg Reward: 6.171264
2026-05-16 12:10:23 [INFO] EPOCH:132, ======================CR:0.39424====================
2026-05-16 12:10:23 [INFO] 0.0008850393579279698
2026-05-16 12:10:25 [INFO] EPOCH:132, ======================ACC:92.84====================
2026-05-16 12:10:25 [INFO] BEST EPOCH:127,BEST ACC:93.59
2026-05-16 12:10:25 [INFO] Saving Masks: current CR 0.3942 target CR 0.4000
2026-05-16 12:10:32 [INFO] Epoch: 133 [12800/50000 (26%)]	 Training Loss: 0.079 ACC: 93.97 CR: 0.39 Avg R1: 4.94 Avg R2: 1.17 Avg Reward: 6.109346
2026-05-16 12:10:38 [INFO] Epoch: 133 [25600/50000 (51%)]	 Training Loss: 0.077 ACC: 94.05 CR: 0.40 Avg R1: 4.94 Avg R2: 1.17 Avg Reward: 6.112024
2026-05-16 12:10:45 [INFO] Epoch: 133 [38400/50000 (77%)]	 Training Loss: 0.077 ACC: 94.09 CR: 0.40 Avg R1: 4.95 Avg R2: 1.18 Avg Reward: 6.126824
2026-05-16 12:10:51 [INFO] EPOCH:133, ======================CR:0.40354====================
2026-05-16 12:10:51 [INFO] -0.005567046672771858
2026-05-16 12:10:53 [INFO] EPOCH:133, ======================ACC:93.23====================
2026-05-16 12:10:53 [INFO] BEST EPOCH:127,BEST ACC:93.59
2026-05-16 12:10:53 [INFO] Saving Masks: current CR 0.4035 target CR 0.4000
2026-05-16 12:10:59 [INFO] Epoch: 134 [12800/50000 (26%)]	 Training Loss: 0.079 ACC: 93.84 CR: 0.40 Avg R1: 4.97 Avg R2: 1.19 Avg Reward: 6.168155
2026-05-16 12:11:06 [INFO] Epoch: 134 [25600/50000 (51%)]	 Training Loss: 0.077 ACC: 94.09 CR: 0.40 Avg R1: 4.98 Avg R2: 1.19 Avg Reward: 6.169804
2026-05-16 12:11:12 [INFO] Epoch: 134 [38400/50000 (77%)]	 Training Loss: 0.075 ACC: 94.28 CR: 0.40 Avg R1: 4.98 Avg R2: 1.19 Avg Reward: 6.172495
2026-05-16 12:11:18 [INFO] EPOCH:134, ======================CR:0.4019====================
2026-05-16 12:11:18 [INFO] 0.0021080977554216542
2026-05-16 12:11:20 [INFO] EPOCH:134, ======================ACC:92.67====================
2026-05-16 12:11:20 [INFO] BEST EPOCH:127,BEST ACC:93.59
2026-05-16 12:11:20 [INFO] Saving Masks: current CR 0.4019 target CR 0.4000
2026-05-16 12:11:27 [INFO] Epoch: 135 [12800/50000 (26%)]	 Training Loss: 0.072 ACC: 94.25 CR: 0.40 Avg R1: 4.97 Avg R2: 1.18 Avg Reward: 6.152968
2026-05-16 12:11:34 [INFO] Epoch: 135 [25600/50000 (51%)]	 Training Loss: 0.072 ACC: 94.32 CR: 0.41 Avg R1: 4.96 Avg R2: 1.18 Avg Reward: 6.142580
2026-05-16 12:11:41 [INFO] Epoch: 135 [38400/50000 (77%)]	 Training Loss: 0.073 ACC: 94.22 CR: 0.40 Avg R1: 4.96 Avg R2: 1.18 Avg Reward: 6.143871
2026-05-16 12:11:46 [INFO] EPOCH:135, ======================CR:0.3985====================
2026-05-16 12:11:46 [INFO] -0.009531831971656158
2026-05-16 12:11:48 [INFO] EPOCH:135, ======================ACC:92.73====================
2026-05-16 12:11:48 [INFO] BEST EPOCH:127,BEST ACC:93.59
2026-05-16 12:11:48 [INFO] Saving Masks: current CR 0.3985 target CR 0.4000
2026-05-16 12:11:55 [INFO] Epoch: 136 [12800/50000 (26%)]	 Training Loss: 0.067 ACC: 94.73 CR: 0.39 Avg R1: 4.95 Avg R2: 1.15 Avg Reward: 6.099170
2026-05-16 12:12:02 [INFO] Epoch: 136 [25600/50000 (51%)]	 Training Loss: 0.069 ACC: 94.68 CR: 0.40 Avg R1: 4.95 Avg R2: 1.15 Avg Reward: 6.100258
2026-05-16 12:12:08 [INFO] Epoch: 136 [38400/50000 (77%)]	 Training Loss: 0.071 ACC: 94.57 CR: 0.40 Avg R1: 4.96 Avg R2: 1.15 Avg Reward: 6.114621
2026-05-16 12:12:14 [INFO] EPOCH:136, ======================CR:0.40422====================
2026-05-16 12:12:14 [INFO] 0.0035163299600352725
2026-05-16 12:12:16 [INFO] EPOCH:136, ======================ACC:93.36====================
2026-05-16 12:12:16 [INFO] BEST EPOCH:127,BEST ACC:93.59
2026-05-16 12:12:16 [INFO] Saving Masks: current CR 0.4042 target CR 0.4000
2026-05-16 12:12:23 [INFO] Epoch: 137 [12800/50000 (26%)]	 Training Loss: 0.075 ACC: 94.20 CR: 0.41 Avg R1: 4.95 Avg R2: 1.17 Avg Reward: 6.119663
2026-05-16 12:12:29 [INFO] Epoch: 137 [25600/50000 (51%)]	 Training Loss: 0.074 ACC: 94.32 CR: 0.41 Avg R1: 4.95 Avg R2: 1.17 Avg Reward: 6.117741
2026-05-16 12:12:36 [INFO] Epoch: 137 [38400/50000 (77%)]	 Training Loss: 0.074 ACC: 94.35 CR: 0.41 Avg R1: 4.95 Avg R2: 1.17 Avg Reward: 6.115645
2026-05-16 12:12:42 [INFO] EPOCH:137, ======================CR:0.40676====================
2026-05-16 12:12:42 [INFO] 0.0012121273302160569
2026-05-16 12:12:44 [INFO] EPOCH:137, ======================ACC:93.05====================
2026-05-16 12:12:44 [INFO] BEST EPOCH:127,BEST ACC:93.59
2026-05-16 12:12:44 [INFO] Saving Masks: current CR 0.4068 target CR 0.4000
2026-05-16 12:12:51 [INFO] Epoch: 138 [12800/50000 (26%)]	 Training Loss: 0.068 ACC: 94.61 CR: 0.40 Avg R1: 4.96 Avg R2: 1.17 Avg Reward: 6.125688
2026-05-16 12:12:57 [INFO] Epoch: 138 [25600/50000 (51%)]	 Training Loss: 0.067 ACC: 94.67 CR: 0.40 Avg R1: 4.97 Avg R2: 1.17 Avg Reward: 6.133458
2026-05-16 12:13:04 [INFO] Epoch: 138 [38400/50000 (77%)]	 Training Loss: 0.069 ACC: 94.53 CR: 0.39 Avg R1: 4.97 Avg R2: 1.16 Avg Reward: 6.131364
2026-05-16 12:13:09 [INFO] EPOCH:138, ======================CR:0.39242====================
2026-05-16 12:13:09 [INFO] 0.002993601476571183
2026-05-16 12:13:11 [INFO] EPOCH:138, ======================ACC:92.16====================
2026-05-16 12:13:11 [INFO] BEST EPOCH:127,BEST ACC:93.59
2026-05-16 12:13:11 [INFO] Saving Masks: current CR 0.3924 target CR 0.4000
2026-05-16 12:13:18 [INFO] Epoch: 139 [12800/50000 (26%)]	 Training Loss: 0.076 ACC: 94.10 CR: 0.40 Avg R1: 4.92 Avg R2: 1.14 Avg Reward: 6.063878
2026-05-16 12:13:24 [INFO] Epoch: 139 [25600/50000 (51%)]	 Training Loss: 0.076 ACC: 94.18 CR: 0.41 Avg R1: 4.95 Avg R2: 1.15 Avg Reward: 6.095694
2026-05-16 12:13:31 [INFO] Epoch: 139 [38400/50000 (77%)]	 Training Loss: 0.074 ACC: 94.32 CR: 0.41 Avg R1: 4.94 Avg R2: 1.15 Avg Reward: 6.093370
2026-05-16 12:13:37 [INFO] EPOCH:139, ======================CR:0.4236====================
2026-05-16 12:13:37 [INFO] 0.008057185448537804
2026-05-16 12:13:38 [INFO] EPOCH:139, ======================ACC:93.03====================
2026-05-16 12:13:38 [INFO] BEST EPOCH:127,BEST ACC:93.59
2026-05-16 12:13:45 [INFO] Epoch: 140 [12800/50000 (26%)]	 Training Loss: 0.074 ACC: 94.37 CR: 0.43 Avg R1: 4.80 Avg R2: 1.20 Avg Reward: 5.995177
2026-05-16 12:13:52 [INFO] Epoch: 140 [25600/50000 (51%)]	 Training Loss: 0.072 ACC: 94.53 CR: 0.43 Avg R1: 4.79 Avg R2: 1.20 Avg Reward: 5.989893
2026-05-16 12:13:59 [INFO] Epoch: 140 [38400/50000 (77%)]	 Training Loss: 0.071 ACC: 94.65 CR: 0.42 Avg R1: 4.79 Avg R2: 1.20 Avg Reward: 5.986288
2026-05-16 12:14:05 [INFO] EPOCH:140, ======================CR:0.42594====================
2026-05-16 12:14:05 [INFO] 0.0009977713360836244
2026-05-16 12:14:06 [INFO] EPOCH:140, ======================ACC:94.25====================
2026-05-16 12:14:06 [INFO] BEST EPOCH:140,BEST ACC:94.25
2026-05-16 12:14:13 [INFO] Epoch: 141 [12800/50000 (26%)]	 Training Loss: 0.070 ACC: 94.84 CR: 0.42 Avg R1: 4.79 Avg R2: 1.19 Avg Reward: 5.982422
2026-05-16 12:14:20 [INFO] Epoch: 141 [25600/50000 (51%)]	 Training Loss: 0.070 ACC: 94.82 CR: 0.43 Avg R1: 4.79 Avg R2: 1.19 Avg Reward: 5.980409
2026-05-16 12:14:26 [INFO] Epoch: 141 [38400/50000 (77%)]	 Training Loss: 0.069 ACC: 94.78 CR: 0.42 Avg R1: 4.79 Avg R2: 1.19 Avg Reward: 5.982771
2026-05-16 12:14:32 [INFO] EPOCH:141, ======================CR:0.4173====================
2026-05-16 12:14:32 [INFO] -0.0017860785331477703
2026-05-16 12:14:34 [INFO] EPOCH:141, ======================ACC:92.74====================
2026-05-16 12:14:34 [INFO] BEST EPOCH:140,BEST ACC:94.25
2026-05-16 12:14:41 [INFO] Epoch: 142 [12800/50000 (26%)]	 Training Loss: 0.066 ACC: 94.61 CR: 0.41 Avg R1: 4.87 Avg R2: 1.16 Avg Reward: 6.035808
2026-05-16 12:14:47 [INFO] Epoch: 142 [25600/50000 (51%)]	 Training Loss: 0.066 ACC: 94.73 CR: 0.41 Avg R1: 4.88 Avg R2: 1.16 Avg Reward: 6.046131
2026-05-16 12:14:54 [INFO] Epoch: 142 [38400/50000 (77%)]	 Training Loss: 0.065 ACC: 94.82 CR: 0.41 Avg R1: 4.89 Avg R2: 1.16 Avg Reward: 6.050092
2026-05-16 12:15:00 [INFO] EPOCH:142, ======================CR:0.41178====================
2026-05-16 12:15:00 [INFO] -0.011585596652067109
2026-05-16 12:15:02 [INFO] EPOCH:142, ======================ACC:93.6====================
2026-05-16 12:15:02 [INFO] BEST EPOCH:140,BEST ACC:94.25
2026-05-16 12:15:08 [INFO] Epoch: 143 [12800/50000 (26%)]	 Training Loss: 0.060 ACC: 95.50 CR: 0.41 Avg R1: 4.91 Avg R2: 1.15 Avg Reward: 6.057125
2026-05-16 12:15:15 [INFO] Epoch: 143 [25600/50000 (51%)]	 Training Loss: 0.063 ACC: 95.24 CR: 0.41 Avg R1: 4.91 Avg R2: 1.15 Avg Reward: 6.057157
2026-05-16 12:15:22 [INFO] Epoch: 143 [38400/50000 (77%)]	 Training Loss: 0.064 ACC: 95.22 CR: 0.41 Avg R1: 4.91 Avg R2: 1.15 Avg Reward: 6.058068
2026-05-16 12:15:28 [INFO] EPOCH:143, ======================CR:0.40998====================
2026-05-16 12:15:28 [INFO] 0.006132891117615953
2026-05-16 12:15:30 [INFO] EPOCH:143, ======================ACC:93.73====================
2026-05-16 12:15:30 [INFO] BEST EPOCH:140,BEST ACC:94.25
2026-05-16 12:15:30 [INFO] Saving Masks: current CR 0.4100 target CR 0.4000
2026-05-16 12:15:30 [INFO] Updated candidate mask pretrained-rescale_mask_best-acc_40_05161107_resnet18 at epoch 143 with acc 93.7300
2026-05-16 12:15:36 [INFO] Epoch: 144 [12800/50000 (26%)]	 Training Loss: 0.062 ACC: 95.18 CR: 0.41 Avg R1: 4.91 Avg R2: 1.15 Avg Reward: 6.058387
2026-05-16 12:15:43 [INFO] Epoch: 144 [25600/50000 (51%)]	 Training Loss: 0.063 ACC: 95.11 CR: 0.41 Avg R1: 4.92 Avg R2: 1.14 Avg Reward: 6.062585
2026-05-16 12:15:49 [INFO] Epoch: 144 [38400/50000 (77%)]	 Training Loss: 0.062 ACC: 95.14 CR: 0.40 Avg R1: 4.93 Avg R2: 1.14 Avg Reward: 6.072132
2026-05-16 12:15:55 [INFO] EPOCH:144, ======================CR:0.3993====================
2026-05-16 12:15:55 [INFO] -0.0070859405587397305
2026-05-16 12:15:57 [INFO] EPOCH:144, ======================ACC:94.18====================
2026-05-16 12:15:57 [INFO] BEST EPOCH:143,BEST ACC:94.25
2026-05-16 12:15:57 [INFO] Saving Masks: current CR 0.3993 target CR 0.4000
2026-05-16 12:15:57 [INFO] Updated candidate mask pretrained-rescale_mask_best-acc_40_05161107_resnet18 at epoch 144 with acc 94.1800
2026-05-16 12:16:03 [INFO] Epoch: 145 [12800/50000 (26%)]	 Training Loss: 0.057 ACC: 95.41 CR: 0.40 Avg R1: 4.99 Avg R2: 1.12 Avg Reward: 6.115387
2026-05-16 12:16:10 [INFO] Epoch: 145 [25600/50000 (51%)]	 Training Loss: 0.055 ACC: 95.55 CR: 0.40 Avg R1: 4.99 Avg R2: 1.12 Avg Reward: 6.114706
2026-05-16 12:16:17 [INFO] Epoch: 145 [38400/50000 (77%)]	 Training Loss: 0.059 ACC: 95.43 CR: 0.40 Avg R1: 4.99 Avg R2: 1.12 Avg Reward: 6.114116
2026-05-16 12:16:23 [INFO] EPOCH:145, ======================CR:0.40216====================
2026-05-16 12:16:23 [INFO] -0.003961650161863244
2026-05-16 12:16:24 [INFO] EPOCH:145, ======================ACC:94.2====================
2026-05-16 12:16:24 [INFO] BEST EPOCH:144,BEST ACC:94.25
2026-05-16 12:16:24 [INFO] Saving Masks: current CR 0.4022 target CR 0.4000
2026-05-16 12:16:24 [INFO] Updated candidate mask pretrained-rescale_mask_best-acc_40_05161107_resnet18 at epoch 145 with acc 94.2000
2026-05-16 12:16:31 [INFO] Epoch: 146 [12800/50000 (26%)]	 Training Loss: 0.056 ACC: 95.62 CR: 0.41 Avg R1: 4.97 Avg R2: 1.11 Avg Reward: 6.084791
2026-05-16 12:16:38 [INFO] Epoch: 146 [25600/50000 (51%)]	 Training Loss: 0.058 ACC: 95.50 CR: 0.41 Avg R1: 4.95 Avg R2: 1.12 Avg Reward: 6.070206
2026-05-16 12:16:45 [INFO] Epoch: 146 [38400/50000 (77%)]	 Training Loss: 0.059 ACC: 95.46 CR: 0.41 Avg R1: 4.94 Avg R2: 1.12 Avg Reward: 6.058531
2026-05-16 12:16:51 [INFO] EPOCH:146, ======================CR:0.41364====================
2026-05-16 12:16:51 [INFO] -0.008576498417593949
2026-05-16 12:16:52 [INFO] EPOCH:146, ======================ACC:94.11====================
2026-05-16 12:16:52 [INFO] BEST EPOCH:145,BEST ACC:94.25
2026-05-16 12:16:59 [INFO] Epoch: 147 [12800/50000 (26%)]	 Training Loss: 0.054 ACC: 95.74 CR: 0.41 Avg R1: 4.90 Avg R2: 1.12 Avg Reward: 6.024915
2026-05-16 12:17:05 [INFO] Epoch: 147 [25600/50000 (51%)]	 Training Loss: 0.056 ACC: 95.67 CR: 0.41 Avg R1: 4.90 Avg R2: 1.12 Avg Reward: 6.026356
2026-05-16 12:17:12 [INFO] Epoch: 147 [38400/50000 (77%)]	 Training Loss: 0.057 ACC: 95.59 CR: 0.41 Avg R1: 4.90 Avg R2: 1.12 Avg Reward: 6.024643
2026-05-16 12:17:18 [INFO] EPOCH:147, ======================CR:0.4137====================
2026-05-16 12:17:18 [INFO] -0.005140022686985211
2026-05-16 12:17:20 [INFO] EPOCH:147, ======================ACC:93.21====================
2026-05-16 12:17:20 [INFO] BEST EPOCH:145,BEST ACC:94.25
2026-05-16 12:17:26 [INFO] Epoch: 148 [12800/50000 (26%)]	 Training Loss: 0.062 ACC: 95.20 CR: 0.41 Avg R1: 4.90 Avg R2: 1.11 Avg Reward: 6.005346
2026-05-16 12:17:33 [INFO] Epoch: 148 [25600/50000 (51%)]	 Training Loss: 0.060 ACC: 95.40 CR: 0.41 Avg R1: 4.90 Avg R2: 1.11 Avg Reward: 6.011196
2026-05-16 12:17:40 [INFO] Epoch: 148 [38400/50000 (77%)]	 Training Loss: 0.058 ACC: 95.56 CR: 0.40 Avg R1: 4.92 Avg R2: 1.10 Avg Reward: 6.022920
2026-05-16 12:17:46 [INFO] EPOCH:148, ======================CR:0.4003====================
2026-05-16 12:17:46 [INFO] -0.004827108642188024
2026-05-16 12:17:48 [INFO] EPOCH:148, ======================ACC:93.88====================
2026-05-16 12:17:48 [INFO] BEST EPOCH:145,BEST ACC:94.25
2026-05-16 12:17:48 [INFO] Saving Masks: current CR 0.4003 target CR 0.4000
2026-05-16 12:17:54 [INFO] Epoch: 149 [12800/50000 (26%)]	 Training Loss: 0.053 ACC: 95.95 CR: 0.40 Avg R1: 4.99 Avg R2: 1.10 Avg Reward: 6.082689
2026-05-16 12:18:01 [INFO] Epoch: 149 [25600/50000 (51%)]	 Training Loss: 0.052 ACC: 96.12 CR: 0.40 Avg R1: 4.97 Avg R2: 1.10 Avg Reward: 6.071437
2026-05-16 12:18:08 [INFO] Epoch: 149 [38400/50000 (77%)]	 Training Loss: 0.053 ACC: 96.01 CR: 0.40 Avg R1: 4.98 Avg R2: 1.10 Avg Reward: 6.072577
2026-05-16 12:18:14 [INFO] EPOCH:149, ======================CR:0.40372====================
2026-05-16 12:18:14 [INFO] -0.0006508223854781926
2026-05-16 12:18:16 [INFO] EPOCH:149, ======================ACC:94.2====================
2026-05-16 12:18:16 [INFO] BEST EPOCH:145,BEST ACC:94.25
2026-05-16 12:18:16 [INFO] Saving Masks: current CR 0.4037 target CR 0.4000
2026-05-16 12:18:16 [INFO] Updated candidate mask pretrained-rescale_mask_best-acc_40_05161107_resnet18 at epoch 149 with acc 94.2000
2026-05-16 12:18:22 [INFO] Epoch: 150 [12800/50000 (26%)]	 Training Loss: 0.054 ACC: 95.88 CR: 0.41 Avg R1: 4.96 Avg R2: 1.09 Avg Reward: 6.047273
2026-05-16 12:18:29 [INFO] Epoch: 150 [25600/50000 (51%)]	 Training Loss: 0.055 ACC: 95.82 CR: 0.41 Avg R1: 4.94 Avg R2: 1.09 Avg Reward: 6.035121
2026-05-16 12:18:35 [INFO] Epoch: 150 [38400/50000 (77%)]	 Training Loss: 0.055 ACC: 95.91 CR: 0.41 Avg R1: 4.93 Avg R2: 1.09 Avg Reward: 6.025192
2026-05-16 12:18:41 [INFO] EPOCH:150, ======================CR:0.4122====================
2026-05-16 12:18:41 [INFO] 0.0036783074311554746
2026-05-16 12:18:43 [INFO] EPOCH:150, ======================ACC:94.45====================
2026-05-16 12:18:43 [INFO] BEST EPOCH:150,BEST ACC:94.45
2026-05-16 12:18:50 [INFO] Epoch: 151 [12800/50000 (26%)]	 Training Loss: 0.048 ACC: 96.09 CR: 0.41 Avg R1: 4.90 Avg R2: 1.10 Avg Reward: 6.000576
2026-05-16 12:18:56 [INFO] Epoch: 151 [25600/50000 (51%)]	 Training Loss: 0.050 ACC: 96.12 CR: 0.41 Avg R1: 4.91 Avg R2: 1.09 Avg Reward: 6.007439
2026-05-16 12:19:03 [INFO] Epoch: 151 [38400/50000 (77%)]	 Training Loss: 0.051 ACC: 96.11 CR: 0.40 Avg R1: 4.93 Avg R2: 1.09 Avg Reward: 6.020016
2026-05-16 12:19:09 [INFO] EPOCH:151, ======================CR:0.39566====================
2026-05-16 12:19:09 [INFO] -0.0019493049488342987
2026-05-16 12:19:11 [INFO] EPOCH:151, ======================ACC:94.16====================
2026-05-16 12:19:11 [INFO] BEST EPOCH:150,BEST ACC:94.45
2026-05-16 12:19:11 [INFO] Saving Masks: current CR 0.3957 target CR 0.4000
2026-05-16 12:19:18 [INFO] Epoch: 152 [12800/50000 (26%)]	 Training Loss: 0.046 ACC: 96.59 CR: 0.39 Avg R1: 4.92 Avg R2: 1.06 Avg Reward: 5.974081
2026-05-16 12:19:24 [INFO] Epoch: 152 [25600/50000 (51%)]	 Training Loss: 0.049 ACC: 96.41 CR: 0.40 Avg R1: 4.93 Avg R2: 1.06 Avg Reward: 5.985390
2026-05-16 12:19:31 [INFO] Epoch: 152 [38400/50000 (77%)]	 Training Loss: 0.049 ACC: 96.42 CR: 0.40 Avg R1: 4.95 Avg R2: 1.06 Avg Reward: 6.007491
2026-05-16 12:19:37 [INFO] EPOCH:152, ======================CR:0.40828====================
2026-05-16 12:19:37 [INFO] 0.007059482548299447
2026-05-16 12:19:39 [INFO] EPOCH:152, ======================ACC:94.77====================
2026-05-16 12:19:39 [INFO] BEST EPOCH:152,BEST ACC:94.77
2026-05-16 12:19:39 [INFO] Saving Masks: current CR 0.4083 target CR 0.4000
2026-05-16 12:19:39 [INFO] Updated candidate mask pretrained-rescale_mask_best-acc_40_05161107_resnet18 at epoch 152 with acc 94.7700
2026-05-16 12:19:46 [INFO] Epoch: 153 [12800/50000 (26%)]	 Training Loss: 0.048 ACC: 96.45 CR: 0.41 Avg R1: 4.93 Avg R2: 1.06 Avg Reward: 5.987563
2026-05-16 12:19:52 [INFO] Epoch: 153 [25600/50000 (51%)]	 Training Loss: 0.048 ACC: 96.30 CR: 0.41 Avg R1: 4.92 Avg R2: 1.06 Avg Reward: 5.978141
2026-05-16 12:19:59 [INFO] Epoch: 153 [38400/50000 (77%)]	 Training Loss: 0.047 ACC: 96.36 CR: 0.41 Avg R1: 4.91 Avg R2: 1.06 Avg Reward: 5.971218
2026-05-16 12:20:05 [INFO] EPOCH:153, ======================CR:0.41284====================
2026-05-16 12:20:05 [INFO] 0.000987194326754155
2026-05-16 12:20:07 [INFO] EPOCH:153, ======================ACC:94.45====================
2026-05-16 12:20:07 [INFO] BEST EPOCH:152,BEST ACC:94.77
2026-05-16 12:20:14 [INFO] Epoch: 154 [12800/50000 (26%)]	 Training Loss: 0.046 ACC: 96.35 CR: 0.41 Avg R1: 4.90 Avg R2: 1.06 Avg Reward: 5.960151
2026-05-16 12:20:20 [INFO] Epoch: 154 [25600/50000 (51%)]	 Training Loss: 0.045 ACC: 96.34 CR: 0.41 Avg R1: 4.91 Avg R2: 1.06 Avg Reward: 5.971820
2026-05-16 12:20:27 [INFO] Epoch: 154 [38400/50000 (77%)]	 Training Loss: 0.045 ACC: 96.42 CR: 0.41 Avg R1: 4.92 Avg R2: 1.06 Avg Reward: 5.979566
2026-05-16 12:20:33 [INFO] EPOCH:154, ======================CR:0.40126====================
2026-05-16 12:20:33 [INFO] 0.001877239261532808
2026-05-16 12:20:35 [INFO] EPOCH:154, ======================ACC:94.5====================
2026-05-16 12:20:35 [INFO] BEST EPOCH:152,BEST ACC:94.77
2026-05-16 12:20:35 [INFO] Saving Masks: current CR 0.4013 target CR 0.4000
2026-05-16 12:20:42 [INFO] Epoch: 155 [12800/50000 (26%)]	 Training Loss: 0.043 ACC: 96.65 CR: 0.40 Avg R1: 4.98 Avg R2: 1.03 Avg Reward: 6.016460
2026-05-16 12:20:48 [INFO] Epoch: 155 [25600/50000 (51%)]	 Training Loss: 0.044 ACC: 96.59 CR: 0.39 Avg R1: 4.96 Avg R2: 1.03 Avg Reward: 5.990965
2026-05-16 12:20:55 [INFO] Epoch: 155 [38400/50000 (77%)]	 Training Loss: 0.045 ACC: 96.58 CR: 0.39 Avg R1: 4.95 Avg R2: 1.03 Avg Reward: 5.973225
2026-05-16 12:21:01 [INFO] EPOCH:155, ======================CR:0.39144====================
2026-05-16 12:21:01 [INFO] 0.0003474888738519916
2026-05-16 12:21:03 [INFO] EPOCH:155, ======================ACC:94.39====================
2026-05-16 12:21:03 [INFO] BEST EPOCH:152,BEST ACC:94.77
2026-05-16 12:21:03 [INFO] Saving Masks: current CR 0.3914 target CR 0.4000
2026-05-16 12:21:09 [INFO] Epoch: 156 [12800/50000 (26%)]	 Training Loss: 0.044 ACC: 96.57 CR: 0.40 Avg R1: 4.92 Avg R2: 1.02 Avg Reward: 5.942191
2026-05-16 12:21:16 [INFO] Epoch: 156 [25600/50000 (51%)]	 Training Loss: 0.045 ACC: 96.66 CR: 0.40 Avg R1: 4.94 Avg R2: 1.03 Avg Reward: 5.968124
2026-05-16 12:21:22 [INFO] Epoch: 156 [38400/50000 (77%)]	 Training Loss: 0.044 ACC: 96.67 CR: 0.41 Avg R1: 4.95 Avg R2: 1.03 Avg Reward: 5.982115
2026-05-16 12:21:28 [INFO] EPOCH:156, ======================CR:0.41424====================
2026-05-16 12:21:28 [INFO] -0.010693182508816545
2026-05-16 12:21:30 [INFO] EPOCH:156, ======================ACC:94.75====================
2026-05-16 12:21:30 [INFO] BEST EPOCH:152,BEST ACC:94.77
2026-05-16 12:21:37 [INFO] Epoch: 157 [12800/50000 (26%)]	 Training Loss: 0.047 ACC: 96.62 CR: 0.42 Avg R1: 4.87 Avg R2: 1.05 Avg Reward: 5.921635
2026-05-16 12:21:44 [INFO] Epoch: 157 [25600/50000 (51%)]	 Training Loss: 0.047 ACC: 96.67 CR: 0.42 Avg R1: 4.85 Avg R2: 1.05 Avg Reward: 5.906990
2026-05-16 12:21:50 [INFO] Epoch: 157 [38400/50000 (77%)]	 Training Loss: 0.046 ACC: 96.71 CR: 0.43 Avg R1: 4.84 Avg R2: 1.06 Avg Reward: 5.895420
2026-05-16 12:21:56 [INFO] EPOCH:157, ======================CR:0.42602====================
2026-05-16 12:21:56 [INFO] 0.004051312671170382
2026-05-16 12:21:58 [INFO] EPOCH:157, ======================ACC:94.78====================
2026-05-16 12:21:58 [INFO] BEST EPOCH:157,BEST ACC:94.78
2026-05-16 12:22:04 [INFO] Epoch: 158 [12800/50000 (26%)]	 Training Loss: 0.043 ACC: 96.67 CR: 0.42 Avg R1: 4.80 Avg R2: 1.05 Avg Reward: 5.847640
2026-05-16 12:22:11 [INFO] Epoch: 158 [25600/50000 (51%)]	 Training Loss: 0.045 ACC: 96.57 CR: 0.42 Avg R1: 4.81 Avg R2: 1.05 Avg Reward: 5.862632
2026-05-16 12:22:17 [INFO] Epoch: 158 [38400/50000 (77%)]	 Training Loss: 0.043 ACC: 96.67 CR: 0.41 Avg R1: 4.83 Avg R2: 1.05 Avg Reward: 5.879600
2026-05-16 12:22:23 [INFO] EPOCH:158, ======================CR:0.4076====================
2026-05-16 12:22:23 [INFO] 0.005906992251315669
2026-05-16 12:22:25 [INFO] EPOCH:158, ======================ACC:94.5====================
2026-05-16 12:22:25 [INFO] BEST EPOCH:157,BEST ACC:94.78
2026-05-16 12:22:25 [INFO] Saving Masks: current CR 0.4076 target CR 0.4000
2026-05-16 12:22:32 [INFO] Epoch: 159 [12800/50000 (26%)]	 Training Loss: 0.041 ACC: 96.88 CR: 0.40 Avg R1: 4.95 Avg R2: 1.02 Avg Reward: 5.971516
2026-05-16 12:22:39 [INFO] Epoch: 159 [25600/50000 (51%)]	 Training Loss: 0.041 ACC: 96.88 CR: 0.40 Avg R1: 4.96 Avg R2: 1.02 Avg Reward: 5.981370
2026-05-16 12:22:46 [INFO] Epoch: 159 [38400/50000 (77%)]	 Training Loss: 0.041 ACC: 96.91 CR: 0.40 Avg R1: 4.97 Avg R2: 1.02 Avg Reward: 5.985597
2026-05-16 12:22:52 [INFO] EPOCH:159, ======================CR:0.3944====================
2026-05-16 12:22:52 [INFO] 0.002887339617756528
2026-05-16 12:22:54 [INFO] EPOCH:159, ======================ACC:95.13====================
2026-05-16 12:22:54 [INFO] BEST EPOCH:159,BEST ACC:95.13
2026-05-16 12:22:54 [INFO] Saving Masks: current CR 0.3944 target CR 0.4000
2026-05-16 12:22:54 [INFO] Updated candidate mask pretrained-rescale_mask_best-acc_40_05161107_resnet18 at epoch 159 with acc 95.1300
2026-05-16 12:23:00 [INFO] Epoch: 160 [12800/50000 (26%)]	 Training Loss: 0.041 ACC: 96.96 CR: 0.40 Avg R1: 4.93 Avg R2: 1.00 Avg Reward: 5.933056
2026-05-16 12:23:07 [INFO] Epoch: 160 [25600/50000 (51%)]	 Training Loss: 0.040 ACC: 97.05 CR: 0.40 Avg R1: 4.95 Avg R2: 1.00 Avg Reward: 5.946523
2026-05-16 12:23:13 [INFO] Epoch: 160 [38400/50000 (77%)]	 Training Loss: 0.040 ACC: 97.10 CR: 0.40 Avg R1: 4.96 Avg R2: 1.00 Avg Reward: 5.961972
2026-05-16 12:23:19 [INFO] EPOCH:160, ======================CR:0.40896====================
2026-05-16 12:23:19 [INFO] -0.0037892819408267687
2026-05-16 12:23:21 [INFO] EPOCH:160, ======================ACC:95.03====================
2026-05-16 12:23:21 [INFO] BEST EPOCH:159,BEST ACC:95.13
2026-05-16 12:23:21 [INFO] Saving Masks: current CR 0.4090 target CR 0.4000
2026-05-16 12:23:28 [INFO] Epoch: 161 [12800/50000 (26%)]	 Training Loss: 0.035 ACC: 97.64 CR: 0.41 Avg R1: 4.93 Avg R2: 1.01 Avg Reward: 5.941681
2026-05-16 12:23:35 [INFO] Epoch: 161 [25600/50000 (51%)]	 Training Loss: 0.037 ACC: 97.46 CR: 0.41 Avg R1: 4.92 Avg R2: 1.01 Avg Reward: 5.934100
2026-05-16 12:23:41 [INFO] Epoch: 161 [38400/50000 (77%)]	 Training Loss: 0.037 ACC: 97.41 CR: 0.41 Avg R1: 4.92 Avg R2: 1.01 Avg Reward: 5.931403
2026-05-16 12:23:47 [INFO] EPOCH:161, ======================CR:0.41014====================
2026-05-16 12:23:47 [INFO] -0.005078105990576422
2026-05-16 12:23:49 [INFO] EPOCH:161, ======================ACC:94.55====================
2026-05-16 12:23:49 [INFO] BEST EPOCH:159,BEST ACC:95.13
2026-05-16 12:23:56 [INFO] Epoch: 162 [12800/50000 (26%)]	 Training Loss: 0.039 ACC: 97.15 CR: 0.41 Avg R1: 4.93 Avg R2: 1.00 Avg Reward: 5.926626
2026-05-16 12:24:03 [INFO] Epoch: 162 [25600/50000 (51%)]	 Training Loss: 0.037 ACC: 97.34 CR: 0.40 Avg R1: 4.94 Avg R2: 1.00 Avg Reward: 5.939127
2026-05-16 12:24:10 [INFO] Epoch: 162 [38400/50000 (77%)]	 Training Loss: 0.036 ACC: 97.34 CR: 0.40 Avg R1: 4.96 Avg R2: 0.99 Avg Reward: 5.949569
2026-05-16 12:24:16 [INFO] EPOCH:162, ======================CR:0.39542====================
2026-05-16 12:24:16 [INFO] -0.008086105379116543
2026-05-16 12:24:18 [INFO] EPOCH:162, ======================ACC:94.95====================
2026-05-16 12:24:18 [INFO] BEST EPOCH:159,BEST ACC:95.13
2026-05-16 12:24:18 [INFO] Saving Masks: current CR 0.3954 target CR 0.4000
2026-05-16 12:24:24 [INFO] Epoch: 163 [12800/50000 (26%)]	 Training Loss: 0.036 ACC: 97.12 CR: 0.40 Avg R1: 4.97 Avg R2: 0.96 Avg Reward: 5.932185
2026-05-16 12:24:31 [INFO] Epoch: 163 [25600/50000 (51%)]	 Training Loss: 0.035 ACC: 97.36 CR: 0.40 Avg R1: 4.98 Avg R2: 0.97 Avg Reward: 5.944146
2026-05-16 12:24:37 [INFO] Epoch: 163 [38400/50000 (77%)]	 Training Loss: 0.035 ACC: 97.41 CR: 0.41 Avg R1: 4.97 Avg R2: 0.97 Avg Reward: 5.936293
2026-05-16 12:24:43 [INFO] EPOCH:163, ======================CR:0.41548====================
2026-05-16 12:24:43 [INFO] -0.0010907320006319108
2026-05-16 12:24:45 [INFO] EPOCH:163, ======================ACC:95.02====================
2026-05-16 12:24:45 [INFO] BEST EPOCH:159,BEST ACC:95.13
2026-05-16 12:24:52 [INFO] Epoch: 164 [12800/50000 (26%)]	 Training Loss: 0.032 ACC: 97.53 CR: 0.42 Avg R1: 4.87 Avg R2: 0.98 Avg Reward: 5.852789
2026-05-16 12:24:58 [INFO] Epoch: 164 [25600/50000 (51%)]	 Training Loss: 0.032 ACC: 97.50 CR: 0.42 Avg R1: 4.86 Avg R2: 0.98 Avg Reward: 5.846657
2026-05-16 12:25:05 [INFO] Epoch: 164 [38400/50000 (77%)]	 Training Loss: 0.033 ACC: 97.43 CR: 0.42 Avg R1: 4.86 Avg R2: 0.99 Avg Reward: 5.846626
2026-05-16 12:25:11 [INFO] EPOCH:164, ======================CR:0.4122====================
2026-05-16 12:25:11 [INFO] 0.005231975640296872
2026-05-16 12:25:12 [INFO] EPOCH:164, ======================ACC:95.2====================
2026-05-16 12:25:12 [INFO] BEST EPOCH:164,BEST ACC:95.2
2026-05-16 12:25:19 [INFO] Epoch: 165 [12800/50000 (26%)]	 Training Loss: 0.032 ACC: 97.52 CR: 0.41 Avg R1: 4.90 Avg R2: 0.98 Avg Reward: 5.881966
2026-05-16 12:25:26 [INFO] Epoch: 165 [25600/50000 (51%)]	 Training Loss: 0.032 ACC: 97.55 CR: 0.41 Avg R1: 4.91 Avg R2: 0.98 Avg Reward: 5.887886
2026-05-16 12:25:33 [INFO] Epoch: 165 [38400/50000 (77%)]	 Training Loss: 0.034 ACC: 97.44 CR: 0.41 Avg R1: 4.91 Avg R2: 0.98 Avg Reward: 5.889351
2026-05-16 12:25:39 [INFO] EPOCH:165, ======================CR:0.40626====================
2026-05-16 12:25:39 [INFO] 0.0023291399774865314
2026-05-16 12:25:40 [INFO] EPOCH:165, ======================ACC:95.44====================
2026-05-16 12:25:40 [INFO] BEST EPOCH:165,BEST ACC:95.44
2026-05-16 12:25:40 [INFO] Saving Masks: current CR 0.4063 target CR 0.4000
2026-05-16 12:25:40 [INFO] Updated candidate mask pretrained-rescale_mask_best-acc_40_05161107_resnet18 at epoch 165 with acc 95.4400
2026-05-16 12:25:47 [INFO] Epoch: 166 [12800/50000 (26%)]	 Training Loss: 0.029 ACC: 97.88 CR: 0.41 Avg R1: 4.95 Avg R2: 0.96 Avg Reward: 5.913270
2026-05-16 12:25:53 [INFO] Epoch: 166 [25600/50000 (51%)]	 Training Loss: 0.029 ACC: 97.84 CR: 0.41 Avg R1: 4.95 Avg R2: 0.96 Avg Reward: 5.910122
2026-05-16 12:26:00 [INFO] Epoch: 166 [38400/50000 (77%)]	 Training Loss: 0.030 ACC: 97.81 CR: 0.41 Avg R1: 4.95 Avg R2: 0.96 Avg Reward: 5.909373
2026-05-16 12:26:06 [INFO] EPOCH:166, ======================CR:0.40046====================
2026-05-16 12:26:06 [INFO] 0.003157231626615222
2026-05-16 12:26:08 [INFO] EPOCH:166, ======================ACC:95.5====================
2026-05-16 12:26:08 [INFO] BEST EPOCH:166,BEST ACC:95.5
2026-05-16 12:26:08 [INFO] Saving Masks: current CR 0.4005 target CR 0.4000
2026-05-16 12:26:08 [INFO] Updated candidate mask pretrained-rescale_mask_best-acc_40_05161107_resnet18 at epoch 166 with acc 95.5000
2026-05-16 12:26:14 [INFO] Epoch: 167 [12800/50000 (26%)]	 Training Loss: 0.030 ACC: 97.84 CR: 0.40 Avg R1: 4.99 Avg R2: 0.94 Avg Reward: 5.931482
2026-05-16 12:26:21 [INFO] Epoch: 167 [25600/50000 (51%)]	 Training Loss: 0.030 ACC: 97.77 CR: 0.40 Avg R1: 4.99 Avg R2: 0.94 Avg Reward: 5.931185
2026-05-16 12:26:28 [INFO] Epoch: 167 [38400/50000 (77%)]	 Training Loss: 0.029 ACC: 97.79 CR: 0.40 Avg R1: 4.99 Avg R2: 0.94 Avg Reward: 5.929584
2026-05-16 12:26:34 [INFO] EPOCH:167, ======================CR:0.4012====================
2026-05-16 12:26:34 [INFO] 0.004255380224450287
2026-05-16 12:26:36 [INFO] EPOCH:167, ======================ACC:95.3====================
2026-05-16 12:26:36 [INFO] BEST EPOCH:166,BEST ACC:95.5
2026-05-16 12:26:36 [INFO] Saving Masks: current CR 0.4012 target CR 0.4000
2026-05-16 12:26:42 [INFO] Epoch: 168 [12800/50000 (26%)]	 Training Loss: 0.031 ACC: 97.88 CR: 0.40 Avg R1: 4.98 Avg R2: 0.93 Avg Reward: 5.904998
2026-05-16 12:26:49 [INFO] Epoch: 168 [25600/50000 (51%)]	 Training Loss: 0.030 ACC: 97.84 CR: 0.40 Avg R1: 4.98 Avg R2: 0.93 Avg Reward: 5.906490
2026-05-16 12:26:56 [INFO] Epoch: 168 [38400/50000 (77%)]	 Training Loss: 0.029 ACC: 97.89 CR: 0.40 Avg R1: 4.97 Avg R2: 0.93 Avg Reward: 5.900519
2026-05-16 12:27:02 [INFO] EPOCH:168, ======================CR:0.39336====================
2026-05-16 12:27:02 [INFO] 0.005075817118141827
2026-05-16 12:27:03 [INFO] EPOCH:168, ======================ACC:95.7====================
2026-05-16 12:27:03 [INFO] BEST EPOCH:168,BEST ACC:95.7
2026-05-16 12:27:03 [INFO] Saving Masks: current CR 0.3934 target CR 0.4000
2026-05-16 12:27:03 [INFO] Updated candidate mask pretrained-rescale_mask_best-acc_40_05161107_resnet18 at epoch 168 with acc 95.7000
2026-05-16 12:27:10 [INFO] Epoch: 169 [12800/50000 (26%)]	 Training Loss: 0.029 ACC: 97.93 CR: 0.40 Avg R1: 4.95 Avg R2: 0.92 Avg Reward: 5.871462
2026-05-16 12:27:16 [INFO] Epoch: 169 [25600/50000 (51%)]	 Training Loss: 0.028 ACC: 98.05 CR: 0.41 Avg R1: 4.96 Avg R2: 0.93 Avg Reward: 5.885214
2026-05-16 12:27:23 [INFO] Epoch: 169 [38400/50000 (77%)]	 Training Loss: 0.027 ACC: 97.99 CR: 0.41 Avg R1: 4.95 Avg R2: 0.93 Avg Reward: 5.875234
2026-05-16 12:27:29 [INFO] EPOCH:169, ======================CR:0.41656====================
2026-05-16 12:27:29 [INFO] 0.013749553686607963
2026-05-16 12:27:31 [INFO] EPOCH:169, ======================ACC:95.53====================
2026-05-16 12:27:31 [INFO] BEST EPOCH:168,BEST ACC:95.7
2026-05-16 12:27:38 [INFO] Epoch: 170 [12800/50000 (26%)]	 Training Loss: 0.030 ACC: 98.05 CR: 0.42 Avg R1: 4.87 Avg R2: 0.94 Avg Reward: 5.803181
2026-05-16 12:27:44 [INFO] Epoch: 170 [25600/50000 (51%)]	 Training Loss: 0.028 ACC: 98.13 CR: 0.41 Avg R1: 4.87 Avg R2: 0.94 Avg Reward: 5.804418
2026-05-16 12:27:51 [INFO] Epoch: 170 [38400/50000 (77%)]	 Training Loss: 0.027 ACC: 98.13 CR: 0.41 Avg R1: 4.87 Avg R2: 0.94 Avg Reward: 5.808878
2026-05-16 12:27:57 [INFO] EPOCH:170, ======================CR:0.41008====================
2026-05-16 12:27:57 [INFO] 0.009981472591363932
2026-05-16 12:27:59 [INFO] EPOCH:170, ======================ACC:95.74====================
2026-05-16 12:27:59 [INFO] BEST EPOCH:170,BEST ACC:95.74
2026-05-16 12:28:06 [INFO] Epoch: 171 [12800/50000 (26%)]	 Training Loss: 0.029 ACC: 98.00 CR: 0.41 Avg R1: 4.92 Avg R2: 0.92 Avg Reward: 5.834749
2026-05-16 12:28:12 [INFO] Epoch: 171 [25600/50000 (51%)]	 Training Loss: 0.027 ACC: 98.10 CR: 0.41 Avg R1: 4.94 Avg R2: 0.91 Avg Reward: 5.849040
2026-05-16 12:28:19 [INFO] Epoch: 171 [38400/50000 (77%)]	 Training Loss: 0.027 ACC: 98.10 CR: 0.40 Avg R1: 4.94 Avg R2: 0.91 Avg Reward: 5.856165
2026-05-16 12:28:25 [INFO] EPOCH:171, ======================CR:0.39884====================
2026-05-16 12:28:25 [INFO] 0.0036391402233409836
2026-05-16 12:28:27 [INFO] EPOCH:171, ======================ACC:95.87====================
2026-05-16 12:28:27 [INFO] BEST EPOCH:171,BEST ACC:95.87
2026-05-16 12:28:27 [INFO] Saving Masks: current CR 0.3988 target CR 0.4000
2026-05-16 12:28:27 [INFO] Updated candidate mask pretrained-rescale_mask_best-acc_40_05161107_resnet18 at epoch 171 with acc 95.8700
2026-05-16 12:28:33 [INFO] Epoch: 172 [12800/50000 (26%)]	 Training Loss: 0.023 ACC: 98.41 CR: 0.40 Avg R1: 4.99 Avg R2: 0.90 Avg Reward: 5.890650
2026-05-16 12:28:40 [INFO] Epoch: 172 [25600/50000 (51%)]	 Training Loss: 0.023 ACC: 98.36 CR: 0.40 Avg R1: 4.99 Avg R2: 0.90 Avg Reward: 5.888846
2026-05-16 12:28:47 [INFO] Epoch: 172 [38400/50000 (77%)]	 Training Loss: 0.024 ACC: 98.34 CR: 0.40 Avg R1: 4.99 Avg R2: 0.90 Avg Reward: 5.889094
2026-05-16 12:28:53 [INFO] EPOCH:172, ======================CR:0.40678====================
2026-05-16 12:28:53 [INFO] 0.014432152431621005
2026-05-16 12:28:55 [INFO] EPOCH:172, ======================ACC:95.72====================
2026-05-16 12:28:55 [INFO] BEST EPOCH:171,BEST ACC:95.87
2026-05-16 12:28:55 [INFO] Saving Masks: current CR 0.4068 target CR 0.4000
2026-05-16 12:29:02 [INFO] Epoch: 173 [12800/50000 (26%)]	 Training Loss: 0.024 ACC: 98.27 CR: 0.41 Avg R1: 4.94 Avg R2: 0.90 Avg Reward: 5.839486
2026-05-16 12:29:08 [INFO] Epoch: 173 [25600/50000 (51%)]	 Training Loss: 0.023 ACC: 98.25 CR: 0.41 Avg R1: 4.94 Avg R2: 0.90 Avg Reward: 5.836126
2026-05-16 12:29:15 [INFO] Epoch: 173 [38400/50000 (77%)]	 Training Loss: 0.023 ACC: 98.24 CR: 0.41 Avg R1: 4.94 Avg R2: 0.90 Avg Reward: 5.835489
2026-05-16 12:29:21 [INFO] EPOCH:173, ======================CR:0.40322====================
2026-05-16 12:29:21 [INFO] 0.006812378728564364
2026-05-16 12:29:23 [INFO] EPOCH:173, ======================ACC:95.82====================
2026-05-16 12:29:23 [INFO] BEST EPOCH:171,BEST ACC:95.87
2026-05-16 12:29:23 [INFO] Saving Masks: current CR 0.4032 target CR 0.4000
2026-05-16 12:29:30 [INFO] Epoch: 174 [12800/50000 (26%)]	 Training Loss: 0.023 ACC: 98.37 CR: 0.40 Avg R1: 4.97 Avg R2: 0.88 Avg Reward: 5.849369
2026-05-16 12:29:36 [INFO] Epoch: 174 [25600/50000 (51%)]	 Training Loss: 0.023 ACC: 98.36 CR: 0.40 Avg R1: 4.97 Avg R2: 0.88 Avg Reward: 5.849995
2026-05-16 12:29:43 [INFO] Epoch: 174 [38400/50000 (77%)]	 Training Loss: 0.023 ACC: 98.28 CR: 0.40 Avg R1: 4.97 Avg R2: 0.88 Avg Reward: 5.852518
2026-05-16 12:29:49 [INFO] EPOCH:174, ======================CR:0.39732====================
2026-05-16 12:29:49 [INFO] 0.011816127430911484
2026-05-16 12:29:50 [INFO] EPOCH:174, ======================ACC:95.9====================
2026-05-16 12:29:50 [INFO] BEST EPOCH:174,BEST ACC:95.9
2026-05-16 12:29:50 [INFO] Saving Masks: current CR 0.3973 target CR 0.4000
2026-05-16 12:29:50 [INFO] Updated candidate mask pretrained-rescale_mask_best-acc_40_05161107_resnet18 at epoch 174 with acc 95.9000
2026-05-16 12:29:57 [INFO] Epoch: 175 [12800/50000 (26%)]	 Training Loss: 0.021 ACC: 98.30 CR: 0.40 Avg R1: 4.97 Avg R2: 0.87 Avg Reward: 5.839505
2026-05-16 12:30:04 [INFO] Epoch: 175 [25600/50000 (51%)]	 Training Loss: 0.022 ACC: 98.45 CR: 0.40 Avg R1: 4.97 Avg R2: 0.87 Avg Reward: 5.843773
2026-05-16 12:30:10 [INFO] Epoch: 175 [38400/50000 (77%)]	 Training Loss: 0.021 ACC: 98.49 CR: 0.40 Avg R1: 4.97 Avg R2: 0.87 Avg Reward: 5.845395
2026-05-16 12:30:16 [INFO] EPOCH:175, ======================CR:0.40292====================
2026-05-16 12:30:16 [INFO] 0.005868942024770361
2026-05-16 12:30:18 [INFO] EPOCH:175, ======================ACC:95.82====================
2026-05-16 12:30:18 [INFO] BEST EPOCH:174,BEST ACC:95.9
2026-05-16 12:30:18 [INFO] Saving Masks: current CR 0.4029 target CR 0.4000
2026-05-16 12:30:25 [INFO] Epoch: 176 [12800/50000 (26%)]	 Training Loss: 0.021 ACC: 98.63 CR: 0.40 Avg R1: 4.97 Avg R2: 0.87 Avg Reward: 5.835640
2026-05-16 12:30:32 [INFO] Epoch: 176 [25600/50000 (51%)]	 Training Loss: 0.021 ACC: 98.59 CR: 0.40 Avg R1: 4.96 Avg R2: 0.87 Avg Reward: 5.832052
2026-05-16 12:30:38 [INFO] Epoch: 176 [38400/50000 (77%)]	 Training Loss: 0.021 ACC: 98.56 CR: 0.41 Avg R1: 4.96 Avg R2: 0.87 Avg Reward: 5.826691
2026-05-16 12:30:45 [INFO] EPOCH:176, ======================CR:0.40846====================
2026-05-16 12:30:45 [INFO] 0.006136562716287456
2026-05-16 12:30:46 [INFO] EPOCH:176, ======================ACC:95.68====================
2026-05-16 12:30:46 [INFO] BEST EPOCH:174,BEST ACC:95.9
2026-05-16 12:30:46 [INFO] Saving Masks: current CR 0.4085 target CR 0.4000
2026-05-16 12:30:53 [INFO] Epoch: 177 [12800/50000 (26%)]	 Training Loss: 0.021 ACC: 98.45 CR: 0.41 Avg R1: 4.93 Avg R2: 0.86 Avg Reward: 5.793667
2026-05-16 12:31:00 [INFO] Epoch: 177 [25600/50000 (51%)]	 Training Loss: 0.022 ACC: 98.41 CR: 0.40 Avg R1: 4.94 Avg R2: 0.86 Avg Reward: 5.799896
2026-05-16 12:31:06 [INFO] Epoch: 177 [38400/50000 (77%)]	 Training Loss: 0.022 ACC: 98.44 CR: 0.40 Avg R1: 4.95 Avg R2: 0.86 Avg Reward: 5.812958
2026-05-16 12:31:12 [INFO] EPOCH:177, ======================CR:0.40138====================
2026-05-16 12:31:12 [INFO] 0.010706091921051156
2026-05-16 12:31:14 [INFO] EPOCH:177, ======================ACC:95.82====================
2026-05-16 12:31:14 [INFO] BEST EPOCH:174,BEST ACC:95.9
2026-05-16 12:31:14 [INFO] Saving Masks: current CR 0.4014 target CR 0.4000
2026-05-16 12:31:21 [INFO] Epoch: 178 [12800/50000 (26%)]	 Training Loss: 0.020 ACC: 98.55 CR: 0.40 Avg R1: 4.99 Avg R2: 0.85 Avg Reward: 5.844184
2026-05-16 12:31:27 [INFO] Epoch: 178 [25600/50000 (51%)]	 Training Loss: 0.020 ACC: 98.58 CR: 0.40 Avg R1: 4.99 Avg R2: 0.85 Avg Reward: 5.840323
2026-05-16 12:31:34 [INFO] Epoch: 178 [38400/50000 (77%)]	 Training Loss: 0.019 ACC: 98.62 CR: 0.40 Avg R1: 4.98 Avg R2: 0.85 Avg Reward: 5.833786
2026-05-16 12:31:40 [INFO] EPOCH:178, ======================CR:0.39556====================
2026-05-16 12:31:40 [INFO] 0.01109715456491995
2026-05-16 12:31:42 [INFO] EPOCH:178, ======================ACC:95.81====================
2026-05-16 12:31:42 [INFO] BEST EPOCH:174,BEST ACC:95.9
2026-05-16 12:31:42 [INFO] Saving Masks: current CR 0.3956 target CR 0.4000
2026-05-16 12:31:49 [INFO] Epoch: 179 [12800/50000 (26%)]	 Training Loss: 0.019 ACC: 98.64 CR: 0.40 Avg R1: 4.99 Avg R2: 0.84 Avg Reward: 5.827693
2026-05-16 12:31:55 [INFO] Epoch: 179 [25600/50000 (51%)]	 Training Loss: 0.019 ACC: 98.68 CR: 0.40 Avg R1: 4.99 Avg R2: 0.84 Avg Reward: 5.832996
2026-05-16 12:32:02 [INFO] Epoch: 179 [38400/50000 (77%)]	 Training Loss: 0.019 ACC: 98.59 CR: 0.41 Avg R1: 4.98 Avg R2: 0.84 Avg Reward: 5.825138
2026-05-16 12:32:08 [INFO] EPOCH:179, ======================CR:0.40788====================
2026-05-16 12:32:08 [INFO] 0.0061522583879760106
2026-05-16 12:32:10 [INFO] EPOCH:179, ======================ACC:95.88====================
2026-05-16 12:32:10 [INFO] BEST EPOCH:174,BEST ACC:95.9
2026-05-16 12:32:10 [INFO] Saving Masks: current CR 0.4079 target CR 0.4000
2026-05-16 12:32:17 [INFO] Epoch: 180 [12800/50000 (26%)]	 Training Loss: 0.019 ACC: 98.71 CR: 0.41 Avg R1: 4.94 Avg R2: 0.84 Avg Reward: 5.782361
2026-05-16 12:32:23 [INFO] Epoch: 180 [25600/50000 (51%)]	 Training Loss: 0.019 ACC: 98.71 CR: 0.40 Avg R1: 4.95 Avg R2: 0.84 Avg Reward: 5.787067
2026-05-16 12:32:30 [INFO] Epoch: 180 [38400/50000 (77%)]	 Training Loss: 0.018 ACC: 98.77 CR: 0.40 Avg R1: 4.96 Avg R2: 0.84 Avg Reward: 5.792046
2026-05-16 12:32:36 [INFO] EPOCH:180, ======================CR:0.4034====================
2026-05-16 12:32:36 [INFO] 0.007364644911866735
2026-05-16 12:32:38 [INFO] EPOCH:180, ======================ACC:95.79====================
2026-05-16 12:32:38 [INFO] BEST EPOCH:174,BEST ACC:95.9
2026-05-16 12:32:38 [INFO] Saving Masks: current CR 0.4034 target CR 0.4000
2026-05-16 12:32:45 [INFO] Epoch: 181 [12800/50000 (26%)]	 Training Loss: 0.017 ACC: 98.73 CR: 0.40 Avg R1: 4.98 Avg R2: 0.83 Avg Reward: 5.804574
2026-05-16 12:32:51 [INFO] Epoch: 181 [25600/50000 (51%)]	 Training Loss: 0.018 ACC: 98.69 CR: 0.40 Avg R1: 4.99 Avg R2: 0.82 Avg Reward: 5.809708
2026-05-16 12:32:58 [INFO] Epoch: 181 [38400/50000 (77%)]	 Training Loss: 0.017 ACC: 98.74 CR: 0.40 Avg R1: 4.99 Avg R2: 0.82 Avg Reward: 5.811394
2026-05-16 12:33:04 [INFO] EPOCH:181, ======================CR:0.3948====================
2026-05-16 12:33:04 [INFO] 0.00029063982147939436
2026-05-16 12:33:06 [INFO] EPOCH:181, ======================ACC:95.55====================
2026-05-16 12:33:06 [INFO] BEST EPOCH:174,BEST ACC:95.9
2026-05-16 12:33:06 [INFO] Saving Masks: current CR 0.3948 target CR 0.4000
2026-05-16 12:33:13 [INFO] Epoch: 182 [12800/50000 (26%)]	 Training Loss: 0.018 ACC: 98.86 CR: 0.39 Avg R1: 4.94 Avg R2: 0.82 Avg Reward: 5.752165
2026-05-16 12:33:19 [INFO] Epoch: 182 [25600/50000 (51%)]	 Training Loss: 0.018 ACC: 98.82 CR: 0.40 Avg R1: 4.94 Avg R2: 0.82 Avg Reward: 5.753584
2026-05-16 12:33:26 [INFO] Epoch: 182 [38400/50000 (77%)]	 Training Loss: 0.017 ACC: 98.85 CR: 0.40 Avg R1: 4.95 Avg R2: 0.82 Avg Reward: 5.767722
2026-05-16 12:33:32 [INFO] EPOCH:182, ======================CR:0.40162====================
2026-05-16 12:33:32 [INFO] -0.00010291854829951842
2026-05-16 12:33:33 [INFO] EPOCH:182, ======================ACC:95.91====================
2026-05-16 12:33:33 [INFO] BEST EPOCH:182,BEST ACC:95.91
2026-05-16 12:33:33 [INFO] Saving Masks: current CR 0.4016 target CR 0.4000
2026-05-16 12:33:33 [INFO] Updated candidate mask pretrained-rescale_mask_best-acc_40_05161107_resnet18 at epoch 182 with acc 95.9100
2026-05-16 12:33:40 [INFO] Epoch: 183 [12800/50000 (26%)]	 Training Loss: 0.017 ACC: 98.84 CR: 0.40 Avg R1: 4.99 Avg R2: 0.82 Avg Reward: 5.811305
2026-05-16 12:33:47 [INFO] Epoch: 183 [25600/50000 (51%)]	 Training Loss: 0.016 ACC: 98.85 CR: 0.40 Avg R1: 4.99 Avg R2: 0.82 Avg Reward: 5.810700
2026-05-16 12:33:53 [INFO] Epoch: 183 [38400/50000 (77%)]	 Training Loss: 0.016 ACC: 98.89 CR: 0.40 Avg R1: 4.99 Avg R2: 0.82 Avg Reward: 5.810540
2026-05-16 12:33:59 [INFO] EPOCH:183, ======================CR:0.4053====================
2026-05-16 12:33:59 [INFO] 0.006971145544959415
2026-05-16 12:34:01 [INFO] EPOCH:183, ======================ACC:95.91====================
2026-05-16 12:34:01 [INFO] BEST EPOCH:183,BEST ACC:95.91
2026-05-16 12:34:01 [INFO] Saving Masks: current CR 0.4053 target CR 0.4000
2026-05-16 12:34:01 [INFO] Updated candidate mask pretrained-rescale_mask_best-acc_40_05161107_resnet18 at epoch 183 with acc 95.9100
2026-05-16 12:34:08 [INFO] Epoch: 184 [12800/50000 (26%)]	 Training Loss: 0.018 ACC: 98.72 CR: 0.40 Avg R1: 4.96 Avg R2: 0.82 Avg Reward: 5.773312
2026-05-16 12:34:14 [INFO] Epoch: 184 [25600/50000 (51%)]	 Training Loss: 0.018 ACC: 98.76 CR: 0.40 Avg R1: 4.96 Avg R2: 0.82 Avg Reward: 5.779737
2026-05-16 12:34:21 [INFO] Epoch: 184 [38400/50000 (77%)]	 Training Loss: 0.018 ACC: 98.81 CR: 0.40 Avg R1: 4.97 Avg R2: 0.82 Avg Reward: 5.786969
2026-05-16 12:34:27 [INFO] EPOCH:184, ======================CR:0.39788====================
2026-05-16 12:34:27 [INFO] 0.004849896405748059
2026-05-16 12:34:29 [INFO] EPOCH:184, ======================ACC:95.9====================
2026-05-16 12:34:29 [INFO] BEST EPOCH:183,BEST ACC:95.91
2026-05-16 12:34:29 [INFO] Saving Masks: current CR 0.3979 target CR 0.4000
2026-05-16 12:34:36 [INFO] Epoch: 185 [12800/50000 (26%)]	 Training Loss: 0.017 ACC: 98.82 CR: 0.40 Avg R1: 4.97 Avg R2: 0.81 Avg Reward: 5.785616
2026-05-16 12:34:43 [INFO] Epoch: 185 [25600/50000 (51%)]	 Training Loss: 0.017 ACC: 98.94 CR: 0.40 Avg R1: 4.98 Avg R2: 0.81 Avg Reward: 5.793322
2026-05-16 12:34:49 [INFO] Epoch: 185 [38400/50000 (77%)]	 Training Loss: 0.017 ACC: 98.93 CR: 0.40 Avg R1: 4.99 Avg R2: 0.81 Avg Reward: 5.798035
2026-05-16 12:34:55 [INFO] EPOCH:185, ======================CR:0.4021====================
2026-05-16 12:34:55 [INFO] 0.007294631941503693
2026-05-16 12:34:57 [INFO] EPOCH:185, ======================ACC:95.94====================
2026-05-16 12:34:57 [INFO] BEST EPOCH:185,BEST ACC:95.94
2026-05-16 12:34:57 [INFO] Saving Masks: current CR 0.4021 target CR 0.4000
2026-05-16 12:34:57 [INFO] Updated candidate mask pretrained-rescale_mask_best-acc_40_05161107_resnet18 at epoch 185 with acc 95.9400
2026-05-16 12:35:04 [INFO] Epoch: 186 [12800/50000 (26%)]	 Training Loss: 0.016 ACC: 98.92 CR: 0.40 Avg R1: 4.99 Avg R2: 0.81 Avg Reward: 5.798398
2026-05-16 12:35:10 [INFO] Epoch: 186 [25600/50000 (51%)]	 Training Loss: 0.015 ACC: 98.95 CR: 0.40 Avg R1: 4.99 Avg R2: 0.81 Avg Reward: 5.799780
2026-05-16 12:35:17 [INFO] Epoch: 186 [38400/50000 (77%)]	 Training Loss: 0.015 ACC: 98.94 CR: 0.40 Avg R1: 4.99 Avg R2: 0.81 Avg Reward: 5.798055
2026-05-16 12:35:23 [INFO] EPOCH:186, ======================CR:0.3991====================
2026-05-16 12:35:23 [INFO] 0.00519365815490071
2026-05-16 12:35:25 [INFO] EPOCH:186, ======================ACC:96.1====================
2026-05-16 12:35:25 [INFO] BEST EPOCH:186,BEST ACC:96.1
2026-05-16 12:35:25 [INFO] Saving Masks: current CR 0.3991 target CR 0.4000
2026-05-16 12:35:25 [INFO] Updated candidate mask pretrained-rescale_mask_best-acc_40_05161107_resnet18 at epoch 186 with acc 96.1000
2026-05-16 12:35:31 [INFO] Epoch: 187 [12800/50000 (26%)]	 Training Loss: 0.016 ACC: 98.81 CR: 0.40 Avg R1: 4.99 Avg R2: 0.80 Avg Reward: 5.793592
2026-05-16 12:35:38 [INFO] Epoch: 187 [25600/50000 (51%)]	 Training Loss: 0.015 ACC: 98.95 CR: 0.40 Avg R1: 4.99 Avg R2: 0.80 Avg Reward: 5.795851
2026-05-16 12:35:45 [INFO] Epoch: 187 [38400/50000 (77%)]	 Training Loss: 0.017 ACC: 98.83 CR: 0.40 Avg R1: 4.99 Avg R2: 0.80 Avg Reward: 5.792870
2026-05-16 12:35:51 [INFO] EPOCH:187, ======================CR:0.40598====================
2026-05-16 12:35:51 [INFO] -0.004171180460455485
2026-05-16 12:35:53 [INFO] EPOCH:187, ======================ACC:96.12====================
2026-05-16 12:35:53 [INFO] BEST EPOCH:187,BEST ACC:96.12
2026-05-16 12:35:53 [INFO] Saving Masks: current CR 0.4060 target CR 0.4000
2026-05-16 12:35:53 [INFO] Updated candidate mask pretrained-rescale_mask_best-acc_40_05161107_resnet18 at epoch 187 with acc 96.1200
2026-05-16 12:36:00 [INFO] Epoch: 188 [12800/50000 (26%)]	 Training Loss: 0.015 ACC: 98.92 CR: 0.41 Avg R1: 4.94 Avg R2: 0.81 Avg Reward: 5.746744
2026-05-16 12:36:06 [INFO] Epoch: 188 [25600/50000 (51%)]	 Training Loss: 0.014 ACC: 98.89 CR: 0.41 Avg R1: 4.93 Avg R2: 0.81 Avg Reward: 5.742659
2026-05-16 12:36:13 [INFO] Epoch: 188 [38400/50000 (77%)]	 Training Loss: 0.015 ACC: 98.90 CR: 0.41 Avg R1: 4.94 Avg R2: 0.81 Avg Reward: 5.743620
2026-05-16 12:36:19 [INFO] EPOCH:188, ======================CR:0.40606====================
2026-05-16 12:36:19 [INFO] -7.937923506314302e-06
2026-05-16 12:36:20 [INFO] EPOCH:188, ======================ACC:96.16====================
2026-05-16 12:36:20 [INFO] BEST EPOCH:188,BEST ACC:96.16
2026-05-16 12:36:20 [INFO] Saving Masks: current CR 0.4061 target CR 0.4000
2026-05-16 12:36:20 [INFO] Updated candidate mask pretrained-rescale_mask_best-acc_40_05161107_resnet18 at epoch 188 with acc 96.1600
2026-05-16 12:36:27 [INFO] Epoch: 189 [12800/50000 (26%)]	 Training Loss: 0.017 ACC: 98.84 CR: 0.41 Avg R1: 4.94 Avg R2: 0.80 Avg Reward: 5.742303
2026-05-16 12:36:34 [INFO] Epoch: 189 [25600/50000 (51%)]	 Training Loss: 0.016 ACC: 98.86 CR: 0.40 Avg R1: 4.95 Avg R2: 0.80 Avg Reward: 5.749846
2026-05-16 12:36:41 [INFO] Epoch: 189 [38400/50000 (77%)]	 Training Loss: 0.016 ACC: 98.91 CR: 0.40 Avg R1: 4.96 Avg R2: 0.80 Avg Reward: 5.759340
2026-05-16 12:36:47 [INFO] EPOCH:189, ======================CR:0.39966====================
2026-05-16 12:36:47 [INFO] 0.0006540952797782443
2026-05-16 12:36:48 [INFO] EPOCH:189, ======================ACC:96.07====================
2026-05-16 12:36:48 [INFO] BEST EPOCH:188,BEST ACC:96.16
2026-05-16 12:36:48 [INFO] Saving Masks: current CR 0.3997 target CR 0.4000
2026-05-16 12:36:55 [INFO] Epoch: 190 [12800/50000 (26%)]	 Training Loss: 0.017 ACC: 98.84 CR: 0.40 Avg R1: 4.99 Avg R2: 0.80 Avg Reward: 5.786034
2026-05-16 12:37:02 [INFO] Epoch: 190 [25600/50000 (51%)]	 Training Loss: 0.016 ACC: 98.93 CR: 0.40 Avg R1: 4.99 Avg R2: 0.80 Avg Reward: 5.785153
2026-05-16 12:37:09 [INFO] Epoch: 190 [38400/50000 (77%)]	 Training Loss: 0.016 ACC: 98.96 CR: 0.40 Avg R1: 4.98 Avg R2: 0.80 Avg Reward: 5.780401
2026-05-16 12:37:15 [INFO] EPOCH:190, ======================CR:0.40088====================
2026-05-16 12:37:15 [INFO] 0.0013848473740013616
2026-05-16 12:37:17 [INFO] EPOCH:190, ======================ACC:96.17====================
2026-05-16 12:37:17 [INFO] BEST EPOCH:190,BEST ACC:96.17
2026-05-16 12:37:17 [INFO] Saving Masks: current CR 0.4009 target CR 0.4000
2026-05-16 12:37:17 [INFO] Updated candidate mask pretrained-rescale_mask_best-acc_40_05161107_resnet18 at epoch 190 with acc 96.1700
2026-05-16 12:37:23 [INFO] Epoch: 191 [12800/50000 (26%)]	 Training Loss: 0.013 ACC: 99.09 CR: 0.40 Avg R1: 5.00 Avg R2: 0.79 Avg Reward: 5.786087
2026-05-16 12:37:30 [INFO] Epoch: 191 [25600/50000 (51%)]	 Training Loss: 0.013 ACC: 99.10 CR: 0.40 Avg R1: 4.99 Avg R2: 0.79 Avg Reward: 5.782280
2026-05-16 12:37:36 [INFO] Epoch: 191 [38400/50000 (77%)]	 Training Loss: 0.013 ACC: 99.12 CR: 0.40 Avg R1: 4.99 Avg R2: 0.79 Avg Reward: 5.777033
2026-05-16 12:37:43 [INFO] EPOCH:191, ======================CR:0.39614====================
2026-05-16 12:37:43 [INFO] 0.0018175885290479025
2026-05-16 12:37:44 [INFO] EPOCH:191, ======================ACC:96.17====================
2026-05-16 12:37:44 [INFO] BEST EPOCH:191,BEST ACC:96.17
2026-05-16 12:37:44 [INFO] Saving Masks: current CR 0.3961 target CR 0.4000
2026-05-16 12:37:44 [INFO] Updated candidate mask pretrained-rescale_mask_best-acc_40_05161107_resnet18 at epoch 191 with acc 96.1700
2026-05-16 12:37:51 [INFO] Epoch: 192 [12800/50000 (26%)]	 Training Loss: 0.015 ACC: 99.05 CR: 0.40 Avg R1: 4.96 Avg R2: 0.78 Avg Reward: 5.743865
2026-05-16 12:37:58 [INFO] Epoch: 192 [25600/50000 (51%)]	 Training Loss: 0.015 ACC: 99.03 CR: 0.40 Avg R1: 4.96 Avg R2: 0.78 Avg Reward: 5.748999
2026-05-16 12:38:04 [INFO] Epoch: 192 [38400/50000 (77%)]	 Training Loss: 0.015 ACC: 99.07 CR: 0.40 Avg R1: 4.97 Avg R2: 0.79 Avg Reward: 5.757058
2026-05-16 12:38:10 [INFO] EPOCH:192, ======================CR:0.40336====================
2026-05-16 12:38:10 [INFO] 0.0010614720668866821
2026-05-16 12:38:12 [INFO] EPOCH:192, ======================ACC:96.15====================
2026-05-16 12:38:12 [INFO] BEST EPOCH:191,BEST ACC:96.17
2026-05-16 12:38:12 [INFO] Saving Masks: current CR 0.4034 target CR 0.4000
2026-05-16 12:38:19 [INFO] Epoch: 193 [12800/50000 (26%)]	 Training Loss: 0.014 ACC: 99.10 CR: 0.40 Avg R1: 4.97 Avg R2: 0.79 Avg Reward: 5.759598
2026-05-16 12:38:26 [INFO] Epoch: 193 [25600/50000 (51%)]	 Training Loss: 0.013 ACC: 99.16 CR: 0.40 Avg R1: 4.96 Avg R2: 0.79 Avg Reward: 5.756415
2026-05-16 12:38:32 [INFO] Epoch: 193 [38400/50000 (77%)]	 Training Loss: 0.013 ACC: 99.16 CR: 0.40 Avg R1: 4.97 Avg R2: 0.79 Avg Reward: 5.760092
2026-05-16 12:38:38 [INFO] EPOCH:193, ======================CR:0.40312====================
2026-05-16 12:38:38 [INFO] -0.006985931958439888
2026-05-16 12:38:40 [INFO] EPOCH:193, ======================ACC:96.16====================
2026-05-16 12:38:40 [INFO] BEST EPOCH:191,BEST ACC:96.17
2026-05-16 12:38:40 [INFO] Saving Masks: current CR 0.4031 target CR 0.4000
2026-05-16 12:38:47 [INFO] Epoch: 194 [12800/50000 (26%)]	 Training Loss: 0.014 ACC: 98.98 CR: 0.40 Avg R1: 4.97 Avg R2: 0.79 Avg Reward: 5.761465
2026-05-16 12:38:53 [INFO] Epoch: 194 [25600/50000 (51%)]	 Training Loss: 0.014 ACC: 99.01 CR: 0.40 Avg R1: 4.98 Avg R2: 0.79 Avg Reward: 5.763918
2026-05-16 12:39:00 [INFO] Epoch: 194 [38400/50000 (77%)]	 Training Loss: 0.014 ACC: 98.99 CR: 0.40 Avg R1: 4.98 Avg R2: 0.79 Avg Reward: 5.764169
2026-05-16 12:39:06 [INFO] EPOCH:194, ======================CR:0.40416====================
2026-05-16 12:39:06 [INFO] -0.0003382111340870023
2026-05-16 12:39:08 [INFO] EPOCH:194, ======================ACC:96.23====================
2026-05-16 12:39:08 [INFO] BEST EPOCH:194,BEST ACC:96.23
2026-05-16 12:39:08 [INFO] Saving Masks: current CR 0.4042 target CR 0.4000
2026-05-16 12:39:08 [INFO] Updated candidate mask pretrained-rescale_mask_best-acc_40_05161107_resnet18 at epoch 194 with acc 96.2300
2026-05-16 12:39:14 [INFO] Epoch: 195 [12800/50000 (26%)]	 Training Loss: 0.015 ACC: 99.00 CR: 0.40 Avg R1: 4.96 Avg R2: 0.79 Avg Reward: 5.754292
2026-05-16 12:39:21 [INFO] Epoch: 195 [25600/50000 (51%)]	 Training Loss: 0.015 ACC: 98.95 CR: 0.40 Avg R1: 4.97 Avg R2: 0.79 Avg Reward: 5.760626
2026-05-16 12:39:28 [INFO] Epoch: 195 [38400/50000 (77%)]	 Training Loss: 0.015 ACC: 98.95 CR: 0.40 Avg R1: 4.97 Avg R2: 0.79 Avg Reward: 5.762177
2026-05-16 12:39:34 [INFO] EPOCH:195, ======================CR:0.3994====================
2026-05-16 12:39:34 [INFO] 0.0032828226545410007
2026-05-16 12:39:35 [INFO] EPOCH:195, ======================ACC:96.2====================
2026-05-16 12:39:35 [INFO] BEST EPOCH:194,BEST ACC:96.23
2026-05-16 12:39:35 [INFO] Saving Masks: current CR 0.3994 target CR 0.4000
2026-05-16 12:39:42 [INFO] Epoch: 196 [12800/50000 (26%)]	 Training Loss: 0.013 ACC: 99.10 CR: 0.40 Avg R1: 4.99 Avg R2: 0.78 Avg Reward: 5.773680
2026-05-16 12:39:49 [INFO] Epoch: 196 [25600/50000 (51%)]	 Training Loss: 0.014 ACC: 99.04 CR: 0.40 Avg R1: 4.99 Avg R2: 0.78 Avg Reward: 5.773353
2026-05-16 12:39:55 [INFO] Epoch: 196 [38400/50000 (77%)]	 Training Loss: 0.015 ACC: 98.96 CR: 0.40 Avg R1: 4.99 Avg R2: 0.78 Avg Reward: 5.771689
2026-05-16 12:40:01 [INFO] EPOCH:196, ======================CR:0.40236====================
2026-05-16 12:40:01 [INFO] -0.00011912130098729868
2026-05-16 12:40:03 [INFO] EPOCH:196, ======================ACC:96.17====================
2026-05-16 12:40:03 [INFO] BEST EPOCH:194,BEST ACC:96.23
2026-05-16 12:40:03 [INFO] Saving Masks: current CR 0.4024 target CR 0.4000
2026-05-16 12:40:10 [INFO] Epoch: 197 [12800/50000 (26%)]	 Training Loss: 0.013 ACC: 99.15 CR: 0.40 Avg R1: 4.98 Avg R2: 0.79 Avg Reward: 5.769877
2026-05-16 12:40:16 [INFO] Epoch: 197 [25600/50000 (51%)]	 Training Loss: 0.013 ACC: 99.06 CR: 0.40 Avg R1: 4.98 Avg R2: 0.79 Avg Reward: 5.769615
2026-05-16 12:40:23 [INFO] Epoch: 197 [38400/50000 (77%)]	 Training Loss: 0.014 ACC: 99.05 CR: 0.40 Avg R1: 4.98 Avg R2: 0.79 Avg Reward: 5.772522
2026-05-16 12:40:29 [INFO] EPOCH:197, ======================CR:0.39952====================
2026-05-16 12:40:29 [INFO] 0.003751003816132481
2026-05-16 12:40:31 [INFO] EPOCH:197, ======================ACC:96.17====================
2026-05-16 12:40:31 [INFO] BEST EPOCH:194,BEST ACC:96.23
2026-05-16 12:40:31 [INFO] Saving Masks: current CR 0.3995 target CR 0.4000
2026-05-16 12:40:37 [INFO] Epoch: 198 [12800/50000 (26%)]	 Training Loss: 0.016 ACC: 98.91 CR: 0.40 Avg R1: 4.98 Avg R2: 0.78 Avg Reward: 5.754850
2026-05-16 12:40:44 [INFO] Epoch: 198 [25600/50000 (51%)]	 Training Loss: 0.015 ACC: 98.93 CR: 0.40 Avg R1: 4.98 Avg R2: 0.78 Avg Reward: 5.762791
2026-05-16 12:40:51 [INFO] Epoch: 198 [38400/50000 (77%)]	 Training Loss: 0.015 ACC: 98.95 CR: 0.40 Avg R1: 4.98 Avg R2: 0.78 Avg Reward: 5.763289
2026-05-16 12:40:57 [INFO] EPOCH:198, ======================CR:0.4027====================
2026-05-16 12:40:57 [INFO] -0.0021388233012708162
2026-05-16 12:40:59 [INFO] EPOCH:198, ======================ACC:96.17====================
2026-05-16 12:40:59 [INFO] BEST EPOCH:194,BEST ACC:96.23
2026-05-16 12:40:59 [INFO] Saving Masks: current CR 0.4027 target CR 0.4000
2026-05-16 12:41:06 [INFO] Epoch: 199 [12800/50000 (26%)]	 Training Loss: 0.014 ACC: 99.13 CR: 0.40 Avg R1: 4.98 Avg R2: 0.79 Avg Reward: 5.761490
2026-05-16 12:41:12 [INFO] Epoch: 199 [25600/50000 (51%)]	 Training Loss: 0.015 ACC: 99.05 CR: 0.40 Avg R1: 4.97 Avg R2: 0.79 Avg Reward: 5.760339
2026-05-16 12:41:19 [INFO] Epoch: 199 [38400/50000 (77%)]	 Training Loss: 0.015 ACC: 99.04 CR: 0.40 Avg R1: 4.98 Avg R2: 0.79 Avg Reward: 5.763261
2026-05-16 12:41:25 [INFO] EPOCH:199, ======================CR:0.39934====================
2026-05-16 12:41:25 [INFO] -0.003059341041376139
2026-05-16 12:41:27 [INFO] EPOCH:199, ======================ACC:96.19====================
2026-05-16 12:41:27 [INFO] BEST EPOCH:194,BEST ACC:96.23
2026-05-16 12:41:27 [INFO] Saving Masks: current CR 0.3993 target CR 0.4000
2026-05-16 12:41:27 [INFO] Saved standard mask to /nvme/home/lixiang/baseline/RLSelector/mask/cifar10/96/mask_40.npz with 20000/50000 samples selected
