2026-05-17 02:16:01 [INFO] Epoch: 0 [12800/50000 (26%)]	 Training Loss: 0.856 ACC: 35.59 CR: 0.87 Avg R1: 1.65 Avg R2: 4.68 Avg Reward: 6.334647
2026-05-17 02:16:09 [INFO] Epoch: 0 [25600/50000 (51%)]	 Training Loss: 0.836 ACC: 37.03 CR: 0.74 Avg R1: 3.04 Avg R2: 4.36 Avg Reward: 7.405114
2026-05-17 02:16:17 [INFO] Epoch: 0 [38400/50000 (77%)]	 Training Loss: 0.823 ACC: 38.11 CR: 0.61 Avg R1: 3.44 Avg R2: 4.04 Avg Reward: 7.476183
2026-05-17 02:16:24 [INFO] EPOCH:0, ======================CR:0.49386====================
2026-05-17 02:16:24 [INFO] -0.00429013478065958
2026-05-17 02:16:26 [INFO] EPOCH:0, ======================ACC:46.65====================
2026-05-17 02:16:26 [INFO] BEST EPOCH:0,BEST ACC:46.65
2026-05-17 02:16:34 [INFO] Epoch: 1 [12800/50000 (26%)]	 Training Loss: 0.777 ACC: 43.36 CR: 0.50 Avg R1: 3.10 Avg R2: 1.92 Avg Reward: 5.017500
2026-05-17 02:16:44 [INFO] Epoch: 1 [25600/50000 (51%)]	 Training Loss: 0.771 ACC: 43.75 CR: 0.50 Avg R1: 3.11 Avg R2: 1.92 Avg Reward: 5.035050
2026-05-17 02:16:55 [INFO] Epoch: 1 [38400/50000 (77%)]	 Training Loss: 0.765 ACC: 44.13 CR: 0.51 Avg R1: 3.13 Avg R2: 1.93 Avg Reward: 5.056455
2026-05-17 02:17:06 [INFO] EPOCH:1, ======================CR:0.50898====================
2026-05-17 02:17:06 [INFO] -0.0025470164490714025
2026-05-17 02:17:08 [INFO] EPOCH:1, ======================ACC:50.94====================
2026-05-17 02:17:08 [INFO] BEST EPOCH:1,BEST ACC:50.94
2026-05-17 02:17:21 [INFO] Epoch: 2 [12800/50000 (26%)]	 Training Loss: 0.706 ACC: 47.71 CR: 0.51 Avg R1: 3.17 Avg R2: 2.18 Avg Reward: 5.349527
2026-05-17 02:17:35 [INFO] Epoch: 2 [25600/50000 (51%)]	 Training Loss: 0.698 ACC: 48.57 CR: 0.51 Avg R1: 3.17 Avg R2: 2.18 Avg Reward: 5.344163
2026-05-17 02:17:48 [INFO] Epoch: 2 [38400/50000 (77%)]	 Training Loss: 0.691 ACC: 49.29 CR: 0.50 Avg R1: 3.16 Avg R2: 2.17 Avg Reward: 5.338292
2026-05-17 02:18:00 [INFO] EPOCH:2, ======================CR:0.50432====================
2026-05-17 02:18:00 [INFO] -0.0017585122143520548
2026-05-17 02:18:02 [INFO] EPOCH:2, ======================ACC:55.56====================
2026-05-17 02:18:02 [INFO] BEST EPOCH:2,BEST ACC:55.56
2026-05-17 02:18:16 [INFO] Epoch: 3 [12800/50000 (26%)]	 Training Loss: 0.638 ACC: 53.30 CR: 0.50 Avg R1: 3.15 Avg R2: 2.32 Avg Reward: 5.466919
2026-05-17 02:18:30 [INFO] Epoch: 3 [25600/50000 (51%)]	 Training Loss: 0.628 ACC: 53.93 CR: 0.50 Avg R1: 3.14 Avg R2: 2.31 Avg Reward: 5.455568
2026-05-17 02:18:45 [INFO] Epoch: 3 [38400/50000 (77%)]	 Training Loss: 0.623 ACC: 54.25 CR: 0.50 Avg R1: 3.14 Avg R2: 2.31 Avg Reward: 5.445155
2026-05-17 02:19:03 [INFO] EPOCH:3, ======================CR:0.49924====================
2026-05-17 02:19:03 [INFO] -0.0007353713206532059
2026-05-17 02:19:05 [INFO] EPOCH:3, ======================ACC:50.19====================
2026-05-17 02:19:05 [INFO] BEST EPOCH:2,BEST ACC:55.56
2026-05-17 02:19:26 [INFO] Epoch: 4 [12800/50000 (26%)]	 Training Loss: 0.592 ACC: 57.97 CR: 0.50 Avg R1: 3.13 Avg R2: 2.43 Avg Reward: 5.558324
2026-05-17 02:19:45 [INFO] Epoch: 4 [25600/50000 (51%)]	 Training Loss: 0.597 ACC: 58.49 CR: 0.52 Avg R1: 3.15 Avg R2: 2.44 Avg Reward: 5.596097
2026-05-17 02:20:05 [INFO] Epoch: 4 [38400/50000 (77%)]	 Training Loss: 0.602 ACC: 59.27 CR: 0.54 Avg R1: 3.19 Avg R2: 2.46 Avg Reward: 5.657361
2026-05-17 02:20:25 [INFO] EPOCH:4, ======================CR:0.56308====================
2026-05-17 02:20:25 [INFO] -0.0029909949729177315
2026-05-17 02:20:27 [INFO] EPOCH:4, ======================ACC:60.77====================
2026-05-17 02:20:27 [INFO] BEST EPOCH:4,BEST ACC:60.77
2026-05-17 02:20:49 [INFO] Epoch: 5 [12800/50000 (26%)]	 Training Loss: 0.613 ACC: 61.16 CR: 0.57 Avg R1: 3.55 Avg R2: 2.69 Avg Reward: 6.239568
2026-05-17 02:21:12 [INFO] Epoch: 5 [25600/50000 (51%)]	 Training Loss: 0.604 ACC: 61.14 CR: 0.58 Avg R1: 3.57 Avg R2: 2.70 Avg Reward: 6.274899
2026-05-17 02:21:34 [INFO] Epoch: 5 [38400/50000 (77%)]	 Training Loss: 0.588 ACC: 61.39 CR: 0.57 Avg R1: 3.59 Avg R2: 2.71 Avg Reward: 6.290160
2026-05-17 02:21:56 [INFO] EPOCH:5, ======================CR:0.56352====================
2026-05-17 02:21:56 [INFO] 0.00710307861853059
2026-05-17 02:21:58 [INFO] EPOCH:5, ======================ACC:63.8====================
2026-05-17 02:21:58 [INFO] BEST EPOCH:5,BEST ACC:63.8
2026-05-17 02:22:22 [INFO] Epoch: 6 [12800/50000 (26%)]	 Training Loss: 0.531 ACC: 62.09 CR: 0.55 Avg R1: 3.49 Avg R2: 2.64 Avg Reward: 6.131840
2026-05-17 02:22:46 [INFO] Epoch: 6 [25600/50000 (51%)]	 Training Loss: 0.517 ACC: 63.45 CR: 0.54 Avg R1: 3.45 Avg R2: 2.63 Avg Reward: 6.081903
2026-05-17 02:23:10 [INFO] Epoch: 6 [38400/50000 (77%)]	 Training Loss: 0.510 ACC: 64.11 CR: 0.53 Avg R1: 3.42 Avg R2: 2.61 Avg Reward: 6.030770
2026-05-17 02:23:33 [INFO] EPOCH:6, ======================CR:0.5194====================
2026-05-17 02:23:33 [INFO] 0.001815537871821168
2026-05-17 02:23:35 [INFO] EPOCH:6, ======================ACC:65.96====================
2026-05-17 02:23:35 [INFO] BEST EPOCH:6,BEST ACC:65.96
2026-05-17 02:24:01 [INFO] Epoch: 7 [12800/50000 (26%)]	 Training Loss: 0.469 ACC: 67.45 CR: 0.52 Avg R1: 3.23 Avg R2: 2.47 Avg Reward: 5.705621
2026-05-17 02:24:27 [INFO] Epoch: 7 [25600/50000 (51%)]	 Training Loss: 0.474 ACC: 67.37 CR: 0.52 Avg R1: 3.23 Avg R2: 2.47 Avg Reward: 5.704889
2026-05-17 02:24:53 [INFO] Epoch: 7 [38400/50000 (77%)]	 Training Loss: 0.478 ACC: 67.10 CR: 0.52 Avg R1: 3.24 Avg R2: 2.47 Avg Reward: 5.710869
2026-05-17 02:25:16 [INFO] EPOCH:7, ======================CR:0.51992====================
2026-05-17 02:25:16 [INFO] 0.0011559315633935124
2026-05-17 02:25:19 [INFO] EPOCH:7, ======================ACC:68.3====================
2026-05-17 02:25:19 [INFO] BEST EPOCH:7,BEST ACC:68.3
2026-05-17 02:25:46 [INFO] Epoch: 8 [12800/50000 (26%)]	 Training Loss: 0.459 ACC: 67.66 CR: 0.52 Avg R1: 3.25 Avg R2: 2.42 Avg Reward: 5.664871
2026-05-17 02:26:11 [INFO] Epoch: 8 [25600/50000 (51%)]	 Training Loss: 0.456 ACC: 68.04 CR: 0.52 Avg R1: 3.25 Avg R2: 2.42 Avg Reward: 5.665050
2026-05-17 02:26:37 [INFO] Epoch: 8 [38400/50000 (77%)]	 Training Loss: 0.457 ACC: 68.00 CR: 0.52 Avg R1: 3.24 Avg R2: 2.41 Avg Reward: 5.656785
2026-05-17 02:27:01 [INFO] EPOCH:8, ======================CR:0.51706====================
2026-05-17 02:27:01 [INFO] -1.1354010388164368e-05
2026-05-17 02:27:03 [INFO] EPOCH:8, ======================ACC:70.89====================
2026-05-17 02:27:03 [INFO] BEST EPOCH:8,BEST ACC:70.89
2026-05-17 02:27:30 [INFO] Epoch: 9 [12800/50000 (26%)]	 Training Loss: 0.433 ACC: 69.84 CR: 0.52 Avg R1: 3.23 Avg R2: 2.32 Avg Reward: 5.551952
2026-05-17 02:27:49 [INFO] Epoch: 9 [25600/50000 (51%)]	 Training Loss: 0.433 ACC: 69.84 CR: 0.52 Avg R1: 3.23 Avg R2: 2.32 Avg Reward: 5.551510
2026-05-17 02:28:02 [INFO] Epoch: 9 [38400/50000 (77%)]	 Training Loss: 0.429 ACC: 70.07 CR: 0.52 Avg R1: 3.23 Avg R2: 2.32 Avg Reward: 5.550993
2026-05-17 02:28:14 [INFO] EPOCH:9, ======================CR:0.51836====================
2026-05-17 02:28:14 [INFO] 0.009277545270763247
2026-05-17 02:28:16 [INFO] EPOCH:9, ======================ACC:73.34====================
2026-05-17 02:28:16 [INFO] BEST EPOCH:9,BEST ACC:73.34
2026-05-17 02:28:31 [INFO] Epoch: 10 [12800/50000 (26%)]	 Training Loss: 0.421 ACC: 70.92 CR: 0.52 Avg R1: 3.25 Avg R2: 2.26 Avg Reward: 5.504020
2026-05-17 02:28:45 [INFO] Epoch: 10 [25600/50000 (51%)]	 Training Loss: 0.413 ACC: 71.61 CR: 0.52 Avg R1: 3.25 Avg R2: 2.26 Avg Reward: 5.508977
2026-05-17 02:28:58 [INFO] Epoch: 10 [38400/50000 (77%)]	 Training Loss: 0.407 ACC: 72.14 CR: 0.52 Avg R1: 3.26 Avg R2: 2.26 Avg Reward: 5.517183
2026-05-17 02:29:11 [INFO] EPOCH:10, ======================CR:0.52252====================
2026-05-17 02:29:11 [INFO] -0.0007387598273818135
2026-05-17 02:29:13 [INFO] EPOCH:10, ======================ACC:76.56====================
2026-05-17 02:29:13 [INFO] BEST EPOCH:10,BEST ACC:76.56
2026-05-17 02:29:27 [INFO] Epoch: 11 [12800/50000 (26%)]	 Training Loss: 0.395 ACC: 73.21 CR: 0.52 Avg R1: 3.25 Avg R2: 2.18 Avg Reward: 5.435025
2026-05-17 02:29:39 [INFO] Epoch: 11 [25600/50000 (51%)]	 Training Loss: 0.389 ACC: 73.18 CR: 0.51 Avg R1: 3.24 Avg R2: 2.18 Avg Reward: 5.419493
2026-05-17 02:29:54 [INFO] Epoch: 11 [38400/50000 (77%)]	 Training Loss: 0.385 ACC: 73.53 CR: 0.51 Avg R1: 3.23 Avg R2: 2.17 Avg Reward: 5.401100
2026-05-17 02:30:07 [INFO] EPOCH:11, ======================CR:0.50814====================
2026-05-17 02:30:07 [INFO] -0.004031783511284048
2026-05-17 02:30:09 [INFO] EPOCH:11, ======================ACC:77.15====================
2026-05-17 02:30:09 [INFO] BEST EPOCH:11,BEST ACC:77.15
2026-05-17 02:30:23 [INFO] Epoch: 12 [12800/50000 (26%)]	 Training Loss: 0.354 ACC: 75.81 CR: 0.51 Avg R1: 3.18 Avg R2: 2.08 Avg Reward: 5.261932
2026-05-17 02:30:37 [INFO] Epoch: 12 [25600/50000 (51%)]	 Training Loss: 0.358 ACC: 75.45 CR: 0.51 Avg R1: 3.17 Avg R2: 2.08 Avg Reward: 5.252804
2026-05-17 02:30:51 [INFO] Epoch: 12 [38400/50000 (77%)]	 Training Loss: 0.355 ACC: 75.51 CR: 0.51 Avg R1: 3.17 Avg R2: 2.08 Avg Reward: 5.251219
2026-05-17 02:31:04 [INFO] EPOCH:12, ======================CR:0.50408====================
2026-05-17 02:31:04 [INFO] 0.005275784841882204
2026-05-17 02:31:06 [INFO] EPOCH:12, ======================ACC:76.57====================
2026-05-17 02:31:06 [INFO] BEST EPOCH:11,BEST ACC:77.15
2026-05-17 02:31:19 [INFO] Epoch: 13 [12800/50000 (26%)]	 Training Loss: 0.342 ACC: 76.23 CR: 0.50 Avg R1: 3.14 Avg R2: 2.01 Avg Reward: 5.153339
2026-05-17 02:31:31 [INFO] Epoch: 13 [25600/50000 (51%)]	 Training Loss: 0.342 ACC: 76.37 CR: 0.50 Avg R1: 3.14 Avg R2: 2.01 Avg Reward: 5.148765
2026-05-17 02:31:44 [INFO] Epoch: 13 [38400/50000 (77%)]	 Training Loss: 0.342 ACC: 76.34 CR: 0.50 Avg R1: 3.14 Avg R2: 2.01 Avg Reward: 5.146850
2026-05-17 02:31:56 [INFO] EPOCH:13, ======================CR:0.5038====================
2026-05-17 02:31:56 [INFO] 0.003467744834111565
2026-05-17 02:31:58 [INFO] EPOCH:13, ======================ACC:79.94====================
2026-05-17 02:31:58 [INFO] BEST EPOCH:13,BEST ACC:79.94
2026-05-17 02:32:13 [INFO] Epoch: 14 [12800/50000 (26%)]	 Training Loss: 0.335 ACC: 77.01 CR: 0.50 Avg R1: 3.15 Avg R2: 1.98 Avg Reward: 5.126672
2026-05-17 02:32:26 [INFO] Epoch: 14 [25600/50000 (51%)]	 Training Loss: 0.330 ACC: 77.25 CR: 0.50 Avg R1: 3.14 Avg R2: 1.98 Avg Reward: 5.121628
2026-05-17 02:32:41 [INFO] Epoch: 14 [38400/50000 (77%)]	 Training Loss: 0.329 ACC: 77.35 CR: 0.50 Avg R1: 3.14 Avg R2: 1.98 Avg Reward: 5.120544
2026-05-17 02:32:55 [INFO] EPOCH:14, ======================CR:0.50224====================
2026-05-17 02:32:55 [INFO] 0.004826771796369066
2026-05-17 02:32:57 [INFO] EPOCH:14, ======================ACC:78.17====================
2026-05-17 02:32:57 [INFO] BEST EPOCH:13,BEST ACC:79.94
2026-05-17 02:33:11 [INFO] Epoch: 15 [12800/50000 (26%)]	 Training Loss: 0.310 ACC: 78.32 CR: 0.50 Avg R1: 3.15 Avg R2: 1.93 Avg Reward: 5.077911
2026-05-17 02:33:25 [INFO] Epoch: 15 [25600/50000 (51%)]	 Training Loss: 0.316 ACC: 78.02 CR: 0.51 Avg R1: 3.15 Avg R2: 1.93 Avg Reward: 5.081229
2026-05-17 02:33:39 [INFO] Epoch: 15 [38400/50000 (77%)]	 Training Loss: 0.312 ACC: 78.21 CR: 0.50 Avg R1: 3.15 Avg R2: 1.93 Avg Reward: 5.081805
2026-05-17 02:33:52 [INFO] EPOCH:15, ======================CR:0.50186====================
2026-05-17 02:33:52 [INFO] 0.0012246357106546113
2026-05-17 02:33:54 [INFO] EPOCH:15, ======================ACC:79.74====================
2026-05-17 02:33:54 [INFO] BEST EPOCH:13,BEST ACC:79.94
2026-05-17 02:34:08 [INFO] Epoch: 16 [12800/50000 (26%)]	 Training Loss: 0.309 ACC: 78.68 CR: 0.50 Avg R1: 3.13 Avg R2: 1.90 Avg Reward: 5.027831
2026-05-17 02:34:24 [INFO] Epoch: 16 [25600/50000 (51%)]	 Training Loss: 0.309 ACC: 78.45 CR: 0.50 Avg R1: 3.12 Avg R2: 1.89 Avg Reward: 5.015744
2026-05-17 02:34:38 [INFO] Epoch: 16 [38400/50000 (77%)]	 Training Loss: 0.303 ACC: 78.78 CR: 0.49 Avg R1: 3.12 Avg R2: 1.89 Avg Reward: 5.005267
2026-05-17 02:34:51 [INFO] EPOCH:16, ======================CR:0.49566====================
2026-05-17 02:34:51 [INFO] 0.0046695239540652
2026-05-17 02:34:52 [INFO] EPOCH:16, ======================ACC:78.1====================
2026-05-17 02:34:52 [INFO] BEST EPOCH:13,BEST ACC:79.94
2026-05-17 02:35:08 [INFO] Epoch: 17 [12800/50000 (26%)]	 Training Loss: 0.303 ACC: 78.65 CR: 0.50 Avg R1: 3.10 Avg R2: 1.84 Avg Reward: 4.932376
2026-05-17 02:35:22 [INFO] Epoch: 17 [25600/50000 (51%)]	 Training Loss: 0.294 ACC: 79.38 CR: 0.49 Avg R1: 3.10 Avg R2: 1.84 Avg Reward: 4.932275
2026-05-17 02:35:36 [INFO] Epoch: 17 [38400/50000 (77%)]	 Training Loss: 0.293 ACC: 79.38 CR: 0.49 Avg R1: 3.09 Avg R2: 1.84 Avg Reward: 4.930360
2026-05-17 02:35:48 [INFO] EPOCH:17, ======================CR:0.49508====================
2026-05-17 02:35:48 [INFO] -0.0004520839939986176
2026-05-17 02:35:50 [INFO] EPOCH:17, ======================ACC:81.57====================
2026-05-17 02:35:50 [INFO] BEST EPOCH:17,BEST ACC:81.57
2026-05-17 02:36:04 [INFO] Epoch: 18 [12800/50000 (26%)]	 Training Loss: 0.281 ACC: 80.84 CR: 0.50 Avg R1: 3.10 Avg R2: 1.80 Avg Reward: 4.901322
2026-05-17 02:36:18 [INFO] Epoch: 18 [25600/50000 (51%)]	 Training Loss: 0.284 ACC: 80.38 CR: 0.50 Avg R1: 3.10 Avg R2: 1.81 Avg Reward: 4.908893
2026-05-17 02:36:32 [INFO] Epoch: 18 [38400/50000 (77%)]	 Training Loss: 0.287 ACC: 80.15 CR: 0.49 Avg R1: 3.10 Avg R2: 1.80 Avg Reward: 4.906823
2026-05-17 02:36:46 [INFO] EPOCH:18, ======================CR:0.4939====================
2026-05-17 02:36:46 [INFO] 0.0008201858585488356
2026-05-17 02:36:48 [INFO] EPOCH:18, ======================ACC:80.57====================
2026-05-17 02:36:48 [INFO] BEST EPOCH:17,BEST ACC:81.57
2026-05-17 02:37:01 [INFO] Epoch: 19 [12800/50000 (26%)]	 Training Loss: 0.282 ACC: 80.40 CR: 0.50 Avg R1: 3.09 Avg R2: 1.78 Avg Reward: 4.864907
2026-05-17 02:37:15 [INFO] Epoch: 19 [25600/50000 (51%)]	 Training Loss: 0.284 ACC: 80.38 CR: 0.50 Avg R1: 3.10 Avg R2: 1.78 Avg Reward: 4.875655
2026-05-17 02:37:30 [INFO] Epoch: 19 [38400/50000 (77%)]	 Training Loss: 0.284 ACC: 80.54 CR: 0.50 Avg R1: 3.10 Avg R2: 1.78 Avg Reward: 4.881536
2026-05-17 02:37:42 [INFO] EPOCH:19, ======================CR:0.50208====================
2026-05-17 02:37:42 [INFO] -7.506823594264102e-05
2026-05-17 02:37:44 [INFO] EPOCH:19, ======================ACC:80.91====================
2026-05-17 02:37:44 [INFO] BEST EPOCH:17,BEST ACC:81.57
2026-05-17 02:37:57 [INFO] Epoch: 20 [12800/50000 (26%)]	 Training Loss: 0.265 ACC: 81.21 CR: 0.50 Avg R1: 3.13 Avg R2: 1.75 Avg Reward: 4.881740
2026-05-17 02:38:11 [INFO] Epoch: 20 [25600/50000 (51%)]	 Training Loss: 0.268 ACC: 80.99 CR: 0.50 Avg R1: 3.13 Avg R2: 1.75 Avg Reward: 4.879055
2026-05-17 02:38:25 [INFO] Epoch: 20 [38400/50000 (77%)]	 Training Loss: 0.271 ACC: 80.98 CR: 0.50 Avg R1: 3.13 Avg R2: 1.75 Avg Reward: 4.882617
2026-05-17 02:38:38 [INFO] EPOCH:20, ======================CR:0.49946====================
2026-05-17 02:38:38 [INFO] -0.0061860023212129125
2026-05-17 02:38:40 [INFO] EPOCH:20, ======================ACC:83.26====================
2026-05-17 02:38:40 [INFO] BEST EPOCH:20,BEST ACC:83.26
2026-05-17 02:38:56 [INFO] Epoch: 21 [12800/50000 (26%)]	 Training Loss: 0.263 ACC: 82.02 CR: 0.50 Avg R1: 3.13 Avg R2: 1.74 Avg Reward: 4.864793
2026-05-17 02:39:09 [INFO] Epoch: 21 [25600/50000 (51%)]	 Training Loss: 0.272 ACC: 81.25 CR: 0.50 Avg R1: 3.13 Avg R2: 1.74 Avg Reward: 4.869949
2026-05-17 02:39:22 [INFO] Epoch: 21 [38400/50000 (77%)]	 Training Loss: 0.272 ACC: 81.18 CR: 0.50 Avg R1: 3.14 Avg R2: 1.74 Avg Reward: 4.877093
2026-05-17 02:39:36 [INFO] EPOCH:21, ======================CR:0.50396====================
2026-05-17 02:39:36 [INFO] 0.005287320035112396
2026-05-17 02:39:37 [INFO] EPOCH:21, ======================ACC:81.1====================
2026-05-17 02:39:37 [INFO] BEST EPOCH:20,BEST ACC:83.26
2026-05-17 02:39:52 [INFO] Epoch: 22 [12800/50000 (26%)]	 Training Loss: 0.265 ACC: 81.61 CR: 0.50 Avg R1: 3.14 Avg R2: 1.72 Avg Reward: 4.858771
2026-05-17 02:40:07 [INFO] Epoch: 22 [25600/50000 (51%)]	 Training Loss: 0.270 ACC: 81.56 CR: 0.50 Avg R1: 3.14 Avg R2: 1.72 Avg Reward: 4.856510
2026-05-17 02:40:20 [INFO] Epoch: 22 [38400/50000 (77%)]	 Training Loss: 0.266 ACC: 82.00 CR: 0.50 Avg R1: 3.14 Avg R2: 1.72 Avg Reward: 4.857615
2026-05-17 02:40:33 [INFO] EPOCH:22, ======================CR:0.5029====================
2026-05-17 02:40:33 [INFO] -0.005740261888616919
2026-05-17 02:40:35 [INFO] EPOCH:22, ======================ACC:80.64====================
2026-05-17 02:40:35 [INFO] BEST EPOCH:20,BEST ACC:83.26
2026-05-17 02:40:51 [INFO] Epoch: 23 [12800/50000 (26%)]	 Training Loss: 0.271 ACC: 81.29 CR: 0.50 Avg R1: 3.14 Avg R2: 1.71 Avg Reward: 4.845081
2026-05-17 02:41:05 [INFO] Epoch: 23 [25600/50000 (51%)]	 Training Loss: 0.265 ACC: 81.70 CR: 0.50 Avg R1: 3.14 Avg R2: 1.71 Avg Reward: 4.845488
2026-05-17 02:41:19 [INFO] Epoch: 23 [38400/50000 (77%)]	 Training Loss: 0.269 ACC: 81.51 CR: 0.51 Avg R1: 3.14 Avg R2: 1.71 Avg Reward: 4.850826
2026-05-17 02:41:32 [INFO] EPOCH:23, ======================CR:0.5086====================
2026-05-17 02:41:32 [INFO] 0.005082460727856124
2026-05-17 02:41:34 [INFO] EPOCH:23, ======================ACC:84.77====================
2026-05-17 02:41:34 [INFO] BEST EPOCH:23,BEST ACC:84.77
2026-05-17 02:41:47 [INFO] Epoch: 24 [12800/50000 (26%)]	 Training Loss: 0.266 ACC: 81.75 CR: 0.51 Avg R1: 3.19 Avg R2: 1.70 Avg Reward: 4.887117
2026-05-17 02:42:01 [INFO] Epoch: 24 [25600/50000 (51%)]	 Training Loss: 0.256 ACC: 82.50 CR: 0.51 Avg R1: 3.18 Avg R2: 1.70 Avg Reward: 4.884818
2026-05-17 02:42:15 [INFO] Epoch: 24 [38400/50000 (77%)]	 Training Loss: 0.257 ACC: 82.19 CR: 0.51 Avg R1: 3.18 Avg R2: 1.70 Avg Reward: 4.876827
2026-05-17 02:42:28 [INFO] EPOCH:24, ======================CR:0.50532====================
2026-05-17 02:42:28 [INFO] 0.004187688541111742
2026-05-17 02:42:29 [INFO] EPOCH:24, ======================ACC:81.04====================
2026-05-17 02:42:29 [INFO] BEST EPOCH:23,BEST ACC:84.77
2026-05-17 02:42:44 [INFO] Epoch: 25 [12800/50000 (26%)]	 Training Loss: 0.253 ACC: 82.38 CR: 0.51 Avg R1: 3.16 Avg R2: 1.69 Avg Reward: 4.848971
2026-05-17 02:42:57 [INFO] Epoch: 25 [25600/50000 (51%)]	 Training Loss: 0.250 ACC: 82.69 CR: 0.51 Avg R1: 3.16 Avg R2: 1.69 Avg Reward: 4.851665
2026-05-17 02:43:11 [INFO] Epoch: 25 [38400/50000 (77%)]	 Training Loss: 0.251 ACC: 82.59 CR: 0.51 Avg R1: 3.16 Avg R2: 1.69 Avg Reward: 4.852541
2026-05-17 02:43:23 [INFO] EPOCH:25, ======================CR:0.50474====================
2026-05-17 02:43:23 [INFO] 0.005801401602996628
2026-05-17 02:43:25 [INFO] EPOCH:25, ======================ACC:80.4====================
2026-05-17 02:43:25 [INFO] BEST EPOCH:23,BEST ACC:84.77
2026-05-17 02:43:39 [INFO] Epoch: 26 [12800/50000 (26%)]	 Training Loss: 0.254 ACC: 82.75 CR: 0.50 Avg R1: 3.16 Avg R2: 1.68 Avg Reward: 4.832880
2026-05-17 02:43:53 [INFO] Epoch: 26 [25600/50000 (51%)]	 Training Loss: 0.251 ACC: 82.86 CR: 0.51 Avg R1: 3.16 Avg R2: 1.68 Avg Reward: 4.837333
2026-05-17 02:44:08 [INFO] Epoch: 26 [38400/50000 (77%)]	 Training Loss: 0.252 ACC: 82.74 CR: 0.51 Avg R1: 3.17 Avg R2: 1.68 Avg Reward: 4.844798
2026-05-17 02:44:22 [INFO] EPOCH:26, ======================CR:0.50714====================
2026-05-17 02:44:22 [INFO] 0.004650529627686164
2026-05-17 02:44:24 [INFO] EPOCH:26, ======================ACC:83.7====================
2026-05-17 02:44:24 [INFO] BEST EPOCH:23,BEST ACC:84.77
2026-05-17 02:44:38 [INFO] Epoch: 27 [12800/50000 (26%)]	 Training Loss: 0.258 ACC: 82.72 CR: 0.51 Avg R1: 3.17 Avg R2: 1.67 Avg Reward: 4.838606
2026-05-17 02:44:52 [INFO] Epoch: 27 [25600/50000 (51%)]	 Training Loss: 0.253 ACC: 82.76 CR: 0.51 Avg R1: 3.17 Avg R2: 1.67 Avg Reward: 4.840820
2026-05-17 02:45:05 [INFO] Epoch: 27 [38400/50000 (77%)]	 Training Loss: 0.252 ACC: 82.84 CR: 0.51 Avg R1: 3.17 Avg R2: 1.67 Avg Reward: 4.846869
2026-05-17 02:45:18 [INFO] EPOCH:27, ======================CR:0.51596====================
2026-05-17 02:45:18 [INFO] 0.004972979939436108
2026-05-17 02:45:20 [INFO] EPOCH:27, ======================ACC:83.81====================
2026-05-17 02:45:20 [INFO] BEST EPOCH:23,BEST ACC:84.77
2026-05-17 02:45:35 [INFO] Epoch: 28 [12800/50000 (26%)]	 Training Loss: 0.251 ACC: 83.40 CR: 0.52 Avg R1: 3.24 Avg R2: 1.69 Avg Reward: 4.932044
2026-05-17 02:45:50 [INFO] Epoch: 28 [25600/50000 (51%)]	 Training Loss: 0.256 ACC: 83.30 CR: 0.54 Avg R1: 3.27 Avg R2: 1.70 Avg Reward: 4.969856
2026-05-17 02:46:04 [INFO] Epoch: 28 [38400/50000 (77%)]	 Training Loss: 0.267 ACC: 83.04 CR: 0.56 Avg R1: 3.32 Avg R2: 1.72 Avg Reward: 5.036601
2026-05-17 02:46:18 [INFO] EPOCH:28, ======================CR:0.58948====================
2026-05-17 02:46:18 [INFO] 0.003804987757435913
2026-05-17 02:46:20 [INFO] EPOCH:28, ======================ACC:73.94====================
2026-05-17 02:46:20 [INFO] BEST EPOCH:23,BEST ACC:84.77
2026-05-17 02:46:35 [INFO] Epoch: 29 [12800/50000 (26%)]	 Training Loss: 0.277 ACC: 82.48 CR: 0.59 Avg R1: 3.67 Avg R2: 1.83 Avg Reward: 5.503786
2026-05-17 02:46:49 [INFO] Epoch: 29 [25600/50000 (51%)]	 Training Loss: 0.276 ACC: 82.89 CR: 0.59 Avg R1: 3.67 Avg R2: 1.83 Avg Reward: 5.507420
2026-05-17 02:47:04 [INFO] Epoch: 29 [38400/50000 (77%)]	 Training Loss: 0.277 ACC: 83.01 CR: 0.60 Avg R1: 3.68 Avg R2: 1.84 Avg Reward: 5.520052
2026-05-17 02:47:17 [INFO] EPOCH:29, ======================CR:0.62444====================
2026-05-17 02:47:17 [INFO] 0.011184256554852267
2026-05-17 02:47:19 [INFO] EPOCH:29, ======================ACC:78.62====================
2026-05-17 02:47:19 [INFO] BEST EPOCH:23,BEST ACC:84.77
2026-05-17 02:47:34 [INFO] Epoch: 30 [12800/50000 (26%)]	 Training Loss: 0.339 ACC: 82.55 CR: 0.67 Avg R1: 4.04 Avg R2: 1.95 Avg Reward: 5.995308
2026-05-17 02:47:49 [INFO] Epoch: 30 [25600/50000 (51%)]	 Training Loss: 0.316 ACC: 82.77 CR: 0.68 Avg R1: 4.13 Avg R2: 1.98 Avg Reward: 6.107076
2026-05-17 02:48:02 [INFO] Epoch: 30 [38400/50000 (77%)]	 Training Loss: 0.300 ACC: 83.15 CR: 0.68 Avg R1: 4.16 Avg R2: 1.99 Avg Reward: 6.150816
2026-05-17 02:48:14 [INFO] EPOCH:30, ======================CR:0.67762====================
2026-05-17 02:48:15 [INFO] 0.014992526022808624
2026-05-17 02:48:16 [INFO] EPOCH:30, ======================ACC:83.75====================
2026-05-17 02:48:16 [INFO] BEST EPOCH:23,BEST ACC:84.77
2026-05-17 02:48:31 [INFO] Epoch: 31 [12800/50000 (26%)]	 Training Loss: 0.264 ACC: 83.79 CR: 0.66 Avg R1: 4.18 Avg R2: 1.98 Avg Reward: 6.159866
2026-05-17 02:48:46 [INFO] Epoch: 31 [25600/50000 (51%)]	 Training Loss: 0.262 ACC: 83.91 CR: 0.64 Avg R1: 4.12 Avg R2: 1.96 Avg Reward: 6.076366
2026-05-17 02:49:01 [INFO] Epoch: 31 [38400/50000 (77%)]	 Training Loss: 0.257 ACC: 83.98 CR: 0.61 Avg R1: 4.05 Avg R2: 1.93 Avg Reward: 5.985915
2026-05-17 02:49:13 [INFO] EPOCH:31, ======================CR:0.59264====================
2026-05-17 02:49:13 [INFO] 0.0017694793325888903
2026-05-17 02:49:15 [INFO] EPOCH:31, ======================ACC:82.85====================
2026-05-17 02:49:15 [INFO] BEST EPOCH:23,BEST ACC:84.77
2026-05-17 02:49:29 [INFO] Epoch: 32 [12800/50000 (26%)]	 Training Loss: 0.250 ACC: 84.47 CR: 0.60 Avg R1: 3.71 Avg R2: 1.82 Avg Reward: 5.529882
2026-05-17 02:49:42 [INFO] Epoch: 32 [25600/50000 (51%)]	 Training Loss: 0.258 ACC: 84.27 CR: 0.61 Avg R1: 3.73 Avg R2: 1.83 Avg Reward: 5.559652
2026-05-17 02:49:56 [INFO] Epoch: 32 [38400/50000 (77%)]	 Training Loss: 0.259 ACC: 84.17 CR: 0.62 Avg R1: 3.76 Avg R2: 1.83 Avg Reward: 5.594606
2026-05-17 02:50:08 [INFO] EPOCH:32, ======================CR:0.63062====================
2026-05-17 02:50:08 [INFO] 0.005478043743363226
2026-05-17 02:50:10 [INFO] EPOCH:32, ======================ACC:83.09====================
2026-05-17 02:50:10 [INFO] BEST EPOCH:23,BEST ACC:84.77
2026-05-17 02:50:26 [INFO] Epoch: 33 [12800/50000 (26%)]	 Training Loss: 0.271 ACC: 84.84 CR: 0.64 Avg R1: 3.98 Avg R2: 1.91 Avg Reward: 5.887838
2026-05-17 02:50:41 [INFO] Epoch: 33 [25600/50000 (51%)]	 Training Loss: 0.269 ACC: 84.37 CR: 0.64 Avg R1: 4.00 Avg R2: 1.92 Avg Reward: 5.911835
2026-05-17 02:50:56 [INFO] Epoch: 33 [38400/50000 (77%)]	 Training Loss: 0.264 ACC: 84.41 CR: 0.64 Avg R1: 4.00 Avg R2: 1.92 Avg Reward: 5.913975
2026-05-17 02:51:09 [INFO] EPOCH:33, ======================CR:0.63858====================
2026-05-17 02:51:09 [INFO] 0.008531475440947173
2026-05-17 02:51:11 [INFO] EPOCH:33, ======================ACC:83.27====================
2026-05-17 02:51:11 [INFO] BEST EPOCH:23,BEST ACC:84.77
2026-05-17 02:51:26 [INFO] Epoch: 34 [12800/50000 (26%)]	 Training Loss: 0.251 ACC: 84.58 CR: 0.63 Avg R1: 3.97 Avg R2: 1.91 Avg Reward: 5.881376
2026-05-17 02:51:41 [INFO] Epoch: 34 [25600/50000 (51%)]	 Training Loss: 0.249 ACC: 84.61 CR: 0.62 Avg R1: 3.94 Avg R2: 1.90 Avg Reward: 5.846550
2026-05-17 02:51:56 [INFO] Epoch: 34 [38400/50000 (77%)]	 Training Loss: 0.253 ACC: 84.57 CR: 0.62 Avg R1: 3.92 Avg R2: 1.90 Avg Reward: 5.820013
2026-05-17 02:52:11 [INFO] EPOCH:34, ======================CR:0.61558====================
2026-05-17 02:52:11 [INFO] 0.012168124104970413
2026-05-17 02:52:13 [INFO] EPOCH:34, ======================ACC:84.89====================
2026-05-17 02:52:13 [INFO] BEST EPOCH:34,BEST ACC:84.89
2026-05-17 02:52:29 [INFO] Epoch: 35 [12800/50000 (26%)]	 Training Loss: 0.249 ACC: 85.18 CR: 0.62 Avg R1: 3.85 Avg R2: 1.89 Avg Reward: 5.738893
2026-05-17 02:52:42 [INFO] Epoch: 35 [25600/50000 (51%)]	 Training Loss: 0.252 ACC: 84.93 CR: 0.62 Avg R1: 3.87 Avg R2: 1.89 Avg Reward: 5.760504
2026-05-17 02:52:57 [INFO] Epoch: 35 [38400/50000 (77%)]	 Training Loss: 0.251 ACC: 84.92 CR: 0.62 Avg R1: 3.88 Avg R2: 1.89 Avg Reward: 5.772638
2026-05-17 02:53:10 [INFO] EPOCH:35, ======================CR:0.61604====================
2026-05-17 02:53:10 [INFO] 0.011235837567130844
2026-05-17 02:53:12 [INFO] EPOCH:35, ======================ACC:86.27====================
2026-05-17 02:53:12 [INFO] BEST EPOCH:35,BEST ACC:86.27
2026-05-17 02:53:30 [INFO] Epoch: 36 [12800/50000 (26%)]	 Training Loss: 0.227 ACC: 85.62 CR: 0.61 Avg R1: 3.83 Avg R2: 1.86 Avg Reward: 5.685056
2026-05-17 02:53:44 [INFO] Epoch: 36 [25600/50000 (51%)]	 Training Loss: 0.227 ACC: 85.36 CR: 0.59 Avg R1: 3.79 Avg R2: 1.85 Avg Reward: 5.639394
2026-05-17 02:54:00 [INFO] Epoch: 36 [38400/50000 (77%)]	 Training Loss: 0.230 ACC: 85.13 CR: 0.58 Avg R1: 3.76 Avg R2: 1.84 Avg Reward: 5.592476
2026-05-17 02:54:15 [INFO] EPOCH:36, ======================CR:0.56598====================
2026-05-17 02:54:15 [INFO] 0.007652721047278798
2026-05-17 02:54:17 [INFO] EPOCH:36, ======================ACC:86.35====================
2026-05-17 02:54:17 [INFO] BEST EPOCH:36,BEST ACC:86.35
2026-05-17 02:54:32 [INFO] Epoch: 37 [12800/50000 (26%)]	 Training Loss: 0.219 ACC: 85.80 CR: 0.56 Avg R1: 3.53 Avg R2: 1.77 Avg Reward: 5.302938
2026-05-17 02:54:48 [INFO] Epoch: 37 [25600/50000 (51%)]	 Training Loss: 0.222 ACC: 85.61 CR: 0.56 Avg R1: 3.52 Avg R2: 1.77 Avg Reward: 5.290403
2026-05-17 02:55:04 [INFO] Epoch: 37 [38400/50000 (77%)]	 Training Loss: 0.226 ACC: 85.43 CR: 0.57 Avg R1: 3.52 Avg R2: 1.77 Avg Reward: 5.292074
2026-05-17 02:55:18 [INFO] EPOCH:37, ======================CR:0.5766====================
2026-05-17 02:55:18 [INFO] 0.002580210975568911
2026-05-17 02:55:20 [INFO] EPOCH:37, ======================ACC:87.77====================
2026-05-17 02:55:20 [INFO] BEST EPOCH:37,BEST ACC:87.77
2026-05-17 02:55:36 [INFO] Epoch: 38 [12800/50000 (26%)]	 Training Loss: 0.241 ACC: 85.69 CR: 0.59 Avg R1: 3.64 Avg R2: 1.80 Avg Reward: 5.438099
2026-05-17 02:55:52 [INFO] Epoch: 38 [25600/50000 (51%)]	 Training Loss: 0.241 ACC: 85.39 CR: 0.59 Avg R1: 3.66 Avg R2: 1.80 Avg Reward: 5.461442
2026-05-17 02:56:07 [INFO] Epoch: 38 [38400/50000 (77%)]	 Training Loss: 0.236 ACC: 85.44 CR: 0.59 Avg R1: 3.67 Avg R2: 1.81 Avg Reward: 5.480803
2026-05-17 02:56:34 [INFO] EPOCH:38, ======================CR:0.59652====================
2026-05-17 02:56:34 [INFO] 0.00627735027386794
2026-05-17 02:56:36 [INFO] EPOCH:38, ======================ACC:87.54====================
2026-05-17 02:56:36 [INFO] BEST EPOCH:37,BEST ACC:87.77
2026-05-17 02:57:03 [INFO] Epoch: 39 [12800/50000 (26%)]	 Training Loss: 0.229 ACC: 85.73 CR: 0.59 Avg R1: 3.72 Avg R2: 1.83 Avg Reward: 5.549433
2026-05-17 02:57:28 [INFO] Epoch: 39 [25600/50000 (51%)]	 Training Loss: 0.226 ACC: 85.76 CR: 0.59 Avg R1: 3.71 Avg R2: 1.82 Avg Reward: 5.527550
2026-05-17 02:57:55 [INFO] Epoch: 39 [38400/50000 (77%)]	 Training Loss: 0.225 ACC: 85.69 CR: 0.58 Avg R1: 3.69 Avg R2: 1.82 Avg Reward: 5.506482
2026-05-17 02:58:21 [INFO] EPOCH:39, ======================CR:0.57314====================
2026-05-17 02:58:21 [INFO] 0.009393522805592979
2026-05-17 02:58:23 [INFO] EPOCH:39, ======================ACC:87.7====================
2026-05-17 02:58:23 [INFO] BEST EPOCH:37,BEST ACC:87.77
2026-05-17 02:58:47 [INFO] Epoch: 40 [12800/50000 (26%)]	 Training Loss: 0.222 ACC: 85.53 CR: 0.57 Avg R1: 3.56 Avg R2: 1.79 Avg Reward: 5.345387
2026-05-17 02:59:11 [INFO] Epoch: 40 [25600/50000 (51%)]	 Training Loss: 0.223 ACC: 85.59 CR: 0.57 Avg R1: 3.55 Avg R2: 1.78 Avg Reward: 5.331190
2026-05-17 02:59:32 [INFO] Epoch: 40 [38400/50000 (77%)]	 Training Loss: 0.223 ACC: 85.52 CR: 0.56 Avg R1: 3.54 Avg R2: 1.78 Avg Reward: 5.317291
2026-05-17 02:59:56 [INFO] EPOCH:40, ======================CR:0.55356====================
2026-05-17 02:59:56 [INFO] 0.007249760336753445
2026-05-17 02:59:58 [INFO] EPOCH:40, ======================ACC:83.95====================
2026-05-17 02:59:58 [INFO] BEST EPOCH:37,BEST ACC:87.77
2026-05-17 03:00:22 [INFO] Epoch: 41 [12800/50000 (26%)]	 Training Loss: 0.223 ACC: 85.33 CR: 0.55 Avg R1: 3.46 Avg R2: 1.75 Avg Reward: 5.210850
2026-05-17 03:00:45 [INFO] Epoch: 41 [25600/50000 (51%)]	 Training Loss: 0.223 ACC: 85.45 CR: 0.55 Avg R1: 3.46 Avg R2: 1.75 Avg Reward: 5.207935
2026-05-17 03:01:08 [INFO] Epoch: 41 [38400/50000 (77%)]	 Training Loss: 0.220 ACC: 85.66 CR: 0.56 Avg R1: 3.46 Avg R2: 1.75 Avg Reward: 5.212788
2026-05-17 03:01:29 [INFO] EPOCH:41, ======================CR:0.55832====================
2026-05-17 03:01:29 [INFO] 0.0008482047314765948
2026-05-17 03:01:31 [INFO] EPOCH:41, ======================ACC:84.01====================
2026-05-17 03:01:31 [INFO] BEST EPOCH:37,BEST ACC:87.77
2026-05-17 03:01:48 [INFO] Epoch: 42 [12800/50000 (26%)]	 Training Loss: 0.212 ACC: 86.05 CR: 0.56 Avg R1: 3.48 Avg R2: 1.75 Avg Reward: 5.233012
2026-05-17 03:02:02 [INFO] Epoch: 42 [25600/50000 (51%)]	 Training Loss: 0.216 ACC: 86.04 CR: 0.56 Avg R1: 3.49 Avg R2: 1.75 Avg Reward: 5.237116
2026-05-17 03:02:14 [INFO] Epoch: 42 [38400/50000 (77%)]	 Training Loss: 0.221 ACC: 85.71 CR: 0.56 Avg R1: 3.49 Avg R2: 1.75 Avg Reward: 5.238956
2026-05-17 03:02:27 [INFO] EPOCH:42, ======================CR:0.55926====================
2026-05-17 03:02:27 [INFO] -0.0004520150753247373
2026-05-17 03:02:29 [INFO] EPOCH:42, ======================ACC:84.55====================
2026-05-17 03:02:29 [INFO] BEST EPOCH:37,BEST ACC:87.77
2026-05-17 03:02:43 [INFO] Epoch: 43 [12800/50000 (26%)]	 Training Loss: 0.219 ACC: 85.68 CR: 0.55 Avg R1: 3.48 Avg R2: 1.75 Avg Reward: 5.231663
2026-05-17 03:02:56 [INFO] Epoch: 43 [25600/50000 (51%)]	 Training Loss: 0.216 ACC: 85.86 CR: 0.55 Avg R1: 3.47 Avg R2: 1.75 Avg Reward: 5.217566
2026-05-17 03:03:10 [INFO] Epoch: 43 [38400/50000 (77%)]	 Training Loss: 0.217 ACC: 85.95 CR: 0.55 Avg R1: 3.46 Avg R2: 1.74 Avg Reward: 5.207301
2026-05-17 03:03:21 [INFO] EPOCH:43, ======================CR:0.54858====================
2026-05-17 03:03:21 [INFO] 0.004675344246238961
2026-05-17 03:03:23 [INFO] EPOCH:43, ======================ACC:83.05====================
2026-05-17 03:03:23 [INFO] BEST EPOCH:37,BEST ACC:87.77
2026-05-17 03:03:36 [INFO] Epoch: 44 [12800/50000 (26%)]	 Training Loss: 0.220 ACC: 85.68 CR: 0.55 Avg R1: 3.43 Avg R2: 1.73 Avg Reward: 5.164787
2026-05-17 03:03:49 [INFO] Epoch: 44 [25600/50000 (51%)]	 Training Loss: 0.223 ACC: 85.58 CR: 0.55 Avg R1: 3.44 Avg R2: 1.73 Avg Reward: 5.171802
2026-05-17 03:04:04 [INFO] Epoch: 44 [38400/50000 (77%)]	 Training Loss: 0.218 ACC: 85.89 CR: 0.55 Avg R1: 3.44 Avg R2: 1.73 Avg Reward: 5.172384
2026-05-17 03:04:15 [INFO] EPOCH:44, ======================CR:0.54854====================
2026-05-17 03:04:15 [INFO] 0.0025449448270134798
2026-05-17 03:04:17 [INFO] EPOCH:44, ======================ACC:84.65====================
2026-05-17 03:04:17 [INFO] BEST EPOCH:37,BEST ACC:87.77
2026-05-17 03:04:30 [INFO] Epoch: 45 [12800/50000 (26%)]	 Training Loss: 0.208 ACC: 86.52 CR: 0.54 Avg R1: 3.42 Avg R2: 1.72 Avg Reward: 5.135758
2026-05-17 03:04:42 [INFO] Epoch: 45 [25600/50000 (51%)]	 Training Loss: 0.209 ACC: 86.29 CR: 0.54 Avg R1: 3.41 Avg R2: 1.72 Avg Reward: 5.120949
2026-05-17 03:04:54 [INFO] Epoch: 45 [38400/50000 (77%)]	 Training Loss: 0.213 ACC: 85.98 CR: 0.54 Avg R1: 3.39 Avg R2: 1.71 Avg Reward: 5.102890
2026-05-17 03:05:05 [INFO] EPOCH:45, ======================CR:0.53458====================
2026-05-17 03:05:05 [INFO] 0.011490934809556194
2026-05-17 03:05:07 [INFO] EPOCH:45, ======================ACC:86.25====================
2026-05-17 03:05:07 [INFO] BEST EPOCH:37,BEST ACC:87.77
2026-05-17 03:05:21 [INFO] Epoch: 46 [12800/50000 (26%)]	 Training Loss: 0.199 ACC: 86.78 CR: 0.53 Avg R1: 3.34 Avg R2: 1.69 Avg Reward: 5.026394
2026-05-17 03:05:34 [INFO] Epoch: 46 [25600/50000 (51%)]	 Training Loss: 0.198 ACC: 86.72 CR: 0.53 Avg R1: 3.34 Avg R2: 1.69 Avg Reward: 5.024471
2026-05-17 03:05:48 [INFO] Epoch: 46 [38400/50000 (77%)]	 Training Loss: 0.201 ACC: 86.66 CR: 0.53 Avg R1: 3.33 Avg R2: 1.69 Avg Reward: 5.020633
2026-05-17 03:05:59 [INFO] EPOCH:46, ======================CR:0.53544====================
2026-05-17 03:05:59 [INFO] -0.003662584830038183
2026-05-17 03:06:01 [INFO] EPOCH:46, ======================ACC:85.37====================
2026-05-17 03:06:01 [INFO] BEST EPOCH:37,BEST ACC:87.77
2026-05-17 03:06:15 [INFO] Epoch: 47 [12800/50000 (26%)]	 Training Loss: 0.198 ACC: 86.79 CR: 0.53 Avg R1: 3.34 Avg R2: 1.67 Avg Reward: 5.011004
2026-05-17 03:06:28 [INFO] Epoch: 47 [25600/50000 (51%)]	 Training Loss: 0.202 ACC: 86.64 CR: 0.53 Avg R1: 3.33 Avg R2: 1.67 Avg Reward: 5.003562
2026-05-17 03:06:41 [INFO] Epoch: 47 [38400/50000 (77%)]	 Training Loss: 0.208 ACC: 86.40 CR: 0.53 Avg R1: 3.33 Avg R2: 1.67 Avg Reward: 5.000591
2026-05-17 03:06:54 [INFO] EPOCH:47, ======================CR:0.53118====================
2026-05-17 03:06:54 [INFO] 0.009485534545928499
2026-05-17 03:06:56 [INFO] EPOCH:47, ======================ACC:82.61====================
2026-05-17 03:06:56 [INFO] BEST EPOCH:37,BEST ACC:87.77
2026-05-17 03:07:10 [INFO] Epoch: 48 [12800/50000 (26%)]	 Training Loss: 0.199 ACC: 86.52 CR: 0.53 Avg R1: 3.33 Avg R2: 1.68 Avg Reward: 5.008047
2026-05-17 03:07:24 [INFO] Epoch: 48 [25600/50000 (51%)]	 Training Loss: 0.203 ACC: 86.45 CR: 0.53 Avg R1: 3.33 Avg R2: 1.68 Avg Reward: 5.009863
2026-05-17 03:07:38 [INFO] Epoch: 48 [38400/50000 (77%)]	 Training Loss: 0.202 ACC: 86.42 CR: 0.54 Avg R1: 3.33 Avg R2: 1.68 Avg Reward: 5.013140
2026-05-17 03:07:49 [INFO] EPOCH:48, ======================CR:0.53532====================
2026-05-17 03:07:49 [INFO] 0.0008580190381688565
2026-05-17 03:07:51 [INFO] EPOCH:48, ======================ACC:86.69====================
2026-05-17 03:07:51 [INFO] BEST EPOCH:37,BEST ACC:87.77
2026-05-17 03:08:05 [INFO] Epoch: 49 [12800/50000 (26%)]	 Training Loss: 0.202 ACC: 86.74 CR: 0.54 Avg R1: 3.36 Avg R2: 1.70 Avg Reward: 5.051361
2026-05-17 03:08:19 [INFO] Epoch: 49 [25600/50000 (51%)]	 Training Loss: 0.205 ACC: 86.51 CR: 0.54 Avg R1: 3.36 Avg R2: 1.70 Avg Reward: 5.059882
2026-05-17 03:08:33 [INFO] Epoch: 49 [38400/50000 (77%)]	 Training Loss: 0.205 ACC: 86.46 CR: 0.54 Avg R1: 3.37 Avg R2: 1.70 Avg Reward: 5.071789
2026-05-17 03:08:45 [INFO] EPOCH:49, ======================CR:0.5506====================
2026-05-17 03:08:45 [INFO] 0.0017044135853057669
2026-05-17 03:08:47 [INFO] EPOCH:49, ======================ACC:88.23====================
2026-05-17 03:08:47 [INFO] BEST EPOCH:49,BEST ACC:88.23
2026-05-17 03:09:02 [INFO] Epoch: 50 [12800/50000 (26%)]	 Training Loss: 0.208 ACC: 86.56 CR: 0.56 Avg R1: 3.46 Avg R2: 1.72 Avg Reward: 5.178591
2026-05-17 03:09:15 [INFO] Epoch: 50 [25600/50000 (51%)]	 Training Loss: 0.213 ACC: 86.19 CR: 0.56 Avg R1: 3.47 Avg R2: 1.73 Avg Reward: 5.200157
2026-05-17 03:09:28 [INFO] Epoch: 50 [38400/50000 (77%)]	 Training Loss: 0.214 ACC: 86.26 CR: 0.56 Avg R1: 3.49 Avg R2: 1.73 Avg Reward: 5.218050
2026-05-17 03:09:42 [INFO] EPOCH:50, ======================CR:0.5681====================
2026-05-17 03:09:42 [INFO] 0.010574405297602327
2026-05-17 03:09:44 [INFO] EPOCH:50, ======================ACC:83.99====================
2026-05-17 03:09:44 [INFO] BEST EPOCH:49,BEST ACC:88.23
2026-05-17 03:09:57 [INFO] Epoch: 51 [12800/50000 (26%)]	 Training Loss: 0.210 ACC: 86.26 CR: 0.57 Avg R1: 3.56 Avg R2: 1.76 Avg Reward: 5.314692
2026-05-17 03:10:11 [INFO] Epoch: 51 [25600/50000 (51%)]	 Training Loss: 0.206 ACC: 86.49 CR: 0.57 Avg R1: 3.56 Avg R2: 1.76 Avg Reward: 5.317279
2026-05-17 03:10:24 [INFO] Epoch: 51 [38400/50000 (77%)]	 Training Loss: 0.206 ACC: 86.53 CR: 0.57 Avg R1: 3.56 Avg R2: 1.76 Avg Reward: 5.317907
2026-05-17 03:10:36 [INFO] EPOCH:51, ======================CR:0.5658====================
2026-05-17 03:10:36 [INFO] 0.0031740345725595276
2026-05-17 03:10:38 [INFO] EPOCH:51, ======================ACC:86.57====================
2026-05-17 03:10:38 [INFO] BEST EPOCH:49,BEST ACC:88.23
2026-05-17 03:10:51 [INFO] Epoch: 52 [12800/50000 (26%)]	 Training Loss: 0.210 ACC: 86.40 CR: 0.56 Avg R1: 3.52 Avg R2: 1.75 Avg Reward: 5.268586
2026-05-17 03:11:05 [INFO] Epoch: 52 [25600/50000 (51%)]	 Training Loss: 0.205 ACC: 86.58 CR: 0.56 Avg R1: 3.51 Avg R2: 1.74 Avg Reward: 5.251004
2026-05-17 03:11:19 [INFO] Epoch: 52 [38400/50000 (77%)]	 Training Loss: 0.207 ACC: 86.48 CR: 0.56 Avg R1: 3.50 Avg R2: 1.74 Avg Reward: 5.242569
2026-05-17 03:11:32 [INFO] EPOCH:52, ======================CR:0.55626====================
2026-05-17 03:11:32 [INFO] 0.003614933597474837
2026-05-17 03:11:34 [INFO] EPOCH:52, ======================ACC:86.77====================
2026-05-17 03:11:34 [INFO] BEST EPOCH:49,BEST ACC:88.23
2026-05-17 03:11:49 [INFO] Epoch: 53 [12800/50000 (26%)]	 Training Loss: 0.201 ACC: 87.40 CR: 0.56 Avg R1: 3.48 Avg R2: 1.74 Avg Reward: 5.223648
2026-05-17 03:12:03 [INFO] Epoch: 53 [25600/50000 (51%)]	 Training Loss: 0.206 ACC: 87.08 CR: 0.57 Avg R1: 3.50 Avg R2: 1.74 Avg Reward: 5.239766
2026-05-17 03:12:17 [INFO] Epoch: 53 [38400/50000 (77%)]	 Training Loss: 0.214 ACC: 86.80 CR: 0.58 Avg R1: 3.53 Avg R2: 1.75 Avg Reward: 5.284625
2026-05-17 03:12:30 [INFO] EPOCH:53, ======================CR:0.60458====================
2026-05-17 03:12:30 [INFO] -0.004869256849057482
2026-05-17 03:12:32 [INFO] EPOCH:53, ======================ACC:84.16====================
2026-05-17 03:12:32 [INFO] BEST EPOCH:49,BEST ACC:88.23
2026-05-17 03:12:46 [INFO] Epoch: 54 [12800/50000 (26%)]	 Training Loss: 0.230 ACC: 85.68 CR: 0.61 Avg R1: 3.78 Avg R2: 1.82 Avg Reward: 5.604149
2026-05-17 03:13:01 [INFO] Epoch: 54 [25600/50000 (51%)]	 Training Loss: 0.221 ACC: 86.31 CR: 0.61 Avg R1: 3.80 Avg R2: 1.82 Avg Reward: 5.619668
2026-05-17 03:13:15 [INFO] Epoch: 54 [38400/50000 (77%)]	 Training Loss: 0.224 ACC: 86.29 CR: 0.63 Avg R1: 3.82 Avg R2: 1.83 Avg Reward: 5.647398
2026-05-17 03:13:29 [INFO] EPOCH:54, ======================CR:0.6351====================
2026-05-17 03:13:29 [INFO] -0.009061727412199325
2026-05-17 03:13:30 [INFO] EPOCH:54, ======================ACC:88.12====================
2026-05-17 03:13:30 [INFO] BEST EPOCH:49,BEST ACC:88.23
2026-05-17 03:13:45 [INFO] Epoch: 55 [12800/50000 (26%)]	 Training Loss: 0.208 ACC: 86.91 CR: 0.63 Avg R1: 3.94 Avg R2: 1.87 Avg Reward: 5.813864
2026-05-17 03:14:00 [INFO] Epoch: 55 [25600/50000 (51%)]	 Training Loss: 0.208 ACC: 86.86 CR: 0.62 Avg R1: 3.91 Avg R2: 1.86 Avg Reward: 5.767435
2026-05-17 03:14:13 [INFO] Epoch: 55 [38400/50000 (77%)]	 Training Loss: 0.211 ACC: 86.78 CR: 0.61 Avg R1: 3.88 Avg R2: 1.85 Avg Reward: 5.727891
2026-05-17 03:14:26 [INFO] EPOCH:55, ======================CR:0.59758====================
2026-05-17 03:14:26 [INFO] -0.009478012009524485
2026-05-17 03:14:28 [INFO] EPOCH:55, ======================ACC:85.08====================
2026-05-17 03:14:28 [INFO] BEST EPOCH:49,BEST ACC:88.23
2026-05-17 03:14:43 [INFO] Epoch: 56 [12800/50000 (26%)]	 Training Loss: 0.203 ACC: 87.11 CR: 0.60 Avg R1: 3.73 Avg R2: 1.80 Avg Reward: 5.525467
2026-05-17 03:14:58 [INFO] Epoch: 56 [25600/50000 (51%)]	 Training Loss: 0.211 ACC: 87.02 CR: 0.61 Avg R1: 3.74 Avg R2: 1.80 Avg Reward: 5.545939
2026-05-17 03:15:13 [INFO] Epoch: 56 [38400/50000 (77%)]	 Training Loss: 0.212 ACC: 87.05 CR: 0.62 Avg R1: 3.77 Avg R2: 1.81 Avg Reward: 5.580332
2026-05-17 03:15:27 [INFO] EPOCH:56, ======================CR:0.62662====================
2026-05-17 03:15:27 [INFO] -0.013196001156478033
2026-05-17 03:15:29 [INFO] EPOCH:56, ======================ACC:87.84====================
2026-05-17 03:15:29 [INFO] BEST EPOCH:49,BEST ACC:88.23
2026-05-17 03:15:45 [INFO] Epoch: 57 [12800/50000 (26%)]	 Training Loss: 0.224 ACC: 87.06 CR: 0.63 Avg R1: 3.93 Avg R2: 1.87 Avg Reward: 5.794827
2026-05-17 03:15:58 [INFO] Epoch: 57 [25600/50000 (51%)]	 Training Loss: 0.223 ACC: 87.15 CR: 0.64 Avg R1: 3.95 Avg R2: 1.88 Avg Reward: 5.826917
2026-05-17 03:16:13 [INFO] Epoch: 57 [38400/50000 (77%)]	 Training Loss: 0.222 ACC: 87.14 CR: 0.65 Avg R1: 3.98 Avg R2: 1.88 Avg Reward: 5.862054
2026-05-17 03:16:27 [INFO] EPOCH:57, ======================CR:0.6622====================
2026-05-17 03:16:27 [INFO] -0.0026658872195649583
2026-05-17 03:16:28 [INFO] EPOCH:57, ======================ACC:86.7====================
2026-05-17 03:16:28 [INFO] BEST EPOCH:49,BEST ACC:88.23
2026-05-17 03:16:43 [INFO] Epoch: 58 [12800/50000 (26%)]	 Training Loss: 0.249 ACC: 85.95 CR: 0.68 Avg R1: 4.19 Avg R2: 1.94 Avg Reward: 6.129267
2026-05-17 03:16:57 [INFO] Epoch: 58 [25600/50000 (51%)]	 Training Loss: 0.245 ACC: 86.49 CR: 0.70 Avg R1: 4.24 Avg R2: 1.96 Avg Reward: 6.196933
2026-05-17 03:17:12 [INFO] Epoch: 58 [38400/50000 (77%)]	 Training Loss: 0.248 ACC: 86.55 CR: 0.72 Avg R1: 4.31 Avg R2: 1.98 Avg Reward: 6.287330
2026-05-17 03:17:25 [INFO] EPOCH:58, ======================CR:0.74888====================
2026-05-17 03:17:25 [INFO] -0.019590172744707566
2026-05-17 03:17:27 [INFO] EPOCH:58, ======================ACC:79.54====================
2026-05-17 03:17:27 [INFO] BEST EPOCH:49,BEST ACC:88.23
2026-05-17 03:17:42 [INFO] Epoch: 59 [12800/50000 (26%)]	 Training Loss: 0.263 ACC: 86.87 CR: 0.77 Avg R1: 4.73 Avg R2: 2.13 Avg Reward: 6.857443
2026-05-17 03:17:56 [INFO] Epoch: 59 [25600/50000 (51%)]	 Training Loss: 0.278 ACC: 86.38 CR: 0.79 Avg R1: 4.81 Avg R2: 2.16 Avg Reward: 6.967827
2026-05-17 03:18:10 [INFO] Epoch: 59 [38400/50000 (77%)]	 Training Loss: 0.275 ACC: 86.37 CR: 0.80 Avg R1: 4.85 Avg R2: 2.18 Avg Reward: 7.038324
2026-05-17 03:18:23 [INFO] EPOCH:59, ======================CR:0.81032====================
2026-05-17 03:18:23 [INFO] -0.030318577612522116
2026-05-17 03:18:25 [INFO] EPOCH:59, ======================ACC:85.23====================
2026-05-17 03:18:25 [INFO] BEST EPOCH:49,BEST ACC:88.23
2026-05-17 03:18:39 [INFO] Epoch: 60 [12800/50000 (26%)]	 Training Loss: 0.248 ACC: 86.95 CR: 0.80 Avg R1: 4.87 Avg R2: 2.26 Avg Reward: 7.134983
2026-05-17 03:18:53 [INFO] Epoch: 60 [25600/50000 (51%)]	 Training Loss: 0.244 ACC: 87.25 CR: 0.79 Avg R1: 4.93 Avg R2: 2.25 Avg Reward: 7.178650
2026-05-17 03:19:07 [INFO] Epoch: 60 [38400/50000 (77%)]	 Training Loss: 0.242 ACC: 87.33 CR: 0.78 Avg R1: 4.93 Avg R2: 2.24 Avg Reward: 7.169228
2026-05-17 03:19:21 [INFO] EPOCH:60, ======================CR:0.76972====================
2026-05-17 03:19:21 [INFO] -0.007062374086224453
2026-05-17 03:19:23 [INFO] EPOCH:60, ======================ACC:87.45====================
2026-05-17 03:19:23 [INFO] BEST EPOCH:49,BEST ACC:88.23
2026-05-17 03:19:38 [INFO] Epoch: 61 [12800/50000 (26%)]	 Training Loss: 0.249 ACC: 87.36 CR: 0.77 Avg R1: 4.82 Avg R2: 2.17 Avg Reward: 6.986584
2026-05-17 03:19:52 [INFO] Epoch: 61 [25600/50000 (51%)]	 Training Loss: 0.248 ACC: 87.65 CR: 0.79 Avg R1: 4.86 Avg R2: 2.18 Avg Reward: 7.036569
2026-05-17 03:20:07 [INFO] Epoch: 61 [38400/50000 (77%)]	 Training Loss: 0.258 ACC: 87.33 CR: 0.81 Avg R1: 4.87 Avg R2: 2.20 Avg Reward: 7.069167
2026-05-17 03:20:20 [INFO] EPOCH:61, ======================CR:0.83468====================
2026-05-17 03:20:20 [INFO] -0.0016452566857458055
2026-05-17 03:20:22 [INFO] EPOCH:61, ======================ACC:85.6====================
2026-05-17 03:20:22 [INFO] BEST EPOCH:49,BEST ACC:88.23
2026-05-17 03:20:37 [INFO] Epoch: 62 [12800/50000 (26%)]	 Training Loss: 0.272 ACC: 87.41 CR: 0.85 Avg R1: 4.01 Avg R2: 2.34 Avg Reward: 6.346621
2026-05-17 03:20:51 [INFO] Epoch: 62 [25600/50000 (51%)]	 Training Loss: 0.275 ACC: 87.02 CR: 0.85 Avg R1: 3.87 Avg R2: 2.36 Avg Reward: 6.228239
2026-05-17 03:21:05 [INFO] Epoch: 62 [38400/50000 (77%)]	 Training Loss: 0.274 ACC: 86.99 CR: 0.86 Avg R1: 3.79 Avg R2: 2.36 Avg Reward: 6.153914
2026-05-17 03:21:17 [INFO] EPOCH:62, ======================CR:0.8545====================
2026-05-17 03:21:17 [INFO] -0.0004932533617347143
2026-05-17 03:21:19 [INFO] EPOCH:62, ======================ACC:87.53====================
2026-05-17 03:21:19 [INFO] BEST EPOCH:49,BEST ACC:88.23
2026-05-17 03:21:34 [INFO] Epoch: 63 [12800/50000 (26%)]	 Training Loss: 0.242 ACC: 88.34 CR: 0.85 Avg R1: 3.71 Avg R2: 2.38 Avg Reward: 6.095988
2026-05-17 03:21:46 [INFO] Epoch: 63 [25600/50000 (51%)]	 Training Loss: 0.248 ACC: 87.95 CR: 0.84 Avg R1: 3.80 Avg R2: 2.38 Avg Reward: 6.172781
2026-05-17 03:22:00 [INFO] Epoch: 63 [38400/50000 (77%)]	 Training Loss: 0.245 ACC: 87.81 CR: 0.82 Avg R1: 3.92 Avg R2: 2.36 Avg Reward: 6.285577
2026-05-17 03:22:12 [INFO] EPOCH:63, ======================CR:0.8057====================
2026-05-17 03:22:12 [INFO] -0.0006749503981921518
2026-05-17 03:22:14 [INFO] EPOCH:63, ======================ACC:87.31====================
2026-05-17 03:22:14 [INFO] BEST EPOCH:49,BEST ACC:88.23
2026-05-17 03:22:14 [INFO] Saving Masks: current CR 0.8057 target CR 0.8000
2026-05-17 03:22:14 [INFO] Updated candidate mask pretrained-rescale_mask_best-acc_80_05170215_resnet18 at epoch 63 with acc 87.3100
2026-05-17 03:22:14 [INFO] Updated candidate mask pretrained-rescale_mask_best-r2_80_05170215_resnet18 at epoch 63 with acc 87.3100
2026-05-17 03:22:27 [INFO] Epoch: 64 [12800/50000 (26%)]	 Training Loss: 0.234 ACC: 87.93 CR: 0.80 Avg R1: 4.94 Avg R2: 2.26 Avg Reward: 7.196948
2026-05-17 03:22:41 [INFO] Epoch: 64 [25600/50000 (51%)]	 Training Loss: 0.224 ACC: 88.30 CR: 0.78 Avg R1: 4.93 Avg R2: 2.24 Avg Reward: 7.175620
2026-05-17 03:22:55 [INFO] Epoch: 64 [38400/50000 (77%)]	 Training Loss: 0.221 ACC: 88.36 CR: 0.76 Avg R1: 4.90 Avg R2: 2.22 Avg Reward: 7.118399
2026-05-17 03:23:07 [INFO] EPOCH:64, ======================CR:0.74604====================
2026-05-17 03:23:07 [INFO] 0.008724781410093786
2026-05-17 03:23:09 [INFO] EPOCH:64, ======================ACC:88.29====================
2026-05-17 03:23:09 [INFO] BEST EPOCH:64,BEST ACC:88.29
2026-05-17 03:23:23 [INFO] Epoch: 65 [12800/50000 (26%)]	 Training Loss: 0.224 ACC: 87.75 CR: 0.74 Avg R1: 4.65 Avg R2: 2.12 Avg Reward: 6.776413
2026-05-17 03:23:37 [INFO] Epoch: 65 [25600/50000 (51%)]	 Training Loss: 0.222 ACC: 87.95 CR: 0.74 Avg R1: 4.64 Avg R2: 2.12 Avg Reward: 6.764256
2026-05-17 03:23:52 [INFO] Epoch: 65 [38400/50000 (77%)]	 Training Loss: 0.220 ACC: 88.14 CR: 0.74 Avg R1: 4.64 Avg R2: 2.12 Avg Reward: 6.761627
2026-05-17 03:24:05 [INFO] EPOCH:65, ======================CR:0.74422====================
2026-05-17 03:24:05 [INFO] 0.010564904354810804
2026-05-17 03:24:07 [INFO] EPOCH:65, ======================ACC:87.9====================
2026-05-17 03:24:07 [INFO] BEST EPOCH:64,BEST ACC:88.29
2026-05-17 03:24:20 [INFO] Epoch: 66 [12800/50000 (26%)]	 Training Loss: 0.220 ACC: 88.35 CR: 0.75 Avg R1: 4.66 Avg R2: 2.13 Avg Reward: 6.795717
2026-05-17 03:24:34 [INFO] Epoch: 66 [25600/50000 (51%)]	 Training Loss: 0.219 ACC: 88.57 CR: 0.75 Avg R1: 4.67 Avg R2: 2.14 Avg Reward: 6.813501
2026-05-17 03:24:48 [INFO] Epoch: 66 [38400/50000 (77%)]	 Training Loss: 0.224 ACC: 88.30 CR: 0.76 Avg R1: 4.69 Avg R2: 2.14 Avg Reward: 6.832381
2026-05-17 03:25:02 [INFO] EPOCH:66, ======================CR:0.76298====================
2026-05-17 03:25:02 [INFO] 0.006817498623469688
2026-05-17 03:25:04 [INFO] EPOCH:66, ======================ACC:87.98====================
2026-05-17 03:25:04 [INFO] BEST EPOCH:64,BEST ACC:88.29
2026-05-17 03:25:18 [INFO] Epoch: 67 [12800/50000 (26%)]	 Training Loss: 0.222 ACC: 88.39 CR: 0.76 Avg R1: 4.77 Avg R2: 2.16 Avg Reward: 6.927877
2026-05-17 03:25:32 [INFO] Epoch: 67 [25600/50000 (51%)]	 Training Loss: 0.219 ACC: 88.78 CR: 0.77 Avg R1: 4.79 Avg R2: 2.16 Avg Reward: 6.950201
2026-05-17 03:25:45 [INFO] Epoch: 67 [38400/50000 (77%)]	 Training Loss: 0.223 ACC: 88.54 CR: 0.77 Avg R1: 4.79 Avg R2: 2.17 Avg Reward: 6.960781
2026-05-17 03:25:58 [INFO] EPOCH:67, ======================CR:0.77424====================
2026-05-17 03:25:58 [INFO] 0.0057143884347133364
2026-05-17 03:26:00 [INFO] EPOCH:67, ======================ACC:88.98====================
2026-05-17 03:26:00 [INFO] BEST EPOCH:67,BEST ACC:88.98
2026-05-17 03:26:13 [INFO] Epoch: 68 [12800/50000 (26%)]	 Training Loss: 0.229 ACC: 88.62 CR: 0.78 Avg R1: 4.85 Avg R2: 2.19 Avg Reward: 7.044016
2026-05-17 03:26:26 [INFO] Epoch: 68 [25600/50000 (51%)]	 Training Loss: 0.234 ACC: 88.34 CR: 0.79 Avg R1: 4.88 Avg R2: 2.20 Avg Reward: 7.075148
2026-05-17 03:26:39 [INFO] Epoch: 68 [38400/50000 (77%)]	 Training Loss: 0.234 ACC: 88.34 CR: 0.80 Avg R1: 4.90 Avg R2: 2.20 Avg Reward: 7.102933
2026-05-17 03:26:52 [INFO] EPOCH:68, ======================CR:0.81576====================
2026-05-17 03:26:52 [INFO] -0.005416522928006282
2026-05-17 03:26:54 [INFO] EPOCH:68, ======================ACC:86.34====================
2026-05-17 03:26:54 [INFO] BEST EPOCH:67,BEST ACC:88.98
2026-05-17 03:27:08 [INFO] Epoch: 69 [12800/50000 (26%)]	 Training Loss: 0.252 ACC: 87.96 CR: 0.83 Avg R1: 4.44 Avg R2: 2.29 Avg Reward: 6.732498
2026-05-17 03:27:23 [INFO] Epoch: 69 [25600/50000 (51%)]	 Training Loss: 0.246 ACC: 88.09 CR: 0.83 Avg R1: 4.32 Avg R2: 2.30 Avg Reward: 6.617723
2026-05-17 03:27:37 [INFO] Epoch: 69 [38400/50000 (77%)]	 Training Loss: 0.241 ACC: 88.15 CR: 0.83 Avg R1: 4.29 Avg R2: 2.30 Avg Reward: 6.585912
2026-05-17 03:27:51 [INFO] EPOCH:69, ======================CR:0.82018====================
2026-05-17 03:27:51 [INFO] -0.02017924565079458
2026-05-17 03:27:53 [INFO] EPOCH:69, ======================ACC:87.0====================
2026-05-17 03:27:53 [INFO] BEST EPOCH:67,BEST ACC:88.98
2026-05-17 03:28:08 [INFO] Epoch: 70 [12800/50000 (26%)]	 Training Loss: 0.199 ACC: 88.92 CR: 0.80 Avg R1: 4.77 Avg R2: 2.26 Avg Reward: 7.027845
2026-05-17 03:28:23 [INFO] Epoch: 70 [25600/50000 (51%)]	 Training Loss: 0.198 ACC: 88.90 CR: 0.76 Avg R1: 4.82 Avg R2: 2.22 Avg Reward: 7.047684
2026-05-17 03:28:38 [INFO] Epoch: 70 [38400/50000 (77%)]	 Training Loss: 0.196 ACC: 88.97 CR: 0.74 Avg R1: 4.78 Avg R2: 2.19 Avg Reward: 6.969737
2026-05-17 03:28:49 [INFO] EPOCH:70, ======================CR:0.7199====================
2026-05-17 03:28:49 [INFO] -0.002625106115640028
2026-05-17 03:28:51 [INFO] EPOCH:70, ======================ACC:85.92====================
2026-05-17 03:28:51 [INFO] BEST EPOCH:67,BEST ACC:88.98
2026-05-17 03:29:05 [INFO] Epoch: 71 [12800/50000 (26%)]	 Training Loss: 0.193 ACC: 89.41 CR: 0.72 Avg R1: 4.51 Avg R2: 2.04 Avg Reward: 6.545474
2026-05-17 03:29:19 [INFO] Epoch: 71 [25600/50000 (51%)]	 Training Loss: 0.205 ACC: 88.96 CR: 0.73 Avg R1: 4.52 Avg R2: 2.05 Avg Reward: 6.571512
2026-05-17 03:29:31 [INFO] Epoch: 71 [38400/50000 (77%)]	 Training Loss: 0.204 ACC: 89.10 CR: 0.74 Avg R1: 4.55 Avg R2: 2.06 Avg Reward: 6.605575
2026-05-17 03:29:43 [INFO] EPOCH:71, ======================CR:0.75298====================
2026-05-17 03:29:43 [INFO] 0.00129213927570995
2026-05-17 03:29:45 [INFO] EPOCH:71, ======================ACC:86.72====================
2026-05-17 03:29:45 [INFO] BEST EPOCH:67,BEST ACC:88.98
2026-05-17 03:29:59 [INFO] Epoch: 72 [12800/50000 (26%)]	 Training Loss: 0.222 ACC: 88.61 CR: 0.77 Avg R1: 4.74 Avg R2: 2.14 Avg Reward: 6.880901
2026-05-17 03:30:15 [INFO] Epoch: 72 [25600/50000 (51%)]	 Training Loss: 0.224 ACC: 88.65 CR: 0.78 Avg R1: 4.78 Avg R2: 2.16 Avg Reward: 6.935125
2026-05-17 03:30:31 [INFO] Epoch: 72 [38400/50000 (77%)]	 Training Loss: 0.228 ACC: 88.47 CR: 0.79 Avg R1: 4.82 Avg R2: 2.17 Avg Reward: 6.987269
2026-05-17 03:30:45 [INFO] EPOCH:72, ======================CR:0.80562====================
2026-05-17 03:30:45 [INFO] -0.015457107286669974
2026-05-17 03:30:47 [INFO] EPOCH:72, ======================ACC:89.03====================
2026-05-17 03:30:47 [INFO] BEST EPOCH:72,BEST ACC:89.03
2026-05-17 03:30:47 [INFO] Saving Masks: current CR 0.8056 target CR 0.8000
2026-05-17 03:30:47 [INFO] Updated candidate mask pretrained-rescale_mask_best-acc_80_05170215_resnet18 at epoch 72 with acc 89.0300
2026-05-17 03:31:03 [INFO] Epoch: 73 [12800/50000 (26%)]	 Training Loss: 0.213 ACC: 89.29 CR: 0.80 Avg R1: 4.88 Avg R2: 2.26 Avg Reward: 7.141514
2026-05-17 03:31:19 [INFO] Epoch: 73 [25600/50000 (51%)]	 Training Loss: 0.213 ACC: 89.17 CR: 0.80 Avg R1: 4.93 Avg R2: 2.25 Avg Reward: 7.182445
2026-05-17 03:31:35 [INFO] Epoch: 73 [38400/50000 (77%)]	 Training Loss: 0.213 ACC: 89.14 CR: 0.79 Avg R1: 4.94 Avg R2: 2.25 Avg Reward: 7.187185
2026-05-17 03:31:50 [INFO] EPOCH:73, ======================CR:0.78322====================
2026-05-17 03:31:50 [INFO] 0.0027207656599560455
2026-05-17 03:31:51 [INFO] EPOCH:73, ======================ACC:87.02====================
2026-05-17 03:31:51 [INFO] BEST EPOCH:72,BEST ACC:89.03
2026-05-17 03:32:08 [INFO] Epoch: 74 [12800/50000 (26%)]	 Training Loss: 0.209 ACC: 88.90 CR: 0.78 Avg R1: 4.89 Avg R2: 2.19 Avg Reward: 7.082969
2026-05-17 03:32:23 [INFO] Epoch: 74 [25600/50000 (51%)]	 Training Loss: 0.211 ACC: 88.95 CR: 0.79 Avg R1: 4.90 Avg R2: 2.19 Avg Reward: 7.093685
2026-05-17 03:32:39 [INFO] Epoch: 74 [38400/50000 (77%)]	 Training Loss: 0.218 ACC: 88.79 CR: 0.80 Avg R1: 4.92 Avg R2: 2.20 Avg Reward: 7.118433
2026-05-17 03:32:52 [INFO] EPOCH:74, ======================CR:0.80794====================
2026-05-17 03:32:52 [INFO] -0.00104611540093712
2026-05-17 03:32:54 [INFO] EPOCH:74, ======================ACC:88.53====================
2026-05-17 03:32:54 [INFO] BEST EPOCH:72,BEST ACC:89.03
2026-05-17 03:32:54 [INFO] Saving Masks: current CR 0.8079 target CR 0.8000
2026-05-17 03:33:10 [INFO] Epoch: 75 [12800/50000 (26%)]	 Training Loss: 0.231 ACC: 89.17 CR: 0.82 Avg R1: 4.68 Avg R2: 2.26 Avg Reward: 6.943036
2026-05-17 03:33:26 [INFO] Epoch: 75 [25600/50000 (51%)]	 Training Loss: 0.235 ACC: 88.84 CR: 0.83 Avg R1: 4.48 Avg R2: 2.28 Avg Reward: 6.765054
2026-05-17 03:33:41 [INFO] Epoch: 75 [38400/50000 (77%)]	 Training Loss: 0.235 ACC: 88.75 CR: 0.85 Avg R1: 4.32 Avg R2: 2.30 Avg Reward: 6.618739
2026-05-17 03:33:55 [INFO] EPOCH:75, ======================CR:0.84636====================
2026-05-17 03:33:55 [INFO] -0.0019328612158272017
2026-05-17 03:33:57 [INFO] EPOCH:75, ======================ACC:87.83====================
2026-05-17 03:33:57 [INFO] BEST EPOCH:72,BEST ACC:89.03
2026-05-17 03:34:11 [INFO] Epoch: 76 [12800/50000 (26%)]	 Training Loss: 0.227 ACC: 88.77 CR: 0.84 Avg R1: 3.97 Avg R2: 2.35 Avg Reward: 6.317217
2026-05-17 03:34:27 [INFO] Epoch: 76 [25600/50000 (51%)]	 Training Loss: 0.217 ACC: 89.09 CR: 0.82 Avg R1: 4.14 Avg R2: 2.33 Avg Reward: 6.477065
2026-05-17 03:34:42 [INFO] Epoch: 76 [38400/50000 (77%)]	 Training Loss: 0.213 ACC: 89.11 CR: 0.79 Avg R1: 4.39 Avg R2: 2.31 Avg Reward: 6.695656
2026-05-17 03:34:55 [INFO] EPOCH:76, ======================CR:0.7731====================
2026-05-17 03:34:55 [INFO] 0.0017118151864255113
2026-05-17 03:34:57 [INFO] EPOCH:76, ======================ACC:88.18====================
2026-05-17 03:34:57 [INFO] BEST EPOCH:72,BEST ACC:89.03
2026-05-17 03:35:12 [INFO] Epoch: 77 [12800/50000 (26%)]	 Training Loss: 0.207 ACC: 89.49 CR: 0.77 Avg R1: 4.83 Avg R2: 2.15 Avg Reward: 6.983161
2026-05-17 03:35:26 [INFO] Epoch: 77 [25600/50000 (51%)]	 Training Loss: 0.204 ACC: 89.33 CR: 0.77 Avg R1: 4.82 Avg R2: 2.15 Avg Reward: 6.975071
2026-05-17 03:35:39 [INFO] Epoch: 77 [38400/50000 (77%)]	 Training Loss: 0.202 ACC: 89.29 CR: 0.76 Avg R1: 4.81 Avg R2: 2.15 Avg Reward: 6.951542
2026-05-17 03:35:53 [INFO] EPOCH:77, ======================CR:0.75562====================
2026-05-17 03:35:53 [INFO] 0.012232673113633031
2026-05-17 03:35:55 [INFO] EPOCH:77, ======================ACC:86.62====================
2026-05-17 03:35:55 [INFO] BEST EPOCH:72,BEST ACC:89.03
2026-05-17 03:36:10 [INFO] Epoch: 78 [12800/50000 (26%)]	 Training Loss: 0.209 ACC: 88.62 CR: 0.75 Avg R1: 4.72 Avg R2: 2.12 Avg Reward: 6.831714
2026-05-17 03:36:25 [INFO] Epoch: 78 [25600/50000 (51%)]	 Training Loss: 0.204 ACC: 89.07 CR: 0.75 Avg R1: 4.71 Avg R2: 2.11 Avg Reward: 6.821577
2026-05-17 03:36:39 [INFO] Epoch: 78 [38400/50000 (77%)]	 Training Loss: 0.199 ACC: 89.34 CR: 0.75 Avg R1: 4.70 Avg R2: 2.11 Avg Reward: 6.811998
2026-05-17 03:36:54 [INFO] EPOCH:78, ======================CR:0.74468====================
2026-05-17 03:36:54 [INFO] 0.0009773545129238437
2026-05-17 03:36:56 [INFO] EPOCH:78, ======================ACC:88.04====================
2026-05-17 03:36:56 [INFO] BEST EPOCH:72,BEST ACC:89.03
2026-05-17 03:37:11 [INFO] Epoch: 79 [12800/50000 (26%)]	 Training Loss: 0.200 ACC: 89.05 CR: 0.74 Avg R1: 4.64 Avg R2: 2.09 Avg Reward: 6.730188
2026-05-17 03:37:26 [INFO] Epoch: 79 [25600/50000 (51%)]	 Training Loss: 0.198 ACC: 89.08 CR: 0.74 Avg R1: 4.64 Avg R2: 2.09 Avg Reward: 6.732980
2026-05-17 03:37:41 [INFO] Epoch: 79 [38400/50000 (77%)]	 Training Loss: 0.197 ACC: 89.41 CR: 0.75 Avg R1: 4.65 Avg R2: 2.09 Avg Reward: 6.746346
2026-05-17 03:37:54 [INFO] EPOCH:79, ======================CR:0.75798====================
2026-05-17 03:37:54 [INFO] 0.004932799162624227
2026-05-17 03:37:56 [INFO] EPOCH:79, ======================ACC:90.36====================
2026-05-17 03:37:56 [INFO] BEST EPOCH:79,BEST ACC:90.36
2026-05-17 03:38:11 [INFO] Epoch: 80 [12800/50000 (26%)]	 Training Loss: 0.199 ACC: 89.77 CR: 0.76 Avg R1: 4.76 Avg R2: 2.12 Avg Reward: 6.881319
2026-05-17 03:38:27 [INFO] Epoch: 80 [25600/50000 (51%)]	 Training Loss: 0.206 ACC: 89.32 CR: 0.77 Avg R1: 4.77 Avg R2: 2.13 Avg Reward: 6.899741
2026-05-17 03:38:42 [INFO] Epoch: 80 [38400/50000 (77%)]	 Training Loss: 0.206 ACC: 89.41 CR: 0.78 Avg R1: 4.79 Avg R2: 2.13 Avg Reward: 6.922230
2026-05-17 03:38:57 [INFO] EPOCH:80, ======================CR:0.78806====================
2026-05-17 03:38:57 [INFO] 0.011379751758725642
2026-05-17 03:38:59 [INFO] EPOCH:80, ======================ACC:85.56====================
2026-05-17 03:38:59 [INFO] BEST EPOCH:79,BEST ACC:90.36
2026-05-17 03:39:14 [INFO] Epoch: 81 [12800/50000 (26%)]	 Training Loss: 0.227 ACC: 88.85 CR: 0.80 Avg R1: 4.96 Avg R2: 2.21 Avg Reward: 7.171569
2026-05-17 03:39:28 [INFO] Epoch: 81 [25600/50000 (51%)]	 Training Loss: 0.222 ACC: 89.30 CR: 0.81 Avg R1: 4.90 Avg R2: 2.23 Avg Reward: 7.127186
2026-05-17 03:39:43 [INFO] Epoch: 81 [38400/50000 (77%)]	 Training Loss: 0.218 ACC: 89.40 CR: 0.82 Avg R1: 4.77 Avg R2: 2.24 Avg Reward: 7.014810
2026-05-17 03:39:57 [INFO] EPOCH:81, ======================CR:0.82008====================
2026-05-17 03:39:57 [INFO] 0.0049749457961101575
2026-05-17 03:39:59 [INFO] EPOCH:81, ======================ACC:86.66====================
2026-05-17 03:39:59 [INFO] BEST EPOCH:79,BEST ACC:90.36
2026-05-17 03:40:15 [INFO] Epoch: 82 [12800/50000 (26%)]	 Training Loss: 0.194 ACC: 89.75 CR: 0.81 Avg R1: 4.64 Avg R2: 2.25 Avg Reward: 6.887266
2026-05-17 03:40:29 [INFO] Epoch: 82 [25600/50000 (51%)]	 Training Loss: 0.193 ACC: 89.91 CR: 0.79 Avg R1: 4.79 Avg R2: 2.23 Avg Reward: 7.021583
2026-05-17 03:40:45 [INFO] Epoch: 82 [38400/50000 (77%)]	 Training Loss: 0.202 ACC: 89.56 CR: 0.79 Avg R1: 4.84 Avg R2: 2.22 Avg Reward: 7.056375
2026-05-17 03:40:58 [INFO] EPOCH:82, ======================CR:0.78408====================
2026-05-17 03:40:58 [INFO] 0.017575207288025058
2026-05-17 03:41:00 [INFO] EPOCH:82, ======================ACC:88.49====================
2026-05-17 03:41:00 [INFO] BEST EPOCH:79,BEST ACC:90.36
2026-05-17 03:41:15 [INFO] Epoch: 83 [12800/50000 (26%)]	 Training Loss: 0.217 ACC: 89.63 CR: 0.79 Avg R1: 4.92 Avg R2: 2.19 Avg Reward: 7.105323
2026-05-17 03:41:30 [INFO] Epoch: 83 [25600/50000 (51%)]	 Training Loss: 0.213 ACC: 89.86 CR: 0.80 Avg R1: 4.94 Avg R2: 2.20 Avg Reward: 7.142531
2026-05-17 03:41:44 [INFO] Epoch: 83 [38400/50000 (77%)]	 Training Loss: 0.211 ACC: 89.77 CR: 0.81 Avg R1: 4.91 Avg R2: 2.21 Avg Reward: 7.120389
2026-05-17 03:41:58 [INFO] EPOCH:83, ======================CR:0.8157====================
2026-05-17 03:41:58 [INFO] 0.02680131341133372
2026-05-17 03:42:00 [INFO] EPOCH:83, ======================ACC:89.32====================
2026-05-17 03:42:00 [INFO] BEST EPOCH:79,BEST ACC:90.36
2026-05-17 03:42:15 [INFO] Epoch: 84 [12800/50000 (26%)]	 Training Loss: 0.216 ACC: 89.36 CR: 0.81 Avg R1: 4.65 Avg R2: 2.25 Avg Reward: 6.893174
2026-05-17 03:42:30 [INFO] Epoch: 84 [25600/50000 (51%)]	 Training Loss: 0.208 ACC: 89.61 CR: 0.80 Avg R1: 4.75 Avg R2: 2.24 Avg Reward: 6.984362
2026-05-17 03:42:45 [INFO] Epoch: 84 [38400/50000 (77%)]	 Training Loss: 0.199 ACC: 89.89 CR: 0.78 Avg R1: 4.82 Avg R2: 2.22 Avg Reward: 7.038340
2026-05-17 03:42:59 [INFO] EPOCH:84, ======================CR:0.77272====================
2026-05-17 03:42:59 [INFO] 0.034838273726003295
2026-05-17 03:43:01 [INFO] EPOCH:84, ======================ACC:91.26====================
2026-05-17 03:43:01 [INFO] BEST EPOCH:84,BEST ACC:91.26
2026-05-17 03:43:16 [INFO] Epoch: 85 [12800/50000 (26%)]	 Training Loss: 0.190 ACC: 90.34 CR: 0.77 Avg R1: 4.82 Avg R2: 2.14 Avg Reward: 6.958853
2026-05-17 03:43:32 [INFO] Epoch: 85 [25600/50000 (51%)]	 Training Loss: 0.192 ACC: 90.12 CR: 0.77 Avg R1: 4.82 Avg R2: 2.14 Avg Reward: 6.960723
2026-05-17 03:43:47 [INFO] Epoch: 85 [38400/50000 (77%)]	 Training Loss: 0.193 ACC: 90.00 CR: 0.77 Avg R1: 4.82 Avg R2: 2.14 Avg Reward: 6.956432
2026-05-17 03:44:00 [INFO] EPOCH:85, ======================CR:0.76728====================
2026-05-17 03:44:00 [INFO] 0.041562715336612654
2026-05-17 03:44:01 [INFO] EPOCH:85, ======================ACC:89.46====================
2026-05-17 03:44:01 [INFO] BEST EPOCH:84,BEST ACC:91.26
2026-05-17 03:44:17 [INFO] Epoch: 86 [12800/50000 (26%)]	 Training Loss: 0.206 ACC: 89.78 CR: 0.77 Avg R1: 4.81 Avg R2: 2.15 Avg Reward: 6.953277
2026-05-17 03:44:32 [INFO] Epoch: 86 [25600/50000 (51%)]	 Training Loss: 0.201 ACC: 89.96 CR: 0.78 Avg R1: 4.82 Avg R2: 2.15 Avg Reward: 6.970773
2026-05-17 03:44:47 [INFO] Epoch: 86 [38400/50000 (77%)]	 Training Loss: 0.200 ACC: 89.92 CR: 0.78 Avg R1: 4.83 Avg R2: 2.15 Avg Reward: 6.986795
2026-05-17 03:45:00 [INFO] EPOCH:86, ======================CR:0.78262====================
2026-05-17 03:45:00 [INFO] 0.03900792680784401
2026-05-17 03:45:02 [INFO] EPOCH:86, ======================ACC:90.07====================
2026-05-17 03:45:02 [INFO] BEST EPOCH:84,BEST ACC:91.26
2026-05-17 03:45:17 [INFO] Epoch: 87 [12800/50000 (26%)]	 Training Loss: 0.200 ACC: 89.84 CR: 0.79 Avg R1: 4.91 Avg R2: 2.17 Avg Reward: 7.072977
2026-05-17 03:45:31 [INFO] Epoch: 87 [25600/50000 (51%)]	 Training Loss: 0.196 ACC: 90.13 CR: 0.79 Avg R1: 4.91 Avg R2: 2.17 Avg Reward: 7.080928
2026-05-17 03:45:45 [INFO] Epoch: 87 [38400/50000 (77%)]	 Training Loss: 0.201 ACC: 89.89 CR: 0.80 Avg R1: 4.92 Avg R2: 2.17 Avg Reward: 7.096441
2026-05-17 03:45:59 [INFO] EPOCH:87, ======================CR:0.80594====================
2026-05-17 03:45:59 [INFO] 0.022288285628323534
2026-05-17 03:46:01 [INFO] EPOCH:87, ======================ACC:88.53====================
2026-05-17 03:46:01 [INFO] BEST EPOCH:84,BEST ACC:91.26
2026-05-17 03:46:01 [INFO] Saving Masks: current CR 0.8059 target CR 0.8000
2026-05-17 03:46:16 [INFO] Epoch: 88 [12800/50000 (26%)]	 Training Loss: 0.201 ACC: 90.27 CR: 0.81 Avg R1: 4.79 Avg R2: 2.23 Avg Reward: 7.026757
2026-05-17 03:46:32 [INFO] Epoch: 88 [25600/50000 (51%)]	 Training Loss: 0.197 ACC: 90.21 CR: 0.81 Avg R1: 4.77 Avg R2: 2.24 Avg Reward: 7.001217
2026-05-17 03:46:46 [INFO] Epoch: 88 [38400/50000 (77%)]	 Training Loss: 0.195 ACC: 90.16 CR: 0.80 Avg R1: 4.79 Avg R2: 2.23 Avg Reward: 7.018731
2026-05-17 03:47:00 [INFO] EPOCH:88, ======================CR:0.79634====================
2026-05-17 03:47:00 [INFO] 0.02559117238549006
2026-05-17 03:47:02 [INFO] EPOCH:88, ======================ACC:90.59====================
2026-05-17 03:47:02 [INFO] BEST EPOCH:84,BEST ACC:91.26
2026-05-17 03:47:02 [INFO] Saving Masks: current CR 0.7963 target CR 0.8000
2026-05-17 03:47:02 [INFO] Updated candidate mask pretrained-rescale_mask_best-acc_80_05170215_resnet18 at epoch 88 with acc 90.5900
2026-05-17 03:47:17 [INFO] Epoch: 89 [12800/50000 (26%)]	 Training Loss: 0.175 ACC: 90.74 CR: 0.78 Avg R1: 4.93 Avg R2: 2.18 Avg Reward: 7.102636
2026-05-17 03:47:32 [INFO] Epoch: 89 [25600/50000 (51%)]	 Training Loss: 0.176 ACC: 90.77 CR: 0.76 Avg R1: 4.87 Avg R2: 2.16 Avg Reward: 7.028318
2026-05-17 03:47:46 [INFO] Epoch: 89 [38400/50000 (77%)]	 Training Loss: 0.172 ACC: 90.91 CR: 0.75 Avg R1: 4.82 Avg R2: 2.14 Avg Reward: 6.957796
2026-05-17 03:47:59 [INFO] EPOCH:89, ======================CR:0.7339====================
2026-05-17 03:47:59 [INFO] 0.01773461538054106
2026-05-17 03:48:01 [INFO] EPOCH:89, ======================ACC:89.76====================
2026-05-17 03:48:01 [INFO] BEST EPOCH:88,BEST ACC:91.26
2026-05-17 03:48:17 [INFO] Epoch: 90 [12800/50000 (26%)]	 Training Loss: 0.175 ACC: 90.85 CR: 0.74 Avg R1: 4.59 Avg R2: 2.06 Avg Reward: 6.649883
2026-05-17 03:48:32 [INFO] Epoch: 90 [25600/50000 (51%)]	 Training Loss: 0.179 ACC: 90.63 CR: 0.74 Avg R1: 4.60 Avg R2: 2.06 Avg Reward: 6.665385
2026-05-17 03:48:45 [INFO] Epoch: 90 [38400/50000 (77%)]	 Training Loss: 0.180 ACC: 90.56 CR: 0.74 Avg R1: 4.62 Avg R2: 2.06 Avg Reward: 6.679334
2026-05-17 03:48:58 [INFO] EPOCH:90, ======================CR:0.7419====================
2026-05-17 03:48:58 [INFO] 0.04106633721296527
2026-05-17 03:49:00 [INFO] EPOCH:90, ======================ACC:89.9====================
2026-05-17 03:49:00 [INFO] BEST EPOCH:88,BEST ACC:91.26
2026-05-17 03:49:14 [INFO] Epoch: 91 [12800/50000 (26%)]	 Training Loss: 0.174 ACC: 90.71 CR: 0.74 Avg R1: 4.62 Avg R2: 2.08 Avg Reward: 6.698437
2026-05-17 03:49:28 [INFO] Epoch: 91 [25600/50000 (51%)]	 Training Loss: 0.173 ACC: 90.78 CR: 0.74 Avg R1: 4.61 Avg R2: 2.07 Avg Reward: 6.685685
2026-05-17 03:49:42 [INFO] Epoch: 91 [38400/50000 (77%)]	 Training Loss: 0.176 ACC: 90.60 CR: 0.74 Avg R1: 4.61 Avg R2: 2.07 Avg Reward: 6.682797
2026-05-17 03:49:54 [INFO] EPOCH:91, ======================CR:0.73886====================
2026-05-17 03:49:54 [INFO] 0.03303549518605242
2026-05-17 03:49:56 [INFO] EPOCH:91, ======================ACC:90.2====================
2026-05-17 03:49:56 [INFO] BEST EPOCH:88,BEST ACC:91.26
2026-05-17 03:50:10 [INFO] Epoch: 92 [12800/50000 (26%)]	 Training Loss: 0.173 ACC: 90.77 CR: 0.74 Avg R1: 4.62 Avg R2: 2.07 Avg Reward: 6.689626
2026-05-17 03:50:25 [INFO] Epoch: 92 [25600/50000 (51%)]	 Training Loss: 0.173 ACC: 90.80 CR: 0.75 Avg R1: 4.64 Avg R2: 2.07 Avg Reward: 6.711687
2026-05-17 03:50:39 [INFO] Epoch: 92 [38400/50000 (77%)]	 Training Loss: 0.177 ACC: 90.54 CR: 0.75 Avg R1: 4.65 Avg R2: 2.08 Avg Reward: 6.727590
2026-05-17 03:50:52 [INFO] EPOCH:92, ======================CR:0.75268====================
2026-05-17 03:50:52 [INFO] 0.03543813131593697
2026-05-17 03:50:54 [INFO] EPOCH:92, ======================ACC:91.06====================
2026-05-17 03:50:54 [INFO] BEST EPOCH:88,BEST ACC:91.26
2026-05-17 03:51:07 [INFO] Epoch: 93 [12800/50000 (26%)]	 Training Loss: 0.164 ACC: 91.34 CR: 0.75 Avg R1: 4.70 Avg R2: 2.09 Avg Reward: 6.795335
2026-05-17 03:51:21 [INFO] Epoch: 93 [25600/50000 (51%)]	 Training Loss: 0.168 ACC: 91.00 CR: 0.75 Avg R1: 4.70 Avg R2: 2.09 Avg Reward: 6.790424
2026-05-17 03:51:35 [INFO] Epoch: 93 [38400/50000 (77%)]	 Training Loss: 0.176 ACC: 90.71 CR: 0.76 Avg R1: 4.70 Avg R2: 2.09 Avg Reward: 6.796732
2026-05-17 03:51:47 [INFO] EPOCH:93, ======================CR:0.75884====================
2026-05-17 03:51:47 [INFO] 0.02531426705854922
2026-05-17 03:51:49 [INFO] EPOCH:93, ======================ACC:89.92====================
2026-05-17 03:51:49 [INFO] BEST EPOCH:88,BEST ACC:91.26
2026-05-17 03:52:02 [INFO] Epoch: 94 [12800/50000 (26%)]	 Training Loss: 0.188 ACC: 90.67 CR: 0.77 Avg R1: 4.77 Avg R2: 2.11 Avg Reward: 6.876183
2026-05-17 03:52:16 [INFO] Epoch: 94 [25600/50000 (51%)]	 Training Loss: 0.187 ACC: 90.56 CR: 0.77 Avg R1: 4.78 Avg R2: 2.11 Avg Reward: 6.896422
2026-05-17 03:52:30 [INFO] Epoch: 94 [38400/50000 (77%)]	 Training Loss: 0.185 ACC: 90.69 CR: 0.78 Avg R1: 4.80 Avg R2: 2.12 Avg Reward: 6.918834
2026-05-17 03:52:42 [INFO] EPOCH:94, ======================CR:0.7861====================
2026-05-17 03:52:42 [INFO] 0.028001221154333452
2026-05-17 03:52:44 [INFO] EPOCH:94, ======================ACC:88.92====================
2026-05-17 03:52:44 [INFO] BEST EPOCH:88,BEST ACC:91.26
2026-05-17 03:52:57 [INFO] Epoch: 95 [12800/50000 (26%)]	 Training Loss: 0.196 ACC: 90.69 CR: 0.80 Avg R1: 4.95 Avg R2: 2.17 Avg Reward: 7.124066
2026-05-17 03:53:11 [INFO] Epoch: 95 [25600/50000 (51%)]	 Training Loss: 0.204 ACC: 90.64 CR: 0.83 Avg R1: 4.77 Avg R2: 2.20 Avg Reward: 6.970130
2026-05-17 03:53:25 [INFO] Epoch: 95 [38400/50000 (77%)]	 Training Loss: 0.208 ACC: 90.48 CR: 0.86 Avg R1: 4.48 Avg R2: 2.23 Avg Reward: 6.717777
2026-05-17 03:53:38 [INFO] EPOCH:95, ======================CR:0.87974====================
2026-05-17 03:53:38 [INFO] 0.020053485357399856
2026-05-17 03:53:39 [INFO] EPOCH:95, ======================ACC:87.99====================
2026-05-17 03:53:39 [INFO] BEST EPOCH:88,BEST ACC:91.26
2026-05-17 03:53:54 [INFO] Epoch: 96 [12800/50000 (26%)]	 Training Loss: 0.205 ACC: 90.59 CR: 0.88 Avg R1: 2.99 Avg R2: 2.41 Avg Reward: 5.398934
2026-05-17 03:54:07 [INFO] Epoch: 96 [25600/50000 (51%)]	 Training Loss: 0.210 ACC: 90.42 CR: 0.88 Avg R1: 2.97 Avg R2: 2.41 Avg Reward: 5.377898
2026-05-17 03:54:22 [INFO] Epoch: 96 [38400/50000 (77%)]	 Training Loss: 0.209 ACC: 90.53 CR: 0.88 Avg R1: 2.95 Avg R2: 2.41 Avg Reward: 5.365617
2026-05-17 03:54:35 [INFO] EPOCH:96, ======================CR:0.87708====================
2026-05-17 03:54:35 [INFO] 0.027640442307421048
2026-05-17 03:54:37 [INFO] EPOCH:96, ======================ACC:90.75====================
2026-05-17 03:54:37 [INFO] BEST EPOCH:88,BEST ACC:91.26
2026-05-17 03:54:51 [INFO] Epoch: 97 [12800/50000 (26%)]	 Training Loss: 0.187 ACC: 90.95 CR: 0.87 Avg R1: 3.16 Avg R2: 2.38 Avg Reward: 5.545770
2026-05-17 03:55:05 [INFO] Epoch: 97 [25600/50000 (51%)]	 Training Loss: 0.189 ACC: 90.98 CR: 0.87 Avg R1: 3.22 Avg R2: 2.38 Avg Reward: 5.598796
2026-05-17 03:55:19 [INFO] Epoch: 97 [38400/50000 (77%)]	 Training Loss: 0.190 ACC: 90.91 CR: 0.85 Avg R1: 3.32 Avg R2: 2.37 Avg Reward: 5.688100
2026-05-17 03:55:33 [INFO] EPOCH:97, ======================CR:0.84118====================
2026-05-17 03:55:33 [INFO] 0.04142843004944418
2026-05-17 03:55:34 [INFO] EPOCH:97, ======================ACC:91.12====================
2026-05-17 03:55:34 [INFO] BEST EPOCH:88,BEST ACC:91.26
2026-05-17 03:55:49 [INFO] Epoch: 98 [12800/50000 (26%)]	 Training Loss: 0.178 ACC: 90.98 CR: 0.83 Avg R1: 4.10 Avg R2: 2.28 Avg Reward: 6.371284
2026-05-17 03:56:03 [INFO] Epoch: 98 [25600/50000 (51%)]	 Training Loss: 0.177 ACC: 91.07 CR: 0.82 Avg R1: 4.25 Avg R2: 2.26 Avg Reward: 6.513455
2026-05-17 03:56:17 [INFO] Epoch: 98 [38400/50000 (77%)]	 Training Loss: 0.173 ACC: 91.29 CR: 0.80 Avg R1: 4.43 Avg R2: 2.24 Avg Reward: 6.670975
2026-05-17 03:56:29 [INFO] EPOCH:98, ======================CR:0.78704====================
2026-05-17 03:56:29 [INFO] 0.04635112112576064
2026-05-17 03:56:30 [INFO] EPOCH:98, ======================ACC:90.8====================
2026-05-17 03:56:30 [INFO] BEST EPOCH:88,BEST ACC:91.26
2026-05-17 03:56:46 [INFO] Epoch: 99 [12800/50000 (26%)]	 Training Loss: 0.181 ACC: 91.03 CR: 0.79 Avg R1: 4.92 Avg R2: 2.16 Avg Reward: 7.080224
2026-05-17 03:56:59 [INFO] Epoch: 99 [25600/50000 (51%)]	 Training Loss: 0.175 ACC: 91.33 CR: 0.79 Avg R1: 4.93 Avg R2: 2.16 Avg Reward: 7.089402
2026-05-17 03:57:13 [INFO] Epoch: 99 [38400/50000 (77%)]	 Training Loss: 0.180 ACC: 91.15 CR: 0.80 Avg R1: 4.94 Avg R2: 2.17 Avg Reward: 7.110747
2026-05-17 03:57:26 [INFO] EPOCH:99, ======================CR:0.81066====================
2026-05-17 03:57:26 [INFO] 0.06367481387217772
2026-05-17 03:57:28 [INFO] EPOCH:99, ======================ACC:90.76====================
2026-05-17 03:57:28 [INFO] BEST EPOCH:88,BEST ACC:91.26
2026-05-17 03:57:43 [INFO] Epoch: 100 [12800/50000 (26%)]	 Training Loss: 0.185 ACC: 90.95 CR: 0.81 Avg R1: 4.68 Avg R2: 2.23 Avg Reward: 6.908045
2026-05-17 03:57:56 [INFO] Epoch: 100 [25600/50000 (51%)]	 Training Loss: 0.178 ACC: 91.35 CR: 0.81 Avg R1: 4.69 Avg R2: 2.23 Avg Reward: 6.918703
2026-05-17 03:58:11 [INFO] Epoch: 100 [38400/50000 (77%)]	 Training Loss: 0.180 ACC: 91.28 CR: 0.81 Avg R1: 4.71 Avg R2: 2.23 Avg Reward: 6.940343
2026-05-17 03:58:25 [INFO] EPOCH:100, ======================CR:0.8039====================
2026-05-17 03:58:25 [INFO] 0.0615358699555377
2026-05-17 03:58:27 [INFO] EPOCH:100, ======================ACC:89.0====================
2026-05-17 03:58:27 [INFO] BEST EPOCH:88,BEST ACC:91.26
2026-05-17 03:58:27 [INFO] Saving Masks: current CR 0.8039 target CR 0.8000
2026-05-17 03:58:43 [INFO] Epoch: 101 [12800/50000 (26%)]	 Training Loss: 0.160 ACC: 92.06 CR: 0.80 Avg R1: 4.98 Avg R2: 2.19 Avg Reward: 7.174527
2026-05-17 03:58:59 [INFO] Epoch: 101 [25600/50000 (51%)]	 Training Loss: 0.159 ACC: 92.02 CR: 0.79 Avg R1: 4.97 Avg R2: 2.19 Avg Reward: 7.159611
2026-05-17 03:59:15 [INFO] Epoch: 101 [38400/50000 (77%)]	 Training Loss: 0.162 ACC: 91.84 CR: 0.79 Avg R1: 4.96 Avg R2: 2.18 Avg Reward: 7.140023
2026-05-17 03:59:29 [INFO] EPOCH:101, ======================CR:0.78562====================
2026-05-17 03:59:29 [INFO] 0.07006569906194238
2026-05-17 03:59:31 [INFO] EPOCH:101, ======================ACC:91.1====================
2026-05-17 03:59:31 [INFO] BEST EPOCH:88,BEST ACC:91.26
2026-05-17 03:59:47 [INFO] Epoch: 102 [12800/50000 (26%)]	 Training Loss: 0.170 ACC: 91.89 CR: 0.79 Avg R1: 4.93 Avg R2: 2.15 Avg Reward: 7.082675
2026-05-17 04:00:02 [INFO] Epoch: 102 [25600/50000 (51%)]	 Training Loss: 0.175 ACC: 91.66 CR: 0.80 Avg R1: 4.95 Avg R2: 2.16 Avg Reward: 7.109916
2026-05-17 04:00:17 [INFO] Epoch: 102 [38400/50000 (77%)]	 Training Loss: 0.181 ACC: 91.27 CR: 0.81 Avg R1: 4.92 Avg R2: 2.17 Avg Reward: 7.091012
2026-05-17 04:00:32 [INFO] EPOCH:102, ======================CR:0.81152====================
2026-05-17 04:00:32 [INFO] 0.08105652523347036
2026-05-17 04:00:34 [INFO] EPOCH:102, ======================ACC:89.79====================
2026-05-17 04:00:34 [INFO] BEST EPOCH:88,BEST ACC:91.26
2026-05-17 04:00:50 [INFO] Epoch: 103 [12800/50000 (26%)]	 Training Loss: 0.173 ACC: 91.32 CR: 0.81 Avg R1: 4.77 Avg R2: 2.20 Avg Reward: 6.964719
2026-05-17 04:01:06 [INFO] Epoch: 103 [25600/50000 (51%)]	 Training Loss: 0.169 ACC: 91.51 CR: 0.79 Avg R1: 4.86 Avg R2: 2.19 Avg Reward: 7.048422
2026-05-17 04:01:21 [INFO] Epoch: 103 [38400/50000 (77%)]	 Training Loss: 0.164 ACC: 91.74 CR: 0.78 Avg R1: 4.88 Avg R2: 2.17 Avg Reward: 7.052902
2026-05-17 04:01:36 [INFO] EPOCH:103, ======================CR:0.77066====================
2026-05-17 04:01:36 [INFO] 0.08049800794403991
2026-05-17 04:01:38 [INFO] EPOCH:103, ======================ACC:90.55====================
2026-05-17 04:01:38 [INFO] BEST EPOCH:88,BEST ACC:91.26
2026-05-17 04:01:53 [INFO] Epoch: 104 [12800/50000 (26%)]	 Training Loss: 0.162 ACC: 92.04 CR: 0.77 Avg R1: 4.82 Avg R2: 2.11 Avg Reward: 6.932122
2026-05-17 04:02:09 [INFO] Epoch: 104 [25600/50000 (51%)]	 Training Loss: 0.155 ACC: 92.39 CR: 0.77 Avg R1: 4.83 Avg R2: 2.11 Avg Reward: 6.936504
2026-05-17 04:02:25 [INFO] Epoch: 104 [38400/50000 (77%)]	 Training Loss: 0.157 ACC: 92.24 CR: 0.78 Avg R1: 4.83 Avg R2: 2.11 Avg Reward: 6.944314
2026-05-17 04:02:40 [INFO] EPOCH:104, ======================CR:0.77774====================
2026-05-17 04:02:40 [INFO] 0.0937592391324329
2026-05-17 04:02:42 [INFO] EPOCH:104, ======================ACC:91.04====================
2026-05-17 04:02:42 [INFO] BEST EPOCH:88,BEST ACC:91.26
2026-05-17 04:02:58 [INFO] Epoch: 105 [12800/50000 (26%)]	 Training Loss: 0.158 ACC: 92.29 CR: 0.78 Avg R1: 4.87 Avg R2: 2.12 Avg Reward: 6.988404
2026-05-17 04:03:14 [INFO] Epoch: 105 [25600/50000 (51%)]	 Training Loss: 0.162 ACC: 92.03 CR: 0.78 Avg R1: 4.87 Avg R2: 2.12 Avg Reward: 6.993579
2026-05-17 04:03:30 [INFO] Epoch: 105 [38400/50000 (77%)]	 Training Loss: 0.166 ACC: 91.74 CR: 0.79 Avg R1: 4.89 Avg R2: 2.13 Avg Reward: 7.017451
2026-05-17 04:03:43 [INFO] EPOCH:105, ======================CR:0.80184====================
2026-05-17 04:03:43 [INFO] 0.08468281057380762
2026-05-17 04:03:44 [INFO] EPOCH:105, ======================ACC:90.91====================
2026-05-17 04:03:44 [INFO] BEST EPOCH:88,BEST ACC:91.26
2026-05-17 04:03:44 [INFO] Saving Masks: current CR 0.8018 target CR 0.8000
2026-05-17 04:03:44 [INFO] Updated candidate mask pretrained-rescale_mask_best-acc_80_05170215_resnet18 at epoch 105 with acc 90.9100
2026-05-17 04:04:00 [INFO] Epoch: 106 [12800/50000 (26%)]	 Training Loss: 0.181 ACC: 91.16 CR: 0.80 Avg R1: 4.91 Avg R2: 2.18 Avg Reward: 7.084929
2026-05-17 04:04:13 [INFO] Epoch: 106 [25600/50000 (51%)]	 Training Loss: 0.179 ACC: 91.30 CR: 0.81 Avg R1: 4.87 Avg R2: 2.18 Avg Reward: 7.050080
2026-05-17 04:04:27 [INFO] Epoch: 106 [38400/50000 (77%)]	 Training Loss: 0.173 ACC: 91.39 CR: 0.80 Avg R1: 4.87 Avg R2: 2.18 Avg Reward: 7.051782
2026-05-17 04:04:40 [INFO] EPOCH:106, ======================CR:0.79374====================
2026-05-17 04:04:40 [INFO] 0.0843398845247014
2026-05-17 04:04:42 [INFO] EPOCH:106, ======================ACC:90.09====================
2026-05-17 04:04:42 [INFO] BEST EPOCH:105,BEST ACC:91.26
2026-05-17 04:04:42 [INFO] Saving Masks: current CR 0.7937 target CR 0.8000
2026-05-17 04:04:59 [INFO] Epoch: 107 [12800/50000 (26%)]	 Training Loss: 0.148 ACC: 92.47 CR: 0.79 Avg R1: 4.93 Avg R2: 2.15 Avg Reward: 7.081079
2026-05-17 04:05:13 [INFO] Epoch: 107 [25600/50000 (51%)]	 Training Loss: 0.151 ACC: 92.37 CR: 0.78 Avg R1: 4.91 Avg R2: 2.14 Avg Reward: 7.048220
2026-05-17 04:05:27 [INFO] Epoch: 107 [38400/50000 (77%)]	 Training Loss: 0.151 ACC: 92.27 CR: 0.76 Avg R1: 4.88 Avg R2: 2.13 Avg Reward: 7.008736
2026-05-17 04:05:40 [INFO] EPOCH:107, ======================CR:0.7588====================
2026-05-17 04:05:40 [INFO] 0.08483884277949323
2026-05-17 04:05:41 [INFO] EPOCH:107, ======================ACC:91.02====================
2026-05-17 04:05:41 [INFO] BEST EPOCH:105,BEST ACC:91.26
2026-05-17 04:05:57 [INFO] Epoch: 108 [12800/50000 (26%)]	 Training Loss: 0.158 ACC: 91.89 CR: 0.76 Avg R1: 4.75 Avg R2: 2.06 Avg Reward: 6.807690
2026-05-17 04:06:13 [INFO] Epoch: 108 [25600/50000 (51%)]	 Training Loss: 0.155 ACC: 91.99 CR: 0.76 Avg R1: 4.76 Avg R2: 2.06 Avg Reward: 6.815494
2026-05-17 04:06:26 [INFO] Epoch: 108 [38400/50000 (77%)]	 Training Loss: 0.155 ACC: 92.08 CR: 0.77 Avg R1: 4.77 Avg R2: 2.06 Avg Reward: 6.829746
2026-05-17 04:06:40 [INFO] EPOCH:108, ======================CR:0.77754====================
2026-05-17 04:06:40 [INFO] 0.08763978352956182
2026-05-17 04:06:42 [INFO] EPOCH:108, ======================ACC:91.59====================
2026-05-17 04:06:42 [INFO] BEST EPOCH:108,BEST ACC:91.59
2026-05-17 04:06:58 [INFO] Epoch: 109 [12800/50000 (26%)]	 Training Loss: 0.154 ACC: 92.57 CR: 0.79 Avg R1: 4.88 Avg R2: 2.11 Avg Reward: 6.993367
2026-05-17 04:07:14 [INFO] Epoch: 109 [25600/50000 (51%)]	 Training Loss: 0.157 ACC: 92.34 CR: 0.80 Avg R1: 4.91 Avg R2: 2.12 Avg Reward: 7.031476
2026-05-17 04:07:29 [INFO] Epoch: 109 [38400/50000 (77%)]	 Training Loss: 0.160 ACC: 92.31 CR: 0.81 Avg R1: 4.92 Avg R2: 2.13 Avg Reward: 7.048298
2026-05-17 04:07:44 [INFO] EPOCH:109, ======================CR:0.81786====================
2026-05-17 04:07:44 [INFO] 0.09029275409146571
2026-05-17 04:07:46 [INFO] EPOCH:109, ======================ACC:91.41====================
2026-05-17 04:07:46 [INFO] BEST EPOCH:108,BEST ACC:91.59
2026-05-17 04:08:03 [INFO] Epoch: 110 [12800/50000 (26%)]	 Training Loss: 0.172 ACC: 91.76 CR: 0.82 Avg R1: 4.51 Avg R2: 2.20 Avg Reward: 6.704357
2026-05-17 04:08:18 [INFO] Epoch: 110 [25600/50000 (51%)]	 Training Loss: 0.175 ACC: 91.77 CR: 0.83 Avg R1: 4.40 Avg R2: 2.20 Avg Reward: 6.609214
2026-05-17 04:08:33 [INFO] Epoch: 110 [38400/50000 (77%)]	 Training Loss: 0.178 ACC: 91.78 CR: 0.84 Avg R1: 4.28 Avg R2: 2.22 Avg Reward: 6.495952
2026-05-17 04:08:48 [INFO] EPOCH:110, ======================CR:0.8498====================
2026-05-17 04:08:48 [INFO] 0.07575157627270118
2026-05-17 04:08:50 [INFO] EPOCH:110, ======================ACC:91.24====================
2026-05-17 04:08:50 [INFO] BEST EPOCH:108,BEST ACC:91.59
2026-05-17 04:09:05 [INFO] Epoch: 111 [12800/50000 (26%)]	 Training Loss: 0.163 ACC: 92.02 CR: 0.84 Avg R1: 3.88 Avg R2: 2.25 Avg Reward: 6.134975
2026-05-17 04:09:20 [INFO] Epoch: 111 [25600/50000 (51%)]	 Training Loss: 0.157 ACC: 92.28 CR: 0.82 Avg R1: 4.04 Avg R2: 2.24 Avg Reward: 6.283975
2026-05-17 04:09:35 [INFO] Epoch: 111 [38400/50000 (77%)]	 Training Loss: 0.157 ACC: 92.32 CR: 0.81 Avg R1: 4.21 Avg R2: 2.22 Avg Reward: 6.436577
2026-05-17 04:09:49 [INFO] EPOCH:111, ======================CR:0.8068====================
2026-05-17 04:09:49 [INFO] 0.0544148720000412
2026-05-17 04:09:51 [INFO] EPOCH:111, ======================ACC:90.66====================
2026-05-17 04:09:51 [INFO] BEST EPOCH:108,BEST ACC:91.59
2026-05-17 04:09:51 [INFO] Saving Masks: current CR 0.8068 target CR 0.8000
2026-05-17 04:10:08 [INFO] Epoch: 112 [12800/50000 (26%)]	 Training Loss: 0.142 ACC: 92.97 CR: 0.81 Avg R1: 4.84 Avg R2: 2.15 Avg Reward: 6.989911
2026-05-17 04:10:23 [INFO] Epoch: 112 [25600/50000 (51%)]	 Training Loss: 0.146 ACC: 92.75 CR: 0.80 Avg R1: 4.88 Avg R2: 2.15 Avg Reward: 7.024377
2026-05-17 04:10:39 [INFO] Epoch: 112 [38400/50000 (77%)]	 Training Loss: 0.145 ACC: 92.75 CR: 0.80 Avg R1: 4.91 Avg R2: 2.14 Avg Reward: 7.055366
2026-05-17 04:10:54 [INFO] EPOCH:112, ======================CR:0.79216====================
2026-05-17 04:10:54 [INFO] 0.05348863978421932
2026-05-17 04:10:56 [INFO] EPOCH:112, ======================ACC:90.65====================
2026-05-17 04:10:56 [INFO] BEST EPOCH:108,BEST ACC:91.59
2026-05-17 04:10:56 [INFO] Saving Masks: current CR 0.7922 target CR 0.8000
2026-05-17 04:11:11 [INFO] Epoch: 113 [12800/50000 (26%)]	 Training Loss: 0.153 ACC: 92.57 CR: 0.80 Avg R1: 4.96 Avg R2: 2.12 Avg Reward: 7.076167
2026-05-17 04:11:25 [INFO] Epoch: 113 [25600/50000 (51%)]	 Training Loss: 0.150 ACC: 92.66 CR: 0.80 Avg R1: 4.97 Avg R2: 2.12 Avg Reward: 7.093285
2026-05-17 04:11:39 [INFO] Epoch: 113 [38400/50000 (77%)]	 Training Loss: 0.150 ACC: 92.72 CR: 0.80 Avg R1: 4.98 Avg R2: 2.12 Avg Reward: 7.102712
2026-05-17 04:11:52 [INFO] EPOCH:113, ======================CR:0.80476====================
2026-05-17 04:11:52 [INFO] 0.0573408038402279
2026-05-17 04:11:54 [INFO] EPOCH:113, ======================ACC:91.96====================
2026-05-17 04:11:54 [INFO] BEST EPOCH:113,BEST ACC:91.96
2026-05-17 04:11:54 [INFO] Saving Masks: current CR 0.8048 target CR 0.8000
2026-05-17 04:11:54 [INFO] Updated candidate mask pretrained-rescale_mask_best-acc_80_05170215_resnet18 at epoch 113 with acc 91.9600
2026-05-17 04:12:08 [INFO] Epoch: 114 [12800/50000 (26%)]	 Training Loss: 0.154 ACC: 92.41 CR: 0.80 Avg R1: 4.90 Avg R2: 2.15 Avg Reward: 7.049763
2026-05-17 04:12:22 [INFO] Epoch: 114 [25600/50000 (51%)]	 Training Loss: 0.152 ACC: 92.55 CR: 0.80 Avg R1: 4.93 Avg R2: 2.14 Avg Reward: 7.074633
2026-05-17 04:12:36 [INFO] Epoch: 114 [38400/50000 (77%)]	 Training Loss: 0.148 ACC: 92.76 CR: 0.80 Avg R1: 4.95 Avg R2: 2.14 Avg Reward: 7.092640
2026-05-17 04:12:49 [INFO] EPOCH:114, ======================CR:0.79666====================
2026-05-17 04:12:49 [INFO] 0.06819809361544624
2026-05-17 04:12:51 [INFO] EPOCH:114, ======================ACC:90.7====================
2026-05-17 04:12:51 [INFO] BEST EPOCH:113,BEST ACC:91.96
2026-05-17 04:12:51 [INFO] Saving Masks: current CR 0.7967 target CR 0.8000
2026-05-17 04:13:05 [INFO] Epoch: 115 [12800/50000 (26%)]	 Training Loss: 0.146 ACC: 92.87 CR: 0.80 Avg R1: 4.98 Avg R2: 2.14 Avg Reward: 7.118311
2026-05-17 04:13:20 [INFO] Epoch: 115 [25600/50000 (51%)]	 Training Loss: 0.143 ACC: 93.02 CR: 0.80 Avg R1: 4.98 Avg R2: 2.14 Avg Reward: 7.123369
2026-05-17 04:13:32 [INFO] Epoch: 115 [38400/50000 (77%)]	 Training Loss: 0.145 ACC: 92.87 CR: 0.80 Avg R1: 4.98 Avg R2: 2.14 Avg Reward: 7.125185
2026-05-17 04:13:45 [INFO] EPOCH:115, ======================CR:0.804====================
2026-05-17 04:13:45 [INFO] 0.06310373656626704
2026-05-17 04:13:47 [INFO] EPOCH:115, ======================ACC:91.63====================
2026-05-17 04:13:47 [INFO] BEST EPOCH:113,BEST ACC:91.96
2026-05-17 04:13:47 [INFO] Saving Masks: current CR 0.8040 target CR 0.8000
2026-05-17 04:14:01 [INFO] Epoch: 116 [12800/50000 (26%)]	 Training Loss: 0.140 ACC: 93.11 CR: 0.80 Avg R1: 4.95 Avg R2: 2.13 Avg Reward: 7.080562
2026-05-17 04:14:15 [INFO] Epoch: 116 [25600/50000 (51%)]	 Training Loss: 0.146 ACC: 92.67 CR: 0.80 Avg R1: 4.97 Avg R2: 2.13 Avg Reward: 7.102622
2026-05-17 04:14:28 [INFO] Epoch: 116 [38400/50000 (77%)]	 Training Loss: 0.144 ACC: 92.79 CR: 0.80 Avg R1: 4.97 Avg R2: 2.13 Avg Reward: 7.105436
2026-05-17 04:14:40 [INFO] EPOCH:116, ======================CR:0.798====================
2026-05-17 04:14:40 [INFO] 0.061828345714248695
2026-05-17 04:14:42 [INFO] EPOCH:116, ======================ACC:91.92====================
2026-05-17 04:14:42 [INFO] BEST EPOCH:113,BEST ACC:91.96
2026-05-17 04:14:42 [INFO] Saving Masks: current CR 0.7980 target CR 0.8000
2026-05-17 04:14:57 [INFO] Epoch: 117 [12800/50000 (26%)]	 Training Loss: 0.131 ACC: 93.38 CR: 0.80 Avg R1: 4.98 Avg R2: 2.13 Avg Reward: 7.106339
2026-05-17 04:15:09 [INFO] Epoch: 117 [25600/50000 (51%)]	 Training Loss: 0.137 ACC: 93.25 CR: 0.80 Avg R1: 4.98 Avg R2: 2.13 Avg Reward: 7.109634
2026-05-17 04:15:21 [INFO] Epoch: 117 [38400/50000 (77%)]	 Training Loss: 0.142 ACC: 93.08 CR: 0.81 Avg R1: 4.95 Avg R2: 2.13 Avg Reward: 7.076872
2026-05-17 04:15:34 [INFO] EPOCH:117, ======================CR:0.80832====================
2026-05-17 04:15:34 [INFO] 0.08168946362489926
2026-05-17 04:15:36 [INFO] EPOCH:117, ======================ACC:91.64====================
2026-05-17 04:15:36 [INFO] BEST EPOCH:113,BEST ACC:91.96
2026-05-17 04:15:36 [INFO] Saving Masks: current CR 0.8083 target CR 0.8000
2026-05-17 04:15:48 [INFO] Epoch: 118 [12800/50000 (26%)]	 Training Loss: 0.134 ACC: 93.15 CR: 0.80 Avg R1: 4.91 Avg R2: 2.13 Avg Reward: 7.037242
2026-05-17 04:15:59 [INFO] Epoch: 118 [25600/50000 (51%)]	 Training Loss: 0.129 ACC: 93.48 CR: 0.79 Avg R1: 4.93 Avg R2: 2.12 Avg Reward: 7.048954
2026-05-17 04:16:12 [INFO] Epoch: 118 [38400/50000 (77%)]	 Training Loss: 0.130 ACC: 93.51 CR: 0.78 Avg R1: 4.92 Avg R2: 2.11 Avg Reward: 7.021029
2026-05-17 04:16:24 [INFO] EPOCH:118, ======================CR:0.7678====================
2026-05-17 04:16:24 [INFO] 0.07850729328081306
2026-05-17 04:16:26 [INFO] EPOCH:118, ======================ACC:92.41====================
2026-05-17 04:16:26 [INFO] BEST EPOCH:118,BEST ACC:92.41
2026-05-17 04:16:38 [INFO] Epoch: 119 [12800/50000 (26%)]	 Training Loss: 0.129 ACC: 93.20 CR: 0.77 Avg R1: 4.79 Avg R2: 2.05 Avg Reward: 6.842867
2026-05-17 04:16:52 [INFO] Epoch: 119 [25600/50000 (51%)]	 Training Loss: 0.131 ACC: 93.36 CR: 0.77 Avg R1: 4.79 Avg R2: 2.05 Avg Reward: 6.844900
2026-05-17 04:17:04 [INFO] Epoch: 119 [38400/50000 (77%)]	 Training Loss: 0.136 ACC: 93.10 CR: 0.77 Avg R1: 4.79 Avg R2: 2.05 Avg Reward: 6.840570
2026-05-17 04:17:15 [INFO] EPOCH:119, ======================CR:0.76448====================
2026-05-17 04:17:15 [INFO] 0.08379528879075955
2026-05-17 04:17:16 [INFO] EPOCH:119, ======================ACC:90.61====================
2026-05-17 04:17:16 [INFO] BEST EPOCH:118,BEST ACC:92.41
2026-05-17 04:17:30 [INFO] Epoch: 120 [12800/50000 (26%)]	 Training Loss: 0.127 ACC: 93.58 CR: 0.77 Avg R1: 4.78 Avg R2: 2.03 Avg Reward: 6.810095
2026-05-17 04:17:43 [INFO] Epoch: 120 [25600/50000 (51%)]	 Training Loss: 0.132 ACC: 93.32 CR: 0.77 Avg R1: 4.80 Avg R2: 2.03 Avg Reward: 6.832213
2026-05-17 04:17:57 [INFO] Epoch: 120 [38400/50000 (77%)]	 Training Loss: 0.138 ACC: 93.18 CR: 0.78 Avg R1: 4.82 Avg R2: 2.04 Avg Reward: 6.862845
2026-05-17 04:18:08 [INFO] EPOCH:120, ======================CR:0.79222====================
2026-05-17 04:18:08 [INFO] 0.09346837710905691
2026-05-17 04:18:10 [INFO] EPOCH:120, ======================ACC:91.68====================
2026-05-17 04:18:10 [INFO] BEST EPOCH:118,BEST ACC:92.41
2026-05-17 04:18:10 [INFO] Saving Masks: current CR 0.7922 target CR 0.8000
2026-05-17 04:18:24 [INFO] Epoch: 121 [12800/50000 (26%)]	 Training Loss: 0.133 ACC: 93.77 CR: 0.80 Avg R1: 4.97 Avg R2: 2.10 Avg Reward: 7.060728
2026-05-17 04:18:37 [INFO] Epoch: 121 [25600/50000 (51%)]	 Training Loss: 0.131 ACC: 93.79 CR: 0.80 Avg R1: 4.98 Avg R2: 2.10 Avg Reward: 7.075373
2026-05-17 04:18:50 [INFO] Epoch: 121 [38400/50000 (77%)]	 Training Loss: 0.132 ACC: 93.71 CR: 0.80 Avg R1: 4.97 Avg R2: 2.10 Avg Reward: 7.069226
2026-05-17 04:19:01 [INFO] EPOCH:121, ======================CR:0.7902====================
2026-05-17 04:19:01 [INFO] 0.09309640283175948
2026-05-17 04:19:03 [INFO] EPOCH:121, ======================ACC:92.58====================
2026-05-17 04:19:03 [INFO] BEST EPOCH:121,BEST ACC:92.58
2026-05-17 04:19:03 [INFO] Saving Masks: current CR 0.7902 target CR 0.8000
2026-05-17 04:19:03 [INFO] Updated candidate mask pretrained-rescale_mask_best-acc_80_05170215_resnet18 at epoch 121 with acc 92.5800
2026-05-17 04:19:15 [INFO] Epoch: 122 [12800/50000 (26%)]	 Training Loss: 0.131 ACC: 93.59 CR: 0.78 Avg R1: 4.91 Avg R2: 2.07 Avg Reward: 6.980519
2026-05-17 04:19:29 [INFO] Epoch: 122 [25600/50000 (51%)]	 Training Loss: 0.129 ACC: 93.62 CR: 0.78 Avg R1: 4.89 Avg R2: 2.06 Avg Reward: 6.958514
2026-05-17 04:19:41 [INFO] Epoch: 122 [38400/50000 (77%)]	 Training Loss: 0.129 ACC: 93.60 CR: 0.77 Avg R1: 4.88 Avg R2: 2.06 Avg Reward: 6.939471
2026-05-17 04:19:53 [INFO] EPOCH:122, ======================CR:0.77518====================
2026-05-17 04:19:53 [INFO] 0.10153571150154396
2026-05-17 04:19:54 [INFO] EPOCH:122, ======================ACC:91.21====================
2026-05-17 04:19:54 [INFO] BEST EPOCH:121,BEST ACC:92.58
2026-05-17 04:20:08 [INFO] Epoch: 123 [12800/50000 (26%)]	 Training Loss: 0.135 ACC: 93.21 CR: 0.78 Avg R1: 4.87 Avg R2: 2.06 Avg Reward: 6.924887
2026-05-17 04:20:20 [INFO] Epoch: 123 [25600/50000 (51%)]	 Training Loss: 0.134 ACC: 93.32 CR: 0.79 Avg R1: 4.89 Avg R2: 2.06 Avg Reward: 6.951280
2026-05-17 04:20:31 [INFO] Epoch: 123 [38400/50000 (77%)]	 Training Loss: 0.134 ACC: 93.39 CR: 0.80 Avg R1: 4.91 Avg R2: 2.07 Avg Reward: 6.983310
2026-05-17 04:20:43 [INFO] EPOCH:123, ======================CR:0.80806====================
2026-05-17 04:20:43 [INFO] 0.10390512501384513
2026-05-17 04:20:45 [INFO] EPOCH:123, ======================ACC:93.0====================
2026-05-17 04:20:45 [INFO] BEST EPOCH:123,BEST ACC:93.0
2026-05-17 04:20:45 [INFO] Saving Masks: current CR 0.8081 target CR 0.8000
2026-05-17 04:20:45 [INFO] Updated candidate mask pretrained-rescale_mask_best-acc_80_05170215_resnet18 at epoch 123 with acc 93.0000
2026-05-17 04:20:58 [INFO] Epoch: 124 [12800/50000 (26%)]	 Training Loss: 0.120 ACC: 94.04 CR: 0.80 Avg R1: 4.84 Avg R2: 2.12 Avg Reward: 6.957078
2026-05-17 04:21:10 [INFO] Epoch: 124 [25600/50000 (51%)]	 Training Loss: 0.124 ACC: 93.83 CR: 0.80 Avg R1: 4.90 Avg R2: 2.11 Avg Reward: 7.009039
2026-05-17 04:21:21 [INFO] Epoch: 124 [38400/50000 (77%)]	 Training Loss: 0.127 ACC: 93.78 CR: 0.80 Avg R1: 4.93 Avg R2: 2.11 Avg Reward: 7.039101
2026-05-17 04:21:31 [INFO] EPOCH:124, ======================CR:0.801====================
2026-05-17 04:21:31 [INFO] 0.100795361002263
2026-05-17 04:21:33 [INFO] EPOCH:124, ======================ACC:91.74====================
2026-05-17 04:21:33 [INFO] BEST EPOCH:123,BEST ACC:93.0
2026-05-17 04:21:33 [INFO] Saving Masks: current CR 0.8010 target CR 0.8000
2026-05-17 04:21:44 [INFO] Epoch: 125 [12800/50000 (26%)]	 Training Loss: 0.133 ACC: 93.66 CR: 0.81 Avg R1: 4.92 Avg R2: 2.11 Avg Reward: 7.027388
2026-05-17 04:21:57 [INFO] Epoch: 125 [25600/50000 (51%)]	 Training Loss: 0.130 ACC: 93.81 CR: 0.81 Avg R1: 4.85 Avg R2: 2.11 Avg Reward: 6.961881
2026-05-17 04:22:09 [INFO] Epoch: 125 [38400/50000 (77%)]	 Training Loss: 0.130 ACC: 93.76 CR: 0.81 Avg R1: 4.80 Avg R2: 2.12 Avg Reward: 6.913632
2026-05-17 04:22:21 [INFO] EPOCH:125, ======================CR:0.81156====================
2026-05-17 04:22:21 [INFO] 0.10735753350904986
2026-05-17 04:22:23 [INFO] EPOCH:125, ======================ACC:91.9====================
2026-05-17 04:22:23 [INFO] BEST EPOCH:123,BEST ACC:93.0
2026-05-17 04:22:37 [INFO] Epoch: 126 [12800/50000 (26%)]	 Training Loss: 0.116 ACC: 94.18 CR: 0.80 Avg R1: 4.81 Avg R2: 2.10 Avg Reward: 6.911699
2026-05-17 04:22:48 [INFO] Epoch: 126 [25600/50000 (51%)]	 Training Loss: 0.118 ACC: 94.04 CR: 0.79 Avg R1: 4.89 Avg R2: 2.09 Avg Reward: 6.981905
2026-05-17 04:23:02 [INFO] Epoch: 126 [38400/50000 (77%)]	 Training Loss: 0.119 ACC: 93.94 CR: 0.78 Avg R1: 4.90 Avg R2: 2.08 Avg Reward: 6.974892
2026-05-17 04:23:15 [INFO] EPOCH:126, ======================CR:0.76588====================
2026-05-17 04:23:15 [INFO] 0.09133479944933916
2026-05-17 04:23:17 [INFO] EPOCH:126, ======================ACC:93.38====================
2026-05-17 04:23:17 [INFO] BEST EPOCH:126,BEST ACC:93.38
2026-05-17 04:23:29 [INFO] Epoch: 127 [12800/50000 (26%)]	 Training Loss: 0.109 ACC: 94.51 CR: 0.76 Avg R1: 4.78 Avg R2: 2.01 Avg Reward: 6.790980
2026-05-17 04:23:43 [INFO] Epoch: 127 [25600/50000 (51%)]	 Training Loss: 0.110 ACC: 94.38 CR: 0.76 Avg R1: 4.78 Avg R2: 2.01 Avg Reward: 6.783128
2026-05-17 04:23:56 [INFO] Epoch: 127 [38400/50000 (77%)]	 Training Loss: 0.112 ACC: 94.26 CR: 0.76 Avg R1: 4.77 Avg R2: 2.01 Avg Reward: 6.775859
2026-05-17 04:24:08 [INFO] EPOCH:127, ======================CR:0.75988====================
2026-05-17 04:24:08 [INFO] 0.08536202828465757
2026-05-17 04:24:10 [INFO] EPOCH:127, ======================ACC:92.66====================
2026-05-17 04:24:10 [INFO] BEST EPOCH:126,BEST ACC:93.38
2026-05-17 04:24:21 [INFO] Epoch: 128 [12800/50000 (26%)]	 Training Loss: 0.115 ACC: 94.17 CR: 0.76 Avg R1: 4.76 Avg R2: 1.99 Avg Reward: 6.742104
2026-05-17 04:24:32 [INFO] Epoch: 128 [25600/50000 (51%)]	 Training Loss: 0.114 ACC: 94.21 CR: 0.76 Avg R1: 4.76 Avg R2: 1.99 Avg Reward: 6.750759
2026-05-17 04:24:46 [INFO] Epoch: 128 [38400/50000 (77%)]	 Training Loss: 0.112 ACC: 94.33 CR: 0.77 Avg R1: 4.77 Avg R2: 1.99 Avg Reward: 6.756934
2026-05-17 04:24:59 [INFO] EPOCH:128, ======================CR:0.76634====================
2026-05-17 04:24:59 [INFO] 0.09374499308278504
2026-05-17 04:25:01 [INFO] EPOCH:128, ======================ACC:92.85====================
2026-05-17 04:25:01 [INFO] BEST EPOCH:126,BEST ACC:93.38
2026-05-17 04:25:15 [INFO] Epoch: 129 [12800/50000 (26%)]	 Training Loss: 0.106 ACC: 94.62 CR: 0.77 Avg R1: 4.80 Avg R2: 1.99 Avg Reward: 6.783438
2026-05-17 04:25:27 [INFO] Epoch: 129 [25600/50000 (51%)]	 Training Loss: 0.108 ACC: 94.53 CR: 0.77 Avg R1: 4.81 Avg R2: 1.99 Avg Reward: 6.795898
2026-05-17 04:25:38 [INFO] Epoch: 129 [38400/50000 (77%)]	 Training Loss: 0.110 ACC: 94.48 CR: 0.78 Avg R1: 4.82 Avg R2: 1.99 Avg Reward: 6.818814
2026-05-17 04:25:49 [INFO] EPOCH:129, ======================CR:0.78754====================
2026-05-17 04:25:49 [INFO] 0.08704783636725859
2026-05-17 04:25:51 [INFO] EPOCH:129, ======================ACC:92.15====================
2026-05-17 04:25:51 [INFO] BEST EPOCH:126,BEST ACC:93.38
2026-05-17 04:26:03 [INFO] Epoch: 130 [12800/50000 (26%)]	 Training Loss: 0.114 ACC: 94.44 CR: 0.79 Avg R1: 4.93 Avg R2: 2.02 Avg Reward: 6.944354
2026-05-17 04:26:17 [INFO] Epoch: 130 [25600/50000 (51%)]	 Training Loss: 0.117 ACC: 94.31 CR: 0.79 Avg R1: 4.94 Avg R2: 2.02 Avg Reward: 6.957650
2026-05-17 04:26:29 [INFO] Epoch: 130 [38400/50000 (77%)]	 Training Loss: 0.117 ACC: 94.32 CR: 0.80 Avg R1: 4.95 Avg R2: 2.02 Avg Reward: 6.969674
2026-05-17 04:26:41 [INFO] EPOCH:130, ======================CR:0.80134====================
2026-05-17 04:26:42 [INFO] 0.08457504333037816
2026-05-17 04:26:43 [INFO] EPOCH:130, ======================ACC:93.11====================
2026-05-17 04:26:43 [INFO] BEST EPOCH:126,BEST ACC:93.38
2026-05-17 04:26:43 [INFO] Saving Masks: current CR 0.8013 target CR 0.8000
2026-05-17 04:26:43 [INFO] Updated candidate mask pretrained-rescale_mask_best-acc_80_05170215_resnet18 at epoch 130 with acc 93.1100
2026-05-17 04:26:58 [INFO] Epoch: 131 [12800/50000 (26%)]	 Training Loss: 0.120 ACC: 94.12 CR: 0.80 Avg R1: 4.99 Avg R2: 2.05 Avg Reward: 7.039226
2026-05-17 04:27:12 [INFO] Epoch: 131 [25600/50000 (51%)]	 Training Loss: 0.113 ACC: 94.38 CR: 0.79 Avg R1: 4.98 Avg R2: 2.04 Avg Reward: 7.026853
2026-05-17 04:27:26 [INFO] Epoch: 131 [38400/50000 (77%)]	 Training Loss: 0.111 ACC: 94.52 CR: 0.79 Avg R1: 4.97 Avg R2: 2.04 Avg Reward: 7.008049
2026-05-17 04:27:38 [INFO] EPOCH:131, ======================CR:0.79322====================
2026-05-17 04:27:38 [INFO] 0.07932227382719778
2026-05-17 04:27:40 [INFO] EPOCH:131, ======================ACC:91.94====================
2026-05-17 04:27:40 [INFO] BEST EPOCH:130,BEST ACC:93.38
2026-05-17 04:27:40 [INFO] Saving Masks: current CR 0.7932 target CR 0.8000
2026-05-17 04:27:52 [INFO] Epoch: 132 [12800/50000 (26%)]	 Training Loss: 0.110 ACC: 94.82 CR: 0.80 Avg R1: 4.97 Avg R2: 2.03 Avg Reward: 7.008367
2026-05-17 04:28:03 [INFO] Epoch: 132 [25600/50000 (51%)]	 Training Loss: 0.110 ACC: 94.81 CR: 0.82 Avg R1: 4.87 Avg R2: 2.05 Avg Reward: 6.914358
2026-05-17 04:28:15 [INFO] Epoch: 132 [38400/50000 (77%)]	 Training Loss: 0.113 ACC: 94.72 CR: 0.83 Avg R1: 4.72 Avg R2: 2.06 Avg Reward: 6.778394
2026-05-17 04:28:26 [INFO] EPOCH:132, ======================CR:0.83956====================
2026-05-17 04:28:26 [INFO] 0.07661079216843723
2026-05-17 04:28:28 [INFO] EPOCH:132, ======================ACC:92.76====================
2026-05-17 04:28:28 [INFO] BEST EPOCH:130,BEST ACC:93.38
2026-05-17 04:28:41 [INFO] Epoch: 133 [12800/50000 (26%)]	 Training Loss: 0.112 ACC: 94.54 CR: 0.84 Avg R1: 4.05 Avg R2: 2.12 Avg Reward: 6.167514
2026-05-17 04:28:54 [INFO] Epoch: 133 [25600/50000 (51%)]	 Training Loss: 0.107 ACC: 94.80 CR: 0.83 Avg R1: 4.10 Avg R2: 2.11 Avg Reward: 6.210891
2026-05-17 04:29:06 [INFO] Epoch: 133 [38400/50000 (77%)]	 Training Loss: 0.106 ACC: 94.84 CR: 0.83 Avg R1: 4.14 Avg R2: 2.11 Avg Reward: 6.252532
2026-05-17 04:29:17 [INFO] EPOCH:133, ======================CR:0.82446====================
2026-05-17 04:29:17 [INFO] 0.07846389293736826
2026-05-17 04:29:19 [INFO] EPOCH:133, ======================ACC:93.73====================
2026-05-17 04:29:19 [INFO] BEST EPOCH:133,BEST ACC:93.73
2026-05-17 04:29:31 [INFO] Epoch: 134 [12800/50000 (26%)]	 Training Loss: 0.103 ACC: 94.67 CR: 0.82 Avg R1: 4.42 Avg R2: 2.08 Avg Reward: 6.496340
2026-05-17 04:29:44 [INFO] Epoch: 134 [25600/50000 (51%)]	 Training Loss: 0.105 ACC: 94.69 CR: 0.81 Avg R1: 4.48 Avg R2: 2.07 Avg Reward: 6.548502
2026-05-17 04:29:57 [INFO] Epoch: 134 [38400/50000 (77%)]	 Training Loss: 0.104 ACC: 94.77 CR: 0.81 Avg R1: 4.56 Avg R2: 2.07 Avg Reward: 6.629529
2026-05-17 04:30:08 [INFO] EPOCH:134, ======================CR:0.79014====================
2026-05-17 04:30:08 [INFO] 0.08484558971392067
2026-05-17 04:30:10 [INFO] EPOCH:134, ======================ACC:93.36====================
2026-05-17 04:30:10 [INFO] BEST EPOCH:133,BEST ACC:93.73
2026-05-17 04:30:10 [INFO] Saving Masks: current CR 0.7901 target CR 0.8000
2026-05-17 04:30:10 [INFO] Updated candidate mask pretrained-rescale_mask_best-acc_80_05170215_resnet18 at epoch 134 with acc 93.3600
2026-05-17 04:30:24 [INFO] Epoch: 135 [12800/50000 (26%)]	 Training Loss: 0.098 ACC: 94.95 CR: 0.78 Avg R1: 4.90 Avg R2: 1.98 Avg Reward: 6.886440
2026-05-17 04:30:37 [INFO] Epoch: 135 [25600/50000 (51%)]	 Training Loss: 0.099 ACC: 94.88 CR: 0.77 Avg R1: 4.86 Avg R2: 1.97 Avg Reward: 6.832621
2026-05-17 04:30:50 [INFO] Epoch: 135 [38400/50000 (77%)]	 Training Loss: 0.097 ACC: 95.04 CR: 0.75 Avg R1: 4.82 Avg R2: 1.96 Avg Reward: 6.779403
2026-05-17 04:31:00 [INFO] EPOCH:135, ======================CR:0.74096====================
2026-05-17 04:31:00 [INFO] 0.06837706798819825
2026-05-17 04:31:02 [INFO] EPOCH:135, ======================ACC:93.22====================
2026-05-17 04:31:02 [INFO] BEST EPOCH:134,BEST ACC:93.73
2026-05-17 04:31:14 [INFO] Epoch: 136 [12800/50000 (26%)]	 Training Loss: 0.093 ACC: 95.22 CR: 0.74 Avg R1: 4.64 Avg R2: 1.90 Avg Reward: 6.541572
2026-05-17 04:31:27 [INFO] Epoch: 136 [25600/50000 (51%)]	 Training Loss: 0.093 ACC: 95.21 CR: 0.75 Avg R1: 4.65 Avg R2: 1.91 Avg Reward: 6.553283
2026-05-17 04:31:41 [INFO] Epoch: 136 [38400/50000 (77%)]	 Training Loss: 0.094 ACC: 95.18 CR: 0.75 Avg R1: 4.66 Avg R2: 1.91 Avg Reward: 6.562943
2026-05-17 04:31:53 [INFO] EPOCH:136, ======================CR:0.75226====================
2026-05-17 04:31:53 [INFO] 0.07408477541605765
2026-05-17 04:31:55 [INFO] EPOCH:136, ======================ACC:93.49====================
2026-05-17 04:31:55 [INFO] BEST EPOCH:134,BEST ACC:93.73
2026-05-17 04:32:08 [INFO] Epoch: 137 [12800/50000 (26%)]	 Training Loss: 0.088 ACC: 95.53 CR: 0.75 Avg R1: 4.70 Avg R2: 1.90 Avg Reward: 6.597324
2026-05-17 04:32:19 [INFO] Epoch: 137 [25600/50000 (51%)]	 Training Loss: 0.090 ACC: 95.29 CR: 0.75 Avg R1: 4.69 Avg R2: 1.90 Avg Reward: 6.592811
2026-05-17 04:32:31 [INFO] Epoch: 137 [38400/50000 (77%)]	 Training Loss: 0.090 ACC: 95.31 CR: 0.75 Avg R1: 4.69 Avg R2: 1.90 Avg Reward: 6.590600
2026-05-17 04:32:45 [INFO] EPOCH:137, ======================CR:0.75184====================
2026-05-17 04:32:45 [INFO] 0.07652283487938943
2026-05-17 04:32:47 [INFO] EPOCH:137, ======================ACC:93.23====================
2026-05-17 04:32:47 [INFO] BEST EPOCH:134,BEST ACC:93.73
2026-05-17 04:33:00 [INFO] Epoch: 138 [12800/50000 (26%)]	 Training Loss: 0.088 ACC: 95.43 CR: 0.76 Avg R1: 4.72 Avg R2: 1.90 Avg Reward: 6.613516
2026-05-17 04:33:14 [INFO] Epoch: 138 [25600/50000 (51%)]	 Training Loss: 0.093 ACC: 95.27 CR: 0.76 Avg R1: 4.73 Avg R2: 1.90 Avg Reward: 6.628663
2026-05-17 04:33:27 [INFO] Epoch: 138 [38400/50000 (77%)]	 Training Loss: 0.095 ACC: 95.18 CR: 0.76 Avg R1: 4.73 Avg R2: 1.90 Avg Reward: 6.633465
2026-05-17 04:33:38 [INFO] EPOCH:138, ======================CR:0.76622====================
2026-05-17 04:33:38 [INFO] 0.08393027739646457
2026-05-17 04:33:40 [INFO] EPOCH:138, ======================ACC:93.01====================
2026-05-17 04:33:40 [INFO] BEST EPOCH:134,BEST ACC:93.73
2026-05-17 04:33:51 [INFO] Epoch: 139 [12800/50000 (26%)]	 Training Loss: 0.091 ACC: 95.41 CR: 0.77 Avg R1: 4.80 Avg R2: 1.93 Avg Reward: 6.732063
2026-05-17 04:34:03 [INFO] Epoch: 139 [25600/50000 (51%)]	 Training Loss: 0.091 ACC: 95.52 CR: 0.78 Avg R1: 4.82 Avg R2: 1.93 Avg Reward: 6.750453
2026-05-17 04:34:15 [INFO] Epoch: 139 [38400/50000 (77%)]	 Training Loss: 0.092 ACC: 95.49 CR: 0.79 Avg R1: 4.85 Avg R2: 1.94 Avg Reward: 6.785788
2026-05-17 04:34:25 [INFO] EPOCH:139, ======================CR:0.80092====================
2026-05-17 04:34:25 [INFO] 0.07823080805031701
2026-05-17 04:34:27 [INFO] EPOCH:139, ======================ACC:93.95====================
2026-05-17 04:34:27 [INFO] BEST EPOCH:139,BEST ACC:93.95
2026-05-17 04:34:27 [INFO] Saving Masks: current CR 0.8009 target CR 0.8000
2026-05-17 04:34:27 [INFO] Updated candidate mask pretrained-rescale_mask_best-acc_80_05170215_resnet18 at epoch 139 with acc 93.9500
2026-05-17 04:34:39 [INFO] Epoch: 140 [12800/50000 (26%)]	 Training Loss: 0.089 ACC: 95.73 CR: 0.80 Avg R1: 4.92 Avg R2: 1.98 Avg Reward: 6.898355
2026-05-17 04:34:49 [INFO] Epoch: 140 [25600/50000 (51%)]	 Training Loss: 0.092 ACC: 95.56 CR: 0.81 Avg R1: 4.87 Avg R2: 1.98 Avg Reward: 6.849506
2026-05-17 04:35:00 [INFO] Epoch: 140 [38400/50000 (77%)]	 Training Loss: 0.095 ACC: 95.40 CR: 0.81 Avg R1: 4.82 Avg R2: 1.98 Avg Reward: 6.807732
2026-05-17 04:35:10 [INFO] EPOCH:140, ======================CR:0.8145====================
2026-05-17 04:35:10 [INFO] 0.0828321042393281
2026-05-17 04:35:12 [INFO] EPOCH:140, ======================ACC:93.52====================
2026-05-17 04:35:12 [INFO] BEST EPOCH:139,BEST ACC:93.95
2026-05-17 04:35:23 [INFO] Epoch: 141 [12800/50000 (26%)]	 Training Loss: 0.093 ACC: 95.48 CR: 0.81 Avg R1: 4.68 Avg R2: 2.00 Avg Reward: 6.678633
2026-05-17 04:35:35 [INFO] Epoch: 141 [25600/50000 (51%)]	 Training Loss: 0.092 ACC: 95.62 CR: 0.80 Avg R1: 4.74 Avg R2: 1.99 Avg Reward: 6.731817
2026-05-17 04:35:46 [INFO] Epoch: 141 [38400/50000 (77%)]	 Training Loss: 0.089 ACC: 95.69 CR: 0.80 Avg R1: 4.80 Avg R2: 1.99 Avg Reward: 6.785967
2026-05-17 04:35:57 [INFO] EPOCH:141, ======================CR:0.7911====================
2026-05-17 04:35:57 [INFO] 0.06880826983155817
2026-05-17 04:35:59 [INFO] EPOCH:141, ======================ACC:94.04====================
2026-05-17 04:35:59 [INFO] BEST EPOCH:141,BEST ACC:94.04
2026-05-17 04:35:59 [INFO] Saving Masks: current CR 0.7911 target CR 0.8000
2026-05-17 04:35:59 [INFO] Updated candidate mask pretrained-rescale_mask_best-acc_80_05170215_resnet18 at epoch 141 with acc 94.0400
2026-05-17 04:36:10 [INFO] Epoch: 142 [12800/50000 (26%)]	 Training Loss: 0.089 ACC: 95.65 CR: 0.79 Avg R1: 4.95 Avg R2: 1.93 Avg Reward: 6.875581
2026-05-17 04:36:22 [INFO] Epoch: 142 [25600/50000 (51%)]	 Training Loss: 0.087 ACC: 95.88 CR: 0.80 Avg R1: 4.96 Avg R2: 1.93 Avg Reward: 6.887452
2026-05-17 04:36:34 [INFO] Epoch: 142 [38400/50000 (77%)]	 Training Loss: 0.088 ACC: 95.84 CR: 0.80 Avg R1: 4.96 Avg R2: 1.93 Avg Reward: 6.898332
2026-05-17 04:36:44 [INFO] EPOCH:142, ======================CR:0.80106====================
2026-05-17 04:36:44 [INFO] 0.07128396716251292
2026-05-17 04:36:46 [INFO] EPOCH:142, ======================ACC:93.24====================
2026-05-17 04:36:46 [INFO] BEST EPOCH:141,BEST ACC:94.04
2026-05-17 04:36:46 [INFO] Saving Masks: current CR 0.8011 target CR 0.8000
2026-05-17 04:36:57 [INFO] Epoch: 143 [12800/50000 (26%)]	 Training Loss: 0.079 ACC: 96.30 CR: 0.80 Avg R1: 4.99 Avg R2: 1.95 Avg Reward: 6.940999
2026-05-17 04:37:09 [INFO] Epoch: 143 [25600/50000 (51%)]	 Training Loss: 0.081 ACC: 96.12 CR: 0.80 Avg R1: 4.99 Avg R2: 1.95 Avg Reward: 6.939551
2026-05-17 04:37:20 [INFO] Epoch: 143 [38400/50000 (77%)]	 Training Loss: 0.083 ACC: 96.02 CR: 0.80 Avg R1: 4.99 Avg R2: 1.95 Avg Reward: 6.939285
2026-05-17 04:37:30 [INFO] EPOCH:143, ======================CR:0.79712====================
2026-05-17 04:37:30 [INFO] 0.07836736112111263
2026-05-17 04:37:32 [INFO] EPOCH:143, ======================ACC:93.93====================
2026-05-17 04:37:32 [INFO] BEST EPOCH:141,BEST ACC:94.04
2026-05-17 04:37:32 [INFO] Saving Masks: current CR 0.7971 target CR 0.8000
2026-05-17 04:37:44 [INFO] Epoch: 144 [12800/50000 (26%)]	 Training Loss: 0.083 ACC: 96.00 CR: 0.80 Avg R1: 4.98 Avg R2: 1.94 Avg Reward: 6.916958
2026-05-17 04:37:54 [INFO] Epoch: 144 [25600/50000 (51%)]	 Training Loss: 0.082 ACC: 96.12 CR: 0.80 Avg R1: 4.98 Avg R2: 1.94 Avg Reward: 6.916250
2026-05-17 04:38:06 [INFO] Epoch: 144 [38400/50000 (77%)]	 Training Loss: 0.084 ACC: 96.08 CR: 0.80 Avg R1: 4.98 Avg R2: 1.94 Avg Reward: 6.917169
2026-05-17 04:38:15 [INFO] EPOCH:144, ======================CR:0.79914====================
2026-05-17 04:38:15 [INFO] 0.06464836371659807
2026-05-17 04:38:17 [INFO] EPOCH:144, ======================ACC:93.31====================
2026-05-17 04:38:17 [INFO] BEST EPOCH:141,BEST ACC:94.04
2026-05-17 04:38:17 [INFO] Saving Masks: current CR 0.7991 target CR 0.8000
2026-05-17 04:38:28 [INFO] Epoch: 145 [12800/50000 (26%)]	 Training Loss: 0.083 ACC: 96.08 CR: 0.80 Avg R1: 5.00 Avg R2: 1.94 Avg Reward: 6.933008
2026-05-17 04:38:39 [INFO] Epoch: 145 [25600/50000 (51%)]	 Training Loss: 0.083 ACC: 96.02 CR: 0.80 Avg R1: 4.99 Avg R2: 1.94 Avg Reward: 6.923078
2026-05-17 04:38:50 [INFO] Epoch: 145 [38400/50000 (77%)]	 Training Loss: 0.082 ACC: 96.05 CR: 0.79 Avg R1: 4.98 Avg R2: 1.93 Avg Reward: 6.916947
2026-05-17 04:39:00 [INFO] EPOCH:145, ======================CR:0.78734====================
2026-05-17 04:39:00 [INFO] 0.07530591270237615
2026-05-17 04:39:02 [INFO] EPOCH:145, ======================ACC:93.89====================
2026-05-17 04:39:02 [INFO] BEST EPOCH:141,BEST ACC:94.04
2026-05-17 04:39:12 [INFO] Epoch: 146 [12800/50000 (26%)]	 Training Loss: 0.076 ACC: 96.02 CR: 0.79 Avg R1: 4.91 Avg R2: 1.89 Avg Reward: 6.801195
2026-05-17 04:39:23 [INFO] Epoch: 146 [25600/50000 (51%)]	 Training Loss: 0.075 ACC: 96.19 CR: 0.78 Avg R1: 4.90 Avg R2: 1.89 Avg Reward: 6.783539
2026-05-17 04:39:34 [INFO] Epoch: 146 [38400/50000 (77%)]	 Training Loss: 0.076 ACC: 96.15 CR: 0.78 Avg R1: 4.89 Avg R2: 1.88 Avg Reward: 6.773615
2026-05-17 04:39:44 [INFO] EPOCH:146, ======================CR:0.78094====================
2026-05-17 04:39:44 [INFO] 0.06864661872419216
2026-05-17 04:39:46 [INFO] EPOCH:146, ======================ACC:93.44====================
2026-05-17 04:39:46 [INFO] BEST EPOCH:141,BEST ACC:94.04
2026-05-17 04:39:57 [INFO] Epoch: 147 [12800/50000 (26%)]	 Training Loss: 0.076 ACC: 96.12 CR: 0.78 Avg R1: 4.89 Avg R2: 1.87 Avg Reward: 6.759639
2026-05-17 04:40:08 [INFO] Epoch: 147 [25600/50000 (51%)]	 Training Loss: 0.077 ACC: 96.13 CR: 0.79 Avg R1: 4.89 Avg R2: 1.88 Avg Reward: 6.768731
2026-05-17 04:40:19 [INFO] Epoch: 147 [38400/50000 (77%)]	 Training Loss: 0.076 ACC: 96.26 CR: 0.79 Avg R1: 4.90 Avg R2: 1.88 Avg Reward: 6.781031
2026-05-17 04:40:29 [INFO] EPOCH:147, ======================CR:0.79412====================
2026-05-17 04:40:29 [INFO] 0.07178124042541431
2026-05-17 04:40:31 [INFO] EPOCH:147, ======================ACC:94.1====================
2026-05-17 04:40:31 [INFO] BEST EPOCH:147,BEST ACC:94.1
2026-05-17 04:40:31 [INFO] Saving Masks: current CR 0.7941 target CR 0.8000
2026-05-17 04:40:31 [INFO] Updated candidate mask pretrained-rescale_mask_best-acc_80_05170215_resnet18 at epoch 147 with acc 94.1000
2026-05-17 04:40:43 [INFO] Epoch: 148 [12800/50000 (26%)]	 Training Loss: 0.073 ACC: 96.52 CR: 0.80 Avg R1: 4.98 Avg R2: 1.90 Avg Reward: 6.874562
2026-05-17 04:40:52 [INFO] Epoch: 148 [25600/50000 (51%)]	 Training Loss: 0.073 ACC: 96.54 CR: 0.80 Avg R1: 4.98 Avg R2: 1.90 Avg Reward: 6.878446
2026-05-17 04:41:02 [INFO] Epoch: 148 [38400/50000 (77%)]	 Training Loss: 0.074 ACC: 96.41 CR: 0.80 Avg R1: 4.96 Avg R2: 1.90 Avg Reward: 6.859536
2026-05-17 04:41:12 [INFO] EPOCH:148, ======================CR:0.7996====================
2026-05-17 04:41:12 [INFO] 0.08218777115915182
2026-05-17 04:41:14 [INFO] EPOCH:148, ======================ACC:94.19====================
2026-05-17 04:41:14 [INFO] BEST EPOCH:148,BEST ACC:94.19
2026-05-17 04:41:14 [INFO] Saving Masks: current CR 0.7996 target CR 0.8000
2026-05-17 04:41:14 [INFO] Updated candidate mask pretrained-rescale_mask_best-acc_80_05170215_resnet18 at epoch 148 with acc 94.1900
2026-05-17 04:41:27 [INFO] Epoch: 149 [12800/50000 (26%)]	 Training Loss: 0.068 ACC: 96.69 CR: 0.79 Avg R1: 4.98 Avg R2: 1.88 Avg Reward: 6.860541
2026-05-17 04:41:39 [INFO] Epoch: 149 [25600/50000 (51%)]	 Training Loss: 0.070 ACC: 96.59 CR: 0.79 Avg R1: 4.96 Avg R2: 1.88 Avg Reward: 6.838836
2026-05-17 04:41:53 [INFO] Epoch: 149 [38400/50000 (77%)]	 Training Loss: 0.072 ACC: 96.49 CR: 0.78 Avg R1: 4.95 Avg R2: 1.87 Avg Reward: 6.819836
2026-05-17 04:42:03 [INFO] EPOCH:149, ======================CR:0.78262====================
2026-05-17 04:42:03 [INFO] 0.0631729743386458
2026-05-17 04:42:05 [INFO] EPOCH:149, ======================ACC:94.13====================
2026-05-17 04:42:05 [INFO] BEST EPOCH:148,BEST ACC:94.19
2026-05-17 04:42:17 [INFO] Epoch: 150 [12800/50000 (26%)]	 Training Loss: 0.070 ACC: 96.78 CR: 0.78 Avg R1: 4.89 Avg R2: 1.86 Avg Reward: 6.750195
2026-05-17 04:42:29 [INFO] Epoch: 150 [25600/50000 (51%)]	 Training Loss: 0.071 ACC: 96.69 CR: 0.79 Avg R1: 4.91 Avg R2: 1.86 Avg Reward: 6.765689
2026-05-17 04:42:41 [INFO] Epoch: 150 [38400/50000 (77%)]	 Training Loss: 0.071 ACC: 96.66 CR: 0.79 Avg R1: 4.92 Avg R2: 1.86 Avg Reward: 6.783136
2026-05-17 04:42:51 [INFO] EPOCH:150, ======================CR:0.79906====================
2026-05-17 04:42:51 [INFO] 0.07849839336859143
2026-05-17 04:42:52 [INFO] EPOCH:150, ======================ACC:94.25====================
2026-05-17 04:42:52 [INFO] BEST EPOCH:150,BEST ACC:94.25
2026-05-17 04:42:52 [INFO] Saving Masks: current CR 0.7991 target CR 0.8000
2026-05-17 04:42:52 [INFO] Updated candidate mask pretrained-rescale_mask_best-acc_80_05170215_resnet18 at epoch 150 with acc 94.2500
2026-05-17 04:43:06 [INFO] Epoch: 151 [12800/50000 (26%)]	 Training Loss: 0.068 ACC: 96.70 CR: 0.80 Avg R1: 4.99 Avg R2: 1.88 Avg Reward: 6.873113
2026-05-17 04:43:18 [INFO] Epoch: 151 [25600/50000 (51%)]	 Training Loss: 0.067 ACC: 96.67 CR: 0.80 Avg R1: 4.99 Avg R2: 1.88 Avg Reward: 6.870663
2026-05-17 04:43:29 [INFO] Epoch: 151 [38400/50000 (77%)]	 Training Loss: 0.065 ACC: 96.80 CR: 0.79 Avg R1: 4.98 Avg R2: 1.88 Avg Reward: 6.852392
2026-05-17 04:43:39 [INFO] EPOCH:151, ======================CR:0.77464====================
2026-05-17 04:43:39 [INFO] 0.08117694737121765
2026-05-17 04:43:41 [INFO] EPOCH:151, ======================ACC:94.1====================
2026-05-17 04:43:41 [INFO] BEST EPOCH:150,BEST ACC:94.25
2026-05-17 04:43:53 [INFO] Epoch: 152 [12800/50000 (26%)]	 Training Loss: 0.063 ACC: 96.88 CR: 0.77 Avg R1: 4.82 Avg R2: 1.80 Avg Reward: 6.615937
2026-05-17 04:44:06 [INFO] Epoch: 152 [25600/50000 (51%)]	 Training Loss: 0.061 ACC: 96.99 CR: 0.76 Avg R1: 4.80 Avg R2: 1.79 Avg Reward: 6.589000
2026-05-17 04:44:17 [INFO] Epoch: 152 [38400/50000 (77%)]	 Training Loss: 0.061 ACC: 96.90 CR: 0.76 Avg R1: 4.78 Avg R2: 1.78 Avg Reward: 6.565012
2026-05-17 04:44:28 [INFO] EPOCH:152, ======================CR:0.75046====================
2026-05-17 04:44:28 [INFO] 0.08127910127141005
2026-05-17 04:44:30 [INFO] EPOCH:152, ======================ACC:94.53====================
2026-05-17 04:44:30 [INFO] BEST EPOCH:152,BEST ACC:94.53
2026-05-17 04:44:42 [INFO] Epoch: 153 [12800/50000 (26%)]	 Training Loss: 0.059 ACC: 97.09 CR: 0.75 Avg R1: 4.68 Avg R2: 1.76 Avg Reward: 6.442985
2026-05-17 04:44:55 [INFO] Epoch: 153 [25600/50000 (51%)]	 Training Loss: 0.059 ACC: 97.04 CR: 0.75 Avg R1: 4.68 Avg R2: 1.76 Avg Reward: 6.438310
2026-05-17 04:45:07 [INFO] Epoch: 153 [38400/50000 (77%)]	 Training Loss: 0.060 ACC: 97.00 CR: 0.75 Avg R1: 4.68 Avg R2: 1.76 Avg Reward: 6.438832
2026-05-17 04:45:16 [INFO] EPOCH:153, ======================CR:0.75582====================
2026-05-17 04:45:16 [INFO] 0.08749433250097939
2026-05-17 04:45:17 [INFO] EPOCH:153, ======================ACC:94.67====================
2026-05-17 04:45:17 [INFO] BEST EPOCH:153,BEST ACC:94.67
2026-05-17 04:45:30 [INFO] Epoch: 154 [12800/50000 (26%)]	 Training Loss: 0.058 ACC: 97.14 CR: 0.76 Avg R1: 4.73 Avg R2: 1.75 Avg Reward: 6.486005
2026-05-17 04:45:41 [INFO] Epoch: 154 [25600/50000 (51%)]	 Training Loss: 0.056 ACC: 97.25 CR: 0.76 Avg R1: 4.74 Avg R2: 1.76 Avg Reward: 6.499524
2026-05-17 04:45:54 [INFO] Epoch: 154 [38400/50000 (77%)]	 Training Loss: 0.058 ACC: 97.16 CR: 0.77 Avg R1: 4.76 Avg R2: 1.76 Avg Reward: 6.525026
2026-05-17 04:46:04 [INFO] EPOCH:154, ======================CR:0.77944====================
2026-05-17 04:46:04 [INFO] 0.087943300273872
2026-05-17 04:46:06 [INFO] EPOCH:154, ======================ACC:94.56====================
2026-05-17 04:46:06 [INFO] BEST EPOCH:153,BEST ACC:94.67
2026-05-17 04:46:17 [INFO] Epoch: 155 [12800/50000 (26%)]	 Training Loss: 0.052 ACC: 97.49 CR: 0.78 Avg R1: 4.88 Avg R2: 1.80 Avg Reward: 6.679516
2026-05-17 04:46:29 [INFO] Epoch: 155 [25600/50000 (51%)]	 Training Loss: 0.054 ACC: 97.46 CR: 0.79 Avg R1: 4.89 Avg R2: 1.80 Avg Reward: 6.696087
2026-05-17 04:46:41 [INFO] Epoch: 155 [38400/50000 (77%)]	 Training Loss: 0.056 ACC: 97.31 CR: 0.79 Avg R1: 4.91 Avg R2: 1.81 Avg Reward: 6.715843
2026-05-17 04:46:53 [INFO] EPOCH:155, ======================CR:0.80326====================
2026-05-17 04:46:53 [INFO] 0.09522874825730096
2026-05-17 04:46:55 [INFO] EPOCH:155, ======================ACC:94.16====================
2026-05-17 04:46:55 [INFO] BEST EPOCH:153,BEST ACC:94.67
2026-05-17 04:46:55 [INFO] Saving Masks: current CR 0.8033 target CR 0.8000
2026-05-17 04:47:07 [INFO] Epoch: 156 [12800/50000 (26%)]	 Training Loss: 0.051 ACC: 97.62 CR: 0.80 Avg R1: 4.90 Avg R2: 1.83 Avg Reward: 6.727276
2026-05-17 04:47:18 [INFO] Epoch: 156 [25600/50000 (51%)]	 Training Loss: 0.055 ACC: 97.44 CR: 0.80 Avg R1: 4.90 Avg R2: 1.83 Avg Reward: 6.724495
2026-05-17 04:47:29 [INFO] Epoch: 156 [38400/50000 (77%)]	 Training Loss: 0.054 ACC: 97.46 CR: 0.80 Avg R1: 4.92 Avg R2: 1.83 Avg Reward: 6.744698
2026-05-17 04:47:39 [INFO] EPOCH:156, ======================CR:0.79422====================
2026-05-17 04:47:39 [INFO] 0.0798167349189629
2026-05-17 04:47:41 [INFO] EPOCH:156, ======================ACC:94.68====================
2026-05-17 04:47:41 [INFO] BEST EPOCH:156,BEST ACC:94.68
2026-05-17 04:47:41 [INFO] Saving Masks: current CR 0.7942 target CR 0.8000
2026-05-17 04:47:41 [INFO] Updated candidate mask pretrained-rescale_mask_best-acc_80_05170215_resnet18 at epoch 156 with acc 94.6800
2026-05-17 04:47:54 [INFO] Epoch: 157 [12800/50000 (26%)]	 Training Loss: 0.063 ACC: 96.80 CR: 0.79 Avg R1: 4.95 Avg R2: 1.78 Avg Reward: 6.730926
2026-05-17 04:48:06 [INFO] Epoch: 157 [25600/50000 (51%)]	 Training Loss: 0.059 ACC: 97.11 CR: 0.79 Avg R1: 4.94 Avg R2: 1.78 Avg Reward: 6.717417
2026-05-17 04:48:17 [INFO] Epoch: 157 [38400/50000 (77%)]	 Training Loss: 0.057 ACC: 97.28 CR: 0.79 Avg R1: 4.94 Avg R2: 1.77 Avg Reward: 6.708841
2026-05-17 04:48:27 [INFO] EPOCH:157, ======================CR:0.78972====================
2026-05-17 04:48:27 [INFO] 0.08484657212917485
2026-05-17 04:48:29 [INFO] EPOCH:157, ======================ACC:94.85====================
2026-05-17 04:48:29 [INFO] BEST EPOCH:157,BEST ACC:94.85
2026-05-17 04:48:41 [INFO] Epoch: 158 [12800/50000 (26%)]	 Training Loss: 0.053 ACC: 97.57 CR: 0.80 Avg R1: 4.95 Avg R2: 1.79 Avg Reward: 6.738482
2026-05-17 04:48:54 [INFO] Epoch: 158 [25600/50000 (51%)]	 Training Loss: 0.054 ACC: 97.43 CR: 0.81 Avg R1: 4.96 Avg R2: 1.79 Avg Reward: 6.749177
2026-05-17 04:49:07 [INFO] Epoch: 158 [38400/50000 (77%)]	 Training Loss: 0.055 ACC: 97.40 CR: 0.81 Avg R1: 4.90 Avg R2: 1.80 Avg Reward: 6.703408
2026-05-17 04:49:16 [INFO] EPOCH:158, ======================CR:0.81296====================
2026-05-17 04:49:16 [INFO] 0.10803941300620892
2026-05-17 04:49:18 [INFO] EPOCH:158, ======================ACC:94.92====================
2026-05-17 04:49:18 [INFO] BEST EPOCH:158,BEST ACC:94.92
2026-05-17 04:49:30 [INFO] Epoch: 159 [12800/50000 (26%)]	 Training Loss: 0.049 ACC: 97.46 CR: 0.81 Avg R1: 4.73 Avg R2: 1.81 Avg Reward: 6.535909
2026-05-17 04:49:41 [INFO] Epoch: 159 [25600/50000 (51%)]	 Training Loss: 0.050 ACC: 97.43 CR: 0.80 Avg R1: 4.82 Avg R2: 1.80 Avg Reward: 6.621428
2026-05-17 04:49:54 [INFO] Epoch: 159 [38400/50000 (77%)]	 Training Loss: 0.051 ACC: 97.48 CR: 0.78 Avg R1: 4.86 Avg R2: 1.79 Avg Reward: 6.649767
2026-05-17 04:50:04 [INFO] EPOCH:159, ======================CR:0.76814====================
2026-05-17 04:50:04 [INFO] 0.1007111830071205
2026-05-17 04:50:06 [INFO] EPOCH:159, ======================ACC:94.5====================
2026-05-17 04:50:06 [INFO] BEST EPOCH:158,BEST ACC:94.92
2026-05-17 04:50:17 [INFO] Epoch: 160 [12800/50000 (26%)]	 Training Loss: 0.047 ACC: 97.70 CR: 0.77 Avg R1: 4.80 Avg R2: 1.70 Avg Reward: 6.496627
2026-05-17 04:50:28 [INFO] Epoch: 160 [25600/50000 (51%)]	 Training Loss: 0.047 ACC: 97.71 CR: 0.77 Avg R1: 4.80 Avg R2: 1.70 Avg Reward: 6.500877
2026-05-17 04:50:39 [INFO] Epoch: 160 [38400/50000 (77%)]	 Training Loss: 0.047 ACC: 97.73 CR: 0.77 Avg R1: 4.80 Avg R2: 1.70 Avg Reward: 6.503052
2026-05-17 04:50:50 [INFO] EPOCH:160, ======================CR:0.77254====================
2026-05-17 04:50:50 [INFO] 0.09660587506451783
2026-05-17 04:50:52 [INFO] EPOCH:160, ======================ACC:94.7====================
2026-05-17 04:50:52 [INFO] BEST EPOCH:158,BEST ACC:94.92
2026-05-17 04:51:03 [INFO] Epoch: 161 [12800/50000 (26%)]	 Training Loss: 0.045 ACC: 97.94 CR: 0.77 Avg R1: 4.82 Avg R2: 1.69 Avg Reward: 6.515383
2026-05-17 04:51:15 [INFO] Epoch: 161 [25600/50000 (51%)]	 Training Loss: 0.047 ACC: 97.88 CR: 0.77 Avg R1: 4.82 Avg R2: 1.69 Avg Reward: 6.508951
2026-05-17 04:51:26 [INFO] Epoch: 161 [38400/50000 (77%)]	 Training Loss: 0.046 ACC: 97.87 CR: 0.77 Avg R1: 4.81 Avg R2: 1.69 Avg Reward: 6.504800
2026-05-17 04:51:36 [INFO] EPOCH:161, ======================CR:0.7701====================
2026-05-17 04:51:36 [INFO] 0.1109379162439582
2026-05-17 04:51:38 [INFO] EPOCH:161, ======================ACC:95.16====================
2026-05-17 04:51:38 [INFO] BEST EPOCH:161,BEST ACC:95.16
2026-05-17 04:51:49 [INFO] Epoch: 162 [12800/50000 (26%)]	 Training Loss: 0.048 ACC: 97.63 CR: 0.77 Avg R1: 4.82 Avg R2: 1.69 Avg Reward: 6.503414
2026-05-17 04:52:01 [INFO] Epoch: 162 [25600/50000 (51%)]	 Training Loss: 0.047 ACC: 97.73 CR: 0.78 Avg R1: 4.83 Avg R2: 1.69 Avg Reward: 6.514759
2026-05-17 04:52:12 [INFO] Epoch: 162 [38400/50000 (77%)]	 Training Loss: 0.048 ACC: 97.68 CR: 0.78 Avg R1: 4.84 Avg R2: 1.69 Avg Reward: 6.530471
2026-05-17 04:52:22 [INFO] EPOCH:162, ======================CR:0.78304====================
2026-05-17 04:52:22 [INFO] 0.10728052521604965
2026-05-17 04:52:24 [INFO] EPOCH:162, ======================ACC:94.75====================
2026-05-17 04:52:24 [INFO] BEST EPOCH:161,BEST ACC:95.16
2026-05-17 04:52:35 [INFO] Epoch: 163 [12800/50000 (26%)]	 Training Loss: 0.047 ACC: 97.83 CR: 0.79 Avg R1: 4.91 Avg R2: 1.70 Avg Reward: 6.613915
2026-05-17 04:52:46 [INFO] Epoch: 163 [25600/50000 (51%)]	 Training Loss: 0.043 ACC: 97.97 CR: 0.79 Avg R1: 4.92 Avg R2: 1.71 Avg Reward: 6.630153
2026-05-17 04:52:57 [INFO] Epoch: 163 [38400/50000 (77%)]	 Training Loss: 0.044 ACC: 97.94 CR: 0.79 Avg R1: 4.93 Avg R2: 1.71 Avg Reward: 6.640148
2026-05-17 04:53:09 [INFO] EPOCH:163, ======================CR:0.80004====================
2026-05-17 04:53:09 [INFO] 0.11134340677618577
2026-05-17 04:53:10 [INFO] EPOCH:163, ======================ACC:95.23====================
2026-05-17 04:53:10 [INFO] BEST EPOCH:163,BEST ACC:95.23
2026-05-17 04:53:10 [INFO] Saving Masks: current CR 0.8000 target CR 0.8000
2026-05-17 04:53:11 [INFO] Updated candidate mask pretrained-rescale_mask_best-acc_80_05170215_resnet18 at epoch 163 with acc 95.2300
2026-05-17 04:53:23 [INFO] Epoch: 164 [12800/50000 (26%)]	 Training Loss: 0.040 ACC: 98.16 CR: 0.81 Avg R1: 4.93 Avg R2: 1.71 Avg Reward: 6.645134
2026-05-17 04:53:33 [INFO] Epoch: 164 [25600/50000 (51%)]	 Training Loss: 0.041 ACC: 98.05 CR: 0.81 Avg R1: 4.89 Avg R2: 1.72 Avg Reward: 6.610909
2026-05-17 04:53:44 [INFO] Epoch: 164 [38400/50000 (77%)]	 Training Loss: 0.041 ACC: 98.09 CR: 0.81 Avg R1: 4.87 Avg R2: 1.72 Avg Reward: 6.591115
2026-05-17 04:53:55 [INFO] EPOCH:164, ======================CR:0.80118====================
2026-05-17 04:53:55 [INFO] 0.09607997735137196
2026-05-17 04:53:57 [INFO] EPOCH:164, ======================ACC:95.08====================
2026-05-17 04:53:57 [INFO] BEST EPOCH:163,BEST ACC:95.23
2026-05-17 04:53:57 [INFO] Saving Masks: current CR 0.8012 target CR 0.8000
2026-05-17 04:54:08 [INFO] Epoch: 165 [12800/50000 (26%)]	 Training Loss: 0.039 ACC: 98.20 CR: 0.80 Avg R1: 4.99 Avg R2: 1.69 Avg Reward: 6.682566
2026-05-17 04:54:20 [INFO] Epoch: 165 [25600/50000 (51%)]	 Training Loss: 0.041 ACC: 98.07 CR: 0.80 Avg R1: 4.99 Avg R2: 1.69 Avg Reward: 6.675482
2026-05-17 04:54:31 [INFO] Epoch: 165 [38400/50000 (77%)]	 Training Loss: 0.041 ACC: 98.10 CR: 0.79 Avg R1: 4.98 Avg R2: 1.69 Avg Reward: 6.663537
2026-05-17 04:54:40 [INFO] EPOCH:165, ======================CR:0.78772====================
2026-05-17 04:54:40 [INFO] 0.09437656423220729
2026-05-17 04:54:43 [INFO] EPOCH:165, ======================ACC:94.85====================
2026-05-17 04:54:43 [INFO] BEST EPOCH:163,BEST ACC:95.23
2026-05-17 04:54:53 [INFO] Epoch: 166 [12800/50000 (26%)]	 Training Loss: 0.042 ACC: 97.95 CR: 0.79 Avg R1: 4.93 Avg R2: 1.67 Avg Reward: 6.595696
2026-05-17 04:55:04 [INFO] Epoch: 166 [25600/50000 (51%)]	 Training Loss: 0.040 ACC: 98.07 CR: 0.79 Avg R1: 4.93 Avg R2: 1.67 Avg Reward: 6.602951
2026-05-17 04:55:14 [INFO] Epoch: 166 [38400/50000 (77%)]	 Training Loss: 0.041 ACC: 98.04 CR: 0.80 Avg R1: 4.94 Avg R2: 1.67 Avg Reward: 6.614600
2026-05-17 04:55:24 [INFO] EPOCH:166, ======================CR:0.80026====================
2026-05-17 04:55:24 [INFO] 0.11433783822359186
2026-05-17 04:55:27 [INFO] EPOCH:166, ======================ACC:95.18====================
2026-05-17 04:55:27 [INFO] BEST EPOCH:163,BEST ACC:95.23
2026-05-17 04:55:27 [INFO] Saving Masks: current CR 0.8003 target CR 0.8000
2026-05-17 04:55:38 [INFO] Epoch: 167 [12800/50000 (26%)]	 Training Loss: 0.036 ACC: 98.31 CR: 0.80 Avg R1: 4.97 Avg R2: 1.67 Avg Reward: 6.642489
2026-05-17 04:55:49 [INFO] Epoch: 167 [25600/50000 (51%)]	 Training Loss: 0.038 ACC: 98.22 CR: 0.80 Avg R1: 4.98 Avg R2: 1.67 Avg Reward: 6.648040
2026-05-17 04:56:01 [INFO] Epoch: 167 [38400/50000 (77%)]	 Training Loss: 0.039 ACC: 98.21 CR: 0.80 Avg R1: 4.98 Avg R2: 1.67 Avg Reward: 6.650334
2026-05-17 04:56:11 [INFO] EPOCH:167, ======================CR:0.79892====================
2026-05-17 04:56:11 [INFO] 0.08594315392298342
2026-05-17 04:56:13 [INFO] EPOCH:167, ======================ACC:95.23====================
2026-05-17 04:56:13 [INFO] BEST EPOCH:167,BEST ACC:95.23
2026-05-17 04:56:13 [INFO] Saving Masks: current CR 0.7989 target CR 0.8000
2026-05-17 04:56:13 [INFO] Updated candidate mask pretrained-rescale_mask_best-acc_80_05170215_resnet18 at epoch 167 with acc 95.2300
2026-05-17 04:56:24 [INFO] Epoch: 168 [12800/50000 (26%)]	 Training Loss: 0.038 ACC: 98.21 CR: 0.80 Avg R1: 4.99 Avg R2: 1.66 Avg Reward: 6.647258
2026-05-17 04:56:34 [INFO] Epoch: 168 [25600/50000 (51%)]	 Training Loss: 0.037 ACC: 98.30 CR: 0.80 Avg R1: 4.99 Avg R2: 1.66 Avg Reward: 6.643923
2026-05-17 04:56:46 [INFO] Epoch: 168 [38400/50000 (77%)]	 Training Loss: 0.037 ACC: 98.27 CR: 0.80 Avg R1: 4.99 Avg R2: 1.66 Avg Reward: 6.644637
2026-05-17 04:56:57 [INFO] EPOCH:168, ======================CR:0.79582====================
2026-05-17 04:56:57 [INFO] 0.09819893929285108
2026-05-17 04:56:59 [INFO] EPOCH:168, ======================ACC:95.34====================
2026-05-17 04:56:59 [INFO] BEST EPOCH:168,BEST ACC:95.34
2026-05-17 04:56:59 [INFO] Saving Masks: current CR 0.7958 target CR 0.8000
2026-05-17 04:56:59 [INFO] Updated candidate mask pretrained-rescale_mask_best-acc_80_05170215_resnet18 at epoch 168 with acc 95.3400
2026-05-17 04:57:10 [INFO] Epoch: 169 [12800/50000 (26%)]	 Training Loss: 0.034 ACC: 98.37 CR: 0.79 Avg R1: 4.97 Avg R2: 1.64 Avg Reward: 6.607036
2026-05-17 04:57:21 [INFO] Epoch: 169 [25600/50000 (51%)]	 Training Loss: 0.035 ACC: 98.34 CR: 0.79 Avg R1: 4.96 Avg R2: 1.64 Avg Reward: 6.598227
2026-05-17 04:57:33 [INFO] Epoch: 169 [38400/50000 (77%)]	 Training Loss: 0.035 ACC: 98.35 CR: 0.79 Avg R1: 4.95 Avg R2: 1.64 Avg Reward: 6.592819
2026-05-17 04:57:44 [INFO] EPOCH:169, ======================CR:0.79012====================
2026-05-17 04:57:44 [INFO] 0.09603573150640266
2026-05-17 04:57:46 [INFO] EPOCH:169, ======================ACC:95.57====================
2026-05-17 04:57:46 [INFO] BEST EPOCH:169,BEST ACC:95.57
2026-05-17 04:57:46 [INFO] Saving Masks: current CR 0.7901 target CR 0.8000
2026-05-17 04:57:46 [INFO] Updated candidate mask pretrained-rescale_mask_best-acc_80_05170215_resnet18 at epoch 169 with acc 95.5700
2026-05-17 04:57:57 [INFO] Epoch: 170 [12800/50000 (26%)]	 Training Loss: 0.034 ACC: 98.42 CR: 0.79 Avg R1: 4.94 Avg R2: 1.61 Avg Reward: 6.555850
2026-05-17 04:58:09 [INFO] Epoch: 170 [25600/50000 (51%)]	 Training Loss: 0.033 ACC: 98.47 CR: 0.79 Avg R1: 4.94 Avg R2: 1.62 Avg Reward: 6.557895
2026-05-17 04:58:21 [INFO] Epoch: 170 [38400/50000 (77%)]	 Training Loss: 0.034 ACC: 98.49 CR: 0.79 Avg R1: 4.95 Avg R2: 1.62 Avg Reward: 6.560915
2026-05-17 04:58:31 [INFO] EPOCH:170, ======================CR:0.79438====================
2026-05-17 04:58:31 [INFO] 0.09983379541561904
2026-05-17 04:58:33 [INFO] EPOCH:170, ======================ACC:95.51====================
2026-05-17 04:58:33 [INFO] BEST EPOCH:169,BEST ACC:95.57
2026-05-17 04:58:33 [INFO] Saving Masks: current CR 0.7944 target CR 0.8000
2026-05-17 04:58:44 [INFO] Epoch: 171 [12800/50000 (26%)]	 Training Loss: 0.031 ACC: 98.57 CR: 0.80 Avg R1: 4.98 Avg R2: 1.62 Avg Reward: 6.594162
2026-05-17 04:58:56 [INFO] Epoch: 171 [25600/50000 (51%)]	 Training Loss: 0.032 ACC: 98.51 CR: 0.80 Avg R1: 4.98 Avg R2: 1.62 Avg Reward: 6.598350
2026-05-17 04:59:06 [INFO] Epoch: 171 [38400/50000 (77%)]	 Training Loss: 0.033 ACC: 98.49 CR: 0.80 Avg R1: 4.97 Avg R2: 1.62 Avg Reward: 6.589825
2026-05-17 04:59:17 [INFO] EPOCH:171, ======================CR:0.80474====================
2026-05-17 04:59:17 [INFO] 0.09188556856540729
2026-05-17 04:59:19 [INFO] EPOCH:171, ======================ACC:95.59====================
2026-05-17 04:59:19 [INFO] BEST EPOCH:171,BEST ACC:95.59
2026-05-17 04:59:19 [INFO] Saving Masks: current CR 0.8047 target CR 0.8000
2026-05-17 04:59:19 [INFO] Updated candidate mask pretrained-rescale_mask_best-acc_80_05170215_resnet18 at epoch 171 with acc 95.5900
2026-05-17 04:59:31 [INFO] Epoch: 172 [12800/50000 (26%)]	 Training Loss: 0.029 ACC: 98.70 CR: 0.80 Avg R1: 4.95 Avg R2: 1.62 Avg Reward: 6.567239
2026-05-17 04:59:42 [INFO] Epoch: 172 [25600/50000 (51%)]	 Training Loss: 0.029 ACC: 98.73 CR: 0.80 Avg R1: 4.97 Avg R2: 1.61 Avg Reward: 6.577526
2026-05-17 04:59:53 [INFO] Epoch: 172 [38400/50000 (77%)]	 Training Loss: 0.029 ACC: 98.71 CR: 0.79 Avg R1: 4.96 Avg R2: 1.61 Avg Reward: 6.570461
2026-05-17 05:00:04 [INFO] EPOCH:172, ======================CR:0.78768====================
2026-05-17 05:00:04 [INFO] 0.09887685443593017
2026-05-17 05:00:06 [INFO] EPOCH:172, ======================ACC:95.63====================
2026-05-17 05:00:06 [INFO] BEST EPOCH:172,BEST ACC:95.63
2026-05-17 05:00:18 [INFO] Epoch: 173 [12800/50000 (26%)]	 Training Loss: 0.029 ACC: 98.68 CR: 0.79 Avg R1: 4.93 Avg R2: 1.57 Avg Reward: 6.505404
2026-05-17 05:00:30 [INFO] Epoch: 173 [25600/50000 (51%)]	 Training Loss: 0.030 ACC: 98.62 CR: 0.79 Avg R1: 4.94 Avg R2: 1.58 Avg Reward: 6.515392
2026-05-17 05:00:41 [INFO] Epoch: 173 [38400/50000 (77%)]	 Training Loss: 0.030 ACC: 98.69 CR: 0.80 Avg R1: 4.95 Avg R2: 1.58 Avg Reward: 6.526550
2026-05-17 05:00:51 [INFO] EPOCH:173, ======================CR:0.7976====================
2026-05-17 05:00:51 [INFO] 0.10402308942131985
2026-05-17 05:00:53 [INFO] EPOCH:173, ======================ACC:95.48====================
2026-05-17 05:00:53 [INFO] BEST EPOCH:172,BEST ACC:95.63
2026-05-17 05:00:53 [INFO] Saving Masks: current CR 0.7976 target CR 0.8000
2026-05-17 05:01:05 [INFO] Epoch: 174 [12800/50000 (26%)]	 Training Loss: 0.029 ACC: 98.63 CR: 0.80 Avg R1: 4.98 Avg R2: 1.58 Avg Reward: 6.560210
2026-05-17 05:01:16 [INFO] Epoch: 174 [25600/50000 (51%)]	 Training Loss: 0.029 ACC: 98.67 CR: 0.80 Avg R1: 4.98 Avg R2: 1.58 Avg Reward: 6.554284
2026-05-17 05:01:27 [INFO] Epoch: 174 [38400/50000 (77%)]	 Training Loss: 0.028 ACC: 98.67 CR: 0.80 Avg R1: 4.98 Avg R2: 1.58 Avg Reward: 6.552964
2026-05-17 05:01:38 [INFO] EPOCH:174, ======================CR:0.7983====================
2026-05-17 05:01:38 [INFO] 0.09181081993905721
2026-05-17 05:01:40 [INFO] EPOCH:174, ======================ACC:95.53====================
2026-05-17 05:01:40 [INFO] BEST EPOCH:172,BEST ACC:95.63
2026-05-17 05:01:40 [INFO] Saving Masks: current CR 0.7983 target CR 0.8000
2026-05-17 05:01:50 [INFO] Epoch: 175 [12800/50000 (26%)]	 Training Loss: 0.026 ACC: 98.93 CR: 0.80 Avg R1: 4.99 Avg R2: 1.57 Avg Reward: 6.566396
2026-05-17 05:02:02 [INFO] Epoch: 175 [25600/50000 (51%)]	 Training Loss: 0.026 ACC: 98.90 CR: 0.80 Avg R1: 4.99 Avg R2: 1.57 Avg Reward: 6.567678
2026-05-17 05:02:14 [INFO] Epoch: 175 [38400/50000 (77%)]	 Training Loss: 0.027 ACC: 98.80 CR: 0.80 Avg R1: 4.99 Avg R2: 1.58 Avg Reward: 6.566871
2026-05-17 05:02:25 [INFO] EPOCH:175, ======================CR:0.7993====================
2026-05-17 05:02:25 [INFO] 0.09814912376479998
2026-05-17 05:02:27 [INFO] EPOCH:175, ======================ACC:95.57====================
2026-05-17 05:02:27 [INFO] BEST EPOCH:172,BEST ACC:95.63
2026-05-17 05:02:27 [INFO] Saving Masks: current CR 0.7993 target CR 0.8000
2026-05-17 05:02:39 [INFO] Epoch: 176 [12800/50000 (26%)]	 Training Loss: 0.026 ACC: 98.80 CR: 0.80 Avg R1: 5.00 Avg R2: 1.56 Avg Reward: 6.561414
2026-05-17 05:02:51 [INFO] Epoch: 176 [25600/50000 (51%)]	 Training Loss: 0.026 ACC: 98.75 CR: 0.80 Avg R1: 4.99 Avg R2: 1.56 Avg Reward: 6.557709
2026-05-17 05:03:03 [INFO] Epoch: 176 [38400/50000 (77%)]	 Training Loss: 0.026 ACC: 98.78 CR: 0.80 Avg R1: 4.99 Avg R2: 1.56 Avg Reward: 6.558352
2026-05-17 05:03:13 [INFO] EPOCH:176, ======================CR:0.80296====================
2026-05-17 05:03:13 [INFO] 0.10508747834941508
2026-05-17 05:03:15 [INFO] EPOCH:176, ======================ACC:95.77====================
2026-05-17 05:03:15 [INFO] BEST EPOCH:176,BEST ACC:95.77
2026-05-17 05:03:15 [INFO] Saving Masks: current CR 0.8030 target CR 0.8000
2026-05-17 05:03:15 [INFO] Updated candidate mask pretrained-rescale_mask_best-acc_80_05170215_resnet18 at epoch 176 with acc 95.7700
2026-05-17 05:03:27 [INFO] Epoch: 177 [12800/50000 (26%)]	 Training Loss: 0.027 ACC: 98.84 CR: 0.80 Avg R1: 4.93 Avg R2: 1.56 Avg Reward: 6.491235
2026-05-17 05:03:39 [INFO] Epoch: 177 [25600/50000 (51%)]	 Training Loss: 0.025 ACC: 98.94 CR: 0.80 Avg R1: 4.94 Avg R2: 1.56 Avg Reward: 6.502653
2026-05-17 05:03:51 [INFO] Epoch: 177 [38400/50000 (77%)]	 Training Loss: 0.024 ACC: 98.93 CR: 0.80 Avg R1: 4.96 Avg R2: 1.56 Avg Reward: 6.518963
2026-05-17 05:04:02 [INFO] EPOCH:177, ======================CR:0.79892====================
2026-05-17 05:04:02 [INFO] 0.09204503726170624
2026-05-17 05:04:04 [INFO] EPOCH:177, ======================ACC:95.59====================
2026-05-17 05:04:04 [INFO] BEST EPOCH:176,BEST ACC:95.77
2026-05-17 05:04:04 [INFO] Saving Masks: current CR 0.7989 target CR 0.8000
2026-05-17 05:04:16 [INFO] Epoch: 178 [12800/50000 (26%)]	 Training Loss: 0.026 ACC: 98.76 CR: 0.80 Avg R1: 4.99 Avg R2: 1.54 Avg Reward: 6.533412
2026-05-17 05:04:28 [INFO] Epoch: 178 [25600/50000 (51%)]	 Training Loss: 0.027 ACC: 98.72 CR: 0.80 Avg R1: 4.99 Avg R2: 1.54 Avg Reward: 6.534034
2026-05-17 05:04:39 [INFO] Epoch: 178 [38400/50000 (77%)]	 Training Loss: 0.026 ACC: 98.79 CR: 0.80 Avg R1: 4.99 Avg R2: 1.54 Avg Reward: 6.534152
2026-05-17 05:04:50 [INFO] EPOCH:178, ======================CR:0.79954====================
2026-05-17 05:04:50 [INFO] 0.10382147190776234
2026-05-17 05:04:52 [INFO] EPOCH:178, ======================ACC:95.61====================
2026-05-17 05:04:52 [INFO] BEST EPOCH:176,BEST ACC:95.77
2026-05-17 05:04:52 [INFO] Saving Masks: current CR 0.7995 target CR 0.8000
2026-05-17 05:05:03 [INFO] Epoch: 179 [12800/50000 (26%)]	 Training Loss: 0.025 ACC: 99.02 CR: 0.80 Avg R1: 5.00 Avg R2: 1.54 Avg Reward: 6.538711
2026-05-17 05:05:15 [INFO] Epoch: 179 [25600/50000 (51%)]	 Training Loss: 0.025 ACC: 98.98 CR: 0.80 Avg R1: 5.00 Avg R2: 1.54 Avg Reward: 6.538006
2026-05-17 05:05:25 [INFO] Epoch: 179 [38400/50000 (77%)]	 Training Loss: 0.025 ACC: 98.92 CR: 0.80 Avg R1: 4.99 Avg R2: 1.54 Avg Reward: 6.533176
2026-05-17 05:05:36 [INFO] EPOCH:179, ======================CR:0.79468====================
2026-05-17 05:05:36 [INFO] 0.10185096489216439
2026-05-17 05:05:38 [INFO] EPOCH:179, ======================ACC:95.71====================
2026-05-17 05:05:38 [INFO] BEST EPOCH:176,BEST ACC:95.77
2026-05-17 05:05:38 [INFO] Saving Masks: current CR 0.7947 target CR 0.8000
2026-05-17 05:05:50 [INFO] Epoch: 180 [12800/50000 (26%)]	 Training Loss: 0.022 ACC: 98.95 CR: 0.79 Avg R1: 4.97 Avg R2: 1.51 Avg Reward: 6.483183
2026-05-17 05:06:01 [INFO] Epoch: 180 [25600/50000 (51%)]	 Training Loss: 0.023 ACC: 99.00 CR: 0.80 Avg R1: 4.97 Avg R2: 1.51 Avg Reward: 6.481536
2026-05-17 05:06:12 [INFO] Epoch: 180 [38400/50000 (77%)]	 Training Loss: 0.023 ACC: 98.97 CR: 0.79 Avg R1: 4.97 Avg R2: 1.51 Avg Reward: 6.477670
2026-05-17 05:06:22 [INFO] EPOCH:180, ======================CR:0.79074====================
2026-05-17 05:06:22 [INFO] 0.08777081686534821
2026-05-17 05:06:24 [INFO] EPOCH:180, ======================ACC:95.67====================
2026-05-17 05:06:24 [INFO] BEST EPOCH:176,BEST ACC:95.77
2026-05-17 05:06:24 [INFO] Saving Masks: current CR 0.7907 target CR 0.8000
2026-05-17 05:06:36 [INFO] Epoch: 181 [12800/50000 (26%)]	 Training Loss: 0.021 ACC: 99.09 CR: 0.79 Avg R1: 4.94 Avg R2: 1.49 Avg Reward: 6.435333
2026-05-17 05:06:47 [INFO] Epoch: 181 [25600/50000 (51%)]	 Training Loss: 0.022 ACC: 99.02 CR: 0.80 Avg R1: 4.95 Avg R2: 1.49 Avg Reward: 6.446851
2026-05-17 05:06:58 [INFO] Epoch: 181 [38400/50000 (77%)]	 Training Loss: 0.022 ACC: 99.02 CR: 0.80 Avg R1: 4.96 Avg R2: 1.50 Avg Reward: 6.459643
2026-05-17 05:07:09 [INFO] EPOCH:181, ======================CR:0.80214====================
2026-05-17 05:07:09 [INFO] 0.09329447657804205
2026-05-17 05:07:11 [INFO] EPOCH:181, ======================ACC:95.6====================
2026-05-17 05:07:11 [INFO] BEST EPOCH:176,BEST ACC:95.77
2026-05-17 05:07:11 [INFO] Saving Masks: current CR 0.8021 target CR 0.8000
2026-05-17 05:07:24 [INFO] Epoch: 182 [12800/50000 (26%)]	 Training Loss: 0.021 ACC: 99.11 CR: 0.80 Avg R1: 4.96 Avg R2: 1.50 Avg Reward: 6.462958
2026-05-17 05:07:36 [INFO] Epoch: 182 [25600/50000 (51%)]	 Training Loss: 0.021 ACC: 99.11 CR: 0.80 Avg R1: 4.96 Avg R2: 1.50 Avg Reward: 6.463437
2026-05-17 05:07:49 [INFO] Epoch: 182 [38400/50000 (77%)]	 Training Loss: 0.021 ACC: 99.09 CR: 0.80 Avg R1: 4.97 Avg R2: 1.50 Avg Reward: 6.470466
2026-05-17 05:08:00 [INFO] EPOCH:182, ======================CR:0.78778====================
2026-05-17 05:08:00 [INFO] 0.09534967957050892
2026-05-17 05:08:02 [INFO] EPOCH:182, ======================ACC:95.75====================
2026-05-17 05:08:02 [INFO] BEST EPOCH:176,BEST ACC:95.77
2026-05-17 05:08:13 [INFO] Epoch: 183 [12800/50000 (26%)]	 Training Loss: 0.022 ACC: 98.92 CR: 0.79 Avg R1: 4.91 Avg R2: 1.48 Avg Reward: 6.390379
2026-05-17 05:08:24 [INFO] Epoch: 183 [25600/50000 (51%)]	 Training Loss: 0.020 ACC: 99.07 CR: 0.78 Avg R1: 4.91 Avg R2: 1.47 Avg Reward: 6.381156
2026-05-17 05:08:36 [INFO] Epoch: 183 [38400/50000 (77%)]	 Training Loss: 0.020 ACC: 99.10 CR: 0.78 Avg R1: 4.90 Avg R2: 1.47 Avg Reward: 6.375593
2026-05-17 05:08:47 [INFO] EPOCH:183, ======================CR:0.78458====================
2026-05-17 05:08:47 [INFO] 0.08416194074364138
2026-05-17 05:08:49 [INFO] EPOCH:183, ======================ACC:95.86====================
2026-05-17 05:08:49 [INFO] BEST EPOCH:183,BEST ACC:95.86
2026-05-17 05:09:00 [INFO] Epoch: 184 [12800/50000 (26%)]	 Training Loss: 0.019 ACC: 99.26 CR: 0.79 Avg R1: 4.90 Avg R2: 1.46 Avg Reward: 6.367037
2026-05-17 05:09:13 [INFO] Epoch: 184 [25600/50000 (51%)]	 Training Loss: 0.021 ACC: 99.18 CR: 0.79 Avg R1: 4.91 Avg R2: 1.46 Avg Reward: 6.373772
2026-05-17 05:09:25 [INFO] Epoch: 184 [38400/50000 (77%)]	 Training Loss: 0.020 ACC: 99.19 CR: 0.79 Avg R1: 4.92 Avg R2: 1.47 Avg Reward: 6.385177
2026-05-17 05:09:36 [INFO] EPOCH:184, ======================CR:0.79748====================
2026-05-17 05:09:36 [INFO] 0.08115320134558855
2026-05-17 05:09:38 [INFO] EPOCH:184, ======================ACC:95.89====================
2026-05-17 05:09:38 [INFO] BEST EPOCH:184,BEST ACC:95.89
2026-05-17 05:09:38 [INFO] Saving Masks: current CR 0.7975 target CR 0.8000
2026-05-17 05:09:38 [INFO] Updated candidate mask pretrained-rescale_mask_best-acc_80_05170215_resnet18 at epoch 184 with acc 95.8900
2026-05-17 05:09:49 [INFO] Epoch: 185 [12800/50000 (26%)]	 Training Loss: 0.020 ACC: 99.14 CR: 0.80 Avg R1: 4.99 Avg R2: 1.48 Avg Reward: 6.467710
2026-05-17 05:10:00 [INFO] Epoch: 185 [25600/50000 (51%)]	 Training Loss: 0.020 ACC: 99.15 CR: 0.80 Avg R1: 4.99 Avg R2: 1.48 Avg Reward: 6.469299
2026-05-17 05:10:11 [INFO] Epoch: 185 [38400/50000 (77%)]	 Training Loss: 0.020 ACC: 99.16 CR: 0.80 Avg R1: 4.99 Avg R2: 1.48 Avg Reward: 6.470686
2026-05-17 05:10:22 [INFO] EPOCH:185, ======================CR:0.79902====================
2026-05-17 05:10:22 [INFO] 0.09555923945478635
2026-05-17 05:10:24 [INFO] EPOCH:185, ======================ACC:95.94====================
2026-05-17 05:10:24 [INFO] BEST EPOCH:185,BEST ACC:95.94
2026-05-17 05:10:24 [INFO] Saving Masks: current CR 0.7990 target CR 0.8000
2026-05-17 05:10:24 [INFO] Updated candidate mask pretrained-rescale_mask_best-acc_80_05170215_resnet18 at epoch 185 with acc 95.9400
2026-05-17 05:10:36 [INFO] Epoch: 186 [12800/50000 (26%)]	 Training Loss: 0.018 ACC: 99.30 CR: 0.80 Avg R1: 5.00 Avg R2: 1.48 Avg Reward: 6.474942
2026-05-17 05:10:49 [INFO] Epoch: 186 [25600/50000 (51%)]	 Training Loss: 0.019 ACC: 99.22 CR: 0.80 Avg R1: 4.99 Avg R2: 1.48 Avg Reward: 6.469486
2026-05-17 05:11:02 [INFO] Epoch: 186 [38400/50000 (77%)]	 Training Loss: 0.020 ACC: 99.19 CR: 0.80 Avg R1: 4.98 Avg R2: 1.48 Avg Reward: 6.459924
2026-05-17 05:11:13 [INFO] EPOCH:186, ======================CR:0.80306====================
2026-05-17 05:11:13 [INFO] 0.08410520906432804
2026-05-17 05:11:15 [INFO] EPOCH:186, ======================ACC:95.88====================
2026-05-17 05:11:15 [INFO] BEST EPOCH:185,BEST ACC:95.94
2026-05-17 05:11:15 [INFO] Saving Masks: current CR 0.8031 target CR 0.8000
2026-05-17 05:11:28 [INFO] Epoch: 187 [12800/50000 (26%)]	 Training Loss: 0.021 ACC: 99.08 CR: 0.80 Avg R1: 4.95 Avg R2: 1.48 Avg Reward: 6.427601
2026-05-17 05:11:40 [INFO] Epoch: 187 [25600/50000 (51%)]	 Training Loss: 0.020 ACC: 99.09 CR: 0.80 Avg R1: 4.97 Avg R2: 1.47 Avg Reward: 6.442767
2026-05-17 05:11:51 [INFO] Epoch: 187 [38400/50000 (77%)]	 Training Loss: 0.019 ACC: 99.16 CR: 0.80 Avg R1: 4.97 Avg R2: 1.47 Avg Reward: 6.446103
2026-05-17 05:12:03 [INFO] EPOCH:187, ======================CR:0.7938====================
2026-05-17 05:12:03 [INFO] 0.09562874349956375
2026-05-17 05:12:05 [INFO] EPOCH:187, ======================ACC:95.86====================
2026-05-17 05:12:05 [INFO] BEST EPOCH:185,BEST ACC:95.94
2026-05-17 05:12:05 [INFO] Saving Masks: current CR 0.7938 target CR 0.8000
2026-05-17 05:12:18 [INFO] Epoch: 188 [12800/50000 (26%)]	 Training Loss: 0.017 ACC: 99.34 CR: 0.79 Avg R1: 4.96 Avg R2: 1.46 Avg Reward: 6.425389
2026-05-17 05:12:30 [INFO] Epoch: 188 [25600/50000 (51%)]	 Training Loss: 0.018 ACC: 99.29 CR: 0.80 Avg R1: 4.96 Avg R2: 1.46 Avg Reward: 6.426512
2026-05-17 05:12:41 [INFO] Epoch: 188 [38400/50000 (77%)]	 Training Loss: 0.018 ACC: 99.24 CR: 0.80 Avg R1: 4.97 Avg R2: 1.46 Avg Reward: 6.430276
2026-05-17 05:12:53 [INFO] EPOCH:188, ======================CR:0.79476====================
2026-05-17 05:12:53 [INFO] 0.08899742326136996
2026-05-17 05:12:55 [INFO] EPOCH:188, ======================ACC:95.97====================
2026-05-17 05:12:55 [INFO] BEST EPOCH:188,BEST ACC:95.97
2026-05-17 05:12:55 [INFO] Saving Masks: current CR 0.7948 target CR 0.8000
2026-05-17 05:12:55 [INFO] Updated candidate mask pretrained-rescale_mask_best-acc_80_05170215_resnet18 at epoch 188 with acc 95.9700
2026-05-17 05:13:08 [INFO] Epoch: 189 [12800/50000 (26%)]	 Training Loss: 0.020 ACC: 99.12 CR: 0.80 Avg R1: 4.97 Avg R2: 1.45 Avg Reward: 6.424138
2026-05-17 05:13:19 [INFO] Epoch: 189 [25600/50000 (51%)]	 Training Loss: 0.019 ACC: 99.15 CR: 0.79 Avg R1: 4.97 Avg R2: 1.45 Avg Reward: 6.423842
2026-05-17 05:13:31 [INFO] Epoch: 189 [38400/50000 (77%)]	 Training Loss: 0.019 ACC: 99.19 CR: 0.80 Avg R1: 4.97 Avg R2: 1.45 Avg Reward: 6.426023
2026-05-17 05:13:41 [INFO] EPOCH:189, ======================CR:0.7992====================
2026-05-17 05:13:41 [INFO] 0.08215832696412544
2026-05-17 05:13:43 [INFO] EPOCH:189, ======================ACC:95.89====================
2026-05-17 05:13:43 [INFO] BEST EPOCH:188,BEST ACC:95.97
2026-05-17 05:13:43 [INFO] Saving Masks: current CR 0.7992 target CR 0.8000
2026-05-17 05:13:57 [INFO] Epoch: 190 [12800/50000 (26%)]	 Training Loss: 0.017 ACC: 99.25 CR: 0.80 Avg R1: 4.99 Avg R2: 1.46 Avg Reward: 6.443289
2026-05-17 05:14:08 [INFO] Epoch: 190 [25600/50000 (51%)]	 Training Loss: 0.019 ACC: 99.15 CR: 0.80 Avg R1: 4.97 Avg R2: 1.46 Avg Reward: 6.426278
2026-05-17 05:14:21 [INFO] Epoch: 190 [38400/50000 (77%)]	 Training Loss: 0.019 ACC: 99.19 CR: 0.80 Avg R1: 4.96 Avg R2: 1.46 Avg Reward: 6.422412
2026-05-17 05:14:31 [INFO] EPOCH:190, ======================CR:0.80182====================
2026-05-17 05:14:31 [INFO] 0.09765389482499938
2026-05-17 05:14:33 [INFO] EPOCH:190, ======================ACC:95.89====================
2026-05-17 05:14:33 [INFO] BEST EPOCH:188,BEST ACC:95.97
2026-05-17 05:14:33 [INFO] Saving Masks: current CR 0.8018 target CR 0.8000
2026-05-17 05:14:45 [INFO] Epoch: 191 [12800/50000 (26%)]	 Training Loss: 0.016 ACC: 99.32 CR: 0.80 Avg R1: 4.99 Avg R2: 1.45 Avg Reward: 6.437146
2026-05-17 05:14:58 [INFO] Epoch: 191 [25600/50000 (51%)]	 Training Loss: 0.016 ACC: 99.32 CR: 0.79 Avg R1: 4.97 Avg R2: 1.45 Avg Reward: 6.420612
2026-05-17 05:15:10 [INFO] Epoch: 191 [38400/50000 (77%)]	 Training Loss: 0.016 ACC: 99.32 CR: 0.79 Avg R1: 4.96 Avg R2: 1.44 Avg Reward: 6.404212
2026-05-17 05:15:22 [INFO] EPOCH:191, ======================CR:0.78598====================
2026-05-17 05:15:22 [INFO] 0.09327937277806243
2026-05-17 05:15:24 [INFO] EPOCH:191, ======================ACC:95.97====================
2026-05-17 05:15:24 [INFO] BEST EPOCH:191,BEST ACC:95.97
2026-05-17 05:15:36 [INFO] Epoch: 192 [12800/50000 (26%)]	 Training Loss: 0.017 ACC: 99.30 CR: 0.79 Avg R1: 4.92 Avg R2: 1.43 Avg Reward: 6.346817
2026-05-17 05:15:48 [INFO] Epoch: 192 [25600/50000 (51%)]	 Training Loss: 0.017 ACC: 99.27 CR: 0.79 Avg R1: 4.92 Avg R2: 1.43 Avg Reward: 6.355738
2026-05-17 05:16:01 [INFO] Epoch: 192 [38400/50000 (77%)]	 Training Loss: 0.017 ACC: 99.23 CR: 0.79 Avg R1: 4.93 Avg R2: 1.43 Avg Reward: 6.362848
2026-05-17 05:16:11 [INFO] EPOCH:192, ======================CR:0.79478====================
2026-05-17 05:16:11 [INFO] 0.09294367342083343
2026-05-17 05:16:13 [INFO] EPOCH:192, ======================ACC:95.97====================
2026-05-17 05:16:13 [INFO] BEST EPOCH:192,BEST ACC:95.97
2026-05-17 05:16:13 [INFO] Saving Masks: current CR 0.7948 target CR 0.8000
2026-05-17 05:16:13 [INFO] Updated candidate mask pretrained-rescale_mask_best-acc_80_05170215_resnet18 at epoch 192 with acc 95.9700
2026-05-17 05:16:23 [INFO] Epoch: 193 [12800/50000 (26%)]	 Training Loss: 0.018 ACC: 99.26 CR: 0.79 Avg R1: 4.96 Avg R2: 1.44 Avg Reward: 6.401121
2026-05-17 05:16:36 [INFO] Epoch: 193 [25600/50000 (51%)]	 Training Loss: 0.018 ACC: 99.22 CR: 0.79 Avg R1: 4.96 Avg R2: 1.44 Avg Reward: 6.398595
2026-05-17 05:16:47 [INFO] Epoch: 193 [38400/50000 (77%)]	 Training Loss: 0.017 ACC: 99.24 CR: 0.79 Avg R1: 4.96 Avg R2: 1.44 Avg Reward: 6.397158
2026-05-17 05:16:58 [INFO] EPOCH:193, ======================CR:0.79558====================
2026-05-17 05:16:58 [INFO] 0.09065494167166657
2026-05-17 05:17:00 [INFO] EPOCH:193, ======================ACC:96.02====================
2026-05-17 05:17:00 [INFO] BEST EPOCH:193,BEST ACC:96.02
2026-05-17 05:17:00 [INFO] Saving Masks: current CR 0.7956 target CR 0.8000
2026-05-17 05:17:00 [INFO] Updated candidate mask pretrained-rescale_mask_best-acc_80_05170215_resnet18 at epoch 193 with acc 96.0200
2026-05-17 05:17:13 [INFO] Epoch: 194 [12800/50000 (26%)]	 Training Loss: 0.016 ACC: 99.21 CR: 0.80 Avg R1: 4.98 Avg R2: 1.44 Avg Reward: 6.419717
2026-05-17 05:17:25 [INFO] Epoch: 194 [25600/50000 (51%)]	 Training Loss: 0.017 ACC: 99.27 CR: 0.80 Avg R1: 4.98 Avg R2: 1.44 Avg Reward: 6.426047
2026-05-17 05:17:38 [INFO] Epoch: 194 [38400/50000 (77%)]	 Training Loss: 0.017 ACC: 99.27 CR: 0.80 Avg R1: 4.99 Avg R2: 1.44 Avg Reward: 6.429657
2026-05-17 05:17:49 [INFO] EPOCH:194, ======================CR:0.7987====================
2026-05-17 05:17:49 [INFO] 0.09220779003462866
2026-05-17 05:17:51 [INFO] EPOCH:194, ======================ACC:96.01====================
2026-05-17 05:17:51 [INFO] BEST EPOCH:193,BEST ACC:96.02
2026-05-17 05:17:51 [INFO] Saving Masks: current CR 0.7987 target CR 0.8000
2026-05-17 05:18:04 [INFO] Epoch: 195 [12800/50000 (26%)]	 Training Loss: 0.015 ACC: 99.35 CR: 0.80 Avg R1: 4.99 Avg R2: 1.44 Avg Reward: 6.436349
2026-05-17 05:18:16 [INFO] Epoch: 195 [25600/50000 (51%)]	 Training Loss: 0.017 ACC: 99.24 CR: 0.80 Avg R1: 4.99 Avg R2: 1.44 Avg Reward: 6.438681
2026-05-17 05:18:28 [INFO] Epoch: 195 [38400/50000 (77%)]	 Training Loss: 0.018 ACC: 99.24 CR: 0.80 Avg R1: 4.99 Avg R2: 1.44 Avg Reward: 6.436870
2026-05-17 05:18:39 [INFO] EPOCH:195, ======================CR:0.79682====================
2026-05-17 05:18:39 [INFO] 0.09679183049868578
2026-05-17 05:18:41 [INFO] EPOCH:195, ======================ACC:95.96====================
2026-05-17 05:18:41 [INFO] BEST EPOCH:193,BEST ACC:96.02
2026-05-17 05:18:41 [INFO] Saving Masks: current CR 0.7968 target CR 0.8000
2026-05-17 05:18:54 [INFO] Epoch: 196 [12800/50000 (26%)]	 Training Loss: 0.019 ACC: 99.20 CR: 0.80 Avg R1: 4.98 Avg R2: 1.44 Avg Reward: 6.421841
2026-05-17 05:19:04 [INFO] Epoch: 196 [25600/50000 (51%)]	 Training Loss: 0.018 ACC: 99.25 CR: 0.80 Avg R1: 4.98 Avg R2: 1.44 Avg Reward: 6.419302
2026-05-17 05:19:15 [INFO] Epoch: 196 [38400/50000 (77%)]	 Training Loss: 0.017 ACC: 99.28 CR: 0.80 Avg R1: 4.98 Avg R2: 1.44 Avg Reward: 6.423169
2026-05-17 05:19:25 [INFO] EPOCH:196, ======================CR:0.79958====================
2026-05-17 05:19:25 [INFO] 0.09314492910491748
2026-05-17 05:19:27 [INFO] EPOCH:196, ======================ACC:96.04====================
2026-05-17 05:19:27 [INFO] BEST EPOCH:196,BEST ACC:96.04
2026-05-17 05:19:27 [INFO] Saving Masks: current CR 0.7996 target CR 0.8000
2026-05-17 05:19:27 [INFO] Updated candidate mask pretrained-rescale_mask_best-acc_80_05170215_resnet18 at epoch 196 with acc 96.0400
2026-05-17 05:19:37 [INFO] Epoch: 197 [12800/50000 (26%)]	 Training Loss: 0.015 ACC: 99.41 CR: 0.80 Avg R1: 5.00 Avg R2: 1.45 Avg Reward: 6.447318
2026-05-17 05:19:48 [INFO] Epoch: 197 [25600/50000 (51%)]	 Training Loss: 0.017 ACC: 99.32 CR: 0.80 Avg R1: 4.99 Avg R2: 1.45 Avg Reward: 6.435435
2026-05-17 05:19:57 [INFO] Epoch: 197 [38400/50000 (77%)]	 Training Loss: 0.017 ACC: 99.33 CR: 0.80 Avg R1: 4.97 Avg R2: 1.45 Avg Reward: 6.419420
2026-05-17 05:20:07 [INFO] EPOCH:197, ======================CR:0.80212====================
2026-05-17 05:20:07 [INFO] 0.09773230439418651
2026-05-17 05:20:09 [INFO] EPOCH:197, ======================ACC:95.96====================
2026-05-17 05:20:09 [INFO] BEST EPOCH:196,BEST ACC:96.04
2026-05-17 05:20:09 [INFO] Saving Masks: current CR 0.8021 target CR 0.8000
2026-05-17 05:20:18 [INFO] Epoch: 198 [12800/50000 (26%)]	 Training Loss: 0.017 ACC: 99.20 CR: 0.80 Avg R1: 4.97 Avg R2: 1.45 Avg Reward: 6.423917
2026-05-17 05:20:29 [INFO] Epoch: 198 [25600/50000 (51%)]	 Training Loss: 0.017 ACC: 99.28 CR: 0.80 Avg R1: 4.97 Avg R2: 1.45 Avg Reward: 6.425541
2026-05-17 05:20:38 [INFO] Epoch: 198 [38400/50000 (77%)]	 Training Loss: 0.017 ACC: 99.26 CR: 0.80 Avg R1: 4.98 Avg R2: 1.45 Avg Reward: 6.431946
2026-05-17 05:20:48 [INFO] EPOCH:198, ======================CR:0.79708====================
2026-05-17 05:20:48 [INFO] 0.0853393118871432
2026-05-17 05:20:50 [INFO] EPOCH:198, ======================ACC:96.08====================
2026-05-17 05:20:50 [INFO] BEST EPOCH:198,BEST ACC:96.08
2026-05-17 05:20:50 [INFO] Saving Masks: current CR 0.7971 target CR 0.8000
2026-05-17 05:20:50 [INFO] Updated candidate mask pretrained-rescale_mask_best-acc_80_05170215_resnet18 at epoch 198 with acc 96.0800
2026-05-17 05:21:00 [INFO] Epoch: 199 [12800/50000 (26%)]	 Training Loss: 0.016 ACC: 99.27 CR: 0.80 Avg R1: 4.99 Avg R2: 1.44 Avg Reward: 6.430916
2026-05-17 05:21:11 [INFO] Epoch: 199 [25600/50000 (51%)]	 Training Loss: 0.016 ACC: 99.30 CR: 0.80 Avg R1: 4.99 Avg R2: 1.44 Avg Reward: 6.430648
2026-05-17 05:21:21 [INFO] Epoch: 199 [38400/50000 (77%)]	 Training Loss: 0.017 ACC: 99.26 CR: 0.80 Avg R1: 4.99 Avg R2: 1.44 Avg Reward: 6.433031
2026-05-17 05:21:30 [INFO] EPOCH:199, ======================CR:0.7983====================
2026-05-17 05:21:30 [INFO] 0.0922109066509706
2026-05-17 05:21:32 [INFO] EPOCH:199, ======================ACC:95.99====================
2026-05-17 05:21:32 [INFO] BEST EPOCH:198,BEST ACC:96.08
2026-05-17 05:21:32 [INFO] Saving Masks: current CR 0.7983 target CR 0.8000
2026-05-17 05:21:32 [INFO] Saved standard mask to /nvme/home/lixiang/baseline/RLSelector/mask/cifar10/42/mask_80.npz with 40000/50000 samples selected
