2026-05-17 04:41:11 [INFO] Epoch: 0 [12800/50000 (26%)]	 Training Loss: 0.856 ACC: 35.84 CR: 0.88 Avg R1: 3.01 Avg R2: 4.83 Avg Reward: 7.839874
2026-05-17 04:41:19 [INFO] Epoch: 0 [25600/50000 (51%)]	 Training Loss: 0.840 ACC: 36.84 CR: 0.75 Avg R1: 3.76 Avg R2: 4.50 Avg Reward: 8.259029
2026-05-17 04:41:27 [INFO] Epoch: 0 [38400/50000 (77%)]	 Training Loss: 0.827 ACC: 37.89 CR: 0.62 Avg R1: 3.77 Avg R2: 4.17 Avg Reward: 7.939114
2026-05-17 04:41:35 [INFO] EPOCH:0, ======================CR:0.5059====================
2026-05-17 04:41:35 [INFO] -0.0024702082330480685
2026-05-17 04:41:37 [INFO] EPOCH:0, ======================ACC:44.19====================
2026-05-17 04:41:37 [INFO] BEST EPOCH:0,BEST ACC:44.19
2026-05-17 04:41:46 [INFO] Epoch: 1 [12800/50000 (26%)]	 Training Loss: 0.771 ACC: 42.35 CR: 0.50 Avg R1: 2.81 Avg R2: 1.98 Avg Reward: 4.789214
2026-05-17 04:41:54 [INFO] Epoch: 1 [25600/50000 (51%)]	 Training Loss: 0.763 ACC: 43.10 CR: 0.50 Avg R1: 2.80 Avg R2: 1.98 Avg Reward: 4.781925
2026-05-17 04:42:03 [INFO] Epoch: 1 [38400/50000 (77%)]	 Training Loss: 0.757 ACC: 43.73 CR: 0.50 Avg R1: 2.80 Avg R2: 1.98 Avg Reward: 4.778399
2026-05-17 04:42:10 [INFO] EPOCH:1, ======================CR:0.50076====================
2026-05-17 04:42:10 [INFO] 0.000867619588395199
2026-05-17 04:42:12 [INFO] EPOCH:1, ======================ACC:48.26====================
2026-05-17 04:42:12 [INFO] BEST EPOCH:1,BEST ACC:48.26
2026-05-17 04:42:21 [INFO] Epoch: 2 [12800/50000 (26%)]	 Training Loss: 0.713 ACC: 47.41 CR: 0.50 Avg R1: 2.78 Avg R2: 2.03 Avg Reward: 4.814840
2026-05-17 04:42:30 [INFO] Epoch: 2 [25600/50000 (51%)]	 Training Loss: 0.706 ACC: 47.58 CR: 0.50 Avg R1: 2.77 Avg R2: 2.03 Avg Reward: 4.802707
2026-05-17 04:42:38 [INFO] Epoch: 2 [38400/50000 (77%)]	 Training Loss: 0.692 ACC: 48.74 CR: 0.50 Avg R1: 2.77 Avg R2: 2.03 Avg Reward: 4.798757
2026-05-17 04:42:46 [INFO] EPOCH:2, ======================CR:0.49602====================
2026-05-17 04:42:46 [INFO] -0.010017683023396517
2026-05-17 04:42:48 [INFO] EPOCH:2, ======================ACC:46.17====================
2026-05-17 04:42:48 [INFO] BEST EPOCH:1,BEST ACC:48.26
2026-05-17 04:42:56 [INFO] Epoch: 3 [12800/50000 (26%)]	 Training Loss: 0.642 ACC: 52.01 CR: 0.49 Avg R1: 2.75 Avg R2: 2.10 Avg Reward: 4.852174
2026-05-17 04:43:05 [INFO] Epoch: 3 [25600/50000 (51%)]	 Training Loss: 0.625 ACC: 53.20 CR: 0.49 Avg R1: 2.74 Avg R2: 2.10 Avg Reward: 4.836836
2026-05-17 04:43:13 [INFO] Epoch: 3 [38400/50000 (77%)]	 Training Loss: 0.627 ACC: 53.33 CR: 0.49 Avg R1: 2.73 Avg R2: 2.09 Avg Reward: 4.824216
2026-05-17 04:43:21 [INFO] EPOCH:3, ======================CR:0.49014====================
2026-05-17 04:43:21 [INFO] 0.006282307755690285
2026-05-17 04:43:23 [INFO] EPOCH:3, ======================ACC:57.33====================
2026-05-17 04:43:23 [INFO] BEST EPOCH:3,BEST ACC:57.33
2026-05-17 04:43:31 [INFO] Epoch: 4 [12800/50000 (26%)]	 Training Loss: 0.599 ACC: 56.61 CR: 0.49 Avg R1: 2.73 Avg R2: 2.21 Avg Reward: 4.944315
2026-05-17 04:43:40 [INFO] Epoch: 4 [25600/50000 (51%)]	 Training Loss: 0.597 ACC: 56.98 CR: 0.50 Avg R1: 2.74 Avg R2: 2.22 Avg Reward: 4.954930
2026-05-17 04:43:48 [INFO] Epoch: 4 [38400/50000 (77%)]	 Training Loss: 0.591 ACC: 57.39 CR: 0.50 Avg R1: 2.75 Avg R2: 2.22 Avg Reward: 4.968732
2026-05-17 04:43:56 [INFO] EPOCH:4, ======================CR:0.50166====================
2026-05-17 04:43:56 [INFO] -0.001285347220451949
2026-05-17 04:43:58 [INFO] EPOCH:4, ======================ACC:59.72====================
2026-05-17 04:43:58 [INFO] BEST EPOCH:4,BEST ACC:59.72
2026-05-17 04:44:07 [INFO] Epoch: 5 [12800/50000 (26%)]	 Training Loss: 0.553 ACC: 61.09 CR: 0.50 Avg R1: 2.78 Avg R2: 2.33 Avg Reward: 5.110908
2026-05-17 04:44:16 [INFO] Epoch: 5 [25600/50000 (51%)]	 Training Loss: 0.545 ACC: 61.23 CR: 0.50 Avg R1: 2.78 Avg R2: 2.33 Avg Reward: 5.104692
2026-05-17 04:44:24 [INFO] Epoch: 5 [38400/50000 (77%)]	 Training Loss: 0.542 ACC: 61.18 CR: 0.50 Avg R1: 2.78 Avg R2: 2.32 Avg Reward: 5.098884
2026-05-17 04:44:32 [INFO] EPOCH:5, ======================CR:0.49718====================
2026-05-17 04:44:32 [INFO] -0.0009262827641445409
2026-05-17 04:44:34 [INFO] EPOCH:5, ======================ACC:56.5====================
2026-05-17 04:44:34 [INFO] BEST EPOCH:4,BEST ACC:59.72
2026-05-17 04:44:42 [INFO] Epoch: 6 [12800/50000 (26%)]	 Training Loss: 0.512 ACC: 62.95 CR: 0.50 Avg R1: 2.76 Avg R2: 2.38 Avg Reward: 5.140792
2026-05-17 04:44:51 [INFO] Epoch: 6 [25600/50000 (51%)]	 Training Loss: 0.510 ACC: 63.07 CR: 0.50 Avg R1: 2.75 Avg R2: 2.38 Avg Reward: 5.134289
2026-05-17 04:45:00 [INFO] Epoch: 6 [38400/50000 (77%)]	 Training Loss: 0.504 ACC: 63.44 CR: 0.49 Avg R1: 2.75 Avg R2: 2.38 Avg Reward: 5.130534
2026-05-17 04:45:07 [INFO] EPOCH:6, ======================CR:0.49136====================
2026-05-17 04:45:07 [INFO] -0.004903744912150027
2026-05-17 04:45:09 [INFO] EPOCH:6, ======================ACC:56.35====================
2026-05-17 04:45:09 [INFO] BEST EPOCH:4,BEST ACC:59.72
2026-05-17 04:45:18 [INFO] Epoch: 7 [12800/50000 (26%)]	 Training Loss: 0.489 ACC: 64.34 CR: 0.49 Avg R1: 2.72 Avg R2: 2.36 Avg Reward: 5.079253
2026-05-17 04:45:27 [INFO] Epoch: 7 [25600/50000 (51%)]	 Training Loss: 0.488 ACC: 64.53 CR: 0.49 Avg R1: 2.71 Avg R2: 2.36 Avg Reward: 5.067550
2026-05-17 04:45:35 [INFO] Epoch: 7 [38400/50000 (77%)]	 Training Loss: 0.481 ACC: 65.03 CR: 0.48 Avg R1: 2.70 Avg R2: 2.36 Avg Reward: 5.060594
2026-05-17 04:45:43 [INFO] EPOCH:7, ======================CR:0.48416====================
2026-05-17 04:45:43 [INFO] -0.005196881071832497
2026-05-17 04:45:45 [INFO] EPOCH:7, ======================ACC:67.1====================
2026-05-17 04:45:45 [INFO] BEST EPOCH:7,BEST ACC:67.1
2026-05-17 04:45:54 [INFO] Epoch: 8 [12800/50000 (26%)]	 Training Loss: 0.456 ACC: 67.22 CR: 0.49 Avg R1: 2.70 Avg R2: 2.35 Avg Reward: 5.047474
2026-05-17 04:46:02 [INFO] Epoch: 8 [25600/50000 (51%)]	 Training Loss: 0.456 ACC: 67.10 CR: 0.49 Avg R1: 2.71 Avg R2: 2.35 Avg Reward: 5.064436
2026-05-17 04:46:12 [INFO] Epoch: 8 [38400/50000 (77%)]	 Training Loss: 0.450 ACC: 67.61 CR: 0.49 Avg R1: 2.71 Avg R2: 2.36 Avg Reward: 5.073106
2026-05-17 04:46:20 [INFO] EPOCH:8, ======================CR:0.4947====================
2026-05-17 04:46:20 [INFO] -0.00636291477383585
2026-05-17 04:46:22 [INFO] EPOCH:8, ======================ACC:67.77====================
2026-05-17 04:46:22 [INFO] BEST EPOCH:8,BEST ACC:67.77
2026-05-17 04:46:31 [INFO] Epoch: 9 [12800/50000 (26%)]	 Training Loss: 0.433 ACC: 69.45 CR: 0.50 Avg R1: 2.75 Avg R2: 2.33 Avg Reward: 5.083396
2026-05-17 04:46:41 [INFO] Epoch: 9 [25600/50000 (51%)]	 Training Loss: 0.432 ACC: 69.26 CR: 0.50 Avg R1: 2.75 Avg R2: 2.33 Avg Reward: 5.077470
2026-05-17 04:46:50 [INFO] Epoch: 9 [38400/50000 (77%)]	 Training Loss: 0.430 ACC: 69.42 CR: 0.50 Avg R1: 2.75 Avg R2: 2.33 Avg Reward: 5.081047
2026-05-17 04:46:59 [INFO] EPOCH:9, ======================CR:0.49578====================
2026-05-17 04:46:59 [INFO] -0.0037176574543776185
2026-05-17 04:47:01 [INFO] EPOCH:9, ======================ACC:75.01====================
2026-05-17 04:47:01 [INFO] BEST EPOCH:9,BEST ACC:75.01
2026-05-17 04:47:10 [INFO] Epoch: 10 [12800/50000 (26%)]	 Training Loss: 0.403 ACC: 71.49 CR: 0.50 Avg R1: 2.75 Avg R2: 2.26 Avg Reward: 5.010349
2026-05-17 04:47:20 [INFO] Epoch: 10 [25600/50000 (51%)]	 Training Loss: 0.401 ACC: 71.57 CR: 0.50 Avg R1: 2.76 Avg R2: 2.26 Avg Reward: 5.013095
2026-05-17 04:47:29 [INFO] Epoch: 10 [38400/50000 (77%)]	 Training Loss: 0.398 ACC: 71.71 CR: 0.49 Avg R1: 2.75 Avg R2: 2.26 Avg Reward: 5.009723
2026-05-17 04:47:38 [INFO] EPOCH:10, ======================CR:0.49576====================
2026-05-17 04:47:38 [INFO] -0.0030036404569017644
2026-05-17 04:47:40 [INFO] EPOCH:10, ======================ACC:76.54====================
2026-05-17 04:47:40 [INFO] BEST EPOCH:10,BEST ACC:76.54
2026-05-17 04:47:50 [INFO] Epoch: 11 [12800/50000 (26%)]	 Training Loss: 0.391 ACC: 73.15 CR: 0.50 Avg R1: 2.75 Avg R2: 2.26 Avg Reward: 5.013057
2026-05-17 04:48:00 [INFO] Epoch: 11 [25600/50000 (51%)]	 Training Loss: 0.386 ACC: 73.38 CR: 0.50 Avg R1: 2.75 Avg R2: 2.26 Avg Reward: 5.013078
2026-05-17 04:48:10 [INFO] Epoch: 11 [38400/50000 (77%)]	 Training Loss: 0.377 ACC: 73.78 CR: 0.49 Avg R1: 2.75 Avg R2: 2.26 Avg Reward: 5.011417
2026-05-17 04:48:18 [INFO] EPOCH:11, ======================CR:0.49294====================
2026-05-17 04:48:18 [INFO] -0.009759758034207979
2026-05-17 04:48:20 [INFO] EPOCH:11, ======================ACC:77.56====================
2026-05-17 04:48:20 [INFO] BEST EPOCH:11,BEST ACC:77.56
2026-05-17 04:48:29 [INFO] Epoch: 12 [12800/50000 (26%)]	 Training Loss: 0.352 ACC: 75.18 CR: 0.49 Avg R1: 2.73 Avg R2: 2.20 Avg Reward: 4.934719
2026-05-17 04:48:39 [INFO] Epoch: 12 [25600/50000 (51%)]	 Training Loss: 0.355 ACC: 75.02 CR: 0.49 Avg R1: 2.72 Avg R2: 2.20 Avg Reward: 4.918550
2026-05-17 04:48:49 [INFO] Epoch: 12 [38400/50000 (77%)]	 Training Loss: 0.355 ACC: 75.11 CR: 0.48 Avg R1: 2.72 Avg R2: 2.19 Avg Reward: 4.909174
2026-05-17 04:48:58 [INFO] EPOCH:12, ======================CR:0.48286====================
2026-05-17 04:48:58 [INFO] -0.009141143870673546
2026-05-17 04:49:00 [INFO] EPOCH:12, ======================ACC:77.1====================
2026-05-17 04:49:00 [INFO] BEST EPOCH:11,BEST ACC:77.56
2026-05-17 04:49:11 [INFO] Epoch: 13 [12800/50000 (26%)]	 Training Loss: 0.333 ACC: 76.72 CR: 0.48 Avg R1: 2.69 Avg R2: 2.10 Avg Reward: 4.787727
2026-05-17 04:49:20 [INFO] Epoch: 13 [25600/50000 (51%)]	 Training Loss: 0.335 ACC: 76.40 CR: 0.48 Avg R1: 2.68 Avg R2: 2.10 Avg Reward: 4.781385
2026-05-17 04:49:30 [INFO] Epoch: 13 [38400/50000 (77%)]	 Training Loss: 0.330 ACC: 76.77 CR: 0.48 Avg R1: 2.67 Avg R2: 2.10 Avg Reward: 4.770545
2026-05-17 04:49:38 [INFO] EPOCH:13, ======================CR:0.47556====================
2026-05-17 04:49:38 [INFO] -0.0019374886385298802
2026-05-17 04:49:40 [INFO] EPOCH:13, ======================ACC:79.47====================
2026-05-17 04:49:40 [INFO] BEST EPOCH:13,BEST ACC:79.47
2026-05-17 04:49:50 [INFO] Epoch: 14 [12800/50000 (26%)]	 Training Loss: 0.326 ACC: 77.06 CR: 0.48 Avg R1: 2.65 Avg R2: 2.01 Avg Reward: 4.663099
2026-05-17 04:50:00 [INFO] Epoch: 14 [25600/50000 (51%)]	 Training Loss: 0.323 ACC: 77.36 CR: 0.48 Avg R1: 2.65 Avg R2: 2.01 Avg Reward: 4.661723
2026-05-17 04:50:10 [INFO] Epoch: 14 [38400/50000 (77%)]	 Training Loss: 0.321 ACC: 77.46 CR: 0.48 Avg R1: 2.65 Avg R2: 2.01 Avg Reward: 4.665633
2026-05-17 04:50:18 [INFO] EPOCH:14, ======================CR:0.4832====================
2026-05-17 04:50:18 [INFO] 0.005738094435019521
2026-05-17 04:50:20 [INFO] EPOCH:14, ======================ACC:81.06====================
2026-05-17 04:50:20 [INFO] BEST EPOCH:14,BEST ACC:81.06
2026-05-17 04:50:31 [INFO] Epoch: 15 [12800/50000 (26%)]	 Training Loss: 0.313 ACC: 78.30 CR: 0.49 Avg R1: 2.69 Avg R2: 1.97 Avg Reward: 4.666615
2026-05-17 04:50:40 [INFO] Epoch: 15 [25600/50000 (51%)]	 Training Loss: 0.309 ACC: 78.30 CR: 0.49 Avg R1: 2.70 Avg R2: 1.97 Avg Reward: 4.669948
2026-05-17 04:50:50 [INFO] Epoch: 15 [38400/50000 (77%)]	 Training Loss: 0.308 ACC: 78.45 CR: 0.49 Avg R1: 2.70 Avg R2: 1.97 Avg Reward: 4.675927
2026-05-17 04:50:59 [INFO] EPOCH:15, ======================CR:0.48742====================
2026-05-17 04:50:59 [INFO] 0.0013518644378081239
2026-05-17 04:51:01 [INFO] EPOCH:15, ======================ACC:77.69====================
2026-05-17 04:51:01 [INFO] BEST EPOCH:14,BEST ACC:81.06
2026-05-17 04:51:11 [INFO] Epoch: 16 [12800/50000 (26%)]	 Training Loss: 0.300 ACC: 78.56 CR: 0.49 Avg R1: 2.70 Avg R2: 1.92 Avg Reward: 4.620945
2026-05-17 04:51:20 [INFO] Epoch: 16 [25600/50000 (51%)]	 Training Loss: 0.306 ACC: 78.60 CR: 0.49 Avg R1: 2.70 Avg R2: 1.92 Avg Reward: 4.628025
2026-05-17 04:51:30 [INFO] Epoch: 16 [38400/50000 (77%)]	 Training Loss: 0.305 ACC: 78.66 CR: 0.49 Avg R1: 2.71 Avg R2: 1.93 Avg Reward: 4.632378
2026-05-17 04:51:39 [INFO] EPOCH:16, ======================CR:0.48936====================
2026-05-17 04:51:39 [INFO] 0.005169783087757324
2026-05-17 04:51:41 [INFO] EPOCH:16, ======================ACC:80.78====================
2026-05-17 04:51:41 [INFO] BEST EPOCH:14,BEST ACC:81.06
2026-05-17 04:51:50 [INFO] Epoch: 17 [12800/50000 (26%)]	 Training Loss: 0.287 ACC: 79.74 CR: 0.49 Avg R1: 2.72 Avg R2: 1.88 Avg Reward: 4.596130
2026-05-17 04:52:00 [INFO] Epoch: 17 [25600/50000 (51%)]	 Training Loss: 0.287 ACC: 79.68 CR: 0.49 Avg R1: 2.71 Avg R2: 1.87 Avg Reward: 4.588810
2026-05-17 04:52:10 [INFO] Epoch: 17 [38400/50000 (77%)]	 Training Loss: 0.290 ACC: 79.46 CR: 0.49 Avg R1: 2.71 Avg R2: 1.87 Avg Reward: 4.581511
2026-05-17 04:52:20 [INFO] EPOCH:17, ======================CR:0.48196====================
2026-05-17 04:52:20 [INFO] -0.001553502372293301
2026-05-17 04:52:22 [INFO] EPOCH:17, ======================ACC:81.0====================
2026-05-17 04:52:22 [INFO] BEST EPOCH:14,BEST ACC:81.06
2026-05-17 04:52:33 [INFO] Epoch: 18 [12800/50000 (26%)]	 Training Loss: 0.295 ACC: 79.62 CR: 0.48 Avg R1: 2.67 Avg R2: 1.82 Avg Reward: 4.496272
2026-05-17 04:52:43 [INFO] Epoch: 18 [25600/50000 (51%)]	 Training Loss: 0.286 ACC: 80.06 CR: 0.48 Avg R1: 2.67 Avg R2: 1.82 Avg Reward: 4.496582
2026-05-17 04:52:52 [INFO] Epoch: 18 [38400/50000 (77%)]	 Training Loss: 0.283 ACC: 79.91 CR: 0.47 Avg R1: 2.67 Avg R2: 1.82 Avg Reward: 4.485504
2026-05-17 04:53:01 [INFO] EPOCH:18, ======================CR:0.47252====================
2026-05-17 04:53:01 [INFO] 0.0074557822316085095
2026-05-17 04:53:03 [INFO] EPOCH:18, ======================ACC:80.23====================
2026-05-17 04:53:03 [INFO] BEST EPOCH:14,BEST ACC:81.06
2026-05-17 04:53:13 [INFO] Epoch: 19 [12800/50000 (26%)]	 Training Loss: 0.272 ACC: 80.42 CR: 0.47 Avg R1: 2.62 Avg R2: 1.77 Avg Reward: 4.389552
2026-05-17 04:53:22 [INFO] Epoch: 19 [25600/50000 (51%)]	 Training Loss: 0.271 ACC: 80.67 CR: 0.47 Avg R1: 2.63 Avg R2: 1.76 Avg Reward: 4.390829
2026-05-17 04:53:31 [INFO] Epoch: 19 [38400/50000 (77%)]	 Training Loss: 0.275 ACC: 80.46 CR: 0.47 Avg R1: 2.63 Avg R2: 1.76 Avg Reward: 4.393035
2026-05-17 04:53:40 [INFO] EPOCH:19, ======================CR:0.4724====================
2026-05-17 04:53:40 [INFO] -0.002586416419169641
2026-05-17 04:53:42 [INFO] EPOCH:19, ======================ACC:78.48====================
2026-05-17 04:53:42 [INFO] BEST EPOCH:14,BEST ACC:81.06
2026-05-17 04:53:53 [INFO] Epoch: 20 [12800/50000 (26%)]	 Training Loss: 0.270 ACC: 80.17 CR: 0.47 Avg R1: 2.62 Avg R2: 1.74 Avg Reward: 4.360811
2026-05-17 04:54:02 [INFO] Epoch: 20 [25600/50000 (51%)]	 Training Loss: 0.276 ACC: 80.29 CR: 0.47 Avg R1: 2.62 Avg R2: 1.74 Avg Reward: 4.363032
2026-05-17 04:54:13 [INFO] Epoch: 20 [38400/50000 (77%)]	 Training Loss: 0.274 ACC: 80.46 CR: 0.47 Avg R1: 2.62 Avg R2: 1.74 Avg Reward: 4.365829
2026-05-17 04:54:22 [INFO] EPOCH:20, ======================CR:0.47388====================
2026-05-17 04:54:22 [INFO] 0.0008447439592601629
2026-05-17 04:54:24 [INFO] EPOCH:20, ======================ACC:79.54====================
2026-05-17 04:54:24 [INFO] BEST EPOCH:14,BEST ACC:81.06
2026-05-17 04:54:35 [INFO] Epoch: 21 [12800/50000 (26%)]	 Training Loss: 0.262 ACC: 81.31 CR: 0.47 Avg R1: 2.63 Avg R2: 1.70 Avg Reward: 4.330370
2026-05-17 04:54:43 [INFO] Epoch: 21 [25600/50000 (51%)]	 Training Loss: 0.261 ACC: 81.25 CR: 0.47 Avg R1: 2.62 Avg R2: 1.70 Avg Reward: 4.322020
2026-05-17 04:54:52 [INFO] Epoch: 21 [38400/50000 (77%)]	 Training Loss: 0.260 ACC: 81.28 CR: 0.47 Avg R1: 2.61 Avg R2: 1.70 Avg Reward: 4.314433
2026-05-17 04:54:59 [INFO] EPOCH:21, ======================CR:0.46776====================
2026-05-17 04:54:59 [INFO] -0.0007404010462490646
2026-05-17 04:55:01 [INFO] EPOCH:21, ======================ACC:81.54====================
2026-05-17 04:55:01 [INFO] BEST EPOCH:21,BEST ACC:81.54
2026-05-17 04:55:12 [INFO] Epoch: 22 [12800/50000 (26%)]	 Training Loss: 0.259 ACC: 81.15 CR: 0.47 Avg R1: 2.59 Avg R2: 1.68 Avg Reward: 4.272044
2026-05-17 04:55:22 [INFO] Epoch: 22 [25600/50000 (51%)]	 Training Loss: 0.258 ACC: 81.40 CR: 0.47 Avg R1: 2.60 Avg R2: 1.68 Avg Reward: 4.272895
2026-05-17 04:55:30 [INFO] Epoch: 22 [38400/50000 (77%)]	 Training Loss: 0.261 ACC: 81.32 CR: 0.47 Avg R1: 2.60 Avg R2: 1.68 Avg Reward: 4.280234
2026-05-17 04:55:39 [INFO] EPOCH:22, ======================CR:0.47872====================
2026-05-17 04:55:39 [INFO] 0.007117830086052927
2026-05-17 04:55:41 [INFO] EPOCH:22, ======================ACC:77.56====================
2026-05-17 04:55:41 [INFO] BEST EPOCH:21,BEST ACC:81.54
2026-05-17 04:55:52 [INFO] Epoch: 23 [12800/50000 (26%)]	 Training Loss: 0.265 ACC: 81.27 CR: 0.48 Avg R1: 2.66 Avg R2: 1.69 Avg Reward: 4.347358
2026-05-17 04:56:02 [INFO] Epoch: 23 [25600/50000 (51%)]	 Training Loss: 0.262 ACC: 81.66 CR: 0.48 Avg R1: 2.67 Avg R2: 1.69 Avg Reward: 4.357373
2026-05-17 04:56:12 [INFO] Epoch: 23 [38400/50000 (77%)]	 Training Loss: 0.264 ACC: 81.50 CR: 0.49 Avg R1: 2.67 Avg R2: 1.69 Avg Reward: 4.368730
2026-05-17 04:56:21 [INFO] EPOCH:23, ======================CR:0.4873====================
2026-05-17 04:56:21 [INFO] 0.00355726767629115
2026-05-17 04:56:23 [INFO] EPOCH:23, ======================ACC:80.45====================
2026-05-17 04:56:23 [INFO] BEST EPOCH:21,BEST ACC:81.54
2026-05-17 04:56:33 [INFO] Epoch: 24 [12800/50000 (26%)]	 Training Loss: 0.261 ACC: 81.86 CR: 0.49 Avg R1: 2.71 Avg R2: 1.70 Avg Reward: 4.408249
2026-05-17 04:56:42 [INFO] Epoch: 24 [25600/50000 (51%)]	 Training Loss: 0.261 ACC: 81.92 CR: 0.49 Avg R1: 2.71 Avg R2: 1.70 Avg Reward: 4.406015
2026-05-17 04:56:53 [INFO] Epoch: 24 [38400/50000 (77%)]	 Training Loss: 0.258 ACC: 82.05 CR: 0.49 Avg R1: 2.71 Avg R2: 1.70 Avg Reward: 4.409280
2026-05-17 04:57:02 [INFO] EPOCH:24, ======================CR:0.48974====================
2026-05-17 04:57:02 [INFO] 0.0010733868060666112
2026-05-17 04:57:04 [INFO] EPOCH:24, ======================ACC:83.07====================
2026-05-17 04:57:04 [INFO] BEST EPOCH:24,BEST ACC:83.07
2026-05-17 04:57:15 [INFO] Epoch: 25 [12800/50000 (26%)]	 Training Loss: 0.259 ACC: 81.97 CR: 0.49 Avg R1: 2.73 Avg R2: 1.70 Avg Reward: 4.424332
2026-05-17 04:57:24 [INFO] Epoch: 25 [25600/50000 (51%)]	 Training Loss: 0.253 ACC: 82.14 CR: 0.49 Avg R1: 2.72 Avg R2: 1.70 Avg Reward: 4.423699
2026-05-17 04:57:35 [INFO] Epoch: 25 [38400/50000 (77%)]	 Training Loss: 0.253 ACC: 82.16 CR: 0.49 Avg R1: 2.72 Avg R2: 1.70 Avg Reward: 4.421945
2026-05-17 04:57:44 [INFO] EPOCH:25, ======================CR:0.49044====================
2026-05-17 04:57:44 [INFO] -0.00583188199711852
2026-05-17 04:57:46 [INFO] EPOCH:25, ======================ACC:84.19====================
2026-05-17 04:57:46 [INFO] BEST EPOCH:25,BEST ACC:84.19
2026-05-17 04:57:56 [INFO] Epoch: 26 [12800/50000 (26%)]	 Training Loss: 0.239 ACC: 83.20 CR: 0.49 Avg R1: 2.72 Avg R2: 1.68 Avg Reward: 4.408283
2026-05-17 04:58:06 [INFO] Epoch: 26 [25600/50000 (51%)]	 Training Loss: 0.247 ACC: 82.63 CR: 0.49 Avg R1: 2.72 Avg R2: 1.68 Avg Reward: 4.400742
2026-05-17 04:58:16 [INFO] Epoch: 26 [38400/50000 (77%)]	 Training Loss: 0.249 ACC: 82.63 CR: 0.49 Avg R1: 2.72 Avg R2: 1.68 Avg Reward: 4.398616
2026-05-17 04:58:24 [INFO] EPOCH:26, ======================CR:0.48824====================
2026-05-17 04:58:24 [INFO] 0.0038047188620052835
2026-05-17 04:58:27 [INFO] EPOCH:26, ======================ACC:84.27====================
2026-05-17 04:58:27 [INFO] BEST EPOCH:26,BEST ACC:84.27
2026-05-17 04:58:36 [INFO] Epoch: 27 [12800/50000 (26%)]	 Training Loss: 0.253 ACC: 82.52 CR: 0.49 Avg R1: 2.72 Avg R2: 1.67 Avg Reward: 4.389900
2026-05-17 04:58:46 [INFO] Epoch: 27 [25600/50000 (51%)]	 Training Loss: 0.246 ACC: 82.79 CR: 0.49 Avg R1: 2.72 Avg R2: 1.67 Avg Reward: 4.397123
2026-05-17 04:58:56 [INFO] Epoch: 27 [38400/50000 (77%)]	 Training Loss: 0.247 ACC: 82.64 CR: 0.49 Avg R1: 2.73 Avg R2: 1.67 Avg Reward: 4.402973
2026-05-17 04:59:05 [INFO] EPOCH:27, ======================CR:0.49138====================
2026-05-17 04:59:05 [INFO] -0.010411291040254431
2026-05-17 04:59:07 [INFO] EPOCH:27, ======================ACC:82.13====================
2026-05-17 04:59:07 [INFO] BEST EPOCH:26,BEST ACC:84.27
2026-05-17 04:59:18 [INFO] Epoch: 28 [12800/50000 (26%)]	 Training Loss: 0.245 ACC: 82.95 CR: 0.49 Avg R1: 2.74 Avg R2: 1.66 Avg Reward: 4.402991
2026-05-17 04:59:28 [INFO] Epoch: 28 [25600/50000 (51%)]	 Training Loss: 0.240 ACC: 83.35 CR: 0.49 Avg R1: 2.74 Avg R2: 1.66 Avg Reward: 4.405814
2026-05-17 04:59:38 [INFO] Epoch: 28 [38400/50000 (77%)]	 Training Loss: 0.242 ACC: 83.20 CR: 0.49 Avg R1: 2.74 Avg R2: 1.66 Avg Reward: 4.403480
2026-05-17 04:59:48 [INFO] EPOCH:28, ======================CR:0.49344====================
2026-05-17 04:59:48 [INFO] -0.001727910311894784
2026-05-17 04:59:50 [INFO] EPOCH:28, ======================ACC:79.12====================
2026-05-17 04:59:50 [INFO] BEST EPOCH:26,BEST ACC:84.27
2026-05-17 04:59:59 [INFO] Epoch: 29 [12800/50000 (26%)]	 Training Loss: 0.249 ACC: 82.59 CR: 0.49 Avg R1: 2.74 Avg R2: 1.66 Avg Reward: 4.405445
2026-05-17 05:00:09 [INFO] Epoch: 29 [25600/50000 (51%)]	 Training Loss: 0.245 ACC: 82.81 CR: 0.50 Avg R1: 2.75 Avg R2: 1.66 Avg Reward: 4.414173
2026-05-17 05:00:20 [INFO] Epoch: 29 [38400/50000 (77%)]	 Training Loss: 0.242 ACC: 83.09 CR: 0.50 Avg R1: 2.75 Avg R2: 1.67 Avg Reward: 4.418278
2026-05-17 05:00:29 [INFO] EPOCH:29, ======================CR:0.4962====================
2026-05-17 05:00:29 [INFO] 0.003417616888227041
2026-05-17 05:00:31 [INFO] EPOCH:29, ======================ACC:80.49====================
2026-05-17 05:00:31 [INFO] BEST EPOCH:26,BEST ACC:84.27
2026-05-17 05:00:41 [INFO] Epoch: 30 [12800/50000 (26%)]	 Training Loss: 0.240 ACC: 82.87 CR: 0.50 Avg R1: 2.76 Avg R2: 1.66 Avg Reward: 4.414298
2026-05-17 05:00:51 [INFO] Epoch: 30 [25600/50000 (51%)]	 Training Loss: 0.238 ACC: 83.32 CR: 0.50 Avg R1: 2.76 Avg R2: 1.66 Avg Reward: 4.414339
2026-05-17 05:01:01 [INFO] Epoch: 30 [38400/50000 (77%)]	 Training Loss: 0.237 ACC: 83.34 CR: 0.50 Avg R1: 2.76 Avg R2: 1.66 Avg Reward: 4.413609
2026-05-17 05:01:11 [INFO] EPOCH:30, ======================CR:0.4938====================
2026-05-17 05:01:11 [INFO] -0.0012974063282433401
2026-05-17 05:01:13 [INFO] EPOCH:30, ======================ACC:79.65====================
2026-05-17 05:01:13 [INFO] BEST EPOCH:26,BEST ACC:84.27
2026-05-17 05:01:23 [INFO] Epoch: 31 [12800/50000 (26%)]	 Training Loss: 0.249 ACC: 82.46 CR: 0.49 Avg R1: 2.74 Avg R2: 1.65 Avg Reward: 4.392503
2026-05-17 05:01:33 [INFO] Epoch: 31 [25600/50000 (51%)]	 Training Loss: 0.247 ACC: 82.57 CR: 0.50 Avg R1: 2.75 Avg R2: 1.65 Avg Reward: 4.400633
2026-05-17 05:01:43 [INFO] Epoch: 31 [38400/50000 (77%)]	 Training Loss: 0.244 ACC: 82.87 CR: 0.49 Avg R1: 2.75 Avg R2: 1.65 Avg Reward: 4.403650
2026-05-17 05:01:52 [INFO] EPOCH:31, ======================CR:0.49474====================
2026-05-17 05:01:52 [INFO] 0.0001320785314900974
2026-05-17 05:01:54 [INFO] EPOCH:31, ======================ACC:85.14====================
2026-05-17 05:01:54 [INFO] BEST EPOCH:31,BEST ACC:85.14
2026-05-17 05:02:04 [INFO] Epoch: 32 [12800/50000 (26%)]	 Training Loss: 0.239 ACC: 83.63 CR: 0.50 Avg R1: 2.75 Avg R2: 1.66 Avg Reward: 4.411089
2026-05-17 05:02:15 [INFO] Epoch: 32 [25600/50000 (51%)]	 Training Loss: 0.239 ACC: 83.62 CR: 0.50 Avg R1: 2.76 Avg R2: 1.66 Avg Reward: 4.417964
2026-05-17 05:02:25 [INFO] Epoch: 32 [38400/50000 (77%)]	 Training Loss: 0.240 ACC: 83.54 CR: 0.50 Avg R1: 2.76 Avg R2: 1.66 Avg Reward: 4.420808
2026-05-17 05:02:35 [INFO] EPOCH:32, ======================CR:0.50052====================
2026-05-17 05:02:35 [INFO] 0.005977236918354724
2026-05-17 05:02:37 [INFO] EPOCH:32, ======================ACC:82.52====================
2026-05-17 05:02:37 [INFO] BEST EPOCH:31,BEST ACC:85.14
2026-05-17 05:02:48 [INFO] Epoch: 33 [12800/50000 (26%)]	 Training Loss: 0.238 ACC: 83.51 CR: 0.50 Avg R1: 2.78 Avg R2: 1.67 Avg Reward: 4.446546
2026-05-17 05:02:58 [INFO] Epoch: 33 [25600/50000 (51%)]	 Training Loss: 0.235 ACC: 83.70 CR: 0.50 Avg R1: 2.78 Avg R2: 1.67 Avg Reward: 4.454208
2026-05-17 05:03:09 [INFO] Epoch: 33 [38400/50000 (77%)]	 Training Loss: 0.234 ACC: 83.87 CR: 0.51 Avg R1: 2.79 Avg R2: 1.67 Avg Reward: 4.462382
2026-05-17 05:03:17 [INFO] EPOCH:33, ======================CR:0.5103====================
2026-05-17 05:03:17 [INFO] -0.0015796428629322973
2026-05-17 05:03:19 [INFO] EPOCH:33, ======================ACC:82.59====================
2026-05-17 05:03:19 [INFO] BEST EPOCH:31,BEST ACC:85.14
2026-05-17 05:03:30 [INFO] Epoch: 34 [12800/50000 (26%)]	 Training Loss: 0.229 ACC: 84.41 CR: 0.51 Avg R1: 2.83 Avg R2: 1.68 Avg Reward: 4.518980
2026-05-17 05:03:40 [INFO] Epoch: 34 [25600/50000 (51%)]	 Training Loss: 0.229 ACC: 84.39 CR: 0.51 Avg R1: 2.83 Avg R2: 1.68 Avg Reward: 4.517081
2026-05-17 05:03:51 [INFO] Epoch: 34 [38400/50000 (77%)]	 Training Loss: 0.232 ACC: 84.05 CR: 0.51 Avg R1: 2.83 Avg R2: 1.68 Avg Reward: 4.514162
2026-05-17 05:04:00 [INFO] EPOCH:34, ======================CR:0.50708====================
2026-05-17 05:04:00 [INFO] 0.001167079953411129
2026-05-17 05:04:02 [INFO] EPOCH:34, ======================ACC:83.11====================
2026-05-17 05:04:02 [INFO] BEST EPOCH:31,BEST ACC:85.14
2026-05-17 05:04:12 [INFO] Epoch: 35 [12800/50000 (26%)]	 Training Loss: 0.233 ACC: 83.90 CR: 0.51 Avg R1: 2.82 Avg R2: 1.67 Avg Reward: 4.490046
2026-05-17 05:04:23 [INFO] Epoch: 35 [25600/50000 (51%)]	 Training Loss: 0.231 ACC: 84.18 CR: 0.51 Avg R1: 2.82 Avg R2: 1.67 Avg Reward: 4.484197
2026-05-17 05:04:32 [INFO] Epoch: 35 [38400/50000 (77%)]	 Training Loss: 0.231 ACC: 84.10 CR: 0.51 Avg R1: 2.81 Avg R2: 1.67 Avg Reward: 4.478834
2026-05-17 05:04:42 [INFO] EPOCH:35, ======================CR:0.50584====================
2026-05-17 05:04:42 [INFO] 0.004089695160211794
2026-05-17 05:04:44 [INFO] EPOCH:35, ======================ACC:87.39====================
2026-05-17 05:04:44 [INFO] BEST EPOCH:35,BEST ACC:87.39
2026-05-17 05:04:55 [INFO] Epoch: 36 [12800/50000 (26%)]	 Training Loss: 0.228 ACC: 84.42 CR: 0.50 Avg R1: 2.81 Avg R2: 1.66 Avg Reward: 4.462157
2026-05-17 05:05:05 [INFO] Epoch: 36 [25600/50000 (51%)]	 Training Loss: 0.227 ACC: 84.50 CR: 0.51 Avg R1: 2.81 Avg R2: 1.66 Avg Reward: 4.462689
2026-05-17 05:05:16 [INFO] Epoch: 36 [38400/50000 (77%)]	 Training Loss: 0.225 ACC: 84.59 CR: 0.51 Avg R1: 2.81 Avg R2: 1.66 Avg Reward: 4.462804
2026-05-17 05:05:25 [INFO] EPOCH:36, ======================CR:0.5092====================
2026-05-17 05:05:25 [INFO] -0.0058827065462935466
2026-05-17 05:05:27 [INFO] EPOCH:36, ======================ACC:83.84====================
2026-05-17 05:05:27 [INFO] BEST EPOCH:35,BEST ACC:87.39
2026-05-17 05:05:38 [INFO] Epoch: 37 [12800/50000 (26%)]	 Training Loss: 0.228 ACC: 85.05 CR: 0.51 Avg R1: 2.83 Avg R2: 1.66 Avg Reward: 4.488926
2026-05-17 05:05:49 [INFO] Epoch: 37 [25600/50000 (51%)]	 Training Loss: 0.231 ACC: 84.82 CR: 0.51 Avg R1: 2.83 Avg R2: 1.67 Avg Reward: 4.495358
2026-05-17 05:06:00 [INFO] Epoch: 37 [38400/50000 (77%)]	 Training Loss: 0.231 ACC: 84.70 CR: 0.52 Avg R1: 2.84 Avg R2: 1.67 Avg Reward: 4.507317
2026-05-17 05:06:10 [INFO] EPOCH:37, ======================CR:0.51854====================
2026-05-17 05:06:10 [INFO] -0.007237784914861321
2026-05-17 05:06:12 [INFO] EPOCH:37, ======================ACC:84.96====================
2026-05-17 05:06:12 [INFO] BEST EPOCH:35,BEST ACC:87.39
2026-05-17 05:06:22 [INFO] Epoch: 38 [12800/50000 (26%)]	 Training Loss: 0.224 ACC: 84.55 CR: 0.52 Avg R1: 2.88 Avg R2: 1.68 Avg Reward: 4.557569
2026-05-17 05:06:32 [INFO] Epoch: 38 [25600/50000 (51%)]	 Training Loss: 0.223 ACC: 84.82 CR: 0.52 Avg R1: 2.89 Avg R2: 1.68 Avg Reward: 4.568651
2026-05-17 05:06:43 [INFO] Epoch: 38 [38400/50000 (77%)]	 Training Loss: 0.225 ACC: 84.77 CR: 0.52 Avg R1: 2.90 Avg R2: 1.68 Avg Reward: 4.578896
2026-05-17 05:06:52 [INFO] EPOCH:38, ======================CR:0.52652====================
2026-05-17 05:06:52 [INFO] 0.0007337509485059171
2026-05-17 05:06:54 [INFO] EPOCH:38, ======================ACC:83.18====================
2026-05-17 05:06:54 [INFO] BEST EPOCH:35,BEST ACC:87.39
2026-05-17 05:07:06 [INFO] Epoch: 39 [12800/50000 (26%)]	 Training Loss: 0.235 ACC: 84.34 CR: 0.53 Avg R1: 2.95 Avg R2: 1.71 Avg Reward: 4.652407
2026-05-17 05:07:16 [INFO] Epoch: 39 [25600/50000 (51%)]	 Training Loss: 0.238 ACC: 84.51 CR: 0.54 Avg R1: 2.97 Avg R2: 1.71 Avg Reward: 4.684435
2026-05-17 05:07:26 [INFO] Epoch: 39 [38400/50000 (77%)]	 Training Loss: 0.240 ACC: 84.45 CR: 0.55 Avg R1: 2.99 Avg R2: 1.72 Avg Reward: 4.711571
2026-05-17 05:07:35 [INFO] EPOCH:39, ======================CR:0.55594====================
2026-05-17 05:07:35 [INFO] 0.00476569710906423
2026-05-17 05:07:37 [INFO] EPOCH:39, ======================ACC:86.19====================
2026-05-17 05:07:37 [INFO] BEST EPOCH:35,BEST ACC:87.39
2026-05-17 05:07:48 [INFO] Epoch: 40 [12800/50000 (26%)]	 Training Loss: 0.236 ACC: 85.12 CR: 0.56 Avg R1: 3.09 Avg R2: 1.77 Avg Reward: 4.857437
2026-05-17 05:07:59 [INFO] Epoch: 40 [25600/50000 (51%)]	 Training Loss: 0.232 ACC: 85.01 CR: 0.55 Avg R1: 3.09 Avg R2: 1.77 Avg Reward: 4.860326
2026-05-17 05:08:09 [INFO] Epoch: 40 [38400/50000 (77%)]	 Training Loss: 0.232 ACC: 85.02 CR: 0.56 Avg R1: 3.09 Avg R2: 1.77 Avg Reward: 4.854419
2026-05-17 05:08:18 [INFO] EPOCH:40, ======================CR:0.56576====================
2026-05-17 05:08:18 [INFO] 0.006909782139437218
2026-05-17 05:08:20 [INFO] EPOCH:40, ======================ACC:82.14====================
2026-05-17 05:08:20 [INFO] BEST EPOCH:35,BEST ACC:87.39
2026-05-17 05:08:30 [INFO] Epoch: 41 [12800/50000 (26%)]	 Training Loss: 0.251 ACC: 84.22 CR: 0.57 Avg R1: 3.17 Avg R2: 1.79 Avg Reward: 4.951023
2026-05-17 05:08:41 [INFO] Epoch: 41 [25600/50000 (51%)]	 Training Loss: 0.243 ACC: 84.88 CR: 0.58 Avg R1: 3.19 Avg R2: 1.79 Avg Reward: 4.985688
2026-05-17 05:08:50 [INFO] Epoch: 41 [38400/50000 (77%)]	 Training Loss: 0.243 ACC: 84.84 CR: 0.59 Avg R1: 3.21 Avg R2: 1.80 Avg Reward: 5.009838
2026-05-17 05:08:59 [INFO] EPOCH:41, ======================CR:0.58646====================
2026-05-17 05:08:59 [INFO] 0.012581961107630303
2026-05-17 05:09:01 [INFO] EPOCH:41, ======================ACC:86.83====================
2026-05-17 05:09:01 [INFO] BEST EPOCH:35,BEST ACC:87.39
2026-05-17 05:09:13 [INFO] Epoch: 42 [12800/50000 (26%)]	 Training Loss: 0.235 ACC: 85.61 CR: 0.59 Avg R1: 3.26 Avg R2: 1.82 Avg Reward: 5.086447
2026-05-17 05:09:24 [INFO] Epoch: 42 [25600/50000 (51%)]	 Training Loss: 0.234 ACC: 85.61 CR: 0.59 Avg R1: 3.27 Avg R2: 1.82 Avg Reward: 5.090298
2026-05-17 05:09:35 [INFO] Epoch: 42 [38400/50000 (77%)]	 Training Loss: 0.233 ACC: 85.47 CR: 0.58 Avg R1: 3.26 Avg R2: 1.82 Avg Reward: 5.082189
2026-05-17 05:09:44 [INFO] EPOCH:42, ======================CR:0.5798====================
2026-05-17 05:09:44 [INFO] 0.016622137308477263
2026-05-17 05:09:46 [INFO] EPOCH:42, ======================ACC:85.63====================
2026-05-17 05:09:46 [INFO] BEST EPOCH:35,BEST ACC:87.39
2026-05-17 05:09:57 [INFO] Epoch: 43 [12800/50000 (26%)]	 Training Loss: 0.231 ACC: 85.14 CR: 0.58 Avg R1: 3.21 Avg R2: 1.80 Avg Reward: 5.007372
2026-05-17 05:10:07 [INFO] Epoch: 43 [25600/50000 (51%)]	 Training Loss: 0.222 ACC: 85.67 CR: 0.57 Avg R1: 3.20 Avg R2: 1.79 Avg Reward: 4.998446
2026-05-17 05:10:18 [INFO] Epoch: 43 [38400/50000 (77%)]	 Training Loss: 0.226 ACC: 85.54 CR: 0.57 Avg R1: 3.20 Avg R2: 1.79 Avg Reward: 4.988453
2026-05-17 05:10:28 [INFO] EPOCH:43, ======================CR:0.561====================
2026-05-17 05:10:28 [INFO] 0.012652974601390584
2026-05-17 05:10:30 [INFO] EPOCH:43, ======================ACC:81.72====================
2026-05-17 05:10:30 [INFO] BEST EPOCH:35,BEST ACC:87.39
2026-05-17 05:10:40 [INFO] Epoch: 44 [12800/50000 (26%)]	 Training Loss: 0.219 ACC: 85.66 CR: 0.56 Avg R1: 3.10 Avg R2: 1.77 Avg Reward: 4.870336
2026-05-17 05:10:50 [INFO] Epoch: 44 [25600/50000 (51%)]	 Training Loss: 0.214 ACC: 85.67 CR: 0.55 Avg R1: 3.09 Avg R2: 1.76 Avg Reward: 4.849304
2026-05-17 05:11:00 [INFO] Epoch: 44 [38400/50000 (77%)]	 Training Loss: 0.217 ACC: 85.73 CR: 0.54 Avg R1: 3.07 Avg R2: 1.76 Avg Reward: 4.829718
2026-05-17 05:11:09 [INFO] EPOCH:44, ======================CR:0.53826====================
2026-05-17 05:11:09 [INFO] 0.006821872182766818
2026-05-17 05:11:11 [INFO] EPOCH:44, ======================ACC:86.05====================
2026-05-17 05:11:11 [INFO] BEST EPOCH:35,BEST ACC:87.39
2026-05-17 05:11:22 [INFO] Epoch: 45 [12800/50000 (26%)]	 Training Loss: 0.209 ACC: 86.18 CR: 0.54 Avg R1: 2.98 Avg R2: 1.72 Avg Reward: 4.705587
2026-05-17 05:11:32 [INFO] Epoch: 45 [25600/50000 (51%)]	 Training Loss: 0.210 ACC: 86.01 CR: 0.53 Avg R1: 2.98 Avg R2: 1.72 Avg Reward: 4.699744
2026-05-17 05:11:43 [INFO] Epoch: 45 [38400/50000 (77%)]	 Training Loss: 0.212 ACC: 85.92 CR: 0.53 Avg R1: 2.97 Avg R2: 1.72 Avg Reward: 4.688916
2026-05-17 05:11:52 [INFO] EPOCH:45, ======================CR:0.53338====================
2026-05-17 05:11:52 [INFO] 0.00903746921891539
2026-05-17 05:11:54 [INFO] EPOCH:45, ======================ACC:85.1====================
2026-05-17 05:11:54 [INFO] BEST EPOCH:35,BEST ACC:87.39
2026-05-17 05:12:04 [INFO] Epoch: 46 [12800/50000 (26%)]	 Training Loss: 0.224 ACC: 85.39 CR: 0.53 Avg R1: 2.96 Avg R2: 1.71 Avg Reward: 4.674752
2026-05-17 05:12:15 [INFO] Epoch: 46 [25600/50000 (51%)]	 Training Loss: 0.220 ACC: 85.67 CR: 0.54 Avg R1: 2.97 Avg R2: 1.71 Avg Reward: 4.682459
2026-05-17 05:12:25 [INFO] Epoch: 46 [38400/50000 (77%)]	 Training Loss: 0.223 ACC: 85.36 CR: 0.54 Avg R1: 2.98 Avg R2: 1.71 Avg Reward: 4.698676
2026-05-17 05:12:35 [INFO] EPOCH:46, ======================CR:0.5461====================
2026-05-17 05:12:35 [INFO] 0.019888202675228457
2026-05-17 05:12:37 [INFO] EPOCH:46, ======================ACC:86.29====================
2026-05-17 05:12:37 [INFO] BEST EPOCH:35,BEST ACC:87.39
2026-05-17 05:12:46 [INFO] Epoch: 47 [12800/50000 (26%)]	 Training Loss: 0.222 ACC: 85.63 CR: 0.55 Avg R1: 3.03 Avg R2: 1.72 Avg Reward: 4.752412
2026-05-17 05:12:57 [INFO] Epoch: 47 [25600/50000 (51%)]	 Training Loss: 0.218 ACC: 85.88 CR: 0.55 Avg R1: 3.05 Avg R2: 1.73 Avg Reward: 4.772070
2026-05-17 05:13:07 [INFO] Epoch: 47 [38400/50000 (77%)]	 Training Loss: 0.222 ACC: 85.86 CR: 0.56 Avg R1: 3.06 Avg R2: 1.73 Avg Reward: 4.794861
2026-05-17 05:13:16 [INFO] EPOCH:47, ======================CR:0.59014====================
2026-05-17 05:13:16 [INFO] 0.025875748983183306
2026-05-17 05:13:18 [INFO] EPOCH:47, ======================ACC:85.64====================
2026-05-17 05:13:18 [INFO] BEST EPOCH:35,BEST ACC:87.39
2026-05-17 05:13:28 [INFO] Epoch: 48 [12800/50000 (26%)]	 Training Loss: 0.276 ACC: 85.13 CR: 0.63 Avg R1: 3.37 Avg R2: 1.85 Avg Reward: 5.225443
2026-05-17 05:13:38 [INFO] Epoch: 48 [25600/50000 (51%)]	 Training Loss: 0.314 ACC: 84.52 CR: 0.71 Avg R1: 3.54 Avg R2: 1.92 Avg Reward: 5.456302
2026-05-17 05:13:48 [INFO] Epoch: 48 [38400/50000 (77%)]	 Training Loss: 0.338 ACC: 84.36 CR: 0.81 Avg R1: 3.76 Avg R2: 2.01 Avg Reward: 5.767830
2026-05-17 05:13:57 [INFO] EPOCH:48, ======================CR:0.9001====================
2026-05-17 05:13:57 [INFO] 0.023582539877339583
2026-05-17 05:13:59 [INFO] EPOCH:48, ======================ACC:79.05====================
2026-05-17 05:13:59 [INFO] BEST EPOCH:35,BEST ACC:87.39
2026-05-17 05:13:59 [INFO] Saving Masks: current CR 0.9001 target CR 0.9000
2026-05-17 05:13:59 [INFO] Updated candidate mask pretrained-rescale_mask_best-acc_90_05170440_resnet18 at epoch 48 with acc 79.0500
2026-05-17 05:13:59 [INFO] Updated candidate mask pretrained-rescale_mask_best-r2_90_05170440_resnet18 at epoch 48 with acc 79.0500
2026-05-17 05:14:10 [INFO] Epoch: 49 [12800/50000 (26%)]	 Training Loss: 0.436 ACC: 83.00 CR: 0.93 Avg R1: 4.35 Avg R2: 2.65 Avg Reward: 6.996983
2026-05-17 05:14:20 [INFO] Epoch: 49 [25600/50000 (51%)]	 Training Loss: 0.410 ACC: 83.78 CR: 0.94 Avg R1: 3.79 Avg R2: 2.69 Avg Reward: 6.481953
2026-05-17 05:14:30 [INFO] Epoch: 49 [38400/50000 (77%)]	 Training Loss: 0.405 ACC: 84.05 CR: 0.97 Avg R1: 3.27 Avg R2: 2.72 Avg Reward: 5.989321
2026-05-17 05:14:39 [INFO] EPOCH:49, ======================CR:0.98896====================
2026-05-17 05:14:39 [INFO] -0.008783273181065691
2026-05-17 05:14:41 [INFO] EPOCH:49, ======================ACC:85.87====================
2026-05-17 05:14:41 [INFO] BEST EPOCH:48,BEST ACC:87.39
2026-05-17 05:14:52 [INFO] Epoch: 50 [12800/50000 (26%)]	 Training Loss: 0.383 ACC: 85.40 CR: 0.99 Avg R1: 0.49 Avg R2: 2.95 Avg Reward: 3.433594
2026-05-17 05:15:02 [INFO] Epoch: 50 [25600/50000 (51%)]	 Training Loss: 0.398 ACC: 84.79 CR: 0.99 Avg R1: 0.42 Avg R2: 2.97 Avg Reward: 3.390217
2026-05-17 05:15:13 [INFO] Epoch: 50 [38400/50000 (77%)]	 Training Loss: 0.403 ACC: 84.77 CR: 1.00 Avg R1: 0.36 Avg R2: 2.99 Avg Reward: 3.342641
2026-05-17 05:15:23 [INFO] EPOCH:50, ======================CR:0.9995====================
2026-05-17 05:15:23 [INFO] -0.015070162013135381
2026-05-17 05:15:24 [INFO] EPOCH:50, ======================ACC:84.46====================
2026-05-17 05:15:24 [INFO] BEST EPOCH:48,BEST ACC:87.39
2026-05-17 05:15:35 [INFO] Epoch: 51 [12800/50000 (26%)]	 Training Loss: 0.402 ACC: 85.26 CR: 1.00 Avg R1: 0.02 Avg R2: 3.09 Avg Reward: 3.113527
2026-05-17 05:15:45 [INFO] Epoch: 51 [25600/50000 (51%)]	 Training Loss: 0.394 ACC: 85.43 CR: 1.00 Avg R1: 0.02 Avg R2: 3.09 Avg Reward: 3.113738
2026-05-17 05:15:56 [INFO] Epoch: 51 [38400/50000 (77%)]	 Training Loss: 0.390 ACC: 85.64 CR: 1.00 Avg R1: 0.02 Avg R2: 3.10 Avg Reward: 3.113629
2026-05-17 05:16:06 [INFO] EPOCH:51, ======================CR:0.99988====================
2026-05-17 05:16:06 [INFO] -0.018637713283339973
2026-05-17 05:16:08 [INFO] EPOCH:51, ======================ACC:87.38====================
2026-05-17 05:16:08 [INFO] BEST EPOCH:48,BEST ACC:87.39
2026-05-17 05:16:18 [INFO] Epoch: 52 [12800/50000 (26%)]	 Training Loss: 0.362 ACC: 86.36 CR: 1.00 Avg R1: 0.00 Avg R2: 3.11 Avg Reward: 3.119303
2026-05-17 05:16:28 [INFO] Epoch: 52 [25600/50000 (51%)]	 Training Loss: 0.365 ACC: 86.31 CR: 1.00 Avg R1: 0.00 Avg R2: 3.11 Avg Reward: 3.118358
2026-05-17 05:16:39 [INFO] Epoch: 52 [38400/50000 (77%)]	 Training Loss: 0.369 ACC: 86.14 CR: 1.00 Avg R1: 0.00 Avg R2: 3.11 Avg Reward: 3.117008
2026-05-17 05:16:49 [INFO] EPOCH:52, ======================CR:0.99992====================
2026-05-17 05:16:49 [INFO] -0.021392248488992214
2026-05-17 05:16:51 [INFO] EPOCH:52, ======================ACC:86.71====================
2026-05-17 05:16:51 [INFO] BEST EPOCH:48,BEST ACC:87.39
2026-05-17 05:17:01 [INFO] Epoch: 53 [12800/50000 (26%)]	 Training Loss: 0.365 ACC: 86.31 CR: 1.00 Avg R1: 0.00 Avg R2: 3.13 Avg Reward: 3.130425
2026-05-17 05:17:10 [INFO] Epoch: 53 [25600/50000 (51%)]	 Training Loss: 0.367 ACC: 86.41 CR: 1.00 Avg R1: 0.00 Avg R2: 3.13 Avg Reward: 3.131157
2026-05-17 05:17:21 [INFO] Epoch: 53 [38400/50000 (77%)]	 Training Loss: 0.365 ACC: 86.47 CR: 1.00 Avg R1: 0.01 Avg R2: 3.13 Avg Reward: 3.131356
2026-05-17 05:17:31 [INFO] EPOCH:53, ======================CR:0.99982====================
2026-05-17 05:17:31 [INFO] -0.019129109919590315
2026-05-17 05:17:32 [INFO] EPOCH:53, ======================ACC:86.03====================
2026-05-17 05:17:32 [INFO] BEST EPOCH:48,BEST ACC:87.39
2026-05-17 05:17:44 [INFO] Epoch: 54 [12800/50000 (26%)]	 Training Loss: 0.335 ACC: 87.73 CR: 1.00 Avg R1: 0.01 Avg R2: 3.12 Avg Reward: 3.129413
2026-05-17 05:17:54 [INFO] Epoch: 54 [25600/50000 (51%)]	 Training Loss: 0.345 ACC: 87.14 CR: 1.00 Avg R1: 0.01 Avg R2: 3.12 Avg Reward: 3.129716
2026-05-17 05:18:05 [INFO] Epoch: 54 [38400/50000 (77%)]	 Training Loss: 0.349 ACC: 86.86 CR: 1.00 Avg R1: 0.02 Avg R2: 3.11 Avg Reward: 3.128880
2026-05-17 05:18:14 [INFO] EPOCH:54, ======================CR:0.99944====================
2026-05-17 05:18:14 [INFO] -0.008136335674245463
2026-05-17 05:18:16 [INFO] EPOCH:54, ======================ACC:88.4====================
2026-05-17 05:18:16 [INFO] BEST EPOCH:54,BEST ACC:88.4
2026-05-17 05:18:27 [INFO] Epoch: 55 [12800/50000 (26%)]	 Training Loss: 0.341 ACC: 87.03 CR: 1.00 Avg R1: 0.03 Avg R2: 3.09 Avg Reward: 3.117258
2026-05-17 05:18:37 [INFO] Epoch: 55 [25600/50000 (51%)]	 Training Loss: 0.340 ACC: 87.15 CR: 1.00 Avg R1: 0.03 Avg R2: 3.09 Avg Reward: 3.117242
2026-05-17 05:18:48 [INFO] Epoch: 55 [38400/50000 (77%)]	 Training Loss: 0.340 ACC: 87.20 CR: 1.00 Avg R1: 0.03 Avg R2: 3.09 Avg Reward: 3.118145
2026-05-17 05:18:57 [INFO] EPOCH:55, ======================CR:0.99944====================
2026-05-17 05:18:57 [INFO] -0.005975772720635232
2026-05-17 05:18:59 [INFO] EPOCH:55, ======================ACC:85.79====================
2026-05-17 05:18:59 [INFO] BEST EPOCH:54,BEST ACC:88.4
2026-05-17 05:19:08 [INFO] Epoch: 56 [12800/50000 (26%)]	 Training Loss: 0.350 ACC: 87.01 CR: 1.00 Avg R1: 0.03 Avg R2: 3.08 Avg Reward: 3.112349
2026-05-17 05:19:17 [INFO] Epoch: 56 [25600/50000 (51%)]	 Training Loss: 0.336 ACC: 87.53 CR: 1.00 Avg R1: 0.03 Avg R2: 3.09 Avg Reward: 3.112842
2026-05-17 05:19:26 [INFO] Epoch: 56 [38400/50000 (77%)]	 Training Loss: 0.341 ACC: 87.25 CR: 1.00 Avg R1: 0.03 Avg R2: 3.09 Avg Reward: 3.114071
2026-05-17 05:19:34 [INFO] EPOCH:56, ======================CR:0.99954====================
2026-05-17 05:19:34 [INFO] -0.01691263454087766
2026-05-17 05:19:36 [INFO] EPOCH:56, ======================ACC:86.45====================
2026-05-17 05:19:36 [INFO] BEST EPOCH:54,BEST ACC:88.4
2026-05-17 05:19:46 [INFO] Epoch: 57 [12800/50000 (26%)]	 Training Loss: 0.343 ACC: 87.07 CR: 1.00 Avg R1: 0.02 Avg R2: 3.08 Avg Reward: 3.105074
2026-05-17 05:19:55 [INFO] Epoch: 57 [25600/50000 (51%)]	 Training Loss: 0.335 ACC: 87.56 CR: 1.00 Avg R1: 0.02 Avg R2: 3.08 Avg Reward: 3.103954
2026-05-17 05:20:04 [INFO] Epoch: 57 [38400/50000 (77%)]	 Training Loss: 0.330 ACC: 87.64 CR: 1.00 Avg R1: 0.02 Avg R2: 3.08 Avg Reward: 3.102042
2026-05-17 05:20:12 [INFO] EPOCH:57, ======================CR:0.99982====================
2026-05-17 05:20:12 [INFO] -0.010104361463543068
2026-05-17 05:20:14 [INFO] EPOCH:57, ======================ACC:80.08====================
2026-05-17 05:20:14 [INFO] BEST EPOCH:54,BEST ACC:88.4
2026-05-17 05:20:23 [INFO] Epoch: 58 [12800/50000 (26%)]	 Training Loss: 0.334 ACC: 87.60 CR: 1.00 Avg R1: 0.01 Avg R2: 3.08 Avg Reward: 3.091899
2026-05-17 05:20:33 [INFO] Epoch: 58 [25600/50000 (51%)]	 Training Loss: 0.332 ACC: 87.65 CR: 1.00 Avg R1: 0.01 Avg R2: 3.08 Avg Reward: 3.093234
2026-05-17 05:20:42 [INFO] Epoch: 58 [38400/50000 (77%)]	 Training Loss: 0.330 ACC: 87.71 CR: 1.00 Avg R1: 0.01 Avg R2: 3.08 Avg Reward: 3.093809
2026-05-17 05:20:50 [INFO] EPOCH:58, ======================CR:0.99964====================
2026-05-17 05:20:50 [INFO] -0.010677008313744527
2026-05-17 05:20:52 [INFO] EPOCH:58, ======================ACC:85.5====================
2026-05-17 05:20:52 [INFO] BEST EPOCH:54,BEST ACC:88.4
2026-05-17 05:21:01 [INFO] Epoch: 59 [12800/50000 (26%)]	 Training Loss: 0.338 ACC: 87.16 CR: 1.00 Avg R1: 0.02 Avg R2: 3.08 Avg Reward: 3.095332
2026-05-17 05:21:11 [INFO] Epoch: 59 [25600/50000 (51%)]	 Training Loss: 0.345 ACC: 86.93 CR: 1.00 Avg R1: 0.02 Avg R2: 3.08 Avg Reward: 3.097467
2026-05-17 05:21:20 [INFO] Epoch: 59 [38400/50000 (77%)]	 Training Loss: 0.339 ACC: 87.16 CR: 1.00 Avg R1: 0.02 Avg R2: 3.08 Avg Reward: 3.098320
2026-05-17 05:21:29 [INFO] EPOCH:59, ======================CR:0.99978====================
2026-05-17 05:21:29 [INFO] -0.0021430236520018626
2026-05-17 05:21:31 [INFO] EPOCH:59, ======================ACC:88.45====================
2026-05-17 05:21:31 [INFO] BEST EPOCH:59,BEST ACC:88.45
2026-05-17 05:21:40 [INFO] Epoch: 60 [12800/50000 (26%)]	 Training Loss: 0.320 ACC: 88.20 CR: 1.00 Avg R1: 0.01 Avg R2: 3.08 Avg Reward: 3.096273
2026-05-17 05:21:48 [INFO] Epoch: 60 [25600/50000 (51%)]	 Training Loss: 0.319 ACC: 88.07 CR: 1.00 Avg R1: 0.01 Avg R2: 3.08 Avg Reward: 3.096280
2026-05-17 05:21:57 [INFO] Epoch: 60 [38400/50000 (77%)]	 Training Loss: 0.318 ACC: 88.16 CR: 1.00 Avg R1: 0.01 Avg R2: 3.08 Avg Reward: 3.095777
2026-05-17 05:22:04 [INFO] EPOCH:60, ======================CR:0.99974====================
2026-05-17 05:22:04 [INFO] -0.009921275326962372
2026-05-17 05:22:06 [INFO] EPOCH:60, ======================ACC:86.2====================
2026-05-17 05:22:06 [INFO] BEST EPOCH:59,BEST ACC:88.45
2026-05-17 05:22:16 [INFO] Epoch: 61 [12800/50000 (26%)]	 Training Loss: 0.316 ACC: 88.31 CR: 1.00 Avg R1: 0.01 Avg R2: 3.09 Avg Reward: 3.103701
2026-05-17 05:22:25 [INFO] Epoch: 61 [25600/50000 (51%)]	 Training Loss: 0.309 ACC: 88.37 CR: 1.00 Avg R1: 0.02 Avg R2: 3.09 Avg Reward: 3.104250
2026-05-17 05:22:34 [INFO] Epoch: 61 [38400/50000 (77%)]	 Training Loss: 0.316 ACC: 88.08 CR: 1.00 Avg R1: 0.02 Avg R2: 3.08 Avg Reward: 3.102721
2026-05-17 05:22:42 [INFO] EPOCH:61, ======================CR:0.99962====================
2026-05-17 05:22:42 [INFO] 0.0012880285689958872
2026-05-17 05:22:44 [INFO] EPOCH:61, ======================ACC:87.71====================
2026-05-17 05:22:44 [INFO] BEST EPOCH:59,BEST ACC:88.45
2026-05-17 05:22:53 [INFO] Epoch: 62 [12800/50000 (26%)]	 Training Loss: 0.294 ACC: 89.01 CR: 1.00 Avg R1: 0.02 Avg R2: 3.08 Avg Reward: 3.097456
2026-05-17 05:23:02 [INFO] Epoch: 62 [25600/50000 (51%)]	 Training Loss: 0.304 ACC: 88.56 CR: 1.00 Avg R1: 0.02 Avg R2: 3.08 Avg Reward: 3.097030
2026-05-17 05:23:11 [INFO] Epoch: 62 [38400/50000 (77%)]	 Training Loss: 0.308 ACC: 88.49 CR: 1.00 Avg R1: 0.02 Avg R2: 3.08 Avg Reward: 3.097091
2026-05-17 05:23:19 [INFO] EPOCH:62, ======================CR:0.99966====================
2026-05-17 05:23:19 [INFO] -0.0025131881129792
2026-05-17 05:23:21 [INFO] EPOCH:62, ======================ACC:88.1====================
2026-05-17 05:23:21 [INFO] BEST EPOCH:59,BEST ACC:88.45
2026-05-17 05:23:30 [INFO] Epoch: 63 [12800/50000 (26%)]	 Training Loss: 0.311 ACC: 88.52 CR: 1.00 Avg R1: 0.02 Avg R2: 3.07 Avg Reward: 3.096033
2026-05-17 05:23:39 [INFO] Epoch: 63 [25600/50000 (51%)]	 Training Loss: 0.309 ACC: 88.57 CR: 1.00 Avg R1: 0.02 Avg R2: 3.07 Avg Reward: 3.097479
2026-05-17 05:23:48 [INFO] Epoch: 63 [38400/50000 (77%)]	 Training Loss: 0.310 ACC: 88.47 CR: 1.00 Avg R1: 0.03 Avg R2: 3.07 Avg Reward: 3.097220
2026-05-17 05:23:56 [INFO] EPOCH:63, ======================CR:0.99942====================
2026-05-17 05:23:56 [INFO] -0.011962112339692394
2026-05-17 05:23:58 [INFO] EPOCH:63, ======================ACC:88.42====================
2026-05-17 05:23:58 [INFO] BEST EPOCH:59,BEST ACC:88.45
2026-05-17 05:24:08 [INFO] Epoch: 64 [12800/50000 (26%)]	 Training Loss: 0.304 ACC: 88.82 CR: 1.00 Avg R1: 0.02 Avg R2: 3.09 Avg Reward: 3.114189
2026-05-17 05:24:17 [INFO] Epoch: 64 [25600/50000 (51%)]	 Training Loss: 0.307 ACC: 88.80 CR: 1.00 Avg R1: 0.02 Avg R2: 3.09 Avg Reward: 3.115857
2026-05-17 05:24:27 [INFO] Epoch: 64 [38400/50000 (77%)]	 Training Loss: 0.309 ACC: 88.69 CR: 1.00 Avg R1: 0.02 Avg R2: 3.10 Avg Reward: 3.118108
2026-05-17 05:24:35 [INFO] EPOCH:64, ======================CR:0.99988====================
2026-05-17 05:24:35 [INFO] -0.01691115363839335
2026-05-17 05:24:37 [INFO] EPOCH:64, ======================ACC:88.01====================
2026-05-17 05:24:37 [INFO] BEST EPOCH:59,BEST ACC:88.45
2026-05-17 05:24:46 [INFO] Epoch: 65 [12800/50000 (26%)]	 Training Loss: 0.305 ACC: 88.66 CR: 1.00 Avg R1: 0.01 Avg R2: 3.12 Avg Reward: 3.126857
2026-05-17 05:24:55 [INFO] Epoch: 65 [25600/50000 (51%)]	 Training Loss: 0.305 ACC: 88.74 CR: 1.00 Avg R1: 0.01 Avg R2: 3.12 Avg Reward: 3.127720
2026-05-17 05:25:04 [INFO] Epoch: 65 [38400/50000 (77%)]	 Training Loss: 0.305 ACC: 88.59 CR: 1.00 Avg R1: 0.00 Avg R2: 3.12 Avg Reward: 3.127177
2026-05-17 05:25:13 [INFO] EPOCH:65, ======================CR:0.99996====================
2026-05-17 05:25:13 [INFO] -0.0028114271583478396
2026-05-17 05:25:14 [INFO] EPOCH:65, ======================ACC:87.65====================
2026-05-17 05:25:14 [INFO] BEST EPOCH:59,BEST ACC:88.45
2026-05-17 05:25:24 [INFO] Epoch: 66 [12800/50000 (26%)]	 Training Loss: 0.306 ACC: 88.56 CR: 1.00 Avg R1: 0.00 Avg R2: 3.11 Avg Reward: 3.116964
2026-05-17 05:25:33 [INFO] Epoch: 66 [25600/50000 (51%)]	 Training Loss: 0.310 ACC: 88.43 CR: 1.00 Avg R1: 0.00 Avg R2: 3.11 Avg Reward: 3.113568
2026-05-17 05:25:42 [INFO] Epoch: 66 [38400/50000 (77%)]	 Training Loss: 0.309 ACC: 88.34 CR: 1.00 Avg R1: 0.00 Avg R2: 3.11 Avg Reward: 3.110675
2026-05-17 05:25:51 [INFO] EPOCH:66, ======================CR:0.99982====================
2026-05-17 05:25:51 [INFO] -0.010399249186345147
2026-05-17 05:25:53 [INFO] EPOCH:66, ======================ACC:87.02====================
2026-05-17 05:25:53 [INFO] BEST EPOCH:59,BEST ACC:88.45
2026-05-17 05:26:03 [INFO] Epoch: 67 [12800/50000 (26%)]	 Training Loss: 0.293 ACC: 88.77 CR: 1.00 Avg R1: 0.01 Avg R2: 3.08 Avg Reward: 3.093621
2026-05-17 05:26:11 [INFO] Epoch: 67 [25600/50000 (51%)]	 Training Loss: 0.305 ACC: 88.43 CR: 1.00 Avg R1: 0.01 Avg R2: 3.08 Avg Reward: 3.091362
2026-05-17 05:26:19 [INFO] Epoch: 67 [38400/50000 (77%)]	 Training Loss: 0.301 ACC: 88.59 CR: 1.00 Avg R1: 0.01 Avg R2: 3.08 Avg Reward: 3.088893
2026-05-17 05:26:27 [INFO] EPOCH:67, ======================CR:0.99964====================
2026-05-17 05:26:27 [INFO] -0.009550590353874833
2026-05-17 05:26:30 [INFO] EPOCH:67, ======================ACC:88.85====================
2026-05-17 05:26:30 [INFO] BEST EPOCH:67,BEST ACC:88.85
2026-05-17 05:26:39 [INFO] Epoch: 68 [12800/50000 (26%)]	 Training Loss: 0.279 ACC: 89.38 CR: 1.00 Avg R1: 0.02 Avg R2: 3.06 Avg Reward: 3.073552
2026-05-17 05:26:48 [INFO] Epoch: 68 [25600/50000 (51%)]	 Training Loss: 0.280 ACC: 89.39 CR: 1.00 Avg R1: 0.02 Avg R2: 3.05 Avg Reward: 3.069933
2026-05-17 05:26:56 [INFO] Epoch: 68 [38400/50000 (77%)]	 Training Loss: 0.286 ACC: 89.12 CR: 1.00 Avg R1: 0.02 Avg R2: 3.05 Avg Reward: 3.067410
2026-05-17 05:27:04 [INFO] EPOCH:68, ======================CR:0.9994====================
2026-05-17 05:27:04 [INFO] 0.0027677714353839277
2026-05-17 05:27:06 [INFO] EPOCH:68, ======================ACC:88.05====================
2026-05-17 05:27:06 [INFO] BEST EPOCH:67,BEST ACC:88.85
2026-05-17 05:27:15 [INFO] Epoch: 69 [12800/50000 (26%)]	 Training Loss: 0.290 ACC: 89.16 CR: 1.00 Avg R1: 0.03 Avg R2: 3.04 Avg Reward: 3.065874
2026-05-17 05:27:23 [INFO] Epoch: 69 [25600/50000 (51%)]	 Training Loss: 0.287 ACC: 89.19 CR: 1.00 Avg R1: 0.03 Avg R2: 3.03 Avg Reward: 3.068375
2026-05-17 05:27:31 [INFO] Epoch: 69 [38400/50000 (77%)]	 Training Loss: 0.290 ACC: 88.96 CR: 1.00 Avg R1: 0.04 Avg R2: 3.03 Avg Reward: 3.069115
2026-05-17 05:27:43 [INFO] EPOCH:69, ======================CR:0.99866====================
2026-05-17 05:27:43 [INFO] -0.01328755092631535
2026-05-17 05:27:45 [INFO] EPOCH:69, ======================ACC:89.52====================
2026-05-17 05:27:45 [INFO] BEST EPOCH:69,BEST ACC:89.52
2026-05-17 05:27:55 [INFO] Epoch: 70 [12800/50000 (26%)]	 Training Loss: 0.277 ACC: 88.88 CR: 1.00 Avg R1: 0.09 Avg R2: 3.01 Avg Reward: 3.095423
2026-05-17 05:28:05 [INFO] Epoch: 70 [25600/50000 (51%)]	 Training Loss: 0.276 ACC: 89.05 CR: 1.00 Avg R1: 0.11 Avg R2: 3.00 Avg Reward: 3.112567
2026-05-17 05:28:17 [INFO] Epoch: 70 [38400/50000 (77%)]	 Training Loss: 0.278 ACC: 89.06 CR: 1.00 Avg R1: 0.14 Avg R2: 2.99 Avg Reward: 3.126958
2026-05-17 05:28:26 [INFO] EPOCH:70, ======================CR:0.99516====================
2026-05-17 05:28:26 [INFO] -0.02399254561331742
2026-05-17 05:28:28 [INFO] EPOCH:70, ======================ACC:88.3====================
2026-05-17 05:28:28 [INFO] BEST EPOCH:69,BEST ACC:89.52
2026-05-17 05:28:39 [INFO] Epoch: 71 [12800/50000 (26%)]	 Training Loss: 0.260 ACC: 89.69 CR: 0.99 Avg R1: 0.25 Avg R2: 2.93 Avg Reward: 3.187053
2026-05-17 05:28:51 [INFO] Epoch: 71 [25600/50000 (51%)]	 Training Loss: 0.263 ACC: 89.42 CR: 0.99 Avg R1: 0.33 Avg R2: 2.93 Avg Reward: 3.261885
2026-05-17 05:29:00 [INFO] Epoch: 71 [38400/50000 (77%)]	 Training Loss: 0.266 ACC: 89.34 CR: 0.98 Avg R1: 0.43 Avg R2: 2.92 Avg Reward: 3.355946
2026-05-17 05:29:11 [INFO] EPOCH:71, ======================CR:0.97538====================
2026-05-17 05:29:11 [INFO] -0.07168343582687677
2026-05-17 05:29:14 [INFO] EPOCH:71, ======================ACC:91.25====================
2026-05-17 05:29:14 [INFO] BEST EPOCH:71,BEST ACC:91.25
2026-05-17 05:29:28 [INFO] Epoch: 72 [12800/50000 (26%)]	 Training Loss: 0.211 ACC: 89.80 CR: 0.95 Avg R1: 1.89 Avg R2: 2.82 Avg Reward: 4.704319
2026-05-17 05:29:39 [INFO] Epoch: 72 [25600/50000 (51%)]	 Training Loss: 0.207 ACC: 89.52 CR: 0.91 Avg R1: 2.72 Avg R2: 2.76 Avg Reward: 5.484685
2026-05-17 05:29:49 [INFO] Epoch: 72 [38400/50000 (77%)]	 Training Loss: 0.196 ACC: 89.84 CR: 0.86 Avg R1: 3.44 Avg R2: 2.69 Avg Reward: 6.128821
2026-05-17 05:29:58 [INFO] EPOCH:72, ======================CR:0.8146====================
2026-05-17 05:29:58 [INFO] -0.12025382352514699
2026-05-17 05:30:00 [INFO] EPOCH:72, ======================ACC:90.93====================
2026-05-17 05:30:00 [INFO] BEST EPOCH:71,BEST ACC:91.25
2026-05-17 05:30:14 [INFO] Epoch: 73 [12800/50000 (26%)]	 Training Loss: 0.185 ACC: 90.52 CR: 0.82 Avg R1: 4.53 Avg R2: 2.32 Avg Reward: 6.848014
2026-05-17 05:30:24 [INFO] Epoch: 73 [25600/50000 (51%)]	 Training Loss: 0.189 ACC: 90.50 CR: 0.83 Avg R1: 4.56 Avg R2: 2.33 Avg Reward: 6.882663
2026-05-17 05:30:35 [INFO] Epoch: 73 [38400/50000 (77%)]	 Training Loss: 0.191 ACC: 90.27 CR: 0.83 Avg R1: 4.57 Avg R2: 2.33 Avg Reward: 6.906908
2026-05-17 05:30:45 [INFO] EPOCH:73, ======================CR:0.8345====================
2026-05-17 05:30:45 [INFO] -0.12824563234054254
2026-05-17 05:30:47 [INFO] EPOCH:73, ======================ACC:90.24====================
2026-05-17 05:30:47 [INFO] BEST EPOCH:71,BEST ACC:91.25
2026-05-17 05:30:58 [INFO] Epoch: 74 [12800/50000 (26%)]	 Training Loss: 0.174 ACC: 90.62 CR: 0.83 Avg R1: 4.62 Avg R2: 2.32 Avg Reward: 6.944154
2026-05-17 05:31:11 [INFO] Epoch: 74 [25600/50000 (51%)]	 Training Loss: 0.178 ACC: 90.32 CR: 0.81 Avg R1: 4.59 Avg R2: 2.31 Avg Reward: 6.895967
2026-05-17 05:31:24 [INFO] Epoch: 74 [38400/50000 (77%)]	 Training Loss: 0.178 ACC: 90.41 CR: 0.81 Avg R1: 4.56 Avg R2: 2.29 Avg Reward: 6.849436
2026-05-17 05:31:33 [INFO] EPOCH:74, ======================CR:0.8033====================
2026-05-17 05:31:33 [INFO] -0.13389654373417043
2026-05-17 05:31:35 [INFO] EPOCH:74, ======================ACC:90.04====================
2026-05-17 05:31:35 [INFO] BEST EPOCH:71,BEST ACC:91.25
2026-05-17 05:31:46 [INFO] Epoch: 75 [12800/50000 (26%)]	 Training Loss: 0.184 ACC: 90.59 CR: 0.81 Avg R1: 4.47 Avg R2: 2.24 Avg Reward: 6.719025
2026-05-17 05:31:58 [INFO] Epoch: 75 [25600/50000 (51%)]	 Training Loss: 0.187 ACC: 90.32 CR: 0.82 Avg R1: 4.49 Avg R2: 2.25 Avg Reward: 6.747329
2026-05-17 05:32:09 [INFO] Epoch: 75 [38400/50000 (77%)]	 Training Loss: 0.193 ACC: 90.08 CR: 0.82 Avg R1: 4.52 Avg R2: 2.26 Avg Reward: 6.778851
2026-05-17 05:32:21 [INFO] EPOCH:75, ======================CR:0.83424====================
2026-05-17 05:32:21 [INFO] -0.12334242953770357
2026-05-17 05:32:23 [INFO] EPOCH:75, ======================ACC:89.13====================
2026-05-17 05:32:23 [INFO] BEST EPOCH:71,BEST ACC:91.25
2026-05-17 05:32:33 [INFO] Epoch: 76 [12800/50000 (26%)]	 Training Loss: 0.211 ACC: 89.80 CR: 0.84 Avg R1: 4.65 Avg R2: 2.34 Avg Reward: 6.991186
2026-05-17 05:32:43 [INFO] Epoch: 76 [25600/50000 (51%)]	 Training Loss: 0.204 ACC: 90.03 CR: 0.84 Avg R1: 4.65 Avg R2: 2.35 Avg Reward: 7.001628
2026-05-17 05:32:54 [INFO] Epoch: 76 [38400/50000 (77%)]	 Training Loss: 0.201 ACC: 89.89 CR: 0.84 Avg R1: 4.66 Avg R2: 2.35 Avg Reward: 7.004364
2026-05-17 05:33:04 [INFO] EPOCH:76, ======================CR:0.83606====================
2026-05-17 05:33:04 [INFO] -0.13161172963922652
2026-05-17 05:33:06 [INFO] EPOCH:76, ======================ACC:89.45====================
2026-05-17 05:33:06 [INFO] BEST EPOCH:71,BEST ACC:91.25
2026-05-17 05:33:18 [INFO] Epoch: 77 [12800/50000 (26%)]	 Training Loss: 0.209 ACC: 89.67 CR: 0.84 Avg R1: 4.66 Avg R2: 2.34 Avg Reward: 7.000904
2026-05-17 05:33:28 [INFO] Epoch: 77 [25600/50000 (51%)]	 Training Loss: 0.201 ACC: 89.99 CR: 0.84 Avg R1: 4.67 Avg R2: 2.34 Avg Reward: 7.017375
2026-05-17 05:33:38 [INFO] Epoch: 77 [38400/50000 (77%)]	 Training Loss: 0.201 ACC: 89.96 CR: 0.84 Avg R1: 4.68 Avg R2: 2.35 Avg Reward: 7.022159
2026-05-17 05:33:50 [INFO] EPOCH:77, ======================CR:0.84224====================
2026-05-17 05:33:50 [INFO] -0.127490924268783
2026-05-17 05:33:52 [INFO] EPOCH:77, ======================ACC:89.59====================
2026-05-17 05:33:52 [INFO] BEST EPOCH:71,BEST ACC:91.25
2026-05-17 05:34:09 [INFO] Epoch: 78 [12800/50000 (26%)]	 Training Loss: 0.204 ACC: 89.59 CR: 0.84 Avg R1: 4.66 Avg R2: 2.34 Avg Reward: 7.005960
2026-05-17 05:34:25 [INFO] Epoch: 78 [25600/50000 (51%)]	 Training Loss: 0.204 ACC: 89.74 CR: 0.84 Avg R1: 4.66 Avg R2: 2.34 Avg Reward: 6.999898
2026-05-17 05:34:43 [INFO] Epoch: 78 [38400/50000 (77%)]	 Training Loss: 0.210 ACC: 89.61 CR: 0.85 Avg R1: 4.68 Avg R2: 2.35 Avg Reward: 7.024737
2026-05-17 05:34:57 [INFO] EPOCH:78, ======================CR:0.86316====================
2026-05-17 05:34:57 [INFO] -0.11341740812458645
2026-05-17 05:34:59 [INFO] EPOCH:78, ======================ACC:88.9====================
2026-05-17 05:34:59 [INFO] BEST EPOCH:71,BEST ACC:91.25
2026-05-17 05:35:16 [INFO] Epoch: 79 [12800/50000 (26%)]	 Training Loss: 0.223 ACC: 89.54 CR: 0.87 Avg R1: 4.83 Avg R2: 2.42 Avg Reward: 7.247950
2026-05-17 05:35:32 [INFO] Epoch: 79 [25600/50000 (51%)]	 Training Loss: 0.222 ACC: 89.70 CR: 0.89 Avg R1: 4.86 Avg R2: 2.44 Avg Reward: 7.293568
2026-05-17 05:35:47 [INFO] Epoch: 79 [38400/50000 (77%)]	 Training Loss: 0.221 ACC: 89.49 CR: 0.89 Avg R1: 4.88 Avg R2: 2.44 Avg Reward: 7.325078
2026-05-17 05:36:03 [INFO] EPOCH:79, ======================CR:0.89158====================
2026-05-17 05:36:03 [INFO] -0.13144083338627188
2026-05-17 05:36:05 [INFO] EPOCH:79, ======================ACC:88.49====================
2026-05-17 05:36:05 [INFO] BEST EPOCH:71,BEST ACC:91.25
2026-05-17 05:36:05 [INFO] Saving Masks: current CR 0.8916 target CR 0.9000
2026-05-17 05:36:05 [INFO] Updated candidate mask pretrained-rescale_mask_best-acc_90_05170440_resnet18 at epoch 79 with acc 88.4900
2026-05-17 05:36:05 [INFO] Updated candidate mask pretrained-rescale_mask_best-r2_90_05170440_resnet18 at epoch 79 with acc 88.4900
2026-05-17 05:36:23 [INFO] Epoch: 80 [12800/50000 (26%)]	 Training Loss: 0.210 ACC: 89.95 CR: 0.89 Avg R1: 4.95 Avg R2: 2.47 Avg Reward: 7.411166
2026-05-17 05:36:39 [INFO] Epoch: 80 [25600/50000 (51%)]	 Training Loss: 0.208 ACC: 89.96 CR: 0.88 Avg R1: 4.93 Avg R2: 2.46 Avg Reward: 7.387758
2026-05-17 05:36:56 [INFO] Epoch: 80 [38400/50000 (77%)]	 Training Loss: 0.209 ACC: 89.84 CR: 0.88 Avg R1: 4.92 Avg R2: 2.45 Avg Reward: 7.366629
2026-05-17 05:37:12 [INFO] EPOCH:80, ======================CR:0.87768====================
2026-05-17 05:37:12 [INFO] -0.09972501164055658
2026-05-17 05:37:14 [INFO] EPOCH:80, ======================ACC:88.26====================
2026-05-17 05:37:14 [INFO] BEST EPOCH:79,BEST ACC:91.25
2026-05-17 05:37:32 [INFO] Epoch: 81 [12800/50000 (26%)]	 Training Loss: 0.213 ACC: 89.59 CR: 0.88 Avg R1: 4.88 Avg R2: 2.42 Avg Reward: 7.303189
2026-05-17 05:37:51 [INFO] Epoch: 81 [25600/50000 (51%)]	 Training Loss: 0.214 ACC: 89.98 CR: 0.89 Avg R1: 4.90 Avg R2: 2.43 Avg Reward: 7.329675
2026-05-17 05:38:08 [INFO] Epoch: 81 [38400/50000 (77%)]	 Training Loss: 0.218 ACC: 89.94 CR: 0.90 Avg R1: 4.92 Avg R2: 2.44 Avg Reward: 7.362717
2026-05-17 05:38:24 [INFO] EPOCH:81, ======================CR:0.9008====================
2026-05-17 05:38:24 [INFO] -0.10980712770252209
2026-05-17 05:38:26 [INFO] EPOCH:81, ======================ACC:86.18====================
2026-05-17 05:38:26 [INFO] BEST EPOCH:79,BEST ACC:91.25
2026-05-17 05:38:26 [INFO] Saving Masks: current CR 0.9008 target CR 0.9000
2026-05-17 05:38:26 [INFO] Updated candidate mask pretrained-rescale_mask_best-r2_90_05170440_resnet18 at epoch 81 with acc 86.1800
2026-05-17 05:38:43 [INFO] Epoch: 82 [12800/50000 (26%)]	 Training Loss: 0.216 ACC: 89.53 CR: 0.89 Avg R1: 4.98 Avg R2: 2.48 Avg Reward: 7.462767
2026-05-17 05:39:00 [INFO] Epoch: 82 [25600/50000 (51%)]	 Training Loss: 0.212 ACC: 89.84 CR: 0.89 Avg R1: 4.96 Avg R2: 2.48 Avg Reward: 7.437973
2026-05-17 05:39:17 [INFO] Epoch: 82 [38400/50000 (77%)]	 Training Loss: 0.208 ACC: 89.98 CR: 0.88 Avg R1: 4.94 Avg R2: 2.47 Avg Reward: 7.407261
2026-05-17 05:39:32 [INFO] EPOCH:82, ======================CR:0.87138====================
2026-05-17 05:39:32 [INFO] -0.1347574238707657
2026-05-17 05:39:34 [INFO] EPOCH:82, ======================ACC:88.79====================
2026-05-17 05:39:34 [INFO] BEST EPOCH:79,BEST ACC:91.25
2026-05-17 05:39:51 [INFO] Epoch: 83 [12800/50000 (26%)]	 Training Loss: 0.217 ACC: 89.95 CR: 0.88 Avg R1: 4.86 Avg R2: 2.42 Avg Reward: 7.274747
2026-05-17 05:40:09 [INFO] Epoch: 83 [25600/50000 (51%)]	 Training Loss: 0.216 ACC: 89.98 CR: 0.88 Avg R1: 4.87 Avg R2: 2.43 Avg Reward: 7.298673
2026-05-17 05:40:26 [INFO] Epoch: 83 [38400/50000 (77%)]	 Training Loss: 0.217 ACC: 89.86 CR: 0.89 Avg R1: 4.89 Avg R2: 2.43 Avg Reward: 7.322874
2026-05-17 05:40:43 [INFO] EPOCH:83, ======================CR:0.89486====================
2026-05-17 05:40:43 [INFO] -0.11407124322550623
2026-05-17 05:40:45 [INFO] EPOCH:83, ======================ACC:90.54====================
2026-05-17 05:40:45 [INFO] BEST EPOCH:79,BEST ACC:91.25
2026-05-17 05:40:45 [INFO] Saving Masks: current CR 0.8949 target CR 0.9000
2026-05-17 05:40:45 [INFO] Updated candidate mask pretrained-rescale_mask_best-acc_90_05170440_resnet18 at epoch 83 with acc 90.5400
2026-05-17 05:41:05 [INFO] Epoch: 84 [12800/50000 (26%)]	 Training Loss: 0.221 ACC: 89.62 CR: 0.89 Avg R1: 4.97 Avg R2: 2.49 Avg Reward: 7.450579
2026-05-17 05:41:23 [INFO] Epoch: 84 [25600/50000 (51%)]	 Training Loss: 0.220 ACC: 89.72 CR: 0.90 Avg R1: 4.97 Avg R2: 2.49 Avg Reward: 7.453816
2026-05-17 05:41:41 [INFO] Epoch: 84 [38400/50000 (77%)]	 Training Loss: 0.222 ACC: 89.80 CR: 0.91 Avg R1: 4.96 Avg R2: 2.49 Avg Reward: 7.445848
2026-05-17 05:41:57 [INFO] EPOCH:84, ======================CR:0.91764====================
2026-05-17 05:41:57 [INFO] -0.10069807598364856
2026-05-17 05:41:59 [INFO] EPOCH:84, ======================ACC:84.61====================
2026-05-17 05:41:59 [INFO] BEST EPOCH:83,BEST ACC:91.25
2026-05-17 05:42:19 [INFO] Epoch: 85 [12800/50000 (26%)]	 Training Loss: 0.231 ACC: 89.77 CR: 0.92 Avg R1: 3.96 Avg R2: 2.55 Avg Reward: 6.512572
2026-05-17 05:42:38 [INFO] Epoch: 85 [25600/50000 (51%)]	 Training Loss: 0.220 ACC: 89.84 CR: 0.91 Avg R1: 4.05 Avg R2: 2.55 Avg Reward: 6.597888
2026-05-17 05:42:56 [INFO] Epoch: 85 [38400/50000 (77%)]	 Training Loss: 0.211 ACC: 90.12 CR: 0.89 Avg R1: 4.31 Avg R2: 2.53 Avg Reward: 6.839820
2026-05-17 05:43:14 [INFO] EPOCH:85, ======================CR:0.87072====================
2026-05-17 05:43:14 [INFO] -0.09494178823044377
2026-05-17 05:43:16 [INFO] EPOCH:85, ======================ACC:90.64====================
2026-05-17 05:43:16 [INFO] BEST EPOCH:83,BEST ACC:91.25
2026-05-17 05:43:37 [INFO] Epoch: 86 [12800/50000 (26%)]	 Training Loss: 0.203 ACC: 89.82 CR: 0.86 Avg R1: 4.81 Avg R2: 2.40 Avg Reward: 7.206458
2026-05-17 05:43:56 [INFO] Epoch: 86 [25600/50000 (51%)]	 Training Loss: 0.194 ACC: 90.34 CR: 0.85 Avg R1: 4.78 Avg R2: 2.38 Avg Reward: 7.164056
2026-05-17 05:44:16 [INFO] Epoch: 86 [38400/50000 (77%)]	 Training Loss: 0.194 ACC: 90.43 CR: 0.85 Avg R1: 4.76 Avg R2: 2.37 Avg Reward: 7.131795
2026-05-17 05:44:33 [INFO] EPOCH:86, ======================CR:0.84448====================
2026-05-17 05:44:33 [INFO] -0.073798498146656
2026-05-17 05:44:34 [INFO] EPOCH:86, ======================ACC:89.77====================
2026-05-17 05:44:34 [INFO] BEST EPOCH:83,BEST ACC:91.25
2026-05-17 05:44:53 [INFO] Epoch: 87 [12800/50000 (26%)]	 Training Loss: 0.208 ACC: 90.02 CR: 0.85 Avg R1: 4.70 Avg R2: 2.33 Avg Reward: 7.035045
2026-05-17 05:45:09 [INFO] Epoch: 87 [25600/50000 (51%)]	 Training Loss: 0.201 ACC: 90.35 CR: 0.86 Avg R1: 4.72 Avg R2: 2.34 Avg Reward: 7.060441
2026-05-17 05:45:26 [INFO] Epoch: 87 [38400/50000 (77%)]	 Training Loss: 0.204 ACC: 90.29 CR: 0.87 Avg R1: 4.74 Avg R2: 2.35 Avg Reward: 7.090570
2026-05-17 05:45:40 [INFO] EPOCH:87, ======================CR:0.87044====================
2026-05-17 05:45:40 [INFO] -0.06792123786959396
2026-05-17 05:45:42 [INFO] EPOCH:87, ======================ACC:89.28====================
2026-05-17 05:45:42 [INFO] BEST EPOCH:83,BEST ACC:91.25
2026-05-17 05:46:01 [INFO] Epoch: 88 [12800/50000 (26%)]	 Training Loss: 0.190 ACC: 90.91 CR: 0.87 Avg R1: 4.83 Avg R2: 2.38 Avg Reward: 7.209144
2026-05-17 05:46:19 [INFO] Epoch: 88 [25600/50000 (51%)]	 Training Loss: 0.195 ACC: 90.91 CR: 0.87 Avg R1: 4.83 Avg R2: 2.38 Avg Reward: 7.210766
2026-05-17 05:46:38 [INFO] Epoch: 88 [38400/50000 (77%)]	 Training Loss: 0.196 ACC: 90.79 CR: 0.88 Avg R1: 4.84 Avg R2: 2.38 Avg Reward: 7.224406
2026-05-17 05:46:56 [INFO] EPOCH:88, ======================CR:0.88246====================
2026-05-17 05:46:56 [INFO] -0.08959520817341754
2026-05-17 05:46:58 [INFO] EPOCH:88, ======================ACC:88.38====================
2026-05-17 05:46:58 [INFO] BEST EPOCH:83,BEST ACC:91.25
2026-05-17 05:47:15 [INFO] Epoch: 89 [12800/50000 (26%)]	 Training Loss: 0.223 ACC: 89.84 CR: 0.89 Avg R1: 4.91 Avg R2: 2.41 Avg Reward: 7.325818
2026-05-17 05:47:31 [INFO] Epoch: 89 [25600/50000 (51%)]	 Training Loss: 0.216 ACC: 89.95 CR: 0.89 Avg R1: 4.93 Avg R2: 2.42 Avg Reward: 7.341872
2026-05-17 05:47:47 [INFO] Epoch: 89 [38400/50000 (77%)]	 Training Loss: 0.216 ACC: 89.99 CR: 0.90 Avg R1: 4.94 Avg R2: 2.42 Avg Reward: 7.359803
2026-05-17 05:48:01 [INFO] EPOCH:89, ======================CR:0.90168====================
2026-05-17 05:48:01 [INFO] -0.10876533203788907
2026-05-17 05:48:03 [INFO] EPOCH:89, ======================ACC:86.53====================
2026-05-17 05:48:03 [INFO] BEST EPOCH:83,BEST ACC:91.25
2026-05-17 05:48:03 [INFO] Saving Masks: current CR 0.9017 target CR 0.9000
2026-05-17 05:48:19 [INFO] Epoch: 90 [12800/50000 (26%)]	 Training Loss: 0.204 ACC: 90.81 CR: 0.91 Avg R1: 4.78 Avg R2: 2.48 Avg Reward: 7.256378
2026-05-17 05:48:37 [INFO] Epoch: 90 [25600/50000 (51%)]	 Training Loss: 0.201 ACC: 90.79 CR: 0.91 Avg R1: 4.73 Avg R2: 2.48 Avg Reward: 7.211229
2026-05-17 05:48:53 [INFO] Epoch: 90 [38400/50000 (77%)]	 Training Loss: 0.199 ACC: 90.75 CR: 0.90 Avg R1: 4.77 Avg R2: 2.48 Avg Reward: 7.251772
2026-05-17 05:49:08 [INFO] EPOCH:90, ======================CR:0.87674====================
2026-05-17 05:49:08 [INFO] -0.11607998985349216
2026-05-17 05:49:09 [INFO] EPOCH:90, ======================ACC:89.44====================
2026-05-17 05:49:09 [INFO] BEST EPOCH:83,BEST ACC:91.25
2026-05-17 05:49:26 [INFO] Epoch: 91 [12800/50000 (26%)]	 Training Loss: 0.172 ACC: 91.13 CR: 0.87 Avg R1: 4.84 Avg R2: 2.39 Avg Reward: 7.227893
2026-05-17 05:49:40 [INFO] Epoch: 91 [25600/50000 (51%)]	 Training Loss: 0.179 ACC: 91.01 CR: 0.85 Avg R1: 4.81 Avg R2: 2.37 Avg Reward: 7.180735
2026-05-17 05:49:56 [INFO] Epoch: 91 [38400/50000 (77%)]	 Training Loss: 0.182 ACC: 90.91 CR: 0.85 Avg R1: 4.78 Avg R2: 2.36 Avg Reward: 7.140246
2026-05-17 05:50:10 [INFO] EPOCH:91, ======================CR:0.84236====================
2026-05-17 05:50:10 [INFO] -0.10762756994417572
2026-05-17 05:50:12 [INFO] EPOCH:91, ======================ACC:91.27====================
2026-05-17 05:50:12 [INFO] BEST EPOCH:91,BEST ACC:91.27
2026-05-17 05:50:30 [INFO] Epoch: 92 [12800/50000 (26%)]	 Training Loss: 0.182 ACC: 91.09 CR: 0.85 Avg R1: 4.70 Avg R2: 2.29 Avg Reward: 6.987635
2026-05-17 05:50:47 [INFO] Epoch: 92 [25600/50000 (51%)]	 Training Loss: 0.185 ACC: 90.98 CR: 0.86 Avg R1: 4.72 Avg R2: 2.30 Avg Reward: 7.023785
2026-05-17 05:51:02 [INFO] Epoch: 92 [38400/50000 (77%)]	 Training Loss: 0.190 ACC: 90.77 CR: 0.87 Avg R1: 4.75 Avg R2: 2.31 Avg Reward: 7.059109
2026-05-17 05:51:18 [INFO] EPOCH:92, ======================CR:0.87494====================
2026-05-17 05:51:18 [INFO] -0.1093694106731149
2026-05-17 05:51:20 [INFO] EPOCH:92, ======================ACC:88.7====================
2026-05-17 05:51:20 [INFO] BEST EPOCH:91,BEST ACC:91.27
2026-05-17 05:51:37 [INFO] Epoch: 93 [12800/50000 (26%)]	 Training Loss: 0.198 ACC: 90.58 CR: 0.88 Avg R1: 4.87 Avg R2: 2.38 Avg Reward: 7.252181
2026-05-17 05:51:53 [INFO] Epoch: 93 [25600/50000 (51%)]	 Training Loss: 0.195 ACC: 90.83 CR: 0.88 Avg R1: 4.88 Avg R2: 2.38 Avg Reward: 7.264198
2026-05-17 05:52:09 [INFO] Epoch: 93 [38400/50000 (77%)]	 Training Loss: 0.200 ACC: 90.60 CR: 0.89 Avg R1: 4.89 Avg R2: 2.39 Avg Reward: 7.282644
2026-05-17 05:52:23 [INFO] EPOCH:93, ======================CR:0.8904====================
2026-05-17 05:52:23 [INFO] -0.13351375140375416
2026-05-17 05:52:25 [INFO] EPOCH:93, ======================ACC:89.72====================
2026-05-17 05:52:25 [INFO] BEST EPOCH:91,BEST ACC:91.27
2026-05-17 05:52:25 [INFO] Saving Masks: current CR 0.8904 target CR 0.9000
2026-05-17 05:52:42 [INFO] Epoch: 94 [12800/50000 (26%)]	 Training Loss: 0.184 ACC: 91.31 CR: 0.89 Avg R1: 4.93 Avg R2: 2.43 Avg Reward: 7.359335
2026-05-17 05:52:59 [INFO] Epoch: 94 [25600/50000 (51%)]	 Training Loss: 0.185 ACC: 91.14 CR: 0.88 Avg R1: 4.92 Avg R2: 2.42 Avg Reward: 7.339151
2026-05-17 05:53:17 [INFO] Epoch: 94 [38400/50000 (77%)]	 Training Loss: 0.185 ACC: 91.18 CR: 0.88 Avg R1: 4.91 Avg R2: 2.41 Avg Reward: 7.318879
2026-05-17 05:53:33 [INFO] EPOCH:94, ======================CR:0.87478====================
2026-05-17 05:53:34 [INFO] -0.10636203217726224
2026-05-17 05:53:35 [INFO] EPOCH:94, ======================ACC:89.29====================
2026-05-17 05:53:35 [INFO] BEST EPOCH:91,BEST ACC:91.27
2026-05-17 05:53:54 [INFO] Epoch: 95 [12800/50000 (26%)]	 Training Loss: 0.182 ACC: 91.30 CR: 0.88 Avg R1: 4.87 Avg R2: 2.37 Avg Reward: 7.240583
2026-05-17 05:54:07 [INFO] Epoch: 95 [25600/50000 (51%)]	 Training Loss: 0.191 ACC: 91.09 CR: 0.89 Avg R1: 4.89 Avg R2: 2.38 Avg Reward: 7.271288
2026-05-17 05:54:18 [INFO] Epoch: 95 [38400/50000 (77%)]	 Training Loss: 0.199 ACC: 90.91 CR: 0.91 Avg R1: 4.91 Avg R2: 2.39 Avg Reward: 7.297982
2026-05-17 05:54:29 [INFO] EPOCH:95, ======================CR:0.92434====================
2026-05-17 05:54:29 [INFO] -0.11338317678384809
2026-05-17 05:54:31 [INFO] EPOCH:95, ======================ACC:88.19====================
2026-05-17 05:54:31 [INFO] BEST EPOCH:91,BEST ACC:91.27
2026-05-17 05:54:43 [INFO] Epoch: 96 [12800/50000 (26%)]	 Training Loss: 0.220 ACC: 90.78 CR: 0.93 Avg R1: 3.55 Avg R2: 2.53 Avg Reward: 6.086958
2026-05-17 05:54:55 [INFO] Epoch: 96 [25600/50000 (51%)]	 Training Loss: 0.224 ACC: 90.74 CR: 0.95 Avg R1: 3.23 Avg R2: 2.56 Avg Reward: 5.789964
2026-05-17 05:55:07 [INFO] Epoch: 96 [38400/50000 (77%)]	 Training Loss: 0.230 ACC: 90.57 CR: 0.97 Avg R1: 2.87 Avg R2: 2.59 Avg Reward: 5.450962
2026-05-17 05:55:17 [INFO] EPOCH:96, ======================CR:0.98136====================
2026-05-17 05:55:17 [INFO] -0.07760279542021883
2026-05-17 05:55:19 [INFO] EPOCH:96, ======================ACC:87.98====================
2026-05-17 05:55:19 [INFO] BEST EPOCH:91,BEST ACC:91.27
2026-05-17 05:55:31 [INFO] Epoch: 97 [12800/50000 (26%)]	 Training Loss: 0.254 ACC: 90.20 CR: 0.99 Avg R1: 0.83 Avg R2: 2.81 Avg Reward: 3.635700
2026-05-17 05:55:43 [INFO] Epoch: 97 [25600/50000 (51%)]	 Training Loss: 0.251 ACC: 90.21 CR: 0.99 Avg R1: 0.74 Avg R2: 2.82 Avg Reward: 3.559980
2026-05-17 05:55:56 [INFO] Epoch: 97 [38400/50000 (77%)]	 Training Loss: 0.246 ACC: 90.34 CR: 0.99 Avg R1: 0.66 Avg R2: 2.83 Avg Reward: 3.488454
2026-05-17 05:56:08 [INFO] EPOCH:97, ======================CR:0.99528====================
2026-05-17 05:56:08 [INFO] -0.031148493137669986
2026-05-17 05:56:09 [INFO] EPOCH:97, ======================ACC:87.7====================
2026-05-17 05:56:09 [INFO] BEST EPOCH:91,BEST ACC:91.27
2026-05-17 05:56:21 [INFO] Epoch: 98 [12800/50000 (26%)]	 Training Loss: 0.235 ACC: 91.12 CR: 1.00 Avg R1: 0.22 Avg R2: 2.89 Avg Reward: 3.106543
2026-05-17 05:56:32 [INFO] Epoch: 98 [25600/50000 (51%)]	 Training Loss: 0.243 ACC: 90.78 CR: 1.00 Avg R1: 0.21 Avg R2: 2.89 Avg Reward: 3.097799
2026-05-17 05:56:43 [INFO] Epoch: 98 [38400/50000 (77%)]	 Training Loss: 0.243 ACC: 90.72 CR: 1.00 Avg R1: 0.19 Avg R2: 2.90 Avg Reward: 3.086422
2026-05-17 05:56:54 [INFO] EPOCH:98, ======================CR:0.9978====================
2026-05-17 05:56:54 [INFO] -0.032632007939523
2026-05-17 05:56:56 [INFO] EPOCH:98, ======================ACC:90.69====================
2026-05-17 05:56:56 [INFO] BEST EPOCH:91,BEST ACC:91.27
2026-05-17 05:57:08 [INFO] Epoch: 99 [12800/50000 (26%)]	 Training Loss: 0.235 ACC: 90.86 CR: 1.00 Avg R1: 0.11 Avg R2: 2.92 Avg Reward: 3.033865
2026-05-17 05:57:20 [INFO] Epoch: 99 [25600/50000 (51%)]	 Training Loss: 0.238 ACC: 90.69 CR: 1.00 Avg R1: 0.10 Avg R2: 2.92 Avg Reward: 3.029153
2026-05-17 05:57:32 [INFO] Epoch: 99 [38400/50000 (77%)]	 Training Loss: 0.242 ACC: 90.56 CR: 1.00 Avg R1: 0.10 Avg R2: 2.93 Avg Reward: 3.027609
2026-05-17 05:57:42 [INFO] EPOCH:99, ======================CR:0.99812====================
2026-05-17 05:57:42 [INFO] -0.021159266242097213
2026-05-17 05:57:44 [INFO] EPOCH:99, ======================ACC:90.24====================
2026-05-17 05:57:44 [INFO] BEST EPOCH:91,BEST ACC:91.27
2026-05-17 05:57:57 [INFO] Epoch: 100 [12800/50000 (26%)]	 Training Loss: 0.235 ACC: 91.02 CR: 1.00 Avg R1: 0.09 Avg R2: 2.94 Avg Reward: 3.032712
2026-05-17 05:58:10 [INFO] Epoch: 100 [25600/50000 (51%)]	 Training Loss: 0.229 ACC: 91.27 CR: 1.00 Avg R1: 0.10 Avg R2: 2.94 Avg Reward: 3.034279
2026-05-17 05:58:22 [INFO] Epoch: 100 [38400/50000 (77%)]	 Training Loss: 0.235 ACC: 91.03 CR: 1.00 Avg R1: 0.10 Avg R2: 2.94 Avg Reward: 3.035553
2026-05-17 05:58:33 [INFO] EPOCH:100, ======================CR:0.99824====================
2026-05-17 05:58:33 [INFO] -0.03249278511211551
2026-05-17 05:58:35 [INFO] EPOCH:100, ======================ACC:90.48====================
2026-05-17 05:58:35 [INFO] BEST EPOCH:91,BEST ACC:91.27
2026-05-17 05:58:47 [INFO] Epoch: 101 [12800/50000 (26%)]	 Training Loss: 0.220 ACC: 91.52 CR: 1.00 Avg R1: 0.09 Avg R2: 2.92 Avg Reward: 3.008774
2026-05-17 05:58:58 [INFO] Epoch: 101 [25600/50000 (51%)]	 Training Loss: 0.220 ACC: 91.60 CR: 1.00 Avg R1: 0.09 Avg R2: 2.92 Avg Reward: 3.009745
2026-05-17 05:59:11 [INFO] Epoch: 101 [38400/50000 (77%)]	 Training Loss: 0.219 ACC: 91.63 CR: 1.00 Avg R1: 0.10 Avg R2: 2.91 Avg Reward: 3.009325
2026-05-17 05:59:23 [INFO] EPOCH:101, ======================CR:0.99768====================
2026-05-17 05:59:23 [INFO] -0.04461283133353495
2026-05-17 05:59:25 [INFO] EPOCH:101, ======================ACC:90.13====================
2026-05-17 05:59:25 [INFO] BEST EPOCH:91,BEST ACC:91.27
2026-05-17 05:59:38 [INFO] Epoch: 102 [12800/50000 (26%)]	 Training Loss: 0.225 ACC: 91.25 CR: 1.00 Avg R1: 0.12 Avg R2: 2.91 Avg Reward: 3.029968
2026-05-17 05:59:51 [INFO] Epoch: 102 [25600/50000 (51%)]	 Training Loss: 0.221 ACC: 91.39 CR: 1.00 Avg R1: 0.12 Avg R2: 2.91 Avg Reward: 3.029604
2026-05-17 06:00:03 [INFO] Epoch: 102 [38400/50000 (77%)]	 Training Loss: 0.224 ACC: 91.22 CR: 1.00 Avg R1: 0.13 Avg R2: 2.90 Avg Reward: 3.031801
2026-05-17 06:00:13 [INFO] EPOCH:102, ======================CR:0.99674====================
2026-05-17 06:00:13 [INFO] -0.04020357994768631
2026-05-17 06:00:15 [INFO] EPOCH:102, ======================ACC:89.74====================
2026-05-17 06:00:15 [INFO] BEST EPOCH:91,BEST ACC:91.27
2026-05-17 06:00:28 [INFO] Epoch: 103 [12800/50000 (26%)]	 Training Loss: 0.218 ACC: 91.38 CR: 1.00 Avg R1: 0.16 Avg R2: 2.90 Avg Reward: 3.067522
2026-05-17 06:00:41 [INFO] Epoch: 103 [25600/50000 (51%)]	 Training Loss: 0.209 ACC: 91.86 CR: 1.00 Avg R1: 0.17 Avg R2: 2.90 Avg Reward: 3.069450
2026-05-17 06:00:53 [INFO] Epoch: 103 [38400/50000 (77%)]	 Training Loss: 0.215 ACC: 91.70 CR: 1.00 Avg R1: 0.17 Avg R2: 2.90 Avg Reward: 3.070408
2026-05-17 06:01:05 [INFO] EPOCH:103, ======================CR:0.99638====================
2026-05-17 06:01:05 [INFO] -0.042083243436872926
2026-05-17 06:01:07 [INFO] EPOCH:103, ======================ACC:91.21====================
2026-05-17 06:01:07 [INFO] BEST EPOCH:91,BEST ACC:91.27
2026-05-17 06:01:20 [INFO] Epoch: 104 [12800/50000 (26%)]	 Training Loss: 0.226 ACC: 91.10 CR: 1.00 Avg R1: 0.18 Avg R2: 2.91 Avg Reward: 3.087375
2026-05-17 06:01:32 [INFO] Epoch: 104 [25600/50000 (51%)]	 Training Loss: 0.211 ACC: 91.64 CR: 1.00 Avg R1: 0.18 Avg R2: 2.91 Avg Reward: 3.092450
2026-05-17 06:01:43 [INFO] Epoch: 104 [38400/50000 (77%)]	 Training Loss: 0.212 ACC: 91.72 CR: 1.00 Avg R1: 0.19 Avg R2: 2.91 Avg Reward: 3.100745
2026-05-17 06:01:54 [INFO] EPOCH:104, ======================CR:0.99458====================
2026-05-17 06:01:54 [INFO] -0.060315938813201485
2026-05-17 06:01:56 [INFO] EPOCH:104, ======================ACC:91.96====================
2026-05-17 06:01:56 [INFO] BEST EPOCH:104,BEST ACC:91.96
2026-05-17 06:02:09 [INFO] Epoch: 105 [12800/50000 (26%)]	 Training Loss: 0.204 ACC: 91.78 CR: 0.99 Avg R1: 0.30 Avg R2: 2.87 Avg Reward: 3.173564
2026-05-17 06:02:21 [INFO] Epoch: 105 [25600/50000 (51%)]	 Training Loss: 0.200 ACC: 91.90 CR: 0.99 Avg R1: 0.33 Avg R2: 2.87 Avg Reward: 3.193604
2026-05-17 06:02:32 [INFO] Epoch: 105 [38400/50000 (77%)]	 Training Loss: 0.197 ACC: 92.09 CR: 0.99 Avg R1: 0.35 Avg R2: 2.86 Avg Reward: 3.210703
2026-05-17 06:02:43 [INFO] EPOCH:105, ======================CR:0.98944====================
2026-05-17 06:02:43 [INFO] -0.055573822800349164
2026-05-17 06:02:45 [INFO] EPOCH:105, ======================ACC:93.17====================
2026-05-17 06:02:45 [INFO] BEST EPOCH:105,BEST ACC:93.17
2026-05-17 06:02:56 [INFO] Epoch: 106 [12800/50000 (26%)]	 Training Loss: 0.198 ACC: 92.26 CR: 0.99 Avg R1: 0.57 Avg R2: 2.80 Avg Reward: 3.363807
2026-05-17 06:03:08 [INFO] Epoch: 106 [25600/50000 (51%)]	 Training Loss: 0.194 ACC: 92.25 CR: 0.99 Avg R1: 0.60 Avg R2: 2.79 Avg Reward: 3.393663
2026-05-17 06:03:20 [INFO] Epoch: 106 [38400/50000 (77%)]	 Training Loss: 0.193 ACC: 92.30 CR: 0.98 Avg R1: 0.65 Avg R2: 2.79 Avg Reward: 3.432653
2026-05-17 06:03:31 [INFO] EPOCH:106, ======================CR:0.9819====================
2026-05-17 06:03:31 [INFO] -0.06384100664533915
2026-05-17 06:03:33 [INFO] EPOCH:106, ======================ACC:91.5====================
2026-05-17 06:03:33 [INFO] BEST EPOCH:105,BEST ACC:93.17
2026-05-17 06:03:47 [INFO] Epoch: 107 [12800/50000 (26%)]	 Training Loss: 0.185 ACC: 92.66 CR: 0.98 Avg R1: 0.91 Avg R2: 2.74 Avg Reward: 3.649348
2026-05-17 06:04:00 [INFO] Epoch: 107 [25600/50000 (51%)]	 Training Loss: 0.190 ACC: 92.39 CR: 0.98 Avg R1: 0.93 Avg R2: 2.74 Avg Reward: 3.668846
2026-05-17 06:04:13 [INFO] Epoch: 107 [38400/50000 (77%)]	 Training Loss: 0.190 ACC: 92.30 CR: 0.98 Avg R1: 0.97 Avg R2: 2.73 Avg Reward: 3.706542
2026-05-17 06:04:25 [INFO] EPOCH:107, ======================CR:0.97342====================
2026-05-17 06:04:25 [INFO] -0.052453278330233534
2026-05-17 06:04:27 [INFO] EPOCH:107, ======================ACC:90.17====================
2026-05-17 06:04:27 [INFO] BEST EPOCH:105,BEST ACC:93.17
2026-05-17 06:04:40 [INFO] Epoch: 108 [12800/50000 (26%)]	 Training Loss: 0.170 ACC: 92.73 CR: 0.97 Avg R1: 1.44 Avg R2: 2.70 Avg Reward: 4.144730
2026-05-17 06:04:53 [INFO] Epoch: 108 [25600/50000 (51%)]	 Training Loss: 0.171 ACC: 92.62 CR: 0.96 Avg R1: 1.62 Avg R2: 2.69 Avg Reward: 4.312474
2026-05-17 06:05:05 [INFO] Epoch: 108 [38400/50000 (77%)]	 Training Loss: 0.170 ACC: 92.66 CR: 0.95 Avg R1: 1.82 Avg R2: 2.67 Avg Reward: 4.497492
2026-05-17 06:05:19 [INFO] EPOCH:108, ======================CR:0.95008====================
2026-05-17 06:05:19 [INFO] -0.06532961158098478
2026-05-17 06:05:21 [INFO] EPOCH:108, ======================ACC:91.15====================
2026-05-17 06:05:21 [INFO] BEST EPOCH:105,BEST ACC:93.17
2026-05-17 06:05:34 [INFO] Epoch: 109 [12800/50000 (26%)]	 Training Loss: 0.183 ACC: 92.81 CR: 0.96 Avg R1: 2.28 Avg R2: 2.62 Avg Reward: 4.903548
2026-05-17 06:05:47 [INFO] Epoch: 109 [25600/50000 (51%)]	 Training Loss: 0.180 ACC: 92.82 CR: 0.96 Avg R1: 2.10 Avg R2: 2.64 Avg Reward: 4.733058
2026-05-17 06:06:01 [INFO] Epoch: 109 [38400/50000 (77%)]	 Training Loss: 0.182 ACC: 92.62 CR: 0.97 Avg R1: 1.95 Avg R2: 2.65 Avg Reward: 4.596075
2026-05-17 06:06:14 [INFO] EPOCH:109, ======================CR:0.96862====================
2026-05-17 06:06:14 [INFO] -0.08084798516523706
2026-05-17 06:06:16 [INFO] EPOCH:109, ======================ACC:90.82====================
2026-05-17 06:06:16 [INFO] BEST EPOCH:105,BEST ACC:93.17
2026-05-17 06:06:30 [INFO] Epoch: 110 [12800/50000 (26%)]	 Training Loss: 0.171 ACC: 92.68 CR: 0.97 Avg R1: 1.66 Avg R2: 2.68 Avg Reward: 4.337373
2026-05-17 06:06:40 [INFO] Epoch: 110 [25600/50000 (51%)]	 Training Loss: 0.166 ACC: 93.00 CR: 0.96 Avg R1: 1.74 Avg R2: 2.67 Avg Reward: 4.413847
2026-05-17 06:06:54 [INFO] Epoch: 110 [38400/50000 (77%)]	 Training Loss: 0.166 ACC: 92.83 CR: 0.95 Avg R1: 1.94 Avg R2: 2.66 Avg Reward: 4.596222
2026-05-17 06:07:05 [INFO] EPOCH:110, ======================CR:0.9251====================
2026-05-17 06:07:05 [INFO] -0.11380669069987018
2026-05-17 06:07:07 [INFO] EPOCH:110, ======================ACC:91.61====================
2026-05-17 06:07:07 [INFO] BEST EPOCH:105,BEST ACC:93.17
2026-05-17 06:07:21 [INFO] Epoch: 111 [12800/50000 (26%)]	 Training Loss: 0.153 ACC: 92.72 CR: 0.91 Avg R1: 4.09 Avg R2: 2.50 Avg Reward: 6.588418
2026-05-17 06:07:35 [INFO] Epoch: 111 [25600/50000 (51%)]	 Training Loss: 0.155 ACC: 92.89 CR: 0.90 Avg R1: 4.37 Avg R2: 2.48 Avg Reward: 6.851820
2026-05-17 06:07:49 [INFO] Epoch: 111 [38400/50000 (77%)]	 Training Loss: 0.157 ACC: 92.81 CR: 0.89 Avg R1: 4.57 Avg R2: 2.47 Avg Reward: 7.034848
2026-05-17 06:08:00 [INFO] EPOCH:111, ======================CR:0.88928====================
2026-05-17 06:08:00 [INFO] -0.09198917072726422
2026-05-17 06:08:02 [INFO] EPOCH:111, ======================ACC:92.53====================
2026-05-17 06:08:02 [INFO] BEST EPOCH:105,BEST ACC:93.17
2026-05-17 06:08:16 [INFO] Epoch: 112 [12800/50000 (26%)]	 Training Loss: 0.163 ACC: 93.20 CR: 0.90 Avg R1: 4.97 Avg R2: 2.42 Avg Reward: 7.393303
2026-05-17 06:08:28 [INFO] Epoch: 112 [25600/50000 (51%)]	 Training Loss: 0.166 ACC: 93.02 CR: 0.91 Avg R1: 4.83 Avg R2: 2.44 Avg Reward: 7.267558
2026-05-17 06:08:39 [INFO] Epoch: 112 [38400/50000 (77%)]	 Training Loss: 0.163 ACC: 93.11 CR: 0.92 Avg R1: 4.64 Avg R2: 2.46 Avg Reward: 7.097273
2026-05-17 06:08:51 [INFO] EPOCH:112, ======================CR:0.91802====================
2026-05-17 06:08:51 [INFO] -0.0719772849938877
2026-05-17 06:08:53 [INFO] EPOCH:112, ======================ACC:92.15====================
2026-05-17 06:08:53 [INFO] BEST EPOCH:105,BEST ACC:93.17
2026-05-17 06:09:07 [INFO] Epoch: 113 [12800/50000 (26%)]	 Training Loss: 0.157 ACC: 92.78 CR: 0.91 Avg R1: 4.28 Avg R2: 2.49 Avg Reward: 6.762327
2026-05-17 06:09:18 [INFO] Epoch: 113 [25600/50000 (51%)]	 Training Loss: 0.147 ACC: 93.13 CR: 0.90 Avg R1: 4.54 Avg R2: 2.47 Avg Reward: 7.010427
2026-05-17 06:09:31 [INFO] Epoch: 113 [38400/50000 (77%)]	 Training Loss: 0.145 ACC: 93.21 CR: 0.88 Avg R1: 4.67 Avg R2: 2.45 Avg Reward: 7.123935
2026-05-17 06:09:42 [INFO] EPOCH:113, ======================CR:0.86474====================
2026-05-17 06:09:42 [INFO] -0.07930889346236962
2026-05-17 06:09:44 [INFO] EPOCH:113, ======================ACC:91.82====================
2026-05-17 06:09:44 [INFO] BEST EPOCH:105,BEST ACC:93.17
2026-05-17 06:09:57 [INFO] Epoch: 114 [12800/50000 (26%)]	 Training Loss: 0.140 ACC: 93.62 CR: 0.86 Avg R1: 4.80 Avg R2: 2.35 Avg Reward: 7.150970
2026-05-17 06:10:11 [INFO] Epoch: 114 [25600/50000 (51%)]	 Training Loss: 0.144 ACC: 93.45 CR: 0.86 Avg R1: 4.79 Avg R2: 2.35 Avg Reward: 7.141156
2026-05-17 06:10:25 [INFO] Epoch: 114 [38400/50000 (77%)]	 Training Loss: 0.146 ACC: 93.16 CR: 0.86 Avg R1: 4.79 Avg R2: 2.34 Avg Reward: 7.129534
2026-05-17 06:10:37 [INFO] EPOCH:114, ======================CR:0.85652====================
2026-05-17 06:10:37 [INFO] -0.09037807590412646
2026-05-17 06:10:38 [INFO] EPOCH:114, ======================ACC:91.84====================
2026-05-17 06:10:38 [INFO] BEST EPOCH:105,BEST ACC:93.17
2026-05-17 06:10:51 [INFO] Epoch: 115 [12800/50000 (26%)]	 Training Loss: 0.144 ACC: 93.44 CR: 0.86 Avg R1: 4.76 Avg R2: 2.33 Avg Reward: 7.090052
2026-05-17 06:11:05 [INFO] Epoch: 115 [25600/50000 (51%)]	 Training Loss: 0.146 ACC: 93.35 CR: 0.86 Avg R1: 4.77 Avg R2: 2.33 Avg Reward: 7.105818
2026-05-17 06:11:18 [INFO] Epoch: 115 [38400/50000 (77%)]	 Training Loss: 0.149 ACC: 93.31 CR: 0.87 Avg R1: 4.79 Avg R2: 2.34 Avg Reward: 7.127742
2026-05-17 06:11:30 [INFO] EPOCH:115, ======================CR:0.87624====================
2026-05-17 06:11:30 [INFO] -0.07383272627831011
2026-05-17 06:11:32 [INFO] EPOCH:115, ======================ACC:91.25====================
2026-05-17 06:11:32 [INFO] BEST EPOCH:105,BEST ACC:93.17
2026-05-17 06:11:46 [INFO] Epoch: 116 [12800/50000 (26%)]	 Training Loss: 0.151 ACC: 93.09 CR: 0.88 Avg R1: 4.88 Avg R2: 2.39 Avg Reward: 7.262303
2026-05-17 06:11:59 [INFO] Epoch: 116 [25600/50000 (51%)]	 Training Loss: 0.152 ACC: 93.20 CR: 0.88 Avg R1: 4.88 Avg R2: 2.39 Avg Reward: 7.276512
2026-05-17 06:12:13 [INFO] Epoch: 116 [38400/50000 (77%)]	 Training Loss: 0.155 ACC: 93.03 CR: 0.89 Avg R1: 4.90 Avg R2: 2.40 Avg Reward: 7.296323
2026-05-17 06:12:25 [INFO] EPOCH:116, ======================CR:0.89294====================
2026-05-17 06:12:25 [INFO] -0.0868523070656172
2026-05-17 06:12:26 [INFO] EPOCH:116, ======================ACC:92.46====================
2026-05-17 06:12:26 [INFO] BEST EPOCH:105,BEST ACC:93.17
2026-05-17 06:12:26 [INFO] Saving Masks: current CR 0.8929 target CR 0.9000
2026-05-17 06:12:26 [INFO] Updated candidate mask pretrained-rescale_mask_best-acc_90_05170440_resnet18 at epoch 116 with acc 92.4600
2026-05-17 06:12:40 [INFO] Epoch: 117 [12800/50000 (26%)]	 Training Loss: 0.152 ACC: 93.38 CR: 0.90 Avg R1: 4.97 Avg R2: 2.43 Avg Reward: 7.401764
2026-05-17 06:12:54 [INFO] Epoch: 117 [25600/50000 (51%)]	 Training Loss: 0.154 ACC: 93.33 CR: 0.90 Avg R1: 4.98 Avg R2: 2.43 Avg Reward: 7.409343
2026-05-17 06:13:08 [INFO] Epoch: 117 [38400/50000 (77%)]	 Training Loss: 0.156 ACC: 93.15 CR: 0.90 Avg R1: 4.98 Avg R2: 2.43 Avg Reward: 7.411985
2026-05-17 06:13:19 [INFO] EPOCH:117, ======================CR:0.90074====================
2026-05-17 06:13:19 [INFO] -0.08077829305430902
2026-05-17 06:13:21 [INFO] EPOCH:117, ======================ACC:90.48====================
2026-05-17 06:13:21 [INFO] BEST EPOCH:116,BEST ACC:93.17
2026-05-17 06:13:21 [INFO] Saving Masks: current CR 0.9007 target CR 0.9000
2026-05-17 06:13:36 [INFO] Epoch: 118 [12800/50000 (26%)]	 Training Loss: 0.148 ACC: 93.36 CR: 0.90 Avg R1: 4.99 Avg R2: 2.45 Avg Reward: 7.435436
2026-05-17 06:13:49 [INFO] Epoch: 118 [25600/50000 (51%)]	 Training Loss: 0.154 ACC: 93.11 CR: 0.90 Avg R1: 4.99 Avg R2: 2.45 Avg Reward: 7.436242
2026-05-17 06:14:03 [INFO] Epoch: 118 [38400/50000 (77%)]	 Training Loss: 0.154 ACC: 93.13 CR: 0.90 Avg R1: 4.99 Avg R2: 2.45 Avg Reward: 7.435595
2026-05-17 06:14:16 [INFO] EPOCH:118, ======================CR:0.89876====================
2026-05-17 06:14:16 [INFO] -0.07529341306734878
2026-05-17 06:14:18 [INFO] EPOCH:118, ======================ACC:92.86====================
2026-05-17 06:14:18 [INFO] BEST EPOCH:116,BEST ACC:93.17
2026-05-17 06:14:18 [INFO] Saving Masks: current CR 0.8988 target CR 0.9000
2026-05-17 06:14:18 [INFO] Updated candidate mask pretrained-rescale_mask_best-acc_90_05170440_resnet18 at epoch 118 with acc 92.8600
2026-05-17 06:14:33 [INFO] Epoch: 119 [12800/50000 (26%)]	 Training Loss: 0.151 ACC: 93.45 CR: 0.90 Avg R1: 4.99 Avg R2: 2.45 Avg Reward: 7.437927
2026-05-17 06:14:46 [INFO] Epoch: 119 [25600/50000 (51%)]	 Training Loss: 0.157 ACC: 93.20 CR: 0.90 Avg R1: 4.92 Avg R2: 2.46 Avg Reward: 7.371291
2026-05-17 06:14:59 [INFO] Epoch: 119 [38400/50000 (77%)]	 Training Loss: 0.157 ACC: 93.21 CR: 0.91 Avg R1: 4.82 Avg R2: 2.46 Avg Reward: 7.285642
2026-05-17 06:15:12 [INFO] EPOCH:119, ======================CR:0.9075====================
2026-05-17 06:15:12 [INFO] -0.05897808527121848
2026-05-17 06:15:14 [INFO] EPOCH:119, ======================ACC:92.18====================
2026-05-17 06:15:14 [INFO] BEST EPOCH:118,BEST ACC:93.17
2026-05-17 06:15:14 [INFO] Saving Masks: current CR 0.9075 target CR 0.9000
2026-05-17 06:15:14 [INFO] Updated candidate mask pretrained-rescale_mask_best-r2_90_05170440_resnet18 at epoch 119 with acc 92.1800
2026-05-17 06:15:29 [INFO] Epoch: 120 [12800/50000 (26%)]	 Training Loss: 0.136 ACC: 93.58 CR: 0.90 Avg R1: 4.87 Avg R2: 2.45 Avg Reward: 7.318237
2026-05-17 06:15:43 [INFO] Epoch: 120 [25600/50000 (51%)]	 Training Loss: 0.132 ACC: 93.70 CR: 0.88 Avg R1: 4.91 Avg R2: 2.43 Avg Reward: 7.338346
2026-05-17 06:16:01 [INFO] Epoch: 120 [38400/50000 (77%)]	 Training Loss: 0.135 ACC: 93.72 CR: 0.87 Avg R1: 4.90 Avg R2: 2.41 Avg Reward: 7.311506
2026-05-17 06:16:18 [INFO] EPOCH:120, ======================CR:0.86364====================
2026-05-17 06:16:19 [INFO] -0.09490293604519005
2026-05-17 06:16:20 [INFO] EPOCH:120, ======================ACC:92.06====================
2026-05-17 06:16:20 [INFO] BEST EPOCH:118,BEST ACC:93.17
2026-05-17 06:16:43 [INFO] Epoch: 121 [12800/50000 (26%)]	 Training Loss: 0.132 ACC: 94.34 CR: 0.87 Avg R1: 4.81 Avg R2: 2.32 Avg Reward: 7.129450
2026-05-17 06:17:04 [INFO] Epoch: 121 [25600/50000 (51%)]	 Training Loss: 0.135 ACC: 94.06 CR: 0.87 Avg R1: 4.81 Avg R2: 2.33 Avg Reward: 7.142396
2026-05-17 06:17:25 [INFO] Epoch: 121 [38400/50000 (77%)]	 Training Loss: 0.137 ACC: 93.88 CR: 0.87 Avg R1: 4.82 Avg R2: 2.33 Avg Reward: 7.154538
2026-05-17 06:17:46 [INFO] EPOCH:121, ======================CR:0.8756====================
2026-05-17 06:17:46 [INFO] -0.08650720492794037
2026-05-17 06:17:48 [INFO] EPOCH:121, ======================ACC:92.91====================
2026-05-17 06:17:48 [INFO] BEST EPOCH:118,BEST ACC:93.17
2026-05-17 06:18:11 [INFO] Epoch: 122 [12800/50000 (26%)]	 Training Loss: 0.133 ACC: 94.08 CR: 0.88 Avg R1: 4.87 Avg R2: 2.35 Avg Reward: 7.219444
2026-05-17 06:18:33 [INFO] Epoch: 122 [25600/50000 (51%)]	 Training Loss: 0.132 ACC: 93.96 CR: 0.87 Avg R1: 4.86 Avg R2: 2.35 Avg Reward: 7.208440
2026-05-17 06:18:55 [INFO] Epoch: 122 [38400/50000 (77%)]	 Training Loss: 0.133 ACC: 93.95 CR: 0.87 Avg R1: 4.86 Avg R2: 2.34 Avg Reward: 7.199989
2026-05-17 06:19:14 [INFO] EPOCH:122, ======================CR:0.86876====================
2026-05-17 06:19:14 [INFO] -0.0845010472758507
2026-05-17 06:19:16 [INFO] EPOCH:122, ======================ACC:92.56====================
2026-05-17 06:19:16 [INFO] BEST EPOCH:118,BEST ACC:93.17
2026-05-17 06:19:35 [INFO] Epoch: 123 [12800/50000 (26%)]	 Training Loss: 0.128 ACC: 94.34 CR: 0.87 Avg R1: 4.82 Avg R2: 2.31 Avg Reward: 7.128955
2026-05-17 06:19:48 [INFO] Epoch: 123 [25600/50000 (51%)]	 Training Loss: 0.124 ACC: 94.31 CR: 0.87 Avg R1: 4.82 Avg R2: 2.31 Avg Reward: 7.125620
2026-05-17 06:20:01 [INFO] Epoch: 123 [38400/50000 (77%)]	 Training Loss: 0.129 ACC: 94.10 CR: 0.87 Avg R1: 4.82 Avg R2: 2.31 Avg Reward: 7.123362
2026-05-17 06:20:12 [INFO] EPOCH:123, ======================CR:0.86868====================
2026-05-17 06:20:12 [INFO] -0.09271745198125543
2026-05-17 06:20:14 [INFO] EPOCH:123, ======================ACC:93.37====================
2026-05-17 06:20:14 [INFO] BEST EPOCH:123,BEST ACC:93.37
2026-05-17 06:20:25 [INFO] Epoch: 124 [12800/50000 (26%)]	 Training Loss: 0.121 ACC: 94.64 CR: 0.87 Avg R1: 4.83 Avg R2: 2.29 Avg Reward: 7.122061
2026-05-17 06:20:36 [INFO] Epoch: 124 [25600/50000 (51%)]	 Training Loss: 0.121 ACC: 94.53 CR: 0.87 Avg R1: 4.83 Avg R2: 2.29 Avg Reward: 7.122984
2026-05-17 06:20:47 [INFO] Epoch: 124 [38400/50000 (77%)]	 Training Loss: 0.126 ACC: 94.26 CR: 0.87 Avg R1: 4.83 Avg R2: 2.30 Avg Reward: 7.130184
2026-05-17 06:20:58 [INFO] EPOCH:124, ======================CR:0.87966====================
2026-05-17 06:20:58 [INFO] -0.08436155276110253
2026-05-17 06:21:00 [INFO] EPOCH:124, ======================ACC:92.83====================
2026-05-17 06:21:00 [INFO] BEST EPOCH:123,BEST ACC:93.37
2026-05-17 06:21:12 [INFO] Epoch: 125 [12800/50000 (26%)]	 Training Loss: 0.133 ACC: 94.20 CR: 0.89 Avg R1: 4.90 Avg R2: 2.32 Avg Reward: 7.228714
2026-05-17 06:21:24 [INFO] Epoch: 125 [25600/50000 (51%)]	 Training Loss: 0.140 ACC: 93.85 CR: 0.89 Avg R1: 4.92 Avg R2: 2.33 Avg Reward: 7.252269
2026-05-17 06:21:36 [INFO] Epoch: 125 [38400/50000 (77%)]	 Training Loss: 0.137 ACC: 93.93 CR: 0.89 Avg R1: 4.93 Avg R2: 2.34 Avg Reward: 7.269839
2026-05-17 06:21:46 [INFO] EPOCH:125, ======================CR:0.89488====================
2026-05-17 06:21:46 [INFO] -0.06836822959963443
2026-05-17 06:21:48 [INFO] EPOCH:125, ======================ACC:92.47====================
2026-05-17 06:21:48 [INFO] BEST EPOCH:123,BEST ACC:93.37
2026-05-17 06:21:48 [INFO] Saving Masks: current CR 0.8949 target CR 0.9000
2026-05-17 06:21:59 [INFO] Epoch: 126 [12800/50000 (26%)]	 Training Loss: 0.134 ACC: 93.95 CR: 0.89 Avg R1: 4.97 Avg R2: 2.35 Avg Reward: 7.314819
2026-05-17 06:22:11 [INFO] Epoch: 126 [25600/50000 (51%)]	 Training Loss: 0.131 ACC: 94.12 CR: 0.89 Avg R1: 4.96 Avg R2: 2.35 Avg Reward: 7.305970
2026-05-17 06:22:23 [INFO] Epoch: 126 [38400/50000 (77%)]	 Training Loss: 0.131 ACC: 94.14 CR: 0.89 Avg R1: 4.95 Avg R2: 2.34 Avg Reward: 7.297250
2026-05-17 06:22:33 [INFO] EPOCH:126, ======================CR:0.8882====================
2026-05-17 06:22:33 [INFO] -0.07669818671306486
2026-05-17 06:22:35 [INFO] EPOCH:126, ======================ACC:92.4====================
2026-05-17 06:22:35 [INFO] BEST EPOCH:123,BEST ACC:93.37
2026-05-17 06:22:47 [INFO] Epoch: 127 [12800/50000 (26%)]	 Training Loss: 0.143 ACC: 93.60 CR: 0.89 Avg R1: 4.93 Avg R2: 2.33 Avg Reward: 7.255111
2026-05-17 06:23:00 [INFO] Epoch: 127 [25600/50000 (51%)]	 Training Loss: 0.135 ACC: 93.93 CR: 0.88 Avg R1: 4.92 Avg R2: 2.32 Avg Reward: 7.246128
2026-05-17 06:23:12 [INFO] Epoch: 127 [38400/50000 (77%)]	 Training Loss: 0.133 ACC: 93.94 CR: 0.88 Avg R1: 4.91 Avg R2: 2.32 Avg Reward: 7.232249
2026-05-17 06:23:23 [INFO] EPOCH:127, ======================CR:0.87664====================
2026-05-17 06:23:23 [INFO] -0.08399984180840663
2026-05-17 06:23:25 [INFO] EPOCH:127, ======================ACC:92.89====================
2026-05-17 06:23:25 [INFO] BEST EPOCH:123,BEST ACC:93.37
2026-05-17 06:23:37 [INFO] Epoch: 128 [12800/50000 (26%)]	 Training Loss: 0.115 ACC: 94.57 CR: 0.88 Avg R1: 4.87 Avg R2: 2.29 Avg Reward: 7.154646
2026-05-17 06:23:47 [INFO] Epoch: 128 [25600/50000 (51%)]	 Training Loss: 0.122 ACC: 94.31 CR: 0.88 Avg R1: 4.87 Avg R2: 2.29 Avg Reward: 7.153779
2026-05-17 06:23:59 [INFO] Epoch: 128 [38400/50000 (77%)]	 Training Loss: 0.124 ACC: 94.20 CR: 0.88 Avg R1: 4.87 Avg R2: 2.29 Avg Reward: 7.152308
2026-05-17 06:24:08 [INFO] EPOCH:128, ======================CR:0.87664====================
2026-05-17 06:24:08 [INFO] -0.08617492930753698
2026-05-17 06:24:10 [INFO] EPOCH:128, ======================ACC:92.49====================
2026-05-17 06:24:10 [INFO] BEST EPOCH:123,BEST ACC:93.37
2026-05-17 06:24:22 [INFO] Epoch: 129 [12800/50000 (26%)]	 Training Loss: 0.120 ACC: 94.16 CR: 0.87 Avg R1: 4.87 Avg R2: 2.28 Avg Reward: 7.149809
2026-05-17 06:24:33 [INFO] Epoch: 129 [25600/50000 (51%)]	 Training Loss: 0.119 ACC: 94.39 CR: 0.87 Avg R1: 4.86 Avg R2: 2.28 Avg Reward: 7.136182
2026-05-17 06:24:44 [INFO] Epoch: 129 [38400/50000 (77%)]	 Training Loss: 0.119 ACC: 94.37 CR: 0.87 Avg R1: 4.85 Avg R2: 2.27 Avg Reward: 7.126934
2026-05-17 06:24:54 [INFO] EPOCH:129, ======================CR:0.8705====================
2026-05-17 06:24:54 [INFO] -0.07169071145377677
2026-05-17 06:24:56 [INFO] EPOCH:129, ======================ACC:93.5====================
2026-05-17 06:24:56 [INFO] BEST EPOCH:129,BEST ACC:93.5
2026-05-17 06:25:07 [INFO] Epoch: 130 [12800/50000 (26%)]	 Training Loss: 0.119 ACC: 94.34 CR: 0.87 Avg R1: 4.84 Avg R2: 2.26 Avg Reward: 7.098070
2026-05-17 06:25:18 [INFO] Epoch: 130 [25600/50000 (51%)]	 Training Loss: 0.118 ACC: 94.43 CR: 0.87 Avg R1: 4.85 Avg R2: 2.26 Avg Reward: 7.108115
2026-05-17 06:25:29 [INFO] Epoch: 130 [38400/50000 (77%)]	 Training Loss: 0.118 ACC: 94.48 CR: 0.88 Avg R1: 4.86 Avg R2: 2.27 Avg Reward: 7.121471
2026-05-17 06:25:39 [INFO] EPOCH:130, ======================CR:0.88174====================
2026-05-17 06:25:39 [INFO] -0.07277610500570156
2026-05-17 06:25:41 [INFO] EPOCH:130, ======================ACC:92.64====================
2026-05-17 06:25:41 [INFO] BEST EPOCH:129,BEST ACC:93.5
2026-05-17 06:25:52 [INFO] Epoch: 131 [12800/50000 (26%)]	 Training Loss: 0.121 ACC: 94.50 CR: 0.88 Avg R1: 4.89 Avg R2: 2.28 Avg Reward: 7.169875
2026-05-17 06:26:04 [INFO] Epoch: 131 [25600/50000 (51%)]	 Training Loss: 0.115 ACC: 94.75 CR: 0.88 Avg R1: 4.89 Avg R2: 2.27 Avg Reward: 7.163309
2026-05-17 06:26:16 [INFO] Epoch: 131 [38400/50000 (77%)]	 Training Loss: 0.117 ACC: 94.70 CR: 0.89 Avg R1: 4.89 Avg R2: 2.28 Avg Reward: 7.169096
2026-05-17 06:26:26 [INFO] EPOCH:131, ======================CR:0.89188====================
2026-05-17 06:26:26 [INFO] -0.05452901616812779
2026-05-17 06:26:28 [INFO] EPOCH:131, ======================ACC:93.11====================
2026-05-17 06:26:28 [INFO] BEST EPOCH:129,BEST ACC:93.5
2026-05-17 06:26:28 [INFO] Saving Masks: current CR 0.8919 target CR 0.9000
2026-05-17 06:26:28 [INFO] Updated candidate mask pretrained-rescale_mask_best-acc_90_05170440_resnet18 at epoch 131 with acc 93.1100
2026-05-17 06:26:40 [INFO] Epoch: 132 [12800/50000 (26%)]	 Training Loss: 0.127 ACC: 94.51 CR: 0.90 Avg R1: 4.97 Avg R2: 2.30 Avg Reward: 7.274544
2026-05-17 06:26:52 [INFO] Epoch: 132 [25600/50000 (51%)]	 Training Loss: 0.127 ACC: 94.47 CR: 0.90 Avg R1: 4.98 Avg R2: 2.31 Avg Reward: 7.288206
2026-05-17 06:27:04 [INFO] Epoch: 132 [38400/50000 (77%)]	 Training Loss: 0.130 ACC: 94.46 CR: 0.91 Avg R1: 4.91 Avg R2: 2.32 Avg Reward: 7.229412
2026-05-17 06:27:13 [INFO] EPOCH:132, ======================CR:0.90896====================
2026-05-17 06:27:13 [INFO] -0.05370304368822406
2026-05-17 06:27:15 [INFO] EPOCH:132, ======================ACC:93.36====================
2026-05-17 06:27:15 [INFO] BEST EPOCH:131,BEST ACC:93.5
2026-05-17 06:27:15 [INFO] Saving Masks: current CR 0.9090 target CR 0.9000
2026-05-17 06:27:15 [INFO] Updated candidate mask pretrained-rescale_mask_best-acc_90_05170440_resnet18 at epoch 132 with acc 93.3600
2026-05-17 06:27:27 [INFO] Epoch: 133 [12800/50000 (26%)]	 Training Loss: 0.104 ACC: 95.41 CR: 0.90 Avg R1: 4.75 Avg R2: 2.35 Avg Reward: 7.100667
2026-05-17 06:27:38 [INFO] Epoch: 133 [25600/50000 (51%)]	 Training Loss: 0.109 ACC: 95.06 CR: 0.89 Avg R1: 4.86 Avg R2: 2.33 Avg Reward: 7.197934
2026-05-17 06:27:50 [INFO] Epoch: 133 [38400/50000 (77%)]	 Training Loss: 0.113 ACC: 94.82 CR: 0.88 Avg R1: 4.88 Avg R2: 2.32 Avg Reward: 7.195396
2026-05-17 06:28:01 [INFO] EPOCH:133, ======================CR:0.86316====================
2026-05-17 06:28:01 [INFO] -0.05919429995836483
2026-05-17 06:28:03 [INFO] EPOCH:133, ======================ACC:94.19====================
2026-05-17 06:28:03 [INFO] BEST EPOCH:133,BEST ACC:94.19
2026-05-17 06:28:14 [INFO] Epoch: 134 [12800/50000 (26%)]	 Training Loss: 0.108 ACC: 95.01 CR: 0.86 Avg R1: 4.79 Avg R2: 2.21 Avg Reward: 6.994280
2026-05-17 06:28:26 [INFO] Epoch: 134 [25600/50000 (51%)]	 Training Loss: 0.107 ACC: 95.11 CR: 0.86 Avg R1: 4.78 Avg R2: 2.20 Avg Reward: 6.978271
2026-05-17 06:28:37 [INFO] Epoch: 134 [38400/50000 (77%)]	 Training Loss: 0.105 ACC: 95.12 CR: 0.85 Avg R1: 4.77 Avg R2: 2.19 Avg Reward: 6.961318
2026-05-17 06:28:48 [INFO] EPOCH:134, ======================CR:0.84396====================
2026-05-17 06:28:48 [INFO] -0.04356918340677099
2026-05-17 06:28:50 [INFO] EPOCH:134, ======================ACC:92.28====================
2026-05-17 06:28:50 [INFO] BEST EPOCH:133,BEST ACC:94.19
2026-05-17 06:29:02 [INFO] Epoch: 135 [12800/50000 (26%)]	 Training Loss: 0.108 ACC: 94.94 CR: 0.85 Avg R1: 4.69 Avg R2: 2.13 Avg Reward: 6.824105
2026-05-17 06:29:13 [INFO] Epoch: 135 [25600/50000 (51%)]	 Training Loss: 0.105 ACC: 95.09 CR: 0.85 Avg R1: 4.70 Avg R2: 2.13 Avg Reward: 6.831401
2026-05-17 06:29:25 [INFO] Epoch: 135 [38400/50000 (77%)]	 Training Loss: 0.106 ACC: 95.05 CR: 0.85 Avg R1: 4.71 Avg R2: 2.13 Avg Reward: 6.841077
2026-05-17 06:29:36 [INFO] EPOCH:135, ======================CR:0.8579====================
2026-05-17 06:29:36 [INFO] -0.03266263122831166
2026-05-17 06:29:38 [INFO] EPOCH:135, ======================ACC:93.04====================
2026-05-17 06:29:38 [INFO] BEST EPOCH:133,BEST ACC:94.19
2026-05-17 06:29:50 [INFO] Epoch: 136 [12800/50000 (26%)]	 Training Loss: 0.097 ACC: 95.61 CR: 0.86 Avg R1: 4.77 Avg R2: 2.16 Avg Reward: 6.935353
2026-05-17 06:30:01 [INFO] Epoch: 136 [25600/50000 (51%)]	 Training Loss: 0.099 ACC: 95.38 CR: 0.86 Avg R1: 4.78 Avg R2: 2.16 Avg Reward: 6.938504
2026-05-17 06:30:13 [INFO] Epoch: 136 [38400/50000 (77%)]	 Training Loss: 0.101 ACC: 95.32 CR: 0.86 Avg R1: 4.77 Avg R2: 2.16 Avg Reward: 6.934809
2026-05-17 06:30:24 [INFO] EPOCH:136, ======================CR:0.85392====================
2026-05-17 06:30:24 [INFO] -0.04131580538439777
2026-05-17 06:30:26 [INFO] EPOCH:136, ======================ACC:93.29====================
2026-05-17 06:30:26 [INFO] BEST EPOCH:133,BEST ACC:94.19
2026-05-17 06:30:37 [INFO] Epoch: 137 [12800/50000 (26%)]	 Training Loss: 0.097 ACC: 95.38 CR: 0.85 Avg R1: 4.74 Avg R2: 2.16 Avg Reward: 6.897170
2026-05-17 06:30:49 [INFO] Epoch: 137 [25600/50000 (51%)]	 Training Loss: 0.090 ACC: 95.69 CR: 0.85 Avg R1: 4.73 Avg R2: 2.16 Avg Reward: 6.882847
2026-05-17 06:31:00 [INFO] Epoch: 137 [38400/50000 (77%)]	 Training Loss: 0.094 ACC: 95.54 CR: 0.85 Avg R1: 4.72 Avg R2: 2.15 Avg Reward: 6.873346
2026-05-17 06:31:12 [INFO] EPOCH:137, ======================CR:0.84652====================
2026-05-17 06:31:12 [INFO] -0.04312751851576274
2026-05-17 06:31:14 [INFO] EPOCH:137, ======================ACC:92.64====================
2026-05-17 06:31:14 [INFO] BEST EPOCH:133,BEST ACC:94.19
2026-05-17 06:31:26 [INFO] Epoch: 138 [12800/50000 (26%)]	 Training Loss: 0.099 ACC: 95.59 CR: 0.85 Avg R1: 4.72 Avg R2: 2.11 Avg Reward: 6.830708
2026-05-17 06:31:37 [INFO] Epoch: 138 [25600/50000 (51%)]	 Training Loss: 0.104 ACC: 95.30 CR: 0.86 Avg R1: 4.74 Avg R2: 2.12 Avg Reward: 6.865393
2026-05-17 06:31:49 [INFO] Epoch: 138 [38400/50000 (77%)]	 Training Loss: 0.104 ACC: 95.34 CR: 0.87 Avg R1: 4.77 Avg R2: 2.14 Avg Reward: 6.905235
2026-05-17 06:31:59 [INFO] EPOCH:138, ======================CR:0.88772====================
2026-05-17 06:31:59 [INFO] -0.02470661726686185
2026-05-17 06:32:01 [INFO] EPOCH:138, ======================ACC:93.7====================
2026-05-17 06:32:01 [INFO] BEST EPOCH:133,BEST ACC:94.19
2026-05-17 06:32:13 [INFO] Epoch: 139 [12800/50000 (26%)]	 Training Loss: 0.111 ACC: 95.10 CR: 0.89 Avg R1: 4.95 Avg R2: 2.22 Avg Reward: 7.168925
2026-05-17 06:32:25 [INFO] Epoch: 139 [25600/50000 (51%)]	 Training Loss: 0.111 ACC: 95.19 CR: 0.90 Avg R1: 4.95 Avg R2: 2.23 Avg Reward: 7.183399
2026-05-17 06:32:35 [INFO] Epoch: 139 [38400/50000 (77%)]	 Training Loss: 0.112 ACC: 95.10 CR: 0.91 Avg R1: 4.87 Avg R2: 2.24 Avg Reward: 7.105921
2026-05-17 06:32:46 [INFO] EPOCH:139, ======================CR:0.9153====================
2026-05-17 06:32:46 [INFO] -0.026406746015825676
2026-05-17 06:32:48 [INFO] EPOCH:139, ======================ACC:93.74====================
2026-05-17 06:32:48 [INFO] BEST EPOCH:133,BEST ACC:94.19
2026-05-17 06:33:00 [INFO] Epoch: 140 [12800/50000 (26%)]	 Training Loss: 0.107 ACC: 95.46 CR: 0.92 Avg R1: 4.21 Avg R2: 2.31 Avg Reward: 6.521872
2026-05-17 06:33:12 [INFO] Epoch: 140 [25600/50000 (51%)]	 Training Loss: 0.106 ACC: 95.55 CR: 0.92 Avg R1: 4.17 Avg R2: 2.32 Avg Reward: 6.491412
2026-05-17 06:33:22 [INFO] Epoch: 140 [38400/50000 (77%)]	 Training Loss: 0.109 ACC: 95.46 CR: 0.92 Avg R1: 4.12 Avg R2: 2.32 Avg Reward: 6.449043
2026-05-17 06:33:34 [INFO] EPOCH:140, ======================CR:0.9179====================
2026-05-17 06:33:34 [INFO] -0.0028705912425310287
2026-05-17 06:33:36 [INFO] EPOCH:140, ======================ACC:94.11====================
2026-05-17 06:33:36 [INFO] BEST EPOCH:133,BEST ACC:94.19
2026-05-17 06:33:48 [INFO] Epoch: 141 [12800/50000 (26%)]	 Training Loss: 0.097 ACC: 95.94 CR: 0.91 Avg R1: 4.22 Avg R2: 2.32 Avg Reward: 6.538695
2026-05-17 06:33:59 [INFO] Epoch: 141 [25600/50000 (51%)]	 Training Loss: 0.100 ACC: 95.75 CR: 0.91 Avg R1: 4.35 Avg R2: 2.31 Avg Reward: 6.661864
2026-05-17 06:34:10 [INFO] Epoch: 141 [38400/50000 (77%)]	 Training Loss: 0.102 ACC: 95.58 CR: 0.90 Avg R1: 4.51 Avg R2: 2.30 Avg Reward: 6.807937
2026-05-17 06:34:21 [INFO] EPOCH:141, ======================CR:0.8846====================
2026-05-17 06:34:21 [INFO] -0.027771108616338868
2026-05-17 06:34:23 [INFO] EPOCH:141, ======================ACC:93.82====================
2026-05-17 06:34:23 [INFO] BEST EPOCH:133,BEST ACC:94.19
2026-05-17 06:34:36 [INFO] Epoch: 142 [12800/50000 (26%)]	 Training Loss: 0.088 ACC: 96.00 CR: 0.88 Avg R1: 4.90 Avg R2: 2.22 Avg Reward: 7.124394
2026-05-17 06:34:48 [INFO] Epoch: 142 [25600/50000 (51%)]	 Training Loss: 0.087 ACC: 96.05 CR: 0.87 Avg R1: 4.88 Avg R2: 2.22 Avg Reward: 7.102267
2026-05-17 06:34:59 [INFO] Epoch: 142 [38400/50000 (77%)]	 Training Loss: 0.088 ACC: 95.99 CR: 0.87 Avg R1: 4.87 Avg R2: 2.21 Avg Reward: 7.080631
2026-05-17 06:35:09 [INFO] EPOCH:142, ======================CR:0.86588====================
2026-05-17 06:35:09 [INFO] -0.047981976341743046
2026-05-17 06:35:11 [INFO] EPOCH:142, ======================ACC:93.5====================
2026-05-17 06:35:11 [INFO] BEST EPOCH:133,BEST ACC:94.19
2026-05-17 06:35:24 [INFO] Epoch: 143 [12800/50000 (26%)]	 Training Loss: 0.083 ACC: 96.30 CR: 0.87 Avg R1: 4.81 Avg R2: 2.16 Avg Reward: 6.969899
2026-05-17 06:35:36 [INFO] Epoch: 143 [25600/50000 (51%)]	 Training Loss: 0.087 ACC: 96.09 CR: 0.87 Avg R1: 4.81 Avg R2: 2.16 Avg Reward: 6.974655
2026-05-17 06:35:48 [INFO] Epoch: 143 [38400/50000 (77%)]	 Training Loss: 0.090 ACC: 95.95 CR: 0.87 Avg R1: 4.82 Avg R2: 2.16 Avg Reward: 6.983180
2026-05-17 06:35:58 [INFO] EPOCH:143, ======================CR:0.8752====================
2026-05-17 06:35:58 [INFO] -0.03946866675156513
2026-05-17 06:36:00 [INFO] EPOCH:143, ======================ACC:94.02====================
2026-05-17 06:36:00 [INFO] BEST EPOCH:133,BEST ACC:94.19
2026-05-17 06:36:13 [INFO] Epoch: 144 [12800/50000 (26%)]	 Training Loss: 0.087 ACC: 96.20 CR: 0.88 Avg R1: 4.87 Avg R2: 2.17 Avg Reward: 7.043678
2026-05-17 06:36:25 [INFO] Epoch: 144 [25600/50000 (51%)]	 Training Loss: 0.087 ACC: 96.14 CR: 0.88 Avg R1: 4.88 Avg R2: 2.18 Avg Reward: 7.055185
2026-05-17 06:36:36 [INFO] Epoch: 144 [38400/50000 (77%)]	 Training Loss: 0.089 ACC: 96.04 CR: 0.88 Avg R1: 4.88 Avg R2: 2.18 Avg Reward: 7.063005
2026-05-17 06:36:45 [INFO] EPOCH:144, ======================CR:0.88278====================
2026-05-17 06:36:45 [INFO] -0.040423370588269544
2026-05-17 06:36:47 [INFO] EPOCH:144, ======================ACC:94.25====================
2026-05-17 06:36:47 [INFO] BEST EPOCH:144,BEST ACC:94.25
2026-05-17 06:36:59 [INFO] Epoch: 145 [12800/50000 (26%)]	 Training Loss: 0.087 ACC: 96.17 CR: 0.88 Avg R1: 4.91 Avg R2: 2.18 Avg Reward: 7.091820
2026-05-17 06:37:10 [INFO] Epoch: 145 [25600/50000 (51%)]	 Training Loss: 0.086 ACC: 96.20 CR: 0.89 Avg R1: 4.91 Avg R2: 2.18 Avg Reward: 7.098115
2026-05-17 06:37:22 [INFO] Epoch: 145 [38400/50000 (77%)]	 Training Loss: 0.089 ACC: 96.05 CR: 0.89 Avg R1: 4.92 Avg R2: 2.19 Avg Reward: 7.104733
2026-05-17 06:37:32 [INFO] EPOCH:145, ======================CR:0.8908====================
2026-05-17 06:37:32 [INFO] -0.030923330251812292
2026-05-17 06:37:33 [INFO] EPOCH:145, ======================ACC:93.61====================
2026-05-17 06:37:33 [INFO] BEST EPOCH:144,BEST ACC:94.25
2026-05-17 06:37:33 [INFO] Saving Masks: current CR 0.8908 target CR 0.9000
2026-05-17 06:37:33 [INFO] Updated candidate mask pretrained-rescale_mask_best-acc_90_05170440_resnet18 at epoch 145 with acc 93.6100
2026-05-17 06:37:46 [INFO] Epoch: 146 [12800/50000 (26%)]	 Training Loss: 0.089 ACC: 96.13 CR: 0.89 Avg R1: 4.96 Avg R2: 2.21 Avg Reward: 7.162247
2026-05-17 06:37:58 [INFO] Epoch: 146 [25600/50000 (51%)]	 Training Loss: 0.090 ACC: 96.08 CR: 0.90 Avg R1: 4.96 Avg R2: 2.21 Avg Reward: 7.173901
2026-05-17 06:38:10 [INFO] Epoch: 146 [38400/50000 (77%)]	 Training Loss: 0.089 ACC: 96.15 CR: 0.90 Avg R1: 4.97 Avg R2: 2.21 Avg Reward: 7.185826
2026-05-17 06:38:20 [INFO] EPOCH:146, ======================CR:0.90234====================
2026-05-17 06:38:20 [INFO] -0.033415910891268566
2026-05-17 06:38:22 [INFO] EPOCH:146, ======================ACC:94.0====================
2026-05-17 06:38:22 [INFO] BEST EPOCH:145,BEST ACC:94.25
2026-05-17 06:38:22 [INFO] Saving Masks: current CR 0.9023 target CR 0.9000
2026-05-17 06:38:22 [INFO] Updated candidate mask pretrained-rescale_mask_best-acc_90_05170440_resnet18 at epoch 146 with acc 94.0000
2026-05-17 06:38:34 [INFO] Epoch: 147 [12800/50000 (26%)]	 Training Loss: 0.082 ACC: 96.39 CR: 0.90 Avg R1: 4.94 Avg R2: 2.21 Avg Reward: 7.148778
2026-05-17 06:38:46 [INFO] Epoch: 147 [25600/50000 (51%)]	 Training Loss: 0.086 ACC: 96.26 CR: 0.90 Avg R1: 4.96 Avg R2: 2.21 Avg Reward: 7.170195
2026-05-17 06:38:57 [INFO] Epoch: 147 [38400/50000 (77%)]	 Training Loss: 0.087 ACC: 96.26 CR: 0.90 Avg R1: 4.96 Avg R2: 2.21 Avg Reward: 7.164755
2026-05-17 06:39:07 [INFO] EPOCH:147, ======================CR:0.90062====================
2026-05-17 06:39:07 [INFO] -0.04319060739792464
2026-05-17 06:39:09 [INFO] EPOCH:147, ======================ACC:94.4====================
2026-05-17 06:39:09 [INFO] BEST EPOCH:147,BEST ACC:94.4
2026-05-17 06:39:09 [INFO] Saving Masks: current CR 0.9006 target CR 0.9000
2026-05-17 06:39:09 [INFO] Updated candidate mask pretrained-rescale_mask_best-acc_90_05170440_resnet18 at epoch 147 with acc 94.4000
2026-05-17 06:39:20 [INFO] Epoch: 148 [12800/50000 (26%)]	 Training Loss: 0.078 ACC: 96.76 CR: 0.90 Avg R1: 4.99 Avg R2: 2.22 Avg Reward: 7.210853
2026-05-17 06:39:30 [INFO] Epoch: 148 [25600/50000 (51%)]	 Training Loss: 0.078 ACC: 96.71 CR: 0.90 Avg R1: 4.99 Avg R2: 2.22 Avg Reward: 7.211312
2026-05-17 06:39:41 [INFO] Epoch: 148 [38400/50000 (77%)]	 Training Loss: 0.080 ACC: 96.59 CR: 0.90 Avg R1: 4.99 Avg R2: 2.22 Avg Reward: 7.211306
2026-05-17 06:39:51 [INFO] EPOCH:148, ======================CR:0.89572====================
2026-05-17 06:39:51 [INFO] -0.032933879376104105
2026-05-17 06:39:53 [INFO] EPOCH:148, ======================ACC:93.91====================
2026-05-17 06:39:53 [INFO] BEST EPOCH:147,BEST ACC:94.4
2026-05-17 06:39:53 [INFO] Saving Masks: current CR 0.8957 target CR 0.9000
2026-05-17 06:40:04 [INFO] Epoch: 149 [12800/50000 (26%)]	 Training Loss: 0.083 ACC: 96.33 CR: 0.89 Avg R1: 4.97 Avg R2: 2.18 Avg Reward: 7.150024
2026-05-17 06:40:15 [INFO] Epoch: 149 [25600/50000 (51%)]	 Training Loss: 0.079 ACC: 96.45 CR: 0.89 Avg R1: 4.95 Avg R2: 2.18 Avg Reward: 7.131949
2026-05-17 06:40:27 [INFO] Epoch: 149 [38400/50000 (77%)]	 Training Loss: 0.079 ACC: 96.47 CR: 0.88 Avg R1: 4.94 Avg R2: 2.17 Avg Reward: 7.113134
2026-05-17 06:40:37 [INFO] EPOCH:149, ======================CR:0.87854====================
2026-05-17 06:40:37 [INFO] -0.02761196517602149
2026-05-17 06:40:39 [INFO] EPOCH:149, ======================ACC:93.43====================
2026-05-17 06:40:39 [INFO] BEST EPOCH:147,BEST ACC:94.4
2026-05-17 06:40:50 [INFO] Epoch: 150 [12800/50000 (26%)]	 Training Loss: 0.077 ACC: 96.72 CR: 0.88 Avg R1: 4.88 Avg R2: 2.13 Avg Reward: 7.007894
2026-05-17 06:41:02 [INFO] Epoch: 150 [25600/50000 (51%)]	 Training Loss: 0.075 ACC: 96.86 CR: 0.88 Avg R1: 4.88 Avg R2: 2.13 Avg Reward: 7.006341
2026-05-17 06:41:13 [INFO] Epoch: 150 [38400/50000 (77%)]	 Training Loss: 0.074 ACC: 96.79 CR: 0.88 Avg R1: 4.88 Avg R2: 2.13 Avg Reward: 7.005893
2026-05-17 06:41:25 [INFO] EPOCH:150, ======================CR:0.87838====================
2026-05-17 06:41:25 [INFO] -0.033845183655436754
2026-05-17 06:41:27 [INFO] EPOCH:150, ======================ACC:94.37====================
2026-05-17 06:41:27 [INFO] BEST EPOCH:147,BEST ACC:94.4
2026-05-17 06:41:39 [INFO] Epoch: 151 [12800/50000 (26%)]	 Training Loss: 0.073 ACC: 96.72 CR: 0.88 Avg R1: 4.88 Avg R2: 2.11 Avg Reward: 6.991304
2026-05-17 06:41:51 [INFO] Epoch: 151 [25600/50000 (51%)]	 Training Loss: 0.074 ACC: 96.75 CR: 0.88 Avg R1: 4.88 Avg R2: 2.11 Avg Reward: 6.994248
2026-05-17 06:42:02 [INFO] Epoch: 151 [38400/50000 (77%)]	 Training Loss: 0.074 ACC: 96.77 CR: 0.88 Avg R1: 4.89 Avg R2: 2.11 Avg Reward: 6.999590
2026-05-17 06:42:13 [INFO] EPOCH:151, ======================CR:0.8843====================
2026-05-17 06:42:13 [INFO] -0.039137135134455915
2026-05-17 06:42:15 [INFO] EPOCH:151, ======================ACC:94.08====================
2026-05-17 06:42:15 [INFO] BEST EPOCH:147,BEST ACC:94.4
2026-05-17 06:42:26 [INFO] Epoch: 152 [12800/50000 (26%)]	 Training Loss: 0.066 ACC: 97.13 CR: 0.88 Avg R1: 4.91 Avg R2: 2.11 Avg Reward: 7.021225
2026-05-17 06:42:38 [INFO] Epoch: 152 [25600/50000 (51%)]	 Training Loss: 0.066 ACC: 97.08 CR: 0.88 Avg R1: 4.91 Avg R2: 2.11 Avg Reward: 7.018540
2026-05-17 06:42:50 [INFO] Epoch: 152 [38400/50000 (77%)]	 Training Loss: 0.068 ACC: 97.02 CR: 0.88 Avg R1: 4.91 Avg R2: 2.11 Avg Reward: 7.017261
2026-05-17 06:43:00 [INFO] EPOCH:152, ======================CR:0.88392====================
2026-05-17 06:43:00 [INFO] -0.03902506446831739
2026-05-17 06:43:02 [INFO] EPOCH:152, ======================ACC:94.09====================
2026-05-17 06:43:02 [INFO] BEST EPOCH:147,BEST ACC:94.4
2026-05-17 06:43:14 [INFO] Epoch: 153 [12800/50000 (26%)]	 Training Loss: 0.075 ACC: 96.59 CR: 0.88 Avg R1: 4.90 Avg R2: 2.09 Avg Reward: 6.992128
2026-05-17 06:43:24 [INFO] Epoch: 153 [25600/50000 (51%)]	 Training Loss: 0.070 ACC: 96.84 CR: 0.88 Avg R1: 4.90 Avg R2: 2.09 Avg Reward: 6.984599
2026-05-17 06:43:36 [INFO] Epoch: 153 [38400/50000 (77%)]	 Training Loss: 0.069 ACC: 96.90 CR: 0.88 Avg R1: 4.89 Avg R2: 2.08 Avg Reward: 6.976478
2026-05-17 06:43:46 [INFO] EPOCH:153, ======================CR:0.87948====================
2026-05-17 06:43:46 [INFO] -0.002005918156135461
2026-05-17 06:43:49 [INFO] EPOCH:153, ======================ACC:94.37====================
2026-05-17 06:43:49 [INFO] BEST EPOCH:147,BEST ACC:94.4
2026-05-17 06:43:58 [INFO] Epoch: 154 [12800/50000 (26%)]	 Training Loss: 0.078 ACC: 96.75 CR: 0.88 Avg R1: 4.90 Avg R2: 2.08 Avg Reward: 6.979443
2026-05-17 06:44:09 [INFO] Epoch: 154 [25600/50000 (51%)]	 Training Loss: 0.075 ACC: 96.84 CR: 0.89 Avg R1: 4.91 Avg R2: 2.08 Avg Reward: 6.997925
2026-05-17 06:44:21 [INFO] Epoch: 154 [38400/50000 (77%)]	 Training Loss: 0.074 ACC: 96.84 CR: 0.90 Avg R1: 4.93 Avg R2: 2.09 Avg Reward: 7.021550
2026-05-17 06:44:33 [INFO] EPOCH:154, ======================CR:0.90218====================
2026-05-17 06:44:33 [INFO] 0.005372857637201892
2026-05-17 06:44:35 [INFO] EPOCH:154, ======================ACC:94.58====================
2026-05-17 06:44:35 [INFO] BEST EPOCH:154,BEST ACC:94.58
2026-05-17 06:44:35 [INFO] Saving Masks: current CR 0.9022 target CR 0.9000
2026-05-17 06:44:35 [INFO] Updated candidate mask pretrained-rescale_mask_best-acc_90_05170440_resnet18 at epoch 154 with acc 94.5800
2026-05-17 06:44:47 [INFO] Epoch: 155 [12800/50000 (26%)]	 Training Loss: 0.071 ACC: 96.84 CR: 0.90 Avg R1: 4.92 Avg R2: 2.12 Avg Reward: 7.040696
2026-05-17 06:44:57 [INFO] Epoch: 155 [25600/50000 (51%)]	 Training Loss: 0.066 ACC: 97.02 CR: 0.89 Avg R1: 4.94 Avg R2: 2.11 Avg Reward: 7.050945
2026-05-17 06:45:08 [INFO] Epoch: 155 [38400/50000 (77%)]	 Training Loss: 0.065 ACC: 97.06 CR: 0.88 Avg R1: 4.93 Avg R2: 2.10 Avg Reward: 7.027235
2026-05-17 06:45:19 [INFO] EPOCH:155, ======================CR:0.86956====================
2026-05-17 06:45:19 [INFO] -0.025484915245322547
2026-05-17 06:45:21 [INFO] EPOCH:155, ======================ACC:94.86====================
2026-05-17 06:45:21 [INFO] BEST EPOCH:155,BEST ACC:94.86
2026-05-17 06:45:33 [INFO] Epoch: 156 [12800/50000 (26%)]	 Training Loss: 0.058 ACC: 97.65 CR: 0.87 Avg R1: 4.83 Avg R2: 2.01 Avg Reward: 6.846051
2026-05-17 06:45:43 [INFO] Epoch: 156 [25600/50000 (51%)]	 Training Loss: 0.060 ACC: 97.50 CR: 0.87 Avg R1: 4.83 Avg R2: 2.01 Avg Reward: 6.846214
2026-05-17 06:45:55 [INFO] Epoch: 156 [38400/50000 (77%)]	 Training Loss: 0.060 ACC: 97.44 CR: 0.87 Avg R1: 4.83 Avg R2: 2.01 Avg Reward: 6.848387
2026-05-17 06:46:06 [INFO] EPOCH:156, ======================CR:0.87424====================
2026-05-17 06:46:06 [INFO] -0.007629736783826322
2026-05-17 06:46:07 [INFO] EPOCH:156, ======================ACC:94.93====================
2026-05-17 06:46:07 [INFO] BEST EPOCH:156,BEST ACC:94.93
2026-05-17 06:46:19 [INFO] Epoch: 157 [12800/50000 (26%)]	 Training Loss: 0.064 ACC: 97.23 CR: 0.88 Avg R1: 4.87 Avg R2: 2.01 Avg Reward: 6.871388
2026-05-17 06:46:30 [INFO] Epoch: 157 [25600/50000 (51%)]	 Training Loss: 0.059 ACC: 97.44 CR: 0.88 Avg R1: 4.87 Avg R2: 2.01 Avg Reward: 6.881437
2026-05-17 06:46:41 [INFO] Epoch: 157 [38400/50000 (77%)]	 Training Loss: 0.060 ACC: 97.44 CR: 0.88 Avg R1: 4.88 Avg R2: 2.01 Avg Reward: 6.891132
2026-05-17 06:46:50 [INFO] EPOCH:157, ======================CR:0.88824====================
2026-05-17 06:46:50 [INFO] -0.01178370978866655
2026-05-17 06:46:52 [INFO] EPOCH:157, ======================ACC:94.9====================
2026-05-17 06:46:52 [INFO] BEST EPOCH:156,BEST ACC:94.93
2026-05-17 06:47:04 [INFO] Epoch: 158 [12800/50000 (26%)]	 Training Loss: 0.058 ACC: 97.57 CR: 0.89 Avg R1: 4.94 Avg R2: 2.02 Avg Reward: 6.967873
2026-05-17 06:47:14 [INFO] Epoch: 158 [25600/50000 (51%)]	 Training Loss: 0.059 ACC: 97.52 CR: 0.90 Avg R1: 4.96 Avg R2: 2.03 Avg Reward: 6.992814
2026-05-17 06:47:26 [INFO] Epoch: 158 [38400/50000 (77%)]	 Training Loss: 0.060 ACC: 97.47 CR: 0.91 Avg R1: 4.93 Avg R2: 2.04 Avg Reward: 6.970898
2026-05-17 06:47:37 [INFO] EPOCH:158, ======================CR:0.91254====================
2026-05-17 06:47:37 [INFO] -0.0016513675977278916
2026-05-17 06:47:39 [INFO] EPOCH:158, ======================ACC:94.82====================
2026-05-17 06:47:39 [INFO] BEST EPOCH:156,BEST ACC:94.93
2026-05-17 06:47:51 [INFO] Epoch: 159 [12800/50000 (26%)]	 Training Loss: 0.060 ACC: 97.47 CR: 0.91 Avg R1: 4.38 Avg R2: 2.08 Avg Reward: 6.455998
2026-05-17 06:48:02 [INFO] Epoch: 159 [25600/50000 (51%)]	 Training Loss: 0.057 ACC: 97.59 CR: 0.91 Avg R1: 4.37 Avg R2: 2.08 Avg Reward: 6.452262
2026-05-17 06:48:14 [INFO] Epoch: 159 [38400/50000 (77%)]	 Training Loss: 0.056 ACC: 97.65 CR: 0.91 Avg R1: 4.42 Avg R2: 2.08 Avg Reward: 6.494272
2026-05-17 06:48:25 [INFO] EPOCH:159, ======================CR:0.90388====================
2026-05-17 06:48:25 [INFO] -0.006089002245199447
2026-05-17 06:48:26 [INFO] EPOCH:159, ======================ACC:94.78====================
2026-05-17 06:48:26 [INFO] BEST EPOCH:156,BEST ACC:94.93
2026-05-17 06:48:26 [INFO] Saving Masks: current CR 0.9039 target CR 0.9000
2026-05-17 06:48:26 [INFO] Updated candidate mask pretrained-rescale_mask_best-acc_90_05170440_resnet18 at epoch 159 with acc 94.7800
2026-05-17 06:48:40 [INFO] Epoch: 160 [12800/50000 (26%)]	 Training Loss: 0.061 ACC: 97.48 CR: 0.90 Avg R1: 4.79 Avg R2: 2.03 Avg Reward: 6.819529
2026-05-17 06:48:51 [INFO] Epoch: 160 [25600/50000 (51%)]	 Training Loss: 0.058 ACC: 97.63 CR: 0.90 Avg R1: 4.78 Avg R2: 2.03 Avg Reward: 6.807023
2026-05-17 06:49:03 [INFO] Epoch: 160 [38400/50000 (77%)]	 Training Loss: 0.057 ACC: 97.62 CR: 0.91 Avg R1: 4.78 Avg R2: 2.03 Avg Reward: 6.810783
2026-05-17 06:49:14 [INFO] EPOCH:160, ======================CR:0.9052====================
2026-05-17 06:49:14 [INFO] 0.016436932684832057
2026-05-17 06:49:16 [INFO] EPOCH:160, ======================ACC:94.6====================
2026-05-17 06:49:16 [INFO] BEST EPOCH:159,BEST ACC:94.93
2026-05-17 06:49:16 [INFO] Saving Masks: current CR 0.9052 target CR 0.9000
2026-05-17 06:49:27 [INFO] Epoch: 161 [12800/50000 (26%)]	 Training Loss: 0.051 ACC: 97.95 CR: 0.90 Avg R1: 4.78 Avg R2: 2.01 Avg Reward: 6.793290
2026-05-17 06:49:37 [INFO] Epoch: 161 [25600/50000 (51%)]	 Training Loss: 0.053 ACC: 97.85 CR: 0.90 Avg R1: 4.81 Avg R2: 2.01 Avg Reward: 6.828993
2026-05-17 06:49:48 [INFO] Epoch: 161 [38400/50000 (77%)]	 Training Loss: 0.055 ACC: 97.77 CR: 0.90 Avg R1: 4.87 Avg R2: 2.01 Avg Reward: 6.883471
2026-05-17 06:49:59 [INFO] EPOCH:161, ======================CR:0.89762====================
2026-05-17 06:49:59 [INFO] 0.028967391757295572
2026-05-17 06:50:01 [INFO] EPOCH:161, ======================ACC:94.94====================
2026-05-17 06:50:01 [INFO] BEST EPOCH:161,BEST ACC:94.94
2026-05-17 06:50:01 [INFO] Saving Masks: current CR 0.8976 target CR 0.9000
2026-05-17 06:50:01 [INFO] Updated candidate mask pretrained-rescale_mask_best-acc_90_05170440_resnet18 at epoch 161 with acc 94.9400
2026-05-17 06:50:12 [INFO] Epoch: 162 [12800/50000 (26%)]	 Training Loss: 0.047 ACC: 98.16 CR: 0.90 Avg R1: 4.98 Avg R2: 2.00 Avg Reward: 6.986281
2026-05-17 06:50:21 [INFO] Epoch: 162 [25600/50000 (51%)]	 Training Loss: 0.049 ACC: 98.04 CR: 0.89 Avg R1: 4.98 Avg R2: 2.00 Avg Reward: 6.977185
2026-05-17 06:50:31 [INFO] Epoch: 162 [38400/50000 (77%)]	 Training Loss: 0.051 ACC: 97.92 CR: 0.89 Avg R1: 4.97 Avg R2: 2.00 Avg Reward: 6.968074
2026-05-17 06:50:42 [INFO] EPOCH:162, ======================CR:0.89066====================
2026-05-17 06:50:42 [INFO] 0.02183575710199765
2026-05-17 06:50:44 [INFO] EPOCH:162, ======================ACC:95.11====================
2026-05-17 06:50:44 [INFO] BEST EPOCH:162,BEST ACC:95.11
2026-05-17 06:50:44 [INFO] Saving Masks: current CR 0.8907 target CR 0.9000
2026-05-17 06:50:44 [INFO] Updated candidate mask pretrained-rescale_mask_best-acc_90_05170440_resnet18 at epoch 162 with acc 95.1100
2026-05-17 06:50:57 [INFO] Epoch: 163 [12800/50000 (26%)]	 Training Loss: 0.049 ACC: 97.88 CR: 0.89 Avg R1: 4.96 Avg R2: 1.97 Avg Reward: 6.927416
2026-05-17 06:51:08 [INFO] Epoch: 163 [25600/50000 (51%)]	 Training Loss: 0.051 ACC: 97.81 CR: 0.89 Avg R1: 4.96 Avg R2: 1.97 Avg Reward: 6.933539
2026-05-17 06:51:20 [INFO] Epoch: 163 [38400/50000 (77%)]	 Training Loss: 0.050 ACC: 97.86 CR: 0.89 Avg R1: 4.96 Avg R2: 1.97 Avg Reward: 6.935152
2026-05-17 06:51:31 [INFO] EPOCH:163, ======================CR:0.89654====================
2026-05-17 06:51:31 [INFO] 0.023838869537198076
2026-05-17 06:51:33 [INFO] EPOCH:163, ======================ACC:95.16====================
2026-05-17 06:51:33 [INFO] BEST EPOCH:163,BEST ACC:95.16
2026-05-17 06:51:33 [INFO] Saving Masks: current CR 0.8965 target CR 0.9000
2026-05-17 06:51:33 [INFO] Updated candidate mask pretrained-rescale_mask_best-acc_90_05170440_resnet18 at epoch 163 with acc 95.1600
2026-05-17 06:51:44 [INFO] Epoch: 164 [12800/50000 (26%)]	 Training Loss: 0.050 ACC: 97.84 CR: 0.90 Avg R1: 4.98 Avg R2: 1.97 Avg Reward: 6.955208
2026-05-17 06:51:55 [INFO] Epoch: 164 [25600/50000 (51%)]	 Training Loss: 0.050 ACC: 97.88 CR: 0.90 Avg R1: 4.98 Avg R2: 1.97 Avg Reward: 6.959026
2026-05-17 06:52:06 [INFO] Epoch: 164 [38400/50000 (77%)]	 Training Loss: 0.050 ACC: 97.85 CR: 0.90 Avg R1: 4.99 Avg R2: 1.97 Avg Reward: 6.961336
2026-05-17 06:52:15 [INFO] EPOCH:164, ======================CR:0.8994====================
2026-05-17 06:52:15 [INFO] 0.04029074841799233
2026-05-17 06:52:17 [INFO] EPOCH:164, ======================ACC:95.32====================
2026-05-17 06:52:17 [INFO] BEST EPOCH:164,BEST ACC:95.32
2026-05-17 06:52:17 [INFO] Saving Masks: current CR 0.8994 target CR 0.9000
2026-05-17 06:52:17 [INFO] Updated candidate mask pretrained-rescale_mask_best-acc_90_05170440_resnet18 at epoch 164 with acc 95.3200
2026-05-17 06:52:29 [INFO] Epoch: 165 [12800/50000 (26%)]	 Training Loss: 0.046 ACC: 98.16 CR: 0.90 Avg R1: 4.99 Avg R2: 1.97 Avg Reward: 6.965151
2026-05-17 06:52:40 [INFO] Epoch: 165 [25600/50000 (51%)]	 Training Loss: 0.044 ACC: 98.18 CR: 0.90 Avg R1: 4.99 Avg R2: 1.97 Avg Reward: 6.964140
2026-05-17 06:52:52 [INFO] Epoch: 165 [38400/50000 (77%)]	 Training Loss: 0.045 ACC: 98.19 CR: 0.90 Avg R1: 4.99 Avg R2: 1.97 Avg Reward: 6.962490
2026-05-17 06:53:02 [INFO] EPOCH:165, ======================CR:0.89866====================
2026-05-17 06:53:02 [INFO] 0.04769653343675552
2026-05-17 06:53:04 [INFO] EPOCH:165, ======================ACC:95.37====================
2026-05-17 06:53:04 [INFO] BEST EPOCH:165,BEST ACC:95.37
2026-05-17 06:53:04 [INFO] Saving Masks: current CR 0.8987 target CR 0.9000
2026-05-17 06:53:04 [INFO] Updated candidate mask pretrained-rescale_mask_best-acc_90_05170440_resnet18 at epoch 165 with acc 95.3700
2026-05-17 06:53:16 [INFO] Epoch: 166 [12800/50000 (26%)]	 Training Loss: 0.046 ACC: 98.10 CR: 0.90 Avg R1: 4.99 Avg R2: 1.95 Avg Reward: 6.935204
2026-05-17 06:53:28 [INFO] Epoch: 166 [25600/50000 (51%)]	 Training Loss: 0.045 ACC: 98.11 CR: 0.90 Avg R1: 4.99 Avg R2: 1.94 Avg Reward: 6.933227
2026-05-17 06:53:41 [INFO] Epoch: 166 [38400/50000 (77%)]	 Training Loss: 0.046 ACC: 98.12 CR: 0.90 Avg R1: 4.99 Avg R2: 1.94 Avg Reward: 6.933389
2026-05-17 06:53:52 [INFO] EPOCH:166, ======================CR:0.89912====================
2026-05-17 06:53:52 [INFO] 0.016706862944325985
2026-05-17 06:53:54 [INFO] EPOCH:166, ======================ACC:95.5====================
2026-05-17 06:53:54 [INFO] BEST EPOCH:166,BEST ACC:95.5
2026-05-17 06:53:54 [INFO] Saving Masks: current CR 0.8991 target CR 0.9000
2026-05-17 06:53:54 [INFO] Updated candidate mask pretrained-rescale_mask_best-acc_90_05170440_resnet18 at epoch 166 with acc 95.5000
2026-05-17 06:54:05 [INFO] Epoch: 167 [12800/50000 (26%)]	 Training Loss: 0.042 ACC: 98.23 CR: 0.90 Avg R1: 4.99 Avg R2: 1.92 Avg Reward: 6.916395
2026-05-17 06:54:17 [INFO] Epoch: 167 [25600/50000 (51%)]	 Training Loss: 0.043 ACC: 98.21 CR: 0.90 Avg R1: 4.99 Avg R2: 1.92 Avg Reward: 6.911414
2026-05-17 06:54:30 [INFO] Epoch: 167 [38400/50000 (77%)]	 Training Loss: 0.044 ACC: 98.18 CR: 0.90 Avg R1: 4.99 Avg R2: 1.92 Avg Reward: 6.908334
2026-05-17 06:54:41 [INFO] EPOCH:167, ======================CR:0.8943====================
2026-05-17 06:54:41 [INFO] -0.0011652368969195645
2026-05-17 06:54:43 [INFO] EPOCH:167, ======================ACC:95.69====================
2026-05-17 06:54:43 [INFO] BEST EPOCH:167,BEST ACC:95.69
2026-05-17 06:54:43 [INFO] Saving Masks: current CR 0.8943 target CR 0.9000
2026-05-17 06:54:43 [INFO] Updated candidate mask pretrained-rescale_mask_best-acc_90_05170440_resnet18 at epoch 167 with acc 95.6900
2026-05-17 06:54:55 [INFO] Epoch: 168 [12800/50000 (26%)]	 Training Loss: 0.038 ACC: 98.34 CR: 0.89 Avg R1: 4.96 Avg R2: 1.89 Avg Reward: 6.857561
2026-05-17 06:55:06 [INFO] Epoch: 168 [25600/50000 (51%)]	 Training Loss: 0.037 ACC: 98.33 CR: 0.89 Avg R1: 4.96 Avg R2: 1.89 Avg Reward: 6.851823
2026-05-17 06:55:18 [INFO] Epoch: 168 [38400/50000 (77%)]	 Training Loss: 0.038 ACC: 98.29 CR: 0.89 Avg R1: 4.96 Avg R2: 1.89 Avg Reward: 6.851974
2026-05-17 06:55:30 [INFO] EPOCH:168, ======================CR:0.89212====================
2026-05-17 06:55:30 [INFO] 0.012231579152642124
2026-05-17 06:55:32 [INFO] EPOCH:168, ======================ACC:95.43====================
2026-05-17 06:55:32 [INFO] BEST EPOCH:167,BEST ACC:95.69
2026-05-17 06:55:32 [INFO] Saving Masks: current CR 0.8921 target CR 0.9000
2026-05-17 06:55:45 [INFO] Epoch: 169 [12800/50000 (26%)]	 Training Loss: 0.038 ACC: 98.38 CR: 0.89 Avg R1: 4.96 Avg R2: 1.87 Avg Reward: 6.828725
2026-05-17 06:55:57 [INFO] Epoch: 169 [25600/50000 (51%)]	 Training Loss: 0.039 ACC: 98.38 CR: 0.89 Avg R1: 4.96 Avg R2: 1.87 Avg Reward: 6.829950
2026-05-17 06:56:08 [INFO] Epoch: 169 [38400/50000 (77%)]	 Training Loss: 0.040 ACC: 98.31 CR: 0.89 Avg R1: 4.96 Avg R2: 1.87 Avg Reward: 6.829626
2026-05-17 06:56:20 [INFO] EPOCH:169, ======================CR:0.89404====================
2026-05-17 06:56:20 [INFO] 0.02377439227309611
2026-05-17 06:56:22 [INFO] EPOCH:169, ======================ACC:95.54====================
2026-05-17 06:56:22 [INFO] BEST EPOCH:167,BEST ACC:95.69
2026-05-17 06:56:22 [INFO] Saving Masks: current CR 0.8940 target CR 0.9000
2026-05-17 06:56:35 [INFO] Epoch: 170 [12800/50000 (26%)]	 Training Loss: 0.039 ACC: 98.34 CR: 0.89 Avg R1: 4.97 Avg R2: 1.87 Avg Reward: 6.840608
2026-05-17 06:56:46 [INFO] Epoch: 170 [25600/50000 (51%)]	 Training Loss: 0.037 ACC: 98.46 CR: 0.89 Avg R1: 4.97 Avg R2: 1.87 Avg Reward: 6.839249
2026-05-17 06:56:58 [INFO] Epoch: 170 [38400/50000 (77%)]	 Training Loss: 0.036 ACC: 98.52 CR: 0.89 Avg R1: 4.97 Avg R2: 1.87 Avg Reward: 6.840113
2026-05-17 06:57:10 [INFO] EPOCH:170, ======================CR:0.89622====================
2026-05-17 06:57:10 [INFO] 0.007254532398737006
2026-05-17 06:57:12 [INFO] EPOCH:170, ======================ACC:95.49====================
2026-05-17 06:57:12 [INFO] BEST EPOCH:167,BEST ACC:95.69
2026-05-17 06:57:12 [INFO] Saving Masks: current CR 0.8962 target CR 0.9000
2026-05-17 06:57:24 [INFO] Epoch: 171 [12800/50000 (26%)]	 Training Loss: 0.037 ACC: 98.45 CR: 0.90 Avg R1: 4.99 Avg R2: 1.85 Avg Reward: 6.835678
2026-05-17 06:57:36 [INFO] Epoch: 171 [25600/50000 (51%)]	 Training Loss: 0.038 ACC: 98.45 CR: 0.90 Avg R1: 4.96 Avg R2: 1.85 Avg Reward: 6.816284
2026-05-17 06:57:49 [INFO] Epoch: 171 [38400/50000 (77%)]	 Training Loss: 0.039 ACC: 98.45 CR: 0.90 Avg R1: 4.93 Avg R2: 1.86 Avg Reward: 6.784218
2026-05-17 06:57:58 [INFO] EPOCH:171, ======================CR:0.9068====================
2026-05-17 06:57:58 [INFO] 0.025012860821795418
2026-05-17 06:58:00 [INFO] EPOCH:171, ======================ACC:95.59====================
2026-05-17 06:58:00 [INFO] BEST EPOCH:167,BEST ACC:95.69
2026-05-17 06:58:00 [INFO] Saving Masks: current CR 0.9068 target CR 0.9000
2026-05-17 06:58:13 [INFO] Epoch: 172 [12800/50000 (26%)]	 Training Loss: 0.037 ACC: 98.61 CR: 0.91 Avg R1: 4.61 Avg R2: 1.87 Avg Reward: 6.481856
2026-05-17 06:58:24 [INFO] Epoch: 172 [25600/50000 (51%)]	 Training Loss: 0.036 ACC: 98.58 CR: 0.90 Avg R1: 4.64 Avg R2: 1.87 Avg Reward: 6.514418
2026-05-17 06:58:35 [INFO] Epoch: 172 [38400/50000 (77%)]	 Training Loss: 0.035 ACC: 98.61 CR: 0.90 Avg R1: 4.73 Avg R2: 1.87 Avg Reward: 6.593870
2026-05-17 06:58:47 [INFO] EPOCH:172, ======================CR:0.89636====================
2026-05-17 06:58:47 [INFO] 0.025988116091685456
2026-05-17 06:58:49 [INFO] EPOCH:172, ======================ACC:95.5====================
2026-05-17 06:58:49 [INFO] BEST EPOCH:167,BEST ACC:95.69
2026-05-17 06:58:49 [INFO] Saving Masks: current CR 0.8964 target CR 0.9000
2026-05-17 06:59:00 [INFO] Epoch: 173 [12800/50000 (26%)]	 Training Loss: 0.032 ACC: 98.78 CR: 0.90 Avg R1: 4.98 Avg R2: 1.82 Avg Reward: 6.805247
2026-05-17 06:59:12 [INFO] Epoch: 173 [25600/50000 (51%)]	 Training Loss: 0.032 ACC: 98.76 CR: 0.90 Avg R1: 4.99 Avg R2: 1.82 Avg Reward: 6.810086
2026-05-17 06:59:24 [INFO] Epoch: 173 [38400/50000 (77%)]	 Training Loss: 0.034 ACC: 98.72 CR: 0.90 Avg R1: 4.97 Avg R2: 1.82 Avg Reward: 6.794492
2026-05-17 06:59:34 [INFO] EPOCH:173, ======================CR:0.90262====================
2026-05-17 06:59:34 [INFO] 0.03260611194217506
2026-05-17 06:59:36 [INFO] EPOCH:173, ======================ACC:95.76====================
2026-05-17 06:59:36 [INFO] BEST EPOCH:173,BEST ACC:95.76
2026-05-17 06:59:36 [INFO] Saving Masks: current CR 0.9026 target CR 0.9000
2026-05-17 06:59:36 [INFO] Updated candidate mask pretrained-rescale_mask_best-acc_90_05170440_resnet18 at epoch 173 with acc 95.7600
2026-05-17 06:59:47 [INFO] Epoch: 174 [12800/50000 (26%)]	 Training Loss: 0.030 ACC: 98.79 CR: 0.90 Avg R1: 4.95 Avg R2: 1.80 Avg Reward: 6.751991
2026-05-17 06:59:58 [INFO] Epoch: 174 [25600/50000 (51%)]	 Training Loss: 0.031 ACC: 98.77 CR: 0.90 Avg R1: 4.97 Avg R2: 1.80 Avg Reward: 6.768667
2026-05-17 07:00:09 [INFO] Epoch: 174 [38400/50000 (77%)]	 Training Loss: 0.032 ACC: 98.68 CR: 0.89 Avg R1: 4.97 Avg R2: 1.80 Avg Reward: 6.765256
2026-05-17 07:00:21 [INFO] EPOCH:174, ======================CR:0.88796====================
2026-05-17 07:00:21 [INFO] 0.012584048315967229
2026-05-17 07:00:23 [INFO] EPOCH:174, ======================ACC:95.7====================
2026-05-17 07:00:23 [INFO] BEST EPOCH:173,BEST ACC:95.76
2026-05-17 07:00:34 [INFO] Epoch: 175 [12800/50000 (26%)]	 Training Loss: 0.030 ACC: 98.74 CR: 0.89 Avg R1: 4.93 Avg R2: 1.78 Avg Reward: 6.710706
2026-05-17 07:00:45 [INFO] Epoch: 175 [25600/50000 (51%)]	 Training Loss: 0.031 ACC: 98.71 CR: 0.88 Avg R1: 4.93 Avg R2: 1.78 Avg Reward: 6.705127
2026-05-17 07:00:58 [INFO] Epoch: 175 [38400/50000 (77%)]	 Training Loss: 0.032 ACC: 98.74 CR: 0.89 Avg R1: 4.92 Avg R2: 1.78 Avg Reward: 6.701993
2026-05-17 07:01:09 [INFO] EPOCH:175, ======================CR:0.8863====================
2026-05-17 07:01:09 [INFO] 0.030488978142069162
2026-05-17 07:01:11 [INFO] EPOCH:175, ======================ACC:95.83====================
2026-05-17 07:01:11 [INFO] BEST EPOCH:175,BEST ACC:95.83
2026-05-17 07:01:22 [INFO] Epoch: 176 [12800/50000 (26%)]	 Training Loss: 0.029 ACC: 98.82 CR: 0.89 Avg R1: 4.93 Avg R2: 1.77 Avg Reward: 6.693305
2026-05-17 07:01:35 [INFO] Epoch: 176 [25600/50000 (51%)]	 Training Loss: 0.030 ACC: 98.78 CR: 0.89 Avg R1: 4.93 Avg R2: 1.77 Avg Reward: 6.691272
2026-05-17 07:01:47 [INFO] Epoch: 176 [38400/50000 (77%)]	 Training Loss: 0.030 ACC: 98.77 CR: 0.89 Avg R1: 4.92 Avg R2: 1.77 Avg Reward: 6.689842
2026-05-17 07:01:58 [INFO] EPOCH:176, ======================CR:0.8866====================
2026-05-17 07:01:58 [INFO] 0.02408143359343649
2026-05-17 07:02:00 [INFO] EPOCH:176, ======================ACC:95.81====================
2026-05-17 07:02:00 [INFO] BEST EPOCH:175,BEST ACC:95.83
2026-05-17 07:02:12 [INFO] Epoch: 177 [12800/50000 (26%)]	 Training Loss: 0.027 ACC: 98.90 CR: 0.89 Avg R1: 4.92 Avg R2: 1.76 Avg Reward: 6.686501
2026-05-17 07:02:24 [INFO] Epoch: 177 [25600/50000 (51%)]	 Training Loss: 0.027 ACC: 98.88 CR: 0.89 Avg R1: 4.93 Avg R2: 1.76 Avg Reward: 6.689421
2026-05-17 07:02:37 [INFO] Epoch: 177 [38400/50000 (77%)]	 Training Loss: 0.027 ACC: 98.85 CR: 0.89 Avg R1: 4.93 Avg R2: 1.76 Avg Reward: 6.693589
2026-05-17 07:02:48 [INFO] EPOCH:177, ======================CR:0.89104====================
2026-05-17 07:02:48 [INFO] 0.02076388244425864
2026-05-17 07:02:50 [INFO] EPOCH:177, ======================ACC:96.06====================
2026-05-17 07:02:50 [INFO] BEST EPOCH:177,BEST ACC:96.06
2026-05-17 07:02:50 [INFO] Saving Masks: current CR 0.8910 target CR 0.9000
2026-05-17 07:02:50 [INFO] Updated candidate mask pretrained-rescale_mask_best-acc_90_05170440_resnet18 at epoch 177 with acc 96.0600
2026-05-17 07:03:03 [INFO] Epoch: 178 [12800/50000 (26%)]	 Training Loss: 0.026 ACC: 99.02 CR: 0.89 Avg R1: 4.95 Avg R2: 1.75 Avg Reward: 6.706215
2026-05-17 07:03:15 [INFO] Epoch: 178 [25600/50000 (51%)]	 Training Loss: 0.028 ACC: 98.93 CR: 0.89 Avg R1: 4.95 Avg R2: 1.75 Avg Reward: 6.706134
2026-05-17 07:03:28 [INFO] Epoch: 178 [38400/50000 (77%)]	 Training Loss: 0.028 ACC: 98.86 CR: 0.89 Avg R1: 4.96 Avg R2: 1.75 Avg Reward: 6.709215
2026-05-17 07:03:39 [INFO] EPOCH:178, ======================CR:0.89548====================
2026-05-17 07:03:39 [INFO] 0.03482824276676359
2026-05-17 07:03:41 [INFO] EPOCH:178, ======================ACC:95.94====================
2026-05-17 07:03:41 [INFO] BEST EPOCH:177,BEST ACC:96.06
2026-05-17 07:03:41 [INFO] Saving Masks: current CR 0.8955 target CR 0.9000
2026-05-17 07:03:54 [INFO] Epoch: 179 [12800/50000 (26%)]	 Training Loss: 0.027 ACC: 98.96 CR: 0.90 Avg R1: 4.98 Avg R2: 1.75 Avg Reward: 6.725542
2026-05-17 07:04:06 [INFO] Epoch: 179 [25600/50000 (51%)]	 Training Loss: 0.026 ACC: 98.98 CR: 0.90 Avg R1: 4.98 Avg R2: 1.75 Avg Reward: 6.730788
2026-05-17 07:04:18 [INFO] Epoch: 179 [38400/50000 (77%)]	 Training Loss: 0.026 ACC: 98.96 CR: 0.90 Avg R1: 4.98 Avg R2: 1.75 Avg Reward: 6.737065
2026-05-17 07:04:28 [INFO] EPOCH:179, ======================CR:0.9002====================
2026-05-17 07:04:28 [INFO] 0.02527126390185652
2026-05-17 07:04:30 [INFO] EPOCH:179, ======================ACC:95.94====================
2026-05-17 07:04:30 [INFO] BEST EPOCH:177,BEST ACC:96.06
2026-05-17 07:04:30 [INFO] Saving Masks: current CR 0.9002 target CR 0.9000
2026-05-17 07:04:42 [INFO] Epoch: 180 [12800/50000 (26%)]	 Training Loss: 0.027 ACC: 98.98 CR: 0.90 Avg R1: 5.00 Avg R2: 1.74 Avg Reward: 6.733905
2026-05-17 07:04:53 [INFO] Epoch: 180 [25600/50000 (51%)]	 Training Loss: 0.027 ACC: 98.93 CR: 0.89 Avg R1: 4.99 Avg R2: 1.73 Avg Reward: 6.720778
2026-05-17 07:05:04 [INFO] Epoch: 180 [38400/50000 (77%)]	 Training Loss: 0.027 ACC: 98.93 CR: 0.89 Avg R1: 4.98 Avg R2: 1.73 Avg Reward: 6.705010
2026-05-17 07:05:14 [INFO] EPOCH:180, ======================CR:0.88738====================
2026-05-17 07:05:14 [INFO] 0.025056305152479405
2026-05-17 07:05:16 [INFO] EPOCH:180, ======================ACC:96.03====================
2026-05-17 07:05:16 [INFO] BEST EPOCH:177,BEST ACC:96.06
2026-05-17 07:05:27 [INFO] Epoch: 181 [12800/50000 (26%)]	 Training Loss: 0.025 ACC: 99.02 CR: 0.89 Avg R1: 4.93 Avg R2: 1.71 Avg Reward: 6.635221
2026-05-17 07:05:39 [INFO] Epoch: 181 [25600/50000 (51%)]	 Training Loss: 0.024 ACC: 99.05 CR: 0.89 Avg R1: 4.93 Avg R2: 1.71 Avg Reward: 6.638571
2026-05-17 07:05:51 [INFO] Epoch: 181 [38400/50000 (77%)]	 Training Loss: 0.024 ACC: 99.04 CR: 0.89 Avg R1: 4.93 Avg R2: 1.71 Avg Reward: 6.640440
2026-05-17 07:06:02 [INFO] EPOCH:181, ======================CR:0.88888====================
2026-05-17 07:06:02 [INFO] 0.031150992906935484
2026-05-17 07:06:04 [INFO] EPOCH:181, ======================ACC:95.96====================
2026-05-17 07:06:04 [INFO] BEST EPOCH:177,BEST ACC:96.06
2026-05-17 07:06:16 [INFO] Epoch: 182 [12800/50000 (26%)]	 Training Loss: 0.024 ACC: 99.11 CR: 0.89 Avg R1: 4.94 Avg R2: 1.70 Avg Reward: 6.644198
2026-05-17 07:06:28 [INFO] Epoch: 182 [25600/50000 (51%)]	 Training Loss: 0.022 ACC: 99.17 CR: 0.89 Avg R1: 4.94 Avg R2: 1.71 Avg Reward: 6.646363
2026-05-17 07:06:39 [INFO] Epoch: 182 [38400/50000 (77%)]	 Training Loss: 0.023 ACC: 99.13 CR: 0.89 Avg R1: 4.94 Avg R2: 1.71 Avg Reward: 6.650315
2026-05-17 07:06:50 [INFO] EPOCH:182, ======================CR:0.89228====================
2026-05-17 07:06:50 [INFO] 0.029881404309027977
2026-05-17 07:06:53 [INFO] EPOCH:182, ======================ACC:95.94====================
2026-05-17 07:06:53 [INFO] BEST EPOCH:177,BEST ACC:96.06
2026-05-17 07:06:53 [INFO] Saving Masks: current CR 0.8923 target CR 0.9000
2026-05-17 07:07:05 [INFO] Epoch: 183 [12800/50000 (26%)]	 Training Loss: 0.026 ACC: 98.89 CR: 0.89 Avg R1: 4.96 Avg R2: 1.70 Avg Reward: 6.656544
2026-05-17 07:07:16 [INFO] Epoch: 183 [25600/50000 (51%)]	 Training Loss: 0.024 ACC: 99.02 CR: 0.89 Avg R1: 4.96 Avg R2: 1.70 Avg Reward: 6.655777
2026-05-17 07:07:28 [INFO] Epoch: 183 [38400/50000 (77%)]	 Training Loss: 0.023 ACC: 99.07 CR: 0.89 Avg R1: 4.96 Avg R2: 1.70 Avg Reward: 6.656131
2026-05-17 07:07:39 [INFO] EPOCH:183, ======================CR:0.8942====================
2026-05-17 07:07:39 [INFO] 0.04524181108374623
2026-05-17 07:07:41 [INFO] EPOCH:183, ======================ACC:95.85====================
2026-05-17 07:07:41 [INFO] BEST EPOCH:177,BEST ACC:96.06
2026-05-17 07:07:41 [INFO] Saving Masks: current CR 0.8942 target CR 0.9000
2026-05-17 07:07:53 [INFO] Epoch: 184 [12800/50000 (26%)]	 Training Loss: 0.024 ACC: 99.06 CR: 0.90 Avg R1: 4.97 Avg R2: 1.70 Avg Reward: 6.667061
2026-05-17 07:08:06 [INFO] Epoch: 184 [25600/50000 (51%)]	 Training Loss: 0.024 ACC: 99.03 CR: 0.90 Avg R1: 4.98 Avg R2: 1.70 Avg Reward: 6.676276
2026-05-17 07:08:16 [INFO] Epoch: 184 [38400/50000 (77%)]	 Training Loss: 0.023 ACC: 99.12 CR: 0.90 Avg R1: 4.98 Avg R2: 1.70 Avg Reward: 6.681339
2026-05-17 07:08:27 [INFO] EPOCH:184, ======================CR:0.90174====================
2026-05-17 07:08:27 [INFO] 0.04344176892594692
2026-05-17 07:08:29 [INFO] EPOCH:184, ======================ACC:96.0====================
2026-05-17 07:08:29 [INFO] BEST EPOCH:177,BEST ACC:96.06
2026-05-17 07:08:29 [INFO] Saving Masks: current CR 0.9017 target CR 0.9000
2026-05-17 07:08:43 [INFO] Epoch: 185 [12800/50000 (26%)]	 Training Loss: 0.022 ACC: 99.18 CR: 0.90 Avg R1: 4.97 Avg R2: 1.69 Avg Reward: 6.661412
2026-05-17 07:08:55 [INFO] Epoch: 185 [25600/50000 (51%)]	 Training Loss: 0.021 ACC: 99.20 CR: 0.90 Avg R1: 4.98 Avg R2: 1.69 Avg Reward: 6.663117
2026-05-17 07:09:06 [INFO] Epoch: 185 [38400/50000 (77%)]	 Training Loss: 0.022 ACC: 99.14 CR: 0.89 Avg R1: 4.98 Avg R2: 1.68 Avg Reward: 6.658757
2026-05-17 07:09:17 [INFO] EPOCH:185, ======================CR:0.89194====================
2026-05-17 07:09:17 [INFO] 0.03286300495325054
2026-05-17 07:09:19 [INFO] EPOCH:185, ======================ACC:96.03====================
2026-05-17 07:09:19 [INFO] BEST EPOCH:177,BEST ACC:96.06
2026-05-17 07:09:19 [INFO] Saving Masks: current CR 0.8919 target CR 0.9000
2026-05-17 07:09:31 [INFO] Epoch: 186 [12800/50000 (26%)]	 Training Loss: 0.021 ACC: 99.20 CR: 0.89 Avg R1: 4.96 Avg R2: 1.67 Avg Reward: 6.627538
2026-05-17 07:09:44 [INFO] Epoch: 186 [25600/50000 (51%)]	 Training Loss: 0.022 ACC: 99.15 CR: 0.89 Avg R1: 4.96 Avg R2: 1.67 Avg Reward: 6.629201
2026-05-17 07:09:55 [INFO] Epoch: 186 [38400/50000 (77%)]	 Training Loss: 0.022 ACC: 99.15 CR: 0.89 Avg R1: 4.96 Avg R2: 1.67 Avg Reward: 6.631670
2026-05-17 07:10:06 [INFO] EPOCH:186, ======================CR:0.8951====================
2026-05-17 07:10:06 [INFO] 0.044429912432025945
2026-05-17 07:10:08 [INFO] EPOCH:186, ======================ACC:96.0====================
2026-05-17 07:10:08 [INFO] BEST EPOCH:177,BEST ACC:96.06
2026-05-17 07:10:08 [INFO] Saving Masks: current CR 0.8951 target CR 0.9000
2026-05-17 07:10:20 [INFO] Epoch: 187 [12800/50000 (26%)]	 Training Loss: 0.020 ACC: 99.26 CR: 0.90 Avg R1: 4.98 Avg R2: 1.67 Avg Reward: 6.643352
2026-05-17 07:10:32 [INFO] Epoch: 187 [25600/50000 (51%)]	 Training Loss: 0.020 ACC: 99.24 CR: 0.90 Avg R1: 4.98 Avg R2: 1.67 Avg Reward: 6.645869
2026-05-17 07:10:42 [INFO] Epoch: 187 [38400/50000 (77%)]	 Training Loss: 0.020 ACC: 99.26 CR: 0.90 Avg R1: 4.98 Avg R2: 1.67 Avg Reward: 6.647698
2026-05-17 07:10:55 [INFO] EPOCH:187, ======================CR:0.89766====================
2026-05-17 07:10:55 [INFO] 0.04398230908655965
2026-05-17 07:10:57 [INFO] EPOCH:187, ======================ACC:96.01====================
2026-05-17 07:10:57 [INFO] BEST EPOCH:177,BEST ACC:96.06
2026-05-17 07:10:57 [INFO] Saving Masks: current CR 0.8977 target CR 0.9000
2026-05-17 07:11:10 [INFO] Epoch: 188 [12800/50000 (26%)]	 Training Loss: 0.021 ACC: 99.13 CR: 0.90 Avg R1: 4.98 Avg R2: 1.67 Avg Reward: 6.650624
2026-05-17 07:11:24 [INFO] Epoch: 188 [25600/50000 (51%)]	 Training Loss: 0.021 ACC: 99.13 CR: 0.90 Avg R1: 4.98 Avg R2: 1.67 Avg Reward: 6.648177
2026-05-17 07:11:36 [INFO] Epoch: 188 [38400/50000 (77%)]	 Training Loss: 0.022 ACC: 99.12 CR: 0.90 Avg R1: 4.98 Avg R2: 1.67 Avg Reward: 6.649476
2026-05-17 07:11:49 [INFO] EPOCH:188, ======================CR:0.89798====================
2026-05-17 07:11:49 [INFO] 0.029787756460123733
2026-05-17 07:11:51 [INFO] EPOCH:188, ======================ACC:96.0====================
2026-05-17 07:11:51 [INFO] BEST EPOCH:177,BEST ACC:96.06
2026-05-17 07:11:51 [INFO] Saving Masks: current CR 0.8980 target CR 0.9000
2026-05-17 07:12:05 [INFO] Epoch: 189 [12800/50000 (26%)]	 Training Loss: 0.021 ACC: 99.23 CR: 0.90 Avg R1: 4.99 Avg R2: 1.66 Avg Reward: 6.653580
2026-05-17 07:12:18 [INFO] Epoch: 189 [25600/50000 (51%)]	 Training Loss: 0.020 ACC: 99.25 CR: 0.90 Avg R1: 4.99 Avg R2: 1.66 Avg Reward: 6.655811
2026-05-17 07:12:31 [INFO] Epoch: 189 [38400/50000 (77%)]	 Training Loss: 0.020 ACC: 99.26 CR: 0.90 Avg R1: 4.99 Avg R2: 1.66 Avg Reward: 6.653801
2026-05-17 07:12:43 [INFO] EPOCH:189, ======================CR:0.9004====================
2026-05-17 07:12:43 [INFO] 0.03886224112752912
2026-05-17 07:12:45 [INFO] EPOCH:189, ======================ACC:96.07====================
2026-05-17 07:12:45 [INFO] BEST EPOCH:189,BEST ACC:96.07
2026-05-17 07:12:45 [INFO] Saving Masks: current CR 0.9004 target CR 0.9000
2026-05-17 07:12:45 [INFO] Updated candidate mask pretrained-rescale_mask_best-acc_90_05170440_resnet18 at epoch 189 with acc 96.0700
2026-05-17 07:12:59 [INFO] Epoch: 190 [12800/50000 (26%)]	 Training Loss: 0.020 ACC: 99.15 CR: 0.90 Avg R1: 4.99 Avg R2: 1.66 Avg Reward: 6.650099
2026-05-17 07:13:10 [INFO] Epoch: 190 [25600/50000 (51%)]	 Training Loss: 0.021 ACC: 99.10 CR: 0.90 Avg R1: 4.99 Avg R2: 1.65 Avg Reward: 6.646769
2026-05-17 07:13:20 [INFO] Epoch: 190 [38400/50000 (77%)]	 Training Loss: 0.020 ACC: 99.16 CR: 0.90 Avg R1: 4.99 Avg R2: 1.65 Avg Reward: 6.641811
2026-05-17 07:13:32 [INFO] EPOCH:190, ======================CR:0.89418====================
2026-05-17 07:13:32 [INFO] 0.023533617378434693
2026-05-17 07:13:34 [INFO] EPOCH:190, ======================ACC:96.09====================
2026-05-17 07:13:34 [INFO] BEST EPOCH:190,BEST ACC:96.09
2026-05-17 07:13:34 [INFO] Saving Masks: current CR 0.8942 target CR 0.9000
2026-05-17 07:13:34 [INFO] Updated candidate mask pretrained-rescale_mask_best-acc_90_05170440_resnet18 at epoch 190 with acc 96.0900
2026-05-17 07:13:47 [INFO] Epoch: 191 [12800/50000 (26%)]	 Training Loss: 0.018 ACC: 99.39 CR: 0.89 Avg R1: 4.97 Avg R2: 1.64 Avg Reward: 6.612103
2026-05-17 07:13:59 [INFO] Epoch: 191 [25600/50000 (51%)]	 Training Loss: 0.019 ACC: 99.29 CR: 0.89 Avg R1: 4.97 Avg R2: 1.64 Avg Reward: 6.611700
2026-05-17 07:14:11 [INFO] Epoch: 191 [38400/50000 (77%)]	 Training Loss: 0.019 ACC: 99.26 CR: 0.89 Avg R1: 4.97 Avg R2: 1.64 Avg Reward: 6.610424
2026-05-17 07:14:23 [INFO] EPOCH:191, ======================CR:0.8941====================
2026-05-17 07:14:23 [INFO] 0.03475792444814998
2026-05-17 07:14:24 [INFO] EPOCH:191, ======================ACC:96.05====================
2026-05-17 07:14:24 [INFO] BEST EPOCH:190,BEST ACC:96.09
2026-05-17 07:14:24 [INFO] Saving Masks: current CR 0.8941 target CR 0.9000
2026-05-17 07:14:38 [INFO] Epoch: 192 [12800/50000 (26%)]	 Training Loss: 0.018 ACC: 99.29 CR: 0.89 Avg R1: 4.97 Avg R2: 1.64 Avg Reward: 6.609163
2026-05-17 07:14:50 [INFO] Epoch: 192 [25600/50000 (51%)]	 Training Loss: 0.019 ACC: 99.23 CR: 0.89 Avg R1: 4.97 Avg R2: 1.64 Avg Reward: 6.608018
2026-05-17 07:15:02 [INFO] Epoch: 192 [38400/50000 (77%)]	 Training Loss: 0.020 ACC: 99.22 CR: 0.89 Avg R1: 4.97 Avg R2: 1.64 Avg Reward: 6.606972
2026-05-17 07:15:13 [INFO] EPOCH:192, ======================CR:0.8945====================
2026-05-17 07:15:13 [INFO] 0.03889823957020338
2026-05-17 07:15:15 [INFO] EPOCH:192, ======================ACC:96.04====================
2026-05-17 07:15:15 [INFO] BEST EPOCH:190,BEST ACC:96.09
2026-05-17 07:15:15 [INFO] Saving Masks: current CR 0.8945 target CR 0.9000
2026-05-17 07:15:30 [INFO] Epoch: 193 [12800/50000 (26%)]	 Training Loss: 0.019 ACC: 99.28 CR: 0.89 Avg R1: 4.97 Avg R2: 1.64 Avg Reward: 6.609196
2026-05-17 07:15:43 [INFO] Epoch: 193 [25600/50000 (51%)]	 Training Loss: 0.019 ACC: 99.25 CR: 0.89 Avg R1: 4.97 Avg R2: 1.64 Avg Reward: 6.607020
2026-05-17 07:15:57 [INFO] Epoch: 193 [38400/50000 (77%)]	 Training Loss: 0.019 ACC: 99.27 CR: 0.89 Avg R1: 4.97 Avg R2: 1.64 Avg Reward: 6.607754
2026-05-17 07:16:09 [INFO] EPOCH:193, ======================CR:0.89496====================
2026-05-17 07:16:09 [INFO] 0.04164250693711109
2026-05-17 07:16:11 [INFO] EPOCH:193, ======================ACC:96.05====================
2026-05-17 07:16:11 [INFO] BEST EPOCH:190,BEST ACC:96.09
2026-05-17 07:16:11 [INFO] Saving Masks: current CR 0.8950 target CR 0.9000
2026-05-17 07:16:25 [INFO] Epoch: 194 [12800/50000 (26%)]	 Training Loss: 0.018 ACC: 99.26 CR: 0.90 Avg R1: 4.97 Avg R2: 1.63 Avg Reward: 6.607182
2026-05-17 07:16:39 [INFO] Epoch: 194 [25600/50000 (51%)]	 Training Loss: 0.019 ACC: 99.28 CR: 0.90 Avg R1: 4.98 Avg R2: 1.63 Avg Reward: 6.609657
2026-05-17 07:16:53 [INFO] Epoch: 194 [38400/50000 (77%)]	 Training Loss: 0.019 ACC: 99.27 CR: 0.90 Avg R1: 4.98 Avg R2: 1.63 Avg Reward: 6.611272
2026-05-17 07:17:06 [INFO] EPOCH:194, ======================CR:0.89646====================
2026-05-17 07:17:06 [INFO] 0.04015465146740064
2026-05-17 07:17:08 [INFO] EPOCH:194, ======================ACC:96.02====================
2026-05-17 07:17:08 [INFO] BEST EPOCH:190,BEST ACC:96.09
2026-05-17 07:17:08 [INFO] Saving Masks: current CR 0.8965 target CR 0.9000
2026-05-17 07:17:22 [INFO] Epoch: 195 [12800/50000 (26%)]	 Training Loss: 0.020 ACC: 99.11 CR: 0.90 Avg R1: 4.98 Avg R2: 1.63 Avg Reward: 6.614234
2026-05-17 07:17:36 [INFO] Epoch: 195 [25600/50000 (51%)]	 Training Loss: 0.020 ACC: 99.14 CR: 0.90 Avg R1: 4.98 Avg R2: 1.63 Avg Reward: 6.615375
2026-05-17 07:17:50 [INFO] Epoch: 195 [38400/50000 (77%)]	 Training Loss: 0.020 ACC: 99.18 CR: 0.90 Avg R1: 4.98 Avg R2: 1.63 Avg Reward: 6.616124
2026-05-17 07:18:04 [INFO] EPOCH:195, ======================CR:0.8967====================
2026-05-17 07:18:04 [INFO] 0.03192015111678955
2026-05-17 07:18:06 [INFO] EPOCH:195, ======================ACC:96.04====================
2026-05-17 07:18:06 [INFO] BEST EPOCH:190,BEST ACC:96.09
2026-05-17 07:18:06 [INFO] Saving Masks: current CR 0.8967 target CR 0.9000
2026-05-17 07:18:21 [INFO] Epoch: 196 [12800/50000 (26%)]	 Training Loss: 0.020 ACC: 99.27 CR: 0.90 Avg R1: 4.98 Avg R2: 1.64 Avg Reward: 6.627288
2026-05-17 07:18:35 [INFO] Epoch: 196 [25600/50000 (51%)]	 Training Loss: 0.019 ACC: 99.28 CR: 0.90 Avg R1: 4.99 Avg R2: 1.64 Avg Reward: 6.629449
2026-05-17 07:18:49 [INFO] Epoch: 196 [38400/50000 (77%)]	 Training Loss: 0.019 ACC: 99.28 CR: 0.90 Avg R1: 4.99 Avg R2: 1.64 Avg Reward: 6.630430
2026-05-17 07:19:01 [INFO] EPOCH:196, ======================CR:0.90062====================
2026-05-17 07:19:01 [INFO] 0.03554670628635311
2026-05-17 07:19:03 [INFO] EPOCH:196, ======================ACC:96.08====================
2026-05-17 07:19:03 [INFO] BEST EPOCH:190,BEST ACC:96.09
2026-05-17 07:19:03 [INFO] Saving Masks: current CR 0.9006 target CR 0.9000
2026-05-17 07:19:19 [INFO] Epoch: 197 [12800/50000 (26%)]	 Training Loss: 0.019 ACC: 99.30 CR: 0.90 Avg R1: 4.96 Avg R2: 1.65 Avg Reward: 6.608357
2026-05-17 07:19:32 [INFO] Epoch: 197 [25600/50000 (51%)]	 Training Loss: 0.019 ACC: 99.31 CR: 0.90 Avg R1: 4.94 Avg R2: 1.65 Avg Reward: 6.594807
2026-05-17 07:19:45 [INFO] Epoch: 197 [38400/50000 (77%)]	 Training Loss: 0.019 ACC: 99.26 CR: 0.90 Avg R1: 4.92 Avg R2: 1.65 Avg Reward: 6.571585
2026-05-17 07:19:58 [INFO] EPOCH:197, ======================CR:0.90116====================
2026-05-17 07:19:58 [INFO] 0.043368473369184674
2026-05-17 07:20:00 [INFO] EPOCH:197, ======================ACC:96.08====================
2026-05-17 07:20:00 [INFO] BEST EPOCH:190,BEST ACC:96.09
2026-05-17 07:20:00 [INFO] Saving Masks: current CR 0.9012 target CR 0.9000
2026-05-17 07:20:16 [INFO] Epoch: 198 [12800/50000 (26%)]	 Training Loss: 0.017 ACC: 99.34 CR: 0.90 Avg R1: 4.93 Avg R2: 1.64 Avg Reward: 6.565753
2026-05-17 07:20:28 [INFO] Epoch: 198 [25600/50000 (51%)]	 Training Loss: 0.017 ACC: 99.35 CR: 0.90 Avg R1: 4.96 Avg R2: 1.63 Avg Reward: 6.590810
2026-05-17 07:20:43 [INFO] Epoch: 198 [38400/50000 (77%)]	 Training Loss: 0.018 ACC: 99.29 CR: 0.90 Avg R1: 4.97 Avg R2: 1.63 Avg Reward: 6.599084
2026-05-17 07:20:56 [INFO] EPOCH:198, ======================CR:0.8967====================
2026-05-17 07:20:56 [INFO] 0.030760641105322093
2026-05-17 07:20:58 [INFO] EPOCH:198, ======================ACC:96.03====================
2026-05-17 07:20:58 [INFO] BEST EPOCH:190,BEST ACC:96.09
2026-05-17 07:20:58 [INFO] Saving Masks: current CR 0.8967 target CR 0.9000
2026-05-17 07:21:14 [INFO] Epoch: 199 [12800/50000 (26%)]	 Training Loss: 0.018 ACC: 99.38 CR: 0.90 Avg R1: 4.98 Avg R2: 1.63 Avg Reward: 6.609734
2026-05-17 07:21:28 [INFO] Epoch: 199 [25600/50000 (51%)]	 Training Loss: 0.018 ACC: 99.35 CR: 0.89 Avg R1: 4.98 Avg R2: 1.63 Avg Reward: 6.608202
2026-05-17 07:21:42 [INFO] Epoch: 199 [38400/50000 (77%)]	 Training Loss: 0.018 ACC: 99.35 CR: 0.89 Avg R1: 4.98 Avg R2: 1.63 Avg Reward: 6.605425
2026-05-17 07:21:55 [INFO] EPOCH:199, ======================CR:0.8939====================
2026-05-17 07:21:55 [INFO] 0.0398617283554807
2026-05-17 07:21:57 [INFO] EPOCH:199, ======================ACC:96.02====================
2026-05-17 07:21:57 [INFO] BEST EPOCH:190,BEST ACC:96.09
2026-05-17 07:21:57 [INFO] Saving Masks: current CR 0.8939 target CR 0.9000
2026-05-17 07:21:57 [INFO] Saved standard mask to /nvme/home/lixiang/baseline/RLSelector/mask/cifar10/22/mask_90.npz with 45000/50000 samples selected
