2026-05-16 17:23:31 [INFO] Epoch: 0 [12800/50000 (26%)]	 Training Loss: 0.856 ACC: 35.86 CR: 0.88 Avg R1: 0.79 Avg R2: 4.83 Avg Reward: 5.619614
2026-05-16 17:23:39 [INFO] Epoch: 0 [25600/50000 (51%)]	 Training Loss: 0.841 ACC: 36.85 CR: 0.75 Avg R1: 1.57 Avg R2: 4.50 Avg Reward: 6.071579
2026-05-16 17:23:47 [INFO] Epoch: 0 [38400/50000 (77%)]	 Training Loss: 0.828 ACC: 37.89 CR: 0.62 Avg R1: 2.36 Avg R2: 4.17 Avg Reward: 6.532218
2026-05-16 17:23:55 [INFO] EPOCH:0, ======================CR:0.50678====================
2026-05-16 17:23:55 [INFO] -0.002229560053180662
2026-05-16 17:23:57 [INFO] EPOCH:0, ======================ACC:44.13====================
2026-05-16 17:23:57 [INFO] BEST EPOCH:0,BEST ACC:44.13
2026-05-16 17:24:05 [INFO] Epoch: 1 [12800/50000 (26%)]	 Training Loss: 0.774 ACC: 42.46 CR: 0.50 Avg R1: 4.22 Avg R2: 1.99 Avg Reward: 6.201827
2026-05-16 17:24:13 [INFO] Epoch: 1 [25600/50000 (51%)]	 Training Loss: 0.765 ACC: 43.11 CR: 0.50 Avg R1: 4.21 Avg R2: 1.98 Avg Reward: 6.190800
2026-05-16 17:24:21 [INFO] Epoch: 1 [38400/50000 (77%)]	 Training Loss: 0.758 ACC: 43.73 CR: 0.50 Avg R1: 4.20 Avg R2: 1.98 Avg Reward: 6.184641
2026-05-16 17:24:28 [INFO] EPOCH:1, ======================CR:0.50054====================
2026-05-16 17:24:28 [INFO] 0.0013235671964238658
2026-05-16 17:24:30 [INFO] EPOCH:1, ======================ACC:47.32====================
2026-05-16 17:24:30 [INFO] BEST EPOCH:1,BEST ACC:47.32
2026-05-16 17:24:39 [INFO] Epoch: 2 [12800/50000 (26%)]	 Training Loss: 0.714 ACC: 46.90 CR: 0.50 Avg R1: 4.17 Avg R2: 2.05 Avg Reward: 6.210371
2026-05-16 17:24:48 [INFO] Epoch: 2 [25600/50000 (51%)]	 Training Loss: 0.706 ACC: 47.56 CR: 0.50 Avg R1: 4.15 Avg R2: 2.04 Avg Reward: 6.190734
2026-05-16 17:24:56 [INFO] Epoch: 2 [38400/50000 (77%)]	 Training Loss: 0.693 ACC: 48.54 CR: 0.50 Avg R1: 4.14 Avg R2: 2.04 Avg Reward: 6.183533
2026-05-16 17:25:03 [INFO] EPOCH:2, ======================CR:0.49472====================
2026-05-16 17:25:03 [INFO] -0.01090758469671031
2026-05-16 17:25:05 [INFO] EPOCH:2, ======================ACC:48.87====================
2026-05-16 17:25:05 [INFO] BEST EPOCH:2,BEST ACC:48.87
2026-05-16 17:25:13 [INFO] Epoch: 3 [12800/50000 (26%)]	 Training Loss: 0.645 ACC: 52.16 CR: 0.49 Avg R1: 4.12 Avg R2: 2.11 Avg Reward: 6.230977
2026-05-16 17:25:21 [INFO] Epoch: 3 [25600/50000 (51%)]	 Training Loss: 0.631 ACC: 53.47 CR: 0.49 Avg R1: 4.12 Avg R2: 2.11 Avg Reward: 6.225338
2026-05-16 17:25:29 [INFO] Epoch: 3 [38400/50000 (77%)]	 Training Loss: 0.629 ACC: 53.76 CR: 0.49 Avg R1: 4.12 Avg R2: 2.11 Avg Reward: 6.223777
2026-05-16 17:25:37 [INFO] EPOCH:3, ======================CR:0.4955====================
2026-05-16 17:25:37 [INFO] 0.005210107412487704
2026-05-16 17:25:39 [INFO] EPOCH:3, ======================ACC:56.23====================
2026-05-16 17:25:39 [INFO] BEST EPOCH:3,BEST ACC:56.23
2026-05-16 17:25:47 [INFO] Epoch: 4 [12800/50000 (26%)]	 Training Loss: 0.600 ACC: 56.58 CR: 0.50 Avg R1: 4.13 Avg R2: 2.24 Avg Reward: 6.369065
2026-05-16 17:25:56 [INFO] Epoch: 4 [25600/50000 (51%)]	 Training Loss: 0.598 ACC: 56.91 CR: 0.50 Avg R1: 4.14 Avg R2: 2.24 Avg Reward: 6.373440
2026-05-16 17:26:04 [INFO] Epoch: 4 [38400/50000 (77%)]	 Training Loss: 0.591 ACC: 57.33 CR: 0.50 Avg R1: 4.14 Avg R2: 2.24 Avg Reward: 6.383445
2026-05-16 17:26:12 [INFO] EPOCH:4, ======================CR:0.49926====================
2026-05-16 17:26:12 [INFO] -0.004082522114947616
2026-05-16 17:26:14 [INFO] EPOCH:4, ======================ACC:61.38====================
2026-05-16 17:26:14 [INFO] BEST EPOCH:4,BEST ACC:61.38
2026-05-16 17:26:24 [INFO] Epoch: 5 [12800/50000 (26%)]	 Training Loss: 0.554 ACC: 60.35 CR: 0.50 Avg R1: 4.15 Avg R2: 2.33 Avg Reward: 6.474955
2026-05-16 17:26:32 [INFO] Epoch: 5 [25600/50000 (51%)]	 Training Loss: 0.547 ACC: 60.33 CR: 0.50 Avg R1: 4.14 Avg R2: 2.32 Avg Reward: 6.467775
2026-05-16 17:26:41 [INFO] Epoch: 5 [38400/50000 (77%)]	 Training Loss: 0.543 ACC: 60.67 CR: 0.50 Avg R1: 4.14 Avg R2: 2.32 Avg Reward: 6.463418
2026-05-16 17:26:49 [INFO] EPOCH:5, ======================CR:0.49614====================
2026-05-16 17:26:49 [INFO] -0.0030610889328260577
2026-05-16 17:26:51 [INFO] EPOCH:5, ======================ACC:57.28====================
2026-05-16 17:26:51 [INFO] BEST EPOCH:4,BEST ACC:61.38
2026-05-16 17:26:59 [INFO] Epoch: 6 [12800/50000 (26%)]	 Training Loss: 0.516 ACC: 62.84 CR: 0.50 Avg R1: 4.13 Avg R2: 2.39 Avg Reward: 6.518306
2026-05-16 17:27:08 [INFO] Epoch: 6 [25600/50000 (51%)]	 Training Loss: 0.512 ACC: 63.00 CR: 0.50 Avg R1: 4.13 Avg R2: 2.38 Avg Reward: 6.511419
2026-05-16 17:27:16 [INFO] Epoch: 6 [38400/50000 (77%)]	 Training Loss: 0.506 ACC: 63.34 CR: 0.49 Avg R1: 4.12 Avg R2: 2.38 Avg Reward: 6.505712
2026-05-16 17:27:24 [INFO] EPOCH:6, ======================CR:0.49302====================
2026-05-16 17:27:24 [INFO] -0.00365493529748991
2026-05-16 17:27:26 [INFO] EPOCH:6, ======================ACC:60.48====================
2026-05-16 17:27:26 [INFO] BEST EPOCH:4,BEST ACC:61.38
2026-05-16 17:27:34 [INFO] Epoch: 7 [12800/50000 (26%)]	 Training Loss: 0.491 ACC: 64.77 CR: 0.49 Avg R1: 4.11 Avg R2: 2.37 Avg Reward: 6.478584
2026-05-16 17:27:43 [INFO] Epoch: 7 [25600/50000 (51%)]	 Training Loss: 0.491 ACC: 64.73 CR: 0.49 Avg R1: 4.10 Avg R2: 2.37 Avg Reward: 6.474120
2026-05-16 17:27:53 [INFO] Epoch: 7 [38400/50000 (77%)]	 Training Loss: 0.486 ACC: 65.08 CR: 0.49 Avg R1: 4.10 Avg R2: 2.37 Avg Reward: 6.474891
2026-05-16 17:28:02 [INFO] EPOCH:7, ======================CR:0.49324====================
2026-05-16 17:28:02 [INFO] 0.0025886485358011307
2026-05-16 17:28:04 [INFO] EPOCH:7, ======================ACC:66.68====================
2026-05-16 17:28:04 [INFO] BEST EPOCH:7,BEST ACC:66.68
2026-05-16 17:28:13 [INFO] Epoch: 8 [12800/50000 (26%)]	 Training Loss: 0.458 ACC: 66.49 CR: 0.49 Avg R1: 4.11 Avg R2: 2.38 Avg Reward: 6.487776
2026-05-16 17:28:22 [INFO] Epoch: 8 [25600/50000 (51%)]	 Training Loss: 0.455 ACC: 66.91 CR: 0.49 Avg R1: 4.11 Avg R2: 2.38 Avg Reward: 6.486002
2026-05-16 17:28:31 [INFO] Epoch: 8 [38400/50000 (77%)]	 Training Loss: 0.450 ACC: 67.46 CR: 0.49 Avg R1: 4.10 Avg R2: 2.38 Avg Reward: 6.475255
2026-05-16 17:28:41 [INFO] EPOCH:8, ======================CR:0.48896====================
2026-05-16 17:28:41 [INFO] 0.0008606230428248345
2026-05-16 17:28:43 [INFO] EPOCH:8, ======================ACC:69.56====================
2026-05-16 17:28:43 [INFO] BEST EPOCH:8,BEST ACC:69.56
2026-05-16 17:28:52 [INFO] Epoch: 9 [12800/50000 (26%)]	 Training Loss: 0.428 ACC: 69.60 CR: 0.49 Avg R1: 4.09 Avg R2: 2.34 Avg Reward: 6.424777
2026-05-16 17:29:00 [INFO] Epoch: 9 [25600/50000 (51%)]	 Training Loss: 0.428 ACC: 69.42 CR: 0.49 Avg R1: 4.09 Avg R2: 2.34 Avg Reward: 6.424139
2026-05-16 17:29:10 [INFO] Epoch: 9 [38400/50000 (77%)]	 Training Loss: 0.426 ACC: 69.57 CR: 0.50 Avg R1: 4.10 Avg R2: 2.34 Avg Reward: 6.435737
2026-05-16 17:29:19 [INFO] EPOCH:9, ======================CR:0.49352====================
2026-05-16 17:29:19 [INFO] 0.003788058305263214
2026-05-16 17:29:21 [INFO] EPOCH:9, ======================ACC:72.59====================
2026-05-16 17:29:21 [INFO] BEST EPOCH:9,BEST ACC:72.59
2026-05-16 17:29:31 [INFO] Epoch: 10 [12800/50000 (26%)]	 Training Loss: 0.395 ACC: 71.95 CR: 0.49 Avg R1: 4.11 Avg R2: 2.31 Avg Reward: 6.419297
2026-05-16 17:29:40 [INFO] Epoch: 10 [25600/50000 (51%)]	 Training Loss: 0.393 ACC: 72.04 CR: 0.50 Avg R1: 4.12 Avg R2: 2.31 Avg Reward: 6.421797
2026-05-16 17:29:51 [INFO] Epoch: 10 [38400/50000 (77%)]	 Training Loss: 0.391 ACC: 72.05 CR: 0.49 Avg R1: 4.11 Avg R2: 2.31 Avg Reward: 6.420394
2026-05-16 17:30:01 [INFO] EPOCH:10, ======================CR:0.4933====================
2026-05-16 17:30:01 [INFO] 0.0031416463327722
2026-05-16 17:30:03 [INFO] EPOCH:10, ======================ACC:75.56====================
2026-05-16 17:30:03 [INFO] BEST EPOCH:10,BEST ACC:75.56
2026-05-16 17:30:12 [INFO] Epoch: 11 [12800/50000 (26%)]	 Training Loss: 0.383 ACC: 73.13 CR: 0.49 Avg R1: 4.11 Avg R2: 2.26 Avg Reward: 6.361607
2026-05-16 17:30:23 [INFO] Epoch: 11 [25600/50000 (51%)]	 Training Loss: 0.380 ACC: 73.09 CR: 0.49 Avg R1: 4.10 Avg R2: 2.25 Avg Reward: 6.353284
2026-05-16 17:30:33 [INFO] Epoch: 11 [38400/50000 (77%)]	 Training Loss: 0.372 ACC: 73.60 CR: 0.49 Avg R1: 4.09 Avg R2: 2.25 Avg Reward: 6.344668
2026-05-16 17:30:42 [INFO] EPOCH:11, ======================CR:0.48782====================
2026-05-16 17:30:42 [INFO] -0.006938411933669656
2026-05-16 17:30:44 [INFO] EPOCH:11, ======================ACC:78.06====================
2026-05-16 17:30:44 [INFO] BEST EPOCH:11,BEST ACC:78.06
2026-05-16 17:30:55 [INFO] Epoch: 12 [12800/50000 (26%)]	 Training Loss: 0.352 ACC: 74.90 CR: 0.49 Avg R1: 4.06 Avg R2: 2.17 Avg Reward: 6.231797
2026-05-16 17:31:05 [INFO] Epoch: 12 [25600/50000 (51%)]	 Training Loss: 0.351 ACC: 74.85 CR: 0.49 Avg R1: 4.06 Avg R2: 2.17 Avg Reward: 6.223907
2026-05-16 17:31:15 [INFO] Epoch: 12 [38400/50000 (77%)]	 Training Loss: 0.352 ACC: 74.84 CR: 0.48 Avg R1: 4.05 Avg R2: 2.16 Avg Reward: 6.215995
2026-05-16 17:31:25 [INFO] EPOCH:12, ======================CR:0.47694====================
2026-05-16 17:31:25 [INFO] -0.001075169255513254
2026-05-16 17:31:27 [INFO] EPOCH:12, ======================ACC:77.32====================
2026-05-16 17:31:27 [INFO] BEST EPOCH:11,BEST ACC:78.06
2026-05-16 17:31:39 [INFO] Epoch: 13 [12800/50000 (26%)]	 Training Loss: 0.326 ACC: 76.30 CR: 0.47 Avg R1: 3.96 Avg R2: 2.07 Avg Reward: 6.025795
2026-05-16 17:31:50 [INFO] Epoch: 13 [25600/50000 (51%)]	 Training Loss: 0.324 ACC: 76.34 CR: 0.47 Avg R1: 3.93 Avg R2: 2.06 Avg Reward: 5.988061
2026-05-16 17:32:01 [INFO] Epoch: 13 [38400/50000 (77%)]	 Training Loss: 0.321 ACC: 76.80 CR: 0.46 Avg R1: 3.91 Avg R2: 2.05 Avg Reward: 5.963297
2026-05-16 17:32:11 [INFO] EPOCH:13, ======================CR:0.4636====================
2026-05-16 17:32:11 [INFO] -0.004429411127453236
2026-05-16 17:32:14 [INFO] EPOCH:13, ======================ACC:79.15====================
2026-05-16 17:32:14 [INFO] BEST EPOCH:13,BEST ACC:79.15
2026-05-16 17:32:27 [INFO] Epoch: 14 [12800/50000 (26%)]	 Training Loss: 0.320 ACC: 77.35 CR: 0.47 Avg R1: 3.88 Avg R2: 1.97 Avg Reward: 5.844428
2026-05-16 17:32:40 [INFO] Epoch: 14 [25600/50000 (51%)]	 Training Loss: 0.317 ACC: 77.28 CR: 0.46 Avg R1: 3.87 Avg R2: 1.96 Avg Reward: 5.833878
2026-05-16 17:32:52 [INFO] Epoch: 14 [38400/50000 (77%)]	 Training Loss: 0.316 ACC: 77.43 CR: 0.46 Avg R1: 3.87 Avg R2: 1.96 Avg Reward: 5.832368
2026-05-16 17:33:03 [INFO] EPOCH:14, ======================CR:0.46748====================
2026-05-16 17:33:03 [INFO] 0.00625123291863959
2026-05-16 17:33:05 [INFO] EPOCH:14, ======================ACC:81.7====================
2026-05-16 17:33:05 [INFO] BEST EPOCH:14,BEST ACC:81.7
2026-05-16 17:33:18 [INFO] Epoch: 15 [12800/50000 (26%)]	 Training Loss: 0.316 ACC: 77.70 CR: 0.47 Avg R1: 3.92 Avg R2: 1.92 Avg Reward: 5.848338
2026-05-16 17:33:31 [INFO] Epoch: 15 [25600/50000 (51%)]	 Training Loss: 0.308 ACC: 78.00 CR: 0.48 Avg R1: 3.94 Avg R2: 1.93 Avg Reward: 5.865472
2026-05-16 17:33:43 [INFO] Epoch: 15 [38400/50000 (77%)]	 Training Loss: 0.306 ACC: 78.34 CR: 0.48 Avg R1: 3.95 Avg R2: 1.93 Avg Reward: 5.882172
2026-05-16 17:33:53 [INFO] EPOCH:15, ======================CR:0.4794====================
2026-05-16 17:33:53 [INFO] -0.0025395548885342057
2026-05-16 17:33:56 [INFO] EPOCH:15, ======================ACC:80.23====================
2026-05-16 17:33:56 [INFO] BEST EPOCH:14,BEST ACC:81.7
2026-05-16 17:34:09 [INFO] Epoch: 16 [12800/50000 (26%)]	 Training Loss: 0.300 ACC: 78.22 CR: 0.48 Avg R1: 3.98 Avg R2: 1.88 Avg Reward: 5.866313
2026-05-16 17:34:23 [INFO] Epoch: 16 [25600/50000 (51%)]	 Training Loss: 0.302 ACC: 78.36 CR: 0.48 Avg R1: 3.98 Avg R2: 1.89 Avg Reward: 5.865779
2026-05-16 17:34:36 [INFO] Epoch: 16 [38400/50000 (77%)]	 Training Loss: 0.300 ACC: 78.45 CR: 0.48 Avg R1: 3.98 Avg R2: 1.88 Avg Reward: 5.861259
2026-05-16 17:34:48 [INFO] EPOCH:16, ======================CR:0.47342====================
2026-05-16 17:34:48 [INFO] 0.0009892520039225183
2026-05-16 17:34:50 [INFO] EPOCH:16, ======================ACC:79.79====================
2026-05-16 17:34:50 [INFO] BEST EPOCH:14,BEST ACC:81.7
2026-05-16 17:35:02 [INFO] Epoch: 17 [12800/50000 (26%)]	 Training Loss: 0.289 ACC: 79.27 CR: 0.47 Avg R1: 3.95 Avg R2: 1.82 Avg Reward: 5.773991
2026-05-16 17:35:15 [INFO] Epoch: 17 [25600/50000 (51%)]	 Training Loss: 0.288 ACC: 79.36 CR: 0.48 Avg R1: 3.95 Avg R2: 1.82 Avg Reward: 5.777837
2026-05-16 17:35:27 [INFO] Epoch: 17 [38400/50000 (77%)]	 Training Loss: 0.292 ACC: 79.18 CR: 0.48 Avg R1: 3.96 Avg R2: 1.83 Avg Reward: 5.788243
2026-05-16 17:35:39 [INFO] EPOCH:17, ======================CR:0.48132====================
2026-05-16 17:35:39 [INFO] -0.002846156077554345
2026-05-16 17:35:41 [INFO] EPOCH:17, ======================ACC:78.68====================
2026-05-16 17:35:41 [INFO] BEST EPOCH:14,BEST ACC:81.7
2026-05-16 17:35:53 [INFO] Epoch: 18 [12800/50000 (26%)]	 Training Loss: 0.300 ACC: 79.01 CR: 0.48 Avg R1: 4.02 Avg R2: 1.82 Avg Reward: 5.833298
2026-05-16 17:36:06 [INFO] Epoch: 18 [25600/50000 (51%)]	 Training Loss: 0.291 ACC: 79.77 CR: 0.49 Avg R1: 4.04 Avg R2: 1.82 Avg Reward: 5.856326
2026-05-16 17:36:19 [INFO] Epoch: 18 [38400/50000 (77%)]	 Training Loss: 0.291 ACC: 79.57 CR: 0.49 Avg R1: 4.05 Avg R2: 1.82 Avg Reward: 5.875506
2026-05-16 17:36:30 [INFO] EPOCH:18, ======================CR:0.49436====================
2026-05-16 17:36:30 [INFO] 0.0030756190460856526
2026-05-16 17:36:32 [INFO] EPOCH:18, ======================ACC:82.13====================
2026-05-16 17:36:32 [INFO] BEST EPOCH:18,BEST ACC:82.13
2026-05-16 17:36:45 [INFO] Epoch: 19 [12800/50000 (26%)]	 Training Loss: 0.276 ACC: 80.73 CR: 0.50 Avg R1: 4.12 Avg R2: 1.81 Avg Reward: 5.934251
2026-05-16 17:36:58 [INFO] Epoch: 19 [25600/50000 (51%)]	 Training Loss: 0.280 ACC: 80.52 CR: 0.50 Avg R1: 4.13 Avg R2: 1.81 Avg Reward: 5.940996
2026-05-16 17:37:11 [INFO] Epoch: 19 [38400/50000 (77%)]	 Training Loss: 0.284 ACC: 80.26 CR: 0.50 Avg R1: 4.14 Avg R2: 1.81 Avg Reward: 5.947559
2026-05-16 17:37:22 [INFO] EPOCH:19, ======================CR:0.50036====================
2026-05-16 17:37:22 [INFO] -0.01479502223847164
2026-05-16 17:37:24 [INFO] EPOCH:19, ======================ACC:80.08====================
2026-05-16 17:37:24 [INFO] BEST EPOCH:18,BEST ACC:82.13
2026-05-16 17:37:38 [INFO] Epoch: 20 [12800/50000 (26%)]	 Training Loss: 0.283 ACC: 80.29 CR: 0.50 Avg R1: 4.18 Avg R2: 1.79 Avg Reward: 5.971354
2026-05-16 17:37:50 [INFO] Epoch: 20 [25600/50000 (51%)]	 Training Loss: 0.284 ACC: 80.48 CR: 0.50 Avg R1: 4.18 Avg R2: 1.80 Avg Reward: 5.980209
2026-05-16 17:38:03 [INFO] Epoch: 20 [38400/50000 (77%)]	 Training Loss: 0.282 ACC: 80.66 CR: 0.50 Avg R1: 4.19 Avg R2: 1.80 Avg Reward: 5.986399
2026-05-16 17:38:16 [INFO] EPOCH:20, ======================CR:0.50456====================
2026-05-16 17:38:16 [INFO] -0.00042799044972649357
2026-05-16 17:38:18 [INFO] EPOCH:20, ======================ACC:81.9====================
2026-05-16 17:38:18 [INFO] BEST EPOCH:18,BEST ACC:82.13
2026-05-16 17:38:31 [INFO] Epoch: 21 [12800/50000 (26%)]	 Training Loss: 0.281 ACC: 80.77 CR: 0.50 Avg R1: 4.19 Avg R2: 1.78 Avg Reward: 5.972031
2026-05-16 17:38:44 [INFO] Epoch: 21 [25600/50000 (51%)]	 Training Loss: 0.277 ACC: 81.01 CR: 0.50 Avg R1: 4.19 Avg R2: 1.78 Avg Reward: 5.963293
2026-05-16 17:38:58 [INFO] Epoch: 21 [38400/50000 (77%)]	 Training Loss: 0.275 ACC: 81.09 CR: 0.50 Avg R1: 4.18 Avg R2: 1.78 Avg Reward: 5.958897
2026-05-16 17:39:11 [INFO] EPOCH:21, ======================CR:0.50066====================
2026-05-16 17:39:11 [INFO] -0.002433735593920062
2026-05-16 17:39:13 [INFO] EPOCH:21, ======================ACC:82.0====================
2026-05-16 17:39:13 [INFO] BEST EPOCH:18,BEST ACC:82.13
2026-05-16 17:39:26 [INFO] Epoch: 22 [12800/50000 (26%)]	 Training Loss: 0.264 ACC: 81.84 CR: 0.50 Avg R1: 4.16 Avg R2: 1.75 Avg Reward: 5.908746
2026-05-16 17:39:40 [INFO] Epoch: 22 [25600/50000 (51%)]	 Training Loss: 0.268 ACC: 81.60 CR: 0.50 Avg R1: 4.16 Avg R2: 1.74 Avg Reward: 5.899634
2026-05-16 17:39:53 [INFO] Epoch: 22 [38400/50000 (77%)]	 Training Loss: 0.271 ACC: 81.58 CR: 0.50 Avg R1: 4.15 Avg R2: 1.74 Avg Reward: 5.895042
2026-05-16 17:40:05 [INFO] EPOCH:22, ======================CR:0.50118====================
2026-05-16 17:40:05 [INFO] 0.0020200928098930886
2026-05-16 17:40:07 [INFO] EPOCH:22, ======================ACC:74.65====================
2026-05-16 17:40:07 [INFO] BEST EPOCH:18,BEST ACC:82.13
2026-05-16 17:40:21 [INFO] Epoch: 23 [12800/50000 (26%)]	 Training Loss: 0.267 ACC: 81.64 CR: 0.50 Avg R1: 4.17 Avg R2: 1.73 Avg Reward: 5.901313
2026-05-16 17:40:34 [INFO] Epoch: 23 [25600/50000 (51%)]	 Training Loss: 0.265 ACC: 81.75 CR: 0.50 Avg R1: 4.18 Avg R2: 1.73 Avg Reward: 5.908804
2026-05-16 17:40:47 [INFO] Epoch: 23 [38400/50000 (77%)]	 Training Loss: 0.267 ACC: 81.53 CR: 0.50 Avg R1: 4.18 Avg R2: 1.73 Avg Reward: 5.916801
2026-05-16 17:41:00 [INFO] EPOCH:23, ======================CR:0.50462====================
2026-05-16 17:41:00 [INFO] 0.00018409237889493657
2026-05-16 17:41:02 [INFO] EPOCH:23, ======================ACC:81.35====================
2026-05-16 17:41:02 [INFO] BEST EPOCH:18,BEST ACC:82.13
2026-05-16 17:41:16 [INFO] Epoch: 24 [12800/50000 (26%)]	 Training Loss: 0.262 ACC: 81.87 CR: 0.50 Avg R1: 4.21 Avg R2: 1.72 Avg Reward: 5.930186
2026-05-16 17:41:28 [INFO] Epoch: 24 [25600/50000 (51%)]	 Training Loss: 0.264 ACC: 81.84 CR: 0.50 Avg R1: 4.20 Avg R2: 1.72 Avg Reward: 5.922150
2026-05-16 17:41:41 [INFO] Epoch: 24 [38400/50000 (77%)]	 Training Loss: 0.263 ACC: 81.90 CR: 0.50 Avg R1: 4.20 Avg R2: 1.72 Avg Reward: 5.919342
2026-05-16 17:41:54 [INFO] EPOCH:24, ======================CR:0.5021====================
2026-05-16 17:41:54 [INFO] 0.0026304135300688324
2026-05-16 17:41:56 [INFO] EPOCH:24, ======================ACC:83.19====================
2026-05-16 17:41:56 [INFO] BEST EPOCH:24,BEST ACC:83.19
2026-05-16 17:42:10 [INFO] Epoch: 25 [12800/50000 (26%)]	 Training Loss: 0.253 ACC: 82.63 CR: 0.50 Avg R1: 4.20 Avg R2: 1.72 Avg Reward: 5.920088
2026-05-16 17:42:24 [INFO] Epoch: 25 [25600/50000 (51%)]	 Training Loss: 0.255 ACC: 82.41 CR: 0.50 Avg R1: 4.20 Avg R2: 1.73 Avg Reward: 5.921905
2026-05-16 17:42:38 [INFO] Epoch: 25 [38400/50000 (77%)]	 Training Loss: 0.254 ACC: 82.43 CR: 0.50 Avg R1: 4.20 Avg R2: 1.73 Avg Reward: 5.921680
2026-05-16 17:42:53 [INFO] EPOCH:25, ======================CR:0.50444====================
2026-05-16 17:42:53 [INFO] -0.001769586081141497
2026-05-16 17:42:55 [INFO] EPOCH:25, ======================ACC:81.83====================
2026-05-16 17:42:55 [INFO] BEST EPOCH:24,BEST ACC:83.19
2026-05-16 17:43:09 [INFO] Epoch: 26 [12800/50000 (26%)]	 Training Loss: 0.250 ACC: 82.34 CR: 0.50 Avg R1: 4.20 Avg R2: 1.70 Avg Reward: 5.892070
2026-05-16 17:43:22 [INFO] Epoch: 26 [25600/50000 (51%)]	 Training Loss: 0.252 ACC: 82.30 CR: 0.50 Avg R1: 4.18 Avg R2: 1.69 Avg Reward: 5.877660
2026-05-16 17:43:36 [INFO] Epoch: 26 [38400/50000 (77%)]	 Training Loss: 0.253 ACC: 82.43 CR: 0.50 Avg R1: 4.18 Avg R2: 1.69 Avg Reward: 5.872238
2026-05-16 17:43:49 [INFO] EPOCH:26, ======================CR:0.50088====================
2026-05-16 17:43:49 [INFO] 0.0010437763109272932
2026-05-16 17:43:51 [INFO] EPOCH:26, ======================ACC:83.2====================
2026-05-16 17:43:51 [INFO] BEST EPOCH:26,BEST ACC:83.2
2026-05-16 17:44:05 [INFO] Epoch: 27 [12800/50000 (26%)]	 Training Loss: 0.246 ACC: 83.42 CR: 0.50 Avg R1: 4.19 Avg R2: 1.69 Avg Reward: 5.876835
2026-05-16 17:44:18 [INFO] Epoch: 27 [25600/50000 (51%)]	 Training Loss: 0.243 ACC: 83.31 CR: 0.51 Avg R1: 4.20 Avg R2: 1.69 Avg Reward: 5.890518
2026-05-16 17:44:32 [INFO] Epoch: 27 [38400/50000 (77%)]	 Training Loss: 0.247 ACC: 82.91 CR: 0.51 Avg R1: 4.21 Avg R2: 1.69 Avg Reward: 5.906530
2026-05-16 17:44:44 [INFO] EPOCH:27, ======================CR:0.50916====================
2026-05-16 17:44:44 [INFO] -0.013606363681298014
2026-05-16 17:44:47 [INFO] EPOCH:27, ======================ACC:79.71====================
2026-05-16 17:44:47 [INFO] BEST EPOCH:26,BEST ACC:83.2
2026-05-16 17:45:02 [INFO] Epoch: 28 [12800/50000 (26%)]	 Training Loss: 0.257 ACC: 82.45 CR: 0.51 Avg R1: 4.26 Avg R2: 1.70 Avg Reward: 5.956528
2026-05-16 17:45:16 [INFO] Epoch: 28 [25600/50000 (51%)]	 Training Loss: 0.250 ACC: 83.20 CR: 0.51 Avg R1: 4.26 Avg R2: 1.70 Avg Reward: 5.960741
2026-05-16 17:45:30 [INFO] Epoch: 28 [38400/50000 (77%)]	 Training Loss: 0.247 ACC: 83.11 CR: 0.51 Avg R1: 4.26 Avg R2: 1.70 Avg Reward: 5.955777
2026-05-16 17:45:42 [INFO] EPOCH:28, ======================CR:0.51044====================
2026-05-16 17:45:42 [INFO] -0.004119548467868402
2026-05-16 17:45:44 [INFO] EPOCH:28, ======================ACC:81.28====================
2026-05-16 17:45:44 [INFO] BEST EPOCH:26,BEST ACC:83.2
2026-05-16 17:45:58 [INFO] Epoch: 29 [12800/50000 (26%)]	 Training Loss: 0.248 ACC: 82.79 CR: 0.51 Avg R1: 4.25 Avg R2: 1.69 Avg Reward: 5.943580
2026-05-16 17:46:12 [INFO] Epoch: 29 [25600/50000 (51%)]	 Training Loss: 0.247 ACC: 82.96 CR: 0.51 Avg R1: 4.26 Avg R2: 1.69 Avg Reward: 5.951218
2026-05-16 17:46:26 [INFO] Epoch: 29 [38400/50000 (77%)]	 Training Loss: 0.247 ACC: 83.09 CR: 0.51 Avg R1: 4.26 Avg R2: 1.70 Avg Reward: 5.957480
2026-05-16 17:46:38 [INFO] EPOCH:29, ======================CR:0.51248====================
2026-05-16 17:46:38 [INFO] 0.0010321477333830207
2026-05-16 17:46:40 [INFO] EPOCH:29, ======================ACC:83.07====================
2026-05-16 17:46:40 [INFO] BEST EPOCH:26,BEST ACC:83.2
2026-05-16 17:46:55 [INFO] Epoch: 30 [12800/50000 (26%)]	 Training Loss: 0.238 ACC: 83.26 CR: 0.51 Avg R1: 4.27 Avg R2: 1.70 Avg Reward: 5.965064
2026-05-16 17:47:09 [INFO] Epoch: 30 [25600/50000 (51%)]	 Training Loss: 0.238 ACC: 83.65 CR: 0.51 Avg R1: 4.27 Avg R2: 1.70 Avg Reward: 5.965732
2026-05-16 17:47:24 [INFO] Epoch: 30 [38400/50000 (77%)]	 Training Loss: 0.237 ACC: 83.70 CR: 0.51 Avg R1: 4.27 Avg R2: 1.70 Avg Reward: 5.967816
2026-05-16 17:47:38 [INFO] EPOCH:30, ======================CR:0.51114====================
2026-05-16 17:47:38 [INFO] -0.00017087925591635847
2026-05-16 17:47:39 [INFO] EPOCH:30, ======================ACC:83.04====================
2026-05-16 17:47:39 [INFO] BEST EPOCH:26,BEST ACC:83.2
2026-05-16 17:47:54 [INFO] Epoch: 31 [12800/50000 (26%)]	 Training Loss: 0.247 ACC: 82.85 CR: 0.51 Avg R1: 4.25 Avg R2: 1.68 Avg Reward: 5.935814
2026-05-16 17:48:09 [INFO] Epoch: 31 [25600/50000 (51%)]	 Training Loss: 0.246 ACC: 82.88 CR: 0.51 Avg R1: 4.26 Avg R2: 1.68 Avg Reward: 5.943581
2026-05-16 17:48:23 [INFO] Epoch: 31 [38400/50000 (77%)]	 Training Loss: 0.241 ACC: 83.32 CR: 0.51 Avg R1: 4.26 Avg R2: 1.68 Avg Reward: 5.944765
2026-05-16 17:48:38 [INFO] EPOCH:31, ======================CR:0.5084====================
2026-05-16 17:48:38 [INFO] 0.0002769559908184404
2026-05-16 17:48:40 [INFO] EPOCH:31, ======================ACC:82.55====================
2026-05-16 17:48:40 [INFO] BEST EPOCH:26,BEST ACC:83.2
2026-05-16 17:48:54 [INFO] Epoch: 32 [12800/50000 (26%)]	 Training Loss: 0.244 ACC: 83.28 CR: 0.51 Avg R1: 4.24 Avg R2: 1.68 Avg Reward: 5.916430
2026-05-16 17:49:08 [INFO] Epoch: 32 [25600/50000 (51%)]	 Training Loss: 0.245 ACC: 83.20 CR: 0.51 Avg R1: 4.23 Avg R2: 1.68 Avg Reward: 5.912935
2026-05-16 17:49:23 [INFO] Epoch: 32 [38400/50000 (77%)]	 Training Loss: 0.240 ACC: 83.58 CR: 0.50 Avg R1: 4.23 Avg R2: 1.68 Avg Reward: 5.903188
2026-05-16 17:49:37 [INFO] EPOCH:32, ======================CR:0.50366====================
2026-05-16 17:49:37 [INFO] 0.0028976338796751554
2026-05-16 17:49:39 [INFO] EPOCH:32, ======================ACC:82.68====================
2026-05-16 17:49:39 [INFO] BEST EPOCH:26,BEST ACC:83.2
2026-05-16 17:49:54 [INFO] Epoch: 33 [12800/50000 (26%)]	 Training Loss: 0.233 ACC: 83.96 CR: 0.50 Avg R1: 4.19 Avg R2: 1.67 Avg Reward: 5.857388
2026-05-16 17:50:07 [INFO] Epoch: 33 [25600/50000 (51%)]	 Training Loss: 0.230 ACC: 84.19 CR: 0.50 Avg R1: 4.19 Avg R2: 1.67 Avg Reward: 5.860690
2026-05-16 17:50:22 [INFO] Epoch: 33 [38400/50000 (77%)]	 Training Loss: 0.232 ACC: 83.98 CR: 0.50 Avg R1: 4.19 Avg R2: 1.67 Avg Reward: 5.862969
2026-05-16 17:50:36 [INFO] EPOCH:33, ======================CR:0.50506====================
2026-05-16 17:50:36 [INFO] 0.0010741249309482257
2026-05-16 17:50:38 [INFO] EPOCH:33, ======================ACC:77.82====================
2026-05-16 17:50:38 [INFO] BEST EPOCH:26,BEST ACC:83.2
2026-05-16 17:50:54 [INFO] Epoch: 34 [12800/50000 (26%)]	 Training Loss: 0.233 ACC: 84.33 CR: 0.51 Avg R1: 4.21 Avg R2: 1.66 Avg Reward: 5.869449
2026-05-16 17:51:09 [INFO] Epoch: 34 [25600/50000 (51%)]	 Training Loss: 0.229 ACC: 84.61 CR: 0.51 Avg R1: 4.21 Avg R2: 1.66 Avg Reward: 5.870147
2026-05-16 17:51:23 [INFO] Epoch: 34 [38400/50000 (77%)]	 Training Loss: 0.233 ACC: 84.20 CR: 0.50 Avg R1: 4.21 Avg R2: 1.66 Avg Reward: 5.870407
2026-05-16 17:51:38 [INFO] EPOCH:34, ======================CR:0.50386====================
2026-05-16 17:51:38 [INFO] 0.0006373605895450144
2026-05-16 17:51:40 [INFO] EPOCH:34, ======================ACC:84.58====================
2026-05-16 17:51:40 [INFO] BEST EPOCH:34,BEST ACC:84.58
2026-05-16 17:51:55 [INFO] Epoch: 35 [12800/50000 (26%)]	 Training Loss: 0.230 ACC: 84.42 CR: 0.50 Avg R1: 4.20 Avg R2: 1.66 Avg Reward: 5.866205
2026-05-16 17:52:10 [INFO] Epoch: 35 [25600/50000 (51%)]	 Training Loss: 0.225 ACC: 84.67 CR: 0.50 Avg R1: 4.20 Avg R2: 1.66 Avg Reward: 5.858330
2026-05-16 17:52:24 [INFO] Epoch: 35 [38400/50000 (77%)]	 Training Loss: 0.225 ACC: 84.41 CR: 0.50 Avg R1: 4.19 Avg R2: 1.66 Avg Reward: 5.852682
2026-05-16 17:52:39 [INFO] EPOCH:35, ======================CR:0.50238====================
2026-05-16 17:52:39 [INFO] -0.003080756962951093
2026-05-16 17:52:41 [INFO] EPOCH:35, ======================ACC:86.32====================
2026-05-16 17:52:41 [INFO] BEST EPOCH:35,BEST ACC:86.32
2026-05-16 17:52:57 [INFO] Epoch: 36 [12800/50000 (26%)]	 Training Loss: 0.226 ACC: 84.02 CR: 0.50 Avg R1: 4.18 Avg R2: 1.65 Avg Reward: 5.829883
2026-05-16 17:53:13 [INFO] Epoch: 36 [25600/50000 (51%)]	 Training Loss: 0.225 ACC: 84.39 CR: 0.50 Avg R1: 4.18 Avg R2: 1.65 Avg Reward: 5.827375
2026-05-16 17:53:27 [INFO] Epoch: 36 [38400/50000 (77%)]	 Training Loss: 0.224 ACC: 84.39 CR: 0.50 Avg R1: 4.17 Avg R2: 1.65 Avg Reward: 5.820593
2026-05-16 17:53:41 [INFO] EPOCH:36, ======================CR:0.50004====================
2026-05-16 17:53:41 [INFO] -0.0019244760763056008
2026-05-16 17:53:43 [INFO] EPOCH:36, ======================ACC:84.51====================
2026-05-16 17:53:43 [INFO] BEST EPOCH:35,BEST ACC:86.32
2026-05-16 17:54:00 [INFO] Epoch: 37 [12800/50000 (26%)]	 Training Loss: 0.220 ACC: 84.91 CR: 0.50 Avg R1: 4.16 Avg R2: 1.65 Avg Reward: 5.811383
2026-05-16 17:54:16 [INFO] Epoch: 37 [25600/50000 (51%)]	 Training Loss: 0.221 ACC: 85.02 CR: 0.50 Avg R1: 4.17 Avg R2: 1.65 Avg Reward: 5.820842
2026-05-16 17:54:31 [INFO] Epoch: 37 [38400/50000 (77%)]	 Training Loss: 0.228 ACC: 84.72 CR: 0.51 Avg R1: 4.18 Avg R2: 1.66 Avg Reward: 5.838771
2026-05-16 17:54:45 [INFO] EPOCH:37, ======================CR:0.50992====================
2026-05-16 17:54:45 [INFO] -0.004775698291332688
2026-05-16 17:54:47 [INFO] EPOCH:37, ======================ACC:83.58====================
2026-05-16 17:54:47 [INFO] BEST EPOCH:35,BEST ACC:86.32
2026-05-16 17:55:02 [INFO] Epoch: 38 [12800/50000 (26%)]	 Training Loss: 0.219 ACC: 85.20 CR: 0.51 Avg R1: 4.24 Avg R2: 1.66 Avg Reward: 5.903721
2026-05-16 17:55:18 [INFO] Epoch: 38 [25600/50000 (51%)]	 Training Loss: 0.219 ACC: 85.07 CR: 0.51 Avg R1: 4.25 Avg R2: 1.66 Avg Reward: 5.910938
2026-05-16 17:55:35 [INFO] Epoch: 38 [38400/50000 (77%)]	 Training Loss: 0.218 ACC: 84.98 CR: 0.51 Avg R1: 4.25 Avg R2: 1.66 Avg Reward: 5.914431
2026-05-16 17:55:51 [INFO] EPOCH:38, ======================CR:0.50708====================
2026-05-16 17:55:51 [INFO] -0.0043199209596967445
2026-05-16 17:55:53 [INFO] EPOCH:38, ======================ACC:83.32====================
2026-05-16 17:55:53 [INFO] BEST EPOCH:35,BEST ACC:86.32
2026-05-16 17:56:08 [INFO] Epoch: 39 [12800/50000 (26%)]	 Training Loss: 0.222 ACC: 85.14 CR: 0.51 Avg R1: 4.24 Avg R2: 1.66 Avg Reward: 5.898361
2026-05-16 17:56:22 [INFO] Epoch: 39 [25600/50000 (51%)]	 Training Loss: 0.220 ACC: 85.32 CR: 0.51 Avg R1: 4.25 Avg R2: 1.66 Avg Reward: 5.908996
2026-05-16 17:56:38 [INFO] Epoch: 39 [38400/50000 (77%)]	 Training Loss: 0.223 ACC: 85.03 CR: 0.51 Avg R1: 4.26 Avg R2: 1.66 Avg Reward: 5.917023
2026-05-16 17:56:53 [INFO] EPOCH:39, ======================CR:0.51358====================
2026-05-16 17:56:53 [INFO] -0.003119827997008814
2026-05-16 17:56:55 [INFO] EPOCH:39, ======================ACC:85.65====================
2026-05-16 17:56:55 [INFO] BEST EPOCH:35,BEST ACC:86.32
2026-05-16 17:57:12 [INFO] Epoch: 40 [12800/50000 (26%)]	 Training Loss: 0.216 ACC: 85.29 CR: 0.51 Avg R1: 4.28 Avg R2: 1.68 Avg Reward: 5.955497
2026-05-16 17:57:28 [INFO] Epoch: 40 [25600/50000 (51%)]	 Training Loss: 0.216 ACC: 85.23 CR: 0.51 Avg R1: 4.28 Avg R2: 1.68 Avg Reward: 5.953611
2026-05-16 17:57:44 [INFO] Epoch: 40 [38400/50000 (77%)]	 Training Loss: 0.216 ACC: 85.30 CR: 0.51 Avg R1: 4.27 Avg R2: 1.68 Avg Reward: 5.945543
2026-05-16 17:57:55 [INFO] EPOCH:40, ======================CR:0.51294====================
2026-05-16 17:57:55 [INFO] 0.0018955442865001687
2026-05-16 17:57:57 [INFO] EPOCH:40, ======================ACC:83.3====================
2026-05-16 17:57:57 [INFO] BEST EPOCH:35,BEST ACC:86.32
2026-05-16 17:58:08 [INFO] Epoch: 41 [12800/50000 (26%)]	 Training Loss: 0.215 ACC: 84.91 CR: 0.51 Avg R1: 4.26 Avg R2: 1.65 Avg Reward: 5.912177
2026-05-16 17:58:23 [INFO] Epoch: 41 [25600/50000 (51%)]	 Training Loss: 0.214 ACC: 85.13 CR: 0.51 Avg R1: 4.25 Avg R2: 1.65 Avg Reward: 5.903480
2026-05-16 17:58:39 [INFO] Epoch: 41 [38400/50000 (77%)]	 Training Loss: 0.215 ACC: 85.16 CR: 0.51 Avg R1: 4.24 Avg R2: 1.65 Avg Reward: 5.890269
2026-05-16 17:58:51 [INFO] EPOCH:41, ======================CR:0.50322====================
2026-05-16 17:58:51 [INFO] 0.005340503866269606
2026-05-16 17:58:53 [INFO] EPOCH:41, ======================ACC:82.83====================
2026-05-16 17:58:53 [INFO] BEST EPOCH:35,BEST ACC:86.32
2026-05-16 17:59:09 [INFO] Epoch: 42 [12800/50000 (26%)]	 Training Loss: 0.207 ACC: 86.06 CR: 0.50 Avg R1: 4.19 Avg R2: 1.65 Avg Reward: 5.840494
2026-05-16 17:59:25 [INFO] Epoch: 42 [25600/50000 (51%)]	 Training Loss: 0.209 ACC: 85.82 CR: 0.50 Avg R1: 4.19 Avg R2: 1.65 Avg Reward: 5.836567
2026-05-16 17:59:40 [INFO] Epoch: 42 [38400/50000 (77%)]	 Training Loss: 0.209 ACC: 85.77 CR: 0.50 Avg R1: 4.19 Avg R2: 1.64 Avg Reward: 5.832122
2026-05-16 17:59:54 [INFO] EPOCH:42, ======================CR:0.50106====================
2026-05-16 17:59:54 [INFO] 0.0022122630944222126
2026-05-16 17:59:57 [INFO] EPOCH:42, ======================ACC:85.39====================
2026-05-16 17:59:57 [INFO] BEST EPOCH:35,BEST ACC:86.32
2026-05-16 18:00:12 [INFO] Epoch: 43 [12800/50000 (26%)]	 Training Loss: 0.214 ACC: 85.21 CR: 0.50 Avg R1: 4.17 Avg R2: 1.63 Avg Reward: 5.802119
2026-05-16 18:00:28 [INFO] Epoch: 43 [25600/50000 (51%)]	 Training Loss: 0.208 ACC: 85.66 CR: 0.50 Avg R1: 4.18 Avg R2: 1.63 Avg Reward: 5.808758
2026-05-16 18:00:44 [INFO] Epoch: 43 [38400/50000 (77%)]	 Training Loss: 0.209 ACC: 85.72 CR: 0.50 Avg R1: 4.18 Avg R2: 1.63 Avg Reward: 5.814796
2026-05-16 18:00:58 [INFO] EPOCH:43, ======================CR:0.50244====================
2026-05-16 18:00:58 [INFO] -0.0005360538120380963
2026-05-16 18:01:00 [INFO] EPOCH:43, ======================ACC:85.32====================
2026-05-16 18:01:00 [INFO] BEST EPOCH:35,BEST ACC:86.32
2026-05-16 18:01:15 [INFO] Epoch: 44 [12800/50000 (26%)]	 Training Loss: 0.224 ACC: 84.67 CR: 0.50 Avg R1: 4.19 Avg R2: 1.64 Avg Reward: 5.825562
2026-05-16 18:01:31 [INFO] Epoch: 44 [25600/50000 (51%)]	 Training Loss: 0.213 ACC: 85.33 CR: 0.50 Avg R1: 4.19 Avg R2: 1.64 Avg Reward: 5.824609
2026-05-16 18:01:45 [INFO] Epoch: 44 [38400/50000 (77%)]	 Training Loss: 0.212 ACC: 85.43 CR: 0.50 Avg R1: 4.19 Avg R2: 1.63 Avg Reward: 5.825622
2026-05-16 18:02:00 [INFO] EPOCH:44, ======================CR:0.5018====================
2026-05-16 18:02:00 [INFO] -0.005106437335964124
2026-05-16 18:02:03 [INFO] EPOCH:44, ======================ACC:85.78====================
2026-05-16 18:02:03 [INFO] BEST EPOCH:35,BEST ACC:86.32
2026-05-16 18:02:18 [INFO] Epoch: 45 [12800/50000 (26%)]	 Training Loss: 0.202 ACC: 86.05 CR: 0.50 Avg R1: 4.18 Avg R2: 1.64 Avg Reward: 5.818498
2026-05-16 18:02:34 [INFO] Epoch: 45 [25600/50000 (51%)]	 Training Loss: 0.204 ACC: 85.98 CR: 0.50 Avg R1: 4.18 Avg R2: 1.64 Avg Reward: 5.818678
2026-05-16 18:02:50 [INFO] Epoch: 45 [38400/50000 (77%)]	 Training Loss: 0.206 ACC: 85.87 CR: 0.50 Avg R1: 4.17 Avg R2: 1.64 Avg Reward: 5.813242
2026-05-16 18:03:04 [INFO] EPOCH:45, ======================CR:0.50306====================
2026-05-16 18:03:04 [INFO] -0.0022654892747925714
2026-05-16 18:03:06 [INFO] EPOCH:45, ======================ACC:86.38====================
2026-05-16 18:03:06 [INFO] BEST EPOCH:45,BEST ACC:86.38
2026-05-16 18:03:22 [INFO] Epoch: 46 [12800/50000 (26%)]	 Training Loss: 0.211 ACC: 85.34 CR: 0.50 Avg R1: 4.19 Avg R2: 1.63 Avg Reward: 5.822814
2026-05-16 18:03:38 [INFO] Epoch: 46 [25600/50000 (51%)]	 Training Loss: 0.207 ACC: 85.61 CR: 0.50 Avg R1: 4.18 Avg R2: 1.63 Avg Reward: 5.815415
2026-05-16 18:03:54 [INFO] Epoch: 46 [38400/50000 (77%)]	 Training Loss: 0.209 ACC: 85.39 CR: 0.50 Avg R1: 4.18 Avg R2: 1.63 Avg Reward: 5.815677
2026-05-16 18:04:09 [INFO] EPOCH:46, ======================CR:0.50096====================
2026-05-16 18:04:09 [INFO] 0.004628370247308337
2026-05-16 18:04:11 [INFO] EPOCH:46, ======================ACC:86.63====================
2026-05-16 18:04:11 [INFO] BEST EPOCH:46,BEST ACC:86.63
2026-05-16 18:04:28 [INFO] Epoch: 47 [12800/50000 (26%)]	 Training Loss: 0.215 ACC: 85.30 CR: 0.50 Avg R1: 4.17 Avg R2: 1.63 Avg Reward: 5.799533
2026-05-16 18:04:45 [INFO] Epoch: 47 [25600/50000 (51%)]	 Training Loss: 0.204 ACC: 85.98 CR: 0.50 Avg R1: 4.18 Avg R2: 1.63 Avg Reward: 5.809974
2026-05-16 18:05:01 [INFO] Epoch: 47 [38400/50000 (77%)]	 Training Loss: 0.203 ACC: 85.95 CR: 0.50 Avg R1: 4.18 Avg R2: 1.63 Avg Reward: 5.810663
2026-05-16 18:05:15 [INFO] EPOCH:47, ======================CR:0.50204====================
2026-05-16 18:05:15 [INFO] -0.0017424265817734663
2026-05-16 18:05:17 [INFO] EPOCH:47, ======================ACC:86.07====================
2026-05-16 18:05:17 [INFO] BEST EPOCH:46,BEST ACC:86.63
2026-05-16 18:05:35 [INFO] Epoch: 48 [12800/50000 (26%)]	 Training Loss: 0.190 ACC: 86.72 CR: 0.50 Avg R1: 4.18 Avg R2: 1.63 Avg Reward: 5.811362
2026-05-16 18:05:51 [INFO] Epoch: 48 [25600/50000 (51%)]	 Training Loss: 0.203 ACC: 85.93 CR: 0.50 Avg R1: 4.17 Avg R2: 1.63 Avg Reward: 5.798509
2026-05-16 18:06:08 [INFO] Epoch: 48 [38400/50000 (77%)]	 Training Loss: 0.202 ACC: 86.14 CR: 0.50 Avg R1: 4.16 Avg R2: 1.63 Avg Reward: 5.797651
2026-05-16 18:06:23 [INFO] EPOCH:48, ======================CR:0.50412====================
2026-05-16 18:06:23 [INFO] 0.0010367060840219295
2026-05-16 18:06:25 [INFO] EPOCH:48, ======================ACC:85.61====================
2026-05-16 18:06:25 [INFO] BEST EPOCH:46,BEST ACC:86.63
2026-05-16 18:06:42 [INFO] Epoch: 49 [12800/50000 (26%)]	 Training Loss: 0.209 ACC: 85.70 CR: 0.51 Avg R1: 4.21 Avg R2: 1.64 Avg Reward: 5.851725
2026-05-16 18:06:57 [INFO] Epoch: 49 [25600/50000 (51%)]	 Training Loss: 0.207 ACC: 85.89 CR: 0.51 Avg R1: 4.23 Avg R2: 1.64 Avg Reward: 5.865832
2026-05-16 18:07:13 [INFO] Epoch: 49 [38400/50000 (77%)]	 Training Loss: 0.209 ACC: 85.73 CR: 0.51 Avg R1: 4.24 Avg R2: 1.64 Avg Reward: 5.879607
2026-05-16 18:07:29 [INFO] EPOCH:49, ======================CR:0.51278====================
2026-05-16 18:07:29 [INFO] 0.00010161622333312991
2026-05-16 18:07:31 [INFO] EPOCH:49, ======================ACC:86.22====================
2026-05-16 18:07:31 [INFO] BEST EPOCH:46,BEST ACC:86.63
2026-05-16 18:07:49 [INFO] Epoch: 50 [12800/50000 (26%)]	 Training Loss: 0.198 ACC: 86.80 CR: 0.51 Avg R1: 4.26 Avg R2: 1.64 Avg Reward: 5.907642
2026-05-16 18:08:04 [INFO] Epoch: 50 [25600/50000 (51%)]	 Training Loss: 0.197 ACC: 86.74 CR: 0.51 Avg R1: 4.27 Avg R2: 1.64 Avg Reward: 5.915906
2026-05-16 18:08:21 [INFO] Epoch: 50 [38400/50000 (77%)]	 Training Loss: 0.200 ACC: 86.53 CR: 0.51 Avg R1: 4.28 Avg R2: 1.64 Avg Reward: 5.922397
2026-05-16 18:08:37 [INFO] EPOCH:50, ======================CR:0.51334====================
2026-05-16 18:08:37 [INFO] 0.0036947658998094175
2026-05-16 18:08:39 [INFO] EPOCH:50, ======================ACC:88.39====================
2026-05-16 18:08:39 [INFO] BEST EPOCH:50,BEST ACC:88.39
2026-05-16 18:08:57 [INFO] Epoch: 51 [12800/50000 (26%)]	 Training Loss: 0.207 ACC: 86.08 CR: 0.52 Avg R1: 4.29 Avg R2: 1.63 Avg Reward: 5.922102
2026-05-16 18:09:13 [INFO] Epoch: 51 [25600/50000 (51%)]	 Training Loss: 0.206 ACC: 86.12 CR: 0.52 Avg R1: 4.30 Avg R2: 1.63 Avg Reward: 5.938379
2026-05-16 18:09:30 [INFO] Epoch: 51 [38400/50000 (77%)]	 Training Loss: 0.206 ACC: 86.17 CR: 0.52 Avg R1: 4.31 Avg R2: 1.64 Avg Reward: 5.950021
2026-05-16 18:09:45 [INFO] EPOCH:51, ======================CR:0.53058====================
2026-05-16 18:09:45 [INFO] 0.0004450345852923505
2026-05-16 18:09:47 [INFO] EPOCH:51, ======================ACC:87.64====================
2026-05-16 18:09:47 [INFO] BEST EPOCH:50,BEST ACC:88.39
2026-05-16 18:10:04 [INFO] Epoch: 52 [12800/50000 (26%)]	 Training Loss: 0.191 ACC: 87.26 CR: 0.53 Avg R1: 4.41 Avg R2: 1.68 Avg Reward: 6.085397
2026-05-16 18:10:20 [INFO] Epoch: 52 [25600/50000 (51%)]	 Training Loss: 0.196 ACC: 86.88 CR: 0.53 Avg R1: 4.40 Avg R2: 1.68 Avg Reward: 6.077341
2026-05-16 18:10:36 [INFO] Epoch: 52 [38400/50000 (77%)]	 Training Loss: 0.197 ACC: 86.83 CR: 0.53 Avg R1: 4.40 Avg R2: 1.68 Avg Reward: 6.072965
2026-05-16 18:10:52 [INFO] EPOCH:52, ======================CR:0.53118====================
2026-05-16 18:10:52 [INFO] -0.013013031448907867
2026-05-16 18:10:53 [INFO] EPOCH:52, ======================ACC:84.48====================
2026-05-16 18:10:53 [INFO] BEST EPOCH:50,BEST ACC:88.39
2026-05-16 18:11:10 [INFO] Epoch: 53 [12800/50000 (26%)]	 Training Loss: 0.216 ACC: 86.11 CR: 0.54 Avg R1: 4.48 Avg R2: 1.69 Avg Reward: 6.173059
2026-05-16 18:11:29 [INFO] Epoch: 53 [25600/50000 (51%)]	 Training Loss: 0.222 ACC: 86.06 CR: 0.56 Avg R1: 4.54 Avg R2: 1.70 Avg Reward: 6.247311
2026-05-16 18:11:44 [INFO] Epoch: 53 [38400/50000 (77%)]	 Training Loss: 0.225 ACC: 86.21 CR: 0.59 Avg R1: 4.64 Avg R2: 1.73 Avg Reward: 6.363231
2026-05-16 18:11:58 [INFO] EPOCH:53, ======================CR:0.62174====================
2026-05-16 18:11:58 [INFO] -0.019808371887695266
2026-05-16 18:12:00 [INFO] EPOCH:53, ======================ACC:85.8====================
2026-05-16 18:12:00 [INFO] BEST EPOCH:50,BEST ACC:88.39
2026-05-16 18:12:17 [INFO] Epoch: 54 [12800/50000 (26%)]	 Training Loss: 0.231 ACC: 86.17 CR: 0.63 Avg R1: 4.69 Avg R2: 1.88 Avg Reward: 6.568085
2026-05-16 18:12:33 [INFO] Epoch: 54 [25600/50000 (51%)]	 Training Loss: 0.233 ACC: 86.18 CR: 0.64 Avg R1: 4.63 Avg R2: 1.89 Avg Reward: 6.523423
2026-05-16 18:12:49 [INFO] Epoch: 54 [38400/50000 (77%)]	 Training Loss: 0.238 ACC: 85.93 CR: 0.65 Avg R1: 4.57 Avg R2: 1.90 Avg Reward: 6.471530
2026-05-16 18:13:03 [INFO] EPOCH:54, ======================CR:0.65268====================
2026-05-16 18:13:03 [INFO] -0.01775210872850548
2026-05-16 18:13:05 [INFO] EPOCH:54, ======================ACC:84.74====================
2026-05-16 18:13:05 [INFO] BEST EPOCH:50,BEST ACC:88.39
2026-05-16 18:13:23 [INFO] Epoch: 55 [12800/50000 (26%)]	 Training Loss: 0.234 ACC: 86.61 CR: 0.66 Avg R1: 4.34 Avg R2: 1.92 Avg Reward: 6.262174
2026-05-16 18:13:40 [INFO] Epoch: 55 [25600/50000 (51%)]	 Training Loss: 0.232 ACC: 86.63 CR: 0.66 Avg R1: 4.31 Avg R2: 1.93 Avg Reward: 6.239100
2026-05-16 18:13:57 [INFO] Epoch: 55 [38400/50000 (77%)]	 Training Loss: 0.230 ACC: 86.61 CR: 0.65 Avg R1: 4.31 Avg R2: 1.93 Avg Reward: 6.234441
2026-05-16 18:14:11 [INFO] EPOCH:55, ======================CR:0.64108====================
2026-05-16 18:14:11 [INFO] -0.016508124029011143
2026-05-16 18:14:13 [INFO] EPOCH:55, ======================ACC:87.09====================
2026-05-16 18:14:13 [INFO] BEST EPOCH:50,BEST ACC:88.39
2026-05-16 18:14:31 [INFO] Epoch: 56 [12800/50000 (26%)]	 Training Loss: 0.226 ACC: 85.77 CR: 0.63 Avg R1: 4.56 Avg R2: 1.88 Avg Reward: 6.439566
2026-05-16 18:14:49 [INFO] Epoch: 56 [25600/50000 (51%)]	 Training Loss: 0.214 ACC: 86.62 CR: 0.62 Avg R1: 4.62 Avg R2: 1.87 Avg Reward: 6.494925
2026-05-16 18:15:07 [INFO] Epoch: 56 [38400/50000 (77%)]	 Training Loss: 0.213 ACC: 86.51 CR: 0.61 Avg R1: 4.69 Avg R2: 1.86 Avg Reward: 6.550767
2026-05-16 18:15:23 [INFO] EPOCH:56, ======================CR:0.59104====================
2026-05-16 18:15:23 [INFO] -0.01274739124915856
2026-05-16 18:15:25 [INFO] EPOCH:56, ======================ACC:88.64====================
2026-05-16 18:15:25 [INFO] BEST EPOCH:56,BEST ACC:88.64
2026-05-16 18:15:25 [INFO] Saving Masks: current CR 0.5910 target CR 0.6000
2026-05-16 18:15:25 [INFO] Updated candidate mask pretrained-rescale_mask_best-acc_60_05161722_resnet18 at epoch 56 with acc 88.6400
2026-05-16 18:15:25 [INFO] Updated candidate mask pretrained-rescale_mask_best-r2_60_05161722_resnet18 at epoch 56 with acc 88.6400
2026-05-16 18:15:45 [INFO] Epoch: 57 [12800/50000 (26%)]	 Training Loss: 0.207 ACC: 86.50 CR: 0.59 Avg R1: 4.91 Avg R2: 1.78 Avg Reward: 6.694195
2026-05-16 18:16:03 [INFO] Epoch: 57 [25600/50000 (51%)]	 Training Loss: 0.203 ACC: 86.81 CR: 0.58 Avg R1: 4.89 Avg R2: 1.78 Avg Reward: 6.663875
2026-05-16 18:16:22 [INFO] Epoch: 57 [38400/50000 (77%)]	 Training Loss: 0.199 ACC: 86.96 CR: 0.57 Avg R1: 4.86 Avg R2: 1.77 Avg Reward: 6.623651
2026-05-16 18:16:37 [INFO] EPOCH:57, ======================CR:0.56144====================
2026-05-16 18:16:37 [INFO] -0.012155154455597781
2026-05-16 18:16:39 [INFO] EPOCH:57, ======================ACC:88.33====================
2026-05-16 18:16:39 [INFO] BEST EPOCH:56,BEST ACC:88.64
2026-05-16 18:16:57 [INFO] Epoch: 58 [12800/50000 (26%)]	 Training Loss: 0.195 ACC: 87.34 CR: 0.56 Avg R1: 4.66 Avg R2: 1.72 Avg Reward: 6.388475
2026-05-16 18:17:15 [INFO] Epoch: 58 [25600/50000 (51%)]	 Training Loss: 0.198 ACC: 87.14 CR: 0.56 Avg R1: 4.67 Avg R2: 1.72 Avg Reward: 6.397086
2026-05-16 18:17:32 [INFO] Epoch: 58 [38400/50000 (77%)]	 Training Loss: 0.201 ACC: 87.02 CR: 0.56 Avg R1: 4.68 Avg R2: 1.73 Avg Reward: 6.407590
2026-05-16 18:17:47 [INFO] EPOCH:58, ======================CR:0.56488====================
2026-05-16 18:17:47 [INFO] -0.013240791376250591
2026-05-16 18:17:49 [INFO] EPOCH:58, ======================ACC:82.55====================
2026-05-16 18:17:49 [INFO] BEST EPOCH:56,BEST ACC:88.64
2026-05-16 18:18:08 [INFO] Epoch: 59 [12800/50000 (26%)]	 Training Loss: 0.200 ACC: 86.96 CR: 0.57 Avg R1: 4.71 Avg R2: 1.72 Avg Reward: 6.429762
2026-05-16 18:18:30 [INFO] Epoch: 59 [25600/50000 (51%)]	 Training Loss: 0.204 ACC: 86.89 CR: 0.57 Avg R1: 4.71 Avg R2: 1.73 Avg Reward: 6.435460
2026-05-16 18:18:52 [INFO] Epoch: 59 [38400/50000 (77%)]	 Training Loss: 0.203 ACC: 86.96 CR: 0.57 Avg R1: 4.71 Avg R2: 1.73 Avg Reward: 6.434445
2026-05-16 18:19:14 [INFO] EPOCH:59, ======================CR:0.5778====================
2026-05-16 18:19:14 [INFO] -0.005015697234140491
2026-05-16 18:19:16 [INFO] EPOCH:59, ======================ACC:86.57====================
2026-05-16 18:19:16 [INFO] BEST EPOCH:56,BEST ACC:88.64
2026-05-16 18:19:35 [INFO] Epoch: 60 [12800/50000 (26%)]	 Training Loss: 0.218 ACC: 87.38 CR: 0.60 Avg R1: 4.89 Avg R2: 1.77 Avg Reward: 6.667261
2026-05-16 18:19:54 [INFO] Epoch: 60 [25600/50000 (51%)]	 Training Loss: 0.233 ACC: 86.56 CR: 0.63 Avg R1: 4.87 Avg R2: 1.80 Avg Reward: 6.668381
2026-05-16 18:20:13 [INFO] Epoch: 60 [38400/50000 (77%)]	 Training Loss: 0.233 ACC: 86.70 CR: 0.66 Avg R1: 4.72 Avg R2: 1.83 Avg Reward: 6.548061
2026-05-16 18:20:30 [INFO] EPOCH:60, ======================CR:0.68828====================
2026-05-16 18:20:30 [INFO] 0.0017742306598674971
2026-05-16 18:20:32 [INFO] EPOCH:60, ======================ACC:86.99====================
2026-05-16 18:20:32 [INFO] BEST EPOCH:56,BEST ACC:88.64
2026-05-16 18:20:51 [INFO] Epoch: 61 [12800/50000 (26%)]	 Training Loss: 0.235 ACC: 86.75 CR: 0.69 Avg R1: 3.91 Avg R2: 1.99 Avg Reward: 5.904063
2026-05-16 18:21:08 [INFO] Epoch: 61 [25600/50000 (51%)]	 Training Loss: 0.220 ACC: 87.38 CR: 0.68 Avg R1: 3.93 Avg R2: 1.99 Avg Reward: 5.922417
2026-05-16 18:21:26 [INFO] Epoch: 61 [38400/50000 (77%)]	 Training Loss: 0.225 ACC: 87.18 CR: 0.67 Avg R1: 3.97 Avg R2: 1.98 Avg Reward: 5.950345
2026-05-16 18:21:43 [INFO] EPOCH:61, ======================CR:0.66492====================
2026-05-16 18:21:43 [INFO] 0.005344753243571157
2026-05-16 18:21:45 [INFO] EPOCH:61, ======================ACC:87.86====================
2026-05-16 18:21:45 [INFO] BEST EPOCH:56,BEST ACC:88.64
2026-05-16 18:22:03 [INFO] Epoch: 62 [12800/50000 (26%)]	 Training Loss: 0.213 ACC: 87.74 CR: 0.67 Avg R1: 4.16 Avg R2: 1.93 Avg Reward: 6.088370
2026-05-16 18:22:21 [INFO] Epoch: 62 [25600/50000 (51%)]	 Training Loss: 0.213 ACC: 87.58 CR: 0.66 Avg R1: 4.17 Avg R2: 1.93 Avg Reward: 6.098041
2026-05-16 18:22:39 [INFO] Epoch: 62 [38400/50000 (77%)]	 Training Loss: 0.213 ACC: 87.32 CR: 0.65 Avg R1: 4.21 Avg R2: 1.92 Avg Reward: 6.132081
2026-05-16 18:22:55 [INFO] EPOCH:62, ======================CR:0.63556====================
2026-05-16 18:22:55 [INFO] -0.00868688267684697
2026-05-16 18:22:57 [INFO] EPOCH:62, ======================ACC:89.73====================
2026-05-16 18:22:57 [INFO] BEST EPOCH:62,BEST ACC:89.73
2026-05-16 18:23:16 [INFO] Epoch: 63 [12800/50000 (26%)]	 Training Loss: 0.193 ACC: 87.95 CR: 0.63 Avg R1: 4.56 Avg R2: 1.88 Avg Reward: 6.435627
2026-05-16 18:23:32 [INFO] Epoch: 63 [25600/50000 (51%)]	 Training Loss: 0.194 ACC: 87.89 CR: 0.63 Avg R1: 4.59 Avg R2: 1.87 Avg Reward: 6.464965
2026-05-16 18:23:49 [INFO] Epoch: 63 [38400/50000 (77%)]	 Training Loss: 0.197 ACC: 87.80 CR: 0.62 Avg R1: 4.63 Avg R2: 1.87 Avg Reward: 6.494552
2026-05-16 18:24:05 [INFO] EPOCH:63, ======================CR:0.62608====================
2026-05-16 18:24:05 [INFO] -0.0037441577471877706
2026-05-16 18:24:07 [INFO] EPOCH:63, ======================ACC:87.15====================
2026-05-16 18:24:07 [INFO] BEST EPOCH:62,BEST ACC:89.73
2026-05-16 18:24:26 [INFO] Epoch: 64 [12800/50000 (26%)]	 Training Loss: 0.195 ACC: 87.83 CR: 0.62 Avg R1: 4.69 Avg R2: 1.86 Avg Reward: 6.554182
2026-05-16 18:24:43 [INFO] Epoch: 64 [25600/50000 (51%)]	 Training Loss: 0.197 ACC: 87.88 CR: 0.62 Avg R1: 4.71 Avg R2: 1.86 Avg Reward: 6.575855
2026-05-16 18:25:01 [INFO] Epoch: 64 [38400/50000 (77%)]	 Training Loss: 0.193 ACC: 87.98 CR: 0.60 Avg R1: 4.77 Avg R2: 1.85 Avg Reward: 6.625883
2026-05-16 18:25:16 [INFO] EPOCH:64, ======================CR:0.59058====================
2026-05-16 18:25:16 [INFO] 0.009711064936171934
2026-05-16 18:25:18 [INFO] EPOCH:64, ======================ACC:88.17====================
2026-05-16 18:25:18 [INFO] BEST EPOCH:62,BEST ACC:89.73
2026-05-16 18:25:18 [INFO] Saving Masks: current CR 0.5906 target CR 0.6000
2026-05-16 18:25:36 [INFO] Epoch: 65 [12800/50000 (26%)]	 Training Loss: 0.182 ACC: 88.20 CR: 0.59 Avg R1: 4.90 Avg R2: 1.79 Avg Reward: 6.692967
2026-05-16 18:25:55 [INFO] Epoch: 65 [25600/50000 (51%)]	 Training Loss: 0.180 ACC: 88.37 CR: 0.58 Avg R1: 4.88 Avg R2: 1.79 Avg Reward: 6.666879
2026-05-16 18:26:13 [INFO] Epoch: 65 [38400/50000 (77%)]	 Training Loss: 0.185 ACC: 88.17 CR: 0.58 Avg R1: 4.86 Avg R2: 1.78 Avg Reward: 6.645593
2026-05-16 18:26:29 [INFO] EPOCH:65, ======================CR:0.57924====================
2026-05-16 18:26:29 [INFO] 0.012268862731380186
2026-05-16 18:26:31 [INFO] EPOCH:65, ======================ACC:89.63====================
2026-05-16 18:26:31 [INFO] BEST EPOCH:62,BEST ACC:89.73
2026-05-16 18:26:49 [INFO] Epoch: 66 [12800/50000 (26%)]	 Training Loss: 0.195 ACC: 87.54 CR: 0.58 Avg R1: 4.83 Avg R2: 1.76 Avg Reward: 6.590227
2026-05-16 18:27:07 [INFO] Epoch: 66 [25600/50000 (51%)]	 Training Loss: 0.194 ACC: 87.65 CR: 0.58 Avg R1: 4.82 Avg R2: 1.76 Avg Reward: 6.584687
2026-05-16 18:27:24 [INFO] Epoch: 66 [38400/50000 (77%)]	 Training Loss: 0.194 ACC: 87.73 CR: 0.58 Avg R1: 4.82 Avg R2: 1.76 Avg Reward: 6.581317
2026-05-16 18:27:40 [INFO] EPOCH:66, ======================CR:0.58158====================
2026-05-16 18:27:40 [INFO] -0.004067604643946012
2026-05-16 18:27:42 [INFO] EPOCH:66, ======================ACC:87.04====================
2026-05-16 18:27:42 [INFO] BEST EPOCH:62,BEST ACC:89.73
2026-05-16 18:28:00 [INFO] Epoch: 67 [12800/50000 (26%)]	 Training Loss: 0.188 ACC: 88.92 CR: 0.59 Avg R1: 4.89 Avg R2: 1.78 Avg Reward: 6.675234
2026-05-16 18:28:18 [INFO] Epoch: 67 [25600/50000 (51%)]	 Training Loss: 0.195 ACC: 88.23 CR: 0.60 Avg R1: 4.94 Avg R2: 1.79 Avg Reward: 6.728138
2026-05-16 18:28:37 [INFO] Epoch: 67 [38400/50000 (77%)]	 Training Loss: 0.195 ACC: 88.08 CR: 0.61 Avg R1: 4.93 Avg R2: 1.80 Avg Reward: 6.733926
2026-05-16 18:28:53 [INFO] EPOCH:67, ======================CR:0.6138====================
2026-05-16 18:28:53 [INFO] -0.007377000681558692
2026-05-16 18:28:55 [INFO] EPOCH:67, ======================ACC:87.66====================
2026-05-16 18:28:55 [INFO] BEST EPOCH:62,BEST ACC:89.73
2026-05-16 18:29:14 [INFO] Epoch: 68 [12800/50000 (26%)]	 Training Loss: 0.185 ACC: 88.79 CR: 0.61 Avg R1: 4.82 Avg R2: 1.83 Avg Reward: 6.654437
2026-05-16 18:29:31 [INFO] Epoch: 68 [25600/50000 (51%)]	 Training Loss: 0.184 ACC: 88.54 CR: 0.60 Avg R1: 4.86 Avg R2: 1.82 Avg Reward: 6.684604
2026-05-16 18:29:49 [INFO] Epoch: 68 [38400/50000 (77%)]	 Training Loss: 0.189 ACC: 88.24 CR: 0.60 Avg R1: 4.90 Avg R2: 1.82 Avg Reward: 6.718078
2026-05-16 18:30:05 [INFO] EPOCH:68, ======================CR:0.5916====================
2026-05-16 18:30:05 [INFO] 0.005162589619222382
2026-05-16 18:30:07 [INFO] EPOCH:68, ======================ACC:88.77====================
2026-05-16 18:30:07 [INFO] BEST EPOCH:62,BEST ACC:89.73
2026-05-16 18:30:07 [INFO] Saving Masks: current CR 0.5916 target CR 0.6000
2026-05-16 18:30:07 [INFO] Updated candidate mask pretrained-rescale_mask_best-acc_60_05161722_resnet18 at epoch 68 with acc 88.7700
2026-05-16 18:30:26 [INFO] Epoch: 69 [12800/50000 (26%)]	 Training Loss: 0.187 ACC: 88.72 CR: 0.59 Avg R1: 4.92 Avg R2: 1.78 Avg Reward: 6.699182
2026-05-16 18:30:44 [INFO] Epoch: 69 [25600/50000 (51%)]	 Training Loss: 0.192 ACC: 88.48 CR: 0.60 Avg R1: 4.94 Avg R2: 1.78 Avg Reward: 6.719710
2026-05-16 18:31:02 [INFO] Epoch: 69 [38400/50000 (77%)]	 Training Loss: 0.194 ACC: 88.18 CR: 0.61 Avg R1: 4.95 Avg R2: 1.79 Avg Reward: 6.733735
2026-05-16 18:31:19 [INFO] EPOCH:69, ======================CR:0.60896====================
2026-05-16 18:31:19 [INFO] 0.0007245671089574102
2026-05-16 18:31:21 [INFO] EPOCH:69, ======================ACC:87.02====================
2026-05-16 18:31:21 [INFO] BEST EPOCH:68,BEST ACC:89.73
2026-05-16 18:31:21 [INFO] Saving Masks: current CR 0.6090 target CR 0.6000
2026-05-16 18:31:39 [INFO] Epoch: 70 [12800/50000 (26%)]	 Training Loss: 0.191 ACC: 87.99 CR: 0.60 Avg R1: 4.92 Avg R2: 1.81 Avg Reward: 6.730241
2026-05-16 18:31:57 [INFO] Epoch: 70 [25600/50000 (51%)]	 Training Loss: 0.189 ACC: 88.34 CR: 0.60 Avg R1: 4.95 Avg R2: 1.81 Avg Reward: 6.756589
2026-05-16 18:32:15 [INFO] Epoch: 70 [38400/50000 (77%)]	 Training Loss: 0.191 ACC: 88.21 CR: 0.59 Avg R1: 4.95 Avg R2: 1.80 Avg Reward: 6.747778
2026-05-16 18:32:32 [INFO] EPOCH:70, ======================CR:0.58414====================
2026-05-16 18:32:32 [INFO] 0.003990781869493778
2026-05-16 18:32:34 [INFO] EPOCH:70, ======================ACC:87.15====================
2026-05-16 18:32:34 [INFO] BEST EPOCH:68,BEST ACC:89.73
2026-05-16 18:32:53 [INFO] Epoch: 71 [12800/50000 (26%)]	 Training Loss: 0.181 ACC: 88.34 CR: 0.58 Avg R1: 4.86 Avg R2: 1.75 Avg Reward: 6.607301
2026-05-16 18:33:11 [INFO] Epoch: 71 [25600/50000 (51%)]	 Training Loss: 0.177 ACC: 88.64 CR: 0.57 Avg R1: 4.83 Avg R2: 1.74 Avg Reward: 6.577027
2026-05-16 18:33:32 [INFO] Epoch: 71 [38400/50000 (77%)]	 Training Loss: 0.176 ACC: 88.77 CR: 0.57 Avg R1: 4.81 Avg R2: 1.74 Avg Reward: 6.546814
2026-05-16 18:33:48 [INFO] EPOCH:71, ======================CR:0.56278====================
2026-05-16 18:33:48 [INFO] -0.0040453808108878685
2026-05-16 18:33:50 [INFO] EPOCH:71, ======================ACC:89.76====================
2026-05-16 18:33:50 [INFO] BEST EPOCH:71,BEST ACC:89.76
2026-05-16 18:34:09 [INFO] Epoch: 72 [12800/50000 (26%)]	 Training Loss: 0.176 ACC: 88.80 CR: 0.56 Avg R1: 4.69 Avg R2: 1.71 Avg Reward: 6.405805
2026-05-16 18:34:28 [INFO] Epoch: 72 [25600/50000 (51%)]	 Training Loss: 0.182 ACC: 88.50 CR: 0.57 Avg R1: 4.70 Avg R2: 1.72 Avg Reward: 6.419772
2026-05-16 18:34:46 [INFO] Epoch: 72 [38400/50000 (77%)]	 Training Loss: 0.181 ACC: 88.64 CR: 0.57 Avg R1: 4.72 Avg R2: 1.72 Avg Reward: 6.435080
2026-05-16 18:35:04 [INFO] EPOCH:72, ======================CR:0.57648====================
2026-05-16 18:35:04 [INFO] -0.004127771956328945
2026-05-16 18:35:06 [INFO] EPOCH:72, ======================ACC:87.34====================
2026-05-16 18:35:06 [INFO] BEST EPOCH:71,BEST ACC:89.76
2026-05-16 18:35:26 [INFO] Epoch: 73 [12800/50000 (26%)]	 Training Loss: 0.191 ACC: 87.88 CR: 0.58 Avg R1: 4.82 Avg R2: 1.76 Avg Reward: 6.572486
2026-05-16 18:35:45 [INFO] Epoch: 73 [25600/50000 (51%)]	 Training Loss: 0.185 ACC: 88.34 CR: 0.58 Avg R1: 4.83 Avg R2: 1.76 Avg Reward: 6.580940
2026-05-16 18:36:04 [INFO] Epoch: 73 [38400/50000 (77%)]	 Training Loss: 0.185 ACC: 88.39 CR: 0.58 Avg R1: 4.83 Avg R2: 1.76 Avg Reward: 6.590666
2026-05-16 18:36:22 [INFO] EPOCH:73, ======================CR:0.5823====================
2026-05-16 18:36:22 [INFO] -0.002962698005560349
2026-05-16 18:36:24 [INFO] EPOCH:73, ======================ACC:87.76====================
2026-05-16 18:36:24 [INFO] BEST EPOCH:71,BEST ACC:89.76
2026-05-16 18:36:42 [INFO] Epoch: 74 [12800/50000 (26%)]	 Training Loss: 0.169 ACC: 89.08 CR: 0.58 Avg R1: 4.85 Avg R2: 1.75 Avg Reward: 6.602236
2026-05-16 18:37:01 [INFO] Epoch: 74 [25600/50000 (51%)]	 Training Loss: 0.175 ACC: 88.72 CR: 0.58 Avg R1: 4.83 Avg R2: 1.75 Avg Reward: 6.580831
2026-05-16 18:37:19 [INFO] Epoch: 74 [38400/50000 (77%)]	 Training Loss: 0.182 ACC: 88.61 CR: 0.60 Avg R1: 4.85 Avg R2: 1.75 Avg Reward: 6.603248
2026-05-16 18:37:36 [INFO] EPOCH:74, ======================CR:0.61552====================
2026-05-16 18:37:36 [INFO] 0.0058450029774714495
2026-05-16 18:37:38 [INFO] EPOCH:74, ======================ACC:89.06====================
2026-05-16 18:37:38 [INFO] BEST EPOCH:71,BEST ACC:89.76
2026-05-16 18:37:58 [INFO] Epoch: 75 [12800/50000 (26%)]	 Training Loss: 0.191 ACC: 88.72 CR: 0.62 Avg R1: 4.77 Avg R2: 1.83 Avg Reward: 6.597840
2026-05-16 18:38:16 [INFO] Epoch: 75 [25600/50000 (51%)]	 Training Loss: 0.192 ACC: 88.55 CR: 0.62 Avg R1: 4.75 Avg R2: 1.83 Avg Reward: 6.584296
2026-05-16 18:38:34 [INFO] Epoch: 75 [38400/50000 (77%)]	 Training Loss: 0.197 ACC: 88.27 CR: 0.62 Avg R1: 4.74 Avg R2: 1.83 Avg Reward: 6.576397
2026-05-16 18:38:50 [INFO] EPOCH:75, ======================CR:0.63366====================
2026-05-16 18:38:50 [INFO] 0.0173754914432335
2026-05-16 18:38:52 [INFO] EPOCH:75, ======================ACC:90.28====================
2026-05-16 18:38:52 [INFO] BEST EPOCH:75,BEST ACC:90.28
2026-05-16 18:39:10 [INFO] Epoch: 76 [12800/50000 (26%)]	 Training Loss: 0.197 ACC: 88.62 CR: 0.64 Avg R1: 4.56 Avg R2: 1.87 Avg Reward: 6.433466
2026-05-16 18:39:29 [INFO] Epoch: 76 [25600/50000 (51%)]	 Training Loss: 0.193 ACC: 88.66 CR: 0.63 Avg R1: 4.56 Avg R2: 1.87 Avg Reward: 6.434422
2026-05-16 18:39:53 [INFO] Epoch: 76 [38400/50000 (77%)]	 Training Loss: 0.191 ACC: 88.60 CR: 0.63 Avg R1: 4.58 Avg R2: 1.87 Avg Reward: 6.448992
2026-05-16 18:40:11 [INFO] EPOCH:76, ======================CR:0.62028====================
2026-05-16 18:40:11 [INFO] 0.0036992109107661974
2026-05-16 18:40:13 [INFO] EPOCH:76, ======================ACC:89.06====================
2026-05-16 18:40:13 [INFO] BEST EPOCH:75,BEST ACC:90.28
2026-05-16 18:40:33 [INFO] Epoch: 77 [12800/50000 (26%)]	 Training Loss: 0.173 ACC: 89.62 CR: 0.62 Avg R1: 4.78 Avg R2: 1.81 Avg Reward: 6.584994
2026-05-16 18:40:57 [INFO] Epoch: 77 [25600/50000 (51%)]	 Training Loss: 0.169 ACC: 89.67 CR: 0.61 Avg R1: 4.81 Avg R2: 1.80 Avg Reward: 6.610400
2026-05-16 18:41:23 [INFO] Epoch: 77 [38400/50000 (77%)]	 Training Loss: 0.172 ACC: 89.40 CR: 0.59 Avg R1: 4.86 Avg R2: 1.79 Avg Reward: 6.654021
2026-05-16 18:41:42 [INFO] EPOCH:77, ======================CR:0.58344====================
2026-05-16 18:41:42 [INFO] 0.005959749494929027
2026-05-16 18:41:44 [INFO] EPOCH:77, ======================ACC:87.64====================
2026-05-16 18:41:44 [INFO] BEST EPOCH:75,BEST ACC:90.28
2026-05-16 18:42:08 [INFO] Epoch: 78 [12800/50000 (26%)]	 Training Loss: 0.169 ACC: 89.08 CR: 0.58 Avg R1: 4.85 Avg R2: 1.74 Avg Reward: 6.587391
2026-05-16 18:42:32 [INFO] Epoch: 78 [25600/50000 (51%)]	 Training Loss: 0.170 ACC: 89.23 CR: 0.58 Avg R1: 4.84 Avg R2: 1.74 Avg Reward: 6.573382
2026-05-16 18:42:56 [INFO] Epoch: 78 [38400/50000 (77%)]	 Training Loss: 0.173 ACC: 89.02 CR: 0.58 Avg R1: 4.83 Avg R2: 1.74 Avg Reward: 6.565141
2026-05-16 18:43:16 [INFO] EPOCH:78, ======================CR:0.57694====================
2026-05-16 18:43:16 [INFO] 0.010057867757800697
2026-05-16 18:43:18 [INFO] EPOCH:78, ======================ACC:86.98====================
2026-05-16 18:43:18 [INFO] BEST EPOCH:75,BEST ACC:90.28
2026-05-16 18:43:43 [INFO] Epoch: 79 [12800/50000 (26%)]	 Training Loss: 0.177 ACC: 88.95 CR: 0.58 Avg R1: 4.82 Avg R2: 1.73 Avg Reward: 6.556205
2026-05-16 18:44:05 [INFO] Epoch: 79 [25600/50000 (51%)]	 Training Loss: 0.175 ACC: 89.27 CR: 0.59 Avg R1: 4.85 Avg R2: 1.74 Avg Reward: 6.582523
2026-05-16 18:44:26 [INFO] Epoch: 79 [38400/50000 (77%)]	 Training Loss: 0.181 ACC: 89.08 CR: 0.61 Avg R1: 4.88 Avg R2: 1.75 Avg Reward: 6.629742
2026-05-16 18:44:47 [INFO] EPOCH:79, ======================CR:0.61748====================
2026-05-16 18:44:47 [INFO] 0.017820510932507954
2026-05-16 18:44:49 [INFO] EPOCH:79, ======================ACC:89.37====================
2026-05-16 18:44:49 [INFO] BEST EPOCH:75,BEST ACC:90.28
2026-05-16 18:45:14 [INFO] Epoch: 80 [12800/50000 (26%)]	 Training Loss: 0.189 ACC: 88.51 CR: 0.62 Avg R1: 4.79 Avg R2: 1.80 Avg Reward: 6.590642
2026-05-16 18:45:35 [INFO] Epoch: 80 [25600/50000 (51%)]	 Training Loss: 0.187 ACC: 88.95 CR: 0.62 Avg R1: 4.76 Avg R2: 1.81 Avg Reward: 6.566581
2026-05-16 18:45:59 [INFO] Epoch: 80 [38400/50000 (77%)]	 Training Loss: 0.187 ACC: 88.95 CR: 0.63 Avg R1: 4.71 Avg R2: 1.82 Avg Reward: 6.531681
2026-05-16 18:46:23 [INFO] EPOCH:80, ======================CR:0.64206====================
2026-05-16 18:46:23 [INFO] 0.001491640841107272
2026-05-16 18:46:25 [INFO] EPOCH:80, ======================ACC:87.95====================
2026-05-16 18:46:25 [INFO] BEST EPOCH:75,BEST ACC:90.28
2026-05-16 18:46:46 [INFO] Epoch: 81 [12800/50000 (26%)]	 Training Loss: 0.174 ACC: 89.49 CR: 0.64 Avg R1: 4.51 Avg R2: 1.86 Avg Reward: 6.365453
2026-05-16 18:47:09 [INFO] Epoch: 81 [25600/50000 (51%)]	 Training Loss: 0.171 ACC: 89.66 CR: 0.63 Avg R1: 4.55 Avg R2: 1.85 Avg Reward: 6.405217
2026-05-16 18:47:34 [INFO] Epoch: 81 [38400/50000 (77%)]	 Training Loss: 0.174 ACC: 89.46 CR: 0.62 Avg R1: 4.61 Avg R2: 1.84 Avg Reward: 6.449813
2026-05-16 18:47:54 [INFO] EPOCH:81, ======================CR:0.6063====================
2026-05-16 18:47:54 [INFO] -2.0959904352252864e-05
2026-05-16 18:47:56 [INFO] EPOCH:81, ======================ACC:87.65====================
2026-05-16 18:47:56 [INFO] BEST EPOCH:75,BEST ACC:90.28
2026-05-16 18:47:56 [INFO] Saving Masks: current CR 0.6063 target CR 0.6000
2026-05-16 18:48:20 [INFO] Epoch: 82 [12800/50000 (26%)]	 Training Loss: 0.167 ACC: 89.66 CR: 0.60 Avg R1: 4.96 Avg R2: 1.79 Avg Reward: 6.750821
2026-05-16 18:48:45 [INFO] Epoch: 82 [25600/50000 (51%)]	 Training Loss: 0.168 ACC: 89.57 CR: 0.59 Avg R1: 4.96 Avg R2: 1.78 Avg Reward: 6.736406
2026-05-16 18:49:06 [INFO] Epoch: 82 [38400/50000 (77%)]	 Training Loss: 0.166 ACC: 89.68 CR: 0.58 Avg R1: 4.93 Avg R2: 1.77 Avg Reward: 6.704232
2026-05-16 18:49:29 [INFO] EPOCH:82, ======================CR:0.57184====================
2026-05-16 18:49:29 [INFO] 0.013298650393345907
2026-05-16 18:49:31 [INFO] EPOCH:82, ======================ACC:88.46====================
2026-05-16 18:49:31 [INFO] BEST EPOCH:75,BEST ACC:90.28
2026-05-16 18:49:56 [INFO] Epoch: 83 [12800/50000 (26%)]	 Training Loss: 0.165 ACC: 89.34 CR: 0.57 Avg R1: 4.76 Avg R2: 1.71 Avg Reward: 6.465893
2026-05-16 18:50:17 [INFO] Epoch: 83 [25600/50000 (51%)]	 Training Loss: 0.165 ACC: 89.42 CR: 0.57 Avg R1: 4.75 Avg R2: 1.70 Avg Reward: 6.450135
2026-05-16 18:50:40 [INFO] Epoch: 83 [38400/50000 (77%)]	 Training Loss: 0.166 ACC: 89.39 CR: 0.56 Avg R1: 4.74 Avg R2: 1.70 Avg Reward: 6.435571
2026-05-16 18:51:03 [INFO] EPOCH:83, ======================CR:0.56596====================
2026-05-16 18:51:03 [INFO] -0.0006474450504548317
2026-05-16 18:51:05 [INFO] EPOCH:83, ======================ACC:89.2====================
2026-05-16 18:51:05 [INFO] BEST EPOCH:75,BEST ACC:90.28
2026-05-16 18:51:30 [INFO] Epoch: 84 [12800/50000 (26%)]	 Training Loss: 0.162 ACC: 89.38 CR: 0.57 Avg R1: 4.72 Avg R2: 1.71 Avg Reward: 6.426216
2026-05-16 18:51:56 [INFO] Epoch: 84 [25600/50000 (51%)]	 Training Loss: 0.165 ACC: 89.30 CR: 0.56 Avg R1: 4.72 Avg R2: 1.71 Avg Reward: 6.424983
2026-05-16 18:52:20 [INFO] Epoch: 84 [38400/50000 (77%)]	 Training Loss: 0.164 ACC: 89.45 CR: 0.57 Avg R1: 4.72 Avg R2: 1.70 Avg Reward: 6.420423
2026-05-16 18:52:40 [INFO] EPOCH:84, ======================CR:0.56576====================
2026-05-16 18:52:40 [INFO] 0.007701369780968166
2026-05-16 18:52:42 [INFO] EPOCH:84, ======================ACC:89.94====================
2026-05-16 18:52:42 [INFO] BEST EPOCH:75,BEST ACC:90.28
2026-05-16 18:53:05 [INFO] Epoch: 85 [12800/50000 (26%)]	 Training Loss: 0.160 ACC: 89.77 CR: 0.57 Avg R1: 4.72 Avg R2: 1.69 Avg Reward: 6.416470
2026-05-16 18:53:26 [INFO] Epoch: 85 [25600/50000 (51%)]	 Training Loss: 0.160 ACC: 89.79 CR: 0.57 Avg R1: 4.73 Avg R2: 1.70 Avg Reward: 6.429032
2026-05-16 18:53:50 [INFO] Epoch: 85 [38400/50000 (77%)]	 Training Loss: 0.161 ACC: 89.78 CR: 0.57 Avg R1: 4.74 Avg R2: 1.70 Avg Reward: 6.442287
2026-05-16 18:54:08 [INFO] EPOCH:85, ======================CR:0.5813====================
2026-05-16 18:54:08 [INFO] 0.01606952705050939
2026-05-16 18:54:10 [INFO] EPOCH:85, ======================ACC:89.92====================
2026-05-16 18:54:10 [INFO] BEST EPOCH:75,BEST ACC:90.28
2026-05-16 18:54:34 [INFO] Epoch: 86 [12800/50000 (26%)]	 Training Loss: 0.179 ACC: 89.14 CR: 0.59 Avg R1: 4.87 Avg R2: 1.71 Avg Reward: 6.580162
2026-05-16 18:54:59 [INFO] Epoch: 86 [25600/50000 (51%)]	 Training Loss: 0.175 ACC: 89.41 CR: 0.60 Avg R1: 4.90 Avg R2: 1.72 Avg Reward: 6.621145
2026-05-16 18:55:19 [INFO] Epoch: 86 [38400/50000 (77%)]	 Training Loss: 0.177 ACC: 89.55 CR: 0.61 Avg R1: 4.91 Avg R2: 1.73 Avg Reward: 6.641008
2026-05-16 18:55:36 [INFO] EPOCH:86, ======================CR:0.62186====================
2026-05-16 18:55:36 [INFO] 0.027337337831811928
2026-05-16 18:55:38 [INFO] EPOCH:86, ======================ACC:89.1====================
2026-05-16 18:55:38 [INFO] BEST EPOCH:75,BEST ACC:90.28
2026-05-16 18:55:57 [INFO] Epoch: 87 [12800/50000 (26%)]	 Training Loss: 0.175 ACC: 89.41 CR: 0.62 Avg R1: 4.75 Avg R2: 1.82 Avg Reward: 6.571006
2026-05-16 18:56:18 [INFO] Epoch: 87 [25600/50000 (51%)]	 Training Loss: 0.169 ACC: 89.84 CR: 0.62 Avg R1: 4.77 Avg R2: 1.82 Avg Reward: 6.581604
2026-05-16 18:56:39 [INFO] Epoch: 87 [38400/50000 (77%)]	 Training Loss: 0.170 ACC: 89.80 CR: 0.62 Avg R1: 4.78 Avg R2: 1.81 Avg Reward: 6.589401
2026-05-16 18:57:02 [INFO] EPOCH:87, ======================CR:0.6123====================
2026-05-16 18:57:02 [INFO] 0.021577202325586214
2026-05-16 18:57:04 [INFO] EPOCH:87, ======================ACC:88.94====================
2026-05-16 18:57:04 [INFO] BEST EPOCH:75,BEST ACC:90.28
2026-05-16 18:57:29 [INFO] Epoch: 88 [12800/50000 (26%)]	 Training Loss: 0.173 ACC: 89.64 CR: 0.61 Avg R1: 4.84 Avg R2: 1.79 Avg Reward: 6.624774
2026-05-16 18:57:51 [INFO] Epoch: 88 [25600/50000 (51%)]	 Training Loss: 0.172 ACC: 89.87 CR: 0.61 Avg R1: 4.84 Avg R2: 1.79 Avg Reward: 6.627321
2026-05-16 18:58:15 [INFO] Epoch: 88 [38400/50000 (77%)]	 Training Loss: 0.168 ACC: 90.02 CR: 0.61 Avg R1: 4.84 Avg R2: 1.79 Avg Reward: 6.625507
2026-05-16 18:58:37 [INFO] EPOCH:88, ======================CR:0.60698====================
2026-05-16 18:58:37 [INFO] 0.032412301618792085
2026-05-16 18:58:39 [INFO] EPOCH:88, ======================ACC:89.1====================
2026-05-16 18:58:39 [INFO] BEST EPOCH:75,BEST ACC:90.28
2026-05-16 18:58:39 [INFO] Saving Masks: current CR 0.6070 target CR 0.6000
2026-05-16 18:58:39 [INFO] Updated candidate mask pretrained-rescale_mask_best-acc_60_05161722_resnet18 at epoch 88 with acc 89.1000
2026-05-16 18:59:01 [INFO] Epoch: 89 [12800/50000 (26%)]	 Training Loss: 0.166 ACC: 89.87 CR: 0.60 Avg R1: 4.94 Avg R2: 1.77 Avg Reward: 6.707564
2026-05-16 18:59:25 [INFO] Epoch: 89 [25600/50000 (51%)]	 Training Loss: 0.165 ACC: 89.96 CR: 0.60 Avg R1: 4.96 Avg R2: 1.77 Avg Reward: 6.728994
2026-05-16 18:59:49 [INFO] Epoch: 89 [38400/50000 (77%)]	 Training Loss: 0.165 ACC: 89.92 CR: 0.60 Avg R1: 4.97 Avg R2: 1.76 Avg Reward: 6.730636
2026-05-16 19:00:10 [INFO] EPOCH:89, ======================CR:0.59316====================
2026-05-16 19:00:10 [INFO] 0.030487363623222564
2026-05-16 19:00:12 [INFO] EPOCH:89, ======================ACC:87.8====================
2026-05-16 19:00:12 [INFO] BEST EPOCH:88,BEST ACC:90.28
2026-05-16 19:00:12 [INFO] Saving Masks: current CR 0.5932 target CR 0.6000
2026-05-16 19:00:37 [INFO] Epoch: 90 [12800/50000 (26%)]	 Training Loss: 0.163 ACC: 90.18 CR: 0.60 Avg R1: 4.96 Avg R2: 1.75 Avg Reward: 6.712510
2026-05-16 19:00:57 [INFO] Epoch: 90 [25600/50000 (51%)]	 Training Loss: 0.162 ACC: 90.20 CR: 0.60 Avg R1: 4.97 Avg R2: 1.76 Avg Reward: 6.730770
2026-05-16 19:01:18 [INFO] Epoch: 90 [38400/50000 (77%)]	 Training Loss: 0.163 ACC: 90.12 CR: 0.60 Avg R1: 4.97 Avg R2: 1.76 Avg Reward: 6.733186
2026-05-16 19:01:40 [INFO] EPOCH:90, ======================CR:0.59764====================
2026-05-16 19:01:40 [INFO] 0.029668491563695325
2026-05-16 19:01:42 [INFO] EPOCH:90, ======================ACC:88.53====================
2026-05-16 19:01:42 [INFO] BEST EPOCH:88,BEST ACC:90.28
2026-05-16 19:01:42 [INFO] Saving Masks: current CR 0.5976 target CR 0.6000
2026-05-16 19:02:06 [INFO] Epoch: 91 [12800/50000 (26%)]	 Training Loss: 0.151 ACC: 90.75 CR: 0.60 Avg R1: 4.97 Avg R2: 1.74 Avg Reward: 6.711805
2026-05-16 19:02:27 [INFO] Epoch: 91 [25600/50000 (51%)]	 Training Loss: 0.158 ACC: 90.39 CR: 0.60 Avg R1: 4.97 Avg R2: 1.74 Avg Reward: 6.714586
2026-05-16 19:02:47 [INFO] Epoch: 91 [38400/50000 (77%)]	 Training Loss: 0.158 ACC: 90.31 CR: 0.60 Avg R1: 4.98 Avg R2: 1.74 Avg Reward: 6.719247
2026-05-16 19:03:04 [INFO] EPOCH:91, ======================CR:0.5979====================
2026-05-16 19:03:04 [INFO] 0.027097441372070246
2026-05-16 19:03:06 [INFO] EPOCH:91, ======================ACC:88.02====================
2026-05-16 19:03:06 [INFO] BEST EPOCH:88,BEST ACC:90.28
2026-05-16 19:03:06 [INFO] Saving Masks: current CR 0.5979 target CR 0.6000
2026-05-16 19:03:27 [INFO] Epoch: 92 [12800/50000 (26%)]	 Training Loss: 0.153 ACC: 90.66 CR: 0.60 Avg R1: 4.99 Avg R2: 1.74 Avg Reward: 6.724010
2026-05-16 19:03:47 [INFO] Epoch: 92 [25600/50000 (51%)]	 Training Loss: 0.156 ACC: 90.43 CR: 0.60 Avg R1: 4.98 Avg R2: 1.74 Avg Reward: 6.720058
2026-05-16 19:04:11 [INFO] Epoch: 92 [38400/50000 (77%)]	 Training Loss: 0.160 ACC: 90.16 CR: 0.60 Avg R1: 4.98 Avg R2: 1.74 Avg Reward: 6.721390
2026-05-16 19:04:31 [INFO] EPOCH:92, ======================CR:0.59564====================
2026-05-16 19:04:31 [INFO] 0.023789258288361318
2026-05-16 19:04:33 [INFO] EPOCH:92, ======================ACC:89.65====================
2026-05-16 19:04:33 [INFO] BEST EPOCH:88,BEST ACC:90.28
2026-05-16 19:04:33 [INFO] Saving Masks: current CR 0.5956 target CR 0.6000
2026-05-16 19:04:33 [INFO] Updated candidate mask pretrained-rescale_mask_best-acc_60_05161722_resnet18 at epoch 92 with acc 89.6500
2026-05-16 19:04:53 [INFO] Epoch: 93 [12800/50000 (26%)]	 Training Loss: 0.172 ACC: 89.65 CR: 0.60 Avg R1: 4.97 Avg R2: 1.74 Avg Reward: 6.704904
2026-05-16 19:05:15 [INFO] Epoch: 93 [25600/50000 (51%)]	 Training Loss: 0.164 ACC: 90.12 CR: 0.60 Avg R1: 4.98 Avg R2: 1.74 Avg Reward: 6.720761
2026-05-16 19:05:37 [INFO] Epoch: 93 [38400/50000 (77%)]	 Training Loss: 0.164 ACC: 90.16 CR: 0.61 Avg R1: 4.96 Avg R2: 1.75 Avg Reward: 6.710729
2026-05-16 19:05:55 [INFO] EPOCH:93, ======================CR:0.61506====================
2026-05-16 19:05:55 [INFO] 0.023115165762316828
2026-05-16 19:05:57 [INFO] EPOCH:93, ======================ACC:90.13====================
2026-05-16 19:05:57 [INFO] BEST EPOCH:92,BEST ACC:90.28
2026-05-16 19:06:19 [INFO] Epoch: 94 [12800/50000 (26%)]	 Training Loss: 0.158 ACC: 90.48 CR: 0.61 Avg R1: 4.81 Avg R2: 1.77 Avg Reward: 6.585617
2026-05-16 19:06:38 [INFO] Epoch: 94 [25600/50000 (51%)]	 Training Loss: 0.156 ACC: 90.44 CR: 0.61 Avg R1: 4.84 Avg R2: 1.77 Avg Reward: 6.609750
2026-05-16 19:06:59 [INFO] Epoch: 94 [38400/50000 (77%)]	 Training Loss: 0.153 ACC: 90.56 CR: 0.60 Avg R1: 4.89 Avg R2: 1.76 Avg Reward: 6.647775
2026-05-16 19:07:20 [INFO] EPOCH:94, ======================CR:0.58716====================
2026-05-16 19:07:20 [INFO] 0.03013528267712643
2026-05-16 19:07:22 [INFO] EPOCH:94, ======================ACC:89.88====================
2026-05-16 19:07:22 [INFO] BEST EPOCH:92,BEST ACC:90.28
2026-05-16 19:07:43 [INFO] Epoch: 95 [12800/50000 (26%)]	 Training Loss: 0.141 ACC: 91.05 CR: 0.58 Avg R1: 4.88 Avg R2: 1.70 Avg Reward: 6.580891
2026-05-16 19:08:08 [INFO] Epoch: 95 [25600/50000 (51%)]	 Training Loss: 0.145 ACC: 91.09 CR: 0.58 Avg R1: 4.86 Avg R2: 1.69 Avg Reward: 6.556115
2026-05-16 19:08:30 [INFO] Epoch: 95 [38400/50000 (77%)]	 Training Loss: 0.150 ACC: 90.69 CR: 0.57 Avg R1: 4.84 Avg R2: 1.69 Avg Reward: 6.530227
2026-05-16 19:08:53 [INFO] EPOCH:95, ======================CR:0.57052====================
2026-05-16 19:08:53 [INFO] 0.015851369682795855
2026-05-16 19:08:55 [INFO] EPOCH:95, ======================ACC:90.44====================
2026-05-16 19:08:55 [INFO] BEST EPOCH:95,BEST ACC:90.44
2026-05-16 19:09:19 [INFO] Epoch: 96 [12800/50000 (26%)]	 Training Loss: 0.146 ACC: 90.77 CR: 0.57 Avg R1: 4.76 Avg R2: 1.67 Avg Reward: 6.433244
2026-05-16 19:09:41 [INFO] Epoch: 96 [25600/50000 (51%)]	 Training Loss: 0.145 ACC: 90.75 CR: 0.58 Avg R1: 4.78 Avg R2: 1.68 Avg Reward: 6.455400
2026-05-16 19:10:05 [INFO] Epoch: 96 [38400/50000 (77%)]	 Training Loss: 0.146 ACC: 90.61 CR: 0.58 Avg R1: 4.80 Avg R2: 1.68 Avg Reward: 6.476203
2026-05-16 19:10:27 [INFO] EPOCH:96, ======================CR:0.57766====================
2026-05-16 19:10:27 [INFO] 0.023483026538923268
2026-05-16 19:10:29 [INFO] EPOCH:96, ======================ACC:89.74====================
2026-05-16 19:10:29 [INFO] BEST EPOCH:95,BEST ACC:90.44
2026-05-16 19:10:51 [INFO] Epoch: 97 [12800/50000 (26%)]	 Training Loss: 0.142 ACC: 91.02 CR: 0.58 Avg R1: 4.80 Avg R2: 1.69 Avg Reward: 6.487439
2026-05-16 19:11:16 [INFO] Epoch: 97 [25600/50000 (51%)]	 Training Loss: 0.144 ACC: 90.86 CR: 0.57 Avg R1: 4.80 Avg R2: 1.69 Avg Reward: 6.482198
2026-05-16 19:11:41 [INFO] Epoch: 97 [38400/50000 (77%)]	 Training Loss: 0.147 ACC: 90.63 CR: 0.57 Avg R1: 4.79 Avg R2: 1.68 Avg Reward: 6.476906
2026-05-16 19:12:00 [INFO] EPOCH:97, ======================CR:0.57518====================
2026-05-16 19:12:00 [INFO] 0.027511472910930864
2026-05-16 19:12:01 [INFO] EPOCH:97, ======================ACC:90.79====================
2026-05-16 19:12:01 [INFO] BEST EPOCH:97,BEST ACC:90.79
2026-05-16 19:12:28 [INFO] Epoch: 98 [12800/50000 (26%)]	 Training Loss: 0.150 ACC: 90.80 CR: 0.58 Avg R1: 4.79 Avg R2: 1.67 Avg Reward: 6.457345
2026-05-16 19:12:53 [INFO] Epoch: 98 [25600/50000 (51%)]	 Training Loss: 0.147 ACC: 90.98 CR: 0.58 Avg R1: 4.80 Avg R2: 1.67 Avg Reward: 6.473390
2026-05-16 19:13:15 [INFO] Epoch: 98 [38400/50000 (77%)]	 Training Loss: 0.147 ACC: 90.96 CR: 0.58 Avg R1: 4.81 Avg R2: 1.67 Avg Reward: 6.486457
2026-05-16 19:13:38 [INFO] EPOCH:98, ======================CR:0.59336====================
2026-05-16 19:13:38 [INFO] 0.030136784617888938
2026-05-16 19:13:40 [INFO] EPOCH:98, ======================ACC:89.6====================
2026-05-16 19:13:40 [INFO] BEST EPOCH:97,BEST ACC:90.79
2026-05-16 19:13:40 [INFO] Saving Masks: current CR 0.5934 target CR 0.6000
2026-05-16 19:14:04 [INFO] Epoch: 99 [12800/50000 (26%)]	 Training Loss: 0.154 ACC: 90.99 CR: 0.60 Avg R1: 4.96 Avg R2: 1.72 Avg Reward: 6.682022
2026-05-16 19:14:22 [INFO] Epoch: 99 [25600/50000 (51%)]	 Training Loss: 0.156 ACC: 90.88 CR: 0.61 Avg R1: 4.96 Avg R2: 1.72 Avg Reward: 6.682677
2026-05-16 19:14:44 [INFO] Epoch: 99 [38400/50000 (77%)]	 Training Loss: 0.156 ACC: 90.73 CR: 0.62 Avg R1: 4.91 Avg R2: 1.73 Avg Reward: 6.643248
2026-05-16 19:15:06 [INFO] EPOCH:99, ======================CR:0.6308====================
2026-05-16 19:15:06 [INFO] 0.030475268624693384
2026-05-16 19:15:08 [INFO] EPOCH:99, ======================ACC:90.98====================
2026-05-16 19:15:08 [INFO] BEST EPOCH:99,BEST ACC:90.98
2026-05-16 19:15:30 [INFO] Epoch: 100 [12800/50000 (26%)]	 Training Loss: 0.157 ACC: 90.51 CR: 0.63 Avg R1: 4.62 Avg R2: 1.79 Avg Reward: 6.407482
2026-05-16 19:15:52 [INFO] Epoch: 100 [25600/50000 (51%)]	 Training Loss: 0.156 ACC: 90.56 CR: 0.63 Avg R1: 4.62 Avg R2: 1.78 Avg Reward: 6.407736
2026-05-16 19:16:12 [INFO] Epoch: 100 [38400/50000 (77%)]	 Training Loss: 0.154 ACC: 90.66 CR: 0.62 Avg R1: 4.64 Avg R2: 1.78 Avg Reward: 6.422624
2026-05-16 19:16:30 [INFO] EPOCH:100, ======================CR:0.61796====================
2026-05-16 19:16:30 [INFO] 0.028169043776538075
2026-05-16 19:16:33 [INFO] EPOCH:100, ======================ACC:88.93====================
2026-05-16 19:16:33 [INFO] BEST EPOCH:99,BEST ACC:90.98
2026-05-16 19:16:57 [INFO] Epoch: 101 [12800/50000 (26%)]	 Training Loss: 0.145 ACC: 91.19 CR: 0.61 Avg R1: 4.81 Avg R2: 1.76 Avg Reward: 6.567218
2026-05-16 19:17:20 [INFO] Epoch: 101 [25600/50000 (51%)]	 Training Loss: 0.143 ACC: 91.11 CR: 0.61 Avg R1: 4.83 Avg R2: 1.76 Avg Reward: 6.589314
2026-05-16 19:17:40 [INFO] Epoch: 101 [38400/50000 (77%)]	 Training Loss: 0.142 ACC: 91.16 CR: 0.60 Avg R1: 4.87 Avg R2: 1.75 Avg Reward: 6.620527
2026-05-16 19:17:59 [INFO] EPOCH:101, ======================CR:0.59062====================
2026-05-16 19:17:59 [INFO] 0.024750756690330344
2026-05-16 19:18:01 [INFO] EPOCH:101, ======================ACC:90.87====================
2026-05-16 19:18:01 [INFO] BEST EPOCH:99,BEST ACC:90.98
2026-05-16 19:18:01 [INFO] Saving Masks: current CR 0.5906 target CR 0.6000
2026-05-16 19:18:01 [INFO] Updated candidate mask pretrained-rescale_mask_best-acc_60_05161722_resnet18 at epoch 101 with acc 90.8700
2026-05-16 19:18:25 [INFO] Epoch: 102 [12800/50000 (26%)]	 Training Loss: 0.144 ACC: 91.07 CR: 0.59 Avg R1: 4.92 Avg R2: 1.70 Avg Reward: 6.616512
2026-05-16 19:18:45 [INFO] Epoch: 102 [25600/50000 (51%)]	 Training Loss: 0.142 ACC: 91.09 CR: 0.58 Avg R1: 4.90 Avg R2: 1.70 Avg Reward: 6.600027
2026-05-16 19:19:06 [INFO] Epoch: 102 [38400/50000 (77%)]	 Training Loss: 0.142 ACC: 91.03 CR: 0.58 Avg R1: 4.88 Avg R2: 1.70 Avg Reward: 6.579800
2026-05-16 19:19:25 [INFO] EPOCH:102, ======================CR:0.58148====================
2026-05-16 19:19:25 [INFO] 0.021972320862154827
2026-05-16 19:19:27 [INFO] EPOCH:102, ======================ACC:91.08====================
2026-05-16 19:19:27 [INFO] BEST EPOCH:102,BEST ACC:91.08
2026-05-16 19:19:51 [INFO] Epoch: 103 [12800/50000 (26%)]	 Training Loss: 0.140 ACC: 91.07 CR: 0.58 Avg R1: 4.85 Avg R2: 1.69 Avg Reward: 6.546590
2026-05-16 19:20:12 [INFO] Epoch: 103 [25600/50000 (51%)]	 Training Loss: 0.140 ACC: 91.24 CR: 0.59 Avg R1: 4.87 Avg R2: 1.69 Avg Reward: 6.560674
2026-05-16 19:20:31 [INFO] Epoch: 103 [38400/50000 (77%)]	 Training Loss: 0.143 ACC: 91.17 CR: 0.60 Avg R1: 4.88 Avg R2: 1.70 Avg Reward: 6.582048
2026-05-16 19:20:52 [INFO] EPOCH:103, ======================CR:0.60612====================
2026-05-16 19:20:52 [INFO] 0.02277743403869962
2026-05-16 19:20:54 [INFO] EPOCH:103, ======================ACC:91.14====================
2026-05-16 19:20:54 [INFO] BEST EPOCH:103,BEST ACC:91.14
2026-05-16 19:20:54 [INFO] Saving Masks: current CR 0.6061 target CR 0.6000
2026-05-16 19:20:55 [INFO] Updated candidate mask pretrained-rescale_mask_best-acc_60_05161722_resnet18 at epoch 103 with acc 91.1400
2026-05-16 19:21:18 [INFO] Epoch: 104 [12800/50000 (26%)]	 Training Loss: 0.149 ACC: 90.86 CR: 0.61 Avg R1: 4.91 Avg R2: 1.74 Avg Reward: 6.642599
2026-05-16 19:21:41 [INFO] Epoch: 104 [25600/50000 (51%)]	 Training Loss: 0.141 ACC: 91.37 CR: 0.61 Avg R1: 4.89 Avg R2: 1.74 Avg Reward: 6.633284
2026-05-16 19:22:02 [INFO] Epoch: 104 [38400/50000 (77%)]	 Training Loss: 0.143 ACC: 91.33 CR: 0.60 Avg R1: 4.91 Avg R2: 1.74 Avg Reward: 6.647317
2026-05-16 19:22:23 [INFO] EPOCH:104, ======================CR:0.59478====================
2026-05-16 19:22:23 [INFO] 0.0249880816735526
2026-05-16 19:22:25 [INFO] EPOCH:104, ======================ACC:91.9====================
2026-05-16 19:22:25 [INFO] BEST EPOCH:104,BEST ACC:91.9
2026-05-16 19:22:25 [INFO] Saving Masks: current CR 0.5948 target CR 0.6000
2026-05-16 19:22:25 [INFO] Updated candidate mask pretrained-rescale_mask_best-acc_60_05161722_resnet18 at epoch 104 with acc 91.9000
2026-05-16 19:22:49 [INFO] Epoch: 105 [12800/50000 (26%)]	 Training Loss: 0.128 ACC: 91.54 CR: 0.59 Avg R1: 4.93 Avg R2: 1.70 Avg Reward: 6.622291
2026-05-16 19:23:10 [INFO] Epoch: 105 [25600/50000 (51%)]	 Training Loss: 0.132 ACC: 91.47 CR: 0.58 Avg R1: 4.90 Avg R2: 1.69 Avg Reward: 6.594850
2026-05-16 19:23:33 [INFO] Epoch: 105 [38400/50000 (77%)]	 Training Loss: 0.133 ACC: 91.52 CR: 0.58 Avg R1: 4.89 Avg R2: 1.69 Avg Reward: 6.576231
2026-05-16 19:23:56 [INFO] EPOCH:105, ======================CR:0.58144====================
2026-05-16 19:23:56 [INFO] 0.026558890407457736
2026-05-16 19:23:58 [INFO] EPOCH:105, ======================ACC:89.64====================
2026-05-16 19:23:58 [INFO] BEST EPOCH:104,BEST ACC:91.9
2026-05-16 19:24:23 [INFO] Epoch: 106 [12800/50000 (26%)]	 Training Loss: 0.133 ACC: 92.02 CR: 0.58 Avg R1: 4.86 Avg R2: 1.67 Avg Reward: 6.535166
2026-05-16 19:24:49 [INFO] Epoch: 106 [25600/50000 (51%)]	 Training Loss: 0.133 ACC: 91.90 CR: 0.58 Avg R1: 4.86 Avg R2: 1.67 Avg Reward: 6.529533
2026-05-16 19:25:15 [INFO] Epoch: 106 [38400/50000 (77%)]	 Training Loss: 0.133 ACC: 91.88 CR: 0.58 Avg R1: 4.85 Avg R2: 1.67 Avg Reward: 6.519472
2026-05-16 19:25:36 [INFO] EPOCH:106, ======================CR:0.57936====================
2026-05-16 19:25:36 [INFO] 0.04060054519850432
2026-05-16 19:25:38 [INFO] EPOCH:106, ======================ACC:91.18====================
2026-05-16 19:25:38 [INFO] BEST EPOCH:104,BEST ACC:91.9
2026-05-16 19:26:06 [INFO] Epoch: 107 [12800/50000 (26%)]	 Training Loss: 0.124 ACC: 92.47 CR: 0.58 Avg R1: 4.84 Avg R2: 1.66 Avg Reward: 6.495276
2026-05-16 19:26:30 [INFO] Epoch: 107 [25600/50000 (51%)]	 Training Loss: 0.133 ACC: 91.89 CR: 0.58 Avg R1: 4.84 Avg R2: 1.66 Avg Reward: 6.502363
2026-05-16 19:26:51 [INFO] Epoch: 107 [38400/50000 (77%)]	 Training Loss: 0.136 ACC: 91.60 CR: 0.58 Avg R1: 4.85 Avg R2: 1.66 Avg Reward: 6.508063
2026-05-16 19:27:16 [INFO] EPOCH:107, ======================CR:0.58332====================
2026-05-16 19:27:16 [INFO] 0.0319396955837723
2026-05-16 19:27:18 [INFO] EPOCH:107, ======================ACC:91.81====================
2026-05-16 19:27:18 [INFO] BEST EPOCH:104,BEST ACC:91.9
2026-05-16 19:27:47 [INFO] Epoch: 108 [12800/50000 (26%)]	 Training Loss: 0.124 ACC: 92.35 CR: 0.59 Avg R1: 4.86 Avg R2: 1.67 Avg Reward: 6.535061
2026-05-16 19:28:11 [INFO] Epoch: 108 [25600/50000 (51%)]	 Training Loss: 0.128 ACC: 92.13 CR: 0.59 Avg R1: 4.88 Avg R2: 1.67 Avg Reward: 6.554380
2026-05-16 19:28:35 [INFO] Epoch: 108 [38400/50000 (77%)]	 Training Loss: 0.130 ACC: 92.03 CR: 0.60 Avg R1: 4.90 Avg R2: 1.68 Avg Reward: 6.573048
2026-05-16 19:29:00 [INFO] EPOCH:108, ======================CR:0.60122====================
2026-05-16 19:29:00 [INFO] 0.03198172240036563
2026-05-16 19:29:02 [INFO] EPOCH:108, ======================ACC:91.83====================
2026-05-16 19:29:02 [INFO] BEST EPOCH:104,BEST ACC:91.9
2026-05-16 19:29:02 [INFO] Saving Masks: current CR 0.6012 target CR 0.6000
2026-05-16 19:29:24 [INFO] Epoch: 109 [12800/50000 (26%)]	 Training Loss: 0.135 ACC: 91.70 CR: 0.60 Avg R1: 4.99 Avg R2: 1.68 Avg Reward: 6.671214
2026-05-16 19:29:51 [INFO] Epoch: 109 [25600/50000 (51%)]	 Training Loss: 0.134 ACC: 91.86 CR: 0.60 Avg R1: 4.99 Avg R2: 1.68 Avg Reward: 6.673862
2026-05-16 19:30:15 [INFO] Epoch: 109 [38400/50000 (77%)]	 Training Loss: 0.138 ACC: 91.64 CR: 0.61 Avg R1: 4.97 Avg R2: 1.69 Avg Reward: 6.659878
2026-05-16 19:30:35 [INFO] EPOCH:109, ======================CR:0.61658====================
2026-05-16 19:30:35 [INFO] 0.038695074600754845
2026-05-16 19:30:37 [INFO] EPOCH:109, ======================ACC:90.98====================
2026-05-16 19:30:37 [INFO] BEST EPOCH:104,BEST ACC:91.9
2026-05-16 19:30:58 [INFO] Epoch: 110 [12800/50000 (26%)]	 Training Loss: 0.131 ACC: 92.12 CR: 0.62 Avg R1: 4.79 Avg R2: 1.73 Avg Reward: 6.516740
2026-05-16 19:31:24 [INFO] Epoch: 110 [25600/50000 (51%)]	 Training Loss: 0.129 ACC: 92.28 CR: 0.62 Avg R1: 4.78 Avg R2: 1.73 Avg Reward: 6.516118
2026-05-16 19:31:48 [INFO] Epoch: 110 [38400/50000 (77%)]	 Training Loss: 0.132 ACC: 92.07 CR: 0.61 Avg R1: 4.81 Avg R2: 1.73 Avg Reward: 6.537276
2026-05-16 19:32:11 [INFO] EPOCH:110, ======================CR:0.59832====================
2026-05-16 19:32:11 [INFO] 0.03293737129343339
2026-05-16 19:32:14 [INFO] EPOCH:110, ======================ACC:92.0====================
2026-05-16 19:32:14 [INFO] BEST EPOCH:110,BEST ACC:92.0
2026-05-16 19:32:14 [INFO] Saving Masks: current CR 0.5983 target CR 0.6000
2026-05-16 19:32:14 [INFO] Updated candidate mask pretrained-rescale_mask_best-acc_60_05161722_resnet18 at epoch 110 with acc 92.0000
2026-05-16 19:32:38 [INFO] Epoch: 111 [12800/50000 (26%)]	 Training Loss: 0.121 ACC: 92.36 CR: 0.59 Avg R1: 4.96 Avg R2: 1.67 Avg Reward: 6.636618
2026-05-16 19:33:02 [INFO] Epoch: 111 [25600/50000 (51%)]	 Training Loss: 0.122 ACC: 92.22 CR: 0.59 Avg R1: 4.94 Avg R2: 1.67 Avg Reward: 6.610149
2026-05-16 19:33:27 [INFO] Epoch: 111 [38400/50000 (77%)]	 Training Loss: 0.125 ACC: 92.15 CR: 0.58 Avg R1: 4.92 Avg R2: 1.66 Avg Reward: 6.573992
2026-05-16 19:33:53 [INFO] EPOCH:111, ======================CR:0.5711====================
2026-05-16 19:33:53 [INFO] 0.022559833845930945
2026-05-16 19:33:55 [INFO] EPOCH:111, ======================ACC:91.74====================
2026-05-16 19:33:55 [INFO] BEST EPOCH:110,BEST ACC:92.0
2026-05-16 19:34:20 [INFO] Epoch: 112 [12800/50000 (26%)]	 Training Loss: 0.115 ACC: 92.63 CR: 0.57 Avg R1: 4.75 Avg R2: 1.62 Avg Reward: 6.376746
2026-05-16 19:34:47 [INFO] Epoch: 112 [25600/50000 (51%)]	 Training Loss: 0.121 ACC: 92.39 CR: 0.57 Avg R1: 4.75 Avg R2: 1.62 Avg Reward: 6.372172
2026-05-16 19:35:13 [INFO] Epoch: 112 [38400/50000 (77%)]	 Training Loss: 0.119 ACC: 92.47 CR: 0.57 Avg R1: 4.74 Avg R2: 1.62 Avg Reward: 6.367188
2026-05-16 19:35:37 [INFO] EPOCH:112, ======================CR:0.57244====================
2026-05-16 19:35:37 [INFO] 0.02573577651665386
2026-05-16 19:35:39 [INFO] EPOCH:112, ======================ACC:91.32====================
2026-05-16 19:35:39 [INFO] BEST EPOCH:110,BEST ACC:92.0
2026-05-16 19:36:06 [INFO] Epoch: 113 [12800/50000 (26%)]	 Training Loss: 0.128 ACC: 92.26 CR: 0.58 Avg R1: 4.78 Avg R2: 1.62 Avg Reward: 6.397426
2026-05-16 19:36:32 [INFO] Epoch: 113 [25600/50000 (51%)]	 Training Loss: 0.122 ACC: 92.62 CR: 0.58 Avg R1: 4.81 Avg R2: 1.62 Avg Reward: 6.427629
2026-05-16 19:36:56 [INFO] Epoch: 113 [38400/50000 (77%)]	 Training Loss: 0.122 ACC: 92.57 CR: 0.59 Avg R1: 4.83 Avg R2: 1.63 Avg Reward: 6.460708
2026-05-16 19:37:21 [INFO] EPOCH:113, ======================CR:0.60248====================
2026-05-16 19:37:21 [INFO] 0.02997746754298683
2026-05-16 19:37:23 [INFO] EPOCH:113, ======================ACC:89.96====================
2026-05-16 19:37:23 [INFO] BEST EPOCH:110,BEST ACC:92.0
2026-05-16 19:37:23 [INFO] Saving Masks: current CR 0.6025 target CR 0.6000
2026-05-16 19:37:52 [INFO] Epoch: 114 [12800/50000 (26%)]	 Training Loss: 0.129 ACC: 92.05 CR: 0.61 Avg R1: 4.93 Avg R2: 1.68 Avg Reward: 6.613907
2026-05-16 19:38:18 [INFO] Epoch: 114 [25600/50000 (51%)]	 Training Loss: 0.129 ACC: 92.23 CR: 0.60 Avg R1: 4.92 Avg R2: 1.69 Avg Reward: 6.607545
2026-05-16 19:38:42 [INFO] Epoch: 114 [38400/50000 (77%)]	 Training Loss: 0.127 ACC: 92.26 CR: 0.60 Avg R1: 4.94 Avg R2: 1.68 Avg Reward: 6.622346
2026-05-16 19:39:02 [INFO] EPOCH:114, ======================CR:0.59276====================
2026-05-16 19:39:02 [INFO] 0.013217558178653646
2026-05-16 19:39:04 [INFO] EPOCH:114, ======================ACC:90.66====================
2026-05-16 19:39:04 [INFO] BEST EPOCH:110,BEST ACC:92.0
2026-05-16 19:39:04 [INFO] Saving Masks: current CR 0.5928 target CR 0.6000
2026-05-16 19:39:30 [INFO] Epoch: 115 [12800/50000 (26%)]	 Training Loss: 0.121 ACC: 92.62 CR: 0.59 Avg R1: 4.92 Avg R2: 1.65 Avg Reward: 6.573746
2026-05-16 19:39:57 [INFO] Epoch: 115 [25600/50000 (51%)]	 Training Loss: 0.121 ACC: 92.70 CR: 0.59 Avg R1: 4.91 Avg R2: 1.65 Avg Reward: 6.558008
2026-05-16 19:40:22 [INFO] Epoch: 115 [38400/50000 (77%)]	 Training Loss: 0.126 ACC: 92.33 CR: 0.59 Avg R1: 4.91 Avg R2: 1.65 Avg Reward: 6.553870
2026-05-16 19:40:47 [INFO] EPOCH:115, ======================CR:0.59498====================
2026-05-16 19:40:47 [INFO] 0.02383233339021543
2026-05-16 19:40:49 [INFO] EPOCH:115, ======================ACC:90.43====================
2026-05-16 19:40:49 [INFO] BEST EPOCH:110,BEST ACC:92.0
2026-05-16 19:40:49 [INFO] Saving Masks: current CR 0.5950 target CR 0.6000
2026-05-16 19:41:17 [INFO] Epoch: 116 [12800/50000 (26%)]	 Training Loss: 0.119 ACC: 92.84 CR: 0.60 Avg R1: 4.98 Avg R2: 1.66 Avg Reward: 6.647214
2026-05-16 19:41:40 [INFO] Epoch: 116 [25600/50000 (51%)]	 Training Loss: 0.119 ACC: 92.72 CR: 0.60 Avg R1: 4.97 Avg R2: 1.67 Avg Reward: 6.637120
2026-05-16 19:42:07 [INFO] Epoch: 116 [38400/50000 (77%)]	 Training Loss: 0.122 ACC: 92.58 CR: 0.60 Avg R1: 4.96 Avg R2: 1.67 Avg Reward: 6.631470
2026-05-16 19:42:33 [INFO] EPOCH:116, ======================CR:0.5984====================
2026-05-16 19:42:33 [INFO] 0.016435590570635063
2026-05-16 19:42:35 [INFO] EPOCH:116, ======================ACC:91.61====================
2026-05-16 19:42:35 [INFO] BEST EPOCH:110,BEST ACC:92.0
2026-05-16 19:42:35 [INFO] Saving Masks: current CR 0.5984 target CR 0.6000
2026-05-16 19:42:56 [INFO] Epoch: 117 [12800/50000 (26%)]	 Training Loss: 0.116 ACC: 92.78 CR: 0.59 Avg R1: 4.97 Avg R2: 1.65 Avg Reward: 6.620477
2026-05-16 19:43:18 [INFO] Epoch: 117 [25600/50000 (51%)]	 Training Loss: 0.117 ACC: 92.78 CR: 0.59 Avg R1: 4.96 Avg R2: 1.65 Avg Reward: 6.604344
2026-05-16 19:43:43 [INFO] Epoch: 117 [38400/50000 (77%)]	 Training Loss: 0.120 ACC: 92.55 CR: 0.59 Avg R1: 4.95 Avg R2: 1.65 Avg Reward: 6.592822
2026-05-16 19:44:06 [INFO] EPOCH:117, ======================CR:0.59402====================
2026-05-16 19:44:06 [INFO] 0.023029021271523138
2026-05-16 19:44:08 [INFO] EPOCH:117, ======================ACC:91.02====================
2026-05-16 19:44:08 [INFO] BEST EPOCH:110,BEST ACC:92.0
2026-05-16 19:44:08 [INFO] Saving Masks: current CR 0.5940 target CR 0.6000
2026-05-16 19:44:32 [INFO] Epoch: 118 [12800/50000 (26%)]	 Training Loss: 0.117 ACC: 93.04 CR: 0.60 Avg R1: 4.97 Avg R2: 1.65 Avg Reward: 6.625582
2026-05-16 19:44:55 [INFO] Epoch: 118 [25600/50000 (51%)]	 Training Loss: 0.125 ACC: 92.45 CR: 0.61 Avg R1: 4.96 Avg R2: 1.66 Avg Reward: 6.622113
2026-05-16 19:45:18 [INFO] Epoch: 118 [38400/50000 (77%)]	 Training Loss: 0.125 ACC: 92.50 CR: 0.61 Avg R1: 4.94 Avg R2: 1.66 Avg Reward: 6.598760
2026-05-16 19:45:43 [INFO] EPOCH:118, ======================CR:0.6111====================
2026-05-16 19:45:43 [INFO] 0.02544167357197612
2026-05-16 19:45:45 [INFO] EPOCH:118, ======================ACC:91.76====================
2026-05-16 19:45:45 [INFO] BEST EPOCH:110,BEST ACC:92.0
2026-05-16 19:46:12 [INFO] Epoch: 119 [12800/50000 (26%)]	 Training Loss: 0.118 ACC: 92.52 CR: 0.60 Avg R1: 4.90 Avg R2: 1.68 Avg Reward: 6.580502
2026-05-16 19:46:31 [INFO] Epoch: 119 [25600/50000 (51%)]	 Training Loss: 0.118 ACC: 92.70 CR: 0.60 Avg R1: 4.94 Avg R2: 1.67 Avg Reward: 6.612597
2026-05-16 19:46:56 [INFO] Epoch: 119 [38400/50000 (77%)]	 Training Loss: 0.117 ACC: 92.80 CR: 0.59 Avg R1: 4.94 Avg R2: 1.67 Avg Reward: 6.605037
2026-05-16 19:47:21 [INFO] EPOCH:119, ======================CR:0.58698====================
2026-05-16 19:47:21 [INFO] 0.01868911137244623
2026-05-16 19:47:23 [INFO] EPOCH:119, ======================ACC:92.56====================
2026-05-16 19:47:23 [INFO] BEST EPOCH:119,BEST ACC:92.56
2026-05-16 19:47:48 [INFO] Epoch: 120 [12800/50000 (26%)]	 Training Loss: 0.112 ACC: 93.15 CR: 0.59 Avg R1: 4.90 Avg R2: 1.63 Avg Reward: 6.534130
2026-05-16 19:48:14 [INFO] Epoch: 120 [25600/50000 (51%)]	 Training Loss: 0.110 ACC: 93.21 CR: 0.60 Avg R1: 4.93 Avg R2: 1.64 Avg Reward: 6.560613
2026-05-16 19:48:38 [INFO] Epoch: 120 [38400/50000 (77%)]	 Training Loss: 0.113 ACC: 93.12 CR: 0.60 Avg R1: 4.94 Avg R2: 1.64 Avg Reward: 6.584187
2026-05-16 19:49:00 [INFO] EPOCH:120, ======================CR:0.6061====================
2026-05-16 19:49:00 [INFO] 0.03209545534867494
2026-05-16 19:49:02 [INFO] EPOCH:120, ======================ACC:92.79====================
2026-05-16 19:49:02 [INFO] BEST EPOCH:120,BEST ACC:92.79
2026-05-16 19:49:02 [INFO] Saving Masks: current CR 0.6061 target CR 0.6000
2026-05-16 19:49:02 [INFO] Updated candidate mask pretrained-rescale_mask_best-acc_60_05161722_resnet18 at epoch 120 with acc 92.7900
2026-05-16 19:49:29 [INFO] Epoch: 121 [12800/50000 (26%)]	 Training Loss: 0.117 ACC: 93.35 CR: 0.61 Avg R1: 4.88 Avg R2: 1.66 Avg Reward: 6.545481
2026-05-16 19:49:56 [INFO] Epoch: 121 [25600/50000 (51%)]	 Training Loss: 0.116 ACC: 93.14 CR: 0.62 Avg R1: 4.85 Avg R2: 1.67 Avg Reward: 6.511677
2026-05-16 19:50:21 [INFO] Epoch: 121 [38400/50000 (77%)]	 Training Loss: 0.117 ACC: 93.06 CR: 0.62 Avg R1: 4.81 Avg R2: 1.67 Avg Reward: 6.477225
2026-05-16 19:50:43 [INFO] EPOCH:121, ======================CR:0.62748====================
2026-05-16 19:50:43 [INFO] 0.027077275593214347
2026-05-16 19:50:45 [INFO] EPOCH:121, ======================ACC:91.26====================
2026-05-16 19:50:45 [INFO] BEST EPOCH:120,BEST ACC:92.79
2026-05-16 19:51:12 [INFO] Epoch: 122 [12800/50000 (26%)]	 Training Loss: 0.115 ACC: 92.93 CR: 0.62 Avg R1: 4.67 Avg R2: 1.69 Avg Reward: 6.361164
2026-05-16 19:51:33 [INFO] Epoch: 122 [25600/50000 (51%)]	 Training Loss: 0.110 ACC: 93.27 CR: 0.62 Avg R1: 4.70 Avg R2: 1.68 Avg Reward: 6.380007
2026-05-16 19:52:01 [INFO] Epoch: 122 [38400/50000 (77%)]	 Training Loss: 0.108 ACC: 93.34 CR: 0.61 Avg R1: 4.74 Avg R2: 1.68 Avg Reward: 6.418483
2026-05-16 19:52:24 [INFO] EPOCH:122, ======================CR:0.5901====================
2026-05-16 19:52:24 [INFO] 0.018463987057879293
2026-05-16 19:52:26 [INFO] EPOCH:122, ======================ACC:92.78====================
2026-05-16 19:52:26 [INFO] BEST EPOCH:120,BEST ACC:92.79
2026-05-16 19:52:26 [INFO] Saving Masks: current CR 0.5901 target CR 0.6000
2026-05-16 19:52:52 [INFO] Epoch: 123 [12800/50000 (26%)]	 Training Loss: 0.102 ACC: 93.58 CR: 0.58 Avg R1: 4.90 Avg R2: 1.60 Avg Reward: 6.494101
2026-05-16 19:53:19 [INFO] Epoch: 123 [25600/50000 (51%)]	 Training Loss: 0.100 ACC: 93.66 CR: 0.58 Avg R1: 4.88 Avg R2: 1.59 Avg Reward: 6.471032
2026-05-16 19:53:41 [INFO] Epoch: 123 [38400/50000 (77%)]	 Training Loss: 0.104 ACC: 93.42 CR: 0.58 Avg R1: 4.86 Avg R2: 1.59 Avg Reward: 6.447519
2026-05-16 19:54:01 [INFO] EPOCH:123, ======================CR:0.57322====================
2026-05-16 19:54:01 [INFO] 0.013631557995555498
2026-05-16 19:54:03 [INFO] EPOCH:123, ======================ACC:91.18====================
2026-05-16 19:54:03 [INFO] BEST EPOCH:120,BEST ACC:92.79
2026-05-16 19:54:29 [INFO] Epoch: 124 [12800/50000 (26%)]	 Training Loss: 0.100 ACC: 93.84 CR: 0.58 Avg R1: 4.80 Avg R2: 1.58 Avg Reward: 6.376617
2026-05-16 19:54:50 [INFO] Epoch: 124 [25600/50000 (51%)]	 Training Loss: 0.104 ACC: 93.53 CR: 0.58 Avg R1: 4.82 Avg R2: 1.58 Avg Reward: 6.402513
2026-05-16 19:55:15 [INFO] Epoch: 124 [38400/50000 (77%)]	 Training Loss: 0.106 ACC: 93.44 CR: 0.59 Avg R1: 4.84 Avg R2: 1.58 Avg Reward: 6.422161
2026-05-16 19:55:40 [INFO] EPOCH:124, ======================CR:0.59988====================
2026-05-16 19:55:40 [INFO] 0.022063583749586644
2026-05-16 19:55:42 [INFO] EPOCH:124, ======================ACC:92.76====================
2026-05-16 19:55:42 [INFO] BEST EPOCH:120,BEST ACC:92.79
2026-05-16 19:55:42 [INFO] Saving Masks: current CR 0.5999 target CR 0.6000
2026-05-16 19:56:07 [INFO] Epoch: 125 [12800/50000 (26%)]	 Training Loss: 0.109 ACC: 93.87 CR: 0.61 Avg R1: 4.90 Avg R2: 1.64 Avg Reward: 6.536891
2026-05-16 19:56:30 [INFO] Epoch: 125 [25600/50000 (51%)]	 Training Loss: 0.114 ACC: 93.29 CR: 0.62 Avg R1: 4.85 Avg R2: 1.64 Avg Reward: 6.493038
2026-05-16 19:56:57 [INFO] Epoch: 125 [38400/50000 (77%)]	 Training Loss: 0.113 ACC: 93.33 CR: 0.62 Avg R1: 4.82 Avg R2: 1.65 Avg Reward: 6.467867
2026-05-16 19:57:20 [INFO] EPOCH:125, ======================CR:0.61762====================
2026-05-16 19:57:20 [INFO] 0.0220155352436129
2026-05-16 19:57:23 [INFO] EPOCH:125, ======================ACC:92.83====================
2026-05-16 19:57:23 [INFO] BEST EPOCH:125,BEST ACC:92.83
2026-05-16 19:57:49 [INFO] Epoch: 126 [12800/50000 (26%)]	 Training Loss: 0.107 ACC: 93.77 CR: 0.61 Avg R1: 4.82 Avg R2: 1.64 Avg Reward: 6.463799
2026-05-16 19:58:14 [INFO] Epoch: 126 [25600/50000 (51%)]	 Training Loss: 0.104 ACC: 93.73 CR: 0.60 Avg R1: 4.87 Avg R2: 1.63 Avg Reward: 6.507446
2026-05-16 19:58:37 [INFO] Epoch: 126 [38400/50000 (77%)]	 Training Loss: 0.103 ACC: 93.79 CR: 0.59 Avg R1: 4.90 Avg R2: 1.63 Avg Reward: 6.528233
2026-05-16 19:58:58 [INFO] EPOCH:126, ======================CR:0.58086====================
2026-05-16 19:58:58 [INFO] 0.025353615701991326
2026-05-16 19:59:00 [INFO] EPOCH:126, ======================ACC:92.18====================
2026-05-16 19:59:00 [INFO] BEST EPOCH:125,BEST ACC:92.83
2026-05-16 19:59:26 [INFO] Epoch: 127 [12800/50000 (26%)]	 Training Loss: 0.102 ACC: 93.76 CR: 0.58 Avg R1: 4.84 Avg R2: 1.58 Avg Reward: 6.424067
2026-05-16 19:59:45 [INFO] Epoch: 127 [25600/50000 (51%)]	 Training Loss: 0.100 ACC: 93.81 CR: 0.58 Avg R1: 4.84 Avg R2: 1.58 Avg Reward: 6.416803
2026-05-16 20:00:03 [INFO] Epoch: 127 [38400/50000 (77%)]	 Training Loss: 0.101 ACC: 93.64 CR: 0.58 Avg R1: 4.83 Avg R2: 1.58 Avg Reward: 6.406268
2026-05-16 20:00:26 [INFO] EPOCH:127, ======================CR:0.57856====================
2026-05-16 20:00:26 [INFO] 0.03217407441194602
2026-05-16 20:00:29 [INFO] EPOCH:127, ======================ACC:92.26====================
2026-05-16 20:00:29 [INFO] BEST EPOCH:125,BEST ACC:92.83
2026-05-16 20:00:57 [INFO] Epoch: 128 [12800/50000 (26%)]	 Training Loss: 0.095 ACC: 94.34 CR: 0.58 Avg R1: 4.83 Avg R2: 1.57 Avg Reward: 6.399353
2026-05-16 20:01:21 [INFO] Epoch: 128 [25600/50000 (51%)]	 Training Loss: 0.098 ACC: 94.03 CR: 0.58 Avg R1: 4.83 Avg R2: 1.57 Avg Reward: 6.398871
2026-05-16 20:01:44 [INFO] Epoch: 128 [38400/50000 (77%)]	 Training Loss: 0.100 ACC: 93.83 CR: 0.58 Avg R1: 4.83 Avg R2: 1.57 Avg Reward: 6.397584
2026-05-16 20:02:09 [INFO] EPOCH:128, ======================CR:0.58204====================
2026-05-16 20:02:09 [INFO] 0.01742312352665283
2026-05-16 20:02:11 [INFO] EPOCH:128, ======================ACC:92.14====================
2026-05-16 20:02:11 [INFO] BEST EPOCH:125,BEST ACC:92.83
2026-05-16 20:02:39 [INFO] Epoch: 129 [12800/50000 (26%)]	 Training Loss: 0.095 ACC: 93.95 CR: 0.58 Avg R1: 4.85 Avg R2: 1.56 Avg Reward: 6.417050
2026-05-16 20:03:05 [INFO] Epoch: 129 [25600/50000 (51%)]	 Training Loss: 0.097 ACC: 93.96 CR: 0.58 Avg R1: 4.85 Avg R2: 1.56 Avg Reward: 6.413293
2026-05-16 20:03:29 [INFO] Epoch: 129 [38400/50000 (77%)]	 Training Loss: 0.097 ACC: 93.92 CR: 0.58 Avg R1: 4.85 Avg R2: 1.56 Avg Reward: 6.409406
2026-05-16 20:03:54 [INFO] EPOCH:129, ======================CR:0.5825====================
2026-05-16 20:03:54 [INFO] 0.018312090935084586
2026-05-16 20:03:57 [INFO] EPOCH:129, ======================ACC:92.3====================
2026-05-16 20:03:57 [INFO] BEST EPOCH:125,BEST ACC:92.83
2026-05-16 20:04:23 [INFO] Epoch: 130 [12800/50000 (26%)]	 Training Loss: 0.103 ACC: 93.72 CR: 0.58 Avg R1: 4.86 Avg R2: 1.57 Avg Reward: 6.431647
2026-05-16 20:04:45 [INFO] Epoch: 130 [25600/50000 (51%)]	 Training Loss: 0.099 ACC: 93.97 CR: 0.59 Avg R1: 4.88 Avg R2: 1.57 Avg Reward: 6.451218
2026-05-16 20:05:12 [INFO] Epoch: 130 [38400/50000 (77%)]	 Training Loss: 0.099 ACC: 93.97 CR: 0.59 Avg R1: 4.89 Avg R2: 1.57 Avg Reward: 6.468322
2026-05-16 20:05:38 [INFO] EPOCH:130, ======================CR:0.596====================
2026-05-16 20:05:38 [INFO] 0.005652051809415564
2026-05-16 20:05:40 [INFO] EPOCH:130, ======================ACC:93.79====================
2026-05-16 20:05:40 [INFO] BEST EPOCH:130,BEST ACC:93.79
2026-05-16 20:05:40 [INFO] Saving Masks: current CR 0.5960 target CR 0.6000
2026-05-16 20:05:40 [INFO] Updated candidate mask pretrained-rescale_mask_best-acc_60_05161722_resnet18 at epoch 130 with acc 93.7900
2026-05-16 20:06:06 [INFO] Epoch: 131 [12800/50000 (26%)]	 Training Loss: 0.098 ACC: 94.35 CR: 0.60 Avg R1: 4.98 Avg R2: 1.58 Avg Reward: 6.567399
2026-05-16 20:06:36 [INFO] Epoch: 131 [25600/50000 (51%)]	 Training Loss: 0.096 ACC: 94.19 CR: 0.60 Avg R1: 4.98 Avg R2: 1.59 Avg Reward: 6.564519
2026-05-16 20:06:59 [INFO] Epoch: 131 [38400/50000 (77%)]	 Training Loss: 0.096 ACC: 94.07 CR: 0.60 Avg R1: 4.97 Avg R2: 1.59 Avg Reward: 6.561791
2026-05-16 20:07:24 [INFO] EPOCH:131, ======================CR:0.6014====================
2026-05-16 20:07:24 [INFO] 0.009815511034850653
2026-05-16 20:07:26 [INFO] EPOCH:131, ======================ACC:92.63====================
2026-05-16 20:07:26 [INFO] BEST EPOCH:130,BEST ACC:93.79
2026-05-16 20:07:26 [INFO] Saving Masks: current CR 0.6014 target CR 0.6000
2026-05-16 20:07:53 [INFO] Epoch: 132 [12800/50000 (26%)]	 Training Loss: 0.093 ACC: 94.21 CR: 0.61 Avg R1: 4.97 Avg R2: 1.58 Avg Reward: 6.549756
2026-05-16 20:08:19 [INFO] Epoch: 132 [25600/50000 (51%)]	 Training Loss: 0.096 ACC: 94.13 CR: 0.61 Avg R1: 4.95 Avg R2: 1.58 Avg Reward: 6.534767
2026-05-16 20:08:47 [INFO] Epoch: 132 [38400/50000 (77%)]	 Training Loss: 0.098 ACC: 94.10 CR: 0.60 Avg R1: 4.95 Avg R2: 1.59 Avg Reward: 6.532005
2026-05-16 20:09:12 [INFO] EPOCH:132, ======================CR:0.59934====================
2026-05-16 20:09:12 [INFO] 0.01439424234942137
2026-05-16 20:09:14 [INFO] EPOCH:132, ======================ACC:92.05====================
2026-05-16 20:09:14 [INFO] BEST EPOCH:130,BEST ACC:93.79
2026-05-16 20:09:14 [INFO] Saving Masks: current CR 0.5993 target CR 0.6000
2026-05-16 20:09:37 [INFO] Epoch: 133 [12800/50000 (26%)]	 Training Loss: 0.085 ACC: 94.65 CR: 0.59 Avg R1: 4.98 Avg R2: 1.57 Avg Reward: 6.544879
2026-05-16 20:10:03 [INFO] Epoch: 133 [25600/50000 (51%)]	 Training Loss: 0.086 ACC: 94.64 CR: 0.59 Avg R1: 4.96 Avg R2: 1.57 Avg Reward: 6.529734
2026-05-16 20:10:28 [INFO] Epoch: 133 [38400/50000 (77%)]	 Training Loss: 0.089 ACC: 94.56 CR: 0.59 Avg R1: 4.96 Avg R2: 1.56 Avg Reward: 6.519258
2026-05-16 20:10:51 [INFO] EPOCH:133, ======================CR:0.59052====================
2026-05-16 20:10:51 [INFO] 0.02023532496922758
2026-05-16 20:10:53 [INFO] EPOCH:133, ======================ACC:93.59====================
2026-05-16 20:10:53 [INFO] BEST EPOCH:130,BEST ACC:93.79
2026-05-16 20:10:53 [INFO] Saving Masks: current CR 0.5905 target CR 0.6000
2026-05-16 20:11:23 [INFO] Epoch: 134 [12800/50000 (26%)]	 Training Loss: 0.096 ACC: 94.38 CR: 0.60 Avg R1: 4.96 Avg R2: 1.55 Avg Reward: 6.501502
2026-05-16 20:11:50 [INFO] Epoch: 134 [25600/50000 (51%)]	 Training Loss: 0.092 ACC: 94.49 CR: 0.61 Avg R1: 4.96 Avg R2: 1.55 Avg Reward: 6.513403
2026-05-16 20:12:16 [INFO] Epoch: 134 [38400/50000 (77%)]	 Training Loss: 0.092 ACC: 94.48 CR: 0.61 Avg R1: 4.94 Avg R2: 1.56 Avg Reward: 6.495401
2026-05-16 20:12:42 [INFO] EPOCH:134, ======================CR:0.61518====================
2026-05-16 20:12:42 [INFO] 0.004312892825500079
2026-05-16 20:12:44 [INFO] EPOCH:134, ======================ACC:91.99====================
2026-05-16 20:12:44 [INFO] BEST EPOCH:130,BEST ACC:93.79
2026-05-16 20:13:11 [INFO] Epoch: 135 [12800/50000 (26%)]	 Training Loss: 0.092 ACC: 94.34 CR: 0.61 Avg R1: 4.83 Avg R2: 1.59 Avg Reward: 6.415361
2026-05-16 20:13:35 [INFO] Epoch: 135 [25600/50000 (51%)]	 Training Loss: 0.091 ACC: 94.42 CR: 0.61 Avg R1: 4.86 Avg R2: 1.58 Avg Reward: 6.442476
2026-05-16 20:14:02 [INFO] Epoch: 135 [38400/50000 (77%)]	 Training Loss: 0.091 ACC: 94.43 CR: 0.60 Avg R1: 4.89 Avg R2: 1.58 Avg Reward: 6.468242
2026-05-16 20:14:25 [INFO] EPOCH:135, ======================CR:0.59622====================
2026-05-16 20:14:25 [INFO] 0.009398625478458591
2026-05-16 20:14:27 [INFO] EPOCH:135, ======================ACC:93.52====================
2026-05-16 20:14:27 [INFO] BEST EPOCH:130,BEST ACC:93.79
2026-05-16 20:14:27 [INFO] Saving Masks: current CR 0.5962 target CR 0.6000
2026-05-16 20:14:51 [INFO] Epoch: 136 [12800/50000 (26%)]	 Training Loss: 0.081 ACC: 94.99 CR: 0.60 Avg R1: 4.97 Avg R2: 1.55 Avg Reward: 6.516583
2026-05-16 20:15:19 [INFO] Epoch: 136 [25600/50000 (51%)]	 Training Loss: 0.083 ACC: 94.75 CR: 0.60 Avg R1: 4.97 Avg R2: 1.55 Avg Reward: 6.521740
2026-05-16 20:15:41 [INFO] Epoch: 136 [38400/50000 (77%)]	 Training Loss: 0.085 ACC: 94.71 CR: 0.60 Avg R1: 4.97 Avg R2: 1.55 Avg Reward: 6.514879
2026-05-16 20:16:04 [INFO] EPOCH:136, ======================CR:0.59492====================
2026-05-16 20:16:04 [INFO] 0.0018997826458534682
2026-05-16 20:16:06 [INFO] EPOCH:136, ======================ACC:92.84====================
2026-05-16 20:16:06 [INFO] BEST EPOCH:130,BEST ACC:93.79
2026-05-16 20:16:06 [INFO] Saving Masks: current CR 0.5949 target CR 0.6000
2026-05-16 20:16:34 [INFO] Epoch: 137 [12800/50000 (26%)]	 Training Loss: 0.088 ACC: 94.62 CR: 0.59 Avg R1: 4.95 Avg R2: 1.54 Avg Reward: 6.487980
2026-05-16 20:16:57 [INFO] Epoch: 137 [25600/50000 (51%)]	 Training Loss: 0.084 ACC: 94.79 CR: 0.59 Avg R1: 4.94 Avg R2: 1.53 Avg Reward: 6.477035
2026-05-16 20:17:23 [INFO] Epoch: 137 [38400/50000 (77%)]	 Training Loss: 0.084 ACC: 94.80 CR: 0.59 Avg R1: 4.94 Avg R2: 1.53 Avg Reward: 6.470987
2026-05-16 20:17:48 [INFO] EPOCH:137, ======================CR:0.59254====================
2026-05-16 20:17:48 [INFO] 0.004739331354916807
2026-05-16 20:17:50 [INFO] EPOCH:137, ======================ACC:92.74====================
2026-05-16 20:17:50 [INFO] BEST EPOCH:130,BEST ACC:93.79
2026-05-16 20:17:50 [INFO] Saving Masks: current CR 0.5925 target CR 0.6000
2026-05-16 20:18:16 [INFO] Epoch: 138 [12800/50000 (26%)]	 Training Loss: 0.084 ACC: 94.83 CR: 0.60 Avg R1: 4.96 Avg R2: 1.53 Avg Reward: 6.494132
2026-05-16 20:18:38 [INFO] Epoch: 138 [25600/50000 (51%)]	 Training Loss: 0.086 ACC: 94.80 CR: 0.60 Avg R1: 4.97 Avg R2: 1.54 Avg Reward: 6.512978
2026-05-16 20:19:01 [INFO] Epoch: 138 [38400/50000 (77%)]	 Training Loss: 0.086 ACC: 94.87 CR: 0.61 Avg R1: 4.96 Avg R2: 1.54 Avg Reward: 6.505256
2026-05-16 20:19:20 [INFO] EPOCH:138, ======================CR:0.61798====================
2026-05-16 20:19:20 [INFO] 0.004889976732715391
2026-05-16 20:19:22 [INFO] EPOCH:138, ======================ACC:93.42====================
2026-05-16 20:19:22 [INFO] BEST EPOCH:130,BEST ACC:93.79
2026-05-16 20:19:45 [INFO] Epoch: 139 [12800/50000 (26%)]	 Training Loss: 0.092 ACC: 94.52 CR: 0.61 Avg R1: 4.81 Avg R2: 1.56 Avg Reward: 6.373721
2026-05-16 20:20:09 [INFO] Epoch: 139 [25600/50000 (51%)]	 Training Loss: 0.087 ACC: 94.73 CR: 0.61 Avg R1: 4.84 Avg R2: 1.56 Avg Reward: 6.400915
2026-05-16 20:20:31 [INFO] Epoch: 139 [38400/50000 (77%)]	 Training Loss: 0.085 ACC: 94.78 CR: 0.60 Avg R1: 4.88 Avg R2: 1.55 Avg Reward: 6.432541
2026-05-16 20:20:51 [INFO] EPOCH:139, ======================CR:0.5937====================
2026-05-16 20:20:51 [INFO] 0.008522821715047271
2026-05-16 20:20:53 [INFO] EPOCH:139, ======================ACC:93.49====================
2026-05-16 20:20:53 [INFO] BEST EPOCH:130,BEST ACC:93.79
2026-05-16 20:20:53 [INFO] Saving Masks: current CR 0.5937 target CR 0.6000
2026-05-16 20:21:15 [INFO] Epoch: 140 [12800/50000 (26%)]	 Training Loss: 0.076 ACC: 95.31 CR: 0.59 Avg R1: 4.94 Avg R2: 1.53 Avg Reward: 6.473482
2026-05-16 20:21:35 [INFO] Epoch: 140 [25600/50000 (51%)]	 Training Loss: 0.076 ACC: 95.21 CR: 0.59 Avg R1: 4.93 Avg R2: 1.53 Avg Reward: 6.454126
2026-05-16 20:21:58 [INFO] Epoch: 140 [38400/50000 (77%)]	 Training Loss: 0.077 ACC: 95.27 CR: 0.59 Avg R1: 4.92 Avg R2: 1.53 Avg Reward: 6.444034
2026-05-16 20:22:18 [INFO] EPOCH:140, ======================CR:0.58696====================
2026-05-16 20:22:18 [INFO] 4.140945999679245e-05
2026-05-16 20:22:20 [INFO] EPOCH:140, ======================ACC:94.19====================
2026-05-16 20:22:20 [INFO] BEST EPOCH:140,BEST ACC:94.19
2026-05-16 20:22:42 [INFO] Epoch: 141 [12800/50000 (26%)]	 Training Loss: 0.070 ACC: 95.82 CR: 0.59 Avg R1: 4.89 Avg R2: 1.50 Avg Reward: 6.393739
2026-05-16 20:23:02 [INFO] Epoch: 141 [25600/50000 (51%)]	 Training Loss: 0.073 ACC: 95.61 CR: 0.59 Avg R1: 4.89 Avg R2: 1.50 Avg Reward: 6.394648
2026-05-16 20:23:23 [INFO] Epoch: 141 [38400/50000 (77%)]	 Training Loss: 0.075 ACC: 95.45 CR: 0.59 Avg R1: 4.89 Avg R2: 1.50 Avg Reward: 6.392864
2026-05-16 20:23:42 [INFO] EPOCH:141, ======================CR:0.58702====================
2026-05-16 20:23:42 [INFO] 0.00284894276223364
2026-05-16 20:23:44 [INFO] EPOCH:141, ======================ACC:92.96====================
2026-05-16 20:23:44 [INFO] BEST EPOCH:140,BEST ACC:94.19
2026-05-16 20:24:04 [INFO] Epoch: 142 [12800/50000 (26%)]	 Training Loss: 0.075 ACC: 95.55 CR: 0.59 Avg R1: 4.92 Avg R2: 1.49 Avg Reward: 6.412669
2026-05-16 20:24:21 [INFO] Epoch: 142 [25600/50000 (51%)]	 Training Loss: 0.074 ACC: 95.53 CR: 0.60 Avg R1: 4.94 Avg R2: 1.50 Avg Reward: 6.435940
2026-05-16 20:24:39 [INFO] Epoch: 142 [38400/50000 (77%)]	 Training Loss: 0.074 ACC: 95.59 CR: 0.61 Avg R1: 4.95 Avg R2: 1.50 Avg Reward: 6.452868
2026-05-16 20:24:55 [INFO] EPOCH:142, ======================CR:0.61406====================
2026-05-16 20:24:55 [INFO] 0.01610580824892406
2026-05-16 20:24:57 [INFO] EPOCH:142, ======================ACC:93.82====================
2026-05-16 20:24:57 [INFO] BEST EPOCH:140,BEST ACC:94.19
2026-05-16 20:25:18 [INFO] Epoch: 143 [12800/50000 (26%)]	 Training Loss: 0.075 ACC: 95.73 CR: 0.61 Avg R1: 4.83 Avg R2: 1.53 Avg Reward: 6.356200
2026-05-16 20:25:37 [INFO] Epoch: 143 [25600/50000 (51%)]	 Training Loss: 0.074 ACC: 95.70 CR: 0.62 Avg R1: 4.82 Avg R2: 1.53 Avg Reward: 6.350483
2026-05-16 20:25:56 [INFO] Epoch: 143 [38400/50000 (77%)]	 Training Loss: 0.074 ACC: 95.63 CR: 0.62 Avg R1: 4.82 Avg R2: 1.53 Avg Reward: 6.345862
2026-05-16 20:26:14 [INFO] EPOCH:143, ======================CR:0.61264====================
2026-05-16 20:26:14 [INFO] 0.012440527306328851
2026-05-16 20:26:16 [INFO] EPOCH:143, ======================ACC:94.03====================
2026-05-16 20:26:16 [INFO] BEST EPOCH:140,BEST ACC:94.19
2026-05-16 20:26:40 [INFO] Epoch: 144 [12800/50000 (26%)]	 Training Loss: 0.072 ACC: 95.52 CR: 0.61 Avg R1: 4.87 Avg R2: 1.51 Avg Reward: 6.373582
2026-05-16 20:27:02 [INFO] Epoch: 144 [25600/50000 (51%)]	 Training Loss: 0.071 ACC: 95.60 CR: 0.61 Avg R1: 4.89 Avg R2: 1.50 Avg Reward: 6.395436
2026-05-16 20:27:24 [INFO] Epoch: 144 [38400/50000 (77%)]	 Training Loss: 0.071 ACC: 95.62 CR: 0.60 Avg R1: 4.92 Avg R2: 1.50 Avg Reward: 6.418179
2026-05-16 20:27:43 [INFO] EPOCH:144, ======================CR:0.5909====================
2026-05-16 20:27:43 [INFO] 0.005641729897981264
2026-05-16 20:27:45 [INFO] EPOCH:144, ======================ACC:94.23====================
2026-05-16 20:27:45 [INFO] BEST EPOCH:144,BEST ACC:94.23
2026-05-16 20:27:45 [INFO] Saving Masks: current CR 0.5909 target CR 0.6000
2026-05-16 20:27:45 [INFO] Updated candidate mask pretrained-rescale_mask_best-acc_60_05161722_resnet18 at epoch 144 with acc 94.2300
2026-05-16 20:28:07 [INFO] Epoch: 145 [12800/50000 (26%)]	 Training Loss: 0.072 ACC: 95.67 CR: 0.59 Avg R1: 4.93 Avg R2: 1.48 Avg Reward: 6.403166
2026-05-16 20:28:30 [INFO] Epoch: 145 [25600/50000 (51%)]	 Training Loss: 0.071 ACC: 95.75 CR: 0.59 Avg R1: 4.94 Avg R2: 1.48 Avg Reward: 6.412512
2026-05-16 20:28:52 [INFO] Epoch: 145 [38400/50000 (77%)]	 Training Loss: 0.072 ACC: 95.66 CR: 0.60 Avg R1: 4.95 Avg R2: 1.48 Avg Reward: 6.431647
2026-05-16 20:29:12 [INFO] EPOCH:145, ======================CR:0.6022====================
2026-05-16 20:29:12 [INFO] 0.007405812686479805
2026-05-16 20:29:14 [INFO] EPOCH:145, ======================ACC:92.96====================
2026-05-16 20:29:14 [INFO] BEST EPOCH:144,BEST ACC:94.23
2026-05-16 20:29:14 [INFO] Saving Masks: current CR 0.6022 target CR 0.6000
2026-05-16 20:29:37 [INFO] Epoch: 146 [12800/50000 (26%)]	 Training Loss: 0.070 ACC: 95.74 CR: 0.60 Avg R1: 4.96 Avg R2: 1.50 Avg Reward: 6.467098
2026-05-16 20:29:59 [INFO] Epoch: 146 [25600/50000 (51%)]	 Training Loss: 0.070 ACC: 95.69 CR: 0.60 Avg R1: 4.97 Avg R2: 1.50 Avg Reward: 6.474350
2026-05-16 20:30:18 [INFO] Epoch: 146 [38400/50000 (77%)]	 Training Loss: 0.069 ACC: 95.71 CR: 0.59 Avg R1: 4.97 Avg R2: 1.50 Avg Reward: 6.468189
2026-05-16 20:30:39 [INFO] EPOCH:146, ======================CR:0.59032====================
2026-05-16 20:30:39 [INFO] 0.008969297665407976
2026-05-16 20:30:41 [INFO] EPOCH:146, ======================ACC:94.18====================
2026-05-16 20:30:41 [INFO] BEST EPOCH:144,BEST ACC:94.23
2026-05-16 20:30:41 [INFO] Saving Masks: current CR 0.5903 target CR 0.6000
2026-05-16 20:31:04 [INFO] Epoch: 147 [12800/50000 (26%)]	 Training Loss: 0.061 ACC: 96.12 CR: 0.59 Avg R1: 4.93 Avg R2: 1.46 Avg Reward: 6.385477
2026-05-16 20:31:27 [INFO] Epoch: 147 [25600/50000 (51%)]	 Training Loss: 0.064 ACC: 96.05 CR: 0.60 Avg R1: 4.94 Avg R2: 1.46 Avg Reward: 6.398940
2026-05-16 20:31:48 [INFO] Epoch: 147 [38400/50000 (77%)]	 Training Loss: 0.067 ACC: 95.90 CR: 0.60 Avg R1: 4.96 Avg R2: 1.46 Avg Reward: 6.419236
2026-05-16 20:32:08 [INFO] EPOCH:147, ======================CR:0.6018====================
2026-05-16 20:32:08 [INFO] 0.009466102832557534
2026-05-16 20:32:11 [INFO] EPOCH:147, ======================ACC:93.51====================
2026-05-16 20:32:11 [INFO] BEST EPOCH:144,BEST ACC:94.23
2026-05-16 20:32:11 [INFO] Saving Masks: current CR 0.6018 target CR 0.6000
2026-05-16 20:32:33 [INFO] Epoch: 148 [12800/50000 (26%)]	 Training Loss: 0.067 ACC: 95.88 CR: 0.60 Avg R1: 4.98 Avg R2: 1.47 Avg Reward: 6.448217
2026-05-16 20:32:57 [INFO] Epoch: 148 [25600/50000 (51%)]	 Training Loss: 0.065 ACC: 96.03 CR: 0.60 Avg R1: 4.99 Avg R2: 1.47 Avg Reward: 6.453895
2026-05-16 20:33:16 [INFO] Epoch: 148 [38400/50000 (77%)]	 Training Loss: 0.064 ACC: 96.05 CR: 0.60 Avg R1: 4.99 Avg R2: 1.47 Avg Reward: 6.454442
2026-05-16 20:33:36 [INFO] EPOCH:148, ======================CR:0.59408====================
2026-05-16 20:33:36 [INFO] 0.014786130702284314
2026-05-16 20:33:38 [INFO] EPOCH:148, ======================ACC:94.24====================
2026-05-16 20:33:38 [INFO] BEST EPOCH:148,BEST ACC:94.24
2026-05-16 20:33:38 [INFO] Saving Masks: current CR 0.5941 target CR 0.6000
2026-05-16 20:33:38 [INFO] Updated candidate mask pretrained-rescale_mask_best-acc_60_05161722_resnet18 at epoch 148 with acc 94.2400
2026-05-16 20:34:02 [INFO] Epoch: 149 [12800/50000 (26%)]	 Training Loss: 0.064 ACC: 96.16 CR: 0.60 Avg R1: 4.96 Avg R2: 1.45 Avg Reward: 6.407649
2026-05-16 20:34:25 [INFO] Epoch: 149 [25600/50000 (51%)]	 Training Loss: 0.064 ACC: 96.19 CR: 0.60 Avg R1: 4.97 Avg R2: 1.45 Avg Reward: 6.422531
2026-05-16 20:34:49 [INFO] Epoch: 149 [38400/50000 (77%)]	 Training Loss: 0.065 ACC: 96.15 CR: 0.60 Avg R1: 4.97 Avg R2: 1.45 Avg Reward: 6.424370
2026-05-16 20:35:09 [INFO] EPOCH:149, ======================CR:0.60736====================
2026-05-16 20:35:09 [INFO] 0.007700110794215024
2026-05-16 20:35:11 [INFO] EPOCH:149, ======================ACC:94.25====================
2026-05-16 20:35:11 [INFO] BEST EPOCH:149,BEST ACC:94.25
2026-05-16 20:35:11 [INFO] Saving Masks: current CR 0.6074 target CR 0.6000
2026-05-16 20:35:11 [INFO] Updated candidate mask pretrained-rescale_mask_best-acc_60_05161722_resnet18 at epoch 149 with acc 94.2500
2026-05-16 20:35:32 [INFO] Epoch: 150 [12800/50000 (26%)]	 Training Loss: 0.064 ACC: 96.34 CR: 0.61 Avg R1: 4.91 Avg R2: 1.46 Avg Reward: 6.368232
2026-05-16 20:35:54 [INFO] Epoch: 150 [25600/50000 (51%)]	 Training Loss: 0.060 ACC: 96.56 CR: 0.60 Avg R1: 4.93 Avg R2: 1.46 Avg Reward: 6.383674
2026-05-16 20:36:14 [INFO] Epoch: 150 [38400/50000 (77%)]	 Training Loss: 0.059 ACC: 96.54 CR: 0.60 Avg R1: 4.94 Avg R2: 1.45 Avg Reward: 6.396799
2026-05-16 20:36:34 [INFO] EPOCH:150, ======================CR:0.5889====================
2026-05-16 20:36:34 [INFO] 0.01768375226571632
2026-05-16 20:36:36 [INFO] EPOCH:150, ======================ACC:94.52====================
2026-05-16 20:36:36 [INFO] BEST EPOCH:150,BEST ACC:94.52
2026-05-16 20:36:56 [INFO] Epoch: 151 [12800/50000 (26%)]	 Training Loss: 0.056 ACC: 96.48 CR: 0.59 Avg R1: 4.90 Avg R2: 1.41 Avg Reward: 6.309151
2026-05-16 20:37:18 [INFO] Epoch: 151 [25600/50000 (51%)]	 Training Loss: 0.058 ACC: 96.41 CR: 0.58 Avg R1: 4.88 Avg R2: 1.41 Avg Reward: 6.294601
2026-05-16 20:37:40 [INFO] Epoch: 151 [38400/50000 (77%)]	 Training Loss: 0.058 ACC: 96.45 CR: 0.58 Avg R1: 4.87 Avg R2: 1.41 Avg Reward: 6.278466
2026-05-16 20:38:01 [INFO] EPOCH:151, ======================CR:0.57794====================
2026-05-16 20:38:01 [INFO] 0.012558225571713778
2026-05-16 20:38:03 [INFO] EPOCH:151, ======================ACC:94.13====================
2026-05-16 20:38:03 [INFO] BEST EPOCH:150,BEST ACC:94.52
2026-05-16 20:38:23 [INFO] Epoch: 152 [12800/50000 (26%)]	 Training Loss: 0.052 ACC: 97.09 CR: 0.58 Avg R1: 4.84 Avg R2: 1.39 Avg Reward: 6.233015
2026-05-16 20:38:43 [INFO] Epoch: 152 [25600/50000 (51%)]	 Training Loss: 0.054 ACC: 96.84 CR: 0.59 Avg R1: 4.85 Avg R2: 1.40 Avg Reward: 6.249689
2026-05-16 20:39:04 [INFO] Epoch: 152 [38400/50000 (77%)]	 Training Loss: 0.055 ACC: 96.75 CR: 0.59 Avg R1: 4.87 Avg R2: 1.40 Avg Reward: 6.271311
2026-05-16 20:39:23 [INFO] EPOCH:152, ======================CR:0.59764====================
2026-05-16 20:39:23 [INFO] 0.016953066835209876
2026-05-16 20:39:25 [INFO] EPOCH:152, ======================ACC:94.75====================
2026-05-16 20:39:25 [INFO] BEST EPOCH:152,BEST ACC:94.75
2026-05-16 20:39:25 [INFO] Saving Masks: current CR 0.5976 target CR 0.6000
2026-05-16 20:39:25 [INFO] Updated candidate mask pretrained-rescale_mask_best-acc_60_05161722_resnet18 at epoch 152 with acc 94.7500
2026-05-16 20:39:46 [INFO] Epoch: 153 [12800/50000 (26%)]	 Training Loss: 0.055 ACC: 96.64 CR: 0.60 Avg R1: 4.99 Avg R2: 1.41 Avg Reward: 6.399404
2026-05-16 20:40:07 [INFO] Epoch: 153 [25600/50000 (51%)]	 Training Loss: 0.054 ACC: 96.74 CR: 0.60 Avg R1: 4.99 Avg R2: 1.41 Avg Reward: 6.402500
2026-05-16 20:40:27 [INFO] Epoch: 153 [38400/50000 (77%)]	 Training Loss: 0.054 ACC: 96.80 CR: 0.60 Avg R1: 4.99 Avg R2: 1.42 Avg Reward: 6.402128
2026-05-16 20:40:45 [INFO] EPOCH:153, ======================CR:0.6002====================
2026-05-16 20:40:45 [INFO] 0.017675273222048718
2026-05-16 20:40:47 [INFO] EPOCH:153, ======================ACC:94.61====================
2026-05-16 20:40:47 [INFO] BEST EPOCH:152,BEST ACC:94.75
2026-05-16 20:40:47 [INFO] Saving Masks: current CR 0.6002 target CR 0.6000
2026-05-16 20:41:10 [INFO] Epoch: 154 [12800/50000 (26%)]	 Training Loss: 0.058 ACC: 96.52 CR: 0.60 Avg R1: 4.99 Avg R2: 1.40 Avg Reward: 6.392340
2026-05-16 20:41:30 [INFO] Epoch: 154 [25600/50000 (51%)]	 Training Loss: 0.055 ACC: 96.67 CR: 0.60 Avg R1: 4.98 Avg R2: 1.40 Avg Reward: 6.380239
2026-05-16 20:41:52 [INFO] Epoch: 154 [38400/50000 (77%)]	 Training Loss: 0.056 ACC: 96.65 CR: 0.59 Avg R1: 4.97 Avg R2: 1.40 Avg Reward: 6.367507
2026-05-16 20:42:11 [INFO] EPOCH:154, ======================CR:0.59152====================
2026-05-16 20:42:11 [INFO] 0.01820342576122669
2026-05-16 20:42:13 [INFO] EPOCH:154, ======================ACC:94.51====================
2026-05-16 20:42:13 [INFO] BEST EPOCH:152,BEST ACC:94.75
2026-05-16 20:42:13 [INFO] Saving Masks: current CR 0.5915 target CR 0.6000
2026-05-16 20:42:36 [INFO] Epoch: 155 [12800/50000 (26%)]	 Training Loss: 0.053 ACC: 96.74 CR: 0.60 Avg R1: 4.96 Avg R2: 1.39 Avg Reward: 6.358267
2026-05-16 20:42:57 [INFO] Epoch: 155 [25600/50000 (51%)]	 Training Loss: 0.054 ACC: 96.81 CR: 0.60 Avg R1: 4.98 Avg R2: 1.40 Avg Reward: 6.374364
2026-05-16 20:43:19 [INFO] Epoch: 155 [38400/50000 (77%)]	 Training Loss: 0.054 ACC: 96.78 CR: 0.61 Avg R1: 4.97 Avg R2: 1.40 Avg Reward: 6.368589
2026-05-16 20:43:37 [INFO] EPOCH:155, ======================CR:0.60806====================
2026-05-16 20:43:37 [INFO] 0.016851285978693828
2026-05-16 20:43:39 [INFO] EPOCH:155, ======================ACC:94.69====================
2026-05-16 20:43:39 [INFO] BEST EPOCH:152,BEST ACC:94.75
2026-05-16 20:43:39 [INFO] Saving Masks: current CR 0.6081 target CR 0.6000
2026-05-16 20:44:02 [INFO] Epoch: 156 [12800/50000 (26%)]	 Training Loss: 0.051 ACC: 97.02 CR: 0.60 Avg R1: 4.91 Avg R2: 1.40 Avg Reward: 6.310437
2026-05-16 20:44:22 [INFO] Epoch: 156 [25600/50000 (51%)]	 Training Loss: 0.051 ACC: 96.95 CR: 0.60 Avg R1: 4.95 Avg R2: 1.39 Avg Reward: 6.339307
2026-05-16 20:44:41 [INFO] Epoch: 156 [38400/50000 (77%)]	 Training Loss: 0.051 ACC: 96.97 CR: 0.59 Avg R1: 4.95 Avg R2: 1.39 Avg Reward: 6.341563
2026-05-16 20:45:01 [INFO] EPOCH:156, ======================CR:0.5916====================
2026-05-16 20:45:01 [INFO] 0.01374561933391513
2026-05-16 20:45:04 [INFO] EPOCH:156, ======================ACC:94.49====================
2026-05-16 20:45:04 [INFO] BEST EPOCH:152,BEST ACC:94.75
2026-05-16 20:45:04 [INFO] Saving Masks: current CR 0.5916 target CR 0.6000
2026-05-16 20:45:25 [INFO] Epoch: 157 [12800/50000 (26%)]	 Training Loss: 0.051 ACC: 97.00 CR: 0.59 Avg R1: 4.94 Avg R2: 1.37 Avg Reward: 6.310488
2026-05-16 20:45:46 [INFO] Epoch: 157 [25600/50000 (51%)]	 Training Loss: 0.048 ACC: 97.09 CR: 0.60 Avg R1: 4.95 Avg R2: 1.37 Avg Reward: 6.323150
2026-05-16 20:46:05 [INFO] Epoch: 157 [38400/50000 (77%)]	 Training Loss: 0.049 ACC: 97.06 CR: 0.60 Avg R1: 4.96 Avg R2: 1.37 Avg Reward: 6.334634
2026-05-16 20:46:25 [INFO] EPOCH:157, ======================CR:0.60304====================
2026-05-16 20:46:25 [INFO] 0.01418511669003544
2026-05-16 20:46:28 [INFO] EPOCH:157, ======================ACC:95.09====================
2026-05-16 20:46:28 [INFO] BEST EPOCH:157,BEST ACC:95.09
2026-05-16 20:46:28 [INFO] Saving Masks: current CR 0.6030 target CR 0.6000
2026-05-16 20:46:28 [INFO] Updated candidate mask pretrained-rescale_mask_best-acc_60_05161722_resnet18 at epoch 157 with acc 95.0900
2026-05-16 20:46:48 [INFO] Epoch: 158 [12800/50000 (26%)]	 Training Loss: 0.044 ACC: 97.42 CR: 0.60 Avg R1: 4.98 Avg R2: 1.36 Avg Reward: 6.341635
2026-05-16 20:47:08 [INFO] Epoch: 158 [25600/50000 (51%)]	 Training Loss: 0.046 ACC: 97.31 CR: 0.60 Avg R1: 4.98 Avg R2: 1.36 Avg Reward: 6.346535
2026-05-16 20:47:28 [INFO] Epoch: 158 [38400/50000 (77%)]	 Training Loss: 0.046 ACC: 97.32 CR: 0.60 Avg R1: 4.99 Avg R2: 1.36 Avg Reward: 6.348560
2026-05-16 20:47:47 [INFO] EPOCH:158, ======================CR:0.59712====================
2026-05-16 20:47:47 [INFO] 0.014572825908697398
2026-05-16 20:47:49 [INFO] EPOCH:158, ======================ACC:94.86====================
2026-05-16 20:47:49 [INFO] BEST EPOCH:157,BEST ACC:95.09
2026-05-16 20:47:49 [INFO] Saving Masks: current CR 0.5971 target CR 0.6000
2026-05-16 20:48:12 [INFO] Epoch: 159 [12800/50000 (26%)]	 Training Loss: 0.046 ACC: 97.40 CR: 0.59 Avg R1: 4.96 Avg R2: 1.35 Avg Reward: 6.311380
2026-05-16 20:48:33 [INFO] Epoch: 159 [25600/50000 (51%)]	 Training Loss: 0.044 ACC: 97.54 CR: 0.60 Avg R1: 4.96 Avg R2: 1.35 Avg Reward: 6.313408
2026-05-16 20:48:54 [INFO] Epoch: 159 [38400/50000 (77%)]	 Training Loss: 0.044 ACC: 97.49 CR: 0.60 Avg R1: 4.97 Avg R2: 1.35 Avg Reward: 6.316603
2026-05-16 20:49:12 [INFO] EPOCH:159, ======================CR:0.59546====================
2026-05-16 20:49:12 [INFO] 0.019583602798803612
2026-05-16 20:49:14 [INFO] EPOCH:159, ======================ACC:94.67====================
2026-05-16 20:49:14 [INFO] BEST EPOCH:157,BEST ACC:95.09
2026-05-16 20:49:14 [INFO] Saving Masks: current CR 0.5955 target CR 0.6000
2026-05-16 20:49:34 [INFO] Epoch: 160 [12800/50000 (26%)]	 Training Loss: 0.044 ACC: 97.45 CR: 0.59 Avg R1: 4.96 Avg R2: 1.34 Avg Reward: 6.293927
2026-05-16 20:49:53 [INFO] Epoch: 160 [25600/50000 (51%)]	 Training Loss: 0.043 ACC: 97.60 CR: 0.60 Avg R1: 4.96 Avg R2: 1.34 Avg Reward: 6.296762
2026-05-16 20:50:12 [INFO] Epoch: 160 [38400/50000 (77%)]	 Training Loss: 0.043 ACC: 97.54 CR: 0.60 Avg R1: 4.97 Avg R2: 1.34 Avg Reward: 6.303373
2026-05-16 20:50:31 [INFO] EPOCH:160, ======================CR:0.60702====================
2026-05-16 20:50:31 [INFO] 0.014987524905157049
2026-05-16 20:50:33 [INFO] EPOCH:160, ======================ACC:94.79====================
2026-05-16 20:50:33 [INFO] BEST EPOCH:157,BEST ACC:95.09
2026-05-16 20:50:33 [INFO] Saving Masks: current CR 0.6070 target CR 0.6000
2026-05-16 20:50:55 [INFO] Epoch: 161 [12800/50000 (26%)]	 Training Loss: 0.044 ACC: 97.46 CR: 0.61 Avg R1: 4.90 Avg R2: 1.33 Avg Reward: 6.228514
2026-05-16 20:51:15 [INFO] Epoch: 161 [25600/50000 (51%)]	 Training Loss: 0.045 ACC: 97.38 CR: 0.61 Avg R1: 4.90 Avg R2: 1.33 Avg Reward: 6.234852
2026-05-16 20:51:36 [INFO] Epoch: 161 [38400/50000 (77%)]	 Training Loss: 0.044 ACC: 97.43 CR: 0.60 Avg R1: 4.92 Avg R2: 1.33 Avg Reward: 6.253928
2026-05-16 20:51:55 [INFO] EPOCH:161, ======================CR:0.59668====================
2026-05-16 20:51:55 [INFO] 0.023342595696588017
2026-05-16 20:51:57 [INFO] EPOCH:161, ======================ACC:94.85====================
2026-05-16 20:51:57 [INFO] BEST EPOCH:157,BEST ACC:95.09
2026-05-16 20:51:57 [INFO] Saving Masks: current CR 0.5967 target CR 0.6000
2026-05-16 20:52:17 [INFO] Epoch: 162 [12800/50000 (26%)]	 Training Loss: 0.041 ACC: 97.61 CR: 0.59 Avg R1: 4.95 Avg R2: 1.31 Avg Reward: 6.259318
2026-05-16 20:52:36 [INFO] Epoch: 162 [25600/50000 (51%)]	 Training Loss: 0.041 ACC: 97.62 CR: 0.59 Avg R1: 4.93 Avg R2: 1.31 Avg Reward: 6.240931
2026-05-16 20:52:56 [INFO] Epoch: 162 [38400/50000 (77%)]	 Training Loss: 0.040 ACC: 97.63 CR: 0.59 Avg R1: 4.92 Avg R2: 1.31 Avg Reward: 6.232137
2026-05-16 20:53:16 [INFO] EPOCH:162, ======================CR:0.59084====================
2026-05-16 20:53:16 [INFO] 0.02436373214196268
2026-05-16 20:53:18 [INFO] EPOCH:162, ======================ACC:95.19====================
2026-05-16 20:53:18 [INFO] BEST EPOCH:162,BEST ACC:95.19
2026-05-16 20:53:18 [INFO] Saving Masks: current CR 0.5908 target CR 0.6000
2026-05-16 20:53:18 [INFO] Updated candidate mask pretrained-rescale_mask_best-acc_60_05161722_resnet18 at epoch 162 with acc 95.1900
2026-05-16 20:53:39 [INFO] Epoch: 163 [12800/50000 (26%)]	 Training Loss: 0.038 ACC: 98.00 CR: 0.60 Avg R1: 4.93 Avg R2: 1.29 Avg Reward: 6.221836
2026-05-16 20:53:59 [INFO] Epoch: 163 [25600/50000 (51%)]	 Training Loss: 0.040 ACC: 97.82 CR: 0.60 Avg R1: 4.95 Avg R2: 1.29 Avg Reward: 6.245609
2026-05-16 20:54:20 [INFO] Epoch: 163 [38400/50000 (77%)]	 Training Loss: 0.038 ACC: 97.87 CR: 0.61 Avg R1: 4.96 Avg R2: 1.29 Avg Reward: 6.254240
2026-05-16 20:54:40 [INFO] EPOCH:163, ======================CR:0.61194====================
2026-05-16 20:54:40 [INFO] 0.023432213030445834
2026-05-16 20:54:42 [INFO] EPOCH:163, ======================ACC:95.04====================
2026-05-16 20:54:42 [INFO] BEST EPOCH:162,BEST ACC:95.19
2026-05-16 20:55:01 [INFO] Epoch: 164 [12800/50000 (26%)]	 Training Loss: 0.039 ACC: 97.81 CR: 0.61 Avg R1: 4.85 Avg R2: 1.31 Avg Reward: 6.151726
2026-05-16 20:55:20 [INFO] Epoch: 164 [25600/50000 (51%)]	 Training Loss: 0.038 ACC: 97.83 CR: 0.61 Avg R1: 4.85 Avg R2: 1.31 Avg Reward: 6.157879
2026-05-16 20:55:37 [INFO] Epoch: 164 [38400/50000 (77%)]	 Training Loss: 0.038 ACC: 97.79 CR: 0.61 Avg R1: 4.86 Avg R2: 1.31 Avg Reward: 6.169759
2026-05-16 20:55:54 [INFO] EPOCH:164, ======================CR:0.60546====================
2026-05-16 20:55:54 [INFO] 0.02702786351838968
2026-05-16 20:55:56 [INFO] EPOCH:164, ======================ACC:95.09====================
2026-05-16 20:55:56 [INFO] BEST EPOCH:162,BEST ACC:95.19
2026-05-16 20:55:56 [INFO] Saving Masks: current CR 0.6055 target CR 0.6000
2026-05-16 20:56:15 [INFO] Epoch: 165 [12800/50000 (26%)]	 Training Loss: 0.037 ACC: 97.77 CR: 0.60 Avg R1: 4.96 Avg R2: 1.29 Avg Reward: 6.248568
2026-05-16 20:56:35 [INFO] Epoch: 165 [25600/50000 (51%)]	 Training Loss: 0.035 ACC: 97.91 CR: 0.60 Avg R1: 4.97 Avg R2: 1.29 Avg Reward: 6.254204
2026-05-16 20:56:56 [INFO] Epoch: 165 [38400/50000 (77%)]	 Training Loss: 0.035 ACC: 97.90 CR: 0.59 Avg R1: 4.96 Avg R2: 1.28 Avg Reward: 6.248144
2026-05-16 20:57:12 [INFO] EPOCH:165, ======================CR:0.59402====================
2026-05-16 20:57:12 [INFO] 0.025024159872771252
2026-05-16 20:57:14 [INFO] EPOCH:165, ======================ACC:95.22====================
2026-05-16 20:57:14 [INFO] BEST EPOCH:165,BEST ACC:95.22
2026-05-16 20:57:14 [INFO] Saving Masks: current CR 0.5940 target CR 0.6000
2026-05-16 20:57:14 [INFO] Updated candidate mask pretrained-rescale_mask_best-acc_60_05161722_resnet18 at epoch 165 with acc 95.2200
2026-05-16 20:57:34 [INFO] Epoch: 166 [12800/50000 (26%)]	 Training Loss: 0.034 ACC: 98.00 CR: 0.60 Avg R1: 4.96 Avg R2: 1.27 Avg Reward: 6.229986
2026-05-16 20:57:50 [INFO] Epoch: 166 [25600/50000 (51%)]	 Training Loss: 0.036 ACC: 97.96 CR: 0.60 Avg R1: 4.97 Avg R2: 1.28 Avg Reward: 6.243057
2026-05-16 20:58:08 [INFO] Epoch: 166 [38400/50000 (77%)]	 Training Loss: 0.037 ACC: 97.84 CR: 0.61 Avg R1: 4.97 Avg R2: 1.28 Avg Reward: 6.243911
2026-05-16 20:58:26 [INFO] EPOCH:166, ======================CR:0.60778====================
2026-05-16 20:58:26 [INFO] 0.020238251192315437
2026-05-16 20:58:28 [INFO] EPOCH:166, ======================ACC:95.24====================
2026-05-16 20:58:28 [INFO] BEST EPOCH:166,BEST ACC:95.24
2026-05-16 20:58:28 [INFO] Saving Masks: current CR 0.6078 target CR 0.6000
2026-05-16 20:58:28 [INFO] Updated candidate mask pretrained-rescale_mask_best-acc_60_05161722_resnet18 at epoch 166 with acc 95.2400
2026-05-16 20:58:47 [INFO] Epoch: 167 [12800/50000 (26%)]	 Training Loss: 0.030 ACC: 98.37 CR: 0.61 Avg R1: 4.92 Avg R2: 1.28 Avg Reward: 6.198844
2026-05-16 20:59:06 [INFO] Epoch: 167 [25600/50000 (51%)]	 Training Loss: 0.032 ACC: 98.21 CR: 0.60 Avg R1: 4.92 Avg R2: 1.28 Avg Reward: 6.202405
2026-05-16 20:59:25 [INFO] Epoch: 167 [38400/50000 (77%)]	 Training Loss: 0.033 ACC: 98.20 CR: 0.60 Avg R1: 4.93 Avg R2: 1.28 Avg Reward: 6.206783
2026-05-16 20:59:42 [INFO] EPOCH:167, ======================CR:0.60404====================
2026-05-16 20:59:42 [INFO] 0.020161999756534058
2026-05-16 20:59:44 [INFO] EPOCH:167, ======================ACC:95.25====================
2026-05-16 20:59:44 [INFO] BEST EPOCH:167,BEST ACC:95.25
2026-05-16 20:59:44 [INFO] Saving Masks: current CR 0.6040 target CR 0.6000
2026-05-16 20:59:44 [INFO] Updated candidate mask pretrained-rescale_mask_best-acc_60_05161722_resnet18 at epoch 167 with acc 95.2500
2026-05-16 21:00:04 [INFO] Epoch: 168 [12800/50000 (26%)]	 Training Loss: 0.031 ACC: 98.31 CR: 0.60 Avg R1: 4.96 Avg R2: 1.25 Avg Reward: 6.211190
2026-05-16 21:00:23 [INFO] Epoch: 168 [25600/50000 (51%)]	 Training Loss: 0.032 ACC: 98.30 CR: 0.60 Avg R1: 4.97 Avg R2: 1.25 Avg Reward: 6.215583
2026-05-16 21:00:45 [INFO] Epoch: 168 [38400/50000 (77%)]	 Training Loss: 0.030 ACC: 98.36 CR: 0.59 Avg R1: 4.96 Avg R2: 1.25 Avg Reward: 6.210909
2026-05-16 21:01:05 [INFO] EPOCH:168, ======================CR:0.58944====================
2026-05-16 21:01:05 [INFO] 0.025297596205667145
2026-05-16 21:01:07 [INFO] EPOCH:168, ======================ACC:95.52====================
2026-05-16 21:01:07 [INFO] BEST EPOCH:168,BEST ACC:95.52
2026-05-16 21:01:28 [INFO] Epoch: 169 [12800/50000 (26%)]	 Training Loss: 0.033 ACC: 98.20 CR: 0.59 Avg R1: 4.91 Avg R2: 1.23 Avg Reward: 6.142945
2026-05-16 21:01:50 [INFO] Epoch: 169 [25600/50000 (51%)]	 Training Loss: 0.034 ACC: 98.10 CR: 0.59 Avg R1: 4.92 Avg R2: 1.23 Avg Reward: 6.153031
2026-05-16 21:02:12 [INFO] Epoch: 169 [38400/50000 (77%)]	 Training Loss: 0.034 ACC: 98.07 CR: 0.59 Avg R1: 4.93 Avg R2: 1.23 Avg Reward: 6.160194
2026-05-16 21:02:31 [INFO] EPOCH:169, ======================CR:0.5999====================
2026-05-16 21:02:31 [INFO] 0.014837643373143522
2026-05-16 21:02:33 [INFO] EPOCH:169, ======================ACC:95.26====================
2026-05-16 21:02:33 [INFO] BEST EPOCH:168,BEST ACC:95.52
2026-05-16 21:02:33 [INFO] Saving Masks: current CR 0.5999 target CR 0.6000
2026-05-16 21:02:33 [INFO] Updated candidate mask pretrained-rescale_mask_best-acc_60_05161722_resnet18 at epoch 169 with acc 95.2600
2026-05-16 21:02:54 [INFO] Epoch: 170 [12800/50000 (26%)]	 Training Loss: 0.033 ACC: 98.00 CR: 0.60 Avg R1: 4.97 Avg R2: 1.24 Avg Reward: 6.213459
2026-05-16 21:03:15 [INFO] Epoch: 170 [25600/50000 (51%)]	 Training Loss: 0.029 ACC: 98.25 CR: 0.61 Avg R1: 4.95 Avg R2: 1.24 Avg Reward: 6.193704
2026-05-16 21:03:37 [INFO] Epoch: 170 [38400/50000 (77%)]	 Training Loss: 0.029 ACC: 98.29 CR: 0.61 Avg R1: 4.94 Avg R2: 1.24 Avg Reward: 6.180444
2026-05-16 21:03:58 [INFO] EPOCH:170, ======================CR:0.60556====================
2026-05-16 21:03:58 [INFO] 0.01710938281726099
2026-05-16 21:04:00 [INFO] EPOCH:170, ======================ACC:95.49====================
2026-05-16 21:04:00 [INFO] BEST EPOCH:169,BEST ACC:95.52
2026-05-16 21:04:00 [INFO] Saving Masks: current CR 0.6056 target CR 0.6000
2026-05-16 21:04:00 [INFO] Updated candidate mask pretrained-rescale_mask_best-acc_60_05161722_resnet18 at epoch 170 with acc 95.4900
2026-05-16 21:04:24 [INFO] Epoch: 171 [12800/50000 (26%)]	 Training Loss: 0.028 ACC: 98.27 CR: 0.60 Avg R1: 4.96 Avg R2: 1.22 Avg Reward: 6.180410
2026-05-16 21:04:44 [INFO] Epoch: 171 [25600/50000 (51%)]	 Training Loss: 0.029 ACC: 98.26 CR: 0.60 Avg R1: 4.97 Avg R2: 1.22 Avg Reward: 6.190821
2026-05-16 21:05:05 [INFO] Epoch: 171 [38400/50000 (77%)]	 Training Loss: 0.030 ACC: 98.27 CR: 0.59 Avg R1: 4.96 Avg R2: 1.22 Avg Reward: 6.179524
2026-05-16 21:05:27 [INFO] EPOCH:171, ======================CR:0.58476====================
2026-05-16 21:05:27 [INFO] 0.022971196539555157
2026-05-16 21:05:29 [INFO] EPOCH:171, ======================ACC:95.55====================
2026-05-16 21:05:29 [INFO] BEST EPOCH:171,BEST ACC:95.55
2026-05-16 21:05:50 [INFO] Epoch: 172 [12800/50000 (26%)]	 Training Loss: 0.030 ACC: 98.26 CR: 0.59 Avg R1: 4.88 Avg R2: 1.19 Avg Reward: 6.072864
2026-05-16 21:06:13 [INFO] Epoch: 172 [25600/50000 (51%)]	 Training Loss: 0.029 ACC: 98.29 CR: 0.59 Avg R1: 4.89 Avg R2: 1.19 Avg Reward: 6.081235
2026-05-16 21:06:36 [INFO] Epoch: 172 [38400/50000 (77%)]	 Training Loss: 0.029 ACC: 98.34 CR: 0.59 Avg R1: 4.90 Avg R2: 1.19 Avg Reward: 6.087756
2026-05-16 21:06:57 [INFO] EPOCH:172, ======================CR:0.59098====================
2026-05-16 21:06:57 [INFO] 0.012626338609050831
2026-05-16 21:06:59 [INFO] EPOCH:172, ======================ACC:95.52====================
2026-05-16 21:06:59 [INFO] BEST EPOCH:171,BEST ACC:95.55
2026-05-16 21:06:59 [INFO] Saving Masks: current CR 0.5910 target CR 0.6000
2026-05-16 21:06:59 [INFO] Updated candidate mask pretrained-rescale_mask_best-acc_60_05161722_resnet18 at epoch 172 with acc 95.5200
2026-05-16 21:07:22 [INFO] Epoch: 173 [12800/50000 (26%)]	 Training Loss: 0.027 ACC: 98.38 CR: 0.59 Avg R1: 4.94 Avg R2: 1.20 Avg Reward: 6.139115
2026-05-16 21:07:45 [INFO] Epoch: 173 [25600/50000 (51%)]	 Training Loss: 0.026 ACC: 98.46 CR: 0.59 Avg R1: 4.95 Avg R2: 1.20 Avg Reward: 6.147084
2026-05-16 21:08:09 [INFO] Epoch: 173 [38400/50000 (77%)]	 Training Loss: 0.027 ACC: 98.45 CR: 0.60 Avg R1: 4.95 Avg R2: 1.20 Avg Reward: 6.152281
2026-05-16 21:08:27 [INFO] EPOCH:173, ======================CR:0.60044====================
2026-05-16 21:08:27 [INFO] 0.019983660072187645
2026-05-16 21:08:29 [INFO] EPOCH:173, ======================ACC:95.67====================
2026-05-16 21:08:29 [INFO] BEST EPOCH:173,BEST ACC:95.67
2026-05-16 21:08:29 [INFO] Saving Masks: current CR 0.6004 target CR 0.6000
2026-05-16 21:08:29 [INFO] Updated candidate mask pretrained-rescale_mask_best-acc_60_05161722_resnet18 at epoch 173 with acc 95.6700
2026-05-16 21:08:49 [INFO] Epoch: 174 [12800/50000 (26%)]	 Training Loss: 0.026 ACC: 98.64 CR: 0.60 Avg R1: 4.98 Avg R2: 1.19 Avg Reward: 6.174855
2026-05-16 21:09:10 [INFO] Epoch: 174 [25600/50000 (51%)]	 Training Loss: 0.026 ACC: 98.47 CR: 0.60 Avg R1: 4.98 Avg R2: 1.19 Avg Reward: 6.169725
2026-05-16 21:09:30 [INFO] Epoch: 174 [38400/50000 (77%)]	 Training Loss: 0.026 ACC: 98.47 CR: 0.60 Avg R1: 4.97 Avg R2: 1.19 Avg Reward: 6.166381
2026-05-16 21:09:48 [INFO] EPOCH:174, ======================CR:0.60128====================
2026-05-16 21:09:48 [INFO] 0.019779843314208095
2026-05-16 21:09:51 [INFO] EPOCH:174, ======================ACC:95.4====================
2026-05-16 21:09:51 [INFO] BEST EPOCH:173,BEST ACC:95.67
2026-05-16 21:09:51 [INFO] Saving Masks: current CR 0.6013 target CR 0.6000
2026-05-16 21:10:13 [INFO] Epoch: 175 [12800/50000 (26%)]	 Training Loss: 0.025 ACC: 98.58 CR: 0.60 Avg R1: 4.99 Avg R2: 1.18 Avg Reward: 6.173774
2026-05-16 21:10:35 [INFO] Epoch: 175 [25600/50000 (51%)]	 Training Loss: 0.025 ACC: 98.51 CR: 0.59 Avg R1: 4.97 Avg R2: 1.18 Avg Reward: 6.149383
2026-05-16 21:10:56 [INFO] Epoch: 175 [38400/50000 (77%)]	 Training Loss: 0.025 ACC: 98.55 CR: 0.59 Avg R1: 4.95 Avg R2: 1.18 Avg Reward: 6.124800
2026-05-16 21:11:15 [INFO] EPOCH:175, ======================CR:0.58542====================
2026-05-16 21:11:15 [INFO] 0.024413772095427864
2026-05-16 21:11:17 [INFO] EPOCH:175, ======================ACC:95.64====================
2026-05-16 21:11:17 [INFO] BEST EPOCH:173,BEST ACC:95.67
2026-05-16 21:11:38 [INFO] Epoch: 176 [12800/50000 (26%)]	 Training Loss: 0.023 ACC: 98.84 CR: 0.59 Avg R1: 4.88 Avg R2: 1.16 Avg Reward: 6.043985
2026-05-16 21:11:59 [INFO] Epoch: 176 [25600/50000 (51%)]	 Training Loss: 0.024 ACC: 98.73 CR: 0.59 Avg R1: 4.89 Avg R2: 1.16 Avg Reward: 6.049289
2026-05-16 21:12:20 [INFO] Epoch: 176 [38400/50000 (77%)]	 Training Loss: 0.025 ACC: 98.69 CR: 0.59 Avg R1: 4.90 Avg R2: 1.16 Avg Reward: 6.056767
2026-05-16 21:12:41 [INFO] EPOCH:176, ======================CR:0.59372====================
2026-05-16 21:12:41 [INFO] 0.014056399146967099
2026-05-16 21:12:43 [INFO] EPOCH:176, ======================ACC:95.85====================
2026-05-16 21:12:43 [INFO] BEST EPOCH:176,BEST ACC:95.85
2026-05-16 21:12:43 [INFO] Saving Masks: current CR 0.5937 target CR 0.6000
2026-05-16 21:12:43 [INFO] Updated candidate mask pretrained-rescale_mask_best-acc_60_05161722_resnet18 at epoch 176 with acc 95.8500
2026-05-16 21:13:05 [INFO] Epoch: 177 [12800/50000 (26%)]	 Training Loss: 0.023 ACC: 98.67 CR: 0.60 Avg R1: 4.95 Avg R2: 1.16 Avg Reward: 6.113386
2026-05-16 21:13:27 [INFO] Epoch: 177 [25600/50000 (51%)]	 Training Loss: 0.022 ACC: 98.80 CR: 0.60 Avg R1: 4.96 Avg R2: 1.16 Avg Reward: 6.125273
2026-05-16 21:13:47 [INFO] Epoch: 177 [38400/50000 (77%)]	 Training Loss: 0.022 ACC: 98.77 CR: 0.60 Avg R1: 4.97 Avg R2: 1.17 Avg Reward: 6.136220
2026-05-16 21:14:05 [INFO] EPOCH:177, ======================CR:0.6028====================
2026-05-16 21:14:05 [INFO] 0.02305005604425935
2026-05-16 21:14:07 [INFO] EPOCH:177, ======================ACC:95.93====================
2026-05-16 21:14:07 [INFO] BEST EPOCH:177,BEST ACC:95.93
2026-05-16 21:14:07 [INFO] Saving Masks: current CR 0.6028 target CR 0.6000
2026-05-16 21:14:07 [INFO] Updated candidate mask pretrained-rescale_mask_best-acc_60_05161722_resnet18 at epoch 177 with acc 95.9300
2026-05-16 21:14:31 [INFO] Epoch: 178 [12800/50000 (26%)]	 Training Loss: 0.021 ACC: 98.77 CR: 0.60 Avg R1: 4.96 Avg R2: 1.16 Avg Reward: 6.118068
2026-05-16 21:14:53 [INFO] Epoch: 178 [25600/50000 (51%)]	 Training Loss: 0.021 ACC: 98.72 CR: 0.60 Avg R1: 4.98 Avg R2: 1.16 Avg Reward: 6.132039
2026-05-16 21:15:17 [INFO] Epoch: 178 [38400/50000 (77%)]	 Training Loss: 0.022 ACC: 98.75 CR: 0.60 Avg R1: 4.98 Avg R2: 1.15 Avg Reward: 6.135853
2026-05-16 21:15:38 [INFO] EPOCH:178, ======================CR:0.5992====================
2026-05-16 21:15:38 [INFO] 0.01720907011055101
2026-05-16 21:15:40 [INFO] EPOCH:178, ======================ACC:95.91====================
2026-05-16 21:15:40 [INFO] BEST EPOCH:177,BEST ACC:95.93
2026-05-16 21:15:40 [INFO] Saving Masks: current CR 0.5992 target CR 0.6000
2026-05-16 21:16:00 [INFO] Epoch: 179 [12800/50000 (26%)]	 Training Loss: 0.021 ACC: 98.84 CR: 0.60 Avg R1: 4.99 Avg R2: 1.15 Avg Reward: 6.141865
2026-05-16 21:16:20 [INFO] Epoch: 179 [25600/50000 (51%)]	 Training Loss: 0.021 ACC: 98.80 CR: 0.60 Avg R1: 4.99 Avg R2: 1.15 Avg Reward: 6.141234
2026-05-16 21:16:42 [INFO] Epoch: 179 [38400/50000 (77%)]	 Training Loss: 0.021 ACC: 98.78 CR: 0.60 Avg R1: 4.99 Avg R2: 1.15 Avg Reward: 6.140552
2026-05-16 21:17:02 [INFO] EPOCH:179, ======================CR:0.5981====================
2026-05-16 21:17:02 [INFO] 0.01830560150637125
2026-05-16 21:17:04 [INFO] EPOCH:179, ======================ACC:95.9====================
2026-05-16 21:17:04 [INFO] BEST EPOCH:177,BEST ACC:95.93
2026-05-16 21:17:04 [INFO] Saving Masks: current CR 0.5981 target CR 0.6000
2026-05-16 21:17:27 [INFO] Epoch: 180 [12800/50000 (26%)]	 Training Loss: 0.022 ACC: 98.77 CR: 0.60 Avg R1: 4.98 Avg R2: 1.13 Avg Reward: 6.113985
2026-05-16 21:17:50 [INFO] Epoch: 180 [25600/50000 (51%)]	 Training Loss: 0.021 ACC: 98.88 CR: 0.59 Avg R1: 4.97 Avg R2: 1.13 Avg Reward: 6.102103
2026-05-16 21:18:13 [INFO] Epoch: 180 [38400/50000 (77%)]	 Training Loss: 0.021 ACC: 98.88 CR: 0.60 Avg R1: 4.97 Avg R2: 1.13 Avg Reward: 6.098467
2026-05-16 21:18:33 [INFO] EPOCH:180, ======================CR:0.59708====================
2026-05-16 21:18:33 [INFO] 0.022132217153592832
2026-05-16 21:18:35 [INFO] EPOCH:180, ======================ACC:95.84====================
2026-05-16 21:18:35 [INFO] BEST EPOCH:177,BEST ACC:95.93
2026-05-16 21:18:35 [INFO] Saving Masks: current CR 0.5971 target CR 0.6000
2026-05-16 21:18:57 [INFO] Epoch: 181 [12800/50000 (26%)]	 Training Loss: 0.021 ACC: 98.91 CR: 0.60 Avg R1: 4.98 Avg R2: 1.13 Avg Reward: 6.102396
2026-05-16 21:19:16 [INFO] Epoch: 181 [25600/50000 (51%)]	 Training Loss: 0.021 ACC: 98.88 CR: 0.60 Avg R1: 4.98 Avg R2: 1.13 Avg Reward: 6.112701
2026-05-16 21:19:37 [INFO] Epoch: 181 [38400/50000 (77%)]	 Training Loss: 0.021 ACC: 98.86 CR: 0.60 Avg R1: 4.98 Avg R2: 1.13 Avg Reward: 6.113904
2026-05-16 21:19:56 [INFO] EPOCH:181, ======================CR:0.60132====================
2026-05-16 21:19:56 [INFO] 0.01782422609815102
2026-05-16 21:19:58 [INFO] EPOCH:181, ======================ACC:95.91====================
2026-05-16 21:19:58 [INFO] BEST EPOCH:177,BEST ACC:95.93
2026-05-16 21:19:58 [INFO] Saving Masks: current CR 0.6013 target CR 0.6000
2026-05-16 21:20:22 [INFO] Epoch: 182 [12800/50000 (26%)]	 Training Loss: 0.019 ACC: 98.97 CR: 0.60 Avg R1: 4.99 Avg R2: 1.13 Avg Reward: 6.120241
2026-05-16 21:20:44 [INFO] Epoch: 182 [25600/50000 (51%)]	 Training Loss: 0.019 ACC: 98.96 CR: 0.60 Avg R1: 4.99 Avg R2: 1.13 Avg Reward: 6.121411
2026-05-16 21:21:07 [INFO] Epoch: 182 [38400/50000 (77%)]	 Training Loss: 0.020 ACC: 98.90 CR: 0.60 Avg R1: 4.99 Avg R2: 1.13 Avg Reward: 6.117774
2026-05-16 21:21:26 [INFO] EPOCH:182, ======================CR:0.59592====================
2026-05-16 21:21:26 [INFO] 0.027111311083529092
2026-05-16 21:21:28 [INFO] EPOCH:182, ======================ACC:95.88====================
2026-05-16 21:21:28 [INFO] BEST EPOCH:177,BEST ACC:95.93
2026-05-16 21:21:28 [INFO] Saving Masks: current CR 0.5959 target CR 0.6000
2026-05-16 21:21:51 [INFO] Epoch: 183 [12800/50000 (26%)]	 Training Loss: 0.020 ACC: 98.98 CR: 0.60 Avg R1: 4.98 Avg R2: 1.12 Avg Reward: 6.092560
2026-05-16 21:22:12 [INFO] Epoch: 183 [25600/50000 (51%)]	 Training Loss: 0.019 ACC: 98.98 CR: 0.60 Avg R1: 4.98 Avg R2: 1.12 Avg Reward: 6.098079
2026-05-16 21:22:34 [INFO] Epoch: 183 [38400/50000 (77%)]	 Training Loss: 0.018 ACC: 99.01 CR: 0.60 Avg R1: 4.99 Avg R2: 1.12 Avg Reward: 6.103060
2026-05-16 21:22:51 [INFO] EPOCH:183, ======================CR:0.60246====================
2026-05-16 21:22:51 [INFO] 0.020991192535105303
2026-05-16 21:22:53 [INFO] EPOCH:183, ======================ACC:95.98====================
2026-05-16 21:22:53 [INFO] BEST EPOCH:183,BEST ACC:95.98
2026-05-16 21:22:53 [INFO] Saving Masks: current CR 0.6025 target CR 0.6000
2026-05-16 21:22:53 [INFO] Updated candidate mask pretrained-rescale_mask_best-acc_60_05161722_resnet18 at epoch 183 with acc 95.9800
2026-05-16 21:23:14 [INFO] Epoch: 184 [12800/50000 (26%)]	 Training Loss: 0.019 ACC: 99.14 CR: 0.60 Avg R1: 4.98 Avg R2: 1.11 Avg Reward: 6.089153
2026-05-16 21:23:33 [INFO] Epoch: 184 [25600/50000 (51%)]	 Training Loss: 0.019 ACC: 99.04 CR: 0.60 Avg R1: 4.98 Avg R2: 1.11 Avg Reward: 6.091110
2026-05-16 21:23:55 [INFO] Epoch: 184 [38400/50000 (77%)]	 Training Loss: 0.019 ACC: 99.05 CR: 0.60 Avg R1: 4.98 Avg R2: 1.11 Avg Reward: 6.095963
2026-05-16 21:24:14 [INFO] EPOCH:184, ======================CR:0.59752====================
2026-05-16 21:24:14 [INFO] 0.014126002545395503
2026-05-16 21:24:16 [INFO] EPOCH:184, ======================ACC:95.93====================
2026-05-16 21:24:16 [INFO] BEST EPOCH:183,BEST ACC:95.98
2026-05-16 21:24:16 [INFO] Saving Masks: current CR 0.5975 target CR 0.6000
2026-05-16 21:24:37 [INFO] Epoch: 185 [12800/50000 (26%)]	 Training Loss: 0.018 ACC: 99.11 CR: 0.60 Avg R1: 4.98 Avg R2: 1.10 Avg Reward: 6.075351
2026-05-16 21:24:59 [INFO] Epoch: 185 [25600/50000 (51%)]	 Training Loss: 0.018 ACC: 99.10 CR: 0.60 Avg R1: 4.98 Avg R2: 1.10 Avg Reward: 6.079625
2026-05-16 21:25:19 [INFO] Epoch: 185 [38400/50000 (77%)]	 Training Loss: 0.019 ACC: 99.06 CR: 0.60 Avg R1: 4.98 Avg R2: 1.10 Avg Reward: 6.086519
2026-05-16 21:25:38 [INFO] EPOCH:185, ======================CR:0.60026====================
2026-05-16 21:25:38 [INFO] 0.01681242817814862
2026-05-16 21:25:40 [INFO] EPOCH:185, ======================ACC:96.01====================
2026-05-16 21:25:40 [INFO] BEST EPOCH:185,BEST ACC:96.01
2026-05-16 21:25:40 [INFO] Saving Masks: current CR 0.6003 target CR 0.6000
2026-05-16 21:25:40 [INFO] Updated candidate mask pretrained-rescale_mask_best-acc_60_05161722_resnet18 at epoch 185 with acc 96.0100
2026-05-16 21:26:02 [INFO] Epoch: 186 [12800/50000 (26%)]	 Training Loss: 0.019 ACC: 98.91 CR: 0.60 Avg R1: 4.97 Avg R2: 1.11 Avg Reward: 6.076549
2026-05-16 21:26:20 [INFO] Epoch: 186 [25600/50000 (51%)]	 Training Loss: 0.018 ACC: 99.00 CR: 0.60 Avg R1: 4.96 Avg R2: 1.11 Avg Reward: 6.064740
2026-05-16 21:26:40 [INFO] Epoch: 186 [38400/50000 (77%)]	 Training Loss: 0.018 ACC: 98.99 CR: 0.60 Avg R1: 4.95 Avg R2: 1.11 Avg Reward: 6.060150
2026-05-16 21:27:01 [INFO] EPOCH:186, ======================CR:0.60032====================
2026-05-16 21:27:01 [INFO] 0.019181373980570862
2026-05-16 21:27:03 [INFO] EPOCH:186, ======================ACC:95.91====================
2026-05-16 21:27:03 [INFO] BEST EPOCH:185,BEST ACC:96.01
2026-05-16 21:27:03 [INFO] Saving Masks: current CR 0.6003 target CR 0.6000
2026-05-16 21:27:26 [INFO] Epoch: 187 [12800/50000 (26%)]	 Training Loss: 0.016 ACC: 99.17 CR: 0.60 Avg R1: 4.99 Avg R2: 1.10 Avg Reward: 6.087013
2026-05-16 21:27:41 [INFO] Epoch: 187 [25600/50000 (51%)]	 Training Loss: 0.016 ACC: 99.05 CR: 0.60 Avg R1: 4.98 Avg R2: 1.09 Avg Reward: 6.076702
2026-05-16 21:27:59 [INFO] Epoch: 187 [38400/50000 (77%)]	 Training Loss: 0.016 ACC: 99.05 CR: 0.59 Avg R1: 4.97 Avg R2: 1.09 Avg Reward: 6.064278
2026-05-16 21:28:17 [INFO] EPOCH:187, ======================CR:0.59398====================
2026-05-16 21:28:17 [INFO] 0.02275368770493823
2026-05-16 21:28:19 [INFO] EPOCH:187, ======================ACC:96.12====================
2026-05-16 21:28:19 [INFO] BEST EPOCH:187,BEST ACC:96.12
2026-05-16 21:28:19 [INFO] Saving Masks: current CR 0.5940 target CR 0.6000
2026-05-16 21:28:19 [INFO] Updated candidate mask pretrained-rescale_mask_best-acc_60_05161722_resnet18 at epoch 187 with acc 96.1200
2026-05-16 21:28:40 [INFO] Epoch: 188 [12800/50000 (26%)]	 Training Loss: 0.018 ACC: 99.04 CR: 0.59 Avg R1: 4.95 Avg R2: 1.08 Avg Reward: 6.027280
2026-05-16 21:28:59 [INFO] Epoch: 188 [25600/50000 (51%)]	 Training Loss: 0.018 ACC: 99.03 CR: 0.60 Avg R1: 4.96 Avg R2: 1.08 Avg Reward: 6.038817
2026-05-16 21:29:19 [INFO] Epoch: 188 [38400/50000 (77%)]	 Training Loss: 0.017 ACC: 99.05 CR: 0.60 Avg R1: 4.97 Avg R2: 1.08 Avg Reward: 6.052466
2026-05-16 21:29:38 [INFO] EPOCH:188, ======================CR:0.59924====================
2026-05-16 21:29:38 [INFO] 0.014856285170306214
2026-05-16 21:29:40 [INFO] EPOCH:188, ======================ACC:96.03====================
2026-05-16 21:29:40 [INFO] BEST EPOCH:187,BEST ACC:96.12
2026-05-16 21:29:40 [INFO] Saving Masks: current CR 0.5992 target CR 0.6000
2026-05-16 21:30:00 [INFO] Epoch: 189 [12800/50000 (26%)]	 Training Loss: 0.017 ACC: 99.05 CR: 0.60 Avg R1: 4.99 Avg R2: 1.09 Avg Reward: 6.075177
2026-05-16 21:30:20 [INFO] Epoch: 189 [25600/50000 (51%)]	 Training Loss: 0.016 ACC: 99.12 CR: 0.60 Avg R1: 4.99 Avg R2: 1.09 Avg Reward: 6.077137
2026-05-16 21:30:40 [INFO] Epoch: 189 [38400/50000 (77%)]	 Training Loss: 0.016 ACC: 99.12 CR: 0.60 Avg R1: 4.99 Avg R2: 1.09 Avg Reward: 6.077873
2026-05-16 21:30:59 [INFO] EPOCH:189, ======================CR:0.59818====================
2026-05-16 21:30:59 [INFO] 0.02058574109280928
2026-05-16 21:31:01 [INFO] EPOCH:189, ======================ACC:96.11====================
2026-05-16 21:31:01 [INFO] BEST EPOCH:187,BEST ACC:96.12
2026-05-16 21:31:01 [INFO] Saving Masks: current CR 0.5982 target CR 0.6000
2026-05-16 21:31:22 [INFO] Epoch: 190 [12800/50000 (26%)]	 Training Loss: 0.016 ACC: 99.23 CR: 0.60 Avg R1: 4.99 Avg R2: 1.08 Avg Reward: 6.069647
2026-05-16 21:31:43 [INFO] Epoch: 190 [25600/50000 (51%)]	 Training Loss: 0.016 ACC: 99.19 CR: 0.60 Avg R1: 4.99 Avg R2: 1.08 Avg Reward: 6.072250
2026-05-16 21:32:04 [INFO] Epoch: 190 [38400/50000 (77%)]	 Training Loss: 0.016 ACC: 99.18 CR: 0.60 Avg R1: 4.99 Avg R2: 1.08 Avg Reward: 6.072868
2026-05-16 21:32:24 [INFO] EPOCH:190, ======================CR:0.60016====================
2026-05-16 21:32:24 [INFO] 0.011901818779812128
2026-05-16 21:32:26 [INFO] EPOCH:190, ======================ACC:96.15====================
2026-05-16 21:32:26 [INFO] BEST EPOCH:190,BEST ACC:96.15
2026-05-16 21:32:26 [INFO] Saving Masks: current CR 0.6002 target CR 0.6000
2026-05-16 21:32:26 [INFO] Updated candidate mask pretrained-rescale_mask_best-acc_60_05161722_resnet18 at epoch 190 with acc 96.1500
2026-05-16 21:32:47 [INFO] Epoch: 191 [12800/50000 (26%)]	 Training Loss: 0.015 ACC: 99.22 CR: 0.60 Avg R1: 4.98 Avg R2: 1.08 Avg Reward: 6.064089
2026-05-16 21:33:09 [INFO] Epoch: 191 [25600/50000 (51%)]	 Training Loss: 0.017 ACC: 99.14 CR: 0.60 Avg R1: 4.98 Avg R2: 1.08 Avg Reward: 6.062329
2026-05-16 21:33:29 [INFO] Epoch: 191 [38400/50000 (77%)]	 Training Loss: 0.016 ACC: 99.15 CR: 0.60 Avg R1: 4.98 Avg R2: 1.08 Avg Reward: 6.064275
2026-05-16 21:33:49 [INFO] EPOCH:191, ======================CR:0.59944====================
2026-05-16 21:33:49 [INFO] 0.017801071604296604
2026-05-16 21:33:51 [INFO] EPOCH:191, ======================ACC:96.07====================
2026-05-16 21:33:51 [INFO] BEST EPOCH:190,BEST ACC:96.15
2026-05-16 21:33:51 [INFO] Saving Masks: current CR 0.5994 target CR 0.6000
2026-05-16 21:34:12 [INFO] Epoch: 192 [12800/50000 (26%)]	 Training Loss: 0.016 ACC: 99.20 CR: 0.60 Avg R1: 4.99 Avg R2: 1.07 Avg Reward: 6.067577
2026-05-16 21:34:33 [INFO] Epoch: 192 [25600/50000 (51%)]	 Training Loss: 0.016 ACC: 99.22 CR: 0.60 Avg R1: 4.99 Avg R2: 1.07 Avg Reward: 6.059282
2026-05-16 21:34:53 [INFO] Epoch: 192 [38400/50000 (77%)]	 Training Loss: 0.016 ACC: 99.17 CR: 0.60 Avg R1: 4.98 Avg R2: 1.07 Avg Reward: 6.049711
2026-05-16 21:35:12 [INFO] EPOCH:192, ======================CR:0.5982====================
2026-05-16 21:35:12 [INFO] 0.013443099759336158
2026-05-16 21:35:14 [INFO] EPOCH:192, ======================ACC:96.11====================
2026-05-16 21:35:14 [INFO] BEST EPOCH:190,BEST ACC:96.15
2026-05-16 21:35:14 [INFO] Saving Masks: current CR 0.5982 target CR 0.6000
2026-05-16 21:35:34 [INFO] Epoch: 193 [12800/50000 (26%)]	 Training Loss: 0.016 ACC: 99.16 CR: 0.60 Avg R1: 4.99 Avg R2: 1.07 Avg Reward: 6.058486
2026-05-16 21:35:56 [INFO] Epoch: 193 [25600/50000 (51%)]	 Training Loss: 0.016 ACC: 99.14 CR: 0.60 Avg R1: 4.99 Avg R2: 1.07 Avg Reward: 6.058917
2026-05-16 21:36:19 [INFO] Epoch: 193 [38400/50000 (77%)]	 Training Loss: 0.016 ACC: 99.14 CR: 0.60 Avg R1: 4.99 Avg R2: 1.07 Avg Reward: 6.062276
2026-05-16 21:36:39 [INFO] EPOCH:193, ======================CR:0.59942====================
2026-05-16 21:36:39 [INFO] 0.01763696490526686
2026-05-16 21:36:41 [INFO] EPOCH:193, ======================ACC:96.13====================
2026-05-16 21:36:41 [INFO] BEST EPOCH:190,BEST ACC:96.15
2026-05-16 21:36:41 [INFO] Saving Masks: current CR 0.5994 target CR 0.6000
2026-05-16 21:37:03 [INFO] Epoch: 194 [12800/50000 (26%)]	 Training Loss: 0.016 ACC: 99.07 CR: 0.60 Avg R1: 4.99 Avg R2: 1.07 Avg Reward: 6.055905
2026-05-16 21:37:23 [INFO] Epoch: 194 [25600/50000 (51%)]	 Training Loss: 0.016 ACC: 99.10 CR: 0.60 Avg R1: 4.99 Avg R2: 1.07 Avg Reward: 6.059836
2026-05-16 21:37:45 [INFO] Epoch: 194 [38400/50000 (77%)]	 Training Loss: 0.016 ACC: 99.13 CR: 0.60 Avg R1: 4.99 Avg R2: 1.07 Avg Reward: 6.059019
2026-05-16 21:38:05 [INFO] EPOCH:194, ======================CR:0.5995====================
2026-05-16 21:38:05 [INFO] 0.021439792772464557
2026-05-16 21:38:07 [INFO] EPOCH:194, ======================ACC:96.1====================
2026-05-16 21:38:07 [INFO] BEST EPOCH:190,BEST ACC:96.15
2026-05-16 21:38:07 [INFO] Saving Masks: current CR 0.5995 target CR 0.6000
2026-05-16 21:38:27 [INFO] Epoch: 195 [12800/50000 (26%)]	 Training Loss: 0.016 ACC: 99.12 CR: 0.60 Avg R1: 4.99 Avg R2: 1.07 Avg Reward: 6.064033
2026-05-16 21:38:47 [INFO] Epoch: 195 [25600/50000 (51%)]	 Training Loss: 0.016 ACC: 99.14 CR: 0.60 Avg R1: 4.99 Avg R2: 1.07 Avg Reward: 6.061608
2026-05-16 21:39:07 [INFO] Epoch: 195 [38400/50000 (77%)]	 Training Loss: 0.016 ACC: 99.17 CR: 0.60 Avg R1: 4.99 Avg R2: 1.07 Avg Reward: 6.059637
2026-05-16 21:39:24 [INFO] EPOCH:195, ======================CR:0.59978====================
2026-05-16 21:39:24 [INFO] 0.014236186453785722
2026-05-16 21:39:26 [INFO] EPOCH:195, ======================ACC:96.05====================
2026-05-16 21:39:26 [INFO] BEST EPOCH:190,BEST ACC:96.15
2026-05-16 21:39:26 [INFO] Saving Masks: current CR 0.5998 target CR 0.6000
2026-05-16 21:39:49 [INFO] Epoch: 196 [12800/50000 (26%)]	 Training Loss: 0.017 ACC: 99.19 CR: 0.60 Avg R1: 4.99 Avg R2: 1.07 Avg Reward: 6.058579
2026-05-16 21:40:10 [INFO] Epoch: 196 [25600/50000 (51%)]	 Training Loss: 0.017 ACC: 99.11 CR: 0.60 Avg R1: 4.99 Avg R2: 1.07 Avg Reward: 6.054417
2026-05-16 21:40:31 [INFO] Epoch: 196 [38400/50000 (77%)]	 Training Loss: 0.016 ACC: 99.15 CR: 0.60 Avg R1: 4.98 Avg R2: 1.07 Avg Reward: 6.050261
2026-05-16 21:40:51 [INFO] EPOCH:196, ======================CR:0.59852====================
2026-05-16 21:40:51 [INFO] 0.014868454835019742
2026-05-16 21:40:53 [INFO] EPOCH:196, ======================ACC:96.14====================
2026-05-16 21:40:53 [INFO] BEST EPOCH:190,BEST ACC:96.15
2026-05-16 21:40:53 [INFO] Saving Masks: current CR 0.5985 target CR 0.6000
2026-05-16 21:41:10 [INFO] Epoch: 197 [12800/50000 (26%)]	 Training Loss: 0.015 ACC: 99.27 CR: 0.60 Avg R1: 4.99 Avg R2: 1.08 Avg Reward: 6.065371
2026-05-16 21:41:29 [INFO] Epoch: 197 [25600/50000 (51%)]	 Training Loss: 0.015 ACC: 99.20 CR: 0.60 Avg R1: 4.99 Avg R2: 1.08 Avg Reward: 6.065547
2026-05-16 21:41:47 [INFO] Epoch: 197 [38400/50000 (77%)]	 Training Loss: 0.016 ACC: 99.19 CR: 0.60 Avg R1: 4.98 Avg R2: 1.08 Avg Reward: 6.057647
2026-05-16 21:42:02 [INFO] EPOCH:197, ======================CR:0.60438====================
2026-05-16 21:42:02 [INFO] 0.013608298116920074
2026-05-16 21:42:05 [INFO] EPOCH:197, ======================ACC:96.08====================
2026-05-16 21:42:05 [INFO] BEST EPOCH:190,BEST ACC:96.15
2026-05-16 21:42:05 [INFO] Saving Masks: current CR 0.6044 target CR 0.6000
2026-05-16 21:42:23 [INFO] Epoch: 198 [12800/50000 (26%)]	 Training Loss: 0.015 ACC: 99.20 CR: 0.60 Avg R1: 4.94 Avg R2: 1.07 Avg Reward: 6.008213
2026-05-16 21:42:40 [INFO] Epoch: 198 [25600/50000 (51%)]	 Training Loss: 0.015 ACC: 99.19 CR: 0.60 Avg R1: 4.95 Avg R2: 1.07 Avg Reward: 6.017422
2026-05-16 21:42:58 [INFO] Epoch: 198 [38400/50000 (77%)]	 Training Loss: 0.015 ACC: 99.22 CR: 0.60 Avg R1: 4.96 Avg R2: 1.07 Avg Reward: 6.031806
2026-05-16 21:43:15 [INFO] EPOCH:198, ======================CR:0.60176====================
2026-05-16 21:43:15 [INFO] 0.014674340917517868
2026-05-16 21:43:17 [INFO] EPOCH:198, ======================ACC:96.08====================
2026-05-16 21:43:17 [INFO] BEST EPOCH:190,BEST ACC:96.15
2026-05-16 21:43:17 [INFO] Saving Masks: current CR 0.6018 target CR 0.6000
2026-05-16 21:43:36 [INFO] Epoch: 199 [12800/50000 (26%)]	 Training Loss: 0.015 ACC: 99.27 CR: 0.60 Avg R1: 4.98 Avg R2: 1.07 Avg Reward: 6.056351
2026-05-16 21:43:53 [INFO] Epoch: 199 [25600/50000 (51%)]	 Training Loss: 0.015 ACC: 99.23 CR: 0.60 Avg R1: 4.98 Avg R2: 1.07 Avg Reward: 6.051304
2026-05-16 21:44:11 [INFO] Epoch: 199 [38400/50000 (77%)]	 Training Loss: 0.015 ACC: 99.22 CR: 0.60 Avg R1: 4.98 Avg R2: 1.07 Avg Reward: 6.053679
2026-05-16 21:44:28 [INFO] EPOCH:199, ======================CR:0.60014====================
2026-05-16 21:44:28 [INFO] 0.015335570996805166
2026-05-16 21:44:30 [INFO] EPOCH:199, ======================ACC:96.1====================
2026-05-16 21:44:30 [INFO] BEST EPOCH:190,BEST ACC:96.15
2026-05-16 21:44:30 [INFO] Saving Masks: current CR 0.6001 target CR 0.6000
2026-05-16 21:44:30 [INFO] Saved standard mask to /nvme/home/lixiang/baseline/RLSelector/mask/cifar10/22/mask_60.npz with 30000/50000 samples selected
