2026-05-17 00:47:54 [INFO] Epoch: 0 [12800/50000 (26%)]	 Training Loss: 1.869 ACC: 12.22 CR: 0.87 Avg R1: 0.65 Avg R2: 8.91 Avg Reward: 9.562183
2026-05-17 00:48:02 [INFO] Epoch: 0 [25600/50000 (51%)]	 Training Loss: 1.830 ACC: 13.12 CR: 0.75 Avg R1: 1.28 Avg R2: 8.31 Avg Reward: 9.586258
2026-05-17 00:48:10 [INFO] Epoch: 0 [38400/50000 (77%)]	 Training Loss: 1.804 ACC: 14.04 CR: 0.62 Avg R1: 1.91 Avg R2: 7.71 Avg Reward: 9.613649
2026-05-17 00:48:17 [INFO] EPOCH:0, ======================CR:0.5074====================
2026-05-17 00:48:17 [INFO] -0.0004588861927547761
2026-05-17 00:48:19 [INFO] EPOCH:0, ======================ACC:16.95====================
2026-05-17 00:48:19 [INFO] BEST EPOCH:0,BEST ACC:16.95
2026-05-17 00:48:19 [INFO] Saving Masks: current CR 0.5074 target CR 0.5000
2026-05-17 00:48:19 [INFO] Updated candidate mask pretrained-rescale_mask_best-acc_50_05170047_resnet18 at epoch 0 with acc 16.9500
2026-05-17 00:48:19 [INFO] Updated candidate mask pretrained-rescale_mask_best-r2_50_05170047_resnet18 at epoch 0 with acc 16.9500
2026-05-17 00:48:28 [INFO] Epoch: 1 [12800/50000 (26%)]	 Training Loss: 1.806 ACC: 17.87 CR: 0.52 Avg R1: 4.87 Avg R2: 4.41 Avg Reward: 9.280165
2026-05-17 00:48:36 [INFO] Epoch: 1 [25600/50000 (51%)]	 Training Loss: 1.860 ACC: 18.31 CR: 0.55 Avg R1: 4.76 Avg R2: 4.47 Avg Reward: 9.224783
2026-05-17 00:48:44 [INFO] Epoch: 1 [38400/50000 (77%)]	 Training Loss: 1.943 ACC: 18.99 CR: 0.62 Avg R1: 4.56 Avg R2: 4.57 Avg Reward: 9.132676
2026-05-17 00:48:51 [INFO] EPOCH:1, ======================CR:0.67312====================
2026-05-17 00:48:51 [INFO] 0.0017692336108476258
2026-05-17 00:48:53 [INFO] EPOCH:1, ======================ACC:18.04====================
2026-05-17 00:48:53 [INFO] BEST EPOCH:1,BEST ACC:18.04
2026-05-17 00:49:01 [INFO] Epoch: 2 [12800/50000 (26%)]	 Training Loss: 2.277 ACC: 21.72 CR: 0.72 Avg R1: 3.05 Avg R2: 6.21 Avg Reward: 9.258425
2026-05-17 00:49:09 [INFO] Epoch: 2 [25600/50000 (51%)]	 Training Loss: 2.221 ACC: 22.39 CR: 0.76 Avg R1: 2.84 Avg R2: 6.35 Avg Reward: 9.188468
2026-05-17 00:49:17 [INFO] Epoch: 2 [38400/50000 (77%)]	 Training Loss: 2.203 ACC: 23.06 CR: 0.80 Avg R1: 2.64 Avg R2: 6.48 Avg Reward: 9.117262
2026-05-17 00:49:24 [INFO] EPOCH:2, ======================CR:0.82776====================
2026-05-17 00:49:24 [INFO] -0.008069330923006846
2026-05-17 00:49:26 [INFO] EPOCH:2, ======================ACC:22.07====================
2026-05-17 00:49:26 [INFO] BEST EPOCH:2,BEST ACC:22.07
2026-05-17 00:49:35 [INFO] Epoch: 3 [12800/50000 (26%)]	 Training Loss: 1.854 ACC: 27.32 CR: 0.81 Avg R1: 1.83 Avg R2: 7.23 Avg Reward: 9.064049
2026-05-17 00:49:43 [INFO] Epoch: 3 [25600/50000 (51%)]	 Training Loss: 1.874 ACC: 27.99 CR: 0.79 Avg R1: 1.93 Avg R2: 7.16 Avg Reward: 9.090655
2026-05-17 00:49:51 [INFO] Epoch: 3 [38400/50000 (77%)]	 Training Loss: 1.895 ACC: 28.40 CR: 0.79 Avg R1: 1.99 Avg R2: 7.12 Avg Reward: 9.106681
2026-05-17 00:49:58 [INFO] EPOCH:3, ======================CR:0.80118====================
2026-05-17 00:49:58 [INFO] -0.01064128483231217
2026-05-17 00:50:00 [INFO] EPOCH:3, ======================ACC:27.99====================
2026-05-17 00:50:00 [INFO] BEST EPOCH:3,BEST ACC:27.99
2026-05-17 00:50:08 [INFO] Epoch: 4 [12800/50000 (26%)]	 Training Loss: 1.809 ACC: 31.42 CR: 0.80 Avg R1: 2.00 Avg R2: 7.10 Avg Reward: 9.095388
2026-05-17 00:50:16 [INFO] Epoch: 4 [25600/50000 (51%)]	 Training Loss: 1.721 ACC: 32.10 CR: 0.78 Avg R1: 2.06 Avg R2: 7.05 Avg Reward: 9.114177
2026-05-17 00:50:24 [INFO] Epoch: 4 [38400/50000 (77%)]	 Training Loss: 1.728 ACC: 32.79 CR: 0.78 Avg R1: 2.13 Avg R2: 7.00 Avg Reward: 9.131840
2026-05-17 00:50:31 [INFO] EPOCH:4, ======================CR:0.77678====================
2026-05-17 00:50:31 [INFO] -0.0027344152273410436
2026-05-17 00:50:33 [INFO] EPOCH:4, ======================ACC:36.67====================
2026-05-17 00:50:33 [INFO] BEST EPOCH:4,BEST ACC:36.67
2026-05-17 00:50:41 [INFO] Epoch: 5 [12800/50000 (26%)]	 Training Loss: 1.681 ACC: 35.66 CR: 0.78 Avg R1: 2.22 Avg R2: 6.87 Avg Reward: 9.086173
2026-05-17 00:50:49 [INFO] Epoch: 5 [25600/50000 (51%)]	 Training Loss: 1.678 ACC: 35.73 CR: 0.79 Avg R1: 2.18 Avg R2: 6.89 Avg Reward: 9.073624
2026-05-17 00:50:57 [INFO] Epoch: 5 [38400/50000 (77%)]	 Training Loss: 1.650 ACC: 36.17 CR: 0.78 Avg R1: 2.16 Avg R2: 6.90 Avg Reward: 9.067353
2026-05-17 00:51:04 [INFO] EPOCH:5, ======================CR:0.77942====================
2026-05-17 00:51:04 [INFO] 0.0010124703722426852
2026-05-17 00:51:06 [INFO] EPOCH:5, ======================ACC:38.42====================
2026-05-17 00:51:06 [INFO] BEST EPOCH:5,BEST ACC:38.42
2026-05-17 00:51:14 [INFO] Epoch: 6 [12800/50000 (26%)]	 Training Loss: 1.466 ACC: 40.57 CR: 0.77 Avg R1: 2.26 Avg R2: 6.74 Avg Reward: 9.006738
2026-05-17 00:51:22 [INFO] Epoch: 6 [25600/50000 (51%)]	 Training Loss: 1.519 ACC: 40.39 CR: 0.78 Avg R1: 2.27 Avg R2: 6.74 Avg Reward: 9.007393
2026-05-17 00:51:30 [INFO] Epoch: 6 [38400/50000 (77%)]	 Training Loss: 1.514 ACC: 40.55 CR: 0.78 Avg R1: 2.26 Avg R2: 6.75 Avg Reward: 9.007654
2026-05-17 00:51:37 [INFO] EPOCH:6, ======================CR:0.7761====================
2026-05-17 00:51:37 [INFO] 0.008783840667334312
2026-05-17 00:51:39 [INFO] EPOCH:6, ======================ACC:43.01====================
2026-05-17 00:51:39 [INFO] BEST EPOCH:6,BEST ACC:43.01
2026-05-17 00:51:47 [INFO] Epoch: 7 [12800/50000 (26%)]	 Training Loss: 1.489 ACC: 42.46 CR: 0.78 Avg R1: 2.20 Avg R2: 6.71 Avg Reward: 8.906123
2026-05-17 00:51:55 [INFO] Epoch: 7 [25600/50000 (51%)]	 Training Loss: 1.476 ACC: 42.54 CR: 0.79 Avg R1: 2.16 Avg R2: 6.73 Avg Reward: 8.894293
2026-05-17 00:52:03 [INFO] Epoch: 7 [38400/50000 (77%)]	 Training Loss: 1.472 ACC: 42.94 CR: 0.80 Avg R1: 2.12 Avg R2: 6.76 Avg Reward: 8.879154
2026-05-17 00:52:11 [INFO] EPOCH:7, ======================CR:0.80706====================
2026-05-17 00:52:11 [INFO] 0.008747207354100048
2026-05-17 00:52:13 [INFO] EPOCH:7, ======================ACC:44.65====================
2026-05-17 00:52:13 [INFO] BEST EPOCH:7,BEST ACC:44.65
2026-05-17 00:52:21 [INFO] Epoch: 8 [12800/50000 (26%)]	 Training Loss: 1.424 ACC: 45.24 CR: 0.81 Avg R1: 1.92 Avg R2: 6.78 Avg Reward: 8.701463
2026-05-17 00:52:29 [INFO] Epoch: 8 [25600/50000 (51%)]	 Training Loss: 1.376 ACC: 45.70 CR: 0.80 Avg R1: 1.94 Avg R2: 6.77 Avg Reward: 8.710723
2026-05-17 00:52:36 [INFO] Epoch: 8 [38400/50000 (77%)]	 Training Loss: 1.328 ACC: 46.15 CR: 0.77 Avg R1: 2.00 Avg R2: 6.73 Avg Reward: 8.737682
2026-05-17 00:52:43 [INFO] EPOCH:8, ======================CR:0.74952====================
2026-05-17 00:52:43 [INFO] 0.011353693617281854
2026-05-17 00:52:45 [INFO] EPOCH:8, ======================ACC:46.72====================
2026-05-17 00:52:45 [INFO] BEST EPOCH:8,BEST ACC:46.72
2026-05-17 00:52:54 [INFO] Epoch: 9 [12800/50000 (26%)]	 Training Loss: 1.228 ACC: 48.17 CR: 0.75 Avg R1: 2.54 Avg R2: 6.31 Avg Reward: 8.854062
2026-05-17 00:53:01 [INFO] Epoch: 9 [25600/50000 (51%)]	 Training Loss: 1.224 ACC: 48.31 CR: 0.74 Avg R1: 2.56 Avg R2: 6.30 Avg Reward: 8.857480
2026-05-17 00:53:10 [INFO] Epoch: 9 [38400/50000 (77%)]	 Training Loss: 1.227 ACC: 48.42 CR: 0.74 Avg R1: 2.58 Avg R2: 6.28 Avg Reward: 8.866617
2026-05-17 00:53:17 [INFO] EPOCH:9, ======================CR:0.73406====================
2026-05-17 00:53:17 [INFO] 0.01712993269623816
2026-05-17 00:53:19 [INFO] EPOCH:9, ======================ACC:48.88====================
2026-05-17 00:53:19 [INFO] BEST EPOCH:9,BEST ACC:48.88
2026-05-17 00:53:27 [INFO] Epoch: 10 [12800/50000 (26%)]	 Training Loss: 1.185 ACC: 50.52 CR: 0.74 Avg R1: 2.64 Avg R2: 6.19 Avg Reward: 8.833305
2026-05-17 00:53:35 [INFO] Epoch: 10 [25600/50000 (51%)]	 Training Loss: 1.169 ACC: 50.51 CR: 0.73 Avg R1: 2.64 Avg R2: 6.19 Avg Reward: 8.835568
2026-05-17 00:53:44 [INFO] Epoch: 10 [38400/50000 (77%)]	 Training Loss: 1.161 ACC: 50.54 CR: 0.73 Avg R1: 2.66 Avg R2: 6.18 Avg Reward: 8.837765
2026-05-17 00:53:51 [INFO] EPOCH:10, ======================CR:0.71918====================
2026-05-17 00:53:51 [INFO] 0.013663106358104084
2026-05-17 00:53:53 [INFO] EPOCH:10, ======================ACC:51.54====================
2026-05-17 00:53:53 [INFO] BEST EPOCH:10,BEST ACC:51.54
2026-05-17 00:54:02 [INFO] Epoch: 11 [12800/50000 (26%)]	 Training Loss: 1.042 ACC: 51.76 CR: 0.70 Avg R1: 2.89 Avg R2: 6.01 Avg Reward: 8.895462
2026-05-17 00:54:10 [INFO] Epoch: 11 [25600/50000 (51%)]	 Training Loss: 1.034 ACC: 52.20 CR: 0.69 Avg R1: 2.97 Avg R2: 5.96 Avg Reward: 8.923975
2026-05-17 00:54:18 [INFO] Epoch: 11 [38400/50000 (77%)]	 Training Loss: 1.036 ACC: 52.27 CR: 0.67 Avg R1: 3.04 Avg R2: 5.91 Avg Reward: 8.953252
2026-05-17 00:54:25 [INFO] EPOCH:11, ======================CR:0.65876====================
2026-05-17 00:54:25 [INFO] 0.0020977948348620554
2026-05-17 00:54:27 [INFO] EPOCH:11, ======================ACC:49.18====================
2026-05-17 00:54:27 [INFO] BEST EPOCH:10,BEST ACC:51.54
2026-05-17 00:54:35 [INFO] Epoch: 12 [12800/50000 (26%)]	 Training Loss: 0.975 ACC: 54.11 CR: 0.66 Avg R1: 3.42 Avg R2: 5.63 Avg Reward: 9.052762
2026-05-17 00:54:43 [INFO] Epoch: 12 [25600/50000 (51%)]	 Training Loss: 0.957 ACC: 54.20 CR: 0.64 Avg R1: 3.46 Avg R2: 5.61 Avg Reward: 9.070763
2026-05-17 00:54:51 [INFO] Epoch: 12 [38400/50000 (77%)]	 Training Loss: 0.937 ACC: 54.04 CR: 0.62 Avg R1: 3.54 Avg R2: 5.56 Avg Reward: 9.102567
2026-05-17 00:54:58 [INFO] EPOCH:12, ======================CR:0.59886====================
2026-05-17 00:54:58 [INFO] 0.011326636944002494
2026-05-17 00:55:00 [INFO] EPOCH:12, ======================ACC:52.16====================
2026-05-17 00:55:00 [INFO] BEST EPOCH:12,BEST ACC:52.16
2026-05-17 00:55:09 [INFO] Epoch: 13 [12800/50000 (26%)]	 Training Loss: 0.876 ACC: 56.04 CR: 0.60 Avg R1: 4.02 Avg R2: 5.29 Avg Reward: 9.309556
2026-05-17 00:55:18 [INFO] Epoch: 13 [25600/50000 (51%)]	 Training Loss: 0.873 ACC: 55.89 CR: 0.59 Avg R1: 4.04 Avg R2: 5.28 Avg Reward: 9.316394
2026-05-17 00:55:26 [INFO] Epoch: 13 [38400/50000 (77%)]	 Training Loss: 0.870 ACC: 55.68 CR: 0.58 Avg R1: 4.07 Avg R2: 5.26 Avg Reward: 9.330528
2026-05-17 00:55:33 [INFO] EPOCH:13, ======================CR:0.56744====================
2026-05-17 00:55:33 [INFO] 0.0036025165859607596
2026-05-17 00:55:35 [INFO] EPOCH:13, ======================ACC:51.17====================
2026-05-17 00:55:35 [INFO] BEST EPOCH:12,BEST ACC:52.16
2026-05-17 00:55:43 [INFO] Epoch: 14 [12800/50000 (26%)]	 Training Loss: 0.823 ACC: 56.55 CR: 0.56 Avg R1: 4.35 Avg R2: 5.08 Avg Reward: 9.427325
2026-05-17 00:55:51 [INFO] Epoch: 14 [25600/50000 (51%)]	 Training Loss: 0.820 ACC: 56.59 CR: 0.55 Avg R1: 4.39 Avg R2: 5.05 Avg Reward: 9.442973
2026-05-17 00:56:00 [INFO] Epoch: 14 [38400/50000 (77%)]	 Training Loss: 0.817 ACC: 56.40 CR: 0.55 Avg R1: 4.43 Avg R2: 5.03 Avg Reward: 9.455622
2026-05-17 00:56:07 [INFO] EPOCH:14, ======================CR:0.53968====================
2026-05-17 00:56:07 [INFO] 0.00029881363200188766
2026-05-17 00:56:09 [INFO] EPOCH:14, ======================ACC:51.62====================
2026-05-17 00:56:09 [INFO] BEST EPOCH:12,BEST ACC:52.16
2026-05-17 00:56:18 [INFO] Epoch: 15 [12800/50000 (26%)]	 Training Loss: 0.782 ACC: 57.66 CR: 0.54 Avg R1: 4.62 Avg R2: 4.93 Avg Reward: 9.540960
2026-05-17 00:56:26 [INFO] Epoch: 15 [25600/50000 (51%)]	 Training Loss: 0.789 ACC: 57.58 CR: 0.54 Avg R1: 4.62 Avg R2: 4.92 Avg Reward: 9.541519
2026-05-17 00:56:34 [INFO] Epoch: 15 [38400/50000 (77%)]	 Training Loss: 0.784 ACC: 57.25 CR: 0.53 Avg R1: 4.64 Avg R2: 4.91 Avg Reward: 9.546272
2026-05-17 00:56:42 [INFO] EPOCH:15, ======================CR:0.52276====================
2026-05-17 00:56:42 [INFO] 0.0011319612684485582
2026-05-17 00:56:44 [INFO] EPOCH:15, ======================ACC:53.49====================
2026-05-17 00:56:44 [INFO] BEST EPOCH:15,BEST ACC:53.49
2026-05-17 00:56:53 [INFO] Epoch: 16 [12800/50000 (26%)]	 Training Loss: 0.771 ACC: 58.77 CR: 0.52 Avg R1: 4.77 Avg R2: 4.83 Avg Reward: 9.600703
2026-05-17 00:57:01 [INFO] Epoch: 16 [25600/50000 (51%)]	 Training Loss: 0.778 ACC: 58.62 CR: 0.53 Avg R1: 4.75 Avg R2: 4.84 Avg Reward: 9.592263
2026-05-17 00:57:10 [INFO] Epoch: 16 [38400/50000 (77%)]	 Training Loss: 0.794 ACC: 58.26 CR: 0.54 Avg R1: 4.71 Avg R2: 4.86 Avg Reward: 9.575708
2026-05-17 00:57:18 [INFO] EPOCH:16, ======================CR:0.55896====================
2026-05-17 00:57:18 [INFO] 0.00312763714589445
2026-05-17 00:57:20 [INFO] EPOCH:16, ======================ACC:53.54====================
2026-05-17 00:57:20 [INFO] BEST EPOCH:16,BEST ACC:53.54
2026-05-17 00:57:29 [INFO] Epoch: 17 [12800/50000 (26%)]	 Training Loss: 0.852 ACC: 57.73 CR: 0.57 Avg R1: 4.37 Avg R2: 5.09 Avg Reward: 9.456126
2026-05-17 00:57:37 [INFO] Epoch: 17 [25600/50000 (51%)]	 Training Loss: 0.854 ACC: 57.57 CR: 0.58 Avg R1: 4.31 Avg R2: 5.12 Avg Reward: 9.434655
2026-05-17 00:57:45 [INFO] Epoch: 17 [38400/50000 (77%)]	 Training Loss: 0.854 ACC: 57.54 CR: 0.59 Avg R1: 4.26 Avg R2: 5.15 Avg Reward: 9.411752
2026-05-17 00:57:53 [INFO] EPOCH:17, ======================CR:0.59858====================
2026-05-17 00:57:53 [INFO] 0.008780799238693045
2026-05-17 00:57:55 [INFO] EPOCH:17, ======================ACC:53.28====================
2026-05-17 00:57:55 [INFO] BEST EPOCH:16,BEST ACC:53.54
2026-05-17 00:58:04 [INFO] Epoch: 18 [12800/50000 (26%)]	 Training Loss: 0.872 ACC: 57.70 CR: 0.60 Avg R1: 4.01 Avg R2: 5.29 Avg Reward: 9.295463
2026-05-17 00:58:12 [INFO] Epoch: 18 [25600/50000 (51%)]	 Training Loss: 0.870 ACC: 58.02 CR: 0.61 Avg R1: 3.96 Avg R2: 5.31 Avg Reward: 9.277638
2026-05-17 00:58:20 [INFO] Epoch: 18 [38400/50000 (77%)]	 Training Loss: 0.872 ACC: 58.25 CR: 0.62 Avg R1: 3.91 Avg R2: 5.35 Avg Reward: 9.258646
2026-05-17 00:58:28 [INFO] EPOCH:18, ======================CR:0.64082====================
2026-05-17 00:58:28 [INFO] 0.00792227332599616
2026-05-17 00:58:30 [INFO] EPOCH:18, ======================ACC:51.93====================
2026-05-17 00:58:30 [INFO] BEST EPOCH:16,BEST ACC:53.54
2026-05-17 00:58:38 [INFO] Epoch: 19 [12800/50000 (26%)]	 Training Loss: 0.877 ACC: 59.50 CR: 0.65 Avg R1: 3.56 Avg R2: 5.56 Avg Reward: 9.121005
2026-05-17 00:58:47 [INFO] Epoch: 19 [25600/50000 (51%)]	 Training Loss: 0.855 ACC: 59.20 CR: 0.64 Avg R1: 3.54 Avg R2: 5.57 Avg Reward: 9.117613
2026-05-17 00:58:55 [INFO] Epoch: 19 [38400/50000 (77%)]	 Training Loss: 0.844 ACC: 58.96 CR: 0.63 Avg R1: 3.58 Avg R2: 5.56 Avg Reward: 9.133881
2026-05-17 00:59:03 [INFO] EPOCH:19, ======================CR:0.61322====================
2026-05-17 00:59:03 [INFO] 0.014926722988877504
2026-05-17 00:59:05 [INFO] EPOCH:19, ======================ACC:57.42====================
2026-05-17 00:59:05 [INFO] BEST EPOCH:19,BEST ACC:57.42
2026-05-17 00:59:14 [INFO] Epoch: 20 [12800/50000 (26%)]	 Training Loss: 0.738 ACC: 61.74 CR: 0.60 Avg R1: 3.93 Avg R2: 5.33 Avg Reward: 9.258301
2026-05-17 00:59:22 [INFO] Epoch: 20 [25600/50000 (51%)]	 Training Loss: 0.738 ACC: 61.14 CR: 0.59 Avg R1: 3.99 Avg R2: 5.29 Avg Reward: 9.283410
2026-05-17 00:59:30 [INFO] Epoch: 20 [38400/50000 (77%)]	 Training Loss: 0.741 ACC: 60.57 CR: 0.57 Avg R1: 4.07 Avg R2: 5.24 Avg Reward: 9.309939
2026-05-17 00:59:38 [INFO] EPOCH:20, ======================CR:0.55154====================
2026-05-17 00:59:38 [INFO] 0.0025571059196161294
2026-05-17 00:59:40 [INFO] EPOCH:20, ======================ACC:56.07====================
2026-05-17 00:59:40 [INFO] BEST EPOCH:19,BEST ACC:57.42
2026-05-17 00:59:49 [INFO] Epoch: 21 [12800/50000 (26%)]	 Training Loss: 0.698 ACC: 62.34 CR: 0.55 Avg R1: 4.51 Avg R2: 4.97 Avg Reward: 9.486184
2026-05-17 00:59:58 [INFO] Epoch: 21 [25600/50000 (51%)]	 Training Loss: 0.705 ACC: 61.85 CR: 0.54 Avg R1: 4.54 Avg R2: 4.96 Avg Reward: 9.496339
2026-05-17 01:00:07 [INFO] Epoch: 21 [38400/50000 (77%)]	 Training Loss: 0.713 ACC: 61.37 CR: 0.54 Avg R1: 4.55 Avg R2: 4.95 Avg Reward: 9.501366
2026-05-17 01:00:14 [INFO] EPOCH:21, ======================CR:0.53578====================
2026-05-17 01:00:14 [INFO] 0.009547537603904718
2026-05-17 01:00:16 [INFO] EPOCH:21, ======================ACC:53.51====================
2026-05-17 01:00:16 [INFO] BEST EPOCH:19,BEST ACC:57.42
2026-05-17 01:00:26 [INFO] Epoch: 22 [12800/50000 (26%)]	 Training Loss: 0.679 ACC: 62.94 CR: 0.53 Avg R1: 4.65 Avg R2: 4.90 Avg Reward: 9.549336
2026-05-17 01:00:34 [INFO] Epoch: 22 [25600/50000 (51%)]	 Training Loss: 0.689 ACC: 62.37 CR: 0.53 Avg R1: 4.66 Avg R2: 4.89 Avg Reward: 9.552379
2026-05-17 01:00:43 [INFO] Epoch: 22 [38400/50000 (77%)]	 Training Loss: 0.703 ACC: 61.80 CR: 0.53 Avg R1: 4.67 Avg R2: 4.89 Avg Reward: 9.552444
2026-05-17 01:00:51 [INFO] EPOCH:22, ======================CR:0.53532====================
2026-05-17 01:00:51 [INFO] 0.0011842796113202528
2026-05-17 01:00:53 [INFO] EPOCH:22, ======================ACC:55.09====================
2026-05-17 01:00:53 [INFO] BEST EPOCH:19,BEST ACC:57.42
2026-05-17 01:01:01 [INFO] Epoch: 23 [12800/50000 (26%)]	 Training Loss: 0.706 ACC: 62.41 CR: 0.54 Avg R1: 4.62 Avg R2: 4.90 Avg Reward: 9.524636
2026-05-17 01:01:09 [INFO] Epoch: 23 [25600/50000 (51%)]	 Training Loss: 0.711 ACC: 62.04 CR: 0.54 Avg R1: 4.60 Avg R2: 4.92 Avg Reward: 9.512903
2026-05-17 01:01:17 [INFO] Epoch: 23 [38400/50000 (77%)]	 Training Loss: 0.722 ACC: 61.54 CR: 0.55 Avg R1: 4.58 Avg R2: 4.93 Avg Reward: 9.504554
2026-05-17 01:01:25 [INFO] EPOCH:23, ======================CR:0.55194====================
2026-05-17 01:01:25 [INFO] -0.0019295097617567241
2026-05-17 01:01:27 [INFO] EPOCH:23, ======================ACC:56.61====================
2026-05-17 01:01:27 [INFO] BEST EPOCH:19,BEST ACC:57.42
2026-05-17 01:01:35 [INFO] Epoch: 24 [12800/50000 (26%)]	 Training Loss: 0.718 ACC: 61.98 CR: 0.56 Avg R1: 4.46 Avg R2: 5.01 Avg Reward: 9.466971
2026-05-17 01:01:43 [INFO] Epoch: 24 [25600/50000 (51%)]	 Training Loss: 0.717 ACC: 62.25 CR: 0.56 Avg R1: 4.44 Avg R2: 5.02 Avg Reward: 9.461452
2026-05-17 01:01:52 [INFO] Epoch: 24 [38400/50000 (77%)]	 Training Loss: 0.722 ACC: 62.15 CR: 0.56 Avg R1: 4.43 Avg R2: 5.03 Avg Reward: 9.457124
2026-05-17 01:02:01 [INFO] EPOCH:24, ======================CR:0.56596====================
2026-05-17 01:02:01 [INFO] 0.009423320410525023
2026-05-17 01:02:03 [INFO] EPOCH:24, ======================ACC:57.08====================
2026-05-17 01:02:03 [INFO] BEST EPOCH:19,BEST ACC:57.42
2026-05-17 01:02:12 [INFO] Epoch: 25 [12800/50000 (26%)]	 Training Loss: 0.717 ACC: 62.89 CR: 0.57 Avg R1: 4.31 Avg R2: 5.09 Avg Reward: 9.400635
2026-05-17 01:02:21 [INFO] Epoch: 25 [25600/50000 (51%)]	 Training Loss: 0.718 ACC: 62.71 CR: 0.57 Avg R1: 4.29 Avg R2: 5.10 Avg Reward: 9.392063
2026-05-17 01:02:30 [INFO] Epoch: 25 [38400/50000 (77%)]	 Training Loss: 0.732 ACC: 62.21 CR: 0.58 Avg R1: 4.27 Avg R2: 5.12 Avg Reward: 9.382485
2026-05-17 01:02:39 [INFO] EPOCH:25, ======================CR:0.58176====================
2026-05-17 01:02:39 [INFO] 0.008556811654680177
2026-05-17 01:02:41 [INFO] EPOCH:25, ======================ACC:58.5====================
2026-05-17 01:02:41 [INFO] BEST EPOCH:25,BEST ACC:58.5
2026-05-17 01:02:51 [INFO] Epoch: 26 [12800/50000 (26%)]	 Training Loss: 0.701 ACC: 63.65 CR: 0.58 Avg R1: 4.21 Avg R2: 5.18 Avg Reward: 9.386636
2026-05-17 01:03:01 [INFO] Epoch: 26 [25600/50000 (51%)]	 Training Loss: 0.693 ACC: 63.85 CR: 0.57 Avg R1: 4.23 Avg R2: 5.17 Avg Reward: 9.396594
2026-05-17 01:03:10 [INFO] Epoch: 26 [38400/50000 (77%)]	 Training Loss: 0.705 ACC: 63.42 CR: 0.57 Avg R1: 4.24 Avg R2: 5.16 Avg Reward: 9.403955
2026-05-17 01:03:18 [INFO] EPOCH:26, ======================CR:0.57094====================
2026-05-17 01:03:18 [INFO] 0.012941828261665966
2026-05-17 01:03:20 [INFO] EPOCH:26, ======================ACC:56.86====================
2026-05-17 01:03:20 [INFO] BEST EPOCH:25,BEST ACC:58.5
2026-05-17 01:03:30 [INFO] Epoch: 27 [12800/50000 (26%)]	 Training Loss: 0.704 ACC: 63.55 CR: 0.57 Avg R1: 4.28 Avg R2: 5.12 Avg Reward: 9.393287
2026-05-17 01:03:39 [INFO] Epoch: 27 [25600/50000 (51%)]	 Training Loss: 0.715 ACC: 63.57 CR: 0.58 Avg R1: 4.25 Avg R2: 5.13 Avg Reward: 9.379694
2026-05-17 01:03:49 [INFO] Epoch: 27 [38400/50000 (77%)]	 Training Loss: 0.726 ACC: 63.19 CR: 0.59 Avg R1: 4.21 Avg R2: 5.15 Avg Reward: 9.362232
2026-05-17 01:03:58 [INFO] EPOCH:27, ======================CR:0.58996====================
2026-05-17 01:03:58 [INFO] 0.015283952741257859
2026-05-17 01:04:00 [INFO] EPOCH:27, ======================ACC:56.57====================
2026-05-17 01:04:00 [INFO] BEST EPOCH:25,BEST ACC:58.5
2026-05-17 01:04:08 [INFO] Epoch: 28 [12800/50000 (26%)]	 Training Loss: 0.700 ACC: 63.86 CR: 0.59 Avg R1: 4.11 Avg R2: 5.23 Avg Reward: 9.341626
2026-05-17 01:04:18 [INFO] Epoch: 28 [25600/50000 (51%)]	 Training Loss: 0.703 ACC: 64.04 CR: 0.59 Avg R1: 4.11 Avg R2: 5.23 Avg Reward: 9.337087
2026-05-17 01:04:26 [INFO] Epoch: 28 [38400/50000 (77%)]	 Training Loss: 0.708 ACC: 63.87 CR: 0.59 Avg R1: 4.11 Avg R2: 5.23 Avg Reward: 9.335283
2026-05-17 01:04:35 [INFO] EPOCH:28, ======================CR:0.59184====================
2026-05-17 01:04:35 [INFO] 0.012975404690573499
2026-05-17 01:04:37 [INFO] EPOCH:28, ======================ACC:54.47====================
2026-05-17 01:04:37 [INFO] BEST EPOCH:25,BEST ACC:58.5
2026-05-17 01:04:47 [INFO] Epoch: 29 [12800/50000 (26%)]	 Training Loss: 0.693 ACC: 64.62 CR: 0.59 Avg R1: 4.08 Avg R2: 5.25 Avg Reward: 9.327569
2026-05-17 01:04:57 [INFO] Epoch: 29 [25600/50000 (51%)]	 Training Loss: 0.696 ACC: 64.63 CR: 0.59 Avg R1: 4.08 Avg R2: 5.25 Avg Reward: 9.325750
2026-05-17 01:05:07 [INFO] Epoch: 29 [38400/50000 (77%)]	 Training Loss: 0.713 ACC: 64.01 CR: 0.60 Avg R1: 4.06 Avg R2: 5.26 Avg Reward: 9.322354
2026-05-17 01:05:15 [INFO] EPOCH:29, ======================CR:0.60368====================
2026-05-17 01:05:15 [INFO] 0.005380737684930639
2026-05-17 01:05:17 [INFO] EPOCH:29, ======================ACC:61.54====================
2026-05-17 01:05:17 [INFO] BEST EPOCH:29,BEST ACC:61.54
2026-05-17 01:05:26 [INFO] Epoch: 30 [12800/50000 (26%)]	 Training Loss: 0.719 ACC: 64.71 CR: 0.61 Avg R1: 3.94 Avg R2: 5.36 Avg Reward: 9.300913
2026-05-17 01:05:36 [INFO] Epoch: 30 [25600/50000 (51%)]	 Training Loss: 0.703 ACC: 64.59 CR: 0.61 Avg R1: 3.93 Avg R2: 5.36 Avg Reward: 9.297095
2026-05-17 01:05:46 [INFO] Epoch: 30 [38400/50000 (77%)]	 Training Loss: 0.701 ACC: 64.41 CR: 0.60 Avg R1: 3.94 Avg R2: 5.36 Avg Reward: 9.299020
2026-05-17 01:05:55 [INFO] EPOCH:30, ======================CR:0.60178====================
2026-05-17 01:05:55 [INFO] 0.014885360150596497
2026-05-17 01:05:57 [INFO] EPOCH:30, ======================ACC:59.29====================
2026-05-17 01:05:57 [INFO] BEST EPOCH:29,BEST ACC:61.54
2026-05-17 01:06:07 [INFO] Epoch: 31 [12800/50000 (26%)]	 Training Loss: 0.697 ACC: 64.65 CR: 0.60 Avg R1: 3.99 Avg R2: 5.32 Avg Reward: 9.307066
2026-05-17 01:06:15 [INFO] Epoch: 31 [25600/50000 (51%)]	 Training Loss: 0.685 ACC: 65.17 CR: 0.60 Avg R1: 4.01 Avg R2: 5.31 Avg Reward: 9.314525
2026-05-17 01:06:24 [INFO] Epoch: 31 [38400/50000 (77%)]	 Training Loss: 0.696 ACC: 64.92 CR: 0.60 Avg R1: 4.01 Avg R2: 5.30 Avg Reward: 9.317275
2026-05-17 01:06:33 [INFO] EPOCH:31, ======================CR:0.607====================
2026-05-17 01:06:33 [INFO] 0.011301502827207072
2026-05-17 01:06:35 [INFO] EPOCH:31, ======================ACC:52.66====================
2026-05-17 01:06:35 [INFO] BEST EPOCH:29,BEST ACC:61.54
2026-05-17 01:06:44 [INFO] Epoch: 32 [12800/50000 (26%)]	 Training Loss: 0.707 ACC: 65.58 CR: 0.61 Avg R1: 3.90 Avg R2: 5.38 Avg Reward: 9.279897
2026-05-17 01:06:55 [INFO] Epoch: 32 [25600/50000 (51%)]	 Training Loss: 0.737 ACC: 64.72 CR: 0.63 Avg R1: 3.84 Avg R2: 5.41 Avg Reward: 9.258400
2026-05-17 01:07:06 [INFO] Epoch: 32 [38400/50000 (77%)]	 Training Loss: 0.744 ACC: 64.38 CR: 0.64 Avg R1: 3.78 Avg R2: 5.45 Avg Reward: 9.236603
2026-05-17 01:07:15 [INFO] EPOCH:32, ======================CR:0.65036====================
2026-05-17 01:07:15 [INFO] 0.010196847099363474
2026-05-17 01:07:17 [INFO] EPOCH:32, ======================ACC:58.69====================
2026-05-17 01:07:17 [INFO] BEST EPOCH:29,BEST ACC:61.54
2026-05-17 01:07:28 [INFO] Epoch: 33 [12800/50000 (26%)]	 Training Loss: 0.713 ACC: 65.77 CR: 0.65 Avg R1: 3.50 Avg R2: 5.64 Avg Reward: 9.140906
2026-05-17 01:07:38 [INFO] Epoch: 33 [25600/50000 (51%)]	 Training Loss: 0.729 ACC: 64.87 CR: 0.65 Avg R1: 3.50 Avg R2: 5.64 Avg Reward: 9.143503
2026-05-17 01:07:49 [INFO] Epoch: 33 [38400/50000 (77%)]	 Training Loss: 0.732 ACC: 65.00 CR: 0.65 Avg R1: 3.50 Avg R2: 5.64 Avg Reward: 9.144809
2026-05-17 01:08:00 [INFO] EPOCH:33, ======================CR:0.65178====================
2026-05-17 01:08:00 [INFO] 0.009843022629366973
2026-05-17 01:08:02 [INFO] EPOCH:33, ======================ACC:56.93====================
2026-05-17 01:08:02 [INFO] BEST EPOCH:29,BEST ACC:61.54
2026-05-17 01:08:12 [INFO] Epoch: 34 [12800/50000 (26%)]	 Training Loss: 0.725 ACC: 66.13 CR: 0.66 Avg R1: 3.46 Avg R2: 5.69 Avg Reward: 9.143933
2026-05-17 01:08:22 [INFO] Epoch: 34 [25600/50000 (51%)]	 Training Loss: 0.719 ACC: 66.12 CR: 0.66 Avg R1: 3.43 Avg R2: 5.70 Avg Reward: 9.132366
2026-05-17 01:08:33 [INFO] Epoch: 34 [38400/50000 (77%)]	 Training Loss: 0.727 ACC: 65.49 CR: 0.66 Avg R1: 3.42 Avg R2: 5.71 Avg Reward: 9.125858
2026-05-17 01:08:43 [INFO] EPOCH:34, ======================CR:0.65754====================
2026-05-17 01:08:43 [INFO] 0.023380175432974982
2026-05-17 01:08:45 [INFO] EPOCH:34, ======================ACC:60.68====================
2026-05-17 01:08:45 [INFO] BEST EPOCH:29,BEST ACC:61.54
2026-05-17 01:08:56 [INFO] Epoch: 35 [12800/50000 (26%)]	 Training Loss: 0.673 ACC: 66.48 CR: 0.65 Avg R1: 3.45 Avg R2: 5.69 Avg Reward: 9.133775
2026-05-17 01:09:06 [INFO] Epoch: 35 [25600/50000 (51%)]	 Training Loss: 0.685 ACC: 66.04 CR: 0.64 Avg R1: 3.48 Avg R2: 5.67 Avg Reward: 9.146835
2026-05-17 01:09:17 [INFO] Epoch: 35 [38400/50000 (77%)]	 Training Loss: 0.693 ACC: 65.82 CR: 0.64 Avg R1: 3.51 Avg R2: 5.65 Avg Reward: 9.160018
2026-05-17 01:09:28 [INFO] EPOCH:35, ======================CR:0.6359====================
2026-05-17 01:09:28 [INFO] 0.012402787421651986
2026-05-17 01:09:30 [INFO] EPOCH:35, ======================ACC:60.99====================
2026-05-17 01:09:30 [INFO] BEST EPOCH:29,BEST ACC:61.54
2026-05-17 01:09:42 [INFO] Epoch: 36 [12800/50000 (26%)]	 Training Loss: 0.661 ACC: 67.10 CR: 0.63 Avg R1: 3.65 Avg R2: 5.56 Avg Reward: 9.207095
2026-05-17 01:09:54 [INFO] Epoch: 36 [25600/50000 (51%)]	 Training Loss: 0.668 ACC: 66.88 CR: 0.63 Avg R1: 3.66 Avg R2: 5.55 Avg Reward: 9.208600
2026-05-17 01:10:04 [INFO] Epoch: 36 [38400/50000 (77%)]	 Training Loss: 0.671 ACC: 66.69 CR: 0.63 Avg R1: 3.67 Avg R2: 5.54 Avg Reward: 9.213460
2026-05-17 01:10:15 [INFO] EPOCH:36, ======================CR:0.62782====================
2026-05-17 01:10:15 [INFO] 0.01440403478648522
2026-05-17 01:10:18 [INFO] EPOCH:36, ======================ACC:59.49====================
2026-05-17 01:10:18 [INFO] BEST EPOCH:29,BEST ACC:61.54
2026-05-17 01:10:29 [INFO] Epoch: 37 [12800/50000 (26%)]	 Training Loss: 0.665 ACC: 67.23 CR: 0.63 Avg R1: 3.71 Avg R2: 5.52 Avg Reward: 9.229217
2026-05-17 01:10:41 [INFO] Epoch: 37 [25600/50000 (51%)]	 Training Loss: 0.682 ACC: 66.79 CR: 0.64 Avg R1: 3.68 Avg R2: 5.54 Avg Reward: 9.220708
2026-05-17 01:10:52 [INFO] Epoch: 37 [38400/50000 (77%)]	 Training Loss: 0.689 ACC: 66.73 CR: 0.64 Avg R1: 3.65 Avg R2: 5.56 Avg Reward: 9.212359
2026-05-17 01:11:03 [INFO] EPOCH:37, ======================CR:0.64898====================
2026-05-17 01:11:03 [INFO] 0.009797224437959136
2026-05-17 01:11:05 [INFO] EPOCH:37, ======================ACC:57.31====================
2026-05-17 01:11:05 [INFO] BEST EPOCH:29,BEST ACC:61.54
2026-05-17 01:11:16 [INFO] Epoch: 38 [12800/50000 (26%)]	 Training Loss: 0.676 ACC: 67.95 CR: 0.65 Avg R1: 3.53 Avg R2: 5.68 Avg Reward: 9.205997
2026-05-17 01:11:28 [INFO] Epoch: 38 [25600/50000 (51%)]	 Training Loss: 0.674 ACC: 67.39 CR: 0.64 Avg R1: 3.54 Avg R2: 5.67 Avg Reward: 9.208008
2026-05-17 01:11:40 [INFO] Epoch: 38 [38400/50000 (77%)]	 Training Loss: 0.674 ACC: 67.10 CR: 0.64 Avg R1: 3.56 Avg R2: 5.65 Avg Reward: 9.215220
2026-05-17 01:11:51 [INFO] EPOCH:38, ======================CR:0.63586====================
2026-05-17 01:11:51 [INFO] 0.017197591763807595
2026-05-17 01:11:53 [INFO] EPOCH:38, ======================ACC:58.48====================
2026-05-17 01:11:53 [INFO] BEST EPOCH:29,BEST ACC:61.54
2026-05-17 01:12:06 [INFO] Epoch: 39 [12800/50000 (26%)]	 Training Loss: 0.656 ACC: 67.47 CR: 0.64 Avg R1: 3.65 Avg R2: 5.60 Avg Reward: 9.251197
2026-05-17 01:12:18 [INFO] Epoch: 39 [25600/50000 (51%)]	 Training Loss: 0.665 ACC: 67.25 CR: 0.64 Avg R1: 3.64 Avg R2: 5.61 Avg Reward: 9.246766
2026-05-17 01:12:31 [INFO] Epoch: 39 [38400/50000 (77%)]	 Training Loss: 0.674 ACC: 67.12 CR: 0.64 Avg R1: 3.63 Avg R2: 5.61 Avg Reward: 9.241765
2026-05-17 01:12:43 [INFO] EPOCH:39, ======================CR:0.64844====================
2026-05-17 01:12:43 [INFO] 0.006453266519150787
2026-05-17 01:12:45 [INFO] EPOCH:39, ======================ACC:57.97====================
2026-05-17 01:12:45 [INFO] BEST EPOCH:29,BEST ACC:61.54
2026-05-17 01:12:58 [INFO] Epoch: 40 [12800/50000 (26%)]	 Training Loss: 0.681 ACC: 67.70 CR: 0.65 Avg R1: 3.50 Avg R2: 5.70 Avg Reward: 9.199353
2026-05-17 01:13:13 [INFO] Epoch: 40 [25600/50000 (51%)]	 Training Loss: 0.675 ACC: 67.95 CR: 0.66 Avg R1: 3.48 Avg R2: 5.71 Avg Reward: 9.191323
2026-05-17 01:13:26 [INFO] Epoch: 40 [38400/50000 (77%)]	 Training Loss: 0.684 ACC: 67.44 CR: 0.66 Avg R1: 3.46 Avg R2: 5.72 Avg Reward: 9.179412
2026-05-17 01:13:37 [INFO] EPOCH:40, ======================CR:0.66088====================
2026-05-17 01:13:37 [INFO] 0.014227821933594854
2026-05-17 01:13:39 [INFO] EPOCH:40, ======================ACC:59.31====================
2026-05-17 01:13:39 [INFO] BEST EPOCH:29,BEST ACC:61.54
2026-05-17 01:13:52 [INFO] Epoch: 41 [12800/50000 (26%)]	 Training Loss: 0.657 ACC: 68.28 CR: 0.66 Avg R1: 3.38 Avg R2: 5.75 Avg Reward: 9.136594
2026-05-17 01:14:05 [INFO] Epoch: 41 [25600/50000 (51%)]	 Training Loss: 0.656 ACC: 68.34 CR: 0.66 Avg R1: 3.39 Avg R2: 5.75 Avg Reward: 9.140785
2026-05-17 01:14:19 [INFO] Epoch: 41 [38400/50000 (77%)]	 Training Loss: 0.665 ACC: 67.85 CR: 0.66 Avg R1: 3.40 Avg R2: 5.74 Avg Reward: 9.142584
2026-05-17 01:14:30 [INFO] EPOCH:41, ======================CR:0.64776====================
2026-05-17 01:14:30 [INFO] 0.021385468859992336
2026-05-17 01:14:32 [INFO] EPOCH:41, ======================ACC:61.34====================
2026-05-17 01:14:32 [INFO] BEST EPOCH:29,BEST ACC:61.54
2026-05-17 01:14:45 [INFO] Epoch: 42 [12800/50000 (26%)]	 Training Loss: 0.621 ACC: 68.98 CR: 0.64 Avg R1: 3.54 Avg R2: 5.68 Avg Reward: 9.214171
2026-05-17 01:14:59 [INFO] Epoch: 42 [25600/50000 (51%)]	 Training Loss: 0.629 ACC: 68.64 CR: 0.64 Avg R1: 3.56 Avg R2: 5.66 Avg Reward: 9.222384
2026-05-17 01:15:12 [INFO] Epoch: 42 [38400/50000 (77%)]	 Training Loss: 0.641 ACC: 68.28 CR: 0.64 Avg R1: 3.58 Avg R2: 5.65 Avg Reward: 9.227981
2026-05-17 01:15:24 [INFO] EPOCH:42, ======================CR:0.6247====================
2026-05-17 01:15:24 [INFO] 0.015643465037057838
2026-05-17 01:15:26 [INFO] EPOCH:42, ======================ACC:62.45====================
2026-05-17 01:15:26 [INFO] BEST EPOCH:42,BEST ACC:62.45
2026-05-17 01:15:40 [INFO] Epoch: 43 [12800/50000 (26%)]	 Training Loss: 0.592 ACC: 68.97 CR: 0.62 Avg R1: 3.79 Avg R2: 5.51 Avg Reward: 9.300382
2026-05-17 01:15:53 [INFO] Epoch: 43 [25600/50000 (51%)]	 Training Loss: 0.586 ACC: 68.93 CR: 0.60 Avg R1: 3.84 Avg R2: 5.48 Avg Reward: 9.322150
2026-05-17 01:16:05 [INFO] Epoch: 43 [38400/50000 (77%)]	 Training Loss: 0.595 ACC: 68.73 CR: 0.59 Avg R1: 3.91 Avg R2: 5.44 Avg Reward: 9.348040
2026-05-17 01:16:18 [INFO] EPOCH:43, ======================CR:0.57788====================
2026-05-17 01:16:18 [INFO] 0.010696433036396951
2026-05-17 01:16:20 [INFO] EPOCH:43, ======================ACC:63.29====================
2026-05-17 01:16:20 [INFO] BEST EPOCH:43,BEST ACC:63.29
2026-05-17 01:16:33 [INFO] Epoch: 44 [12800/50000 (26%)]	 Training Loss: 0.578 ACC: 69.78 CR: 0.58 Avg R1: 4.22 Avg R2: 5.26 Avg Reward: 9.477117
2026-05-17 01:16:46 [INFO] Epoch: 44 [25600/50000 (51%)]	 Training Loss: 0.578 ACC: 69.70 CR: 0.58 Avg R1: 4.22 Avg R2: 5.26 Avg Reward: 9.476765
2026-05-17 01:16:59 [INFO] Epoch: 44 [38400/50000 (77%)]	 Training Loss: 0.583 ACC: 69.43 CR: 0.58 Avg R1: 4.22 Avg R2: 5.25 Avg Reward: 9.476673
2026-05-17 01:17:11 [INFO] EPOCH:44, ======================CR:0.58166====================
2026-05-17 01:17:11 [INFO] 0.007588993424753523
2026-05-17 01:17:13 [INFO] EPOCH:44, ======================ACC:58.76====================
2026-05-17 01:17:13 [INFO] BEST EPOCH:43,BEST ACC:63.29
2026-05-17 01:17:26 [INFO] Epoch: 45 [12800/50000 (26%)]	 Training Loss: 0.585 ACC: 70.06 CR: 0.59 Avg R1: 4.16 Avg R2: 5.31 Avg Reward: 9.470752
2026-05-17 01:17:40 [INFO] Epoch: 45 [25600/50000 (51%)]	 Training Loss: 0.590 ACC: 69.40 CR: 0.59 Avg R1: 4.14 Avg R2: 5.32 Avg Reward: 9.463266
2026-05-17 01:17:53 [INFO] Epoch: 45 [38400/50000 (77%)]	 Training Loss: 0.596 ACC: 69.17 CR: 0.59 Avg R1: 4.13 Avg R2: 5.33 Avg Reward: 9.456163
2026-05-17 01:18:05 [INFO] EPOCH:45, ======================CR:0.59428====================
2026-05-17 01:18:05 [INFO] 0.0037025365382655005
2026-05-17 01:18:07 [INFO] EPOCH:45, ======================ACC:62.68====================
2026-05-17 01:18:07 [INFO] BEST EPOCH:43,BEST ACC:63.29
2026-05-17 01:18:20 [INFO] Epoch: 46 [12800/50000 (26%)]	 Training Loss: 0.570 ACC: 69.89 CR: 0.59 Avg R1: 4.07 Avg R2: 5.36 Avg Reward: 9.429202
2026-05-17 01:18:33 [INFO] Epoch: 46 [25600/50000 (51%)]	 Training Loss: 0.584 ACC: 69.24 CR: 0.58 Avg R1: 4.09 Avg R2: 5.35 Avg Reward: 9.444373
2026-05-17 01:18:45 [INFO] Epoch: 46 [38400/50000 (77%)]	 Training Loss: 0.587 ACC: 69.01 CR: 0.58 Avg R1: 4.12 Avg R2: 5.34 Avg Reward: 9.457397
2026-05-17 01:18:57 [INFO] EPOCH:46, ======================CR:0.57408====================
2026-05-17 01:18:57 [INFO] 0.02192428629396639
2026-05-17 01:18:59 [INFO] EPOCH:46, ======================ACC:63.78====================
2026-05-17 01:18:59 [INFO] BEST EPOCH:46,BEST ACC:63.78
2026-05-17 01:19:10 [INFO] Epoch: 47 [12800/50000 (26%)]	 Training Loss: 0.530 ACC: 71.54 CR: 0.57 Avg R1: 4.26 Avg R2: 5.24 Avg Reward: 9.502815
2026-05-17 01:19:24 [INFO] Epoch: 47 [25600/50000 (51%)]	 Training Loss: 0.544 ACC: 70.77 CR: 0.57 Avg R1: 4.28 Avg R2: 5.23 Avg Reward: 9.511207
2026-05-17 01:19:38 [INFO] Epoch: 47 [38400/50000 (77%)]	 Training Loss: 0.555 ACC: 70.14 CR: 0.56 Avg R1: 4.31 Avg R2: 5.21 Avg Reward: 9.518944
2026-05-17 01:19:51 [INFO] EPOCH:47, ======================CR:0.55748====================
2026-05-17 01:19:51 [INFO] -0.0009605842125199901
2026-05-17 01:19:53 [INFO] EPOCH:47, ======================ACC:57.42====================
2026-05-17 01:19:53 [INFO] BEST EPOCH:46,BEST ACC:63.78
2026-05-17 01:20:06 [INFO] Epoch: 48 [12800/50000 (26%)]	 Training Loss: 0.549 ACC: 70.28 CR: 0.56 Avg R1: 4.42 Avg R2: 5.14 Avg Reward: 9.555481
2026-05-17 01:20:20 [INFO] Epoch: 48 [25600/50000 (51%)]	 Training Loss: 0.565 ACC: 69.93 CR: 0.56 Avg R1: 4.42 Avg R2: 5.14 Avg Reward: 9.558654
2026-05-17 01:20:33 [INFO] Epoch: 48 [38400/50000 (77%)]	 Training Loss: 0.577 ACC: 69.81 CR: 0.57 Avg R1: 4.39 Avg R2: 5.16 Avg Reward: 9.549769
2026-05-17 01:20:46 [INFO] EPOCH:48, ======================CR:0.58344====================
2026-05-17 01:20:46 [INFO] 0.012019460885718028
2026-05-17 01:20:48 [INFO] EPOCH:48, ======================ACC:56.97====================
2026-05-17 01:20:48 [INFO] BEST EPOCH:46,BEST ACC:63.78
2026-05-17 01:21:03 [INFO] Epoch: 49 [12800/50000 (26%)]	 Training Loss: 0.586 ACC: 69.91 CR: 0.59 Avg R1: 4.16 Avg R2: 5.31 Avg Reward: 9.472192
2026-05-17 01:21:17 [INFO] Epoch: 49 [25600/50000 (51%)]	 Training Loss: 0.584 ACC: 70.00 CR: 0.59 Avg R1: 4.13 Avg R2: 5.33 Avg Reward: 9.458689
2026-05-17 01:21:32 [INFO] Epoch: 49 [38400/50000 (77%)]	 Training Loss: 0.589 ACC: 69.60 CR: 0.59 Avg R1: 4.11 Avg R2: 5.34 Avg Reward: 9.449434
2026-05-17 01:21:43 [INFO] EPOCH:49, ======================CR:0.59696====================
2026-05-17 01:21:43 [INFO] 0.00918783470818576
2026-05-17 01:21:45 [INFO] EPOCH:49, ======================ACC:63.59====================
2026-05-17 01:21:45 [INFO] BEST EPOCH:46,BEST ACC:63.78
2026-05-17 01:22:00 [INFO] Epoch: 50 [12800/50000 (26%)]	 Training Loss: 0.594 ACC: 69.91 CR: 0.60 Avg R1: 4.03 Avg R2: 5.38 Avg Reward: 9.414892
2026-05-17 01:22:15 [INFO] Epoch: 50 [25600/50000 (51%)]	 Training Loss: 0.599 ACC: 69.67 CR: 0.60 Avg R1: 4.03 Avg R2: 5.39 Avg Reward: 9.414602
2026-05-17 01:22:28 [INFO] Epoch: 50 [38400/50000 (77%)]	 Training Loss: 0.604 ACC: 69.28 CR: 0.60 Avg R1: 4.03 Avg R2: 5.39 Avg Reward: 9.419108
2026-05-17 01:22:39 [INFO] EPOCH:50, ======================CR:0.6016====================
2026-05-17 01:22:39 [INFO] 0.006604055738397306
2026-05-17 01:22:41 [INFO] EPOCH:50, ======================ACC:60.01====================
2026-05-17 01:22:41 [INFO] BEST EPOCH:46,BEST ACC:63.78
2026-05-17 01:22:53 [INFO] Epoch: 51 [12800/50000 (26%)]	 Training Loss: 0.600 ACC: 70.06 CR: 0.61 Avg R1: 3.96 Avg R2: 5.45 Avg Reward: 9.413395
2026-05-17 01:23:04 [INFO] Epoch: 51 [25600/50000 (51%)]	 Training Loss: 0.607 ACC: 69.95 CR: 0.61 Avg R1: 3.93 Avg R2: 5.47 Avg Reward: 9.402809
2026-05-17 01:23:15 [INFO] Epoch: 51 [38400/50000 (77%)]	 Training Loss: 0.615 ACC: 69.42 CR: 0.62 Avg R1: 3.89 Avg R2: 5.49 Avg Reward: 9.387848
2026-05-17 01:23:27 [INFO] EPOCH:51, ======================CR:0.62106====================
2026-05-17 01:23:27 [INFO] 0.014252613215677402
2026-05-17 01:23:29 [INFO] EPOCH:51, ======================ACC:63.71====================
2026-05-17 01:23:29 [INFO] BEST EPOCH:46,BEST ACC:63.78
2026-05-17 01:23:40 [INFO] Epoch: 52 [12800/50000 (26%)]	 Training Loss: 0.551 ACC: 71.00 CR: 0.61 Avg R1: 3.86 Avg R2: 5.54 Avg Reward: 9.394667
2026-05-17 01:23:51 [INFO] Epoch: 52 [25600/50000 (51%)]	 Training Loss: 0.547 ACC: 70.65 CR: 0.59 Avg R1: 3.93 Avg R2: 5.49 Avg Reward: 9.423686
2026-05-17 01:24:03 [INFO] Epoch: 52 [38400/50000 (77%)]	 Training Loss: 0.544 ACC: 70.70 CR: 0.57 Avg R1: 4.02 Avg R2: 5.44 Avg Reward: 9.453506
2026-05-17 01:24:13 [INFO] EPOCH:52, ======================CR:0.54978====================
2026-05-17 01:24:13 [INFO] 0.004628974274221656
2026-05-17 01:24:15 [INFO] EPOCH:52, ======================ACC:60.89====================
2026-05-17 01:24:15 [INFO] BEST EPOCH:46,BEST ACC:63.78
2026-05-17 01:24:26 [INFO] Epoch: 53 [12800/50000 (26%)]	 Training Loss: 0.491 ACC: 72.02 CR: 0.54 Avg R1: 4.55 Avg R2: 5.08 Avg Reward: 9.626907
2026-05-17 01:24:38 [INFO] Epoch: 53 [25600/50000 (51%)]	 Training Loss: 0.492 ACC: 72.07 CR: 0.53 Avg R1: 4.58 Avg R2: 5.05 Avg Reward: 9.634473
2026-05-17 01:24:49 [INFO] Epoch: 53 [38400/50000 (77%)]	 Training Loss: 0.491 ACC: 71.74 CR: 0.52 Avg R1: 4.63 Avg R2: 5.02 Avg Reward: 9.649673
2026-05-17 01:24:59 [INFO] EPOCH:53, ======================CR:0.51316====================
2026-05-17 01:24:59 [INFO] -0.0001348471845567421
2026-05-17 01:25:02 [INFO] EPOCH:53, ======================ACC:63.18====================
2026-05-17 01:25:02 [INFO] BEST EPOCH:46,BEST ACC:63.78
2026-05-17 01:25:14 [INFO] Epoch: 54 [12800/50000 (26%)]	 Training Loss: 0.458 ACC: 73.33 CR: 0.51 Avg R1: 4.89 Avg R2: 4.85 Avg Reward: 9.740562
2026-05-17 01:25:25 [INFO] Epoch: 54 [25600/50000 (51%)]	 Training Loss: 0.466 ACC: 72.82 CR: 0.50 Avg R1: 4.91 Avg R2: 4.84 Avg Reward: 9.749691
2026-05-17 01:25:38 [INFO] Epoch: 54 [38400/50000 (77%)]	 Training Loss: 0.474 ACC: 72.40 CR: 0.50 Avg R1: 4.93 Avg R2: 4.83 Avg Reward: 9.759707
2026-05-17 01:25:50 [INFO] EPOCH:54, ======================CR:0.49552====================
2026-05-17 01:25:50 [INFO] -0.004120276735369077
2026-05-17 01:25:52 [INFO] EPOCH:54, ======================ACC:62.16====================
2026-05-17 01:25:52 [INFO] BEST EPOCH:46,BEST ACC:63.78
2026-05-17 01:25:52 [INFO] Saving Masks: current CR 0.4955 target CR 0.5000
2026-05-17 01:25:52 [INFO] Updated candidate mask pretrained-rescale_mask_best-acc_50_05170047_resnet18 at epoch 54 with acc 62.1600
2026-05-17 01:26:04 [INFO] Epoch: 55 [12800/50000 (26%)]	 Training Loss: 0.455 ACC: 72.92 CR: 0.49 Avg R1: 4.94 Avg R2: 4.75 Avg Reward: 9.687551
2026-05-17 01:26:16 [INFO] Epoch: 55 [25600/50000 (51%)]	 Training Loss: 0.459 ACC: 72.86 CR: 0.49 Avg R1: 4.92 Avg R2: 4.74 Avg Reward: 9.666003
2026-05-17 01:26:29 [INFO] Epoch: 55 [38400/50000 (77%)]	 Training Loss: 0.469 ACC: 72.46 CR: 0.49 Avg R1: 4.92 Avg R2: 4.74 Avg Reward: 9.652409
2026-05-17 01:26:40 [INFO] EPOCH:55, ======================CR:0.49018====================
2026-05-17 01:26:40 [INFO] -2.5685016225378133e-05
2026-05-17 01:26:42 [INFO] EPOCH:55, ======================ACC:61.4====================
2026-05-17 01:26:42 [INFO] BEST EPOCH:54,BEST ACC:63.78
2026-05-17 01:26:42 [INFO] Saving Masks: current CR 0.4902 target CR 0.5000
2026-05-17 01:26:53 [INFO] Epoch: 56 [12800/50000 (26%)]	 Training Loss: 0.477 ACC: 72.53 CR: 0.49 Avg R1: 4.91 Avg R2: 4.75 Avg Reward: 9.660972
2026-05-17 01:27:04 [INFO] Epoch: 56 [25600/50000 (51%)]	 Training Loss: 0.481 ACC: 72.29 CR: 0.50 Avg R1: 4.93 Avg R2: 4.76 Avg Reward: 9.689590
2026-05-17 01:27:16 [INFO] Epoch: 56 [38400/50000 (77%)]	 Training Loss: 0.490 ACC: 71.65 CR: 0.50 Avg R1: 4.95 Avg R2: 4.77 Avg Reward: 9.718600
2026-05-17 01:27:27 [INFO] EPOCH:56, ======================CR:0.5017====================
2026-05-17 01:27:27 [INFO] 0.00204109097002587
2026-05-17 01:27:29 [INFO] EPOCH:56, ======================ACC:62.82====================
2026-05-17 01:27:29 [INFO] BEST EPOCH:54,BEST ACC:63.78
2026-05-17 01:27:29 [INFO] Saving Masks: current CR 0.5017 target CR 0.5000
2026-05-17 01:27:29 [INFO] Updated candidate mask pretrained-rescale_mask_best-acc_50_05170047_resnet18 at epoch 56 with acc 62.8200
2026-05-17 01:27:42 [INFO] Epoch: 57 [12800/50000 (26%)]	 Training Loss: 0.477 ACC: 72.21 CR: 0.50 Avg R1: 4.99 Avg R2: 4.81 Avg Reward: 9.805511
2026-05-17 01:27:53 [INFO] Epoch: 57 [25600/50000 (51%)]	 Training Loss: 0.488 ACC: 71.69 CR: 0.50 Avg R1: 4.99 Avg R2: 4.81 Avg Reward: 9.795015
2026-05-17 01:28:05 [INFO] Epoch: 57 [38400/50000 (77%)]	 Training Loss: 0.495 ACC: 71.43 CR: 0.50 Avg R1: 4.98 Avg R2: 4.80 Avg Reward: 9.784119
2026-05-17 01:28:17 [INFO] EPOCH:57, ======================CR:0.50054====================
2026-05-17 01:28:17 [INFO] -0.00271335547169033
2026-05-17 01:28:19 [INFO] EPOCH:57, ======================ACC:63.6====================
2026-05-17 01:28:19 [INFO] BEST EPOCH:56,BEST ACC:63.78
2026-05-17 01:28:19 [INFO] Saving Masks: current CR 0.5005 target CR 0.5000
2026-05-17 01:28:19 [INFO] Updated candidate mask pretrained-rescale_mask_best-acc_50_05170047_resnet18 at epoch 57 with acc 63.6000
2026-05-17 01:28:31 [INFO] Epoch: 58 [12800/50000 (26%)]	 Training Loss: 0.475 ACC: 72.68 CR: 0.50 Avg R1: 4.98 Avg R2: 4.81 Avg Reward: 9.791990
2026-05-17 01:28:43 [INFO] Epoch: 58 [25600/50000 (51%)]	 Training Loss: 0.476 ACC: 72.68 CR: 0.51 Avg R1: 4.97 Avg R2: 4.82 Avg Reward: 9.787496
2026-05-17 01:28:55 [INFO] Epoch: 58 [38400/50000 (77%)]	 Training Loss: 0.490 ACC: 71.88 CR: 0.51 Avg R1: 4.96 Avg R2: 4.82 Avg Reward: 9.785045
2026-05-17 01:29:06 [INFO] EPOCH:58, ======================CR:0.50868====================
2026-05-17 01:29:06 [INFO] 0.002741498244200448
2026-05-17 01:29:08 [INFO] EPOCH:58, ======================ACC:64.23====================
2026-05-17 01:29:08 [INFO] BEST EPOCH:58,BEST ACC:64.23
2026-05-17 01:29:08 [INFO] Saving Masks: current CR 0.5087 target CR 0.5000
2026-05-17 01:29:08 [INFO] Updated candidate mask pretrained-rescale_mask_best-acc_50_05170047_resnet18 at epoch 58 with acc 64.2300
2026-05-17 01:29:21 [INFO] Epoch: 59 [12800/50000 (26%)]	 Training Loss: 0.467 ACC: 72.74 CR: 0.51 Avg R1: 4.91 Avg R2: 4.86 Avg Reward: 9.764660
2026-05-17 01:29:33 [INFO] Epoch: 59 [25600/50000 (51%)]	 Training Loss: 0.472 ACC: 72.61 CR: 0.51 Avg R1: 4.91 Avg R2: 4.86 Avg Reward: 9.767368
2026-05-17 01:29:45 [INFO] Epoch: 59 [38400/50000 (77%)]	 Training Loss: 0.483 ACC: 71.94 CR: 0.51 Avg R1: 4.91 Avg R2: 4.86 Avg Reward: 9.768978
2026-05-17 01:29:57 [INFO] EPOCH:59, ======================CR:0.50972====================
2026-05-17 01:29:57 [INFO] 0.0011098349394592006
2026-05-17 01:29:59 [INFO] EPOCH:59, ======================ACC:63.57====================
2026-05-17 01:29:59 [INFO] BEST EPOCH:58,BEST ACC:64.23
2026-05-17 01:29:59 [INFO] Saving Masks: current CR 0.5097 target CR 0.5000
2026-05-17 01:30:10 [INFO] Epoch: 60 [12800/50000 (26%)]	 Training Loss: 0.483 ACC: 71.90 CR: 0.51 Avg R1: 4.92 Avg R2: 4.88 Avg Reward: 9.800361
2026-05-17 01:30:23 [INFO] Epoch: 60 [25600/50000 (51%)]	 Training Loss: 0.479 ACC: 71.98 CR: 0.50 Avg R1: 4.95 Avg R2: 4.87 Avg Reward: 9.813874
2026-05-17 01:30:34 [INFO] Epoch: 60 [38400/50000 (77%)]	 Training Loss: 0.484 ACC: 71.77 CR: 0.50 Avg R1: 4.96 Avg R2: 4.85 Avg Reward: 9.813761
2026-05-17 01:30:45 [INFO] EPOCH:60, ======================CR:0.49516====================
2026-05-17 01:30:45 [INFO] -0.0072622892200534745
2026-05-17 01:30:47 [INFO] EPOCH:60, ======================ACC:60.97====================
2026-05-17 01:30:47 [INFO] BEST EPOCH:58,BEST ACC:64.23
2026-05-17 01:30:47 [INFO] Saving Masks: current CR 0.4952 target CR 0.5000
2026-05-17 01:31:00 [INFO] Epoch: 61 [12800/50000 (26%)]	 Training Loss: 0.480 ACC: 72.60 CR: 0.50 Avg R1: 4.96 Avg R2: 4.79 Avg Reward: 9.751089
2026-05-17 01:31:13 [INFO] Epoch: 61 [25600/50000 (51%)]	 Training Loss: 0.483 ACC: 72.31 CR: 0.50 Avg R1: 4.97 Avg R2: 4.79 Avg Reward: 9.759158
2026-05-17 01:31:27 [INFO] Epoch: 61 [38400/50000 (77%)]	 Training Loss: 0.483 ACC: 72.17 CR: 0.49 Avg R1: 4.97 Avg R2: 4.79 Avg Reward: 9.757139
2026-05-17 01:31:39 [INFO] EPOCH:61, ======================CR:0.49608====================
2026-05-17 01:31:39 [INFO] 0.004678374671387513
2026-05-17 01:31:41 [INFO] EPOCH:61, ======================ACC:63.59====================
2026-05-17 01:31:41 [INFO] BEST EPOCH:58,BEST ACC:64.23
2026-05-17 01:31:41 [INFO] Saving Masks: current CR 0.4961 target CR 0.5000
2026-05-17 01:31:55 [INFO] Epoch: 62 [12800/50000 (26%)]	 Training Loss: 0.473 ACC: 72.91 CR: 0.50 Avg R1: 4.97 Avg R2: 4.81 Avg Reward: 9.780283
2026-05-17 01:32:08 [INFO] Epoch: 62 [25600/50000 (51%)]	 Training Loss: 0.470 ACC: 72.76 CR: 0.50 Avg R1: 4.98 Avg R2: 4.82 Avg Reward: 9.797819
2026-05-17 01:32:22 [INFO] Epoch: 62 [38400/50000 (77%)]	 Training Loss: 0.476 ACC: 72.59 CR: 0.50 Avg R1: 4.98 Avg R2: 4.82 Avg Reward: 9.803495
2026-05-17 01:32:35 [INFO] EPOCH:62, ======================CR:0.5061====================
2026-05-17 01:32:35 [INFO] 0.004227230505111652
2026-05-17 01:32:37 [INFO] EPOCH:62, ======================ACC:63.0====================
2026-05-17 01:32:37 [INFO] BEST EPOCH:58,BEST ACC:64.23
2026-05-17 01:32:37 [INFO] Saving Masks: current CR 0.5061 target CR 0.5000
2026-05-17 01:32:51 [INFO] Epoch: 63 [12800/50000 (26%)]	 Training Loss: 0.485 ACC: 71.97 CR: 0.51 Avg R1: 4.94 Avg R2: 4.86 Avg Reward: 9.794966
2026-05-17 01:33:03 [INFO] Epoch: 63 [25600/50000 (51%)]	 Training Loss: 0.481 ACC: 71.90 CR: 0.51 Avg R1: 4.94 Avg R2: 4.86 Avg Reward: 9.795904
2026-05-17 01:33:14 [INFO] Epoch: 63 [38400/50000 (77%)]	 Training Loss: 0.481 ACC: 71.96 CR: 0.51 Avg R1: 4.94 Avg R2: 4.86 Avg Reward: 9.792433
2026-05-17 01:33:25 [INFO] EPOCH:63, ======================CR:0.50784====================
2026-05-17 01:33:25 [INFO] 0.0011740706957323486
2026-05-17 01:33:27 [INFO] EPOCH:63, ======================ACC:59.66====================
2026-05-17 01:33:27 [INFO] BEST EPOCH:58,BEST ACC:64.23
2026-05-17 01:33:27 [INFO] Saving Masks: current CR 0.5078 target CR 0.5000
2026-05-17 01:33:41 [INFO] Epoch: 64 [12800/50000 (26%)]	 Training Loss: 0.461 ACC: 73.05 CR: 0.51 Avg R1: 4.93 Avg R2: 4.87 Avg Reward: 9.799775
2026-05-17 01:33:53 [INFO] Epoch: 64 [25600/50000 (51%)]	 Training Loss: 0.469 ACC: 72.92 CR: 0.51 Avg R1: 4.93 Avg R2: 4.87 Avg Reward: 9.801516
2026-05-17 01:34:06 [INFO] Epoch: 64 [38400/50000 (77%)]	 Training Loss: 0.474 ACC: 72.55 CR: 0.51 Avg R1: 4.93 Avg R2: 4.87 Avg Reward: 9.798809
2026-05-17 01:34:18 [INFO] EPOCH:64, ======================CR:0.50498====================
2026-05-17 01:34:18 [INFO] -0.0032633171754577845
2026-05-17 01:34:20 [INFO] EPOCH:64, ======================ACC:63.64====================
2026-05-17 01:34:20 [INFO] BEST EPOCH:58,BEST ACC:64.23
2026-05-17 01:34:20 [INFO] Saving Masks: current CR 0.5050 target CR 0.5000
2026-05-17 01:34:34 [INFO] Epoch: 65 [12800/50000 (26%)]	 Training Loss: 0.452 ACC: 73.51 CR: 0.50 Avg R1: 4.96 Avg R2: 4.86 Avg Reward: 9.816398
2026-05-17 01:34:48 [INFO] Epoch: 65 [25600/50000 (51%)]	 Training Loss: 0.457 ACC: 73.34 CR: 0.50 Avg R1: 4.96 Avg R2: 4.86 Avg Reward: 9.815670
2026-05-17 01:35:01 [INFO] Epoch: 65 [38400/50000 (77%)]	 Training Loss: 0.458 ACC: 73.33 CR: 0.50 Avg R1: 4.96 Avg R2: 4.85 Avg Reward: 9.817207
2026-05-17 01:35:12 [INFO] EPOCH:65, ======================CR:0.5037====================
2026-05-17 01:35:12 [INFO] 0.005582667213291665
2026-05-17 01:35:14 [INFO] EPOCH:65, ======================ACC:59.32====================
2026-05-17 01:35:14 [INFO] BEST EPOCH:58,BEST ACC:64.23
2026-05-17 01:35:14 [INFO] Saving Masks: current CR 0.5037 target CR 0.5000
2026-05-17 01:35:26 [INFO] Epoch: 66 [12800/50000 (26%)]	 Training Loss: 0.447 ACC: 74.12 CR: 0.50 Avg R1: 4.98 Avg R2: 4.85 Avg Reward: 9.833125
2026-05-17 01:35:38 [INFO] Epoch: 66 [25600/50000 (51%)]	 Training Loss: 0.450 ACC: 74.11 CR: 0.50 Avg R1: 4.98 Avg R2: 4.85 Avg Reward: 9.836009
2026-05-17 01:35:50 [INFO] Epoch: 66 [38400/50000 (77%)]	 Training Loss: 0.458 ACC: 73.58 CR: 0.50 Avg R1: 4.99 Avg R2: 4.85 Avg Reward: 9.836785
2026-05-17 01:36:03 [INFO] EPOCH:66, ======================CR:0.49574====================
2026-05-17 01:36:03 [INFO] 0.0005902856852722956
2026-05-17 01:36:05 [INFO] EPOCH:66, ======================ACC:62.83====================
2026-05-17 01:36:05 [INFO] BEST EPOCH:58,BEST ACC:64.23
2026-05-17 01:36:05 [INFO] Saving Masks: current CR 0.4957 target CR 0.5000
2026-05-17 01:36:18 [INFO] Epoch: 67 [12800/50000 (26%)]	 Training Loss: 0.449 ACC: 73.86 CR: 0.50 Avg R1: 4.97 Avg R2: 4.81 Avg Reward: 9.780181
2026-05-17 01:36:33 [INFO] Epoch: 67 [25600/50000 (51%)]	 Training Loss: 0.451 ACC: 73.56 CR: 0.50 Avg R1: 4.98 Avg R2: 4.81 Avg Reward: 9.790498
2026-05-17 01:36:46 [INFO] Epoch: 67 [38400/50000 (77%)]	 Training Loss: 0.458 ACC: 73.28 CR: 0.50 Avg R1: 4.98 Avg R2: 4.82 Avg Reward: 9.800880
2026-05-17 01:37:00 [INFO] EPOCH:67, ======================CR:0.50602====================
2026-05-17 01:37:00 [INFO] 0.001056742941954354
2026-05-17 01:37:02 [INFO] EPOCH:67, ======================ACC:64.26====================
2026-05-17 01:37:02 [INFO] BEST EPOCH:67,BEST ACC:64.26
2026-05-17 01:37:02 [INFO] Saving Masks: current CR 0.5060 target CR 0.5000
2026-05-17 01:37:02 [INFO] Updated candidate mask pretrained-rescale_mask_best-acc_50_05170047_resnet18 at epoch 67 with acc 64.2600
2026-05-17 01:37:16 [INFO] Epoch: 68 [12800/50000 (26%)]	 Training Loss: 0.450 ACC: 73.90 CR: 0.50 Avg R1: 4.95 Avg R2: 4.87 Avg Reward: 9.816275
2026-05-17 01:37:29 [INFO] Epoch: 68 [25600/50000 (51%)]	 Training Loss: 0.450 ACC: 73.92 CR: 0.50 Avg R1: 4.95 Avg R2: 4.87 Avg Reward: 9.818504
2026-05-17 01:37:45 [INFO] Epoch: 68 [38400/50000 (77%)]	 Training Loss: 0.460 ACC: 73.43 CR: 0.50 Avg R1: 4.96 Avg R2: 4.87 Avg Reward: 9.822414
2026-05-17 01:37:59 [INFO] EPOCH:68, ======================CR:0.50266====================
2026-05-17 01:37:59 [INFO] -0.004630006500145728
2026-05-17 01:38:01 [INFO] EPOCH:68, ======================ACC:64.48====================
2026-05-17 01:38:01 [INFO] BEST EPOCH:68,BEST ACC:64.48
2026-05-17 01:38:01 [INFO] Saving Masks: current CR 0.5027 target CR 0.5000
2026-05-17 01:38:01 [INFO] Updated candidate mask pretrained-rescale_mask_best-acc_50_05170047_resnet18 at epoch 68 with acc 64.4800
2026-05-17 01:38:15 [INFO] Epoch: 69 [12800/50000 (26%)]	 Training Loss: 0.442 ACC: 74.79 CR: 0.50 Avg R1: 4.98 Avg R2: 4.88 Avg Reward: 9.853021
2026-05-17 01:38:30 [INFO] Epoch: 69 [25600/50000 (51%)]	 Training Loss: 0.442 ACC: 74.62 CR: 0.50 Avg R1: 4.98 Avg R2: 4.87 Avg Reward: 9.853644
2026-05-17 01:38:44 [INFO] Epoch: 69 [38400/50000 (77%)]	 Training Loss: 0.450 ACC: 74.13 CR: 0.50 Avg R1: 4.99 Avg R2: 4.86 Avg Reward: 9.850862
2026-05-17 01:38:58 [INFO] EPOCH:69, ======================CR:0.50126====================
2026-05-17 01:38:58 [INFO] -0.001696995087434882
2026-05-17 01:39:00 [INFO] EPOCH:69, ======================ACC:60.73====================
2026-05-17 01:39:00 [INFO] BEST EPOCH:68,BEST ACC:64.48
2026-05-17 01:39:00 [INFO] Saving Masks: current CR 0.5013 target CR 0.5000
2026-05-17 01:39:14 [INFO] Epoch: 70 [12800/50000 (26%)]	 Training Loss: 0.439 ACC: 74.60 CR: 0.50 Avg R1: 4.99 Avg R2: 4.86 Avg Reward: 9.850055
2026-05-17 01:39:28 [INFO] Epoch: 70 [25600/50000 (51%)]	 Training Loss: 0.445 ACC: 74.25 CR: 0.50 Avg R1: 4.99 Avg R2: 4.86 Avg Reward: 9.851534
2026-05-17 01:39:43 [INFO] Epoch: 70 [38400/50000 (77%)]	 Training Loss: 0.446 ACC: 74.21 CR: 0.50 Avg R1: 4.99 Avg R2: 4.86 Avg Reward: 9.851942
2026-05-17 01:39:57 [INFO] EPOCH:70, ======================CR:0.49982====================
2026-05-17 01:39:57 [INFO] 0.008261253113510324
2026-05-17 01:39:59 [INFO] EPOCH:70, ======================ACC:62.52====================
2026-05-17 01:39:59 [INFO] BEST EPOCH:68,BEST ACC:64.48
2026-05-17 01:39:59 [INFO] Saving Masks: current CR 0.4998 target CR 0.5000
2026-05-17 01:40:13 [INFO] Epoch: 71 [12800/50000 (26%)]	 Training Loss: 0.439 ACC: 74.58 CR: 0.50 Avg R1: 5.00 Avg R2: 4.86 Avg Reward: 9.856658
2026-05-17 01:40:27 [INFO] Epoch: 71 [25600/50000 (51%)]	 Training Loss: 0.438 ACC: 74.54 CR: 0.50 Avg R1: 4.99 Avg R2: 4.86 Avg Reward: 9.852969
2026-05-17 01:40:40 [INFO] Epoch: 71 [38400/50000 (77%)]	 Training Loss: 0.442 ACC: 74.38 CR: 0.50 Avg R1: 4.99 Avg R2: 4.86 Avg Reward: 9.851229
2026-05-17 01:40:53 [INFO] EPOCH:71, ======================CR:0.49924====================
2026-05-17 01:40:53 [INFO] -0.0031321594288175204
2026-05-17 01:40:56 [INFO] EPOCH:71, ======================ACC:64.27====================
2026-05-17 01:40:56 [INFO] BEST EPOCH:68,BEST ACC:64.48
2026-05-17 01:40:56 [INFO] Saving Masks: current CR 0.4992 target CR 0.5000
2026-05-17 01:41:12 [INFO] Epoch: 72 [12800/50000 (26%)]	 Training Loss: 0.425 ACC: 75.07 CR: 0.50 Avg R1: 4.99 Avg R2: 4.85 Avg Reward: 9.842133
2026-05-17 01:41:25 [INFO] Epoch: 72 [25600/50000 (51%)]	 Training Loss: 0.436 ACC: 74.71 CR: 0.50 Avg R1: 4.99 Avg R2: 4.86 Avg Reward: 9.846370
2026-05-17 01:41:40 [INFO] Epoch: 72 [38400/50000 (77%)]	 Training Loss: 0.448 ACC: 74.08 CR: 0.50 Avg R1: 4.99 Avg R2: 4.86 Avg Reward: 9.850805
2026-05-17 01:41:55 [INFO] EPOCH:72, ======================CR:0.50008====================
2026-05-17 01:41:55 [INFO] 0.0018665665603132533
2026-05-17 01:41:57 [INFO] EPOCH:72, ======================ACC:67.3====================
2026-05-17 01:41:57 [INFO] BEST EPOCH:72,BEST ACC:67.3
2026-05-17 01:41:57 [INFO] Saving Masks: current CR 0.5001 target CR 0.5000
2026-05-17 01:41:57 [INFO] Updated candidate mask pretrained-rescale_mask_best-acc_50_05170047_resnet18 at epoch 72 with acc 67.3000
2026-05-17 01:42:11 [INFO] Epoch: 73 [12800/50000 (26%)]	 Training Loss: 0.435 ACC: 74.78 CR: 0.50 Avg R1: 4.99 Avg R2: 4.87 Avg Reward: 9.868341
2026-05-17 01:42:25 [INFO] Epoch: 73 [25600/50000 (51%)]	 Training Loss: 0.436 ACC: 74.63 CR: 0.50 Avg R1: 4.99 Avg R2: 4.88 Avg Reward: 9.863244
2026-05-17 01:42:40 [INFO] Epoch: 73 [38400/50000 (77%)]	 Training Loss: 0.437 ACC: 74.45 CR: 0.50 Avg R1: 4.99 Avg R2: 4.88 Avg Reward: 9.862480
2026-05-17 01:42:53 [INFO] EPOCH:73, ======================CR:0.49966====================
2026-05-17 01:42:53 [INFO] 0.0019266660712874656
2026-05-17 01:42:55 [INFO] EPOCH:73, ======================ACC:63.78====================
2026-05-17 01:42:55 [INFO] BEST EPOCH:72,BEST ACC:67.3
2026-05-17 01:42:55 [INFO] Saving Masks: current CR 0.4997 target CR 0.5000
2026-05-17 01:43:10 [INFO] Epoch: 74 [12800/50000 (26%)]	 Training Loss: 0.420 ACC: 75.45 CR: 0.50 Avg R1: 4.98 Avg R2: 4.86 Avg Reward: 9.842661
2026-05-17 01:43:26 [INFO] Epoch: 74 [25600/50000 (51%)]	 Training Loss: 0.422 ACC: 75.27 CR: 0.50 Avg R1: 4.99 Avg R2: 4.86 Avg Reward: 9.844029
2026-05-17 01:43:40 [INFO] Epoch: 74 [38400/50000 (77%)]	 Training Loss: 0.429 ACC: 74.85 CR: 0.50 Avg R1: 4.98 Avg R2: 4.86 Avg Reward: 9.839884
2026-05-17 01:43:52 [INFO] EPOCH:74, ======================CR:0.49468====================
2026-05-17 01:43:52 [INFO] 0.003768961099073271
2026-05-17 01:43:54 [INFO] EPOCH:74, ======================ACC:61.54====================
2026-05-17 01:43:54 [INFO] BEST EPOCH:72,BEST ACC:67.3
2026-05-17 01:43:54 [INFO] Saving Masks: current CR 0.4947 target CR 0.5000
2026-05-17 01:44:10 [INFO] Epoch: 75 [12800/50000 (26%)]	 Training Loss: 0.422 ACC: 75.24 CR: 0.50 Avg R1: 4.97 Avg R2: 4.83 Avg Reward: 9.799176
2026-05-17 01:44:23 [INFO] Epoch: 75 [25600/50000 (51%)]	 Training Loss: 0.422 ACC: 75.14 CR: 0.50 Avg R1: 4.98 Avg R2: 4.84 Avg Reward: 9.820704
2026-05-17 01:44:36 [INFO] Epoch: 75 [38400/50000 (77%)]	 Training Loss: 0.432 ACC: 74.81 CR: 0.50 Avg R1: 4.98 Avg R2: 4.85 Avg Reward: 9.823308
2026-05-17 01:44:50 [INFO] EPOCH:75, ======================CR:0.5039====================
2026-05-17 01:44:50 [INFO] 0.004727425463314287
2026-05-17 01:44:52 [INFO] EPOCH:75, ======================ACC:63.0====================
2026-05-17 01:44:52 [INFO] BEST EPOCH:72,BEST ACC:67.3
2026-05-17 01:44:52 [INFO] Saving Masks: current CR 0.5039 target CR 0.5000
2026-05-17 01:45:07 [INFO] Epoch: 76 [12800/50000 (26%)]	 Training Loss: 0.409 ACC: 75.98 CR: 0.50 Avg R1: 4.98 Avg R2: 4.88 Avg Reward: 9.856632
2026-05-17 01:45:22 [INFO] Epoch: 76 [25600/50000 (51%)]	 Training Loss: 0.404 ACC: 76.02 CR: 0.50 Avg R1: 4.98 Avg R2: 4.88 Avg Reward: 9.855587
2026-05-17 01:45:37 [INFO] Epoch: 76 [38400/50000 (77%)]	 Training Loss: 0.412 ACC: 75.68 CR: 0.50 Avg R1: 4.98 Avg R2: 4.87 Avg Reward: 9.857126
2026-05-17 01:45:51 [INFO] EPOCH:76, ======================CR:0.49864====================
2026-05-17 01:45:51 [INFO] 0.00020079476064712717
2026-05-17 01:45:53 [INFO] EPOCH:76, ======================ACC:65.81====================
2026-05-17 01:45:53 [INFO] BEST EPOCH:72,BEST ACC:67.3
2026-05-17 01:45:53 [INFO] Saving Masks: current CR 0.4986 target CR 0.5000
2026-05-17 01:46:08 [INFO] Epoch: 77 [12800/50000 (26%)]	 Training Loss: 0.416 ACC: 76.18 CR: 0.50 Avg R1: 4.99 Avg R2: 4.85 Avg Reward: 9.843465
2026-05-17 01:46:24 [INFO] Epoch: 77 [25600/50000 (51%)]	 Training Loss: 0.416 ACC: 75.83 CR: 0.50 Avg R1: 4.98 Avg R2: 4.85 Avg Reward: 9.834730
2026-05-17 01:46:37 [INFO] Epoch: 77 [38400/50000 (77%)]	 Training Loss: 0.422 ACC: 75.42 CR: 0.50 Avg R1: 4.98 Avg R2: 4.85 Avg Reward: 9.827466
2026-05-17 01:46:50 [INFO] EPOCH:77, ======================CR:0.49654====================
2026-05-17 01:46:50 [INFO] 0.003223116764471534
2026-05-17 01:46:52 [INFO] EPOCH:77, ======================ACC:63.12====================
2026-05-17 01:46:52 [INFO] BEST EPOCH:72,BEST ACC:67.3
2026-05-17 01:46:52 [INFO] Saving Masks: current CR 0.4965 target CR 0.5000
2026-05-17 01:47:05 [INFO] Epoch: 78 [12800/50000 (26%)]	 Training Loss: 0.414 ACC: 75.84 CR: 0.50 Avg R1: 4.96 Avg R2: 4.84 Avg Reward: 9.808359
2026-05-17 01:47:16 [INFO] Epoch: 78 [25600/50000 (51%)]	 Training Loss: 0.410 ACC: 75.79 CR: 0.50 Avg R1: 4.97 Avg R2: 4.85 Avg Reward: 9.820011
2026-05-17 01:47:28 [INFO] Epoch: 78 [38400/50000 (77%)]	 Training Loss: 0.416 ACC: 75.55 CR: 0.50 Avg R1: 4.98 Avg R2: 4.85 Avg Reward: 9.831360
2026-05-17 01:47:39 [INFO] EPOCH:78, ======================CR:0.50226====================
2026-05-17 01:47:39 [INFO] 0.0009508640988837711
2026-05-17 01:47:41 [INFO] EPOCH:78, ======================ACC:64.45====================
2026-05-17 01:47:41 [INFO] BEST EPOCH:72,BEST ACC:67.3
2026-05-17 01:47:41 [INFO] Saving Masks: current CR 0.5023 target CR 0.5000
2026-05-17 01:47:53 [INFO] Epoch: 79 [12800/50000 (26%)]	 Training Loss: 0.393 ACC: 76.92 CR: 0.50 Avg R1: 4.99 Avg R2: 4.88 Avg Reward: 9.867634
2026-05-17 01:48:05 [INFO] Epoch: 79 [25600/50000 (51%)]	 Training Loss: 0.406 ACC: 76.35 CR: 0.50 Avg R1: 4.99 Avg R2: 4.88 Avg Reward: 9.865641
2026-05-17 01:48:18 [INFO] Epoch: 79 [38400/50000 (77%)]	 Training Loss: 0.417 ACC: 75.88 CR: 0.50 Avg R1: 4.99 Avg R2: 4.88 Avg Reward: 9.867320
2026-05-17 01:48:29 [INFO] EPOCH:79, ======================CR:0.4972====================
2026-05-17 01:48:29 [INFO] 0.01060062514152724
2026-05-17 01:48:31 [INFO] EPOCH:79, ======================ACC:62.97====================
2026-05-17 01:48:31 [INFO] BEST EPOCH:72,BEST ACC:67.3
2026-05-17 01:48:31 [INFO] Saving Masks: current CR 0.4972 target CR 0.5000
2026-05-17 01:48:43 [INFO] Epoch: 80 [12800/50000 (26%)]	 Training Loss: 0.395 ACC: 76.70 CR: 0.50 Avg R1: 4.97 Avg R2: 4.86 Avg Reward: 9.827909
2026-05-17 01:48:55 [INFO] Epoch: 80 [25600/50000 (51%)]	 Training Loss: 0.403 ACC: 76.27 CR: 0.50 Avg R1: 4.97 Avg R2: 4.86 Avg Reward: 9.830344
2026-05-17 01:49:07 [INFO] Epoch: 80 [38400/50000 (77%)]	 Training Loss: 0.410 ACC: 75.93 CR: 0.50 Avg R1: 4.97 Avg R2: 4.86 Avg Reward: 9.834044
2026-05-17 01:49:19 [INFO] EPOCH:80, ======================CR:0.49906====================
2026-05-17 01:49:19 [INFO] -0.0035136089541166512
2026-05-17 01:49:21 [INFO] EPOCH:80, ======================ACC:65.82====================
2026-05-17 01:49:21 [INFO] BEST EPOCH:72,BEST ACC:67.3
2026-05-17 01:49:21 [INFO] Saving Masks: current CR 0.4991 target CR 0.5000
2026-05-17 01:49:35 [INFO] Epoch: 81 [12800/50000 (26%)]	 Training Loss: 0.388 ACC: 77.38 CR: 0.50 Avg R1: 4.99 Avg R2: 4.88 Avg Reward: 9.863548
2026-05-17 01:49:50 [INFO] Epoch: 81 [25600/50000 (51%)]	 Training Loss: 0.395 ACC: 76.92 CR: 0.50 Avg R1: 4.99 Avg R2: 4.88 Avg Reward: 9.865824
2026-05-17 01:50:07 [INFO] Epoch: 81 [38400/50000 (77%)]	 Training Loss: 0.402 ACC: 76.47 CR: 0.50 Avg R1: 4.99 Avg R2: 4.88 Avg Reward: 9.865847
2026-05-17 01:50:23 [INFO] EPOCH:81, ======================CR:0.50204====================
2026-05-17 01:50:23 [INFO] -0.007935779402708239
2026-05-17 01:50:25 [INFO] EPOCH:81, ======================ACC:64.26====================
2026-05-17 01:50:25 [INFO] BEST EPOCH:72,BEST ACC:67.3
2026-05-17 01:50:25 [INFO] Saving Masks: current CR 0.5020 target CR 0.5000
2026-05-17 01:50:40 [INFO] Epoch: 82 [12800/50000 (26%)]	 Training Loss: 0.403 ACC: 76.09 CR: 0.50 Avg R1: 4.98 Avg R2: 4.88 Avg Reward: 9.852342
2026-05-17 01:50:59 [INFO] Epoch: 82 [25600/50000 (51%)]	 Training Loss: 0.400 ACC: 76.30 CR: 0.50 Avg R1: 4.97 Avg R2: 4.88 Avg Reward: 9.851698
2026-05-17 01:51:15 [INFO] Epoch: 82 [38400/50000 (77%)]	 Training Loss: 0.410 ACC: 75.85 CR: 0.50 Avg R1: 4.97 Avg R2: 4.88 Avg Reward: 9.852060
2026-05-17 01:51:32 [INFO] EPOCH:82, ======================CR:0.50184====================
2026-05-17 01:51:32 [INFO] 0.0057705958829427405
2026-05-17 01:51:34 [INFO] EPOCH:82, ======================ACC:64.89====================
2026-05-17 01:51:34 [INFO] BEST EPOCH:72,BEST ACC:67.3
2026-05-17 01:51:34 [INFO] Saving Masks: current CR 0.5018 target CR 0.5000
2026-05-17 01:51:52 [INFO] Epoch: 83 [12800/50000 (26%)]	 Training Loss: 0.388 ACC: 77.45 CR: 0.50 Avg R1: 4.98 Avg R2: 4.89 Avg Reward: 9.870044
2026-05-17 01:52:07 [INFO] Epoch: 83 [25600/50000 (51%)]	 Training Loss: 0.391 ACC: 77.07 CR: 0.50 Avg R1: 4.98 Avg R2: 4.89 Avg Reward: 9.870878
2026-05-17 01:52:24 [INFO] Epoch: 83 [38400/50000 (77%)]	 Training Loss: 0.397 ACC: 76.61 CR: 0.50 Avg R1: 4.99 Avg R2: 4.89 Avg Reward: 9.872151
2026-05-17 01:52:40 [INFO] EPOCH:83, ======================CR:0.49848====================
2026-05-17 01:52:40 [INFO] -0.004847848976044861
2026-05-17 01:52:42 [INFO] EPOCH:83, ======================ACC:64.75====================
2026-05-17 01:52:42 [INFO] BEST EPOCH:72,BEST ACC:67.3
2026-05-17 01:52:42 [INFO] Saving Masks: current CR 0.4985 target CR 0.5000
2026-05-17 01:52:58 [INFO] Epoch: 84 [12800/50000 (26%)]	 Training Loss: 0.390 ACC: 77.34 CR: 0.50 Avg R1: 4.99 Avg R2: 4.89 Avg Reward: 9.879557
2026-05-17 01:53:14 [INFO] Epoch: 84 [25600/50000 (51%)]	 Training Loss: 0.396 ACC: 77.07 CR: 0.50 Avg R1: 4.98 Avg R2: 4.90 Avg Reward: 9.878667
2026-05-17 01:53:30 [INFO] Epoch: 84 [38400/50000 (77%)]	 Training Loss: 0.403 ACC: 76.59 CR: 0.50 Avg R1: 4.98 Avg R2: 4.90 Avg Reward: 9.880075
2026-05-17 01:53:47 [INFO] EPOCH:84, ======================CR:0.50404====================
2026-05-17 01:53:47 [INFO] -0.0032256005146282895
2026-05-17 01:53:49 [INFO] EPOCH:84, ======================ACC:66.1====================
2026-05-17 01:53:49 [INFO] BEST EPOCH:72,BEST ACC:67.3
2026-05-17 01:53:49 [INFO] Saving Masks: current CR 0.5040 target CR 0.5000
2026-05-17 01:54:06 [INFO] Epoch: 85 [12800/50000 (26%)]	 Training Loss: 0.378 ACC: 78.21 CR: 0.50 Avg R1: 4.97 Avg R2: 4.90 Avg Reward: 9.865783
2026-05-17 01:54:24 [INFO] Epoch: 85 [25600/50000 (51%)]	 Training Loss: 0.385 ACC: 77.50 CR: 0.50 Avg R1: 4.97 Avg R2: 4.90 Avg Reward: 9.865410
2026-05-17 01:54:40 [INFO] Epoch: 85 [38400/50000 (77%)]	 Training Loss: 0.390 ACC: 77.27 CR: 0.50 Avg R1: 4.96 Avg R2: 4.90 Avg Reward: 9.863542
2026-05-17 01:55:00 [INFO] EPOCH:85, ======================CR:0.5026====================
2026-05-17 01:55:00 [INFO] -0.0012406054813779172
2026-05-17 01:55:02 [INFO] EPOCH:85, ======================ACC:60.75====================
2026-05-17 01:55:02 [INFO] BEST EPOCH:72,BEST ACC:67.3
2026-05-17 01:55:02 [INFO] Saving Masks: current CR 0.5026 target CR 0.5000
2026-05-17 01:55:26 [INFO] Epoch: 86 [12800/50000 (26%)]	 Training Loss: 0.381 ACC: 78.07 CR: 0.50 Avg R1: 4.97 Avg R2: 4.90 Avg Reward: 9.868764
2026-05-17 01:55:50 [INFO] Epoch: 86 [25600/50000 (51%)]	 Training Loss: 0.385 ACC: 77.56 CR: 0.50 Avg R1: 4.97 Avg R2: 4.90 Avg Reward: 9.867562
2026-05-17 01:56:14 [INFO] Epoch: 86 [38400/50000 (77%)]	 Training Loss: 0.392 ACC: 77.29 CR: 0.50 Avg R1: 4.97 Avg R2: 4.90 Avg Reward: 9.865121
2026-05-17 01:56:36 [INFO] EPOCH:86, ======================CR:0.50598====================
2026-05-17 01:56:36 [INFO] 0.006146041579573253
2026-05-17 01:56:38 [INFO] EPOCH:86, ======================ACC:65.71====================
2026-05-17 01:56:38 [INFO] BEST EPOCH:72,BEST ACC:67.3
2026-05-17 01:56:38 [INFO] Saving Masks: current CR 0.5060 target CR 0.5000
2026-05-17 01:57:01 [INFO] Epoch: 87 [12800/50000 (26%)]	 Training Loss: 0.381 ACC: 77.59 CR: 0.50 Avg R1: 4.94 Avg R2: 4.92 Avg Reward: 9.860643
2026-05-17 01:57:23 [INFO] Epoch: 87 [25600/50000 (51%)]	 Training Loss: 0.375 ACC: 77.83 CR: 0.50 Avg R1: 4.95 Avg R2: 4.92 Avg Reward: 9.860863
2026-05-17 01:57:47 [INFO] Epoch: 87 [38400/50000 (77%)]	 Training Loss: 0.385 ACC: 77.38 CR: 0.50 Avg R1: 4.96 Avg R2: 4.91 Avg Reward: 9.869887
2026-05-17 01:58:09 [INFO] EPOCH:87, ======================CR:0.4988====================
2026-05-17 01:58:09 [INFO] 0.008893362528371414
2026-05-17 01:58:11 [INFO] EPOCH:87, ======================ACC:64.03====================
2026-05-17 01:58:11 [INFO] BEST EPOCH:72,BEST ACC:67.3
2026-05-17 01:58:11 [INFO] Saving Masks: current CR 0.4988 target CR 0.5000
2026-05-17 01:58:34 [INFO] Epoch: 88 [12800/50000 (26%)]	 Training Loss: 0.358 ACC: 78.77 CR: 0.50 Avg R1: 4.99 Avg R2: 4.87 Avg Reward: 9.855913
2026-05-17 01:58:57 [INFO] Epoch: 88 [25600/50000 (51%)]	 Training Loss: 0.367 ACC: 78.36 CR: 0.50 Avg R1: 4.99 Avg R2: 4.87 Avg Reward: 9.858149
2026-05-17 01:59:20 [INFO] Epoch: 88 [38400/50000 (77%)]	 Training Loss: 0.378 ACC: 77.87 CR: 0.50 Avg R1: 4.99 Avg R2: 4.87 Avg Reward: 9.862880
2026-05-17 01:59:41 [INFO] EPOCH:88, ======================CR:0.50044====================
2026-05-17 01:59:41 [INFO] 0.002921569435347823
2026-05-17 01:59:43 [INFO] EPOCH:88, ======================ACC:65.09====================
2026-05-17 01:59:43 [INFO] BEST EPOCH:72,BEST ACC:67.3
2026-05-17 01:59:43 [INFO] Saving Masks: current CR 0.5004 target CR 0.5000
2026-05-17 02:00:07 [INFO] Epoch: 89 [12800/50000 (26%)]	 Training Loss: 0.368 ACC: 78.58 CR: 0.50 Avg R1: 5.00 Avg R2: 4.88 Avg Reward: 9.879413
2026-05-17 02:00:30 [INFO] Epoch: 89 [25600/50000 (51%)]	 Training Loss: 0.374 ACC: 78.04 CR: 0.50 Avg R1: 4.99 Avg R2: 4.89 Avg Reward: 9.879501
2026-05-17 02:00:51 [INFO] Epoch: 89 [38400/50000 (77%)]	 Training Loss: 0.380 ACC: 77.80 CR: 0.50 Avg R1: 4.99 Avg R2: 4.89 Avg Reward: 9.877690
2026-05-17 02:01:12 [INFO] EPOCH:89, ======================CR:0.50588====================
2026-05-17 02:01:12 [INFO] 0.006315170895093923
2026-05-17 02:01:14 [INFO] EPOCH:89, ======================ACC:65.64====================
2026-05-17 02:01:14 [INFO] BEST EPOCH:72,BEST ACC:67.3
2026-05-17 02:01:14 [INFO] Saving Masks: current CR 0.5059 target CR 0.5000
2026-05-17 02:01:35 [INFO] Epoch: 90 [12800/50000 (26%)]	 Training Loss: 0.370 ACC: 78.78 CR: 0.51 Avg R1: 4.95 Avg R2: 4.92 Avg Reward: 9.870084
2026-05-17 02:01:57 [INFO] Epoch: 90 [25600/50000 (51%)]	 Training Loss: 0.365 ACC: 79.09 CR: 0.50 Avg R1: 4.95 Avg R2: 4.92 Avg Reward: 9.870851
2026-05-17 02:02:18 [INFO] Epoch: 90 [38400/50000 (77%)]	 Training Loss: 0.369 ACC: 78.70 CR: 0.51 Avg R1: 4.95 Avg R2: 4.92 Avg Reward: 9.868341
2026-05-17 02:02:38 [INFO] EPOCH:90, ======================CR:0.5022====================
2026-05-17 02:02:38 [INFO] -0.007589445524570335
2026-05-17 02:02:40 [INFO] EPOCH:90, ======================ACC:64.45====================
2026-05-17 02:02:40 [INFO] BEST EPOCH:72,BEST ACC:67.3
2026-05-17 02:02:40 [INFO] Saving Masks: current CR 0.5022 target CR 0.5000
2026-05-17 02:03:01 [INFO] Epoch: 91 [12800/50000 (26%)]	 Training Loss: 0.373 ACC: 78.38 CR: 0.50 Avg R1: 4.97 Avg R2: 4.91 Avg Reward: 9.874094
2026-05-17 02:03:22 [INFO] Epoch: 91 [25600/50000 (51%)]	 Training Loss: 0.372 ACC: 78.14 CR: 0.50 Avg R1: 4.96 Avg R2: 4.91 Avg Reward: 9.873621
2026-05-17 02:03:43 [INFO] Epoch: 91 [38400/50000 (77%)]	 Training Loss: 0.372 ACC: 78.18 CR: 0.51 Avg R1: 4.96 Avg R2: 4.91 Avg Reward: 9.873298
2026-05-17 02:04:03 [INFO] EPOCH:91, ======================CR:0.50534====================
2026-05-17 02:04:03 [INFO] -0.002389545026439473
2026-05-17 02:04:05 [INFO] EPOCH:91, ======================ACC:66.17====================
2026-05-17 02:04:05 [INFO] BEST EPOCH:72,BEST ACC:67.3
2026-05-17 02:04:05 [INFO] Saving Masks: current CR 0.5053 target CR 0.5000
2026-05-17 02:04:26 [INFO] Epoch: 92 [12800/50000 (26%)]	 Training Loss: 0.357 ACC: 79.04 CR: 0.50 Avg R1: 4.96 Avg R2: 4.92 Avg Reward: 9.873791
2026-05-17 02:04:40 [INFO] Epoch: 92 [25600/50000 (51%)]	 Training Loss: 0.357 ACC: 78.82 CR: 0.50 Avg R1: 4.97 Avg R2: 4.91 Avg Reward: 9.884242
2026-05-17 02:04:55 [INFO] Epoch: 92 [38400/50000 (77%)]	 Training Loss: 0.365 ACC: 78.43 CR: 0.50 Avg R1: 4.98 Avg R2: 4.91 Avg Reward: 9.887552
2026-05-17 02:05:08 [INFO] EPOCH:92, ======================CR:0.50396====================
2026-05-17 02:05:08 [INFO] 0.0006438227441726628
2026-05-17 02:05:10 [INFO] EPOCH:92, ======================ACC:65.06====================
2026-05-17 02:05:10 [INFO] BEST EPOCH:72,BEST ACC:67.3
2026-05-17 02:05:10 [INFO] Saving Masks: current CR 0.5040 target CR 0.5000
2026-05-17 02:05:25 [INFO] Epoch: 93 [12800/50000 (26%)]	 Training Loss: 0.364 ACC: 78.53 CR: 0.50 Avg R1: 4.96 Avg R2: 4.91 Avg Reward: 9.869922
2026-05-17 02:05:40 [INFO] Epoch: 93 [25600/50000 (51%)]	 Training Loss: 0.363 ACC: 78.61 CR: 0.50 Avg R1: 4.97 Avg R2: 4.91 Avg Reward: 9.877575
2026-05-17 02:05:55 [INFO] Epoch: 93 [38400/50000 (77%)]	 Training Loss: 0.365 ACC: 78.49 CR: 0.50 Avg R1: 4.98 Avg R2: 4.91 Avg Reward: 9.884168
2026-05-17 02:06:09 [INFO] EPOCH:93, ======================CR:0.50042====================
2026-05-17 02:06:09 [INFO] 1.649863613341421e-05
2026-05-17 02:06:11 [INFO] EPOCH:93, ======================ACC:67.08====================
2026-05-17 02:06:11 [INFO] BEST EPOCH:72,BEST ACC:67.3
2026-05-17 02:06:11 [INFO] Saving Masks: current CR 0.5004 target CR 0.5000
2026-05-17 02:06:25 [INFO] Epoch: 94 [12800/50000 (26%)]	 Training Loss: 0.339 ACC: 79.46 CR: 0.50 Avg R1: 5.00 Avg R2: 4.89 Avg Reward: 9.889451
2026-05-17 02:06:40 [INFO] Epoch: 94 [25600/50000 (51%)]	 Training Loss: 0.345 ACC: 79.63 CR: 0.50 Avg R1: 4.99 Avg R2: 4.89 Avg Reward: 9.879545
2026-05-17 02:06:55 [INFO] Epoch: 94 [38400/50000 (77%)]	 Training Loss: 0.351 ACC: 79.26 CR: 0.50 Avg R1: 4.99 Avg R2: 4.89 Avg Reward: 9.878251
2026-05-17 02:07:09 [INFO] EPOCH:94, ======================CR:0.49742====================
2026-05-17 02:07:09 [INFO] -0.0036758583442400837
2026-05-17 02:07:11 [INFO] EPOCH:94, ======================ACC:67.11====================
2026-05-17 02:07:11 [INFO] BEST EPOCH:72,BEST ACC:67.3
2026-05-17 02:07:11 [INFO] Saving Masks: current CR 0.4974 target CR 0.5000
2026-05-17 02:07:26 [INFO] Epoch: 95 [12800/50000 (26%)]	 Training Loss: 0.352 ACC: 79.64 CR: 0.50 Avg R1: 4.99 Avg R2: 4.90 Avg Reward: 9.892187
2026-05-17 02:07:41 [INFO] Epoch: 95 [25600/50000 (51%)]	 Training Loss: 0.360 ACC: 79.31 CR: 0.50 Avg R1: 4.99 Avg R2: 4.91 Avg Reward: 9.895517
2026-05-17 02:07:56 [INFO] Epoch: 95 [38400/50000 (77%)]	 Training Loss: 0.362 ACC: 79.02 CR: 0.51 Avg R1: 4.97 Avg R2: 4.92 Avg Reward: 9.889390
2026-05-17 02:08:10 [INFO] EPOCH:95, ======================CR:0.50622====================
2026-05-17 02:08:10 [INFO] 0.004142243471071857
2026-05-17 02:08:12 [INFO] EPOCH:95, ======================ACC:66.36====================
2026-05-17 02:08:12 [INFO] BEST EPOCH:72,BEST ACC:67.3
2026-05-17 02:08:12 [INFO] Saving Masks: current CR 0.5062 target CR 0.5000
2026-05-17 02:08:27 [INFO] Epoch: 96 [12800/50000 (26%)]	 Training Loss: 0.337 ACC: 80.72 CR: 0.51 Avg R1: 4.93 Avg R2: 4.93 Avg Reward: 9.866494
2026-05-17 02:08:42 [INFO] Epoch: 96 [25600/50000 (51%)]	 Training Loss: 0.343 ACC: 80.08 CR: 0.50 Avg R1: 4.94 Avg R2: 4.93 Avg Reward: 9.871246
2026-05-17 02:08:57 [INFO] Epoch: 96 [38400/50000 (77%)]	 Training Loss: 0.345 ACC: 79.86 CR: 0.51 Avg R1: 4.95 Avg R2: 4.93 Avg Reward: 9.873212
2026-05-17 02:09:11 [INFO] EPOCH:96, ======================CR:0.50474====================
2026-05-17 02:09:11 [INFO] -0.0010686757721391532
2026-05-17 02:09:13 [INFO] EPOCH:96, ======================ACC:66.66====================
2026-05-17 02:09:13 [INFO] BEST EPOCH:72,BEST ACC:67.3
2026-05-17 02:09:13 [INFO] Saving Masks: current CR 0.5047 target CR 0.5000
2026-05-17 02:09:29 [INFO] Epoch: 97 [12800/50000 (26%)]	 Training Loss: 0.324 ACC: 81.09 CR: 0.51 Avg R1: 4.94 Avg R2: 4.91 Avg Reward: 9.854804
2026-05-17 02:09:44 [INFO] Epoch: 97 [25600/50000 (51%)]	 Training Loss: 0.330 ACC: 80.70 CR: 0.51 Avg R1: 4.94 Avg R2: 4.92 Avg Reward: 9.852222
2026-05-17 02:10:00 [INFO] Epoch: 97 [38400/50000 (77%)]	 Training Loss: 0.335 ACC: 80.43 CR: 0.51 Avg R1: 4.94 Avg R2: 4.92 Avg Reward: 9.853540
2026-05-17 02:10:14 [INFO] EPOCH:97, ======================CR:0.50562====================
2026-05-17 02:10:14 [INFO] -0.003649728017037853
2026-05-17 02:10:16 [INFO] EPOCH:97, ======================ACC:65.34====================
2026-05-17 02:10:16 [INFO] BEST EPOCH:72,BEST ACC:67.3
2026-05-17 02:10:16 [INFO] Saving Masks: current CR 0.5056 target CR 0.5000
2026-05-17 02:10:30 [INFO] Epoch: 98 [12800/50000 (26%)]	 Training Loss: 0.323 ACC: 81.14 CR: 0.51 Avg R1: 4.95 Avg R2: 4.92 Avg Reward: 9.863629
2026-05-17 02:10:44 [INFO] Epoch: 98 [25600/50000 (51%)]	 Training Loss: 0.322 ACC: 81.22 CR: 0.50 Avg R1: 4.95 Avg R2: 4.92 Avg Reward: 9.867014
2026-05-17 02:11:03 [INFO] Epoch: 98 [38400/50000 (77%)]	 Training Loss: 0.331 ACC: 80.67 CR: 0.50 Avg R1: 4.96 Avg R2: 4.91 Avg Reward: 9.871515
2026-05-17 02:11:22 [INFO] EPOCH:98, ======================CR:0.50076====================
2026-05-17 02:11:22 [INFO] -0.0011400977816383483
2026-05-17 02:11:24 [INFO] EPOCH:98, ======================ACC:67.07====================
2026-05-17 02:11:24 [INFO] BEST EPOCH:72,BEST ACC:67.3
2026-05-17 02:11:24 [INFO] Saving Masks: current CR 0.5008 target CR 0.5000
2026-05-17 02:11:44 [INFO] Epoch: 99 [12800/50000 (26%)]	 Training Loss: 0.335 ACC: 80.41 CR: 0.50 Avg R1: 4.99 Avg R2: 4.91 Avg Reward: 9.897669
2026-05-17 02:12:02 [INFO] Epoch: 99 [25600/50000 (51%)]	 Training Loss: 0.335 ACC: 80.45 CR: 0.50 Avg R1: 4.99 Avg R2: 4.91 Avg Reward: 9.899360
2026-05-17 02:12:18 [INFO] Epoch: 99 [38400/50000 (77%)]	 Training Loss: 0.335 ACC: 80.36 CR: 0.50 Avg R1: 4.99 Avg R2: 4.91 Avg Reward: 9.897721
2026-05-17 02:12:32 [INFO] EPOCH:99, ======================CR:0.50308====================
2026-05-17 02:12:32 [INFO] 0.00468984593279552
2026-05-17 02:12:34 [INFO] EPOCH:99, ======================ACC:68.88====================
2026-05-17 02:12:34 [INFO] BEST EPOCH:99,BEST ACC:68.88
2026-05-17 02:12:34 [INFO] Saving Masks: current CR 0.5031 target CR 0.5000
2026-05-17 02:12:34 [INFO] Updated candidate mask pretrained-rescale_mask_best-acc_50_05170047_resnet18 at epoch 99 with acc 68.8800
2026-05-17 02:12:49 [INFO] Epoch: 100 [12800/50000 (26%)]	 Training Loss: 0.322 ACC: 81.55 CR: 0.50 Avg R1: 4.97 Avg R2: 4.90 Avg Reward: 9.873263
2026-05-17 02:13:04 [INFO] Epoch: 100 [25600/50000 (51%)]	 Training Loss: 0.325 ACC: 81.03 CR: 0.50 Avg R1: 4.97 Avg R2: 4.90 Avg Reward: 9.873551
2026-05-17 02:13:18 [INFO] Epoch: 100 [38400/50000 (77%)]	 Training Loss: 0.334 ACC: 80.54 CR: 0.50 Avg R1: 4.97 Avg R2: 4.91 Avg Reward: 9.872231
2026-05-17 02:13:32 [INFO] EPOCH:100, ======================CR:0.50264====================
2026-05-17 02:13:32 [INFO] 0.00571045247054572
2026-05-17 02:13:34 [INFO] EPOCH:100, ======================ACC:68.44====================
2026-05-17 02:13:34 [INFO] BEST EPOCH:99,BEST ACC:68.88
2026-05-17 02:13:34 [INFO] Saving Masks: current CR 0.5026 target CR 0.5000
2026-05-17 02:13:49 [INFO] Epoch: 101 [12800/50000 (26%)]	 Training Loss: 0.320 ACC: 81.18 CR: 0.50 Avg R1: 4.97 Avg R2: 4.92 Avg Reward: 9.895918
2026-05-17 02:14:04 [INFO] Epoch: 101 [25600/50000 (51%)]	 Training Loss: 0.317 ACC: 81.39 CR: 0.50 Avg R1: 4.98 Avg R2: 4.92 Avg Reward: 9.898263
2026-05-17 02:14:18 [INFO] Epoch: 101 [38400/50000 (77%)]	 Training Loss: 0.324 ACC: 80.96 CR: 0.50 Avg R1: 4.97 Avg R2: 4.92 Avg Reward: 9.896117
2026-05-17 02:14:31 [INFO] EPOCH:101, ======================CR:0.50398====================
2026-05-17 02:14:31 [INFO] -0.003913468739110787
2026-05-17 02:14:33 [INFO] EPOCH:101, ======================ACC:69.5====================
2026-05-17 02:14:33 [INFO] BEST EPOCH:101,BEST ACC:69.5
2026-05-17 02:14:33 [INFO] Saving Masks: current CR 0.5040 target CR 0.5000
2026-05-17 02:14:33 [INFO] Updated candidate mask pretrained-rescale_mask_best-acc_50_05170047_resnet18 at epoch 101 with acc 69.5000
2026-05-17 02:14:47 [INFO] Epoch: 102 [12800/50000 (26%)]	 Training Loss: 0.306 ACC: 82.44 CR: 0.50 Avg R1: 4.97 Avg R2: 4.93 Avg Reward: 9.896491
2026-05-17 02:15:02 [INFO] Epoch: 102 [25600/50000 (51%)]	 Training Loss: 0.314 ACC: 81.60 CR: 0.50 Avg R1: 4.98 Avg R2: 4.93 Avg Reward: 9.903574
2026-05-17 02:15:18 [INFO] Epoch: 102 [38400/50000 (77%)]	 Training Loss: 0.318 ACC: 81.41 CR: 0.50 Avg R1: 4.98 Avg R2: 4.92 Avg Reward: 9.906434
2026-05-17 02:15:31 [INFO] EPOCH:102, ======================CR:0.50492====================
2026-05-17 02:15:31 [INFO] -0.005244372174049455
2026-05-17 02:15:32 [INFO] EPOCH:102, ======================ACC:67.91====================
2026-05-17 02:15:32 [INFO] BEST EPOCH:101,BEST ACC:69.5
2026-05-17 02:15:32 [INFO] Saving Masks: current CR 0.5049 target CR 0.5000
2026-05-17 02:15:45 [INFO] Epoch: 103 [12800/50000 (26%)]	 Training Loss: 0.312 ACC: 81.77 CR: 0.50 Avg R1: 4.95 Avg R2: 4.91 Avg Reward: 9.864876
2026-05-17 02:15:59 [INFO] Epoch: 103 [25600/50000 (51%)]	 Training Loss: 0.310 ACC: 81.77 CR: 0.51 Avg R1: 4.95 Avg R2: 4.91 Avg Reward: 9.862830
2026-05-17 02:16:14 [INFO] Epoch: 103 [38400/50000 (77%)]	 Training Loss: 0.316 ACC: 81.35 CR: 0.50 Avg R1: 4.95 Avg R2: 4.91 Avg Reward: 9.863151
2026-05-17 02:16:28 [INFO] EPOCH:103, ======================CR:0.50172====================
2026-05-17 02:16:28 [INFO] 0.003665537060398297
2026-05-17 02:16:30 [INFO] EPOCH:103, ======================ACC:68.22====================
2026-05-17 02:16:30 [INFO] BEST EPOCH:101,BEST ACC:69.5
2026-05-17 02:16:30 [INFO] Saving Masks: current CR 0.5017 target CR 0.5000
2026-05-17 02:16:48 [INFO] Epoch: 104 [12800/50000 (26%)]	 Training Loss: 0.284 ACC: 82.85 CR: 0.50 Avg R1: 4.97 Avg R2: 4.92 Avg Reward: 9.898363
2026-05-17 02:17:08 [INFO] Epoch: 104 [25600/50000 (51%)]	 Training Loss: 0.294 ACC: 82.44 CR: 0.50 Avg R1: 4.97 Avg R2: 4.93 Avg Reward: 9.896781
2026-05-17 02:17:26 [INFO] Epoch: 104 [38400/50000 (77%)]	 Training Loss: 0.303 ACC: 82.02 CR: 0.50 Avg R1: 4.97 Avg R2: 4.93 Avg Reward: 9.895317
2026-05-17 02:17:42 [INFO] EPOCH:104, ======================CR:0.50546====================
2026-05-17 02:17:42 [INFO] 0.003229412824642688
2026-05-17 02:17:44 [INFO] EPOCH:104, ======================ACC:67.09====================
2026-05-17 02:17:44 [INFO] BEST EPOCH:101,BEST ACC:69.5
2026-05-17 02:17:44 [INFO] Saving Masks: current CR 0.5055 target CR 0.5000
2026-05-17 02:18:04 [INFO] Epoch: 105 [12800/50000 (26%)]	 Training Loss: 0.295 ACC: 82.34 CR: 0.51 Avg R1: 4.94 Avg R2: 4.92 Avg Reward: 9.860701
2026-05-17 02:18:20 [INFO] Epoch: 105 [25600/50000 (51%)]	 Training Loss: 0.303 ACC: 82.07 CR: 0.51 Avg R1: 4.94 Avg R2: 4.91 Avg Reward: 9.856050
2026-05-17 02:18:35 [INFO] Epoch: 105 [38400/50000 (77%)]	 Training Loss: 0.308 ACC: 81.86 CR: 0.50 Avg R1: 4.94 Avg R2: 4.91 Avg Reward: 9.856054
2026-05-17 02:18:50 [INFO] EPOCH:105, ======================CR:0.50488====================
2026-05-17 02:18:50 [INFO] 0.0031515895323550053
2026-05-17 02:18:51 [INFO] EPOCH:105, ======================ACC:66.16====================
2026-05-17 02:18:51 [INFO] BEST EPOCH:101,BEST ACC:69.5
2026-05-17 02:18:51 [INFO] Saving Masks: current CR 0.5049 target CR 0.5000
2026-05-17 02:19:08 [INFO] Epoch: 106 [12800/50000 (26%)]	 Training Loss: 0.308 ACC: 82.23 CR: 0.50 Avg R1: 4.95 Avg R2: 4.92 Avg Reward: 9.869319
2026-05-17 02:19:24 [INFO] Epoch: 106 [25600/50000 (51%)]	 Training Loss: 0.303 ACC: 82.19 CR: 0.51 Avg R1: 4.95 Avg R2: 4.92 Avg Reward: 9.868525
2026-05-17 02:19:40 [INFO] Epoch: 106 [38400/50000 (77%)]	 Training Loss: 0.305 ACC: 81.95 CR: 0.51 Avg R1: 4.95 Avg R2: 4.92 Avg Reward: 9.867975
2026-05-17 02:19:55 [INFO] EPOCH:106, ======================CR:0.5063====================
2026-05-17 02:19:55 [INFO] 0.002692220493534263
2026-05-17 02:19:57 [INFO] EPOCH:106, ======================ACC:66.93====================
2026-05-17 02:19:57 [INFO] BEST EPOCH:101,BEST ACC:69.5
2026-05-17 02:19:57 [INFO] Saving Masks: current CR 0.5063 target CR 0.5000
2026-05-17 02:20:13 [INFO] Epoch: 107 [12800/50000 (26%)]	 Training Loss: 0.303 ACC: 82.58 CR: 0.50 Avg R1: 4.94 Avg R2: 4.94 Avg Reward: 9.884576
2026-05-17 02:20:29 [INFO] Epoch: 107 [25600/50000 (51%)]	 Training Loss: 0.296 ACC: 82.75 CR: 0.50 Avg R1: 4.95 Avg R2: 4.94 Avg Reward: 9.891108
2026-05-17 02:20:47 [INFO] Epoch: 107 [38400/50000 (77%)]	 Training Loss: 0.296 ACC: 82.64 CR: 0.50 Avg R1: 4.96 Avg R2: 4.93 Avg Reward: 9.895263
2026-05-17 02:21:02 [INFO] EPOCH:107, ======================CR:0.50382====================
2026-05-17 02:21:02 [INFO] 0.009482727249982845
2026-05-17 02:21:04 [INFO] EPOCH:107, ======================ACC:67.62====================
2026-05-17 02:21:04 [INFO] BEST EPOCH:101,BEST ACC:69.5
2026-05-17 02:21:04 [INFO] Saving Masks: current CR 0.5038 target CR 0.5000
2026-05-17 02:21:20 [INFO] Epoch: 108 [12800/50000 (26%)]	 Training Loss: 0.281 ACC: 84.09 CR: 0.51 Avg R1: 4.96 Avg R2: 4.92 Avg Reward: 9.876966
2026-05-17 02:21:38 [INFO] Epoch: 108 [25600/50000 (51%)]	 Training Loss: 0.279 ACC: 83.80 CR: 0.51 Avg R1: 4.95 Avg R2: 4.92 Avg Reward: 9.872691
2026-05-17 02:21:55 [INFO] Epoch: 108 [38400/50000 (77%)]	 Training Loss: 0.284 ACC: 83.49 CR: 0.50 Avg R1: 4.95 Avg R2: 4.92 Avg Reward: 9.873172
2026-05-17 02:22:09 [INFO] EPOCH:108, ======================CR:0.50018====================
2026-05-17 02:22:09 [INFO] -0.0010819037643422103
2026-05-17 02:22:11 [INFO] EPOCH:108, ======================ACC:68.3====================
2026-05-17 02:22:11 [INFO] BEST EPOCH:101,BEST ACC:69.5
2026-05-17 02:22:11 [INFO] Saving Masks: current CR 0.5002 target CR 0.5000
2026-05-17 02:22:28 [INFO] Epoch: 109 [12800/50000 (26%)]	 Training Loss: 0.285 ACC: 83.56 CR: 0.50 Avg R1: 4.99 Avg R2: 4.90 Avg Reward: 9.896312
2026-05-17 02:22:45 [INFO] Epoch: 109 [25600/50000 (51%)]	 Training Loss: 0.281 ACC: 83.72 CR: 0.50 Avg R1: 4.99 Avg R2: 4.90 Avg Reward: 9.895892
2026-05-17 02:23:02 [INFO] Epoch: 109 [38400/50000 (77%)]	 Training Loss: 0.285 ACC: 83.33 CR: 0.50 Avg R1: 4.99 Avg R2: 4.90 Avg Reward: 9.895415
2026-05-17 02:23:16 [INFO] EPOCH:109, ======================CR:0.49936====================
2026-05-17 02:23:16 [INFO] -0.005728274239893546
2026-05-17 02:23:18 [INFO] EPOCH:109, ======================ACC:66.76====================
2026-05-17 02:23:18 [INFO] BEST EPOCH:101,BEST ACC:69.5
2026-05-17 02:23:18 [INFO] Saving Masks: current CR 0.4994 target CR 0.5000
2026-05-17 02:23:35 [INFO] Epoch: 110 [12800/50000 (26%)]	 Training Loss: 0.271 ACC: 83.77 CR: 0.50 Avg R1: 4.99 Avg R2: 4.90 Avg Reward: 9.891055
2026-05-17 02:23:51 [INFO] Epoch: 110 [25600/50000 (51%)]	 Training Loss: 0.272 ACC: 83.82 CR: 0.50 Avg R1: 5.00 Avg R2: 4.89 Avg Reward: 9.888571
2026-05-17 02:24:07 [INFO] Epoch: 110 [38400/50000 (77%)]	 Training Loss: 0.274 ACC: 83.79 CR: 0.50 Avg R1: 4.99 Avg R2: 4.89 Avg Reward: 9.883517
2026-05-17 02:24:23 [INFO] EPOCH:110, ======================CR:0.4975====================
2026-05-17 02:24:23 [INFO] -0.005225636672757954
2026-05-17 02:24:25 [INFO] EPOCH:110, ======================ACC:67.23====================
2026-05-17 02:24:25 [INFO] BEST EPOCH:101,BEST ACC:69.5
2026-05-17 02:24:25 [INFO] Saving Masks: current CR 0.4975 target CR 0.5000
2026-05-17 02:24:41 [INFO] Epoch: 111 [12800/50000 (26%)]	 Training Loss: 0.276 ACC: 83.86 CR: 0.50 Avg R1: 4.99 Avg R2: 4.88 Avg Reward: 9.869517
2026-05-17 02:24:57 [INFO] Epoch: 111 [25600/50000 (51%)]	 Training Loss: 0.276 ACC: 83.60 CR: 0.50 Avg R1: 4.99 Avg R2: 4.88 Avg Reward: 9.863615
2026-05-17 02:25:13 [INFO] Epoch: 111 [38400/50000 (77%)]	 Training Loss: 0.281 ACC: 83.41 CR: 0.50 Avg R1: 4.99 Avg R2: 4.88 Avg Reward: 9.863085
2026-05-17 02:25:25 [INFO] EPOCH:111, ======================CR:0.50024====================
2026-05-17 02:25:25 [INFO] 0.0009570008603546438
2026-05-17 02:25:27 [INFO] EPOCH:111, ======================ACC:68.76====================
2026-05-17 02:25:27 [INFO] BEST EPOCH:101,BEST ACC:69.5
2026-05-17 02:25:27 [INFO] Saving Masks: current CR 0.5002 target CR 0.5000
2026-05-17 02:25:44 [INFO] Epoch: 112 [12800/50000 (26%)]	 Training Loss: 0.264 ACC: 85.02 CR: 0.50 Avg R1: 5.00 Avg R2: 4.90 Avg Reward: 9.892062
2026-05-17 02:26:00 [INFO] Epoch: 112 [25600/50000 (51%)]	 Training Loss: 0.261 ACC: 84.94 CR: 0.50 Avg R1: 5.00 Avg R2: 4.89 Avg Reward: 9.890885
2026-05-17 02:26:16 [INFO] Epoch: 112 [38400/50000 (77%)]	 Training Loss: 0.267 ACC: 84.29 CR: 0.50 Avg R1: 5.00 Avg R2: 4.89 Avg Reward: 9.888859
2026-05-17 02:26:30 [INFO] EPOCH:112, ======================CR:0.50008====================
2026-05-17 02:26:30 [INFO] -0.0010845826158150341
2026-05-17 02:26:32 [INFO] EPOCH:112, ======================ACC:68.19====================
2026-05-17 02:26:32 [INFO] BEST EPOCH:101,BEST ACC:69.5
2026-05-17 02:26:32 [INFO] Saving Masks: current CR 0.5001 target CR 0.5000
2026-05-17 02:26:49 [INFO] Epoch: 113 [12800/50000 (26%)]	 Training Loss: 0.263 ACC: 84.45 CR: 0.50 Avg R1: 4.99 Avg R2: 4.88 Avg Reward: 9.876554
2026-05-17 02:27:05 [INFO] Epoch: 113 [25600/50000 (51%)]	 Training Loss: 0.264 ACC: 84.67 CR: 0.50 Avg R1: 4.99 Avg R2: 4.89 Avg Reward: 9.880158
2026-05-17 02:27:21 [INFO] Epoch: 113 [38400/50000 (77%)]	 Training Loss: 0.266 ACC: 84.41 CR: 0.50 Avg R1: 4.99 Avg R2: 4.89 Avg Reward: 9.882234
2026-05-17 02:27:36 [INFO] EPOCH:113, ======================CR:0.50242====================
2026-05-17 02:27:36 [INFO] -0.000859228855208055
2026-05-17 02:27:38 [INFO] EPOCH:113, ======================ACC:69.04====================
2026-05-17 02:27:38 [INFO] BEST EPOCH:101,BEST ACC:69.5
2026-05-17 02:27:38 [INFO] Saving Masks: current CR 0.5024 target CR 0.5000
2026-05-17 02:27:51 [INFO] Epoch: 114 [12800/50000 (26%)]	 Training Loss: 0.254 ACC: 85.23 CR: 0.50 Avg R1: 4.97 Avg R2: 4.90 Avg Reward: 9.874467
2026-05-17 02:28:05 [INFO] Epoch: 114 [25600/50000 (51%)]	 Training Loss: 0.257 ACC: 85.22 CR: 0.50 Avg R1: 4.97 Avg R2: 4.91 Avg Reward: 9.872731
2026-05-17 02:28:19 [INFO] Epoch: 114 [38400/50000 (77%)]	 Training Loss: 0.261 ACC: 84.85 CR: 0.51 Avg R1: 4.96 Avg R2: 4.91 Avg Reward: 9.866820
2026-05-17 02:28:31 [INFO] EPOCH:114, ======================CR:0.50806====================
2026-05-17 02:28:31 [INFO] -0.0014255855503987063
2026-05-17 02:28:32 [INFO] EPOCH:114, ======================ACC:68.7====================
2026-05-17 02:28:32 [INFO] BEST EPOCH:101,BEST ACC:69.5
2026-05-17 02:28:32 [INFO] Saving Masks: current CR 0.5081 target CR 0.5000
2026-05-17 02:28:46 [INFO] Epoch: 115 [12800/50000 (26%)]	 Training Loss: 0.248 ACC: 85.28 CR: 0.51 Avg R1: 4.94 Avg R2: 4.91 Avg Reward: 9.847923
2026-05-17 02:29:00 [INFO] Epoch: 115 [25600/50000 (51%)]	 Training Loss: 0.255 ACC: 84.89 CR: 0.51 Avg R1: 4.94 Avg R2: 4.91 Avg Reward: 9.847832
2026-05-17 02:29:14 [INFO] Epoch: 115 [38400/50000 (77%)]	 Training Loss: 0.259 ACC: 84.66 CR: 0.51 Avg R1: 4.94 Avg R2: 4.91 Avg Reward: 9.848351
2026-05-17 02:29:28 [INFO] EPOCH:115, ======================CR:0.50678====================
2026-05-17 02:29:28 [INFO] -0.002033972385298052
2026-05-17 02:29:30 [INFO] EPOCH:115, ======================ACC:68.71====================
2026-05-17 02:29:30 [INFO] BEST EPOCH:101,BEST ACC:69.5
2026-05-17 02:29:30 [INFO] Saving Masks: current CR 0.5068 target CR 0.5000
2026-05-17 02:29:45 [INFO] Epoch: 116 [12800/50000 (26%)]	 Training Loss: 0.246 ACC: 85.54 CR: 0.51 Avg R1: 4.93 Avg R2: 4.94 Avg Reward: 9.861941
2026-05-17 02:29:59 [INFO] Epoch: 116 [25600/50000 (51%)]	 Training Loss: 0.254 ACC: 85.08 CR: 0.51 Avg R1: 4.94 Avg R2: 4.93 Avg Reward: 9.866226
2026-05-17 02:30:13 [INFO] Epoch: 116 [38400/50000 (77%)]	 Training Loss: 0.252 ACC: 85.14 CR: 0.51 Avg R1: 4.94 Avg R2: 4.93 Avg Reward: 9.868938
2026-05-17 02:30:26 [INFO] EPOCH:116, ======================CR:0.50216====================
2026-05-17 02:30:26 [INFO] -0.005817414727915289
2026-05-17 02:30:28 [INFO] EPOCH:116, ======================ACC:70.29====================
2026-05-17 02:30:28 [INFO] BEST EPOCH:116,BEST ACC:70.29
2026-05-17 02:30:28 [INFO] Saving Masks: current CR 0.5022 target CR 0.5000
2026-05-17 02:30:28 [INFO] Updated candidate mask pretrained-rescale_mask_best-acc_50_05170047_resnet18 at epoch 116 with acc 70.2900
2026-05-17 02:30:43 [INFO] Epoch: 117 [12800/50000 (26%)]	 Training Loss: 0.227 ACC: 86.94 CR: 0.50 Avg R1: 4.99 Avg R2: 4.89 Avg Reward: 9.877932
2026-05-17 02:30:57 [INFO] Epoch: 117 [25600/50000 (51%)]	 Training Loss: 0.233 ACC: 86.61 CR: 0.50 Avg R1: 4.99 Avg R2: 4.89 Avg Reward: 9.879588
2026-05-17 02:31:09 [INFO] Epoch: 117 [38400/50000 (77%)]	 Training Loss: 0.241 ACC: 85.98 CR: 0.50 Avg R1: 4.99 Avg R2: 4.89 Avg Reward: 9.879717
2026-05-17 02:31:21 [INFO] EPOCH:117, ======================CR:0.50018====================
2026-05-17 02:31:21 [INFO] 0.0007511218712494328
2026-05-17 02:31:23 [INFO] EPOCH:117, ======================ACC:68.87====================
2026-05-17 02:31:23 [INFO] BEST EPOCH:116,BEST ACC:70.29
2026-05-17 02:31:23 [INFO] Saving Masks: current CR 0.5002 target CR 0.5000
2026-05-17 02:31:37 [INFO] Epoch: 118 [12800/50000 (26%)]	 Training Loss: 0.238 ACC: 86.21 CR: 0.50 Avg R1: 5.00 Avg R2: 4.87 Avg Reward: 9.866998
2026-05-17 02:31:53 [INFO] Epoch: 118 [25600/50000 (51%)]	 Training Loss: 0.238 ACC: 86.05 CR: 0.50 Avg R1: 4.99 Avg R2: 4.88 Avg Reward: 9.863691
2026-05-17 02:32:09 [INFO] Epoch: 118 [38400/50000 (77%)]	 Training Loss: 0.241 ACC: 85.78 CR: 0.50 Avg R1: 4.98 Avg R2: 4.88 Avg Reward: 9.858285
2026-05-17 02:32:23 [INFO] EPOCH:118, ======================CR:0.50556====================
2026-05-17 02:32:23 [INFO] 0.0007099614688655871
2026-05-17 02:32:25 [INFO] EPOCH:118, ======================ACC:69.6====================
2026-05-17 02:32:25 [INFO] BEST EPOCH:116,BEST ACC:70.29
2026-05-17 02:32:25 [INFO] Saving Masks: current CR 0.5056 target CR 0.5000
2026-05-17 02:32:40 [INFO] Epoch: 119 [12800/50000 (26%)]	 Training Loss: 0.222 ACC: 86.80 CR: 0.50 Avg R1: 4.95 Avg R2: 4.89 Avg Reward: 9.841526
2026-05-17 02:32:55 [INFO] Epoch: 119 [25600/50000 (51%)]	 Training Loss: 0.226 ACC: 86.55 CR: 0.50 Avg R1: 4.96 Avg R2: 4.89 Avg Reward: 9.846299
2026-05-17 02:33:13 [INFO] Epoch: 119 [38400/50000 (77%)]	 Training Loss: 0.233 ACC: 86.23 CR: 0.50 Avg R1: 4.96 Avg R2: 4.89 Avg Reward: 9.849471
2026-05-17 02:33:29 [INFO] EPOCH:119, ======================CR:0.4992====================
2026-05-17 02:33:29 [INFO] 0.0013599676548622258
2026-05-17 02:33:31 [INFO] EPOCH:119, ======================ACC:68.89====================
2026-05-17 02:33:31 [INFO] BEST EPOCH:116,BEST ACC:70.29
2026-05-17 02:33:31 [INFO] Saving Masks: current CR 0.4992 target CR 0.5000
2026-05-17 02:33:47 [INFO] Epoch: 120 [12800/50000 (26%)]	 Training Loss: 0.244 ACC: 86.30 CR: 0.50 Avg R1: 4.99 Avg R2: 4.87 Avg Reward: 9.857200
2026-05-17 02:34:02 [INFO] Epoch: 120 [25600/50000 (51%)]	 Training Loss: 0.240 ACC: 85.99 CR: 0.50 Avg R1: 4.98 Avg R2: 4.86 Avg Reward: 9.846109
2026-05-17 02:34:20 [INFO] Epoch: 120 [38400/50000 (77%)]	 Training Loss: 0.241 ACC: 85.90 CR: 0.50 Avg R1: 4.98 Avg R2: 4.86 Avg Reward: 9.845124
2026-05-17 02:34:37 [INFO] EPOCH:120, ======================CR:0.50134====================
2026-05-17 02:34:37 [INFO] 0.00010567726715265483
2026-05-17 02:34:39 [INFO] EPOCH:120, ======================ACC:69.24====================
2026-05-17 02:34:39 [INFO] BEST EPOCH:116,BEST ACC:70.29
2026-05-17 02:34:39 [INFO] Saving Masks: current CR 0.5013 target CR 0.5000
2026-05-17 02:34:58 [INFO] Epoch: 121 [12800/50000 (26%)]	 Training Loss: 0.227 ACC: 86.98 CR: 0.50 Avg R1: 4.97 Avg R2: 4.88 Avg Reward: 9.847942
2026-05-17 02:35:14 [INFO] Epoch: 121 [25600/50000 (51%)]	 Training Loss: 0.228 ACC: 87.23 CR: 0.50 Avg R1: 4.97 Avg R2: 4.88 Avg Reward: 9.845203
2026-05-17 02:35:32 [INFO] Epoch: 121 [38400/50000 (77%)]	 Training Loss: 0.230 ACC: 87.02 CR: 0.50 Avg R1: 4.97 Avg R2: 4.88 Avg Reward: 9.848162
2026-05-17 02:35:47 [INFO] EPOCH:121, ======================CR:0.5002====================
2026-05-17 02:35:47 [INFO] -0.0026930092566061093
2026-05-17 02:35:49 [INFO] EPOCH:121, ======================ACC:69.7====================
2026-05-17 02:35:49 [INFO] BEST EPOCH:116,BEST ACC:70.29
2026-05-17 02:35:49 [INFO] Saving Masks: current CR 0.5002 target CR 0.5000
2026-05-17 02:36:05 [INFO] Epoch: 122 [12800/50000 (26%)]	 Training Loss: 0.222 ACC: 87.24 CR: 0.50 Avg R1: 5.00 Avg R2: 4.86 Avg Reward: 9.855802
2026-05-17 02:36:21 [INFO] Epoch: 122 [25600/50000 (51%)]	 Training Loss: 0.228 ACC: 86.98 CR: 0.50 Avg R1: 4.99 Avg R2: 4.86 Avg Reward: 9.852884
2026-05-17 02:36:40 [INFO] Epoch: 122 [38400/50000 (77%)]	 Training Loss: 0.230 ACC: 86.78 CR: 0.50 Avg R1: 4.98 Avg R2: 4.86 Avg Reward: 9.848535
2026-05-17 02:36:57 [INFO] EPOCH:122, ======================CR:0.50322====================
2026-05-17 02:36:57 [INFO] 0.0020462399871192046
2026-05-17 02:36:59 [INFO] EPOCH:122, ======================ACC:68.92====================
2026-05-17 02:36:59 [INFO] BEST EPOCH:116,BEST ACC:70.29
2026-05-17 02:36:59 [INFO] Saving Masks: current CR 0.5032 target CR 0.5000
2026-05-17 02:37:14 [INFO] Epoch: 123 [12800/50000 (26%)]	 Training Loss: 0.211 ACC: 87.83 CR: 0.51 Avg R1: 4.96 Avg R2: 4.88 Avg Reward: 9.835272
2026-05-17 02:37:28 [INFO] Epoch: 123 [25600/50000 (51%)]	 Training Loss: 0.216 ACC: 87.54 CR: 0.50 Avg R1: 4.95 Avg R2: 4.88 Avg Reward: 9.834650
2026-05-17 02:37:43 [INFO] Epoch: 123 [38400/50000 (77%)]	 Training Loss: 0.219 ACC: 87.39 CR: 0.50 Avg R1: 4.96 Avg R2: 4.88 Avg Reward: 9.836388
2026-05-17 02:37:57 [INFO] EPOCH:123, ======================CR:0.50322====================
2026-05-17 02:37:57 [INFO] -0.00043952139549345733
2026-05-17 02:37:59 [INFO] EPOCH:123, ======================ACC:68.95====================
2026-05-17 02:37:59 [INFO] BEST EPOCH:116,BEST ACC:70.29
2026-05-17 02:37:59 [INFO] Saving Masks: current CR 0.5032 target CR 0.5000
2026-05-17 02:38:14 [INFO] Epoch: 124 [12800/50000 (26%)]	 Training Loss: 0.200 ACC: 88.59 CR: 0.50 Avg R1: 4.97 Avg R2: 4.85 Avg Reward: 9.824156
2026-05-17 02:38:30 [INFO] Epoch: 124 [25600/50000 (51%)]	 Training Loss: 0.202 ACC: 88.19 CR: 0.50 Avg R1: 4.97 Avg R2: 4.85 Avg Reward: 9.822356
2026-05-17 02:38:45 [INFO] Epoch: 124 [38400/50000 (77%)]	 Training Loss: 0.208 ACC: 87.91 CR: 0.50 Avg R1: 4.97 Avg R2: 4.85 Avg Reward: 9.824121
2026-05-17 02:38:58 [INFO] EPOCH:124, ======================CR:0.50194====================
2026-05-17 02:38:58 [INFO] -0.001891520224025014
2026-05-17 02:39:00 [INFO] EPOCH:124, ======================ACC:69.52====================
2026-05-17 02:39:00 [INFO] BEST EPOCH:116,BEST ACC:70.29
2026-05-17 02:39:00 [INFO] Saving Masks: current CR 0.5019 target CR 0.5000
2026-05-17 02:39:14 [INFO] Epoch: 125 [12800/50000 (26%)]	 Training Loss: 0.210 ACC: 87.99 CR: 0.50 Avg R1: 4.99 Avg R2: 4.84 Avg Reward: 9.828713
2026-05-17 02:39:29 [INFO] Epoch: 125 [25600/50000 (51%)]	 Training Loss: 0.211 ACC: 88.02 CR: 0.50 Avg R1: 4.98 Avg R2: 4.85 Avg Reward: 9.826676
2026-05-17 02:39:42 [INFO] Epoch: 125 [38400/50000 (77%)]	 Training Loss: 0.215 ACC: 87.80 CR: 0.50 Avg R1: 4.98 Avg R2: 4.85 Avg Reward: 9.828262
2026-05-17 02:39:56 [INFO] EPOCH:125, ======================CR:0.50448====================
2026-05-17 02:39:56 [INFO] 0.0015188053378604053
2026-05-17 02:39:58 [INFO] EPOCH:125, ======================ACC:71.6====================
2026-05-17 02:39:58 [INFO] BEST EPOCH:125,BEST ACC:71.6
2026-05-17 02:39:58 [INFO] Saving Masks: current CR 0.5045 target CR 0.5000
2026-05-17 02:39:58 [INFO] Updated candidate mask pretrained-rescale_mask_best-acc_50_05170047_resnet18 at epoch 125 with acc 71.6000
2026-05-17 02:40:12 [INFO] Epoch: 126 [12800/50000 (26%)]	 Training Loss: 0.194 ACC: 89.09 CR: 0.51 Avg R1: 4.94 Avg R2: 4.86 Avg Reward: 9.806366
2026-05-17 02:40:26 [INFO] Epoch: 126 [25600/50000 (51%)]	 Training Loss: 0.197 ACC: 88.96 CR: 0.51 Avg R1: 4.94 Avg R2: 4.86 Avg Reward: 9.804147
2026-05-17 02:40:40 [INFO] Epoch: 126 [38400/50000 (77%)]	 Training Loss: 0.201 ACC: 88.53 CR: 0.51 Avg R1: 4.94 Avg R2: 4.86 Avg Reward: 9.800480
2026-05-17 02:40:54 [INFO] EPOCH:126, ======================CR:0.50652====================
2026-05-17 02:40:54 [INFO] 0.004739597868961608
2026-05-17 02:40:56 [INFO] EPOCH:126, ======================ACC:69.37====================
2026-05-17 02:40:56 [INFO] BEST EPOCH:125,BEST ACC:71.6
2026-05-17 02:40:56 [INFO] Saving Masks: current CR 0.5065 target CR 0.5000
2026-05-17 02:41:12 [INFO] Epoch: 127 [12800/50000 (26%)]	 Training Loss: 0.187 ACC: 89.27 CR: 0.50 Avg R1: 4.94 Avg R2: 4.84 Avg Reward: 9.785152
2026-05-17 02:41:26 [INFO] Epoch: 127 [25600/50000 (51%)]	 Training Loss: 0.188 ACC: 89.02 CR: 0.50 Avg R1: 4.95 Avg R2: 4.84 Avg Reward: 9.791715
2026-05-17 02:41:38 [INFO] Epoch: 127 [38400/50000 (77%)]	 Training Loss: 0.195 ACC: 88.70 CR: 0.50 Avg R1: 4.96 Avg R2: 4.83 Avg Reward: 9.795968
2026-05-17 02:41:51 [INFO] EPOCH:127, ======================CR:0.5004====================
2026-05-17 02:41:51 [INFO] 0.003463342901080501
2026-05-17 02:41:53 [INFO] EPOCH:127, ======================ACC:70.56====================
2026-05-17 02:41:53 [INFO] BEST EPOCH:125,BEST ACC:71.6
2026-05-17 02:41:53 [INFO] Saving Masks: current CR 0.5004 target CR 0.5000
2026-05-17 02:42:08 [INFO] Epoch: 128 [12800/50000 (26%)]	 Training Loss: 0.177 ACC: 89.90 CR: 0.50 Avg R1: 5.00 Avg R2: 4.81 Avg Reward: 9.804871
2026-05-17 02:42:21 [INFO] Epoch: 128 [25600/50000 (51%)]	 Training Loss: 0.182 ACC: 89.59 CR: 0.50 Avg R1: 4.99 Avg R2: 4.81 Avg Reward: 9.805181
2026-05-17 02:42:36 [INFO] Epoch: 128 [38400/50000 (77%)]	 Training Loss: 0.184 ACC: 89.44 CR: 0.50 Avg R1: 4.99 Avg R2: 4.81 Avg Reward: 9.804055
2026-05-17 02:42:50 [INFO] EPOCH:128, ======================CR:0.49874====================
2026-05-17 02:42:50 [INFO] -0.002383399393905548
2026-05-17 02:42:52 [INFO] EPOCH:128, ======================ACC:71.34====================
2026-05-17 02:42:52 [INFO] BEST EPOCH:125,BEST ACC:71.6
2026-05-17 02:42:52 [INFO] Saving Masks: current CR 0.4987 target CR 0.5000
2026-05-17 02:43:07 [INFO] Epoch: 129 [12800/50000 (26%)]	 Training Loss: 0.189 ACC: 89.39 CR: 0.50 Avg R1: 4.99 Avg R2: 4.79 Avg Reward: 9.787006
2026-05-17 02:43:23 [INFO] Epoch: 129 [25600/50000 (51%)]	 Training Loss: 0.187 ACC: 89.34 CR: 0.50 Avg R1: 4.99 Avg R2: 4.79 Avg Reward: 9.782271
2026-05-17 02:43:38 [INFO] Epoch: 129 [38400/50000 (77%)]	 Training Loss: 0.192 ACC: 89.22 CR: 0.50 Avg R1: 4.98 Avg R2: 4.79 Avg Reward: 9.778131
2026-05-17 02:43:50 [INFO] EPOCH:129, ======================CR:0.503====================
2026-05-17 02:43:50 [INFO] -2.6202662174654926e-05
2026-05-17 02:43:52 [INFO] EPOCH:129, ======================ACC:70.39====================
2026-05-17 02:43:52 [INFO] BEST EPOCH:125,BEST ACC:71.6
2026-05-17 02:43:52 [INFO] Saving Masks: current CR 0.5030 target CR 0.5000
2026-05-17 02:44:07 [INFO] Epoch: 130 [12800/50000 (26%)]	 Training Loss: 0.181 ACC: 89.86 CR: 0.50 Avg R1: 4.97 Avg R2: 4.80 Avg Reward: 9.774256
2026-05-17 02:44:22 [INFO] Epoch: 130 [25600/50000 (51%)]	 Training Loss: 0.176 ACC: 89.99 CR: 0.50 Avg R1: 4.96 Avg R2: 4.81 Avg Reward: 9.770752
2026-05-17 02:44:37 [INFO] Epoch: 130 [38400/50000 (77%)]	 Training Loss: 0.180 ACC: 89.85 CR: 0.50 Avg R1: 4.97 Avg R2: 4.81 Avg Reward: 9.773621
2026-05-17 02:44:51 [INFO] EPOCH:130, ======================CR:0.5027====================
2026-05-17 02:44:51 [INFO] -0.006726849112118554
2026-05-17 02:44:53 [INFO] EPOCH:130, ======================ACC:69.97====================
2026-05-17 02:44:53 [INFO] BEST EPOCH:125,BEST ACC:71.6
2026-05-17 02:44:53 [INFO] Saving Masks: current CR 0.5027 target CR 0.5000
2026-05-17 02:45:07 [INFO] Epoch: 131 [12800/50000 (26%)]	 Training Loss: 0.171 ACC: 90.51 CR: 0.51 Avg R1: 4.95 Avg R2: 4.80 Avg Reward: 9.749269
2026-05-17 02:45:22 [INFO] Epoch: 131 [25600/50000 (51%)]	 Training Loss: 0.171 ACC: 90.47 CR: 0.51 Avg R1: 4.94 Avg R2: 4.80 Avg Reward: 9.740330
2026-05-17 02:45:37 [INFO] Epoch: 131 [38400/50000 (77%)]	 Training Loss: 0.175 ACC: 90.25 CR: 0.51 Avg R1: 4.94 Avg R2: 4.80 Avg Reward: 9.741274
2026-05-17 02:45:51 [INFO] EPOCH:131, ======================CR:0.50698====================
2026-05-17 02:45:51 [INFO] -0.0011509236569537892
2026-05-17 02:45:53 [INFO] EPOCH:131, ======================ACC:70.85====================
2026-05-17 02:45:53 [INFO] BEST EPOCH:125,BEST ACC:71.6
2026-05-17 02:45:53 [INFO] Saving Masks: current CR 0.5070 target CR 0.5000
2026-05-17 02:46:09 [INFO] Epoch: 132 [12800/50000 (26%)]	 Training Loss: 0.162 ACC: 90.88 CR: 0.50 Avg R1: 4.94 Avg R2: 4.80 Avg Reward: 9.742784
2026-05-17 02:46:24 [INFO] Epoch: 132 [25600/50000 (51%)]	 Training Loss: 0.164 ACC: 90.77 CR: 0.50 Avg R1: 4.95 Avg R2: 4.80 Avg Reward: 9.750279
2026-05-17 02:46:39 [INFO] Epoch: 132 [38400/50000 (77%)]	 Training Loss: 0.169 ACC: 90.31 CR: 0.50 Avg R1: 4.96 Avg R2: 4.79 Avg Reward: 9.756956
2026-05-17 02:46:53 [INFO] EPOCH:132, ======================CR:0.49956====================
2026-05-17 02:46:53 [INFO] 0.0009129725816721088
2026-05-17 02:46:54 [INFO] EPOCH:132, ======================ACC:70.59====================
2026-05-17 02:46:54 [INFO] BEST EPOCH:125,BEST ACC:71.6
2026-05-17 02:46:54 [INFO] Saving Masks: current CR 0.4996 target CR 0.5000
2026-05-17 02:47:10 [INFO] Epoch: 133 [12800/50000 (26%)]	 Training Loss: 0.158 ACC: 91.06 CR: 0.50 Avg R1: 4.98 Avg R2: 4.75 Avg Reward: 9.730932
2026-05-17 02:47:23 [INFO] Epoch: 133 [25600/50000 (51%)]	 Training Loss: 0.162 ACC: 90.82 CR: 0.50 Avg R1: 4.97 Avg R2: 4.75 Avg Reward: 9.723864
2026-05-17 02:47:38 [INFO] Epoch: 133 [38400/50000 (77%)]	 Training Loss: 0.166 ACC: 90.58 CR: 0.50 Avg R1: 4.97 Avg R2: 4.75 Avg Reward: 9.717223
2026-05-17 02:47:53 [INFO] EPOCH:133, ======================CR:0.49624====================
2026-05-17 02:47:53 [INFO] 0.004514138779277298
2026-05-17 02:47:55 [INFO] EPOCH:133, ======================ACC:71.0====================
2026-05-17 02:47:55 [INFO] BEST EPOCH:125,BEST ACC:71.6
2026-05-17 02:47:55 [INFO] Saving Masks: current CR 0.4962 target CR 0.5000
2026-05-17 02:48:11 [INFO] Epoch: 134 [12800/50000 (26%)]	 Training Loss: 0.150 ACC: 91.62 CR: 0.50 Avg R1: 4.98 Avg R2: 4.74 Avg Reward: 9.718592
2026-05-17 02:48:25 [INFO] Epoch: 134 [25600/50000 (51%)]	 Training Loss: 0.156 ACC: 91.32 CR: 0.50 Avg R1: 4.98 Avg R2: 4.75 Avg Reward: 9.729424
2026-05-17 02:48:41 [INFO] Epoch: 134 [38400/50000 (77%)]	 Training Loss: 0.161 ACC: 91.01 CR: 0.50 Avg R1: 4.98 Avg R2: 4.75 Avg Reward: 9.731728
2026-05-17 02:48:56 [INFO] EPOCH:134, ======================CR:0.5033====================
2026-05-17 02:48:56 [INFO] 0.0010177239442950511
2026-05-17 02:48:58 [INFO] EPOCH:134, ======================ACC:72.39====================
2026-05-17 02:48:58 [INFO] BEST EPOCH:134,BEST ACC:72.39
2026-05-17 02:48:58 [INFO] Saving Masks: current CR 0.5033 target CR 0.5000
2026-05-17 02:48:58 [INFO] Updated candidate mask pretrained-rescale_mask_best-acc_50_05170047_resnet18 at epoch 134 with acc 72.3900
2026-05-17 02:49:13 [INFO] Epoch: 135 [12800/50000 (26%)]	 Training Loss: 0.147 ACC: 92.03 CR: 0.50 Avg R1: 4.97 Avg R2: 4.76 Avg Reward: 9.723047
2026-05-17 02:49:26 [INFO] Epoch: 135 [25600/50000 (51%)]	 Training Loss: 0.150 ACC: 91.83 CR: 0.51 Avg R1: 4.96 Avg R2: 4.76 Avg Reward: 9.720066
2026-05-17 02:49:40 [INFO] Epoch: 135 [38400/50000 (77%)]	 Training Loss: 0.157 ACC: 91.28 CR: 0.50 Avg R1: 4.96 Avg R2: 4.76 Avg Reward: 9.722258
2026-05-17 02:49:53 [INFO] EPOCH:135, ======================CR:0.50178====================
2026-05-17 02:49:53 [INFO] -0.00458061046116865
2026-05-17 02:49:55 [INFO] EPOCH:135, ======================ACC:71.23====================
2026-05-17 02:49:55 [INFO] BEST EPOCH:134,BEST ACC:72.39
2026-05-17 02:49:55 [INFO] Saving Masks: current CR 0.5018 target CR 0.5000
2026-05-17 02:50:09 [INFO] Epoch: 136 [12800/50000 (26%)]	 Training Loss: 0.146 ACC: 92.00 CR: 0.50 Avg R1: 4.98 Avg R2: 4.74 Avg Reward: 9.717976
2026-05-17 02:50:23 [INFO] Epoch: 136 [25600/50000 (51%)]	 Training Loss: 0.148 ACC: 91.78 CR: 0.50 Avg R1: 4.98 Avg R2: 4.74 Avg Reward: 9.719518
2026-05-17 02:50:37 [INFO] Epoch: 136 [38400/50000 (77%)]	 Training Loss: 0.151 ACC: 91.59 CR: 0.50 Avg R1: 4.98 Avg R2: 4.74 Avg Reward: 9.717624
2026-05-17 02:50:51 [INFO] EPOCH:136, ======================CR:0.50342====================
2026-05-17 02:50:51 [INFO] -0.008511656912302703
2026-05-17 02:50:53 [INFO] EPOCH:136, ======================ACC:71.74====================
2026-05-17 02:50:53 [INFO] BEST EPOCH:134,BEST ACC:72.39
2026-05-17 02:50:53 [INFO] Saving Masks: current CR 0.5034 target CR 0.5000
2026-05-17 02:51:09 [INFO] Epoch: 137 [12800/50000 (26%)]	 Training Loss: 0.148 ACC: 91.87 CR: 0.50 Avg R1: 4.97 Avg R2: 4.73 Avg Reward: 9.698125
2026-05-17 02:51:22 [INFO] Epoch: 137 [25600/50000 (51%)]	 Training Loss: 0.148 ACC: 91.64 CR: 0.50 Avg R1: 4.97 Avg R2: 4.73 Avg Reward: 9.699606
2026-05-17 02:51:35 [INFO] Epoch: 137 [38400/50000 (77%)]	 Training Loss: 0.151 ACC: 91.55 CR: 0.50 Avg R1: 4.98 Avg R2: 4.73 Avg Reward: 9.706266
2026-05-17 02:51:47 [INFO] EPOCH:137, ======================CR:0.49796====================
2026-05-17 02:51:47 [INFO] -0.002904311565700496
2026-05-17 02:51:49 [INFO] EPOCH:137, ======================ACC:72.2====================
2026-05-17 02:51:49 [INFO] BEST EPOCH:134,BEST ACC:72.39
2026-05-17 02:51:49 [INFO] Saving Masks: current CR 0.4980 target CR 0.5000
2026-05-17 02:52:01 [INFO] Epoch: 138 [12800/50000 (26%)]	 Training Loss: 0.135 ACC: 92.46 CR: 0.50 Avg R1: 4.97 Avg R2: 4.69 Avg Reward: 9.657816
2026-05-17 02:52:14 [INFO] Epoch: 138 [25600/50000 (51%)]	 Training Loss: 0.141 ACC: 92.15 CR: 0.50 Avg R1: 4.97 Avg R2: 4.69 Avg Reward: 9.661328
2026-05-17 02:52:28 [INFO] Epoch: 138 [38400/50000 (77%)]	 Training Loss: 0.143 ACC: 92.05 CR: 0.50 Avg R1: 4.97 Avg R2: 4.69 Avg Reward: 9.664698
2026-05-17 02:52:40 [INFO] EPOCH:138, ======================CR:0.50086====================
2026-05-17 02:52:40 [INFO] -0.01317437426148109
2026-05-17 02:52:42 [INFO] EPOCH:138, ======================ACC:71.12====================
2026-05-17 02:52:42 [INFO] BEST EPOCH:134,BEST ACC:72.39
2026-05-17 02:52:42 [INFO] Saving Masks: current CR 0.5009 target CR 0.5000
2026-05-17 02:52:57 [INFO] Epoch: 139 [12800/50000 (26%)]	 Training Loss: 0.139 ACC: 92.52 CR: 0.50 Avg R1: 4.99 Avg R2: 4.68 Avg Reward: 9.670969
2026-05-17 02:53:11 [INFO] Epoch: 139 [25600/50000 (51%)]	 Training Loss: 0.138 ACC: 92.38 CR: 0.50 Avg R1: 4.99 Avg R2: 4.68 Avg Reward: 9.670405
2026-05-17 02:53:24 [INFO] Epoch: 139 [38400/50000 (77%)]	 Training Loss: 0.141 ACC: 92.21 CR: 0.50 Avg R1: 4.99 Avg R2: 4.68 Avg Reward: 9.667269
2026-05-17 02:53:37 [INFO] EPOCH:139, ======================CR:0.50276====================
2026-05-17 02:53:37 [INFO] -0.0060683901194146525
2026-05-17 02:53:39 [INFO] EPOCH:139, ======================ACC:71.57====================
2026-05-17 02:53:39 [INFO] BEST EPOCH:134,BEST ACC:72.39
2026-05-17 02:53:39 [INFO] Saving Masks: current CR 0.5028 target CR 0.5000
2026-05-17 02:53:53 [INFO] Epoch: 140 [12800/50000 (26%)]	 Training Loss: 0.129 ACC: 93.13 CR: 0.50 Avg R1: 4.98 Avg R2: 4.68 Avg Reward: 9.659553
2026-05-17 02:54:07 [INFO] Epoch: 140 [25600/50000 (51%)]	 Training Loss: 0.130 ACC: 92.93 CR: 0.50 Avg R1: 4.98 Avg R2: 4.68 Avg Reward: 9.660040
2026-05-17 02:54:22 [INFO] Epoch: 140 [38400/50000 (77%)]	 Training Loss: 0.131 ACC: 92.77 CR: 0.50 Avg R1: 4.98 Avg R2: 4.68 Avg Reward: 9.660667
2026-05-17 02:54:34 [INFO] EPOCH:140, ======================CR:0.50006====================
2026-05-17 02:54:34 [INFO] 0.0005791403890678507
2026-05-17 02:54:36 [INFO] EPOCH:140, ======================ACC:72.22====================
2026-05-17 02:54:36 [INFO] BEST EPOCH:134,BEST ACC:72.39
2026-05-17 02:54:36 [INFO] Saving Masks: current CR 0.5001 target CR 0.5000
2026-05-17 02:54:50 [INFO] Epoch: 141 [12800/50000 (26%)]	 Training Loss: 0.131 ACC: 93.23 CR: 0.50 Avg R1: 4.99 Avg R2: 4.64 Avg Reward: 9.636701
2026-05-17 02:55:04 [INFO] Epoch: 141 [25600/50000 (51%)]	 Training Loss: 0.129 ACC: 93.17 CR: 0.50 Avg R1: 4.99 Avg R2: 4.65 Avg Reward: 9.634292
2026-05-17 02:55:17 [INFO] Epoch: 141 [38400/50000 (77%)]	 Training Loss: 0.129 ACC: 93.12 CR: 0.50 Avg R1: 4.98 Avg R2: 4.65 Avg Reward: 9.629475
2026-05-17 02:55:30 [INFO] EPOCH:141, ======================CR:0.50248====================
2026-05-17 02:55:30 [INFO] -0.004906979787652997
2026-05-17 02:55:32 [INFO] EPOCH:141, ======================ACC:73.88====================
2026-05-17 02:55:32 [INFO] BEST EPOCH:141,BEST ACC:73.88
2026-05-17 02:55:32 [INFO] Saving Masks: current CR 0.5025 target CR 0.5000
2026-05-17 02:55:32 [INFO] Updated candidate mask pretrained-rescale_mask_best-acc_50_05170047_resnet18 at epoch 141 with acc 73.8800
2026-05-17 02:55:45 [INFO] Epoch: 142 [12800/50000 (26%)]	 Training Loss: 0.128 ACC: 93.08 CR: 0.50 Avg R1: 4.98 Avg R2: 4.63 Avg Reward: 9.605970
2026-05-17 02:56:00 [INFO] Epoch: 142 [25600/50000 (51%)]	 Training Loss: 0.129 ACC: 92.93 CR: 0.50 Avg R1: 4.98 Avg R2: 4.63 Avg Reward: 9.604120
2026-05-17 02:56:15 [INFO] Epoch: 142 [38400/50000 (77%)]	 Training Loss: 0.128 ACC: 93.09 CR: 0.50 Avg R1: 4.98 Avg R2: 4.63 Avg Reward: 9.602721
2026-05-17 02:56:30 [INFO] EPOCH:142, ======================CR:0.50342====================
2026-05-17 02:56:30 [INFO] 0.003929689664730733
2026-05-17 02:56:32 [INFO] EPOCH:142, ======================ACC:72.2====================
2026-05-17 02:56:32 [INFO] BEST EPOCH:141,BEST ACC:73.88
2026-05-17 02:56:32 [INFO] Saving Masks: current CR 0.5034 target CR 0.5000
2026-05-17 02:56:48 [INFO] Epoch: 143 [12800/50000 (26%)]	 Training Loss: 0.117 ACC: 93.64 CR: 0.50 Avg R1: 4.98 Avg R2: 4.62 Avg Reward: 9.602611
2026-05-17 02:57:06 [INFO] Epoch: 143 [25600/50000 (51%)]	 Training Loss: 0.121 ACC: 93.28 CR: 0.50 Avg R1: 4.99 Avg R2: 4.62 Avg Reward: 9.606305
2026-05-17 02:57:23 [INFO] Epoch: 143 [38400/50000 (77%)]	 Training Loss: 0.123 ACC: 93.28 CR: 0.50 Avg R1: 4.98 Avg R2: 4.62 Avg Reward: 9.606896
2026-05-17 02:57:39 [INFO] EPOCH:143, ======================CR:0.50206====================
2026-05-17 02:57:39 [INFO] 0.004579414850722589
2026-05-17 02:57:41 [INFO] EPOCH:143, ======================ACC:72.92====================
2026-05-17 02:57:41 [INFO] BEST EPOCH:141,BEST ACC:73.88
2026-05-17 02:57:41 [INFO] Saving Masks: current CR 0.5021 target CR 0.5000
2026-05-17 02:57:57 [INFO] Epoch: 144 [12800/50000 (26%)]	 Training Loss: 0.113 ACC: 94.10 CR: 0.50 Avg R1: 4.98 Avg R2: 4.61 Avg Reward: 9.588784
2026-05-17 02:58:14 [INFO] Epoch: 144 [25600/50000 (51%)]	 Training Loss: 0.116 ACC: 93.68 CR: 0.50 Avg R1: 4.99 Avg R2: 4.61 Avg Reward: 9.591928
2026-05-17 02:58:31 [INFO] Epoch: 144 [38400/50000 (77%)]	 Training Loss: 0.117 ACC: 93.53 CR: 0.50 Avg R1: 4.99 Avg R2: 4.60 Avg Reward: 9.590103
2026-05-17 02:58:49 [INFO] EPOCH:144, ======================CR:0.4983====================
2026-05-17 02:58:49 [INFO] 0.0005795179412106404
2026-05-17 02:58:51 [INFO] EPOCH:144, ======================ACC:73.14====================
2026-05-17 02:58:51 [INFO] BEST EPOCH:141,BEST ACC:73.88
2026-05-17 02:58:51 [INFO] Saving Masks: current CR 0.4983 target CR 0.5000
2026-05-17 02:59:10 [INFO] Epoch: 145 [12800/50000 (26%)]	 Training Loss: 0.106 ACC: 94.34 CR: 0.50 Avg R1: 4.98 Avg R2: 4.58 Avg Reward: 9.559314
2026-05-17 02:59:30 [INFO] Epoch: 145 [25600/50000 (51%)]	 Training Loss: 0.110 ACC: 94.17 CR: 0.50 Avg R1: 4.99 Avg R2: 4.58 Avg Reward: 9.565138
2026-05-17 02:59:46 [INFO] Epoch: 145 [38400/50000 (77%)]	 Training Loss: 0.111 ACC: 94.06 CR: 0.50 Avg R1: 4.99 Avg R2: 4.58 Avg Reward: 9.566305
2026-05-17 03:00:02 [INFO] EPOCH:145, ======================CR:0.50212====================
2026-05-17 03:00:02 [INFO] -0.0031097058969810454
2026-05-17 03:00:04 [INFO] EPOCH:145, ======================ACC:72.5====================
2026-05-17 03:00:04 [INFO] BEST EPOCH:141,BEST ACC:73.88
2026-05-17 03:00:04 [INFO] Saving Masks: current CR 0.5021 target CR 0.5000
2026-05-17 03:00:23 [INFO] Epoch: 146 [12800/50000 (26%)]	 Training Loss: 0.110 ACC: 94.29 CR: 0.50 Avg R1: 4.99 Avg R2: 4.56 Avg Reward: 9.551916
2026-05-17 03:00:42 [INFO] Epoch: 146 [25600/50000 (51%)]	 Training Loss: 0.108 ACC: 94.31 CR: 0.50 Avg R1: 4.98 Avg R2: 4.57 Avg Reward: 9.550600
2026-05-17 03:00:59 [INFO] Epoch: 146 [38400/50000 (77%)]	 Training Loss: 0.108 ACC: 94.28 CR: 0.50 Avg R1: 4.99 Avg R2: 4.56 Avg Reward: 9.551199
2026-05-17 03:01:17 [INFO] EPOCH:146, ======================CR:0.50078====================
2026-05-17 03:01:17 [INFO] -0.005177419736878133
2026-05-17 03:01:19 [INFO] EPOCH:146, ======================ACC:73.62====================
2026-05-17 03:01:19 [INFO] BEST EPOCH:141,BEST ACC:73.88
2026-05-17 03:01:19 [INFO] Saving Masks: current CR 0.5008 target CR 0.5000
2026-05-17 03:01:39 [INFO] Epoch: 147 [12800/50000 (26%)]	 Training Loss: 0.101 ACC: 94.66 CR: 0.50 Avg R1: 4.99 Avg R2: 4.54 Avg Reward: 9.532553
2026-05-17 03:01:53 [INFO] Epoch: 147 [25600/50000 (51%)]	 Training Loss: 0.098 ACC: 94.73 CR: 0.50 Avg R1: 4.99 Avg R2: 4.54 Avg Reward: 9.533953
2026-05-17 03:02:07 [INFO] Epoch: 147 [38400/50000 (77%)]	 Training Loss: 0.101 ACC: 94.52 CR: 0.50 Avg R1: 4.99 Avg R2: 4.54 Avg Reward: 9.531954
2026-05-17 03:02:19 [INFO] EPOCH:147, ======================CR:0.50196====================
2026-05-17 03:02:19 [INFO] -0.005524367001733447
2026-05-17 03:02:21 [INFO] EPOCH:147, ======================ACC:73.19====================
2026-05-17 03:02:21 [INFO] BEST EPOCH:141,BEST ACC:73.88
2026-05-17 03:02:21 [INFO] Saving Masks: current CR 0.5020 target CR 0.5000
2026-05-17 03:02:35 [INFO] Epoch: 148 [12800/50000 (26%)]	 Training Loss: 0.104 ACC: 94.83 CR: 0.50 Avg R1: 4.98 Avg R2: 4.51 Avg Reward: 9.492874
2026-05-17 03:02:49 [INFO] Epoch: 148 [25600/50000 (51%)]	 Training Loss: 0.102 ACC: 94.81 CR: 0.50 Avg R1: 4.97 Avg R2: 4.52 Avg Reward: 9.491837
2026-05-17 03:03:02 [INFO] Epoch: 148 [38400/50000 (77%)]	 Training Loss: 0.102 ACC: 94.78 CR: 0.50 Avg R1: 4.97 Avg R2: 4.52 Avg Reward: 9.490095
2026-05-17 03:03:16 [INFO] EPOCH:148, ======================CR:0.50326====================
2026-05-17 03:03:16 [INFO] 0.005419661315813292
2026-05-17 03:03:18 [INFO] EPOCH:148, ======================ACC:74.19====================
2026-05-17 03:03:18 [INFO] BEST EPOCH:148,BEST ACC:74.19
2026-05-17 03:03:18 [INFO] Saving Masks: current CR 0.5033 target CR 0.5000
2026-05-17 03:03:18 [INFO] Updated candidate mask pretrained-rescale_mask_best-acc_50_05170047_resnet18 at epoch 148 with acc 74.1900
2026-05-17 03:03:32 [INFO] Epoch: 149 [12800/50000 (26%)]	 Training Loss: 0.096 ACC: 95.08 CR: 0.50 Avg R1: 4.97 Avg R2: 4.51 Avg Reward: 9.474685
2026-05-17 03:03:47 [INFO] Epoch: 149 [25600/50000 (51%)]	 Training Loss: 0.095 ACC: 95.04 CR: 0.50 Avg R1: 4.98 Avg R2: 4.51 Avg Reward: 9.480475
2026-05-17 03:04:01 [INFO] Epoch: 149 [38400/50000 (77%)]	 Training Loss: 0.094 ACC: 95.05 CR: 0.50 Avg R1: 4.98 Avg R2: 4.50 Avg Reward: 9.483849
2026-05-17 03:04:14 [INFO] EPOCH:149, ======================CR:0.50082====================
2026-05-17 03:04:14 [INFO] -0.0016984908907634094
2026-05-17 03:04:16 [INFO] EPOCH:149, ======================ACC:73.72====================
2026-05-17 03:04:16 [INFO] BEST EPOCH:148,BEST ACC:74.19
2026-05-17 03:04:16 [INFO] Saving Masks: current CR 0.5008 target CR 0.5000
2026-05-17 03:04:30 [INFO] Epoch: 150 [12800/50000 (26%)]	 Training Loss: 0.095 ACC: 95.05 CR: 0.50 Avg R1: 4.99 Avg R2: 4.46 Avg Reward: 9.457154
2026-05-17 03:04:44 [INFO] Epoch: 150 [25600/50000 (51%)]	 Training Loss: 0.095 ACC: 95.12 CR: 0.50 Avg R1: 4.99 Avg R2: 4.46 Avg Reward: 9.453521
2026-05-17 03:04:58 [INFO] Epoch: 150 [38400/50000 (77%)]	 Training Loss: 0.093 ACC: 95.28 CR: 0.50 Avg R1: 4.99 Avg R2: 4.46 Avg Reward: 9.453388
2026-05-17 03:05:10 [INFO] EPOCH:150, ======================CR:0.50068====================
2026-05-17 03:05:10 [INFO] 0.0042742056914233375
2026-05-17 03:05:12 [INFO] EPOCH:150, ======================ACC:73.94====================
2026-05-17 03:05:12 [INFO] BEST EPOCH:148,BEST ACC:74.19
2026-05-17 03:05:12 [INFO] Saving Masks: current CR 0.5007 target CR 0.5000
2026-05-17 03:05:26 [INFO] Epoch: 151 [12800/50000 (26%)]	 Training Loss: 0.088 ACC: 95.81 CR: 0.50 Avg R1: 5.00 Avg R2: 4.45 Avg Reward: 9.445838
2026-05-17 03:05:40 [INFO] Epoch: 151 [25600/50000 (51%)]	 Training Loss: 0.088 ACC: 95.67 CR: 0.50 Avg R1: 5.00 Avg R2: 4.45 Avg Reward: 9.444245
2026-05-17 03:05:54 [INFO] Epoch: 151 [38400/50000 (77%)]	 Training Loss: 0.088 ACC: 95.60 CR: 0.50 Avg R1: 4.99 Avg R2: 4.45 Avg Reward: 9.440699
2026-05-17 03:06:07 [INFO] EPOCH:151, ======================CR:0.5007====================
2026-05-17 03:06:07 [INFO] -0.0033913907333576283
2026-05-17 03:06:09 [INFO] EPOCH:151, ======================ACC:74.36====================
2026-05-17 03:06:09 [INFO] BEST EPOCH:151,BEST ACC:74.36
2026-05-17 03:06:09 [INFO] Saving Masks: current CR 0.5007 target CR 0.5000
2026-05-17 03:06:09 [INFO] Updated candidate mask pretrained-rescale_mask_best-acc_50_05170047_resnet18 at epoch 151 with acc 74.3600
2026-05-17 03:06:23 [INFO] Epoch: 152 [12800/50000 (26%)]	 Training Loss: 0.086 ACC: 95.41 CR: 0.50 Avg R1: 5.00 Avg R2: 4.42 Avg Reward: 9.413502
2026-05-17 03:06:37 [INFO] Epoch: 152 [25600/50000 (51%)]	 Training Loss: 0.084 ACC: 95.74 CR: 0.50 Avg R1: 4.99 Avg R2: 4.42 Avg Reward: 9.409137
2026-05-17 03:06:52 [INFO] Epoch: 152 [38400/50000 (77%)]	 Training Loss: 0.084 ACC: 95.73 CR: 0.50 Avg R1: 4.99 Avg R2: 4.42 Avg Reward: 9.405949
2026-05-17 03:07:03 [INFO] EPOCH:152, ======================CR:0.50364====================
2026-05-17 03:07:03 [INFO] -0.0021919599088170046
2026-05-17 03:07:05 [INFO] EPOCH:152, ======================ACC:74.79====================
2026-05-17 03:07:05 [INFO] BEST EPOCH:152,BEST ACC:74.79
2026-05-17 03:07:05 [INFO] Saving Masks: current CR 0.5036 target CR 0.5000
2026-05-17 03:07:05 [INFO] Updated candidate mask pretrained-rescale_mask_best-acc_50_05170047_resnet18 at epoch 152 with acc 74.7900
2026-05-17 03:07:18 [INFO] Epoch: 153 [12800/50000 (26%)]	 Training Loss: 0.076 ACC: 96.04 CR: 0.50 Avg R1: 4.96 Avg R2: 4.39 Avg Reward: 9.357409
2026-05-17 03:07:32 [INFO] Epoch: 153 [25600/50000 (51%)]	 Training Loss: 0.075 ACC: 96.27 CR: 0.51 Avg R1: 4.96 Avg R2: 4.39 Avg Reward: 9.352951
2026-05-17 03:07:46 [INFO] Epoch: 153 [38400/50000 (77%)]	 Training Loss: 0.078 ACC: 96.05 CR: 0.50 Avg R1: 4.96 Avg R2: 4.40 Avg Reward: 9.351696
2026-05-17 03:07:59 [INFO] EPOCH:153, ======================CR:0.5028====================
2026-05-17 03:07:59 [INFO] -0.0009744243042456422
2026-05-17 03:08:01 [INFO] EPOCH:153, ======================ACC:74.53====================
2026-05-17 03:08:01 [INFO] BEST EPOCH:152,BEST ACC:74.79
2026-05-17 03:08:01 [INFO] Saving Masks: current CR 0.5028 target CR 0.5000
2026-05-17 03:08:14 [INFO] Epoch: 154 [12800/50000 (26%)]	 Training Loss: 0.078 ACC: 95.99 CR: 0.50 Avg R1: 4.97 Avg R2: 4.38 Avg Reward: 9.347706
2026-05-17 03:08:28 [INFO] Epoch: 154 [25600/50000 (51%)]	 Training Loss: 0.078 ACC: 96.09 CR: 0.50 Avg R1: 4.97 Avg R2: 4.38 Avg Reward: 9.351101
2026-05-17 03:08:42 [INFO] Epoch: 154 [38400/50000 (77%)]	 Training Loss: 0.077 ACC: 96.21 CR: 0.51 Avg R1: 4.97 Avg R2: 4.38 Avg Reward: 9.348444
2026-05-17 03:08:55 [INFO] EPOCH:154, ======================CR:0.50374====================
2026-05-17 03:08:55 [INFO] 0.007397591407703419
2026-05-17 03:08:57 [INFO] EPOCH:154, ======================ACC:75.25====================
2026-05-17 03:08:57 [INFO] BEST EPOCH:154,BEST ACC:75.25
2026-05-17 03:08:57 [INFO] Saving Masks: current CR 0.5037 target CR 0.5000
2026-05-17 03:08:57 [INFO] Updated candidate mask pretrained-rescale_mask_best-acc_50_05170047_resnet18 at epoch 154 with acc 75.2500
2026-05-17 03:09:12 [INFO] Epoch: 155 [12800/50000 (26%)]	 Training Loss: 0.072 ACC: 96.43 CR: 0.50 Avg R1: 4.97 Avg R2: 4.35 Avg Reward: 9.320945
2026-05-17 03:09:26 [INFO] Epoch: 155 [25600/50000 (51%)]	 Training Loss: 0.073 ACC: 96.38 CR: 0.50 Avg R1: 4.97 Avg R2: 4.35 Avg Reward: 9.320636
2026-05-17 03:09:40 [INFO] Epoch: 155 [38400/50000 (77%)]	 Training Loss: 0.073 ACC: 96.38 CR: 0.50 Avg R1: 4.98 Avg R2: 4.35 Avg Reward: 9.323125
2026-05-17 03:09:54 [INFO] EPOCH:155, ======================CR:0.4978====================
2026-05-17 03:09:54 [INFO] -0.0028464695887382902
2026-05-17 03:09:56 [INFO] EPOCH:155, ======================ACC:74.55====================
2026-05-17 03:09:56 [INFO] BEST EPOCH:154,BEST ACC:75.25
2026-05-17 03:09:56 [INFO] Saving Masks: current CR 0.4978 target CR 0.5000
2026-05-17 03:10:09 [INFO] Epoch: 156 [12800/50000 (26%)]	 Training Loss: 0.068 ACC: 96.59 CR: 0.50 Avg R1: 4.98 Avg R2: 4.30 Avg Reward: 9.278210
2026-05-17 03:10:23 [INFO] Epoch: 156 [25600/50000 (51%)]	 Training Loss: 0.068 ACC: 96.64 CR: 0.50 Avg R1: 4.99 Avg R2: 4.30 Avg Reward: 9.282485
2026-05-17 03:10:37 [INFO] Epoch: 156 [38400/50000 (77%)]	 Training Loss: 0.068 ACC: 96.69 CR: 0.50 Avg R1: 4.98 Avg R2: 4.30 Avg Reward: 9.281176
2026-05-17 03:10:50 [INFO] EPOCH:156, ======================CR:0.49986====================
2026-05-17 03:10:50 [INFO] -0.007500322870458015
2026-05-17 03:10:52 [INFO] EPOCH:156, ======================ACC:75.14====================
2026-05-17 03:10:52 [INFO] BEST EPOCH:154,BEST ACC:75.25
2026-05-17 03:10:52 [INFO] Saving Masks: current CR 0.4999 target CR 0.5000
2026-05-17 03:11:06 [INFO] Epoch: 157 [12800/50000 (26%)]	 Training Loss: 0.071 ACC: 96.67 CR: 0.50 Avg R1: 5.00 Avg R2: 4.27 Avg Reward: 9.264212
2026-05-17 03:11:21 [INFO] Epoch: 157 [25600/50000 (51%)]	 Training Loss: 0.070 ACC: 96.72 CR: 0.50 Avg R1: 4.99 Avg R2: 4.27 Avg Reward: 9.262983
2026-05-17 03:11:34 [INFO] Epoch: 157 [38400/50000 (77%)]	 Training Loss: 0.068 ACC: 96.76 CR: 0.50 Avg R1: 4.99 Avg R2: 4.27 Avg Reward: 9.263747
2026-05-17 03:11:48 [INFO] EPOCH:157, ======================CR:0.5011====================
2026-05-17 03:11:48 [INFO] -0.0029141529635649164
2026-05-17 03:11:50 [INFO] EPOCH:157, ======================ACC:74.85====================
2026-05-17 03:11:50 [INFO] BEST EPOCH:154,BEST ACC:75.25
2026-05-17 03:11:50 [INFO] Saving Masks: current CR 0.5011 target CR 0.5000
2026-05-17 03:12:05 [INFO] Epoch: 158 [12800/50000 (26%)]	 Training Loss: 0.061 ACC: 97.06 CR: 0.50 Avg R1: 4.98 Avg R2: 4.26 Avg Reward: 9.244424
2026-05-17 03:12:19 [INFO] Epoch: 158 [25600/50000 (51%)]	 Training Loss: 0.062 ACC: 97.02 CR: 0.50 Avg R1: 4.98 Avg R2: 4.26 Avg Reward: 9.243242
2026-05-17 03:12:34 [INFO] Epoch: 158 [38400/50000 (77%)]	 Training Loss: 0.062 ACC: 97.08 CR: 0.51 Avg R1: 4.97 Avg R2: 4.27 Avg Reward: 9.239416
2026-05-17 03:12:47 [INFO] EPOCH:158, ======================CR:0.50446====================
2026-05-17 03:12:47 [INFO] -0.005659889542131702
2026-05-17 03:12:49 [INFO] EPOCH:158, ======================ACC:75.13====================
2026-05-17 03:12:49 [INFO] BEST EPOCH:154,BEST ACC:75.25
2026-05-17 03:12:49 [INFO] Saving Masks: current CR 0.5045 target CR 0.5000
2026-05-17 03:13:04 [INFO] Epoch: 159 [12800/50000 (26%)]	 Training Loss: 0.061 ACC: 97.25 CR: 0.50 Avg R1: 4.97 Avg R2: 4.23 Avg Reward: 9.201191
2026-05-17 03:13:18 [INFO] Epoch: 159 [25600/50000 (51%)]	 Training Loss: 0.059 ACC: 97.31 CR: 0.50 Avg R1: 4.98 Avg R2: 4.23 Avg Reward: 9.209376
2026-05-17 03:13:33 [INFO] Epoch: 159 [38400/50000 (77%)]	 Training Loss: 0.059 ACC: 97.32 CR: 0.50 Avg R1: 4.98 Avg R2: 4.23 Avg Reward: 9.208715
2026-05-17 03:13:45 [INFO] EPOCH:159, ======================CR:0.49778====================
2026-05-17 03:13:45 [INFO] 0.008320370096757254
2026-05-17 03:13:47 [INFO] EPOCH:159, ======================ACC:75.34====================
2026-05-17 03:13:47 [INFO] BEST EPOCH:159,BEST ACC:75.34
2026-05-17 03:13:47 [INFO] Saving Masks: current CR 0.4978 target CR 0.5000
2026-05-17 03:13:47 [INFO] Updated candidate mask pretrained-rescale_mask_best-acc_50_05170047_resnet18 at epoch 159 with acc 75.3400
2026-05-17 03:14:02 [INFO] Epoch: 160 [12800/50000 (26%)]	 Training Loss: 0.060 ACC: 97.29 CR: 0.50 Avg R1: 4.98 Avg R2: 4.20 Avg Reward: 9.185927
2026-05-17 03:14:17 [INFO] Epoch: 160 [25600/50000 (51%)]	 Training Loss: 0.058 ACC: 97.39 CR: 0.50 Avg R1: 4.98 Avg R2: 4.20 Avg Reward: 9.178337
2026-05-17 03:14:31 [INFO] Epoch: 160 [38400/50000 (77%)]	 Training Loss: 0.059 ACC: 97.33 CR: 0.50 Avg R1: 4.97 Avg R2: 4.20 Avg Reward: 9.173307
2026-05-17 03:14:44 [INFO] EPOCH:160, ======================CR:0.50032====================
2026-05-17 03:14:44 [INFO] -0.005377981305360583
2026-05-17 03:14:46 [INFO] EPOCH:160, ======================ACC:75.38====================
2026-05-17 03:14:46 [INFO] BEST EPOCH:160,BEST ACC:75.38
2026-05-17 03:14:46 [INFO] Saving Masks: current CR 0.5003 target CR 0.5000
2026-05-17 03:14:46 [INFO] Updated candidate mask pretrained-rescale_mask_best-acc_50_05170047_resnet18 at epoch 160 with acc 75.3800
2026-05-17 03:15:01 [INFO] Epoch: 161 [12800/50000 (26%)]	 Training Loss: 0.058 ACC: 97.38 CR: 0.50 Avg R1: 4.99 Avg R2: 4.18 Avg Reward: 9.174463
2026-05-17 03:15:16 [INFO] Epoch: 161 [25600/50000 (51%)]	 Training Loss: 0.058 ACC: 97.29 CR: 0.50 Avg R1: 4.98 Avg R2: 4.19 Avg Reward: 9.168406
2026-05-17 03:15:31 [INFO] Epoch: 161 [38400/50000 (77%)]	 Training Loss: 0.058 ACC: 97.32 CR: 0.50 Avg R1: 4.98 Avg R2: 4.19 Avg Reward: 9.164756
2026-05-17 03:15:44 [INFO] EPOCH:161, ======================CR:0.50276====================
2026-05-17 03:15:44 [INFO] 0.0007231269399715591
2026-05-17 03:15:46 [INFO] EPOCH:161, ======================ACC:74.89====================
2026-05-17 03:15:46 [INFO] BEST EPOCH:160,BEST ACC:75.38
2026-05-17 03:15:46 [INFO] Saving Masks: current CR 0.5028 target CR 0.5000
2026-05-17 03:16:02 [INFO] Epoch: 162 [12800/50000 (26%)]	 Training Loss: 0.058 ACC: 97.56 CR: 0.50 Avg R1: 4.98 Avg R2: 4.17 Avg Reward: 9.149866
2026-05-17 03:16:17 [INFO] Epoch: 162 [25600/50000 (51%)]	 Training Loss: 0.055 ACC: 97.61 CR: 0.50 Avg R1: 4.99 Avg R2: 4.16 Avg Reward: 9.150192
2026-05-17 03:16:31 [INFO] Epoch: 162 [38400/50000 (77%)]	 Training Loss: 0.054 ACC: 97.67 CR: 0.50 Avg R1: 4.98 Avg R2: 4.16 Avg Reward: 9.143079
2026-05-17 03:16:45 [INFO] EPOCH:162, ======================CR:0.4975====================
2026-05-17 03:16:45 [INFO] -0.006604608296101402
2026-05-17 03:16:47 [INFO] EPOCH:162, ======================ACC:75.59====================
2026-05-17 03:16:47 [INFO] BEST EPOCH:162,BEST ACC:75.59
2026-05-17 03:16:47 [INFO] Saving Masks: current CR 0.4975 target CR 0.5000
2026-05-17 03:16:47 [INFO] Updated candidate mask pretrained-rescale_mask_best-acc_50_05170047_resnet18 at epoch 162 with acc 75.5900
2026-05-17 03:17:02 [INFO] Epoch: 163 [12800/50000 (26%)]	 Training Loss: 0.050 ACC: 97.83 CR: 0.50 Avg R1: 4.99 Avg R2: 4.12 Avg Reward: 9.110675
2026-05-17 03:17:15 [INFO] Epoch: 163 [25600/50000 (51%)]	 Training Loss: 0.051 ACC: 97.78 CR: 0.50 Avg R1: 4.98 Avg R2: 4.12 Avg Reward: 9.102807
2026-05-17 03:17:31 [INFO] Epoch: 163 [38400/50000 (77%)]	 Training Loss: 0.052 ACC: 97.77 CR: 0.50 Avg R1: 4.99 Avg R2: 4.12 Avg Reward: 9.110179
2026-05-17 03:17:45 [INFO] EPOCH:163, ======================CR:0.5028====================
2026-05-17 03:17:45 [INFO] 0.0035479603099926042
2026-05-17 03:17:47 [INFO] EPOCH:163, ======================ACC:75.77====================
2026-05-17 03:17:47 [INFO] BEST EPOCH:163,BEST ACC:75.77
2026-05-17 03:17:47 [INFO] Saving Masks: current CR 0.5028 target CR 0.5000
2026-05-17 03:17:47 [INFO] Updated candidate mask pretrained-rescale_mask_best-acc_50_05170047_resnet18 at epoch 163 with acc 75.7700
2026-05-17 03:18:02 [INFO] Epoch: 164 [12800/50000 (26%)]	 Training Loss: 0.048 ACC: 97.85 CR: 0.50 Avg R1: 4.97 Avg R2: 4.12 Avg Reward: 9.088802
2026-05-17 03:18:16 [INFO] Epoch: 164 [25600/50000 (51%)]	 Training Loss: 0.048 ACC: 97.86 CR: 0.50 Avg R1: 4.98 Avg R2: 4.11 Avg Reward: 9.093455
2026-05-17 03:18:30 [INFO] Epoch: 164 [38400/50000 (77%)]	 Training Loss: 0.048 ACC: 97.86 CR: 0.50 Avg R1: 4.98 Avg R2: 4.11 Avg Reward: 9.094497
2026-05-17 03:18:44 [INFO] EPOCH:164, ======================CR:0.49986====================
2026-05-17 03:18:44 [INFO] 0.004803748523469025
2026-05-17 03:18:46 [INFO] EPOCH:164, ======================ACC:76.39====================
2026-05-17 03:18:46 [INFO] BEST EPOCH:164,BEST ACC:76.39
2026-05-17 03:18:46 [INFO] Saving Masks: current CR 0.4999 target CR 0.5000
2026-05-17 03:18:46 [INFO] Updated candidate mask pretrained-rescale_mask_best-acc_50_05170047_resnet18 at epoch 164 with acc 76.3900
2026-05-17 03:19:01 [INFO] Epoch: 165 [12800/50000 (26%)]	 Training Loss: 0.045 ACC: 98.20 CR: 0.50 Avg R1: 4.99 Avg R2: 4.08 Avg Reward: 9.067622
2026-05-17 03:19:15 [INFO] Epoch: 165 [25600/50000 (51%)]	 Training Loss: 0.046 ACC: 98.06 CR: 0.50 Avg R1: 4.99 Avg R2: 4.07 Avg Reward: 9.066840
2026-05-17 03:19:29 [INFO] Epoch: 165 [38400/50000 (77%)]	 Training Loss: 0.046 ACC: 98.05 CR: 0.50 Avg R1: 4.99 Avg R2: 4.07 Avg Reward: 9.065958
2026-05-17 03:19:41 [INFO] EPOCH:165, ======================CR:0.49904====================
2026-05-17 03:19:41 [INFO] -0.008232821439684661
2026-05-17 03:19:43 [INFO] EPOCH:165, ======================ACC:76.03====================
2026-05-17 03:19:43 [INFO] BEST EPOCH:164,BEST ACC:76.39
2026-05-17 03:19:43 [INFO] Saving Masks: current CR 0.4990 target CR 0.5000
2026-05-17 03:19:58 [INFO] Epoch: 166 [12800/50000 (26%)]	 Training Loss: 0.045 ACC: 98.16 CR: 0.50 Avg R1: 4.99 Avg R2: 4.04 Avg Reward: 9.022501
2026-05-17 03:20:13 [INFO] Epoch: 166 [25600/50000 (51%)]	 Training Loss: 0.045 ACC: 98.12 CR: 0.50 Avg R1: 4.98 Avg R2: 4.04 Avg Reward: 9.019872
2026-05-17 03:20:26 [INFO] Epoch: 166 [38400/50000 (77%)]	 Training Loss: 0.045 ACC: 98.08 CR: 0.50 Avg R1: 4.99 Avg R2: 4.04 Avg Reward: 9.024983
2026-05-17 03:20:40 [INFO] EPOCH:166, ======================CR:0.49922====================
2026-05-17 03:20:40 [INFO] -0.0012522388404709456
2026-05-17 03:20:42 [INFO] EPOCH:166, ======================ACC:76.27====================
2026-05-17 03:20:42 [INFO] BEST EPOCH:164,BEST ACC:76.39
2026-05-17 03:20:42 [INFO] Saving Masks: current CR 0.4992 target CR 0.5000
2026-05-17 03:20:57 [INFO] Epoch: 167 [12800/50000 (26%)]	 Training Loss: 0.044 ACC: 98.11 CR: 0.50 Avg R1: 4.99 Avg R2: 4.01 Avg Reward: 9.004003
2026-05-17 03:21:12 [INFO] Epoch: 167 [25600/50000 (51%)]	 Training Loss: 0.041 ACC: 98.27 CR: 0.50 Avg R1: 4.99 Avg R2: 4.01 Avg Reward: 9.004238
2026-05-17 03:21:26 [INFO] Epoch: 167 [38400/50000 (77%)]	 Training Loss: 0.041 ACC: 98.21 CR: 0.50 Avg R1: 4.99 Avg R2: 4.01 Avg Reward: 9.005498
2026-05-17 03:21:40 [INFO] EPOCH:167, ======================CR:0.5021====================
2026-05-17 03:21:40 [INFO] 0.002088354041410331
2026-05-17 03:21:42 [INFO] EPOCH:167, ======================ACC:75.81====================
2026-05-17 03:21:42 [INFO] BEST EPOCH:164,BEST ACC:76.39
2026-05-17 03:21:42 [INFO] Saving Masks: current CR 0.5021 target CR 0.5000
2026-05-17 03:21:56 [INFO] Epoch: 168 [12800/50000 (26%)]	 Training Loss: 0.042 ACC: 98.30 CR: 0.50 Avg R1: 4.98 Avg R2: 4.00 Avg Reward: 8.977330
2026-05-17 03:22:12 [INFO] Epoch: 168 [25600/50000 (51%)]	 Training Loss: 0.042 ACC: 98.23 CR: 0.50 Avg R1: 4.98 Avg R2: 4.00 Avg Reward: 8.978729
2026-05-17 03:22:26 [INFO] Epoch: 168 [38400/50000 (77%)]	 Training Loss: 0.040 ACC: 98.33 CR: 0.50 Avg R1: 4.98 Avg R2: 4.00 Avg Reward: 8.983065
2026-05-17 03:22:38 [INFO] EPOCH:168, ======================CR:0.50122====================
2026-05-17 03:22:38 [INFO] 0.0012028804021367505
2026-05-17 03:22:40 [INFO] EPOCH:168, ======================ACC:76.32====================
2026-05-17 03:22:40 [INFO] BEST EPOCH:164,BEST ACC:76.39
2026-05-17 03:22:40 [INFO] Saving Masks: current CR 0.5012 target CR 0.5000
2026-05-17 03:22:55 [INFO] Epoch: 169 [12800/50000 (26%)]	 Training Loss: 0.042 ACC: 98.30 CR: 0.50 Avg R1: 4.99 Avg R2: 3.97 Avg Reward: 8.960366
2026-05-17 03:23:09 [INFO] Epoch: 169 [25600/50000 (51%)]	 Training Loss: 0.040 ACC: 98.35 CR: 0.50 Avg R1: 4.98 Avg R2: 3.97 Avg Reward: 8.956884
2026-05-17 03:23:23 [INFO] Epoch: 169 [38400/50000 (77%)]	 Training Loss: 0.041 ACC: 98.29 CR: 0.50 Avg R1: 4.98 Avg R2: 3.98 Avg Reward: 8.953597
2026-05-17 03:23:35 [INFO] EPOCH:169, ======================CR:0.50304====================
2026-05-17 03:23:35 [INFO] 0.0011187825694201588
2026-05-17 03:23:37 [INFO] EPOCH:169, ======================ACC:76.37====================
2026-05-17 03:23:37 [INFO] BEST EPOCH:164,BEST ACC:76.39
2026-05-17 03:23:37 [INFO] Saving Masks: current CR 0.5030 target CR 0.5000
2026-05-17 03:23:51 [INFO] Epoch: 170 [12800/50000 (26%)]	 Training Loss: 0.038 ACC: 98.50 CR: 0.50 Avg R1: 4.97 Avg R2: 3.96 Avg Reward: 8.934631
2026-05-17 03:24:05 [INFO] Epoch: 170 [25600/50000 (51%)]	 Training Loss: 0.038 ACC: 98.55 CR: 0.50 Avg R1: 4.98 Avg R2: 3.95 Avg Reward: 8.936700
2026-05-17 03:24:20 [INFO] Epoch: 170 [38400/50000 (77%)]	 Training Loss: 0.038 ACC: 98.48 CR: 0.50 Avg R1: 4.99 Avg R2: 3.95 Avg Reward: 8.937539
2026-05-17 03:24:34 [INFO] EPOCH:170, ======================CR:0.50038====================
2026-05-17 03:24:34 [INFO] -0.002896796981650165
2026-05-17 03:24:36 [INFO] EPOCH:170, ======================ACC:76.36====================
2026-05-17 03:24:36 [INFO] BEST EPOCH:164,BEST ACC:76.39
2026-05-17 03:24:36 [INFO] Saving Masks: current CR 0.5004 target CR 0.5000
2026-05-17 03:24:50 [INFO] Epoch: 171 [12800/50000 (26%)]	 Training Loss: 0.038 ACC: 98.55 CR: 0.50 Avg R1: 4.99 Avg R2: 3.93 Avg Reward: 8.914034
2026-05-17 03:25:04 [INFO] Epoch: 171 [25600/50000 (51%)]	 Training Loss: 0.036 ACC: 98.57 CR: 0.50 Avg R1: 4.99 Avg R2: 3.93 Avg Reward: 8.916817
2026-05-17 03:25:19 [INFO] Epoch: 171 [38400/50000 (77%)]	 Training Loss: 0.036 ACC: 98.53 CR: 0.50 Avg R1: 4.99 Avg R2: 3.93 Avg Reward: 8.920213
2026-05-17 03:25:32 [INFO] EPOCH:171, ======================CR:0.50062====================
2026-05-17 03:25:32 [INFO] -0.003274061282477921
2026-05-17 03:25:34 [INFO] EPOCH:171, ======================ACC:76.68====================
2026-05-17 03:25:34 [INFO] BEST EPOCH:171,BEST ACC:76.68
2026-05-17 03:25:34 [INFO] Saving Masks: current CR 0.5006 target CR 0.5000
2026-05-17 03:25:34 [INFO] Updated candidate mask pretrained-rescale_mask_best-acc_50_05170047_resnet18 at epoch 171 with acc 76.6800
2026-05-17 03:25:50 [INFO] Epoch: 172 [12800/50000 (26%)]	 Training Loss: 0.036 ACC: 98.57 CR: 0.50 Avg R1: 5.00 Avg R2: 3.90 Avg Reward: 8.896916
2026-05-17 03:26:05 [INFO] Epoch: 172 [25600/50000 (51%)]	 Training Loss: 0.034 ACC: 98.56 CR: 0.50 Avg R1: 5.00 Avg R2: 3.90 Avg Reward: 8.896891
2026-05-17 03:26:20 [INFO] Epoch: 172 [38400/50000 (77%)]	 Training Loss: 0.034 ACC: 98.62 CR: 0.50 Avg R1: 4.99 Avg R2: 3.90 Avg Reward: 8.894720
2026-05-17 03:26:34 [INFO] EPOCH:172, ======================CR:0.50316====================
2026-05-17 03:26:34 [INFO] -0.0018308384914090877
2026-05-17 03:26:36 [INFO] EPOCH:172, ======================ACC:77.08====================
2026-05-17 03:26:36 [INFO] BEST EPOCH:172,BEST ACC:77.08
2026-05-17 03:26:36 [INFO] Saving Masks: current CR 0.5032 target CR 0.5000
2026-05-17 03:26:36 [INFO] Updated candidate mask pretrained-rescale_mask_best-acc_50_05170047_resnet18 at epoch 172 with acc 77.0800
2026-05-17 03:26:50 [INFO] Epoch: 173 [12800/50000 (26%)]	 Training Loss: 0.033 ACC: 98.55 CR: 0.50 Avg R1: 4.98 Avg R2: 3.89 Avg Reward: 8.866618
2026-05-17 03:27:04 [INFO] Epoch: 173 [25600/50000 (51%)]	 Training Loss: 0.033 ACC: 98.68 CR: 0.50 Avg R1: 4.98 Avg R2: 3.89 Avg Reward: 8.867405
2026-05-17 03:27:18 [INFO] Epoch: 173 [38400/50000 (77%)]	 Training Loss: 0.034 ACC: 98.63 CR: 0.50 Avg R1: 4.97 Avg R2: 3.89 Avg Reward: 8.864340
2026-05-17 03:27:31 [INFO] EPOCH:173, ======================CR:0.50148====================
2026-05-17 03:27:31 [INFO] -0.0005096878933402918
2026-05-17 03:27:33 [INFO] EPOCH:173, ======================ACC:76.98====================
2026-05-17 03:27:33 [INFO] BEST EPOCH:172,BEST ACC:77.08
2026-05-17 03:27:33 [INFO] Saving Masks: current CR 0.5015 target CR 0.5000
2026-05-17 03:27:48 [INFO] Epoch: 174 [12800/50000 (26%)]	 Training Loss: 0.034 ACC: 98.66 CR: 0.50 Avg R1: 4.99 Avg R2: 3.86 Avg Reward: 8.847857
2026-05-17 03:28:02 [INFO] Epoch: 174 [25600/50000 (51%)]	 Training Loss: 0.033 ACC: 98.75 CR: 0.50 Avg R1: 4.98 Avg R2: 3.86 Avg Reward: 8.845586
2026-05-17 03:28:16 [INFO] Epoch: 174 [38400/50000 (77%)]	 Training Loss: 0.033 ACC: 98.80 CR: 0.50 Avg R1: 4.99 Avg R2: 3.86 Avg Reward: 8.846929
2026-05-17 03:28:30 [INFO] EPOCH:174, ======================CR:0.5038====================
2026-05-17 03:28:30 [INFO] -0.0020250716240248524
2026-05-17 03:28:32 [INFO] EPOCH:174, ======================ACC:76.96====================
2026-05-17 03:28:32 [INFO] BEST EPOCH:172,BEST ACC:77.08
2026-05-17 03:28:32 [INFO] Saving Masks: current CR 0.5038 target CR 0.5000
2026-05-17 03:28:50 [INFO] Epoch: 175 [12800/50000 (26%)]	 Training Loss: 0.030 ACC: 98.88 CR: 0.50 Avg R1: 4.97 Avg R2: 3.85 Avg Reward: 8.816440
2026-05-17 03:29:07 [INFO] Epoch: 175 [25600/50000 (51%)]	 Training Loss: 0.032 ACC: 98.75 CR: 0.50 Avg R1: 4.97 Avg R2: 3.85 Avg Reward: 8.814935
2026-05-17 03:29:25 [INFO] Epoch: 175 [38400/50000 (77%)]	 Training Loss: 0.032 ACC: 98.77 CR: 0.50 Avg R1: 4.97 Avg R2: 3.85 Avg Reward: 8.819671
2026-05-17 03:29:42 [INFO] EPOCH:175, ======================CR:0.50072====================
2026-05-17 03:29:42 [INFO] -0.0022227981442094922
2026-05-17 03:29:44 [INFO] EPOCH:175, ======================ACC:76.87====================
2026-05-17 03:29:44 [INFO] BEST EPOCH:172,BEST ACC:77.08
2026-05-17 03:29:44 [INFO] Saving Masks: current CR 0.5007 target CR 0.5000
2026-05-17 03:30:01 [INFO] Epoch: 176 [12800/50000 (26%)]	 Training Loss: 0.029 ACC: 98.88 CR: 0.50 Avg R1: 4.99 Avg R2: 3.82 Avg Reward: 8.813258
2026-05-17 03:30:17 [INFO] Epoch: 176 [25600/50000 (51%)]	 Training Loss: 0.029 ACC: 98.97 CR: 0.50 Avg R1: 4.99 Avg R2: 3.82 Avg Reward: 8.809166
2026-05-17 03:30:35 [INFO] Epoch: 176 [38400/50000 (77%)]	 Training Loss: 0.029 ACC: 98.94 CR: 0.50 Avg R1: 4.98 Avg R2: 3.82 Avg Reward: 8.808148
2026-05-17 03:30:50 [INFO] EPOCH:176, ======================CR:0.50346====================
2026-05-17 03:30:50 [INFO] 0.0017128996526582312
2026-05-17 03:30:51 [INFO] EPOCH:176, ======================ACC:77.29====================
2026-05-17 03:30:51 [INFO] BEST EPOCH:176,BEST ACC:77.29
2026-05-17 03:30:51 [INFO] Saving Masks: current CR 0.5035 target CR 0.5000
2026-05-17 03:30:51 [INFO] Updated candidate mask pretrained-rescale_mask_best-acc_50_05170047_resnet18 at epoch 176 with acc 77.2900
2026-05-17 03:31:06 [INFO] Epoch: 177 [12800/50000 (26%)]	 Training Loss: 0.031 ACC: 98.84 CR: 0.50 Avg R1: 4.96 Avg R2: 3.81 Avg Reward: 8.774853
2026-05-17 03:31:22 [INFO] Epoch: 177 [25600/50000 (51%)]	 Training Loss: 0.031 ACC: 98.86 CR: 0.50 Avg R1: 4.96 Avg R2: 3.81 Avg Reward: 8.775739
2026-05-17 03:31:39 [INFO] Epoch: 177 [38400/50000 (77%)]	 Training Loss: 0.030 ACC: 98.88 CR: 0.50 Avg R1: 4.97 Avg R2: 3.81 Avg Reward: 8.778518
2026-05-17 03:31:54 [INFO] EPOCH:177, ======================CR:0.50196====================
2026-05-17 03:31:54 [INFO] 0.0011047981290622198
2026-05-17 03:31:56 [INFO] EPOCH:177, ======================ACC:77.62====================
2026-05-17 03:31:56 [INFO] BEST EPOCH:177,BEST ACC:77.62
2026-05-17 03:31:56 [INFO] Saving Masks: current CR 0.5020 target CR 0.5000
2026-05-17 03:31:56 [INFO] Updated candidate mask pretrained-rescale_mask_best-acc_50_05170047_resnet18 at epoch 177 with acc 77.6200
2026-05-17 03:32:13 [INFO] Epoch: 178 [12800/50000 (26%)]	 Training Loss: 0.028 ACC: 98.97 CR: 0.50 Avg R1: 4.99 Avg R2: 3.80 Avg Reward: 8.781780
2026-05-17 03:32:28 [INFO] Epoch: 178 [25600/50000 (51%)]	 Training Loss: 0.028 ACC: 99.01 CR: 0.50 Avg R1: 4.99 Avg R2: 3.79 Avg Reward: 8.781497
2026-05-17 03:32:46 [INFO] Epoch: 178 [38400/50000 (77%)]	 Training Loss: 0.028 ACC: 99.03 CR: 0.50 Avg R1: 4.99 Avg R2: 3.79 Avg Reward: 8.780945
2026-05-17 03:33:01 [INFO] EPOCH:178, ======================CR:0.49854====================
2026-05-17 03:33:01 [INFO] 0.0024086138689424132
2026-05-17 03:33:03 [INFO] EPOCH:178, ======================ACC:77.65====================
2026-05-17 03:33:03 [INFO] BEST EPOCH:178,BEST ACC:77.65
2026-05-17 03:33:03 [INFO] Saving Masks: current CR 0.4985 target CR 0.5000
2026-05-17 03:33:03 [INFO] Updated candidate mask pretrained-rescale_mask_best-acc_50_05170047_resnet18 at epoch 178 with acc 77.6500
2026-05-17 03:33:20 [INFO] Epoch: 179 [12800/50000 (26%)]	 Training Loss: 0.027 ACC: 99.00 CR: 0.50 Avg R1: 4.99 Avg R2: 3.78 Avg Reward: 8.766019
2026-05-17 03:33:37 [INFO] Epoch: 179 [25600/50000 (51%)]	 Training Loss: 0.027 ACC: 99.02 CR: 0.50 Avg R1: 4.99 Avg R2: 3.78 Avg Reward: 8.765894
2026-05-17 03:33:54 [INFO] Epoch: 179 [38400/50000 (77%)]	 Training Loss: 0.028 ACC: 98.97 CR: 0.50 Avg R1: 4.98 Avg R2: 3.78 Avg Reward: 8.760766
2026-05-17 03:34:09 [INFO] EPOCH:179, ======================CR:0.50516====================
2026-05-17 03:34:09 [INFO] -0.004653190051291609
2026-05-17 03:34:11 [INFO] EPOCH:179, ======================ACC:77.74====================
2026-05-17 03:34:11 [INFO] BEST EPOCH:179,BEST ACC:77.74
2026-05-17 03:34:11 [INFO] Saving Masks: current CR 0.5052 target CR 0.5000
2026-05-17 03:34:11 [INFO] Updated candidate mask pretrained-rescale_mask_best-acc_50_05170047_resnet18 at epoch 179 with acc 77.7400
2026-05-17 03:34:28 [INFO] Epoch: 180 [12800/50000 (26%)]	 Training Loss: 0.026 ACC: 99.13 CR: 0.50 Avg R1: 4.97 Avg R2: 3.77 Avg Reward: 8.741749
2026-05-17 03:34:47 [INFO] Epoch: 180 [25600/50000 (51%)]	 Training Loss: 0.027 ACC: 99.09 CR: 0.50 Avg R1: 4.97 Avg R2: 3.77 Avg Reward: 8.746342
2026-05-17 03:35:05 [INFO] Epoch: 180 [38400/50000 (77%)]	 Training Loss: 0.027 ACC: 99.09 CR: 0.50 Avg R1: 4.98 Avg R2: 3.77 Avg Reward: 8.747923
2026-05-17 03:35:21 [INFO] EPOCH:180, ======================CR:0.50072====================
2026-05-17 03:35:21 [INFO] 0.0037968740567998283
2026-05-17 03:35:23 [INFO] EPOCH:180, ======================ACC:77.5====================
2026-05-17 03:35:23 [INFO] BEST EPOCH:179,BEST ACC:77.74
2026-05-17 03:35:23 [INFO] Saving Masks: current CR 0.5007 target CR 0.5000
2026-05-17 03:35:42 [INFO] Epoch: 181 [12800/50000 (26%)]	 Training Loss: 0.029 ACC: 99.01 CR: 0.50 Avg R1: 4.99 Avg R2: 3.75 Avg Reward: 8.741521
2026-05-17 03:36:00 [INFO] Epoch: 181 [25600/50000 (51%)]	 Training Loss: 0.027 ACC: 99.07 CR: 0.50 Avg R1: 4.99 Avg R2: 3.75 Avg Reward: 8.735224
2026-05-17 03:36:16 [INFO] Epoch: 181 [38400/50000 (77%)]	 Training Loss: 0.028 ACC: 99.04 CR: 0.50 Avg R1: 4.98 Avg R2: 3.75 Avg Reward: 8.731035
2026-05-17 03:36:31 [INFO] EPOCH:181, ======================CR:0.50198====================
2026-05-17 03:36:31 [INFO] -0.0009399512864712659
2026-05-17 03:36:33 [INFO] EPOCH:181, ======================ACC:77.56====================
2026-05-17 03:36:33 [INFO] BEST EPOCH:179,BEST ACC:77.74
2026-05-17 03:36:33 [INFO] Saving Masks: current CR 0.5020 target CR 0.5000
2026-05-17 03:36:51 [INFO] Epoch: 182 [12800/50000 (26%)]	 Training Loss: 0.026 ACC: 99.09 CR: 0.50 Avg R1: 4.99 Avg R2: 3.75 Avg Reward: 8.737485
2026-05-17 03:37:08 [INFO] Epoch: 182 [25600/50000 (51%)]	 Training Loss: 0.026 ACC: 99.07 CR: 0.50 Avg R1: 4.99 Avg R2: 3.75 Avg Reward: 8.739308
2026-05-17 03:37:26 [INFO] Epoch: 182 [38400/50000 (77%)]	 Training Loss: 0.026 ACC: 99.08 CR: 0.50 Avg R1: 4.99 Avg R2: 3.74 Avg Reward: 8.737737
2026-05-17 03:37:43 [INFO] EPOCH:182, ======================CR:0.50164====================
2026-05-17 03:37:43 [INFO] -0.005173359601532677
2026-05-17 03:37:45 [INFO] EPOCH:182, ======================ACC:77.64====================
2026-05-17 03:37:45 [INFO] BEST EPOCH:179,BEST ACC:77.74
2026-05-17 03:37:45 [INFO] Saving Masks: current CR 0.5016 target CR 0.5000
2026-05-17 03:38:03 [INFO] Epoch: 183 [12800/50000 (26%)]	 Training Loss: 0.025 ACC: 99.21 CR: 0.50 Avg R1: 4.99 Avg R2: 3.73 Avg Reward: 8.721648
2026-05-17 03:38:20 [INFO] Epoch: 183 [25600/50000 (51%)]	 Training Loss: 0.024 ACC: 99.24 CR: 0.50 Avg R1: 4.99 Avg R2: 3.73 Avg Reward: 8.724516
2026-05-17 03:38:38 [INFO] Epoch: 183 [38400/50000 (77%)]	 Training Loss: 0.025 ACC: 99.20 CR: 0.50 Avg R1: 4.99 Avg R2: 3.73 Avg Reward: 8.726912
2026-05-17 03:38:53 [INFO] EPOCH:183, ======================CR:0.5008====================
2026-05-17 03:38:53 [INFO] 0.002734765382915311
2026-05-17 03:38:55 [INFO] EPOCH:183, ======================ACC:77.81====================
2026-05-17 03:38:55 [INFO] BEST EPOCH:183,BEST ACC:77.81
2026-05-17 03:38:55 [INFO] Saving Masks: current CR 0.5008 target CR 0.5000
2026-05-17 03:38:55 [INFO] Updated candidate mask pretrained-rescale_mask_best-acc_50_05170047_resnet18 at epoch 183 with acc 77.8100
2026-05-17 03:39:12 [INFO] Epoch: 184 [12800/50000 (26%)]	 Training Loss: 0.026 ACC: 99.14 CR: 0.50 Avg R1: 4.99 Avg R2: 3.72 Avg Reward: 8.715726
2026-05-17 03:39:28 [INFO] Epoch: 184 [25600/50000 (51%)]	 Training Loss: 0.025 ACC: 99.19 CR: 0.50 Avg R1: 4.99 Avg R2: 3.72 Avg Reward: 8.712222
2026-05-17 03:39:47 [INFO] Epoch: 184 [38400/50000 (77%)]	 Training Loss: 0.024 ACC: 99.20 CR: 0.50 Avg R1: 4.99 Avg R2: 3.72 Avg Reward: 8.708446
2026-05-17 03:40:02 [INFO] EPOCH:184, ======================CR:0.50186====================
2026-05-17 03:40:02 [INFO] 0.004809002331045002
2026-05-17 03:40:04 [INFO] EPOCH:184, ======================ACC:77.72====================
2026-05-17 03:40:04 [INFO] BEST EPOCH:183,BEST ACC:77.81
2026-05-17 03:40:04 [INFO] Saving Masks: current CR 0.5019 target CR 0.5000
2026-05-17 03:40:21 [INFO] Epoch: 185 [12800/50000 (26%)]	 Training Loss: 0.025 ACC: 99.20 CR: 0.50 Avg R1: 4.98 Avg R2: 3.71 Avg Reward: 8.695781
2026-05-17 03:40:39 [INFO] Epoch: 185 [25600/50000 (51%)]	 Training Loss: 0.025 ACC: 99.14 CR: 0.50 Avg R1: 4.97 Avg R2: 3.72 Avg Reward: 8.689700
2026-05-17 03:40:56 [INFO] Epoch: 185 [38400/50000 (77%)]	 Training Loss: 0.025 ACC: 99.15 CR: 0.50 Avg R1: 4.97 Avg R2: 3.72 Avg Reward: 8.685565
2026-05-17 03:41:10 [INFO] EPOCH:185, ======================CR:0.50338====================
2026-05-17 03:41:10 [INFO] -0.00301916522802602
2026-05-17 03:41:12 [INFO] EPOCH:185, ======================ACC:77.59====================
2026-05-17 03:41:12 [INFO] BEST EPOCH:183,BEST ACC:77.81
2026-05-17 03:41:12 [INFO] Saving Masks: current CR 0.5034 target CR 0.5000
2026-05-17 03:41:29 [INFO] Epoch: 186 [12800/50000 (26%)]	 Training Loss: 0.022 ACC: 99.23 CR: 0.50 Avg R1: 4.98 Avg R2: 3.71 Avg Reward: 8.686149
2026-05-17 03:41:47 [INFO] Epoch: 186 [25600/50000 (51%)]	 Training Loss: 0.023 ACC: 99.27 CR: 0.50 Avg R1: 4.98 Avg R2: 3.71 Avg Reward: 8.689152
2026-05-17 03:42:03 [INFO] Epoch: 186 [38400/50000 (77%)]	 Training Loss: 0.024 ACC: 99.23 CR: 0.50 Avg R1: 4.99 Avg R2: 3.70 Avg Reward: 8.691130
2026-05-17 03:42:20 [INFO] EPOCH:186, ======================CR:0.4998====================
2026-05-17 03:42:20 [INFO] -0.00459818847869431
2026-05-17 03:42:22 [INFO] EPOCH:186, ======================ACC:77.69====================
2026-05-17 03:42:22 [INFO] BEST EPOCH:183,BEST ACC:77.81
2026-05-17 03:42:22 [INFO] Saving Masks: current CR 0.4998 target CR 0.5000
2026-05-17 03:42:39 [INFO] Epoch: 187 [12800/50000 (26%)]	 Training Loss: 0.024 ACC: 99.32 CR: 0.50 Avg R1: 4.99 Avg R2: 3.70 Avg Reward: 8.684313
2026-05-17 03:42:57 [INFO] Epoch: 187 [25600/50000 (51%)]	 Training Loss: 0.024 ACC: 99.28 CR: 0.50 Avg R1: 4.99 Avg R2: 3.69 Avg Reward: 8.683068
2026-05-17 03:43:14 [INFO] Epoch: 187 [38400/50000 (77%)]	 Training Loss: 0.024 ACC: 99.26 CR: 0.50 Avg R1: 4.99 Avg R2: 3.69 Avg Reward: 8.684909
2026-05-17 03:43:30 [INFO] EPOCH:187, ======================CR:0.50126====================
2026-05-17 03:43:30 [INFO] 0.00019651678410306455
2026-05-17 03:43:32 [INFO] EPOCH:187, ======================ACC:77.58====================
2026-05-17 03:43:32 [INFO] BEST EPOCH:183,BEST ACC:77.81
2026-05-17 03:43:32 [INFO] Saving Masks: current CR 0.5013 target CR 0.5000
2026-05-17 03:43:49 [INFO] Epoch: 188 [12800/50000 (26%)]	 Training Loss: 0.025 ACC: 99.19 CR: 0.50 Avg R1: 4.99 Avg R2: 3.69 Avg Reward: 8.674152
2026-05-17 03:44:08 [INFO] Epoch: 188 [25600/50000 (51%)]	 Training Loss: 0.024 ACC: 99.20 CR: 0.50 Avg R1: 4.98 Avg R2: 3.69 Avg Reward: 8.671449
2026-05-17 03:44:26 [INFO] Epoch: 188 [38400/50000 (77%)]	 Training Loss: 0.024 ACC: 99.26 CR: 0.50 Avg R1: 4.98 Avg R2: 3.69 Avg Reward: 8.669424
2026-05-17 03:44:42 [INFO] EPOCH:188, ======================CR:0.50334====================
2026-05-17 03:44:42 [INFO] -0.0034413580959386843
2026-05-17 03:44:44 [INFO] EPOCH:188, ======================ACC:77.52====================
2026-05-17 03:44:44 [INFO] BEST EPOCH:183,BEST ACC:77.81
2026-05-17 03:44:44 [INFO] Saving Masks: current CR 0.5033 target CR 0.5000
2026-05-17 03:45:01 [INFO] Epoch: 189 [12800/50000 (26%)]	 Training Loss: 0.025 ACC: 99.09 CR: 0.50 Avg R1: 4.97 Avg R2: 3.69 Avg Reward: 8.658867
2026-05-17 03:45:19 [INFO] Epoch: 189 [25600/50000 (51%)]	 Training Loss: 0.025 ACC: 99.17 CR: 0.50 Avg R1: 4.97 Avg R2: 3.69 Avg Reward: 8.660222
2026-05-17 03:45:37 [INFO] Epoch: 189 [38400/50000 (77%)]	 Training Loss: 0.024 ACC: 99.17 CR: 0.50 Avg R1: 4.98 Avg R2: 3.69 Avg Reward: 8.663273
2026-05-17 03:45:51 [INFO] EPOCH:189, ======================CR:0.49972====================
2026-05-17 03:45:51 [INFO] -0.0018714763870218338
2026-05-17 03:45:53 [INFO] EPOCH:189, ======================ACC:77.76====================
2026-05-17 03:45:53 [INFO] BEST EPOCH:183,BEST ACC:77.81
2026-05-17 03:45:53 [INFO] Saving Masks: current CR 0.4997 target CR 0.5000
2026-05-17 03:46:10 [INFO] Epoch: 190 [12800/50000 (26%)]	 Training Loss: 0.023 ACC: 99.28 CR: 0.50 Avg R1: 5.00 Avg R2: 3.67 Avg Reward: 8.669637
2026-05-17 03:46:26 [INFO] Epoch: 190 [25600/50000 (51%)]	 Training Loss: 0.022 ACC: 99.29 CR: 0.50 Avg R1: 4.99 Avg R2: 3.68 Avg Reward: 8.669012
2026-05-17 03:46:42 [INFO] Epoch: 190 [38400/50000 (77%)]	 Training Loss: 0.022 ACC: 99.30 CR: 0.50 Avg R1: 4.99 Avg R2: 3.68 Avg Reward: 8.667030
2026-05-17 03:46:58 [INFO] EPOCH:190, ======================CR:0.5038====================
2026-05-17 03:46:58 [INFO] -0.00665326944761763
2026-05-17 03:47:00 [INFO] EPOCH:190, ======================ACC:77.82====================
2026-05-17 03:47:00 [INFO] BEST EPOCH:190,BEST ACC:77.82
2026-05-17 03:47:00 [INFO] Saving Masks: current CR 0.5038 target CR 0.5000
2026-05-17 03:47:00 [INFO] Updated candidate mask pretrained-rescale_mask_best-acc_50_05170047_resnet18 at epoch 190 with acc 77.8200
2026-05-17 03:47:17 [INFO] Epoch: 191 [12800/50000 (26%)]	 Training Loss: 0.022 ACC: 99.31 CR: 0.50 Avg R1: 4.96 Avg R2: 3.68 Avg Reward: 8.644648
2026-05-17 03:47:33 [INFO] Epoch: 191 [25600/50000 (51%)]	 Training Loss: 0.022 ACC: 99.25 CR: 0.50 Avg R1: 4.96 Avg R2: 3.68 Avg Reward: 8.640228
2026-05-17 03:47:50 [INFO] Epoch: 191 [38400/50000 (77%)]	 Training Loss: 0.022 ACC: 99.27 CR: 0.50 Avg R1: 4.96 Avg R2: 3.68 Avg Reward: 8.645155
2026-05-17 03:48:05 [INFO] EPOCH:191, ======================CR:0.49848====================
2026-05-17 03:48:05 [INFO] -0.0029012634980259263
2026-05-17 03:48:07 [INFO] EPOCH:191, ======================ACC:77.86====================
2026-05-17 03:48:07 [INFO] BEST EPOCH:191,BEST ACC:77.86
2026-05-17 03:48:07 [INFO] Saving Masks: current CR 0.4985 target CR 0.5000
2026-05-17 03:48:07 [INFO] Updated candidate mask pretrained-rescale_mask_best-acc_50_05170047_resnet18 at epoch 191 with acc 77.8600
2026-05-17 03:48:24 [INFO] Epoch: 192 [12800/50000 (26%)]	 Training Loss: 0.022 ACC: 99.27 CR: 0.50 Avg R1: 4.97 Avg R2: 3.66 Avg Reward: 8.634811
2026-05-17 03:48:40 [INFO] Epoch: 192 [25600/50000 (51%)]	 Training Loss: 0.022 ACC: 99.26 CR: 0.50 Avg R1: 4.97 Avg R2: 3.66 Avg Reward: 8.630427
2026-05-17 03:48:56 [INFO] Epoch: 192 [38400/50000 (77%)]	 Training Loss: 0.022 ACC: 99.28 CR: 0.50 Avg R1: 4.97 Avg R2: 3.66 Avg Reward: 8.630001
2026-05-17 03:49:11 [INFO] EPOCH:192, ======================CR:0.49828====================
2026-05-17 03:49:11 [INFO] 0.001731422171933582
2026-05-17 03:49:13 [INFO] EPOCH:192, ======================ACC:77.83====================
2026-05-17 03:49:13 [INFO] BEST EPOCH:191,BEST ACC:77.86
2026-05-17 03:49:13 [INFO] Saving Masks: current CR 0.4983 target CR 0.5000
2026-05-17 03:49:31 [INFO] Epoch: 193 [12800/50000 (26%)]	 Training Loss: 0.021 ACC: 99.29 CR: 0.50 Avg R1: 4.98 Avg R2: 3.66 Avg Reward: 8.643611
2026-05-17 03:49:48 [INFO] Epoch: 193 [25600/50000 (51%)]	 Training Loss: 0.021 ACC: 99.32 CR: 0.50 Avg R1: 4.98 Avg R2: 3.66 Avg Reward: 8.642361
2026-05-17 03:50:05 [INFO] Epoch: 193 [38400/50000 (77%)]	 Training Loss: 0.022 ACC: 99.30 CR: 0.50 Avg R1: 4.98 Avg R2: 3.66 Avg Reward: 8.645041
2026-05-17 03:50:22 [INFO] EPOCH:193, ======================CR:0.5024====================
2026-05-17 03:50:22 [INFO] 0.0007776690904473047
2026-05-17 03:50:24 [INFO] EPOCH:193, ======================ACC:77.97====================
2026-05-17 03:50:24 [INFO] BEST EPOCH:193,BEST ACC:77.97
2026-05-17 03:50:24 [INFO] Saving Masks: current CR 0.5024 target CR 0.5000
2026-05-17 03:50:24 [INFO] Updated candidate mask pretrained-rescale_mask_best-acc_50_05170047_resnet18 at epoch 193 with acc 77.9700
2026-05-17 03:50:42 [INFO] Epoch: 194 [12800/50000 (26%)]	 Training Loss: 0.021 ACC: 99.29 CR: 0.50 Avg R1: 4.97 Avg R2: 3.67 Avg Reward: 8.639376
2026-05-17 03:51:01 [INFO] Epoch: 194 [25600/50000 (51%)]	 Training Loss: 0.022 ACC: 99.28 CR: 0.51 Avg R1: 4.96 Avg R2: 3.68 Avg Reward: 8.632400
2026-05-17 03:51:19 [INFO] Epoch: 194 [38400/50000 (77%)]	 Training Loss: 0.022 ACC: 99.27 CR: 0.50 Avg R1: 4.96 Avg R2: 3.67 Avg Reward: 8.634195
2026-05-17 03:51:36 [INFO] EPOCH:194, ======================CR:0.50592====================
2026-05-17 03:51:36 [INFO] -0.0025145187434946646
2026-05-17 03:51:38 [INFO] EPOCH:194, ======================ACC:77.92====================
2026-05-17 03:51:38 [INFO] BEST EPOCH:193,BEST ACC:77.97
2026-05-17 03:51:38 [INFO] Saving Masks: current CR 0.5059 target CR 0.5000
2026-05-17 03:51:54 [INFO] Epoch: 195 [12800/50000 (26%)]	 Training Loss: 0.021 ACC: 99.40 CR: 0.51 Avg R1: 4.95 Avg R2: 3.68 Avg Reward: 8.624956
2026-05-17 03:52:13 [INFO] Epoch: 195 [25600/50000 (51%)]	 Training Loss: 0.022 ACC: 99.31 CR: 0.51 Avg R1: 4.95 Avg R2: 3.68 Avg Reward: 8.622509
2026-05-17 03:52:30 [INFO] Epoch: 195 [38400/50000 (77%)]	 Training Loss: 0.022 ACC: 99.33 CR: 0.50 Avg R1: 4.95 Avg R2: 3.68 Avg Reward: 8.623707
2026-05-17 03:52:47 [INFO] EPOCH:195, ======================CR:0.50278====================
2026-05-17 03:52:47 [INFO] -0.0005940887771465121
2026-05-17 03:52:49 [INFO] EPOCH:195, ======================ACC:77.83====================
2026-05-17 03:52:49 [INFO] BEST EPOCH:193,BEST ACC:77.97
2026-05-17 03:52:49 [INFO] Saving Masks: current CR 0.5028 target CR 0.5000
2026-05-17 03:53:06 [INFO] Epoch: 196 [12800/50000 (26%)]	 Training Loss: 0.023 ACC: 99.16 CR: 0.50 Avg R1: 4.98 Avg R2: 3.67 Avg Reward: 8.641933
2026-05-17 03:53:25 [INFO] Epoch: 196 [25600/50000 (51%)]	 Training Loss: 0.023 ACC: 99.20 CR: 0.50 Avg R1: 4.98 Avg R2: 3.66 Avg Reward: 8.642892
2026-05-17 03:53:42 [INFO] Epoch: 196 [38400/50000 (77%)]	 Training Loss: 0.023 ACC: 99.22 CR: 0.50 Avg R1: 4.98 Avg R2: 3.66 Avg Reward: 8.647188
2026-05-17 03:53:58 [INFO] EPOCH:196, ======================CR:0.5033====================
2026-05-17 03:53:58 [INFO] -0.00504563487007041
2026-05-17 03:54:00 [INFO] EPOCH:196, ======================ACC:77.77====================
2026-05-17 03:54:00 [INFO] BEST EPOCH:193,BEST ACC:77.97
2026-05-17 03:54:00 [INFO] Saving Masks: current CR 0.5033 target CR 0.5000
2026-05-17 03:54:18 [INFO] Epoch: 197 [12800/50000 (26%)]	 Training Loss: 0.023 ACC: 99.18 CR: 0.50 Avg R1: 4.96 Avg R2: 3.67 Avg Reward: 8.626277
2026-05-17 03:54:36 [INFO] Epoch: 197 [25600/50000 (51%)]	 Training Loss: 0.022 ACC: 99.26 CR: 0.50 Avg R1: 4.96 Avg R2: 3.67 Avg Reward: 8.626617
2026-05-17 03:54:53 [INFO] Epoch: 197 [38400/50000 (77%)]	 Training Loss: 0.023 ACC: 99.24 CR: 0.50 Avg R1: 4.96 Avg R2: 3.67 Avg Reward: 8.625957
2026-05-17 03:55:09 [INFO] EPOCH:197, ======================CR:0.5045====================
2026-05-17 03:55:09 [INFO] -0.006581867141403382
2026-05-17 03:55:11 [INFO] EPOCH:197, ======================ACC:77.96====================
2026-05-17 03:55:11 [INFO] BEST EPOCH:193,BEST ACC:77.97
2026-05-17 03:55:11 [INFO] Saving Masks: current CR 0.5045 target CR 0.5000
2026-05-17 03:55:27 [INFO] Epoch: 198 [12800/50000 (26%)]	 Training Loss: 0.021 ACC: 99.31 CR: 0.50 Avg R1: 4.98 Avg R2: 3.65 Avg Reward: 8.634557
2026-05-17 03:55:43 [INFO] Epoch: 198 [25600/50000 (51%)]	 Training Loss: 0.022 ACC: 99.29 CR: 0.50 Avg R1: 4.99 Avg R2: 3.65 Avg Reward: 8.640824
2026-05-17 03:56:01 [INFO] Epoch: 198 [38400/50000 (77%)]	 Training Loss: 0.022 ACC: 99.31 CR: 0.50 Avg R1: 4.98 Avg R2: 3.66 Avg Reward: 8.637919
2026-05-17 03:56:17 [INFO] EPOCH:198, ======================CR:0.50358====================
2026-05-17 03:56:17 [INFO] -0.002265306261850725
2026-05-17 03:56:19 [INFO] EPOCH:198, ======================ACC:77.85====================
2026-05-17 03:56:19 [INFO] BEST EPOCH:193,BEST ACC:77.97
2026-05-17 03:56:19 [INFO] Saving Masks: current CR 0.5036 target CR 0.5000
2026-05-17 03:56:38 [INFO] Epoch: 199 [12800/50000 (26%)]	 Training Loss: 0.022 ACC: 99.27 CR: 0.50 Avg R1: 4.97 Avg R2: 3.67 Avg Reward: 8.635185
2026-05-17 03:56:55 [INFO] Epoch: 199 [25600/50000 (51%)]	 Training Loss: 0.022 ACC: 99.32 CR: 0.50 Avg R1: 4.98 Avg R2: 3.67 Avg Reward: 8.642479
2026-05-17 03:57:14 [INFO] Epoch: 199 [38400/50000 (77%)]	 Training Loss: 0.022 ACC: 99.30 CR: 0.50 Avg R1: 4.98 Avg R2: 3.66 Avg Reward: 8.645406
2026-05-17 03:57:32 [INFO] EPOCH:199, ======================CR:0.499====================
2026-05-17 03:57:32 [INFO] 0.006660807830866337
2026-05-17 03:57:34 [INFO] EPOCH:199, ======================ACC:77.64====================
2026-05-17 03:57:34 [INFO] BEST EPOCH:193,BEST ACC:77.97
2026-05-17 03:57:34 [INFO] Saving Masks: current CR 0.4990 target CR 0.5000
2026-05-17 03:57:34 [INFO] Saved standard mask to /nvme/home/lixiang/baseline/RLSelector/mask/cifar100/96/mask_50.npz with 25000/50000 samples selected
