2026-05-17 04:55:08 [INFO] Epoch: 0 [12800/50000 (26%)]	 Training Loss: 1.826 ACC: 12.54 CR: 0.87 Avg R1: 0.83 Avg R2: 8.76 Avg Reward: 9.589998
2026-05-17 04:55:17 [INFO] Epoch: 0 [25600/50000 (51%)]	 Training Loss: 1.785 ACC: 13.77 CR: 0.74 Avg R1: 1.63 Avg R2: 8.16 Avg Reward: 9.794044
2026-05-17 04:55:26 [INFO] Epoch: 0 [38400/50000 (77%)]	 Training Loss: 1.755 ACC: 14.61 CR: 0.61 Avg R1: 2.46 Avg R2: 7.55 Avg Reward: 10.008204
2026-05-17 04:55:34 [INFO] EPOCH:0, ======================CR:0.47824====================
2026-05-17 04:55:34 [INFO] 0.010835602685170831
2026-05-17 04:55:36 [INFO] EPOCH:0, ======================ACC:19.01====================
2026-05-17 04:55:36 [INFO] BEST EPOCH:0,BEST ACC:19.01
2026-05-17 04:55:45 [INFO] Epoch: 1 [12800/50000 (26%)]	 Training Loss: 1.524 ACC: 18.51 CR: 0.46 Avg R1: 3.93 Avg R2: 4.23 Avg Reward: 8.160718
2026-05-17 04:55:53 [INFO] Epoch: 1 [25600/50000 (51%)]	 Training Loss: 1.447 ACC: 19.29 CR: 0.43 Avg R1: 3.84 Avg R2: 4.17 Avg Reward: 8.007196
2026-05-17 04:56:02 [INFO] Epoch: 1 [38400/50000 (77%)]	 Training Loss: 1.435 ACC: 19.45 CR: 0.41 Avg R1: 3.73 Avg R2: 4.10 Avg Reward: 7.836422
2026-05-17 04:56:10 [INFO] EPOCH:1, ======================CR:0.3973====================
2026-05-17 04:56:10 [INFO] -0.022134210132310324
2026-05-17 04:56:12 [INFO] EPOCH:1, ======================ACC:23.16====================
2026-05-17 04:56:12 [INFO] BEST EPOCH:1,BEST ACC:23.16
2026-05-17 04:56:21 [INFO] Epoch: 2 [12800/50000 (26%)]	 Training Loss: 1.233 ACC: 22.09 CR: 0.38 Avg R1: 3.27 Avg R2: 4.49 Avg Reward: 7.757722
2026-05-17 04:56:30 [INFO] Epoch: 2 [25600/50000 (51%)]	 Training Loss: 1.179 ACC: 23.68 CR: 0.35 Avg R1: 3.16 Avg R2: 4.40 Avg Reward: 7.562937
2026-05-17 04:56:39 [INFO] Epoch: 2 [38400/50000 (77%)]	 Training Loss: 1.175 ACC: 24.10 CR: 0.33 Avg R1: 3.05 Avg R2: 4.32 Avg Reward: 7.375577
2026-05-17 04:56:47 [INFO] EPOCH:2, ======================CR:0.3233====================
2026-05-17 04:56:47 [INFO] -0.018776964806680646
2026-05-17 04:56:49 [INFO] EPOCH:2, ======================ACC:28.05====================
2026-05-17 04:56:49 [INFO] BEST EPOCH:2,BEST ACC:28.05
2026-05-17 04:56:58 [INFO] Epoch: 3 [12800/50000 (26%)]	 Training Loss: 1.201 ACC: 26.45 CR: 0.33 Avg R1: 2.74 Avg R2: 4.29 Avg Reward: 7.028014
2026-05-17 04:57:06 [INFO] Epoch: 3 [25600/50000 (51%)]	 Training Loss: 1.213 ACC: 26.83 CR: 0.35 Avg R1: 2.79 Avg R2: 4.33 Avg Reward: 7.118287
2026-05-17 04:57:15 [INFO] Epoch: 3 [38400/50000 (77%)]	 Training Loss: 1.181 ACC: 27.29 CR: 0.35 Avg R1: 2.83 Avg R2: 4.37 Avg Reward: 7.192134
2026-05-17 04:57:23 [INFO] EPOCH:3, ======================CR:0.3598====================
2026-05-17 04:57:23 [INFO] 0.002167801106153845
2026-05-17 04:57:25 [INFO] EPOCH:3, ======================ACC:28.52====================
2026-05-17 04:57:25 [INFO] BEST EPOCH:3,BEST ACC:28.52
2026-05-17 04:57:35 [INFO] Epoch: 4 [12800/50000 (26%)]	 Training Loss: 1.081 ACC: 31.74 CR: 0.35 Avg R1: 2.97 Avg R2: 4.54 Avg Reward: 7.516008
2026-05-17 04:57:44 [INFO] Epoch: 4 [25600/50000 (51%)]	 Training Loss: 1.098 ACC: 31.64 CR: 0.36 Avg R1: 2.97 Avg R2: 4.54 Avg Reward: 7.511803
2026-05-17 04:57:53 [INFO] Epoch: 4 [38400/50000 (77%)]	 Training Loss: 1.072 ACC: 32.12 CR: 0.35 Avg R1: 2.97 Avg R2: 4.54 Avg Reward: 7.505804
2026-05-17 04:58:01 [INFO] EPOCH:4, ======================CR:0.3225====================
2026-05-17 04:58:01 [INFO] -0.011940833985321118
2026-05-17 04:58:03 [INFO] EPOCH:4, ======================ACC:34.76====================
2026-05-17 04:58:03 [INFO] BEST EPOCH:4,BEST ACC:34.76
2026-05-17 04:58:12 [INFO] Epoch: 5 [12800/50000 (26%)]	 Training Loss: 0.918 ACC: 34.63 CR: 0.31 Avg R1: 2.63 Avg R2: 4.28 Avg Reward: 6.911862
2026-05-17 04:58:21 [INFO] Epoch: 5 [25600/50000 (51%)]	 Training Loss: 0.953 ACC: 34.70 CR: 0.32 Avg R1: 2.63 Avg R2: 4.28 Avg Reward: 6.906639
2026-05-17 04:58:31 [INFO] Epoch: 5 [38400/50000 (77%)]	 Training Loss: 0.978 ACC: 34.84 CR: 0.32 Avg R1: 2.64 Avg R2: 4.29 Avg Reward: 6.932303
2026-05-17 04:58:39 [INFO] EPOCH:5, ======================CR:0.33956====================
2026-05-17 04:58:39 [INFO] -0.0027332294355518175
2026-05-17 04:58:41 [INFO] EPOCH:5, ======================ACC:34.56====================
2026-05-17 04:58:41 [INFO] BEST EPOCH:4,BEST ACC:34.76
2026-05-17 04:58:51 [INFO] Epoch: 6 [12800/50000 (26%)]	 Training Loss: 1.031 ACC: 36.77 CR: 0.35 Avg R1: 2.87 Avg R2: 4.45 Avg Reward: 7.322196
2026-05-17 04:59:00 [INFO] Epoch: 6 [25600/50000 (51%)]	 Training Loss: 1.054 ACC: 37.11 CR: 0.38 Avg R1: 2.95 Avg R2: 4.52 Avg Reward: 7.470794
2026-05-17 04:59:08 [INFO] Epoch: 6 [38400/50000 (77%)]	 Training Loss: 1.078 ACC: 37.39 CR: 0.41 Avg R1: 3.06 Avg R2: 4.60 Avg Reward: 7.657896
2026-05-17 04:59:17 [INFO] EPOCH:6, ======================CR:0.44126====================
2026-05-17 04:59:17 [INFO] 0.006827401015620866
2026-05-17 04:59:19 [INFO] EPOCH:6, ======================ACC:36.41====================
2026-05-17 04:59:19 [INFO] BEST EPOCH:6,BEST ACC:36.41
2026-05-17 04:59:28 [INFO] Epoch: 7 [12800/50000 (26%)]	 Training Loss: 1.088 ACC: 40.24 CR: 0.45 Avg R1: 3.70 Avg R2: 5.03 Avg Reward: 8.733913
2026-05-17 04:59:37 [INFO] Epoch: 7 [25600/50000 (51%)]	 Training Loss: 1.077 ACC: 40.71 CR: 0.46 Avg R1: 3.73 Avg R2: 5.06 Avg Reward: 8.794225
2026-05-17 04:59:46 [INFO] Epoch: 7 [38400/50000 (77%)]	 Training Loss: 1.068 ACC: 40.86 CR: 0.46 Avg R1: 3.76 Avg R2: 5.09 Avg Reward: 8.848810
2026-05-17 04:59:54 [INFO] EPOCH:7, ======================CR:0.4683====================
2026-05-17 04:59:54 [INFO] 0.009007668546051702
2026-05-17 04:59:56 [INFO] EPOCH:7, ======================ACC:41.9====================
2026-05-17 04:59:56 [INFO] BEST EPOCH:7,BEST ACC:41.9
2026-05-17 05:00:05 [INFO] Epoch: 8 [12800/50000 (26%)]	 Training Loss: 1.001 ACC: 43.91 CR: 0.47 Avg R1: 3.91 Avg R2: 5.07 Avg Reward: 8.981329
2026-05-17 05:00:14 [INFO] Epoch: 8 [25600/50000 (51%)]	 Training Loss: 0.989 ACC: 43.80 CR: 0.47 Avg R1: 3.91 Avg R2: 5.07 Avg Reward: 8.980435
2026-05-17 05:00:24 [INFO] Epoch: 8 [38400/50000 (77%)]	 Training Loss: 0.965 ACC: 44.27 CR: 0.46 Avg R1: 3.89 Avg R2: 5.05 Avg Reward: 8.936600
2026-05-17 05:00:32 [INFO] EPOCH:8, ======================CR:0.44612====================
2026-05-17 05:00:32 [INFO] -0.004876391673751789
2026-05-17 05:00:34 [INFO] EPOCH:8, ======================ACC:37.9====================
2026-05-17 05:00:34 [INFO] BEST EPOCH:7,BEST ACC:41.9
2026-05-17 05:00:44 [INFO] Epoch: 9 [12800/50000 (26%)]	 Training Loss: 0.914 ACC: 46.32 CR: 0.44 Avg R1: 3.72 Avg R2: 4.80 Avg Reward: 8.519504
2026-05-17 05:00:52 [INFO] Epoch: 9 [25600/50000 (51%)]	 Training Loss: 0.886 ACC: 46.77 CR: 0.43 Avg R1: 3.69 Avg R2: 4.78 Avg Reward: 8.471149
2026-05-17 05:01:02 [INFO] Epoch: 9 [38400/50000 (77%)]	 Training Loss: 0.858 ACC: 46.84 CR: 0.41 Avg R1: 3.63 Avg R2: 4.73 Avg Reward: 8.359031
2026-05-17 05:01:10 [INFO] EPOCH:9, ======================CR:0.3965====================
2026-05-17 05:01:10 [INFO] 0.0013907519844555964
2026-05-17 05:01:12 [INFO] EPOCH:9, ======================ACC:41.04====================
2026-05-17 05:01:12 [INFO] BEST EPOCH:7,BEST ACC:41.9
2026-05-17 05:01:22 [INFO] Epoch: 10 [12800/50000 (26%)]	 Training Loss: 0.835 ACC: 49.37 CR: 0.40 Avg R1: 3.34 Avg R2: 4.43 Avg Reward: 7.774639
2026-05-17 05:01:31 [INFO] Epoch: 10 [25600/50000 (51%)]	 Training Loss: 0.835 ACC: 48.85 CR: 0.41 Avg R1: 3.36 Avg R2: 4.45 Avg Reward: 7.810825
2026-05-17 05:01:40 [INFO] Epoch: 10 [38400/50000 (77%)]	 Training Loss: 0.842 ACC: 48.64 CR: 0.41 Avg R1: 3.38 Avg R2: 4.46 Avg Reward: 7.837820
2026-05-17 05:01:48 [INFO] EPOCH:10, ======================CR:0.4263====================
2026-05-17 05:01:48 [INFO] -0.00027679778685472386
2026-05-17 05:01:50 [INFO] EPOCH:10, ======================ACC:48.37====================
2026-05-17 05:01:50 [INFO] BEST EPOCH:10,BEST ACC:48.37
2026-05-17 05:02:00 [INFO] Epoch: 11 [12800/50000 (26%)]	 Training Loss: 0.870 ACC: 49.58 CR: 0.43 Avg R1: 3.58 Avg R2: 4.57 Avg Reward: 8.153709
2026-05-17 05:02:10 [INFO] Epoch: 11 [25600/50000 (51%)]	 Training Loss: 0.869 ACC: 49.37 CR: 0.44 Avg R1: 3.62 Avg R2: 4.60 Avg Reward: 8.216348
2026-05-17 05:02:19 [INFO] Epoch: 11 [38400/50000 (77%)]	 Training Loss: 0.872 ACC: 49.36 CR: 0.46 Avg R1: 3.66 Avg R2: 4.63 Avg Reward: 8.289365
2026-05-17 05:02:28 [INFO] EPOCH:11, ======================CR:0.46562====================
2026-05-17 05:02:28 [INFO] -0.004037477399823477
2026-05-17 05:02:30 [INFO] EPOCH:11, ======================ACC:48.7====================
2026-05-17 05:02:30 [INFO] BEST EPOCH:11,BEST ACC:48.7
2026-05-17 05:02:38 [INFO] Epoch: 12 [12800/50000 (26%)]	 Training Loss: 0.824 ACC: 51.41 CR: 0.46 Avg R1: 3.87 Avg R2: 4.73 Avg Reward: 8.597321
2026-05-17 05:02:48 [INFO] Epoch: 12 [25600/50000 (51%)]	 Training Loss: 0.820 ACC: 51.64 CR: 0.46 Avg R1: 3.85 Avg R2: 4.71 Avg Reward: 8.562351
2026-05-17 05:02:58 [INFO] Epoch: 12 [38400/50000 (77%)]	 Training Loss: 0.814 ACC: 51.74 CR: 0.45 Avg R1: 3.82 Avg R2: 4.69 Avg Reward: 8.514366
2026-05-17 05:03:07 [INFO] EPOCH:12, ======================CR:0.43334====================
2026-05-17 05:03:07 [INFO] -0.0027645154837975068
2026-05-17 05:03:09 [INFO] EPOCH:12, ======================ACC:51.96====================
2026-05-17 05:03:09 [INFO] BEST EPOCH:12,BEST ACC:51.96
2026-05-17 05:03:18 [INFO] Epoch: 13 [12800/50000 (26%)]	 Training Loss: 0.763 ACC: 52.98 CR: 0.43 Avg R1: 3.58 Avg R2: 4.46 Avg Reward: 8.046947
2026-05-17 05:03:29 [INFO] Epoch: 13 [25600/50000 (51%)]	 Training Loss: 0.749 ACC: 53.34 CR: 0.42 Avg R1: 3.56 Avg R2: 4.44 Avg Reward: 8.001601
2026-05-17 05:03:39 [INFO] Epoch: 13 [38400/50000 (77%)]	 Training Loss: 0.746 ACC: 53.33 CR: 0.41 Avg R1: 3.53 Avg R2: 4.42 Avg Reward: 7.942739
2026-05-17 05:03:49 [INFO] EPOCH:13, ======================CR:0.40826====================
2026-05-17 05:03:49 [INFO] 0.010461664046964214
2026-05-17 05:03:51 [INFO] EPOCH:13, ======================ACC:45.88====================
2026-05-17 05:03:51 [INFO] BEST EPOCH:12,BEST ACC:51.96
2026-05-17 05:04:01 [INFO] Epoch: 14 [12800/50000 (26%)]	 Training Loss: 0.753 ACC: 53.98 CR: 0.41 Avg R1: 3.43 Avg R2: 4.31 Avg Reward: 7.731899
2026-05-17 05:04:11 [INFO] Epoch: 14 [25600/50000 (51%)]	 Training Loss: 0.745 ACC: 54.66 CR: 0.42 Avg R1: 3.43 Avg R2: 4.31 Avg Reward: 7.744112
2026-05-17 05:04:22 [INFO] Epoch: 14 [38400/50000 (77%)]	 Training Loss: 0.753 ACC: 54.32 CR: 0.42 Avg R1: 3.45 Avg R2: 4.32 Avg Reward: 7.771854
2026-05-17 05:04:31 [INFO] EPOCH:14, ======================CR:0.43002====================
2026-05-17 05:04:31 [INFO] 0.008911828780956678
2026-05-17 05:04:33 [INFO] EPOCH:14, ======================ACC:49.31====================
2026-05-17 05:04:33 [INFO] BEST EPOCH:12,BEST ACC:51.96
2026-05-17 05:04:44 [INFO] Epoch: 15 [12800/50000 (26%)]	 Training Loss: 0.767 ACC: 55.09 CR: 0.44 Avg R1: 3.61 Avg R2: 4.42 Avg Reward: 8.031966
2026-05-17 05:04:55 [INFO] Epoch: 15 [25600/50000 (51%)]	 Training Loss: 0.780 ACC: 54.43 CR: 0.44 Avg R1: 3.64 Avg R2: 4.44 Avg Reward: 8.084147
2026-05-17 05:05:05 [INFO] Epoch: 15 [38400/50000 (77%)]	 Training Loss: 0.777 ACC: 54.71 CR: 0.45 Avg R1: 3.67 Avg R2: 4.47 Avg Reward: 8.140927
2026-05-17 05:05:15 [INFO] EPOCH:15, ======================CR:0.46478====================
2026-05-17 05:05:15 [INFO] 0.003526529614175553
2026-05-17 05:05:17 [INFO] EPOCH:15, ======================ACC:54.23====================
2026-05-17 05:05:17 [INFO] BEST EPOCH:15,BEST ACC:54.23
2026-05-17 05:05:27 [INFO] Epoch: 16 [12800/50000 (26%)]	 Training Loss: 0.777 ACC: 55.36 CR: 0.47 Avg R1: 3.90 Avg R2: 4.59 Avg Reward: 8.491146
2026-05-17 05:05:38 [INFO] Epoch: 16 [25600/50000 (51%)]	 Training Loss: 0.780 ACC: 55.46 CR: 0.48 Avg R1: 3.92 Avg R2: 4.61 Avg Reward: 8.525232
2026-05-17 05:05:49 [INFO] Epoch: 16 [38400/50000 (77%)]	 Training Loss: 0.785 ACC: 55.60 CR: 0.48 Avg R1: 3.94 Avg R2: 4.62 Avg Reward: 8.562917
2026-05-17 05:05:58 [INFO] EPOCH:16, ======================CR:0.49136====================
2026-05-17 05:05:58 [INFO] 0.0017057914610933737
2026-05-17 05:06:00 [INFO] EPOCH:16, ======================ACC:48.54====================
2026-05-17 05:06:00 [INFO] BEST EPOCH:15,BEST ACC:54.23
2026-05-17 05:06:11 [INFO] Epoch: 17 [12800/50000 (26%)]	 Training Loss: 0.780 ACC: 56.18 CR: 0.49 Avg R1: 4.09 Avg R2: 4.71 Avg Reward: 8.802217
2026-05-17 05:06:22 [INFO] Epoch: 17 [25600/50000 (51%)]	 Training Loss: 0.784 ACC: 55.93 CR: 0.49 Avg R1: 4.10 Avg R2: 4.71 Avg Reward: 8.808524
2026-05-17 05:06:32 [INFO] Epoch: 17 [38400/50000 (77%)]	 Training Loss: 0.779 ACC: 56.06 CR: 0.49 Avg R1: 4.10 Avg R2: 4.71 Avg Reward: 8.811557
2026-05-17 05:06:42 [INFO] EPOCH:17, ======================CR:0.4869====================
2026-05-17 05:06:42 [INFO] 0.007204740579541511
2026-05-17 05:06:44 [INFO] EPOCH:17, ======================ACC:50.99====================
2026-05-17 05:06:44 [INFO] BEST EPOCH:15,BEST ACC:54.23
2026-05-17 05:06:54 [INFO] Epoch: 18 [12800/50000 (26%)]	 Training Loss: 0.723 ACC: 57.82 CR: 0.48 Avg R1: 4.04 Avg R2: 4.67 Avg Reward: 8.705121
2026-05-17 05:07:05 [INFO] Epoch: 18 [25600/50000 (51%)]	 Training Loss: 0.711 ACC: 58.16 CR: 0.47 Avg R1: 4.00 Avg R2: 4.64 Avg Reward: 8.631868
2026-05-17 05:07:15 [INFO] Epoch: 18 [38400/50000 (77%)]	 Training Loss: 0.713 ACC: 57.88 CR: 0.46 Avg R1: 3.94 Avg R2: 4.60 Avg Reward: 8.544873
2026-05-17 05:07:25 [INFO] EPOCH:18, ======================CR:0.45236====================
2026-05-17 05:07:25 [INFO] -0.004341390151765935
2026-05-17 05:07:27 [INFO] EPOCH:18, ======================ACC:55.17====================
2026-05-17 05:07:27 [INFO] BEST EPOCH:18,BEST ACC:55.17
2026-05-17 05:07:38 [INFO] Epoch: 19 [12800/50000 (26%)]	 Training Loss: 0.726 ACC: 58.30 CR: 0.46 Avg R1: 3.80 Avg R2: 4.47 Avg Reward: 8.271798
2026-05-17 05:07:49 [INFO] Epoch: 19 [25600/50000 (51%)]	 Training Loss: 0.725 ACC: 58.17 CR: 0.47 Avg R1: 3.83 Avg R2: 4.49 Avg Reward: 8.320679
2026-05-17 05:08:00 [INFO] Epoch: 19 [38400/50000 (77%)]	 Training Loss: 0.737 ACC: 57.65 CR: 0.48 Avg R1: 3.87 Avg R2: 4.51 Avg Reward: 8.374049
2026-05-17 05:08:09 [INFO] EPOCH:19, ======================CR:0.4828====================
2026-05-17 05:08:09 [INFO] -0.0037823967478363986
2026-05-17 05:08:11 [INFO] EPOCH:19, ======================ACC:53.15====================
2026-05-17 05:08:11 [INFO] BEST EPOCH:18,BEST ACC:55.17
2026-05-17 05:08:22 [INFO] Epoch: 20 [12800/50000 (26%)]	 Training Loss: 0.711 ACC: 57.84 CR: 0.48 Avg R1: 4.01 Avg R2: 4.60 Avg Reward: 8.602322
2026-05-17 05:08:33 [INFO] Epoch: 20 [25600/50000 (51%)]	 Training Loss: 0.695 ACC: 58.52 CR: 0.47 Avg R1: 3.97 Avg R2: 4.57 Avg Reward: 8.543186
2026-05-17 05:08:43 [INFO] Epoch: 20 [38400/50000 (77%)]	 Training Loss: 0.693 ACC: 58.38 CR: 0.45 Avg R1: 3.92 Avg R2: 4.55 Avg Reward: 8.466430
2026-05-17 05:08:53 [INFO] EPOCH:20, ======================CR:0.44148====================
2026-05-17 05:08:53 [INFO] 0.003488044488227427
2026-05-17 05:08:55 [INFO] EPOCH:20, ======================ACC:56.09====================
2026-05-17 05:08:55 [INFO] BEST EPOCH:20,BEST ACC:56.09
2026-05-17 05:09:05 [INFO] Epoch: 21 [12800/50000 (26%)]	 Training Loss: 0.658 ACC: 59.59 CR: 0.44 Avg R1: 3.68 Avg R2: 4.38 Avg Reward: 8.054793
2026-05-17 05:09:15 [INFO] Epoch: 21 [25600/50000 (51%)]	 Training Loss: 0.661 ACC: 59.84 CR: 0.44 Avg R1: 3.68 Avg R2: 4.38 Avg Reward: 8.061704
2026-05-17 05:09:26 [INFO] Epoch: 21 [38400/50000 (77%)]	 Training Loss: 0.672 ACC: 59.52 CR: 0.45 Avg R1: 3.70 Avg R2: 4.39 Avg Reward: 8.083230
2026-05-17 05:09:36 [INFO] EPOCH:21, ======================CR:0.45332====================
2026-05-17 05:09:36 [INFO] 0.008741088151132212
2026-05-17 05:09:38 [INFO] EPOCH:21, ======================ACC:57.32====================
2026-05-17 05:09:38 [INFO] BEST EPOCH:21,BEST ACC:57.32
2026-05-17 05:09:48 [INFO] Epoch: 22 [12800/50000 (26%)]	 Training Loss: 0.691 ACC: 59.80 CR: 0.46 Avg R1: 3.79 Avg R2: 4.43 Avg Reward: 8.216499
2026-05-17 05:09:58 [INFO] Epoch: 22 [25600/50000 (51%)]	 Training Loss: 0.701 ACC: 59.60 CR: 0.46 Avg R1: 3.81 Avg R2: 4.45 Avg Reward: 8.261240
2026-05-17 05:10:09 [INFO] Epoch: 22 [38400/50000 (77%)]	 Training Loss: 0.706 ACC: 59.35 CR: 0.47 Avg R1: 3.83 Avg R2: 4.47 Avg Reward: 8.301243
2026-05-17 05:10:19 [INFO] EPOCH:22, ======================CR:0.4746====================
2026-05-17 05:10:19 [INFO] 0.007767251459415715
2026-05-17 05:10:21 [INFO] EPOCH:22, ======================ACC:54.88====================
2026-05-17 05:10:21 [INFO] BEST EPOCH:21,BEST ACC:57.32
2026-05-17 05:10:32 [INFO] Epoch: 23 [12800/50000 (26%)]	 Training Loss: 0.680 ACC: 60.05 CR: 0.48 Avg R1: 3.96 Avg R2: 4.57 Avg Reward: 8.530159
2026-05-17 05:10:43 [INFO] Epoch: 23 [25600/50000 (51%)]	 Training Loss: 0.686 ACC: 60.12 CR: 0.48 Avg R1: 3.98 Avg R2: 4.57 Avg Reward: 8.548134
2026-05-17 05:10:54 [INFO] Epoch: 23 [38400/50000 (77%)]	 Training Loss: 0.687 ACC: 60.07 CR: 0.48 Avg R1: 3.99 Avg R2: 4.58 Avg Reward: 8.562954
2026-05-17 05:11:05 [INFO] EPOCH:23, ======================CR:0.48276====================
2026-05-17 05:11:05 [INFO] 0.0023391421431476866
2026-05-17 05:11:07 [INFO] EPOCH:23, ======================ACC:54.82====================
2026-05-17 05:11:07 [INFO] BEST EPOCH:21,BEST ACC:57.32
2026-05-17 05:11:17 [INFO] Epoch: 24 [12800/50000 (26%)]	 Training Loss: 0.676 ACC: 60.90 CR: 0.48 Avg R1: 4.02 Avg R2: 4.58 Avg Reward: 8.604450
2026-05-17 05:11:29 [INFO] Epoch: 24 [25600/50000 (51%)]	 Training Loss: 0.669 ACC: 60.99 CR: 0.48 Avg R1: 4.02 Avg R2: 4.58 Avg Reward: 8.598407
2026-05-17 05:11:40 [INFO] Epoch: 24 [38400/50000 (77%)]	 Training Loss: 0.672 ACC: 60.94 CR: 0.48 Avg R1: 4.02 Avg R2: 4.58 Avg Reward: 8.591854
2026-05-17 05:11:50 [INFO] EPOCH:24, ======================CR:0.48148====================
2026-05-17 05:11:50 [INFO] 0.008526650993659686
2026-05-17 05:11:52 [INFO] EPOCH:24, ======================ACC:54.14====================
2026-05-17 05:11:52 [INFO] BEST EPOCH:21,BEST ACC:57.32
2026-05-17 05:12:03 [INFO] Epoch: 25 [12800/50000 (26%)]	 Training Loss: 0.667 ACC: 61.91 CR: 0.48 Avg R1: 4.02 Avg R2: 4.58 Avg Reward: 8.600438
2026-05-17 05:12:13 [INFO] Epoch: 25 [25600/50000 (51%)]	 Training Loss: 0.676 ACC: 61.58 CR: 0.48 Avg R1: 4.02 Avg R2: 4.59 Avg Reward: 8.614125
2026-05-17 05:12:25 [INFO] Epoch: 25 [38400/50000 (77%)]	 Training Loss: 0.681 ACC: 61.45 CR: 0.49 Avg R1: 4.03 Avg R2: 4.60 Avg Reward: 8.630088
2026-05-17 05:12:35 [INFO] EPOCH:25, ======================CR:0.49012====================
2026-05-17 05:12:35 [INFO] 0.0009436991709685596
2026-05-17 05:12:36 [INFO] EPOCH:25, ======================ACC:54.89====================
2026-05-17 05:12:36 [INFO] BEST EPOCH:21,BEST ACC:57.32
2026-05-17 05:12:47 [INFO] Epoch: 26 [12800/50000 (26%)]	 Training Loss: 0.677 ACC: 60.99 CR: 0.49 Avg R1: 4.09 Avg R2: 4.64 Avg Reward: 8.730429
2026-05-17 05:12:58 [INFO] Epoch: 26 [25600/50000 (51%)]	 Training Loss: 0.676 ACC: 61.46 CR: 0.49 Avg R1: 4.09 Avg R2: 4.65 Avg Reward: 8.741372
2026-05-17 05:13:10 [INFO] Epoch: 26 [38400/50000 (77%)]	 Training Loss: 0.686 ACC: 60.95 CR: 0.49 Avg R1: 4.10 Avg R2: 4.65 Avg Reward: 8.749988
2026-05-17 05:13:19 [INFO] EPOCH:26, ======================CR:0.49336====================
2026-05-17 05:13:19 [INFO] 0.0024817066357410832
2026-05-17 05:13:21 [INFO] EPOCH:26, ======================ACC:53.86====================
2026-05-17 05:13:21 [INFO] BEST EPOCH:21,BEST ACC:57.32
2026-05-17 05:13:33 [INFO] Epoch: 27 [12800/50000 (26%)]	 Training Loss: 0.656 ACC: 62.33 CR: 0.49 Avg R1: 4.11 Avg R2: 4.65 Avg Reward: 8.753803
2026-05-17 05:13:43 [INFO] Epoch: 27 [25600/50000 (51%)]	 Training Loss: 0.659 ACC: 61.87 CR: 0.49 Avg R1: 4.11 Avg R2: 4.65 Avg Reward: 8.761471
2026-05-17 05:13:54 [INFO] Epoch: 27 [38400/50000 (77%)]	 Training Loss: 0.666 ACC: 61.88 CR: 0.50 Avg R1: 4.12 Avg R2: 4.66 Avg Reward: 8.777091
2026-05-17 05:14:04 [INFO] EPOCH:27, ======================CR:0.50226====================
2026-05-17 05:14:04 [INFO] -0.0022205376483768065
2026-05-17 05:14:06 [INFO] EPOCH:27, ======================ACC:54.45====================
2026-05-17 05:14:06 [INFO] BEST EPOCH:21,BEST ACC:57.32
2026-05-17 05:14:18 [INFO] Epoch: 28 [12800/50000 (26%)]	 Training Loss: 0.680 ACC: 62.11 CR: 0.51 Avg R1: 4.22 Avg R2: 4.72 Avg Reward: 8.930864
2026-05-17 05:14:29 [INFO] Epoch: 28 [25600/50000 (51%)]	 Training Loss: 0.688 ACC: 62.22 CR: 0.51 Avg R1: 4.24 Avg R2: 4.73 Avg Reward: 8.969149
2026-05-17 05:14:39 [INFO] Epoch: 28 [38400/50000 (77%)]	 Training Loss: 0.683 ACC: 62.31 CR: 0.52 Avg R1: 4.26 Avg R2: 4.74 Avg Reward: 8.997693
2026-05-17 05:14:49 [INFO] EPOCH:28, ======================CR:0.51832====================
2026-05-17 05:14:49 [INFO] 0.009783708158075097
2026-05-17 05:14:51 [INFO] EPOCH:28, ======================ACC:56.58====================
2026-05-17 05:14:51 [INFO] BEST EPOCH:21,BEST ACC:57.32
2026-05-17 05:15:03 [INFO] Epoch: 29 [12800/50000 (26%)]	 Training Loss: 0.636 ACC: 64.09 CR: 0.52 Avg R1: 4.31 Avg R2: 4.78 Avg Reward: 9.098804
2026-05-17 05:15:14 [INFO] Epoch: 29 [25600/50000 (51%)]	 Training Loss: 0.648 ACC: 63.46 CR: 0.51 Avg R1: 4.30 Avg R2: 4.78 Avg Reward: 9.079595
2026-05-17 05:15:24 [INFO] Epoch: 29 [38400/50000 (77%)]	 Training Loss: 0.653 ACC: 63.12 CR: 0.51 Avg R1: 4.29 Avg R2: 4.77 Avg Reward: 9.067270
2026-05-17 05:15:34 [INFO] EPOCH:29, ======================CR:0.50974====================
2026-05-17 05:15:34 [INFO] -0.0011185992654495088
2026-05-17 05:15:36 [INFO] EPOCH:29, ======================ACC:56.46====================
2026-05-17 05:15:36 [INFO] BEST EPOCH:21,BEST ACC:57.32
2026-05-17 05:15:48 [INFO] Epoch: 30 [12800/50000 (26%)]	 Training Loss: 0.652 ACC: 63.19 CR: 0.51 Avg R1: 4.25 Avg R2: 4.74 Avg Reward: 8.992986
2026-05-17 05:16:01 [INFO] Epoch: 30 [25600/50000 (51%)]	 Training Loss: 0.651 ACC: 63.44 CR: 0.52 Avg R1: 4.27 Avg R2: 4.75 Avg Reward: 9.018420
2026-05-17 05:16:13 [INFO] Epoch: 30 [38400/50000 (77%)]	 Training Loss: 0.651 ACC: 63.17 CR: 0.51 Avg R1: 4.28 Avg R2: 4.75 Avg Reward: 9.030715
2026-05-17 05:16:22 [INFO] EPOCH:30, ======================CR:0.51508====================
2026-05-17 05:16:22 [INFO] -0.0004503978436776379
2026-05-17 05:16:24 [INFO] EPOCH:30, ======================ACC:57.47====================
2026-05-17 05:16:24 [INFO] BEST EPOCH:30,BEST ACC:57.47
2026-05-17 05:16:36 [INFO] Epoch: 31 [12800/50000 (26%)]	 Training Loss: 0.637 ACC: 64.73 CR: 0.52 Avg R1: 4.30 Avg R2: 4.77 Avg Reward: 9.069211
2026-05-17 05:16:47 [INFO] Epoch: 31 [25600/50000 (51%)]	 Training Loss: 0.646 ACC: 64.11 CR: 0.52 Avg R1: 4.31 Avg R2: 4.78 Avg Reward: 9.084507
2026-05-17 05:16:58 [INFO] Epoch: 31 [38400/50000 (77%)]	 Training Loss: 0.647 ACC: 63.92 CR: 0.52 Avg R1: 4.31 Avg R2: 4.78 Avg Reward: 9.086154
2026-05-17 05:17:08 [INFO] EPOCH:31, ======================CR:0.51272====================
2026-05-17 05:17:08 [INFO] 0.004140363328581019
2026-05-17 05:17:10 [INFO] EPOCH:31, ======================ACC:59.08====================
2026-05-17 05:17:10 [INFO] BEST EPOCH:31,BEST ACC:59.08
2026-05-17 05:17:21 [INFO] Epoch: 32 [12800/50000 (26%)]	 Training Loss: 0.606 ACC: 65.19 CR: 0.51 Avg R1: 4.26 Avg R2: 4.72 Avg Reward: 8.984740
2026-05-17 05:17:33 [INFO] Epoch: 32 [25600/50000 (51%)]	 Training Loss: 0.624 ACC: 64.66 CR: 0.51 Avg R1: 4.25 Avg R2: 4.72 Avg Reward: 8.962510
2026-05-17 05:17:46 [INFO] Epoch: 32 [38400/50000 (77%)]	 Training Loss: 0.626 ACC: 64.54 CR: 0.50 Avg R1: 4.23 Avg R2: 4.71 Avg Reward: 8.937520
2026-05-17 05:17:56 [INFO] EPOCH:32, ======================CR:0.49964====================
2026-05-17 05:17:56 [INFO] 0.009932747908073901
2026-05-17 05:17:58 [INFO] EPOCH:32, ======================ACC:54.53====================
2026-05-17 05:17:58 [INFO] BEST EPOCH:31,BEST ACC:59.08
2026-05-17 05:18:10 [INFO] Epoch: 33 [12800/50000 (26%)]	 Training Loss: 0.622 ACC: 65.16 CR: 0.50 Avg R1: 4.15 Avg R2: 4.68 Avg Reward: 8.829720
2026-05-17 05:18:22 [INFO] Epoch: 33 [25600/50000 (51%)]	 Training Loss: 0.620 ACC: 64.79 CR: 0.50 Avg R1: 4.15 Avg R2: 4.67 Avg Reward: 8.822559
2026-05-17 05:18:34 [INFO] Epoch: 33 [38400/50000 (77%)]	 Training Loss: 0.620 ACC: 64.66 CR: 0.49 Avg R1: 4.14 Avg R2: 4.67 Avg Reward: 8.808633
2026-05-17 05:18:45 [INFO] EPOCH:33, ======================CR:0.4911====================
2026-05-17 05:18:45 [INFO] 0.005018124000935004
2026-05-17 05:18:47 [INFO] EPOCH:33, ======================ACC:55.81====================
2026-05-17 05:18:47 [INFO] BEST EPOCH:31,BEST ACC:59.08
2026-05-17 05:18:58 [INFO] Epoch: 34 [12800/50000 (26%)]	 Training Loss: 0.590 ACC: 65.93 CR: 0.49 Avg R1: 4.10 Avg R2: 4.64 Avg Reward: 8.731758
2026-05-17 05:19:08 [INFO] Epoch: 34 [25600/50000 (51%)]	 Training Loss: 0.594 ACC: 65.38 CR: 0.49 Avg R1: 4.09 Avg R2: 4.63 Avg Reward: 8.725673
2026-05-17 05:19:19 [INFO] Epoch: 34 [38400/50000 (77%)]	 Training Loss: 0.604 ACC: 65.03 CR: 0.49 Avg R1: 4.09 Avg R2: 4.63 Avg Reward: 8.718864
2026-05-17 05:19:29 [INFO] EPOCH:34, ======================CR:0.48982====================
2026-05-17 05:19:29 [INFO] 0.012885184745126873
2026-05-17 05:19:31 [INFO] EPOCH:34, ======================ACC:58.11====================
2026-05-17 05:19:31 [INFO] BEST EPOCH:31,BEST ACC:59.08
2026-05-17 05:19:40 [INFO] Epoch: 35 [12800/50000 (26%)]	 Training Loss: 0.584 ACC: 66.20 CR: 0.49 Avg R1: 4.07 Avg R2: 4.63 Avg Reward: 8.707883
2026-05-17 05:19:51 [INFO] Epoch: 35 [25600/50000 (51%)]	 Training Loss: 0.586 ACC: 65.75 CR: 0.49 Avg R1: 4.07 Avg R2: 4.63 Avg Reward: 8.701359
2026-05-17 05:20:01 [INFO] Epoch: 35 [38400/50000 (77%)]	 Training Loss: 0.593 ACC: 65.42 CR: 0.48 Avg R1: 4.06 Avg R2: 4.63 Avg Reward: 8.686209
2026-05-17 05:20:11 [INFO] EPOCH:35, ======================CR:0.48124====================
2026-05-17 05:20:11 [INFO] 0.015380989756087428
2026-05-17 05:20:13 [INFO] EPOCH:35, ======================ACC:59.52====================
2026-05-17 05:20:13 [INFO] BEST EPOCH:35,BEST ACC:59.52
2026-05-17 05:20:23 [INFO] Epoch: 36 [12800/50000 (26%)]	 Training Loss: 0.579 ACC: 66.32 CR: 0.48 Avg R1: 4.01 Avg R2: 4.59 Avg Reward: 8.603531
2026-05-17 05:20:34 [INFO] Epoch: 36 [25600/50000 (51%)]	 Training Loss: 0.576 ACC: 66.54 CR: 0.48 Avg R1: 4.00 Avg R2: 4.59 Avg Reward: 8.592495
2026-05-17 05:20:44 [INFO] Epoch: 36 [38400/50000 (77%)]	 Training Loss: 0.589 ACC: 65.69 CR: 0.48 Avg R1: 4.01 Avg R2: 4.59 Avg Reward: 8.599334
2026-05-17 05:20:54 [INFO] EPOCH:36, ======================CR:0.4885====================
2026-05-17 05:20:54 [INFO] 0.016790968344482574
2026-05-17 05:20:56 [INFO] EPOCH:36, ======================ACC:58.1====================
2026-05-17 05:20:56 [INFO] BEST EPOCH:35,BEST ACC:59.52
2026-05-17 05:21:07 [INFO] Epoch: 37 [12800/50000 (26%)]	 Training Loss: 0.600 ACC: 65.73 CR: 0.49 Avg R1: 4.09 Avg R2: 4.64 Avg Reward: 8.732699
2026-05-17 05:21:18 [INFO] Epoch: 37 [25600/50000 (51%)]	 Training Loss: 0.599 ACC: 65.93 CR: 0.50 Avg R1: 4.10 Avg R2: 4.65 Avg Reward: 8.759175
2026-05-17 05:21:29 [INFO] Epoch: 37 [38400/50000 (77%)]	 Training Loss: 0.607 ACC: 65.63 CR: 0.51 Avg R1: 4.13 Avg R2: 4.67 Avg Reward: 8.799613
2026-05-17 05:21:37 [INFO] EPOCH:37, ======================CR:0.51446====================
2026-05-17 05:21:37 [INFO] 0.004716270961797764
2026-05-17 05:21:40 [INFO] EPOCH:37, ======================ACC:55.54====================
2026-05-17 05:21:40 [INFO] BEST EPOCH:35,BEST ACC:59.52
2026-05-17 05:21:49 [INFO] Epoch: 38 [12800/50000 (26%)]	 Training Loss: 0.599 ACC: 66.71 CR: 0.52 Avg R1: 4.32 Avg R2: 4.80 Avg Reward: 9.111541
2026-05-17 05:21:59 [INFO] Epoch: 38 [25600/50000 (51%)]	 Training Loss: 0.608 ACC: 66.36 CR: 0.52 Avg R1: 4.32 Avg R2: 4.80 Avg Reward: 9.125542
2026-05-17 05:22:09 [INFO] Epoch: 38 [38400/50000 (77%)]	 Training Loss: 0.615 ACC: 66.07 CR: 0.52 Avg R1: 4.33 Avg R2: 4.81 Avg Reward: 9.145125
2026-05-17 05:22:19 [INFO] EPOCH:38, ======================CR:0.52814====================
2026-05-17 05:22:19 [INFO] 0.01198345377035145
2026-05-17 05:22:22 [INFO] EPOCH:38, ======================ACC:59.4====================
2026-05-17 05:22:22 [INFO] BEST EPOCH:35,BEST ACC:59.52
2026-05-17 05:22:33 [INFO] Epoch: 39 [12800/50000 (26%)]	 Training Loss: 0.596 ACC: 67.03 CR: 0.53 Avg R1: 4.42 Avg R2: 4.86 Avg Reward: 9.284674
2026-05-17 05:22:43 [INFO] Epoch: 39 [25600/50000 (51%)]	 Training Loss: 0.613 ACC: 66.34 CR: 0.53 Avg R1: 4.43 Avg R2: 4.87 Avg Reward: 9.293526
2026-05-17 05:22:54 [INFO] Epoch: 39 [38400/50000 (77%)]	 Training Loss: 0.615 ACC: 66.31 CR: 0.54 Avg R1: 4.44 Avg R2: 4.87 Avg Reward: 9.308593
2026-05-17 05:23:03 [INFO] EPOCH:39, ======================CR:0.53856====================
2026-05-17 05:23:03 [INFO] 0.00896695610652341
2026-05-17 05:23:05 [INFO] EPOCH:39, ======================ACC:56.11====================
2026-05-17 05:23:05 [INFO] BEST EPOCH:35,BEST ACC:59.52
2026-05-17 05:23:16 [INFO] Epoch: 40 [12800/50000 (26%)]	 Training Loss: 0.605 ACC: 66.88 CR: 0.54 Avg R1: 4.49 Avg R2: 4.92 Avg Reward: 9.408674
2026-05-17 05:23:26 [INFO] Epoch: 40 [25600/50000 (51%)]	 Training Loss: 0.610 ACC: 66.74 CR: 0.54 Avg R1: 4.50 Avg R2: 4.93 Avg Reward: 9.435093
2026-05-17 05:23:36 [INFO] Epoch: 40 [38400/50000 (77%)]	 Training Loss: 0.616 ACC: 66.40 CR: 0.54 Avg R1: 4.51 Avg R2: 4.94 Avg Reward: 9.446583
2026-05-17 05:23:47 [INFO] EPOCH:40, ======================CR:0.5413====================
2026-05-17 05:23:47 [INFO] 0.012069726144817917
2026-05-17 05:23:49 [INFO] EPOCH:40, ======================ACC:60.18====================
2026-05-17 05:23:49 [INFO] BEST EPOCH:40,BEST ACC:60.18
2026-05-17 05:23:59 [INFO] Epoch: 41 [12800/50000 (26%)]	 Training Loss: 0.597 ACC: 67.43 CR: 0.54 Avg R1: 4.52 Avg R2: 4.95 Avg Reward: 9.464904
2026-05-17 05:24:09 [INFO] Epoch: 41 [25600/50000 (51%)]	 Training Loss: 0.609 ACC: 67.03 CR: 0.54 Avg R1: 4.51 Avg R2: 4.95 Avg Reward: 9.464020
2026-05-17 05:24:21 [INFO] Epoch: 41 [38400/50000 (77%)]	 Training Loss: 0.607 ACC: 66.84 CR: 0.54 Avg R1: 4.51 Avg R2: 4.95 Avg Reward: 9.461289
2026-05-17 05:24:32 [INFO] EPOCH:41, ======================CR:0.54048====================
2026-05-17 05:24:32 [INFO] 0.0012508770726676448
2026-05-17 05:24:34 [INFO] EPOCH:41, ======================ACC:59.23====================
2026-05-17 05:24:34 [INFO] BEST EPOCH:40,BEST ACC:60.18
2026-05-17 05:24:44 [INFO] Epoch: 42 [12800/50000 (26%)]	 Training Loss: 0.612 ACC: 66.69 CR: 0.54 Avg R1: 4.51 Avg R2: 4.96 Avg Reward: 9.463591
2026-05-17 05:24:54 [INFO] Epoch: 42 [25600/50000 (51%)]	 Training Loss: 0.618 ACC: 66.38 CR: 0.55 Avg R1: 4.52 Avg R2: 4.97 Avg Reward: 9.486053
2026-05-17 05:25:06 [INFO] Epoch: 42 [38400/50000 (77%)]	 Training Loss: 0.630 ACC: 66.39 CR: 0.56 Avg R1: 4.55 Avg R2: 4.98 Avg Reward: 9.525045
2026-05-17 05:25:16 [INFO] EPOCH:42, ======================CR:0.57972====================
2026-05-17 05:25:16 [INFO] 0.012720498438437691
2026-05-17 05:25:18 [INFO] EPOCH:42, ======================ACC:58.8====================
2026-05-17 05:25:18 [INFO] BEST EPOCH:40,BEST ACC:60.18
2026-05-17 05:25:28 [INFO] Epoch: 43 [12800/50000 (26%)]	 Training Loss: 0.642 ACC: 67.48 CR: 0.59 Avg R1: 4.86 Avg R2: 5.20 Avg Reward: 10.064243
2026-05-17 05:25:38 [INFO] Epoch: 43 [25600/50000 (51%)]	 Training Loss: 0.665 ACC: 67.14 CR: 0.60 Avg R1: 4.90 Avg R2: 5.23 Avg Reward: 10.136254
2026-05-17 05:25:49 [INFO] Epoch: 43 [38400/50000 (77%)]	 Training Loss: 0.686 ACC: 66.50 CR: 0.63 Avg R1: 4.87 Avg R2: 5.29 Avg Reward: 10.159968
2026-05-17 05:25:59 [INFO] EPOCH:43, ======================CR:0.64122====================
2026-05-17 05:25:59 [INFO] 0.021905902516836523
2026-05-17 05:26:01 [INFO] EPOCH:43, ======================ACC:59.69====================
2026-05-17 05:26:01 [INFO] BEST EPOCH:40,BEST ACC:60.18
2026-05-17 05:26:12 [INFO] Epoch: 44 [12800/50000 (26%)]	 Training Loss: 0.680 ACC: 66.73 CR: 0.64 Avg R1: 4.48 Avg R2: 5.55 Avg Reward: 10.030569
2026-05-17 05:26:21 [INFO] Epoch: 44 [25600/50000 (51%)]	 Training Loss: 0.690 ACC: 66.55 CR: 0.65 Avg R1: 4.45 Avg R2: 5.56 Avg Reward: 10.013878
2026-05-17 05:26:29 [INFO] Epoch: 44 [38400/50000 (77%)]	 Training Loss: 0.691 ACC: 66.60 CR: 0.65 Avg R1: 4.42 Avg R2: 5.58 Avg Reward: 9.993122
2026-05-17 05:26:37 [INFO] EPOCH:44, ======================CR:0.654====================
2026-05-17 05:26:37 [INFO] 0.020601176136967304
2026-05-17 05:26:39 [INFO] EPOCH:44, ======================ACC:57.7====================
2026-05-17 05:26:39 [INFO] BEST EPOCH:40,BEST ACC:60.18
2026-05-17 05:26:48 [INFO] Epoch: 45 [12800/50000 (26%)]	 Training Loss: 0.638 ACC: 68.02 CR: 0.65 Avg R1: 4.35 Avg R2: 5.61 Avg Reward: 9.956361
2026-05-17 05:26:57 [INFO] Epoch: 45 [25600/50000 (51%)]	 Training Loss: 0.646 ACC: 67.93 CR: 0.65 Avg R1: 4.37 Avg R2: 5.60 Avg Reward: 9.969696
2026-05-17 05:27:06 [INFO] Epoch: 45 [38400/50000 (77%)]	 Training Loss: 0.656 ACC: 67.60 CR: 0.65 Avg R1: 4.39 Avg R2: 5.59 Avg Reward: 9.983307
2026-05-17 05:27:14 [INFO] EPOCH:45, ======================CR:0.64092====================
2026-05-17 05:27:14 [INFO] 0.024352568394408927
2026-05-17 05:27:16 [INFO] EPOCH:45, ======================ACC:58.65====================
2026-05-17 05:27:16 [INFO] BEST EPOCH:40,BEST ACC:60.18
2026-05-17 05:27:25 [INFO] Epoch: 46 [12800/50000 (26%)]	 Training Loss: 0.643 ACC: 68.15 CR: 0.64 Avg R1: 4.50 Avg R2: 5.55 Avg Reward: 10.049638
2026-05-17 05:27:36 [INFO] Epoch: 46 [25600/50000 (51%)]	 Training Loss: 0.655 ACC: 67.86 CR: 0.64 Avg R1: 4.48 Avg R2: 5.56 Avg Reward: 10.037072
2026-05-17 05:27:49 [INFO] Epoch: 46 [38400/50000 (77%)]	 Training Loss: 0.660 ACC: 67.59 CR: 0.65 Avg R1: 4.46 Avg R2: 5.56 Avg Reward: 10.028574
2026-05-17 05:27:58 [INFO] EPOCH:46, ======================CR:0.64404====================
2026-05-17 05:27:58 [INFO] 0.022159712652099088
2026-05-17 05:28:00 [INFO] EPOCH:46, ======================ACC:60.59====================
2026-05-17 05:28:00 [INFO] BEST EPOCH:46,BEST ACC:60.59
2026-05-17 05:28:14 [INFO] Epoch: 47 [12800/50000 (26%)]	 Training Loss: 0.602 ACC: 69.87 CR: 0.64 Avg R1: 4.50 Avg R2: 5.53 Avg Reward: 10.026002
2026-05-17 05:28:27 [INFO] Epoch: 47 [25600/50000 (51%)]	 Training Loss: 0.621 ACC: 69.16 CR: 0.63 Avg R1: 4.54 Avg R2: 5.51 Avg Reward: 10.049321
2026-05-17 05:28:39 [INFO] Epoch: 47 [38400/50000 (77%)]	 Training Loss: 0.641 ACC: 68.22 CR: 0.63 Avg R1: 4.56 Avg R2: 5.50 Avg Reward: 10.060041
2026-05-17 05:28:52 [INFO] EPOCH:47, ======================CR:0.63058====================
2026-05-17 05:28:52 [INFO] 0.027897945202273965
2026-05-17 05:28:54 [INFO] EPOCH:47, ======================ACC:59.44====================
2026-05-17 05:28:54 [INFO] BEST EPOCH:46,BEST ACC:60.59
2026-05-17 05:29:09 [INFO] Epoch: 48 [12800/50000 (26%)]	 Training Loss: 0.601 ACC: 69.84 CR: 0.63 Avg R1: 4.60 Avg R2: 5.49 Avg Reward: 10.090931
2026-05-17 05:29:24 [INFO] Epoch: 48 [25600/50000 (51%)]	 Training Loss: 0.635 ACC: 69.12 CR: 0.64 Avg R1: 4.58 Avg R2: 5.50 Avg Reward: 10.077412
2026-05-17 05:29:38 [INFO] Epoch: 48 [38400/50000 (77%)]	 Training Loss: 0.650 ACC: 68.50 CR: 0.65 Avg R1: 4.53 Avg R2: 5.52 Avg Reward: 10.055957
2026-05-17 05:29:47 [INFO] EPOCH:48, ======================CR:0.65556====================
2026-05-17 05:29:47 [INFO] 0.030567271177360383
2026-05-17 05:29:49 [INFO] EPOCH:48, ======================ACC:57.71====================
2026-05-17 05:29:49 [INFO] BEST EPOCH:46,BEST ACC:60.59
2026-05-17 05:30:02 [INFO] Epoch: 49 [12800/50000 (26%)]	 Training Loss: 0.626 ACC: 69.62 CR: 0.66 Avg R1: 4.29 Avg R2: 5.67 Avg Reward: 9.956824
2026-05-17 05:30:17 [INFO] Epoch: 49 [25600/50000 (51%)]	 Training Loss: 0.637 ACC: 69.08 CR: 0.66 Avg R1: 4.28 Avg R2: 5.67 Avg Reward: 9.946401
2026-05-17 05:30:31 [INFO] Epoch: 49 [38400/50000 (77%)]	 Training Loss: 0.639 ACC: 68.94 CR: 0.66 Avg R1: 4.27 Avg R2: 5.67 Avg Reward: 9.938475
2026-05-17 05:30:43 [INFO] EPOCH:49, ======================CR:0.65972====================
2026-05-17 05:30:43 [INFO] 0.041169699885864997
2026-05-17 05:30:45 [INFO] EPOCH:49, ======================ACC:58.26====================
2026-05-17 05:30:45 [INFO] BEST EPOCH:46,BEST ACC:60.59
2026-05-17 05:31:01 [INFO] Epoch: 50 [12800/50000 (26%)]	 Training Loss: 0.627 ACC: 69.30 CR: 0.66 Avg R1: 4.27 Avg R2: 5.66 Avg Reward: 9.934658
2026-05-17 05:31:17 [INFO] Epoch: 50 [25600/50000 (51%)]	 Training Loss: 0.634 ACC: 69.09 CR: 0.66 Avg R1: 4.28 Avg R2: 5.66 Avg Reward: 9.934756
2026-05-17 05:31:31 [INFO] Epoch: 50 [38400/50000 (77%)]	 Training Loss: 0.632 ACC: 68.99 CR: 0.65 Avg R1: 4.30 Avg R2: 5.64 Avg Reward: 9.945975
2026-05-17 05:31:43 [INFO] EPOCH:50, ======================CR:0.63838====================
2026-05-17 05:31:43 [INFO] 0.030673498743151794
2026-05-17 05:31:45 [INFO] EPOCH:50, ======================ACC:61.63====================
2026-05-17 05:31:45 [INFO] BEST EPOCH:50,BEST ACC:61.63
2026-05-17 05:32:00 [INFO] Epoch: 51 [12800/50000 (26%)]	 Training Loss: 0.575 ACC: 70.83 CR: 0.63 Avg R1: 4.56 Avg R2: 5.53 Avg Reward: 10.089666
2026-05-17 05:32:14 [INFO] Epoch: 51 [25600/50000 (51%)]	 Training Loss: 0.577 ACC: 70.45 CR: 0.62 Avg R1: 4.60 Avg R2: 5.51 Avg Reward: 10.109534
2026-05-17 05:32:28 [INFO] Epoch: 51 [38400/50000 (77%)]	 Training Loss: 0.590 ACC: 69.98 CR: 0.62 Avg R1: 4.65 Avg R2: 5.48 Avg Reward: 10.133168
2026-05-17 05:32:40 [INFO] EPOCH:51, ======================CR:0.61058====================
2026-05-17 05:32:40 [INFO] 0.029392857728483122
2026-05-17 05:32:42 [INFO] EPOCH:51, ======================ACC:60.35====================
2026-05-17 05:32:42 [INFO] BEST EPOCH:50,BEST ACC:61.63
2026-05-17 05:32:56 [INFO] Epoch: 52 [12800/50000 (26%)]	 Training Loss: 0.555 ACC: 71.51 CR: 0.61 Avg R1: 4.88 Avg R2: 5.38 Avg Reward: 10.263622
2026-05-17 05:33:12 [INFO] Epoch: 52 [25600/50000 (51%)]	 Training Loss: 0.558 ACC: 71.08 CR: 0.60 Avg R1: 4.91 Avg R2: 5.37 Avg Reward: 10.279025
2026-05-17 05:33:27 [INFO] Epoch: 52 [38400/50000 (77%)]	 Training Loss: 0.562 ACC: 70.63 CR: 0.59 Avg R1: 4.93 Avg R2: 5.36 Avg Reward: 10.286807
2026-05-17 05:33:39 [INFO] EPOCH:52, ======================CR:0.5873====================
2026-05-17 05:33:39 [INFO] 0.01989532532515097
2026-05-17 05:33:41 [INFO] EPOCH:52, ======================ACC:62.48====================
2026-05-17 05:33:41 [INFO] BEST EPOCH:52,BEST ACC:62.48
2026-05-17 05:33:58 [INFO] Epoch: 53 [12800/50000 (26%)]	 Training Loss: 0.538 ACC: 70.97 CR: 0.58 Avg R1: 4.85 Avg R2: 5.23 Avg Reward: 10.080595
2026-05-17 05:34:15 [INFO] Epoch: 53 [25600/50000 (51%)]	 Training Loss: 0.530 ACC: 71.04 CR: 0.56 Avg R1: 4.80 Avg R2: 5.19 Avg Reward: 9.986677
2026-05-17 05:34:31 [INFO] Epoch: 53 [38400/50000 (77%)]	 Training Loss: 0.527 ACC: 70.82 CR: 0.54 Avg R1: 4.73 Avg R2: 5.15 Avg Reward: 9.881287
2026-05-17 05:34:45 [INFO] EPOCH:53, ======================CR:0.53114====================
2026-05-17 05:34:45 [INFO] 0.015259485926983814
2026-05-17 05:34:47 [INFO] EPOCH:53, ======================ACC:63.93====================
2026-05-17 05:34:47 [INFO] BEST EPOCH:53,BEST ACC:63.93
2026-05-17 05:35:03 [INFO] Epoch: 54 [12800/50000 (26%)]	 Training Loss: 0.492 ACC: 72.80 CR: 0.53 Avg R1: 4.42 Avg R2: 4.92 Avg Reward: 9.339098
2026-05-17 05:35:18 [INFO] Epoch: 54 [25600/50000 (51%)]	 Training Loss: 0.500 ACC: 72.23 CR: 0.53 Avg R1: 4.43 Avg R2: 4.92 Avg Reward: 9.347732
2026-05-17 05:35:34 [INFO] Epoch: 54 [38400/50000 (77%)]	 Training Loss: 0.511 ACC: 71.42 CR: 0.53 Avg R1: 4.43 Avg R2: 4.92 Avg Reward: 9.349800
2026-05-17 05:35:49 [INFO] EPOCH:54, ======================CR:0.53578====================
2026-05-17 05:35:49 [INFO] 0.013952070393397863
2026-05-17 05:35:51 [INFO] EPOCH:54, ======================ACC:62.17====================
2026-05-17 05:35:51 [INFO] BEST EPOCH:53,BEST ACC:63.93
2026-05-17 05:36:08 [INFO] Epoch: 55 [12800/50000 (26%)]	 Training Loss: 0.515 ACC: 71.62 CR: 0.54 Avg R1: 4.47 Avg R2: 4.95 Avg Reward: 9.424449
2026-05-17 05:36:25 [INFO] Epoch: 55 [25600/50000 (51%)]	 Training Loss: 0.526 ACC: 71.37 CR: 0.54 Avg R1: 4.48 Avg R2: 4.96 Avg Reward: 9.443450
2026-05-17 05:36:40 [INFO] Epoch: 55 [38400/50000 (77%)]	 Training Loss: 0.545 ACC: 70.77 CR: 0.56 Avg R1: 4.52 Avg R2: 4.98 Avg Reward: 9.499585
2026-05-17 05:36:53 [INFO] EPOCH:55, ======================CR:0.58804====================
2026-05-17 05:36:53 [INFO] 0.023452287174779166
2026-05-17 05:36:55 [INFO] EPOCH:55, ======================ACC:61.53====================
2026-05-17 05:36:55 [INFO] BEST EPOCH:53,BEST ACC:63.93
2026-05-17 05:37:08 [INFO] Epoch: 56 [12800/50000 (26%)]	 Training Loss: 0.640 ACC: 69.72 CR: 0.61 Avg R1: 4.92 Avg R2: 5.36 Avg Reward: 10.284251
2026-05-17 05:37:23 [INFO] Epoch: 56 [25600/50000 (51%)]	 Training Loss: 0.644 ACC: 69.44 CR: 0.64 Avg R1: 4.79 Avg R2: 5.44 Avg Reward: 10.229294
2026-05-17 05:37:38 [INFO] Epoch: 56 [38400/50000 (77%)]	 Training Loss: 0.648 ACC: 69.41 CR: 0.67 Avg R1: 4.64 Avg R2: 5.51 Avg Reward: 10.152611
2026-05-17 05:37:51 [INFO] EPOCH:56, ======================CR:0.69====================
2026-05-17 05:37:51 [INFO] 0.0391129938583862
2026-05-17 05:37:53 [INFO] EPOCH:56, ======================ACC:62.29====================
2026-05-17 05:37:53 [INFO] BEST EPOCH:53,BEST ACC:63.93
2026-05-17 05:38:07 [INFO] Epoch: 57 [12800/50000 (26%)]	 Training Loss: 0.590 ACC: 70.78 CR: 0.68 Avg R1: 3.93 Avg R2: 5.88 Avg Reward: 9.808640
2026-05-17 05:38:23 [INFO] Epoch: 57 [25600/50000 (51%)]	 Training Loss: 0.589 ACC: 70.64 CR: 0.66 Avg R1: 4.02 Avg R2: 5.83 Avg Reward: 9.855941
2026-05-17 05:38:39 [INFO] Epoch: 57 [38400/50000 (77%)]	 Training Loss: 0.596 ACC: 70.38 CR: 0.65 Avg R1: 4.12 Avg R2: 5.79 Avg Reward: 9.904411
2026-05-17 05:38:52 [INFO] EPOCH:57, ======================CR:0.63656====================
2026-05-17 05:38:52 [INFO] 0.033975175729728024
2026-05-17 05:38:54 [INFO] EPOCH:57, ======================ACC:63.06====================
2026-05-17 05:38:54 [INFO] BEST EPOCH:53,BEST ACC:63.93
2026-05-17 05:39:08 [INFO] Epoch: 58 [12800/50000 (26%)]	 Training Loss: 0.556 ACC: 72.33 CR: 0.63 Avg R1: 4.56 Avg R2: 5.57 Avg Reward: 10.128372
2026-05-17 05:39:23 [INFO] Epoch: 58 [25600/50000 (51%)]	 Training Loss: 0.549 ACC: 71.51 CR: 0.62 Avg R1: 4.61 Avg R2: 5.54 Avg Reward: 10.155394
2026-05-17 05:39:38 [INFO] Epoch: 58 [38400/50000 (77%)]	 Training Loss: 0.542 ACC: 71.35 CR: 0.59 Avg R1: 4.71 Avg R2: 5.49 Avg Reward: 10.206435
2026-05-17 05:39:52 [INFO] EPOCH:58, ======================CR:0.57562====================
2026-05-17 05:39:52 [INFO] 0.017560839114480108
2026-05-17 05:39:54 [INFO] EPOCH:58, ======================ACC:64.97====================
2026-05-17 05:39:54 [INFO] BEST EPOCH:58,BEST ACC:64.97
2026-05-17 05:40:08 [INFO] Epoch: 59 [12800/50000 (26%)]	 Training Loss: 0.500 ACC: 73.44 CR: 0.57 Avg R1: 4.78 Avg R2: 5.21 Avg Reward: 9.988916
2026-05-17 05:40:23 [INFO] Epoch: 59 [25600/50000 (51%)]	 Training Loss: 0.511 ACC: 72.55 CR: 0.57 Avg R1: 4.77 Avg R2: 5.20 Avg Reward: 9.967952
2026-05-17 05:40:37 [INFO] Epoch: 59 [38400/50000 (77%)]	 Training Loss: 0.528 ACC: 72.00 CR: 0.57 Avg R1: 4.77 Avg R2: 5.20 Avg Reward: 9.964155
2026-05-17 05:40:51 [INFO] EPOCH:59, ======================CR:0.58596====================
2026-05-17 05:40:51 [INFO] 0.020909276865953248
2026-05-17 05:40:53 [INFO] EPOCH:59, ======================ACC:61.26====================
2026-05-17 05:40:53 [INFO] BEST EPOCH:58,BEST ACC:64.97
2026-05-17 05:41:07 [INFO] Epoch: 60 [12800/50000 (26%)]	 Training Loss: 0.551 ACC: 71.83 CR: 0.59 Avg R1: 4.92 Avg R2: 5.32 Avg Reward: 10.238967
2026-05-17 05:41:22 [INFO] Epoch: 60 [25600/50000 (51%)]	 Training Loss: 0.555 ACC: 71.97 CR: 0.60 Avg R1: 4.95 Avg R2: 5.35 Avg Reward: 10.293926
2026-05-17 05:41:37 [INFO] Epoch: 60 [38400/50000 (77%)]	 Training Loss: 0.588 ACC: 71.30 CR: 0.64 Avg R1: 4.88 Avg R2: 5.40 Avg Reward: 10.276723
2026-05-17 05:41:52 [INFO] EPOCH:60, ======================CR:0.67778====================
2026-05-17 05:41:52 [INFO] 0.03588831747238607
2026-05-17 05:41:53 [INFO] EPOCH:60, ======================ACC:61.82====================
2026-05-17 05:41:53 [INFO] BEST EPOCH:58,BEST ACC:64.97
2026-05-17 05:42:08 [INFO] Epoch: 61 [12800/50000 (26%)]	 Training Loss: 0.633 ACC: 71.36 CR: 0.69 Avg R1: 3.97 Avg R2: 5.91 Avg Reward: 9.878076
2026-05-17 05:42:22 [INFO] Epoch: 61 [25600/50000 (51%)]	 Training Loss: 0.645 ACC: 70.86 CR: 0.70 Avg R1: 3.88 Avg R2: 5.95 Avg Reward: 9.833004
2026-05-17 05:42:37 [INFO] Epoch: 61 [38400/50000 (77%)]	 Training Loss: 0.651 ACC: 70.39 CR: 0.71 Avg R1: 3.82 Avg R2: 5.98 Avg Reward: 9.800123
2026-05-17 05:42:51 [INFO] EPOCH:61, ======================CR:0.71518====================
2026-05-17 05:42:51 [INFO] 0.056582568440590314
2026-05-17 05:42:53 [INFO] EPOCH:61, ======================ACC:61.27====================
2026-05-17 05:42:53 [INFO] BEST EPOCH:58,BEST ACC:64.97
2026-05-17 05:43:08 [INFO] Epoch: 62 [12800/50000 (26%)]	 Training Loss: 0.627 ACC: 71.94 CR: 0.72 Avg R1: 3.56 Avg R2: 6.13 Avg Reward: 9.685906
2026-05-17 05:43:21 [INFO] Epoch: 62 [25600/50000 (51%)]	 Training Loss: 0.634 ACC: 71.52 CR: 0.72 Avg R1: 3.52 Avg R2: 6.15 Avg Reward: 9.669453
2026-05-17 05:43:35 [INFO] Epoch: 62 [38400/50000 (77%)]	 Training Loss: 0.632 ACC: 71.11 CR: 0.72 Avg R1: 3.52 Avg R2: 6.15 Avg Reward: 9.666075
2026-05-17 05:43:49 [INFO] EPOCH:62, ======================CR:0.70806====================
2026-05-17 05:43:49 [INFO] 0.06482510176665827
2026-05-17 05:43:50 [INFO] EPOCH:62, ======================ACC:63.07====================
2026-05-17 05:43:50 [INFO] BEST EPOCH:58,BEST ACC:64.97
2026-05-17 05:44:06 [INFO] Epoch: 63 [12800/50000 (26%)]	 Training Loss: 0.595 ACC: 72.35 CR: 0.71 Avg R1: 3.66 Avg R2: 6.07 Avg Reward: 9.728859
2026-05-17 05:44:20 [INFO] Epoch: 63 [25600/50000 (51%)]	 Training Loss: 0.596 ACC: 72.48 CR: 0.71 Avg R1: 3.67 Avg R2: 6.06 Avg Reward: 9.734609
2026-05-17 05:44:34 [INFO] Epoch: 63 [38400/50000 (77%)]	 Training Loss: 0.617 ACC: 71.69 CR: 0.71 Avg R1: 3.67 Avg R2: 6.06 Avg Reward: 9.732944
2026-05-17 05:44:48 [INFO] EPOCH:63, ======================CR:0.71106====================
2026-05-17 05:44:48 [INFO] 0.061790505367536386
2026-05-17 05:44:50 [INFO] EPOCH:63, ======================ACC:62.0====================
2026-05-17 05:44:50 [INFO] BEST EPOCH:58,BEST ACC:64.97
2026-05-17 05:45:04 [INFO] Epoch: 64 [12800/50000 (26%)]	 Training Loss: 0.583 ACC: 73.03 CR: 0.71 Avg R1: 3.64 Avg R2: 6.09 Avg Reward: 9.725963
2026-05-17 05:45:19 [INFO] Epoch: 64 [25600/50000 (51%)]	 Training Loss: 0.578 ACC: 72.56 CR: 0.70 Avg R1: 3.67 Avg R2: 6.07 Avg Reward: 9.741394
2026-05-17 05:45:35 [INFO] Epoch: 64 [38400/50000 (77%)]	 Training Loss: 0.577 ACC: 72.33 CR: 0.68 Avg R1: 3.74 Avg R2: 6.03 Avg Reward: 9.776047
2026-05-17 05:45:50 [INFO] EPOCH:64, ======================CR:0.66788====================
2026-05-17 05:45:50 [INFO] 0.04979396767807671
2026-05-17 05:45:52 [INFO] EPOCH:64, ======================ACC:64.09====================
2026-05-17 05:45:52 [INFO] BEST EPOCH:58,BEST ACC:64.97
2026-05-17 05:46:07 [INFO] Epoch: 65 [12800/50000 (26%)]	 Training Loss: 0.557 ACC: 73.69 CR: 0.67 Avg R1: 4.14 Avg R2: 5.83 Avg Reward: 9.971140
2026-05-17 05:46:23 [INFO] Epoch: 65 [25600/50000 (51%)]	 Training Loss: 0.552 ACC: 73.27 CR: 0.67 Avg R1: 4.13 Avg R2: 5.84 Avg Reward: 9.968611
2026-05-17 05:46:41 [INFO] Epoch: 65 [38400/50000 (77%)]	 Training Loss: 0.553 ACC: 72.92 CR: 0.66 Avg R1: 4.16 Avg R2: 5.83 Avg Reward: 9.987456
2026-05-17 05:46:56 [INFO] EPOCH:65, ======================CR:0.6425====================
2026-05-17 05:46:56 [INFO] 0.04137661073960112
2026-05-17 05:46:57 [INFO] EPOCH:65, ======================ACC:65.98====================
2026-05-17 05:46:57 [INFO] BEST EPOCH:65,BEST ACC:65.98
2026-05-17 05:47:15 [INFO] Epoch: 66 [12800/50000 (26%)]	 Training Loss: 0.515 ACC: 74.30 CR: 0.64 Avg R1: 4.49 Avg R2: 5.67 Avg Reward: 10.153642
2026-05-17 05:47:31 [INFO] Epoch: 66 [25600/50000 (51%)]	 Training Loss: 0.525 ACC: 73.71 CR: 0.63 Avg R1: 4.51 Avg R2: 5.65 Avg Reward: 10.161292
2026-05-17 05:47:47 [INFO] Epoch: 66 [38400/50000 (77%)]	 Training Loss: 0.535 ACC: 72.98 CR: 0.63 Avg R1: 4.54 Avg R2: 5.64 Avg Reward: 10.176790
2026-05-17 05:48:03 [INFO] EPOCH:66, ======================CR:0.61318====================
2026-05-17 05:48:03 [INFO] 0.042094941460713166
2026-05-17 05:48:04 [INFO] EPOCH:66, ======================ACC:63.83====================
2026-05-17 05:48:04 [INFO] BEST EPOCH:65,BEST ACC:65.98
2026-05-17 05:48:21 [INFO] Epoch: 67 [12800/50000 (26%)]	 Training Loss: 0.478 ACC: 75.15 CR: 0.61 Avg R1: 4.86 Avg R2: 5.48 Avg Reward: 10.339628
2026-05-17 05:48:39 [INFO] Epoch: 67 [25600/50000 (51%)]	 Training Loss: 0.505 ACC: 74.40 CR: 0.62 Avg R1: 4.85 Avg R2: 5.48 Avg Reward: 10.334738
2026-05-17 05:48:55 [INFO] Epoch: 67 [38400/50000 (77%)]	 Training Loss: 0.529 ACC: 73.55 CR: 0.63 Avg R1: 4.79 Avg R2: 5.51 Avg Reward: 10.306621
2026-05-17 05:49:10 [INFO] EPOCH:67, ======================CR:0.6351====================
2026-05-17 05:49:10 [INFO] 0.045088726675865824
2026-05-17 05:49:12 [INFO] EPOCH:67, ======================ACC:61.8====================
2026-05-17 05:49:12 [INFO] BEST EPOCH:65,BEST ACC:65.98
2026-05-17 05:49:31 [INFO] Epoch: 68 [12800/50000 (26%)]	 Training Loss: 0.524 ACC: 73.68 CR: 0.63 Avg R1: 4.57 Avg R2: 5.64 Avg Reward: 10.213054
2026-05-17 05:49:48 [INFO] Epoch: 68 [25600/50000 (51%)]	 Training Loss: 0.526 ACC: 73.68 CR: 0.63 Avg R1: 4.58 Avg R2: 5.63 Avg Reward: 10.210370
2026-05-17 05:50:06 [INFO] Epoch: 68 [38400/50000 (77%)]	 Training Loss: 0.532 ACC: 73.21 CR: 0.63 Avg R1: 4.58 Avg R2: 5.62 Avg Reward: 10.209615
2026-05-17 05:50:23 [INFO] EPOCH:68, ======================CR:0.62026====================
2026-05-17 05:50:23 [INFO] 0.0352261420585027
2026-05-17 05:50:25 [INFO] EPOCH:68, ======================ACC:63.1====================
2026-05-17 05:50:25 [INFO] BEST EPOCH:65,BEST ACC:65.98
2026-05-17 05:50:44 [INFO] Epoch: 69 [12800/50000 (26%)]	 Training Loss: 0.481 ACC: 74.75 CR: 0.61 Avg R1: 4.79 Avg R2: 5.50 Avg Reward: 10.297622
2026-05-17 05:51:02 [INFO] Epoch: 69 [25600/50000 (51%)]	 Training Loss: 0.472 ACC: 74.82 CR: 0.60 Avg R1: 4.86 Avg R2: 5.48 Avg Reward: 10.334574
2026-05-17 05:51:20 [INFO] Epoch: 69 [38400/50000 (77%)]	 Training Loss: 0.477 ACC: 74.54 CR: 0.59 Avg R1: 4.89 Avg R2: 5.44 Avg Reward: 10.331850
2026-05-17 05:51:37 [INFO] EPOCH:69, ======================CR:0.57552====================
2026-05-17 05:51:37 [INFO] 0.02241125091404986
2026-05-17 05:51:38 [INFO] EPOCH:69, ======================ACC:62.9====================
2026-05-17 05:51:38 [INFO] BEST EPOCH:65,BEST ACC:65.98
2026-05-17 05:51:56 [INFO] Epoch: 70 [12800/50000 (26%)]	 Training Loss: 0.443 ACC: 75.80 CR: 0.57 Avg R1: 4.78 Avg R2: 5.26 Avg Reward: 10.037960
2026-05-17 05:52:13 [INFO] Epoch: 70 [25600/50000 (51%)]	 Training Loss: 0.450 ACC: 75.50 CR: 0.57 Avg R1: 4.76 Avg R2: 5.24 Avg Reward: 10.004313
2026-05-17 05:52:32 [INFO] Epoch: 70 [38400/50000 (77%)]	 Training Loss: 0.458 ACC: 75.17 CR: 0.57 Avg R1: 4.75 Avg R2: 5.24 Avg Reward: 9.988183
2026-05-17 05:52:48 [INFO] EPOCH:70, ======================CR:0.56716====================
2026-05-17 05:52:48 [INFO] 0.02446056173727555
2026-05-17 05:52:50 [INFO] EPOCH:70, ======================ACC:64.39====================
2026-05-17 05:52:50 [INFO] BEST EPOCH:65,BEST ACC:65.98
2026-05-17 05:53:06 [INFO] Epoch: 71 [12800/50000 (26%)]	 Training Loss: 0.453 ACC: 75.05 CR: 0.57 Avg R1: 4.72 Avg R2: 5.20 Avg Reward: 9.923926
2026-05-17 05:53:21 [INFO] Epoch: 71 [25600/50000 (51%)]	 Training Loss: 0.457 ACC: 75.38 CR: 0.57 Avg R1: 4.72 Avg R2: 5.21 Avg Reward: 9.926597
2026-05-17 05:53:36 [INFO] Epoch: 71 [38400/50000 (77%)]	 Training Loss: 0.462 ACC: 75.05 CR: 0.57 Avg R1: 4.72 Avg R2: 5.21 Avg Reward: 9.928135
2026-05-17 05:53:48 [INFO] EPOCH:71, ======================CR:0.56788====================
2026-05-17 05:53:48 [INFO] 0.02045719911697824
2026-05-17 05:53:50 [INFO] EPOCH:71, ======================ACC:64.64====================
2026-05-17 05:53:50 [INFO] BEST EPOCH:65,BEST ACC:65.98
2026-05-17 05:54:05 [INFO] Epoch: 72 [12800/50000 (26%)]	 Training Loss: 0.451 ACC: 75.99 CR: 0.57 Avg R1: 4.74 Avg R2: 5.24 Avg Reward: 9.978572
2026-05-17 05:54:17 [INFO] Epoch: 72 [25600/50000 (51%)]	 Training Loss: 0.470 ACC: 75.02 CR: 0.57 Avg R1: 4.75 Avg R2: 5.25 Avg Reward: 9.992796
2026-05-17 05:54:28 [INFO] Epoch: 72 [38400/50000 (77%)]	 Training Loss: 0.477 ACC: 74.81 CR: 0.58 Avg R1: 4.75 Avg R2: 5.25 Avg Reward: 10.006407
2026-05-17 05:54:37 [INFO] EPOCH:72, ======================CR:0.58122====================
2026-05-17 05:54:37 [INFO] 0.041459626957425916
2026-05-17 05:54:39 [INFO] EPOCH:72, ======================ACC:63.66====================
2026-05-17 05:54:39 [INFO] BEST EPOCH:65,BEST ACC:65.98
2026-05-17 05:54:48 [INFO] Epoch: 73 [12800/50000 (26%)]	 Training Loss: 0.496 ACC: 74.15 CR: 0.59 Avg R1: 4.88 Avg R2: 5.36 Avg Reward: 10.239974
2026-05-17 05:54:59 [INFO] Epoch: 73 [25600/50000 (51%)]	 Training Loss: 0.506 ACC: 74.41 CR: 0.60 Avg R1: 4.93 Avg R2: 5.40 Avg Reward: 10.325966
2026-05-17 05:55:08 [INFO] Epoch: 73 [38400/50000 (77%)]	 Training Loss: 0.512 ACC: 74.14 CR: 0.61 Avg R1: 4.91 Avg R2: 5.43 Avg Reward: 10.346161
2026-05-17 05:55:17 [INFO] EPOCH:73, ======================CR:0.625====================
2026-05-17 05:55:17 [INFO] 0.04266888199640243
2026-05-17 05:55:19 [INFO] EPOCH:73, ======================ACC:64.69====================
2026-05-17 05:55:19 [INFO] BEST EPOCH:65,BEST ACC:65.98
2026-05-17 05:55:30 [INFO] Epoch: 74 [12800/50000 (26%)]	 Training Loss: 0.491 ACC: 75.09 CR: 0.62 Avg R1: 4.70 Avg R2: 5.62 Avg Reward: 10.317608
2026-05-17 05:55:39 [INFO] Epoch: 74 [25600/50000 (51%)]	 Training Loss: 0.495 ACC: 74.96 CR: 0.62 Avg R1: 4.71 Avg R2: 5.61 Avg Reward: 10.319399
2026-05-17 05:55:48 [INFO] Epoch: 74 [38400/50000 (77%)]	 Training Loss: 0.499 ACC: 74.74 CR: 0.62 Avg R1: 4.72 Avg R2: 5.60 Avg Reward: 10.324896
2026-05-17 05:55:58 [INFO] EPOCH:74, ======================CR:0.61604====================
2026-05-17 05:55:58 [INFO] 0.041865447100139425
2026-05-17 05:56:00 [INFO] EPOCH:74, ======================ACC:66.89====================
2026-05-17 05:56:00 [INFO] BEST EPOCH:74,BEST ACC:66.89
2026-05-17 05:56:10 [INFO] Epoch: 75 [12800/50000 (26%)]	 Training Loss: 0.483 ACC: 75.31 CR: 0.61 Avg R1: 4.82 Avg R2: 5.55 Avg Reward: 10.367051
2026-05-17 05:56:20 [INFO] Epoch: 75 [25600/50000 (51%)]	 Training Loss: 0.491 ACC: 75.02 CR: 0.62 Avg R1: 4.81 Avg R2: 5.55 Avg Reward: 10.359412
2026-05-17 05:56:29 [INFO] Epoch: 75 [38400/50000 (77%)]	 Training Loss: 0.496 ACC: 74.86 CR: 0.62 Avg R1: 4.80 Avg R2: 5.55 Avg Reward: 10.350026
2026-05-17 05:56:38 [INFO] EPOCH:75, ======================CR:0.6163====================
2026-05-17 05:56:38 [INFO] 0.04342315777506387
2026-05-17 05:56:40 [INFO] EPOCH:75, ======================ACC:65.89====================
2026-05-17 05:56:40 [INFO] BEST EPOCH:74,BEST ACC:66.89
2026-05-17 05:56:50 [INFO] Epoch: 76 [12800/50000 (26%)]	 Training Loss: 0.459 ACC: 76.22 CR: 0.61 Avg R1: 4.83 Avg R2: 5.55 Avg Reward: 10.382497
2026-05-17 05:57:00 [INFO] Epoch: 76 [25600/50000 (51%)]	 Training Loss: 0.458 ACC: 76.09 CR: 0.60 Avg R1: 4.88 Avg R2: 5.53 Avg Reward: 10.402489
2026-05-17 05:57:10 [INFO] Epoch: 76 [38400/50000 (77%)]	 Training Loss: 0.466 ACC: 75.36 CR: 0.59 Avg R1: 4.90 Avg R2: 5.50 Avg Reward: 10.402496
2026-05-17 05:57:19 [INFO] EPOCH:76, ======================CR:0.58334====================
2026-05-17 05:57:19 [INFO] 0.034833899690766314
2026-05-17 05:57:21 [INFO] EPOCH:76, ======================ACC:64.15====================
2026-05-17 05:57:21 [INFO] BEST EPOCH:74,BEST ACC:66.89
2026-05-17 05:57:30 [INFO] Epoch: 77 [12800/50000 (26%)]	 Training Loss: 0.464 ACC: 75.93 CR: 0.59 Avg R1: 4.88 Avg R2: 5.38 Avg Reward: 10.262482
2026-05-17 05:57:40 [INFO] Epoch: 77 [25600/50000 (51%)]	 Training Loss: 0.475 ACC: 75.72 CR: 0.60 Avg R1: 4.92 Avg R2: 5.41 Avg Reward: 10.327022
2026-05-17 05:57:49 [INFO] Epoch: 77 [38400/50000 (77%)]	 Training Loss: 0.485 ACC: 75.26 CR: 0.61 Avg R1: 4.92 Avg R2: 5.44 Avg Reward: 10.360941
2026-05-17 05:57:59 [INFO] EPOCH:77, ======================CR:0.62016====================
2026-05-17 05:57:59 [INFO] 0.0502759835202719
2026-05-17 05:58:00 [INFO] EPOCH:77, ======================ACC:63.56====================
2026-05-17 05:58:00 [INFO] BEST EPOCH:74,BEST ACC:66.89
2026-05-17 05:58:11 [INFO] Epoch: 78 [12800/50000 (26%)]	 Training Loss: 0.488 ACC: 75.34 CR: 0.62 Avg R1: 4.75 Avg R2: 5.62 Avg Reward: 10.364133
2026-05-17 05:58:21 [INFO] Epoch: 78 [25600/50000 (51%)]	 Training Loss: 0.480 ACC: 75.72 CR: 0.62 Avg R1: 4.74 Avg R2: 5.62 Avg Reward: 10.362667
2026-05-17 05:58:31 [INFO] Epoch: 78 [38400/50000 (77%)]	 Training Loss: 0.484 ACC: 75.24 CR: 0.61 Avg R1: 4.76 Avg R2: 5.61 Avg Reward: 10.369763
2026-05-17 05:58:40 [INFO] EPOCH:78, ======================CR:0.6036====================
2026-05-17 05:58:40 [INFO] 0.04453530855787229
2026-05-17 05:58:42 [INFO] EPOCH:78, ======================ACC:64.62====================
2026-05-17 05:58:42 [INFO] BEST EPOCH:74,BEST ACC:66.89
2026-05-17 05:58:42 [INFO] Saving Masks: current CR 0.6036 target CR 0.6000
2026-05-17 05:58:42 [INFO] Updated candidate mask pretrained-rescale_mask_best-acc_60_05170454_resnet18 at epoch 78 with acc 64.6200
2026-05-17 05:58:42 [INFO] Updated candidate mask pretrained-rescale_mask_best-r2_60_05170454_resnet18 at epoch 78 with acc 64.6200
2026-05-17 05:58:53 [INFO] Epoch: 79 [12800/50000 (26%)]	 Training Loss: 0.434 ACC: 76.82 CR: 0.60 Avg R1: 4.98 Avg R2: 5.50 Avg Reward: 10.476213
2026-05-17 05:59:02 [INFO] Epoch: 79 [25600/50000 (51%)]	 Training Loss: 0.436 ACC: 76.63 CR: 0.59 Avg R1: 4.96 Avg R2: 5.47 Avg Reward: 10.429311
2026-05-17 05:59:13 [INFO] Epoch: 79 [38400/50000 (77%)]	 Training Loss: 0.446 ACC: 76.28 CR: 0.59 Avg R1: 4.94 Avg R2: 5.46 Avg Reward: 10.401349
2026-05-17 05:59:22 [INFO] EPOCH:79, ======================CR:0.59216====================
2026-05-17 05:59:22 [INFO] 0.032666860412637076
2026-05-17 05:59:24 [INFO] EPOCH:79, ======================ACC:61.42====================
2026-05-17 05:59:24 [INFO] BEST EPOCH:78,BEST ACC:66.89
2026-05-17 05:59:24 [INFO] Saving Masks: current CR 0.5922 target CR 0.6000
2026-05-17 05:59:34 [INFO] Epoch: 80 [12800/50000 (26%)]	 Training Loss: 0.477 ACC: 75.52 CR: 0.60 Avg R1: 4.97 Avg R2: 5.46 Avg Reward: 10.423763
2026-05-17 05:59:44 [INFO] Epoch: 80 [25600/50000 (51%)]	 Training Loss: 0.485 ACC: 75.41 CR: 0.61 Avg R1: 4.93 Avg R2: 5.50 Avg Reward: 10.422823
2026-05-17 05:59:55 [INFO] Epoch: 80 [38400/50000 (77%)]	 Training Loss: 0.492 ACC: 75.36 CR: 0.63 Avg R1: 4.86 Avg R2: 5.54 Avg Reward: 10.394644
2026-05-17 06:00:04 [INFO] EPOCH:80, ======================CR:0.6417====================
2026-05-17 06:00:04 [INFO] 0.04461000028625564
2026-05-17 06:00:06 [INFO] EPOCH:80, ======================ACC:62.56====================
2026-05-17 06:00:06 [INFO] BEST EPOCH:78,BEST ACC:66.89
2026-05-17 06:00:15 [INFO] Epoch: 81 [12800/50000 (26%)]	 Training Loss: 0.465 ACC: 76.81 CR: 0.64 Avg R1: 4.49 Avg R2: 5.75 Avg Reward: 10.243598
2026-05-17 06:00:24 [INFO] Epoch: 81 [25600/50000 (51%)]	 Training Loss: 0.461 ACC: 76.79 CR: 0.63 Avg R1: 4.54 Avg R2: 5.73 Avg Reward: 10.270034
2026-05-17 06:00:34 [INFO] Epoch: 81 [38400/50000 (77%)]	 Training Loss: 0.467 ACC: 76.35 CR: 0.62 Avg R1: 4.60 Avg R2: 5.70 Avg Reward: 10.297079
2026-05-17 06:00:43 [INFO] EPOCH:81, ======================CR:0.61618====================
2026-05-17 06:00:43 [INFO] 0.04539162261259847
2026-05-17 06:00:45 [INFO] EPOCH:81, ======================ACC:66.37====================
2026-05-17 06:00:45 [INFO] BEST EPOCH:78,BEST ACC:66.89
2026-05-17 06:00:56 [INFO] Epoch: 82 [12800/50000 (26%)]	 Training Loss: 0.478 ACC: 76.26 CR: 0.62 Avg R1: 4.78 Avg R2: 5.61 Avg Reward: 10.392191
2026-05-17 06:01:06 [INFO] Epoch: 82 [25600/50000 (51%)]	 Training Loss: 0.474 ACC: 76.29 CR: 0.63 Avg R1: 4.75 Avg R2: 5.63 Avg Reward: 10.377919
2026-05-17 06:01:15 [INFO] Epoch: 82 [38400/50000 (77%)]	 Training Loss: 0.481 ACC: 75.96 CR: 0.63 Avg R1: 4.72 Avg R2: 5.65 Avg Reward: 10.364743
2026-05-17 06:01:24 [INFO] EPOCH:82, ======================CR:0.63922====================
2026-05-17 06:01:24 [INFO] 0.05461029975862353
2026-05-17 06:01:26 [INFO] EPOCH:82, ======================ACC:61.62====================
2026-05-17 06:01:26 [INFO] BEST EPOCH:78,BEST ACC:66.89
2026-05-17 06:01:36 [INFO] Epoch: 83 [12800/50000 (26%)]	 Training Loss: 0.474 ACC: 76.70 CR: 0.65 Avg R1: 4.47 Avg R2: 5.80 Avg Reward: 10.274276
2026-05-17 06:01:46 [INFO] Epoch: 83 [25600/50000 (51%)]	 Training Loss: 0.481 ACC: 76.41 CR: 0.66 Avg R1: 4.41 Avg R2: 5.83 Avg Reward: 10.241397
2026-05-17 06:01:55 [INFO] Epoch: 83 [38400/50000 (77%)]	 Training Loss: 0.490 ACC: 76.11 CR: 0.66 Avg R1: 4.36 Avg R2: 5.85 Avg Reward: 10.213478
2026-05-17 06:02:06 [INFO] EPOCH:83, ======================CR:0.6738====================
2026-05-17 06:02:06 [INFO] 0.04796082182233166
2026-05-17 06:02:08 [INFO] EPOCH:83, ======================ACC:64.38====================
2026-05-17 06:02:08 [INFO] BEST EPOCH:78,BEST ACC:66.89
2026-05-17 06:02:18 [INFO] Epoch: 84 [12800/50000 (26%)]	 Training Loss: 0.502 ACC: 75.96 CR: 0.68 Avg R1: 4.05 Avg R2: 5.99 Avg Reward: 10.044606
2026-05-17 06:02:28 [INFO] Epoch: 84 [25600/50000 (51%)]	 Training Loss: 0.503 ACC: 76.07 CR: 0.69 Avg R1: 4.02 Avg R2: 6.01 Avg Reward: 10.025263
2026-05-17 06:02:38 [INFO] Epoch: 84 [38400/50000 (77%)]	 Training Loss: 0.509 ACC: 75.65 CR: 0.69 Avg R1: 3.98 Avg R2: 6.03 Avg Reward: 10.006922
2026-05-17 06:02:47 [INFO] EPOCH:84, ======================CR:0.69054====================
2026-05-17 06:02:47 [INFO] 0.06019951860787459
2026-05-17 06:02:49 [INFO] EPOCH:84, ======================ACC:63.35====================
2026-05-17 06:02:49 [INFO] BEST EPOCH:78,BEST ACC:66.89
2026-05-17 06:03:00 [INFO] Epoch: 85 [12800/50000 (26%)]	 Training Loss: 0.491 ACC: 77.37 CR: 0.69 Avg R1: 3.85 Avg R2: 6.11 Avg Reward: 9.959938
2026-05-17 06:03:10 [INFO] Epoch: 85 [25600/50000 (51%)]	 Training Loss: 0.497 ACC: 77.00 CR: 0.70 Avg R1: 3.82 Avg R2: 6.13 Avg Reward: 9.948021
2026-05-17 06:03:20 [INFO] Epoch: 85 [38400/50000 (77%)]	 Training Loss: 0.506 ACC: 76.57 CR: 0.70 Avg R1: 3.79 Avg R2: 6.14 Avg Reward: 9.936028
2026-05-17 06:03:29 [INFO] EPOCH:85, ======================CR:0.70562====================
2026-05-17 06:03:29 [INFO] 0.058108068765962015
2026-05-17 06:03:31 [INFO] EPOCH:85, ======================ACC:63.66====================
2026-05-17 06:03:31 [INFO] BEST EPOCH:78,BEST ACC:66.89
2026-05-17 06:03:40 [INFO] Epoch: 86 [12800/50000 (26%)]	 Training Loss: 0.519 ACC: 76.77 CR: 0.71 Avg R1: 3.63 Avg R2: 6.23 Avg Reward: 9.857662
2026-05-17 06:03:52 [INFO] Epoch: 86 [25600/50000 (51%)]	 Training Loss: 0.521 ACC: 76.83 CR: 0.73 Avg R1: 3.56 Avg R2: 6.26 Avg Reward: 9.827981
2026-05-17 06:04:02 [INFO] Epoch: 86 [38400/50000 (77%)]	 Training Loss: 0.528 ACC: 76.46 CR: 0.74 Avg R1: 3.49 Avg R2: 6.30 Avg Reward: 9.793509
2026-05-17 06:04:10 [INFO] EPOCH:86, ======================CR:0.74562====================
2026-05-17 06:04:10 [INFO] 0.06418766445330888
2026-05-17 06:04:12 [INFO] EPOCH:86, ======================ACC:64.16====================
2026-05-17 06:04:12 [INFO] BEST EPOCH:78,BEST ACC:66.89
2026-05-17 06:04:23 [INFO] Epoch: 87 [12800/50000 (26%)]	 Training Loss: 0.517 ACC: 76.47 CR: 0.74 Avg R1: 3.19 Avg R2: 6.47 Avg Reward: 9.663229
2026-05-17 06:04:33 [INFO] Epoch: 87 [25600/50000 (51%)]	 Training Loss: 0.512 ACC: 76.95 CR: 0.74 Avg R1: 3.21 Avg R2: 6.46 Avg Reward: 9.673033
2026-05-17 06:04:43 [INFO] Epoch: 87 [38400/50000 (77%)]	 Training Loss: 0.515 ACC: 76.96 CR: 0.75 Avg R1: 3.20 Avg R2: 6.47 Avg Reward: 9.671928
2026-05-17 06:04:52 [INFO] EPOCH:87, ======================CR:0.7501====================
2026-05-17 06:04:52 [INFO] 0.06859448128738369
2026-05-17 06:04:54 [INFO] EPOCH:87, ======================ACC:63.52====================
2026-05-17 06:04:54 [INFO] BEST EPOCH:78,BEST ACC:66.89
2026-05-17 06:05:05 [INFO] Epoch: 88 [12800/50000 (26%)]	 Training Loss: 0.514 ACC: 77.18 CR: 0.75 Avg R1: 3.13 Avg R2: 6.55 Avg Reward: 9.682409
2026-05-17 06:05:16 [INFO] Epoch: 88 [25600/50000 (51%)]	 Training Loss: 0.510 ACC: 77.16 CR: 0.74 Avg R1: 3.16 Avg R2: 6.53 Avg Reward: 9.693987
2026-05-17 06:05:25 [INFO] Epoch: 88 [38400/50000 (77%)]	 Training Loss: 0.509 ACC: 77.14 CR: 0.73 Avg R1: 3.20 Avg R2: 6.51 Avg Reward: 9.708477
2026-05-17 06:05:34 [INFO] EPOCH:88, ======================CR:0.73192====================
2026-05-17 06:05:34 [INFO] 0.06562754798432587
2026-05-17 06:05:36 [INFO] EPOCH:88, ======================ACC:66.18====================
2026-05-17 06:05:36 [INFO] BEST EPOCH:78,BEST ACC:66.89
2026-05-17 06:05:47 [INFO] Epoch: 89 [12800/50000 (26%)]	 Training Loss: 0.505 ACC: 77.39 CR: 0.74 Avg R1: 3.32 Avg R2: 6.44 Avg Reward: 9.764253
2026-05-17 06:05:56 [INFO] Epoch: 89 [25600/50000 (51%)]	 Training Loss: 0.497 ACC: 77.27 CR: 0.73 Avg R1: 3.33 Avg R2: 6.44 Avg Reward: 9.771377
2026-05-17 06:06:06 [INFO] Epoch: 89 [38400/50000 (77%)]	 Training Loss: 0.494 ACC: 77.11 CR: 0.72 Avg R1: 3.36 Avg R2: 6.43 Avg Reward: 9.787860
2026-05-17 06:06:15 [INFO] EPOCH:89, ======================CR:0.71218====================
2026-05-17 06:06:15 [INFO] 0.05606802473379064
2026-05-17 06:06:17 [INFO] EPOCH:89, ======================ACC:63.63====================
2026-05-17 06:06:17 [INFO] BEST EPOCH:78,BEST ACC:66.89
2026-05-17 06:06:28 [INFO] Epoch: 90 [12800/50000 (26%)]	 Training Loss: 0.435 ACC: 78.92 CR: 0.70 Avg R1: 3.67 Avg R2: 6.26 Avg Reward: 9.930320
2026-05-17 06:06:38 [INFO] Epoch: 90 [25600/50000 (51%)]	 Training Loss: 0.423 ACC: 79.18 CR: 0.69 Avg R1: 3.76 Avg R2: 6.21 Avg Reward: 9.966295
2026-05-17 06:06:48 [INFO] Epoch: 90 [38400/50000 (77%)]	 Training Loss: 0.419 ACC: 79.24 CR: 0.67 Avg R1: 3.85 Avg R2: 6.16 Avg Reward: 10.009558
2026-05-17 06:06:58 [INFO] EPOCH:90, ======================CR:0.64382====================
2026-05-17 06:06:58 [INFO] 0.038592147523312394
2026-05-17 06:07:00 [INFO] EPOCH:90, ======================ACC:67.34====================
2026-05-17 06:07:00 [INFO] BEST EPOCH:90,BEST ACC:67.34
2026-05-17 06:07:10 [INFO] Epoch: 91 [12800/50000 (26%)]	 Training Loss: 0.406 ACC: 79.89 CR: 0.64 Avg R1: 4.48 Avg R2: 5.80 Avg Reward: 10.275734
2026-05-17 06:07:20 [INFO] Epoch: 91 [25600/50000 (51%)]	 Training Loss: 0.420 ACC: 79.56 CR: 0.65 Avg R1: 4.44 Avg R2: 5.82 Avg Reward: 10.256131
2026-05-17 06:07:31 [INFO] Epoch: 91 [38400/50000 (77%)]	 Training Loss: 0.434 ACC: 78.88 CR: 0.66 Avg R1: 4.40 Avg R2: 5.84 Avg Reward: 10.237462
2026-05-17 06:07:41 [INFO] EPOCH:91, ======================CR:0.6616====================
2026-05-17 06:07:41 [INFO] 0.04184965636231099
2026-05-17 06:07:43 [INFO] EPOCH:91, ======================ACC:67.05====================
2026-05-17 06:07:43 [INFO] BEST EPOCH:90,BEST ACC:67.34
2026-05-17 06:07:55 [INFO] Epoch: 92 [12800/50000 (26%)]	 Training Loss: 0.389 ACC: 80.50 CR: 0.66 Avg R1: 4.27 Avg R2: 5.94 Avg Reward: 10.210532
2026-05-17 06:08:04 [INFO] Epoch: 92 [25600/50000 (51%)]	 Training Loss: 0.394 ACC: 80.12 CR: 0.65 Avg R1: 4.31 Avg R2: 5.92 Avg Reward: 10.223991
2026-05-17 06:08:15 [INFO] Epoch: 92 [38400/50000 (77%)]	 Training Loss: 0.399 ACC: 79.74 CR: 0.64 Avg R1: 4.35 Avg R2: 5.89 Avg Reward: 10.242983
2026-05-17 06:08:25 [INFO] EPOCH:92, ======================CR:0.63068====================
2026-05-17 06:08:25 [INFO] 0.03732474822816188
2026-05-17 06:08:27 [INFO] EPOCH:92, ======================ACC:67.76====================
2026-05-17 06:08:27 [INFO] BEST EPOCH:92,BEST ACC:67.76
2026-05-17 06:08:37 [INFO] Epoch: 93 [12800/50000 (26%)]	 Training Loss: 0.379 ACC: 80.65 CR: 0.63 Avg R1: 4.64 Avg R2: 5.72 Avg Reward: 10.353386
2026-05-17 06:08:48 [INFO] Epoch: 93 [25600/50000 (51%)]	 Training Loss: 0.375 ACC: 80.58 CR: 0.62 Avg R1: 4.67 Avg R2: 5.70 Avg Reward: 10.369650
2026-05-17 06:08:59 [INFO] Epoch: 93 [38400/50000 (77%)]	 Training Loss: 0.383 ACC: 80.05 CR: 0.61 Avg R1: 4.72 Avg R2: 5.68 Avg Reward: 10.393663
2026-05-17 06:09:10 [INFO] EPOCH:93, ======================CR:0.60688====================
2026-05-17 06:09:10 [INFO] 0.033541540409916894
2026-05-17 06:09:12 [INFO] EPOCH:93, ======================ACC:69.45====================
2026-05-17 06:09:12 [INFO] BEST EPOCH:93,BEST ACC:69.45
2026-05-17 06:09:12 [INFO] Saving Masks: current CR 0.6069 target CR 0.6000
2026-05-17 06:09:12 [INFO] Updated candidate mask pretrained-rescale_mask_best-acc_60_05170454_resnet18 at epoch 93 with acc 69.4500
2026-05-17 06:09:12 [INFO] Updated candidate mask pretrained-rescale_mask_best-r2_60_05170454_resnet18 at epoch 93 with acc 69.4500
2026-05-17 06:09:23 [INFO] Epoch: 94 [12800/50000 (26%)]	 Training Loss: 0.381 ACC: 80.93 CR: 0.62 Avg R1: 4.84 Avg R2: 5.63 Avg Reward: 10.473882
2026-05-17 06:09:35 [INFO] Epoch: 94 [25600/50000 (51%)]	 Training Loss: 0.395 ACC: 80.41 CR: 0.63 Avg R1: 4.76 Avg R2: 5.67 Avg Reward: 10.435100
2026-05-17 06:09:45 [INFO] Epoch: 94 [38400/50000 (77%)]	 Training Loss: 0.403 ACC: 80.04 CR: 0.64 Avg R1: 4.68 Avg R2: 5.71 Avg Reward: 10.393388
2026-05-17 06:09:55 [INFO] EPOCH:94, ======================CR:0.65868====================
2026-05-17 06:09:55 [INFO] 0.044189083792936554
2026-05-17 06:09:57 [INFO] EPOCH:94, ======================ACC:68.33====================
2026-05-17 06:09:57 [INFO] BEST EPOCH:93,BEST ACC:69.45
2026-05-17 06:10:08 [INFO] Epoch: 95 [12800/50000 (26%)]	 Training Loss: 0.395 ACC: 80.54 CR: 0.66 Avg R1: 4.25 Avg R2: 5.94 Avg Reward: 10.192143
2026-05-17 06:10:20 [INFO] Epoch: 95 [25600/50000 (51%)]	 Training Loss: 0.413 ACC: 79.55 CR: 0.66 Avg R1: 4.25 Avg R2: 5.95 Avg Reward: 10.196394
2026-05-17 06:10:31 [INFO] Epoch: 95 [38400/50000 (77%)]	 Training Loss: 0.415 ACC: 79.36 CR: 0.66 Avg R1: 4.25 Avg R2: 5.95 Avg Reward: 10.199376
2026-05-17 06:10:40 [INFO] EPOCH:95, ======================CR:0.66014====================
2026-05-17 06:10:40 [INFO] 0.034894964028622945
2026-05-17 06:10:42 [INFO] EPOCH:95, ======================ACC:62.13====================
2026-05-17 06:10:42 [INFO] BEST EPOCH:93,BEST ACC:69.45
2026-05-17 06:10:53 [INFO] Epoch: 96 [12800/50000 (26%)]	 Training Loss: 0.401 ACC: 79.50 CR: 0.66 Avg R1: 4.27 Avg R2: 5.96 Avg Reward: 10.228469
2026-05-17 06:11:05 [INFO] Epoch: 96 [25600/50000 (51%)]	 Training Loss: 0.392 ACC: 79.91 CR: 0.65 Avg R1: 4.30 Avg R2: 5.94 Avg Reward: 10.245588
2026-05-17 06:11:16 [INFO] Epoch: 96 [38400/50000 (77%)]	 Training Loss: 0.397 ACC: 79.39 CR: 0.64 Avg R1: 4.34 Avg R2: 5.93 Avg Reward: 10.265756
2026-05-17 06:11:26 [INFO] EPOCH:96, ======================CR:0.63132====================
2026-05-17 06:11:26 [INFO] 0.03082151253100025
2026-05-17 06:11:28 [INFO] EPOCH:96, ======================ACC:68.92====================
2026-05-17 06:11:28 [INFO] BEST EPOCH:93,BEST ACC:69.45
2026-05-17 06:11:40 [INFO] Epoch: 97 [12800/50000 (26%)]	 Training Loss: 0.347 ACC: 81.76 CR: 0.62 Avg R1: 4.66 Avg R2: 5.75 Avg Reward: 10.404450
2026-05-17 06:11:51 [INFO] Epoch: 97 [25600/50000 (51%)]	 Training Loss: 0.353 ACC: 81.38 CR: 0.62 Avg R1: 4.70 Avg R2: 5.73 Avg Reward: 10.428519
2026-05-17 06:12:03 [INFO] Epoch: 97 [38400/50000 (77%)]	 Training Loss: 0.359 ACC: 80.99 CR: 0.61 Avg R1: 4.76 Avg R2: 5.70 Avg Reward: 10.454875
2026-05-17 06:12:14 [INFO] EPOCH:97, ======================CR:0.60176====================
2026-05-17 06:12:14 [INFO] 0.02615938507883113
2026-05-17 06:12:15 [INFO] EPOCH:97, ======================ACC:66.75====================
2026-05-17 06:12:15 [INFO] BEST EPOCH:93,BEST ACC:69.45
2026-05-17 06:12:15 [INFO] Saving Masks: current CR 0.6018 target CR 0.6000
2026-05-17 06:12:15 [INFO] Updated candidate mask pretrained-rescale_mask_best-r2_60_05170454_resnet18 at epoch 97 with acc 66.7500
2026-05-17 06:12:27 [INFO] Epoch: 98 [12800/50000 (26%)]	 Training Loss: 0.347 ACC: 82.23 CR: 0.60 Avg R1: 4.97 Avg R2: 5.57 Avg Reward: 10.538394
2026-05-17 06:12:38 [INFO] Epoch: 98 [25600/50000 (51%)]	 Training Loss: 0.350 ACC: 81.93 CR: 0.60 Avg R1: 4.97 Avg R2: 5.57 Avg Reward: 10.538995
2026-05-17 06:12:50 [INFO] Epoch: 98 [38400/50000 (77%)]	 Training Loss: 0.361 ACC: 81.36 CR: 0.61 Avg R1: 4.95 Avg R2: 5.58 Avg Reward: 10.530198
2026-05-17 06:13:00 [INFO] EPOCH:98, ======================CR:0.61686====================
2026-05-17 06:13:00 [INFO] 0.03307681616599676
2026-05-17 06:13:02 [INFO] EPOCH:98, ======================ACC:67.74====================
2026-05-17 06:13:02 [INFO] BEST EPOCH:93,BEST ACC:69.45
2026-05-17 06:13:13 [INFO] Epoch: 99 [12800/50000 (26%)]	 Training Loss: 0.376 ACC: 81.02 CR: 0.62 Avg R1: 4.74 Avg R2: 5.69 Avg Reward: 10.435880
2026-05-17 06:13:25 [INFO] Epoch: 99 [25600/50000 (51%)]	 Training Loss: 0.385 ACC: 80.61 CR: 0.63 Avg R1: 4.70 Avg R2: 5.71 Avg Reward: 10.415499
2026-05-17 06:13:37 [INFO] Epoch: 99 [38400/50000 (77%)]	 Training Loss: 0.385 ACC: 80.68 CR: 0.64 Avg R1: 4.65 Avg R2: 5.74 Avg Reward: 10.388614
2026-05-17 06:13:47 [INFO] EPOCH:99, ======================CR:0.6486====================
2026-05-17 06:13:47 [INFO] 0.029383596584167726
2026-05-17 06:13:49 [INFO] EPOCH:99, ======================ACC:67.91====================
2026-05-17 06:13:49 [INFO] BEST EPOCH:93,BEST ACC:69.45
2026-05-17 06:13:59 [INFO] Epoch: 100 [12800/50000 (26%)]	 Training Loss: 0.393 ACC: 80.62 CR: 0.65 Avg R1: 4.38 Avg R2: 5.90 Avg Reward: 10.277776
2026-05-17 06:14:11 [INFO] Epoch: 100 [25600/50000 (51%)]	 Training Loss: 0.395 ACC: 80.74 CR: 0.65 Avg R1: 4.36 Avg R2: 5.91 Avg Reward: 10.272492
2026-05-17 06:14:23 [INFO] Epoch: 100 [38400/50000 (77%)]	 Training Loss: 0.400 ACC: 80.38 CR: 0.66 Avg R1: 4.34 Avg R2: 5.92 Avg Reward: 10.261254
2026-05-17 06:14:34 [INFO] EPOCH:100, ======================CR:0.669====================
2026-05-17 06:14:34 [INFO] 0.04670517584282152
2026-05-17 06:14:36 [INFO] EPOCH:100, ======================ACC:64.66====================
2026-05-17 06:14:36 [INFO] BEST EPOCH:93,BEST ACC:69.45
2026-05-17 06:14:47 [INFO] Epoch: 101 [12800/50000 (26%)]	 Training Loss: 0.396 ACC: 81.03 CR: 0.67 Avg R1: 4.14 Avg R2: 6.08 Avg Reward: 10.212423
2026-05-17 06:14:59 [INFO] Epoch: 101 [25600/50000 (51%)]	 Training Loss: 0.389 ACC: 81.08 CR: 0.67 Avg R1: 4.13 Avg R2: 6.08 Avg Reward: 10.209026
2026-05-17 06:15:11 [INFO] Epoch: 101 [38400/50000 (77%)]	 Training Loss: 0.391 ACC: 81.01 CR: 0.67 Avg R1: 4.13 Avg R2: 6.08 Avg Reward: 10.207562
2026-05-17 06:15:21 [INFO] EPOCH:101, ======================CR:0.66954====================
2026-05-17 06:15:21 [INFO] 0.04182061871977678
2026-05-17 06:15:23 [INFO] EPOCH:101, ======================ACC:63.57====================
2026-05-17 06:15:23 [INFO] BEST EPOCH:93,BEST ACC:69.45
2026-05-17 06:15:35 [INFO] Epoch: 102 [12800/50000 (26%)]	 Training Loss: 0.374 ACC: 81.49 CR: 0.67 Avg R1: 4.13 Avg R2: 6.06 Avg Reward: 10.192664
2026-05-17 06:15:46 [INFO] Epoch: 102 [25600/50000 (51%)]	 Training Loss: 0.367 ACC: 81.61 CR: 0.66 Avg R1: 4.17 Avg R2: 6.04 Avg Reward: 10.211820
2026-05-17 06:16:00 [INFO] Epoch: 102 [38400/50000 (77%)]	 Training Loss: 0.368 ACC: 81.48 CR: 0.65 Avg R1: 4.22 Avg R2: 6.02 Avg Reward: 10.238090
2026-05-17 06:16:15 [INFO] EPOCH:102, ======================CR:0.63704====================
2026-05-17 06:16:15 [INFO] 0.037441612022173165
2026-05-17 06:16:17 [INFO] EPOCH:102, ======================ACC:68.91====================
2026-05-17 06:16:17 [INFO] BEST EPOCH:93,BEST ACC:69.45
2026-05-17 06:16:34 [INFO] Epoch: 103 [12800/50000 (26%)]	 Training Loss: 0.332 ACC: 82.86 CR: 0.63 Avg R1: 4.55 Avg R2: 5.83 Avg Reward: 10.389814
2026-05-17 06:16:50 [INFO] Epoch: 103 [25600/50000 (51%)]	 Training Loss: 0.341 ACC: 82.32 CR: 0.63 Avg R1: 4.59 Avg R2: 5.82 Avg Reward: 10.402599
2026-05-17 06:17:07 [INFO] Epoch: 103 [38400/50000 (77%)]	 Training Loss: 0.346 ACC: 82.01 CR: 0.62 Avg R1: 4.63 Avg R2: 5.79 Avg Reward: 10.422922
2026-05-17 06:17:22 [INFO] EPOCH:103, ======================CR:0.61086====================
2026-05-17 06:17:22 [INFO] 0.028774510106849994
2026-05-17 06:17:23 [INFO] EPOCH:103, ======================ACC:67.33====================
2026-05-17 06:17:23 [INFO] BEST EPOCH:93,BEST ACC:69.45
2026-05-17 06:17:41 [INFO] Epoch: 104 [12800/50000 (26%)]	 Training Loss: 0.366 ACC: 81.71 CR: 0.62 Avg R1: 4.83 Avg R2: 5.69 Avg Reward: 10.525186
2026-05-17 06:17:56 [INFO] Epoch: 104 [25600/50000 (51%)]	 Training Loss: 0.353 ACC: 82.10 CR: 0.62 Avg R1: 4.79 Avg R2: 5.72 Avg Reward: 10.507746
2026-05-17 06:18:13 [INFO] Epoch: 104 [38400/50000 (77%)]	 Training Loss: 0.349 ACC: 82.19 CR: 0.62 Avg R1: 4.78 Avg R2: 5.73 Avg Reward: 10.504071
2026-05-17 06:18:29 [INFO] EPOCH:104, ======================CR:0.61396====================
2026-05-17 06:18:29 [INFO] 0.03181203168117299
2026-05-17 06:18:31 [INFO] EPOCH:104, ======================ACC:68.27====================
2026-05-17 06:18:31 [INFO] BEST EPOCH:93,BEST ACC:69.45
2026-05-17 06:18:48 [INFO] Epoch: 105 [12800/50000 (26%)]	 Training Loss: 0.304 ACC: 83.59 CR: 0.61 Avg R1: 4.86 Avg R2: 5.67 Avg Reward: 10.528007
2026-05-17 06:19:04 [INFO] Epoch: 105 [25600/50000 (51%)]	 Training Loss: 0.307 ACC: 83.42 CR: 0.60 Avg R1: 4.89 Avg R2: 5.65 Avg Reward: 10.537270
2026-05-17 06:19:21 [INFO] Epoch: 105 [38400/50000 (77%)]	 Training Loss: 0.317 ACC: 83.01 CR: 0.60 Avg R1: 4.92 Avg R2: 5.63 Avg Reward: 10.547153
2026-05-17 06:19:34 [INFO] EPOCH:105, ======================CR:0.5881====================
2026-05-17 06:19:34 [INFO] 0.02102714450581238
2026-05-17 06:19:36 [INFO] EPOCH:105, ======================ACC:69.01====================
2026-05-17 06:19:36 [INFO] BEST EPOCH:93,BEST ACC:69.45
2026-05-17 06:19:47 [INFO] Epoch: 106 [12800/50000 (26%)]	 Training Loss: 0.294 ACC: 83.87 CR: 0.58 Avg R1: 4.88 Avg R2: 5.49 Avg Reward: 10.369655
2026-05-17 06:19:58 [INFO] Epoch: 106 [25600/50000 (51%)]	 Training Loss: 0.295 ACC: 84.07 CR: 0.58 Avg R1: 4.86 Avg R2: 5.48 Avg Reward: 10.342062
2026-05-17 06:20:09 [INFO] Epoch: 106 [38400/50000 (77%)]	 Training Loss: 0.304 ACC: 83.65 CR: 0.58 Avg R1: 4.85 Avg R2: 5.47 Avg Reward: 10.323396
2026-05-17 06:20:19 [INFO] EPOCH:106, ======================CR:0.58912====================
2026-05-17 06:20:19 [INFO] 0.03694416957019727
2026-05-17 06:20:21 [INFO] EPOCH:106, ======================ACC:67.59====================
2026-05-17 06:20:21 [INFO] BEST EPOCH:93,BEST ACC:69.45
2026-05-17 06:20:32 [INFO] Epoch: 107 [12800/50000 (26%)]	 Training Loss: 0.314 ACC: 83.62 CR: 0.59 Avg R1: 4.93 Avg R2: 5.53 Avg Reward: 10.466209
2026-05-17 06:20:43 [INFO] Epoch: 107 [25600/50000 (51%)]	 Training Loss: 0.311 ACC: 83.59 CR: 0.60 Avg R1: 4.96 Avg R2: 5.56 Avg Reward: 10.511789
2026-05-17 06:20:53 [INFO] Epoch: 107 [38400/50000 (77%)]	 Training Loss: 0.318 ACC: 83.19 CR: 0.61 Avg R1: 4.95 Avg R2: 5.57 Avg Reward: 10.522968
2026-05-17 06:21:04 [INFO] EPOCH:107, ======================CR:0.60942====================
2026-05-17 06:21:04 [INFO] 0.031079015050877744
2026-05-17 06:21:06 [INFO] EPOCH:107, ======================ACC:69.42====================
2026-05-17 06:21:06 [INFO] BEST EPOCH:93,BEST ACC:69.45
2026-05-17 06:21:06 [INFO] Saving Masks: current CR 0.6094 target CR 0.6000
2026-05-17 06:21:17 [INFO] Epoch: 108 [12800/50000 (26%)]	 Training Loss: 0.297 ACC: 84.72 CR: 0.61 Avg R1: 4.88 Avg R2: 5.64 Avg Reward: 10.524593
2026-05-17 06:21:28 [INFO] Epoch: 108 [25600/50000 (51%)]	 Training Loss: 0.300 ACC: 84.29 CR: 0.61 Avg R1: 4.91 Avg R2: 5.63 Avg Reward: 10.539344
2026-05-17 06:21:38 [INFO] Epoch: 108 [38400/50000 (77%)]	 Training Loss: 0.304 ACC: 83.86 CR: 0.60 Avg R1: 4.92 Avg R2: 5.63 Avg Reward: 10.544142
2026-05-17 06:21:48 [INFO] EPOCH:108, ======================CR:0.59856====================
2026-05-17 06:21:48 [INFO] 0.0313886486238487
2026-05-17 06:21:50 [INFO] EPOCH:108, ======================ACC:66.52====================
2026-05-17 06:21:50 [INFO] BEST EPOCH:93,BEST ACC:69.45
2026-05-17 06:21:50 [INFO] Saving Masks: current CR 0.5986 target CR 0.6000
2026-05-17 06:22:01 [INFO] Epoch: 109 [12800/50000 (26%)]	 Training Loss: 0.297 ACC: 84.25 CR: 0.60 Avg R1: 4.99 Avg R2: 5.58 Avg Reward: 10.568207
2026-05-17 06:22:13 [INFO] Epoch: 109 [25600/50000 (51%)]	 Training Loss: 0.301 ACC: 84.14 CR: 0.60 Avg R1: 4.99 Avg R2: 5.58 Avg Reward: 10.571147
2026-05-17 06:22:24 [INFO] Epoch: 109 [38400/50000 (77%)]	 Training Loss: 0.308 ACC: 83.88 CR: 0.61 Avg R1: 4.99 Avg R2: 5.58 Avg Reward: 10.572479
2026-05-17 06:22:34 [INFO] EPOCH:109, ======================CR:0.61002====================
2026-05-17 06:22:34 [INFO] 0.026722025269332025
2026-05-17 06:22:36 [INFO] EPOCH:109, ======================ACC:67.77====================
2026-05-17 06:22:36 [INFO] BEST EPOCH:93,BEST ACC:69.45
2026-05-17 06:22:47 [INFO] Epoch: 110 [12800/50000 (26%)]	 Training Loss: 0.316 ACC: 83.89 CR: 0.61 Avg R1: 4.87 Avg R2: 5.66 Avg Reward: 10.523370
2026-05-17 06:22:58 [INFO] Epoch: 110 [25600/50000 (51%)]	 Training Loss: 0.310 ACC: 84.05 CR: 0.61 Avg R1: 4.86 Avg R2: 5.66 Avg Reward: 10.519104
2026-05-17 06:23:09 [INFO] Epoch: 110 [38400/50000 (77%)]	 Training Loss: 0.315 ACC: 83.71 CR: 0.61 Avg R1: 4.86 Avg R2: 5.66 Avg Reward: 10.515994
2026-05-17 06:23:19 [INFO] EPOCH:110, ======================CR:0.60874====================
2026-05-17 06:23:19 [INFO] 0.026339026732899548
2026-05-17 06:23:21 [INFO] EPOCH:110, ======================ACC:66.94====================
2026-05-17 06:23:21 [INFO] BEST EPOCH:93,BEST ACC:69.45
2026-05-17 06:23:21 [INFO] Saving Masks: current CR 0.6087 target CR 0.6000
2026-05-17 06:23:33 [INFO] Epoch: 111 [12800/50000 (26%)]	 Training Loss: 0.290 ACC: 84.79 CR: 0.61 Avg R1: 4.89 Avg R2: 5.65 Avg Reward: 10.543769
2026-05-17 06:23:45 [INFO] Epoch: 111 [25600/50000 (51%)]	 Training Loss: 0.292 ACC: 84.69 CR: 0.61 Avg R1: 4.88 Avg R2: 5.66 Avg Reward: 10.542720
2026-05-17 06:23:56 [INFO] Epoch: 111 [38400/50000 (77%)]	 Training Loss: 0.303 ACC: 84.05 CR: 0.60 Avg R1: 4.89 Avg R2: 5.65 Avg Reward: 10.545327
2026-05-17 06:24:06 [INFO] EPOCH:111, ======================CR:0.59744====================
2026-05-17 06:24:06 [INFO] 0.02143115207551731
2026-05-17 06:24:08 [INFO] EPOCH:111, ======================ACC:69.79====================
2026-05-17 06:24:08 [INFO] BEST EPOCH:111,BEST ACC:69.79
2026-05-17 06:24:08 [INFO] Saving Masks: current CR 0.5974 target CR 0.6000
2026-05-17 06:24:08 [INFO] Updated candidate mask pretrained-rescale_mask_best-acc_60_05170454_resnet18 at epoch 111 with acc 69.7900
2026-05-17 06:24:19 [INFO] Epoch: 112 [12800/50000 (26%)]	 Training Loss: 0.280 ACC: 85.37 CR: 0.60 Avg R1: 4.96 Avg R2: 5.56 Avg Reward: 10.519181
2026-05-17 06:24:31 [INFO] Epoch: 112 [25600/50000 (51%)]	 Training Loss: 0.285 ACC: 85.07 CR: 0.60 Avg R1: 4.97 Avg R2: 5.56 Avg Reward: 10.528984
2026-05-17 06:24:43 [INFO] Epoch: 112 [38400/50000 (77%)]	 Training Loss: 0.293 ACC: 84.59 CR: 0.60 Avg R1: 4.97 Avg R2: 5.57 Avg Reward: 10.537043
2026-05-17 06:24:53 [INFO] EPOCH:112, ======================CR:0.59994====================
2026-05-17 06:24:53 [INFO] 0.019961005999067555
2026-05-17 06:24:55 [INFO] EPOCH:112, ======================ACC:69.47====================
2026-05-17 06:24:55 [INFO] BEST EPOCH:111,BEST ACC:69.79
2026-05-17 06:24:55 [INFO] Saving Masks: current CR 0.5999 target CR 0.6000
2026-05-17 06:25:05 [INFO] Epoch: 113 [12800/50000 (26%)]	 Training Loss: 0.293 ACC: 85.20 CR: 0.60 Avg R1: 4.99 Avg R2: 5.59 Avg Reward: 10.571984
2026-05-17 06:25:18 [INFO] Epoch: 113 [25600/50000 (51%)]	 Training Loss: 0.296 ACC: 84.91 CR: 0.60 Avg R1: 4.97 Avg R2: 5.60 Avg Reward: 10.562883
2026-05-17 06:25:29 [INFO] Epoch: 113 [38400/50000 (77%)]	 Training Loss: 0.295 ACC: 84.76 CR: 0.60 Avg R1: 4.96 Avg R2: 5.60 Avg Reward: 10.558560
2026-05-17 06:25:39 [INFO] EPOCH:113, ======================CR:0.6025====================
2026-05-17 06:25:39 [INFO] 0.02185995688685135
2026-05-17 06:25:41 [INFO] EPOCH:113, ======================ACC:68.78====================
2026-05-17 06:25:41 [INFO] BEST EPOCH:111,BEST ACC:69.79
2026-05-17 06:25:41 [INFO] Saving Masks: current CR 0.6025 target CR 0.6000
2026-05-17 06:25:52 [INFO] Epoch: 114 [12800/50000 (26%)]	 Training Loss: 0.273 ACC: 85.93 CR: 0.60 Avg R1: 4.98 Avg R2: 5.58 Avg Reward: 10.557334
2026-05-17 06:26:04 [INFO] Epoch: 114 [25600/50000 (51%)]	 Training Loss: 0.279 ACC: 85.36 CR: 0.60 Avg R1: 4.98 Avg R2: 5.57 Avg Reward: 10.556156
2026-05-17 06:26:15 [INFO] Epoch: 114 [38400/50000 (77%)]	 Training Loss: 0.279 ACC: 85.35 CR: 0.60 Avg R1: 4.98 Avg R2: 5.56 Avg Reward: 10.540924
2026-05-17 06:26:25 [INFO] EPOCH:114, ======================CR:0.58952====================
2026-05-17 06:26:25 [INFO] 0.019816964192531518
2026-05-17 06:26:27 [INFO] EPOCH:114, ======================ACC:67.81====================
2026-05-17 06:26:27 [INFO] BEST EPOCH:111,BEST ACC:69.79
2026-05-17 06:26:38 [INFO] Epoch: 115 [12800/50000 (26%)]	 Training Loss: 0.270 ACC: 85.55 CR: 0.59 Avg R1: 4.91 Avg R2: 5.49 Avg Reward: 10.393308
2026-05-17 06:26:49 [INFO] Epoch: 115 [25600/50000 (51%)]	 Training Loss: 0.269 ACC: 85.71 CR: 0.59 Avg R1: 4.90 Avg R2: 5.49 Avg Reward: 10.389094
2026-05-17 06:27:01 [INFO] Epoch: 115 [38400/50000 (77%)]	 Training Loss: 0.273 ACC: 85.63 CR: 0.59 Avg R1: 4.91 Avg R2: 5.50 Avg Reward: 10.406721
2026-05-17 06:27:11 [INFO] EPOCH:115, ======================CR:0.60408====================
2026-05-17 06:27:11 [INFO] 0.02511124211427798
2026-05-17 06:27:13 [INFO] EPOCH:115, ======================ACC:67.91====================
2026-05-17 06:27:13 [INFO] BEST EPOCH:111,BEST ACC:69.79
2026-05-17 06:27:13 [INFO] Saving Masks: current CR 0.6041 target CR 0.6000
2026-05-17 06:27:23 [INFO] Epoch: 116 [12800/50000 (26%)]	 Training Loss: 0.278 ACC: 85.53 CR: 0.61 Avg R1: 4.92 Avg R2: 5.61 Avg Reward: 10.522407
2026-05-17 06:27:34 [INFO] Epoch: 116 [25600/50000 (51%)]	 Training Loss: 0.281 ACC: 85.52 CR: 0.61 Avg R1: 4.89 Avg R2: 5.62 Avg Reward: 10.509948
2026-05-17 06:27:46 [INFO] Epoch: 116 [38400/50000 (77%)]	 Training Loss: 0.287 ACC: 85.23 CR: 0.62 Avg R1: 4.85 Avg R2: 5.64 Avg Reward: 10.497923
2026-05-17 06:27:56 [INFO] EPOCH:116, ======================CR:0.62514====================
2026-05-17 06:27:56 [INFO] 0.04223540516109406
2026-05-17 06:27:58 [INFO] EPOCH:116, ======================ACC:68.39====================
2026-05-17 06:27:58 [INFO] BEST EPOCH:111,BEST ACC:69.79
2026-05-17 06:28:08 [INFO] Epoch: 117 [12800/50000 (26%)]	 Training Loss: 0.282 ACC: 85.84 CR: 0.63 Avg R1: 4.67 Avg R2: 5.76 Avg Reward: 10.424263
2026-05-17 06:28:19 [INFO] Epoch: 117 [25600/50000 (51%)]	 Training Loss: 0.288 ACC: 85.54 CR: 0.63 Avg R1: 4.65 Avg R2: 5.76 Avg Reward: 10.414946
2026-05-17 06:28:30 [INFO] Epoch: 117 [38400/50000 (77%)]	 Training Loss: 0.298 ACC: 85.17 CR: 0.64 Avg R1: 4.61 Avg R2: 5.78 Avg Reward: 10.398356
2026-05-17 06:28:40 [INFO] EPOCH:117, ======================CR:0.65776====================
2026-05-17 06:28:40 [INFO] 0.03090328562968871
2026-05-17 06:28:42 [INFO] EPOCH:117, ======================ACC:66.74====================
2026-05-17 06:28:42 [INFO] BEST EPOCH:111,BEST ACC:69.79
2026-05-17 06:28:52 [INFO] Epoch: 118 [12800/50000 (26%)]	 Training Loss: 0.327 ACC: 84.85 CR: 0.67 Avg R1: 4.23 Avg R2: 6.00 Avg Reward: 10.233931
2026-05-17 06:29:03 [INFO] Epoch: 118 [25600/50000 (51%)]	 Training Loss: 0.325 ACC: 84.84 CR: 0.68 Avg R1: 4.15 Avg R2: 6.04 Avg Reward: 10.197705
2026-05-17 06:29:14 [INFO] Epoch: 118 [38400/50000 (77%)]	 Training Loss: 0.328 ACC: 84.65 CR: 0.69 Avg R1: 4.08 Avg R2: 6.08 Avg Reward: 10.162031
2026-05-17 06:29:25 [INFO] EPOCH:118, ======================CR:0.6979====================
2026-05-17 06:29:25 [INFO] 0.04334677658405652
2026-05-17 06:29:27 [INFO] EPOCH:118, ======================ACC:68.31====================
2026-05-17 06:29:27 [INFO] BEST EPOCH:111,BEST ACC:69.79
2026-05-17 06:29:38 [INFO] Epoch: 119 [12800/50000 (26%)]	 Training Loss: 0.266 ACC: 87.06 CR: 0.69 Avg R1: 3.83 Avg R2: 6.22 Avg Reward: 10.050720
2026-05-17 06:29:49 [INFO] Epoch: 119 [25600/50000 (51%)]	 Training Loss: 0.270 ACC: 86.77 CR: 0.68 Avg R1: 3.89 Avg R2: 6.19 Avg Reward: 10.082127
2026-05-17 06:30:00 [INFO] Epoch: 119 [38400/50000 (77%)]	 Training Loss: 0.278 ACC: 86.36 CR: 0.66 Avg R1: 3.97 Avg R2: 6.15 Avg Reward: 10.120317
2026-05-17 06:30:10 [INFO] EPOCH:119, ======================CR:0.64446====================
2026-05-17 06:30:10 [INFO] 0.037873408614077536
2026-05-17 06:30:11 [INFO] EPOCH:119, ======================ACC:70.12====================
2026-05-17 06:30:11 [INFO] BEST EPOCH:119,BEST ACC:70.12
2026-05-17 06:30:23 [INFO] Epoch: 120 [12800/50000 (26%)]	 Training Loss: 0.256 ACC: 87.20 CR: 0.64 Avg R1: 4.50 Avg R2: 5.87 Avg Reward: 10.366785
2026-05-17 06:30:34 [INFO] Epoch: 120 [25600/50000 (51%)]	 Training Loss: 0.257 ACC: 86.82 CR: 0.63 Avg R1: 4.54 Avg R2: 5.84 Avg Reward: 10.388584
2026-05-17 06:30:45 [INFO] Epoch: 120 [38400/50000 (77%)]	 Training Loss: 0.260 ACC: 86.81 CR: 0.62 Avg R1: 4.60 Avg R2: 5.82 Avg Reward: 10.415763
2026-05-17 06:30:55 [INFO] EPOCH:120, ======================CR:0.61732====================
2026-05-17 06:30:55 [INFO] 0.031628574398494654
2026-05-17 06:30:57 [INFO] EPOCH:120, ======================ACC:70.47====================
2026-05-17 06:30:57 [INFO] BEST EPOCH:120,BEST ACC:70.47
2026-05-17 06:31:08 [INFO] Epoch: 121 [12800/50000 (26%)]	 Training Loss: 0.252 ACC: 86.73 CR: 0.62 Avg R1: 4.78 Avg R2: 5.70 Avg Reward: 10.475600
2026-05-17 06:31:20 [INFO] Epoch: 121 [25600/50000 (51%)]	 Training Loss: 0.252 ACC: 87.04 CR: 0.61 Avg R1: 4.79 Avg R2: 5.69 Avg Reward: 10.482379
2026-05-17 06:31:31 [INFO] Epoch: 121 [38400/50000 (77%)]	 Training Loss: 0.253 ACC: 86.94 CR: 0.61 Avg R1: 4.80 Avg R2: 5.69 Avg Reward: 10.486229
2026-05-17 06:31:41 [INFO] EPOCH:121, ======================CR:0.61198====================
2026-05-17 06:31:41 [INFO] 0.036554559677906225
2026-05-17 06:31:43 [INFO] EPOCH:121, ======================ACC:69.01====================
2026-05-17 06:31:43 [INFO] BEST EPOCH:120,BEST ACC:70.47
2026-05-17 06:31:55 [INFO] Epoch: 122 [12800/50000 (26%)]	 Training Loss: 0.231 ACC: 87.62 CR: 0.61 Avg R1: 4.89 Avg R2: 5.63 Avg Reward: 10.520386
2026-05-17 06:32:06 [INFO] Epoch: 122 [25600/50000 (51%)]	 Training Loss: 0.228 ACC: 87.86 CR: 0.60 Avg R1: 4.93 Avg R2: 5.61 Avg Reward: 10.542225
2026-05-17 06:32:17 [INFO] Epoch: 122 [38400/50000 (77%)]	 Training Loss: 0.232 ACC: 87.72 CR: 0.60 Avg R1: 4.95 Avg R2: 5.60 Avg Reward: 10.547812
2026-05-17 06:32:27 [INFO] EPOCH:122, ======================CR:0.59468====================
2026-05-17 06:32:27 [INFO] 0.027221154635380548
2026-05-17 06:32:29 [INFO] EPOCH:122, ======================ACC:71.03====================
2026-05-17 06:32:29 [INFO] BEST EPOCH:122,BEST ACC:71.03
2026-05-17 06:32:29 [INFO] Saving Masks: current CR 0.5947 target CR 0.6000
2026-05-17 06:32:29 [INFO] Updated candidate mask pretrained-rescale_mask_best-acc_60_05170454_resnet18 at epoch 122 with acc 71.0300
2026-05-17 06:32:41 [INFO] Epoch: 123 [12800/50000 (26%)]	 Training Loss: 0.234 ACC: 88.48 CR: 0.60 Avg R1: 4.98 Avg R2: 5.54 Avg Reward: 10.515965
2026-05-17 06:32:52 [INFO] Epoch: 123 [25600/50000 (51%)]	 Training Loss: 0.237 ACC: 88.08 CR: 0.61 Avg R1: 4.95 Avg R2: 5.56 Avg Reward: 10.510313
2026-05-17 06:33:03 [INFO] Epoch: 123 [38400/50000 (77%)]	 Training Loss: 0.243 ACC: 87.78 CR: 0.62 Avg R1: 4.89 Avg R2: 5.59 Avg Reward: 10.488977
2026-05-17 06:33:14 [INFO] EPOCH:123, ======================CR:0.63206====================
2026-05-17 06:33:14 [INFO] 0.04144396506158346
2026-05-17 06:33:16 [INFO] EPOCH:123, ======================ACC:70.91====================
2026-05-17 06:33:16 [INFO] BEST EPOCH:122,BEST ACC:71.03
2026-05-17 06:33:27 [INFO] Epoch: 124 [12800/50000 (26%)]	 Training Loss: 0.230 ACC: 88.59 CR: 0.64 Avg R1: 4.58 Avg R2: 5.76 Avg Reward: 10.338299
2026-05-17 06:33:38 [INFO] Epoch: 124 [25600/50000 (51%)]	 Training Loss: 0.245 ACC: 88.13 CR: 0.64 Avg R1: 4.54 Avg R2: 5.78 Avg Reward: 10.323010
2026-05-17 06:33:50 [INFO] Epoch: 124 [38400/50000 (77%)]	 Training Loss: 0.249 ACC: 87.73 CR: 0.64 Avg R1: 4.53 Avg R2: 5.79 Avg Reward: 10.317119
2026-05-17 06:33:59 [INFO] EPOCH:124, ======================CR:0.64386====================
2026-05-17 06:33:59 [INFO] 0.037821925845622266
2026-05-17 06:34:01 [INFO] EPOCH:124, ======================ACC:68.82====================
2026-05-17 06:34:01 [INFO] BEST EPOCH:122,BEST ACC:71.03
2026-05-17 06:34:12 [INFO] Epoch: 125 [12800/50000 (26%)]	 Training Loss: 0.229 ACC: 89.15 CR: 0.64 Avg R1: 4.45 Avg R2: 5.86 Avg Reward: 10.306023
2026-05-17 06:34:23 [INFO] Epoch: 125 [25600/50000 (51%)]	 Training Loss: 0.229 ACC: 88.98 CR: 0.64 Avg R1: 4.45 Avg R2: 5.86 Avg Reward: 10.306782
2026-05-17 06:34:35 [INFO] Epoch: 125 [38400/50000 (77%)]	 Training Loss: 0.235 ACC: 88.59 CR: 0.65 Avg R1: 4.44 Avg R2: 5.86 Avg Reward: 10.302615
2026-05-17 06:34:46 [INFO] EPOCH:125, ======================CR:0.64084====================
2026-05-17 06:34:46 [INFO] 0.04115907972146615
2026-05-17 06:34:48 [INFO] EPOCH:125, ======================ACC:70.25====================
2026-05-17 06:34:48 [INFO] BEST EPOCH:122,BEST ACC:71.03
2026-05-17 06:34:59 [INFO] Epoch: 126 [12800/50000 (26%)]	 Training Loss: 0.207 ACC: 89.71 CR: 0.63 Avg R1: 4.55 Avg R2: 5.77 Avg Reward: 10.320988
2026-05-17 06:35:10 [INFO] Epoch: 126 [25600/50000 (51%)]	 Training Loss: 0.207 ACC: 89.41 CR: 0.62 Avg R1: 4.62 Avg R2: 5.74 Avg Reward: 10.354449
2026-05-17 06:35:20 [INFO] Epoch: 126 [38400/50000 (77%)]	 Training Loss: 0.213 ACC: 89.09 CR: 0.61 Avg R1: 4.69 Avg R2: 5.70 Avg Reward: 10.390211
2026-05-17 06:35:30 [INFO] EPOCH:126, ======================CR:0.59742====================
2026-05-17 06:35:30 [INFO] 0.03813706266076731
2026-05-17 06:35:32 [INFO] EPOCH:126, ======================ACC:70.5====================
2026-05-17 06:35:32 [INFO] BEST EPOCH:122,BEST ACC:71.03
2026-05-17 06:35:32 [INFO] Saving Masks: current CR 0.5974 target CR 0.6000
2026-05-17 06:35:43 [INFO] Epoch: 127 [12800/50000 (26%)]	 Training Loss: 0.200 ACC: 89.57 CR: 0.60 Avg R1: 4.98 Avg R2: 5.51 Avg Reward: 10.487938
2026-05-17 06:35:52 [INFO] Epoch: 127 [25600/50000 (51%)]	 Training Loss: 0.206 ACC: 89.34 CR: 0.60 Avg R1: 4.97 Avg R2: 5.50 Avg Reward: 10.476772
2026-05-17 06:36:04 [INFO] Epoch: 127 [38400/50000 (77%)]	 Training Loss: 0.211 ACC: 89.03 CR: 0.60 Avg R1: 4.97 Avg R2: 5.50 Avg Reward: 10.464458
2026-05-17 06:36:14 [INFO] EPOCH:127, ======================CR:0.59314====================
2026-05-17 06:36:14 [INFO] 0.028831070054902787
2026-05-17 06:36:16 [INFO] EPOCH:127, ======================ACC:70.48====================
2026-05-17 06:36:16 [INFO] BEST EPOCH:122,BEST ACC:71.03
2026-05-17 06:36:16 [INFO] Saving Masks: current CR 0.5931 target CR 0.6000
2026-05-17 06:36:28 [INFO] Epoch: 128 [12800/50000 (26%)]	 Training Loss: 0.196 ACC: 90.09 CR: 0.59 Avg R1: 4.95 Avg R2: 5.46 Avg Reward: 10.412324
2026-05-17 06:36:39 [INFO] Epoch: 128 [25600/50000 (51%)]	 Training Loss: 0.201 ACC: 89.73 CR: 0.60 Avg R1: 4.96 Avg R2: 5.46 Avg Reward: 10.417032
2026-05-17 06:36:49 [INFO] Epoch: 128 [38400/50000 (77%)]	 Training Loss: 0.205 ACC: 89.34 CR: 0.60 Avg R1: 4.96 Avg R2: 5.46 Avg Reward: 10.422323
2026-05-17 06:37:00 [INFO] EPOCH:128, ======================CR:0.59564====================
2026-05-17 06:37:00 [INFO] 0.02611433228195967
2026-05-17 06:37:02 [INFO] EPOCH:128, ======================ACC:69.78====================
2026-05-17 06:37:02 [INFO] BEST EPOCH:122,BEST ACC:71.03
2026-05-17 06:37:02 [INFO] Saving Masks: current CR 0.5956 target CR 0.6000
2026-05-17 06:37:14 [INFO] Epoch: 129 [12800/50000 (26%)]	 Training Loss: 0.191 ACC: 89.88 CR: 0.59 Avg R1: 4.96 Avg R2: 5.47 Avg Reward: 10.436717
2026-05-17 06:37:25 [INFO] Epoch: 129 [25600/50000 (51%)]	 Training Loss: 0.193 ACC: 89.84 CR: 0.59 Avg R1: 4.95 Avg R2: 5.46 Avg Reward: 10.409817
2026-05-17 06:37:36 [INFO] Epoch: 129 [38400/50000 (77%)]	 Training Loss: 0.196 ACC: 89.62 CR: 0.58 Avg R1: 4.93 Avg R2: 5.45 Avg Reward: 10.375286
2026-05-17 06:37:47 [INFO] EPOCH:129, ======================CR:0.58254====================
2026-05-17 06:37:47 [INFO] 0.017914252863314564
2026-05-17 06:37:49 [INFO] EPOCH:129, ======================ACC:71.62====================
2026-05-17 06:37:49 [INFO] BEST EPOCH:129,BEST ACC:71.62
2026-05-17 06:38:00 [INFO] Epoch: 130 [12800/50000 (26%)]	 Training Loss: 0.181 ACC: 90.29 CR: 0.58 Avg R1: 4.85 Avg R2: 5.37 Avg Reward: 10.219310
2026-05-17 06:38:11 [INFO] Epoch: 130 [25600/50000 (51%)]	 Training Loss: 0.182 ACC: 90.35 CR: 0.58 Avg R1: 4.85 Avg R2: 5.37 Avg Reward: 10.224490
2026-05-17 06:38:23 [INFO] Epoch: 130 [38400/50000 (77%)]	 Training Loss: 0.185 ACC: 90.28 CR: 0.58 Avg R1: 4.85 Avg R2: 5.38 Avg Reward: 10.229083
2026-05-17 06:38:34 [INFO] EPOCH:130, ======================CR:0.58502====================
2026-05-17 06:38:34 [INFO] 0.024337591816094687
2026-05-17 06:38:36 [INFO] EPOCH:130, ======================ACC:72.19====================
2026-05-17 06:38:36 [INFO] BEST EPOCH:130,BEST ACC:72.19
2026-05-17 06:38:47 [INFO] Epoch: 131 [12800/50000 (26%)]	 Training Loss: 0.170 ACC: 91.35 CR: 0.59 Avg R1: 4.90 Avg R2: 5.37 Avg Reward: 10.266975
2026-05-17 06:38:59 [INFO] Epoch: 131 [25600/50000 (51%)]	 Training Loss: 0.181 ACC: 90.95 CR: 0.59 Avg R1: 4.92 Avg R2: 5.39 Avg Reward: 10.302467
2026-05-17 06:39:09 [INFO] Epoch: 131 [38400/50000 (77%)]	 Training Loss: 0.189 ACC: 90.60 CR: 0.60 Avg R1: 4.94 Avg R2: 5.40 Avg Reward: 10.338230
2026-05-17 06:39:20 [INFO] EPOCH:131, ======================CR:0.61066====================
2026-05-17 06:39:20 [INFO] 0.031512970239732735
2026-05-17 06:39:22 [INFO] EPOCH:131, ======================ACC:71.54====================
2026-05-17 06:39:22 [INFO] BEST EPOCH:130,BEST ACC:72.19
2026-05-17 06:39:33 [INFO] Epoch: 132 [12800/50000 (26%)]	 Training Loss: 0.194 ACC: 90.32 CR: 0.61 Avg R1: 4.84 Avg R2: 5.52 Avg Reward: 10.361717
2026-05-17 06:39:45 [INFO] Epoch: 132 [25600/50000 (51%)]	 Training Loss: 0.192 ACC: 90.43 CR: 0.62 Avg R1: 4.81 Avg R2: 5.53 Avg Reward: 10.344767
2026-05-17 06:39:55 [INFO] Epoch: 132 [38400/50000 (77%)]	 Training Loss: 0.192 ACC: 90.43 CR: 0.62 Avg R1: 4.79 Avg R2: 5.54 Avg Reward: 10.331849
2026-05-17 06:40:05 [INFO] EPOCH:132, ======================CR:0.62778====================
2026-05-17 06:40:05 [INFO] 0.03751534576772139
2026-05-17 06:40:07 [INFO] EPOCH:132, ======================ACC:71.44====================
2026-05-17 06:40:07 [INFO] BEST EPOCH:130,BEST ACC:72.19
2026-05-17 06:40:19 [INFO] Epoch: 133 [12800/50000 (26%)]	 Training Loss: 0.184 ACC: 90.69 CR: 0.63 Avg R1: 4.65 Avg R2: 5.62 Avg Reward: 10.273182
2026-05-17 06:40:31 [INFO] Epoch: 133 [25600/50000 (51%)]	 Training Loss: 0.187 ACC: 90.56 CR: 0.63 Avg R1: 4.65 Avg R2: 5.62 Avg Reward: 10.271611
2026-05-17 06:40:41 [INFO] Epoch: 133 [38400/50000 (77%)]	 Training Loss: 0.188 ACC: 90.57 CR: 0.62 Avg R1: 4.67 Avg R2: 5.61 Avg Reward: 10.278522
2026-05-17 06:40:52 [INFO] EPOCH:133, ======================CR:0.61966====================
2026-05-17 06:40:52 [INFO] 0.02459493886667428
2026-05-17 06:40:54 [INFO] EPOCH:133, ======================ACC:72.7====================
2026-05-17 06:40:54 [INFO] BEST EPOCH:133,BEST ACC:72.7
2026-05-17 06:41:05 [INFO] Epoch: 134 [12800/50000 (26%)]	 Training Loss: 0.172 ACC: 91.60 CR: 0.62 Avg R1: 4.75 Avg R2: 5.58 Avg Reward: 10.329898
2026-05-17 06:41:17 [INFO] Epoch: 134 [25600/50000 (51%)]	 Training Loss: 0.176 ACC: 91.31 CR: 0.62 Avg R1: 4.75 Avg R2: 5.58 Avg Reward: 10.330995
2026-05-17 06:41:29 [INFO] Epoch: 134 [38400/50000 (77%)]	 Training Loss: 0.179 ACC: 91.08 CR: 0.61 Avg R1: 4.77 Avg R2: 5.57 Avg Reward: 10.345224
2026-05-17 06:41:39 [INFO] EPOCH:134, ======================CR:0.60672====================
2026-05-17 06:41:39 [INFO] 0.02214644148329211
2026-05-17 06:41:41 [INFO] EPOCH:134, ======================ACC:71.94====================
2026-05-17 06:41:41 [INFO] BEST EPOCH:133,BEST ACC:72.7
2026-05-17 06:41:41 [INFO] Saving Masks: current CR 0.6067 target CR 0.6000
2026-05-17 06:41:41 [INFO] Updated candidate mask pretrained-rescale_mask_best-acc_60_05170454_resnet18 at epoch 134 with acc 71.9400
2026-05-17 06:41:53 [INFO] Epoch: 135 [12800/50000 (26%)]	 Training Loss: 0.169 ACC: 90.84 CR: 0.60 Avg R1: 4.94 Avg R2: 5.47 Avg Reward: 10.410208
2026-05-17 06:42:04 [INFO] Epoch: 135 [25600/50000 (51%)]	 Training Loss: 0.165 ACC: 91.21 CR: 0.60 Avg R1: 4.96 Avg R2: 5.45 Avg Reward: 10.414375
2026-05-17 06:42:16 [INFO] Epoch: 135 [38400/50000 (77%)]	 Training Loss: 0.164 ACC: 91.27 CR: 0.59 Avg R1: 4.96 Avg R2: 5.43 Avg Reward: 10.389389
2026-05-17 06:42:27 [INFO] EPOCH:135, ======================CR:0.58794====================
2026-05-17 06:42:27 [INFO] 0.027655145407623035
2026-05-17 06:42:29 [INFO] EPOCH:135, ======================ACC:71.7====================
2026-05-17 06:42:29 [INFO] BEST EPOCH:134,BEST ACC:72.7
2026-05-17 06:42:41 [INFO] Epoch: 136 [12800/50000 (26%)]	 Training Loss: 0.163 ACC: 91.82 CR: 0.59 Avg R1: 4.90 Avg R2: 5.33 Avg Reward: 10.235498
2026-05-17 06:42:53 [INFO] Epoch: 136 [25600/50000 (51%)]	 Training Loss: 0.159 ACC: 91.94 CR: 0.59 Avg R1: 4.91 Avg R2: 5.34 Avg Reward: 10.244240
2026-05-17 06:43:04 [INFO] Epoch: 136 [38400/50000 (77%)]	 Training Loss: 0.159 ACC: 91.97 CR: 0.59 Avg R1: 4.91 Avg R2: 5.34 Avg Reward: 10.253289
2026-05-17 06:43:14 [INFO] EPOCH:136, ======================CR:0.59648====================
2026-05-17 06:43:14 [INFO] 0.029951772812764788
2026-05-17 06:43:16 [INFO] EPOCH:136, ======================ACC:70.66====================
2026-05-17 06:43:16 [INFO] BEST EPOCH:134,BEST ACC:72.7
2026-05-17 06:43:16 [INFO] Saving Masks: current CR 0.5965 target CR 0.6000
2026-05-17 06:43:28 [INFO] Epoch: 137 [12800/50000 (26%)]	 Training Loss: 0.161 ACC: 91.70 CR: 0.60 Avg R1: 4.96 Avg R2: 5.36 Avg Reward: 10.325973
2026-05-17 06:43:40 [INFO] Epoch: 137 [25600/50000 (51%)]	 Training Loss: 0.163 ACC: 91.68 CR: 0.60 Avg R1: 4.97 Avg R2: 5.36 Avg Reward: 10.333271
2026-05-17 06:43:51 [INFO] Epoch: 137 [38400/50000 (77%)]	 Training Loss: 0.164 ACC: 91.67 CR: 0.60 Avg R1: 4.97 Avg R2: 5.37 Avg Reward: 10.346363
2026-05-17 06:44:00 [INFO] EPOCH:137, ======================CR:0.60546====================
2026-05-17 06:44:00 [INFO] 0.030580078960067085
2026-05-17 06:44:02 [INFO] EPOCH:137, ======================ACC:72.04====================
2026-05-17 06:44:02 [INFO] BEST EPOCH:134,BEST ACC:72.7
2026-05-17 06:44:02 [INFO] Saving Masks: current CR 0.6055 target CR 0.6000
2026-05-17 06:44:02 [INFO] Updated candidate mask pretrained-rescale_mask_best-acc_60_05170454_resnet18 at epoch 137 with acc 72.0400
2026-05-17 06:44:14 [INFO] Epoch: 138 [12800/50000 (26%)]	 Training Loss: 0.145 ACC: 92.80 CR: 0.61 Avg R1: 4.93 Avg R2: 5.41 Avg Reward: 10.341815
2026-05-17 06:44:26 [INFO] Epoch: 138 [25600/50000 (51%)]	 Training Loss: 0.145 ACC: 92.80 CR: 0.60 Avg R1: 4.95 Avg R2: 5.40 Avg Reward: 10.345852
2026-05-17 06:44:38 [INFO] Epoch: 138 [38400/50000 (77%)]	 Training Loss: 0.150 ACC: 92.56 CR: 0.60 Avg R1: 4.96 Avg R2: 5.39 Avg Reward: 10.342504
2026-05-17 06:44:48 [INFO] EPOCH:138, ======================CR:0.59698====================
2026-05-17 06:44:48 [INFO] 0.024677179073349733
2026-05-17 06:44:50 [INFO] EPOCH:138, ======================ACC:70.44====================
2026-05-17 06:44:50 [INFO] BEST EPOCH:137,BEST ACC:72.7
2026-05-17 06:44:50 [INFO] Saving Masks: current CR 0.5970 target CR 0.6000
2026-05-17 06:45:02 [INFO] Epoch: 139 [12800/50000 (26%)]	 Training Loss: 0.149 ACC: 92.45 CR: 0.60 Avg R1: 4.97 Avg R2: 5.33 Avg Reward: 10.304076
2026-05-17 06:45:13 [INFO] Epoch: 139 [25600/50000 (51%)]	 Training Loss: 0.145 ACC: 92.45 CR: 0.59 Avg R1: 4.97 Avg R2: 5.33 Avg Reward: 10.291173
2026-05-17 06:45:25 [INFO] Epoch: 139 [38400/50000 (77%)]	 Training Loss: 0.148 ACC: 92.39 CR: 0.59 Avg R1: 4.96 Avg R2: 5.32 Avg Reward: 10.276977
2026-05-17 06:45:34 [INFO] EPOCH:139, ======================CR:0.59118====================
2026-05-17 06:45:34 [INFO] 0.025295508692619668
2026-05-17 06:45:36 [INFO] EPOCH:139, ======================ACC:73.09====================
2026-05-17 06:45:36 [INFO] BEST EPOCH:139,BEST ACC:73.09
2026-05-17 06:45:36 [INFO] Saving Masks: current CR 0.5912 target CR 0.6000
2026-05-17 06:45:36 [INFO] Updated candidate mask pretrained-rescale_mask_best-acc_60_05170454_resnet18 at epoch 139 with acc 73.0900
2026-05-17 06:45:47 [INFO] Epoch: 140 [12800/50000 (26%)]	 Training Loss: 0.144 ACC: 92.96 CR: 0.59 Avg R1: 4.94 Avg R2: 5.29 Avg Reward: 10.225847
2026-05-17 06:45:59 [INFO] Epoch: 140 [25600/50000 (51%)]	 Training Loss: 0.147 ACC: 92.77 CR: 0.60 Avg R1: 4.95 Avg R2: 5.29 Avg Reward: 10.242334
2026-05-17 06:46:10 [INFO] Epoch: 140 [38400/50000 (77%)]	 Training Loss: 0.148 ACC: 92.72 CR: 0.60 Avg R1: 4.96 Avg R2: 5.30 Avg Reward: 10.253508
2026-05-17 06:46:20 [INFO] EPOCH:140, ======================CR:0.597====================
2026-05-17 06:46:20 [INFO] 0.027179670558068265
2026-05-17 06:46:22 [INFO] EPOCH:140, ======================ACC:72.04====================
2026-05-17 06:46:22 [INFO] BEST EPOCH:139,BEST ACC:73.09
2026-05-17 06:46:22 [INFO] Saving Masks: current CR 0.5970 target CR 0.6000
2026-05-17 06:46:34 [INFO] Epoch: 141 [12800/50000 (26%)]	 Training Loss: 0.133 ACC: 93.70 CR: 0.60 Avg R1: 4.97 Avg R2: 5.29 Avg Reward: 10.262718
2026-05-17 06:46:46 [INFO] Epoch: 141 [25600/50000 (51%)]	 Training Loss: 0.133 ACC: 93.64 CR: 0.60 Avg R1: 4.97 Avg R2: 5.29 Avg Reward: 10.257734
2026-05-17 06:46:58 [INFO] Epoch: 141 [38400/50000 (77%)]	 Training Loss: 0.138 ACC: 93.40 CR: 0.60 Avg R1: 4.97 Avg R2: 5.29 Avg Reward: 10.257179
2026-05-17 06:47:09 [INFO] EPOCH:141, ======================CR:0.60208====================
2026-05-17 06:47:09 [INFO] 0.02676996630856099
2026-05-17 06:47:11 [INFO] EPOCH:141, ======================ACC:72.21====================
2026-05-17 06:47:11 [INFO] BEST EPOCH:139,BEST ACC:73.09
2026-05-17 06:47:11 [INFO] Saving Masks: current CR 0.6021 target CR 0.6000
2026-05-17 06:47:23 [INFO] Epoch: 142 [12800/50000 (26%)]	 Training Loss: 0.138 ACC: 93.39 CR: 0.61 Avg R1: 4.96 Avg R2: 5.31 Avg Reward: 10.261501
2026-05-17 06:47:34 [INFO] Epoch: 142 [25600/50000 (51%)]	 Training Loss: 0.141 ACC: 93.25 CR: 0.61 Avg R1: 4.93 Avg R2: 5.32 Avg Reward: 10.248002
2026-05-17 06:47:46 [INFO] Epoch: 142 [38400/50000 (77%)]	 Training Loss: 0.143 ACC: 93.13 CR: 0.62 Avg R1: 4.89 Avg R2: 5.34 Avg Reward: 10.225119
2026-05-17 06:47:57 [INFO] EPOCH:142, ======================CR:0.63042====================
2026-05-17 06:47:57 [INFO] 0.04414014582105434
2026-05-17 06:47:59 [INFO] EPOCH:142, ======================ACC:72.9====================
2026-05-17 06:47:59 [INFO] BEST EPOCH:139,BEST ACC:73.09
2026-05-17 06:48:11 [INFO] Epoch: 143 [12800/50000 (26%)]	 Training Loss: 0.142 ACC: 93.41 CR: 0.63 Avg R1: 4.60 Avg R2: 5.48 Avg Reward: 10.083682
2026-05-17 06:48:23 [INFO] Epoch: 143 [25600/50000 (51%)]	 Training Loss: 0.143 ACC: 93.31 CR: 0.63 Avg R1: 4.59 Avg R2: 5.49 Avg Reward: 10.079761
2026-05-17 06:48:34 [INFO] Epoch: 143 [38400/50000 (77%)]	 Training Loss: 0.140 ACC: 93.36 CR: 0.63 Avg R1: 4.58 Avg R2: 5.50 Avg Reward: 10.074940
2026-05-17 06:48:45 [INFO] EPOCH:143, ======================CR:0.63268====================
2026-05-17 06:48:45 [INFO] 0.029705582903586464
2026-05-17 06:48:47 [INFO] EPOCH:143, ======================ACC:72.51====================
2026-05-17 06:48:47 [INFO] BEST EPOCH:139,BEST ACC:73.09
2026-05-17 06:48:59 [INFO] Epoch: 144 [12800/50000 (26%)]	 Training Loss: 0.130 ACC: 93.71 CR: 0.63 Avg R1: 4.60 Avg R2: 5.46 Avg Reward: 10.062285
2026-05-17 06:49:11 [INFO] Epoch: 144 [25600/50000 (51%)]	 Training Loss: 0.131 ACC: 93.89 CR: 0.63 Avg R1: 4.61 Avg R2: 5.46 Avg Reward: 10.068880
2026-05-17 06:49:23 [INFO] Epoch: 144 [38400/50000 (77%)]	 Training Loss: 0.132 ACC: 93.80 CR: 0.63 Avg R1: 4.62 Avg R2: 5.45 Avg Reward: 10.073377
2026-05-17 06:49:33 [INFO] EPOCH:144, ======================CR:0.62328====================
2026-05-17 06:49:33 [INFO] 0.04003884681467806
2026-05-17 06:49:35 [INFO] EPOCH:144, ======================ACC:72.95====================
2026-05-17 06:49:35 [INFO] BEST EPOCH:139,BEST ACC:73.09
2026-05-17 06:49:48 [INFO] Epoch: 145 [12800/50000 (26%)]	 Training Loss: 0.119 ACC: 94.58 CR: 0.62 Avg R1: 4.72 Avg R2: 5.40 Avg Reward: 10.114574
2026-05-17 06:50:00 [INFO] Epoch: 145 [25600/50000 (51%)]	 Training Loss: 0.120 ACC: 94.39 CR: 0.62 Avg R1: 4.72 Avg R2: 5.39 Avg Reward: 10.118275
2026-05-17 06:50:11 [INFO] Epoch: 145 [38400/50000 (77%)]	 Training Loss: 0.122 ACC: 94.23 CR: 0.62 Avg R1: 4.74 Avg R2: 5.38 Avg Reward: 10.122433
2026-05-17 06:50:20 [INFO] EPOCH:145, ======================CR:0.6123====================
2026-05-17 06:50:20 [INFO] 0.03773705429286425
2026-05-17 06:50:22 [INFO] EPOCH:145, ======================ACC:72.52====================
2026-05-17 06:50:22 [INFO] BEST EPOCH:139,BEST ACC:73.09
2026-05-17 06:50:31 [INFO] Epoch: 146 [12800/50000 (26%)]	 Training Loss: 0.111 ACC: 94.57 CR: 0.60 Avg R1: 4.90 Avg R2: 5.28 Avg Reward: 10.176230
2026-05-17 06:50:44 [INFO] Epoch: 146 [25600/50000 (51%)]	 Training Loss: 0.112 ACC: 94.54 CR: 0.60 Avg R1: 4.94 Avg R2: 5.26 Avg Reward: 10.196174
2026-05-17 06:50:56 [INFO] Epoch: 146 [38400/50000 (77%)]	 Training Loss: 0.112 ACC: 94.51 CR: 0.59 Avg R1: 4.94 Avg R2: 5.24 Avg Reward: 10.185525
2026-05-17 06:51:06 [INFO] EPOCH:146, ======================CR:0.58806====================
2026-05-17 06:51:06 [INFO] 0.03985729263263378
2026-05-17 06:51:08 [INFO] EPOCH:146, ======================ACC:73.06====================
2026-05-17 06:51:08 [INFO] BEST EPOCH:139,BEST ACC:73.09
2026-05-17 06:51:19 [INFO] Epoch: 147 [12800/50000 (26%)]	 Training Loss: 0.111 ACC: 94.52 CR: 0.59 Avg R1: 4.90 Avg R2: 5.13 Avg Reward: 10.033039
2026-05-17 06:51:32 [INFO] Epoch: 147 [25600/50000 (51%)]	 Training Loss: 0.110 ACC: 94.67 CR: 0.59 Avg R1: 4.91 Avg R2: 5.13 Avg Reward: 10.044698
2026-05-17 06:51:43 [INFO] Epoch: 147 [38400/50000 (77%)]	 Training Loss: 0.112 ACC: 94.61 CR: 0.59 Avg R1: 4.92 Avg R2: 5.14 Avg Reward: 10.056570
2026-05-17 06:51:54 [INFO] EPOCH:147, ======================CR:0.5948====================
2026-05-17 06:51:54 [INFO] 0.02444014874845556
2026-05-17 06:51:56 [INFO] EPOCH:147, ======================ACC:73.95====================
2026-05-17 06:51:56 [INFO] BEST EPOCH:147,BEST ACC:73.95
2026-05-17 06:51:56 [INFO] Saving Masks: current CR 0.5948 target CR 0.6000
2026-05-17 06:51:56 [INFO] Updated candidate mask pretrained-rescale_mask_best-acc_60_05170454_resnet18 at epoch 147 with acc 73.9500
2026-05-17 06:52:07 [INFO] Epoch: 148 [12800/50000 (26%)]	 Training Loss: 0.106 ACC: 95.16 CR: 0.60 Avg R1: 4.96 Avg R2: 5.14 Avg Reward: 10.095644
2026-05-17 06:52:18 [INFO] Epoch: 148 [25600/50000 (51%)]	 Training Loss: 0.108 ACC: 95.05 CR: 0.60 Avg R1: 4.97 Avg R2: 5.14 Avg Reward: 10.109951
2026-05-17 06:52:29 [INFO] Epoch: 148 [38400/50000 (77%)]	 Training Loss: 0.109 ACC: 94.96 CR: 0.60 Avg R1: 4.97 Avg R2: 5.16 Avg Reward: 10.125592
2026-05-17 06:52:41 [INFO] EPOCH:148, ======================CR:0.60642====================
2026-05-17 06:52:41 [INFO] 0.03253901538319385
2026-05-17 06:52:43 [INFO] EPOCH:148, ======================ACC:74.09====================
2026-05-17 06:52:43 [INFO] BEST EPOCH:148,BEST ACC:74.09
2026-05-17 06:52:43 [INFO] Saving Masks: current CR 0.6064 target CR 0.6000
2026-05-17 06:52:43 [INFO] Updated candidate mask pretrained-rescale_mask_best-acc_60_05170454_resnet18 at epoch 148 with acc 74.0900
2026-05-17 06:52:54 [INFO] Epoch: 149 [12800/50000 (26%)]	 Training Loss: 0.103 ACC: 95.11 CR: 0.61 Avg R1: 4.92 Avg R2: 5.19 Avg Reward: 10.111962
2026-05-17 06:53:05 [INFO] Epoch: 149 [25600/50000 (51%)]	 Training Loss: 0.103 ACC: 95.13 CR: 0.60 Avg R1: 4.93 Avg R2: 5.19 Avg Reward: 10.113437
2026-05-17 06:53:16 [INFO] Epoch: 149 [38400/50000 (77%)]	 Training Loss: 0.102 ACC: 95.17 CR: 0.60 Avg R1: 4.95 Avg R2: 5.18 Avg Reward: 10.122281
2026-05-17 06:53:28 [INFO] EPOCH:149, ======================CR:0.5928====================
2026-05-17 06:53:28 [INFO] 0.026032951357377227
2026-05-17 06:53:29 [INFO] EPOCH:149, ======================ACC:73.26====================
2026-05-17 06:53:29 [INFO] BEST EPOCH:148,BEST ACC:74.09
2026-05-17 06:53:29 [INFO] Saving Masks: current CR 0.5928 target CR 0.6000
2026-05-17 06:53:42 [INFO] Epoch: 150 [12800/50000 (26%)]	 Training Loss: 0.102 ACC: 95.31 CR: 0.59 Avg R1: 4.94 Avg R2: 5.08 Avg Reward: 10.014315
2026-05-17 06:53:54 [INFO] Epoch: 150 [25600/50000 (51%)]	 Training Loss: 0.099 ACC: 95.34 CR: 0.59 Avg R1: 4.94 Avg R2: 5.08 Avg Reward: 10.020021
2026-05-17 06:54:04 [INFO] Epoch: 150 [38400/50000 (77%)]	 Training Loss: 0.099 ACC: 95.37 CR: 0.60 Avg R1: 4.94 Avg R2: 5.09 Avg Reward: 10.030948
2026-05-17 06:54:15 [INFO] EPOCH:150, ======================CR:0.59864====================
2026-05-17 06:54:15 [INFO] 0.02407598970777567
2026-05-17 06:54:17 [INFO] EPOCH:150, ======================ACC:73.54====================
2026-05-17 06:54:17 [INFO] BEST EPOCH:148,BEST ACC:74.09
2026-05-17 06:54:17 [INFO] Saving Masks: current CR 0.5986 target CR 0.6000
2026-05-17 06:54:29 [INFO] Epoch: 151 [12800/50000 (26%)]	 Training Loss: 0.095 ACC: 95.75 CR: 0.60 Avg R1: 4.98 Avg R2: 5.11 Avg Reward: 10.092258
2026-05-17 06:54:41 [INFO] Epoch: 151 [25600/50000 (51%)]	 Training Loss: 0.095 ACC: 95.74 CR: 0.61 Avg R1: 4.94 Avg R2: 5.13 Avg Reward: 10.067983
2026-05-17 06:54:53 [INFO] Epoch: 151 [38400/50000 (77%)]	 Training Loss: 0.095 ACC: 95.65 CR: 0.62 Avg R1: 4.89 Avg R2: 5.15 Avg Reward: 10.044154
2026-05-17 06:55:03 [INFO] EPOCH:151, ======================CR:0.62934====================
2026-05-17 06:55:03 [INFO] 0.03254417758242304
2026-05-17 06:55:05 [INFO] EPOCH:151, ======================ACC:73.87====================
2026-05-17 06:55:05 [INFO] BEST EPOCH:148,BEST ACC:74.09
2026-05-17 06:55:17 [INFO] Epoch: 152 [12800/50000 (26%)]	 Training Loss: 0.096 ACC: 95.67 CR: 0.63 Avg R1: 4.64 Avg R2: 5.23 Avg Reward: 9.861696
2026-05-17 06:55:29 [INFO] Epoch: 152 [25600/50000 (51%)]	 Training Loss: 0.096 ACC: 95.75 CR: 0.63 Avg R1: 4.64 Avg R2: 5.22 Avg Reward: 9.863097
2026-05-17 06:55:41 [INFO] Epoch: 152 [38400/50000 (77%)]	 Training Loss: 0.094 ACC: 95.80 CR: 0.63 Avg R1: 4.63 Avg R2: 5.23 Avg Reward: 9.859736
2026-05-17 06:55:52 [INFO] EPOCH:152, ======================CR:0.62966====================
2026-05-17 06:55:52 [INFO] 0.03782931433949264
2026-05-17 06:55:54 [INFO] EPOCH:152, ======================ACC:74.61====================
2026-05-17 06:55:54 [INFO] BEST EPOCH:152,BEST ACC:74.61
2026-05-17 06:56:05 [INFO] Epoch: 153 [12800/50000 (26%)]	 Training Loss: 0.082 ACC: 96.38 CR: 0.63 Avg R1: 4.65 Avg R2: 5.22 Avg Reward: 9.861297
2026-05-17 06:56:17 [INFO] Epoch: 153 [25600/50000 (51%)]	 Training Loss: 0.084 ACC: 96.34 CR: 0.62 Avg R1: 4.67 Avg R2: 5.20 Avg Reward: 9.876890
2026-05-17 06:56:29 [INFO] Epoch: 153 [38400/50000 (77%)]	 Training Loss: 0.087 ACC: 96.11 CR: 0.62 Avg R1: 4.70 Avg R2: 5.19 Avg Reward: 9.891905
2026-05-17 06:56:39 [INFO] EPOCH:153, ======================CR:0.60824====================
2026-05-17 06:56:39 [INFO] 0.04043228851267484
2026-05-17 06:56:41 [INFO] EPOCH:153, ======================ACC:74.68====================
2026-05-17 06:56:41 [INFO] BEST EPOCH:153,BEST ACC:74.68
2026-05-17 06:56:41 [INFO] Saving Masks: current CR 0.6082 target CR 0.6000
2026-05-17 06:56:41 [INFO] Updated candidate mask pretrained-rescale_mask_best-acc_60_05170454_resnet18 at epoch 153 with acc 74.6800
2026-05-17 06:56:52 [INFO] Epoch: 154 [12800/50000 (26%)]	 Training Loss: 0.079 ACC: 96.54 CR: 0.60 Avg R1: 4.94 Avg R2: 5.06 Avg Reward: 9.995138
2026-05-17 06:57:04 [INFO] Epoch: 154 [25600/50000 (51%)]	 Training Loss: 0.078 ACC: 96.51 CR: 0.59 Avg R1: 4.96 Avg R2: 5.04 Avg Reward: 9.995293
2026-05-17 06:57:16 [INFO] Epoch: 154 [38400/50000 (77%)]	 Training Loss: 0.079 ACC: 96.47 CR: 0.59 Avg R1: 4.95 Avg R2: 5.02 Avg Reward: 9.974016
2026-05-17 06:57:26 [INFO] EPOCH:154, ======================CR:0.58604====================
2026-05-17 06:57:26 [INFO] 0.02706654255486016
2026-05-17 06:57:28 [INFO] EPOCH:154, ======================ACC:75.04====================
2026-05-17 06:57:28 [INFO] BEST EPOCH:154,BEST ACC:75.04
2026-05-17 06:57:39 [INFO] Epoch: 155 [12800/50000 (26%)]	 Training Loss: 0.077 ACC: 96.62 CR: 0.59 Avg R1: 4.90 Avg R2: 4.92 Avg Reward: 9.812337
2026-05-17 06:57:51 [INFO] Epoch: 155 [25600/50000 (51%)]	 Training Loss: 0.079 ACC: 96.62 CR: 0.59 Avg R1: 4.91 Avg R2: 4.93 Avg Reward: 9.839209
2026-05-17 06:58:01 [INFO] Epoch: 155 [38400/50000 (77%)]	 Training Loss: 0.077 ACC: 96.63 CR: 0.59 Avg R1: 4.92 Avg R2: 4.94 Avg Reward: 9.855059
2026-05-17 06:58:12 [INFO] EPOCH:155, ======================CR:0.59928====================
2026-05-17 06:58:12 [INFO] 0.033939301092074416
2026-05-17 06:58:14 [INFO] EPOCH:155, ======================ACC:74.58====================
2026-05-17 06:58:14 [INFO] BEST EPOCH:154,BEST ACC:75.04
2026-05-17 06:58:14 [INFO] Saving Masks: current CR 0.5993 target CR 0.6000
2026-05-17 06:58:24 [INFO] Epoch: 156 [12800/50000 (26%)]	 Training Loss: 0.075 ACC: 96.61 CR: 0.60 Avg R1: 5.00 Avg R2: 4.97 Avg Reward: 9.963864
2026-05-17 06:58:35 [INFO] Epoch: 156 [25600/50000 (51%)]	 Training Loss: 0.076 ACC: 96.62 CR: 0.60 Avg R1: 4.98 Avg R2: 4.97 Avg Reward: 9.955829
2026-05-17 06:58:46 [INFO] Epoch: 156 [38400/50000 (77%)]	 Training Loss: 0.077 ACC: 96.60 CR: 0.60 Avg R1: 4.98 Avg R2: 4.97 Avg Reward: 9.952529
2026-05-17 06:58:55 [INFO] EPOCH:156, ======================CR:0.6043====================
2026-05-17 06:58:55 [INFO] 0.035725865810128196
2026-05-17 06:58:57 [INFO] EPOCH:156, ======================ACC:75.18====================
2026-05-17 06:58:57 [INFO] BEST EPOCH:156,BEST ACC:75.18
2026-05-17 06:58:57 [INFO] Saving Masks: current CR 0.6043 target CR 0.6000
2026-05-17 06:58:57 [INFO] Updated candidate mask pretrained-rescale_mask_best-acc_60_05170454_resnet18 at epoch 156 with acc 75.1800
2026-05-17 06:59:08 [INFO] Epoch: 157 [12800/50000 (26%)]	 Training Loss: 0.070 ACC: 96.87 CR: 0.60 Avg R1: 4.96 Avg R2: 4.96 Avg Reward: 9.922421
2026-05-17 06:59:20 [INFO] Epoch: 157 [25600/50000 (51%)]	 Training Loss: 0.070 ACC: 96.98 CR: 0.60 Avg R1: 4.97 Avg R2: 4.96 Avg Reward: 9.925205
2026-05-17 06:59:31 [INFO] Epoch: 157 [38400/50000 (77%)]	 Training Loss: 0.070 ACC: 96.91 CR: 0.60 Avg R1: 4.97 Avg R2: 4.95 Avg Reward: 9.927517
2026-05-17 06:59:39 [INFO] EPOCH:157, ======================CR:0.59776====================
2026-05-17 06:59:39 [INFO] 0.03567085510595853
2026-05-17 06:59:41 [INFO] EPOCH:157, ======================ACC:75.11====================
2026-05-17 06:59:41 [INFO] BEST EPOCH:156,BEST ACC:75.18
2026-05-17 06:59:41 [INFO] Saving Masks: current CR 0.5978 target CR 0.6000
2026-05-17 06:59:51 [INFO] Epoch: 158 [12800/50000 (26%)]	 Training Loss: 0.072 ACC: 96.80 CR: 0.60 Avg R1: 4.99 Avg R2: 4.89 Avg Reward: 9.884011
2026-05-17 07:00:02 [INFO] Epoch: 158 [25600/50000 (51%)]	 Training Loss: 0.072 ACC: 96.85 CR: 0.60 Avg R1: 4.98 Avg R2: 4.90 Avg Reward: 9.886205
2026-05-17 07:00:13 [INFO] Epoch: 158 [38400/50000 (77%)]	 Training Loss: 0.071 ACC: 96.92 CR: 0.60 Avg R1: 4.97 Avg R2: 4.91 Avg Reward: 9.881956
2026-05-17 07:00:23 [INFO] EPOCH:158, ======================CR:0.60654====================
2026-05-17 07:00:23 [INFO] 0.026919773682065374
2026-05-17 07:00:25 [INFO] EPOCH:158, ======================ACC:75.56====================
2026-05-17 07:00:25 [INFO] BEST EPOCH:158,BEST ACC:75.56
2026-05-17 07:00:25 [INFO] Saving Masks: current CR 0.6065 target CR 0.6000
2026-05-17 07:00:25 [INFO] Updated candidate mask pretrained-rescale_mask_best-acc_60_05170454_resnet18 at epoch 158 with acc 75.5600
2026-05-17 07:00:36 [INFO] Epoch: 159 [12800/50000 (26%)]	 Training Loss: 0.068 ACC: 97.08 CR: 0.60 Avg R1: 4.93 Avg R2: 4.91 Avg Reward: 9.843229
2026-05-17 07:00:47 [INFO] Epoch: 159 [25600/50000 (51%)]	 Training Loss: 0.067 ACC: 97.09 CR: 0.60 Avg R1: 4.93 Avg R2: 4.91 Avg Reward: 9.846039
2026-05-17 07:00:59 [INFO] Epoch: 159 [38400/50000 (77%)]	 Training Loss: 0.068 ACC: 97.12 CR: 0.61 Avg R1: 4.94 Avg R2: 4.91 Avg Reward: 9.848044
2026-05-17 07:01:10 [INFO] EPOCH:159, ======================CR:0.6039====================
2026-05-17 07:01:10 [INFO] 0.02883547797016973
2026-05-17 07:01:12 [INFO] EPOCH:159, ======================ACC:75.22====================
2026-05-17 07:01:12 [INFO] BEST EPOCH:158,BEST ACC:75.56
2026-05-17 07:01:12 [INFO] Saving Masks: current CR 0.6039 target CR 0.6000
2026-05-17 07:01:23 [INFO] Epoch: 160 [12800/50000 (26%)]	 Training Loss: 0.066 ACC: 97.17 CR: 0.61 Avg R1: 4.94 Avg R2: 4.88 Avg Reward: 9.821977
2026-05-17 07:01:35 [INFO] Epoch: 160 [25600/50000 (51%)]	 Training Loss: 0.066 ACC: 97.14 CR: 0.61 Avg R1: 4.93 Avg R2: 4.88 Avg Reward: 9.809223
2026-05-17 07:01:46 [INFO] Epoch: 160 [38400/50000 (77%)]	 Training Loss: 0.067 ACC: 97.11 CR: 0.60 Avg R1: 4.93 Avg R2: 4.88 Avg Reward: 9.812052
2026-05-17 07:01:57 [INFO] EPOCH:160, ======================CR:0.59864====================
2026-05-17 07:01:57 [INFO] 0.024849758718043978
2026-05-17 07:01:59 [INFO] EPOCH:160, ======================ACC:76.17====================
2026-05-17 07:01:59 [INFO] BEST EPOCH:160,BEST ACC:76.17
2026-05-17 07:01:59 [INFO] Saving Masks: current CR 0.5986 target CR 0.6000
2026-05-17 07:01:59 [INFO] Updated candidate mask pretrained-rescale_mask_best-acc_60_05170454_resnet18 at epoch 160 with acc 76.1700
2026-05-17 07:02:10 [INFO] Epoch: 161 [12800/50000 (26%)]	 Training Loss: 0.058 ACC: 97.60 CR: 0.60 Avg R1: 4.97 Avg R2: 4.80 Avg Reward: 9.774076
2026-05-17 07:02:22 [INFO] Epoch: 161 [25600/50000 (51%)]	 Training Loss: 0.057 ACC: 97.63 CR: 0.59 Avg R1: 4.96 Avg R2: 4.79 Avg Reward: 9.755638
2026-05-17 07:02:33 [INFO] Epoch: 161 [38400/50000 (77%)]	 Training Loss: 0.060 ACC: 97.55 CR: 0.59 Avg R1: 4.95 Avg R2: 4.79 Avg Reward: 9.737366
2026-05-17 07:02:44 [INFO] EPOCH:161, ======================CR:0.58742====================
2026-05-17 07:02:44 [INFO] 0.033964869085359554
2026-05-17 07:02:46 [INFO] EPOCH:161, ======================ACC:76.16====================
2026-05-17 07:02:46 [INFO] BEST EPOCH:160,BEST ACC:76.17
2026-05-17 07:02:57 [INFO] Epoch: 162 [12800/50000 (26%)]	 Training Loss: 0.056 ACC: 97.47 CR: 0.59 Avg R1: 4.89 Avg R2: 4.70 Avg Reward: 9.594062
2026-05-17 07:03:09 [INFO] Epoch: 162 [25600/50000 (51%)]	 Training Loss: 0.056 ACC: 97.57 CR: 0.59 Avg R1: 4.89 Avg R2: 4.71 Avg Reward: 9.596508
2026-05-17 07:03:20 [INFO] Epoch: 162 [38400/50000 (77%)]	 Training Loss: 0.056 ACC: 97.57 CR: 0.59 Avg R1: 4.90 Avg R2: 4.71 Avg Reward: 9.607296
2026-05-17 07:03:30 [INFO] EPOCH:162, ======================CR:0.59332====================
2026-05-17 07:03:30 [INFO] 0.023554863535124697
2026-05-17 07:03:32 [INFO] EPOCH:162, ======================ACC:76.12====================
2026-05-17 07:03:32 [INFO] BEST EPOCH:160,BEST ACC:76.17
2026-05-17 07:03:32 [INFO] Saving Masks: current CR 0.5933 target CR 0.6000
2026-05-17 07:03:43 [INFO] Epoch: 163 [12800/50000 (26%)]	 Training Loss: 0.056 ACC: 97.80 CR: 0.60 Avg R1: 4.97 Avg R2: 4.73 Avg Reward: 9.699667
2026-05-17 07:03:55 [INFO] Epoch: 163 [25600/50000 (51%)]	 Training Loss: 0.057 ACC: 97.70 CR: 0.60 Avg R1: 4.98 Avg R2: 4.74 Avg Reward: 9.718881
2026-05-17 07:04:06 [INFO] Epoch: 163 [38400/50000 (77%)]	 Training Loss: 0.055 ACC: 97.74 CR: 0.60 Avg R1: 4.98 Avg R2: 4.74 Avg Reward: 9.722727
2026-05-17 07:04:17 [INFO] EPOCH:163, ======================CR:0.59416====================
2026-05-17 07:04:17 [INFO] 0.028043340410022738
2026-05-17 07:04:19 [INFO] EPOCH:163, ======================ACC:76.34====================
2026-05-17 07:04:19 [INFO] BEST EPOCH:163,BEST ACC:76.34
2026-05-17 07:04:19 [INFO] Saving Masks: current CR 0.5942 target CR 0.6000
2026-05-17 07:04:19 [INFO] Updated candidate mask pretrained-rescale_mask_best-acc_60_05170454_resnet18 at epoch 163 with acc 76.3400
2026-05-17 07:04:30 [INFO] Epoch: 164 [12800/50000 (26%)]	 Training Loss: 0.050 ACC: 97.88 CR: 0.59 Avg R1: 4.95 Avg R2: 4.70 Avg Reward: 9.646315
2026-05-17 07:04:42 [INFO] Epoch: 164 [25600/50000 (51%)]	 Training Loss: 0.051 ACC: 97.81 CR: 0.59 Avg R1: 4.95 Avg R2: 4.70 Avg Reward: 9.650858
2026-05-17 07:04:53 [INFO] Epoch: 164 [38400/50000 (77%)]	 Training Loss: 0.051 ACC: 97.86 CR: 0.59 Avg R1: 4.95 Avg R2: 4.70 Avg Reward: 9.649804
2026-05-17 07:05:03 [INFO] EPOCH:164, ======================CR:0.59272====================
2026-05-17 07:05:03 [INFO] 0.022550516671000224
2026-05-17 07:05:05 [INFO] EPOCH:164, ======================ACC:76.51====================
2026-05-17 07:05:05 [INFO] BEST EPOCH:164,BEST ACC:76.51
2026-05-17 07:05:05 [INFO] Saving Masks: current CR 0.5927 target CR 0.6000
2026-05-17 07:05:05 [INFO] Updated candidate mask pretrained-rescale_mask_best-acc_60_05170454_resnet18 at epoch 164 with acc 76.5100
2026-05-17 07:05:17 [INFO] Epoch: 165 [12800/50000 (26%)]	 Training Loss: 0.052 ACC: 97.91 CR: 0.59 Avg R1: 4.95 Avg R2: 4.65 Avg Reward: 9.597043
2026-05-17 07:05:28 [INFO] Epoch: 165 [25600/50000 (51%)]	 Training Loss: 0.050 ACC: 97.99 CR: 0.60 Avg R1: 4.96 Avg R2: 4.66 Avg Reward: 9.621323
2026-05-17 07:05:39 [INFO] Epoch: 165 [38400/50000 (77%)]	 Training Loss: 0.051 ACC: 98.03 CR: 0.60 Avg R1: 4.97 Avg R2: 4.67 Avg Reward: 9.639928
2026-05-17 07:05:50 [INFO] EPOCH:165, ======================CR:0.6083====================
2026-05-17 07:05:50 [INFO] 0.03396875599296197
2026-05-17 07:05:52 [INFO] EPOCH:165, ======================ACC:76.27====================
2026-05-17 07:05:52 [INFO] BEST EPOCH:164,BEST ACC:76.51
2026-05-17 07:05:52 [INFO] Saving Masks: current CR 0.6083 target CR 0.6000
2026-05-17 07:06:04 [INFO] Epoch: 166 [12800/50000 (26%)]	 Training Loss: 0.053 ACC: 97.84 CR: 0.61 Avg R1: 4.88 Avg R2: 4.72 Avg Reward: 9.602369
2026-05-17 07:06:15 [INFO] Epoch: 166 [25600/50000 (51%)]	 Training Loss: 0.051 ACC: 98.00 CR: 0.61 Avg R1: 4.88 Avg R2: 4.72 Avg Reward: 9.598356
2026-05-17 07:06:26 [INFO] Epoch: 166 [38400/50000 (77%)]	 Training Loss: 0.050 ACC: 98.02 CR: 0.61 Avg R1: 4.87 Avg R2: 4.73 Avg Reward: 9.598016
2026-05-17 07:06:35 [INFO] EPOCH:166, ======================CR:0.61206====================
2026-05-17 07:06:35 [INFO] 0.030083247839480166
2026-05-17 07:06:37 [INFO] EPOCH:166, ======================ACC:75.67====================
2026-05-17 07:06:37 [INFO] BEST EPOCH:164,BEST ACC:76.51
2026-05-17 07:06:49 [INFO] Epoch: 167 [12800/50000 (26%)]	 Training Loss: 0.046 ACC: 98.12 CR: 0.61 Avg R1: 4.86 Avg R2: 4.70 Avg Reward: 9.565848
2026-05-17 07:07:01 [INFO] Epoch: 167 [25600/50000 (51%)]	 Training Loss: 0.045 ACC: 98.25 CR: 0.61 Avg R1: 4.88 Avg R2: 4.70 Avg Reward: 9.571473
2026-05-17 07:07:12 [INFO] Epoch: 167 [38400/50000 (77%)]	 Training Loss: 0.044 ACC: 98.30 CR: 0.60 Avg R1: 4.90 Avg R2: 4.69 Avg Reward: 9.586608
2026-05-17 07:07:22 [INFO] EPOCH:167, ======================CR:0.59896====================
2026-05-17 07:07:22 [INFO] 0.03928539642732866
2026-05-17 07:07:24 [INFO] EPOCH:167, ======================ACC:76.66====================
2026-05-17 07:07:24 [INFO] BEST EPOCH:167,BEST ACC:76.66
2026-05-17 07:07:24 [INFO] Saving Masks: current CR 0.5990 target CR 0.6000
2026-05-17 07:07:24 [INFO] Updated candidate mask pretrained-rescale_mask_best-acc_60_05170454_resnet18 at epoch 167 with acc 76.6600
2026-05-17 07:07:36 [INFO] Epoch: 168 [12800/50000 (26%)]	 Training Loss: 0.045 ACC: 98.30 CR: 0.60 Avg R1: 4.98 Avg R2: 4.60 Avg Reward: 9.578611
2026-05-17 07:07:48 [INFO] Epoch: 168 [25600/50000 (51%)]	 Training Loss: 0.044 ACC: 98.34 CR: 0.60 Avg R1: 4.98 Avg R2: 4.60 Avg Reward: 9.576253
2026-05-17 07:08:01 [INFO] Epoch: 168 [38400/50000 (77%)]	 Training Loss: 0.045 ACC: 98.38 CR: 0.60 Avg R1: 4.98 Avg R2: 4.60 Avg Reward: 9.586167
2026-05-17 07:08:12 [INFO] EPOCH:168, ======================CR:0.6034====================
2026-05-17 07:08:12 [INFO] 0.03673599807412765
2026-05-17 07:08:14 [INFO] EPOCH:168, ======================ACC:76.85====================
2026-05-17 07:08:14 [INFO] BEST EPOCH:168,BEST ACC:76.85
2026-05-17 07:08:14 [INFO] Saving Masks: current CR 0.6034 target CR 0.6000
2026-05-17 07:08:14 [INFO] Updated candidate mask pretrained-rescale_mask_best-acc_60_05170454_resnet18 at epoch 168 with acc 76.8500
2026-05-17 07:08:25 [INFO] Epoch: 169 [12800/50000 (26%)]	 Training Loss: 0.043 ACC: 98.40 CR: 0.60 Avg R1: 4.96 Avg R2: 4.61 Avg Reward: 9.571005
2026-05-17 07:08:37 [INFO] Epoch: 169 [25600/50000 (51%)]	 Training Loss: 0.044 ACC: 98.32 CR: 0.60 Avg R1: 4.97 Avg R2: 4.61 Avg Reward: 9.575997
2026-05-17 07:08:49 [INFO] Epoch: 169 [38400/50000 (77%)]	 Training Loss: 0.044 ACC: 98.33 CR: 0.60 Avg R1: 4.97 Avg R2: 4.61 Avg Reward: 9.577809
2026-05-17 07:09:00 [INFO] EPOCH:169, ======================CR:0.59906====================
2026-05-17 07:09:00 [INFO] 0.03561101494277517
2026-05-17 07:09:02 [INFO] EPOCH:169, ======================ACC:76.88====================
2026-05-17 07:09:02 [INFO] BEST EPOCH:169,BEST ACC:76.88
2026-05-17 07:09:02 [INFO] Saving Masks: current CR 0.5991 target CR 0.6000
2026-05-17 07:09:02 [INFO] Updated candidate mask pretrained-rescale_mask_best-acc_60_05170454_resnet18 at epoch 169 with acc 76.8800
2026-05-17 07:09:14 [INFO] Epoch: 170 [12800/50000 (26%)]	 Training Loss: 0.041 ACC: 98.52 CR: 0.60 Avg R1: 4.99 Avg R2: 4.56 Avg Reward: 9.549223
2026-05-17 07:09:25 [INFO] Epoch: 170 [25600/50000 (51%)]	 Training Loss: 0.039 ACC: 98.59 CR: 0.60 Avg R1: 4.99 Avg R2: 4.56 Avg Reward: 9.543697
2026-05-17 07:09:38 [INFO] Epoch: 170 [38400/50000 (77%)]	 Training Loss: 0.039 ACC: 98.58 CR: 0.60 Avg R1: 4.99 Avg R2: 4.56 Avg Reward: 9.547583
2026-05-17 07:09:49 [INFO] EPOCH:170, ======================CR:0.59956====================
2026-05-17 07:09:49 [INFO] 0.03609714018578152
2026-05-17 07:09:51 [INFO] EPOCH:170, ======================ACC:76.53====================
2026-05-17 07:09:51 [INFO] BEST EPOCH:169,BEST ACC:76.88
2026-05-17 07:09:51 [INFO] Saving Masks: current CR 0.5996 target CR 0.6000
2026-05-17 07:10:03 [INFO] Epoch: 171 [12800/50000 (26%)]	 Training Loss: 0.037 ACC: 98.66 CR: 0.60 Avg R1: 4.99 Avg R2: 4.52 Avg Reward: 9.515435
2026-05-17 07:10:14 [INFO] Epoch: 171 [25600/50000 (51%)]	 Training Loss: 0.038 ACC: 98.64 CR: 0.60 Avg R1: 4.99 Avg R2: 4.53 Avg Reward: 9.516278
2026-05-17 07:10:26 [INFO] Epoch: 171 [38400/50000 (77%)]	 Training Loss: 0.039 ACC: 98.59 CR: 0.60 Avg R1: 4.98 Avg R2: 4.54 Avg Reward: 9.513105
2026-05-17 07:10:37 [INFO] EPOCH:171, ======================CR:0.60428====================
2026-05-17 07:10:37 [INFO] 0.04222342875370077
2026-05-17 07:10:39 [INFO] EPOCH:171, ======================ACC:76.84====================
2026-05-17 07:10:39 [INFO] BEST EPOCH:169,BEST ACC:76.88
2026-05-17 07:10:39 [INFO] Saving Masks: current CR 0.6043 target CR 0.6000
2026-05-17 07:10:50 [INFO] Epoch: 172 [12800/50000 (26%)]	 Training Loss: 0.037 ACC: 98.59 CR: 0.60 Avg R1: 4.96 Avg R2: 4.53 Avg Reward: 9.493854
2026-05-17 07:11:03 [INFO] Epoch: 172 [25600/50000 (51%)]	 Training Loss: 0.037 ACC: 98.62 CR: 0.60 Avg R1: 4.96 Avg R2: 4.53 Avg Reward: 9.496588
2026-05-17 07:11:16 [INFO] Epoch: 172 [38400/50000 (77%)]	 Training Loss: 0.037 ACC: 98.66 CR: 0.60 Avg R1: 4.97 Avg R2: 4.53 Avg Reward: 9.500565
2026-05-17 07:11:29 [INFO] EPOCH:172, ======================CR:0.59496====================
2026-05-17 07:11:29 [INFO] 0.03259535160641149
2026-05-17 07:11:31 [INFO] EPOCH:172, ======================ACC:77.34====================
2026-05-17 07:11:31 [INFO] BEST EPOCH:172,BEST ACC:77.34
2026-05-17 07:11:31 [INFO] Saving Masks: current CR 0.5950 target CR 0.6000
2026-05-17 07:11:31 [INFO] Updated candidate mask pretrained-rescale_mask_best-acc_60_05170454_resnet18 at epoch 172 with acc 77.3400
2026-05-17 07:11:44 [INFO] Epoch: 173 [12800/50000 (26%)]	 Training Loss: 0.038 ACC: 98.68 CR: 0.59 Avg R1: 4.96 Avg R2: 4.46 Avg Reward: 9.416332
2026-05-17 07:11:57 [INFO] Epoch: 173 [25600/50000 (51%)]	 Training Loss: 0.036 ACC: 98.78 CR: 0.60 Avg R1: 4.96 Avg R2: 4.46 Avg Reward: 9.419048
2026-05-17 07:12:10 [INFO] Epoch: 173 [38400/50000 (77%)]	 Training Loss: 0.037 ACC: 98.74 CR: 0.60 Avg R1: 4.96 Avg R2: 4.47 Avg Reward: 9.429385
2026-05-17 07:12:22 [INFO] EPOCH:173, ======================CR:0.60604====================
2026-05-17 07:12:22 [INFO] 0.03946162508782613
2026-05-17 07:12:24 [INFO] EPOCH:173, ======================ACC:77.41====================
2026-05-17 07:12:24 [INFO] BEST EPOCH:173,BEST ACC:77.41
2026-05-17 07:12:24 [INFO] Saving Masks: current CR 0.6060 target CR 0.6000
2026-05-17 07:12:24 [INFO] Updated candidate mask pretrained-rescale_mask_best-acc_60_05170454_resnet18 at epoch 173 with acc 77.4100
2026-05-17 07:12:38 [INFO] Epoch: 174 [12800/50000 (26%)]	 Training Loss: 0.035 ACC: 98.72 CR: 0.61 Avg R1: 4.93 Avg R2: 4.49 Avg Reward: 9.421641
2026-05-17 07:12:50 [INFO] Epoch: 174 [25600/50000 (51%)]	 Training Loss: 0.035 ACC: 98.75 CR: 0.61 Avg R1: 4.93 Avg R2: 4.49 Avg Reward: 9.419950
2026-05-17 07:13:03 [INFO] Epoch: 174 [38400/50000 (77%)]	 Training Loss: 0.035 ACC: 98.79 CR: 0.61 Avg R1: 4.91 Avg R2: 4.49 Avg Reward: 9.409813
2026-05-17 07:13:14 [INFO] EPOCH:174, ======================CR:0.6114====================
2026-05-17 07:13:14 [INFO] 0.03989375745047723
2026-05-17 07:13:16 [INFO] EPOCH:174, ======================ACC:77.02====================
2026-05-17 07:13:16 [INFO] BEST EPOCH:173,BEST ACC:77.41
2026-05-17 07:13:30 [INFO] Epoch: 175 [12800/50000 (26%)]	 Training Loss: 0.032 ACC: 98.96 CR: 0.61 Avg R1: 4.85 Avg R2: 4.49 Avg Reward: 9.343911
2026-05-17 07:13:42 [INFO] Epoch: 175 [25600/50000 (51%)]	 Training Loss: 0.033 ACC: 98.90 CR: 0.61 Avg R1: 4.85 Avg R2: 4.49 Avg Reward: 9.338098
2026-05-17 07:13:55 [INFO] Epoch: 175 [38400/50000 (77%)]	 Training Loss: 0.034 ACC: 98.90 CR: 0.61 Avg R1: 4.84 Avg R2: 4.49 Avg Reward: 9.332323
2026-05-17 07:14:06 [INFO] EPOCH:175, ======================CR:0.60978====================
2026-05-17 07:14:06 [INFO] 0.038029348685871364
2026-05-17 07:14:08 [INFO] EPOCH:175, ======================ACC:77.03====================
2026-05-17 07:14:08 [INFO] BEST EPOCH:173,BEST ACC:77.41
2026-05-17 07:14:08 [INFO] Saving Masks: current CR 0.6098 target CR 0.6000
2026-05-17 07:14:21 [INFO] Epoch: 176 [12800/50000 (26%)]	 Training Loss: 0.032 ACC: 98.91 CR: 0.61 Avg R1: 4.89 Avg R2: 4.46 Avg Reward: 9.349834
2026-05-17 07:14:33 [INFO] Epoch: 176 [25600/50000 (51%)]	 Training Loss: 0.032 ACC: 98.89 CR: 0.60 Avg R1: 4.91 Avg R2: 4.45 Avg Reward: 9.360460
2026-05-17 07:14:47 [INFO] Epoch: 176 [38400/50000 (77%)]	 Training Loss: 0.032 ACC: 98.93 CR: 0.60 Avg R1: 4.94 Avg R2: 4.44 Avg Reward: 9.373265
2026-05-17 07:14:58 [INFO] EPOCH:176, ======================CR:0.59374====================
2026-05-17 07:14:58 [INFO] 0.025173319378360603
2026-05-17 07:15:00 [INFO] EPOCH:176, ======================ACC:77.12====================
2026-05-17 07:15:00 [INFO] BEST EPOCH:173,BEST ACC:77.41
2026-05-17 07:15:00 [INFO] Saving Masks: current CR 0.5937 target CR 0.6000
2026-05-17 07:15:13 [INFO] Epoch: 177 [12800/50000 (26%)]	 Training Loss: 0.030 ACC: 99.06 CR: 0.59 Avg R1: 4.95 Avg R2: 4.37 Avg Reward: 9.319567
2026-05-17 07:15:25 [INFO] Epoch: 177 [25600/50000 (51%)]	 Training Loss: 0.031 ACC: 98.99 CR: 0.60 Avg R1: 4.96 Avg R2: 4.38 Avg Reward: 9.335757
2026-05-17 07:15:39 [INFO] Epoch: 177 [38400/50000 (77%)]	 Training Loss: 0.032 ACC: 98.88 CR: 0.60 Avg R1: 4.97 Avg R2: 4.38 Avg Reward: 9.352740
2026-05-17 07:15:51 [INFO] EPOCH:177, ======================CR:0.6073====================
2026-05-17 07:15:51 [INFO] 0.03545014683406872
2026-05-17 07:15:53 [INFO] EPOCH:177, ======================ACC:77.2====================
2026-05-17 07:15:53 [INFO] BEST EPOCH:173,BEST ACC:77.41
2026-05-17 07:15:53 [INFO] Saving Masks: current CR 0.6073 target CR 0.6000
2026-05-17 07:16:05 [INFO] Epoch: 178 [12800/50000 (26%)]	 Training Loss: 0.029 ACC: 99.06 CR: 0.61 Avg R1: 4.91 Avg R2: 4.41 Avg Reward: 9.316965
2026-05-17 07:16:18 [INFO] Epoch: 178 [25600/50000 (51%)]	 Training Loss: 0.030 ACC: 99.00 CR: 0.61 Avg R1: 4.90 Avg R2: 4.41 Avg Reward: 9.312757
2026-05-17 07:16:31 [INFO] Epoch: 178 [38400/50000 (77%)]	 Training Loss: 0.030 ACC: 99.01 CR: 0.61 Avg R1: 4.90 Avg R2: 4.41 Avg Reward: 9.312104
2026-05-17 07:16:44 [INFO] EPOCH:178, ======================CR:0.60182====================
2026-05-17 07:16:44 [INFO] 0.03153763826861807
2026-05-17 07:16:46 [INFO] EPOCH:178, ======================ACC:77.24====================
2026-05-17 07:16:46 [INFO] BEST EPOCH:173,BEST ACC:77.41
2026-05-17 07:16:46 [INFO] Saving Masks: current CR 0.6018 target CR 0.6000
2026-05-17 07:16:59 [INFO] Epoch: 179 [12800/50000 (26%)]	 Training Loss: 0.031 ACC: 99.00 CR: 0.60 Avg R1: 4.98 Avg R2: 4.37 Avg Reward: 9.349798
2026-05-17 07:17:11 [INFO] Epoch: 179 [25600/50000 (51%)]	 Training Loss: 0.031 ACC: 98.99 CR: 0.60 Avg R1: 4.98 Avg R2: 4.36 Avg Reward: 9.346422
2026-05-17 07:17:25 [INFO] Epoch: 179 [38400/50000 (77%)]	 Training Loss: 0.031 ACC: 99.02 CR: 0.59 Avg R1: 4.98 Avg R2: 4.36 Avg Reward: 9.334522
2026-05-17 07:17:37 [INFO] EPOCH:179, ======================CR:0.59034====================
2026-05-17 07:17:37 [INFO] 0.028958426015012143
2026-05-17 07:17:39 [INFO] EPOCH:179, ======================ACC:77.45====================
2026-05-17 07:17:39 [INFO] BEST EPOCH:179,BEST ACC:77.45
2026-05-17 07:17:39 [INFO] Saving Masks: current CR 0.5903 target CR 0.6000
2026-05-17 07:17:39 [INFO] Updated candidate mask pretrained-rescale_mask_best-acc_60_05170454_resnet18 at epoch 179 with acc 77.4500
2026-05-17 07:17:52 [INFO] Epoch: 180 [12800/50000 (26%)]	 Training Loss: 0.028 ACC: 99.05 CR: 0.59 Avg R1: 4.92 Avg R2: 4.32 Avg Reward: 9.239373
2026-05-17 07:18:06 [INFO] Epoch: 180 [25600/50000 (51%)]	 Training Loss: 0.028 ACC: 99.13 CR: 0.59 Avg R1: 4.93 Avg R2: 4.32 Avg Reward: 9.246364
2026-05-17 07:18:19 [INFO] Epoch: 180 [38400/50000 (77%)]	 Training Loss: 0.028 ACC: 99.12 CR: 0.59 Avg R1: 4.93 Avg R2: 4.33 Avg Reward: 9.256408
2026-05-17 07:18:31 [INFO] EPOCH:180, ======================CR:0.59536====================
2026-05-17 07:18:31 [INFO] 0.036548285655837676
2026-05-17 07:18:33 [INFO] EPOCH:180, ======================ACC:77.65====================
2026-05-17 07:18:33 [INFO] BEST EPOCH:180,BEST ACC:77.65
2026-05-17 07:18:33 [INFO] Saving Masks: current CR 0.5954 target CR 0.6000
2026-05-17 07:18:33 [INFO] Updated candidate mask pretrained-rescale_mask_best-acc_60_05170454_resnet18 at epoch 180 with acc 77.6500
2026-05-17 07:18:47 [INFO] Epoch: 181 [12800/50000 (26%)]	 Training Loss: 0.030 ACC: 98.98 CR: 0.60 Avg R1: 4.96 Avg R2: 4.31 Avg Reward: 9.267463
2026-05-17 07:19:00 [INFO] Epoch: 181 [25600/50000 (51%)]	 Training Loss: 0.029 ACC: 99.09 CR: 0.60 Avg R1: 4.97 Avg R2: 4.31 Avg Reward: 9.278492
2026-05-17 07:19:13 [INFO] Epoch: 181 [38400/50000 (77%)]	 Training Loss: 0.028 ACC: 99.13 CR: 0.60 Avg R1: 4.97 Avg R2: 4.32 Avg Reward: 9.287603
2026-05-17 07:19:26 [INFO] EPOCH:181, ======================CR:0.60188====================
2026-05-17 07:19:26 [INFO] 0.02622953959961875
2026-05-17 07:19:27 [INFO] EPOCH:181, ======================ACC:77.42====================
2026-05-17 07:19:27 [INFO] BEST EPOCH:180,BEST ACC:77.65
2026-05-17 07:19:27 [INFO] Saving Masks: current CR 0.6019 target CR 0.6000
2026-05-17 07:19:42 [INFO] Epoch: 182 [12800/50000 (26%)]	 Training Loss: 0.025 ACC: 99.19 CR: 0.60 Avg R1: 4.97 Avg R2: 4.33 Avg Reward: 9.300401
2026-05-17 07:19:55 [INFO] Epoch: 182 [25600/50000 (51%)]	 Training Loss: 0.028 ACC: 99.09 CR: 0.60 Avg R1: 4.97 Avg R2: 4.33 Avg Reward: 9.299131
2026-05-17 07:20:09 [INFO] Epoch: 182 [38400/50000 (77%)]	 Training Loss: 0.028 ACC: 99.14 CR: 0.60 Avg R1: 4.98 Avg R2: 4.33 Avg Reward: 9.302152
2026-05-17 07:20:22 [INFO] EPOCH:182, ======================CR:0.59952====================
2026-05-17 07:20:22 [INFO] 0.03658839631665743
2026-05-17 07:20:24 [INFO] EPOCH:182, ======================ACC:77.61====================
2026-05-17 07:20:24 [INFO] BEST EPOCH:180,BEST ACC:77.65
2026-05-17 07:20:24 [INFO] Saving Masks: current CR 0.5995 target CR 0.6000
2026-05-17 07:20:38 [INFO] Epoch: 183 [12800/50000 (26%)]	 Training Loss: 0.026 ACC: 99.12 CR: 0.60 Avg R1: 4.99 Avg R2: 4.32 Avg Reward: 9.311757
2026-05-17 07:20:52 [INFO] Epoch: 183 [25600/50000 (51%)]	 Training Loss: 0.028 ACC: 99.05 CR: 0.60 Avg R1: 4.99 Avg R2: 4.32 Avg Reward: 9.313818
2026-05-17 07:21:06 [INFO] Epoch: 183 [38400/50000 (77%)]	 Training Loss: 0.027 ACC: 99.11 CR: 0.60 Avg R1: 4.99 Avg R2: 4.32 Avg Reward: 9.313449
2026-05-17 07:21:19 [INFO] EPOCH:183, ======================CR:0.60178====================
2026-05-17 07:21:19 [INFO] 0.038886194028873305
2026-05-17 07:21:21 [INFO] EPOCH:183, ======================ACC:77.25====================
2026-05-17 07:21:21 [INFO] BEST EPOCH:180,BEST ACC:77.65
2026-05-17 07:21:21 [INFO] Saving Masks: current CR 0.6018 target CR 0.6000
2026-05-17 07:21:35 [INFO] Epoch: 184 [12800/50000 (26%)]	 Training Loss: 0.025 ACC: 99.23 CR: 0.60 Avg R1: 4.98 Avg R2: 4.31 Avg Reward: 9.297039
2026-05-17 07:21:49 [INFO] Epoch: 184 [25600/50000 (51%)]	 Training Loss: 0.026 ACC: 99.21 CR: 0.60 Avg R1: 4.99 Avg R2: 4.31 Avg Reward: 9.299945
2026-05-17 07:22:02 [INFO] Epoch: 184 [38400/50000 (77%)]	 Training Loss: 0.026 ACC: 99.20 CR: 0.60 Avg R1: 4.99 Avg R2: 4.31 Avg Reward: 9.299924
2026-05-17 07:22:13 [INFO] EPOCH:184, ======================CR:0.60072====================
2026-05-17 07:22:13 [INFO] 0.03229098070776589
2026-05-17 07:22:15 [INFO] EPOCH:184, ======================ACC:77.58====================
2026-05-17 07:22:15 [INFO] BEST EPOCH:180,BEST ACC:77.65
2026-05-17 07:22:15 [INFO] Saving Masks: current CR 0.6007 target CR 0.6000
2026-05-17 07:22:26 [INFO] Epoch: 185 [12800/50000 (26%)]	 Training Loss: 0.024 ACC: 99.38 CR: 0.60 Avg R1: 4.98 Avg R2: 4.31 Avg Reward: 9.291595
2026-05-17 07:22:38 [INFO] Epoch: 185 [25600/50000 (51%)]	 Training Loss: 0.026 ACC: 99.21 CR: 0.60 Avg R1: 4.98 Avg R2: 4.31 Avg Reward: 9.290481
2026-05-17 07:22:50 [INFO] Epoch: 185 [38400/50000 (77%)]	 Training Loss: 0.026 ACC: 99.25 CR: 0.60 Avg R1: 4.98 Avg R2: 4.31 Avg Reward: 9.288455
2026-05-17 07:23:01 [INFO] EPOCH:185, ======================CR:0.6022====================
2026-05-17 07:23:01 [INFO] 0.03969388098315148
2026-05-17 07:23:03 [INFO] EPOCH:185, ======================ACC:77.44====================
2026-05-17 07:23:03 [INFO] BEST EPOCH:180,BEST ACC:77.65
2026-05-17 07:23:03 [INFO] Saving Masks: current CR 0.6022 target CR 0.6000
2026-05-17 07:23:15 [INFO] Epoch: 186 [12800/50000 (26%)]	 Training Loss: 0.025 ACC: 99.24 CR: 0.60 Avg R1: 4.98 Avg R2: 4.29 Avg Reward: 9.275592
2026-05-17 07:23:28 [INFO] Epoch: 186 [25600/50000 (51%)]	 Training Loss: 0.024 ACC: 99.30 CR: 0.60 Avg R1: 4.99 Avg R2: 4.29 Avg Reward: 9.278842
2026-05-17 07:23:40 [INFO] Epoch: 186 [38400/50000 (77%)]	 Training Loss: 0.024 ACC: 99.28 CR: 0.60 Avg R1: 4.99 Avg R2: 4.29 Avg Reward: 9.279229
2026-05-17 07:23:52 [INFO] EPOCH:186, ======================CR:0.60152====================
2026-05-17 07:23:52 [INFO] 0.033557443528853176
2026-05-17 07:23:54 [INFO] EPOCH:186, ======================ACC:77.77====================
2026-05-17 07:23:54 [INFO] BEST EPOCH:186,BEST ACC:77.77
2026-05-17 07:23:54 [INFO] Saving Masks: current CR 0.6015 target CR 0.6000
2026-05-17 07:23:54 [INFO] Updated candidate mask pretrained-rescale_mask_best-acc_60_05170454_resnet18 at epoch 186 with acc 77.7700
2026-05-17 07:24:06 [INFO] Epoch: 187 [12800/50000 (26%)]	 Training Loss: 0.024 ACC: 99.35 CR: 0.60 Avg R1: 4.99 Avg R2: 4.28 Avg Reward: 9.266371
2026-05-17 07:24:18 [INFO] Epoch: 187 [25600/50000 (51%)]	 Training Loss: 0.025 ACC: 99.27 CR: 0.60 Avg R1: 4.99 Avg R2: 4.27 Avg Reward: 9.264210
2026-05-17 07:24:30 [INFO] Epoch: 187 [38400/50000 (77%)]	 Training Loss: 0.025 ACC: 99.28 CR: 0.60 Avg R1: 4.99 Avg R2: 4.27 Avg Reward: 9.262114
2026-05-17 07:24:40 [INFO] EPOCH:187, ======================CR:0.60372====================
2026-05-17 07:24:40 [INFO] 0.029178412454179226
2026-05-17 07:24:42 [INFO] EPOCH:187, ======================ACC:77.93====================
2026-05-17 07:24:42 [INFO] BEST EPOCH:187,BEST ACC:77.93
2026-05-17 07:24:42 [INFO] Saving Masks: current CR 0.6037 target CR 0.6000
2026-05-17 07:24:42 [INFO] Updated candidate mask pretrained-rescale_mask_best-acc_60_05170454_resnet18 at epoch 187 with acc 77.9300
2026-05-17 07:24:54 [INFO] Epoch: 188 [12800/50000 (26%)]	 Training Loss: 0.025 ACC: 99.27 CR: 0.60 Avg R1: 4.96 Avg R2: 4.28 Avg Reward: 9.235930
2026-05-17 07:25:06 [INFO] Epoch: 188 [25600/50000 (51%)]	 Training Loss: 0.026 ACC: 99.22 CR: 0.61 Avg R1: 4.95 Avg R2: 4.28 Avg Reward: 9.228604
2026-05-17 07:25:18 [INFO] Epoch: 188 [38400/50000 (77%)]	 Training Loss: 0.025 ACC: 99.26 CR: 0.60 Avg R1: 4.94 Avg R2: 4.28 Avg Reward: 9.224949
2026-05-17 07:25:30 [INFO] EPOCH:188, ======================CR:0.60312====================
2026-05-17 07:25:30 [INFO] 0.04016715069802679
2026-05-17 07:25:31 [INFO] EPOCH:188, ======================ACC:77.77====================
2026-05-17 07:25:31 [INFO] BEST EPOCH:187,BEST ACC:77.93
2026-05-17 07:25:31 [INFO] Saving Masks: current CR 0.6031 target CR 0.6000
2026-05-17 07:25:43 [INFO] Epoch: 189 [12800/50000 (26%)]	 Training Loss: 0.024 ACC: 99.23 CR: 0.60 Avg R1: 4.97 Avg R2: 4.26 Avg Reward: 9.229441
2026-05-17 07:25:56 [INFO] Epoch: 189 [25600/50000 (51%)]	 Training Loss: 0.024 ACC: 99.30 CR: 0.60 Avg R1: 4.97 Avg R2: 4.26 Avg Reward: 9.233706
2026-05-17 07:26:08 [INFO] Epoch: 189 [38400/50000 (77%)]	 Training Loss: 0.024 ACC: 99.30 CR: 0.60 Avg R1: 4.98 Avg R2: 4.26 Avg Reward: 9.236495
2026-05-17 07:26:18 [INFO] EPOCH:189, ======================CR:0.59956====================
2026-05-17 07:26:18 [INFO] 0.03240454347136476
2026-05-17 07:26:20 [INFO] EPOCH:189, ======================ACC:77.7====================
2026-05-17 07:26:20 [INFO] BEST EPOCH:187,BEST ACC:77.93
2026-05-17 07:26:20 [INFO] Saving Masks: current CR 0.5996 target CR 0.6000
2026-05-17 07:26:32 [INFO] Epoch: 190 [12800/50000 (26%)]	 Training Loss: 0.024 ACC: 99.26 CR: 0.60 Avg R1: 4.99 Avg R2: 4.26 Avg Reward: 9.252860
2026-05-17 07:26:44 [INFO] Epoch: 190 [25600/50000 (51%)]	 Training Loss: 0.025 ACC: 99.25 CR: 0.60 Avg R1: 4.99 Avg R2: 4.26 Avg Reward: 9.248598
2026-05-17 07:26:56 [INFO] Epoch: 190 [38400/50000 (77%)]	 Training Loss: 0.024 ACC: 99.24 CR: 0.60 Avg R1: 4.98 Avg R2: 4.26 Avg Reward: 9.245695
2026-05-17 07:27:08 [INFO] EPOCH:190, ======================CR:0.60272====================
2026-05-17 07:27:08 [INFO] 0.04095610484365353
2026-05-17 07:27:09 [INFO] EPOCH:190, ======================ACC:77.73====================
2026-05-17 07:27:09 [INFO] BEST EPOCH:187,BEST ACC:77.93
2026-05-17 07:27:09 [INFO] Saving Masks: current CR 0.6027 target CR 0.6000
2026-05-17 07:27:20 [INFO] Epoch: 191 [12800/50000 (26%)]	 Training Loss: 0.023 ACC: 99.38 CR: 0.60 Avg R1: 4.98 Avg R2: 4.25 Avg Reward: 9.232815
2026-05-17 07:27:32 [INFO] Epoch: 191 [25600/50000 (51%)]	 Training Loss: 0.023 ACC: 99.34 CR: 0.59 Avg R1: 4.97 Avg R2: 4.24 Avg Reward: 9.215208
2026-05-17 07:27:45 [INFO] Epoch: 191 [38400/50000 (77%)]	 Training Loss: 0.023 ACC: 99.34 CR: 0.59 Avg R1: 4.96 Avg R2: 4.23 Avg Reward: 9.193844
2026-05-17 07:27:56 [INFO] EPOCH:191, ======================CR:0.59078====================
2026-05-17 07:27:56 [INFO] 0.038542659795953074
2026-05-17 07:27:58 [INFO] EPOCH:191, ======================ACC:77.86====================
2026-05-17 07:27:58 [INFO] BEST EPOCH:187,BEST ACC:77.93
2026-05-17 07:27:58 [INFO] Saving Masks: current CR 0.5908 target CR 0.6000
2026-05-17 07:28:09 [INFO] Epoch: 192 [12800/50000 (26%)]	 Training Loss: 0.023 ACC: 99.27 CR: 0.60 Avg R1: 4.94 Avg R2: 4.21 Avg Reward: 9.153343
2026-05-17 07:28:21 [INFO] Epoch: 192 [25600/50000 (51%)]	 Training Loss: 0.023 ACC: 99.33 CR: 0.60 Avg R1: 4.96 Avg R2: 4.22 Avg Reward: 9.175113
2026-05-17 07:28:34 [INFO] Epoch: 192 [38400/50000 (77%)]	 Training Loss: 0.023 ACC: 99.33 CR: 0.60 Avg R1: 4.97 Avg R2: 4.22 Avg Reward: 9.189990
2026-05-17 07:28:45 [INFO] EPOCH:192, ======================CR:0.60636====================
2026-05-17 07:28:45 [INFO] 0.0319158645661734
2026-05-17 07:28:47 [INFO] EPOCH:192, ======================ACC:77.71====================
2026-05-17 07:28:47 [INFO] BEST EPOCH:187,BEST ACC:77.93
2026-05-17 07:28:47 [INFO] Saving Masks: current CR 0.6064 target CR 0.6000
2026-05-17 07:28:59 [INFO] Epoch: 193 [12800/50000 (26%)]	 Training Loss: 0.023 ACC: 99.37 CR: 0.61 Avg R1: 4.93 Avg R2: 4.26 Avg Reward: 9.195503
2026-05-17 07:29:11 [INFO] Epoch: 193 [25600/50000 (51%)]	 Training Loss: 0.024 ACC: 99.27 CR: 0.61 Avg R1: 4.94 Avg R2: 4.26 Avg Reward: 9.198242
2026-05-17 07:29:23 [INFO] Epoch: 193 [38400/50000 (77%)]	 Training Loss: 0.025 ACC: 99.27 CR: 0.61 Avg R1: 4.94 Avg R2: 4.26 Avg Reward: 9.198318
2026-05-17 07:29:35 [INFO] EPOCH:193, ======================CR:0.6053====================
2026-05-17 07:29:35 [INFO] 0.03178936320009154
2026-05-17 07:29:37 [INFO] EPOCH:193, ======================ACC:77.69====================
2026-05-17 07:29:37 [INFO] BEST EPOCH:187,BEST ACC:77.93
2026-05-17 07:29:37 [INFO] Saving Masks: current CR 0.6053 target CR 0.6000
2026-05-17 07:29:49 [INFO] Epoch: 194 [12800/50000 (26%)]	 Training Loss: 0.022 ACC: 99.35 CR: 0.61 Avg R1: 4.93 Avg R2: 4.26 Avg Reward: 9.193819
2026-05-17 07:30:01 [INFO] Epoch: 194 [25600/50000 (51%)]	 Training Loss: 0.023 ACC: 99.32 CR: 0.61 Avg R1: 4.92 Avg R2: 4.27 Avg Reward: 9.187300
2026-05-17 07:30:14 [INFO] Epoch: 194 [38400/50000 (77%)]	 Training Loss: 0.023 ACC: 99.34 CR: 0.60 Avg R1: 4.92 Avg R2: 4.26 Avg Reward: 9.186798
2026-05-17 07:30:25 [INFO] EPOCH:194, ======================CR:0.60174====================
2026-05-17 07:30:25 [INFO] 0.03593177198739285
2026-05-17 07:30:27 [INFO] EPOCH:194, ======================ACC:77.81====================
2026-05-17 07:30:27 [INFO] BEST EPOCH:187,BEST ACC:77.93
2026-05-17 07:30:27 [INFO] Saving Masks: current CR 0.6017 target CR 0.6000
2026-05-17 07:30:39 [INFO] Epoch: 195 [12800/50000 (26%)]	 Training Loss: 0.024 ACC: 99.28 CR: 0.60 Avg R1: 4.96 Avg R2: 4.25 Avg Reward: 9.210164
2026-05-17 07:30:51 [INFO] Epoch: 195 [25600/50000 (51%)]	 Training Loss: 0.023 ACC: 99.34 CR: 0.60 Avg R1: 4.95 Avg R2: 4.25 Avg Reward: 9.205942
2026-05-17 07:31:03 [INFO] Epoch: 195 [38400/50000 (77%)]	 Training Loss: 0.023 ACC: 99.31 CR: 0.60 Avg R1: 4.97 Avg R2: 4.25 Avg Reward: 9.213416
2026-05-17 07:31:15 [INFO] EPOCH:195, ======================CR:0.60156====================
2026-05-17 07:31:15 [INFO] 0.023758242090304953
2026-05-17 07:31:17 [INFO] EPOCH:195, ======================ACC:77.55====================
2026-05-17 07:31:17 [INFO] BEST EPOCH:187,BEST ACC:77.93
2026-05-17 07:31:17 [INFO] Saving Masks: current CR 0.6016 target CR 0.6000
2026-05-17 07:31:29 [INFO] Epoch: 196 [12800/50000 (26%)]	 Training Loss: 0.024 ACC: 99.24 CR: 0.60 Avg R1: 4.97 Avg R2: 4.24 Avg Reward: 9.203009
2026-05-17 07:31:41 [INFO] Epoch: 196 [25600/50000 (51%)]	 Training Loss: 0.023 ACC: 99.29 CR: 0.60 Avg R1: 4.97 Avg R2: 4.24 Avg Reward: 9.202299
2026-05-17 07:31:53 [INFO] Epoch: 196 [38400/50000 (77%)]	 Training Loss: 0.023 ACC: 99.33 CR: 0.60 Avg R1: 4.97 Avg R2: 4.23 Avg Reward: 9.203716
2026-05-17 07:32:04 [INFO] EPOCH:196, ======================CR:0.60024====================
2026-05-17 07:32:04 [INFO] 0.030192345967520746
2026-05-17 07:32:05 [INFO] EPOCH:196, ======================ACC:77.65====================
2026-05-17 07:32:05 [INFO] BEST EPOCH:187,BEST ACC:77.93
2026-05-17 07:32:05 [INFO] Saving Masks: current CR 0.6002 target CR 0.6000
2026-05-17 07:32:17 [INFO] Epoch: 197 [12800/50000 (26%)]	 Training Loss: 0.025 ACC: 99.29 CR: 0.60 Avg R1: 4.99 Avg R2: 4.23 Avg Reward: 9.219051
2026-05-17 07:32:29 [INFO] Epoch: 197 [25600/50000 (51%)]	 Training Loss: 0.024 ACC: 99.29 CR: 0.60 Avg R1: 4.99 Avg R2: 4.23 Avg Reward: 9.217827
2026-05-17 07:32:42 [INFO] Epoch: 197 [38400/50000 (77%)]	 Training Loss: 0.024 ACC: 99.31 CR: 0.60 Avg R1: 4.99 Avg R2: 4.22 Avg Reward: 9.212211
2026-05-17 07:32:52 [INFO] EPOCH:197, ======================CR:0.5953====================
2026-05-17 07:32:52 [INFO] 0.04132842388646795
2026-05-17 07:32:54 [INFO] EPOCH:197, ======================ACC:77.56====================
2026-05-17 07:32:54 [INFO] BEST EPOCH:187,BEST ACC:77.93
2026-05-17 07:32:54 [INFO] Saving Masks: current CR 0.5953 target CR 0.6000
2026-05-17 07:33:06 [INFO] Epoch: 198 [12800/50000 (26%)]	 Training Loss: 0.024 ACC: 99.27 CR: 0.60 Avg R1: 4.96 Avg R2: 4.22 Avg Reward: 9.178501
2026-05-17 07:33:18 [INFO] Epoch: 198 [25600/50000 (51%)]	 Training Loss: 0.024 ACC: 99.27 CR: 0.60 Avg R1: 4.97 Avg R2: 4.22 Avg Reward: 9.189003
2026-05-17 07:33:30 [INFO] Epoch: 198 [38400/50000 (77%)]	 Training Loss: 0.024 ACC: 99.27 CR: 0.60 Avg R1: 4.98 Avg R2: 4.22 Avg Reward: 9.197413
2026-05-17 07:33:41 [INFO] EPOCH:198, ======================CR:0.59934====================
2026-05-17 07:33:41 [INFO] 0.03264487903816389
2026-05-17 07:33:43 [INFO] EPOCH:198, ======================ACC:77.67====================
2026-05-17 07:33:43 [INFO] BEST EPOCH:187,BEST ACC:77.93
2026-05-17 07:33:43 [INFO] Saving Masks: current CR 0.5993 target CR 0.6000
2026-05-17 07:33:56 [INFO] Epoch: 199 [12800/50000 (26%)]	 Training Loss: 0.023 ACC: 99.31 CR: 0.60 Avg R1: 4.99 Avg R2: 4.24 Avg Reward: 9.227397
2026-05-17 07:34:08 [INFO] Epoch: 199 [25600/50000 (51%)]	 Training Loss: 0.023 ACC: 99.35 CR: 0.60 Avg R1: 4.99 Avg R2: 4.24 Avg Reward: 9.228653
2026-05-17 07:34:20 [INFO] Epoch: 199 [38400/50000 (77%)]	 Training Loss: 0.023 ACC: 99.33 CR: 0.60 Avg R1: 4.99 Avg R2: 4.24 Avg Reward: 9.228789
2026-05-17 07:34:31 [INFO] EPOCH:199, ======================CR:0.59964====================
2026-05-17 07:34:31 [INFO] 0.03131922977508998
2026-05-17 07:34:33 [INFO] EPOCH:199, ======================ACC:77.41====================
2026-05-17 07:34:33 [INFO] BEST EPOCH:187,BEST ACC:77.93
2026-05-17 07:34:33 [INFO] Saving Masks: current CR 0.5996 target CR 0.6000
2026-05-17 07:34:33 [INFO] Saved standard mask to /nvme/home/lixiang/baseline/RLSelector/mask/cifar100/42/mask_60.npz with 30000/50000 samples selected
