2026-05-16 21:41:21 [INFO] Epoch: 0 [12800/50000 (26%)]	 Training Loss: 1.869 ACC: 12.20 CR: 0.87 Avg R1: 0.54 Avg R2: 8.91 Avg Reward: 9.454126
2026-05-16 21:41:30 [INFO] Epoch: 0 [25600/50000 (51%)]	 Training Loss: 1.830 ACC: 13.11 CR: 0.75 Avg R1: 1.06 Avg R2: 8.31 Avg Reward: 9.373309
2026-05-16 21:41:38 [INFO] Epoch: 0 [38400/50000 (77%)]	 Training Loss: 1.804 ACC: 14.10 CR: 0.62 Avg R1: 1.59 Avg R2: 7.71 Avg Reward: 9.295278
2026-05-16 21:41:46 [INFO] EPOCH:0, ======================CR:0.5071====================
2026-05-16 21:41:46 [INFO] -0.0005713660747741002
2026-05-16 21:41:48 [INFO] EPOCH:0, ======================ACC:16.39====================
2026-05-16 21:41:48 [INFO] BEST EPOCH:0,BEST ACC:16.39
2026-05-16 21:41:57 [INFO] Epoch: 1 [12800/50000 (26%)]	 Training Loss: 1.741 ACC: 17.88 CR: 0.51 Avg R1: 4.09 Avg R2: 4.39 Avg Reward: 8.477867
2026-05-16 21:42:05 [INFO] Epoch: 1 [25600/50000 (51%)]	 Training Loss: 1.732 ACC: 18.50 CR: 0.52 Avg R1: 4.06 Avg R2: 4.41 Avg Reward: 8.465340
2026-05-16 21:42:13 [INFO] Epoch: 1 [38400/50000 (77%)]	 Training Loss: 1.755 ACC: 19.13 CR: 0.54 Avg R1: 4.00 Avg R2: 4.45 Avg Reward: 8.445920
2026-05-16 21:42:22 [INFO] EPOCH:1, ======================CR:0.56486====================
2026-05-16 21:42:22 [INFO] 0.0024609850265373164
2026-05-16 21:42:24 [INFO] EPOCH:1, ======================ACC:19.36====================
2026-05-16 21:42:24 [INFO] BEST EPOCH:1,BEST ACC:19.36
2026-05-16 21:42:33 [INFO] Epoch: 2 [12800/50000 (26%)]	 Training Loss: 1.747 ACC: 22.05 CR: 0.57 Avg R1: 3.60 Avg R2: 5.45 Avg Reward: 9.050404
2026-05-16 21:42:41 [INFO] Epoch: 2 [25600/50000 (51%)]	 Training Loss: 1.710 ACC: 22.55 CR: 0.58 Avg R1: 3.56 Avg R2: 5.48 Avg Reward: 9.038128
2026-05-16 21:42:50 [INFO] Epoch: 2 [38400/50000 (77%)]	 Training Loss: 1.681 ACC: 23.23 CR: 0.58 Avg R1: 3.54 Avg R2: 5.49 Avg Reward: 9.030140
2026-05-16 21:42:58 [INFO] EPOCH:2, ======================CR:0.57646====================
2026-05-16 21:42:58 [INFO] 0.003085587331488291
2026-05-16 21:43:00 [INFO] EPOCH:2, ======================ACC:25.1====================
2026-05-16 21:43:00 [INFO] BEST EPOCH:2,BEST ACC:25.1
2026-05-16 21:43:08 [INFO] Epoch: 3 [12800/50000 (26%)]	 Training Loss: 1.475 ACC: 26.88 CR: 0.56 Avg R1: 3.59 Avg R2: 5.78 Avg Reward: 9.377062
2026-05-16 21:43:17 [INFO] Epoch: 3 [25600/50000 (51%)]	 Training Loss: 1.485 ACC: 27.41 CR: 0.56 Avg R1: 3.64 Avg R2: 5.75 Avg Reward: 9.391342
2026-05-16 21:43:25 [INFO] Epoch: 3 [38400/50000 (77%)]	 Training Loss: 1.484 ACC: 27.83 CR: 0.55 Avg R1: 3.67 Avg R2: 5.73 Avg Reward: 9.400734
2026-05-16 21:43:34 [INFO] EPOCH:3, ======================CR:0.54926====================
2026-05-16 21:43:34 [INFO] 0.005240087969264061
2026-05-16 21:43:36 [INFO] EPOCH:3, ======================ACC:30.33====================
2026-05-16 21:43:36 [INFO] BEST EPOCH:3,BEST ACC:30.33
2026-05-16 21:43:45 [INFO] Epoch: 4 [12800/50000 (26%)]	 Training Loss: 1.428 ACC: 31.01 CR: 0.55 Avg R1: 3.75 Avg R2: 5.73 Avg Reward: 9.476427
2026-05-16 21:43:54 [INFO] Epoch: 4 [25600/50000 (51%)]	 Training Loss: 1.403 ACC: 31.00 CR: 0.55 Avg R1: 3.75 Avg R2: 5.73 Avg Reward: 9.474449
2026-05-16 21:44:03 [INFO] Epoch: 4 [38400/50000 (77%)]	 Training Loss: 1.397 ACC: 31.75 CR: 0.55 Avg R1: 3.75 Avg R2: 5.73 Avg Reward: 9.473010
2026-05-16 21:44:11 [INFO] EPOCH:4, ======================CR:0.55192====================
2026-05-16 21:44:11 [INFO] 0.00826761331298541
2026-05-16 21:44:13 [INFO] EPOCH:4, ======================ACC:36.23====================
2026-05-16 21:44:13 [INFO] BEST EPOCH:4,BEST ACC:36.23
2026-05-16 21:44:22 [INFO] Epoch: 5 [12800/50000 (26%)]	 Training Loss: 1.299 ACC: 34.69 CR: 0.55 Avg R1: 3.76 Avg R2: 5.69 Avg Reward: 9.455438
2026-05-16 21:44:31 [INFO] Epoch: 5 [25600/50000 (51%)]	 Training Loss: 1.291 ACC: 35.09 CR: 0.54 Avg R1: 3.77 Avg R2: 5.68 Avg Reward: 9.457599
2026-05-16 21:44:40 [INFO] Epoch: 5 [38400/50000 (77%)]	 Training Loss: 1.285 ACC: 35.14 CR: 0.54 Avg R1: 3.79 Avg R2: 5.67 Avg Reward: 9.461159
2026-05-16 21:44:48 [INFO] EPOCH:5, ======================CR:0.53082====================
2026-05-16 21:44:48 [INFO] 0.0047300435233519665
2026-05-16 21:44:50 [INFO] EPOCH:5, ======================ACC:37.11====================
2026-05-16 21:44:50 [INFO] BEST EPOCH:5,BEST ACC:37.11
2026-05-16 21:44:59 [INFO] Epoch: 6 [12800/50000 (26%)]	 Training Loss: 1.184 ACC: 38.30 CR: 0.53 Avg R1: 3.93 Avg R2: 5.48 Avg Reward: 9.413814
2026-05-16 21:45:08 [INFO] Epoch: 6 [25600/50000 (51%)]	 Training Loss: 1.202 ACC: 38.45 CR: 0.53 Avg R1: 3.94 Avg R2: 5.48 Avg Reward: 9.418539
2026-05-16 21:45:18 [INFO] Epoch: 6 [38400/50000 (77%)]	 Training Loss: 1.194 ACC: 38.64 CR: 0.53 Avg R1: 3.93 Avg R2: 5.49 Avg Reward: 9.417151
2026-05-16 21:45:27 [INFO] EPOCH:6, ======================CR:0.52628====================
2026-05-16 21:45:27 [INFO] 0.008621372945397348
2026-05-16 21:45:29 [INFO] EPOCH:6, ======================ACC:42.25====================
2026-05-16 21:45:29 [INFO] BEST EPOCH:6,BEST ACC:42.25
2026-05-16 21:45:39 [INFO] Epoch: 7 [12800/50000 (26%)]	 Training Loss: 1.132 ACC: 41.35 CR: 0.53 Avg R1: 3.94 Avg R2: 5.38 Avg Reward: 9.326214
2026-05-16 21:45:50 [INFO] Epoch: 7 [25600/50000 (51%)]	 Training Loss: 1.131 ACC: 41.45 CR: 0.53 Avg R1: 3.94 Avg R2: 5.39 Avg Reward: 9.321793
2026-05-16 21:46:00 [INFO] Epoch: 7 [38400/50000 (77%)]	 Training Loss: 1.138 ACC: 41.38 CR: 0.54 Avg R1: 3.92 Avg R2: 5.40 Avg Reward: 9.317644
2026-05-16 21:46:10 [INFO] EPOCH:7, ======================CR:0.54104====================
2026-05-16 21:46:10 [INFO] 0.010406204088970373
2026-05-16 21:46:12 [INFO] EPOCH:7, ======================ACC:41.92====================
2026-05-16 21:46:12 [INFO] BEST EPOCH:6,BEST ACC:42.25
2026-05-16 21:46:23 [INFO] Epoch: 8 [12800/50000 (26%)]	 Training Loss: 1.181 ACC: 43.27 CR: 0.56 Avg R1: 3.77 Avg R2: 5.41 Avg Reward: 9.183434
2026-05-16 21:46:33 [INFO] Epoch: 8 [25600/50000 (51%)]	 Training Loss: 1.151 ACC: 43.70 CR: 0.56 Avg R1: 3.71 Avg R2: 5.45 Avg Reward: 9.164739
2026-05-16 21:46:44 [INFO] Epoch: 8 [38400/50000 (77%)]	 Training Loss: 1.124 ACC: 43.90 CR: 0.56 Avg R1: 3.69 Avg R2: 5.47 Avg Reward: 9.154112
2026-05-16 21:46:54 [INFO] EPOCH:8, ======================CR:0.56328====================
2026-05-16 21:46:54 [INFO] 0.012794610122590585
2026-05-16 21:46:56 [INFO] EPOCH:8, ======================ACC:44.43====================
2026-05-16 21:46:56 [INFO] BEST EPOCH:8,BEST ACC:44.43
2026-05-16 21:47:05 [INFO] Epoch: 9 [12800/50000 (26%)]	 Training Loss: 1.064 ACC: 46.07 CR: 0.56 Avg R1: 3.65 Avg R2: 5.40 Avg Reward: 9.053086
2026-05-16 21:47:17 [INFO] Epoch: 9 [25600/50000 (51%)]	 Training Loss: 1.062 ACC: 46.02 CR: 0.56 Avg R1: 3.66 Avg R2: 5.40 Avg Reward: 9.053763
2026-05-16 21:47:28 [INFO] Epoch: 9 [38400/50000 (77%)]	 Training Loss: 1.066 ACC: 46.04 CR: 0.56 Avg R1: 3.66 Avg R2: 5.40 Avg Reward: 9.052806
2026-05-16 21:47:38 [INFO] EPOCH:9, ======================CR:0.5606====================
2026-05-16 21:47:38 [INFO] 0.01375353850067652
2026-05-16 21:47:40 [INFO] EPOCH:9, ======================ACC:41.54====================
2026-05-16 21:47:40 [INFO] BEST EPOCH:8,BEST ACC:44.43
2026-05-16 21:47:53 [INFO] Epoch: 10 [12800/50000 (26%)]	 Training Loss: 1.009 ACC: 48.83 CR: 0.56 Avg R1: 3.67 Avg R2: 5.31 Avg Reward: 8.979149
2026-05-16 21:48:03 [INFO] Epoch: 10 [25600/50000 (51%)]	 Training Loss: 0.981 ACC: 48.93 CR: 0.55 Avg R1: 3.70 Avg R2: 5.29 Avg Reward: 8.985400
2026-05-16 21:48:13 [INFO] Epoch: 10 [38400/50000 (77%)]	 Training Loss: 0.973 ACC: 48.84 CR: 0.54 Avg R1: 3.73 Avg R2: 5.26 Avg Reward: 8.992755
2026-05-16 21:48:21 [INFO] EPOCH:10, ======================CR:0.52832====================
2026-05-16 21:48:21 [INFO] 0.0026838307885250624
2026-05-16 21:48:23 [INFO] EPOCH:10, ======================ACC:47.24====================
2026-05-16 21:48:23 [INFO] BEST EPOCH:10,BEST ACC:47.24
2026-05-16 21:48:34 [INFO] Epoch: 11 [12800/50000 (26%)]	 Training Loss: 0.934 ACC: 50.24 CR: 0.53 Avg R1: 3.94 Avg R2: 5.06 Avg Reward: 9.001663
2026-05-16 21:48:46 [INFO] Epoch: 11 [25600/50000 (51%)]	 Training Loss: 0.927 ACC: 50.19 CR: 0.52 Avg R1: 3.95 Avg R2: 5.05 Avg Reward: 9.005542
2026-05-16 21:48:58 [INFO] Epoch: 11 [38400/50000 (77%)]	 Training Loss: 0.929 ACC: 50.10 CR: 0.52 Avg R1: 3.96 Avg R2: 5.05 Avg Reward: 9.006901
2026-05-16 21:49:07 [INFO] EPOCH:11, ======================CR:0.51752====================
2026-05-16 21:49:07 [INFO] -0.0030171894231952982
2026-05-16 21:49:09 [INFO] EPOCH:11, ======================ACC:45.25====================
2026-05-16 21:49:09 [INFO] BEST EPOCH:10,BEST ACC:47.24
2026-05-16 21:49:22 [INFO] Epoch: 12 [12800/50000 (26%)]	 Training Loss: 0.882 ACC: 52.11 CR: 0.52 Avg R1: 4.02 Avg R2: 4.94 Avg Reward: 8.960220
2026-05-16 21:49:33 [INFO] Epoch: 12 [25600/50000 (51%)]	 Training Loss: 0.875 ACC: 52.24 CR: 0.51 Avg R1: 4.04 Avg R2: 4.93 Avg Reward: 8.963237
2026-05-16 21:49:45 [INFO] Epoch: 12 [38400/50000 (77%)]	 Training Loss: 0.869 ACC: 52.21 CR: 0.51 Avg R1: 4.06 Avg R2: 4.91 Avg Reward: 8.969830
2026-05-16 21:49:56 [INFO] EPOCH:12, ======================CR:0.50122====================
2026-05-16 21:49:56 [INFO] 0.003388623687073533
2026-05-16 21:49:58 [INFO] EPOCH:12, ======================ACC:49.67====================
2026-05-16 21:49:58 [INFO] BEST EPOCH:12,BEST ACC:49.67
2026-05-16 21:50:11 [INFO] Epoch: 13 [12800/50000 (26%)]	 Training Loss: 0.838 ACC: 53.93 CR: 0.50 Avg R1: 4.16 Avg R2: 4.83 Avg Reward: 8.987518
2026-05-16 21:50:23 [INFO] Epoch: 13 [25600/50000 (51%)]	 Training Loss: 0.834 ACC: 53.54 CR: 0.50 Avg R1: 4.16 Avg R2: 4.83 Avg Reward: 8.990439
2026-05-16 21:50:34 [INFO] Epoch: 13 [38400/50000 (77%)]	 Training Loss: 0.834 ACC: 53.42 CR: 0.50 Avg R1: 4.17 Avg R2: 4.82 Avg Reward: 8.993060
2026-05-16 21:50:46 [INFO] EPOCH:13, ======================CR:0.4933====================
2026-05-16 21:50:46 [INFO] -0.0018159758662676872
2026-05-16 21:50:48 [INFO] EPOCH:13, ======================ACC:49.12====================
2026-05-16 21:50:48 [INFO] BEST EPOCH:12,BEST ACC:49.67
2026-05-16 21:51:01 [INFO] Epoch: 14 [12800/50000 (26%)]	 Training Loss: 0.810 ACC: 54.30 CR: 0.49 Avg R1: 4.22 Avg R2: 4.75 Avg Reward: 8.975637
2026-05-16 21:51:13 [INFO] Epoch: 14 [25600/50000 (51%)]	 Training Loss: 0.813 ACC: 54.28 CR: 0.49 Avg R1: 4.23 Avg R2: 4.75 Avg Reward: 8.975559
2026-05-16 21:51:25 [INFO] Epoch: 14 [38400/50000 (77%)]	 Training Loss: 0.810 ACC: 54.27 CR: 0.49 Avg R1: 4.24 Avg R2: 4.74 Avg Reward: 8.976169
2026-05-16 21:51:36 [INFO] EPOCH:14, ======================CR:0.48874====================
2026-05-16 21:51:36 [INFO] -0.005212025690405858
2026-05-16 21:51:38 [INFO] EPOCH:14, ======================ACC:49.27====================
2026-05-16 21:51:38 [INFO] BEST EPOCH:12,BEST ACC:49.67
2026-05-16 21:51:49 [INFO] Epoch: 15 [12800/50000 (26%)]	 Training Loss: 0.788 ACC: 55.77 CR: 0.49 Avg R1: 4.25 Avg R2: 4.73 Avg Reward: 8.984343
2026-05-16 21:52:00 [INFO] Epoch: 15 [25600/50000 (51%)]	 Training Loss: 0.788 ACC: 55.59 CR: 0.49 Avg R1: 4.25 Avg R2: 4.73 Avg Reward: 8.985557
2026-05-16 21:52:11 [INFO] Epoch: 15 [38400/50000 (77%)]	 Training Loss: 0.782 ACC: 55.32 CR: 0.48 Avg R1: 4.26 Avg R2: 4.73 Avg Reward: 8.987686
2026-05-16 21:52:23 [INFO] EPOCH:15, ======================CR:0.47746====================
2026-05-16 21:52:23 [INFO] -0.008320811935406527
2026-05-16 21:52:25 [INFO] EPOCH:15, ======================ACC:48.84====================
2026-05-16 21:52:25 [INFO] BEST EPOCH:12,BEST ACC:49.67
2026-05-16 21:52:37 [INFO] Epoch: 16 [12800/50000 (26%)]	 Training Loss: 0.771 ACC: 56.38 CR: 0.48 Avg R1: 4.36 Avg R2: 4.63 Avg Reward: 8.995093
2026-05-16 21:52:49 [INFO] Epoch: 16 [25600/50000 (51%)]	 Training Loss: 0.772 ACC: 56.55 CR: 0.48 Avg R1: 4.34 Avg R2: 4.64 Avg Reward: 8.986196
2026-05-16 21:53:01 [INFO] Epoch: 16 [38400/50000 (77%)]	 Training Loss: 0.781 ACC: 56.35 CR: 0.49 Avg R1: 4.31 Avg R2: 4.66 Avg Reward: 8.975860
2026-05-16 21:53:12 [INFO] EPOCH:16, ======================CR:0.50942====================
2026-05-16 21:53:12 [INFO] -0.0006174582012864142
2026-05-16 21:53:14 [INFO] EPOCH:16, ======================ACC:50.88====================
2026-05-16 21:53:14 [INFO] BEST EPOCH:16,BEST ACC:50.88
2026-05-16 21:53:26 [INFO] Epoch: 17 [12800/50000 (26%)]	 Training Loss: 0.793 ACC: 56.59 CR: 0.51 Avg R1: 4.09 Avg R2: 4.82 Avg Reward: 8.903967
2026-05-16 21:53:38 [INFO] Epoch: 17 [25600/50000 (51%)]	 Training Loss: 0.790 ACC: 56.82 CR: 0.51 Avg R1: 4.08 Avg R2: 4.82 Avg Reward: 8.897363
2026-05-16 21:53:50 [INFO] Epoch: 17 [38400/50000 (77%)]	 Training Loss: 0.786 ACC: 56.75 CR: 0.51 Avg R1: 4.08 Avg R2: 4.82 Avg Reward: 8.896510
2026-05-16 21:54:02 [INFO] EPOCH:17, ======================CR:0.51004====================
2026-05-16 21:54:02 [INFO] -0.007156264083189871
2026-05-16 21:54:04 [INFO] EPOCH:17, ======================ACC:54.97====================
2026-05-16 21:54:04 [INFO] BEST EPOCH:17,BEST ACC:54.97
2026-05-16 21:54:16 [INFO] Epoch: 18 [12800/50000 (26%)]	 Training Loss: 0.751 ACC: 58.13 CR: 0.50 Avg R1: 4.11 Avg R2: 4.78 Avg Reward: 8.888324
2026-05-16 21:54:28 [INFO] Epoch: 18 [25600/50000 (51%)]	 Training Loss: 0.745 ACC: 58.33 CR: 0.50 Avg R1: 4.12 Avg R2: 4.78 Avg Reward: 8.895970
2026-05-16 21:54:40 [INFO] Epoch: 18 [38400/50000 (77%)]	 Training Loss: 0.745 ACC: 58.28 CR: 0.50 Avg R1: 4.13 Avg R2: 4.77 Avg Reward: 8.902046
2026-05-16 21:54:51 [INFO] EPOCH:18, ======================CR:0.49758====================
2026-05-16 21:54:51 [INFO] -0.00323683334534899
2026-05-16 21:54:53 [INFO] EPOCH:18, ======================ACC:53.39====================
2026-05-16 21:54:53 [INFO] BEST EPOCH:17,BEST ACC:54.97
2026-05-16 21:55:05 [INFO] Epoch: 19 [12800/50000 (26%)]	 Training Loss: 0.746 ACC: 59.15 CR: 0.50 Avg R1: 4.16 Avg R2: 4.74 Avg Reward: 8.902528
2026-05-16 21:55:17 [INFO] Epoch: 19 [25600/50000 (51%)]	 Training Loss: 0.742 ACC: 59.04 CR: 0.51 Avg R1: 4.14 Avg R2: 4.76 Avg Reward: 8.894307
2026-05-16 21:55:28 [INFO] Epoch: 19 [38400/50000 (77%)]	 Training Loss: 0.750 ACC: 58.53 CR: 0.51 Avg R1: 4.13 Avg R2: 4.76 Avg Reward: 8.889376
2026-05-16 21:55:39 [INFO] EPOCH:19, ======================CR:0.51044====================
2026-05-16 21:55:39 [INFO] 0.0013067635562804627
2026-05-16 21:55:41 [INFO] EPOCH:19, ======================ACC:56.51====================
2026-05-16 21:55:41 [INFO] BEST EPOCH:19,BEST ACC:56.51
2026-05-16 21:55:53 [INFO] Epoch: 20 [12800/50000 (26%)]	 Training Loss: 0.723 ACC: 59.98 CR: 0.51 Avg R1: 4.07 Avg R2: 4.79 Avg Reward: 8.858703
2026-05-16 21:56:05 [INFO] Epoch: 20 [25600/50000 (51%)]	 Training Loss: 0.725 ACC: 59.55 CR: 0.51 Avg R1: 4.07 Avg R2: 4.79 Avg Reward: 8.857626
2026-05-16 21:56:16 [INFO] Epoch: 20 [38400/50000 (77%)]	 Training Loss: 0.730 ACC: 59.10 CR: 0.51 Avg R1: 4.07 Avg R2: 4.79 Avg Reward: 8.857136
2026-05-16 21:56:25 [INFO] EPOCH:20, ======================CR:0.50612====================
2026-05-16 21:56:25 [INFO] -0.0016020576828242915
2026-05-16 21:56:27 [INFO] EPOCH:20, ======================ACC:56.35====================
2026-05-16 21:56:27 [INFO] BEST EPOCH:19,BEST ACC:56.51
2026-05-16 21:56:39 [INFO] Epoch: 21 [12800/50000 (26%)]	 Training Loss: 0.699 ACC: 60.49 CR: 0.50 Avg R1: 4.14 Avg R2: 4.73 Avg Reward: 8.866674
2026-05-16 21:56:50 [INFO] Epoch: 21 [25600/50000 (51%)]	 Training Loss: 0.696 ACC: 60.37 CR: 0.50 Avg R1: 4.16 Avg R2: 4.72 Avg Reward: 8.875238
2026-05-16 21:57:04 [INFO] Epoch: 21 [38400/50000 (77%)]	 Training Loss: 0.697 ACC: 60.14 CR: 0.49 Avg R1: 4.17 Avg R2: 4.71 Avg Reward: 8.880193
2026-05-16 21:57:16 [INFO] EPOCH:21, ======================CR:0.48484====================
2026-05-16 21:57:16 [INFO] -0.0001401880234754905
2026-05-16 21:57:18 [INFO] EPOCH:21, ======================ACC:54.29====================
2026-05-16 21:57:18 [INFO] BEST EPOCH:19,BEST ACC:56.51
2026-05-16 21:57:31 [INFO] Epoch: 22 [12800/50000 (26%)]	 Training Loss: 0.661 ACC: 61.53 CR: 0.48 Avg R1: 4.31 Avg R2: 4.61 Avg Reward: 8.916585
2026-05-16 21:57:45 [INFO] Epoch: 22 [25600/50000 (51%)]	 Training Loss: 0.662 ACC: 61.38 CR: 0.48 Avg R1: 4.32 Avg R2: 4.60 Avg Reward: 8.919731
2026-05-16 21:58:00 [INFO] Epoch: 22 [38400/50000 (77%)]	 Training Loss: 0.674 ACC: 60.95 CR: 0.48 Avg R1: 4.33 Avg R2: 4.59 Avg Reward: 8.924568
2026-05-16 21:58:13 [INFO] EPOCH:22, ======================CR:0.47738====================
2026-05-16 21:58:13 [INFO] -0.008017512367157986
2026-05-16 21:58:15 [INFO] EPOCH:22, ======================ACC:57.0====================
2026-05-16 21:58:15 [INFO] BEST EPOCH:22,BEST ACC:57.0
2026-05-16 21:58:26 [INFO] Epoch: 23 [12800/50000 (26%)]	 Training Loss: 0.685 ACC: 61.17 CR: 0.48 Avg R1: 4.33 Avg R2: 4.58 Avg Reward: 8.911696
2026-05-16 21:58:40 [INFO] Epoch: 23 [25600/50000 (51%)]	 Training Loss: 0.687 ACC: 60.96 CR: 0.49 Avg R1: 4.31 Avg R2: 4.59 Avg Reward: 8.906683
2026-05-16 21:58:53 [INFO] Epoch: 23 [38400/50000 (77%)]	 Training Loss: 0.693 ACC: 60.41 CR: 0.49 Avg R1: 4.30 Avg R2: 4.60 Avg Reward: 8.903997
2026-05-16 21:59:05 [INFO] EPOCH:23, ======================CR:0.4893====================
2026-05-16 21:59:05 [INFO] -0.008963117498642767
2026-05-16 21:59:07 [INFO] EPOCH:23, ======================ACC:55.9====================
2026-05-16 21:59:07 [INFO] BEST EPOCH:22,BEST ACC:57.0
2026-05-16 21:59:19 [INFO] Epoch: 24 [12800/50000 (26%)]	 Training Loss: 0.649 ACC: 61.63 CR: 0.48 Avg R1: 4.27 Avg R2: 4.61 Avg Reward: 8.878988
2026-05-16 21:59:31 [INFO] Epoch: 24 [25600/50000 (51%)]	 Training Loss: 0.649 ACC: 61.60 CR: 0.48 Avg R1: 4.30 Avg R2: 4.59 Avg Reward: 8.893598
2026-05-16 21:59:43 [INFO] Epoch: 24 [38400/50000 (77%)]	 Training Loss: 0.652 ACC: 61.42 CR: 0.47 Avg R1: 4.33 Avg R2: 4.57 Avg Reward: 8.905514
2026-05-16 21:59:53 [INFO] EPOCH:24, ======================CR:0.46492====================
2026-05-16 21:59:53 [INFO] -0.00216682286020938
2026-05-16 21:59:55 [INFO] EPOCH:24, ======================ACC:57.95====================
2026-05-16 21:59:55 [INFO] BEST EPOCH:24,BEST ACC:57.95
2026-05-16 22:00:07 [INFO] Epoch: 25 [12800/50000 (26%)]	 Training Loss: 0.636 ACC: 63.15 CR: 0.47 Avg R1: 4.45 Avg R2: 4.49 Avg Reward: 8.936376
2026-05-16 22:00:20 [INFO] Epoch: 25 [25600/50000 (51%)]	 Training Loss: 0.638 ACC: 62.58 CR: 0.47 Avg R1: 4.44 Avg R2: 4.49 Avg Reward: 8.933378
2026-05-16 22:00:34 [INFO] Epoch: 25 [38400/50000 (77%)]	 Training Loss: 0.646 ACC: 62.18 CR: 0.47 Avg R1: 4.43 Avg R2: 4.50 Avg Reward: 8.929618
2026-05-16 22:00:45 [INFO] EPOCH:25, ======================CR:0.47614====================
2026-05-16 22:00:45 [INFO] -0.0019046400171409566
2026-05-16 22:00:47 [INFO] EPOCH:25, ======================ACC:54.95====================
2026-05-16 22:00:47 [INFO] BEST EPOCH:24,BEST ACC:57.95
2026-05-16 22:01:00 [INFO] Epoch: 26 [12800/50000 (26%)]	 Training Loss: 0.647 ACC: 62.19 CR: 0.48 Avg R1: 4.36 Avg R2: 4.56 Avg Reward: 8.918779
2026-05-16 22:01:11 [INFO] Epoch: 26 [25600/50000 (51%)]	 Training Loss: 0.639 ACC: 62.61 CR: 0.48 Avg R1: 4.36 Avg R2: 4.56 Avg Reward: 8.921806
2026-05-16 22:01:23 [INFO] Epoch: 26 [38400/50000 (77%)]	 Training Loss: 0.645 ACC: 62.10 CR: 0.47 Avg R1: 4.36 Avg R2: 4.56 Avg Reward: 8.926649
2026-05-16 22:01:34 [INFO] EPOCH:26, ======================CR:0.47456====================
2026-05-16 22:01:34 [INFO] 0.0007553193687558495
2026-05-16 22:01:36 [INFO] EPOCH:26, ======================ACC:58.98====================
2026-05-16 22:01:36 [INFO] BEST EPOCH:26,BEST ACC:58.98
2026-05-16 22:01:48 [INFO] Epoch: 27 [12800/50000 (26%)]	 Training Loss: 0.641 ACC: 62.27 CR: 0.47 Avg R1: 4.38 Avg R2: 4.54 Avg Reward: 8.920509
2026-05-16 22:01:58 [INFO] Epoch: 27 [25600/50000 (51%)]	 Training Loss: 0.638 ACC: 62.64 CR: 0.47 Avg R1: 4.38 Avg R2: 4.54 Avg Reward: 8.917745
2026-05-16 22:02:10 [INFO] Epoch: 27 [38400/50000 (77%)]	 Training Loss: 0.639 ACC: 62.54 CR: 0.48 Avg R1: 4.38 Avg R2: 4.54 Avg Reward: 8.914238
2026-05-16 22:02:20 [INFO] EPOCH:27, ======================CR:0.47388====================
2026-05-16 22:02:20 [INFO] 0.0011004240003646573
2026-05-16 22:02:23 [INFO] EPOCH:27, ======================ACC:58.59====================
2026-05-16 22:02:23 [INFO] BEST EPOCH:26,BEST ACC:58.98
2026-05-16 22:02:36 [INFO] Epoch: 28 [12800/50000 (26%)]	 Training Loss: 0.621 ACC: 63.30 CR: 0.47 Avg R1: 4.40 Avg R2: 4.52 Avg Reward: 8.919033
2026-05-16 22:02:48 [INFO] Epoch: 28 [25600/50000 (51%)]	 Training Loss: 0.616 ACC: 63.46 CR: 0.47 Avg R1: 4.41 Avg R2: 4.52 Avg Reward: 8.928996
2026-05-16 22:03:01 [INFO] Epoch: 28 [38400/50000 (77%)]	 Training Loss: 0.619 ACC: 63.33 CR: 0.46 Avg R1: 4.43 Avg R2: 4.51 Avg Reward: 8.936026
2026-05-16 22:03:12 [INFO] EPOCH:28, ======================CR:0.46446====================
2026-05-16 22:03:12 [INFO] -0.004381222807998425
2026-05-16 22:03:14 [INFO] EPOCH:28, ======================ACC:58.51====================
2026-05-16 22:03:14 [INFO] BEST EPOCH:26,BEST ACC:58.98
2026-05-16 22:03:27 [INFO] Epoch: 29 [12800/50000 (26%)]	 Training Loss: 0.612 ACC: 63.58 CR: 0.47 Avg R1: 4.46 Avg R2: 4.48 Avg Reward: 8.933416
2026-05-16 22:03:39 [INFO] Epoch: 29 [25600/50000 (51%)]	 Training Loss: 0.619 ACC: 63.80 CR: 0.47 Avg R1: 4.44 Avg R2: 4.49 Avg Reward: 8.925943
2026-05-16 22:03:52 [INFO] Epoch: 29 [38400/50000 (77%)]	 Training Loss: 0.634 ACC: 63.17 CR: 0.48 Avg R1: 4.42 Avg R2: 4.50 Avg Reward: 8.916376
2026-05-16 22:04:03 [INFO] EPOCH:29, ======================CR:0.48454====================
2026-05-16 22:04:03 [INFO] -0.007449979228870154
2026-05-16 22:04:05 [INFO] EPOCH:29, ======================ACC:58.25====================
2026-05-16 22:04:05 [INFO] BEST EPOCH:26,BEST ACC:58.98
2026-05-16 22:04:19 [INFO] Epoch: 30 [12800/50000 (26%)]	 Training Loss: 0.637 ACC: 64.25 CR: 0.49 Avg R1: 4.29 Avg R2: 4.61 Avg Reward: 8.897078
2026-05-16 22:04:32 [INFO] Epoch: 30 [25600/50000 (51%)]	 Training Loss: 0.624 ACC: 64.34 CR: 0.49 Avg R1: 4.28 Avg R2: 4.62 Avg Reward: 8.897507
2026-05-16 22:04:43 [INFO] Epoch: 30 [38400/50000 (77%)]	 Training Loss: 0.628 ACC: 63.80 CR: 0.49 Avg R1: 4.28 Avg R2: 4.62 Avg Reward: 8.895603
2026-05-16 22:04:55 [INFO] EPOCH:30, ======================CR:0.49166====================
2026-05-16 22:04:55 [INFO] 0.0010861240825870472
2026-05-16 22:04:57 [INFO] EPOCH:30, ======================ACC:56.11====================
2026-05-16 22:04:57 [INFO] BEST EPOCH:26,BEST ACC:58.98
2026-05-16 22:05:09 [INFO] Epoch: 31 [12800/50000 (26%)]	 Training Loss: 0.644 ACC: 63.18 CR: 0.49 Avg R1: 4.23 Avg R2: 4.64 Avg Reward: 8.867459
2026-05-16 22:05:21 [INFO] Epoch: 31 [25600/50000 (51%)]	 Training Loss: 0.628 ACC: 63.90 CR: 0.49 Avg R1: 4.24 Avg R2: 4.63 Avg Reward: 8.872984
2026-05-16 22:05:33 [INFO] Epoch: 31 [38400/50000 (77%)]	 Training Loss: 0.632 ACC: 63.95 CR: 0.49 Avg R1: 4.24 Avg R2: 4.63 Avg Reward: 8.871624
2026-05-16 22:05:44 [INFO] EPOCH:31, ======================CR:0.49554====================
2026-05-16 22:05:44 [INFO] -0.0021878800130015487
2026-05-16 22:05:46 [INFO] EPOCH:31, ======================ACC:51.2====================
2026-05-16 22:05:46 [INFO] BEST EPOCH:26,BEST ACC:58.98
2026-05-16 22:05:58 [INFO] Epoch: 32 [12800/50000 (26%)]	 Training Loss: 0.603 ACC: 65.51 CR: 0.49 Avg R1: 4.21 Avg R2: 4.64 Avg Reward: 8.851431
2026-05-16 22:06:10 [INFO] Epoch: 32 [25600/50000 (51%)]	 Training Loss: 0.619 ACC: 64.77 CR: 0.49 Avg R1: 4.22 Avg R2: 4.64 Avg Reward: 8.855376
2026-05-16 22:06:22 [INFO] Epoch: 32 [38400/50000 (77%)]	 Training Loss: 0.622 ACC: 64.32 CR: 0.49 Avg R1: 4.22 Avg R2: 4.64 Avg Reward: 8.855966
2026-05-16 22:06:33 [INFO] EPOCH:32, ======================CR:0.49628====================
2026-05-16 22:06:33 [INFO] -0.005229567438707415
2026-05-16 22:06:35 [INFO] EPOCH:32, ======================ACC:58.21====================
2026-05-16 22:06:35 [INFO] BEST EPOCH:26,BEST ACC:58.98
2026-05-16 22:06:49 [INFO] Epoch: 33 [12800/50000 (26%)]	 Training Loss: 0.606 ACC: 65.14 CR: 0.50 Avg R1: 4.19 Avg R2: 4.66 Avg Reward: 8.852308
2026-05-16 22:07:02 [INFO] Epoch: 33 [25600/50000 (51%)]	 Training Loss: 0.615 ACC: 64.75 CR: 0.50 Avg R1: 4.19 Avg R2: 4.66 Avg Reward: 8.851901
2026-05-16 22:07:17 [INFO] Epoch: 33 [38400/50000 (77%)]	 Training Loss: 0.616 ACC: 64.78 CR: 0.50 Avg R1: 4.19 Avg R2: 4.66 Avg Reward: 8.851815
2026-05-16 22:07:29 [INFO] EPOCH:33, ======================CR:0.49304====================
2026-05-16 22:07:29 [INFO] -0.005261716186342895
2026-05-16 22:07:31 [INFO] EPOCH:33, ======================ACC:57.51====================
2026-05-16 22:07:31 [INFO] BEST EPOCH:26,BEST ACC:58.98
2026-05-16 22:07:44 [INFO] Epoch: 34 [12800/50000 (26%)]	 Training Loss: 0.606 ACC: 65.21 CR: 0.50 Avg R1: 4.22 Avg R2: 4.66 Avg Reward: 8.874069
2026-05-16 22:07:58 [INFO] Epoch: 34 [25600/50000 (51%)]	 Training Loss: 0.598 ACC: 65.67 CR: 0.50 Avg R1: 4.21 Avg R2: 4.66 Avg Reward: 8.871030
2026-05-16 22:08:12 [INFO] Epoch: 34 [38400/50000 (77%)]	 Training Loss: 0.604 ACC: 65.16 CR: 0.49 Avg R1: 4.21 Avg R2: 4.66 Avg Reward: 8.867982
2026-05-16 22:08:24 [INFO] EPOCH:34, ======================CR:0.49426====================
2026-05-16 22:08:24 [INFO] 0.0042726348502017085
2026-05-16 22:08:26 [INFO] EPOCH:34, ======================ACC:61.68====================
2026-05-16 22:08:26 [INFO] BEST EPOCH:34,BEST ACC:61.68
2026-05-16 22:08:39 [INFO] Epoch: 35 [12800/50000 (26%)]	 Training Loss: 0.584 ACC: 66.15 CR: 0.49 Avg R1: 4.21 Avg R2: 4.66 Avg Reward: 8.869998
2026-05-16 22:08:53 [INFO] Epoch: 35 [25600/50000 (51%)]	 Training Loss: 0.594 ACC: 65.50 CR: 0.49 Avg R1: 4.21 Avg R2: 4.66 Avg Reward: 8.869823
2026-05-16 22:09:07 [INFO] Epoch: 35 [38400/50000 (77%)]	 Training Loss: 0.600 ACC: 65.31 CR: 0.49 Avg R1: 4.21 Avg R2: 4.66 Avg Reward: 8.870949
2026-05-16 22:09:20 [INFO] EPOCH:35, ======================CR:0.49474====================
2026-05-16 22:09:20 [INFO] 0.00031203509253230013
2026-05-16 22:09:21 [INFO] EPOCH:35, ======================ACC:56.89====================
2026-05-16 22:09:21 [INFO] BEST EPOCH:34,BEST ACC:61.68
2026-05-16 22:09:35 [INFO] Epoch: 36 [12800/50000 (26%)]	 Training Loss: 0.582 ACC: 66.42 CR: 0.49 Avg R1: 4.21 Avg R2: 4.68 Avg Reward: 8.894593
2026-05-16 22:09:48 [INFO] Epoch: 36 [25600/50000 (51%)]	 Training Loss: 0.588 ACC: 66.11 CR: 0.49 Avg R1: 4.22 Avg R2: 4.68 Avg Reward: 8.897012
2026-05-16 22:10:01 [INFO] Epoch: 36 [38400/50000 (77%)]	 Training Loss: 0.590 ACC: 65.96 CR: 0.49 Avg R1: 4.23 Avg R2: 4.67 Avg Reward: 8.899995
2026-05-16 22:10:14 [INFO] EPOCH:36, ======================CR:0.48938====================
2026-05-16 22:10:14 [INFO] -3.481554395308344e-05
2026-05-16 22:10:15 [INFO] EPOCH:36, ======================ACC:61.28====================
2026-05-16 22:10:15 [INFO] BEST EPOCH:34,BEST ACC:61.68
2026-05-16 22:10:29 [INFO] Epoch: 37 [12800/50000 (26%)]	 Training Loss: 0.585 ACC: 66.04 CR: 0.49 Avg R1: 4.25 Avg R2: 4.64 Avg Reward: 8.893610
2026-05-16 22:10:42 [INFO] Epoch: 37 [25600/50000 (51%)]	 Training Loss: 0.586 ACC: 66.17 CR: 0.49 Avg R1: 4.24 Avg R2: 4.65 Avg Reward: 8.892460
2026-05-16 22:10:56 [INFO] Epoch: 37 [38400/50000 (77%)]	 Training Loss: 0.586 ACC: 66.23 CR: 0.49 Avg R1: 4.24 Avg R2: 4.65 Avg Reward: 8.891732
2026-05-16 22:11:07 [INFO] EPOCH:37, ======================CR:0.48926====================
2026-05-16 22:11:07 [INFO] -0.004292520677058127
2026-05-16 22:11:09 [INFO] EPOCH:37, ======================ACC:60.01====================
2026-05-16 22:11:09 [INFO] BEST EPOCH:34,BEST ACC:61.68
2026-05-16 22:11:22 [INFO] Epoch: 38 [12800/50000 (26%)]	 Training Loss: 0.588 ACC: 66.90 CR: 0.49 Avg R1: 4.26 Avg R2: 4.65 Avg Reward: 8.917831
2026-05-16 22:11:35 [INFO] Epoch: 38 [25600/50000 (51%)]	 Training Loss: 0.586 ACC: 66.21 CR: 0.49 Avg R1: 4.26 Avg R2: 4.65 Avg Reward: 8.914444
2026-05-16 22:11:48 [INFO] Epoch: 38 [38400/50000 (77%)]	 Training Loss: 0.584 ACC: 66.07 CR: 0.49 Avg R1: 4.26 Avg R2: 4.65 Avg Reward: 8.912626
2026-05-16 22:11:59 [INFO] EPOCH:38, ======================CR:0.48502====================
2026-05-16 22:11:59 [INFO] -0.0016116668620077342
2026-05-16 22:12:00 [INFO] EPOCH:38, ======================ACC:58.11====================
2026-05-16 22:12:00 [INFO] BEST EPOCH:34,BEST ACC:61.68
2026-05-16 22:12:12 [INFO] Epoch: 39 [12800/50000 (26%)]	 Training Loss: 0.562 ACC: 66.85 CR: 0.48 Avg R1: 4.30 Avg R2: 4.61 Avg Reward: 8.911410
2026-05-16 22:12:24 [INFO] Epoch: 39 [25600/50000 (51%)]	 Training Loss: 0.566 ACC: 66.83 CR: 0.48 Avg R1: 4.30 Avg R2: 4.61 Avg Reward: 8.913460
2026-05-16 22:12:38 [INFO] Epoch: 39 [38400/50000 (77%)]	 Training Loss: 0.575 ACC: 66.39 CR: 0.48 Avg R1: 4.30 Avg R2: 4.61 Avg Reward: 8.915276
2026-05-16 22:12:49 [INFO] EPOCH:39, ======================CR:0.48448====================
2026-05-16 22:12:49 [INFO] -0.006436917538854509
2026-05-16 22:12:51 [INFO] EPOCH:39, ======================ACC:59.75====================
2026-05-16 22:12:51 [INFO] BEST EPOCH:34,BEST ACC:61.68
2026-05-16 22:13:03 [INFO] Epoch: 40 [12800/50000 (26%)]	 Training Loss: 0.571 ACC: 67.04 CR: 0.49 Avg R1: 4.29 Avg R2: 4.63 Avg Reward: 8.917959
2026-05-16 22:13:16 [INFO] Epoch: 40 [25600/50000 (51%)]	 Training Loss: 0.569 ACC: 67.28 CR: 0.49 Avg R1: 4.29 Avg R2: 4.63 Avg Reward: 8.919830
2026-05-16 22:13:27 [INFO] Epoch: 40 [38400/50000 (77%)]	 Training Loss: 0.570 ACC: 67.01 CR: 0.48 Avg R1: 4.29 Avg R2: 4.63 Avg Reward: 8.920374
2026-05-16 22:13:38 [INFO] EPOCH:40, ======================CR:0.48072====================
2026-05-16 22:13:38 [INFO] -0.010187661996668526
2026-05-16 22:13:40 [INFO] EPOCH:40, ======================ACC:57.71====================
2026-05-16 22:13:40 [INFO] BEST EPOCH:34,BEST ACC:61.68
2026-05-16 22:13:52 [INFO] Epoch: 41 [12800/50000 (26%)]	 Training Loss: 0.557 ACC: 67.91 CR: 0.48 Avg R1: 4.32 Avg R2: 4.62 Avg Reward: 8.939915
2026-05-16 22:14:04 [INFO] Epoch: 41 [25600/50000 (51%)]	 Training Loss: 0.562 ACC: 67.38 CR: 0.48 Avg R1: 4.32 Avg R2: 4.62 Avg Reward: 8.939635
2026-05-16 22:14:17 [INFO] Epoch: 41 [38400/50000 (77%)]	 Training Loss: 0.563 ACC: 67.07 CR: 0.48 Avg R1: 4.31 Avg R2: 4.62 Avg Reward: 8.937603
2026-05-16 22:14:27 [INFO] EPOCH:41, ======================CR:0.47724====================
2026-05-16 22:14:27 [INFO] -0.0032438852806530535
2026-05-16 22:14:29 [INFO] EPOCH:41, ======================ACC:61.18====================
2026-05-16 22:14:29 [INFO] BEST EPOCH:34,BEST ACC:61.68
2026-05-16 22:14:43 [INFO] Epoch: 42 [12800/50000 (26%)]	 Training Loss: 0.542 ACC: 67.91 CR: 0.48 Avg R1: 4.35 Avg R2: 4.61 Avg Reward: 8.957813
2026-05-16 22:14:56 [INFO] Epoch: 42 [25600/50000 (51%)]	 Training Loss: 0.544 ACC: 67.94 CR: 0.48 Avg R1: 4.35 Avg R2: 4.61 Avg Reward: 8.957127
2026-05-16 22:15:10 [INFO] Epoch: 42 [38400/50000 (77%)]	 Training Loss: 0.552 ACC: 67.43 CR: 0.48 Avg R1: 4.35 Avg R2: 4.61 Avg Reward: 8.955606
2026-05-16 22:15:21 [INFO] EPOCH:42, ======================CR:0.47068====================
2026-05-16 22:15:21 [INFO] 0.0010616023665383075
2026-05-16 22:15:23 [INFO] EPOCH:42, ======================ACC:61.99====================
2026-05-16 22:15:23 [INFO] BEST EPOCH:42,BEST ACC:61.99
2026-05-16 22:15:36 [INFO] Epoch: 43 [12800/50000 (26%)]	 Training Loss: 0.515 ACC: 68.62 CR: 0.47 Avg R1: 4.43 Avg R2: 4.54 Avg Reward: 8.965452
2026-05-16 22:15:49 [INFO] Epoch: 43 [25600/50000 (51%)]	 Training Loss: 0.516 ACC: 68.27 CR: 0.46 Avg R1: 4.45 Avg R2: 4.52 Avg Reward: 8.970589
2026-05-16 22:16:03 [INFO] Epoch: 43 [38400/50000 (77%)]	 Training Loss: 0.529 ACC: 67.61 CR: 0.46 Avg R1: 4.47 Avg R2: 4.51 Avg Reward: 8.977488
2026-05-16 22:16:14 [INFO] EPOCH:43, ======================CR:0.45188====================
2026-05-16 22:16:14 [INFO] -0.0007157357015220014
2026-05-16 22:16:16 [INFO] EPOCH:43, ======================ACC:58.74====================
2026-05-16 22:16:16 [INFO] BEST EPOCH:42,BEST ACC:61.99
2026-05-16 22:16:28 [INFO] Epoch: 44 [12800/50000 (26%)]	 Training Loss: 0.510 ACC: 68.95 CR: 0.45 Avg R1: 4.57 Avg R2: 4.44 Avg Reward: 9.015716
2026-05-16 22:16:40 [INFO] Epoch: 44 [25600/50000 (51%)]	 Training Loss: 0.519 ACC: 68.22 CR: 0.45 Avg R1: 4.58 Avg R2: 4.44 Avg Reward: 9.018774
2026-05-16 22:16:52 [INFO] Epoch: 44 [38400/50000 (77%)]	 Training Loss: 0.524 ACC: 68.15 CR: 0.45 Avg R1: 4.58 Avg R2: 4.44 Avg Reward: 9.022070
2026-05-16 22:17:03 [INFO] EPOCH:44, ======================CR:0.44886====================
2026-05-16 22:17:03 [INFO] -0.0028949560024580513
2026-05-16 22:17:05 [INFO] EPOCH:44, ======================ACC:62.49====================
2026-05-16 22:17:05 [INFO] BEST EPOCH:44,BEST ACC:62.49
2026-05-16 22:17:17 [INFO] Epoch: 45 [12800/50000 (26%)]	 Training Loss: 0.519 ACC: 68.84 CR: 0.45 Avg R1: 4.58 Avg R2: 4.45 Avg Reward: 9.032878
2026-05-16 22:17:30 [INFO] Epoch: 45 [25600/50000 (51%)]	 Training Loss: 0.520 ACC: 68.27 CR: 0.45 Avg R1: 4.58 Avg R2: 4.45 Avg Reward: 9.029338
2026-05-16 22:17:43 [INFO] Epoch: 45 [38400/50000 (77%)]	 Training Loss: 0.519 ACC: 68.27 CR: 0.45 Avg R1: 4.58 Avg R2: 4.45 Avg Reward: 9.026923
2026-05-16 22:17:54 [INFO] EPOCH:45, ======================CR:0.44884====================
2026-05-16 22:17:54 [INFO] -0.0031691965372037403
2026-05-16 22:17:56 [INFO] EPOCH:45, ======================ACC:60.27====================
2026-05-16 22:17:56 [INFO] BEST EPOCH:44,BEST ACC:62.49
2026-05-16 22:18:09 [INFO] Epoch: 46 [12800/50000 (26%)]	 Training Loss: 0.495 ACC: 69.62 CR: 0.45 Avg R1: 4.60 Avg R2: 4.43 Avg Reward: 9.029389
2026-05-16 22:18:21 [INFO] Epoch: 46 [25600/50000 (51%)]	 Training Loss: 0.507 ACC: 68.96 CR: 0.44 Avg R1: 4.61 Avg R2: 4.43 Avg Reward: 9.035633
2026-05-16 22:18:34 [INFO] Epoch: 46 [38400/50000 (77%)]	 Training Loss: 0.511 ACC: 68.72 CR: 0.44 Avg R1: 4.62 Avg R2: 4.42 Avg Reward: 9.038201
2026-05-16 22:18:45 [INFO] EPOCH:46, ======================CR:0.44078====================
2026-05-16 22:18:45 [INFO] 0.009295614008263281
2026-05-16 22:18:47 [INFO] EPOCH:46, ======================ACC:61.31====================
2026-05-16 22:18:47 [INFO] BEST EPOCH:44,BEST ACC:62.49
2026-05-16 22:18:59 [INFO] Epoch: 47 [12800/50000 (26%)]	 Training Loss: 0.490 ACC: 69.63 CR: 0.44 Avg R1: 4.65 Avg R2: 4.39 Avg Reward: 9.045310
2026-05-16 22:19:11 [INFO] Epoch: 47 [25600/50000 (51%)]	 Training Loss: 0.499 ACC: 69.12 CR: 0.44 Avg R1: 4.65 Avg R2: 4.40 Avg Reward: 9.044085
2026-05-16 22:19:23 [INFO] Epoch: 47 [38400/50000 (77%)]	 Training Loss: 0.510 ACC: 68.67 CR: 0.45 Avg R1: 4.64 Avg R2: 4.40 Avg Reward: 9.042418
2026-05-16 22:19:35 [INFO] EPOCH:47, ======================CR:0.4501====================
2026-05-16 22:19:35 [INFO] -0.00815839887765994
2026-05-16 22:19:37 [INFO] EPOCH:47, ======================ACC:62.25====================
2026-05-16 22:19:37 [INFO] BEST EPOCH:44,BEST ACC:62.49
2026-05-16 22:19:48 [INFO] Epoch: 48 [12800/50000 (26%)]	 Training Loss: 0.505 ACC: 69.03 CR: 0.45 Avg R1: 4.57 Avg R2: 4.45 Avg Reward: 9.022602
2026-05-16 22:19:59 [INFO] Epoch: 48 [25600/50000 (51%)]	 Training Loss: 0.510 ACC: 68.57 CR: 0.45 Avg R1: 4.57 Avg R2: 4.45 Avg Reward: 9.023995
2026-05-16 22:20:12 [INFO] Epoch: 48 [38400/50000 (77%)]	 Training Loss: 0.509 ACC: 68.56 CR: 0.45 Avg R1: 4.58 Avg R2: 4.45 Avg Reward: 9.025147
2026-05-16 22:20:23 [INFO] EPOCH:48, ======================CR:0.4385====================
2026-05-16 22:20:23 [INFO] 0.00027966041726356917
2026-05-16 22:20:25 [INFO] EPOCH:48, ======================ACC:58.4====================
2026-05-16 22:20:25 [INFO] BEST EPOCH:44,BEST ACC:62.49
2026-05-16 22:20:38 [INFO] Epoch: 49 [12800/50000 (26%)]	 Training Loss: 0.470 ACC: 69.51 CR: 0.43 Avg R1: 4.73 Avg R2: 4.34 Avg Reward: 9.063807
2026-05-16 22:20:50 [INFO] Epoch: 49 [25600/50000 (51%)]	 Training Loss: 0.467 ACC: 69.52 CR: 0.43 Avg R1: 4.74 Avg R2: 4.33 Avg Reward: 9.068778
2026-05-16 22:21:02 [INFO] Epoch: 49 [38400/50000 (77%)]	 Training Loss: 0.468 ACC: 69.50 CR: 0.42 Avg R1: 4.77 Avg R2: 4.31 Avg Reward: 9.076764
2026-05-16 22:21:13 [INFO] EPOCH:49, ======================CR:0.40266====================
2026-05-16 22:21:13 [INFO] -0.008887131801407952
2026-05-16 22:21:15 [INFO] EPOCH:49, ======================ACC:61.86====================
2026-05-16 22:21:15 [INFO] BEST EPOCH:44,BEST ACC:62.49
2026-05-16 22:21:15 [INFO] Saving Masks: current CR 0.4027 target CR 0.4000
2026-05-16 22:21:15 [INFO] Updated candidate mask pretrained-rescale_mask_best-acc_40_05162140_resnet18 at epoch 49 with acc 61.8600
2026-05-16 22:21:15 [INFO] Updated candidate mask pretrained-rescale_mask_best-r2_40_05162140_resnet18 at epoch 49 with acc 61.8600
2026-05-16 22:21:27 [INFO] Epoch: 50 [12800/50000 (26%)]	 Training Loss: 0.450 ACC: 69.30 CR: 0.39 Avg R1: 4.97 Avg R2: 4.13 Avg Reward: 9.101111
2026-05-16 22:21:38 [INFO] Epoch: 50 [25600/50000 (51%)]	 Training Loss: 0.449 ACC: 69.47 CR: 0.38 Avg R1: 4.92 Avg R2: 4.10 Avg Reward: 9.025171
2026-05-16 22:21:51 [INFO] Epoch: 50 [38400/50000 (77%)]	 Training Loss: 0.449 ACC: 69.23 CR: 0.37 Avg R1: 4.86 Avg R2: 4.07 Avg Reward: 8.929237
2026-05-16 22:22:03 [INFO] EPOCH:50, ======================CR:0.36006====================
2026-05-16 22:22:03 [INFO] -0.00730059174591151
2026-05-16 22:22:05 [INFO] EPOCH:50, ======================ACC:62.08====================
2026-05-16 22:22:05 [INFO] BEST EPOCH:49,BEST ACC:62.49
2026-05-16 22:22:18 [INFO] Epoch: 51 [12800/50000 (26%)]	 Training Loss: 0.461 ACC: 70.35 CR: 0.37 Avg R1: 4.57 Avg R2: 3.91 Avg Reward: 8.480355
2026-05-16 22:22:29 [INFO] Epoch: 51 [25600/50000 (51%)]	 Training Loss: 0.469 ACC: 70.36 CR: 0.40 Avg R1: 4.69 Avg R2: 3.96 Avg Reward: 8.654132
2026-05-16 22:22:42 [INFO] Epoch: 51 [38400/50000 (77%)]	 Training Loss: 0.483 ACC: 69.70 CR: 0.41 Avg R1: 4.77 Avg R2: 4.02 Avg Reward: 8.797467
2026-05-16 22:22:55 [INFO] EPOCH:51, ======================CR:0.42628====================
2026-05-16 22:22:55 [INFO] -0.009326020241419316
2026-05-16 22:22:57 [INFO] EPOCH:51, ======================ACC:62.28====================
2026-05-16 22:22:57 [INFO] BEST EPOCH:49,BEST ACC:62.49
2026-05-16 22:23:10 [INFO] Epoch: 52 [12800/50000 (26%)]	 Training Loss: 0.463 ACC: 70.08 CR: 0.42 Avg R1: 4.80 Avg R2: 4.27 Avg Reward: 9.070101
2026-05-16 22:23:23 [INFO] Epoch: 52 [25600/50000 (51%)]	 Training Loss: 0.469 ACC: 69.79 CR: 0.41 Avg R1: 4.83 Avg R2: 4.25 Avg Reward: 9.083362
2026-05-16 22:23:35 [INFO] Epoch: 52 [38400/50000 (77%)]	 Training Loss: 0.472 ACC: 69.29 CR: 0.41 Avg R1: 4.86 Avg R2: 4.24 Avg Reward: 9.094848
2026-05-16 22:23:47 [INFO] EPOCH:52, ======================CR:0.39096====================
2026-05-16 22:23:47 [INFO] -0.013821846117743085
2026-05-16 22:23:49 [INFO] EPOCH:52, ======================ACC:63.76====================
2026-05-16 22:23:49 [INFO] BEST EPOCH:52,BEST ACC:63.76
2026-05-16 22:23:49 [INFO] Saving Masks: current CR 0.3910 target CR 0.4000
2026-05-16 22:23:49 [INFO] Updated candidate mask pretrained-rescale_mask_best-acc_40_05162140_resnet18 at epoch 52 with acc 63.7600
2026-05-16 22:24:02 [INFO] Epoch: 53 [12800/50000 (26%)]	 Training Loss: 0.445 ACC: 70.90 CR: 0.39 Avg R1: 4.89 Avg R2: 4.09 Avg Reward: 8.983473
2026-05-16 22:24:14 [INFO] Epoch: 53 [25600/50000 (51%)]	 Training Loss: 0.452 ACC: 70.30 CR: 0.39 Avg R1: 4.90 Avg R2: 4.10 Avg Reward: 8.996770
2026-05-16 22:24:27 [INFO] Epoch: 53 [38400/50000 (77%)]	 Training Loss: 0.457 ACC: 69.98 CR: 0.40 Avg R1: 4.91 Avg R2: 4.10 Avg Reward: 9.010834
2026-05-16 22:24:39 [INFO] EPOCH:53, ======================CR:0.40204====================
2026-05-16 22:24:39 [INFO] -0.008555351289559239
2026-05-16 22:24:41 [INFO] EPOCH:53, ======================ACC:62.39====================
2026-05-16 22:24:41 [INFO] BEST EPOCH:52,BEST ACC:63.76
2026-05-16 22:24:41 [INFO] Saving Masks: current CR 0.4020 target CR 0.4000
2026-05-16 22:24:54 [INFO] Epoch: 54 [12800/50000 (26%)]	 Training Loss: 0.461 ACC: 69.96 CR: 0.41 Avg R1: 4.97 Avg R2: 4.17 Avg Reward: 9.136294
2026-05-16 22:25:07 [INFO] Epoch: 54 [25600/50000 (51%)]	 Training Loss: 0.467 ACC: 69.87 CR: 0.41 Avg R1: 4.95 Avg R2: 4.18 Avg Reward: 9.132531
2026-05-16 22:25:20 [INFO] Epoch: 54 [38400/50000 (77%)]	 Training Loss: 0.472 ACC: 69.63 CR: 0.41 Avg R1: 4.94 Avg R2: 4.19 Avg Reward: 9.129046
2026-05-16 22:25:31 [INFO] EPOCH:54, ======================CR:0.41134====================
2026-05-16 22:25:31 [INFO] -0.013008337437202191
2026-05-16 22:25:33 [INFO] EPOCH:54, ======================ACC:60.77====================
2026-05-16 22:25:33 [INFO] BEST EPOCH:52,BEST ACC:63.76
2026-05-16 22:25:47 [INFO] Epoch: 55 [12800/50000 (26%)]	 Training Loss: 0.447 ACC: 71.01 CR: 0.41 Avg R1: 4.91 Avg R2: 4.21 Avg Reward: 9.114628
2026-05-16 22:25:59 [INFO] Epoch: 55 [25600/50000 (51%)]	 Training Loss: 0.455 ACC: 70.49 CR: 0.41 Avg R1: 4.91 Avg R2: 4.20 Avg Reward: 9.116320
2026-05-16 22:26:12 [INFO] Epoch: 55 [38400/50000 (77%)]	 Training Loss: 0.464 ACC: 69.96 CR: 0.41 Avg R1: 4.92 Avg R2: 4.20 Avg Reward: 9.118682
2026-05-16 22:26:23 [INFO] EPOCH:55, ======================CR:0.4069====================
2026-05-16 22:26:23 [INFO] -0.0058431237828824815
2026-05-16 22:26:25 [INFO] EPOCH:55, ======================ACC:61.38====================
2026-05-16 22:26:25 [INFO] BEST EPOCH:52,BEST ACC:63.76
2026-05-16 22:26:25 [INFO] Saving Masks: current CR 0.4069 target CR 0.4000
2026-05-16 22:26:37 [INFO] Epoch: 56 [12800/50000 (26%)]	 Training Loss: 0.449 ACC: 70.84 CR: 0.41 Avg R1: 4.95 Avg R2: 4.19 Avg Reward: 9.137491
2026-05-16 22:26:49 [INFO] Epoch: 56 [25600/50000 (51%)]	 Training Loss: 0.444 ACC: 70.76 CR: 0.40 Avg R1: 4.96 Avg R2: 4.18 Avg Reward: 9.143289
2026-05-16 22:27:02 [INFO] Epoch: 56 [38400/50000 (77%)]	 Training Loss: 0.444 ACC: 70.19 CR: 0.39 Avg R1: 4.95 Avg R2: 4.16 Avg Reward: 9.110261
2026-05-16 22:27:13 [INFO] EPOCH:56, ======================CR:0.37406====================
2026-05-16 22:27:13 [INFO] -0.012656237441884911
2026-05-16 22:27:15 [INFO] EPOCH:56, ======================ACC:62.17====================
2026-05-16 22:27:15 [INFO] BEST EPOCH:52,BEST ACC:63.76
2026-05-16 22:27:28 [INFO] Epoch: 57 [12800/50000 (26%)]	 Training Loss: 0.442 ACC: 70.63 CR: 0.38 Avg R1: 4.70 Avg R2: 4.02 Avg Reward: 8.714116
2026-05-16 22:27:41 [INFO] Epoch: 57 [25600/50000 (51%)]	 Training Loss: 0.457 ACC: 70.22 CR: 0.39 Avg R1: 4.75 Avg R2: 4.04 Avg Reward: 8.789120
2026-05-16 22:27:53 [INFO] Epoch: 57 [38400/50000 (77%)]	 Training Loss: 0.469 ACC: 69.82 CR: 0.40 Avg R1: 4.81 Avg R2: 4.07 Avg Reward: 8.880233
2026-05-16 22:28:05 [INFO] EPOCH:57, ======================CR:0.4127====================
2026-05-16 22:28:05 [INFO] -0.006289978046315158
2026-05-16 22:28:07 [INFO] EPOCH:57, ======================ACC:63.32====================
2026-05-16 22:28:07 [INFO] BEST EPOCH:52,BEST ACC:63.76
2026-05-16 22:28:21 [INFO] Epoch: 58 [12800/50000 (26%)]	 Training Loss: 0.458 ACC: 71.03 CR: 0.41 Avg R1: 4.89 Avg R2: 4.24 Avg Reward: 9.124536
2026-05-16 22:28:33 [INFO] Epoch: 58 [25600/50000 (51%)]	 Training Loss: 0.463 ACC: 70.80 CR: 0.42 Avg R1: 4.88 Avg R2: 4.24 Avg Reward: 9.125783
2026-05-16 22:28:46 [INFO] Epoch: 58 [38400/50000 (77%)]	 Training Loss: 0.470 ACC: 70.52 CR: 0.42 Avg R1: 4.88 Avg R2: 4.25 Avg Reward: 9.125990
2026-05-16 22:28:56 [INFO] EPOCH:58, ======================CR:0.41768====================
2026-05-16 22:28:56 [INFO] -0.003033235629981439
2026-05-16 22:28:58 [INFO] EPOCH:58, ======================ACC:61.7====================
2026-05-16 22:28:58 [INFO] BEST EPOCH:52,BEST ACC:63.76
2026-05-16 22:29:11 [INFO] Epoch: 59 [12800/50000 (26%)]	 Training Loss: 0.438 ACC: 71.58 CR: 0.42 Avg R1: 4.85 Avg R2: 4.27 Avg Reward: 9.114741
2026-05-16 22:29:26 [INFO] Epoch: 59 [25600/50000 (51%)]	 Training Loss: 0.445 ACC: 71.45 CR: 0.42 Avg R1: 4.85 Avg R2: 4.26 Avg Reward: 9.112668
2026-05-16 22:29:39 [INFO] Epoch: 59 [38400/50000 (77%)]	 Training Loss: 0.458 ACC: 70.66 CR: 0.42 Avg R1: 4.85 Avg R2: 4.26 Avg Reward: 9.111586
2026-05-16 22:29:50 [INFO] EPOCH:59, ======================CR:0.4237====================
2026-05-16 22:29:50 [INFO] -0.006510961567090815
2026-05-16 22:29:52 [INFO] EPOCH:59, ======================ACC:61.46====================
2026-05-16 22:29:52 [INFO] BEST EPOCH:52,BEST ACC:63.76
2026-05-16 22:30:05 [INFO] Epoch: 60 [12800/50000 (26%)]	 Training Loss: 0.466 ACC: 70.40 CR: 0.42 Avg R1: 4.81 Avg R2: 4.29 Avg Reward: 9.106111
2026-05-16 22:30:19 [INFO] Epoch: 60 [25600/50000 (51%)]	 Training Loss: 0.456 ACC: 70.80 CR: 0.42 Avg R1: 4.83 Avg R2: 4.28 Avg Reward: 9.110722
2026-05-16 22:30:31 [INFO] Epoch: 60 [38400/50000 (77%)]	 Training Loss: 0.458 ACC: 70.54 CR: 0.42 Avg R1: 4.84 Avg R2: 4.27 Avg Reward: 9.114675
2026-05-16 22:30:43 [INFO] EPOCH:60, ======================CR:0.414====================
2026-05-16 22:30:43 [INFO] -0.007462181847931139
2026-05-16 22:30:45 [INFO] EPOCH:60, ======================ACC:59.52====================
2026-05-16 22:30:45 [INFO] BEST EPOCH:52,BEST ACC:63.76
2026-05-16 22:30:58 [INFO] Epoch: 61 [12800/50000 (26%)]	 Training Loss: 0.457 ACC: 71.13 CR: 0.42 Avg R1: 4.86 Avg R2: 4.25 Avg Reward: 9.118913
2026-05-16 22:31:10 [INFO] Epoch: 61 [25600/50000 (51%)]	 Training Loss: 0.459 ACC: 71.19 CR: 0.42 Avg R1: 4.86 Avg R2: 4.26 Avg Reward: 9.119543
2026-05-16 22:31:23 [INFO] Epoch: 61 [38400/50000 (77%)]	 Training Loss: 0.458 ACC: 70.99 CR: 0.42 Avg R1: 4.85 Avg R2: 4.27 Avg Reward: 9.121162
2026-05-16 22:31:36 [INFO] EPOCH:61, ======================CR:0.41148====================
2026-05-16 22:31:36 [INFO] -0.001782898745447913
2026-05-16 22:31:38 [INFO] EPOCH:61, ======================ACC:62.5====================
2026-05-16 22:31:38 [INFO] BEST EPOCH:52,BEST ACC:63.76
2026-05-16 22:31:51 [INFO] Epoch: 62 [12800/50000 (26%)]	 Training Loss: 0.416 ACC: 72.05 CR: 0.41 Avg R1: 4.93 Avg R2: 4.23 Avg Reward: 9.158426
2026-05-16 22:32:03 [INFO] Epoch: 62 [25600/50000 (51%)]	 Training Loss: 0.418 ACC: 71.89 CR: 0.40 Avg R1: 4.96 Avg R2: 4.21 Avg Reward: 9.164210
2026-05-16 22:32:17 [INFO] Epoch: 62 [38400/50000 (77%)]	 Training Loss: 0.428 ACC: 71.40 CR: 0.39 Avg R1: 4.95 Avg R2: 4.19 Avg Reward: 9.134655
2026-05-16 22:32:28 [INFO] EPOCH:62, ======================CR:0.39588====================
2026-05-16 22:32:28 [INFO] -0.009601354469875227
2026-05-16 22:32:30 [INFO] EPOCH:62, ======================ACC:63.33====================
2026-05-16 22:32:30 [INFO] BEST EPOCH:52,BEST ACC:63.76
2026-05-16 22:32:30 [INFO] Saving Masks: current CR 0.3959 target CR 0.4000
2026-05-16 22:32:44 [INFO] Epoch: 63 [12800/50000 (26%)]	 Training Loss: 0.461 ACC: 70.82 CR: 0.41 Avg R1: 4.97 Avg R2: 4.16 Avg Reward: 9.138964
2026-05-16 22:32:57 [INFO] Epoch: 63 [25600/50000 (51%)]	 Training Loss: 0.453 ACC: 71.30 CR: 0.41 Avg R1: 4.95 Avg R2: 4.19 Avg Reward: 9.136021
2026-05-16 22:33:10 [INFO] Epoch: 63 [38400/50000 (77%)]	 Training Loss: 0.457 ACC: 71.10 CR: 0.42 Avg R1: 4.91 Avg R2: 4.21 Avg Reward: 9.126821
2026-05-16 22:33:20 [INFO] EPOCH:63, ======================CR:0.43056====================
2026-05-16 22:33:20 [INFO] -0.00444868660117948
2026-05-16 22:33:22 [INFO] EPOCH:63, ======================ACC:58.34====================
2026-05-16 22:33:22 [INFO] BEST EPOCH:52,BEST ACC:63.76
2026-05-16 22:33:33 [INFO] Epoch: 64 [12800/50000 (26%)]	 Training Loss: 0.468 ACC: 70.63 CR: 0.43 Avg R1: 4.74 Avg R2: 4.37 Avg Reward: 9.107479
2026-05-16 22:33:44 [INFO] Epoch: 64 [25600/50000 (51%)]	 Training Loss: 0.473 ACC: 70.75 CR: 0.44 Avg R1: 4.71 Avg R2: 4.39 Avg Reward: 9.098738
2026-05-16 22:33:56 [INFO] Epoch: 64 [38400/50000 (77%)]	 Training Loss: 0.475 ACC: 70.49 CR: 0.45 Avg R1: 4.67 Avg R2: 4.41 Avg Reward: 9.086429
2026-05-16 22:34:08 [INFO] EPOCH:64, ======================CR:0.45398====================
2026-05-16 22:34:08 [INFO] -0.0007947714214941755
2026-05-16 22:34:10 [INFO] EPOCH:64, ======================ACC:61.06====================
2026-05-16 22:34:10 [INFO] BEST EPOCH:52,BEST ACC:63.76
2026-05-16 22:34:22 [INFO] Epoch: 65 [12800/50000 (26%)]	 Training Loss: 0.457 ACC: 71.82 CR: 0.45 Avg R1: 4.57 Avg R2: 4.49 Avg Reward: 9.056488
2026-05-16 22:34:34 [INFO] Epoch: 65 [25600/50000 (51%)]	 Training Loss: 0.462 ACC: 71.68 CR: 0.45 Avg R1: 4.57 Avg R2: 4.49 Avg Reward: 9.059279
2026-05-16 22:34:46 [INFO] Epoch: 65 [38400/50000 (77%)]	 Training Loss: 0.463 ACC: 71.61 CR: 0.45 Avg R1: 4.57 Avg R2: 4.49 Avg Reward: 9.061868
2026-05-16 22:34:57 [INFO] EPOCH:65, ======================CR:0.45358====================
2026-05-16 22:34:57 [INFO] -0.0027415000525108837
2026-05-16 22:34:59 [INFO] EPOCH:65, ======================ACC:60.2====================
2026-05-16 22:34:59 [INFO] BEST EPOCH:52,BEST ACC:63.76
2026-05-16 22:35:11 [INFO] Epoch: 66 [12800/50000 (26%)]	 Training Loss: 0.454 ACC: 72.44 CR: 0.45 Avg R1: 4.56 Avg R2: 4.50 Avg Reward: 9.055116
2026-05-16 22:35:23 [INFO] Epoch: 66 [25600/50000 (51%)]	 Training Loss: 0.460 ACC: 72.13 CR: 0.45 Avg R1: 4.55 Avg R2: 4.50 Avg Reward: 9.054074
2026-05-16 22:35:35 [INFO] Epoch: 66 [38400/50000 (77%)]	 Training Loss: 0.462 ACC: 71.88 CR: 0.45 Avg R1: 4.55 Avg R2: 4.50 Avg Reward: 9.053391
2026-05-16 22:35:48 [INFO] EPOCH:66, ======================CR:0.44884====================
2026-05-16 22:35:48 [INFO] -0.00015483413223294678
2026-05-16 22:35:49 [INFO] EPOCH:66, ======================ACC:63.37====================
2026-05-16 22:35:49 [INFO] BEST EPOCH:52,BEST ACC:63.76
2026-05-16 22:36:03 [INFO] Epoch: 67 [12800/50000 (26%)]	 Training Loss: 0.438 ACC: 72.34 CR: 0.45 Avg R1: 4.60 Avg R2: 4.47 Avg Reward: 9.068732
2026-05-16 22:36:16 [INFO] Epoch: 67 [25600/50000 (51%)]	 Training Loss: 0.432 ACC: 72.72 CR: 0.44 Avg R1: 4.61 Avg R2: 4.46 Avg Reward: 9.070597
2026-05-16 22:36:27 [INFO] Epoch: 67 [38400/50000 (77%)]	 Training Loss: 0.439 ACC: 72.61 CR: 0.45 Avg R1: 4.62 Avg R2: 4.45 Avg Reward: 9.070296
2026-05-16 22:36:39 [INFO] EPOCH:67, ======================CR:0.44736====================
2026-05-16 22:36:39 [INFO] -0.002904432889944531
2026-05-16 22:36:40 [INFO] EPOCH:67, ======================ACC:64.81====================
2026-05-16 22:36:40 [INFO] BEST EPOCH:67,BEST ACC:64.81
2026-05-16 22:36:52 [INFO] Epoch: 68 [12800/50000 (26%)]	 Training Loss: 0.443 ACC: 72.61 CR: 0.45 Avg R1: 4.60 Avg R2: 4.46 Avg Reward: 9.060662
2026-05-16 22:37:06 [INFO] Epoch: 68 [25600/50000 (51%)]	 Training Loss: 0.445 ACC: 72.77 CR: 0.45 Avg R1: 4.58 Avg R2: 4.48 Avg Reward: 9.057179
2026-05-16 22:37:16 [INFO] Epoch: 68 [38400/50000 (77%)]	 Training Loss: 0.457 ACC: 72.24 CR: 0.46 Avg R1: 4.56 Avg R2: 4.49 Avg Reward: 9.054623
2026-05-16 22:37:29 [INFO] EPOCH:68, ======================CR:0.46396====================
2026-05-16 22:37:29 [INFO] -0.005657196273120438
2026-05-16 22:37:31 [INFO] EPOCH:68, ======================ACC:62.32====================
2026-05-16 22:37:31 [INFO] BEST EPOCH:67,BEST ACC:64.81
2026-05-16 22:37:43 [INFO] Epoch: 69 [12800/50000 (26%)]	 Training Loss: 0.465 ACC: 72.40 CR: 0.47 Avg R1: 4.45 Avg R2: 4.59 Avg Reward: 9.046226
2026-05-16 22:37:56 [INFO] Epoch: 69 [25600/50000 (51%)]	 Training Loss: 0.463 ACC: 72.56 CR: 0.47 Avg R1: 4.44 Avg R2: 4.60 Avg Reward: 9.043454
2026-05-16 22:38:09 [INFO] Epoch: 69 [38400/50000 (77%)]	 Training Loss: 0.470 ACC: 72.16 CR: 0.48 Avg R1: 4.42 Avg R2: 4.61 Avg Reward: 9.037193
2026-05-16 22:38:19 [INFO] EPOCH:69, ======================CR:0.482====================
2026-05-16 22:38:19 [INFO] 0.004242420966372878
2026-05-16 22:38:21 [INFO] EPOCH:69, ======================ACC:61.4====================
2026-05-16 22:38:21 [INFO] BEST EPOCH:67,BEST ACC:64.81
2026-05-16 22:38:34 [INFO] Epoch: 70 [12800/50000 (26%)]	 Training Loss: 0.455 ACC: 72.76 CR: 0.48 Avg R1: 4.33 Avg R2: 4.68 Avg Reward: 9.011980
2026-05-16 22:38:47 [INFO] Epoch: 70 [25600/50000 (51%)]	 Training Loss: 0.459 ACC: 72.56 CR: 0.48 Avg R1: 4.33 Avg R2: 4.68 Avg Reward: 9.007794
2026-05-16 22:38:59 [INFO] Epoch: 70 [38400/50000 (77%)]	 Training Loss: 0.464 ACC: 72.36 CR: 0.48 Avg R1: 4.33 Avg R2: 4.68 Avg Reward: 9.005190
2026-05-16 22:39:11 [INFO] EPOCH:70, ======================CR:0.4781====================
2026-05-16 22:39:11 [INFO] 0.006649684067402756
2026-05-16 22:39:13 [INFO] EPOCH:70, ======================ACC:61.78====================
2026-05-16 22:39:13 [INFO] BEST EPOCH:67,BEST ACC:64.81
2026-05-16 22:39:28 [INFO] Epoch: 71 [12800/50000 (26%)]	 Training Loss: 0.456 ACC: 73.02 CR: 0.48 Avg R1: 4.34 Avg R2: 4.67 Avg Reward: 9.009065
2026-05-16 22:39:42 [INFO] Epoch: 71 [25600/50000 (51%)]	 Training Loss: 0.459 ACC: 72.92 CR: 0.49 Avg R1: 4.32 Avg R2: 4.68 Avg Reward: 8.998620
2026-05-16 22:39:54 [INFO] Epoch: 71 [38400/50000 (77%)]	 Training Loss: 0.466 ACC: 72.57 CR: 0.49 Avg R1: 4.30 Avg R2: 4.69 Avg Reward: 8.992269
2026-05-16 22:40:06 [INFO] EPOCH:71, ======================CR:0.4919====================
2026-05-16 22:40:06 [INFO] -0.005386149386043279
2026-05-16 22:40:08 [INFO] EPOCH:71, ======================ACC:60.25====================
2026-05-16 22:40:08 [INFO] BEST EPOCH:67,BEST ACC:64.81
2026-05-16 22:40:20 [INFO] Epoch: 72 [12800/50000 (26%)]	 Training Loss: 0.453 ACC: 73.22 CR: 0.49 Avg R1: 4.24 Avg R2: 4.74 Avg Reward: 8.982656
2026-05-16 22:40:31 [INFO] Epoch: 72 [25600/50000 (51%)]	 Training Loss: 0.457 ACC: 73.23 CR: 0.49 Avg R1: 4.25 Avg R2: 4.74 Avg Reward: 8.983744
2026-05-16 22:40:44 [INFO] Epoch: 72 [38400/50000 (77%)]	 Training Loss: 0.465 ACC: 72.68 CR: 0.49 Avg R1: 4.25 Avg R2: 4.74 Avg Reward: 8.988303
2026-05-16 22:40:57 [INFO] EPOCH:72, ======================CR:0.48298====================
2026-05-16 22:40:57 [INFO] 0.005381078920615778
2026-05-16 22:40:59 [INFO] EPOCH:72, ======================ACC:63.47====================
2026-05-16 22:40:59 [INFO] BEST EPOCH:67,BEST ACC:64.81
2026-05-16 22:41:12 [INFO] Epoch: 73 [12800/50000 (26%)]	 Training Loss: 0.450 ACC: 72.78 CR: 0.48 Avg R1: 4.31 Avg R2: 4.71 Avg Reward: 9.019537
2026-05-16 22:41:24 [INFO] Epoch: 73 [25600/50000 (51%)]	 Training Loss: 0.445 ACC: 73.24 CR: 0.48 Avg R1: 4.30 Avg R2: 4.71 Avg Reward: 9.011618
2026-05-16 22:41:37 [INFO] Epoch: 73 [38400/50000 (77%)]	 Training Loss: 0.445 ACC: 73.27 CR: 0.48 Avg R1: 4.30 Avg R2: 4.71 Avg Reward: 9.009220
2026-05-16 22:41:49 [INFO] EPOCH:73, ======================CR:0.48126====================
2026-05-16 22:41:49 [INFO] 0.007543993902496938
2026-05-16 22:41:51 [INFO] EPOCH:73, ======================ACC:65.61====================
2026-05-16 22:41:51 [INFO] BEST EPOCH:73,BEST ACC:65.61
2026-05-16 22:42:04 [INFO] Epoch: 74 [12800/50000 (26%)]	 Training Loss: 0.420 ACC: 74.55 CR: 0.48 Avg R1: 4.31 Avg R2: 4.68 Avg Reward: 8.983450
2026-05-16 22:42:17 [INFO] Epoch: 74 [25600/50000 (51%)]	 Training Loss: 0.422 ACC: 74.29 CR: 0.48 Avg R1: 4.32 Avg R2: 4.67 Avg Reward: 8.989172
2026-05-16 22:42:30 [INFO] Epoch: 74 [38400/50000 (77%)]	 Training Loss: 0.431 ACC: 73.90 CR: 0.47 Avg R1: 4.33 Avg R2: 4.67 Avg Reward: 9.001001
2026-05-16 22:42:42 [INFO] EPOCH:74, ======================CR:0.4671====================
2026-05-16 22:42:42 [INFO] 0.006973544390116391
2026-05-16 22:42:44 [INFO] EPOCH:74, ======================ACC:61.07====================
2026-05-16 22:42:44 [INFO] BEST EPOCH:73,BEST ACC:65.61
2026-05-16 22:42:56 [INFO] Epoch: 75 [12800/50000 (26%)]	 Training Loss: 0.415 ACC: 75.04 CR: 0.47 Avg R1: 4.43 Avg R2: 4.62 Avg Reward: 9.056118
2026-05-16 22:43:07 [INFO] Epoch: 75 [25600/50000 (51%)]	 Training Loss: 0.421 ACC: 74.61 CR: 0.47 Avg R1: 4.42 Avg R2: 4.63 Avg Reward: 9.049268
2026-05-16 22:43:21 [INFO] Epoch: 75 [38400/50000 (77%)]	 Training Loss: 0.430 ACC: 74.20 CR: 0.48 Avg R1: 4.40 Avg R2: 4.64 Avg Reward: 9.039978
2026-05-16 22:43:32 [INFO] EPOCH:75, ======================CR:0.4788====================
2026-05-16 22:43:32 [INFO] 0.01175638095434286
2026-05-16 22:43:34 [INFO] EPOCH:75, ======================ACC:63.78====================
2026-05-16 22:43:34 [INFO] BEST EPOCH:73,BEST ACC:65.61
2026-05-16 22:43:47 [INFO] Epoch: 76 [12800/50000 (26%)]	 Training Loss: 0.423 ACC: 74.44 CR: 0.48 Avg R1: 4.36 Avg R2: 4.66 Avg Reward: 9.018529
2026-05-16 22:43:59 [INFO] Epoch: 76 [25600/50000 (51%)]	 Training Loss: 0.417 ACC: 74.79 CR: 0.48 Avg R1: 4.35 Avg R2: 4.66 Avg Reward: 9.017685
2026-05-16 22:44:12 [INFO] Epoch: 76 [38400/50000 (77%)]	 Training Loss: 0.423 ACC: 74.47 CR: 0.48 Avg R1: 4.35 Avg R2: 4.66 Avg Reward: 9.018900
2026-05-16 22:44:24 [INFO] EPOCH:76, ======================CR:0.47254====================
2026-05-16 22:44:24 [INFO] -0.00033886103282976276
2026-05-16 22:44:26 [INFO] EPOCH:76, ======================ACC:63.96====================
2026-05-16 22:44:26 [INFO] BEST EPOCH:73,BEST ACC:65.61
2026-05-16 22:44:39 [INFO] Epoch: 77 [12800/50000 (26%)]	 Training Loss: 0.425 ACC: 74.42 CR: 0.47 Avg R1: 4.40 Avg R2: 4.63 Avg Reward: 9.033469
2026-05-16 22:44:51 [INFO] Epoch: 77 [25600/50000 (51%)]	 Training Loss: 0.421 ACC: 74.67 CR: 0.47 Avg R1: 4.41 Avg R2: 4.63 Avg Reward: 9.039089
2026-05-16 22:45:04 [INFO] Epoch: 77 [38400/50000 (77%)]	 Training Loss: 0.429 ACC: 74.22 CR: 0.47 Avg R1: 4.42 Avg R2: 4.63 Avg Reward: 9.043747
2026-05-16 22:45:15 [INFO] EPOCH:77, ======================CR:0.4708====================
2026-05-16 22:45:15 [INFO] 0.003931212703527546
2026-05-16 22:45:17 [INFO] EPOCH:77, ======================ACC:63.54====================
2026-05-16 22:45:17 [INFO] BEST EPOCH:73,BEST ACC:65.61
2026-05-16 22:45:29 [INFO] Epoch: 78 [12800/50000 (26%)]	 Training Loss: 0.418 ACC: 75.43 CR: 0.47 Avg R1: 4.40 Avg R2: 4.63 Avg Reward: 9.029715
2026-05-16 22:45:42 [INFO] Epoch: 78 [25600/50000 (51%)]	 Training Loss: 0.419 ACC: 75.23 CR: 0.48 Avg R1: 4.38 Avg R2: 4.64 Avg Reward: 9.023613
2026-05-16 22:45:56 [INFO] Epoch: 78 [38400/50000 (77%)]	 Training Loss: 0.427 ACC: 74.68 CR: 0.48 Avg R1: 4.37 Avg R2: 4.65 Avg Reward: 9.019419
2026-05-16 22:46:07 [INFO] EPOCH:78, ======================CR:0.48344====================
2026-05-16 22:46:07 [INFO] 0.006815034484162432
2026-05-16 22:46:09 [INFO] EPOCH:78, ======================ACC:64.1====================
2026-05-16 22:46:09 [INFO] BEST EPOCH:73,BEST ACC:65.61
2026-05-16 22:46:23 [INFO] Epoch: 79 [12800/50000 (26%)]	 Training Loss: 0.398 ACC: 75.95 CR: 0.48 Avg R1: 4.31 Avg R2: 4.70 Avg Reward: 9.014142
2026-05-16 22:46:37 [INFO] Epoch: 79 [25600/50000 (51%)]	 Training Loss: 0.413 ACC: 75.32 CR: 0.48 Avg R1: 4.31 Avg R2: 4.70 Avg Reward: 9.011475
2026-05-16 22:46:50 [INFO] Epoch: 79 [38400/50000 (77%)]	 Training Loss: 0.424 ACC: 74.76 CR: 0.48 Avg R1: 4.31 Avg R2: 4.70 Avg Reward: 9.011355
2026-05-16 22:47:01 [INFO] EPOCH:79, ======================CR:0.48014====================
2026-05-16 22:47:01 [INFO] 0.0033974292033456493
2026-05-16 22:47:03 [INFO] EPOCH:79, ======================ACC:64.42====================
2026-05-16 22:47:03 [INFO] BEST EPOCH:73,BEST ACC:65.61
2026-05-16 22:47:17 [INFO] Epoch: 80 [12800/50000 (26%)]	 Training Loss: 0.405 ACC: 75.80 CR: 0.48 Avg R1: 4.33 Avg R2: 4.71 Avg Reward: 9.038512
2026-05-16 22:47:31 [INFO] Epoch: 80 [25600/50000 (51%)]	 Training Loss: 0.412 ACC: 75.56 CR: 0.48 Avg R1: 4.32 Avg R2: 4.72 Avg Reward: 9.035081
2026-05-16 22:47:44 [INFO] Epoch: 80 [38400/50000 (77%)]	 Training Loss: 0.421 ACC: 75.02 CR: 0.49 Avg R1: 4.31 Avg R2: 4.72 Avg Reward: 9.031219
2026-05-16 22:47:57 [INFO] EPOCH:80, ======================CR:0.48796====================
2026-05-16 22:47:57 [INFO] -0.0007543411397991012
2026-05-16 22:47:59 [INFO] EPOCH:80, ======================ACC:65.42====================
2026-05-16 22:47:59 [INFO] BEST EPOCH:73,BEST ACC:65.61
2026-05-16 22:48:12 [INFO] Epoch: 81 [12800/50000 (26%)]	 Training Loss: 0.392 ACC: 76.78 CR: 0.49 Avg R1: 4.27 Avg R2: 4.74 Avg Reward: 9.012024
2026-05-16 22:48:25 [INFO] Epoch: 81 [25600/50000 (51%)]	 Training Loss: 0.402 ACC: 76.30 CR: 0.49 Avg R1: 4.27 Avg R2: 4.74 Avg Reward: 9.012531
2026-05-16 22:48:39 [INFO] Epoch: 81 [38400/50000 (77%)]	 Training Loss: 0.410 ACC: 75.80 CR: 0.49 Avg R1: 4.27 Avg R2: 4.74 Avg Reward: 9.008825
2026-05-16 22:48:51 [INFO] EPOCH:81, ======================CR:0.48984====================
2026-05-16 22:48:51 [INFO] -0.0020756759727053138
2026-05-16 22:48:53 [INFO] EPOCH:81, ======================ACC:66.57====================
2026-05-16 22:48:53 [INFO] BEST EPOCH:81,BEST ACC:66.57
2026-05-16 22:49:07 [INFO] Epoch: 82 [12800/50000 (26%)]	 Training Loss: 0.399 ACC: 76.34 CR: 0.49 Avg R1: 4.25 Avg R2: 4.75 Avg Reward: 8.994274
2026-05-16 22:49:18 [INFO] Epoch: 82 [25600/50000 (51%)]	 Training Loss: 0.401 ACC: 76.16 CR: 0.49 Avg R1: 4.25 Avg R2: 4.75 Avg Reward: 8.996900
2026-05-16 22:49:31 [INFO] Epoch: 82 [38400/50000 (77%)]	 Training Loss: 0.412 ACC: 75.63 CR: 0.49 Avg R1: 4.25 Avg R2: 4.75 Avg Reward: 8.998870
2026-05-16 22:49:43 [INFO] EPOCH:82, ======================CR:0.48588====================
2026-05-16 22:49:43 [INFO] 0.011771740340556917
2026-05-16 22:49:45 [INFO] EPOCH:82, ======================ACC:66.39====================
2026-05-16 22:49:45 [INFO] BEST EPOCH:81,BEST ACC:66.57
2026-05-16 22:49:59 [INFO] Epoch: 83 [12800/50000 (26%)]	 Training Loss: 0.385 ACC: 77.42 CR: 0.48 Avg R1: 4.29 Avg R2: 4.74 Avg Reward: 9.025392
2026-05-16 22:50:13 [INFO] Epoch: 83 [25600/50000 (51%)]	 Training Loss: 0.394 ACC: 76.82 CR: 0.48 Avg R1: 4.30 Avg R2: 4.74 Avg Reward: 9.036811
2026-05-16 22:50:27 [INFO] Epoch: 83 [38400/50000 (77%)]	 Training Loss: 0.407 ACC: 76.04 CR: 0.48 Avg R1: 4.31 Avg R2: 4.74 Avg Reward: 9.043261
2026-05-16 22:50:39 [INFO] EPOCH:83, ======================CR:0.4837====================
2026-05-16 22:50:39 [INFO] 0.0024744811672846364
2026-05-16 22:50:41 [INFO] EPOCH:83, ======================ACC:66.01====================
2026-05-16 22:50:41 [INFO] BEST EPOCH:81,BEST ACC:66.57
2026-05-16 22:50:54 [INFO] Epoch: 84 [12800/50000 (26%)]	 Training Loss: 0.391 ACC: 77.23 CR: 0.49 Avg R1: 4.29 Avg R2: 4.75 Avg Reward: 9.040182
2026-05-16 22:51:08 [INFO] Epoch: 84 [25600/50000 (51%)]	 Training Loss: 0.393 ACC: 77.13 CR: 0.49 Avg R1: 4.27 Avg R2: 4.76 Avg Reward: 9.031007
2026-05-16 22:51:21 [INFO] Epoch: 84 [38400/50000 (77%)]	 Training Loss: 0.404 ACC: 76.52 CR: 0.49 Avg R1: 4.26 Avg R2: 4.76 Avg Reward: 9.028506
2026-05-16 22:51:33 [INFO] EPOCH:84, ======================CR:0.49334====================
2026-05-16 22:51:33 [INFO] 0.0037172966260843685
2026-05-16 22:51:35 [INFO] EPOCH:84, ======================ACC:63.33====================
2026-05-16 22:51:35 [INFO] BEST EPOCH:81,BEST ACC:66.57
2026-05-16 22:51:47 [INFO] Epoch: 85 [12800/50000 (26%)]	 Training Loss: 0.385 ACC: 77.26 CR: 0.49 Avg R1: 4.23 Avg R2: 4.77 Avg Reward: 8.995512
2026-05-16 22:52:02 [INFO] Epoch: 85 [25600/50000 (51%)]	 Training Loss: 0.397 ACC: 76.79 CR: 0.49 Avg R1: 4.23 Avg R2: 4.77 Avg Reward: 8.993973
2026-05-16 22:52:17 [INFO] Epoch: 85 [38400/50000 (77%)]	 Training Loss: 0.401 ACC: 76.58 CR: 0.49 Avg R1: 4.22 Avg R2: 4.77 Avg Reward: 8.991163
2026-05-16 22:52:28 [INFO] EPOCH:85, ======================CR:0.49198====================
2026-05-16 22:52:28 [INFO] -0.00428810629277914
2026-05-16 22:52:30 [INFO] EPOCH:85, ======================ACC:65.21====================
2026-05-16 22:52:30 [INFO] BEST EPOCH:81,BEST ACC:66.57
2026-05-16 22:52:43 [INFO] Epoch: 86 [12800/50000 (26%)]	 Training Loss: 0.377 ACC: 77.96 CR: 0.49 Avg R1: 4.23 Avg R2: 4.77 Avg Reward: 8.997066
2026-05-16 22:52:58 [INFO] Epoch: 86 [25600/50000 (51%)]	 Training Loss: 0.387 ACC: 77.13 CR: 0.49 Avg R1: 4.23 Avg R2: 4.77 Avg Reward: 8.996082
2026-05-16 22:53:11 [INFO] Epoch: 86 [38400/50000 (77%)]	 Training Loss: 0.395 ACC: 76.75 CR: 0.50 Avg R1: 4.22 Avg R2: 4.77 Avg Reward: 8.992728
2026-05-16 22:53:24 [INFO] EPOCH:86, ======================CR:0.49874====================
2026-05-16 22:53:24 [INFO] 0.005257689629344576
2026-05-16 22:53:26 [INFO] EPOCH:86, ======================ACC:63.63====================
2026-05-16 22:53:26 [INFO] BEST EPOCH:81,BEST ACC:66.57
2026-05-16 22:53:40 [INFO] Epoch: 87 [12800/50000 (26%)]	 Training Loss: 0.378 ACC: 77.61 CR: 0.50 Avg R1: 4.18 Avg R2: 4.81 Avg Reward: 8.995782
2026-05-16 22:53:53 [INFO] Epoch: 87 [25600/50000 (51%)]	 Training Loss: 0.374 ACC: 77.75 CR: 0.49 Avg R1: 4.20 Avg R2: 4.80 Avg Reward: 8.997275
2026-05-16 22:54:07 [INFO] Epoch: 87 [38400/50000 (77%)]	 Training Loss: 0.384 ACC: 76.97 CR: 0.49 Avg R1: 4.22 Avg R2: 4.79 Avg Reward: 9.006689
2026-05-16 22:54:20 [INFO] EPOCH:87, ======================CR:0.47796====================
2026-05-16 22:54:20 [INFO] 0.01187417816495346
2026-05-16 22:54:22 [INFO] EPOCH:87, ======================ACC:64.75====================
2026-05-16 22:54:22 [INFO] BEST EPOCH:81,BEST ACC:66.57
2026-05-16 22:54:36 [INFO] Epoch: 88 [12800/50000 (26%)]	 Training Loss: 0.356 ACC: 78.10 CR: 0.47 Avg R1: 4.37 Avg R2: 4.69 Avg Reward: 9.059678
2026-05-16 22:54:49 [INFO] Epoch: 88 [25600/50000 (51%)]	 Training Loss: 0.361 ACC: 77.57 CR: 0.47 Avg R1: 4.39 Avg R2: 4.67 Avg Reward: 9.066932
2026-05-16 22:55:03 [INFO] Epoch: 88 [38400/50000 (77%)]	 Training Loss: 0.367 ACC: 77.35 CR: 0.46 Avg R1: 4.42 Avg R2: 4.65 Avg Reward: 9.076264
2026-05-16 22:55:15 [INFO] EPOCH:88, ======================CR:0.45268====================
2026-05-16 22:55:15 [INFO] 0.010378911586498243
2026-05-16 22:55:17 [INFO] EPOCH:88, ======================ACC:66.13====================
2026-05-16 22:55:17 [INFO] BEST EPOCH:81,BEST ACC:66.57
2026-05-16 22:55:31 [INFO] Epoch: 89 [12800/50000 (26%)]	 Training Loss: 0.347 ACC: 78.92 CR: 0.45 Avg R1: 4.56 Avg R2: 4.54 Avg Reward: 9.104166
2026-05-16 22:55:45 [INFO] Epoch: 89 [25600/50000 (51%)]	 Training Loss: 0.356 ACC: 78.23 CR: 0.45 Avg R1: 4.55 Avg R2: 4.55 Avg Reward: 9.099430
2026-05-16 22:55:59 [INFO] Epoch: 89 [38400/50000 (77%)]	 Training Loss: 0.361 ACC: 77.84 CR: 0.45 Avg R1: 4.55 Avg R2: 4.55 Avg Reward: 9.100042
2026-05-16 22:56:12 [INFO] EPOCH:89, ======================CR:0.45378====================
2026-05-16 22:56:12 [INFO] 0.011725320804025111
2026-05-16 22:56:13 [INFO] EPOCH:89, ======================ACC:65.55====================
2026-05-16 22:56:13 [INFO] BEST EPOCH:81,BEST ACC:66.57
2026-05-16 22:56:27 [INFO] Epoch: 90 [12800/50000 (26%)]	 Training Loss: 0.347 ACC: 79.05 CR: 0.45 Avg R1: 4.56 Avg R2: 4.56 Avg Reward: 9.112188
2026-05-16 22:56:41 [INFO] Epoch: 90 [25600/50000 (51%)]	 Training Loss: 0.343 ACC: 78.96 CR: 0.45 Avg R1: 4.56 Avg R2: 4.55 Avg Reward: 9.113920
2026-05-16 22:56:56 [INFO] Epoch: 90 [38400/50000 (77%)]	 Training Loss: 0.348 ACC: 78.47 CR: 0.45 Avg R1: 4.57 Avg R2: 4.55 Avg Reward: 9.113477
2026-05-16 22:57:09 [INFO] EPOCH:90, ======================CR:0.44368====================
2026-05-16 22:57:09 [INFO] 0.001354795681222226
2026-05-16 22:57:11 [INFO] EPOCH:90, ======================ACC:66.37====================
2026-05-16 22:57:11 [INFO] BEST EPOCH:81,BEST ACC:66.57
2026-05-16 22:57:25 [INFO] Epoch: 91 [12800/50000 (26%)]	 Training Loss: 0.337 ACC: 78.65 CR: 0.44 Avg R1: 4.65 Avg R2: 4.48 Avg Reward: 9.136138
2026-05-16 22:57:39 [INFO] Epoch: 91 [25600/50000 (51%)]	 Training Loss: 0.337 ACC: 78.46 CR: 0.44 Avg R1: 4.67 Avg R2: 4.47 Avg Reward: 9.138036
2026-05-16 22:57:53 [INFO] Epoch: 91 [38400/50000 (77%)]	 Training Loss: 0.335 ACC: 78.43 CR: 0.43 Avg R1: 4.69 Avg R2: 4.45 Avg Reward: 9.142047
2026-05-16 22:58:05 [INFO] EPOCH:91, ======================CR:0.41884====================
2026-05-16 22:58:05 [INFO] 0.002492123649018844
2026-05-16 22:58:07 [INFO] EPOCH:91, ======================ACC:67.61====================
2026-05-16 22:58:07 [INFO] BEST EPOCH:91,BEST ACC:67.61
2026-05-16 22:58:21 [INFO] Epoch: 92 [12800/50000 (26%)]	 Training Loss: 0.290 ACC: 80.07 CR: 0.41 Avg R1: 4.89 Avg R2: 4.29 Avg Reward: 9.180597
2026-05-16 22:58:35 [INFO] Epoch: 92 [25600/50000 (51%)]	 Training Loss: 0.291 ACC: 80.02 CR: 0.40 Avg R1: 4.93 Avg R2: 4.26 Avg Reward: 9.192001
2026-05-16 22:58:49 [INFO] Epoch: 92 [38400/50000 (77%)]	 Training Loss: 0.299 ACC: 79.39 CR: 0.39 Avg R1: 4.93 Avg R2: 4.23 Avg Reward: 9.155864
2026-05-16 22:59:01 [INFO] EPOCH:92, ======================CR:0.37412====================
2026-05-16 22:59:01 [INFO] 0.006397039770841328
2026-05-16 22:59:03 [INFO] EPOCH:92, ======================ACC:67.29====================
2026-05-16 22:59:03 [INFO] BEST EPOCH:91,BEST ACC:67.61
2026-05-16 22:59:17 [INFO] Epoch: 93 [12800/50000 (26%)]	 Training Loss: 0.286 ACC: 80.45 CR: 0.37 Avg R1: 4.67 Avg R2: 4.04 Avg Reward: 8.709136
2026-05-16 22:59:30 [INFO] Epoch: 93 [25600/50000 (51%)]	 Training Loss: 0.283 ACC: 79.99 CR: 0.37 Avg R1: 4.64 Avg R2: 4.03 Avg Reward: 8.666264
2026-05-16 22:59:43 [INFO] Epoch: 93 [38400/50000 (77%)]	 Training Loss: 0.290 ACC: 79.82 CR: 0.37 Avg R1: 4.62 Avg R2: 4.02 Avg Reward: 8.646857
2026-05-16 22:59:57 [INFO] EPOCH:93, ======================CR:0.37696====================
2026-05-16 22:59:57 [INFO] -0.0034251746125954674
2026-05-16 22:59:59 [INFO] EPOCH:93, ======================ACC:67.17====================
2026-05-16 22:59:59 [INFO] BEST EPOCH:91,BEST ACC:67.61
2026-05-16 23:00:13 [INFO] Epoch: 94 [12800/50000 (26%)]	 Training Loss: 0.303 ACC: 79.96 CR: 0.38 Avg R1: 4.75 Avg R2: 4.08 Avg Reward: 8.834050
2026-05-16 23:00:26 [INFO] Epoch: 94 [25600/50000 (51%)]	 Training Loss: 0.314 ACC: 79.67 CR: 0.40 Avg R1: 4.82 Avg R2: 4.11 Avg Reward: 8.922852
2026-05-16 23:00:40 [INFO] Epoch: 94 [38400/50000 (77%)]	 Training Loss: 0.327 ACC: 78.88 CR: 0.41 Avg R1: 4.87 Avg R2: 4.14 Avg Reward: 9.007102
2026-05-16 23:00:54 [INFO] EPOCH:94, ======================CR:0.42422====================
2026-05-16 23:00:54 [INFO] 0.00467459669557874
2026-05-16 23:00:56 [INFO] EPOCH:94, ======================ACC:64.0====================
2026-05-16 23:00:56 [INFO] BEST EPOCH:91,BEST ACC:67.61
2026-05-16 23:01:11 [INFO] Epoch: 95 [12800/50000 (26%)]	 Training Loss: 0.344 ACC: 79.29 CR: 0.43 Avg R1: 4.76 Avg R2: 4.39 Avg Reward: 9.144894
2026-05-16 23:01:25 [INFO] Epoch: 95 [25600/50000 (51%)]	 Training Loss: 0.358 ACC: 78.47 CR: 0.44 Avg R1: 4.72 Avg R2: 4.42 Avg Reward: 9.134972
2026-05-16 23:01:40 [INFO] Epoch: 95 [38400/50000 (77%)]	 Training Loss: 0.360 ACC: 78.16 CR: 0.45 Avg R1: 4.68 Avg R2: 4.44 Avg Reward: 9.123148
2026-05-16 23:01:52 [INFO] EPOCH:95, ======================CR:0.45618====================
2026-05-16 23:01:52 [INFO] 0.010561544850696634
2026-05-16 23:01:54 [INFO] EPOCH:95, ======================ACC:64.97====================
2026-05-16 23:01:54 [INFO] BEST EPOCH:91,BEST ACC:67.61
2026-05-16 23:02:09 [INFO] Epoch: 96 [12800/50000 (26%)]	 Training Loss: 0.339 ACC: 79.48 CR: 0.46 Avg R1: 4.53 Avg R2: 4.56 Avg Reward: 9.097512
2026-05-16 23:02:22 [INFO] Epoch: 96 [25600/50000 (51%)]	 Training Loss: 0.338 ACC: 79.34 CR: 0.45 Avg R1: 4.54 Avg R2: 4.56 Avg Reward: 9.102979
2026-05-16 23:02:37 [INFO] Epoch: 96 [38400/50000 (77%)]	 Training Loss: 0.344 ACC: 79.04 CR: 0.46 Avg R1: 4.54 Avg R2: 4.56 Avg Reward: 9.102621
2026-05-16 23:02:51 [INFO] EPOCH:96, ======================CR:0.45834====================
2026-05-16 23:02:51 [INFO] 0.005998976551602706
2026-05-16 23:02:53 [INFO] EPOCH:96, ======================ACC:66.03====================
2026-05-16 23:02:53 [INFO] BEST EPOCH:91,BEST ACC:67.61
2026-05-16 23:03:08 [INFO] Epoch: 97 [12800/50000 (26%)]	 Training Loss: 0.322 ACC: 80.38 CR: 0.46 Avg R1: 4.51 Avg R2: 4.58 Avg Reward: 9.087096
2026-05-16 23:03:22 [INFO] Epoch: 97 [25600/50000 (51%)]	 Training Loss: 0.329 ACC: 79.48 CR: 0.46 Avg R1: 4.51 Avg R2: 4.58 Avg Reward: 9.086742
2026-05-16 23:03:35 [INFO] Epoch: 97 [38400/50000 (77%)]	 Training Loss: 0.333 ACC: 79.24 CR: 0.46 Avg R1: 4.51 Avg R2: 4.57 Avg Reward: 9.087019
2026-05-16 23:03:48 [INFO] EPOCH:97, ======================CR:0.4551====================
2026-05-16 23:03:48 [INFO] 0.01064854847035006
2026-05-16 23:03:50 [INFO] EPOCH:97, ======================ACC:65.84====================
2026-05-16 23:03:50 [INFO] BEST EPOCH:91,BEST ACC:67.61
2026-05-16 23:04:05 [INFO] Epoch: 98 [12800/50000 (26%)]	 Training Loss: 0.318 ACC: 80.60 CR: 0.45 Avg R1: 4.55 Avg R2: 4.56 Avg Reward: 9.110439
2026-05-16 23:04:19 [INFO] Epoch: 98 [25600/50000 (51%)]	 Training Loss: 0.312 ACC: 80.36 CR: 0.44 Avg R1: 4.58 Avg R2: 4.54 Avg Reward: 9.120599
2026-05-16 23:04:33 [INFO] Epoch: 98 [38400/50000 (77%)]	 Training Loss: 0.316 ACC: 79.89 CR: 0.43 Avg R1: 4.62 Avg R2: 4.52 Avg Reward: 9.131665
2026-05-16 23:04:44 [INFO] EPOCH:98, ======================CR:0.426====================
2026-05-16 23:04:44 [INFO] 0.008061298560604046
2026-05-16 23:04:46 [INFO] EPOCH:98, ======================ACC:67.81====================
2026-05-16 23:04:46 [INFO] BEST EPOCH:98,BEST ACC:67.81
2026-05-16 23:05:01 [INFO] Epoch: 99 [12800/50000 (26%)]	 Training Loss: 0.302 ACC: 80.66 CR: 0.42 Avg R1: 4.81 Avg R2: 4.38 Avg Reward: 9.190132
2026-05-16 23:05:16 [INFO] Epoch: 99 [25600/50000 (51%)]	 Training Loss: 0.294 ACC: 80.84 CR: 0.41 Avg R1: 4.84 Avg R2: 4.36 Avg Reward: 9.197579
2026-05-16 23:05:30 [INFO] Epoch: 99 [38400/50000 (77%)]	 Training Loss: 0.297 ACC: 80.41 CR: 0.41 Avg R1: 4.86 Avg R2: 4.34 Avg Reward: 9.202442
2026-05-16 23:05:43 [INFO] EPOCH:99, ======================CR:0.39332====================
2026-05-16 23:05:43 [INFO] 0.006860665101918771
2026-05-16 23:05:45 [INFO] EPOCH:99, ======================ACC:68.28====================
2026-05-16 23:05:45 [INFO] BEST EPOCH:99,BEST ACC:68.28
2026-05-16 23:05:45 [INFO] Saving Masks: current CR 0.3933 target CR 0.4000
2026-05-16 23:05:45 [INFO] Updated candidate mask pretrained-rescale_mask_best-acc_40_05162140_resnet18 at epoch 99 with acc 68.2800
2026-05-16 23:05:45 [INFO] Updated candidate mask pretrained-rescale_mask_best-r2_40_05162140_resnet18 at epoch 99 with acc 68.2800
2026-05-16 23:06:00 [INFO] Epoch: 100 [12800/50000 (26%)]	 Training Loss: 0.254 ACC: 82.16 CR: 0.38 Avg R1: 4.84 Avg R2: 4.15 Avg Reward: 8.988897
2026-05-16 23:06:14 [INFO] Epoch: 100 [25600/50000 (51%)]	 Training Loss: 0.252 ACC: 82.28 CR: 0.37 Avg R1: 4.78 Avg R2: 4.11 Avg Reward: 8.890387
2026-05-16 23:06:29 [INFO] Epoch: 100 [38400/50000 (77%)]	 Training Loss: 0.265 ACC: 81.57 CR: 0.37 Avg R1: 4.73 Avg R2: 4.09 Avg Reward: 8.817825
2026-05-16 23:06:40 [INFO] EPOCH:100, ======================CR:0.35508====================
2026-05-16 23:06:40 [INFO] 0.012204080544380689
2026-05-16 23:06:42 [INFO] EPOCH:100, ======================ACC:68.49====================
2026-05-16 23:06:42 [INFO] BEST EPOCH:100,BEST ACC:68.49
2026-05-16 23:06:56 [INFO] Epoch: 101 [12800/50000 (26%)]	 Training Loss: 0.241 ACC: 82.19 CR: 0.35 Avg R1: 4.40 Avg R2: 3.92 Avg Reward: 8.314330
2026-05-16 23:07:09 [INFO] Epoch: 101 [25600/50000 (51%)]	 Training Loss: 0.238 ACC: 81.80 CR: 0.33 Avg R1: 4.31 Avg R2: 3.87 Avg Reward: 8.183451
2026-05-16 23:07:22 [INFO] Epoch: 101 [38400/50000 (77%)]	 Training Loss: 0.244 ACC: 81.71 CR: 0.33 Avg R1: 4.26 Avg R2: 3.85 Avg Reward: 8.100811
2026-05-16 23:07:37 [INFO] EPOCH:101, ======================CR:0.33128====================
2026-05-16 23:07:37 [INFO] -0.0012520720681443466
2026-05-16 23:07:39 [INFO] EPOCH:101, ======================ACC:68.69====================
2026-05-16 23:07:39 [INFO] BEST EPOCH:101,BEST ACC:68.69
2026-05-16 23:07:51 [INFO] Epoch: 102 [12800/50000 (26%)]	 Training Loss: 0.262 ACC: 82.51 CR: 0.35 Avg R1: 4.23 Avg R2: 3.82 Avg Reward: 8.055491
2026-05-16 23:08:05 [INFO] Epoch: 102 [25600/50000 (51%)]	 Training Loss: 0.264 ACC: 82.09 CR: 0.35 Avg R1: 4.31 Avg R2: 3.86 Avg Reward: 8.167392
2026-05-16 23:08:18 [INFO] Epoch: 102 [38400/50000 (77%)]	 Training Loss: 0.271 ACC: 81.64 CR: 0.37 Avg R1: 4.38 Avg R2: 3.90 Avg Reward: 8.280597
2026-05-16 23:08:30 [INFO] EPOCH:102, ======================CR:0.3872====================
2026-05-16 23:08:30 [INFO] 0.0049521044310246055
2026-05-16 23:08:32 [INFO] EPOCH:102, ======================ACC:66.81====================
2026-05-16 23:08:32 [INFO] BEST EPOCH:101,BEST ACC:68.69
2026-05-16 23:08:46 [INFO] Epoch: 103 [12800/50000 (26%)]	 Training Loss: 0.292 ACC: 81.02 CR: 0.39 Avg R1: 4.89 Avg R2: 4.14 Avg Reward: 9.029184
2026-05-16 23:09:00 [INFO] Epoch: 103 [25600/50000 (51%)]	 Training Loss: 0.290 ACC: 80.98 CR: 0.40 Avg R1: 4.93 Avg R2: 4.17 Avg Reward: 9.096839
2026-05-16 23:09:12 [INFO] Epoch: 103 [38400/50000 (77%)]	 Training Loss: 0.299 ACC: 80.43 CR: 0.41 Avg R1: 4.94 Avg R2: 4.19 Avg Reward: 9.124186
2026-05-16 23:09:23 [INFO] EPOCH:103, ======================CR:0.4166====================
2026-05-16 23:09:23 [INFO] 0.00280723786686274
2026-05-16 23:09:25 [INFO] EPOCH:103, ======================ACC:64.43====================
2026-05-16 23:09:25 [INFO] BEST EPOCH:101,BEST ACC:68.69
2026-05-16 23:09:37 [INFO] Epoch: 104 [12800/50000 (26%)]	 Training Loss: 0.276 ACC: 81.69 CR: 0.42 Avg R1: 4.86 Avg R2: 4.32 Avg Reward: 9.182912
2026-05-16 23:09:50 [INFO] Epoch: 104 [25600/50000 (51%)]	 Training Loss: 0.278 ACC: 81.72 CR: 0.42 Avg R1: 4.86 Avg R2: 4.32 Avg Reward: 9.183424
2026-05-16 23:10:04 [INFO] Epoch: 104 [38400/50000 (77%)]	 Training Loss: 0.282 ACC: 81.54 CR: 0.42 Avg R1: 4.86 Avg R2: 4.32 Avg Reward: 9.182309
2026-05-16 23:10:15 [INFO] EPOCH:104, ======================CR:0.41962====================
2026-05-16 23:10:15 [INFO] 0.008197418921901727
2026-05-16 23:10:17 [INFO] EPOCH:104, ======================ACC:66.43====================
2026-05-16 23:10:17 [INFO] BEST EPOCH:101,BEST ACC:68.69
2026-05-16 23:10:29 [INFO] Epoch: 105 [12800/50000 (26%)]	 Training Loss: 0.279 ACC: 82.36 CR: 0.42 Avg R1: 4.83 Avg R2: 4.32 Avg Reward: 9.149268
2026-05-16 23:10:41 [INFO] Epoch: 105 [25600/50000 (51%)]	 Training Loss: 0.277 ACC: 82.16 CR: 0.42 Avg R1: 4.83 Avg R2: 4.31 Avg Reward: 9.147847
2026-05-16 23:10:55 [INFO] Epoch: 105 [38400/50000 (77%)]	 Training Loss: 0.284 ACC: 81.71 CR: 0.42 Avg R1: 4.83 Avg R2: 4.31 Avg Reward: 9.144502
2026-05-16 23:11:07 [INFO] EPOCH:105, ======================CR:0.42122====================
2026-05-16 23:11:07 [INFO] 0.003208049616456715
2026-05-16 23:11:09 [INFO] EPOCH:105, ======================ACC:64.91====================
2026-05-16 23:11:09 [INFO] BEST EPOCH:101,BEST ACC:68.69
2026-05-16 23:11:23 [INFO] Epoch: 106 [12800/50000 (26%)]	 Training Loss: 0.284 ACC: 81.81 CR: 0.42 Avg R1: 4.82 Avg R2: 4.33 Avg Reward: 9.153197
2026-05-16 23:11:36 [INFO] Epoch: 106 [25600/50000 (51%)]	 Training Loss: 0.288 ACC: 81.49 CR: 0.42 Avg R1: 4.82 Avg R2: 4.34 Avg Reward: 9.153151
2026-05-16 23:11:49 [INFO] Epoch: 106 [38400/50000 (77%)]	 Training Loss: 0.291 ACC: 81.10 CR: 0.43 Avg R1: 4.81 Avg R2: 4.34 Avg Reward: 9.152638
2026-05-16 23:12:01 [INFO] EPOCH:106, ======================CR:0.42586====================
2026-05-16 23:12:01 [INFO] 0.007869244648167982
2026-05-16 23:12:03 [INFO] EPOCH:106, ======================ACC:67.65====================
2026-05-16 23:12:03 [INFO] BEST EPOCH:101,BEST ACC:68.69
2026-05-16 23:12:15 [INFO] Epoch: 107 [12800/50000 (26%)]	 Training Loss: 0.286 ACC: 81.83 CR: 0.42 Avg R1: 4.81 Avg R2: 4.37 Avg Reward: 9.182890
2026-05-16 23:12:27 [INFO] Epoch: 107 [25600/50000 (51%)]	 Training Loss: 0.285 ACC: 81.52 CR: 0.42 Avg R1: 4.83 Avg R2: 4.36 Avg Reward: 9.191326
2026-05-16 23:12:40 [INFO] Epoch: 107 [38400/50000 (77%)]	 Training Loss: 0.285 ACC: 81.36 CR: 0.41 Avg R1: 4.84 Avg R2: 4.35 Avg Reward: 9.197435
2026-05-16 23:12:52 [INFO] EPOCH:107, ======================CR:0.4139====================
2026-05-16 23:12:52 [INFO] 0.010633609229307783
2026-05-16 23:12:54 [INFO] EPOCH:107, ======================ACC:67.84====================
2026-05-16 23:12:54 [INFO] BEST EPOCH:101,BEST ACC:68.69
2026-05-16 23:13:07 [INFO] Epoch: 108 [12800/50000 (26%)]	 Training Loss: 0.272 ACC: 82.49 CR: 0.42 Avg R1: 4.86 Avg R2: 4.33 Avg Reward: 9.190199
2026-05-16 23:13:20 [INFO] Epoch: 108 [25600/50000 (51%)]	 Training Loss: 0.270 ACC: 82.62 CR: 0.42 Avg R1: 4.84 Avg R2: 4.34 Avg Reward: 9.180132
2026-05-16 23:13:32 [INFO] Epoch: 108 [38400/50000 (77%)]	 Training Loss: 0.276 ACC: 82.27 CR: 0.42 Avg R1: 4.83 Avg R2: 4.34 Avg Reward: 9.175239
2026-05-16 23:13:42 [INFO] EPOCH:108, ======================CR:0.42384====================
2026-05-16 23:13:42 [INFO] 0.0035814033784607527
2026-05-16 23:13:44 [INFO] EPOCH:108, ======================ACC:67.22====================
2026-05-16 23:13:44 [INFO] BEST EPOCH:101,BEST ACC:68.69
2026-05-16 23:13:57 [INFO] Epoch: 109 [12800/50000 (26%)]	 Training Loss: 0.260 ACC: 83.05 CR: 0.42 Avg R1: 4.80 Avg R2: 4.35 Avg Reward: 9.152513
2026-05-16 23:14:09 [INFO] Epoch: 109 [25600/50000 (51%)]	 Training Loss: 0.261 ACC: 83.21 CR: 0.42 Avg R1: 4.80 Avg R2: 4.35 Avg Reward: 9.154039
2026-05-16 23:14:24 [INFO] Epoch: 109 [38400/50000 (77%)]	 Training Loss: 0.266 ACC: 82.78 CR: 0.42 Avg R1: 4.81 Avg R2: 4.35 Avg Reward: 9.155204
2026-05-16 23:14:36 [INFO] EPOCH:109, ======================CR:0.42264====================
2026-05-16 23:14:36 [INFO] 0.0046137573646682865
2026-05-16 23:14:38 [INFO] EPOCH:109, ======================ACC:69.24====================
2026-05-16 23:14:38 [INFO] BEST EPOCH:109,BEST ACC:69.24
2026-05-16 23:14:51 [INFO] Epoch: 110 [12800/50000 (26%)]	 Training Loss: 0.272 ACC: 83.39 CR: 0.43 Avg R1: 4.79 Avg R2: 4.36 Avg Reward: 9.149654
2026-05-16 23:15:02 [INFO] Epoch: 110 [25600/50000 (51%)]	 Training Loss: 0.276 ACC: 83.00 CR: 0.43 Avg R1: 4.77 Avg R2: 4.37 Avg Reward: 9.139686
2026-05-16 23:15:13 [INFO] Epoch: 110 [38400/50000 (77%)]	 Training Loss: 0.279 ACC: 82.54 CR: 0.44 Avg R1: 4.74 Avg R2: 4.39 Avg Reward: 9.130704
2026-05-16 23:15:24 [INFO] EPOCH:110, ======================CR:0.44438====================
2026-05-16 23:15:24 [INFO] 0.005981182663410511
2026-05-16 23:15:26 [INFO] EPOCH:110, ======================ACC:65.98====================
2026-05-16 23:15:26 [INFO] BEST EPOCH:109,BEST ACC:69.24
2026-05-16 23:15:37 [INFO] Epoch: 111 [12800/50000 (26%)]	 Training Loss: 0.280 ACC: 82.42 CR: 0.45 Avg R1: 4.62 Avg R2: 4.48 Avg Reward: 9.100476
2026-05-16 23:15:51 [INFO] Epoch: 111 [25600/50000 (51%)]	 Training Loss: 0.278 ACC: 82.60 CR: 0.44 Avg R1: 4.63 Avg R2: 4.48 Avg Reward: 9.108862
2026-05-16 23:16:04 [INFO] Epoch: 111 [38400/50000 (77%)]	 Training Loss: 0.280 ACC: 82.26 CR: 0.44 Avg R1: 4.65 Avg R2: 4.47 Avg Reward: 9.116653
2026-05-16 23:16:16 [INFO] EPOCH:111, ======================CR:0.43496====================
2026-05-16 23:16:16 [INFO] 0.007262396979724885
2026-05-16 23:16:18 [INFO] EPOCH:111, ======================ACC:67.7====================
2026-05-16 23:16:18 [INFO] BEST EPOCH:109,BEST ACC:69.24
2026-05-16 23:16:32 [INFO] Epoch: 112 [12800/50000 (26%)]	 Training Loss: 0.258 ACC: 83.55 CR: 0.43 Avg R1: 4.72 Avg R2: 4.44 Avg Reward: 9.154409
2026-05-16 23:16:44 [INFO] Epoch: 112 [25600/50000 (51%)]	 Training Loss: 0.257 ACC: 83.55 CR: 0.43 Avg R1: 4.73 Avg R2: 4.43 Avg Reward: 9.156985
2026-05-16 23:16:58 [INFO] Epoch: 112 [38400/50000 (77%)]	 Training Loss: 0.263 ACC: 83.21 CR: 0.43 Avg R1: 4.73 Avg R2: 4.43 Avg Reward: 9.158654
2026-05-16 23:17:10 [INFO] EPOCH:112, ======================CR:0.43186====================
2026-05-16 23:17:10 [INFO] 0.008923294327504118
2026-05-16 23:17:12 [INFO] EPOCH:112, ======================ACC:68.05====================
2026-05-16 23:17:12 [INFO] BEST EPOCH:109,BEST ACC:69.24
2026-05-16 23:17:26 [INFO] Epoch: 113 [12800/50000 (26%)]	 Training Loss: 0.253 ACC: 83.73 CR: 0.43 Avg R1: 4.74 Avg R2: 4.39 Avg Reward: 9.134285
2026-05-16 23:17:40 [INFO] Epoch: 113 [25600/50000 (51%)]	 Training Loss: 0.255 ACC: 83.95 CR: 0.43 Avg R1: 4.74 Avg R2: 4.40 Avg Reward: 9.135178
2026-05-16 23:17:51 [INFO] Epoch: 113 [38400/50000 (77%)]	 Training Loss: 0.256 ACC: 83.95 CR: 0.44 Avg R1: 4.73 Avg R2: 4.41 Avg Reward: 9.136642
2026-05-16 23:18:01 [INFO] EPOCH:113, ======================CR:0.4376====================
2026-05-16 23:18:01 [INFO] 0.005014385652178061
2026-05-16 23:18:03 [INFO] EPOCH:113, ======================ACC:70.12====================
2026-05-16 23:18:03 [INFO] BEST EPOCH:113,BEST ACC:70.12
2026-05-16 23:18:16 [INFO] Epoch: 114 [12800/50000 (26%)]	 Training Loss: 0.246 ACC: 84.52 CR: 0.44 Avg R1: 4.69 Avg R2: 4.44 Avg Reward: 9.130688
2026-05-16 23:18:29 [INFO] Epoch: 114 [25600/50000 (51%)]	 Training Loss: 0.251 ACC: 84.27 CR: 0.44 Avg R1: 4.68 Avg R2: 4.44 Avg Reward: 9.128512
2026-05-16 23:18:41 [INFO] Epoch: 114 [38400/50000 (77%)]	 Training Loss: 0.258 ACC: 83.74 CR: 0.44 Avg R1: 4.68 Avg R2: 4.45 Avg Reward: 9.125470
2026-05-16 23:18:54 [INFO] EPOCH:114, ======================CR:0.4433====================
2026-05-16 23:18:54 [INFO] 0.008459732469676313
2026-05-16 23:18:56 [INFO] EPOCH:114, ======================ACC:67.41====================
2026-05-16 23:18:56 [INFO] BEST EPOCH:113,BEST ACC:70.12
2026-05-16 23:19:11 [INFO] Epoch: 115 [12800/50000 (26%)]	 Training Loss: 0.238 ACC: 85.06 CR: 0.44 Avg R1: 4.66 Avg R2: 4.44 Avg Reward: 9.105306
2026-05-16 23:19:24 [INFO] Epoch: 115 [25600/50000 (51%)]	 Training Loss: 0.244 ACC: 84.66 CR: 0.44 Avg R1: 4.66 Avg R2: 4.44 Avg Reward: 9.104380
2026-05-16 23:19:39 [INFO] Epoch: 115 [38400/50000 (77%)]	 Training Loss: 0.249 ACC: 84.21 CR: 0.44 Avg R1: 4.67 Avg R2: 4.44 Avg Reward: 9.105088
2026-05-16 23:19:50 [INFO] EPOCH:115, ======================CR:0.43446====================
2026-05-16 23:19:50 [INFO] 0.0062601511644181955
2026-05-16 23:19:52 [INFO] EPOCH:115, ======================ACC:69.49====================
2026-05-16 23:19:52 [INFO] BEST EPOCH:113,BEST ACC:70.12
2026-05-16 23:20:07 [INFO] Epoch: 116 [12800/50000 (26%)]	 Training Loss: 0.241 ACC: 84.32 CR: 0.43 Avg R1: 4.71 Avg R2: 4.42 Avg Reward: 9.126821
2026-05-16 23:20:20 [INFO] Epoch: 116 [25600/50000 (51%)]	 Training Loss: 0.245 ACC: 84.30 CR: 0.43 Avg R1: 4.72 Avg R2: 4.41 Avg Reward: 9.128476
2026-05-16 23:20:33 [INFO] Epoch: 116 [38400/50000 (77%)]	 Training Loss: 0.245 ACC: 84.38 CR: 0.43 Avg R1: 4.72 Avg R2: 4.41 Avg Reward: 9.127499
2026-05-16 23:20:44 [INFO] EPOCH:116, ======================CR:0.43384====================
2026-05-16 23:20:44 [INFO] -0.00035276870631926994
2026-05-16 23:20:46 [INFO] EPOCH:116, ======================ACC:67.92====================
2026-05-16 23:20:46 [INFO] BEST EPOCH:113,BEST ACC:70.12
2026-05-16 23:20:59 [INFO] Epoch: 117 [12800/50000 (26%)]	 Training Loss: 0.237 ACC: 85.20 CR: 0.43 Avg R1: 4.71 Avg R2: 4.41 Avg Reward: 9.125933
2026-05-16 23:21:13 [INFO] Epoch: 117 [25600/50000 (51%)]	 Training Loss: 0.238 ACC: 85.39 CR: 0.44 Avg R1: 4.71 Avg R2: 4.41 Avg Reward: 9.123560
2026-05-16 23:21:25 [INFO] Epoch: 117 [38400/50000 (77%)]	 Training Loss: 0.242 ACC: 84.77 CR: 0.44 Avg R1: 4.70 Avg R2: 4.42 Avg Reward: 9.122766
2026-05-16 23:21:36 [INFO] EPOCH:117, ======================CR:0.43896====================
2026-05-16 23:21:36 [INFO] 0.007041778571148014
2026-05-16 23:21:38 [INFO] EPOCH:117, ======================ACC:67.57====================
2026-05-16 23:21:38 [INFO] BEST EPOCH:113,BEST ACC:70.12
2026-05-16 23:21:50 [INFO] Epoch: 118 [12800/50000 (26%)]	 Training Loss: 0.230 ACC: 85.14 CR: 0.44 Avg R1: 4.69 Avg R2: 4.42 Avg Reward: 9.111988
2026-05-16 23:22:03 [INFO] Epoch: 118 [25600/50000 (51%)]	 Training Loss: 0.227 ACC: 85.36 CR: 0.44 Avg R1: 4.69 Avg R2: 4.42 Avg Reward: 9.112643
2026-05-16 23:22:15 [INFO] Epoch: 118 [38400/50000 (77%)]	 Training Loss: 0.231 ACC: 85.09 CR: 0.43 Avg R1: 4.69 Avg R2: 4.42 Avg Reward: 9.110270
2026-05-16 23:22:26 [INFO] EPOCH:118, ======================CR:0.43158====================
2026-05-16 23:22:26 [INFO] -0.0003528952107269641
2026-05-16 23:22:28 [INFO] EPOCH:118, ======================ACC:69.61====================
2026-05-16 23:22:28 [INFO] BEST EPOCH:113,BEST ACC:70.12
2026-05-16 23:22:42 [INFO] Epoch: 119 [12800/50000 (26%)]	 Training Loss: 0.205 ACC: 86.27 CR: 0.42 Avg R1: 4.77 Avg R2: 4.35 Avg Reward: 9.118241
2026-05-16 23:22:55 [INFO] Epoch: 119 [25600/50000 (51%)]	 Training Loss: 0.208 ACC: 86.18 CR: 0.42 Avg R1: 4.80 Avg R2: 4.33 Avg Reward: 9.129419
2026-05-16 23:23:08 [INFO] Epoch: 119 [38400/50000 (77%)]	 Training Loss: 0.212 ACC: 85.85 CR: 0.41 Avg R1: 4.84 Avg R2: 4.31 Avg Reward: 9.142916
2026-05-16 23:23:20 [INFO] EPOCH:119, ======================CR:0.39284====================
2026-05-16 23:23:20 [INFO] 6.334182572113496e-05
2026-05-16 23:23:22 [INFO] EPOCH:119, ======================ACC:70.68====================
2026-05-16 23:23:22 [INFO] BEST EPOCH:119,BEST ACC:70.68
2026-05-16 23:23:22 [INFO] Saving Masks: current CR 0.3928 target CR 0.4000
2026-05-16 23:23:22 [INFO] Updated candidate mask pretrained-rescale_mask_best-acc_40_05162140_resnet18 at epoch 119 with acc 70.6800
2026-05-16 23:23:35 [INFO] Epoch: 120 [12800/50000 (26%)]	 Training Loss: 0.214 ACC: 86.25 CR: 0.39 Avg R1: 4.90 Avg R2: 4.13 Avg Reward: 9.035476
2026-05-16 23:23:48 [INFO] Epoch: 120 [25600/50000 (51%)]	 Training Loss: 0.213 ACC: 86.20 CR: 0.40 Avg R1: 4.92 Avg R2: 4.14 Avg Reward: 9.055731
2026-05-16 23:24:02 [INFO] Epoch: 120 [38400/50000 (77%)]	 Training Loss: 0.216 ACC: 85.99 CR: 0.40 Avg R1: 4.94 Avg R2: 4.15 Avg Reward: 9.090500
2026-05-16 23:24:15 [INFO] EPOCH:120, ======================CR:0.40864====================
2026-05-16 23:24:15 [INFO] -0.0010143470741746474
2026-05-16 23:24:16 [INFO] EPOCH:120, ======================ACC:68.53====================
2026-05-16 23:24:16 [INFO] BEST EPOCH:119,BEST ACC:70.68
2026-05-16 23:24:16 [INFO] Saving Masks: current CR 0.4086 target CR 0.4000
2026-05-16 23:24:29 [INFO] Epoch: 121 [12800/50000 (26%)]	 Training Loss: 0.204 ACC: 86.78 CR: 0.41 Avg R1: 4.92 Avg R2: 4.22 Avg Reward: 9.133833
2026-05-16 23:24:41 [INFO] Epoch: 121 [25600/50000 (51%)]	 Training Loss: 0.202 ACC: 86.87 CR: 0.41 Avg R1: 4.92 Avg R2: 4.21 Avg Reward: 9.136082
2026-05-16 23:24:53 [INFO] Epoch: 121 [38400/50000 (77%)]	 Training Loss: 0.205 ACC: 86.55 CR: 0.41 Avg R1: 4.93 Avg R2: 4.21 Avg Reward: 9.140442
2026-05-16 23:25:05 [INFO] EPOCH:121, ======================CR:0.40112====================
2026-05-16 23:25:05 [INFO] 0.0013386794869225552
2026-05-16 23:25:07 [INFO] EPOCH:121, ======================ACC:70.87====================
2026-05-16 23:25:07 [INFO] BEST EPOCH:121,BEST ACC:70.87
2026-05-16 23:25:07 [INFO] Saving Masks: current CR 0.4011 target CR 0.4000
2026-05-16 23:25:07 [INFO] Updated candidate mask pretrained-rescale_mask_best-acc_40_05162140_resnet18 at epoch 121 with acc 70.8700
2026-05-16 23:25:20 [INFO] Epoch: 122 [12800/50000 (26%)]	 Training Loss: 0.196 ACC: 87.15 CR: 0.40 Avg R1: 4.99 Avg R2: 4.16 Avg Reward: 9.152743
2026-05-16 23:25:34 [INFO] Epoch: 122 [25600/50000 (51%)]	 Training Loss: 0.196 ACC: 86.86 CR: 0.40 Avg R1: 4.98 Avg R2: 4.15 Avg Reward: 9.130087
2026-05-16 23:25:48 [INFO] Epoch: 122 [38400/50000 (77%)]	 Training Loss: 0.192 ACC: 86.91 CR: 0.38 Avg R1: 4.94 Avg R2: 4.14 Avg Reward: 9.077769
2026-05-16 23:25:59 [INFO] EPOCH:122, ======================CR:0.36936====================
2026-05-16 23:25:59 [INFO] -0.006206005302007257
2026-05-16 23:26:01 [INFO] EPOCH:122, ======================ACC:70.02====================
2026-05-16 23:26:01 [INFO] BEST EPOCH:121,BEST ACC:70.87
2026-05-16 23:26:12 [INFO] Epoch: 123 [12800/50000 (26%)]	 Training Loss: 0.170 ACC: 87.83 CR: 0.36 Avg R1: 4.57 Avg R2: 3.95 Avg Reward: 8.523059
2026-05-16 23:26:24 [INFO] Epoch: 123 [25600/50000 (51%)]	 Training Loss: 0.169 ACC: 87.99 CR: 0.36 Avg R1: 4.54 Avg R2: 3.93 Avg Reward: 8.471779
2026-05-16 23:26:37 [INFO] Epoch: 123 [38400/50000 (77%)]	 Training Loss: 0.169 ACC: 88.02 CR: 0.35 Avg R1: 4.50 Avg R2: 3.91 Avg Reward: 8.409222
2026-05-16 23:26:48 [INFO] EPOCH:123, ======================CR:0.34688====================
2026-05-16 23:26:48 [INFO] -0.01839500046542332
2026-05-16 23:26:50 [INFO] EPOCH:123, ======================ACC:70.78====================
2026-05-16 23:26:50 [INFO] BEST EPOCH:121,BEST ACC:70.87
2026-05-16 23:27:02 [INFO] Epoch: 124 [12800/50000 (26%)]	 Training Loss: 0.160 ACC: 88.88 CR: 0.35 Avg R1: 4.34 Avg R2: 3.81 Avg Reward: 8.147332
2026-05-16 23:27:15 [INFO] Epoch: 124 [25600/50000 (51%)]	 Training Loss: 0.163 ACC: 88.66 CR: 0.35 Avg R1: 4.36 Avg R2: 3.81 Avg Reward: 8.168576
2026-05-16 23:27:28 [INFO] Epoch: 124 [38400/50000 (77%)]	 Training Loss: 0.171 ACC: 88.13 CR: 0.36 Avg R1: 4.38 Avg R2: 3.82 Avg Reward: 8.198053
2026-05-16 23:27:39 [INFO] EPOCH:124, ======================CR:0.3653====================
2026-05-16 23:27:39 [INFO] -0.016419086940947097
2026-05-16 23:27:41 [INFO] EPOCH:124, ======================ACC:69.07====================
2026-05-16 23:27:41 [INFO] BEST EPOCH:121,BEST ACC:70.87
2026-05-16 23:27:54 [INFO] Epoch: 125 [12800/50000 (26%)]	 Training Loss: 0.189 ACC: 88.10 CR: 0.37 Avg R1: 4.61 Avg R2: 3.92 Avg Reward: 8.527384
2026-05-16 23:28:07 [INFO] Epoch: 125 [25600/50000 (51%)]	 Training Loss: 0.187 ACC: 87.89 CR: 0.38 Avg R1: 4.67 Avg R2: 3.94 Avg Reward: 8.610328
2026-05-16 23:28:21 [INFO] Epoch: 125 [38400/50000 (77%)]	 Training Loss: 0.187 ACC: 87.70 CR: 0.39 Avg R1: 4.71 Avg R2: 3.97 Avg Reward: 8.682880
2026-05-16 23:28:33 [INFO] EPOCH:125, ======================CR:0.39592====================
2026-05-16 23:28:33 [INFO] -0.0019949060047215438
2026-05-16 23:28:35 [INFO] EPOCH:125, ======================ACC:71.04====================
2026-05-16 23:28:35 [INFO] BEST EPOCH:125,BEST ACC:71.04
2026-05-16 23:28:35 [INFO] Saving Masks: current CR 0.3959 target CR 0.4000
2026-05-16 23:28:35 [INFO] Updated candidate mask pretrained-rescale_mask_best-acc_40_05162140_resnet18 at epoch 125 with acc 71.0400
2026-05-16 23:28:48 [INFO] Epoch: 126 [12800/50000 (26%)]	 Training Loss: 0.178 ACC: 88.84 CR: 0.40 Avg R1: 4.97 Avg R2: 4.11 Avg Reward: 9.081642
2026-05-16 23:29:01 [INFO] Epoch: 126 [25600/50000 (51%)]	 Training Loss: 0.186 ACC: 88.21 CR: 0.41 Avg R1: 4.97 Avg R2: 4.12 Avg Reward: 9.092213
2026-05-16 23:29:13 [INFO] Epoch: 126 [38400/50000 (77%)]	 Training Loss: 0.190 ACC: 87.93 CR: 0.41 Avg R1: 4.95 Avg R2: 4.14 Avg Reward: 9.088734
2026-05-16 23:29:24 [INFO] EPOCH:126, ======================CR:0.42006====================
2026-05-16 23:29:24 [INFO] -0.0025734882514313996
2026-05-16 23:29:26 [INFO] EPOCH:126, ======================ACC:69.53====================
2026-05-16 23:29:26 [INFO] BEST EPOCH:125,BEST ACC:71.04
2026-05-16 23:29:39 [INFO] Epoch: 127 [12800/50000 (26%)]	 Training Loss: 0.180 ACC: 88.63 CR: 0.42 Avg R1: 4.84 Avg R2: 4.23 Avg Reward: 9.070320
2026-05-16 23:29:52 [INFO] Epoch: 127 [25600/50000 (51%)]	 Training Loss: 0.184 ACC: 88.26 CR: 0.42 Avg R1: 4.85 Avg R2: 4.22 Avg Reward: 9.073215
2026-05-16 23:30:04 [INFO] Epoch: 127 [38400/50000 (77%)]	 Training Loss: 0.187 ACC: 87.92 CR: 0.41 Avg R1: 4.86 Avg R2: 4.22 Avg Reward: 9.076673
2026-05-16 23:30:16 [INFO] EPOCH:127, ======================CR:0.41336====================
2026-05-16 23:30:16 [INFO] -0.002719046270642299
2026-05-16 23:30:18 [INFO] EPOCH:127, ======================ACC:71.76====================
2026-05-16 23:30:18 [INFO] BEST EPOCH:127,BEST ACC:71.76
2026-05-16 23:30:30 [INFO] Epoch: 128 [12800/50000 (26%)]	 Training Loss: 0.174 ACC: 89.11 CR: 0.41 Avg R1: 4.89 Avg R2: 4.18 Avg Reward: 9.069371
2026-05-16 23:30:42 [INFO] Epoch: 128 [25600/50000 (51%)]	 Training Loss: 0.174 ACC: 89.08 CR: 0.41 Avg R1: 4.89 Avg R2: 4.18 Avg Reward: 9.068539
2026-05-16 23:30:53 [INFO] Epoch: 128 [38400/50000 (77%)]	 Training Loss: 0.178 ACC: 88.75 CR: 0.41 Avg R1: 4.89 Avg R2: 4.18 Avg Reward: 9.068716
2026-05-16 23:31:06 [INFO] EPOCH:128, ======================CR:0.41576====================
2026-05-16 23:31:06 [INFO] -0.013438578460040306
2026-05-16 23:31:08 [INFO] EPOCH:128, ======================ACC:71.34====================
2026-05-16 23:31:08 [INFO] BEST EPOCH:127,BEST ACC:71.76
2026-05-16 23:31:20 [INFO] Epoch: 129 [12800/50000 (26%)]	 Training Loss: 0.171 ACC: 89.03 CR: 0.41 Avg R1: 4.87 Avg R2: 4.18 Avg Reward: 9.053078
2026-05-16 23:31:33 [INFO] Epoch: 129 [25600/50000 (51%)]	 Training Loss: 0.166 ACC: 89.20 CR: 0.41 Avg R1: 4.88 Avg R2: 4.17 Avg Reward: 9.055043
2026-05-16 23:31:45 [INFO] Epoch: 129 [38400/50000 (77%)]	 Training Loss: 0.171 ACC: 89.02 CR: 0.41 Avg R1: 4.90 Avg R2: 4.16 Avg Reward: 9.058611
2026-05-16 23:31:58 [INFO] EPOCH:129, ======================CR:0.40552====================
2026-05-16 23:31:58 [INFO] -0.014745937692486876
2026-05-16 23:32:00 [INFO] EPOCH:129, ======================ACC:70.1====================
2026-05-16 23:32:00 [INFO] BEST EPOCH:127,BEST ACC:71.76
2026-05-16 23:32:00 [INFO] Saving Masks: current CR 0.4055 target CR 0.4000
2026-05-16 23:32:11 [INFO] Epoch: 130 [12800/50000 (26%)]	 Training Loss: 0.171 ACC: 89.29 CR: 0.41 Avg R1: 4.95 Avg R2: 4.12 Avg Reward: 9.075387
2026-05-16 23:32:24 [INFO] Epoch: 130 [25600/50000 (51%)]	 Training Loss: 0.169 ACC: 89.14 CR: 0.41 Avg R1: 4.94 Avg R2: 4.14 Avg Reward: 9.073164
2026-05-16 23:32:35 [INFO] Epoch: 130 [38400/50000 (77%)]	 Training Loss: 0.173 ACC: 89.05 CR: 0.41 Avg R1: 4.93 Avg R2: 4.14 Avg Reward: 9.072777
2026-05-16 23:32:46 [INFO] EPOCH:130, ======================CR:0.41196====================
2026-05-16 23:32:46 [INFO] -0.014172026439212086
2026-05-16 23:32:48 [INFO] EPOCH:130, ======================ACC:69.91====================
2026-05-16 23:32:48 [INFO] BEST EPOCH:127,BEST ACC:71.76
2026-05-16 23:33:01 [INFO] Epoch: 131 [12800/50000 (26%)]	 Training Loss: 0.162 ACC: 89.85 CR: 0.41 Avg R1: 4.89 Avg R2: 4.17 Avg Reward: 9.067247
2026-05-16 23:33:15 [INFO] Epoch: 131 [25600/50000 (51%)]	 Training Loss: 0.161 ACC: 89.91 CR: 0.41 Avg R1: 4.89 Avg R2: 4.17 Avg Reward: 9.059712
2026-05-16 23:33:28 [INFO] Epoch: 131 [38400/50000 (77%)]	 Training Loss: 0.165 ACC: 89.65 CR: 0.42 Avg R1: 4.88 Avg R2: 4.17 Avg Reward: 9.056997
2026-05-16 23:33:40 [INFO] EPOCH:131, ======================CR:0.41622====================
2026-05-16 23:33:40 [INFO] -0.011040516041787761
2026-05-16 23:33:42 [INFO] EPOCH:131, ======================ACC:70.67====================
2026-05-16 23:33:42 [INFO] BEST EPOCH:127,BEST ACC:71.76
2026-05-16 23:33:53 [INFO] Epoch: 132 [12800/50000 (26%)]	 Training Loss: 0.159 ACC: 89.58 CR: 0.41 Avg R1: 4.89 Avg R2: 4.15 Avg Reward: 9.040818
2026-05-16 23:34:06 [INFO] Epoch: 132 [25600/50000 (51%)]	 Training Loss: 0.155 ACC: 89.78 CR: 0.40 Avg R1: 4.91 Avg R2: 4.14 Avg Reward: 9.049924
2026-05-16 23:34:18 [INFO] Epoch: 132 [38400/50000 (77%)]	 Training Loss: 0.157 ACC: 89.58 CR: 0.40 Avg R1: 4.93 Avg R2: 4.13 Avg Reward: 9.057726
2026-05-16 23:34:29 [INFO] EPOCH:132, ======================CR:0.39476====================
2026-05-16 23:34:29 [INFO] -0.014636900433144945
2026-05-16 23:34:31 [INFO] EPOCH:132, ======================ACC:70.96====================
2026-05-16 23:34:31 [INFO] BEST EPOCH:127,BEST ACC:71.76
2026-05-16 23:34:31 [INFO] Saving Masks: current CR 0.3948 target CR 0.4000
2026-05-16 23:34:43 [INFO] Epoch: 133 [12800/50000 (26%)]	 Training Loss: 0.138 ACC: 90.92 CR: 0.39 Avg R1: 4.91 Avg R2: 4.02 Avg Reward: 8.933693
2026-05-16 23:34:55 [INFO] Epoch: 133 [25600/50000 (51%)]	 Training Loss: 0.146 ACC: 90.51 CR: 0.39 Avg R1: 4.90 Avg R2: 4.02 Avg Reward: 8.912748
2026-05-16 23:35:06 [INFO] Epoch: 133 [38400/50000 (77%)]	 Training Loss: 0.147 ACC: 90.38 CR: 0.39 Avg R1: 4.88 Avg R2: 4.01 Avg Reward: 8.894216
2026-05-16 23:35:17 [INFO] EPOCH:133, ======================CR:0.38828====================
2026-05-16 23:35:17 [INFO] -0.007293748004096922
2026-05-16 23:35:19 [INFO] EPOCH:133, ======================ACC:70.19====================
2026-05-16 23:35:19 [INFO] BEST EPOCH:127,BEST ACC:71.76
2026-05-16 23:35:33 [INFO] Epoch: 134 [12800/50000 (26%)]	 Training Loss: 0.148 ACC: 91.05 CR: 0.40 Avg R1: 4.90 Avg R2: 4.00 Avg Reward: 8.904747
2026-05-16 23:35:48 [INFO] Epoch: 134 [25600/50000 (51%)]	 Training Loss: 0.154 ACC: 90.62 CR: 0.41 Avg R1: 4.93 Avg R2: 4.03 Avg Reward: 8.966587
2026-05-16 23:36:02 [INFO] Epoch: 134 [38400/50000 (77%)]	 Training Loss: 0.160 ACC: 90.24 CR: 0.42 Avg R1: 4.92 Avg R2: 4.07 Avg Reward: 8.981631
2026-05-16 23:36:14 [INFO] EPOCH:134, ======================CR:0.43282====================
2026-05-16 23:36:14 [INFO] -0.00810112089051472
2026-05-16 23:36:16 [INFO] EPOCH:134, ======================ACC:72.11====================
2026-05-16 23:36:16 [INFO] BEST EPOCH:134,BEST ACC:72.11
2026-05-16 23:36:30 [INFO] Epoch: 135 [12800/50000 (26%)]	 Training Loss: 0.157 ACC: 90.73 CR: 0.44 Avg R1: 4.71 Avg R2: 4.26 Avg Reward: 8.971748
2026-05-16 23:36:42 [INFO] Epoch: 135 [25600/50000 (51%)]	 Training Loss: 0.157 ACC: 90.52 CR: 0.44 Avg R1: 4.69 Avg R2: 4.27 Avg Reward: 8.963807
2026-05-16 23:36:54 [INFO] Epoch: 135 [38400/50000 (77%)]	 Training Loss: 0.159 ACC: 90.15 CR: 0.44 Avg R1: 4.69 Avg R2: 4.27 Avg Reward: 8.961108
2026-05-16 23:37:05 [INFO] EPOCH:135, ======================CR:0.43592====================
2026-05-16 23:37:05 [INFO] -0.003530194480627413
2026-05-16 23:37:07 [INFO] EPOCH:135, ======================ACC:70.31====================
2026-05-16 23:37:07 [INFO] BEST EPOCH:134,BEST ACC:72.11
2026-05-16 23:37:21 [INFO] Epoch: 136 [12800/50000 (26%)]	 Training Loss: 0.150 ACC: 91.02 CR: 0.44 Avg R1: 4.70 Avg R2: 4.26 Avg Reward: 8.961373
2026-05-16 23:37:33 [INFO] Epoch: 136 [25600/50000 (51%)]	 Training Loss: 0.149 ACC: 90.92 CR: 0.44 Avg R1: 4.70 Avg R2: 4.26 Avg Reward: 8.959463
2026-05-16 23:37:46 [INFO] Epoch: 136 [38400/50000 (77%)]	 Training Loss: 0.153 ACC: 90.64 CR: 0.44 Avg R1: 4.69 Avg R2: 4.26 Avg Reward: 8.956325
2026-05-16 23:37:58 [INFO] EPOCH:136, ======================CR:0.44026====================
2026-05-16 23:37:58 [INFO] -0.012806987674269401
2026-05-16 23:38:00 [INFO] EPOCH:136, ======================ACC:71.47====================
2026-05-16 23:38:00 [INFO] BEST EPOCH:134,BEST ACC:72.11
2026-05-16 23:38:15 [INFO] Epoch: 137 [12800/50000 (26%)]	 Training Loss: 0.146 ACC: 91.22 CR: 0.44 Avg R1: 4.65 Avg R2: 4.26 Avg Reward: 8.916308
2026-05-16 23:38:27 [INFO] Epoch: 137 [25600/50000 (51%)]	 Training Loss: 0.146 ACC: 91.21 CR: 0.44 Avg R1: 4.64 Avg R2: 4.27 Avg Reward: 8.914054
2026-05-16 23:38:39 [INFO] Epoch: 137 [38400/50000 (77%)]	 Training Loss: 0.149 ACC: 91.05 CR: 0.44 Avg R1: 4.64 Avg R2: 4.28 Avg Reward: 8.915603
2026-05-16 23:38:50 [INFO] EPOCH:137, ======================CR:0.44292====================
2026-05-16 23:38:50 [INFO] -0.0078081439466807755
2026-05-16 23:38:52 [INFO] EPOCH:137, ======================ACC:72.32====================
2026-05-16 23:38:52 [INFO] BEST EPOCH:137,BEST ACC:72.32
2026-05-16 23:39:05 [INFO] Epoch: 138 [12800/50000 (26%)]	 Training Loss: 0.149 ACC: 90.91 CR: 0.44 Avg R1: 4.66 Avg R2: 4.27 Avg Reward: 8.922340
2026-05-16 23:39:18 [INFO] Epoch: 138 [25600/50000 (51%)]	 Training Loss: 0.151 ACC: 90.80 CR: 0.44 Avg R1: 4.66 Avg R2: 4.26 Avg Reward: 8.925427
2026-05-16 23:39:32 [INFO] Epoch: 138 [38400/50000 (77%)]	 Training Loss: 0.151 ACC: 90.85 CR: 0.44 Avg R1: 4.67 Avg R2: 4.26 Avg Reward: 8.928164
2026-05-16 23:39:44 [INFO] EPOCH:138, ======================CR:0.43418====================
2026-05-16 23:39:44 [INFO] -0.011244092627693589
2026-05-16 23:39:46 [INFO] EPOCH:138, ======================ACC:72.32====================
2026-05-16 23:39:46 [INFO] BEST EPOCH:138,BEST ACC:72.32
2026-05-16 23:39:57 [INFO] Epoch: 139 [12800/50000 (26%)]	 Training Loss: 0.136 ACC: 91.71 CR: 0.43 Avg R1: 4.73 Avg R2: 4.21 Avg Reward: 8.945005
2026-05-16 23:40:09 [INFO] Epoch: 139 [25600/50000 (51%)]	 Training Loss: 0.138 ACC: 91.55 CR: 0.42 Avg R1: 4.76 Avg R2: 4.20 Avg Reward: 8.953898
2026-05-16 23:40:21 [INFO] Epoch: 139 [38400/50000 (77%)]	 Training Loss: 0.141 ACC: 91.32 CR: 0.42 Avg R1: 4.78 Avg R2: 4.18 Avg Reward: 8.963335
2026-05-16 23:40:32 [INFO] EPOCH:139, ======================CR:0.41734====================
2026-05-16 23:40:32 [INFO] -0.00937776142225196
2026-05-16 23:40:34 [INFO] EPOCH:139, ======================ACC:72.14====================
2026-05-16 23:40:34 [INFO] BEST EPOCH:138,BEST ACC:72.32
2026-05-16 23:40:46 [INFO] Epoch: 140 [12800/50000 (26%)]	 Training Loss: 0.130 ACC: 92.22 CR: 0.42 Avg R1: 4.86 Avg R2: 4.11 Avg Reward: 8.974419
2026-05-16 23:41:00 [INFO] Epoch: 140 [25600/50000 (51%)]	 Training Loss: 0.131 ACC: 92.10 CR: 0.42 Avg R1: 4.86 Avg R2: 4.12 Avg Reward: 8.973842
2026-05-16 23:41:13 [INFO] Epoch: 140 [38400/50000 (77%)]	 Training Loss: 0.132 ACC: 91.96 CR: 0.42 Avg R1: 4.85 Avg R2: 4.12 Avg Reward: 8.968652
2026-05-16 23:41:23 [INFO] EPOCH:140, ======================CR:0.425====================
2026-05-16 23:41:23 [INFO] -0.003507585238520544
2026-05-16 23:41:25 [INFO] EPOCH:140, ======================ACC:72.17====================
2026-05-16 23:41:25 [INFO] BEST EPOCH:138,BEST ACC:72.32
2026-05-16 23:41:38 [INFO] Epoch: 141 [12800/50000 (26%)]	 Training Loss: 0.132 ACC: 92.34 CR: 0.43 Avg R1: 4.78 Avg R2: 4.13 Avg Reward: 8.907595
2026-05-16 23:41:51 [INFO] Epoch: 141 [25600/50000 (51%)]	 Training Loss: 0.130 ACC: 92.42 CR: 0.43 Avg R1: 4.76 Avg R2: 4.14 Avg Reward: 8.900715
2026-05-16 23:42:04 [INFO] Epoch: 141 [38400/50000 (77%)]	 Training Loss: 0.130 ACC: 92.35 CR: 0.43 Avg R1: 4.75 Avg R2: 4.15 Avg Reward: 8.896813
2026-05-16 23:42:16 [INFO] EPOCH:141, ======================CR:0.43534====================
2026-05-16 23:42:16 [INFO] -0.004821160494756413
2026-05-16 23:42:18 [INFO] EPOCH:141, ======================ACC:72.35====================
2026-05-16 23:42:18 [INFO] BEST EPOCH:141,BEST ACC:72.35
2026-05-16 23:42:33 [INFO] Epoch: 142 [12800/50000 (26%)]	 Training Loss: 0.133 ACC: 92.28 CR: 0.43 Avg R1: 4.71 Avg R2: 4.18 Avg Reward: 8.885077
2026-05-16 23:42:47 [INFO] Epoch: 142 [25600/50000 (51%)]	 Training Loss: 0.129 ACC: 92.43 CR: 0.44 Avg R1: 4.71 Avg R2: 4.17 Avg Reward: 8.885382
2026-05-16 23:43:01 [INFO] Epoch: 142 [38400/50000 (77%)]	 Training Loss: 0.128 ACC: 92.49 CR: 0.44 Avg R1: 4.71 Avg R2: 4.17 Avg Reward: 8.882625
2026-05-16 23:43:14 [INFO] EPOCH:142, ======================CR:0.43658====================
2026-05-16 23:43:14 [INFO] 0.0012103541175732043
2026-05-16 23:43:16 [INFO] EPOCH:142, ======================ACC:72.03====================
2026-05-16 23:43:16 [INFO] BEST EPOCH:141,BEST ACC:72.35
2026-05-16 23:43:32 [INFO] Epoch: 143 [12800/50000 (26%)]	 Training Loss: 0.119 ACC: 92.98 CR: 0.43 Avg R1: 4.71 Avg R2: 4.15 Avg Reward: 8.856304
2026-05-16 23:43:47 [INFO] Epoch: 143 [25600/50000 (51%)]	 Training Loss: 0.120 ACC: 92.89 CR: 0.43 Avg R1: 4.72 Avg R2: 4.14 Avg Reward: 8.860342
2026-05-16 23:44:01 [INFO] Epoch: 143 [38400/50000 (77%)]	 Training Loss: 0.121 ACC: 92.84 CR: 0.43 Avg R1: 4.72 Avg R2: 4.14 Avg Reward: 8.862590
2026-05-16 23:44:15 [INFO] EPOCH:143, ======================CR:0.43018====================
2026-05-16 23:44:15 [INFO] 0.0002247035192823875
2026-05-16 23:44:17 [INFO] EPOCH:143, ======================ACC:72.75====================
2026-05-16 23:44:17 [INFO] BEST EPOCH:143,BEST ACC:72.75
2026-05-16 23:44:30 [INFO] Epoch: 144 [12800/50000 (26%)]	 Training Loss: 0.116 ACC: 92.99 CR: 0.43 Avg R1: 4.74 Avg R2: 4.12 Avg Reward: 8.863318
2026-05-16 23:44:47 [INFO] Epoch: 144 [25600/50000 (51%)]	 Training Loss: 0.115 ACC: 93.08 CR: 0.43 Avg R1: 4.75 Avg R2: 4.11 Avg Reward: 8.869199
2026-05-16 23:45:03 [INFO] Epoch: 144 [38400/50000 (77%)]	 Training Loss: 0.113 ACC: 93.00 CR: 0.42 Avg R1: 4.77 Avg R2: 4.10 Avg Reward: 8.876811
2026-05-16 23:45:18 [INFO] EPOCH:144, ======================CR:0.41274====================
2026-05-16 23:45:18 [INFO] -0.005011574502254433
2026-05-16 23:45:20 [INFO] EPOCH:144, ======================ACC:73.04====================
2026-05-16 23:45:20 [INFO] BEST EPOCH:144,BEST ACC:73.04
2026-05-16 23:45:34 [INFO] Epoch: 145 [12800/50000 (26%)]	 Training Loss: 0.102 ACC: 93.71 CR: 0.41 Avg R1: 4.91 Avg R2: 4.00 Avg Reward: 8.905333
2026-05-16 23:45:50 [INFO] Epoch: 145 [25600/50000 (51%)]	 Training Loss: 0.103 ACC: 93.67 CR: 0.41 Avg R1: 4.91 Avg R2: 3.99 Avg Reward: 8.905292
2026-05-16 23:46:06 [INFO] Epoch: 145 [38400/50000 (77%)]	 Training Loss: 0.105 ACC: 93.59 CR: 0.41 Avg R1: 4.92 Avg R2: 3.99 Avg Reward: 8.904814
2026-05-16 23:46:21 [INFO] EPOCH:145, ======================CR:0.40852====================
2026-05-16 23:46:21 [INFO] -0.015698670093744337
2026-05-16 23:46:23 [INFO] EPOCH:145, ======================ACC:73.36====================
2026-05-16 23:46:23 [INFO] BEST EPOCH:145,BEST ACC:73.36
2026-05-16 23:46:23 [INFO] Saving Masks: current CR 0.4085 target CR 0.4000
2026-05-16 23:46:23 [INFO] Updated candidate mask pretrained-rescale_mask_best-acc_40_05162140_resnet18 at epoch 145 with acc 73.3600
2026-05-16 23:46:39 [INFO] Epoch: 146 [12800/50000 (26%)]	 Training Loss: 0.102 ACC: 93.76 CR: 0.41 Avg R1: 4.93 Avg R2: 3.94 Avg Reward: 8.870662
2026-05-16 23:46:52 [INFO] Epoch: 146 [25600/50000 (51%)]	 Training Loss: 0.100 ACC: 93.82 CR: 0.41 Avg R1: 4.93 Avg R2: 3.94 Avg Reward: 8.868245
2026-05-16 23:47:09 [INFO] Epoch: 146 [38400/50000 (77%)]	 Training Loss: 0.101 ACC: 93.83 CR: 0.41 Avg R1: 4.93 Avg R2: 3.94 Avg Reward: 8.868971
2026-05-16 23:47:24 [INFO] EPOCH:146, ======================CR:0.40526====================
2026-05-16 23:47:24 [INFO] -0.013964825103240508
2026-05-16 23:47:26 [INFO] EPOCH:146, ======================ACC:73.68====================
2026-05-16 23:47:26 [INFO] BEST EPOCH:146,BEST ACC:73.68
2026-05-16 23:47:26 [INFO] Saving Masks: current CR 0.4053 target CR 0.4000
2026-05-16 23:47:26 [INFO] Updated candidate mask pretrained-rescale_mask_best-acc_40_05162140_resnet18 at epoch 146 with acc 73.6800
2026-05-16 23:47:41 [INFO] Epoch: 147 [12800/50000 (26%)]	 Training Loss: 0.092 ACC: 94.58 CR: 0.41 Avg R1: 4.94 Avg R2: 3.91 Avg Reward: 8.851040
2026-05-16 23:47:58 [INFO] Epoch: 147 [25600/50000 (51%)]	 Training Loss: 0.094 ACC: 94.38 CR: 0.41 Avg R1: 4.93 Avg R2: 3.92 Avg Reward: 8.849273
2026-05-16 23:48:13 [INFO] Epoch: 147 [38400/50000 (77%)]	 Training Loss: 0.095 ACC: 94.31 CR: 0.41 Avg R1: 4.92 Avg R2: 3.92 Avg Reward: 8.845344
2026-05-16 23:48:28 [INFO] EPOCH:147, ======================CR:0.41698====================
2026-05-16 23:48:28 [INFO] -0.013559375605521817
2026-05-16 23:48:30 [INFO] EPOCH:147, ======================ACC:73.62====================
2026-05-16 23:48:30 [INFO] BEST EPOCH:146,BEST ACC:73.68
2026-05-16 23:48:47 [INFO] Epoch: 148 [12800/50000 (26%)]	 Training Loss: 0.097 ACC: 94.37 CR: 0.42 Avg R1: 4.86 Avg R2: 3.93 Avg Reward: 8.797188
2026-05-16 23:49:04 [INFO] Epoch: 148 [25600/50000 (51%)]	 Training Loss: 0.095 ACC: 94.42 CR: 0.42 Avg R1: 4.87 Avg R2: 3.94 Avg Reward: 8.801857
2026-05-16 23:49:20 [INFO] Epoch: 148 [38400/50000 (77%)]	 Training Loss: 0.095 ACC: 94.40 CR: 0.41 Avg R1: 4.87 Avg R2: 3.94 Avg Reward: 8.805155
2026-05-16 23:49:34 [INFO] EPOCH:148, ======================CR:0.41246====================
2026-05-16 23:49:34 [INFO] -0.004308517800064228
2026-05-16 23:49:36 [INFO] EPOCH:148, ======================ACC:73.03====================
2026-05-16 23:49:36 [INFO] BEST EPOCH:146,BEST ACC:73.68
2026-05-16 23:49:51 [INFO] Epoch: 149 [12800/50000 (26%)]	 Training Loss: 0.085 ACC: 94.97 CR: 0.41 Avg R1: 4.90 Avg R2: 3.89 Avg Reward: 8.794200
2026-05-16 23:50:07 [INFO] Epoch: 149 [25600/50000 (51%)]	 Training Loss: 0.086 ACC: 94.87 CR: 0.41 Avg R1: 4.91 Avg R2: 3.89 Avg Reward: 8.798698
2026-05-16 23:50:22 [INFO] Epoch: 149 [38400/50000 (77%)]	 Training Loss: 0.087 ACC: 94.65 CR: 0.41 Avg R1: 4.92 Avg R2: 3.88 Avg Reward: 8.802821
2026-05-16 23:50:36 [INFO] EPOCH:149, ======================CR:0.40318====================
2026-05-16 23:50:36 [INFO] -0.013561700473332317
2026-05-16 23:50:38 [INFO] EPOCH:149, ======================ACC:74.68====================
2026-05-16 23:50:38 [INFO] BEST EPOCH:149,BEST ACC:74.68
2026-05-16 23:50:38 [INFO] Saving Masks: current CR 0.4032 target CR 0.4000
2026-05-16 23:50:38 [INFO] Updated candidate mask pretrained-rescale_mask_best-acc_40_05162140_resnet18 at epoch 149 with acc 74.6800
2026-05-16 23:50:53 [INFO] Epoch: 150 [12800/50000 (26%)]	 Training Loss: 0.085 ACC: 95.40 CR: 0.40 Avg R1: 4.97 Avg R2: 3.82 Avg Reward: 8.793473
2026-05-16 23:51:09 [INFO] Epoch: 150 [25600/50000 (51%)]	 Training Loss: 0.086 ACC: 95.15 CR: 0.41 Avg R1: 4.96 Avg R2: 3.82 Avg Reward: 8.787533
2026-05-16 23:51:24 [INFO] Epoch: 150 [38400/50000 (77%)]	 Training Loss: 0.086 ACC: 95.09 CR: 0.41 Avg R1: 4.95 Avg R2: 3.83 Avg Reward: 8.782921
2026-05-16 23:51:39 [INFO] EPOCH:150, ======================CR:0.40998====================
2026-05-16 23:51:39 [INFO] -0.0038080063769806286
2026-05-16 23:51:41 [INFO] EPOCH:150, ======================ACC:74.76====================
2026-05-16 23:51:41 [INFO] BEST EPOCH:150,BEST ACC:74.76
2026-05-16 23:51:41 [INFO] Saving Masks: current CR 0.4100 target CR 0.4000
2026-05-16 23:51:41 [INFO] Updated candidate mask pretrained-rescale_mask_best-acc_40_05162140_resnet18 at epoch 150 with acc 74.7600
2026-05-16 23:51:58 [INFO] Epoch: 151 [12800/50000 (26%)]	 Training Loss: 0.084 ACC: 95.42 CR: 0.41 Avg R1: 4.91 Avg R2: 3.85 Avg Reward: 8.755262
2026-05-16 23:52:14 [INFO] Epoch: 151 [25600/50000 (51%)]	 Training Loss: 0.083 ACC: 95.43 CR: 0.41 Avg R1: 4.90 Avg R2: 3.85 Avg Reward: 8.752805
2026-05-16 23:52:30 [INFO] Epoch: 151 [38400/50000 (77%)]	 Training Loss: 0.083 ACC: 95.36 CR: 0.42 Avg R1: 4.89 Avg R2: 3.86 Avg Reward: 8.751974
2026-05-16 23:52:44 [INFO] EPOCH:151, ======================CR:0.41844====================
2026-05-16 23:52:44 [INFO] -0.008229786536522316
2026-05-16 23:52:47 [INFO] EPOCH:151, ======================ACC:74.31====================
2026-05-16 23:52:47 [INFO] BEST EPOCH:150,BEST ACC:74.76
2026-05-16 23:53:01 [INFO] Epoch: 152 [12800/50000 (26%)]	 Training Loss: 0.082 ACC: 95.30 CR: 0.42 Avg R1: 4.85 Avg R2: 3.87 Avg Reward: 8.720121
2026-05-16 23:53:17 [INFO] Epoch: 152 [25600/50000 (51%)]	 Training Loss: 0.079 ACC: 95.41 CR: 0.42 Avg R1: 4.84 Avg R2: 3.88 Avg Reward: 8.713092
2026-05-16 23:53:30 [INFO] Epoch: 152 [38400/50000 (77%)]	 Training Loss: 0.082 ACC: 95.38 CR: 0.43 Avg R1: 4.82 Avg R2: 3.88 Avg Reward: 8.705467
2026-05-16 23:53:45 [INFO] EPOCH:152, ======================CR:0.42662====================
2026-05-16 23:53:45 [INFO] -0.009351039265740086
2026-05-16 23:53:47 [INFO] EPOCH:152, ======================ACC:74.38====================
2026-05-16 23:53:47 [INFO] BEST EPOCH:150,BEST ACC:74.76
2026-05-16 23:54:02 [INFO] Epoch: 153 [12800/50000 (26%)]	 Training Loss: 0.073 ACC: 95.83 CR: 0.42 Avg R1: 4.79 Avg R2: 3.87 Avg Reward: 8.651781
2026-05-16 23:54:16 [INFO] Epoch: 153 [25600/50000 (51%)]	 Training Loss: 0.073 ACC: 95.82 CR: 0.42 Avg R1: 4.80 Avg R2: 3.86 Avg Reward: 8.657338
2026-05-16 23:54:31 [INFO] Epoch: 153 [38400/50000 (77%)]	 Training Loss: 0.076 ACC: 95.63 CR: 0.42 Avg R1: 4.81 Avg R2: 3.85 Avg Reward: 8.661895
2026-05-16 23:54:45 [INFO] EPOCH:153, ======================CR:0.40784====================
2026-05-16 23:54:45 [INFO] -0.011753478612157836
2026-05-16 23:54:47 [INFO] EPOCH:153, ======================ACC:74.96====================
2026-05-16 23:54:47 [INFO] BEST EPOCH:153,BEST ACC:74.96
2026-05-16 23:54:47 [INFO] Saving Masks: current CR 0.4078 target CR 0.4000
2026-05-16 23:54:47 [INFO] Updated candidate mask pretrained-rescale_mask_best-acc_40_05162140_resnet18 at epoch 153 with acc 74.9600
2026-05-16 23:55:03 [INFO] Epoch: 154 [12800/50000 (26%)]	 Training Loss: 0.072 ACC: 96.05 CR: 0.41 Avg R1: 4.93 Avg R2: 3.76 Avg Reward: 8.693268
2026-05-16 23:55:16 [INFO] Epoch: 154 [25600/50000 (51%)]	 Training Loss: 0.072 ACC: 96.09 CR: 0.41 Avg R1: 4.93 Avg R2: 3.76 Avg Reward: 8.695930
2026-05-16 23:55:28 [INFO] Epoch: 154 [38400/50000 (77%)]	 Training Loss: 0.075 ACC: 95.86 CR: 0.41 Avg R1: 4.93 Avg R2: 3.77 Avg Reward: 8.696403
2026-05-16 23:55:39 [INFO] EPOCH:154, ======================CR:0.41024====================
2026-05-16 23:55:39 [INFO] -0.0030399677539147845
2026-05-16 23:55:41 [INFO] EPOCH:154, ======================ACC:75.58====================
2026-05-16 23:55:41 [INFO] BEST EPOCH:154,BEST ACC:75.58
2026-05-16 23:55:56 [INFO] Epoch: 155 [12800/50000 (26%)]	 Training Loss: 0.067 ACC: 96.16 CR: 0.41 Avg R1: 4.92 Avg R2: 3.75 Avg Reward: 8.667270
2026-05-16 23:56:13 [INFO] Epoch: 155 [25600/50000 (51%)]	 Training Loss: 0.069 ACC: 95.97 CR: 0.41 Avg R1: 4.92 Avg R2: 3.75 Avg Reward: 8.665116
2026-05-16 23:56:25 [INFO] Epoch: 155 [38400/50000 (77%)]	 Training Loss: 0.069 ACC: 96.04 CR: 0.41 Avg R1: 4.93 Avg R2: 3.74 Avg Reward: 8.668389
2026-05-16 23:56:39 [INFO] EPOCH:155, ======================CR:0.40476====================
2026-05-16 23:56:39 [INFO] -0.014892712300065732
2026-05-16 23:56:42 [INFO] EPOCH:155, ======================ACC:75.42====================
2026-05-16 23:56:42 [INFO] BEST EPOCH:154,BEST ACC:75.58
2026-05-16 23:56:42 [INFO] Saving Masks: current CR 0.4048 target CR 0.4000
2026-05-16 23:56:42 [INFO] Updated candidate mask pretrained-rescale_mask_best-acc_40_05162140_resnet18 at epoch 155 with acc 75.4200
2026-05-16 23:56:56 [INFO] Epoch: 156 [12800/50000 (26%)]	 Training Loss: 0.065 ACC: 96.38 CR: 0.41 Avg R1: 4.96 Avg R2: 3.69 Avg Reward: 8.644874
2026-05-16 23:57:12 [INFO] Epoch: 156 [25600/50000 (51%)]	 Training Loss: 0.066 ACC: 96.33 CR: 0.41 Avg R1: 4.95 Avg R2: 3.69 Avg Reward: 8.643718
2026-05-16 23:57:27 [INFO] Epoch: 156 [38400/50000 (77%)]	 Training Loss: 0.068 ACC: 96.23 CR: 0.41 Avg R1: 4.95 Avg R2: 3.69 Avg Reward: 8.644657
2026-05-16 23:57:40 [INFO] EPOCH:156, ======================CR:0.4042====================
2026-05-16 23:57:40 [INFO] -0.01683447526277532
2026-05-16 23:57:42 [INFO] EPOCH:156, ======================ACC:75.07====================
2026-05-16 23:57:42 [INFO] BEST EPOCH:155,BEST ACC:75.58
2026-05-16 23:57:42 [INFO] Saving Masks: current CR 0.4042 target CR 0.4000
2026-05-16 23:57:58 [INFO] Epoch: 157 [12800/50000 (26%)]	 Training Loss: 0.063 ACC: 96.59 CR: 0.40 Avg R1: 4.97 Avg R2: 3.68 Avg Reward: 8.644497
2026-05-16 23:58:13 [INFO] Epoch: 157 [25600/50000 (51%)]	 Training Loss: 0.063 ACC: 96.64 CR: 0.40 Avg R1: 4.97 Avg R2: 3.68 Avg Reward: 8.642379
2026-05-16 23:58:29 [INFO] Epoch: 157 [38400/50000 (77%)]	 Training Loss: 0.063 ACC: 96.54 CR: 0.40 Avg R1: 4.97 Avg R2: 3.67 Avg Reward: 8.642476
2026-05-16 23:58:43 [INFO] EPOCH:157, ======================CR:0.4002====================
2026-05-16 23:58:43 [INFO] -0.009213961811825678
2026-05-16 23:58:45 [INFO] EPOCH:157, ======================ACC:75.2====================
2026-05-16 23:58:45 [INFO] BEST EPOCH:155,BEST ACC:75.58
2026-05-16 23:58:45 [INFO] Saving Masks: current CR 0.4002 target CR 0.4000
2026-05-16 23:59:02 [INFO] Epoch: 158 [12800/50000 (26%)]	 Training Loss: 0.060 ACC: 96.65 CR: 0.40 Avg R1: 4.99 Avg R2: 3.62 Avg Reward: 8.611193
2026-05-16 23:59:17 [INFO] Epoch: 158 [25600/50000 (51%)]	 Training Loss: 0.059 ACC: 96.85 CR: 0.40 Avg R1: 4.99 Avg R2: 3.62 Avg Reward: 8.612489
2026-05-16 23:59:33 [INFO] Epoch: 158 [38400/50000 (77%)]	 Training Loss: 0.059 ACC: 96.83 CR: 0.40 Avg R1: 4.99 Avg R2: 3.62 Avg Reward: 8.612437
2026-05-16 23:59:48 [INFO] EPOCH:158, ======================CR:0.40296====================
2026-05-16 23:59:48 [INFO] -0.01641257915035423
2026-05-16 23:59:50 [INFO] EPOCH:158, ======================ACC:75.32====================
2026-05-16 23:59:50 [INFO] BEST EPOCH:155,BEST ACC:75.58
2026-05-16 23:59:50 [INFO] Saving Masks: current CR 0.4030 target CR 0.4000
2026-05-17 00:00:03 [INFO] Epoch: 159 [12800/50000 (26%)]	 Training Loss: 0.059 ACC: 96.90 CR: 0.40 Avg R1: 4.99 Avg R2: 3.59 Avg Reward: 8.576958
2026-05-17 00:00:19 [INFO] Epoch: 159 [25600/50000 (51%)]	 Training Loss: 0.056 ACC: 97.05 CR: 0.40 Avg R1: 4.99 Avg R2: 3.59 Avg Reward: 8.577789
2026-05-17 00:00:34 [INFO] Epoch: 159 [38400/50000 (77%)]	 Training Loss: 0.056 ACC: 97.10 CR: 0.40 Avg R1: 4.99 Avg R2: 3.59 Avg Reward: 8.578699
2026-05-17 00:00:47 [INFO] EPOCH:159, ======================CR:0.40508====================
2026-05-17 00:00:47 [INFO] -0.0019281675941338115
2026-05-17 00:00:49 [INFO] EPOCH:159, ======================ACC:75.05====================
2026-05-17 00:00:49 [INFO] BEST EPOCH:155,BEST ACC:75.58
2026-05-17 00:00:49 [INFO] Saving Masks: current CR 0.4051 target CR 0.4000
2026-05-17 00:01:04 [INFO] Epoch: 160 [12800/50000 (26%)]	 Training Loss: 0.057 ACC: 97.22 CR: 0.41 Avg R1: 4.95 Avg R2: 3.61 Avg Reward: 8.557632
2026-05-17 00:01:20 [INFO] Epoch: 160 [25600/50000 (51%)]	 Training Loss: 0.056 ACC: 97.21 CR: 0.41 Avg R1: 4.94 Avg R2: 3.61 Avg Reward: 8.553270
2026-05-17 00:01:37 [INFO] Epoch: 160 [38400/50000 (77%)]	 Training Loss: 0.056 ACC: 97.15 CR: 0.41 Avg R1: 4.93 Avg R2: 3.61 Avg Reward: 8.548860
2026-05-17 00:01:52 [INFO] EPOCH:160, ======================CR:0.41528====================
2026-05-17 00:01:52 [INFO] -0.007924349539352804
2026-05-17 00:01:54 [INFO] EPOCH:160, ======================ACC:75.97====================
2026-05-17 00:01:54 [INFO] BEST EPOCH:160,BEST ACC:75.97
2026-05-17 00:02:12 [INFO] Epoch: 161 [12800/50000 (26%)]	 Training Loss: 0.053 ACC: 97.32 CR: 0.42 Avg R1: 4.88 Avg R2: 3.62 Avg Reward: 8.495790
2026-05-17 00:02:28 [INFO] Epoch: 161 [25600/50000 (51%)]	 Training Loss: 0.054 ACC: 97.23 CR: 0.42 Avg R1: 4.88 Avg R2: 3.62 Avg Reward: 8.494935
2026-05-17 00:02:46 [INFO] Epoch: 161 [38400/50000 (77%)]	 Training Loss: 0.054 ACC: 97.21 CR: 0.41 Avg R1: 4.88 Avg R2: 3.62 Avg Reward: 8.493454
2026-05-17 00:03:00 [INFO] EPOCH:161, ======================CR:0.41168====================
2026-05-17 00:03:00 [INFO] -0.005286287443593407
2026-05-17 00:03:02 [INFO] EPOCH:161, ======================ACC:75.7====================
2026-05-17 00:03:02 [INFO] BEST EPOCH:160,BEST ACC:75.97
2026-05-17 00:03:18 [INFO] Epoch: 162 [12800/50000 (26%)]	 Training Loss: 0.055 ACC: 97.18 CR: 0.41 Avg R1: 4.92 Avg R2: 3.58 Avg Reward: 8.495692
2026-05-17 00:03:33 [INFO] Epoch: 162 [25600/50000 (51%)]	 Training Loss: 0.052 ACC: 97.40 CR: 0.41 Avg R1: 4.93 Avg R2: 3.57 Avg Reward: 8.497476
2026-05-17 00:03:49 [INFO] Epoch: 162 [38400/50000 (77%)]	 Training Loss: 0.052 ACC: 97.38 CR: 0.40 Avg R1: 4.94 Avg R2: 3.57 Avg Reward: 8.503167
2026-05-17 00:04:03 [INFO] EPOCH:162, ======================CR:0.40308====================
2026-05-17 00:04:03 [INFO] -0.016037420711912085
2026-05-17 00:04:06 [INFO] EPOCH:162, ======================ACC:75.99====================
2026-05-17 00:04:06 [INFO] BEST EPOCH:162,BEST ACC:75.99
2026-05-17 00:04:06 [INFO] Saving Masks: current CR 0.4031 target CR 0.4000
2026-05-17 00:04:06 [INFO] Updated candidate mask pretrained-rescale_mask_best-acc_40_05162140_resnet18 at epoch 162 with acc 75.9900
2026-05-17 00:04:21 [INFO] Epoch: 163 [12800/50000 (26%)]	 Training Loss: 0.045 ACC: 97.95 CR: 0.40 Avg R1: 4.96 Avg R2: 3.52 Avg Reward: 8.484259
2026-05-17 00:04:38 [INFO] Epoch: 163 [25600/50000 (51%)]	 Training Loss: 0.046 ACC: 97.93 CR: 0.40 Avg R1: 4.97 Avg R2: 3.52 Avg Reward: 8.488316
2026-05-17 00:04:53 [INFO] Epoch: 163 [38400/50000 (77%)]	 Training Loss: 0.048 ACC: 97.74 CR: 0.40 Avg R1: 4.97 Avg R2: 3.52 Avg Reward: 8.488861
2026-05-17 00:05:08 [INFO] EPOCH:163, ======================CR:0.40348====================
2026-05-17 00:05:08 [INFO] -0.007603662074194609
2026-05-17 00:05:10 [INFO] EPOCH:163, ======================ACC:76.19====================
2026-05-17 00:05:10 [INFO] BEST EPOCH:163,BEST ACC:76.19
2026-05-17 00:05:10 [INFO] Saving Masks: current CR 0.4035 target CR 0.4000
2026-05-17 00:05:10 [INFO] Updated candidate mask pretrained-rescale_mask_best-acc_40_05162140_resnet18 at epoch 163 with acc 76.1900
2026-05-17 00:05:26 [INFO] Epoch: 164 [12800/50000 (26%)]	 Training Loss: 0.045 ACC: 97.77 CR: 0.40 Avg R1: 4.97 Avg R2: 3.50 Avg Reward: 8.467498
2026-05-17 00:05:41 [INFO] Epoch: 164 [25600/50000 (51%)]	 Training Loss: 0.046 ACC: 97.65 CR: 0.40 Avg R1: 4.97 Avg R2: 3.50 Avg Reward: 8.469582
2026-05-17 00:05:58 [INFO] Epoch: 164 [38400/50000 (77%)]	 Training Loss: 0.046 ACC: 97.67 CR: 0.41 Avg R1: 4.97 Avg R2: 3.50 Avg Reward: 8.468804
2026-05-17 00:06:12 [INFO] EPOCH:164, ======================CR:0.40824====================
2026-05-17 00:06:12 [INFO] -0.0016543498684988983
2026-05-17 00:06:14 [INFO] EPOCH:164, ======================ACC:76.26====================
2026-05-17 00:06:14 [INFO] BEST EPOCH:164,BEST ACC:76.26
2026-05-17 00:06:14 [INFO] Saving Masks: current CR 0.4082 target CR 0.4000
2026-05-17 00:06:14 [INFO] Updated candidate mask pretrained-rescale_mask_best-acc_40_05162140_resnet18 at epoch 164 with acc 76.2600
2026-05-17 00:06:30 [INFO] Epoch: 165 [12800/50000 (26%)]	 Training Loss: 0.043 ACC: 98.06 CR: 0.41 Avg R1: 4.92 Avg R2: 3.51 Avg Reward: 8.430020
2026-05-17 00:06:46 [INFO] Epoch: 165 [25600/50000 (51%)]	 Training Loss: 0.045 ACC: 97.93 CR: 0.41 Avg R1: 4.92 Avg R2: 3.51 Avg Reward: 8.429763
2026-05-17 00:07:01 [INFO] Epoch: 165 [38400/50000 (77%)]	 Training Loss: 0.045 ACC: 97.87 CR: 0.41 Avg R1: 4.91 Avg R2: 3.51 Avg Reward: 8.426117
2026-05-17 00:07:16 [INFO] EPOCH:165, ======================CR:0.41118====================
2026-05-17 00:07:16 [INFO] -0.020208261365371596
2026-05-17 00:07:18 [INFO] EPOCH:165, ======================ACC:76.15====================
2026-05-17 00:07:18 [INFO] BEST EPOCH:164,BEST ACC:76.26
2026-05-17 00:07:34 [INFO] Epoch: 166 [12800/50000 (26%)]	 Training Loss: 0.041 ACC: 98.05 CR: 0.41 Avg R1: 4.91 Avg R2: 3.48 Avg Reward: 8.395146
2026-05-17 00:07:50 [INFO] Epoch: 166 [25600/50000 (51%)]	 Training Loss: 0.041 ACC: 97.99 CR: 0.41 Avg R1: 4.93 Avg R2: 3.47 Avg Reward: 8.400528
2026-05-17 00:08:06 [INFO] Epoch: 166 [38400/50000 (77%)]	 Training Loss: 0.042 ACC: 97.99 CR: 0.40 Avg R1: 4.94 Avg R2: 3.47 Avg Reward: 8.405348
2026-05-17 00:08:19 [INFO] EPOCH:166, ======================CR:0.39808====================
2026-05-17 00:08:19 [INFO] -0.01346227058751693
2026-05-17 00:08:21 [INFO] EPOCH:166, ======================ACC:76.29====================
2026-05-17 00:08:21 [INFO] BEST EPOCH:166,BEST ACC:76.29
2026-05-17 00:08:21 [INFO] Saving Masks: current CR 0.3981 target CR 0.4000
2026-05-17 00:08:21 [INFO] Updated candidate mask pretrained-rescale_mask_best-acc_40_05162140_resnet18 at epoch 166 with acc 76.2900
2026-05-17 00:08:37 [INFO] Epoch: 167 [12800/50000 (26%)]	 Training Loss: 0.040 ACC: 98.08 CR: 0.40 Avg R1: 4.97 Avg R2: 3.39 Avg Reward: 8.363960
2026-05-17 00:08:52 [INFO] Epoch: 167 [25600/50000 (51%)]	 Training Loss: 0.039 ACC: 98.09 CR: 0.40 Avg R1: 4.98 Avg R2: 3.40 Avg Reward: 8.378114
2026-05-17 00:09:08 [INFO] Epoch: 167 [38400/50000 (77%)]	 Training Loss: 0.040 ACC: 98.05 CR: 0.41 Avg R1: 4.97 Avg R2: 3.41 Avg Reward: 8.384440
2026-05-17 00:09:22 [INFO] EPOCH:167, ======================CR:0.41282====================
2026-05-17 00:09:22 [INFO] -0.008944285269307012
2026-05-17 00:09:24 [INFO] EPOCH:167, ======================ACC:76.24====================
2026-05-17 00:09:24 [INFO] BEST EPOCH:166,BEST ACC:76.29
2026-05-17 00:09:40 [INFO] Epoch: 168 [12800/50000 (26%)]	 Training Loss: 0.039 ACC: 98.23 CR: 0.41 Avg R1: 4.88 Avg R2: 3.45 Avg Reward: 8.335125
2026-05-17 00:09:55 [INFO] Epoch: 168 [25600/50000 (51%)]	 Training Loss: 0.039 ACC: 98.25 CR: 0.41 Avg R1: 4.88 Avg R2: 3.46 Avg Reward: 8.334978
2026-05-17 00:10:12 [INFO] Epoch: 168 [38400/50000 (77%)]	 Training Loss: 0.039 ACC: 98.26 CR: 0.41 Avg R1: 4.88 Avg R2: 3.46 Avg Reward: 8.338940
2026-05-17 00:10:25 [INFO] EPOCH:168, ======================CR:0.41738====================
2026-05-17 00:10:25 [INFO] -0.0068979753061609765
2026-05-17 00:10:27 [INFO] EPOCH:168, ======================ACC:76.35====================
2026-05-17 00:10:27 [INFO] BEST EPOCH:168,BEST ACC:76.35
2026-05-17 00:10:43 [INFO] Epoch: 169 [12800/50000 (26%)]	 Training Loss: 0.040 ACC: 98.23 CR: 0.42 Avg R1: 4.85 Avg R2: 3.45 Avg Reward: 8.300011
2026-05-17 00:11:03 [INFO] Epoch: 169 [25600/50000 (51%)]	 Training Loss: 0.039 ACC: 98.23 CR: 0.42 Avg R1: 4.86 Avg R2: 3.44 Avg Reward: 8.300792
2026-05-17 00:11:17 [INFO] Epoch: 169 [38400/50000 (77%)]	 Training Loss: 0.039 ACC: 98.20 CR: 0.41 Avg R1: 4.86 Avg R2: 3.44 Avg Reward: 8.302376
2026-05-17 00:11:32 [INFO] EPOCH:169, ======================CR:0.4144====================
2026-05-17 00:11:32 [INFO] -0.010107898234781932
2026-05-17 00:11:34 [INFO] EPOCH:169, ======================ACC:76.73====================
2026-05-17 00:11:34 [INFO] BEST EPOCH:169,BEST ACC:76.73
2026-05-17 00:11:51 [INFO] Epoch: 170 [12800/50000 (26%)]	 Training Loss: 0.034 ACC: 98.41 CR: 0.41 Avg R1: 4.89 Avg R2: 3.42 Avg Reward: 8.305426
2026-05-17 00:12:07 [INFO] Epoch: 170 [25600/50000 (51%)]	 Training Loss: 0.035 ACC: 98.39 CR: 0.41 Avg R1: 4.90 Avg R2: 3.41 Avg Reward: 8.311772
2026-05-17 00:12:24 [INFO] Epoch: 170 [38400/50000 (77%)]	 Training Loss: 0.036 ACC: 98.35 CR: 0.41 Avg R1: 4.91 Avg R2: 3.40 Avg Reward: 8.316567
2026-05-17 00:12:41 [INFO] EPOCH:170, ======================CR:0.40682====================
2026-05-17 00:12:41 [INFO] -0.013849149368126173
2026-05-17 00:12:43 [INFO] EPOCH:170, ======================ACC:77.05====================
2026-05-17 00:12:43 [INFO] BEST EPOCH:170,BEST ACC:77.05
2026-05-17 00:12:43 [INFO] Saving Masks: current CR 0.4068 target CR 0.4000
2026-05-17 00:12:43 [INFO] Updated candidate mask pretrained-rescale_mask_best-acc_40_05162140_resnet18 at epoch 170 with acc 77.0500
2026-05-17 00:13:03 [INFO] Epoch: 171 [12800/50000 (26%)]	 Training Loss: 0.037 ACC: 98.30 CR: 0.41 Avg R1: 4.94 Avg R2: 3.36 Avg Reward: 8.304532
2026-05-17 00:13:21 [INFO] Epoch: 171 [25600/50000 (51%)]	 Training Loss: 0.035 ACC: 98.32 CR: 0.41 Avg R1: 4.94 Avg R2: 3.36 Avg Reward: 8.307758
2026-05-17 00:13:40 [INFO] Epoch: 171 [38400/50000 (77%)]	 Training Loss: 0.035 ACC: 98.36 CR: 0.41 Avg R1: 4.95 Avg R2: 3.36 Avg Reward: 8.310542
2026-05-17 00:13:57 [INFO] EPOCH:171, ======================CR:0.40346====================
2026-05-17 00:13:57 [INFO] -0.017176316989582788
2026-05-17 00:13:59 [INFO] EPOCH:171, ======================ACC:77.01====================
2026-05-17 00:13:59 [INFO] BEST EPOCH:170,BEST ACC:77.05
2026-05-17 00:13:59 [INFO] Saving Masks: current CR 0.4035 target CR 0.4000
2026-05-17 00:14:18 [INFO] Epoch: 172 [12800/50000 (26%)]	 Training Loss: 0.031 ACC: 98.53 CR: 0.40 Avg R1: 4.98 Avg R2: 3.32 Avg Reward: 8.296270
2026-05-17 00:14:37 [INFO] Epoch: 172 [25600/50000 (51%)]	 Training Loss: 0.031 ACC: 98.56 CR: 0.40 Avg R1: 4.98 Avg R2: 3.31 Avg Reward: 8.288980
2026-05-17 00:14:56 [INFO] Epoch: 172 [38400/50000 (77%)]	 Training Loss: 0.032 ACC: 98.49 CR: 0.40 Avg R1: 4.97 Avg R2: 3.30 Avg Reward: 8.275454
2026-05-17 00:15:14 [INFO] EPOCH:172, ======================CR:0.39612====================
2026-05-17 00:15:14 [INFO] -0.013188475583799233
2026-05-17 00:15:16 [INFO] EPOCH:172, ======================ACC:76.79====================
2026-05-17 00:15:16 [INFO] BEST EPOCH:170,BEST ACC:77.05
2026-05-17 00:15:16 [INFO] Saving Masks: current CR 0.3961 target CR 0.4000
2026-05-17 00:15:36 [INFO] Epoch: 173 [12800/50000 (26%)]	 Training Loss: 0.033 ACC: 98.48 CR: 0.40 Avg R1: 4.95 Avg R2: 3.26 Avg Reward: 8.216053
2026-05-17 00:15:55 [INFO] Epoch: 173 [25600/50000 (51%)]	 Training Loss: 0.033 ACC: 98.46 CR: 0.40 Avg R1: 4.97 Avg R2: 3.27 Avg Reward: 8.243372
2026-05-17 00:16:14 [INFO] Epoch: 173 [38400/50000 (77%)]	 Training Loss: 0.033 ACC: 98.48 CR: 0.41 Avg R1: 4.96 Avg R2: 3.29 Avg Reward: 8.246238
2026-05-17 00:16:32 [INFO] EPOCH:173, ======================CR:0.41628====================
2026-05-17 00:16:32 [INFO] -0.012950613682866258
2026-05-17 00:16:34 [INFO] EPOCH:173, ======================ACC:76.73====================
2026-05-17 00:16:34 [INFO] BEST EPOCH:170,BEST ACC:77.05
2026-05-17 00:16:52 [INFO] Epoch: 174 [12800/50000 (26%)]	 Training Loss: 0.033 ACC: 98.58 CR: 0.42 Avg R1: 4.86 Avg R2: 3.34 Avg Reward: 8.204786
2026-05-17 00:17:11 [INFO] Epoch: 174 [25600/50000 (51%)]	 Training Loss: 0.033 ACC: 98.64 CR: 0.42 Avg R1: 4.86 Avg R2: 3.35 Avg Reward: 8.204227
2026-05-17 00:17:30 [INFO] Epoch: 174 [38400/50000 (77%)]	 Training Loss: 0.033 ACC: 98.60 CR: 0.42 Avg R1: 4.86 Avg R2: 3.35 Avg Reward: 8.205323
2026-05-17 00:17:48 [INFO] EPOCH:174, ======================CR:0.42168====================
2026-05-17 00:17:48 [INFO] -0.012299029502914189
2026-05-17 00:17:50 [INFO] EPOCH:174, ======================ACC:77.53====================
2026-05-17 00:17:50 [INFO] BEST EPOCH:174,BEST ACC:77.53
2026-05-17 00:18:08 [INFO] Epoch: 175 [12800/50000 (26%)]	 Training Loss: 0.030 ACC: 98.84 CR: 0.42 Avg R1: 4.83 Avg R2: 3.35 Avg Reward: 8.177070
2026-05-17 00:18:26 [INFO] Epoch: 175 [25600/50000 (51%)]	 Training Loss: 0.031 ACC: 98.77 CR: 0.42 Avg R1: 4.82 Avg R2: 3.35 Avg Reward: 8.176251
2026-05-17 00:18:43 [INFO] Epoch: 175 [38400/50000 (77%)]	 Training Loss: 0.031 ACC: 98.73 CR: 0.42 Avg R1: 4.83 Avg R2: 3.35 Avg Reward: 8.180261
2026-05-17 00:19:01 [INFO] EPOCH:175, ======================CR:0.41774====================
2026-05-17 00:19:01 [INFO] -0.01204720610630248
2026-05-17 00:19:03 [INFO] EPOCH:175, ======================ACC:77.53====================
2026-05-17 00:19:03 [INFO] BEST EPOCH:175,BEST ACC:77.53
2026-05-17 00:19:19 [INFO] Epoch: 176 [12800/50000 (26%)]	 Training Loss: 0.028 ACC: 98.93 CR: 0.42 Avg R1: 4.85 Avg R2: 3.32 Avg Reward: 8.169536
2026-05-17 00:19:37 [INFO] Epoch: 176 [25600/50000 (51%)]	 Training Loss: 0.028 ACC: 98.91 CR: 0.42 Avg R1: 4.85 Avg R2: 3.32 Avg Reward: 8.169473
2026-05-17 00:19:58 [INFO] Epoch: 176 [38400/50000 (77%)]	 Training Loss: 0.028 ACC: 98.85 CR: 0.42 Avg R1: 4.86 Avg R2: 3.32 Avg Reward: 8.173607
2026-05-17 00:20:15 [INFO] EPOCH:176, ======================CR:0.41638====================
2026-05-17 00:20:15 [INFO] -0.008213877858439212
2026-05-17 00:20:17 [INFO] EPOCH:176, ======================ACC:77.43====================
2026-05-17 00:20:17 [INFO] BEST EPOCH:175,BEST ACC:77.53
2026-05-17 00:20:35 [INFO] Epoch: 177 [12800/50000 (26%)]	 Training Loss: 0.031 ACC: 98.73 CR: 0.42 Avg R1: 4.87 Avg R2: 3.29 Avg Reward: 8.159737
2026-05-17 00:20:54 [INFO] Epoch: 177 [25600/50000 (51%)]	 Training Loss: 0.030 ACC: 98.77 CR: 0.42 Avg R1: 4.87 Avg R2: 3.29 Avg Reward: 8.159113
2026-05-17 00:21:10 [INFO] Epoch: 177 [38400/50000 (77%)]	 Training Loss: 0.029 ACC: 98.81 CR: 0.42 Avg R1: 4.87 Avg R2: 3.29 Avg Reward: 8.158887
2026-05-17 00:21:28 [INFO] EPOCH:177, ======================CR:0.41534====================
2026-05-17 00:21:28 [INFO] -0.010086714216769828
2026-05-17 00:21:30 [INFO] EPOCH:177, ======================ACC:77.42====================
2026-05-17 00:21:30 [INFO] BEST EPOCH:175,BEST ACC:77.53
2026-05-17 00:21:48 [INFO] Epoch: 178 [12800/50000 (26%)]	 Training Loss: 0.026 ACC: 98.84 CR: 0.42 Avg R1: 4.88 Avg R2: 3.27 Avg Reward: 8.148041
2026-05-17 00:22:05 [INFO] Epoch: 178 [25600/50000 (51%)]	 Training Loss: 0.027 ACC: 98.85 CR: 0.41 Avg R1: 4.88 Avg R2: 3.27 Avg Reward: 8.150585
2026-05-17 00:22:23 [INFO] Epoch: 178 [38400/50000 (77%)]	 Training Loss: 0.027 ACC: 98.84 CR: 0.41 Avg R1: 4.89 Avg R2: 3.27 Avg Reward: 8.154625
2026-05-17 00:22:40 [INFO] EPOCH:178, ======================CR:0.4102====================
2026-05-17 00:22:40 [INFO] -0.010592599062614923
2026-05-17 00:22:42 [INFO] EPOCH:178, ======================ACC:77.57====================
2026-05-17 00:22:42 [INFO] BEST EPOCH:178,BEST ACC:77.57
2026-05-17 00:22:58 [INFO] Epoch: 179 [12800/50000 (26%)]	 Training Loss: 0.027 ACC: 98.85 CR: 0.41 Avg R1: 4.89 Avg R2: 3.26 Avg Reward: 8.146984
2026-05-17 00:23:14 [INFO] Epoch: 179 [25600/50000 (51%)]	 Training Loss: 0.028 ACC: 98.83 CR: 0.42 Avg R1: 4.88 Avg R2: 3.26 Avg Reward: 8.143334
2026-05-17 00:23:33 [INFO] Epoch: 179 [38400/50000 (77%)]	 Training Loss: 0.028 ACC: 98.80 CR: 0.42 Avg R1: 4.87 Avg R2: 3.26 Avg Reward: 8.133938
2026-05-17 00:23:48 [INFO] EPOCH:179, ======================CR:0.42292====================
2026-05-17 00:23:48 [INFO] -0.013269397889238331
2026-05-17 00:23:51 [INFO] EPOCH:179, ======================ACC:77.65====================
2026-05-17 00:23:51 [INFO] BEST EPOCH:179,BEST ACC:77.65
2026-05-17 00:24:08 [INFO] Epoch: 180 [12800/50000 (26%)]	 Training Loss: 0.027 ACC: 99.00 CR: 0.42 Avg R1: 4.82 Avg R2: 3.28 Avg Reward: 8.094523
2026-05-17 00:24:25 [INFO] Epoch: 180 [25600/50000 (51%)]	 Training Loss: 0.027 ACC: 98.93 CR: 0.42 Avg R1: 4.82 Avg R2: 3.28 Avg Reward: 8.091256
2026-05-17 00:24:42 [INFO] Epoch: 180 [38400/50000 (77%)]	 Training Loss: 0.027 ACC: 98.92 CR: 0.42 Avg R1: 4.82 Avg R2: 3.27 Avg Reward: 8.091479
2026-05-17 00:24:59 [INFO] EPOCH:180, ======================CR:0.42076====================
2026-05-17 00:24:59 [INFO] -0.012749457559773095
2026-05-17 00:25:01 [INFO] EPOCH:180, ======================ACC:77.65====================
2026-05-17 00:25:01 [INFO] BEST EPOCH:180,BEST ACC:77.65
2026-05-17 00:25:18 [INFO] Epoch: 181 [12800/50000 (26%)]	 Training Loss: 0.026 ACC: 99.12 CR: 0.42 Avg R1: 4.83 Avg R2: 3.26 Avg Reward: 8.093852
2026-05-17 00:25:35 [INFO] Epoch: 181 [25600/50000 (51%)]	 Training Loss: 0.025 ACC: 99.09 CR: 0.42 Avg R1: 4.83 Avg R2: 3.26 Avg Reward: 8.091740
2026-05-17 00:25:54 [INFO] Epoch: 181 [38400/50000 (77%)]	 Training Loss: 0.026 ACC: 98.96 CR: 0.42 Avg R1: 4.83 Avg R2: 3.26 Avg Reward: 8.089073
2026-05-17 00:26:12 [INFO] EPOCH:181, ======================CR:0.4182====================
2026-05-17 00:26:12 [INFO] -0.012018148603032646
2026-05-17 00:26:14 [INFO] EPOCH:181, ======================ACC:77.47====================
2026-05-17 00:26:14 [INFO] BEST EPOCH:180,BEST ACC:77.65
2026-05-17 00:26:33 [INFO] Epoch: 182 [12800/50000 (26%)]	 Training Loss: 0.024 ACC: 99.01 CR: 0.42 Avg R1: 4.85 Avg R2: 3.23 Avg Reward: 8.083568
2026-05-17 00:26:49 [INFO] Epoch: 182 [25600/50000 (51%)]	 Training Loss: 0.024 ACC: 99.02 CR: 0.42 Avg R1: 4.86 Avg R2: 3.23 Avg Reward: 8.087583
2026-05-17 00:27:06 [INFO] Epoch: 182 [38400/50000 (77%)]	 Training Loss: 0.025 ACC: 99.05 CR: 0.41 Avg R1: 4.87 Avg R2: 3.23 Avg Reward: 8.090964
2026-05-17 00:27:20 [INFO] EPOCH:182, ======================CR:0.41408====================
2026-05-17 00:27:20 [INFO] -0.019761694019805136
2026-05-17 00:27:22 [INFO] EPOCH:182, ======================ACC:77.49====================
2026-05-17 00:27:22 [INFO] BEST EPOCH:180,BEST ACC:77.65
2026-05-17 00:27:39 [INFO] Epoch: 183 [12800/50000 (26%)]	 Training Loss: 0.025 ACC: 98.93 CR: 0.41 Avg R1: 4.89 Avg R2: 3.20 Avg Reward: 8.091045
2026-05-17 00:27:56 [INFO] Epoch: 183 [25600/50000 (51%)]	 Training Loss: 0.025 ACC: 99.05 CR: 0.41 Avg R1: 4.89 Avg R2: 3.20 Avg Reward: 8.092660
2026-05-17 00:28:13 [INFO] Epoch: 183 [38400/50000 (77%)]	 Training Loss: 0.025 ACC: 99.04 CR: 0.41 Avg R1: 4.89 Avg R2: 3.20 Avg Reward: 8.090573
2026-05-17 00:28:27 [INFO] EPOCH:183, ======================CR:0.41348====================
2026-05-17 00:28:27 [INFO] -0.01255839860513143
2026-05-17 00:28:29 [INFO] EPOCH:183, ======================ACC:77.54====================
2026-05-17 00:28:29 [INFO] BEST EPOCH:180,BEST ACC:77.65
2026-05-17 00:28:46 [INFO] Epoch: 184 [12800/50000 (26%)]	 Training Loss: 0.025 ACC: 99.10 CR: 0.41 Avg R1: 4.90 Avg R2: 3.19 Avg Reward: 8.089369
2026-05-17 00:29:03 [INFO] Epoch: 184 [25600/50000 (51%)]	 Training Loss: 0.024 ACC: 99.10 CR: 0.41 Avg R1: 4.90 Avg R2: 3.19 Avg Reward: 8.092615
2026-05-17 00:29:20 [INFO] Epoch: 184 [38400/50000 (77%)]	 Training Loss: 0.024 ACC: 99.11 CR: 0.41 Avg R1: 4.91 Avg R2: 3.19 Avg Reward: 8.093482
2026-05-17 00:29:37 [INFO] EPOCH:184, ======================CR:0.40696====================
2026-05-17 00:29:37 [INFO] -0.00964964728365683
2026-05-17 00:29:39 [INFO] EPOCH:184, ======================ACC:77.66====================
2026-05-17 00:29:39 [INFO] BEST EPOCH:184,BEST ACC:77.66
2026-05-17 00:29:39 [INFO] Saving Masks: current CR 0.4070 target CR 0.4000
2026-05-17 00:29:39 [INFO] Updated candidate mask pretrained-rescale_mask_best-acc_40_05162140_resnet18 at epoch 184 with acc 77.6600
2026-05-17 00:29:58 [INFO] Epoch: 185 [12800/50000 (26%)]	 Training Loss: 0.024 ACC: 99.04 CR: 0.41 Avg R1: 4.95 Avg R2: 3.16 Avg Reward: 8.110866
2026-05-17 00:30:16 [INFO] Epoch: 185 [25600/50000 (51%)]	 Training Loss: 0.024 ACC: 98.98 CR: 0.41 Avg R1: 4.95 Avg R2: 3.16 Avg Reward: 8.108052
2026-05-17 00:30:35 [INFO] Epoch: 185 [38400/50000 (77%)]	 Training Loss: 0.023 ACC: 99.07 CR: 0.41 Avg R1: 4.95 Avg R2: 3.16 Avg Reward: 8.107364
2026-05-17 00:30:51 [INFO] EPOCH:185, ======================CR:0.40652====================
2026-05-17 00:30:51 [INFO] -0.022101548593572367
2026-05-17 00:30:53 [INFO] EPOCH:185, ======================ACC:77.71====================
2026-05-17 00:30:53 [INFO] BEST EPOCH:185,BEST ACC:77.71
2026-05-17 00:30:53 [INFO] Saving Masks: current CR 0.4065 target CR 0.4000
2026-05-17 00:30:53 [INFO] Updated candidate mask pretrained-rescale_mask_best-acc_40_05162140_resnet18 at epoch 185 with acc 77.7100
2026-05-17 00:31:10 [INFO] Epoch: 186 [12800/50000 (26%)]	 Training Loss: 0.021 ACC: 99.17 CR: 0.41 Avg R1: 4.95 Avg R2: 3.15 Avg Reward: 8.096695
2026-05-17 00:31:29 [INFO] Epoch: 186 [25600/50000 (51%)]	 Training Loss: 0.022 ACC: 99.11 CR: 0.41 Avg R1: 4.95 Avg R2: 3.15 Avg Reward: 8.095901
2026-05-17 00:31:46 [INFO] Epoch: 186 [38400/50000 (77%)]	 Training Loss: 0.023 ACC: 99.09 CR: 0.41 Avg R1: 4.94 Avg R2: 3.15 Avg Reward: 8.092857
2026-05-17 00:32:02 [INFO] EPOCH:186, ======================CR:0.40888====================
2026-05-17 00:32:02 [INFO] -0.018302593536034903
2026-05-17 00:32:04 [INFO] EPOCH:186, ======================ACC:77.89====================
2026-05-17 00:32:04 [INFO] BEST EPOCH:186,BEST ACC:77.89
2026-05-17 00:32:04 [INFO] Saving Masks: current CR 0.4089 target CR 0.4000
2026-05-17 00:32:04 [INFO] Updated candidate mask pretrained-rescale_mask_best-acc_40_05162140_resnet18 at epoch 186 with acc 77.8900
2026-05-17 00:32:22 [INFO] Epoch: 187 [12800/50000 (26%)]	 Training Loss: 0.022 ACC: 99.11 CR: 0.41 Avg R1: 4.94 Avg R2: 3.15 Avg Reward: 8.087044
2026-05-17 00:32:40 [INFO] Epoch: 187 [25600/50000 (51%)]	 Training Loss: 0.022 ACC: 99.12 CR: 0.41 Avg R1: 4.94 Avg R2: 3.15 Avg Reward: 8.089331
2026-05-17 00:32:57 [INFO] Epoch: 187 [38400/50000 (77%)]	 Training Loss: 0.022 ACC: 99.12 CR: 0.41 Avg R1: 4.94 Avg R2: 3.15 Avg Reward: 8.089638
2026-05-17 00:33:12 [INFO] EPOCH:187, ======================CR:0.40474====================
2026-05-17 00:33:12 [INFO] -0.011778429078631738
2026-05-17 00:33:14 [INFO] EPOCH:187, ======================ACC:77.85====================
2026-05-17 00:33:14 [INFO] BEST EPOCH:186,BEST ACC:77.89
2026-05-17 00:33:14 [INFO] Saving Masks: current CR 0.4047 target CR 0.4000
2026-05-17 00:33:32 [INFO] Epoch: 188 [12800/50000 (26%)]	 Training Loss: 0.024 ACC: 99.06 CR: 0.41 Avg R1: 4.96 Avg R2: 3.12 Avg Reward: 8.081869
2026-05-17 00:33:49 [INFO] Epoch: 188 [25600/50000 (51%)]	 Training Loss: 0.023 ACC: 99.14 CR: 0.40 Avg R1: 4.96 Avg R2: 3.12 Avg Reward: 8.082186
2026-05-17 00:34:08 [INFO] Epoch: 188 [38400/50000 (77%)]	 Training Loss: 0.022 ACC: 99.18 CR: 0.40 Avg R1: 4.96 Avg R2: 3.12 Avg Reward: 8.083459
2026-05-17 00:34:25 [INFO] EPOCH:188, ======================CR:0.4014====================
2026-05-17 00:34:25 [INFO] -0.019990408595506905
2026-05-17 00:34:27 [INFO] EPOCH:188, ======================ACC:77.89====================
2026-05-17 00:34:27 [INFO] BEST EPOCH:188,BEST ACC:77.89
2026-05-17 00:34:27 [INFO] Saving Masks: current CR 0.4014 target CR 0.4000
2026-05-17 00:34:27 [INFO] Updated candidate mask pretrained-rescale_mask_best-acc_40_05162140_resnet18 at epoch 188 with acc 77.8900
2026-05-17 00:34:44 [INFO] Epoch: 189 [12800/50000 (26%)]	 Training Loss: 0.023 ACC: 99.00 CR: 0.40 Avg R1: 4.98 Avg R2: 3.11 Avg Reward: 8.091616
2026-05-17 00:35:02 [INFO] Epoch: 189 [25600/50000 (51%)]	 Training Loss: 0.023 ACC: 99.08 CR: 0.40 Avg R1: 4.98 Avg R2: 3.11 Avg Reward: 8.092242
2026-05-17 00:35:19 [INFO] Epoch: 189 [38400/50000 (77%)]	 Training Loss: 0.022 ACC: 99.10 CR: 0.40 Avg R1: 4.98 Avg R2: 3.10 Avg Reward: 8.079242
2026-05-17 00:35:34 [INFO] EPOCH:189, ======================CR:0.39512====================
2026-05-17 00:35:34 [INFO] -0.019340960433668758
2026-05-17 00:35:37 [INFO] EPOCH:189, ======================ACC:77.94====================
2026-05-17 00:35:37 [INFO] BEST EPOCH:189,BEST ACC:77.94
2026-05-17 00:35:37 [INFO] Saving Masks: current CR 0.3951 target CR 0.4000
2026-05-17 00:35:37 [INFO] Updated candidate mask pretrained-rescale_mask_best-acc_40_05162140_resnet18 at epoch 189 with acc 77.9400
2026-05-17 00:35:55 [INFO] Epoch: 190 [12800/50000 (26%)]	 Training Loss: 0.021 ACC: 99.18 CR: 0.40 Avg R1: 4.94 Avg R2: 3.08 Avg Reward: 8.018889
2026-05-17 00:36:13 [INFO] Epoch: 190 [25600/50000 (51%)]	 Training Loss: 0.022 ACC: 99.18 CR: 0.40 Avg R1: 4.95 Avg R2: 3.08 Avg Reward: 8.035320
2026-05-17 00:36:32 [INFO] Epoch: 190 [38400/50000 (77%)]	 Training Loss: 0.022 ACC: 99.21 CR: 0.40 Avg R1: 4.97 Avg R2: 3.09 Avg Reward: 8.056302
2026-05-17 00:36:47 [INFO] EPOCH:190, ======================CR:0.40498====================
2026-05-17 00:36:47 [INFO] -0.01998019270181604
2026-05-17 00:36:50 [INFO] EPOCH:190, ======================ACC:77.99====================
2026-05-17 00:36:50 [INFO] BEST EPOCH:190,BEST ACC:77.99
2026-05-17 00:36:50 [INFO] Saving Masks: current CR 0.4050 target CR 0.4000
2026-05-17 00:36:50 [INFO] Updated candidate mask pretrained-rescale_mask_best-acc_40_05162140_resnet18 at epoch 190 with acc 77.9900
2026-05-17 00:37:06 [INFO] Epoch: 191 [12800/50000 (26%)]	 Training Loss: 0.022 ACC: 99.09 CR: 0.41 Avg R1: 4.95 Avg R2: 3.13 Avg Reward: 8.081651
2026-05-17 00:37:24 [INFO] Epoch: 191 [25600/50000 (51%)]	 Training Loss: 0.022 ACC: 99.12 CR: 0.41 Avg R1: 4.94 Avg R2: 3.13 Avg Reward: 8.072899
2026-05-17 00:37:41 [INFO] Epoch: 191 [38400/50000 (77%)]	 Training Loss: 0.021 ACC: 99.13 CR: 0.41 Avg R1: 4.94 Avg R2: 3.13 Avg Reward: 8.072176
2026-05-17 00:37:57 [INFO] EPOCH:191, ======================CR:0.40628====================
2026-05-17 00:37:57 [INFO] -0.019863599400415977
2026-05-17 00:37:59 [INFO] EPOCH:191, ======================ACC:77.84====================
2026-05-17 00:37:59 [INFO] BEST EPOCH:190,BEST ACC:77.99
2026-05-17 00:37:59 [INFO] Saving Masks: current CR 0.4063 target CR 0.4000
2026-05-17 00:38:15 [INFO] Epoch: 192 [12800/50000 (26%)]	 Training Loss: 0.021 ACC: 99.14 CR: 0.41 Avg R1: 4.95 Avg R2: 3.12 Avg Reward: 8.073371
2026-05-17 00:38:33 [INFO] Epoch: 192 [25600/50000 (51%)]	 Training Loss: 0.022 ACC: 99.14 CR: 0.40 Avg R1: 4.96 Avg R2: 3.12 Avg Reward: 8.078284
2026-05-17 00:38:49 [INFO] Epoch: 192 [38400/50000 (77%)]	 Training Loss: 0.022 ACC: 99.13 CR: 0.40 Avg R1: 4.96 Avg R2: 3.12 Avg Reward: 8.079016
2026-05-17 00:39:05 [INFO] EPOCH:192, ======================CR:0.40666====================
2026-05-17 00:39:05 [INFO] -0.014829981085002776
2026-05-17 00:39:07 [INFO] EPOCH:192, ======================ACC:77.84====================
2026-05-17 00:39:07 [INFO] BEST EPOCH:190,BEST ACC:77.99
2026-05-17 00:39:07 [INFO] Saving Masks: current CR 0.4067 target CR 0.4000
2026-05-17 00:39:26 [INFO] Epoch: 193 [12800/50000 (26%)]	 Training Loss: 0.020 ACC: 99.32 CR: 0.41 Avg R1: 4.95 Avg R2: 3.12 Avg Reward: 8.073838
2026-05-17 00:39:43 [INFO] Epoch: 193 [25600/50000 (51%)]	 Training Loss: 0.021 ACC: 99.27 CR: 0.41 Avg R1: 4.95 Avg R2: 3.12 Avg Reward: 8.071680
2026-05-17 00:40:02 [INFO] Epoch: 193 [38400/50000 (77%)]	 Training Loss: 0.021 ACC: 99.27 CR: 0.41 Avg R1: 4.95 Avg R2: 3.12 Avg Reward: 8.070327
2026-05-17 00:40:19 [INFO] EPOCH:193, ======================CR:0.40778====================
2026-05-17 00:40:19 [INFO] -0.017543418843897405
2026-05-17 00:40:21 [INFO] EPOCH:193, ======================ACC:77.93====================
2026-05-17 00:40:21 [INFO] BEST EPOCH:190,BEST ACC:77.99
2026-05-17 00:40:21 [INFO] Saving Masks: current CR 0.4078 target CR 0.4000
2026-05-17 00:40:39 [INFO] Epoch: 194 [12800/50000 (26%)]	 Training Loss: 0.021 ACC: 99.20 CR: 0.41 Avg R1: 4.92 Avg R2: 3.13 Avg Reward: 8.050438
2026-05-17 00:40:57 [INFO] Epoch: 194 [25600/50000 (51%)]	 Training Loss: 0.022 ACC: 99.19 CR: 0.41 Avg R1: 4.92 Avg R2: 3.13 Avg Reward: 8.049961
2026-05-17 00:41:14 [INFO] Epoch: 194 [38400/50000 (77%)]	 Training Loss: 0.022 ACC: 99.20 CR: 0.41 Avg R1: 4.92 Avg R2: 3.13 Avg Reward: 8.051701
2026-05-17 00:41:30 [INFO] EPOCH:194, ======================CR:0.41042====================
2026-05-17 00:41:30 [INFO] -0.01670194140186227
2026-05-17 00:41:32 [INFO] EPOCH:194, ======================ACC:77.85====================
2026-05-17 00:41:32 [INFO] BEST EPOCH:190,BEST ACC:77.99
2026-05-17 00:41:49 [INFO] Epoch: 195 [12800/50000 (26%)]	 Training Loss: 0.020 ACC: 99.28 CR: 0.41 Avg R1: 4.92 Avg R2: 3.13 Avg Reward: 8.046536
2026-05-17 00:42:07 [INFO] Epoch: 195 [25600/50000 (51%)]	 Training Loss: 0.021 ACC: 99.21 CR: 0.41 Avg R1: 4.92 Avg R2: 3.13 Avg Reward: 8.045220
2026-05-17 00:42:24 [INFO] Epoch: 195 [38400/50000 (77%)]	 Training Loss: 0.020 ACC: 99.23 CR: 0.41 Avg R1: 4.92 Avg R2: 3.12 Avg Reward: 8.047386
2026-05-17 00:42:39 [INFO] EPOCH:195, ======================CR:0.4037====================
2026-05-17 00:42:39 [INFO] -0.018211427282732284
2026-05-17 00:42:42 [INFO] EPOCH:195, ======================ACC:77.81====================
2026-05-17 00:42:42 [INFO] BEST EPOCH:190,BEST ACC:77.99
2026-05-17 00:42:42 [INFO] Saving Masks: current CR 0.4037 target CR 0.4000
2026-05-17 00:42:58 [INFO] Epoch: 196 [12800/50000 (26%)]	 Training Loss: 0.022 ACC: 99.12 CR: 0.40 Avg R1: 4.97 Avg R2: 3.09 Avg Reward: 8.066790
2026-05-17 00:43:16 [INFO] Epoch: 196 [25600/50000 (51%)]	 Training Loss: 0.021 ACC: 99.17 CR: 0.40 Avg R1: 4.98 Avg R2: 3.09 Avg Reward: 8.068530
2026-05-17 00:43:33 [INFO] Epoch: 196 [38400/50000 (77%)]	 Training Loss: 0.021 ACC: 99.18 CR: 0.40 Avg R1: 4.98 Avg R2: 3.09 Avg Reward: 8.072327
2026-05-17 00:43:48 [INFO] EPOCH:196, ======================CR:0.40166====================
2026-05-17 00:43:48 [INFO] -0.02300724745156667
2026-05-17 00:43:50 [INFO] EPOCH:196, ======================ACC:77.98====================
2026-05-17 00:43:50 [INFO] BEST EPOCH:190,BEST ACC:77.99
2026-05-17 00:43:50 [INFO] Saving Masks: current CR 0.4017 target CR 0.4000
2026-05-17 00:44:08 [INFO] Epoch: 197 [12800/50000 (26%)]	 Training Loss: 0.022 ACC: 99.20 CR: 0.40 Avg R1: 4.98 Avg R2: 3.09 Avg Reward: 8.072298
2026-05-17 00:44:24 [INFO] Epoch: 197 [25600/50000 (51%)]	 Training Loss: 0.021 ACC: 99.25 CR: 0.40 Avg R1: 4.98 Avg R2: 3.09 Avg Reward: 8.073784
2026-05-17 00:44:40 [INFO] Epoch: 197 [38400/50000 (77%)]	 Training Loss: 0.021 ACC: 99.25 CR: 0.40 Avg R1: 4.98 Avg R2: 3.09 Avg Reward: 8.076347
2026-05-17 00:44:56 [INFO] EPOCH:197, ======================CR:0.39966====================
2026-05-17 00:44:56 [INFO] -0.023435208108157576
2026-05-17 00:44:58 [INFO] EPOCH:197, ======================ACC:77.92====================
2026-05-17 00:44:58 [INFO] BEST EPOCH:190,BEST ACC:77.99
2026-05-17 00:44:58 [INFO] Saving Masks: current CR 0.3997 target CR 0.4000
2026-05-17 00:45:15 [INFO] Epoch: 198 [12800/50000 (26%)]	 Training Loss: 0.021 ACC: 99.23 CR: 0.40 Avg R1: 4.98 Avg R2: 3.08 Avg Reward: 8.057152
2026-05-17 00:45:32 [INFO] Epoch: 198 [25600/50000 (51%)]	 Training Loss: 0.022 ACC: 99.24 CR: 0.40 Avg R1: 4.98 Avg R2: 3.08 Avg Reward: 8.061265
2026-05-17 00:45:48 [INFO] Epoch: 198 [38400/50000 (77%)]	 Training Loss: 0.022 ACC: 99.21 CR: 0.40 Avg R1: 4.98 Avg R2: 3.08 Avg Reward: 8.067558
2026-05-17 00:46:06 [INFO] EPOCH:198, ======================CR:0.40258====================
2026-05-17 00:46:06 [INFO] -0.018957393074516465
2026-05-17 00:46:08 [INFO] EPOCH:198, ======================ACC:77.88====================
2026-05-17 00:46:08 [INFO] BEST EPOCH:190,BEST ACC:77.99
2026-05-17 00:46:08 [INFO] Saving Masks: current CR 0.4026 target CR 0.4000
2026-05-17 00:46:27 [INFO] Epoch: 199 [12800/50000 (26%)]	 Training Loss: 0.021 ACC: 99.29 CR: 0.40 Avg R1: 4.98 Avg R2: 3.11 Avg Reward: 8.082733
2026-05-17 00:46:43 [INFO] Epoch: 199 [25600/50000 (51%)]	 Training Loss: 0.021 ACC: 99.28 CR: 0.40 Avg R1: 4.98 Avg R2: 3.11 Avg Reward: 8.081379
2026-05-17 00:47:01 [INFO] Epoch: 199 [38400/50000 (77%)]	 Training Loss: 0.021 ACC: 99.28 CR: 0.40 Avg R1: 4.98 Avg R2: 3.11 Avg Reward: 8.082671
2026-05-17 00:47:17 [INFO] EPOCH:199, ======================CR:0.40166====================
2026-05-17 00:47:17 [INFO] -0.0068131658596481915
2026-05-17 00:47:20 [INFO] EPOCH:199, ======================ACC:78.04====================
2026-05-17 00:47:20 [INFO] BEST EPOCH:199,BEST ACC:78.04
2026-05-17 00:47:20 [INFO] Saving Masks: current CR 0.4017 target CR 0.4000
2026-05-17 00:47:20 [INFO] Updated candidate mask pretrained-rescale_mask_best-acc_40_05162140_resnet18 at epoch 199 with acc 78.0400
2026-05-17 00:47:20 [INFO] Saved standard mask to /nvme/home/lixiang/baseline/RLSelector/mask/cifar100/96/mask_40.npz with 20000/50000 samples selected
