2026-05-17 03:58:08 [INFO] Epoch: 0 [12800/50000 (26%)]	 Training Loss: 1.869 ACC: 12.21 CR: 0.87 Avg R1: 0.81 Avg R2: 8.91 Avg Reward: 9.724265
2026-05-17 03:58:17 [INFO] Epoch: 0 [25600/50000 (51%)]	 Training Loss: 1.831 ACC: 13.14 CR: 0.75 Avg R1: 1.60 Avg R2: 8.31 Avg Reward: 9.905456
2026-05-17 03:58:26 [INFO] Epoch: 0 [38400/50000 (77%)]	 Training Loss: 1.805 ACC: 14.07 CR: 0.62 Avg R1: 2.38 Avg R2: 7.71 Avg Reward: 10.090077
2026-05-17 03:58:34 [INFO] EPOCH:0, ======================CR:0.50798====================
2026-05-17 03:58:34 [INFO] -0.0004991247699797843
2026-05-17 03:58:36 [INFO] EPOCH:0, ======================ACC:17.18====================
2026-05-17 03:58:36 [INFO] BEST EPOCH:0,BEST ACC:17.18
2026-05-17 03:58:46 [INFO] Epoch: 1 [12800/50000 (26%)]	 Training Loss: 1.780 ACC: 17.75 CR: 0.52 Avg R1: 4.27 Avg R2: 4.40 Avg Reward: 8.668284
2026-05-17 03:58:55 [INFO] Epoch: 1 [25600/50000 (51%)]	 Training Loss: 1.790 ACC: 18.32 CR: 0.54 Avg R1: 4.33 Avg R2: 4.44 Avg Reward: 8.773107
2026-05-17 03:59:05 [INFO] Epoch: 1 [38400/50000 (77%)]	 Training Loss: 1.819 ACC: 19.04 CR: 0.57 Avg R1: 4.43 Avg R2: 4.50 Avg Reward: 8.929522
2026-05-17 03:59:14 [INFO] EPOCH:1, ======================CR:0.59992====================
2026-05-17 03:59:14 [INFO] 0.004058882903573717
2026-05-17 03:59:16 [INFO] EPOCH:1, ======================ACC:18.18====================
2026-05-17 03:59:16 [INFO] BEST EPOCH:1,BEST ACC:18.18
2026-05-17 03:59:16 [INFO] Saving Masks: current CR 0.5999 target CR 0.6000
2026-05-17 03:59:16 [INFO] Updated candidate mask pretrained-rescale_mask_best-acc_60_05170357_resnet18 at epoch 1 with acc 18.1800
2026-05-17 03:59:16 [INFO] Updated candidate mask pretrained-rescale_mask_best-r2_60_05170357_resnet18 at epoch 1 with acc 18.1800
2026-05-17 03:59:26 [INFO] Epoch: 2 [12800/50000 (26%)]	 Training Loss: 1.939 ACC: 21.80 CR: 0.63 Avg R1: 4.86 Avg R2: 5.70 Avg Reward: 10.560710
2026-05-17 03:59:35 [INFO] Epoch: 2 [25600/50000 (51%)]	 Training Loss: 1.880 ACC: 22.27 CR: 0.64 Avg R1: 4.71 Avg R2: 5.77 Avg Reward: 10.485037
2026-05-17 03:59:45 [INFO] Epoch: 2 [38400/50000 (77%)]	 Training Loss: 1.845 ACC: 23.04 CR: 0.65 Avg R1: 4.61 Avg R2: 5.82 Avg Reward: 10.430872
2026-05-17 03:59:55 [INFO] EPOCH:2, ======================CR:0.65438====================
2026-05-17 03:59:55 [INFO] 0.008125441769608985
2026-05-17 03:59:57 [INFO] EPOCH:2, ======================ACC:24.27====================
2026-05-17 03:59:57 [INFO] BEST EPOCH:2,BEST ACC:24.27
2026-05-17 04:00:07 [INFO] Epoch: 3 [12800/50000 (26%)]	 Training Loss: 1.525 ACC: 27.53 CR: 0.63 Avg R1: 4.47 Avg R2: 6.18 Avg Reward: 10.649255
2026-05-17 04:00:16 [INFO] Epoch: 3 [25600/50000 (51%)]	 Training Loss: 1.551 ACC: 27.91 CR: 0.61 Avg R1: 4.61 Avg R2: 6.11 Avg Reward: 10.716978
2026-05-17 04:00:26 [INFO] Epoch: 3 [38400/50000 (77%)]	 Training Loss: 1.549 ACC: 28.15 CR: 0.60 Avg R1: 4.71 Avg R2: 6.06 Avg Reward: 10.767027
2026-05-17 04:00:35 [INFO] EPOCH:3, ======================CR:0.5987====================
2026-05-17 04:00:35 [INFO] 0.008055020149549296
2026-05-17 04:00:37 [INFO] EPOCH:3, ======================ACC:29.74====================
2026-05-17 04:00:37 [INFO] BEST EPOCH:3,BEST ACC:29.74
2026-05-17 04:00:37 [INFO] Saving Masks: current CR 0.5987 target CR 0.6000
2026-05-17 04:00:37 [INFO] Updated candidate mask pretrained-rescale_mask_best-acc_60_05170357_resnet18 at epoch 3 with acc 29.7400
2026-05-17 04:00:37 [INFO] Updated candidate mask pretrained-rescale_mask_best-r2_60_05170357_resnet18 at epoch 3 with acc 29.7400
2026-05-17 04:00:47 [INFO] Epoch: 4 [12800/50000 (26%)]	 Training Loss: 1.527 ACC: 31.00 CR: 0.61 Avg R1: 4.97 Avg R2: 5.99 Avg Reward: 10.957008
2026-05-17 04:00:58 [INFO] Epoch: 4 [25600/50000 (51%)]	 Training Loss: 1.493 ACC: 31.39 CR: 0.60 Avg R1: 4.95 Avg R2: 6.00 Avg Reward: 10.949848
2026-05-17 04:01:08 [INFO] Epoch: 4 [38400/50000 (77%)]	 Training Loss: 1.512 ACC: 31.97 CR: 0.62 Avg R1: 4.92 Avg R2: 6.02 Avg Reward: 10.936339
2026-05-17 04:01:18 [INFO] EPOCH:4, ======================CR:0.63284====================
2026-05-17 04:01:18 [INFO] 0.010610049949059076
2026-05-17 04:01:20 [INFO] EPOCH:4, ======================ACC:35.15====================
2026-05-17 04:01:20 [INFO] BEST EPOCH:4,BEST ACC:35.15
2026-05-17 04:01:30 [INFO] Epoch: 5 [12800/50000 (26%)]	 Training Loss: 1.415 ACC: 34.81 CR: 0.63 Avg R1: 4.62 Avg R2: 6.13 Avg Reward: 10.743167
2026-05-17 04:01:40 [INFO] Epoch: 5 [25600/50000 (51%)]	 Training Loss: 1.426 ACC: 35.05 CR: 0.63 Avg R1: 4.60 Avg R2: 6.13 Avg Reward: 10.732982
2026-05-17 04:01:51 [INFO] Epoch: 5 [38400/50000 (77%)]	 Training Loss: 1.409 ACC: 35.46 CR: 0.63 Avg R1: 4.61 Avg R2: 6.13 Avg Reward: 10.732068
2026-05-17 04:02:01 [INFO] EPOCH:5, ======================CR:0.61808====================
2026-05-17 04:02:01 [INFO] 0.010820159632826506
2026-05-17 04:02:03 [INFO] EPOCH:5, ======================ACC:38.0====================
2026-05-17 04:02:03 [INFO] BEST EPOCH:5,BEST ACC:38.0
2026-05-17 04:02:14 [INFO] Epoch: 6 [12800/50000 (26%)]	 Training Loss: 1.275 ACC: 38.29 CR: 0.61 Avg R1: 4.84 Avg R2: 5.90 Avg Reward: 10.737721
2026-05-17 04:02:25 [INFO] Epoch: 6 [25600/50000 (51%)]	 Training Loss: 1.319 ACC: 38.56 CR: 0.62 Avg R1: 4.84 Avg R2: 5.90 Avg Reward: 10.742418
2026-05-17 04:02:37 [INFO] Epoch: 6 [38400/50000 (77%)]	 Training Loss: 1.321 ACC: 38.88 CR: 0.63 Avg R1: 4.80 Avg R2: 5.92 Avg Reward: 10.722565
2026-05-17 04:02:47 [INFO] EPOCH:6, ======================CR:0.6393====================
2026-05-17 04:02:47 [INFO] 0.017227333066336666
2026-05-17 04:02:49 [INFO] EPOCH:6, ======================ACC:42.76====================
2026-05-17 04:02:49 [INFO] BEST EPOCH:6,BEST ACC:42.76
2026-05-17 04:03:00 [INFO] Epoch: 7 [12800/50000 (26%)]	 Training Loss: 1.369 ACC: 41.34 CR: 0.66 Avg R1: 4.39 Avg R2: 6.02 Avg Reward: 10.416401
2026-05-17 04:03:11 [INFO] Epoch: 7 [25600/50000 (51%)]	 Training Loss: 1.386 ACC: 41.09 CR: 0.68 Avg R1: 4.26 Avg R2: 6.09 Avg Reward: 10.347570
2026-05-17 04:03:23 [INFO] Epoch: 7 [38400/50000 (77%)]	 Training Loss: 1.403 ACC: 41.52 CR: 0.72 Avg R1: 4.07 Avg R2: 6.18 Avg Reward: 10.257070
2026-05-17 04:03:34 [INFO] EPOCH:7, ======================CR:0.74556====================
2026-05-17 04:03:34 [INFO] 0.0236144768525427
2026-05-17 04:03:36 [INFO] EPOCH:7, ======================ACC:41.8====================
2026-05-17 04:03:36 [INFO] BEST EPOCH:6,BEST ACC:42.76
2026-05-17 04:03:47 [INFO] Epoch: 8 [12800/50000 (26%)]	 Training Loss: 1.446 ACC: 43.84 CR: 0.76 Avg R1: 3.09 Avg R2: 6.56 Avg Reward: 9.652694
2026-05-17 04:03:58 [INFO] Epoch: 8 [25600/50000 (51%)]	 Training Loss: 1.408 ACC: 44.35 CR: 0.77 Avg R1: 2.99 Avg R2: 6.61 Avg Reward: 9.606584
2026-05-17 04:04:08 [INFO] Epoch: 8 [38400/50000 (77%)]	 Training Loss: 1.361 ACC: 44.72 CR: 0.76 Avg R1: 2.97 Avg R2: 6.63 Avg Reward: 9.598409
2026-05-17 04:04:18 [INFO] EPOCH:8, ======================CR:0.75634====================
2026-05-17 04:04:18 [INFO] 0.03206202782389655
2026-05-17 04:04:20 [INFO] EPOCH:8, ======================ACC:45.49====================
2026-05-17 04:04:20 [INFO] BEST EPOCH:8,BEST ACC:45.49
2026-05-17 04:04:32 [INFO] Epoch: 9 [12800/50000 (26%)]	 Training Loss: 1.288 ACC: 46.79 CR: 0.76 Avg R1: 3.07 Avg R2: 6.46 Avg Reward: 9.520781
2026-05-17 04:04:42 [INFO] Epoch: 9 [25600/50000 (51%)]	 Training Loss: 1.289 ACC: 46.83 CR: 0.75 Avg R1: 3.06 Avg R2: 6.46 Avg Reward: 9.520823
2026-05-17 04:04:54 [INFO] Epoch: 9 [38400/50000 (77%)]	 Training Loss: 1.308 ACC: 46.86 CR: 0.77 Avg R1: 3.04 Avg R2: 6.47 Avg Reward: 9.510257
2026-05-17 04:05:04 [INFO] EPOCH:9, ======================CR:0.7738====================
2026-05-17 04:05:04 [INFO] 0.03916004723084509
2026-05-17 04:05:06 [INFO] EPOCH:9, ======================ACC:46.59====================
2026-05-17 04:05:06 [INFO] BEST EPOCH:9,BEST ACC:46.59
2026-05-17 04:05:17 [INFO] Epoch: 10 [12800/50000 (26%)]	 Training Loss: 1.244 ACC: 49.27 CR: 0.78 Avg R1: 2.81 Avg R2: 6.49 Avg Reward: 9.304745
2026-05-17 04:05:28 [INFO] Epoch: 10 [25600/50000 (51%)]	 Training Loss: 1.207 ACC: 49.70 CR: 0.76 Avg R1: 2.84 Avg R2: 6.48 Avg Reward: 9.317584
2026-05-17 04:05:39 [INFO] Epoch: 10 [38400/50000 (77%)]	 Training Loss: 1.182 ACC: 49.73 CR: 0.75 Avg R1: 2.92 Avg R2: 6.44 Avg Reward: 9.353832
2026-05-17 04:05:48 [INFO] EPOCH:10, ======================CR:0.72626====================
2026-05-17 04:05:48 [INFO] 0.032418407498052706
2026-05-17 04:05:49 [INFO] EPOCH:10, ======================ACC:49.21====================
2026-05-17 04:05:49 [INFO] BEST EPOCH:10,BEST ACC:49.21
2026-05-17 04:06:01 [INFO] Epoch: 11 [12800/50000 (26%)]	 Training Loss: 1.061 ACC: 51.64 CR: 0.71 Avg R1: 3.51 Avg R2: 6.06 Avg Reward: 9.568455
2026-05-17 04:06:13 [INFO] Epoch: 11 [25600/50000 (51%)]	 Training Loss: 1.067 ACC: 51.84 CR: 0.71 Avg R1: 3.57 Avg R2: 6.03 Avg Reward: 9.598374
2026-05-17 04:06:24 [INFO] Epoch: 11 [38400/50000 (77%)]	 Training Loss: 1.095 ACC: 51.58 CR: 0.71 Avg R1: 3.60 Avg R2: 6.01 Avg Reward: 9.611157
2026-05-17 04:06:33 [INFO] EPOCH:11, ======================CR:0.71842====================
2026-05-17 04:06:33 [INFO] 0.028894706300675827
2026-05-17 04:06:35 [INFO] EPOCH:11, ======================ACC:49.65====================
2026-05-17 04:06:35 [INFO] BEST EPOCH:11,BEST ACC:49.65
2026-05-17 04:06:45 [INFO] Epoch: 12 [12800/50000 (26%)]	 Training Loss: 1.066 ACC: 53.37 CR: 0.72 Avg R1: 3.51 Avg R2: 6.02 Avg Reward: 9.525036
2026-05-17 04:06:56 [INFO] Epoch: 12 [25600/50000 (51%)]	 Training Loss: 1.028 ACC: 53.49 CR: 0.70 Avg R1: 3.56 Avg R2: 5.99 Avg Reward: 9.553431
2026-05-17 04:07:08 [INFO] Epoch: 12 [38400/50000 (77%)]	 Training Loss: 0.996 ACC: 53.69 CR: 0.67 Avg R1: 3.68 Avg R2: 5.93 Avg Reward: 9.616492
2026-05-17 04:07:18 [INFO] EPOCH:12, ======================CR:0.65102====================
2026-05-17 04:07:18 [INFO] 0.028333854620974125
2026-05-17 04:07:20 [INFO] EPOCH:12, ======================ACC:52.25====================
2026-05-17 04:07:20 [INFO] BEST EPOCH:12,BEST ACC:52.25
2026-05-17 04:07:32 [INFO] Epoch: 13 [12800/50000 (26%)]	 Training Loss: 0.915 ACC: 55.62 CR: 0.65 Avg R1: 4.39 Avg R2: 5.58 Avg Reward: 9.968120
2026-05-17 04:07:43 [INFO] Epoch: 13 [25600/50000 (51%)]	 Training Loss: 0.907 ACC: 55.46 CR: 0.63 Avg R1: 4.45 Avg R2: 5.55 Avg Reward: 9.997455
2026-05-17 04:07:54 [INFO] Epoch: 13 [38400/50000 (77%)]	 Training Loss: 0.905 ACC: 55.37 CR: 0.62 Avg R1: 4.52 Avg R2: 5.51 Avg Reward: 10.037058
2026-05-17 04:08:05 [INFO] EPOCH:13, ======================CR:0.60092====================
2026-05-17 04:08:05 [INFO] 0.013560460591481931
2026-05-17 04:08:07 [INFO] EPOCH:13, ======================ACC:55.63====================
2026-05-17 04:08:07 [INFO] BEST EPOCH:13,BEST ACC:55.63
2026-05-17 04:08:07 [INFO] Saving Masks: current CR 0.6009 target CR 0.6000
2026-05-17 04:08:07 [INFO] Updated candidate mask pretrained-rescale_mask_best-acc_60_05170357_resnet18 at epoch 13 with acc 55.6300
2026-05-17 04:08:18 [INFO] Epoch: 14 [12800/50000 (26%)]	 Training Loss: 0.835 ACC: 56.49 CR: 0.59 Avg R1: 4.97 Avg R2: 5.25 Avg Reward: 10.215192
2026-05-17 04:08:30 [INFO] Epoch: 14 [25600/50000 (51%)]	 Training Loss: 0.826 ACC: 56.53 CR: 0.58 Avg R1: 4.91 Avg R2: 5.21 Avg Reward: 10.121699
2026-05-17 04:08:41 [INFO] Epoch: 14 [38400/50000 (77%)]	 Training Loss: 0.823 ACC: 56.35 CR: 0.56 Avg R1: 4.85 Avg R2: 5.17 Avg Reward: 10.021788
2026-05-17 04:08:51 [INFO] EPOCH:14, ======================CR:0.55258====================
2026-05-17 04:08:51 [INFO] 0.0036810725772249806
2026-05-17 04:08:53 [INFO] EPOCH:14, ======================ACC:52.2====================
2026-05-17 04:08:53 [INFO] BEST EPOCH:13,BEST ACC:55.63
2026-05-17 04:09:05 [INFO] Epoch: 15 [12800/50000 (26%)]	 Training Loss: 0.803 ACC: 57.30 CR: 0.55 Avg R1: 4.61 Avg R2: 5.01 Avg Reward: 9.620098
2026-05-17 04:09:16 [INFO] Epoch: 15 [25600/50000 (51%)]	 Training Loss: 0.819 ACC: 56.91 CR: 0.56 Avg R1: 4.63 Avg R2: 5.02 Avg Reward: 9.648529
2026-05-17 04:09:27 [INFO] Epoch: 15 [38400/50000 (77%)]	 Training Loss: 0.816 ACC: 57.04 CR: 0.56 Avg R1: 4.64 Avg R2: 5.03 Avg Reward: 9.665654
2026-05-17 04:09:38 [INFO] EPOCH:15, ======================CR:0.55872====================
2026-05-17 04:09:38 [INFO] 0.00386564072008537
2026-05-17 04:09:40 [INFO] EPOCH:15, ======================ACC:50.5====================
2026-05-17 04:09:40 [INFO] BEST EPOCH:13,BEST ACC:55.63
2026-05-17 04:09:51 [INFO] Epoch: 16 [12800/50000 (26%)]	 Training Loss: 0.820 ACC: 58.49 CR: 0.56 Avg R1: 4.67 Avg R2: 5.05 Avg Reward: 9.712594
2026-05-17 04:10:02 [INFO] Epoch: 16 [25600/50000 (51%)]	 Training Loss: 0.824 ACC: 58.45 CR: 0.57 Avg R1: 4.69 Avg R2: 5.07 Avg Reward: 9.757890
2026-05-17 04:10:13 [INFO] Epoch: 16 [38400/50000 (77%)]	 Training Loss: 0.844 ACC: 58.10 CR: 0.59 Avg R1: 4.74 Avg R2: 5.10 Avg Reward: 9.839383
2026-05-17 04:10:24 [INFO] EPOCH:16, ======================CR:0.60826====================
2026-05-17 04:10:24 [INFO] 0.015091048698129493
2026-05-17 04:10:26 [INFO] EPOCH:16, ======================ACC:50.62====================
2026-05-17 04:10:26 [INFO] BEST EPOCH:13,BEST ACC:55.63
2026-05-17 04:10:26 [INFO] Saving Masks: current CR 0.6083 target CR 0.6000
2026-05-17 04:10:38 [INFO] Epoch: 17 [12800/50000 (26%)]	 Training Loss: 0.845 ACC: 57.65 CR: 0.61 Avg R1: 4.91 Avg R2: 5.36 Avg Reward: 10.264600
2026-05-17 04:10:50 [INFO] Epoch: 17 [25600/50000 (51%)]	 Training Loss: 0.837 ACC: 58.11 CR: 0.60 Avg R1: 4.92 Avg R2: 5.35 Avg Reward: 10.270129
2026-05-17 04:11:01 [INFO] Epoch: 17 [38400/50000 (77%)]	 Training Loss: 0.832 ACC: 58.01 CR: 0.60 Avg R1: 4.94 Avg R2: 5.33 Avg Reward: 10.277462
2026-05-17 04:11:12 [INFO] EPOCH:17, ======================CR:0.58242====================
2026-05-17 04:11:12 [INFO] 0.011657023163654896
2026-05-17 04:11:14 [INFO] EPOCH:17, ======================ACC:53.09====================
2026-05-17 04:11:14 [INFO] BEST EPOCH:13,BEST ACC:55.63
2026-05-17 04:11:25 [INFO] Epoch: 18 [12800/50000 (26%)]	 Training Loss: 0.785 ACC: 59.20 CR: 0.58 Avg R1: 4.83 Avg R2: 5.16 Avg Reward: 9.982646
2026-05-17 04:11:36 [INFO] Epoch: 18 [25600/50000 (51%)]	 Training Loss: 0.785 ACC: 59.30 CR: 0.58 Avg R1: 4.81 Avg R2: 5.15 Avg Reward: 9.964417
2026-05-17 04:11:48 [INFO] Epoch: 18 [38400/50000 (77%)]	 Training Loss: 0.787 ACC: 59.21 CR: 0.57 Avg R1: 4.81 Avg R2: 5.15 Avg Reward: 9.956053
2026-05-17 04:11:57 [INFO] EPOCH:18, ======================CR:0.57506====================
2026-05-17 04:11:57 [INFO] 0.015662702478514874
2026-05-17 04:11:59 [INFO] EPOCH:18, ======================ACC:50.34====================
2026-05-17 04:11:59 [INFO] BEST EPOCH:13,BEST ACC:55.63
2026-05-17 04:12:10 [INFO] Epoch: 19 [12800/50000 (26%)]	 Training Loss: 0.792 ACC: 60.35 CR: 0.58 Avg R1: 4.82 Avg R2: 5.15 Avg Reward: 9.973002
2026-05-17 04:12:22 [INFO] Epoch: 19 [25600/50000 (51%)]	 Training Loss: 0.783 ACC: 59.93 CR: 0.58 Avg R1: 4.84 Avg R2: 5.17 Avg Reward: 10.013314
2026-05-17 04:12:34 [INFO] Epoch: 19 [38400/50000 (77%)]	 Training Loss: 0.783 ACC: 59.70 CR: 0.58 Avg R1: 4.84 Avg R2: 5.17 Avg Reward: 10.012438
2026-05-17 04:12:46 [INFO] EPOCH:19, ======================CR:0.57662====================
2026-05-17 04:12:46 [INFO] 0.017576220870506667
2026-05-17 04:12:47 [INFO] EPOCH:19, ======================ACC:55.67====================
2026-05-17 04:12:47 [INFO] BEST EPOCH:19,BEST ACC:55.67
2026-05-17 04:12:59 [INFO] Epoch: 20 [12800/50000 (26%)]	 Training Loss: 0.739 ACC: 61.10 CR: 0.57 Avg R1: 4.79 Avg R2: 5.13 Avg Reward: 9.925364
2026-05-17 04:13:10 [INFO] Epoch: 20 [25600/50000 (51%)]	 Training Loss: 0.750 ACC: 60.47 CR: 0.57 Avg R1: 4.78 Avg R2: 5.13 Avg Reward: 9.904996
2026-05-17 04:13:21 [INFO] Epoch: 20 [38400/50000 (77%)]	 Training Loss: 0.754 ACC: 60.15 CR: 0.57 Avg R1: 4.77 Avg R2: 5.11 Avg Reward: 9.881819
2026-05-17 04:13:31 [INFO] EPOCH:20, ======================CR:0.56264====================
2026-05-17 04:13:31 [INFO] 0.0062078591175021985
2026-05-17 04:13:33 [INFO] EPOCH:20, ======================ACC:56.49====================
2026-05-17 04:13:33 [INFO] BEST EPOCH:20,BEST ACC:56.49
2026-05-17 04:13:44 [INFO] Epoch: 21 [12800/50000 (26%)]	 Training Loss: 0.723 ACC: 61.26 CR: 0.56 Avg R1: 4.67 Avg R2: 5.03 Avg Reward: 9.706772
2026-05-17 04:13:55 [INFO] Epoch: 21 [25600/50000 (51%)]	 Training Loss: 0.728 ACC: 61.19 CR: 0.56 Avg R1: 4.66 Avg R2: 5.03 Avg Reward: 9.693627
2026-05-17 04:14:06 [INFO] Epoch: 21 [38400/50000 (77%)]	 Training Loss: 0.729 ACC: 60.82 CR: 0.55 Avg R1: 4.65 Avg R2: 5.02 Avg Reward: 9.675939
2026-05-17 04:14:15 [INFO] EPOCH:21, ======================CR:0.54222====================
2026-05-17 04:14:15 [INFO] 0.015550957591723293
2026-05-17 04:14:17 [INFO] EPOCH:21, ======================ACC:56.51====================
2026-05-17 04:14:17 [INFO] BEST EPOCH:21,BEST ACC:56.51
2026-05-17 04:14:28 [INFO] Epoch: 22 [12800/50000 (26%)]	 Training Loss: 0.668 ACC: 62.66 CR: 0.53 Avg R1: 4.49 Avg R2: 4.93 Avg Reward: 9.413143
2026-05-17 04:14:40 [INFO] Epoch: 22 [25600/50000 (51%)]	 Training Loss: 0.677 ACC: 62.21 CR: 0.53 Avg R1: 4.46 Avg R2: 4.91 Avg Reward: 9.366107
2026-05-17 04:14:50 [INFO] Epoch: 22 [38400/50000 (77%)]	 Training Loss: 0.690 ACC: 61.89 CR: 0.53 Avg R1: 4.44 Avg R2: 4.89 Avg Reward: 9.333175
2026-05-17 04:15:01 [INFO] EPOCH:22, ======================CR:0.52546====================
2026-05-17 04:15:01 [INFO] 0.0030956975581338357
2026-05-17 04:15:03 [INFO] EPOCH:22, ======================ACC:56.04====================
2026-05-17 04:15:03 [INFO] BEST EPOCH:21,BEST ACC:56.51
2026-05-17 04:15:14 [INFO] Epoch: 23 [12800/50000 (26%)]	 Training Loss: 0.688 ACC: 62.71 CR: 0.53 Avg R1: 4.40 Avg R2: 4.86 Avg Reward: 9.254399
2026-05-17 04:15:25 [INFO] Epoch: 23 [25600/50000 (51%)]	 Training Loss: 0.697 ACC: 62.41 CR: 0.53 Avg R1: 4.41 Avg R2: 4.87 Avg Reward: 9.279615
2026-05-17 04:15:36 [INFO] Epoch: 23 [38400/50000 (77%)]	 Training Loss: 0.713 ACC: 61.71 CR: 0.54 Avg R1: 4.42 Avg R2: 4.88 Avg Reward: 9.303213
2026-05-17 04:15:45 [INFO] EPOCH:23, ======================CR:0.54218====================
2026-05-17 04:15:45 [INFO] 0.0030758622908403812
2026-05-17 04:15:47 [INFO] EPOCH:23, ======================ACC:58.15====================
2026-05-17 04:15:47 [INFO] BEST EPOCH:23,BEST ACC:58.15
2026-05-17 04:15:57 [INFO] Epoch: 24 [12800/50000 (26%)]	 Training Loss: 0.708 ACC: 62.28 CR: 0.55 Avg R1: 4.54 Avg R2: 4.96 Avg Reward: 9.499823
2026-05-17 04:16:07 [INFO] Epoch: 24 [25600/50000 (51%)]	 Training Loss: 0.713 ACC: 61.96 CR: 0.55 Avg R1: 4.56 Avg R2: 4.97 Avg Reward: 9.522293
2026-05-17 04:16:18 [INFO] Epoch: 24 [38400/50000 (77%)]	 Training Loss: 0.717 ACC: 61.81 CR: 0.55 Avg R1: 4.57 Avg R2: 4.97 Avg Reward: 9.542865
2026-05-17 04:16:28 [INFO] EPOCH:24, ======================CR:0.5526====================
2026-05-17 04:16:28 [INFO] 0.017236919427254718
2026-05-17 04:16:30 [INFO] EPOCH:24, ======================ACC:58.14====================
2026-05-17 04:16:30 [INFO] BEST EPOCH:23,BEST ACC:58.15
2026-05-17 04:16:42 [INFO] Epoch: 25 [12800/50000 (26%)]	 Training Loss: 0.671 ACC: 63.76 CR: 0.55 Avg R1: 4.60 Avg R2: 4.99 Avg Reward: 9.590506
2026-05-17 04:16:52 [INFO] Epoch: 25 [25600/50000 (51%)]	 Training Loss: 0.672 ACC: 63.31 CR: 0.55 Avg R1: 4.58 Avg R2: 4.98 Avg Reward: 9.564017
2026-05-17 04:17:02 [INFO] Epoch: 25 [38400/50000 (77%)]	 Training Loss: 0.679 ACC: 62.88 CR: 0.54 Avg R1: 4.57 Avg R2: 4.97 Avg Reward: 9.542476
2026-05-17 04:17:12 [INFO] EPOCH:25, ======================CR:0.53642====================
2026-05-17 04:17:12 [INFO] 0.007544072590700636
2026-05-17 04:17:14 [INFO] EPOCH:25, ======================ACC:60.72====================
2026-05-17 04:17:14 [INFO] BEST EPOCH:25,BEST ACC:60.72
2026-05-17 04:17:26 [INFO] Epoch: 26 [12800/50000 (26%)]	 Training Loss: 0.647 ACC: 63.94 CR: 0.53 Avg R1: 4.44 Avg R2: 4.89 Avg Reward: 9.336330
2026-05-17 04:17:37 [INFO] Epoch: 26 [25600/50000 (51%)]	 Training Loss: 0.635 ACC: 63.99 CR: 0.52 Avg R1: 4.40 Avg R2: 4.87 Avg Reward: 9.275777
2026-05-17 04:17:49 [INFO] Epoch: 26 [38400/50000 (77%)]	 Training Loss: 0.642 ACC: 63.84 CR: 0.51 Avg R1: 4.37 Avg R2: 4.85 Avg Reward: 9.213670
2026-05-17 04:18:01 [INFO] EPOCH:26, ======================CR:0.5092====================
2026-05-17 04:18:01 [INFO] 0.0032424367636462495
2026-05-17 04:18:03 [INFO] EPOCH:26, ======================ACC:58.94====================
2026-05-17 04:18:03 [INFO] BEST EPOCH:25,BEST ACC:60.72
2026-05-17 04:18:14 [INFO] Epoch: 27 [12800/50000 (26%)]	 Training Loss: 0.667 ACC: 63.25 CR: 0.51 Avg R1: 4.26 Avg R2: 4.76 Avg Reward: 9.016001
2026-05-17 04:18:27 [INFO] Epoch: 27 [25600/50000 (51%)]	 Training Loss: 0.655 ACC: 63.70 CR: 0.51 Avg R1: 4.27 Avg R2: 4.76 Avg Reward: 9.034343
2026-05-17 04:18:38 [INFO] Epoch: 27 [38400/50000 (77%)]	 Training Loss: 0.657 ACC: 63.66 CR: 0.52 Avg R1: 4.29 Avg R2: 4.77 Avg Reward: 9.059751
2026-05-17 04:18:50 [INFO] EPOCH:27, ======================CR:0.52098====================
2026-05-17 04:18:50 [INFO] 0.006875112958820633
2026-05-17 04:18:52 [INFO] EPOCH:27, ======================ACC:57.65====================
2026-05-17 04:18:52 [INFO] BEST EPOCH:25,BEST ACC:60.72
2026-05-17 04:19:03 [INFO] Epoch: 28 [12800/50000 (26%)]	 Training Loss: 0.652 ACC: 62.99 CR: 0.52 Avg R1: 4.33 Avg R2: 4.81 Avg Reward: 9.145509
2026-05-17 04:19:14 [INFO] Epoch: 28 [25600/50000 (51%)]	 Training Loss: 0.642 ACC: 64.03 CR: 0.52 Avg R1: 4.32 Avg R2: 4.81 Avg Reward: 9.128407
2026-05-17 04:19:26 [INFO] Epoch: 28 [38400/50000 (77%)]	 Training Loss: 0.645 ACC: 63.81 CR: 0.51 Avg R1: 4.31 Avg R2: 4.80 Avg Reward: 9.111187
2026-05-17 04:19:37 [INFO] EPOCH:28, ======================CR:0.51322====================
2026-05-17 04:19:37 [INFO] -0.001562902260231993
2026-05-17 04:19:39 [INFO] EPOCH:28, ======================ACC:59.81====================
2026-05-17 04:19:39 [INFO] BEST EPOCH:25,BEST ACC:60.72
2026-05-17 04:19:51 [INFO] Epoch: 29 [12800/50000 (26%)]	 Training Loss: 0.628 ACC: 65.01 CR: 0.51 Avg R1: 4.28 Avg R2: 4.77 Avg Reward: 9.048105
2026-05-17 04:20:02 [INFO] Epoch: 29 [25600/50000 (51%)]	 Training Loss: 0.631 ACC: 64.67 CR: 0.51 Avg R1: 4.28 Avg R2: 4.77 Avg Reward: 9.054317
2026-05-17 04:20:14 [INFO] Epoch: 29 [38400/50000 (77%)]	 Training Loss: 0.643 ACC: 64.05 CR: 0.52 Avg R1: 4.29 Avg R2: 4.77 Avg Reward: 9.062232
2026-05-17 04:20:24 [INFO] EPOCH:29, ======================CR:0.5193====================
2026-05-17 04:20:24 [INFO] -0.007208246061381421
2026-05-17 04:20:26 [INFO] EPOCH:29, ======================ACC:60.96====================
2026-05-17 04:20:26 [INFO] BEST EPOCH:29,BEST ACC:60.96
2026-05-17 04:20:37 [INFO] Epoch: 30 [12800/50000 (26%)]	 Training Loss: 0.644 ACC: 64.81 CR: 0.52 Avg R1: 4.33 Avg R2: 4.82 Avg Reward: 9.156115
2026-05-17 04:20:49 [INFO] Epoch: 30 [25600/50000 (51%)]	 Training Loss: 0.631 ACC: 64.90 CR: 0.52 Avg R1: 4.34 Avg R2: 4.83 Avg Reward: 9.164793
2026-05-17 04:21:00 [INFO] Epoch: 30 [38400/50000 (77%)]	 Training Loss: 0.638 ACC: 64.53 CR: 0.52 Avg R1: 4.34 Avg R2: 4.83 Avg Reward: 9.171054
2026-05-17 04:21:10 [INFO] EPOCH:30, ======================CR:0.52388====================
2026-05-17 04:21:10 [INFO] 0.0070058905826303475
2026-05-17 04:21:12 [INFO] EPOCH:30, ======================ACC:59.18====================
2026-05-17 04:21:12 [INFO] BEST EPOCH:29,BEST ACC:60.96
2026-05-17 04:21:24 [INFO] Epoch: 31 [12800/50000 (26%)]	 Training Loss: 0.630 ACC: 64.66 CR: 0.52 Avg R1: 4.36 Avg R2: 4.85 Avg Reward: 9.207854
2026-05-17 04:21:35 [INFO] Epoch: 31 [25600/50000 (51%)]	 Training Loss: 0.627 ACC: 65.08 CR: 0.52 Avg R1: 4.35 Avg R2: 4.84 Avg Reward: 9.183613
2026-05-17 04:21:46 [INFO] Epoch: 31 [38400/50000 (77%)]	 Training Loss: 0.641 ACC: 64.68 CR: 0.52 Avg R1: 4.34 Avg R2: 4.83 Avg Reward: 9.177622
2026-05-17 04:21:56 [INFO] EPOCH:31, ======================CR:0.52226====================
2026-05-17 04:21:56 [INFO] 0.001878935870358715
2026-05-17 04:21:57 [INFO] EPOCH:31, ======================ACC:58.02====================
2026-05-17 04:21:57 [INFO] BEST EPOCH:29,BEST ACC:60.96
2026-05-17 04:22:08 [INFO] Epoch: 32 [12800/50000 (26%)]	 Training Loss: 0.600 ACC: 66.49 CR: 0.52 Avg R1: 4.34 Avg R2: 4.82 Avg Reward: 9.163073
2026-05-17 04:22:20 [INFO] Epoch: 32 [25600/50000 (51%)]	 Training Loss: 0.620 ACC: 65.46 CR: 0.52 Avg R1: 4.33 Avg R2: 4.82 Avg Reward: 9.149912
2026-05-17 04:22:31 [INFO] Epoch: 32 [38400/50000 (77%)]	 Training Loss: 0.626 ACC: 65.06 CR: 0.52 Avg R1: 4.33 Avg R2: 4.82 Avg Reward: 9.146556
2026-05-17 04:22:39 [INFO] EPOCH:32, ======================CR:0.51928====================
2026-05-17 04:22:39 [INFO] -0.0006631393024399154
2026-05-17 04:22:41 [INFO] EPOCH:32, ======================ACC:60.55====================
2026-05-17 04:22:41 [INFO] BEST EPOCH:29,BEST ACC:60.96
2026-05-17 04:22:53 [INFO] Epoch: 33 [12800/50000 (26%)]	 Training Loss: 0.611 ACC: 65.90 CR: 0.52 Avg R1: 4.33 Avg R2: 4.82 Avg Reward: 9.150639
2026-05-17 04:23:04 [INFO] Epoch: 33 [25600/50000 (51%)]	 Training Loss: 0.625 ACC: 65.00 CR: 0.52 Avg R1: 4.33 Avg R2: 4.82 Avg Reward: 9.155892
2026-05-17 04:23:15 [INFO] Epoch: 33 [38400/50000 (77%)]	 Training Loss: 0.625 ACC: 65.15 CR: 0.52 Avg R1: 4.34 Avg R2: 4.82 Avg Reward: 9.160444
2026-05-17 04:23:23 [INFO] EPOCH:33, ======================CR:0.52164====================
2026-05-17 04:23:23 [INFO] -0.002576575311682021
2026-05-17 04:23:25 [INFO] EPOCH:33, ======================ACC:58.57====================
2026-05-17 04:23:25 [INFO] BEST EPOCH:29,BEST ACC:60.96
2026-05-17 04:23:37 [INFO] Epoch: 34 [12800/50000 (26%)]	 Training Loss: 0.617 ACC: 66.41 CR: 0.53 Avg R1: 4.37 Avg R2: 4.86 Avg Reward: 9.234206
2026-05-17 04:23:49 [INFO] Epoch: 34 [25600/50000 (51%)]	 Training Loss: 0.615 ACC: 66.38 CR: 0.53 Avg R1: 4.40 Avg R2: 4.88 Avg Reward: 9.277828
2026-05-17 04:24:00 [INFO] Epoch: 34 [38400/50000 (77%)]	 Training Loss: 0.623 ACC: 65.73 CR: 0.54 Avg R1: 4.42 Avg R2: 4.89 Avg Reward: 9.305547
2026-05-17 04:24:09 [INFO] EPOCH:34, ======================CR:0.53692====================
2026-05-17 04:24:09 [INFO] 0.01373228470300125
2026-05-17 04:24:11 [INFO] EPOCH:34, ======================ACC:62.54====================
2026-05-17 04:24:11 [INFO] BEST EPOCH:34,BEST ACC:62.54
2026-05-17 04:24:22 [INFO] Epoch: 35 [12800/50000 (26%)]	 Training Loss: 0.601 ACC: 66.72 CR: 0.54 Avg R1: 4.47 Avg R2: 4.92 Avg Reward: 9.392237
2026-05-17 04:24:32 [INFO] Epoch: 35 [25600/50000 (51%)]	 Training Loss: 0.613 ACC: 65.99 CR: 0.53 Avg R1: 4.47 Avg R2: 4.92 Avg Reward: 9.383694
2026-05-17 04:24:43 [INFO] Epoch: 35 [38400/50000 (77%)]	 Training Loss: 0.620 ACC: 65.72 CR: 0.53 Avg R1: 4.46 Avg R2: 4.92 Avg Reward: 9.377216
2026-05-17 04:24:53 [INFO] EPOCH:35, ======================CR:0.53474====================
2026-05-17 04:24:53 [INFO] 0.010165225153632178
2026-05-17 04:24:55 [INFO] EPOCH:35, ======================ACC:60.06====================
2026-05-17 04:24:55 [INFO] BEST EPOCH:34,BEST ACC:62.54
2026-05-17 04:25:07 [INFO] Epoch: 36 [12800/50000 (26%)]	 Training Loss: 0.606 ACC: 66.87 CR: 0.54 Avg R1: 4.46 Avg R2: 4.93 Avg Reward: 9.393972
2026-05-17 04:25:19 [INFO] Epoch: 36 [25600/50000 (51%)]	 Training Loss: 0.613 ACC: 66.51 CR: 0.54 Avg R1: 4.47 Avg R2: 4.94 Avg Reward: 9.406158
2026-05-17 04:25:30 [INFO] Epoch: 36 [38400/50000 (77%)]	 Training Loss: 0.619 ACC: 66.21 CR: 0.54 Avg R1: 4.47 Avg R2: 4.94 Avg Reward: 9.411183
2026-05-17 04:25:40 [INFO] EPOCH:36, ======================CR:0.5375====================
2026-05-17 04:25:40 [INFO] 0.012380007477379811
2026-05-17 04:25:42 [INFO] EPOCH:36, ======================ACC:61.03====================
2026-05-17 04:25:42 [INFO] BEST EPOCH:34,BEST ACC:62.54
2026-05-17 04:25:53 [INFO] Epoch: 37 [12800/50000 (26%)]	 Training Loss: 0.606 ACC: 66.71 CR: 0.54 Avg R1: 4.48 Avg R2: 4.94 Avg Reward: 9.424800
2026-05-17 04:26:04 [INFO] Epoch: 37 [25600/50000 (51%)]	 Training Loss: 0.608 ACC: 66.48 CR: 0.54 Avg R1: 4.48 Avg R2: 4.95 Avg Reward: 9.430495
2026-05-17 04:26:16 [INFO] Epoch: 37 [38400/50000 (77%)]	 Training Loss: 0.613 ACC: 66.18 CR: 0.54 Avg R1: 4.48 Avg R2: 4.95 Avg Reward: 9.426891
2026-05-17 04:26:26 [INFO] EPOCH:37, ======================CR:0.53782====================
2026-05-17 04:26:26 [INFO] 0.003718566183929826
2026-05-17 04:26:28 [INFO] EPOCH:37, ======================ACC:60.6====================
2026-05-17 04:26:28 [INFO] BEST EPOCH:34,BEST ACC:62.54
2026-05-17 04:26:40 [INFO] Epoch: 38 [12800/50000 (26%)]	 Training Loss: 0.625 ACC: 66.63 CR: 0.54 Avg R1: 4.49 Avg R2: 4.98 Avg Reward: 9.461735
2026-05-17 04:26:51 [INFO] Epoch: 38 [25600/50000 (51%)]	 Training Loss: 0.624 ACC: 66.37 CR: 0.54 Avg R1: 4.50 Avg R2: 4.99 Avg Reward: 9.487071
2026-05-17 04:27:03 [INFO] Epoch: 38 [38400/50000 (77%)]	 Training Loss: 0.627 ACC: 66.17 CR: 0.55 Avg R1: 4.51 Avg R2: 4.99 Avg Reward: 9.507803
2026-05-17 04:27:13 [INFO] EPOCH:38, ======================CR:0.54812====================
2026-05-17 04:27:13 [INFO] 0.007655724892749105
2026-05-17 04:27:15 [INFO] EPOCH:38, ======================ACC:59.12====================
2026-05-17 04:27:15 [INFO] BEST EPOCH:34,BEST ACC:62.54
2026-05-17 04:27:28 [INFO] Epoch: 39 [12800/50000 (26%)]	 Training Loss: 0.599 ACC: 67.26 CR: 0.54 Avg R1: 4.55 Avg R2: 5.02 Avg Reward: 9.574632
2026-05-17 04:27:40 [INFO] Epoch: 39 [25600/50000 (51%)]	 Training Loss: 0.599 ACC: 66.98 CR: 0.54 Avg R1: 4.54 Avg R2: 5.01 Avg Reward: 9.558626
2026-05-17 04:27:52 [INFO] Epoch: 39 [38400/50000 (77%)]	 Training Loss: 0.610 ACC: 66.72 CR: 0.55 Avg R1: 4.54 Avg R2: 5.01 Avg Reward: 9.556085
2026-05-17 04:28:02 [INFO] EPOCH:39, ======================CR:0.55066====================
2026-05-17 04:28:02 [INFO] 0.008618006926218577
2026-05-17 04:28:04 [INFO] EPOCH:39, ======================ACC:62.1====================
2026-05-17 04:28:04 [INFO] BEST EPOCH:34,BEST ACC:62.54
2026-05-17 04:28:16 [INFO] Epoch: 40 [12800/50000 (26%)]	 Training Loss: 0.613 ACC: 67.40 CR: 0.55 Avg R1: 4.60 Avg R2: 5.06 Avg Reward: 9.656773
2026-05-17 04:28:27 [INFO] Epoch: 40 [25600/50000 (51%)]	 Training Loss: 0.610 ACC: 67.66 CR: 0.56 Avg R1: 4.61 Avg R2: 5.06 Avg Reward: 9.672019
2026-05-17 04:28:39 [INFO] Epoch: 40 [38400/50000 (77%)]	 Training Loss: 0.618 ACC: 67.07 CR: 0.56 Avg R1: 4.62 Avg R2: 5.07 Avg Reward: 9.697676
2026-05-17 04:28:50 [INFO] EPOCH:40, ======================CR:0.5603====================
2026-05-17 04:28:50 [INFO] 0.00413211155805987
2026-05-17 04:28:52 [INFO] EPOCH:40, ======================ACC:54.58====================
2026-05-17 04:28:52 [INFO] BEST EPOCH:34,BEST ACC:62.54
2026-05-17 04:29:04 [INFO] Epoch: 41 [12800/50000 (26%)]	 Training Loss: 0.601 ACC: 68.20 CR: 0.56 Avg R1: 4.68 Avg R2: 5.11 Avg Reward: 9.784661
2026-05-17 04:29:16 [INFO] Epoch: 41 [25600/50000 (51%)]	 Training Loss: 0.602 ACC: 67.78 CR: 0.56 Avg R1: 4.67 Avg R2: 5.10 Avg Reward: 9.776944
2026-05-17 04:29:27 [INFO] Epoch: 41 [38400/50000 (77%)]	 Training Loss: 0.606 ACC: 67.50 CR: 0.56 Avg R1: 4.67 Avg R2: 5.10 Avg Reward: 9.768829
2026-05-17 04:29:37 [INFO] EPOCH:41, ======================CR:0.54824====================
2026-05-17 04:29:37 [INFO] 0.012606165448002915
2026-05-17 04:29:39 [INFO] EPOCH:41, ======================ACC:59.8====================
2026-05-17 04:29:39 [INFO] BEST EPOCH:34,BEST ACC:62.54
2026-05-17 04:29:53 [INFO] Epoch: 42 [12800/50000 (26%)]	 Training Loss: 0.574 ACC: 68.62 CR: 0.55 Avg R1: 4.57 Avg R2: 5.05 Avg Reward: 9.616689
2026-05-17 04:30:04 [INFO] Epoch: 42 [25600/50000 (51%)]	 Training Loss: 0.572 ACC: 68.62 CR: 0.54 Avg R1: 4.55 Avg R2: 5.04 Avg Reward: 9.583470
2026-05-17 04:30:15 [INFO] Epoch: 42 [38400/50000 (77%)]	 Training Loss: 0.578 ACC: 68.26 CR: 0.54 Avg R1: 4.53 Avg R2: 5.02 Avg Reward: 9.549600
2026-05-17 04:30:27 [INFO] EPOCH:42, ======================CR:0.5329====================
2026-05-17 04:30:27 [INFO] 0.014358620035717078
2026-05-17 04:30:29 [INFO] EPOCH:42, ======================ACC:60.58====================
2026-05-17 04:30:29 [INFO] BEST EPOCH:34,BEST ACC:62.54
2026-05-17 04:30:41 [INFO] Epoch: 43 [12800/50000 (26%)]	 Training Loss: 0.573 ACC: 68.32 CR: 0.53 Avg R1: 4.45 Avg R2: 4.95 Avg Reward: 9.399367
2026-05-17 04:30:53 [INFO] Epoch: 43 [25600/50000 (51%)]	 Training Loss: 0.571 ACC: 68.34 CR: 0.53 Avg R1: 4.45 Avg R2: 4.95 Avg Reward: 9.397957
2026-05-17 04:31:05 [INFO] Epoch: 43 [38400/50000 (77%)]	 Training Loss: 0.578 ACC: 67.84 CR: 0.53 Avg R1: 4.44 Avg R2: 4.95 Avg Reward: 9.392647
2026-05-17 04:31:16 [INFO] EPOCH:43, ======================CR:0.52902====================
2026-05-17 04:31:16 [INFO] 0.010967877598700779
2026-05-17 04:31:18 [INFO] EPOCH:43, ======================ACC:60.71====================
2026-05-17 04:31:18 [INFO] BEST EPOCH:34,BEST ACC:62.54
2026-05-17 04:31:29 [INFO] Epoch: 44 [12800/50000 (26%)]	 Training Loss: 0.557 ACC: 69.59 CR: 0.53 Avg R1: 4.40 Avg R2: 4.93 Avg Reward: 9.333384
2026-05-17 04:31:41 [INFO] Epoch: 44 [25600/50000 (51%)]	 Training Loss: 0.566 ACC: 68.97 CR: 0.53 Avg R1: 4.40 Avg R2: 4.93 Avg Reward: 9.333250
2026-05-17 04:31:53 [INFO] Epoch: 44 [38400/50000 (77%)]	 Training Loss: 0.572 ACC: 68.76 CR: 0.53 Avg R1: 4.40 Avg R2: 4.94 Avg Reward: 9.341514
2026-05-17 04:32:03 [INFO] EPOCH:44, ======================CR:0.53518====================
2026-05-17 04:32:03 [INFO] 0.008336895135225581
2026-05-17 04:32:05 [INFO] EPOCH:44, ======================ACC:59.01====================
2026-05-17 04:32:05 [INFO] BEST EPOCH:34,BEST ACC:62.54
2026-05-17 04:32:16 [INFO] Epoch: 45 [12800/50000 (26%)]	 Training Loss: 0.577 ACC: 69.12 CR: 0.54 Avg R1: 4.47 Avg R2: 4.99 Avg Reward: 9.467046
2026-05-17 04:32:28 [INFO] Epoch: 45 [25600/50000 (51%)]	 Training Loss: 0.583 ACC: 68.43 CR: 0.54 Avg R1: 4.49 Avg R2: 5.01 Avg Reward: 9.495114
2026-05-17 04:32:39 [INFO] Epoch: 45 [38400/50000 (77%)]	 Training Loss: 0.589 ACC: 68.30 CR: 0.55 Avg R1: 4.52 Avg R2: 5.02 Avg Reward: 9.538769
2026-05-17 04:32:49 [INFO] EPOCH:45, ======================CR:0.5607====================
2026-05-17 04:32:49 [INFO] 0.012162315806218543
2026-05-17 04:32:51 [INFO] EPOCH:45, ======================ACC:58.1====================
2026-05-17 04:32:51 [INFO] BEST EPOCH:34,BEST ACC:62.54
2026-05-17 04:33:03 [INFO] Epoch: 46 [12800/50000 (26%)]	 Training Loss: 0.596 ACC: 69.17 CR: 0.57 Avg R1: 4.71 Avg R2: 5.16 Avg Reward: 9.872553
2026-05-17 04:33:14 [INFO] Epoch: 46 [25600/50000 (51%)]	 Training Loss: 0.624 ACC: 68.26 CR: 0.58 Avg R1: 4.76 Avg R2: 5.20 Avg Reward: 9.957710
2026-05-17 04:33:25 [INFO] Epoch: 46 [38400/50000 (77%)]	 Training Loss: 0.642 ACC: 67.86 CR: 0.60 Avg R1: 4.82 Avg R2: 5.25 Avg Reward: 10.070782
2026-05-17 04:33:37 [INFO] EPOCH:46, ======================CR:0.62164====================
2026-05-17 04:33:37 [INFO] 0.03362243446696557
2026-05-17 04:33:39 [INFO] EPOCH:46, ======================ACC:59.36====================
2026-05-17 04:33:39 [INFO] BEST EPOCH:34,BEST ACC:62.54
2026-05-17 04:33:49 [INFO] Epoch: 47 [12800/50000 (26%)]	 Training Loss: 0.617 ACC: 69.18 CR: 0.63 Avg R1: 4.70 Avg R2: 5.56 Avg Reward: 10.255786
2026-05-17 04:34:01 [INFO] Epoch: 47 [25600/50000 (51%)]	 Training Loss: 0.645 ACC: 68.07 CR: 0.64 Avg R1: 4.65 Avg R2: 5.58 Avg Reward: 10.233344
2026-05-17 04:34:14 [INFO] Epoch: 47 [38400/50000 (77%)]	 Training Loss: 0.671 ACC: 67.60 CR: 0.66 Avg R1: 4.58 Avg R2: 5.61 Avg Reward: 10.192696
2026-05-17 04:34:26 [INFO] EPOCH:47, ======================CR:0.66792====================
2026-05-17 04:34:26 [INFO] 0.02902674785949596
2026-05-17 04:34:28 [INFO] EPOCH:47, ======================ACC:61.14====================
2026-05-17 04:34:28 [INFO] BEST EPOCH:34,BEST ACC:62.54
2026-05-17 04:34:40 [INFO] Epoch: 48 [12800/50000 (26%)]	 Training Loss: 0.676 ACC: 68.80 CR: 0.67 Avg R1: 4.13 Avg R2: 5.85 Avg Reward: 9.972006
2026-05-17 04:34:51 [INFO] Epoch: 48 [25600/50000 (51%)]	 Training Loss: 0.687 ACC: 68.12 CR: 0.68 Avg R1: 4.09 Avg R2: 5.87 Avg Reward: 9.955455
2026-05-17 04:35:02 [INFO] Epoch: 48 [38400/50000 (77%)]	 Training Loss: 0.700 ACC: 67.91 CR: 0.69 Avg R1: 4.03 Avg R2: 5.89 Avg Reward: 9.929406
2026-05-17 04:35:13 [INFO] EPOCH:48, ======================CR:0.7085====================
2026-05-17 04:35:13 [INFO] 0.043373766304821856
2026-05-17 04:35:15 [INFO] EPOCH:48, ======================ACC:58.84====================
2026-05-17 04:35:15 [INFO] BEST EPOCH:34,BEST ACC:62.54
2026-05-17 04:35:26 [INFO] Epoch: 49 [12800/50000 (26%)]	 Training Loss: 0.695 ACC: 68.65 CR: 0.71 Avg R1: 3.62 Avg R2: 6.11 Avg Reward: 9.726466
2026-05-17 04:35:38 [INFO] Epoch: 49 [25600/50000 (51%)]	 Training Loss: 0.687 ACC: 68.48 CR: 0.71 Avg R1: 3.61 Avg R2: 6.11 Avg Reward: 9.717187
2026-05-17 04:35:48 [INFO] Epoch: 49 [38400/50000 (77%)]	 Training Loss: 0.686 ACC: 68.25 CR: 0.71 Avg R1: 3.61 Avg R2: 6.11 Avg Reward: 9.719208
2026-05-17 04:35:58 [INFO] EPOCH:49, ======================CR:0.69584====================
2026-05-17 04:35:58 [INFO] 0.037840386687181024
2026-05-17 04:36:00 [INFO] EPOCH:49, ======================ACC:62.08====================
2026-05-17 04:36:00 [INFO] BEST EPOCH:34,BEST ACC:62.54
2026-05-17 04:36:12 [INFO] Epoch: 50 [12800/50000 (26%)]	 Training Loss: 0.646 ACC: 69.93 CR: 0.69 Avg R1: 3.83 Avg R2: 5.99 Avg Reward: 9.826161
2026-05-17 04:36:23 [INFO] Epoch: 50 [25600/50000 (51%)]	 Training Loss: 0.672 ACC: 69.06 CR: 0.70 Avg R1: 3.83 Avg R2: 6.00 Avg Reward: 9.824800
2026-05-17 04:36:34 [INFO] Epoch: 50 [38400/50000 (77%)]	 Training Loss: 0.682 ACC: 68.70 CR: 0.70 Avg R1: 3.81 Avg R2: 6.01 Avg Reward: 9.817420
2026-05-17 04:36:43 [INFO] EPOCH:50, ======================CR:0.70448====================
2026-05-17 04:36:43 [INFO] 0.039231465308641154
2026-05-17 04:36:46 [INFO] EPOCH:50, ======================ACC:62.83====================
2026-05-17 04:36:46 [INFO] BEST EPOCH:50,BEST ACC:62.83
2026-05-17 04:36:57 [INFO] Epoch: 51 [12800/50000 (26%)]	 Training Loss: 0.645 ACC: 70.21 CR: 0.70 Avg R1: 3.70 Avg R2: 6.06 Avg Reward: 9.763150
2026-05-17 04:37:08 [INFO] Epoch: 51 [25600/50000 (51%)]	 Training Loss: 0.640 ACC: 70.21 CR: 0.69 Avg R1: 3.74 Avg R2: 6.04 Avg Reward: 9.781209
2026-05-17 04:37:19 [INFO] Epoch: 51 [38400/50000 (77%)]	 Training Loss: 0.651 ACC: 69.72 CR: 0.69 Avg R1: 3.78 Avg R2: 6.02 Avg Reward: 9.800128
2026-05-17 04:37:29 [INFO] EPOCH:51, ======================CR:0.68362====================
2026-05-17 04:37:29 [INFO] 0.038863868745469994
2026-05-17 04:37:32 [INFO] EPOCH:51, ======================ACC:62.45====================
2026-05-17 04:37:32 [INFO] BEST EPOCH:50,BEST ACC:62.83
2026-05-17 04:37:44 [INFO] Epoch: 52 [12800/50000 (26%)]	 Training Loss: 0.646 ACC: 69.36 CR: 0.68 Avg R1: 3.96 Avg R2: 5.92 Avg Reward: 9.882541
2026-05-17 04:37:56 [INFO] Epoch: 52 [25600/50000 (51%)]	 Training Loss: 0.639 ACC: 69.68 CR: 0.68 Avg R1: 3.98 Avg R2: 5.91 Avg Reward: 9.890413
2026-05-17 04:38:07 [INFO] Epoch: 52 [38400/50000 (77%)]	 Training Loss: 0.636 ACC: 69.80 CR: 0.67 Avg R1: 4.01 Avg R2: 5.90 Avg Reward: 9.904684
2026-05-17 04:38:16 [INFO] EPOCH:52, ======================CR:0.66168====================
2026-05-17 04:38:16 [INFO] 0.02697913593203056
2026-05-17 04:38:18 [INFO] EPOCH:52, ======================ACC:61.72====================
2026-05-17 04:38:18 [INFO] BEST EPOCH:50,BEST ACC:62.83
2026-05-17 04:38:29 [INFO] Epoch: 53 [12800/50000 (26%)]	 Training Loss: 0.556 ACC: 71.00 CR: 0.65 Avg R1: 4.33 Avg R2: 5.74 Avg Reward: 10.069885
2026-05-17 04:38:40 [INFO] Epoch: 53 [25600/50000 (51%)]	 Training Loss: 0.556 ACC: 71.16 CR: 0.63 Avg R1: 4.43 Avg R2: 5.69 Avg Reward: 10.119874
2026-05-17 04:38:52 [INFO] Epoch: 53 [38400/50000 (77%)]	 Training Loss: 0.565 ACC: 70.92 CR: 0.62 Avg R1: 4.51 Avg R2: 5.65 Avg Reward: 10.164405
2026-05-17 04:39:01 [INFO] EPOCH:53, ======================CR:0.6125====================
2026-05-17 04:39:01 [INFO] 0.024758382166599355
2026-05-17 04:39:03 [INFO] EPOCH:53, ======================ACC:63.17====================
2026-05-17 04:39:03 [INFO] BEST EPOCH:53,BEST ACC:63.17
2026-05-17 04:39:15 [INFO] Epoch: 54 [12800/50000 (26%)]	 Training Loss: 0.544 ACC: 72.00 CR: 0.61 Avg R1: 4.85 Avg R2: 5.48 Avg Reward: 10.337551
2026-05-17 04:39:27 [INFO] Epoch: 54 [25600/50000 (51%)]	 Training Loss: 0.546 ACC: 71.59 CR: 0.61 Avg R1: 4.88 Avg R2: 5.47 Avg Reward: 10.349820
2026-05-17 04:39:39 [INFO] Epoch: 54 [38400/50000 (77%)]	 Training Loss: 0.557 ACC: 71.36 CR: 0.61 Avg R1: 4.89 Avg R2: 5.46 Avg Reward: 10.353592
2026-05-17 04:39:50 [INFO] EPOCH:54, ======================CR:0.60734====================
2026-05-17 04:39:50 [INFO] 0.0239027223845589
2026-05-17 04:39:52 [INFO] EPOCH:54, ======================ACC:62.66====================
2026-05-17 04:39:52 [INFO] BEST EPOCH:53,BEST ACC:63.17
2026-05-17 04:39:52 [INFO] Saving Masks: current CR 0.6073 target CR 0.6000
2026-05-17 04:39:52 [INFO] Updated candidate mask pretrained-rescale_mask_best-acc_60_05170357_resnet18 at epoch 54 with acc 62.6600
2026-05-17 04:40:03 [INFO] Epoch: 55 [12800/50000 (26%)]	 Training Loss: 0.541 ACC: 72.09 CR: 0.61 Avg R1: 4.91 Avg R2: 5.45 Avg Reward: 10.358597
2026-05-17 04:40:14 [INFO] Epoch: 55 [25600/50000 (51%)]	 Training Loss: 0.541 ACC: 72.05 CR: 0.60 Avg R1: 4.92 Avg R2: 5.44 Avg Reward: 10.365118
2026-05-17 04:40:27 [INFO] Epoch: 55 [38400/50000 (77%)]	 Training Loss: 0.547 ACC: 71.63 CR: 0.60 Avg R1: 4.93 Avg R2: 5.44 Avg Reward: 10.372192
2026-05-17 04:40:37 [INFO] EPOCH:55, ======================CR:0.59382====================
2026-05-17 04:40:37 [INFO] 0.023955947129360347
2026-05-17 04:40:39 [INFO] EPOCH:55, ======================ACC:62.94====================
2026-05-17 04:40:39 [INFO] BEST EPOCH:54,BEST ACC:63.17
2026-05-17 04:40:39 [INFO] Saving Masks: current CR 0.5938 target CR 0.6000
2026-05-17 04:40:39 [INFO] Updated candidate mask pretrained-rescale_mask_best-acc_60_05170357_resnet18 at epoch 55 with acc 62.9400
2026-05-17 04:40:50 [INFO] Epoch: 56 [12800/50000 (26%)]	 Training Loss: 0.523 ACC: 72.28 CR: 0.59 Avg R1: 4.93 Avg R2: 5.37 Avg Reward: 10.292164
2026-05-17 04:41:00 [INFO] Epoch: 56 [25600/50000 (51%)]	 Training Loss: 0.525 ACC: 72.45 CR: 0.59 Avg R1: 4.91 Avg R2: 5.36 Avg Reward: 10.272350
2026-05-17 04:41:10 [INFO] Epoch: 56 [38400/50000 (77%)]	 Training Loss: 0.542 ACC: 71.72 CR: 0.59 Avg R1: 4.91 Avg R2: 5.36 Avg Reward: 10.272199
2026-05-17 04:41:21 [INFO] EPOCH:56, ======================CR:0.58974====================
2026-05-17 04:41:21 [INFO] 0.02663650014033254
2026-05-17 04:41:23 [INFO] EPOCH:56, ======================ACC:59.25====================
2026-05-17 04:41:23 [INFO] BEST EPOCH:55,BEST ACC:63.17
2026-05-17 04:41:35 [INFO] Epoch: 57 [12800/50000 (26%)]	 Training Loss: 0.533 ACC: 72.24 CR: 0.59 Avg R1: 4.91 Avg R2: 5.34 Avg Reward: 10.244627
2026-05-17 04:41:47 [INFO] Epoch: 57 [25600/50000 (51%)]	 Training Loss: 0.541 ACC: 71.80 CR: 0.59 Avg R1: 4.91 Avg R2: 5.34 Avg Reward: 10.243652
2026-05-17 04:41:58 [INFO] Epoch: 57 [38400/50000 (77%)]	 Training Loss: 0.558 ACC: 71.30 CR: 0.60 Avg R1: 4.92 Avg R2: 5.35 Avg Reward: 10.269378
2026-05-17 04:42:09 [INFO] EPOCH:57, ======================CR:0.60834====================
2026-05-17 04:42:09 [INFO] 0.01976023179563411
2026-05-17 04:42:11 [INFO] EPOCH:57, ======================ACC:61.53====================
2026-05-17 04:42:11 [INFO] BEST EPOCH:55,BEST ACC:63.17
2026-05-17 04:42:11 [INFO] Saving Masks: current CR 0.6083 target CR 0.6000
2026-05-17 04:42:21 [INFO] Epoch: 58 [12800/50000 (26%)]	 Training Loss: 0.548 ACC: 72.23 CR: 0.61 Avg R1: 4.88 Avg R2: 5.50 Avg Reward: 10.379976
2026-05-17 04:42:34 [INFO] Epoch: 58 [25600/50000 (51%)]	 Training Loss: 0.549 ACC: 71.99 CR: 0.61 Avg R1: 4.86 Avg R2: 5.51 Avg Reward: 10.367703
2026-05-17 04:42:47 [INFO] Epoch: 58 [38400/50000 (77%)]	 Training Loss: 0.560 ACC: 71.45 CR: 0.61 Avg R1: 4.85 Avg R2: 5.51 Avg Reward: 10.362151
2026-05-17 04:42:57 [INFO] EPOCH:58, ======================CR:0.60952====================
2026-05-17 04:42:57 [INFO] 0.02462053125820191
2026-05-17 04:42:59 [INFO] EPOCH:58, ======================ACC:65.05====================
2026-05-17 04:42:59 [INFO] BEST EPOCH:58,BEST ACC:65.05
2026-05-17 04:42:59 [INFO] Saving Masks: current CR 0.6095 target CR 0.6000
2026-05-17 04:42:59 [INFO] Updated candidate mask pretrained-rescale_mask_best-acc_60_05170357_resnet18 at epoch 58 with acc 65.0500
2026-05-17 04:43:11 [INFO] Epoch: 59 [12800/50000 (26%)]	 Training Loss: 0.520 ACC: 72.59 CR: 0.61 Avg R1: 4.90 Avg R2: 5.49 Avg Reward: 10.382331
2026-05-17 04:43:23 [INFO] Epoch: 59 [25600/50000 (51%)]	 Training Loss: 0.529 ACC: 72.53 CR: 0.61 Avg R1: 4.91 Avg R2: 5.48 Avg Reward: 10.391215
2026-05-17 04:43:35 [INFO] Epoch: 59 [38400/50000 (77%)]	 Training Loss: 0.544 ACC: 71.95 CR: 0.61 Avg R1: 4.91 Avg R2: 5.49 Avg Reward: 10.396032
2026-05-17 04:43:46 [INFO] EPOCH:59, ======================CR:0.6067====================
2026-05-17 04:43:46 [INFO] 0.020175753741287914
2026-05-17 04:43:48 [INFO] EPOCH:59, ======================ACC:62.12====================
2026-05-17 04:43:48 [INFO] BEST EPOCH:58,BEST ACC:65.05
2026-05-17 04:43:48 [INFO] Saving Masks: current CR 0.6067 target CR 0.6000
2026-05-17 04:44:00 [INFO] Epoch: 60 [12800/50000 (26%)]	 Training Loss: 0.539 ACC: 72.00 CR: 0.60 Avg R1: 4.94 Avg R2: 5.49 Avg Reward: 10.431390
2026-05-17 04:44:12 [INFO] Epoch: 60 [25600/50000 (51%)]	 Training Loss: 0.527 ACC: 72.42 CR: 0.59 Avg R1: 4.96 Avg R2: 5.46 Avg Reward: 10.421168
2026-05-17 04:44:24 [INFO] Epoch: 60 [38400/50000 (77%)]	 Training Loss: 0.535 ACC: 72.05 CR: 0.59 Avg R1: 4.95 Avg R2: 5.44 Avg Reward: 10.387710
2026-05-17 04:44:35 [INFO] EPOCH:60, ======================CR:0.59236====================
2026-05-17 04:44:35 [INFO] 0.012529584511133039
2026-05-17 04:44:37 [INFO] EPOCH:60, ======================ACC:58.42====================
2026-05-17 04:44:37 [INFO] BEST EPOCH:58,BEST ACC:65.05
2026-05-17 04:44:37 [INFO] Saving Masks: current CR 0.5924 target CR 0.6000
2026-05-17 04:44:48 [INFO] Epoch: 61 [12800/50000 (26%)]	 Training Loss: 0.573 ACC: 71.66 CR: 0.60 Avg R1: 4.97 Avg R2: 5.43 Avg Reward: 10.392932
2026-05-17 04:45:00 [INFO] Epoch: 61 [25600/50000 (51%)]	 Training Loss: 0.567 ACC: 72.04 CR: 0.61 Avg R1: 4.93 Avg R2: 5.46 Avg Reward: 10.385299
2026-05-17 04:45:11 [INFO] Epoch: 61 [38400/50000 (77%)]	 Training Loss: 0.565 ACC: 71.69 CR: 0.62 Avg R1: 4.89 Avg R2: 5.48 Avg Reward: 10.371620
2026-05-17 04:45:22 [INFO] EPOCH:61, ======================CR:0.61378====================
2026-05-17 04:45:22 [INFO] 0.025705882773678655
2026-05-17 04:45:24 [INFO] EPOCH:61, ======================ACC:63.57====================
2026-05-17 04:45:24 [INFO] BEST EPOCH:58,BEST ACC:65.05
2026-05-17 04:45:36 [INFO] Epoch: 62 [12800/50000 (26%)]	 Training Loss: 0.493 ACC: 73.56 CR: 0.60 Avg R1: 4.90 Avg R2: 5.51 Avg Reward: 10.416308
2026-05-17 04:45:49 [INFO] Epoch: 62 [25600/50000 (51%)]	 Training Loss: 0.484 ACC: 73.74 CR: 0.58 Avg R1: 4.92 Avg R2: 5.46 Avg Reward: 10.383332
2026-05-17 04:46:02 [INFO] Epoch: 62 [38400/50000 (77%)]	 Training Loss: 0.494 ACC: 73.18 CR: 0.56 Avg R1: 4.87 Avg R2: 5.41 Avg Reward: 10.280786
2026-05-17 04:46:13 [INFO] EPOCH:62, ======================CR:0.54582====================
2026-05-17 04:46:13 [INFO] 0.01649831055735768
2026-05-17 04:46:15 [INFO] EPOCH:62, ======================ACC:64.42====================
2026-05-17 04:46:15 [INFO] BEST EPOCH:58,BEST ACC:65.05
2026-05-17 04:46:28 [INFO] Epoch: 63 [12800/50000 (26%)]	 Training Loss: 0.481 ACC: 73.30 CR: 0.55 Avg R1: 4.55 Avg R2: 5.11 Avg Reward: 9.657743
2026-05-17 04:46:39 [INFO] Epoch: 63 [25600/50000 (51%)]	 Training Loss: 0.476 ACC: 73.68 CR: 0.54 Avg R1: 4.54 Avg R2: 5.10 Avg Reward: 9.646480
2026-05-17 04:46:51 [INFO] Epoch: 63 [38400/50000 (77%)]	 Training Loss: 0.482 ACC: 73.42 CR: 0.55 Avg R1: 4.54 Avg R2: 5.10 Avg Reward: 9.641868
2026-05-17 04:47:01 [INFO] EPOCH:63, ======================CR:0.54842====================
2026-05-17 04:47:01 [INFO] 0.008640902368700114
2026-05-17 04:47:03 [INFO] EPOCH:63, ======================ACC:61.54====================
2026-05-17 04:47:03 [INFO] BEST EPOCH:58,BEST ACC:65.05
2026-05-17 04:47:15 [INFO] Epoch: 64 [12800/50000 (26%)]	 Training Loss: 0.484 ACC: 74.28 CR: 0.55 Avg R1: 4.58 Avg R2: 5.12 Avg Reward: 9.699540
2026-05-17 04:47:26 [INFO] Epoch: 64 [25600/50000 (51%)]	 Training Loss: 0.492 ACC: 73.93 CR: 0.56 Avg R1: 4.60 Avg R2: 5.13 Avg Reward: 9.734725
2026-05-17 04:47:38 [INFO] Epoch: 64 [38400/50000 (77%)]	 Training Loss: 0.499 ACC: 73.20 CR: 0.56 Avg R1: 4.63 Avg R2: 5.15 Avg Reward: 9.778996
2026-05-17 04:47:48 [INFO] EPOCH:64, ======================CR:0.56714====================
2026-05-17 04:47:48 [INFO] 0.019092440874766844
2026-05-17 04:47:50 [INFO] EPOCH:64, ======================ACC:62.47====================
2026-05-17 04:47:50 [INFO] BEST EPOCH:58,BEST ACC:65.05
2026-05-17 04:48:03 [INFO] Epoch: 65 [12800/50000 (26%)]	 Training Loss: 0.508 ACC: 73.34 CR: 0.57 Avg R1: 4.73 Avg R2: 5.25 Avg Reward: 9.981550
2026-05-17 04:48:15 [INFO] Epoch: 65 [25600/50000 (51%)]	 Training Loss: 0.513 ACC: 73.39 CR: 0.58 Avg R1: 4.76 Avg R2: 5.27 Avg Reward: 10.025587
2026-05-17 04:48:27 [INFO] Epoch: 65 [38400/50000 (77%)]	 Training Loss: 0.526 ACC: 72.91 CR: 0.59 Avg R1: 4.80 Avg R2: 5.30 Avg Reward: 10.102773
2026-05-17 04:48:39 [INFO] EPOCH:65, ======================CR:0.60142====================
2026-05-17 04:48:39 [INFO] 0.033794454176477175
2026-05-17 04:48:41 [INFO] EPOCH:65, ======================ACC:63.19====================
2026-05-17 04:48:41 [INFO] BEST EPOCH:58,BEST ACC:65.05
2026-05-17 04:48:41 [INFO] Saving Masks: current CR 0.6014 target CR 0.6000
2026-05-17 04:48:54 [INFO] Epoch: 66 [12800/50000 (26%)]	 Training Loss: 0.508 ACC: 73.07 CR: 0.60 Avg R1: 4.99 Avg R2: 5.47 Avg Reward: 10.463675
2026-05-17 04:49:06 [INFO] Epoch: 66 [25600/50000 (51%)]	 Training Loss: 0.512 ACC: 73.36 CR: 0.60 Avg R1: 4.99 Avg R2: 5.46 Avg Reward: 10.450488
2026-05-17 04:49:17 [INFO] Epoch: 66 [38400/50000 (77%)]	 Training Loss: 0.518 ACC: 73.12 CR: 0.60 Avg R1: 4.98 Avg R2: 5.46 Avg Reward: 10.434512
2026-05-17 04:49:27 [INFO] EPOCH:66, ======================CR:0.5984====================
2026-05-17 04:49:27 [INFO] 0.029518496372500033
2026-05-17 04:49:29 [INFO] EPOCH:66, ======================ACC:63.82====================
2026-05-17 04:49:29 [INFO] BEST EPOCH:58,BEST ACC:65.05
2026-05-17 04:49:29 [INFO] Saving Masks: current CR 0.5984 target CR 0.6000
2026-05-17 04:49:41 [INFO] Epoch: 67 [12800/50000 (26%)]	 Training Loss: 0.520 ACC: 74.15 CR: 0.60 Avg R1: 4.98 Avg R2: 5.48 Avg Reward: 10.462382
2026-05-17 04:49:53 [INFO] Epoch: 67 [25600/50000 (51%)]	 Training Loss: 0.518 ACC: 73.39 CR: 0.60 Avg R1: 4.97 Avg R2: 5.49 Avg Reward: 10.461844
2026-05-17 04:50:05 [INFO] Epoch: 67 [38400/50000 (77%)]	 Training Loss: 0.512 ACC: 73.13 CR: 0.59 Avg R1: 4.97 Avg R2: 5.47 Avg Reward: 10.437574
2026-05-17 04:50:16 [INFO] EPOCH:67, ======================CR:0.57744====================
2026-05-17 04:50:16 [INFO] 0.024659722922704956
2026-05-17 04:50:18 [INFO] EPOCH:67, ======================ACC:65.03====================
2026-05-17 04:50:18 [INFO] BEST EPOCH:58,BEST ACC:65.05
2026-05-17 04:50:30 [INFO] Epoch: 68 [12800/50000 (26%)]	 Training Loss: 0.461 ACC: 74.63 CR: 0.57 Avg R1: 4.77 Avg R2: 5.32 Avg Reward: 10.083572
2026-05-17 04:50:42 [INFO] Epoch: 68 [25600/50000 (51%)]	 Training Loss: 0.454 ACC: 74.63 CR: 0.55 Avg R1: 4.72 Avg R2: 5.29 Avg Reward: 10.009446
2026-05-17 04:50:53 [INFO] Epoch: 68 [38400/50000 (77%)]	 Training Loss: 0.453 ACC: 74.46 CR: 0.54 Avg R1: 4.67 Avg R2: 5.25 Avg Reward: 9.911547
2026-05-17 04:51:03 [INFO] EPOCH:68, ======================CR:0.52296====================
2026-05-17 04:51:03 [INFO] 0.00704139607376534
2026-05-17 04:51:05 [INFO] EPOCH:68, ======================ACC:63.82====================
2026-05-17 04:51:05 [INFO] BEST EPOCH:58,BEST ACC:65.05
2026-05-17 04:51:17 [INFO] Epoch: 69 [12800/50000 (26%)]	 Training Loss: 0.441 ACC: 75.30 CR: 0.52 Avg R1: 4.36 Avg R2: 4.99 Avg Reward: 9.348823
2026-05-17 04:51:29 [INFO] Epoch: 69 [25600/50000 (51%)]	 Training Loss: 0.436 ACC: 75.24 CR: 0.52 Avg R1: 4.36 Avg R2: 4.98 Avg Reward: 9.339223
2026-05-17 04:51:40 [INFO] Epoch: 69 [38400/50000 (77%)]	 Training Loss: 0.445 ACC: 74.66 CR: 0.52 Avg R1: 4.35 Avg R2: 4.98 Avg Reward: 9.329559
2026-05-17 04:51:52 [INFO] EPOCH:69, ======================CR:0.52376====================
2026-05-17 04:51:52 [INFO] 0.008301955129444394
2026-05-17 04:51:54 [INFO] EPOCH:69, ======================ACC:63.63====================
2026-05-17 04:51:54 [INFO] BEST EPOCH:58,BEST ACC:65.05
2026-05-17 04:52:05 [INFO] Epoch: 70 [12800/50000 (26%)]	 Training Loss: 0.429 ACC: 75.80 CR: 0.52 Avg R1: 4.35 Avg R2: 4.99 Avg Reward: 9.336311
2026-05-17 04:52:18 [INFO] Epoch: 70 [25600/50000 (51%)]	 Training Loss: 0.433 ACC: 75.48 CR: 0.52 Avg R1: 4.35 Avg R2: 4.99 Avg Reward: 9.337229
2026-05-17 04:52:30 [INFO] Epoch: 70 [38400/50000 (77%)]	 Training Loss: 0.439 ACC: 75.02 CR: 0.52 Avg R1: 4.35 Avg R2: 4.99 Avg Reward: 9.333844
2026-05-17 04:52:42 [INFO] EPOCH:70, ======================CR:0.52228====================
2026-05-17 04:52:42 [INFO] 0.017505444955072346
2026-05-17 04:52:44 [INFO] EPOCH:70, ======================ACC:63.29====================
2026-05-17 04:52:44 [INFO] BEST EPOCH:58,BEST ACC:65.05
2026-05-17 04:52:56 [INFO] Epoch: 71 [12800/50000 (26%)]	 Training Loss: 0.461 ACC: 74.12 CR: 0.52 Avg R1: 4.36 Avg R2: 5.00 Avg Reward: 9.359900
2026-05-17 04:53:08 [INFO] Epoch: 71 [25600/50000 (51%)]	 Training Loss: 0.458 ACC: 74.54 CR: 0.53 Avg R1: 4.38 Avg R2: 5.00 Avg Reward: 9.386077
2026-05-17 04:53:19 [INFO] Epoch: 71 [38400/50000 (77%)]	 Training Loss: 0.466 ACC: 74.23 CR: 0.54 Avg R1: 4.40 Avg R2: 5.02 Avg Reward: 9.421158
2026-05-17 04:53:30 [INFO] EPOCH:71, ======================CR:0.54216====================
2026-05-17 04:53:30 [INFO] 0.009965673734945455
2026-05-17 04:53:32 [INFO] EPOCH:71, ======================ACC:62.96====================
2026-05-17 04:53:32 [INFO] BEST EPOCH:58,BEST ACC:65.05
2026-05-17 04:53:44 [INFO] Epoch: 72 [12800/50000 (26%)]	 Training Loss: 0.444 ACC: 75.66 CR: 0.54 Avg R1: 4.52 Avg R2: 5.13 Avg Reward: 9.640437
2026-05-17 04:53:56 [INFO] Epoch: 72 [25600/50000 (51%)]	 Training Loss: 0.460 ACC: 75.16 CR: 0.55 Avg R1: 4.53 Avg R2: 5.14 Avg Reward: 9.670521
2026-05-17 04:54:10 [INFO] Epoch: 72 [38400/50000 (77%)]	 Training Loss: 0.477 ACC: 74.27 CR: 0.56 Avg R1: 4.56 Avg R2: 5.16 Avg Reward: 9.719778
2026-05-17 04:54:23 [INFO] EPOCH:72, ======================CR:0.55712====================
2026-05-17 04:54:23 [INFO] 0.024038374201326016
2026-05-17 04:54:25 [INFO] EPOCH:72, ======================ACC:65.67====================
2026-05-17 04:54:25 [INFO] BEST EPOCH:72,BEST ACC:65.67
2026-05-17 04:54:36 [INFO] Epoch: 73 [12800/50000 (26%)]	 Training Loss: 0.457 ACC: 74.94 CR: 0.55 Avg R1: 4.63 Avg R2: 5.23 Avg Reward: 9.863735
2026-05-17 04:54:46 [INFO] Epoch: 73 [25600/50000 (51%)]	 Training Loss: 0.459 ACC: 74.67 CR: 0.55 Avg R1: 4.63 Avg R2: 5.23 Avg Reward: 9.855100
2026-05-17 04:54:56 [INFO] Epoch: 73 [38400/50000 (77%)]	 Training Loss: 0.463 ACC: 74.51 CR: 0.55 Avg R1: 4.62 Avg R2: 5.22 Avg Reward: 9.837667
2026-05-17 04:55:06 [INFO] EPOCH:73, ======================CR:0.55014====================
2026-05-17 04:55:06 [INFO] 0.023580170709611586
2026-05-17 04:55:08 [INFO] EPOCH:73, ======================ACC:66.66====================
2026-05-17 04:55:08 [INFO] BEST EPOCH:73,BEST ACC:66.66
2026-05-17 04:55:19 [INFO] Epoch: 74 [12800/50000 (26%)]	 Training Loss: 0.452 ACC: 75.12 CR: 0.56 Avg R1: 4.61 Avg R2: 5.20 Avg Reward: 9.814128
2026-05-17 04:55:31 [INFO] Epoch: 74 [25600/50000 (51%)]	 Training Loss: 0.456 ACC: 75.23 CR: 0.56 Avg R1: 4.64 Avg R2: 5.22 Avg Reward: 9.853169
2026-05-17 04:55:41 [INFO] Epoch: 74 [38400/50000 (77%)]	 Training Loss: 0.469 ACC: 74.79 CR: 0.57 Avg R1: 4.66 Avg R2: 5.23 Avg Reward: 9.892170
2026-05-17 04:55:53 [INFO] EPOCH:74, ======================CR:0.57836====================
2026-05-17 04:55:53 [INFO] 0.03537093376836434
2026-05-17 04:55:55 [INFO] EPOCH:74, ======================ACC:61.41====================
2026-05-17 04:55:55 [INFO] BEST EPOCH:73,BEST ACC:66.66
2026-05-17 04:56:07 [INFO] Epoch: 75 [12800/50000 (26%)]	 Training Loss: 0.496 ACC: 74.36 CR: 0.59 Avg R1: 4.85 Avg R2: 5.39 Avg Reward: 10.238538
2026-05-17 04:56:18 [INFO] Epoch: 75 [25600/50000 (51%)]	 Training Loss: 0.508 ACC: 74.10 CR: 0.61 Avg R1: 4.91 Avg R2: 5.43 Avg Reward: 10.337892
2026-05-17 04:56:28 [INFO] Epoch: 75 [38400/50000 (77%)]	 Training Loss: 0.527 ACC: 73.42 CR: 0.62 Avg R1: 4.88 Avg R2: 5.48 Avg Reward: 10.360715
2026-05-17 04:56:38 [INFO] EPOCH:75, ======================CR:0.62702====================
2026-05-17 04:56:38 [INFO] 0.04636995108143302
2026-05-17 04:56:40 [INFO] EPOCH:75, ======================ACC:62.14====================
2026-05-17 04:56:40 [INFO] BEST EPOCH:73,BEST ACC:66.66
2026-05-17 04:56:52 [INFO] Epoch: 76 [12800/50000 (26%)]	 Training Loss: 0.462 ACC: 75.87 CR: 0.62 Avg R1: 4.73 Avg R2: 5.66 Avg Reward: 10.395761
2026-05-17 04:57:03 [INFO] Epoch: 76 [25600/50000 (51%)]	 Training Loss: 0.460 ACC: 75.71 CR: 0.61 Avg R1: 4.79 Avg R2: 5.63 Avg Reward: 10.418659
2026-05-17 04:57:15 [INFO] Epoch: 76 [38400/50000 (77%)]	 Training Loss: 0.467 ACC: 75.26 CR: 0.59 Avg R1: 4.84 Avg R2: 5.60 Avg Reward: 10.437694
2026-05-17 04:57:26 [INFO] EPOCH:76, ======================CR:0.5801====================
2026-05-17 04:57:26 [INFO] 0.027517771994735162
2026-05-17 04:57:28 [INFO] EPOCH:76, ======================ACC:66.14====================
2026-05-17 04:57:28 [INFO] BEST EPOCH:73,BEST ACC:66.66
2026-05-17 04:57:40 [INFO] Epoch: 77 [12800/50000 (26%)]	 Training Loss: 0.460 ACC: 75.47 CR: 0.57 Avg R1: 4.81 Avg R2: 5.37 Avg Reward: 10.175926
2026-05-17 04:57:52 [INFO] Epoch: 77 [25600/50000 (51%)]	 Training Loss: 0.455 ACC: 75.71 CR: 0.57 Avg R1: 4.79 Avg R2: 5.36 Avg Reward: 10.148039
2026-05-17 04:58:04 [INFO] Epoch: 77 [38400/50000 (77%)]	 Training Loss: 0.462 ACC: 75.36 CR: 0.57 Avg R1: 4.78 Avg R2: 5.35 Avg Reward: 10.127202
2026-05-17 04:58:15 [INFO] EPOCH:77, ======================CR:0.5671====================
2026-05-17 04:58:15 [INFO] 0.02765948468186325
2026-05-17 04:58:17 [INFO] EPOCH:77, ======================ACC:64.15====================
2026-05-17 04:58:17 [INFO] BEST EPOCH:73,BEST ACC:66.66
2026-05-17 04:58:29 [INFO] Epoch: 78 [12800/50000 (26%)]	 Training Loss: 0.455 ACC: 75.55 CR: 0.57 Avg R1: 4.73 Avg R2: 5.29 Avg Reward: 10.020360
2026-05-17 04:58:41 [INFO] Epoch: 78 [25600/50000 (51%)]	 Training Loss: 0.460 ACC: 75.05 CR: 0.58 Avg R1: 4.75 Avg R2: 5.31 Avg Reward: 10.055522
2026-05-17 04:58:53 [INFO] Epoch: 78 [38400/50000 (77%)]	 Training Loss: 0.469 ACC: 74.84 CR: 0.58 Avg R1: 4.78 Avg R2: 5.33 Avg Reward: 10.106745
2026-05-17 04:59:03 [INFO] EPOCH:78, ======================CR:0.59346====================
2026-05-17 04:59:03 [INFO] 0.029010739970977743
2026-05-17 04:59:05 [INFO] EPOCH:78, ======================ACC:63.79====================
2026-05-17 04:59:05 [INFO] BEST EPOCH:73,BEST ACC:66.66
2026-05-17 04:59:05 [INFO] Saving Masks: current CR 0.5935 target CR 0.6000
2026-05-17 04:59:17 [INFO] Epoch: 79 [12800/50000 (26%)]	 Training Loss: 0.447 ACC: 76.41 CR: 0.59 Avg R1: 4.94 Avg R2: 5.47 Avg Reward: 10.403590
2026-05-17 04:59:29 [INFO] Epoch: 79 [25600/50000 (51%)]	 Training Loss: 0.469 ACC: 75.82 CR: 0.60 Avg R1: 4.95 Avg R2: 5.48 Avg Reward: 10.433547
2026-05-17 04:59:41 [INFO] Epoch: 79 [38400/50000 (77%)]	 Training Loss: 0.485 ACC: 75.31 CR: 0.61 Avg R1: 4.95 Avg R2: 5.50 Avg Reward: 10.454220
2026-05-17 04:59:52 [INFO] EPOCH:79, ======================CR:0.61216====================
2026-05-17 04:59:52 [INFO] 0.043127100268910645
2026-05-17 04:59:54 [INFO] EPOCH:79, ======================ACC:64.28====================
2026-05-17 04:59:54 [INFO] BEST EPOCH:73,BEST ACC:66.66
2026-05-17 05:00:06 [INFO] Epoch: 80 [12800/50000 (26%)]	 Training Loss: 0.455 ACC: 76.33 CR: 0.61 Avg R1: 4.85 Avg R2: 5.62 Avg Reward: 10.463850
2026-05-17 05:00:18 [INFO] Epoch: 80 [25600/50000 (51%)]	 Training Loss: 0.463 ACC: 76.29 CR: 0.61 Avg R1: 4.85 Avg R2: 5.62 Avg Reward: 10.466714
2026-05-17 05:00:31 [INFO] Epoch: 80 [38400/50000 (77%)]	 Training Loss: 0.473 ACC: 75.71 CR: 0.61 Avg R1: 4.84 Avg R2: 5.62 Avg Reward: 10.463185
2026-05-17 05:00:42 [INFO] EPOCH:80, ======================CR:0.60874====================
2026-05-17 05:00:42 [INFO] 0.029555672336967844
2026-05-17 05:00:44 [INFO] EPOCH:80, ======================ACC:66.36====================
2026-05-17 05:00:44 [INFO] BEST EPOCH:73,BEST ACC:66.66
2026-05-17 05:00:44 [INFO] Saving Masks: current CR 0.6087 target CR 0.6000
2026-05-17 05:00:44 [INFO] Updated candidate mask pretrained-rescale_mask_best-acc_60_05170357_resnet18 at epoch 80 with acc 66.3600
2026-05-17 05:00:56 [INFO] Epoch: 81 [12800/50000 (26%)]	 Training Loss: 0.433 ACC: 77.83 CR: 0.61 Avg R1: 4.88 Avg R2: 5.59 Avg Reward: 10.476584
2026-05-17 05:01:09 [INFO] Epoch: 81 [25600/50000 (51%)]	 Training Loss: 0.447 ACC: 77.02 CR: 0.61 Avg R1: 4.89 Avg R2: 5.59 Avg Reward: 10.473478
2026-05-17 05:01:20 [INFO] Epoch: 81 [38400/50000 (77%)]	 Training Loss: 0.457 ACC: 76.43 CR: 0.61 Avg R1: 4.88 Avg R2: 5.59 Avg Reward: 10.470488
2026-05-17 05:01:33 [INFO] EPOCH:81, ======================CR:0.60958====================
2026-05-17 05:01:33 [INFO] 0.0251177201895178
2026-05-17 05:01:35 [INFO] EPOCH:81, ======================ACC:65.69====================
2026-05-17 05:01:35 [INFO] BEST EPOCH:80,BEST ACC:66.66
2026-05-17 05:01:35 [INFO] Saving Masks: current CR 0.6096 target CR 0.6000
2026-05-17 05:01:47 [INFO] Epoch: 82 [12800/50000 (26%)]	 Training Loss: 0.470 ACC: 75.68 CR: 0.61 Avg R1: 4.87 Avg R2: 5.60 Avg Reward: 10.471659
2026-05-17 05:01:57 [INFO] Epoch: 82 [25600/50000 (51%)]	 Training Loss: 0.464 ACC: 75.86 CR: 0.61 Avg R1: 4.87 Avg R2: 5.60 Avg Reward: 10.471709
2026-05-17 05:02:10 [INFO] Epoch: 82 [38400/50000 (77%)]	 Training Loss: 0.479 ACC: 75.33 CR: 0.61 Avg R1: 4.86 Avg R2: 5.61 Avg Reward: 10.471556
2026-05-17 05:02:22 [INFO] EPOCH:82, ======================CR:0.61436====================
2026-05-17 05:02:22 [INFO] 0.04196210328054424
2026-05-17 05:02:24 [INFO] EPOCH:82, ======================ACC:65.73====================
2026-05-17 05:02:24 [INFO] BEST EPOCH:80,BEST ACC:66.66
2026-05-17 05:02:37 [INFO] Epoch: 83 [12800/50000 (26%)]	 Training Loss: 0.459 ACC: 76.85 CR: 0.62 Avg R1: 4.80 Avg R2: 5.67 Avg Reward: 10.470075
2026-05-17 05:02:50 [INFO] Epoch: 83 [25600/50000 (51%)]	 Training Loss: 0.459 ACC: 76.80 CR: 0.62 Avg R1: 4.80 Avg R2: 5.67 Avg Reward: 10.471609
2026-05-17 05:03:05 [INFO] Epoch: 83 [38400/50000 (77%)]	 Training Loss: 0.463 ACC: 76.52 CR: 0.62 Avg R1: 4.79 Avg R2: 5.67 Avg Reward: 10.466617
2026-05-17 05:03:16 [INFO] EPOCH:83, ======================CR:0.61568====================
2026-05-17 05:03:16 [INFO] 0.026045492300892873
2026-05-17 05:03:18 [INFO] EPOCH:83, ======================ACC:65.04====================
2026-05-17 05:03:18 [INFO] BEST EPOCH:80,BEST ACC:66.66
2026-05-17 05:03:31 [INFO] Epoch: 84 [12800/50000 (26%)]	 Training Loss: 0.443 ACC: 77.16 CR: 0.62 Avg R1: 4.81 Avg R2: 5.65 Avg Reward: 10.467065
2026-05-17 05:03:42 [INFO] Epoch: 84 [25600/50000 (51%)]	 Training Loss: 0.451 ACC: 76.90 CR: 0.61 Avg R1: 4.82 Avg R2: 5.65 Avg Reward: 10.467579
2026-05-17 05:03:55 [INFO] Epoch: 84 [38400/50000 (77%)]	 Training Loss: 0.461 ACC: 76.41 CR: 0.61 Avg R1: 4.83 Avg R2: 5.65 Avg Reward: 10.476182
2026-05-17 05:04:06 [INFO] EPOCH:84, ======================CR:0.60952====================
2026-05-17 05:04:06 [INFO] 0.031987754319369205
2026-05-17 05:04:08 [INFO] EPOCH:84, ======================ACC:65.47====================
2026-05-17 05:04:08 [INFO] BEST EPOCH:80,BEST ACC:66.66
2026-05-17 05:04:08 [INFO] Saving Masks: current CR 0.6095 target CR 0.6000
2026-05-17 05:04:21 [INFO] Epoch: 85 [12800/50000 (26%)]	 Training Loss: 0.435 ACC: 78.01 CR: 0.61 Avg R1: 4.89 Avg R2: 5.61 Avg Reward: 10.505494
2026-05-17 05:04:33 [INFO] Epoch: 85 [25600/50000 (51%)]	 Training Loss: 0.441 ACC: 77.68 CR: 0.61 Avg R1: 4.89 Avg R2: 5.62 Avg Reward: 10.503954
2026-05-17 05:04:45 [INFO] Epoch: 85 [38400/50000 (77%)]	 Training Loss: 0.446 ACC: 77.40 CR: 0.61 Avg R1: 4.87 Avg R2: 5.62 Avg Reward: 10.493401
2026-05-17 05:04:56 [INFO] EPOCH:85, ======================CR:0.61206====================
2026-05-17 05:04:56 [INFO] 0.025027162047007074
2026-05-17 05:04:58 [INFO] EPOCH:85, ======================ACC:64.83====================
2026-05-17 05:04:58 [INFO] BEST EPOCH:80,BEST ACC:66.66
2026-05-17 05:05:10 [INFO] Epoch: 86 [12800/50000 (26%)]	 Training Loss: 0.445 ACC: 77.52 CR: 0.61 Avg R1: 4.84 Avg R2: 5.65 Avg Reward: 10.487905
2026-05-17 05:05:23 [INFO] Epoch: 86 [25600/50000 (51%)]	 Training Loss: 0.445 ACC: 77.38 CR: 0.62 Avg R1: 4.82 Avg R2: 5.66 Avg Reward: 10.479816
2026-05-17 05:05:36 [INFO] Epoch: 86 [38400/50000 (77%)]	 Training Loss: 0.454 ACC: 77.02 CR: 0.63 Avg R1: 4.79 Avg R2: 5.68 Avg Reward: 10.464394
2026-05-17 05:05:48 [INFO] EPOCH:86, ======================CR:0.637====================
2026-05-17 05:05:48 [INFO] 0.031373757392219134
2026-05-17 05:05:50 [INFO] EPOCH:86, ======================ACC:65.2====================
2026-05-17 05:05:50 [INFO] BEST EPOCH:80,BEST ACC:66.66
2026-05-17 05:06:03 [INFO] Epoch: 87 [12800/50000 (26%)]	 Training Loss: 0.435 ACC: 78.36 CR: 0.64 Avg R1: 4.53 Avg R2: 5.84 Avg Reward: 10.369057
2026-05-17 05:06:16 [INFO] Epoch: 87 [25600/50000 (51%)]	 Training Loss: 0.425 ACC: 78.35 CR: 0.63 Avg R1: 4.56 Avg R2: 5.83 Avg Reward: 10.389562
2026-05-17 05:06:29 [INFO] Epoch: 87 [38400/50000 (77%)]	 Training Loss: 0.433 ACC: 77.70 CR: 0.62 Avg R1: 4.61 Avg R2: 5.80 Avg Reward: 10.411203
2026-05-17 05:06:40 [INFO] EPOCH:87, ======================CR:0.61326====================
2026-05-17 05:06:40 [INFO] 0.04251749997028476
2026-05-17 05:06:42 [INFO] EPOCH:87, ======================ACC:65.0====================
2026-05-17 05:06:42 [INFO] BEST EPOCH:80,BEST ACC:66.66
2026-05-17 05:06:55 [INFO] Epoch: 88 [12800/50000 (26%)]	 Training Loss: 0.398 ACC: 78.68 CR: 0.60 Avg R1: 4.89 Avg R2: 5.63 Avg Reward: 10.519465
2026-05-17 05:07:08 [INFO] Epoch: 88 [25600/50000 (51%)]	 Training Loss: 0.392 ACC: 78.94 CR: 0.59 Avg R1: 4.93 Avg R2: 5.60 Avg Reward: 10.522830
2026-05-17 05:07:18 [INFO] Epoch: 88 [38400/50000 (77%)]	 Training Loss: 0.403 ACC: 78.43 CR: 0.58 Avg R1: 4.91 Avg R2: 5.56 Avg Reward: 10.472424
2026-05-17 05:07:29 [INFO] EPOCH:88, ======================CR:0.57194====================
2026-05-17 05:07:29 [INFO] 0.03172181534277657
2026-05-17 05:07:31 [INFO] EPOCH:88, ======================ACC:67.12====================
2026-05-17 05:07:31 [INFO] BEST EPOCH:88,BEST ACC:67.12
2026-05-17 05:07:45 [INFO] Epoch: 89 [12800/50000 (26%)]	 Training Loss: 0.385 ACC: 79.02 CR: 0.57 Avg R1: 4.76 Avg R2: 5.37 Avg Reward: 10.136885
2026-05-17 05:07:57 [INFO] Epoch: 89 [25600/50000 (51%)]	 Training Loss: 0.399 ACC: 78.51 CR: 0.58 Avg R1: 4.78 Avg R2: 5.38 Avg Reward: 10.156995
2026-05-17 05:08:10 [INFO] Epoch: 89 [38400/50000 (77%)]	 Training Loss: 0.408 ACC: 78.30 CR: 0.58 Avg R1: 4.79 Avg R2: 5.39 Avg Reward: 10.188144
2026-05-17 05:08:20 [INFO] EPOCH:89, ======================CR:0.58596====================
2026-05-17 05:08:20 [INFO] 0.03827875980899077
2026-05-17 05:08:22 [INFO] EPOCH:89, ======================ACC:65.85====================
2026-05-17 05:08:22 [INFO] BEST EPOCH:88,BEST ACC:67.12
2026-05-17 05:08:34 [INFO] Epoch: 90 [12800/50000 (26%)]	 Training Loss: 0.400 ACC: 79.61 CR: 0.59 Avg R1: 4.89 Avg R2: 5.48 Avg Reward: 10.371767
2026-05-17 05:08:47 [INFO] Epoch: 90 [25600/50000 (51%)]	 Training Loss: 0.397 ACC: 79.62 CR: 0.60 Avg R1: 4.91 Avg R2: 5.49 Avg Reward: 10.405710
2026-05-17 05:08:58 [INFO] Epoch: 90 [38400/50000 (77%)]	 Training Loss: 0.415 ACC: 78.90 CR: 0.61 Avg R1: 4.92 Avg R2: 5.52 Avg Reward: 10.444487
2026-05-17 05:09:09 [INFO] EPOCH:90, ======================CR:0.62556====================
2026-05-17 05:09:09 [INFO] 0.04371078902781803
2026-05-17 05:09:11 [INFO] EPOCH:90, ======================ACC:63.12====================
2026-05-17 05:09:11 [INFO] BEST EPOCH:88,BEST ACC:67.12
2026-05-17 05:09:25 [INFO] Epoch: 91 [12800/50000 (26%)]	 Training Loss: 0.458 ACC: 77.88 CR: 0.64 Avg R1: 4.61 Avg R2: 5.77 Avg Reward: 10.382575
2026-05-17 05:09:37 [INFO] Epoch: 91 [25600/50000 (51%)]	 Training Loss: 0.459 ACC: 77.67 CR: 0.65 Avg R1: 4.54 Avg R2: 5.81 Avg Reward: 10.346142
2026-05-17 05:09:49 [INFO] Epoch: 91 [38400/50000 (77%)]	 Training Loss: 0.464 ACC: 77.52 CR: 0.66 Avg R1: 4.46 Avg R2: 5.85 Avg Reward: 10.304714
2026-05-17 05:10:00 [INFO] EPOCH:91, ======================CR:0.67642====================
2026-05-17 05:10:00 [INFO] 0.04358740574550169
2026-05-17 05:10:02 [INFO] EPOCH:91, ======================ACC:65.58====================
2026-05-17 05:10:02 [INFO] BEST EPOCH:88,BEST ACC:67.12
2026-05-17 05:10:16 [INFO] Epoch: 92 [12800/50000 (26%)]	 Training Loss: 0.459 ACC: 78.23 CR: 0.68 Avg R1: 4.04 Avg R2: 6.11 Avg Reward: 10.141245
2026-05-17 05:10:29 [INFO] Epoch: 92 [25600/50000 (51%)]	 Training Loss: 0.449 ACC: 78.47 CR: 0.68 Avg R1: 4.04 Avg R2: 6.10 Avg Reward: 10.141560
2026-05-17 05:10:41 [INFO] Epoch: 92 [38400/50000 (77%)]	 Training Loss: 0.465 ACC: 77.99 CR: 0.68 Avg R1: 4.03 Avg R2: 6.11 Avg Reward: 10.139991
2026-05-17 05:10:53 [INFO] EPOCH:92, ======================CR:0.68188====================
2026-05-17 05:10:53 [INFO] 0.047252308745728305
2026-05-17 05:10:55 [INFO] EPOCH:92, ======================ACC:65.62====================
2026-05-17 05:10:55 [INFO] BEST EPOCH:88,BEST ACC:67.12
2026-05-17 05:11:07 [INFO] Epoch: 93 [12800/50000 (26%)]	 Training Loss: 0.430 ACC: 78.95 CR: 0.68 Avg R1: 4.00 Avg R2: 6.13 Avg Reward: 10.128102
2026-05-17 05:11:19 [INFO] Epoch: 93 [25600/50000 (51%)]	 Training Loss: 0.428 ACC: 78.83 CR: 0.67 Avg R1: 4.04 Avg R2: 6.11 Avg Reward: 10.151023
2026-05-17 05:11:32 [INFO] Epoch: 93 [38400/50000 (77%)]	 Training Loss: 0.428 ACC: 78.85 CR: 0.66 Avg R1: 4.09 Avg R2: 6.08 Avg Reward: 10.173268
2026-05-17 05:11:44 [INFO] EPOCH:93, ======================CR:0.65304====================
2026-05-17 05:11:44 [INFO] 0.04176158063470044
2026-05-17 05:11:46 [INFO] EPOCH:93, ======================ACC:66.68====================
2026-05-17 05:11:46 [INFO] BEST EPOCH:88,BEST ACC:67.12
2026-05-17 05:11:59 [INFO] Epoch: 94 [12800/50000 (26%)]	 Training Loss: 0.387 ACC: 80.12 CR: 0.64 Avg R1: 4.40 Avg R2: 5.91 Avg Reward: 10.307603
2026-05-17 05:12:12 [INFO] Epoch: 94 [25600/50000 (51%)]	 Training Loss: 0.389 ACC: 79.99 CR: 0.63 Avg R1: 4.47 Avg R2: 5.88 Avg Reward: 10.344275
2026-05-17 05:12:28 [INFO] Epoch: 94 [38400/50000 (77%)]	 Training Loss: 0.393 ACC: 79.74 CR: 0.62 Avg R1: 4.54 Avg R2: 5.84 Avg Reward: 10.383802
2026-05-17 05:12:40 [INFO] EPOCH:94, ======================CR:0.60216====================
2026-05-17 05:12:40 [INFO] 0.03969472279074133
2026-05-17 05:12:42 [INFO] EPOCH:94, ======================ACC:64.6====================
2026-05-17 05:12:42 [INFO] BEST EPOCH:88,BEST ACC:67.12
2026-05-17 05:12:42 [INFO] Saving Masks: current CR 0.6022 target CR 0.6000
2026-05-17 05:12:56 [INFO] Epoch: 95 [12800/50000 (26%)]	 Training Loss: 0.377 ACC: 80.55 CR: 0.60 Avg R1: 4.96 Avg R2: 5.62 Avg Reward: 10.586359
2026-05-17 05:13:09 [INFO] Epoch: 95 [25600/50000 (51%)]	 Training Loss: 0.383 ACC: 80.13 CR: 0.60 Avg R1: 4.98 Avg R2: 5.62 Avg Reward: 10.593936
2026-05-17 05:13:21 [INFO] Epoch: 95 [38400/50000 (77%)]	 Training Loss: 0.384 ACC: 79.95 CR: 0.60 Avg R1: 4.98 Avg R2: 5.61 Avg Reward: 10.592215
2026-05-17 05:13:33 [INFO] EPOCH:95, ======================CR:0.5932====================
2026-05-17 05:13:33 [INFO] 0.03453274793065567
2026-05-17 05:13:35 [INFO] EPOCH:95, ======================ACC:67.07====================
2026-05-17 05:13:35 [INFO] BEST EPOCH:88,BEST ACC:67.12
2026-05-17 05:13:35 [INFO] Saving Masks: current CR 0.5932 target CR 0.6000
2026-05-17 05:13:35 [INFO] Updated candidate mask pretrained-rescale_mask_best-acc_60_05170357_resnet18 at epoch 95 with acc 67.0700
2026-05-17 05:13:48 [INFO] Epoch: 96 [12800/50000 (26%)]	 Training Loss: 0.371 ACC: 80.30 CR: 0.59 Avg R1: 4.95 Avg R2: 5.54 Avg Reward: 10.486418
2026-05-17 05:14:02 [INFO] Epoch: 96 [25600/50000 (51%)]	 Training Loss: 0.365 ACC: 80.64 CR: 0.59 Avg R1: 4.95 Avg R2: 5.54 Avg Reward: 10.488304
2026-05-17 05:14:15 [INFO] Epoch: 96 [38400/50000 (77%)]	 Training Loss: 0.375 ACC: 80.53 CR: 0.61 Avg R1: 4.95 Avg R2: 5.55 Avg Reward: 10.508184
2026-05-17 05:14:28 [INFO] EPOCH:96, ======================CR:0.61622====================
2026-05-17 05:14:28 [INFO] 0.04036629202348046
2026-05-17 05:14:30 [INFO] EPOCH:96, ======================ACC:66.33====================
2026-05-17 05:14:30 [INFO] BEST EPOCH:95,BEST ACC:67.12
2026-05-17 05:14:42 [INFO] Epoch: 97 [12800/50000 (26%)]	 Training Loss: 0.380 ACC: 80.90 CR: 0.62 Avg R1: 4.77 Avg R2: 5.70 Avg Reward: 10.471881
2026-05-17 05:14:55 [INFO] Epoch: 97 [25600/50000 (51%)]	 Training Loss: 0.380 ACC: 80.82 CR: 0.63 Avg R1: 4.74 Avg R2: 5.72 Avg Reward: 10.456012
2026-05-17 05:15:08 [INFO] Epoch: 97 [38400/50000 (77%)]	 Training Loss: 0.383 ACC: 80.48 CR: 0.63 Avg R1: 4.72 Avg R2: 5.73 Avg Reward: 10.446366
2026-05-17 05:15:22 [INFO] EPOCH:97, ======================CR:0.6263====================
2026-05-17 05:15:22 [INFO] 0.04277399374919316
2026-05-17 05:15:24 [INFO] EPOCH:97, ======================ACC:67.62====================
2026-05-17 05:15:24 [INFO] BEST EPOCH:97,BEST ACC:67.62
2026-05-17 05:15:37 [INFO] Epoch: 98 [12800/50000 (26%)]	 Training Loss: 0.352 ACC: 81.76 CR: 0.62 Avg R1: 4.70 Avg R2: 5.76 Avg Reward: 10.452522
2026-05-17 05:15:51 [INFO] Epoch: 98 [25600/50000 (51%)]	 Training Loss: 0.351 ACC: 81.51 CR: 0.61 Avg R1: 4.75 Avg R2: 5.73 Avg Reward: 10.479302
2026-05-17 05:16:04 [INFO] Epoch: 98 [38400/50000 (77%)]	 Training Loss: 0.355 ACC: 81.26 CR: 0.60 Avg R1: 4.81 Avg R2: 5.70 Avg Reward: 10.506039
2026-05-17 05:16:16 [INFO] EPOCH:98, ======================CR:0.58502====================
2026-05-17 05:16:16 [INFO] 0.0285913381297568
2026-05-17 05:16:18 [INFO] EPOCH:98, ======================ACC:67.7====================
2026-05-17 05:16:18 [INFO] BEST EPOCH:98,BEST ACC:67.7
2026-05-17 05:16:30 [INFO] Epoch: 99 [12800/50000 (26%)]	 Training Loss: 0.338 ACC: 82.04 CR: 0.58 Avg R1: 4.85 Avg R2: 5.48 Avg Reward: 10.327915
2026-05-17 05:16:43 [INFO] Epoch: 99 [25600/50000 (51%)]	 Training Loss: 0.339 ACC: 82.13 CR: 0.58 Avg R1: 4.84 Avg R2: 5.47 Avg Reward: 10.315010
2026-05-17 05:16:56 [INFO] Epoch: 99 [38400/50000 (77%)]	 Training Loss: 0.341 ACC: 81.90 CR: 0.58 Avg R1: 4.84 Avg R2: 5.47 Avg Reward: 10.303967
2026-05-17 05:17:07 [INFO] EPOCH:99, ======================CR:0.58066====================
2026-05-17 05:17:07 [INFO] 0.03251499199257382
2026-05-17 05:17:09 [INFO] EPOCH:99, ======================ACC:68.16====================
2026-05-17 05:17:09 [INFO] BEST EPOCH:99,BEST ACC:68.16
2026-05-17 05:17:22 [INFO] Epoch: 100 [12800/50000 (26%)]	 Training Loss: 0.337 ACC: 82.12 CR: 0.58 Avg R1: 4.86 Avg R2: 5.46 Avg Reward: 10.317773
2026-05-17 05:17:36 [INFO] Epoch: 100 [25600/50000 (51%)]	 Training Loss: 0.342 ACC: 81.92 CR: 0.59 Avg R1: 4.87 Avg R2: 5.47 Avg Reward: 10.343175
2026-05-17 05:17:50 [INFO] Epoch: 100 [38400/50000 (77%)]	 Training Loss: 0.356 ACC: 81.27 CR: 0.59 Avg R1: 4.89 Avg R2: 5.49 Avg Reward: 10.379866
2026-05-17 05:18:02 [INFO] EPOCH:100, ======================CR:0.59996====================
2026-05-17 05:18:02 [INFO] 0.03923903317743789
2026-05-17 05:18:04 [INFO] EPOCH:100, ======================ACC:66.16====================
2026-05-17 05:18:04 [INFO] BEST EPOCH:99,BEST ACC:68.16
2026-05-17 05:18:04 [INFO] Saving Masks: current CR 0.6000 target CR 0.6000
2026-05-17 05:18:17 [INFO] Epoch: 101 [12800/50000 (26%)]	 Training Loss: 0.357 ACC: 81.87 CR: 0.60 Avg R1: 4.97 Avg R2: 5.62 Avg Reward: 10.587853
2026-05-17 05:18:30 [INFO] Epoch: 101 [25600/50000 (51%)]	 Training Loss: 0.361 ACC: 81.49 CR: 0.61 Avg R1: 4.94 Avg R2: 5.64 Avg Reward: 10.575021
2026-05-17 05:18:43 [INFO] Epoch: 101 [38400/50000 (77%)]	 Training Loss: 0.367 ACC: 81.14 CR: 0.62 Avg R1: 4.90 Avg R2: 5.66 Avg Reward: 10.555755
2026-05-17 05:18:55 [INFO] EPOCH:101, ======================CR:0.62388====================
2026-05-17 05:18:55 [INFO] 0.034995402694000484
2026-05-17 05:18:57 [INFO] EPOCH:101, ======================ACC:68.14====================
2026-05-17 05:18:57 [INFO] BEST EPOCH:99,BEST ACC:68.16
2026-05-17 05:19:06 [INFO] Epoch: 102 [12800/50000 (26%)]	 Training Loss: 0.353 ACC: 82.19 CR: 0.62 Avg R1: 4.70 Avg R2: 5.77 Avg Reward: 10.463062
2026-05-17 05:19:17 [INFO] Epoch: 102 [25600/50000 (51%)]	 Training Loss: 0.353 ACC: 82.11 CR: 0.63 Avg R1: 4.69 Avg R2: 5.77 Avg Reward: 10.458253
2026-05-17 05:19:28 [INFO] Epoch: 102 [38400/50000 (77%)]	 Training Loss: 0.356 ACC: 81.88 CR: 0.63 Avg R1: 4.68 Avg R2: 5.77 Avg Reward: 10.450999
2026-05-17 05:19:37 [INFO] EPOCH:102, ======================CR:0.62824====================
2026-05-17 05:19:37 [INFO] 0.02897289971111963
2026-05-17 05:19:38 [INFO] EPOCH:102, ======================ACC:69.05====================
2026-05-17 05:19:38 [INFO] BEST EPOCH:102,BEST ACC:69.05
2026-05-17 05:19:49 [INFO] Epoch: 103 [12800/50000 (26%)]	 Training Loss: 0.348 ACC: 81.93 CR: 0.62 Avg R1: 4.67 Avg R2: 5.76 Avg Reward: 10.437320
2026-05-17 05:19:58 [INFO] Epoch: 103 [25600/50000 (51%)]	 Training Loss: 0.352 ACC: 81.46 CR: 0.62 Avg R1: 4.70 Avg R2: 5.75 Avg Reward: 10.452958
2026-05-17 05:20:08 [INFO] Epoch: 103 [38400/50000 (77%)]	 Training Loss: 0.353 ACC: 81.42 CR: 0.61 Avg R1: 4.74 Avg R2: 5.73 Avg Reward: 10.474840
2026-05-17 05:20:16 [INFO] EPOCH:103, ======================CR:0.59822====================
2026-05-17 05:20:16 [INFO] 0.029062614466027037
2026-05-17 05:20:18 [INFO] EPOCH:103, ======================ACC:66.52====================
2026-05-17 05:20:18 [INFO] BEST EPOCH:102,BEST ACC:69.05
2026-05-17 05:20:18 [INFO] Saving Masks: current CR 0.5982 target CR 0.6000
2026-05-17 05:20:28 [INFO] Epoch: 104 [12800/50000 (26%)]	 Training Loss: 0.300 ACC: 83.48 CR: 0.60 Avg R1: 4.98 Avg R2: 5.61 Avg Reward: 10.587754
2026-05-17 05:20:37 [INFO] Epoch: 104 [25600/50000 (51%)]	 Training Loss: 0.312 ACC: 83.17 CR: 0.60 Avg R1: 4.98 Avg R2: 5.60 Avg Reward: 10.577463
2026-05-17 05:20:46 [INFO] Epoch: 104 [38400/50000 (77%)]	 Training Loss: 0.320 ACC: 82.82 CR: 0.59 Avg R1: 4.97 Avg R2: 5.60 Avg Reward: 10.569889
2026-05-17 05:20:56 [INFO] EPOCH:104, ======================CR:0.591====================
2026-05-17 05:20:56 [INFO] 0.02888857082465671
2026-05-17 05:20:57 [INFO] EPOCH:104, ======================ACC:67.57====================
2026-05-17 05:20:57 [INFO] BEST EPOCH:102,BEST ACC:69.05
2026-05-17 05:20:57 [INFO] Saving Masks: current CR 0.5910 target CR 0.6000
2026-05-17 05:20:57 [INFO] Updated candidate mask pretrained-rescale_mask_best-acc_60_05170357_resnet18 at epoch 104 with acc 67.5700
2026-05-17 05:21:08 [INFO] Epoch: 105 [12800/50000 (26%)]	 Training Loss: 0.305 ACC: 83.98 CR: 0.59 Avg R1: 4.93 Avg R2: 5.53 Avg Reward: 10.458619
2026-05-17 05:21:18 [INFO] Epoch: 105 [25600/50000 (51%)]	 Training Loss: 0.317 ACC: 83.45 CR: 0.60 Avg R1: 4.94 Avg R2: 5.54 Avg Reward: 10.475809
2026-05-17 05:21:27 [INFO] Epoch: 105 [38400/50000 (77%)]	 Training Loss: 0.330 ACC: 82.77 CR: 0.60 Avg R1: 4.95 Avg R2: 5.55 Avg Reward: 10.504998
2026-05-17 05:21:36 [INFO] EPOCH:105, ======================CR:0.60686====================
2026-05-17 05:21:36 [INFO] 0.03633596755676043
2026-05-17 05:21:38 [INFO] EPOCH:105, ======================ACC:68.57====================
2026-05-17 05:21:38 [INFO] BEST EPOCH:104,BEST ACC:69.05
2026-05-17 05:21:38 [INFO] Saving Masks: current CR 0.6069 target CR 0.6000
2026-05-17 05:21:38 [INFO] Updated candidate mask pretrained-rescale_mask_best-acc_60_05170357_resnet18 at epoch 105 with acc 68.5700
2026-05-17 05:21:45 [INFO] Epoch: 106 [12800/50000 (26%)]	 Training Loss: 0.329 ACC: 82.81 CR: 0.61 Avg R1: 4.90 Avg R2: 5.63 Avg Reward: 10.526661
2026-05-17 05:21:52 [INFO] Epoch: 106 [25600/50000 (51%)]	 Training Loss: 0.327 ACC: 83.04 CR: 0.61 Avg R1: 4.87 Avg R2: 5.65 Avg Reward: 10.520092
2026-05-17 05:22:00 [INFO] Epoch: 106 [38400/50000 (77%)]	 Training Loss: 0.334 ACC: 82.61 CR: 0.62 Avg R1: 4.85 Avg R2: 5.66 Avg Reward: 10.511142
2026-05-17 05:22:08 [INFO] EPOCH:106, ======================CR:0.62368====================
2026-05-17 05:22:08 [INFO] 0.035958151885542244
2026-05-17 05:22:10 [INFO] EPOCH:106, ======================ACC:66.5====================
2026-05-17 05:22:10 [INFO] BEST EPOCH:105,BEST ACC:69.05
2026-05-17 05:22:20 [INFO] Epoch: 107 [12800/50000 (26%)]	 Training Loss: 0.332 ACC: 82.75 CR: 0.62 Avg R1: 4.71 Avg R2: 5.78 Avg Reward: 10.485484
2026-05-17 05:22:29 [INFO] Epoch: 107 [25600/50000 (51%)]	 Training Loss: 0.338 ACC: 82.60 CR: 0.62 Avg R1: 4.71 Avg R2: 5.77 Avg Reward: 10.486983
2026-05-17 05:22:39 [INFO] Epoch: 107 [38400/50000 (77%)]	 Training Loss: 0.342 ACC: 82.30 CR: 0.62 Avg R1: 4.72 Avg R2: 5.77 Avg Reward: 10.490851
2026-05-17 05:22:48 [INFO] EPOCH:107, ======================CR:0.61952====================
2026-05-17 05:22:48 [INFO] 0.03907824841269448
2026-05-17 05:22:50 [INFO] EPOCH:107, ======================ACC:64.86====================
2026-05-17 05:22:50 [INFO] BEST EPOCH:105,BEST ACC:69.05
2026-05-17 05:23:00 [INFO] Epoch: 108 [12800/50000 (26%)]	 Training Loss: 0.337 ACC: 82.87 CR: 0.62 Avg R1: 4.75 Avg R2: 5.76 Avg Reward: 10.503063
2026-05-17 05:23:09 [INFO] Epoch: 108 [25600/50000 (51%)]	 Training Loss: 0.325 ACC: 83.13 CR: 0.62 Avg R1: 4.75 Avg R2: 5.76 Avg Reward: 10.505847
2026-05-17 05:23:19 [INFO] Epoch: 108 [38400/50000 (77%)]	 Training Loss: 0.327 ACC: 82.93 CR: 0.62 Avg R1: 4.76 Avg R2: 5.75 Avg Reward: 10.512938
2026-05-17 05:23:26 [INFO] EPOCH:108, ======================CR:0.61036====================
2026-05-17 05:23:26 [INFO] 0.03519390209658197
2026-05-17 05:23:28 [INFO] EPOCH:108, ======================ACC:67.72====================
2026-05-17 05:23:28 [INFO] BEST EPOCH:105,BEST ACC:69.05
2026-05-17 05:23:37 [INFO] Epoch: 109 [12800/50000 (26%)]	 Training Loss: 0.309 ACC: 84.37 CR: 0.61 Avg R1: 4.88 Avg R2: 5.68 Avg Reward: 10.565844
2026-05-17 05:23:47 [INFO] Epoch: 109 [25600/50000 (51%)]	 Training Loss: 0.305 ACC: 84.40 CR: 0.61 Avg R1: 4.88 Avg R2: 5.69 Avg Reward: 10.571365
2026-05-17 05:23:56 [INFO] Epoch: 109 [38400/50000 (77%)]	 Training Loss: 0.314 ACC: 83.83 CR: 0.61 Avg R1: 4.89 Avg R2: 5.69 Avg Reward: 10.576152
2026-05-17 05:24:05 [INFO] EPOCH:109, ======================CR:0.61146====================
2026-05-17 05:24:05 [INFO] 0.03319383753126341
2026-05-17 05:24:07 [INFO] EPOCH:109, ======================ACC:69.2====================
2026-05-17 05:24:07 [INFO] BEST EPOCH:109,BEST ACC:69.2
2026-05-17 05:24:16 [INFO] Epoch: 110 [12800/50000 (26%)]	 Training Loss: 0.311 ACC: 83.74 CR: 0.61 Avg R1: 4.84 Avg R2: 5.70 Avg Reward: 10.544046
2026-05-17 05:24:25 [INFO] Epoch: 110 [25600/50000 (51%)]	 Training Loss: 0.308 ACC: 84.05 CR: 0.61 Avg R1: 4.84 Avg R2: 5.70 Avg Reward: 10.535641
2026-05-17 05:24:34 [INFO] Epoch: 110 [38400/50000 (77%)]	 Training Loss: 0.308 ACC: 83.84 CR: 0.61 Avg R1: 4.85 Avg R2: 5.69 Avg Reward: 10.542019
2026-05-17 05:24:43 [INFO] EPOCH:110, ======================CR:0.60086====================
2026-05-17 05:24:43 [INFO] 0.032413345174853156
2026-05-17 05:24:44 [INFO] EPOCH:110, ======================ACC:69.34====================
2026-05-17 05:24:44 [INFO] BEST EPOCH:110,BEST ACC:69.34
2026-05-17 05:24:44 [INFO] Saving Masks: current CR 0.6009 target CR 0.6000
2026-05-17 05:24:44 [INFO] Updated candidate mask pretrained-rescale_mask_best-acc_60_05170357_resnet18 at epoch 110 with acc 69.3400
2026-05-17 05:24:53 [INFO] Epoch: 111 [12800/50000 (26%)]	 Training Loss: 0.282 ACC: 84.76 CR: 0.60 Avg R1: 4.99 Avg R2: 5.61 Avg Reward: 10.595983
2026-05-17 05:25:03 [INFO] Epoch: 111 [25600/50000 (51%)]	 Training Loss: 0.278 ACC: 84.87 CR: 0.59 Avg R1: 4.95 Avg R2: 5.58 Avg Reward: 10.534550
2026-05-17 05:25:13 [INFO] Epoch: 111 [38400/50000 (77%)]	 Training Loss: 0.286 ACC: 84.61 CR: 0.58 Avg R1: 4.92 Avg R2: 5.56 Avg Reward: 10.481761
2026-05-17 05:25:22 [INFO] EPOCH:111, ======================CR:0.57992====================
2026-05-17 05:25:22 [INFO] 0.027639871540186597
2026-05-17 05:25:23 [INFO] EPOCH:111, ======================ACC:69.69====================
2026-05-17 05:25:23 [INFO] BEST EPOCH:111,BEST ACC:69.69
2026-05-17 05:25:34 [INFO] Epoch: 112 [12800/50000 (26%)]	 Training Loss: 0.274 ACC: 85.79 CR: 0.58 Avg R1: 4.85 Avg R2: 5.50 Avg Reward: 10.340912
2026-05-17 05:25:44 [INFO] Epoch: 112 [25600/50000 (51%)]	 Training Loss: 0.276 ACC: 85.64 CR: 0.59 Avg R1: 4.86 Avg R2: 5.50 Avg Reward: 10.362360
2026-05-17 05:25:54 [INFO] Epoch: 112 [38400/50000 (77%)]	 Training Loss: 0.281 ACC: 85.17 CR: 0.59 Avg R1: 4.87 Avg R2: 5.51 Avg Reward: 10.380436
2026-05-17 05:26:03 [INFO] EPOCH:112, ======================CR:0.59454====================
2026-05-17 05:26:03 [INFO] 0.027898090250362283
2026-05-17 05:26:04 [INFO] EPOCH:112, ======================ACC:68.92====================
2026-05-17 05:26:04 [INFO] BEST EPOCH:111,BEST ACC:69.69
2026-05-17 05:26:04 [INFO] Saving Masks: current CR 0.5945 target CR 0.6000
2026-05-17 05:26:15 [INFO] Epoch: 113 [12800/50000 (26%)]	 Training Loss: 0.292 ACC: 84.82 CR: 0.60 Avg R1: 4.97 Avg R2: 5.56 Avg Reward: 10.535029
2026-05-17 05:26:23 [INFO] Epoch: 113 [25600/50000 (51%)]	 Training Loss: 0.294 ACC: 85.09 CR: 0.61 Avg R1: 4.96 Avg R2: 5.58 Avg Reward: 10.545607
2026-05-17 05:26:30 [INFO] Epoch: 113 [38400/50000 (77%)]	 Training Loss: 0.294 ACC: 85.05 CR: 0.61 Avg R1: 4.94 Avg R2: 5.60 Avg Reward: 10.540026
2026-05-17 05:26:37 [INFO] EPOCH:113, ======================CR:0.61716====================
2026-05-17 05:26:37 [INFO] 0.041597767032750164
2026-05-17 05:26:39 [INFO] EPOCH:113, ======================ACC:68.47====================
2026-05-17 05:26:39 [INFO] BEST EPOCH:111,BEST ACC:69.69
2026-05-17 05:26:47 [INFO] Epoch: 114 [12800/50000 (26%)]	 Training Loss: 0.272 ACC: 85.74 CR: 0.61 Avg R1: 4.80 Avg R2: 5.72 Avg Reward: 10.516450
2026-05-17 05:26:55 [INFO] Epoch: 114 [25600/50000 (51%)]	 Training Loss: 0.280 ACC: 85.29 CR: 0.61 Avg R1: 4.82 Avg R2: 5.70 Avg Reward: 10.528311
2026-05-17 05:27:03 [INFO] Epoch: 114 [38400/50000 (77%)]	 Training Loss: 0.289 ACC: 84.83 CR: 0.61 Avg R1: 4.85 Avg R2: 5.69 Avg Reward: 10.539604
2026-05-17 05:27:11 [INFO] EPOCH:114, ======================CR:0.60674====================
2026-05-17 05:27:11 [INFO] 0.031530361800524286
2026-05-17 05:27:13 [INFO] EPOCH:114, ======================ACC:67.55====================
2026-05-17 05:27:13 [INFO] BEST EPOCH:111,BEST ACC:69.69
2026-05-17 05:27:13 [INFO] Saving Masks: current CR 0.6067 target CR 0.6000
2026-05-17 05:27:20 [INFO] Epoch: 115 [12800/50000 (26%)]	 Training Loss: 0.272 ACC: 85.73 CR: 0.60 Avg R1: 4.95 Avg R2: 5.64 Avg Reward: 10.587432
2026-05-17 05:27:29 [INFO] Epoch: 115 [25600/50000 (51%)]	 Training Loss: 0.275 ACC: 85.46 CR: 0.60 Avg R1: 4.97 Avg R2: 5.62 Avg Reward: 10.591678
2026-05-17 05:27:39 [INFO] Epoch: 115 [38400/50000 (77%)]	 Training Loss: 0.281 ACC: 85.09 CR: 0.60 Avg R1: 4.97 Avg R2: 5.61 Avg Reward: 10.581868
2026-05-17 05:27:51 [INFO] EPOCH:115, ======================CR:0.59506====================
2026-05-17 05:27:51 [INFO] 0.03369998752207459
2026-05-17 05:27:52 [INFO] EPOCH:115, ======================ACC:68.64====================
2026-05-17 05:27:52 [INFO] BEST EPOCH:111,BEST ACC:69.69
2026-05-17 05:27:52 [INFO] Saving Masks: current CR 0.5951 target CR 0.6000
2026-05-17 05:28:02 [INFO] Epoch: 116 [12800/50000 (26%)]	 Training Loss: 0.268 ACC: 86.09 CR: 0.60 Avg R1: 4.97 Avg R2: 5.57 Avg Reward: 10.543813
2026-05-17 05:28:16 [INFO] Epoch: 116 [25600/50000 (51%)]	 Training Loss: 0.276 ACC: 85.79 CR: 0.60 Avg R1: 4.98 Avg R2: 5.58 Avg Reward: 10.555112
2026-05-17 05:28:28 [INFO] Epoch: 116 [38400/50000 (77%)]	 Training Loss: 0.280 ACC: 85.65 CR: 0.61 Avg R1: 4.97 Avg R2: 5.59 Avg Reward: 10.560209
2026-05-17 05:28:38 [INFO] EPOCH:116, ======================CR:0.60864====================
2026-05-17 05:28:38 [INFO] 0.02641875814739883
2026-05-17 05:28:39 [INFO] EPOCH:116, ======================ACC:67.18====================
2026-05-17 05:28:39 [INFO] BEST EPOCH:111,BEST ACC:69.69
2026-05-17 05:28:39 [INFO] Saving Masks: current CR 0.6086 target CR 0.6000
2026-05-17 05:28:52 [INFO] Epoch: 117 [12800/50000 (26%)]	 Training Loss: 0.265 ACC: 86.28 CR: 0.61 Avg R1: 4.90 Avg R2: 5.65 Avg Reward: 10.552388
2026-05-17 05:29:04 [INFO] Epoch: 117 [25600/50000 (51%)]	 Training Loss: 0.262 ACC: 86.57 CR: 0.61 Avg R1: 4.91 Avg R2: 5.65 Avg Reward: 10.558943
2026-05-17 05:29:18 [INFO] Epoch: 117 [38400/50000 (77%)]	 Training Loss: 0.267 ACC: 86.10 CR: 0.60 Avg R1: 4.92 Avg R2: 5.64 Avg Reward: 10.567083
2026-05-17 05:29:28 [INFO] EPOCH:117, ======================CR:0.60214====================
2026-05-17 05:29:28 [INFO] 0.03381568270010654
2026-05-17 05:29:30 [INFO] EPOCH:117, ======================ACC:70.04====================
2026-05-17 05:29:30 [INFO] BEST EPOCH:117,BEST ACC:70.04
2026-05-17 05:29:30 [INFO] Saving Masks: current CR 0.6021 target CR 0.6000
2026-05-17 05:29:30 [INFO] Updated candidate mask pretrained-rescale_mask_best-acc_60_05170357_resnet18 at epoch 117 with acc 70.0400
2026-05-17 05:29:42 [INFO] Epoch: 118 [12800/50000 (26%)]	 Training Loss: 0.258 ACC: 86.84 CR: 0.60 Avg R1: 4.96 Avg R2: 5.61 Avg Reward: 10.578778
2026-05-17 05:29:53 [INFO] Epoch: 118 [25600/50000 (51%)]	 Training Loss: 0.261 ACC: 86.71 CR: 0.61 Avg R1: 4.95 Avg R2: 5.62 Avg Reward: 10.574452
2026-05-17 05:30:04 [INFO] Epoch: 118 [38400/50000 (77%)]	 Training Loss: 0.262 ACC: 86.57 CR: 0.60 Avg R1: 4.95 Avg R2: 5.63 Avg Reward: 10.574645
2026-05-17 05:30:17 [INFO] EPOCH:118, ======================CR:0.6015====================
2026-05-17 05:30:17 [INFO] 0.03077212580477788
2026-05-17 05:30:19 [INFO] EPOCH:118, ======================ACC:68.61====================
2026-05-17 05:30:19 [INFO] BEST EPOCH:117,BEST ACC:70.04
2026-05-17 05:30:19 [INFO] Saving Masks: current CR 0.6015 target CR 0.6000
2026-05-17 05:30:30 [INFO] Epoch: 119 [12800/50000 (26%)]	 Training Loss: 0.244 ACC: 87.08 CR: 0.60 Avg R1: 4.98 Avg R2: 5.61 Avg Reward: 10.586521
2026-05-17 05:30:43 [INFO] Epoch: 119 [25600/50000 (51%)]	 Training Loss: 0.243 ACC: 87.01 CR: 0.59 Avg R1: 4.96 Avg R2: 5.58 Avg Reward: 10.536817
2026-05-17 05:30:54 [INFO] Epoch: 119 [38400/50000 (77%)]	 Training Loss: 0.246 ACC: 86.76 CR: 0.58 Avg R1: 4.93 Avg R2: 5.55 Avg Reward: 10.482264
2026-05-17 05:31:06 [INFO] EPOCH:119, ======================CR:0.57076====================
2026-05-17 05:31:06 [INFO] 0.024085254182225173
2026-05-17 05:31:08 [INFO] EPOCH:119, ======================ACC:69.65====================
2026-05-17 05:31:08 [INFO] BEST EPOCH:117,BEST ACC:70.04
2026-05-17 05:31:21 [INFO] Epoch: 120 [12800/50000 (26%)]	 Training Loss: 0.251 ACC: 86.88 CR: 0.57 Avg R1: 4.74 Avg R2: 5.38 Avg Reward: 10.129212
2026-05-17 05:31:33 [INFO] Epoch: 120 [25600/50000 (51%)]	 Training Loss: 0.243 ACC: 86.96 CR: 0.56 Avg R1: 4.73 Avg R2: 5.38 Avg Reward: 10.105627
2026-05-17 05:31:44 [INFO] Epoch: 120 [38400/50000 (77%)]	 Training Loss: 0.242 ACC: 86.93 CR: 0.56 Avg R1: 4.72 Avg R2: 5.37 Avg Reward: 10.082778
2026-05-17 05:31:53 [INFO] EPOCH:120, ======================CR:0.56018====================
2026-05-17 05:31:53 [INFO] 0.016927758886019443
2026-05-17 05:31:55 [INFO] EPOCH:120, ======================ACC:68.81====================
2026-05-17 05:31:55 [INFO] BEST EPOCH:117,BEST ACC:70.04
2026-05-17 05:32:08 [INFO] Epoch: 121 [12800/50000 (26%)]	 Training Loss: 0.231 ACC: 87.68 CR: 0.56 Avg R1: 4.69 Avg R2: 5.33 Avg Reward: 10.015748
2026-05-17 05:32:22 [INFO] Epoch: 121 [25600/50000 (51%)]	 Training Loss: 0.231 ACC: 87.67 CR: 0.57 Avg R1: 4.70 Avg R2: 5.33 Avg Reward: 10.038143
2026-05-17 05:32:36 [INFO] Epoch: 121 [38400/50000 (77%)]	 Training Loss: 0.235 ACC: 87.49 CR: 0.57 Avg R1: 4.72 Avg R2: 5.34 Avg Reward: 10.059201
2026-05-17 05:32:46 [INFO] EPOCH:121, ======================CR:0.56998====================
2026-05-17 05:32:46 [INFO] 0.01709265471908521
2026-05-17 05:32:48 [INFO] EPOCH:121, ======================ACC:70.34====================
2026-05-17 05:32:48 [INFO] BEST EPOCH:121,BEST ACC:70.34
2026-05-17 05:33:01 [INFO] Epoch: 122 [12800/50000 (26%)]	 Training Loss: 0.236 ACC: 87.44 CR: 0.57 Avg R1: 4.74 Avg R2: 5.35 Avg Reward: 10.092255
2026-05-17 05:33:13 [INFO] Epoch: 122 [25600/50000 (51%)]	 Training Loss: 0.235 ACC: 87.52 CR: 0.57 Avg R1: 4.74 Avg R2: 5.35 Avg Reward: 10.087857
2026-05-17 05:33:25 [INFO] Epoch: 122 [38400/50000 (77%)]	 Training Loss: 0.233 ACC: 87.45 CR: 0.57 Avg R1: 4.73 Avg R2: 5.35 Avg Reward: 10.084128
2026-05-17 05:33:37 [INFO] EPOCH:122, ======================CR:0.56246====================
2026-05-17 05:33:37 [INFO] 0.023260686708168773
2026-05-17 05:33:39 [INFO] EPOCH:122, ======================ACC:71.3====================
2026-05-17 05:33:39 [INFO] BEST EPOCH:122,BEST ACC:71.3
2026-05-17 05:33:57 [INFO] Epoch: 123 [12800/50000 (26%)]	 Training Loss: 0.207 ACC: 88.88 CR: 0.56 Avg R1: 4.69 Avg R2: 5.30 Avg Reward: 9.986943
2026-05-17 05:34:20 [INFO] Epoch: 123 [25600/50000 (51%)]	 Training Loss: 0.209 ACC: 88.53 CR: 0.56 Avg R1: 4.68 Avg R2: 5.29 Avg Reward: 9.973693
2026-05-17 05:34:41 [INFO] Epoch: 123 [38400/50000 (77%)]	 Training Loss: 0.214 ACC: 88.25 CR: 0.56 Avg R1: 4.67 Avg R2: 5.28 Avg Reward: 9.950592
2026-05-17 05:34:59 [INFO] EPOCH:123, ======================CR:0.5509====================
2026-05-17 05:34:59 [INFO] 0.017971851283541573
2026-05-17 05:35:01 [INFO] EPOCH:123, ======================ACC:70.59====================
2026-05-17 05:35:01 [INFO] BEST EPOCH:122,BEST ACC:71.3
2026-05-17 05:35:24 [INFO] Epoch: 124 [12800/50000 (26%)]	 Training Loss: 0.194 ACC: 89.32 CR: 0.55 Avg R1: 4.59 Avg R2: 5.19 Avg Reward: 9.776794
2026-05-17 05:35:44 [INFO] Epoch: 124 [25600/50000 (51%)]	 Training Loss: 0.199 ACC: 89.04 CR: 0.55 Avg R1: 4.59 Avg R2: 5.20 Avg Reward: 9.792381
2026-05-17 05:36:07 [INFO] Epoch: 124 [38400/50000 (77%)]	 Training Loss: 0.204 ACC: 88.72 CR: 0.56 Avg R1: 4.60 Avg R2: 5.21 Avg Reward: 9.809838
2026-05-17 05:36:26 [INFO] EPOCH:124, ======================CR:0.56078====================
2026-05-17 05:36:26 [INFO] 0.020756685122135098
2026-05-17 05:36:28 [INFO] EPOCH:124, ======================ACC:69.52====================
2026-05-17 05:36:28 [INFO] BEST EPOCH:122,BEST ACC:71.3
2026-05-17 05:36:50 [INFO] Epoch: 125 [12800/50000 (26%)]	 Training Loss: 0.213 ACC: 88.66 CR: 0.56 Avg R1: 4.68 Avg R2: 5.27 Avg Reward: 9.957111
2026-05-17 05:37:11 [INFO] Epoch: 125 [25600/50000 (51%)]	 Training Loss: 0.212 ACC: 88.68 CR: 0.57 Avg R1: 4.71 Avg R2: 5.29 Avg Reward: 10.002841
2026-05-17 05:37:33 [INFO] Epoch: 125 [38400/50000 (77%)]	 Training Loss: 0.219 ACC: 88.40 CR: 0.58 Avg R1: 4.74 Avg R2: 5.31 Avg Reward: 10.048730
2026-05-17 05:37:56 [INFO] EPOCH:125, ======================CR:0.58768====================
2026-05-17 05:37:56 [INFO] 0.03104388256068987
2026-05-17 05:37:58 [INFO] EPOCH:125, ======================ACC:69.69====================
2026-05-17 05:37:58 [INFO] BEST EPOCH:122,BEST ACC:71.3
2026-05-17 05:38:21 [INFO] Epoch: 126 [12800/50000 (26%)]	 Training Loss: 0.226 ACC: 88.47 CR: 0.60 Avg R1: 4.93 Avg R2: 5.46 Avg Reward: 10.396992
2026-05-17 05:38:43 [INFO] Epoch: 126 [25600/50000 (51%)]	 Training Loss: 0.228 ACC: 88.32 CR: 0.61 Avg R1: 4.95 Avg R2: 5.50 Avg Reward: 10.449143
2026-05-17 05:39:07 [INFO] Epoch: 126 [38400/50000 (77%)]	 Training Loss: 0.234 ACC: 87.87 CR: 0.61 Avg R1: 4.93 Avg R2: 5.53 Avg Reward: 10.451250
2026-05-17 05:39:27 [INFO] EPOCH:126, ======================CR:0.61248====================
2026-05-17 05:39:27 [INFO] 0.03649288014261254
2026-05-17 05:39:29 [INFO] EPOCH:126, ======================ACC:68.88====================
2026-05-17 05:39:29 [INFO] BEST EPOCH:122,BEST ACC:71.3
2026-05-17 05:39:52 [INFO] Epoch: 127 [12800/50000 (26%)]	 Training Loss: 0.206 ACC: 89.44 CR: 0.61 Avg R1: 4.86 Avg R2: 5.61 Avg Reward: 10.463728
2026-05-17 05:40:13 [INFO] Epoch: 127 [25600/50000 (51%)]	 Training Loss: 0.209 ACC: 89.41 CR: 0.61 Avg R1: 4.87 Avg R2: 5.60 Avg Reward: 10.473316
2026-05-17 05:40:32 [INFO] Epoch: 127 [38400/50000 (77%)]	 Training Loss: 0.216 ACC: 88.92 CR: 0.60 Avg R1: 4.89 Avg R2: 5.59 Avg Reward: 10.480576
2026-05-17 05:40:53 [INFO] EPOCH:127, ======================CR:0.6022====================
2026-05-17 05:40:53 [INFO] 0.03725381721980134
2026-05-17 05:40:54 [INFO] EPOCH:127, ======================ACC:70.96====================
2026-05-17 05:40:54 [INFO] BEST EPOCH:122,BEST ACC:71.3
2026-05-17 05:40:54 [INFO] Saving Masks: current CR 0.6022 target CR 0.6000
2026-05-17 05:40:55 [INFO] Updated candidate mask pretrained-rescale_mask_best-acc_60_05170357_resnet18 at epoch 127 with acc 70.9600
2026-05-17 05:41:18 [INFO] Epoch: 128 [12800/50000 (26%)]	 Training Loss: 0.207 ACC: 89.41 CR: 0.60 Avg R1: 4.97 Avg R2: 5.54 Avg Reward: 10.508184
2026-05-17 05:41:42 [INFO] Epoch: 128 [25600/50000 (51%)]	 Training Loss: 0.206 ACC: 89.60 CR: 0.60 Avg R1: 4.95 Avg R2: 5.55 Avg Reward: 10.503538
2026-05-17 05:42:04 [INFO] Epoch: 128 [38400/50000 (77%)]	 Training Loss: 0.210 ACC: 89.34 CR: 0.60 Avg R1: 4.95 Avg R2: 5.55 Avg Reward: 10.499164
2026-05-17 05:42:24 [INFO] EPOCH:128, ======================CR:0.60398====================
2026-05-17 05:42:24 [INFO] 0.026336201027471293
2026-05-17 05:42:26 [INFO] EPOCH:128, ======================ACC:70.73====================
2026-05-17 05:42:26 [INFO] BEST EPOCH:127,BEST ACC:71.3
2026-05-17 05:42:26 [INFO] Saving Masks: current CR 0.6040 target CR 0.6000
2026-05-17 05:42:49 [INFO] Epoch: 129 [12800/50000 (26%)]	 Training Loss: 0.210 ACC: 89.18 CR: 0.60 Avg R1: 4.94 Avg R2: 5.54 Avg Reward: 10.482438
2026-05-17 05:43:12 [INFO] Epoch: 129 [25600/50000 (51%)]	 Training Loss: 0.201 ACC: 89.72 CR: 0.60 Avg R1: 4.95 Avg R2: 5.53 Avg Reward: 10.486522
2026-05-17 05:43:37 [INFO] Epoch: 129 [38400/50000 (77%)]	 Training Loss: 0.206 ACC: 89.38 CR: 0.60 Avg R1: 4.96 Avg R2: 5.52 Avg Reward: 10.484833
2026-05-17 05:43:58 [INFO] EPOCH:129, ======================CR:0.58938====================
2026-05-17 05:43:58 [INFO] 0.028435636656966558
2026-05-17 05:44:00 [INFO] EPOCH:129, ======================ACC:70.68====================
2026-05-17 05:44:00 [INFO] BEST EPOCH:127,BEST ACC:71.3
2026-05-17 05:44:24 [INFO] Epoch: 130 [12800/50000 (26%)]	 Training Loss: 0.183 ACC: 90.57 CR: 0.59 Avg R1: 4.90 Avg R2: 5.44 Avg Reward: 10.336875
2026-05-17 05:44:45 [INFO] Epoch: 130 [25600/50000 (51%)]	 Training Loss: 0.182 ACC: 90.36 CR: 0.58 Avg R1: 4.89 Avg R2: 5.43 Avg Reward: 10.317328
2026-05-17 05:45:05 [INFO] Epoch: 130 [38400/50000 (77%)]	 Training Loss: 0.190 ACC: 90.06 CR: 0.58 Avg R1: 4.88 Avg R2: 5.41 Avg Reward: 10.291118
2026-05-17 05:45:23 [INFO] EPOCH:130, ======================CR:0.58124====================
2026-05-17 05:45:23 [INFO] 0.020038276487360725
2026-05-17 05:45:25 [INFO] EPOCH:130, ======================ACC:71.53====================
2026-05-17 05:45:25 [INFO] BEST EPOCH:130,BEST ACC:71.53
2026-05-17 05:45:46 [INFO] Epoch: 131 [12800/50000 (26%)]	 Training Loss: 0.179 ACC: 90.91 CR: 0.59 Avg R1: 4.87 Avg R2: 5.38 Avg Reward: 10.247450
2026-05-17 05:46:08 [INFO] Epoch: 131 [25600/50000 (51%)]	 Training Loss: 0.182 ACC: 90.83 CR: 0.59 Avg R1: 4.90 Avg R2: 5.40 Avg Reward: 10.296327
2026-05-17 05:46:29 [INFO] Epoch: 131 [38400/50000 (77%)]	 Training Loss: 0.186 ACC: 90.58 CR: 0.60 Avg R1: 4.92 Avg R2: 5.42 Avg Reward: 10.345952
2026-05-17 05:46:49 [INFO] EPOCH:131, ======================CR:0.61036====================
2026-05-17 05:46:49 [INFO] 0.03002855476358359
2026-05-17 05:46:51 [INFO] EPOCH:131, ======================ACC:69.51====================
2026-05-17 05:46:51 [INFO] BEST EPOCH:130,BEST ACC:71.53
2026-05-17 05:47:11 [INFO] Epoch: 132 [12800/50000 (26%)]	 Training Loss: 0.194 ACC: 90.15 CR: 0.61 Avg R1: 4.87 Avg R2: 5.56 Avg Reward: 10.421681
2026-05-17 05:47:32 [INFO] Epoch: 132 [25600/50000 (51%)]	 Training Loss: 0.188 ACC: 90.37 CR: 0.61 Avg R1: 4.87 Avg R2: 5.55 Avg Reward: 10.419586
2026-05-17 05:47:53 [INFO] Epoch: 132 [38400/50000 (77%)]	 Training Loss: 0.193 ACC: 90.09 CR: 0.61 Avg R1: 4.88 Avg R2: 5.55 Avg Reward: 10.427433
2026-05-17 05:48:09 [INFO] EPOCH:132, ======================CR:0.60432====================
2026-05-17 05:48:09 [INFO] 0.026347923258647876
2026-05-17 05:48:11 [INFO] EPOCH:132, ======================ACC:70.84====================
2026-05-17 05:48:11 [INFO] BEST EPOCH:130,BEST ACC:71.53
2026-05-17 05:48:11 [INFO] Saving Masks: current CR 0.6043 target CR 0.6000
2026-05-17 05:48:32 [INFO] Epoch: 133 [12800/50000 (26%)]	 Training Loss: 0.178 ACC: 91.00 CR: 0.60 Avg R1: 4.97 Avg R2: 5.51 Avg Reward: 10.479740
2026-05-17 05:48:52 [INFO] Epoch: 133 [25600/50000 (51%)]	 Training Loss: 0.179 ACC: 90.86 CR: 0.60 Avg R1: 4.98 Avg R2: 5.50 Avg Reward: 10.482943
2026-05-17 05:49:12 [INFO] Epoch: 133 [38400/50000 (77%)]	 Training Loss: 0.182 ACC: 90.65 CR: 0.60 Avg R1: 4.98 Avg R2: 5.49 Avg Reward: 10.472181
2026-05-17 05:49:31 [INFO] EPOCH:133, ======================CR:0.59992====================
2026-05-17 05:49:31 [INFO] 0.03709549336539182
2026-05-17 05:49:32 [INFO] EPOCH:133, ======================ACC:71.24====================
2026-05-17 05:49:32 [INFO] BEST EPOCH:130,BEST ACC:71.53
2026-05-17 05:49:32 [INFO] Saving Masks: current CR 0.5999 target CR 0.6000
2026-05-17 05:49:32 [INFO] Updated candidate mask pretrained-rescale_mask_best-acc_60_05170357_resnet18 at epoch 133 with acc 71.2400
2026-05-17 05:49:52 [INFO] Epoch: 134 [12800/50000 (26%)]	 Training Loss: 0.178 ACC: 91.23 CR: 0.61 Avg R1: 4.94 Avg R2: 5.50 Avg Reward: 10.443588
2026-05-17 05:50:11 [INFO] Epoch: 134 [25600/50000 (51%)]	 Training Loss: 0.185 ACC: 91.07 CR: 0.62 Avg R1: 4.89 Avg R2: 5.53 Avg Reward: 10.420490
2026-05-17 05:50:31 [INFO] Epoch: 134 [38400/50000 (77%)]	 Training Loss: 0.191 ACC: 90.72 CR: 0.62 Avg R1: 4.84 Avg R2: 5.56 Avg Reward: 10.394444
2026-05-17 05:50:49 [INFO] EPOCH:134, ======================CR:0.6322====================
2026-05-17 05:50:49 [INFO] 0.027408314146478922
2026-05-17 05:50:51 [INFO] EPOCH:134, ======================ACC:70.99====================
2026-05-17 05:50:51 [INFO] BEST EPOCH:133,BEST ACC:71.53
2026-05-17 05:51:12 [INFO] Epoch: 135 [12800/50000 (26%)]	 Training Loss: 0.183 ACC: 91.06 CR: 0.63 Avg R1: 4.61 Avg R2: 5.67 Avg Reward: 10.279287
2026-05-17 05:51:33 [INFO] Epoch: 135 [25600/50000 (51%)]	 Training Loss: 0.183 ACC: 90.96 CR: 0.63 Avg R1: 4.60 Avg R2: 5.67 Avg Reward: 10.275502
2026-05-17 05:51:53 [INFO] Epoch: 135 [38400/50000 (77%)]	 Training Loss: 0.186 ACC: 90.67 CR: 0.63 Avg R1: 4.60 Avg R2: 5.67 Avg Reward: 10.278536
2026-05-17 05:52:11 [INFO] EPOCH:135, ======================CR:0.6271====================
2026-05-17 05:52:11 [INFO] 0.03338323008150377
2026-05-17 05:52:13 [INFO] EPOCH:135, ======================ACC:71.76====================
2026-05-17 05:52:13 [INFO] BEST EPOCH:135,BEST ACC:71.76
2026-05-17 05:52:34 [INFO] Epoch: 136 [12800/50000 (26%)]	 Training Loss: 0.173 ACC: 91.54 CR: 0.62 Avg R1: 4.67 Avg R2: 5.65 Avg Reward: 10.321080
2026-05-17 05:52:57 [INFO] Epoch: 136 [25600/50000 (51%)]	 Training Loss: 0.178 ACC: 91.21 CR: 0.62 Avg R1: 4.69 Avg R2: 5.64 Avg Reward: 10.331512
2026-05-17 05:53:17 [INFO] Epoch: 136 [38400/50000 (77%)]	 Training Loss: 0.179 ACC: 91.07 CR: 0.62 Avg R1: 4.71 Avg R2: 5.63 Avg Reward: 10.337557
2026-05-17 05:53:36 [INFO] EPOCH:136, ======================CR:0.6188====================
2026-05-17 05:53:36 [INFO] 0.02322186519735768
2026-05-17 05:53:38 [INFO] EPOCH:136, ======================ACC:71.21====================
2026-05-17 05:53:38 [INFO] BEST EPOCH:135,BEST ACC:71.76
2026-05-17 05:54:00 [INFO] Epoch: 137 [12800/50000 (26%)]	 Training Loss: 0.164 ACC: 91.84 CR: 0.62 Avg R1: 4.78 Avg R2: 5.57 Avg Reward: 10.348802
2026-05-17 05:54:15 [INFO] Epoch: 137 [25600/50000 (51%)]	 Training Loss: 0.167 ACC: 91.75 CR: 0.62 Avg R1: 4.78 Avg R2: 5.57 Avg Reward: 10.353133
2026-05-17 05:54:31 [INFO] Epoch: 137 [38400/50000 (77%)]	 Training Loss: 0.170 ACC: 91.60 CR: 0.61 Avg R1: 4.78 Avg R2: 5.57 Avg Reward: 10.358708
2026-05-17 05:54:44 [INFO] EPOCH:137, ======================CR:0.60784====================
2026-05-17 05:54:44 [INFO] 0.025189834671713297
2026-05-17 05:54:46 [INFO] EPOCH:137, ======================ACC:72.17====================
2026-05-17 05:54:46 [INFO] BEST EPOCH:137,BEST ACC:72.17
2026-05-17 05:54:46 [INFO] Saving Masks: current CR 0.6078 target CR 0.6000
2026-05-17 05:54:46 [INFO] Updated candidate mask pretrained-rescale_mask_best-acc_60_05170357_resnet18 at epoch 137 with acc 72.1700
2026-05-17 05:55:00 [INFO] Epoch: 138 [12800/50000 (26%)]	 Training Loss: 0.148 ACC: 92.58 CR: 0.60 Avg R1: 4.95 Avg R2: 5.48 Avg Reward: 10.431664
2026-05-17 05:55:14 [INFO] Epoch: 138 [25600/50000 (51%)]	 Training Loss: 0.150 ACC: 92.48 CR: 0.60 Avg R1: 4.97 Avg R2: 5.46 Avg Reward: 10.429005
2026-05-17 05:55:27 [INFO] Epoch: 138 [38400/50000 (77%)]	 Training Loss: 0.150 ACC: 92.37 CR: 0.59 Avg R1: 4.96 Avg R2: 5.44 Avg Reward: 10.394564
2026-05-17 05:55:38 [INFO] EPOCH:138, ======================CR:0.58364====================
2026-05-17 05:55:38 [INFO] 0.021503598399648372
2026-05-17 05:55:40 [INFO] EPOCH:138, ======================ACC:72.17====================
2026-05-17 05:55:40 [INFO] BEST EPOCH:138,BEST ACC:72.17
2026-05-17 05:55:55 [INFO] Epoch: 139 [12800/50000 (26%)]	 Training Loss: 0.128 ACC: 93.62 CR: 0.58 Avg R1: 4.86 Avg R2: 5.29 Avg Reward: 10.151068
2026-05-17 05:56:10 [INFO] Epoch: 139 [25600/50000 (51%)]	 Training Loss: 0.133 ACC: 93.22 CR: 0.58 Avg R1: 4.85 Avg R2: 5.28 Avg Reward: 10.124577
2026-05-17 05:56:25 [INFO] Epoch: 139 [38400/50000 (77%)]	 Training Loss: 0.140 ACC: 92.91 CR: 0.58 Avg R1: 4.83 Avg R2: 5.27 Avg Reward: 10.099026
2026-05-17 05:56:37 [INFO] EPOCH:139, ======================CR:0.57712====================
2026-05-17 05:56:37 [INFO] 0.021956471488339773
2026-05-17 05:56:39 [INFO] EPOCH:139, ======================ACC:70.9====================
2026-05-17 05:56:39 [INFO] BEST EPOCH:138,BEST ACC:72.17
2026-05-17 05:56:54 [INFO] Epoch: 140 [12800/50000 (26%)]	 Training Loss: 0.138 ACC: 93.26 CR: 0.58 Avg R1: 4.82 Avg R2: 5.23 Avg Reward: 10.043868
2026-05-17 05:57:07 [INFO] Epoch: 140 [25600/50000 (51%)]	 Training Loss: 0.136 ACC: 93.28 CR: 0.58 Avg R1: 4.83 Avg R2: 5.24 Avg Reward: 10.061730
2026-05-17 05:57:21 [INFO] Epoch: 140 [38400/50000 (77%)]	 Training Loss: 0.138 ACC: 93.11 CR: 0.58 Avg R1: 4.83 Avg R2: 5.24 Avg Reward: 10.076861
2026-05-17 05:57:34 [INFO] EPOCH:140, ======================CR:0.58452====================
2026-05-17 05:57:34 [INFO] 0.02499026010422322
2026-05-17 05:57:36 [INFO] EPOCH:140, ======================ACC:71.9====================
2026-05-17 05:57:36 [INFO] BEST EPOCH:138,BEST ACC:72.17
2026-05-17 05:57:49 [INFO] Epoch: 141 [12800/50000 (26%)]	 Training Loss: 0.138 ACC: 93.40 CR: 0.59 Avg R1: 4.89 Avg R2: 5.29 Avg Reward: 10.180634
2026-05-17 05:58:04 [INFO] Epoch: 141 [25600/50000 (51%)]	 Training Loss: 0.140 ACC: 93.28 CR: 0.60 Avg R1: 4.91 Avg R2: 5.31 Avg Reward: 10.219060
2026-05-17 05:58:20 [INFO] Epoch: 141 [38400/50000 (77%)]	 Training Loss: 0.145 ACC: 92.97 CR: 0.61 Avg R1: 4.92 Avg R2: 5.33 Avg Reward: 10.257763
2026-05-17 05:58:32 [INFO] EPOCH:141, ======================CR:0.62122====================
2026-05-17 05:58:32 [INFO] 0.022547597381011874
2026-05-17 05:58:34 [INFO] EPOCH:141, ======================ACC:71.86====================
2026-05-17 05:58:34 [INFO] BEST EPOCH:138,BEST ACC:72.17
2026-05-17 05:58:51 [INFO] Epoch: 142 [12800/50000 (26%)]	 Training Loss: 0.150 ACC: 93.15 CR: 0.63 Avg R1: 4.71 Avg R2: 5.51 Avg Reward: 10.215246
2026-05-17 05:59:06 [INFO] Epoch: 142 [25600/50000 (51%)]	 Training Loss: 0.146 ACC: 93.21 CR: 0.63 Avg R1: 4.67 Avg R2: 5.52 Avg Reward: 10.190552
2026-05-17 05:59:22 [INFO] Epoch: 142 [38400/50000 (77%)]	 Training Loss: 0.146 ACC: 93.27 CR: 0.64 Avg R1: 4.64 Avg R2: 5.54 Avg Reward: 10.174217
2026-05-17 05:59:36 [INFO] EPOCH:142, ======================CR:0.63454====================
2026-05-17 05:59:36 [INFO] 0.03055777979999715
2026-05-17 05:59:38 [INFO] EPOCH:142, ======================ACC:72.62====================
2026-05-17 05:59:38 [INFO] BEST EPOCH:142,BEST ACC:72.62
2026-05-17 05:59:52 [INFO] Epoch: 143 [12800/50000 (26%)]	 Training Loss: 0.137 ACC: 93.60 CR: 0.63 Avg R1: 4.60 Avg R2: 5.56 Avg Reward: 10.162246
2026-05-17 06:00:07 [INFO] Epoch: 143 [25600/50000 (51%)]	 Training Loss: 0.136 ACC: 93.57 CR: 0.63 Avg R1: 4.61 Avg R2: 5.56 Avg Reward: 10.166597
2026-05-17 06:00:22 [INFO] Epoch: 143 [38400/50000 (77%)]	 Training Loss: 0.141 ACC: 93.33 CR: 0.63 Avg R1: 4.62 Avg R2: 5.55 Avg Reward: 10.169507
2026-05-17 06:00:38 [INFO] EPOCH:143, ======================CR:0.62828====================
2026-05-17 06:00:38 [INFO] 0.03435542790107825
2026-05-17 06:00:40 [INFO] EPOCH:143, ======================ACC:72.78====================
2026-05-17 06:00:40 [INFO] BEST EPOCH:143,BEST ACC:72.78
2026-05-17 06:00:58 [INFO] Epoch: 144 [12800/50000 (26%)]	 Training Loss: 0.124 ACC: 94.25 CR: 0.63 Avg R1: 4.66 Avg R2: 5.51 Avg Reward: 10.169706
2026-05-17 06:01:15 [INFO] Epoch: 144 [25600/50000 (51%)]	 Training Loss: 0.127 ACC: 93.88 CR: 0.62 Avg R1: 4.67 Avg R2: 5.50 Avg Reward: 10.170069
2026-05-17 06:01:29 [INFO] Epoch: 144 [38400/50000 (77%)]	 Training Loss: 0.129 ACC: 93.74 CR: 0.61 Avg R1: 4.70 Avg R2: 5.48 Avg Reward: 10.184152
2026-05-17 06:01:43 [INFO] EPOCH:144, ======================CR:0.60734====================
2026-05-17 06:01:43 [INFO] 0.027890740540725652
2026-05-17 06:01:45 [INFO] EPOCH:144, ======================ACC:72.88====================
2026-05-17 06:01:45 [INFO] BEST EPOCH:144,BEST ACC:72.88
2026-05-17 06:01:45 [INFO] Saving Masks: current CR 0.6073 target CR 0.6000
2026-05-17 06:01:45 [INFO] Updated candidate mask pretrained-rescale_mask_best-acc_60_05170357_resnet18 at epoch 144 with acc 72.8800
2026-05-17 06:02:00 [INFO] Epoch: 145 [12800/50000 (26%)]	 Training Loss: 0.120 ACC: 94.12 CR: 0.60 Avg R1: 4.94 Avg R2: 5.34 Avg Reward: 10.285035
2026-05-17 06:02:16 [INFO] Epoch: 145 [25600/50000 (51%)]	 Training Loss: 0.121 ACC: 94.10 CR: 0.60 Avg R1: 4.96 Avg R2: 5.33 Avg Reward: 10.288253
2026-05-17 06:02:32 [INFO] Epoch: 145 [38400/50000 (77%)]	 Training Loss: 0.120 ACC: 94.20 CR: 0.60 Avg R1: 4.97 Avg R2: 5.32 Avg Reward: 10.286081
2026-05-17 06:02:47 [INFO] EPOCH:145, ======================CR:0.59036====================
2026-05-17 06:02:47 [INFO] 0.016357197346685486
2026-05-17 06:02:49 [INFO] EPOCH:145, ======================ACC:73.61====================
2026-05-17 06:02:49 [INFO] BEST EPOCH:145,BEST ACC:73.61
2026-05-17 06:02:49 [INFO] Saving Masks: current CR 0.5904 target CR 0.6000
2026-05-17 06:02:49 [INFO] Updated candidate mask pretrained-rescale_mask_best-acc_60_05170357_resnet18 at epoch 145 with acc 73.6100
2026-05-17 06:03:04 [INFO] Epoch: 146 [12800/50000 (26%)]	 Training Loss: 0.111 ACC: 94.62 CR: 0.59 Avg R1: 4.89 Avg R2: 5.18 Avg Reward: 10.070113
2026-05-17 06:03:20 [INFO] Epoch: 146 [25600/50000 (51%)]	 Training Loss: 0.112 ACC: 94.50 CR: 0.59 Avg R1: 4.89 Avg R2: 5.18 Avg Reward: 10.069220
2026-05-17 06:03:36 [INFO] Epoch: 146 [38400/50000 (77%)]	 Training Loss: 0.116 ACC: 94.40 CR: 0.59 Avg R1: 4.88 Avg R2: 5.18 Avg Reward: 10.062045
2026-05-17 06:03:51 [INFO] EPOCH:146, ======================CR:0.58662====================
2026-05-17 06:03:51 [INFO] 0.01819785500967421
2026-05-17 06:03:53 [INFO] EPOCH:146, ======================ACC:73.36====================
2026-05-17 06:03:53 [INFO] BEST EPOCH:145,BEST ACC:73.61
2026-05-17 06:04:09 [INFO] Epoch: 147 [12800/50000 (26%)]	 Training Loss: 0.109 ACC: 94.88 CR: 0.59 Avg R1: 4.91 Avg R2: 5.19 Avg Reward: 10.093659
2026-05-17 06:04:25 [INFO] Epoch: 147 [25600/50000 (51%)]	 Training Loss: 0.108 ACC: 94.81 CR: 0.59 Avg R1: 4.91 Avg R2: 5.19 Avg Reward: 10.095062
2026-05-17 06:04:39 [INFO] Epoch: 147 [38400/50000 (77%)]	 Training Loss: 0.108 ACC: 94.83 CR: 0.59 Avg R1: 4.91 Avg R2: 5.19 Avg Reward: 10.093279
2026-05-17 06:04:52 [INFO] EPOCH:147, ======================CR:0.59364====================
2026-05-17 06:04:52 [INFO] 0.023534579499768823
2026-05-17 06:04:54 [INFO] EPOCH:147, ======================ACC:73.43====================
2026-05-17 06:04:54 [INFO] BEST EPOCH:145,BEST ACC:73.61
2026-05-17 06:04:54 [INFO] Saving Masks: current CR 0.5936 target CR 0.6000
2026-05-17 06:05:08 [INFO] Epoch: 148 [12800/50000 (26%)]	 Training Loss: 0.109 ACC: 94.78 CR: 0.60 Avg R1: 4.96 Avg R2: 5.20 Avg Reward: 10.160486
2026-05-17 06:05:24 [INFO] Epoch: 148 [25600/50000 (51%)]	 Training Loss: 0.107 ACC: 95.00 CR: 0.60 Avg R1: 4.98 Avg R2: 5.21 Avg Reward: 10.189519
2026-05-17 06:05:39 [INFO] Epoch: 148 [38400/50000 (77%)]	 Training Loss: 0.107 ACC: 94.95 CR: 0.61 Avg R1: 4.97 Avg R2: 5.23 Avg Reward: 10.192032
2026-05-17 06:05:54 [INFO] EPOCH:148, ======================CR:0.60858====================
2026-05-17 06:05:54 [INFO] 0.02982285661402464
2026-05-17 06:05:56 [INFO] EPOCH:148, ======================ACC:73.07====================
2026-05-17 06:05:56 [INFO] BEST EPOCH:145,BEST ACC:73.61
2026-05-17 06:05:56 [INFO] Saving Masks: current CR 0.6086 target CR 0.6000
2026-05-17 06:06:13 [INFO] Epoch: 149 [12800/50000 (26%)]	 Training Loss: 0.103 ACC: 95.42 CR: 0.61 Avg R1: 4.88 Avg R2: 5.24 Avg Reward: 10.126506
2026-05-17 06:06:28 [INFO] Epoch: 149 [25600/50000 (51%)]	 Training Loss: 0.101 ACC: 95.34 CR: 0.61 Avg R1: 4.88 Avg R2: 5.24 Avg Reward: 10.123315
2026-05-17 06:06:42 [INFO] Epoch: 149 [38400/50000 (77%)]	 Training Loss: 0.102 ACC: 95.25 CR: 0.61 Avg R1: 4.88 Avg R2: 5.24 Avg Reward: 10.122880
2026-05-17 06:06:57 [INFO] EPOCH:149, ======================CR:0.61178====================
2026-05-17 06:06:57 [INFO] 0.030569054513843456
2026-05-17 06:06:59 [INFO] EPOCH:149, ======================ACC:73.44====================
2026-05-17 06:06:59 [INFO] BEST EPOCH:145,BEST ACC:73.61
2026-05-17 06:07:12 [INFO] Epoch: 150 [12800/50000 (26%)]	 Training Loss: 0.101 ACC: 95.45 CR: 0.61 Avg R1: 4.87 Avg R2: 5.22 Avg Reward: 10.086770
2026-05-17 06:07:28 [INFO] Epoch: 150 [25600/50000 (51%)]	 Training Loss: 0.102 ACC: 95.42 CR: 0.61 Avg R1: 4.88 Avg R2: 5.21 Avg Reward: 10.096827
2026-05-17 06:07:43 [INFO] Epoch: 150 [38400/50000 (77%)]	 Training Loss: 0.102 ACC: 95.40 CR: 0.61 Avg R1: 4.89 Avg R2: 5.21 Avg Reward: 10.101961
2026-05-17 06:07:58 [INFO] EPOCH:150, ======================CR:0.6042====================
2026-05-17 06:07:58 [INFO] 0.030530504456604803
2026-05-17 06:08:00 [INFO] EPOCH:150, ======================ACC:73.93====================
2026-05-17 06:08:00 [INFO] BEST EPOCH:150,BEST ACC:73.93
2026-05-17 06:08:00 [INFO] Saving Masks: current CR 0.6042 target CR 0.6000
2026-05-17 06:08:00 [INFO] Updated candidate mask pretrained-rescale_mask_best-acc_60_05170357_resnet18 at epoch 150 with acc 73.9300
2026-05-17 06:08:14 [INFO] Epoch: 151 [12800/50000 (26%)]	 Training Loss: 0.093 ACC: 95.84 CR: 0.60 Avg R1: 4.95 Avg R2: 5.18 Avg Reward: 10.136931
2026-05-17 06:08:30 [INFO] Epoch: 151 [25600/50000 (51%)]	 Training Loss: 0.092 ACC: 95.88 CR: 0.60 Avg R1: 4.95 Avg R2: 5.18 Avg Reward: 10.133210
2026-05-17 06:08:45 [INFO] Epoch: 151 [38400/50000 (77%)]	 Training Loss: 0.093 ACC: 95.85 CR: 0.61 Avg R1: 4.95 Avg R2: 5.18 Avg Reward: 10.128169
2026-05-17 06:08:58 [INFO] EPOCH:151, ======================CR:0.60714====================
2026-05-17 06:08:58 [INFO] 0.027102135725412996
2026-05-17 06:08:59 [INFO] EPOCH:151, ======================ACC:72.65====================
2026-05-17 06:08:59 [INFO] BEST EPOCH:150,BEST ACC:73.93
2026-05-17 06:08:59 [INFO] Saving Masks: current CR 0.6071 target CR 0.6000
2026-05-17 06:09:16 [INFO] Epoch: 152 [12800/50000 (26%)]	 Training Loss: 0.096 ACC: 95.45 CR: 0.61 Avg R1: 4.92 Avg R2: 5.16 Avg Reward: 10.077203
2026-05-17 06:09:30 [INFO] Epoch: 152 [25600/50000 (51%)]	 Training Loss: 0.094 ACC: 95.60 CR: 0.61 Avg R1: 4.92 Avg R2: 5.16 Avg Reward: 10.078400
2026-05-17 06:09:44 [INFO] Epoch: 152 [38400/50000 (77%)]	 Training Loss: 0.094 ACC: 95.63 CR: 0.61 Avg R1: 4.92 Avg R2: 5.16 Avg Reward: 10.079198
2026-05-17 06:09:56 [INFO] EPOCH:152, ======================CR:0.60566====================
2026-05-17 06:09:56 [INFO] 0.026435214106603714
2026-05-17 06:09:58 [INFO] EPOCH:152, ======================ACC:74.15====================
2026-05-17 06:09:58 [INFO] BEST EPOCH:152,BEST ACC:74.15
2026-05-17 06:09:58 [INFO] Saving Masks: current CR 0.6057 target CR 0.6000
2026-05-17 06:09:58 [INFO] Updated candidate mask pretrained-rescale_mask_best-acc_60_05170357_resnet18 at epoch 152 with acc 74.1500
2026-05-17 06:10:12 [INFO] Epoch: 153 [12800/50000 (26%)]	 Training Loss: 0.082 ACC: 96.38 CR: 0.60 Avg R1: 4.94 Avg R2: 5.13 Avg Reward: 10.064875
2026-05-17 06:10:27 [INFO] Epoch: 153 [25600/50000 (51%)]	 Training Loss: 0.081 ACC: 96.41 CR: 0.60 Avg R1: 4.95 Avg R2: 5.12 Avg Reward: 10.064818
2026-05-17 06:10:39 [INFO] Epoch: 153 [38400/50000 (77%)]	 Training Loss: 0.084 ACC: 96.25 CR: 0.60 Avg R1: 4.96 Avg R2: 5.11 Avg Reward: 10.069251
2026-05-17 06:10:52 [INFO] EPOCH:153, ======================CR:0.59322====================
2026-05-17 06:10:52 [INFO] 0.03576624557777447
2026-05-17 06:10:54 [INFO] EPOCH:153, ======================ACC:74.01====================
2026-05-17 06:10:54 [INFO] BEST EPOCH:152,BEST ACC:74.15
2026-05-17 06:10:54 [INFO] Saving Masks: current CR 0.5932 target CR 0.6000
2026-05-17 06:11:09 [INFO] Epoch: 154 [12800/50000 (26%)]	 Training Loss: 0.075 ACC: 96.62 CR: 0.59 Avg R1: 4.95 Avg R2: 5.02 Avg Reward: 9.962638
2026-05-17 06:11:26 [INFO] Epoch: 154 [25600/50000 (51%)]	 Training Loss: 0.076 ACC: 96.56 CR: 0.59 Avg R1: 4.95 Avg R2: 5.02 Avg Reward: 9.965041
2026-05-17 06:11:41 [INFO] Epoch: 154 [38400/50000 (77%)]	 Training Loss: 0.079 ACC: 96.50 CR: 0.60 Avg R1: 4.95 Avg R2: 5.02 Avg Reward: 9.970057
2026-05-17 06:11:54 [INFO] EPOCH:154, ======================CR:0.59482====================
2026-05-17 06:11:54 [INFO] 0.04086716292193109
2026-05-17 06:11:56 [INFO] EPOCH:154, ======================ACC:74.2====================
2026-05-17 06:11:56 [INFO] BEST EPOCH:154,BEST ACC:74.2
2026-05-17 06:11:56 [INFO] Saving Masks: current CR 0.5948 target CR 0.6000
2026-05-17 06:11:56 [INFO] Updated candidate mask pretrained-rescale_mask_best-acc_60_05170357_resnet18 at epoch 154 with acc 74.2000
2026-05-17 06:12:11 [INFO] Epoch: 155 [12800/50000 (26%)]	 Training Loss: 0.075 ACC: 96.65 CR: 0.59 Avg R1: 4.95 Avg R2: 4.99 Avg Reward: 9.937978
2026-05-17 06:12:25 [INFO] Epoch: 155 [25600/50000 (51%)]	 Training Loss: 0.073 ACC: 96.84 CR: 0.59 Avg R1: 4.94 Avg R2: 4.99 Avg Reward: 9.924173
2026-05-17 06:12:41 [INFO] Epoch: 155 [38400/50000 (77%)]	 Training Loss: 0.075 ACC: 96.76 CR: 0.59 Avg R1: 4.93 Avg R2: 4.98 Avg Reward: 9.908572
2026-05-17 06:12:55 [INFO] EPOCH:155, ======================CR:0.5845====================
2026-05-17 06:12:55 [INFO] 0.023231738932107317
2026-05-17 06:12:57 [INFO] EPOCH:155, ======================ACC:74.65====================
2026-05-17 06:12:57 [INFO] BEST EPOCH:155,BEST ACC:74.65
2026-05-17 06:13:13 [INFO] Epoch: 156 [12800/50000 (26%)]	 Training Loss: 0.071 ACC: 96.88 CR: 0.59 Avg R1: 4.89 Avg R2: 4.91 Avg Reward: 9.795191
2026-05-17 06:13:27 [INFO] Epoch: 156 [25600/50000 (51%)]	 Training Loss: 0.072 ACC: 96.80 CR: 0.59 Avg R1: 4.90 Avg R2: 4.92 Avg Reward: 9.812197
2026-05-17 06:13:42 [INFO] Epoch: 156 [38400/50000 (77%)]	 Training Loss: 0.073 ACC: 96.83 CR: 0.59 Avg R1: 4.91 Avg R2: 4.92 Avg Reward: 9.830881
2026-05-17 06:13:56 [INFO] EPOCH:156, ======================CR:0.60004====================
2026-05-17 06:13:56 [INFO] 0.022106245657431807
2026-05-17 06:13:58 [INFO] EPOCH:156, ======================ACC:74.05====================
2026-05-17 06:13:58 [INFO] BEST EPOCH:155,BEST ACC:74.65
2026-05-17 06:13:58 [INFO] Saving Masks: current CR 0.6000 target CR 0.6000
2026-05-17 06:14:15 [INFO] Epoch: 157 [12800/50000 (26%)]	 Training Loss: 0.075 ACC: 96.73 CR: 0.60 Avg R1: 4.99 Avg R2: 4.96 Avg Reward: 9.953215
2026-05-17 06:14:32 [INFO] Epoch: 157 [25600/50000 (51%)]	 Training Loss: 0.073 ACC: 96.84 CR: 0.60 Avg R1: 4.99 Avg R2: 4.96 Avg Reward: 9.951767
2026-05-17 06:14:48 [INFO] Epoch: 157 [38400/50000 (77%)]	 Training Loss: 0.074 ACC: 96.83 CR: 0.60 Avg R1: 4.99 Avg R2: 4.96 Avg Reward: 9.954231
2026-05-17 06:15:01 [INFO] EPOCH:157, ======================CR:0.60162====================
2026-05-17 06:15:01 [INFO] 0.023302738535285
2026-05-17 06:15:03 [INFO] EPOCH:157, ======================ACC:74.84====================
2026-05-17 06:15:03 [INFO] BEST EPOCH:157,BEST ACC:74.84
2026-05-17 06:15:03 [INFO] Saving Masks: current CR 0.6016 target CR 0.6000
2026-05-17 06:15:03 [INFO] Updated candidate mask pretrained-rescale_mask_best-acc_60_05170357_resnet18 at epoch 157 with acc 74.8400
2026-05-17 06:15:20 [INFO] Epoch: 158 [12800/50000 (26%)]	 Training Loss: 0.068 ACC: 96.98 CR: 0.60 Avg R1: 4.98 Avg R2: 4.96 Avg Reward: 9.939043
2026-05-17 06:15:37 [INFO] Epoch: 158 [25600/50000 (51%)]	 Training Loss: 0.067 ACC: 97.07 CR: 0.60 Avg R1: 4.97 Avg R2: 4.96 Avg Reward: 9.937132
2026-05-17 06:15:52 [INFO] Epoch: 158 [38400/50000 (77%)]	 Training Loss: 0.067 ACC: 97.13 CR: 0.61 Avg R1: 4.96 Avg R2: 4.97 Avg Reward: 9.929816
2026-05-17 06:16:14 [INFO] EPOCH:158, ======================CR:0.60392====================
2026-05-17 06:16:14 [INFO] 0.026648707493946402
2026-05-17 06:16:16 [INFO] EPOCH:158, ======================ACC:74.46====================
2026-05-17 06:16:16 [INFO] BEST EPOCH:157,BEST ACC:74.84
2026-05-17 06:16:16 [INFO] Saving Masks: current CR 0.6039 target CR 0.6000
2026-05-17 06:16:39 [INFO] Epoch: 159 [12800/50000 (26%)]	 Training Loss: 0.065 ACC: 97.42 CR: 0.60 Avg R1: 4.96 Avg R2: 4.93 Avg Reward: 9.885287
2026-05-17 06:17:03 [INFO] Epoch: 159 [25600/50000 (51%)]	 Training Loss: 0.064 ACC: 97.34 CR: 0.60 Avg R1: 4.97 Avg R2: 4.92 Avg Reward: 9.890259
2026-05-17 06:17:27 [INFO] Epoch: 159 [38400/50000 (77%)]	 Training Loss: 0.064 ACC: 97.33 CR: 0.60 Avg R1: 4.97 Avg R2: 4.93 Avg Reward: 9.891565
2026-05-17 06:17:52 [INFO] EPOCH:159, ======================CR:0.60148====================
2026-05-17 06:17:52 [INFO] 0.03549087893214934
2026-05-17 06:17:54 [INFO] EPOCH:159, ======================ACC:75.21====================
2026-05-17 06:17:54 [INFO] BEST EPOCH:159,BEST ACC:75.21
2026-05-17 06:17:54 [INFO] Saving Masks: current CR 0.6015 target CR 0.6000
2026-05-17 06:17:54 [INFO] Updated candidate mask pretrained-rescale_mask_best-acc_60_05170357_resnet18 at epoch 159 with acc 75.2100
2026-05-17 06:18:19 [INFO] Epoch: 160 [12800/50000 (26%)]	 Training Loss: 0.065 ACC: 97.33 CR: 0.60 Avg R1: 4.99 Avg R2: 4.89 Avg Reward: 9.884918
2026-05-17 06:18:43 [INFO] Epoch: 160 [25600/50000 (51%)]	 Training Loss: 0.062 ACC: 97.42 CR: 0.60 Avg R1: 4.98 Avg R2: 4.89 Avg Reward: 9.866946
2026-05-17 06:19:08 [INFO] Epoch: 160 [38400/50000 (77%)]	 Training Loss: 0.062 ACC: 97.48 CR: 0.59 Avg R1: 4.97 Avg R2: 4.88 Avg Reward: 9.850800
2026-05-17 06:19:30 [INFO] EPOCH:160, ======================CR:0.59748====================
2026-05-17 06:19:30 [INFO] 0.025477148611589485
2026-05-17 06:19:32 [INFO] EPOCH:160, ======================ACC:75.19====================
2026-05-17 06:19:32 [INFO] BEST EPOCH:159,BEST ACC:75.21
2026-05-17 06:19:32 [INFO] Saving Masks: current CR 0.5975 target CR 0.6000
2026-05-17 06:19:48 [INFO] Epoch: 161 [12800/50000 (26%)]	 Training Loss: 0.059 ACC: 97.62 CR: 0.60 Avg R1: 4.99 Avg R2: 4.84 Avg Reward: 9.829094
2026-05-17 06:20:01 [INFO] Epoch: 161 [25600/50000 (51%)]	 Training Loss: 0.060 ACC: 97.54 CR: 0.61 Avg R1: 4.97 Avg R2: 4.85 Avg Reward: 9.818705
2026-05-17 06:20:14 [INFO] Epoch: 161 [38400/50000 (77%)]	 Training Loss: 0.061 ACC: 97.57 CR: 0.61 Avg R1: 4.94 Avg R2: 4.86 Avg Reward: 9.807010
2026-05-17 06:20:25 [INFO] EPOCH:161, ======================CR:0.61522====================
2026-05-17 06:20:25 [INFO] 0.028138464096069446
2026-05-17 06:20:27 [INFO] EPOCH:161, ======================ACC:75.66====================
2026-05-17 06:20:27 [INFO] BEST EPOCH:161,BEST ACC:75.66
2026-05-17 06:20:40 [INFO] Epoch: 162 [12800/50000 (26%)]	 Training Loss: 0.059 ACC: 97.52 CR: 0.61 Avg R1: 4.83 Avg R2: 4.90 Avg Reward: 9.729938
2026-05-17 06:20:52 [INFO] Epoch: 162 [25600/50000 (51%)]	 Training Loss: 0.058 ACC: 97.64 CR: 0.61 Avg R1: 4.84 Avg R2: 4.90 Avg Reward: 9.735844
2026-05-17 06:21:05 [INFO] Epoch: 162 [38400/50000 (77%)]	 Training Loss: 0.057 ACC: 97.67 CR: 0.61 Avg R1: 4.86 Avg R2: 4.89 Avg Reward: 9.747117
2026-05-17 06:21:17 [INFO] EPOCH:162, ======================CR:0.60588====================
2026-05-17 06:21:17 [INFO] 0.024130599349049143
2026-05-17 06:21:19 [INFO] EPOCH:162, ======================ACC:75.76====================
2026-05-17 06:21:19 [INFO] BEST EPOCH:162,BEST ACC:75.76
2026-05-17 06:21:19 [INFO] Saving Masks: current CR 0.6059 target CR 0.6000
2026-05-17 06:21:19 [INFO] Updated candidate mask pretrained-rescale_mask_best-acc_60_05170357_resnet18 at epoch 162 with acc 75.7600
2026-05-17 06:21:33 [INFO] Epoch: 163 [12800/50000 (26%)]	 Training Loss: 0.052 ACC: 98.15 CR: 0.61 Avg R1: 4.91 Avg R2: 4.85 Avg Reward: 9.753908
2026-05-17 06:21:44 [INFO] Epoch: 163 [25600/50000 (51%)]	 Training Loss: 0.053 ACC: 97.96 CR: 0.61 Avg R1: 4.92 Avg R2: 4.84 Avg Reward: 9.758707
2026-05-17 06:21:57 [INFO] Epoch: 163 [38400/50000 (77%)]	 Training Loss: 0.054 ACC: 97.90 CR: 0.60 Avg R1: 4.92 Avg R2: 4.84 Avg Reward: 9.758226
2026-05-17 06:22:09 [INFO] EPOCH:163, ======================CR:0.60426====================
2026-05-17 06:22:09 [INFO] 0.03381323424825713
2026-05-17 06:22:11 [INFO] EPOCH:163, ======================ACC:75.48====================
2026-05-17 06:22:11 [INFO] BEST EPOCH:162,BEST ACC:75.76
2026-05-17 06:22:11 [INFO] Saving Masks: current CR 0.6043 target CR 0.6000
2026-05-17 06:22:24 [INFO] Epoch: 164 [12800/50000 (26%)]	 Training Loss: 0.048 ACC: 98.04 CR: 0.60 Avg R1: 4.95 Avg R2: 4.79 Avg Reward: 9.739387
2026-05-17 06:22:35 [INFO] Epoch: 164 [25600/50000 (51%)]	 Training Loss: 0.051 ACC: 97.86 CR: 0.60 Avg R1: 4.96 Avg R2: 4.78 Avg Reward: 9.744769
2026-05-17 06:22:47 [INFO] Epoch: 164 [38400/50000 (77%)]	 Training Loss: 0.051 ACC: 97.83 CR: 0.60 Avg R1: 4.97 Avg R2: 4.77 Avg Reward: 9.748540
2026-05-17 06:23:00 [INFO] EPOCH:164, ======================CR:0.59802====================
2026-05-17 06:23:00 [INFO] 0.02801746426950656
2026-05-17 06:23:02 [INFO] EPOCH:164, ======================ACC:75.68====================
2026-05-17 06:23:02 [INFO] BEST EPOCH:162,BEST ACC:75.76
2026-05-17 06:23:02 [INFO] Saving Masks: current CR 0.5980 target CR 0.6000
2026-05-17 06:23:16 [INFO] Epoch: 165 [12800/50000 (26%)]	 Training Loss: 0.049 ACC: 98.23 CR: 0.60 Avg R1: 4.98 Avg R2: 4.74 Avg Reward: 9.723896
2026-05-17 06:23:27 [INFO] Epoch: 165 [25600/50000 (51%)]	 Training Loss: 0.050 ACC: 98.11 CR: 0.60 Avg R1: 4.97 Avg R2: 4.75 Avg Reward: 9.724424
2026-05-17 06:23:39 [INFO] Epoch: 165 [38400/50000 (77%)]	 Training Loss: 0.050 ACC: 98.08 CR: 0.61 Avg R1: 4.96 Avg R2: 4.76 Avg Reward: 9.720345
2026-05-17 06:23:52 [INFO] EPOCH:165, ======================CR:0.60552====================
2026-05-17 06:23:52 [INFO] 0.019223873031636377
2026-05-17 06:23:53 [INFO] EPOCH:165, ======================ACC:75.86====================
2026-05-17 06:23:53 [INFO] BEST EPOCH:165,BEST ACC:75.86
2026-05-17 06:23:53 [INFO] Saving Masks: current CR 0.6055 target CR 0.6000
2026-05-17 06:23:53 [INFO] Updated candidate mask pretrained-rescale_mask_best-acc_60_05170357_resnet18 at epoch 165 with acc 75.8600
2026-05-17 06:24:06 [INFO] Epoch: 166 [12800/50000 (26%)]	 Training Loss: 0.047 ACC: 98.27 CR: 0.60 Avg R1: 4.96 Avg R2: 4.73 Avg Reward: 9.689301
2026-05-17 06:24:18 [INFO] Epoch: 166 [25600/50000 (51%)]	 Training Loss: 0.048 ACC: 98.19 CR: 0.60 Avg R1: 4.97 Avg R2: 4.73 Avg Reward: 9.696208
2026-05-17 06:24:31 [INFO] Epoch: 166 [38400/50000 (77%)]	 Training Loss: 0.048 ACC: 98.16 CR: 0.60 Avg R1: 4.98 Avg R2: 4.72 Avg Reward: 9.698796
2026-05-17 06:24:43 [INFO] EPOCH:166, ======================CR:0.59592====================
2026-05-17 06:24:43 [INFO] 0.028004181562878337
2026-05-17 06:24:45 [INFO] EPOCH:166, ======================ACC:76.33====================
2026-05-17 06:24:45 [INFO] BEST EPOCH:166,BEST ACC:76.33
2026-05-17 06:24:45 [INFO] Saving Masks: current CR 0.5959 target CR 0.6000
2026-05-17 06:24:45 [INFO] Updated candidate mask pretrained-rescale_mask_best-acc_60_05170357_resnet18 at epoch 166 with acc 76.3300
2026-05-17 06:24:57 [INFO] Epoch: 167 [12800/50000 (26%)]	 Training Loss: 0.045 ACC: 98.32 CR: 0.60 Avg R1: 4.96 Avg R2: 4.66 Avg Reward: 9.620303
2026-05-17 06:25:08 [INFO] Epoch: 167 [25600/50000 (51%)]	 Training Loss: 0.044 ACC: 98.35 CR: 0.60 Avg R1: 4.97 Avg R2: 4.66 Avg Reward: 9.624609
2026-05-17 06:25:20 [INFO] Epoch: 167 [38400/50000 (77%)]	 Training Loss: 0.045 ACC: 98.33 CR: 0.60 Avg R1: 4.97 Avg R2: 4.66 Avg Reward: 9.634720
2026-05-17 06:25:31 [INFO] EPOCH:167, ======================CR:0.60364====================
2026-05-17 06:25:31 [INFO] 0.028009137369198172
2026-05-17 06:25:33 [INFO] EPOCH:167, ======================ACC:76.11====================
2026-05-17 06:25:33 [INFO] BEST EPOCH:166,BEST ACC:76.33
2026-05-17 06:25:33 [INFO] Saving Masks: current CR 0.6036 target CR 0.6000
2026-05-17 06:25:45 [INFO] Epoch: 168 [12800/50000 (26%)]	 Training Loss: 0.045 ACC: 98.22 CR: 0.60 Avg R1: 4.95 Avg R2: 4.67 Avg Reward: 9.617991
2026-05-17 06:25:58 [INFO] Epoch: 168 [25600/50000 (51%)]	 Training Loss: 0.045 ACC: 98.30 CR: 0.61 Avg R1: 4.94 Avg R2: 4.67 Avg Reward: 9.610739
2026-05-17 06:26:09 [INFO] Epoch: 168 [38400/50000 (77%)]	 Training Loss: 0.044 ACC: 98.29 CR: 0.61 Avg R1: 4.94 Avg R2: 4.68 Avg Reward: 9.611876
2026-05-17 06:26:21 [INFO] EPOCH:168, ======================CR:0.60478====================
2026-05-17 06:26:21 [INFO] 0.03143379353248193
2026-05-17 06:26:23 [INFO] EPOCH:168, ======================ACC:75.97====================
2026-05-17 06:26:23 [INFO] BEST EPOCH:166,BEST ACC:76.33
2026-05-17 06:26:23 [INFO] Saving Masks: current CR 0.6048 target CR 0.6000
2026-05-17 06:26:34 [INFO] Epoch: 169 [12800/50000 (26%)]	 Training Loss: 0.041 ACC: 98.62 CR: 0.60 Avg R1: 4.95 Avg R2: 4.65 Avg Reward: 9.601488
2026-05-17 06:26:47 [INFO] Epoch: 169 [25600/50000 (51%)]	 Training Loss: 0.042 ACC: 98.50 CR: 0.60 Avg R1: 4.95 Avg R2: 4.65 Avg Reward: 9.599322
2026-05-17 06:27:00 [INFO] Epoch: 169 [38400/50000 (77%)]	 Training Loss: 0.043 ACC: 98.43 CR: 0.60 Avg R1: 4.95 Avg R2: 4.65 Avg Reward: 9.599722
2026-05-17 06:27:09 [INFO] EPOCH:169, ======================CR:0.599====================
2026-05-17 06:27:09 [INFO] 0.02750090587970616
2026-05-17 06:27:11 [INFO] EPOCH:169, ======================ACC:75.58====================
2026-05-17 06:27:11 [INFO] BEST EPOCH:166,BEST ACC:76.33
2026-05-17 06:27:11 [INFO] Saving Masks: current CR 0.5990 target CR 0.6000
2026-05-17 06:27:21 [INFO] Epoch: 170 [12800/50000 (26%)]	 Training Loss: 0.042 ACC: 98.37 CR: 0.60 Avg R1: 4.99 Avg R2: 4.59 Avg Reward: 9.578648
2026-05-17 06:27:34 [INFO] Epoch: 170 [25600/50000 (51%)]	 Training Loss: 0.041 ACC: 98.47 CR: 0.60 Avg R1: 4.98 Avg R2: 4.59 Avg Reward: 9.563207
2026-05-17 06:27:48 [INFO] Epoch: 170 [38400/50000 (77%)]	 Training Loss: 0.041 ACC: 98.48 CR: 0.59 Avg R1: 4.97 Avg R2: 4.58 Avg Reward: 9.554004
2026-05-17 06:27:59 [INFO] EPOCH:170, ======================CR:0.59636====================
2026-05-17 06:27:59 [INFO] 0.023266199472571455
2026-05-17 06:28:01 [INFO] EPOCH:170, ======================ACC:76.53====================
2026-05-17 06:28:01 [INFO] BEST EPOCH:170,BEST ACC:76.53
2026-05-17 06:28:01 [INFO] Saving Masks: current CR 0.5964 target CR 0.6000
2026-05-17 06:28:01 [INFO] Updated candidate mask pretrained-rescale_mask_best-acc_60_05170357_resnet18 at epoch 170 with acc 76.5300
2026-05-17 06:28:14 [INFO] Epoch: 171 [12800/50000 (26%)]	 Training Loss: 0.040 ACC: 98.51 CR: 0.60 Avg R1: 4.97 Avg R2: 4.56 Avg Reward: 9.535072
2026-05-17 06:28:26 [INFO] Epoch: 171 [25600/50000 (51%)]	 Training Loss: 0.039 ACC: 98.54 CR: 0.60 Avg R1: 4.98 Avg R2: 4.56 Avg Reward: 9.540944
2026-05-17 06:28:40 [INFO] Epoch: 171 [38400/50000 (77%)]	 Training Loss: 0.039 ACC: 98.58 CR: 0.60 Avg R1: 4.98 Avg R2: 4.57 Avg Reward: 9.547727
2026-05-17 06:28:51 [INFO] EPOCH:171, ======================CR:0.59986====================
2026-05-17 06:28:51 [INFO] 0.022138158224487
2026-05-17 06:28:53 [INFO] EPOCH:171, ======================ACC:76.32====================
2026-05-17 06:28:53 [INFO] BEST EPOCH:170,BEST ACC:76.53
2026-05-17 06:28:53 [INFO] Saving Masks: current CR 0.5999 target CR 0.6000
2026-05-17 06:29:06 [INFO] Epoch: 172 [12800/50000 (26%)]	 Training Loss: 0.036 ACC: 98.72 CR: 0.60 Avg R1: 4.98 Avg R2: 4.54 Avg Reward: 9.522664
2026-05-17 06:29:19 [INFO] Epoch: 172 [25600/50000 (51%)]	 Training Loss: 0.036 ACC: 98.84 CR: 0.60 Avg R1: 4.98 Avg R2: 4.54 Avg Reward: 9.517593
2026-05-17 06:29:32 [INFO] Epoch: 172 [38400/50000 (77%)]	 Training Loss: 0.036 ACC: 98.86 CR: 0.60 Avg R1: 4.98 Avg R2: 4.54 Avg Reward: 9.521057
2026-05-17 06:29:44 [INFO] EPOCH:172, ======================CR:0.6001====================
2026-05-17 06:29:44 [INFO] 0.02646595739878467
2026-05-17 06:29:46 [INFO] EPOCH:172, ======================ACC:76.4====================
2026-05-17 06:29:46 [INFO] BEST EPOCH:170,BEST ACC:76.53
2026-05-17 06:29:46 [INFO] Saving Masks: current CR 0.6001 target CR 0.6000
2026-05-17 06:29:59 [INFO] Epoch: 173 [12800/50000 (26%)]	 Training Loss: 0.035 ACC: 98.69 CR: 0.60 Avg R1: 4.99 Avg R2: 4.53 Avg Reward: 9.526280
2026-05-17 06:30:11 [INFO] Epoch: 173 [25600/50000 (51%)]	 Training Loss: 0.036 ACC: 98.70 CR: 0.60 Avg R1: 4.99 Avg R2: 4.54 Avg Reward: 9.522603
2026-05-17 06:30:23 [INFO] Epoch: 173 [38400/50000 (77%)]	 Training Loss: 0.036 ACC: 98.70 CR: 0.61 Avg R1: 4.98 Avg R2: 4.54 Avg Reward: 9.515619
2026-05-17 06:30:35 [INFO] EPOCH:173, ======================CR:0.60324====================
2026-05-17 06:30:35 [INFO] 0.03130881710281582
2026-05-17 06:30:37 [INFO] EPOCH:173, ======================ACC:76.7====================
2026-05-17 06:30:37 [INFO] BEST EPOCH:173,BEST ACC:76.7
2026-05-17 06:30:37 [INFO] Saving Masks: current CR 0.6032 target CR 0.6000
2026-05-17 06:30:37 [INFO] Updated candidate mask pretrained-rescale_mask_best-acc_60_05170357_resnet18 at epoch 173 with acc 76.7000
2026-05-17 06:30:51 [INFO] Epoch: 174 [12800/50000 (26%)]	 Training Loss: 0.036 ACC: 98.74 CR: 0.60 Avg R1: 4.97 Avg R2: 4.50 Avg Reward: 9.474364
2026-05-17 06:31:05 [INFO] Epoch: 174 [25600/50000 (51%)]	 Training Loss: 0.036 ACC: 98.75 CR: 0.60 Avg R1: 4.97 Avg R2: 4.50 Avg Reward: 9.477676
2026-05-17 06:31:17 [INFO] Epoch: 174 [38400/50000 (77%)]	 Training Loss: 0.035 ACC: 98.80 CR: 0.60 Avg R1: 4.98 Avg R2: 4.50 Avg Reward: 9.481950
2026-05-17 06:31:29 [INFO] EPOCH:174, ======================CR:0.60278====================
2026-05-17 06:31:29 [INFO] 0.02888335678486655
2026-05-17 06:31:31 [INFO] EPOCH:174, ======================ACC:76.73====================
2026-05-17 06:31:31 [INFO] BEST EPOCH:174,BEST ACC:76.73
2026-05-17 06:31:31 [INFO] Saving Masks: current CR 0.6028 target CR 0.6000
2026-05-17 06:31:31 [INFO] Updated candidate mask pretrained-rescale_mask_best-acc_60_05170357_resnet18 at epoch 174 with acc 76.7300
2026-05-17 06:31:43 [INFO] Epoch: 175 [12800/50000 (26%)]	 Training Loss: 0.031 ACC: 99.13 CR: 0.60 Avg R1: 4.96 Avg R2: 4.50 Avg Reward: 9.461681
2026-05-17 06:31:56 [INFO] Epoch: 175 [25600/50000 (51%)]	 Training Loss: 0.031 ACC: 99.02 CR: 0.60 Avg R1: 4.96 Avg R2: 4.50 Avg Reward: 9.462906
2026-05-17 06:32:10 [INFO] Epoch: 175 [38400/50000 (77%)]	 Training Loss: 0.031 ACC: 98.97 CR: 0.60 Avg R1: 4.97 Avg R2: 4.50 Avg Reward: 9.467047
2026-05-17 06:32:22 [INFO] EPOCH:175, ======================CR:0.60198====================
2026-05-17 06:32:22 [INFO] 0.022212675105819066
2026-05-17 06:32:24 [INFO] EPOCH:175, ======================ACC:76.75====================
2026-05-17 06:32:24 [INFO] BEST EPOCH:175,BEST ACC:76.75
2026-05-17 06:32:24 [INFO] Saving Masks: current CR 0.6020 target CR 0.6000
2026-05-17 06:32:24 [INFO] Updated candidate mask pretrained-rescale_mask_best-acc_60_05170357_resnet18 at epoch 175 with acc 76.7500
2026-05-17 06:32:36 [INFO] Epoch: 176 [12800/50000 (26%)]	 Training Loss: 0.030 ACC: 99.03 CR: 0.60 Avg R1: 4.98 Avg R2: 4.47 Avg Reward: 9.444517
2026-05-17 06:32:49 [INFO] Epoch: 176 [25600/50000 (51%)]	 Training Loss: 0.031 ACC: 98.95 CR: 0.60 Avg R1: 4.98 Avg R2: 4.47 Avg Reward: 9.445992
2026-05-17 06:33:01 [INFO] Epoch: 176 [38400/50000 (77%)]	 Training Loss: 0.030 ACC: 98.96 CR: 0.60 Avg R1: 4.98 Avg R2: 4.47 Avg Reward: 9.446679
2026-05-17 06:33:13 [INFO] EPOCH:176, ======================CR:0.60142====================
2026-05-17 06:33:13 [INFO] 0.03075272526659338
2026-05-17 06:33:15 [INFO] EPOCH:176, ======================ACC:76.59====================
2026-05-17 06:33:15 [INFO] BEST EPOCH:175,BEST ACC:76.75
2026-05-17 06:33:15 [INFO] Saving Masks: current CR 0.6014 target CR 0.6000
2026-05-17 06:33:28 [INFO] Epoch: 177 [12800/50000 (26%)]	 Training Loss: 0.032 ACC: 98.81 CR: 0.60 Avg R1: 4.98 Avg R2: 4.45 Avg Reward: 9.428366
2026-05-17 06:33:40 [INFO] Epoch: 177 [25600/50000 (51%)]	 Training Loss: 0.033 ACC: 98.81 CR: 0.60 Avg R1: 4.98 Avg R2: 4.45 Avg Reward: 9.430206
2026-05-17 06:33:52 [INFO] Epoch: 177 [38400/50000 (77%)]	 Training Loss: 0.032 ACC: 98.87 CR: 0.60 Avg R1: 4.98 Avg R2: 4.45 Avg Reward: 9.429904
2026-05-17 06:34:04 [INFO] EPOCH:177, ======================CR:0.59896====================
2026-05-17 06:34:04 [INFO] 0.03154441510993265
2026-05-17 06:34:06 [INFO] EPOCH:177, ======================ACC:76.58====================
2026-05-17 06:34:06 [INFO] BEST EPOCH:175,BEST ACC:76.75
2026-05-17 06:34:06 [INFO] Saving Masks: current CR 0.5990 target CR 0.6000
2026-05-17 06:34:19 [INFO] Epoch: 178 [12800/50000 (26%)]	 Training Loss: 0.029 ACC: 98.99 CR: 0.60 Avg R1: 4.99 Avg R2: 4.42 Avg Reward: 9.409230
2026-05-17 06:34:32 [INFO] Epoch: 178 [25600/50000 (51%)]	 Training Loss: 0.030 ACC: 98.90 CR: 0.60 Avg R1: 4.99 Avg R2: 4.42 Avg Reward: 9.409644
2026-05-17 06:34:46 [INFO] Epoch: 178 [38400/50000 (77%)]	 Training Loss: 0.030 ACC: 98.95 CR: 0.60 Avg R1: 4.99 Avg R2: 4.42 Avg Reward: 9.411604
2026-05-17 06:34:57 [INFO] EPOCH:178, ======================CR:0.59984====================
2026-05-17 06:34:57 [INFO] 0.030290227026016907
2026-05-17 06:34:59 [INFO] EPOCH:178, ======================ACC:76.91====================
2026-05-17 06:34:59 [INFO] BEST EPOCH:178,BEST ACC:76.91
2026-05-17 06:34:59 [INFO] Saving Masks: current CR 0.5998 target CR 0.6000
2026-05-17 06:34:59 [INFO] Updated candidate mask pretrained-rescale_mask_best-acc_60_05170357_resnet18 at epoch 178 with acc 76.9100
2026-05-17 06:35:12 [INFO] Epoch: 179 [12800/50000 (26%)]	 Training Loss: 0.030 ACC: 99.02 CR: 0.60 Avg R1: 4.99 Avg R2: 4.42 Avg Reward: 9.407138
2026-05-17 06:35:25 [INFO] Epoch: 179 [25600/50000 (51%)]	 Training Loss: 0.029 ACC: 99.07 CR: 0.60 Avg R1: 4.99 Avg R2: 4.42 Avg Reward: 9.409947
2026-05-17 06:35:38 [INFO] Epoch: 179 [38400/50000 (77%)]	 Training Loss: 0.030 ACC: 99.06 CR: 0.60 Avg R1: 4.99 Avg R2: 4.42 Avg Reward: 9.409186
2026-05-17 06:35:47 [INFO] EPOCH:179, ======================CR:0.60272====================
2026-05-17 06:35:47 [INFO] 0.024557737745030703
2026-05-17 06:35:49 [INFO] EPOCH:179, ======================ACC:76.83====================
2026-05-17 06:35:49 [INFO] BEST EPOCH:178,BEST ACC:76.91
2026-05-17 06:35:49 [INFO] Saving Masks: current CR 0.6027 target CR 0.6000
2026-05-17 06:36:01 [INFO] Epoch: 180 [12800/50000 (26%)]	 Training Loss: 0.028 ACC: 99.16 CR: 0.60 Avg R1: 4.99 Avg R2: 4.41 Avg Reward: 9.392269
2026-05-17 06:36:16 [INFO] Epoch: 180 [25600/50000 (51%)]	 Training Loss: 0.028 ACC: 99.15 CR: 0.60 Avg R1: 4.99 Avg R2: 4.40 Avg Reward: 9.385435
2026-05-17 06:36:30 [INFO] Epoch: 180 [38400/50000 (77%)]	 Training Loss: 0.028 ACC: 99.13 CR: 0.60 Avg R1: 4.99 Avg R2: 4.40 Avg Reward: 9.384672
2026-05-17 06:36:40 [INFO] EPOCH:180, ======================CR:0.60278====================
2026-05-17 06:36:40 [INFO] 0.030529840683002907
2026-05-17 06:36:42 [INFO] EPOCH:180, ======================ACC:76.68====================
2026-05-17 06:36:42 [INFO] BEST EPOCH:178,BEST ACC:76.91
2026-05-17 06:36:42 [INFO] Saving Masks: current CR 0.6028 target CR 0.6000
2026-05-17 06:36:53 [INFO] Epoch: 181 [12800/50000 (26%)]	 Training Loss: 0.030 ACC: 99.07 CR: 0.60 Avg R1: 4.96 Avg R2: 4.39 Avg Reward: 9.348165
2026-05-17 06:37:05 [INFO] Epoch: 181 [25600/50000 (51%)]	 Training Loss: 0.029 ACC: 99.11 CR: 0.61 Avg R1: 4.95 Avg R2: 4.39 Avg Reward: 9.342569
2026-05-17 06:37:18 [INFO] Epoch: 181 [38400/50000 (77%)]	 Training Loss: 0.029 ACC: 99.07 CR: 0.60 Avg R1: 4.95 Avg R2: 4.39 Avg Reward: 9.341272
2026-05-17 06:37:28 [INFO] EPOCH:181, ======================CR:0.60186====================
2026-05-17 06:37:28 [INFO] 0.02250691085983112
2026-05-17 06:37:30 [INFO] EPOCH:181, ======================ACC:76.92====================
2026-05-17 06:37:30 [INFO] BEST EPOCH:181,BEST ACC:76.92
2026-05-17 06:37:30 [INFO] Saving Masks: current CR 0.6019 target CR 0.6000
2026-05-17 06:37:30 [INFO] Updated candidate mask pretrained-rescale_mask_best-acc_60_05170357_resnet18 at epoch 181 with acc 76.9200
2026-05-17 06:37:40 [INFO] Epoch: 182 [12800/50000 (26%)]	 Training Loss: 0.028 ACC: 99.09 CR: 0.60 Avg R1: 4.99 Avg R2: 4.36 Avg Reward: 9.351794
2026-05-17 06:37:51 [INFO] Epoch: 182 [25600/50000 (51%)]	 Training Loss: 0.027 ACC: 99.12 CR: 0.60 Avg R1: 4.98 Avg R2: 4.36 Avg Reward: 9.340234
2026-05-17 06:38:03 [INFO] Epoch: 182 [38400/50000 (77%)]	 Training Loss: 0.027 ACC: 99.09 CR: 0.59 Avg R1: 4.97 Avg R2: 4.35 Avg Reward: 9.323570
2026-05-17 06:38:15 [INFO] EPOCH:182, ======================CR:0.5941====================
2026-05-17 06:38:15 [INFO] 0.01796954825068237
2026-05-17 06:38:17 [INFO] EPOCH:182, ======================ACC:76.83====================
2026-05-17 06:38:17 [INFO] BEST EPOCH:181,BEST ACC:76.92
2026-05-17 06:38:17 [INFO] Saving Masks: current CR 0.5941 target CR 0.6000
2026-05-17 06:38:29 [INFO] Epoch: 183 [12800/50000 (26%)]	 Training Loss: 0.027 ACC: 99.19 CR: 0.59 Avg R1: 4.95 Avg R2: 4.31 Avg Reward: 9.256721
2026-05-17 06:38:41 [INFO] Epoch: 183 [25600/50000 (51%)]	 Training Loss: 0.026 ACC: 99.20 CR: 0.60 Avg R1: 4.96 Avg R2: 4.32 Avg Reward: 9.272489
2026-05-17 06:38:53 [INFO] Epoch: 183 [38400/50000 (77%)]	 Training Loss: 0.026 ACC: 99.20 CR: 0.60 Avg R1: 4.97 Avg R2: 4.32 Avg Reward: 9.293120
2026-05-17 06:39:04 [INFO] EPOCH:183, ======================CR:0.60302====================
2026-05-17 06:39:04 [INFO] 0.03387944510716242
2026-05-17 06:39:06 [INFO] EPOCH:183, ======================ACC:77.07====================
2026-05-17 06:39:06 [INFO] BEST EPOCH:183,BEST ACC:77.07
2026-05-17 06:39:06 [INFO] Saving Masks: current CR 0.6030 target CR 0.6000
2026-05-17 06:39:06 [INFO] Updated candidate mask pretrained-rescale_mask_best-acc_60_05170357_resnet18 at epoch 183 with acc 77.0700
2026-05-17 06:39:18 [INFO] Epoch: 184 [12800/50000 (26%)]	 Training Loss: 0.026 ACC: 99.23 CR: 0.60 Avg R1: 4.97 Avg R2: 4.35 Avg Reward: 9.317749
2026-05-17 06:39:27 [INFO] Epoch: 184 [25600/50000 (51%)]	 Training Loss: 0.026 ACC: 99.30 CR: 0.60 Avg R1: 4.98 Avg R2: 4.35 Avg Reward: 9.322103
2026-05-17 06:39:37 [INFO] Epoch: 184 [38400/50000 (77%)]	 Training Loss: 0.025 ACC: 99.29 CR: 0.60 Avg R1: 4.98 Avg R2: 4.34 Avg Reward: 9.324306
2026-05-17 06:39:47 [INFO] EPOCH:184, ======================CR:0.59922====================
2026-05-17 06:39:47 [INFO] 0.03226366894155244
2026-05-17 06:39:49 [INFO] EPOCH:184, ======================ACC:76.78====================
2026-05-17 06:39:49 [INFO] BEST EPOCH:183,BEST ACC:77.07
2026-05-17 06:39:49 [INFO] Saving Masks: current CR 0.5992 target CR 0.6000
2026-05-17 06:39:59 [INFO] Epoch: 185 [12800/50000 (26%)]	 Training Loss: 0.026 ACC: 99.16 CR: 0.60 Avg R1: 4.99 Avg R2: 4.33 Avg Reward: 9.322666
2026-05-17 06:40:09 [INFO] Epoch: 185 [25600/50000 (51%)]	 Training Loss: 0.027 ACC: 99.13 CR: 0.61 Avg R1: 4.98 Avg R2: 4.34 Avg Reward: 9.313684
2026-05-17 06:40:19 [INFO] Epoch: 185 [38400/50000 (77%)]	 Training Loss: 0.026 ACC: 99.16 CR: 0.61 Avg R1: 4.96 Avg R2: 4.34 Avg Reward: 9.299165
2026-05-17 06:40:28 [INFO] EPOCH:185, ======================CR:0.61014====================
2026-05-17 06:40:28 [INFO] 0.024223277156689645
2026-05-17 06:40:30 [INFO] EPOCH:185, ======================ACC:76.82====================
2026-05-17 06:40:30 [INFO] BEST EPOCH:183,BEST ACC:77.07
2026-05-17 06:40:40 [INFO] Epoch: 186 [12800/50000 (26%)]	 Training Loss: 0.024 ACC: 99.25 CR: 0.61 Avg R1: 4.88 Avg R2: 4.37 Avg Reward: 9.253592
2026-05-17 06:40:50 [INFO] Epoch: 186 [25600/50000 (51%)]	 Training Loss: 0.025 ACC: 99.24 CR: 0.60 Avg R1: 4.92 Avg R2: 4.36 Avg Reward: 9.275665
2026-05-17 06:41:00 [INFO] Epoch: 186 [38400/50000 (77%)]	 Training Loss: 0.025 ACC: 99.25 CR: 0.60 Avg R1: 4.93 Avg R2: 4.35 Avg Reward: 9.286787
2026-05-17 06:41:10 [INFO] EPOCH:186, ======================CR:0.60208====================
2026-05-17 06:41:10 [INFO] 0.0213485644674549
2026-05-17 06:41:12 [INFO] EPOCH:186, ======================ACC:76.69====================
2026-05-17 06:41:12 [INFO] BEST EPOCH:183,BEST ACC:77.07
2026-05-17 06:41:12 [INFO] Saving Masks: current CR 0.6021 target CR 0.6000
2026-05-17 06:41:23 [INFO] Epoch: 187 [12800/50000 (26%)]	 Training Loss: 0.024 ACC: 99.26 CR: 0.60 Avg R1: 4.99 Avg R2: 4.32 Avg Reward: 9.312361
2026-05-17 06:41:32 [INFO] Epoch: 187 [25600/50000 (51%)]	 Training Loss: 0.024 ACC: 99.26 CR: 0.60 Avg R1: 4.99 Avg R2: 4.32 Avg Reward: 9.310436
2026-05-17 06:41:43 [INFO] Epoch: 187 [38400/50000 (77%)]	 Training Loss: 0.023 ACC: 99.33 CR: 0.60 Avg R1: 4.99 Avg R2: 4.32 Avg Reward: 9.309706
2026-05-17 06:41:53 [INFO] EPOCH:187, ======================CR:0.60002====================
2026-05-17 06:41:53 [INFO] 0.031362648449639555
2026-05-17 06:41:55 [INFO] EPOCH:187, ======================ACC:77.01====================
2026-05-17 06:41:55 [INFO] BEST EPOCH:183,BEST ACC:77.07
2026-05-17 06:41:55 [INFO] Saving Masks: current CR 0.6000 target CR 0.6000
2026-05-17 06:42:05 [INFO] Epoch: 188 [12800/50000 (26%)]	 Training Loss: 0.026 ACC: 99.24 CR: 0.60 Avg R1: 4.99 Avg R2: 4.30 Avg Reward: 9.294588
2026-05-17 06:42:16 [INFO] Epoch: 188 [25600/50000 (51%)]	 Training Loss: 0.025 ACC: 99.26 CR: 0.60 Avg R1: 4.99 Avg R2: 4.30 Avg Reward: 9.290230
2026-05-17 06:42:26 [INFO] Epoch: 188 [38400/50000 (77%)]	 Training Loss: 0.024 ACC: 99.28 CR: 0.60 Avg R1: 4.98 Avg R2: 4.30 Avg Reward: 9.282256
2026-05-17 06:42:35 [INFO] EPOCH:188, ======================CR:0.60038====================
2026-05-17 06:42:35 [INFO] 0.023193713098725526
2026-05-17 06:42:37 [INFO] EPOCH:188, ======================ACC:76.97====================
2026-05-17 06:42:37 [INFO] BEST EPOCH:183,BEST ACC:77.07
2026-05-17 06:42:37 [INFO] Saving Masks: current CR 0.6004 target CR 0.6000
2026-05-17 06:42:47 [INFO] Epoch: 189 [12800/50000 (26%)]	 Training Loss: 0.025 ACC: 99.26 CR: 0.60 Avg R1: 4.99 Avg R2: 4.30 Avg Reward: 9.296853
2026-05-17 06:42:57 [INFO] Epoch: 189 [25600/50000 (51%)]	 Training Loss: 0.025 ACC: 99.23 CR: 0.60 Avg R1: 4.99 Avg R2: 4.30 Avg Reward: 9.289668
2026-05-17 06:43:07 [INFO] Epoch: 189 [38400/50000 (77%)]	 Training Loss: 0.024 ACC: 99.29 CR: 0.59 Avg R1: 4.98 Avg R2: 4.29 Avg Reward: 9.269144
2026-05-17 06:43:15 [INFO] EPOCH:189, ======================CR:0.59374====================
2026-05-17 06:43:15 [INFO] 0.024119151837696202
2026-05-17 06:43:17 [INFO] EPOCH:189, ======================ACC:77.01====================
2026-05-17 06:43:17 [INFO] BEST EPOCH:183,BEST ACC:77.07
2026-05-17 06:43:17 [INFO] Saving Masks: current CR 0.5937 target CR 0.6000
2026-05-17 06:43:26 [INFO] Epoch: 190 [12800/50000 (26%)]	 Training Loss: 0.022 ACC: 99.30 CR: 0.59 Avg R1: 4.95 Avg R2: 4.27 Avg Reward: 9.223721
2026-05-17 06:43:37 [INFO] Epoch: 190 [25600/50000 (51%)]	 Training Loss: 0.023 ACC: 99.27 CR: 0.60 Avg R1: 4.96 Avg R2: 4.28 Avg Reward: 9.242751
2026-05-17 06:43:47 [INFO] Epoch: 190 [38400/50000 (77%)]	 Training Loss: 0.023 ACC: 99.27 CR: 0.60 Avg R1: 4.97 Avg R2: 4.29 Avg Reward: 9.260549
2026-05-17 06:43:55 [INFO] EPOCH:190, ======================CR:0.60404====================
2026-05-17 06:43:55 [INFO] 0.022071520273916952
2026-05-17 06:43:57 [INFO] EPOCH:190, ======================ACC:77.08====================
2026-05-17 06:43:57 [INFO] BEST EPOCH:190,BEST ACC:77.08
2026-05-17 06:43:57 [INFO] Saving Masks: current CR 0.6040 target CR 0.6000
2026-05-17 06:43:57 [INFO] Updated candidate mask pretrained-rescale_mask_best-acc_60_05170357_resnet18 at epoch 190 with acc 77.0800
2026-05-17 06:44:06 [INFO] Epoch: 191 [12800/50000 (26%)]	 Training Loss: 0.025 ACC: 99.22 CR: 0.60 Avg R1: 4.95 Avg R2: 4.31 Avg Reward: 9.259607
2026-05-17 06:44:18 [INFO] Epoch: 191 [25600/50000 (51%)]	 Training Loss: 0.024 ACC: 99.27 CR: 0.60 Avg R1: 4.95 Avg R2: 4.31 Avg Reward: 9.258953
2026-05-17 06:44:28 [INFO] Epoch: 191 [38400/50000 (77%)]	 Training Loss: 0.023 ACC: 99.29 CR: 0.60 Avg R1: 4.96 Avg R2: 4.31 Avg Reward: 9.264831
2026-05-17 06:44:37 [INFO] EPOCH:191, ======================CR:0.59834====================
2026-05-17 06:44:37 [INFO] 0.025058629518031096
2026-05-17 06:44:38 [INFO] EPOCH:191, ======================ACC:77.03====================
2026-05-17 06:44:38 [INFO] BEST EPOCH:190,BEST ACC:77.08
2026-05-17 06:44:38 [INFO] Saving Masks: current CR 0.5983 target CR 0.6000
2026-05-17 06:44:48 [INFO] Epoch: 192 [12800/50000 (26%)]	 Training Loss: 0.022 ACC: 99.36 CR: 0.60 Avg R1: 4.98 Avg R2: 4.28 Avg Reward: 9.261352
2026-05-17 06:44:57 [INFO] Epoch: 192 [25600/50000 (51%)]	 Training Loss: 0.023 ACC: 99.32 CR: 0.60 Avg R1: 4.97 Avg R2: 4.28 Avg Reward: 9.255500
2026-05-17 06:45:06 [INFO] Epoch: 192 [38400/50000 (77%)]	 Training Loss: 0.023 ACC: 99.33 CR: 0.60 Avg R1: 4.97 Avg R2: 4.28 Avg Reward: 9.256016
2026-05-17 06:45:16 [INFO] EPOCH:192, ======================CR:0.60064====================
2026-05-17 06:45:16 [INFO] 0.02684805391313245
2026-05-17 06:45:18 [INFO] EPOCH:192, ======================ACC:76.92====================
2026-05-17 06:45:18 [INFO] BEST EPOCH:190,BEST ACC:77.08
2026-05-17 06:45:18 [INFO] Saving Masks: current CR 0.6006 target CR 0.6000
2026-05-17 06:45:28 [INFO] Epoch: 193 [12800/50000 (26%)]	 Training Loss: 0.023 ACC: 99.38 CR: 0.60 Avg R1: 4.99 Avg R2: 4.30 Avg Reward: 9.286704
2026-05-17 06:45:37 [INFO] Epoch: 193 [25600/50000 (51%)]	 Training Loss: 0.023 ACC: 99.34 CR: 0.60 Avg R1: 4.99 Avg R2: 4.30 Avg Reward: 9.285642
2026-05-17 06:45:48 [INFO] Epoch: 193 [38400/50000 (77%)]	 Training Loss: 0.023 ACC: 99.37 CR: 0.60 Avg R1: 4.98 Avg R2: 4.30 Avg Reward: 9.280910
2026-05-17 06:45:58 [INFO] EPOCH:193, ======================CR:0.60688====================
2026-05-17 06:45:58 [INFO] 0.024538834825391802
2026-05-17 06:46:00 [INFO] EPOCH:193, ======================ACC:77.2====================
2026-05-17 06:46:00 [INFO] BEST EPOCH:193,BEST ACC:77.2
2026-05-17 06:46:00 [INFO] Saving Masks: current CR 0.6069 target CR 0.6000
2026-05-17 06:46:00 [INFO] Updated candidate mask pretrained-rescale_mask_best-acc_60_05170357_resnet18 at epoch 193 with acc 77.2000
2026-05-17 06:46:11 [INFO] Epoch: 194 [12800/50000 (26%)]	 Training Loss: 0.023 ACC: 99.25 CR: 0.61 Avg R1: 4.91 Avg R2: 4.32 Avg Reward: 9.231551
2026-05-17 06:46:21 [INFO] Epoch: 194 [25600/50000 (51%)]	 Training Loss: 0.023 ACC: 99.31 CR: 0.61 Avg R1: 4.90 Avg R2: 4.33 Avg Reward: 9.225630
2026-05-17 06:46:33 [INFO] Epoch: 194 [38400/50000 (77%)]	 Training Loss: 0.024 ACC: 99.32 CR: 0.61 Avg R1: 4.90 Avg R2: 4.32 Avg Reward: 9.228393
2026-05-17 06:46:44 [INFO] EPOCH:194, ======================CR:0.60894====================
2026-05-17 06:46:44 [INFO] 0.028696531474821187
2026-05-17 06:46:46 [INFO] EPOCH:194, ======================ACC:77.32====================
2026-05-17 06:46:46 [INFO] BEST EPOCH:194,BEST ACC:77.32
2026-05-17 06:46:46 [INFO] Saving Masks: current CR 0.6089 target CR 0.6000
2026-05-17 06:46:46 [INFO] Updated candidate mask pretrained-rescale_mask_best-acc_60_05170357_resnet18 at epoch 194 with acc 77.3200
2026-05-17 06:46:58 [INFO] Epoch: 195 [12800/50000 (26%)]	 Training Loss: 0.023 ACC: 99.45 CR: 0.61 Avg R1: 4.89 Avg R2: 4.33 Avg Reward: 9.223907
2026-05-17 06:47:08 [INFO] Epoch: 195 [25600/50000 (51%)]	 Training Loss: 0.022 ACC: 99.36 CR: 0.61 Avg R1: 4.89 Avg R2: 4.33 Avg Reward: 9.223526
2026-05-17 06:47:18 [INFO] Epoch: 195 [38400/50000 (77%)]	 Training Loss: 0.023 ACC: 99.34 CR: 0.61 Avg R1: 4.89 Avg R2: 4.33 Avg Reward: 9.222921
2026-05-17 06:47:28 [INFO] EPOCH:195, ======================CR:0.60726====================
2026-05-17 06:47:28 [INFO] 0.027953872328882065
2026-05-17 06:47:29 [INFO] EPOCH:195, ======================ACC:77.05====================
2026-05-17 06:47:29 [INFO] BEST EPOCH:194,BEST ACC:77.32
2026-05-17 06:47:29 [INFO] Saving Masks: current CR 0.6073 target CR 0.6000
2026-05-17 06:47:40 [INFO] Epoch: 196 [12800/50000 (26%)]	 Training Loss: 0.023 ACC: 99.36 CR: 0.61 Avg R1: 4.92 Avg R2: 4.31 Avg Reward: 9.227836
2026-05-17 06:47:49 [INFO] Epoch: 196 [25600/50000 (51%)]	 Training Loss: 0.023 ACC: 99.27 CR: 0.60 Avg R1: 4.93 Avg R2: 4.31 Avg Reward: 9.233957
2026-05-17 06:47:59 [INFO] Epoch: 196 [38400/50000 (77%)]	 Training Loss: 0.023 ACC: 99.30 CR: 0.60 Avg R1: 4.94 Avg R2: 4.30 Avg Reward: 9.241405
2026-05-17 06:48:07 [INFO] EPOCH:196, ======================CR:0.60448====================
2026-05-17 06:48:07 [INFO] 0.028845182467390592
2026-05-17 06:48:09 [INFO] EPOCH:196, ======================ACC:77.11====================
2026-05-17 06:48:09 [INFO] BEST EPOCH:194,BEST ACC:77.32
2026-05-17 06:48:09 [INFO] Saving Masks: current CR 0.6045 target CR 0.6000
2026-05-17 06:48:19 [INFO] Epoch: 197 [12800/50000 (26%)]	 Training Loss: 0.024 ACC: 99.34 CR: 0.61 Avg R1: 4.94 Avg R2: 4.31 Avg Reward: 9.245371
2026-05-17 06:48:28 [INFO] Epoch: 197 [25600/50000 (51%)]	 Training Loss: 0.023 ACC: 99.34 CR: 0.60 Avg R1: 4.94 Avg R2: 4.31 Avg Reward: 9.249572
2026-05-17 06:48:39 [INFO] Epoch: 197 [38400/50000 (77%)]	 Training Loss: 0.023 ACC: 99.32 CR: 0.60 Avg R1: 4.95 Avg R2: 4.30 Avg Reward: 9.254140
2026-05-17 06:48:47 [INFO] EPOCH:197, ======================CR:0.60168====================
2026-05-17 06:48:47 [INFO] 0.019383218119675808
2026-05-17 06:48:48 [INFO] EPOCH:197, ======================ACC:77.19====================
2026-05-17 06:48:48 [INFO] BEST EPOCH:194,BEST ACC:77.32
2026-05-17 06:48:48 [INFO] Saving Masks: current CR 0.6017 target CR 0.6000
2026-05-17 06:48:59 [INFO] Epoch: 198 [12800/50000 (26%)]	 Training Loss: 0.022 ACC: 99.34 CR: 0.60 Avg R1: 4.99 Avg R2: 4.28 Avg Reward: 9.266246
2026-05-17 06:49:08 [INFO] Epoch: 198 [25600/50000 (51%)]	 Training Loss: 0.022 ACC: 99.30 CR: 0.60 Avg R1: 4.99 Avg R2: 4.28 Avg Reward: 9.266150
2026-05-17 06:49:17 [INFO] Epoch: 198 [38400/50000 (77%)]	 Training Loss: 0.022 ACC: 99.33 CR: 0.60 Avg R1: 4.99 Avg R2: 4.28 Avg Reward: 9.267484
2026-05-17 06:49:26 [INFO] EPOCH:198, ======================CR:0.60126====================
2026-05-17 06:49:26 [INFO] 0.026074631169330006
2026-05-17 06:49:27 [INFO] EPOCH:198, ======================ACC:77.03====================
2026-05-17 06:49:27 [INFO] BEST EPOCH:194,BEST ACC:77.32
2026-05-17 06:49:27 [INFO] Saving Masks: current CR 0.6013 target CR 0.6000
2026-05-17 06:49:37 [INFO] Epoch: 199 [12800/50000 (26%)]	 Training Loss: 0.023 ACC: 99.27 CR: 0.60 Avg R1: 4.98 Avg R2: 4.29 Avg Reward: 9.271632
2026-05-17 06:49:47 [INFO] Epoch: 199 [25600/50000 (51%)]	 Training Loss: 0.023 ACC: 99.25 CR: 0.60 Avg R1: 4.99 Avg R2: 4.29 Avg Reward: 9.276209
2026-05-17 06:49:56 [INFO] Epoch: 199 [38400/50000 (77%)]	 Training Loss: 0.023 ACC: 99.30 CR: 0.60 Avg R1: 4.99 Avg R2: 4.29 Avg Reward: 9.276547
2026-05-17 06:50:04 [INFO] EPOCH:199, ======================CR:0.59842====================
2026-05-17 06:50:04 [INFO] 0.03285131329522339
2026-05-17 06:50:06 [INFO] EPOCH:199, ======================ACC:77.15====================
2026-05-17 06:50:06 [INFO] BEST EPOCH:194,BEST ACC:77.32
2026-05-17 06:50:06 [INFO] Saving Masks: current CR 0.5984 target CR 0.6000
2026-05-17 06:50:06 [INFO] Saved standard mask to /nvme/home/lixiang/baseline/RLSelector/mask/cifar100/96/mask_60.npz with 30000/50000 samples selected
