2026-05-17 10:37:43 [INFO] Epoch: 0 [12800/50000 (26%)]	 Training Loss: 1.826 ACC: 12.53 CR: 0.87 Avg R1: 3.11 Avg R2: 8.76 Avg Reward: 11.871994
2026-05-17 10:37:49 [INFO] Epoch: 0 [25600/50000 (51%)]	 Training Loss: 1.788 ACC: 13.75 CR: 0.74 Avg R1: 3.79 Avg R2: 8.16 Avg Reward: 11.951321
2026-05-17 10:37:55 [INFO] Epoch: 0 [38400/50000 (77%)]	 Training Loss: 1.761 ACC: 14.65 CR: 0.61 Avg R1: 3.77 Avg R2: 7.55 Avg Reward: 11.328683
2026-05-17 10:38:01 [INFO] EPOCH:0, ======================CR:0.486====================
2026-05-17 10:38:01 [INFO] 0.01147617715367613
2026-05-17 10:38:03 [INFO] EPOCH:0, ======================ACC:19.37====================
2026-05-17 10:38:03 [INFO] BEST EPOCH:0,BEST ACC:19.37
2026-05-17 10:38:09 [INFO] Epoch: 1 [12800/50000 (26%)]	 Training Loss: 1.624 ACC: 18.34 CR: 0.48 Avg R1: 2.69 Avg R2: 4.30 Avg Reward: 6.989386
2026-05-17 10:38:15 [INFO] Epoch: 1 [25600/50000 (51%)]	 Training Loss: 1.585 ACC: 19.05 CR: 0.47 Avg R1: 2.67 Avg R2: 4.28 Avg Reward: 6.951104
2026-05-17 10:38:21 [INFO] Epoch: 1 [38400/50000 (77%)]	 Training Loss: 1.572 ACC: 19.18 CR: 0.47 Avg R1: 2.65 Avg R2: 4.26 Avg Reward: 6.912678
2026-05-17 10:38:27 [INFO] EPOCH:1, ======================CR:0.46208====================
2026-05-17 10:38:27 [INFO] -0.009716706190194793
2026-05-17 10:38:29 [INFO] EPOCH:1, ======================ACC:22.39====================
2026-05-17 10:38:29 [INFO] BEST EPOCH:1,BEST ACC:22.39
2026-05-17 10:38:35 [INFO] Epoch: 2 [12800/50000 (26%)]	 Training Loss: 1.388 ACC: 22.51 CR: 0.45 Avg R1: 2.55 Avg R2: 4.87 Avg Reward: 7.413982
2026-05-17 10:38:41 [INFO] Epoch: 2 [25600/50000 (51%)]	 Training Loss: 1.352 ACC: 23.57 CR: 0.43 Avg R1: 2.49 Avg R2: 4.81 Avg Reward: 7.301526
2026-05-17 10:38:47 [INFO] Epoch: 2 [38400/50000 (77%)]	 Training Loss: 1.366 ACC: 24.00 CR: 0.43 Avg R1: 2.46 Avg R2: 4.77 Avg Reward: 7.221843
2026-05-17 10:38:53 [INFO] EPOCH:2, ======================CR:0.42988====================
2026-05-17 10:38:53 [INFO] -0.004403719842480884
2026-05-17 10:38:54 [INFO] EPOCH:2, ======================ACC:27.31====================
2026-05-17 10:38:54 [INFO] BEST EPOCH:2,BEST ACC:27.31
2026-05-17 10:39:01 [INFO] Epoch: 3 [12800/50000 (26%)]	 Training Loss: 1.363 ACC: 26.84 CR: 0.44 Avg R1: 2.41 Avg R2: 4.93 Avg Reward: 7.343105
2026-05-17 10:39:07 [INFO] Epoch: 3 [25600/50000 (51%)]	 Training Loss: 1.368 ACC: 27.34 CR: 0.45 Avg R1: 2.44 Avg R2: 4.96 Avg Reward: 7.399220
2026-05-17 10:39:13 [INFO] Epoch: 3 [38400/50000 (77%)]	 Training Loss: 1.358 ACC: 27.88 CR: 0.46 Avg R1: 2.47 Avg R2: 5.00 Avg Reward: 7.468715
2026-05-17 10:39:18 [INFO] EPOCH:3, ======================CR:0.47396====================
2026-05-17 10:39:18 [INFO] 0.009542318821378126
2026-05-17 10:39:20 [INFO] EPOCH:3, ======================ACC:29.8====================
2026-05-17 10:39:20 [INFO] BEST EPOCH:3,BEST ACC:29.8
2026-05-17 10:39:26 [INFO] Epoch: 4 [12800/50000 (26%)]	 Training Loss: 1.274 ACC: 32.57 CR: 0.47 Avg R1: 2.63 Avg R2: 5.21 Avg Reward: 7.837484
2026-05-17 10:39:33 [INFO] Epoch: 4 [25600/50000 (51%)]	 Training Loss: 1.276 ACC: 32.41 CR: 0.48 Avg R1: 2.63 Avg R2: 5.22 Avg Reward: 7.847232
2026-05-17 10:39:39 [INFO] Epoch: 4 [38400/50000 (77%)]	 Training Loss: 1.264 ACC: 32.94 CR: 0.48 Avg R1: 2.64 Avg R2: 5.23 Avg Reward: 7.865339
2026-05-17 10:39:44 [INFO] EPOCH:4, ======================CR:0.47888====================
2026-05-17 10:39:44 [INFO] -0.0013179584722191632
2026-05-17 10:39:46 [INFO] EPOCH:4, ======================ACC:35.27====================
2026-05-17 10:39:46 [INFO] BEST EPOCH:4,BEST ACC:35.27
2026-05-17 10:39:52 [INFO] Epoch: 5 [12800/50000 (26%)]	 Training Loss: 1.193 ACC: 35.33 CR: 0.48 Avg R1: 2.65 Avg R2: 5.25 Avg Reward: 7.904189
2026-05-17 10:39:59 [INFO] Epoch: 5 [25600/50000 (51%)]	 Training Loss: 1.187 ACC: 35.77 CR: 0.48 Avg R1: 2.66 Avg R2: 5.25 Avg Reward: 7.910605
2026-05-17 10:40:05 [INFO] Epoch: 5 [38400/50000 (77%)]	 Training Loss: 1.178 ACC: 36.12 CR: 0.48 Avg R1: 2.66 Avg R2: 5.25 Avg Reward: 7.915119
2026-05-17 10:40:10 [INFO] EPOCH:5, ======================CR:0.47542====================
2026-05-17 10:40:10 [INFO] 0.007217078380178442
2026-05-17 10:40:12 [INFO] EPOCH:5, ======================ACC:36.66====================
2026-05-17 10:40:12 [INFO] BEST EPOCH:5,BEST ACC:36.66
2026-05-17 10:40:18 [INFO] Epoch: 6 [12800/50000 (26%)]	 Training Loss: 1.104 ACC: 38.62 CR: 0.47 Avg R1: 2.64 Avg R2: 5.17 Avg Reward: 7.807015
2026-05-17 10:40:25 [INFO] Epoch: 6 [25600/50000 (51%)]	 Training Loss: 1.109 ACC: 38.99 CR: 0.48 Avg R1: 2.64 Avg R2: 5.18 Avg Reward: 7.820565
2026-05-17 10:40:31 [INFO] Epoch: 6 [38400/50000 (77%)]	 Training Loss: 1.112 ACC: 39.44 CR: 0.48 Avg R1: 2.65 Avg R2: 5.18 Avg Reward: 7.835900
2026-05-17 10:40:36 [INFO] EPOCH:6, ======================CR:0.48688====================
2026-05-17 10:40:36 [INFO] 0.007336642512800721
2026-05-17 10:40:38 [INFO] EPOCH:6, ======================ACC:40.14====================
2026-05-17 10:40:38 [INFO] BEST EPOCH:6,BEST ACC:40.14
2026-05-17 10:40:44 [INFO] Epoch: 7 [12800/50000 (26%)]	 Training Loss: 1.068 ACC: 42.02 CR: 0.49 Avg R1: 2.70 Avg R2: 5.17 Avg Reward: 7.870814
2026-05-17 10:40:51 [INFO] Epoch: 7 [25600/50000 (51%)]	 Training Loss: 1.063 ACC: 42.52 CR: 0.49 Avg R1: 2.71 Avg R2: 5.18 Avg Reward: 7.883055
2026-05-17 10:40:57 [INFO] Epoch: 7 [38400/50000 (77%)]	 Training Loss: 1.060 ACC: 42.62 CR: 0.49 Avg R1: 2.71 Avg R2: 5.18 Avg Reward: 7.897528
2026-05-17 10:41:02 [INFO] EPOCH:7, ======================CR:0.49466====================
2026-05-17 10:41:02 [INFO] 0.008755094979795697
2026-05-17 10:41:04 [INFO] EPOCH:7, ======================ACC:42.4====================
2026-05-17 10:41:04 [INFO] BEST EPOCH:7,BEST ACC:42.4
2026-05-17 10:41:10 [INFO] Epoch: 8 [12800/50000 (26%)]	 Training Loss: 0.994 ACC: 45.40 CR: 0.50 Avg R1: 2.75 Avg R2: 5.13 Avg Reward: 7.877422
2026-05-17 10:41:17 [INFO] Epoch: 8 [25600/50000 (51%)]	 Training Loss: 0.989 ACC: 45.20 CR: 0.49 Avg R1: 2.75 Avg R2: 5.13 Avg Reward: 7.872661
2026-05-17 10:41:23 [INFO] Epoch: 8 [38400/50000 (77%)]	 Training Loss: 0.984 ACC: 45.63 CR: 0.49 Avg R1: 2.74 Avg R2: 5.12 Avg Reward: 7.856721
2026-05-17 10:41:28 [INFO] EPOCH:8, ======================CR:0.48824====================
2026-05-17 10:41:28 [INFO] -0.0031753661886554335
2026-05-17 10:41:30 [INFO] EPOCH:8, ======================ACC:37.94====================
2026-05-17 10:41:30 [INFO] BEST EPOCH:7,BEST ACC:42.4
2026-05-17 10:41:36 [INFO] Epoch: 9 [12800/50000 (26%)]	 Training Loss: 0.950 ACC: 47.77 CR: 0.49 Avg R1: 2.71 Avg R2: 4.99 Avg Reward: 7.704510
2026-05-17 10:41:43 [INFO] Epoch: 9 [25600/50000 (51%)]	 Training Loss: 0.941 ACC: 47.90 CR: 0.49 Avg R1: 2.71 Avg R2: 4.99 Avg Reward: 7.699025
2026-05-17 10:41:49 [INFO] Epoch: 9 [38400/50000 (77%)]	 Training Loss: 0.935 ACC: 48.12 CR: 0.48 Avg R1: 2.71 Avg R2: 4.98 Avg Reward: 7.686711
2026-05-17 10:41:55 [INFO] EPOCH:9, ======================CR:0.48188====================
2026-05-17 10:41:55 [INFO] 0.0027421174641230183
2026-05-17 10:41:56 [INFO] EPOCH:9, ======================ACC:37.88====================
2026-05-17 10:41:56 [INFO] BEST EPOCH:7,BEST ACC:42.4
2026-05-17 10:42:03 [INFO] Epoch: 10 [12800/50000 (26%)]	 Training Loss: 0.876 ACC: 50.41 CR: 0.48 Avg R1: 2.68 Avg R2: 4.89 Avg Reward: 7.574029
2026-05-17 10:42:09 [INFO] Epoch: 10 [25600/50000 (51%)]	 Training Loss: 0.884 ACC: 49.98 CR: 0.48 Avg R1: 2.69 Avg R2: 4.89 Avg Reward: 7.572287
2026-05-17 10:42:15 [INFO] Epoch: 10 [38400/50000 (77%)]	 Training Loss: 0.887 ACC: 50.02 CR: 0.48 Avg R1: 2.68 Avg R2: 4.88 Avg Reward: 7.568924
2026-05-17 10:42:21 [INFO] EPOCH:10, ======================CR:0.48586====================
2026-05-17 10:42:21 [INFO] 0.0004927885738490974
2026-05-17 10:42:22 [INFO] EPOCH:10, ======================ACC:44.97====================
2026-05-17 10:42:22 [INFO] BEST EPOCH:10,BEST ACC:44.97
2026-05-17 10:42:29 [INFO] Epoch: 11 [12800/50000 (26%)]	 Training Loss: 0.868 ACC: 50.95 CR: 0.49 Avg R1: 2.69 Avg R2: 4.85 Avg Reward: 7.545450
2026-05-17 10:42:35 [INFO] Epoch: 11 [25600/50000 (51%)]	 Training Loss: 0.870 ACC: 50.77 CR: 0.49 Avg R1: 2.70 Avg R2: 4.85 Avg Reward: 7.550028
2026-05-17 10:42:41 [INFO] Epoch: 11 [38400/50000 (77%)]	 Training Loss: 0.872 ACC: 50.85 CR: 0.49 Avg R1: 2.70 Avg R2: 4.86 Avg Reward: 7.560564
2026-05-17 10:42:47 [INFO] EPOCH:11, ======================CR:0.49056====================
2026-05-17 10:42:47 [INFO] -0.00558886475911269
2026-05-17 10:42:49 [INFO] EPOCH:11, ======================ACC:52.37====================
2026-05-17 10:42:49 [INFO] BEST EPOCH:11,BEST ACC:52.37
2026-05-17 10:42:55 [INFO] Epoch: 12 [12800/50000 (26%)]	 Training Loss: 0.834 ACC: 52.59 CR: 0.49 Avg R1: 2.72 Avg R2: 4.85 Avg Reward: 7.564701
2026-05-17 10:43:01 [INFO] Epoch: 12 [25600/50000 (51%)]	 Training Loss: 0.837 ACC: 52.59 CR: 0.49 Avg R1: 2.71 Avg R2: 4.84 Avg Reward: 7.552763
2026-05-17 10:43:07 [INFO] Epoch: 12 [38400/50000 (77%)]	 Training Loss: 0.835 ACC: 52.60 CR: 0.48 Avg R1: 2.71 Avg R2: 4.83 Avg Reward: 7.539339
2026-05-17 10:43:13 [INFO] EPOCH:12, ======================CR:0.48094====================
2026-05-17 10:43:13 [INFO] -0.008683477350855636
2026-05-17 10:43:15 [INFO] EPOCH:12, ======================ACC:52.53====================
2026-05-17 10:43:15 [INFO] BEST EPOCH:12,BEST ACC:52.53
2026-05-17 10:43:21 [INFO] Epoch: 13 [12800/50000 (26%)]	 Training Loss: 0.814 ACC: 53.91 CR: 0.48 Avg R1: 2.67 Avg R2: 4.73 Avg Reward: 7.390741
2026-05-17 10:43:27 [INFO] Epoch: 13 [25600/50000 (51%)]	 Training Loss: 0.814 ACC: 54.12 CR: 0.48 Avg R1: 2.67 Avg R2: 4.73 Avg Reward: 7.394604
2026-05-17 10:43:34 [INFO] Epoch: 13 [38400/50000 (77%)]	 Training Loss: 0.819 ACC: 54.02 CR: 0.49 Avg R1: 2.67 Avg R2: 4.74 Avg Reward: 7.411092
2026-05-17 10:43:39 [INFO] EPOCH:13, ======================CR:0.49664====================
2026-05-17 10:43:39 [INFO] 0.0037365817842069196
2026-05-17 10:43:41 [INFO] EPOCH:13, ======================ACC:47.88====================
2026-05-17 10:43:41 [INFO] BEST EPOCH:12,BEST ACC:52.53
2026-05-17 10:43:47 [INFO] Epoch: 14 [12800/50000 (26%)]	 Training Loss: 0.880 ACC: 54.17 CR: 0.51 Avg R1: 2.80 Avg R2: 4.85 Avg Reward: 7.649439
2026-05-17 10:43:53 [INFO] Epoch: 14 [25600/50000 (51%)]	 Training Loss: 0.893 ACC: 54.35 CR: 0.53 Avg R1: 2.85 Avg R2: 4.90 Avg Reward: 7.751385
2026-05-17 10:44:00 [INFO] Epoch: 14 [38400/50000 (77%)]	 Training Loss: 0.901 ACC: 54.09 CR: 0.56 Avg R1: 2.91 Avg R2: 4.96 Avg Reward: 7.875343
2026-05-17 10:44:06 [INFO] EPOCH:14, ======================CR:0.58044====================
2026-05-17 10:44:06 [INFO] 0.006672743182887472
2026-05-17 10:44:07 [INFO] EPOCH:14, ======================ACC:46.48====================
2026-05-17 10:44:07 [INFO] BEST EPOCH:12,BEST ACC:52.53
2026-05-17 10:44:14 [INFO] Epoch: 15 [12800/50000 (26%)]	 Training Loss: 0.888 ACC: 56.02 CR: 0.59 Avg R1: 3.24 Avg R2: 5.27 Avg Reward: 8.512283
2026-05-17 10:44:20 [INFO] Epoch: 15 [25600/50000 (51%)]	 Training Loss: 0.896 ACC: 55.16 CR: 0.59 Avg R1: 3.25 Avg R2: 5.28 Avg Reward: 8.531914
2026-05-17 10:44:26 [INFO] Epoch: 15 [38400/50000 (77%)]	 Training Loss: 0.887 ACC: 55.25 CR: 0.58 Avg R1: 3.25 Avg R2: 5.28 Avg Reward: 8.529703
2026-05-17 10:44:32 [INFO] EPOCH:15, ======================CR:0.5936====================
2026-05-17 10:44:32 [INFO] 0.00874408886763074
2026-05-17 10:44:34 [INFO] EPOCH:15, ======================ACC:52.56====================
2026-05-17 10:44:34 [INFO] BEST EPOCH:15,BEST ACC:52.56
2026-05-17 10:44:40 [INFO] Epoch: 16 [12800/50000 (26%)]	 Training Loss: 0.908 ACC: 55.98 CR: 0.61 Avg R1: 3.33 Avg R2: 5.31 Avg Reward: 8.643051
2026-05-17 10:44:47 [INFO] Epoch: 16 [25600/50000 (51%)]	 Training Loss: 0.941 ACC: 55.89 CR: 0.63 Avg R1: 3.38 Avg R2: 5.36 Avg Reward: 8.744451
2026-05-17 10:44:53 [INFO] Epoch: 16 [38400/50000 (77%)]	 Training Loss: 1.020 ACC: 55.62 CR: 0.70 Avg R1: 3.49 Avg R2: 5.47 Avg Reward: 8.961207
2026-05-17 10:44:59 [INFO] EPOCH:16, ======================CR:0.77098====================
2026-05-17 10:44:59 [INFO] 0.009697801186379616
2026-05-17 10:45:01 [INFO] EPOCH:16, ======================ACC:44.36====================
2026-05-17 10:45:01 [INFO] BEST EPOCH:15,BEST ACC:52.56
2026-05-17 10:45:07 [INFO] Epoch: 17 [12800/50000 (26%)]	 Training Loss: 1.180 ACC: 55.05 CR: 0.79 Avg R1: 4.36 Avg R2: 6.47 Avg Reward: 10.824655
2026-05-17 10:45:13 [INFO] Epoch: 17 [25600/50000 (51%)]	 Training Loss: 1.178 ACC: 54.79 CR: 0.82 Avg R1: 4.41 Avg R2: 6.53 Avg Reward: 10.939250
2026-05-17 10:45:19 [INFO] Epoch: 17 [38400/50000 (77%)]	 Training Loss: 1.194 ACC: 54.96 CR: 0.85 Avg R1: 4.49 Avg R2: 6.62 Avg Reward: 11.107549
2026-05-17 10:45:25 [INFO] EPOCH:17, ======================CR:0.86866====================
2026-05-17 10:45:25 [INFO] 0.03861690291037567
2026-05-17 10:45:27 [INFO] EPOCH:17, ======================ACC:51.6====================
2026-05-17 10:45:27 [INFO] BEST EPOCH:15,BEST ACC:52.56
2026-05-17 10:45:33 [INFO] Epoch: 18 [12800/50000 (26%)]	 Training Loss: 1.008 ACC: 57.95 CR: 0.85 Avg R1: 4.77 Avg R2: 6.84 Avg Reward: 11.611041
2026-05-17 10:45:39 [INFO] Epoch: 18 [25600/50000 (51%)]	 Training Loss: 1.031 ACC: 58.17 CR: 0.84 Avg R1: 4.72 Avg R2: 6.79 Avg Reward: 11.514058
2026-05-17 10:45:46 [INFO] Epoch: 18 [38400/50000 (77%)]	 Training Loss: 1.039 ACC: 58.07 CR: 0.83 Avg R1: 4.69 Avg R2: 6.74 Avg Reward: 11.431955
2026-05-17 10:45:51 [INFO] EPOCH:18, ======================CR:0.81892====================
2026-05-17 10:45:51 [INFO] 0.03333621878788804
2026-05-17 10:45:53 [INFO] EPOCH:18, ======================ACC:57.43====================
2026-05-17 10:45:53 [INFO] BEST EPOCH:18,BEST ACC:57.43
2026-05-17 10:45:59 [INFO] Epoch: 19 [12800/50000 (26%)]	 Training Loss: 1.148 ACC: 57.99 CR: 0.84 Avg R1: 4.61 Avg R2: 6.60 Avg Reward: 11.213336
2026-05-17 10:46:06 [INFO] Epoch: 19 [25600/50000 (51%)]	 Training Loss: 1.147 ACC: 57.93 CR: 0.87 Avg R1: 4.68 Avg R2: 6.69 Avg Reward: 11.366670
2026-05-17 10:46:12 [INFO] Epoch: 19 [38400/50000 (77%)]	 Training Loss: 1.152 ACC: 57.61 CR: 0.89 Avg R1: 4.74 Avg R2: 6.76 Avg Reward: 11.504356
2026-05-17 10:46:18 [INFO] EPOCH:19, ======================CR:0.91336====================
2026-05-17 10:46:18 [INFO] 0.02838438861945058
2026-05-17 10:46:19 [INFO] EPOCH:19, ======================ACC:51.11====================
2026-05-17 10:46:19 [INFO] BEST EPOCH:18,BEST ACC:57.43
2026-05-17 10:46:26 [INFO] Epoch: 20 [12800/50000 (26%)]	 Training Loss: 1.212 ACC: 57.48 CR: 0.92 Avg R1: 4.11 Avg R2: 7.23 Avg Reward: 11.343865
2026-05-17 10:46:32 [INFO] Epoch: 20 [25600/50000 (51%)]	 Training Loss: 1.225 ACC: 58.07 CR: 0.94 Avg R1: 3.78 Avg R2: 7.29 Avg Reward: 11.073020
2026-05-17 10:46:38 [INFO] Epoch: 20 [38400/50000 (77%)]	 Training Loss: 1.240 ACC: 58.08 CR: 0.96 Avg R1: 3.37 Avg R2: 7.38 Avg Reward: 10.745295
2026-05-17 10:46:44 [INFO] EPOCH:20, ======================CR:0.97244====================
2026-05-17 10:46:44 [INFO] 0.04270495816076307
2026-05-17 10:46:46 [INFO] EPOCH:20, ======================ACC:53.49====================
2026-05-17 10:46:46 [INFO] BEST EPOCH:18,BEST ACC:57.43
2026-05-17 10:46:52 [INFO] Epoch: 21 [12800/50000 (26%)]	 Training Loss: 1.205 ACC: 59.82 CR: 0.97 Avg R1: 1.34 Avg R2: 7.78 Avg Reward: 9.122025
2026-05-17 10:46:58 [INFO] Epoch: 21 [25600/50000 (51%)]	 Training Loss: 1.206 ACC: 59.77 CR: 0.98 Avg R1: 1.30 Avg R2: 7.80 Avg Reward: 9.097226
2026-05-17 10:47:04 [INFO] Epoch: 21 [38400/50000 (77%)]	 Training Loss: 1.220 ACC: 59.43 CR: 0.98 Avg R1: 1.23 Avg R2: 7.82 Avg Reward: 9.050490
2026-05-17 10:47:10 [INFO] EPOCH:21, ======================CR:0.98436====================
2026-05-17 10:47:10 [INFO] 0.040164591553375255
2026-05-17 10:47:12 [INFO] EPOCH:21, ======================ACC:57.15====================
2026-05-17 10:47:12 [INFO] BEST EPOCH:18,BEST ACC:57.43
2026-05-17 10:47:18 [INFO] Epoch: 22 [12800/50000 (26%)]	 Training Loss: 1.216 ACC: 61.00 CR: 0.99 Avg R1: 0.73 Avg R2: 7.91 Avg Reward: 8.638641
2026-05-17 10:47:24 [INFO] Epoch: 22 [25600/50000 (51%)]	 Training Loss: 1.221 ACC: 60.36 CR: 0.99 Avg R1: 0.68 Avg R2: 7.93 Avg Reward: 8.610186
2026-05-17 10:47:31 [INFO] Epoch: 22 [38400/50000 (77%)]	 Training Loss: 1.227 ACC: 60.10 CR: 0.99 Avg R1: 0.64 Avg R2: 7.94 Avg Reward: 8.587170
2026-05-17 10:47:36 [INFO] EPOCH:22, ======================CR:0.99082====================
2026-05-17 10:47:36 [INFO] 0.045185403419547104
2026-05-17 10:47:38 [INFO] EPOCH:22, ======================ACC:53.55====================
2026-05-17 10:47:38 [INFO] BEST EPOCH:18,BEST ACC:57.43
2026-05-17 10:47:44 [INFO] Epoch: 23 [12800/50000 (26%)]	 Training Loss: 1.179 ACC: 61.56 CR: 0.99 Avg R1: 0.46 Avg R2: 8.03 Avg Reward: 8.484467
2026-05-17 10:47:51 [INFO] Epoch: 23 [25600/50000 (51%)]	 Training Loss: 1.189 ACC: 61.42 CR: 0.99 Avg R1: 0.45 Avg R2: 8.03 Avg Reward: 8.473931
2026-05-17 10:47:57 [INFO] Epoch: 23 [38400/50000 (77%)]	 Training Loss: 1.189 ACC: 61.45 CR: 0.99 Avg R1: 0.43 Avg R2: 8.03 Avg Reward: 8.461528
2026-05-17 10:48:03 [INFO] EPOCH:23, ======================CR:0.99362====================
2026-05-17 10:48:03 [INFO] 0.043048480264476455
2026-05-17 10:48:04 [INFO] EPOCH:23, ======================ACC:54.66====================
2026-05-17 10:48:04 [INFO] BEST EPOCH:18,BEST ACC:57.43
2026-05-17 10:48:11 [INFO] Epoch: 24 [12800/50000 (26%)]	 Training Loss: 1.173 ACC: 62.13 CR: 0.99 Avg R1: 0.31 Avg R2: 8.07 Avg Reward: 8.377562
2026-05-17 10:48:17 [INFO] Epoch: 24 [25600/50000 (51%)]	 Training Loss: 1.177 ACC: 62.15 CR: 0.99 Avg R1: 0.30 Avg R2: 8.08 Avg Reward: 8.378643
2026-05-17 10:48:23 [INFO] Epoch: 24 [38400/50000 (77%)]	 Training Loss: 1.183 ACC: 62.09 CR: 1.00 Avg R1: 0.28 Avg R2: 8.10 Avg Reward: 8.378631
2026-05-17 10:48:29 [INFO] EPOCH:24, ======================CR:0.99628====================
2026-05-17 10:48:29 [INFO] 0.047479740773222964
2026-05-17 10:48:30 [INFO] EPOCH:24, ======================ACC:56.06====================
2026-05-17 10:48:30 [INFO] BEST EPOCH:18,BEST ACC:57.43
2026-05-17 10:48:37 [INFO] Epoch: 25 [12800/50000 (26%)]	 Training Loss: 1.164 ACC: 62.52 CR: 1.00 Avg R1: 0.18 Avg R2: 8.18 Avg Reward: 8.361652
2026-05-17 10:48:43 [INFO] Epoch: 25 [25600/50000 (51%)]	 Training Loss: 1.174 ACC: 62.66 CR: 1.00 Avg R1: 0.17 Avg R2: 8.19 Avg Reward: 8.359079
2026-05-17 10:48:49 [INFO] Epoch: 25 [38400/50000 (77%)]	 Training Loss: 1.182 ACC: 62.61 CR: 1.00 Avg R1: 0.15 Avg R2: 8.21 Avg Reward: 8.358274
2026-05-17 10:48:55 [INFO] EPOCH:25, ======================CR:0.99812====================
2026-05-17 10:48:55 [INFO] 0.0369390491890569
2026-05-17 10:48:57 [INFO] EPOCH:25, ======================ACC:58.19====================
2026-05-17 10:48:57 [INFO] BEST EPOCH:25,BEST ACC:58.19
2026-05-17 10:49:03 [INFO] Epoch: 26 [12800/50000 (26%)]	 Training Loss: 1.174 ACC: 62.72 CR: 1.00 Avg R1: 0.09 Avg R2: 8.30 Avg Reward: 8.383082
2026-05-17 10:49:10 [INFO] Epoch: 26 [25600/50000 (51%)]	 Training Loss: 1.172 ACC: 63.34 CR: 1.00 Avg R1: 0.08 Avg R2: 8.31 Avg Reward: 8.385362
2026-05-17 10:49:16 [INFO] Epoch: 26 [38400/50000 (77%)]	 Training Loss: 1.180 ACC: 63.10 CR: 1.00 Avg R1: 0.07 Avg R2: 8.32 Avg Reward: 8.388437
2026-05-17 10:49:22 [INFO] EPOCH:26, ======================CR:0.99946====================
2026-05-17 10:49:22 [INFO] 0.0375222801660801
2026-05-17 10:49:23 [INFO] EPOCH:26, ======================ACC:56.65====================
2026-05-17 10:49:23 [INFO] BEST EPOCH:25,BEST ACC:58.19
2026-05-17 10:49:30 [INFO] Epoch: 27 [12800/50000 (26%)]	 Training Loss: 1.115 ACC: 65.38 CR: 1.00 Avg R1: 0.03 Avg R2: 8.42 Avg Reward: 8.445416
2026-05-17 10:49:36 [INFO] Epoch: 27 [25600/50000 (51%)]	 Training Loss: 1.123 ACC: 64.64 CR: 1.00 Avg R1: 0.03 Avg R2: 8.42 Avg Reward: 8.449122
2026-05-17 10:49:42 [INFO] Epoch: 27 [38400/50000 (77%)]	 Training Loss: 1.143 ACC: 64.10 CR: 1.00 Avg R1: 0.03 Avg R2: 8.42 Avg Reward: 8.450808
2026-05-17 10:49:48 [INFO] EPOCH:27, ======================CR:0.99892====================
2026-05-17 10:49:48 [INFO] 0.04150164036561715
2026-05-17 10:49:50 [INFO] EPOCH:27, ======================ACC:53.7====================
2026-05-17 10:49:50 [INFO] BEST EPOCH:25,BEST ACC:58.19
2026-05-17 10:49:56 [INFO] Epoch: 28 [12800/50000 (26%)]	 Training Loss: 1.099 ACC: 65.20 CR: 1.00 Avg R1: 0.05 Avg R2: 8.42 Avg Reward: 8.469520
2026-05-17 10:50:02 [INFO] Epoch: 28 [25600/50000 (51%)]	 Training Loss: 1.115 ACC: 65.09 CR: 1.00 Avg R1: 0.05 Avg R2: 8.42 Avg Reward: 8.471334
2026-05-17 10:50:08 [INFO] Epoch: 28 [38400/50000 (77%)]	 Training Loss: 1.126 ACC: 64.86 CR: 1.00 Avg R1: 0.04 Avg R2: 8.43 Avg Reward: 8.473490
2026-05-17 10:50:14 [INFO] EPOCH:28, ======================CR:0.99952====================
2026-05-17 10:50:14 [INFO] 0.03472841907376807
2026-05-17 10:50:16 [INFO] EPOCH:28, ======================ACC:57.77====================
2026-05-17 10:50:16 [INFO] BEST EPOCH:25,BEST ACC:58.19
2026-05-17 10:50:22 [INFO] Epoch: 29 [12800/50000 (26%)]	 Training Loss: 1.114 ACC: 64.88 CR: 1.00 Avg R1: 0.02 Avg R2: 8.49 Avg Reward: 8.507555
2026-05-17 10:50:28 [INFO] Epoch: 29 [25600/50000 (51%)]	 Training Loss: 1.119 ACC: 65.09 CR: 1.00 Avg R1: 0.02 Avg R2: 8.49 Avg Reward: 8.510749
2026-05-17 10:50:34 [INFO] Epoch: 29 [38400/50000 (77%)]	 Training Loss: 1.127 ACC: 65.03 CR: 1.00 Avg R1: 0.02 Avg R2: 8.50 Avg Reward: 8.516153
2026-05-17 10:50:40 [INFO] EPOCH:29, ======================CR:0.99952====================
2026-05-17 10:50:40 [INFO] 0.040322114523668025
2026-05-17 10:50:42 [INFO] EPOCH:29, ======================ACC:61.04====================
2026-05-17 10:50:42 [INFO] BEST EPOCH:29,BEST ACC:61.04
2026-05-17 10:50:48 [INFO] Epoch: 30 [12800/50000 (26%)]	 Training Loss: 1.075 ACC: 66.43 CR: 1.00 Avg R1: 0.02 Avg R2: 8.53 Avg Reward: 8.551172
2026-05-17 10:50:54 [INFO] Epoch: 30 [25600/50000 (51%)]	 Training Loss: 1.084 ACC: 66.13 CR: 1.00 Avg R1: 0.02 Avg R2: 8.52 Avg Reward: 8.546833
2026-05-17 10:51:01 [INFO] Epoch: 30 [38400/50000 (77%)]	 Training Loss: 1.094 ACC: 65.66 CR: 1.00 Avg R1: 0.02 Avg R2: 8.52 Avg Reward: 8.542731
2026-05-17 10:51:07 [INFO] EPOCH:30, ======================CR:0.9996====================
2026-05-17 10:51:07 [INFO] 0.037948203642522195
2026-05-17 10:51:08 [INFO] EPOCH:30, ======================ACC:58.96====================
2026-05-17 10:51:08 [INFO] BEST EPOCH:29,BEST ACC:61.04
2026-05-17 10:51:15 [INFO] Epoch: 31 [12800/50000 (26%)]	 Training Loss: 1.074 ACC: 66.56 CR: 1.00 Avg R1: 0.02 Avg R2: 8.55 Avg Reward: 8.564171
2026-05-17 10:51:21 [INFO] Epoch: 31 [25600/50000 (51%)]	 Training Loss: 1.083 ACC: 66.18 CR: 1.00 Avg R1: 0.01 Avg R2: 8.55 Avg Reward: 8.561790
2026-05-17 10:51:27 [INFO] Epoch: 31 [38400/50000 (77%)]	 Training Loss: 1.081 ACC: 66.27 CR: 1.00 Avg R1: 0.01 Avg R2: 8.55 Avg Reward: 8.560033
2026-05-17 10:51:33 [INFO] EPOCH:31, ======================CR:0.99952====================
2026-05-17 10:51:33 [INFO] 0.04389630261461
2026-05-17 10:51:35 [INFO] EPOCH:31, ======================ACC:60.04====================
2026-05-17 10:51:35 [INFO] BEST EPOCH:29,BEST ACC:61.04
2026-05-17 10:51:41 [INFO] Epoch: 32 [12800/50000 (26%)]	 Training Loss: 1.033 ACC: 67.97 CR: 1.00 Avg R1: 0.02 Avg R2: 8.53 Avg Reward: 8.555351
2026-05-17 10:51:47 [INFO] Epoch: 32 [25600/50000 (51%)]	 Training Loss: 1.063 ACC: 66.89 CR: 1.00 Avg R1: 0.02 Avg R2: 8.54 Avg Reward: 8.557364
2026-05-17 10:51:53 [INFO] Epoch: 32 [38400/50000 (77%)]	 Training Loss: 1.070 ACC: 66.63 CR: 1.00 Avg R1: 0.02 Avg R2: 8.54 Avg Reward: 8.560687
2026-05-17 10:51:59 [INFO] EPOCH:32, ======================CR:0.99968====================
2026-05-17 10:51:59 [INFO] 0.044366500326995614
2026-05-17 10:52:01 [INFO] EPOCH:32, ======================ACC:60.73====================
2026-05-17 10:52:01 [INFO] BEST EPOCH:29,BEST ACC:61.04
2026-05-17 10:52:07 [INFO] Epoch: 33 [12800/50000 (26%)]	 Training Loss: 1.044 ACC: 67.48 CR: 1.00 Avg R1: 0.02 Avg R2: 8.61 Avg Reward: 8.623570
2026-05-17 10:52:13 [INFO] Epoch: 33 [25600/50000 (51%)]	 Training Loss: 1.051 ACC: 67.02 CR: 1.00 Avg R1: 0.02 Avg R2: 8.61 Avg Reward: 8.622132
2026-05-17 10:52:19 [INFO] Epoch: 33 [38400/50000 (77%)]	 Training Loss: 1.061 ACC: 66.80 CR: 1.00 Avg R1: 0.02 Avg R2: 8.60 Avg Reward: 8.619476
2026-05-17 10:52:25 [INFO] EPOCH:33, ======================CR:0.99974====================
2026-05-17 10:52:25 [INFO] 0.04126322079385
2026-05-17 10:52:27 [INFO] EPOCH:33, ======================ACC:58.3====================
2026-05-17 10:52:27 [INFO] BEST EPOCH:29,BEST ACC:61.04
2026-05-17 10:52:33 [INFO] Epoch: 34 [12800/50000 (26%)]	 Training Loss: 1.001 ACC: 68.22 CR: 1.00 Avg R1: 0.01 Avg R2: 8.60 Avg Reward: 8.611688
2026-05-17 10:52:39 [INFO] Epoch: 34 [25600/50000 (51%)]	 Training Loss: 1.023 ACC: 67.69 CR: 1.00 Avg R1: 0.01 Avg R2: 8.60 Avg Reward: 8.611382
2026-05-17 10:52:45 [INFO] Epoch: 34 [38400/50000 (77%)]	 Training Loss: 1.042 ACC: 67.10 CR: 1.00 Avg R1: 0.01 Avg R2: 8.60 Avg Reward: 8.612422
2026-05-17 10:52:51 [INFO] EPOCH:34, ======================CR:0.99964====================
2026-05-17 10:52:51 [INFO] 0.04996947391294572
2026-05-17 10:52:53 [INFO] EPOCH:34, ======================ACC:62.37====================
2026-05-17 10:52:53 [INFO] BEST EPOCH:34,BEST ACC:62.37
2026-05-17 10:52:59 [INFO] Epoch: 35 [12800/50000 (26%)]	 Training Loss: 0.997 ACC: 68.66 CR: 1.00 Avg R1: 0.02 Avg R2: 8.63 Avg Reward: 8.651569
2026-05-17 10:53:06 [INFO] Epoch: 35 [25600/50000 (51%)]	 Training Loss: 0.999 ACC: 68.32 CR: 1.00 Avg R1: 0.02 Avg R2: 8.63 Avg Reward: 8.649491
2026-05-17 10:53:12 [INFO] Epoch: 35 [38400/50000 (77%)]	 Training Loss: 1.022 ACC: 67.68 CR: 1.00 Avg R1: 0.02 Avg R2: 8.63 Avg Reward: 8.646068
2026-05-17 10:53:18 [INFO] EPOCH:35, ======================CR:0.9996====================
2026-05-17 10:53:18 [INFO] 0.05413654737568296
2026-05-17 10:53:19 [INFO] EPOCH:35, ======================ACC:61.74====================
2026-05-17 10:53:19 [INFO] BEST EPOCH:34,BEST ACC:62.37
2026-05-17 10:53:26 [INFO] Epoch: 36 [12800/50000 (26%)]	 Training Loss: 0.995 ACC: 68.73 CR: 1.00 Avg R1: 0.02 Avg R2: 8.66 Avg Reward: 8.682973
2026-05-17 10:53:32 [INFO] Epoch: 36 [25600/50000 (51%)]	 Training Loss: 0.989 ACC: 69.00 CR: 1.00 Avg R1: 0.02 Avg R2: 8.67 Avg Reward: 8.687723
2026-05-17 10:53:38 [INFO] Epoch: 36 [38400/50000 (77%)]	 Training Loss: 1.017 ACC: 68.14 CR: 1.00 Avg R1: 0.02 Avg R2: 8.68 Avg Reward: 8.692864
2026-05-17 10:53:44 [INFO] EPOCH:36, ======================CR:0.99982====================
2026-05-17 10:53:44 [INFO] 0.04909538075854677
2026-05-17 10:53:46 [INFO] EPOCH:36, ======================ACC:56.67====================
2026-05-17 10:53:46 [INFO] BEST EPOCH:34,BEST ACC:62.37
2026-05-17 10:53:52 [INFO] Epoch: 37 [12800/50000 (26%)]	 Training Loss: 1.007 ACC: 69.12 CR: 1.00 Avg R1: 0.01 Avg R2: 8.75 Avg Reward: 8.757509
2026-05-17 10:53:59 [INFO] Epoch: 37 [25600/50000 (51%)]	 Training Loss: 1.005 ACC: 69.03 CR: 1.00 Avg R1: 0.01 Avg R2: 8.75 Avg Reward: 8.760874
2026-05-17 10:54:05 [INFO] Epoch: 37 [38400/50000 (77%)]	 Training Loss: 1.010 ACC: 68.78 CR: 1.00 Avg R1: 0.01 Avg R2: 8.75 Avg Reward: 8.764810
2026-05-17 10:54:11 [INFO] EPOCH:37, ======================CR:0.99974====================
2026-05-17 10:54:11 [INFO] 0.05008048228744029
2026-05-17 10:54:12 [INFO] EPOCH:37, ======================ACC:55.87====================
2026-05-17 10:54:12 [INFO] BEST EPOCH:34,BEST ACC:62.37
2026-05-17 10:54:19 [INFO] Epoch: 38 [12800/50000 (26%)]	 Training Loss: 0.990 ACC: 69.10 CR: 1.00 Avg R1: 0.01 Avg R2: 8.78 Avg Reward: 8.792044
2026-05-17 10:54:25 [INFO] Epoch: 38 [25600/50000 (51%)]	 Training Loss: 0.995 ACC: 68.77 CR: 1.00 Avg R1: 0.01 Avg R2: 8.78 Avg Reward: 8.791512
2026-05-17 10:54:31 [INFO] Epoch: 38 [38400/50000 (77%)]	 Training Loss: 1.002 ACC: 68.66 CR: 1.00 Avg R1: 0.02 Avg R2: 8.78 Avg Reward: 8.792499
2026-05-17 10:54:37 [INFO] EPOCH:38, ======================CR:0.99972====================
2026-05-17 10:54:37 [INFO] 0.04897213459078106
2026-05-17 10:54:39 [INFO] EPOCH:38, ======================ACC:60.05====================
2026-05-17 10:54:39 [INFO] BEST EPOCH:34,BEST ACC:62.37
2026-05-17 10:54:45 [INFO] Epoch: 39 [12800/50000 (26%)]	 Training Loss: 0.950 ACC: 70.27 CR: 1.00 Avg R1: 0.01 Avg R2: 8.79 Avg Reward: 8.803255
2026-05-17 10:54:51 [INFO] Epoch: 39 [25600/50000 (51%)]	 Training Loss: 0.986 ACC: 69.32 CR: 1.00 Avg R1: 0.01 Avg R2: 8.79 Avg Reward: 8.803184
2026-05-17 10:54:58 [INFO] Epoch: 39 [38400/50000 (77%)]	 Training Loss: 0.994 ACC: 69.02 CR: 1.00 Avg R1: 0.01 Avg R2: 8.79 Avg Reward: 8.803434
2026-05-17 10:55:03 [INFO] EPOCH:39, ======================CR:0.99974====================
2026-05-17 10:55:03 [INFO] 0.056787127754856316
2026-05-17 10:55:05 [INFO] EPOCH:39, ======================ACC:59.33====================
2026-05-17 10:55:05 [INFO] BEST EPOCH:34,BEST ACC:62.37
2026-05-17 10:55:11 [INFO] Epoch: 40 [12800/50000 (26%)]	 Training Loss: 0.945 ACC: 70.34 CR: 1.00 Avg R1: 0.01 Avg R2: 8.81 Avg Reward: 8.824787
2026-05-17 10:55:18 [INFO] Epoch: 40 [25600/50000 (51%)]	 Training Loss: 0.957 ACC: 69.80 CR: 1.00 Avg R1: 0.01 Avg R2: 8.81 Avg Reward: 8.817319
2026-05-17 10:55:24 [INFO] Epoch: 40 [38400/50000 (77%)]	 Training Loss: 0.977 ACC: 69.27 CR: 1.00 Avg R1: 0.01 Avg R2: 8.80 Avg Reward: 8.808767
2026-05-17 10:55:30 [INFO] EPOCH:40, ======================CR:0.99968====================
2026-05-17 10:55:30 [INFO] 0.05743584356213909
2026-05-17 10:55:32 [INFO] EPOCH:40, ======================ACC:62.19====================
2026-05-17 10:55:32 [INFO] BEST EPOCH:34,BEST ACC:62.37
2026-05-17 10:55:38 [INFO] Epoch: 41 [12800/50000 (26%)]	 Training Loss: 0.942 ACC: 70.37 CR: 1.00 Avg R1: 0.02 Avg R2: 8.76 Avg Reward: 8.782724
2026-05-17 10:55:44 [INFO] Epoch: 41 [25600/50000 (51%)]	 Training Loss: 0.948 ACC: 70.22 CR: 1.00 Avg R1: 0.02 Avg R2: 8.76 Avg Reward: 8.786742
2026-05-17 10:55:51 [INFO] Epoch: 41 [38400/50000 (77%)]	 Training Loss: 0.951 ACC: 70.11 CR: 1.00 Avg R1: 0.02 Avg R2: 8.76 Avg Reward: 8.788296
2026-05-17 10:55:56 [INFO] EPOCH:41, ======================CR:0.99942====================
2026-05-17 10:55:56 [INFO] 0.05369094391987292
2026-05-17 10:55:58 [INFO] EPOCH:41, ======================ACC:61.19====================
2026-05-17 10:55:58 [INFO] BEST EPOCH:34,BEST ACC:62.37
2026-05-17 10:56:04 [INFO] Epoch: 42 [12800/50000 (26%)]	 Training Loss: 0.940 ACC: 70.44 CR: 1.00 Avg R1: 0.03 Avg R2: 8.82 Avg Reward: 8.849968
2026-05-17 10:56:11 [INFO] Epoch: 42 [25600/50000 (51%)]	 Training Loss: 0.955 ACC: 69.84 CR: 1.00 Avg R1: 0.03 Avg R2: 8.82 Avg Reward: 8.851665
2026-05-17 10:56:17 [INFO] Epoch: 42 [38400/50000 (77%)]	 Training Loss: 0.959 ACC: 69.90 CR: 1.00 Avg R1: 0.03 Avg R2: 8.83 Avg Reward: 8.854056
2026-05-17 10:56:23 [INFO] EPOCH:42, ======================CR:0.99954====================
2026-05-17 10:56:23 [INFO] 0.05119225357450051
2026-05-17 10:56:24 [INFO] EPOCH:42, ======================ACC:61.38====================
2026-05-17 10:56:24 [INFO] BEST EPOCH:34,BEST ACC:62.37
2026-05-17 10:56:31 [INFO] Epoch: 43 [12800/50000 (26%)]	 Training Loss: 0.920 ACC: 70.98 CR: 1.00 Avg R1: 0.02 Avg R2: 8.90 Avg Reward: 8.919147
2026-05-17 10:56:37 [INFO] Epoch: 43 [25600/50000 (51%)]	 Training Loss: 0.940 ACC: 70.48 CR: 1.00 Avg R1: 0.02 Avg R2: 8.90 Avg Reward: 8.922101
2026-05-17 10:56:43 [INFO] Epoch: 43 [38400/50000 (77%)]	 Training Loss: 0.960 ACC: 69.98 CR: 1.00 Avg R1: 0.02 Avg R2: 8.91 Avg Reward: 8.926022
2026-05-17 10:56:49 [INFO] EPOCH:43, ======================CR:0.99968====================
2026-05-17 10:56:49 [INFO] 0.0553138226193337
2026-05-17 10:56:51 [INFO] EPOCH:43, ======================ACC:60.33====================
2026-05-17 10:56:51 [INFO] BEST EPOCH:34,BEST ACC:62.37
2026-05-17 10:56:57 [INFO] Epoch: 44 [12800/50000 (26%)]	 Training Loss: 0.946 ACC: 69.94 CR: 1.00 Avg R1: 0.02 Avg R2: 8.92 Avg Reward: 8.939361
2026-05-17 10:57:04 [INFO] Epoch: 44 [25600/50000 (51%)]	 Training Loss: 0.947 ACC: 69.97 CR: 1.00 Avg R1: 0.02 Avg R2: 8.92 Avg Reward: 8.941418
2026-05-17 10:57:10 [INFO] Epoch: 44 [38400/50000 (77%)]	 Training Loss: 0.953 ACC: 69.96 CR: 1.00 Avg R1: 0.02 Avg R2: 8.93 Avg Reward: 8.942906
2026-05-17 10:57:16 [INFO] EPOCH:44, ======================CR:0.9998====================
2026-05-17 10:57:16 [INFO] 0.06150724002645166
2026-05-17 10:57:18 [INFO] EPOCH:44, ======================ACC:60.02====================
2026-05-17 10:57:18 [INFO] BEST EPOCH:34,BEST ACC:62.37
2026-05-17 10:57:24 [INFO] Epoch: 45 [12800/50000 (26%)]	 Training Loss: 0.916 ACC: 70.94 CR: 1.00 Avg R1: 0.01 Avg R2: 8.94 Avg Reward: 8.949403
2026-05-17 10:57:30 [INFO] Epoch: 45 [25600/50000 (51%)]	 Training Loss: 0.929 ACC: 70.62 CR: 1.00 Avg R1: 0.01 Avg R2: 8.94 Avg Reward: 8.946865
2026-05-17 10:57:37 [INFO] Epoch: 45 [38400/50000 (77%)]	 Training Loss: 0.930 ACC: 70.79 CR: 1.00 Avg R1: 0.01 Avg R2: 8.94 Avg Reward: 8.944937
2026-05-17 10:57:42 [INFO] EPOCH:45, ======================CR:0.99972====================
2026-05-17 10:57:42 [INFO] 0.06355701555736558
2026-05-17 10:57:44 [INFO] EPOCH:45, ======================ACC:60.32====================
2026-05-17 10:57:44 [INFO] BEST EPOCH:34,BEST ACC:62.37
2026-05-17 10:57:51 [INFO] Epoch: 46 [12800/50000 (26%)]	 Training Loss: 0.915 ACC: 71.23 CR: 1.00 Avg R1: 0.01 Avg R2: 8.96 Avg Reward: 8.971508
2026-05-17 10:57:57 [INFO] Epoch: 46 [25600/50000 (51%)]	 Training Loss: 0.923 ACC: 70.93 CR: 1.00 Avg R1: 0.01 Avg R2: 8.96 Avg Reward: 8.972607
2026-05-17 10:58:03 [INFO] Epoch: 46 [38400/50000 (77%)]	 Training Loss: 0.939 ACC: 70.49 CR: 1.00 Avg R1: 0.01 Avg R2: 8.96 Avg Reward: 8.972358
2026-05-17 10:58:09 [INFO] EPOCH:46, ======================CR:0.99978====================
2026-05-17 10:58:09 [INFO] 0.0556184468464297
2026-05-17 10:58:10 [INFO] EPOCH:46, ======================ACC:63.95====================
2026-05-17 10:58:10 [INFO] BEST EPOCH:46,BEST ACC:63.95
2026-05-17 10:58:17 [INFO] Epoch: 47 [12800/50000 (26%)]	 Training Loss: 0.864 ACC: 72.94 CR: 1.00 Avg R1: 0.01 Avg R2: 8.97 Avg Reward: 8.976548
2026-05-17 10:58:23 [INFO] Epoch: 47 [25600/50000 (51%)]	 Training Loss: 0.891 ACC: 72.02 CR: 1.00 Avg R1: 0.01 Avg R2: 8.97 Avg Reward: 8.976042
2026-05-17 10:58:29 [INFO] Epoch: 47 [38400/50000 (77%)]	 Training Loss: 0.923 ACC: 71.10 CR: 1.00 Avg R1: 0.01 Avg R2: 8.97 Avg Reward: 8.977870
2026-05-17 10:58:35 [INFO] EPOCH:47, ======================CR:0.99988====================
2026-05-17 10:58:35 [INFO] 0.054252352686292485
2026-05-17 10:58:37 [INFO] EPOCH:47, ======================ACC:63.26====================
2026-05-17 10:58:37 [INFO] BEST EPOCH:46,BEST ACC:63.95
2026-05-17 10:58:43 [INFO] Epoch: 48 [12800/50000 (26%)]	 Training Loss: 0.873 ACC: 72.54 CR: 1.00 Avg R1: 0.01 Avg R2: 9.01 Avg Reward: 9.013382
2026-05-17 10:58:50 [INFO] Epoch: 48 [25600/50000 (51%)]	 Training Loss: 0.896 ACC: 72.06 CR: 1.00 Avg R1: 0.01 Avg R2: 9.01 Avg Reward: 9.015476
2026-05-17 10:58:56 [INFO] Epoch: 48 [38400/50000 (77%)]	 Training Loss: 0.916 ACC: 71.43 CR: 1.00 Avg R1: 0.01 Avg R2: 9.01 Avg Reward: 9.016774
2026-05-17 10:59:02 [INFO] EPOCH:48, ======================CR:0.9999====================
2026-05-17 10:59:02 [INFO] 0.0617594410418507
2026-05-17 10:59:03 [INFO] EPOCH:48, ======================ACC:58.59====================
2026-05-17 10:59:03 [INFO] BEST EPOCH:46,BEST ACC:63.95
2026-05-17 10:59:10 [INFO] Epoch: 49 [12800/50000 (26%)]	 Training Loss: 0.846 ACC: 73.72 CR: 1.00 Avg R1: 0.00 Avg R2: 9.03 Avg Reward: 9.035148
2026-05-17 10:59:16 [INFO] Epoch: 49 [25600/50000 (51%)]	 Training Loss: 0.882 ACC: 72.57 CR: 1.00 Avg R1: 0.00 Avg R2: 9.03 Avg Reward: 9.030318
2026-05-17 10:59:23 [INFO] Epoch: 49 [38400/50000 (77%)]	 Training Loss: 0.893 ACC: 72.12 CR: 1.00 Avg R1: 0.00 Avg R2: 9.02 Avg Reward: 9.025580
2026-05-17 10:59:28 [INFO] EPOCH:49, ======================CR:0.9999====================
2026-05-17 10:59:28 [INFO] 0.06281532369723151
2026-05-17 10:59:30 [INFO] EPOCH:49, ======================ACC:62.28====================
2026-05-17 10:59:30 [INFO] BEST EPOCH:46,BEST ACC:63.95
2026-05-17 10:59:36 [INFO] Epoch: 50 [12800/50000 (26%)]	 Training Loss: 0.892 ACC: 71.88 CR: 1.00 Avg R1: 0.00 Avg R2: 9.05 Avg Reward: 9.053248
2026-05-17 10:59:43 [INFO] Epoch: 50 [25600/50000 (51%)]	 Training Loss: 0.893 ACC: 71.76 CR: 1.00 Avg R1: 0.01 Avg R2: 9.05 Avg Reward: 9.057256
2026-05-17 10:59:49 [INFO] Epoch: 50 [38400/50000 (77%)]	 Training Loss: 0.899 ACC: 71.67 CR: 1.00 Avg R1: 0.01 Avg R2: 9.05 Avg Reward: 9.060163
2026-05-17 10:59:55 [INFO] EPOCH:50, ======================CR:0.99992====================
2026-05-17 10:59:55 [INFO] 0.051544364506333935
2026-05-17 10:59:56 [INFO] EPOCH:50, ======================ACC:62.16====================
2026-05-17 10:59:56 [INFO] BEST EPOCH:46,BEST ACC:63.95
2026-05-17 11:00:03 [INFO] Epoch: 51 [12800/50000 (26%)]	 Training Loss: 0.843 ACC: 73.30 CR: 1.00 Avg R1: 0.00 Avg R2: 9.08 Avg Reward: 9.080333
2026-05-17 11:00:09 [INFO] Epoch: 51 [25600/50000 (51%)]	 Training Loss: 0.862 ACC: 72.77 CR: 1.00 Avg R1: 0.01 Avg R2: 9.07 Avg Reward: 9.078571
2026-05-17 11:00:15 [INFO] Epoch: 51 [38400/50000 (77%)]	 Training Loss: 0.880 ACC: 72.11 CR: 1.00 Avg R1: 0.01 Avg R2: 9.07 Avg Reward: 9.075818
2026-05-17 11:00:21 [INFO] EPOCH:51, ======================CR:0.99976====================
2026-05-17 11:00:21 [INFO] 0.061585406482379326
2026-05-17 11:00:23 [INFO] EPOCH:51, ======================ACC:58.96====================
2026-05-17 11:00:23 [INFO] BEST EPOCH:46,BEST ACC:63.95
2026-05-17 11:00:29 [INFO] Epoch: 52 [12800/50000 (26%)]	 Training Loss: 0.829 ACC: 73.83 CR: 1.00 Avg R1: 0.01 Avg R2: 9.02 Avg Reward: 9.036457
2026-05-17 11:00:35 [INFO] Epoch: 52 [25600/50000 (51%)]	 Training Loss: 0.852 ACC: 73.10 CR: 1.00 Avg R1: 0.01 Avg R2: 9.03 Avg Reward: 9.037581
2026-05-17 11:00:42 [INFO] Epoch: 52 [38400/50000 (77%)]	 Training Loss: 0.875 ACC: 72.42 CR: 1.00 Avg R1: 0.01 Avg R2: 9.03 Avg Reward: 9.041123
2026-05-17 11:00:47 [INFO] EPOCH:52, ======================CR:0.99994====================
2026-05-17 11:00:47 [INFO] 0.060288898672487434
2026-05-17 11:00:49 [INFO] EPOCH:52, ======================ACC:60.03====================
2026-05-17 11:00:49 [INFO] BEST EPOCH:46,BEST ACC:63.95
2026-05-17 11:00:56 [INFO] Epoch: 53 [12800/50000 (26%)]	 Training Loss: 0.855 ACC: 72.94 CR: 1.00 Avg R1: 0.00 Avg R2: 9.10 Avg Reward: 9.106774
2026-05-17 11:01:02 [INFO] Epoch: 53 [25600/50000 (51%)]	 Training Loss: 0.869 ACC: 72.75 CR: 1.00 Avg R1: 0.01 Avg R2: 9.10 Avg Reward: 9.110177
2026-05-17 11:01:08 [INFO] Epoch: 53 [38400/50000 (77%)]	 Training Loss: 0.879 ACC: 72.52 CR: 1.00 Avg R1: 0.01 Avg R2: 9.11 Avg Reward: 9.113665
2026-05-17 11:01:14 [INFO] EPOCH:53, ======================CR:0.9998====================
2026-05-17 11:01:14 [INFO] 0.05475129721574582
2026-05-17 11:01:16 [INFO] EPOCH:53, ======================ACC:61.44====================
2026-05-17 11:01:16 [INFO] BEST EPOCH:46,BEST ACC:63.95
2026-05-17 11:01:22 [INFO] Epoch: 54 [12800/50000 (26%)]	 Training Loss: 0.863 ACC: 73.04 CR: 1.00 Avg R1: 0.01 Avg R2: 9.16 Avg Reward: 9.170761
2026-05-17 11:01:28 [INFO] Epoch: 54 [25600/50000 (51%)]	 Training Loss: 0.866 ACC: 72.93 CR: 1.00 Avg R1: 0.01 Avg R2: 9.17 Avg Reward: 9.181312
2026-05-17 11:01:34 [INFO] Epoch: 54 [38400/50000 (77%)]	 Training Loss: 0.875 ACC: 72.59 CR: 1.00 Avg R1: 0.01 Avg R2: 9.19 Avg Reward: 9.191709
2026-05-17 11:01:40 [INFO] EPOCH:54, ======================CR:1.0====================
2026-05-17 11:01:40 [INFO] 0.050852576388890396
2026-05-17 11:01:42 [INFO] EPOCH:54, ======================ACC:54.56====================
2026-05-17 11:01:42 [INFO] BEST EPOCH:46,BEST ACC:63.95
2026-05-17 11:01:48 [INFO] Epoch: 55 [12800/50000 (26%)]	 Training Loss: 0.853 ACC: 73.33 CR: 1.00 Avg R1: 0.00 Avg R2: 9.27 Avg Reward: 9.272247
2026-05-17 11:01:55 [INFO] Epoch: 55 [25600/50000 (51%)]	 Training Loss: 0.866 ACC: 72.89 CR: 1.00 Avg R1: 0.00 Avg R2: 9.27 Avg Reward: 9.270116
2026-05-17 11:02:01 [INFO] Epoch: 55 [38400/50000 (77%)]	 Training Loss: 0.874 ACC: 72.66 CR: 1.00 Avg R1: 0.00 Avg R2: 9.27 Avg Reward: 9.267045
2026-05-17 11:02:07 [INFO] EPOCH:55, ======================CR:1.0====================
2026-05-17 11:02:07 [INFO] 0.05149381235794072
2026-05-17 11:02:08 [INFO] EPOCH:55, ======================ACC:65.16====================
2026-05-17 11:02:08 [INFO] BEST EPOCH:55,BEST ACC:65.16
2026-05-17 11:02:15 [INFO] Epoch: 56 [12800/50000 (26%)]	 Training Loss: 0.820 ACC: 74.33 CR: 1.00 Avg R1: 0.00 Avg R2: 9.25 Avg Reward: 9.250404
2026-05-17 11:02:21 [INFO] Epoch: 56 [25600/50000 (51%)]	 Training Loss: 0.839 ACC: 73.60 CR: 1.00 Avg R1: 0.00 Avg R2: 9.25 Avg Reward: 9.248377
2026-05-17 11:02:28 [INFO] Epoch: 56 [38400/50000 (77%)]	 Training Loss: 0.847 ACC: 73.49 CR: 1.00 Avg R1: 0.00 Avg R2: 9.25 Avg Reward: 9.246905
2026-05-17 11:02:33 [INFO] EPOCH:56, ======================CR:1.0====================
2026-05-17 11:02:33 [INFO] 0.05757065865034347
2026-05-17 11:02:35 [INFO] EPOCH:56, ======================ACC:62.02====================
2026-05-17 11:02:35 [INFO] BEST EPOCH:55,BEST ACC:65.16
2026-05-17 11:02:41 [INFO] Epoch: 57 [12800/50000 (26%)]	 Training Loss: 0.830 ACC: 73.60 CR: 1.00 Avg R1: 0.00 Avg R2: 9.28 Avg Reward: 9.281980
2026-05-17 11:02:48 [INFO] Epoch: 57 [25600/50000 (51%)]	 Training Loss: 0.828 ACC: 73.83 CR: 1.00 Avg R1: 0.00 Avg R2: 9.27 Avg Reward: 9.272650
2026-05-17 11:02:54 [INFO] Epoch: 57 [38400/50000 (77%)]	 Training Loss: 0.849 ACC: 73.28 CR: 1.00 Avg R1: 0.00 Avg R2: 9.26 Avg Reward: 9.262423
2026-05-17 11:03:00 [INFO] EPOCH:57, ======================CR:0.99996====================
2026-05-17 11:03:00 [INFO] 0.05788353243178363
2026-05-17 11:03:02 [INFO] EPOCH:57, ======================ACC:63.74====================
2026-05-17 11:03:02 [INFO] BEST EPOCH:55,BEST ACC:65.16
2026-05-17 11:03:08 [INFO] Epoch: 58 [12800/50000 (26%)]	 Training Loss: 0.793 ACC: 75.27 CR: 1.00 Avg R1: 0.00 Avg R2: 9.22 Avg Reward: 9.222084
2026-05-17 11:03:14 [INFO] Epoch: 58 [25600/50000 (51%)]	 Training Loss: 0.814 ACC: 74.55 CR: 1.00 Avg R1: 0.00 Avg R2: 9.22 Avg Reward: 9.225938
2026-05-17 11:03:21 [INFO] Epoch: 58 [38400/50000 (77%)]	 Training Loss: 0.836 ACC: 73.80 CR: 1.00 Avg R1: 0.00 Avg R2: 9.23 Avg Reward: 9.235150
2026-05-17 11:03:27 [INFO] EPOCH:58, ======================CR:0.99996====================
2026-05-17 11:03:27 [INFO] 0.05626414117504419
2026-05-17 11:03:28 [INFO] EPOCH:58, ======================ACC:63.74====================
2026-05-17 11:03:28 [INFO] BEST EPOCH:55,BEST ACC:65.16
2026-05-17 11:03:35 [INFO] Epoch: 59 [12800/50000 (26%)]	 Training Loss: 0.835 ACC: 74.22 CR: 1.00 Avg R1: 0.00 Avg R2: 9.34 Avg Reward: 9.345825
2026-05-17 11:03:41 [INFO] Epoch: 59 [25600/50000 (51%)]	 Training Loss: 0.849 ACC: 73.76 CR: 1.00 Avg R1: 0.00 Avg R2: 9.36 Avg Reward: 9.363633
2026-05-17 11:03:47 [INFO] Epoch: 59 [38400/50000 (77%)]	 Training Loss: 0.868 ACC: 73.28 CR: 1.00 Avg R1: 0.00 Avg R2: 9.38 Avg Reward: 9.382786
2026-05-17 11:03:53 [INFO] EPOCH:59, ======================CR:1.0====================
2026-05-17 11:03:53 [INFO] 0.058867634161594136
2026-05-17 11:03:55 [INFO] EPOCH:59, ======================ACC:61.56====================
2026-05-17 11:03:55 [INFO] BEST EPOCH:55,BEST ACC:65.16
2026-05-17 11:04:01 [INFO] Epoch: 60 [12800/50000 (26%)]	 Training Loss: 0.826 ACC: 74.23 CR: 1.00 Avg R1: 0.00 Avg R2: 9.52 Avg Reward: 9.522163
2026-05-17 11:04:08 [INFO] Epoch: 60 [25600/50000 (51%)]	 Training Loss: 0.836 ACC: 74.15 CR: 1.00 Avg R1: 0.00 Avg R2: 9.52 Avg Reward: 9.523446
2026-05-17 11:04:14 [INFO] Epoch: 60 [38400/50000 (77%)]	 Training Loss: 0.848 ACC: 73.87 CR: 1.00 Avg R1: 0.00 Avg R2: 9.53 Avg Reward: 9.525550
2026-05-17 11:04:20 [INFO] EPOCH:60, ======================CR:1.0====================
2026-05-17 11:04:20 [INFO] 0.056840363891455296
2026-05-17 11:04:21 [INFO] EPOCH:60, ======================ACC:64.01====================
2026-05-17 11:04:21 [INFO] BEST EPOCH:55,BEST ACC:65.16
2026-05-17 11:04:28 [INFO] Epoch: 61 [12800/50000 (26%)]	 Training Loss: 0.809 ACC: 75.21 CR: 1.00 Avg R1: 0.00 Avg R2: 9.53 Avg Reward: 9.525247
2026-05-17 11:04:34 [INFO] Epoch: 61 [25600/50000 (51%)]	 Training Loss: 0.814 ACC: 74.86 CR: 1.00 Avg R1: 0.00 Avg R2: 9.52 Avg Reward: 9.520891
2026-05-17 11:04:40 [INFO] Epoch: 61 [38400/50000 (77%)]	 Training Loss: 0.839 ACC: 74.14 CR: 1.00 Avg R1: 0.00 Avg R2: 9.51 Avg Reward: 9.514908
2026-05-17 11:04:46 [INFO] EPOCH:61, ======================CR:1.0====================
2026-05-17 11:04:46 [INFO] 0.058443834798317815
2026-05-17 11:04:48 [INFO] EPOCH:61, ======================ACC:64.1====================
2026-05-17 11:04:48 [INFO] BEST EPOCH:55,BEST ACC:65.16
2026-05-17 11:04:54 [INFO] Epoch: 62 [12800/50000 (26%)]	 Training Loss: 0.788 ACC: 76.03 CR: 1.00 Avg R1: 0.00 Avg R2: 9.48 Avg Reward: 9.484762
2026-05-17 11:05:00 [INFO] Epoch: 62 [25600/50000 (51%)]	 Training Loss: 0.800 ACC: 75.34 CR: 1.00 Avg R1: 0.00 Avg R2: 9.48 Avg Reward: 9.483532
2026-05-17 11:05:07 [INFO] Epoch: 62 [38400/50000 (77%)]	 Training Loss: 0.814 ACC: 74.88 CR: 1.00 Avg R1: 0.00 Avg R2: 9.48 Avg Reward: 9.482702
2026-05-17 11:05:12 [INFO] EPOCH:62, ======================CR:1.0====================
2026-05-17 11:05:12 [INFO] 0.06337303439659574
2026-05-17 11:05:14 [INFO] EPOCH:62, ======================ACC:63.98====================
2026-05-17 11:05:14 [INFO] BEST EPOCH:55,BEST ACC:65.16
2026-05-17 11:05:21 [INFO] Epoch: 63 [12800/50000 (26%)]	 Training Loss: 0.805 ACC: 75.23 CR: 1.00 Avg R1: 0.00 Avg R2: 9.48 Avg Reward: 9.479640
2026-05-17 11:05:27 [INFO] Epoch: 63 [25600/50000 (51%)]	 Training Loss: 0.799 ACC: 75.42 CR: 1.00 Avg R1: 0.00 Avg R2: 9.48 Avg Reward: 9.478897
2026-05-17 11:05:33 [INFO] Epoch: 63 [38400/50000 (77%)]	 Training Loss: 0.813 ACC: 74.84 CR: 1.00 Avg R1: 0.00 Avg R2: 9.48 Avg Reward: 9.477428
2026-05-17 11:05:39 [INFO] EPOCH:63, ======================CR:1.0====================
2026-05-17 11:05:39 [INFO] 0.07062365586030553
2026-05-17 11:05:41 [INFO] EPOCH:63, ======================ACC:65.21====================
2026-05-17 11:05:41 [INFO] BEST EPOCH:63,BEST ACC:65.21
2026-05-17 11:05:47 [INFO] Epoch: 64 [12800/50000 (26%)]	 Training Loss: 0.783 ACC: 75.63 CR: 1.00 Avg R1: 0.00 Avg R2: 9.51 Avg Reward: 9.513569
2026-05-17 11:05:53 [INFO] Epoch: 64 [25600/50000 (51%)]	 Training Loss: 0.785 ACC: 75.53 CR: 1.00 Avg R1: 0.00 Avg R2: 9.51 Avg Reward: 9.508596
2026-05-17 11:06:00 [INFO] Epoch: 64 [38400/50000 (77%)]	 Training Loss: 0.797 ACC: 75.06 CR: 1.00 Avg R1: 0.00 Avg R2: 9.50 Avg Reward: 9.504337
2026-05-17 11:06:05 [INFO] EPOCH:64, ======================CR:1.0====================
2026-05-17 11:06:05 [INFO] 0.07161515810278062
2026-05-17 11:06:07 [INFO] EPOCH:64, ======================ACC:65.37====================
2026-05-17 11:06:07 [INFO] BEST EPOCH:64,BEST ACC:65.37
2026-05-17 11:06:13 [INFO] Epoch: 65 [12800/50000 (26%)]	 Training Loss: 0.780 ACC: 76.02 CR: 1.00 Avg R1: 0.00 Avg R2: 9.51 Avg Reward: 9.506314
2026-05-17 11:06:20 [INFO] Epoch: 65 [25600/50000 (51%)]	 Training Loss: 0.782 ACC: 75.38 CR: 1.00 Avg R1: 0.00 Avg R2: 9.51 Avg Reward: 9.508815
2026-05-17 11:06:26 [INFO] Epoch: 65 [38400/50000 (77%)]	 Training Loss: 0.799 ACC: 74.99 CR: 1.00 Avg R1: 0.00 Avg R2: 9.51 Avg Reward: 9.511374
2026-05-17 11:06:32 [INFO] EPOCH:65, ======================CR:1.0====================
2026-05-17 11:06:32 [INFO] 0.06411944454944372
2026-05-17 11:06:34 [INFO] EPOCH:65, ======================ACC:64.74====================
2026-05-17 11:06:34 [INFO] BEST EPOCH:64,BEST ACC:65.37
2026-05-17 11:06:40 [INFO] Epoch: 66 [12800/50000 (26%)]	 Training Loss: 0.773 ACC: 75.60 CR: 1.00 Avg R1: 0.00 Avg R2: 9.54 Avg Reward: 9.541584
2026-05-17 11:06:47 [INFO] Epoch: 66 [25600/50000 (51%)]	 Training Loss: 0.771 ACC: 75.91 CR: 1.00 Avg R1: 0.00 Avg R2: 9.54 Avg Reward: 9.538937
2026-05-17 11:06:53 [INFO] Epoch: 66 [38400/50000 (77%)]	 Training Loss: 0.791 ACC: 75.25 CR: 1.00 Avg R1: 0.00 Avg R2: 9.54 Avg Reward: 9.535074
2026-05-17 11:06:59 [INFO] EPOCH:66, ======================CR:1.0====================
2026-05-17 11:06:59 [INFO] 0.06502720142497202
2026-05-17 11:07:00 [INFO] EPOCH:66, ======================ACC:64.0====================
2026-05-17 11:07:00 [INFO] BEST EPOCH:64,BEST ACC:65.37
2026-05-17 11:07:07 [INFO] Epoch: 67 [12800/50000 (26%)]	 Training Loss: 0.735 ACC: 77.25 CR: 1.00 Avg R1: 0.00 Avg R2: 9.53 Avg Reward: 9.529709
2026-05-17 11:07:13 [INFO] Epoch: 67 [25600/50000 (51%)]	 Training Loss: 0.752 ACC: 76.57 CR: 1.00 Avg R1: 0.00 Avg R2: 9.53 Avg Reward: 9.529465
2026-05-17 11:07:19 [INFO] Epoch: 67 [38400/50000 (77%)]	 Training Loss: 0.770 ACC: 75.99 CR: 1.00 Avg R1: 0.00 Avg R2: 9.53 Avg Reward: 9.530956
2026-05-17 11:07:25 [INFO] EPOCH:67, ======================CR:1.0====================
2026-05-17 11:07:25 [INFO] 0.066492857615071
2026-05-17 11:07:27 [INFO] EPOCH:67, ======================ACC:62.6====================
2026-05-17 11:07:27 [INFO] BEST EPOCH:64,BEST ACC:65.37
2026-05-17 11:07:33 [INFO] Epoch: 68 [12800/50000 (26%)]	 Training Loss: 0.733 ACC: 77.23 CR: 1.00 Avg R1: 0.00 Avg R2: 9.55 Avg Reward: 9.551483
2026-05-17 11:07:40 [INFO] Epoch: 68 [25600/50000 (51%)]	 Training Loss: 0.751 ACC: 76.55 CR: 1.00 Avg R1: 0.00 Avg R2: 9.55 Avg Reward: 9.550407
2026-05-17 11:07:46 [INFO] Epoch: 68 [38400/50000 (77%)]	 Training Loss: 0.766 ACC: 76.12 CR: 1.00 Avg R1: 0.00 Avg R2: 9.55 Avg Reward: 9.550673
2026-05-17 11:07:52 [INFO] EPOCH:68, ======================CR:1.0====================
2026-05-17 11:07:52 [INFO] 0.06128586573150797
2026-05-17 11:07:53 [INFO] EPOCH:68, ======================ACC:62.71====================
2026-05-17 11:07:53 [INFO] BEST EPOCH:64,BEST ACC:65.37
2026-05-17 11:08:00 [INFO] Epoch: 69 [12800/50000 (26%)]	 Training Loss: 0.759 ACC: 76.48 CR: 1.00 Avg R1: 0.00 Avg R2: 9.55 Avg Reward: 9.552251
2026-05-17 11:08:06 [INFO] Epoch: 69 [25600/50000 (51%)]	 Training Loss: 0.761 ACC: 76.20 CR: 1.00 Avg R1: 0.00 Avg R2: 9.56 Avg Reward: 9.559502
2026-05-17 11:08:12 [INFO] Epoch: 69 [38400/50000 (77%)]	 Training Loss: 0.780 ACC: 75.69 CR: 1.00 Avg R1: 0.00 Avg R2: 9.57 Avg Reward: 9.566785
2026-05-17 11:08:18 [INFO] EPOCH:69, ======================CR:1.0====================
2026-05-17 11:08:18 [INFO] 0.060317020166993
2026-05-17 11:08:20 [INFO] EPOCH:69, ======================ACC:61.61====================
2026-05-17 11:08:20 [INFO] BEST EPOCH:64,BEST ACC:65.37
2026-05-17 11:08:26 [INFO] Epoch: 70 [12800/50000 (26%)]	 Training Loss: 0.743 ACC: 77.35 CR: 1.00 Avg R1: 0.00 Avg R2: 9.66 Avg Reward: 9.662991
2026-05-17 11:08:32 [INFO] Epoch: 70 [25600/50000 (51%)]	 Training Loss: 0.757 ACC: 76.81 CR: 1.00 Avg R1: 0.00 Avg R2: 9.67 Avg Reward: 9.673548
2026-05-17 11:08:39 [INFO] Epoch: 70 [38400/50000 (77%)]	 Training Loss: 0.770 ACC: 76.34 CR: 1.00 Avg R1: 0.00 Avg R2: 9.69 Avg Reward: 9.685436
2026-05-17 11:08:45 [INFO] EPOCH:70, ======================CR:1.0====================
2026-05-17 11:08:45 [INFO] 0.04963659138123967
2026-05-17 11:08:46 [INFO] EPOCH:70, ======================ACC:62.09====================
2026-05-17 11:08:46 [INFO] BEST EPOCH:64,BEST ACC:65.37
2026-05-17 11:08:53 [INFO] Epoch: 71 [12800/50000 (26%)]	 Training Loss: 0.749 ACC: 76.73 CR: 1.00 Avg R1: 0.00 Avg R2: 9.76 Avg Reward: 9.762045
2026-05-17 11:08:59 [INFO] Epoch: 71 [25600/50000 (51%)]	 Training Loss: 0.757 ACC: 76.75 CR: 1.00 Avg R1: 0.00 Avg R2: 9.76 Avg Reward: 9.764194
2026-05-17 11:09:05 [INFO] Epoch: 71 [38400/50000 (77%)]	 Training Loss: 0.768 ACC: 76.44 CR: 1.00 Avg R1: 0.00 Avg R2: 9.77 Avg Reward: 9.766612
2026-05-17 11:09:11 [INFO] EPOCH:71, ======================CR:1.0====================
2026-05-17 11:09:11 [INFO] 0.05536675284032193
2026-05-17 11:09:13 [INFO] EPOCH:71, ======================ACC:64.19====================
2026-05-17 11:09:13 [INFO] BEST EPOCH:64,BEST ACC:65.37
2026-05-17 11:09:19 [INFO] Epoch: 72 [12800/50000 (26%)]	 Training Loss: 0.734 ACC: 77.63 CR: 1.00 Avg R1: 0.00 Avg R2: 9.80 Avg Reward: 9.798842
2026-05-17 11:09:26 [INFO] Epoch: 72 [25600/50000 (51%)]	 Training Loss: 0.761 ACC: 76.60 CR: 1.00 Avg R1: 0.00 Avg R2: 9.80 Avg Reward: 9.796873
2026-05-17 11:09:32 [INFO] Epoch: 72 [38400/50000 (77%)]	 Training Loss: 0.776 ACC: 76.29 CR: 1.00 Avg R1: 0.00 Avg R2: 9.80 Avg Reward: 9.795346
2026-05-17 11:09:38 [INFO] EPOCH:72, ======================CR:1.0====================
2026-05-17 11:09:38 [INFO] 0.07035275915549263
2026-05-17 11:09:39 [INFO] EPOCH:72, ======================ACC:61.24====================
2026-05-17 11:09:39 [INFO] BEST EPOCH:64,BEST ACC:65.37
2026-05-17 11:09:46 [INFO] Epoch: 73 [12800/50000 (26%)]	 Training Loss: 0.710 ACC: 78.06 CR: 1.00 Avg R1: 0.00 Avg R2: 9.80 Avg Reward: 9.801845
2026-05-17 11:09:52 [INFO] Epoch: 73 [25600/50000 (51%)]	 Training Loss: 0.735 ACC: 77.60 CR: 1.00 Avg R1: 0.00 Avg R2: 9.80 Avg Reward: 9.804969
2026-05-17 11:09:59 [INFO] Epoch: 73 [38400/50000 (77%)]	 Training Loss: 0.749 ACC: 77.14 CR: 1.00 Avg R1: 0.00 Avg R2: 9.81 Avg Reward: 9.810502
2026-05-17 11:10:04 [INFO] EPOCH:73, ======================CR:1.0====================
2026-05-17 11:10:04 [INFO] 0.056731517697209674
2026-05-17 11:10:06 [INFO] EPOCH:73, ======================ACC:65.38====================
2026-05-17 11:10:06 [INFO] BEST EPOCH:73,BEST ACC:65.38
2026-05-17 11:10:12 [INFO] Epoch: 74 [12800/50000 (26%)]	 Training Loss: 0.713 ACC: 78.01 CR: 1.00 Avg R1: 0.00 Avg R2: 9.83 Avg Reward: 9.829341
2026-05-17 11:10:19 [INFO] Epoch: 74 [25600/50000 (51%)]	 Training Loss: 0.732 ACC: 77.44 CR: 1.00 Avg R1: 0.00 Avg R2: 9.83 Avg Reward: 9.827432
2026-05-17 11:10:25 [INFO] Epoch: 74 [38400/50000 (77%)]	 Training Loss: 0.747 ACC: 76.92 CR: 1.00 Avg R1: 0.00 Avg R2: 9.82 Avg Reward: 9.824868
2026-05-17 11:10:30 [INFO] EPOCH:74, ======================CR:1.0====================
2026-05-17 11:10:30 [INFO] 0.058249676739575935
2026-05-17 11:10:32 [INFO] EPOCH:74, ======================ACC:65.31====================
2026-05-17 11:10:32 [INFO] BEST EPOCH:73,BEST ACC:65.38
2026-05-17 11:10:38 [INFO] Epoch: 75 [12800/50000 (26%)]	 Training Loss: 0.729 ACC: 77.88 CR: 1.00 Avg R1: 0.00 Avg R2: 9.84 Avg Reward: 9.837873
2026-05-17 11:10:45 [INFO] Epoch: 75 [25600/50000 (51%)]	 Training Loss: 0.733 ACC: 77.52 CR: 1.00 Avg R1: 0.00 Avg R2: 9.84 Avg Reward: 9.837162
2026-05-17 11:10:51 [INFO] Epoch: 75 [38400/50000 (77%)]	 Training Loss: 0.741 ACC: 77.43 CR: 1.00 Avg R1: 0.00 Avg R2: 9.84 Avg Reward: 9.835819
2026-05-17 11:10:57 [INFO] EPOCH:75, ======================CR:1.0====================
2026-05-17 11:10:57 [INFO] 0.05828335121330879
2026-05-17 11:10:59 [INFO] EPOCH:75, ======================ACC:65.52====================
2026-05-17 11:10:59 [INFO] BEST EPOCH:75,BEST ACC:65.52
2026-05-17 11:11:05 [INFO] Epoch: 76 [12800/50000 (26%)]	 Training Loss: 0.705 ACC: 78.56 CR: 1.00 Avg R1: 0.00 Avg R2: 9.85 Avg Reward: 9.853786
2026-05-17 11:11:11 [INFO] Epoch: 76 [25600/50000 (51%)]	 Training Loss: 0.713 ACC: 78.06 CR: 1.00 Avg R1: 0.00 Avg R2: 9.85 Avg Reward: 9.853039
2026-05-17 11:11:17 [INFO] Epoch: 76 [38400/50000 (77%)]	 Training Loss: 0.730 ACC: 77.71 CR: 1.00 Avg R1: 0.00 Avg R2: 9.85 Avg Reward: 9.851971
2026-05-17 11:11:23 [INFO] EPOCH:76, ======================CR:1.0====================
2026-05-17 11:11:23 [INFO] 0.06241617244484767
2026-05-17 11:11:25 [INFO] EPOCH:76, ======================ACC:64.59====================
2026-05-17 11:11:25 [INFO] BEST EPOCH:75,BEST ACC:65.52
2026-05-17 11:11:31 [INFO] Epoch: 77 [12800/50000 (26%)]	 Training Loss: 0.722 ACC: 77.62 CR: 1.00 Avg R1: 0.00 Avg R2: 9.86 Avg Reward: 9.862877
2026-05-17 11:11:37 [INFO] Epoch: 77 [25600/50000 (51%)]	 Training Loss: 0.706 ACC: 78.04 CR: 1.00 Avg R1: 0.00 Avg R2: 9.86 Avg Reward: 9.860239
2026-05-17 11:11:44 [INFO] Epoch: 77 [38400/50000 (77%)]	 Training Loss: 0.708 ACC: 77.97 CR: 1.00 Avg R1: 0.00 Avg R2: 9.86 Avg Reward: 9.857050
2026-05-17 11:11:50 [INFO] EPOCH:77, ======================CR:1.0====================
2026-05-17 11:11:50 [INFO] 0.0593586881454412
2026-05-17 11:11:51 [INFO] EPOCH:77, ======================ACC:63.84====================
2026-05-17 11:11:51 [INFO] BEST EPOCH:75,BEST ACC:65.52
2026-05-17 11:11:58 [INFO] Epoch: 78 [12800/50000 (26%)]	 Training Loss: 0.705 ACC: 77.95 CR: 1.00 Avg R1: 0.00 Avg R2: 9.84 Avg Reward: 9.844064
2026-05-17 11:12:04 [INFO] Epoch: 78 [25600/50000 (51%)]	 Training Loss: 0.691 ACC: 78.53 CR: 1.00 Avg R1: 0.00 Avg R2: 9.84 Avg Reward: 9.839631
2026-05-17 11:12:10 [INFO] Epoch: 78 [38400/50000 (77%)]	 Training Loss: 0.708 ACC: 77.89 CR: 1.00 Avg R1: 0.00 Avg R2: 9.83 Avg Reward: 9.833620
2026-05-17 11:12:16 [INFO] EPOCH:78, ======================CR:1.0====================
2026-05-17 11:12:16 [INFO] 0.0606299868677351
2026-05-17 11:12:18 [INFO] EPOCH:78, ======================ACC:63.8====================
2026-05-17 11:12:18 [INFO] BEST EPOCH:75,BEST ACC:65.52
2026-05-17 11:12:24 [INFO] Epoch: 79 [12800/50000 (26%)]	 Training Loss: 0.689 ACC: 78.60 CR: 1.00 Avg R1: 0.00 Avg R2: 9.83 Avg Reward: 9.829421
2026-05-17 11:12:30 [INFO] Epoch: 79 [25600/50000 (51%)]	 Training Loss: 0.676 ACC: 79.00 CR: 1.00 Avg R1: 0.00 Avg R2: 9.83 Avg Reward: 9.827006
2026-05-17 11:12:37 [INFO] Epoch: 79 [38400/50000 (77%)]	 Training Loss: 0.687 ACC: 78.58 CR: 1.00 Avg R1: 0.00 Avg R2: 9.83 Avg Reward: 9.825912
2026-05-17 11:12:43 [INFO] EPOCH:79, ======================CR:1.0====================
2026-05-17 11:12:43 [INFO] 0.05962563667540843
2026-05-17 11:12:44 [INFO] EPOCH:79, ======================ACC:64.55====================
2026-05-17 11:12:44 [INFO] BEST EPOCH:75,BEST ACC:65.52
2026-05-17 11:12:51 [INFO] Epoch: 80 [12800/50000 (26%)]	 Training Loss: 0.686 ACC: 78.87 CR: 1.00 Avg R1: 0.00 Avg R2: 9.85 Avg Reward: 9.847864
2026-05-17 11:12:57 [INFO] Epoch: 80 [25600/50000 (51%)]	 Training Loss: 0.683 ACC: 78.93 CR: 1.00 Avg R1: 0.00 Avg R2: 9.85 Avg Reward: 9.851035
2026-05-17 11:13:03 [INFO] Epoch: 80 [38400/50000 (77%)]	 Training Loss: 0.693 ACC: 78.58 CR: 1.00 Avg R1: 0.00 Avg R2: 9.85 Avg Reward: 9.854974
2026-05-17 11:13:09 [INFO] EPOCH:80, ======================CR:1.0====================
2026-05-17 11:13:09 [INFO] 0.054002226053819505
2026-05-17 11:13:11 [INFO] EPOCH:80, ======================ACC:64.35====================
2026-05-17 11:13:11 [INFO] BEST EPOCH:75,BEST ACC:65.52
2026-05-17 11:13:17 [INFO] Epoch: 81 [12800/50000 (26%)]	 Training Loss: 0.675 ACC: 79.29 CR: 1.00 Avg R1: 0.00 Avg R2: 9.90 Avg Reward: 9.898919
2026-05-17 11:13:23 [INFO] Epoch: 81 [25600/50000 (51%)]	 Training Loss: 0.673 ACC: 79.23 CR: 1.00 Avg R1: 0.00 Avg R2: 9.90 Avg Reward: 9.895186
2026-05-17 11:13:30 [INFO] Epoch: 81 [38400/50000 (77%)]	 Training Loss: 0.682 ACC: 78.98 CR: 1.00 Avg R1: 0.00 Avg R2: 9.89 Avg Reward: 9.891049
2026-05-17 11:13:36 [INFO] EPOCH:81, ======================CR:1.0====================
2026-05-17 11:13:36 [INFO] 0.06926109856898872
2026-05-17 11:13:38 [INFO] EPOCH:81, ======================ACC:63.63====================
2026-05-17 11:13:38 [INFO] BEST EPOCH:75,BEST ACC:65.52
2026-05-17 11:13:45 [INFO] Epoch: 82 [12800/50000 (26%)]	 Training Loss: 0.662 ACC: 79.55 CR: 1.00 Avg R1: 0.00 Avg R2: 9.90 Avg Reward: 9.898566
2026-05-17 11:13:51 [INFO] Epoch: 82 [25600/50000 (51%)]	 Training Loss: 0.655 ACC: 79.75 CR: 1.00 Avg R1: 0.00 Avg R2: 9.90 Avg Reward: 9.901637
2026-05-17 11:13:57 [INFO] Epoch: 82 [38400/50000 (77%)]	 Training Loss: 0.672 ACC: 79.08 CR: 1.00 Avg R1: 0.00 Avg R2: 9.90 Avg Reward: 9.903826
2026-05-17 11:14:03 [INFO] EPOCH:82, ======================CR:1.0====================
2026-05-17 11:14:03 [INFO] 0.07075484677949685
2026-05-17 11:14:05 [INFO] EPOCH:82, ======================ACC:64.96====================
2026-05-17 11:14:05 [INFO] BEST EPOCH:75,BEST ACC:65.52
2026-05-17 11:14:11 [INFO] Epoch: 83 [12800/50000 (26%)]	 Training Loss: 0.636 ACC: 80.61 CR: 1.00 Avg R1: 0.00 Avg R2: 9.96 Avg Reward: 9.956108
2026-05-17 11:14:17 [INFO] Epoch: 83 [25600/50000 (51%)]	 Training Loss: 0.657 ACC: 79.82 CR: 1.00 Avg R1: 0.00 Avg R2: 9.96 Avg Reward: 9.960301
2026-05-17 11:14:24 [INFO] Epoch: 83 [38400/50000 (77%)]	 Training Loss: 0.680 ACC: 79.08 CR: 1.00 Avg R1: 0.00 Avg R2: 9.96 Avg Reward: 9.964017
2026-05-17 11:14:29 [INFO] EPOCH:83, ======================CR:1.0====================
2026-05-17 11:14:29 [INFO] 0.06362581741873626
2026-05-17 11:14:31 [INFO] EPOCH:83, ======================ACC:64.94====================
2026-05-17 11:14:31 [INFO] BEST EPOCH:75,BEST ACC:65.52
2026-05-17 11:14:37 [INFO] Epoch: 84 [12800/50000 (26%)]	 Training Loss: 0.656 ACC: 79.66 CR: 1.00 Avg R1: 0.00 Avg R2: 9.99 Avg Reward: 9.987957
2026-05-17 11:14:44 [INFO] Epoch: 84 [25600/50000 (51%)]	 Training Loss: 0.647 ACC: 79.88 CR: 1.00 Avg R1: 0.00 Avg R2: 9.99 Avg Reward: 9.987864
2026-05-17 11:14:50 [INFO] Epoch: 84 [38400/50000 (77%)]	 Training Loss: 0.663 ACC: 79.48 CR: 1.00 Avg R1: 0.00 Avg R2: 9.99 Avg Reward: 9.987791
2026-05-17 11:14:56 [INFO] EPOCH:84, ======================CR:1.0====================
2026-05-17 11:14:56 [INFO] 0.06993762112602363
2026-05-17 11:14:58 [INFO] EPOCH:84, ======================ACC:65.83====================
2026-05-17 11:14:58 [INFO] BEST EPOCH:84,BEST ACC:65.83
2026-05-17 11:15:04 [INFO] Epoch: 85 [12800/50000 (26%)]	 Training Loss: 0.623 ACC: 80.88 CR: 1.00 Avg R1: 0.00 Avg R2: 9.99 Avg Reward: 9.988365
2026-05-17 11:15:11 [INFO] Epoch: 85 [25600/50000 (51%)]	 Training Loss: 0.634 ACC: 80.33 CR: 1.00 Avg R1: 0.00 Avg R2: 9.99 Avg Reward: 9.985579
2026-05-17 11:15:17 [INFO] Epoch: 85 [38400/50000 (77%)]	 Training Loss: 0.657 ACC: 79.64 CR: 1.00 Avg R1: 0.00 Avg R2: 9.98 Avg Reward: 9.983865
2026-05-17 11:15:23 [INFO] EPOCH:85, ======================CR:1.0====================
2026-05-17 11:15:23 [INFO] 0.06589219119589762
2026-05-17 11:15:24 [INFO] EPOCH:85, ======================ACC:60.82====================
2026-05-17 11:15:24 [INFO] BEST EPOCH:84,BEST ACC:65.83
2026-05-17 11:15:31 [INFO] Epoch: 86 [12800/50000 (26%)]	 Training Loss: 0.636 ACC: 80.55 CR: 1.00 Avg R1: 0.00 Avg R2: 10.01 Avg Reward: 10.006207
2026-05-17 11:15:37 [INFO] Epoch: 86 [25600/50000 (51%)]	 Training Loss: 0.632 ACC: 80.55 CR: 1.00 Avg R1: 0.00 Avg R2: 10.01 Avg Reward: 10.008123
2026-05-17 11:15:43 [INFO] Epoch: 86 [38400/50000 (77%)]	 Training Loss: 0.646 ACC: 80.03 CR: 1.00 Avg R1: 0.00 Avg R2: 10.01 Avg Reward: 10.010552
2026-05-17 11:15:49 [INFO] EPOCH:86, ======================CR:1.0====================
2026-05-17 11:15:49 [INFO] 0.07445232535586953
2026-05-17 11:15:51 [INFO] EPOCH:86, ======================ACC:67.0====================
2026-05-17 11:15:51 [INFO] BEST EPOCH:86,BEST ACC:67.0
2026-05-17 11:15:57 [INFO] Epoch: 87 [12800/50000 (26%)]	 Training Loss: 0.618 ACC: 80.71 CR: 1.00 Avg R1: 0.00 Avg R2: 10.02 Avg Reward: 10.022770
2026-05-17 11:16:03 [INFO] Epoch: 87 [25600/50000 (51%)]	 Training Loss: 0.622 ACC: 80.74 CR: 1.00 Avg R1: 0.00 Avg R2: 10.02 Avg Reward: 10.019575
2026-05-17 11:16:10 [INFO] Epoch: 87 [38400/50000 (77%)]	 Training Loss: 0.627 ACC: 80.58 CR: 1.00 Avg R1: 0.00 Avg R2: 10.02 Avg Reward: 10.018096
2026-05-17 11:16:15 [INFO] EPOCH:87, ======================CR:1.0====================
2026-05-17 11:16:15 [INFO] 0.08351409827971898
2026-05-17 11:16:17 [INFO] EPOCH:87, ======================ACC:65.83====================
2026-05-17 11:16:17 [INFO] BEST EPOCH:86,BEST ACC:67.0
2026-05-17 11:16:23 [INFO] Epoch: 88 [12800/50000 (26%)]	 Training Loss: 0.620 ACC: 80.95 CR: 1.00 Avg R1: 0.00 Avg R2: 10.04 Avg Reward: 10.041990
2026-05-17 11:16:30 [INFO] Epoch: 88 [25600/50000 (51%)]	 Training Loss: 0.630 ACC: 80.59 CR: 1.00 Avg R1: 0.00 Avg R2: 10.04 Avg Reward: 10.042132
2026-05-17 11:16:36 [INFO] Epoch: 88 [38400/50000 (77%)]	 Training Loss: 0.639 ACC: 80.22 CR: 1.00 Avg R1: 0.00 Avg R2: 10.04 Avg Reward: 10.042013
2026-05-17 11:16:42 [INFO] EPOCH:88, ======================CR:1.0====================
2026-05-17 11:16:42 [INFO] 0.07048215145992105
2026-05-17 11:16:43 [INFO] EPOCH:88, ======================ACC:65.85====================
2026-05-17 11:16:43 [INFO] BEST EPOCH:86,BEST ACC:67.0
2026-05-17 11:16:50 [INFO] Epoch: 89 [12800/50000 (26%)]	 Training Loss: 0.626 ACC: 80.90 CR: 1.00 Avg R1: 0.00 Avg R2: 10.10 Avg Reward: 10.095336
2026-05-17 11:16:56 [INFO] Epoch: 89 [25600/50000 (51%)]	 Training Loss: 0.622 ACC: 80.73 CR: 1.00 Avg R1: 0.00 Avg R2: 10.09 Avg Reward: 10.090860
2026-05-17 11:17:02 [INFO] Epoch: 89 [38400/50000 (77%)]	 Training Loss: 0.635 ACC: 80.27 CR: 1.00 Avg R1: 0.00 Avg R2: 10.09 Avg Reward: 10.086060
2026-05-17 11:17:08 [INFO] EPOCH:89, ======================CR:1.0====================
2026-05-17 11:17:08 [INFO] 0.0632169910015892
2026-05-17 11:17:10 [INFO] EPOCH:89, ======================ACC:63.5====================
2026-05-17 11:17:10 [INFO] BEST EPOCH:86,BEST ACC:67.0
2026-05-17 11:17:16 [INFO] Epoch: 90 [12800/50000 (26%)]	 Training Loss: 0.594 ACC: 81.60 CR: 1.00 Avg R1: 0.00 Avg R2: 10.07 Avg Reward: 10.068483
2026-05-17 11:17:22 [INFO] Epoch: 90 [25600/50000 (51%)]	 Training Loss: 0.591 ACC: 81.57 CR: 1.00 Avg R1: 0.00 Avg R2: 10.07 Avg Reward: 10.065335
2026-05-17 11:17:29 [INFO] Epoch: 90 [38400/50000 (77%)]	 Training Loss: 0.597 ACC: 81.33 CR: 1.00 Avg R1: 0.00 Avg R2: 10.06 Avg Reward: 10.061688
2026-05-17 11:17:34 [INFO] EPOCH:90, ======================CR:1.0====================
2026-05-17 11:17:34 [INFO] 0.06956190299713867
2026-05-17 11:17:36 [INFO] EPOCH:90, ======================ACC:66.19====================
2026-05-17 11:17:36 [INFO] BEST EPOCH:86,BEST ACC:67.0
2026-05-17 11:17:42 [INFO] Epoch: 91 [12800/50000 (26%)]	 Training Loss: 0.587 ACC: 81.73 CR: 1.00 Avg R1: 0.00 Avg R2: 10.04 Avg Reward: 10.036204
2026-05-17 11:17:49 [INFO] Epoch: 91 [25600/50000 (51%)]	 Training Loss: 0.583 ACC: 81.80 CR: 1.00 Avg R1: 0.00 Avg R2: 10.04 Avg Reward: 10.039785
2026-05-17 11:17:55 [INFO] Epoch: 91 [38400/50000 (77%)]	 Training Loss: 0.600 ACC: 81.34 CR: 1.00 Avg R1: 0.00 Avg R2: 10.04 Avg Reward: 10.043684
2026-05-17 11:18:01 [INFO] EPOCH:91, ======================CR:1.0====================
2026-05-17 11:18:01 [INFO] 0.07957398876684406
2026-05-17 11:18:02 [INFO] EPOCH:91, ======================ACC:66.91====================
2026-05-17 11:18:02 [INFO] BEST EPOCH:86,BEST ACC:67.0
2026-05-17 11:18:09 [INFO] Epoch: 92 [12800/50000 (26%)]	 Training Loss: 0.567 ACC: 82.36 CR: 1.00 Avg R1: 0.00 Avg R2: 10.12 Avg Reward: 10.121352
2026-05-17 11:18:15 [INFO] Epoch: 92 [25600/50000 (51%)]	 Training Loss: 0.571 ACC: 82.14 CR: 1.00 Avg R1: 0.00 Avg R2: 10.12 Avg Reward: 10.121723
2026-05-17 11:18:21 [INFO] Epoch: 92 [38400/50000 (77%)]	 Training Loss: 0.586 ACC: 81.67 CR: 1.00 Avg R1: 0.00 Avg R2: 10.12 Avg Reward: 10.122064
2026-05-17 11:18:27 [INFO] EPOCH:92, ======================CR:1.0====================
2026-05-17 11:18:27 [INFO] 0.07218380562688562
2026-05-17 11:18:28 [INFO] EPOCH:92, ======================ACC:66.33====================
2026-05-17 11:18:28 [INFO] BEST EPOCH:86,BEST ACC:67.0
2026-05-17 11:18:34 [INFO] Epoch: 93 [12800/50000 (26%)]	 Training Loss: 0.572 ACC: 82.34 CR: 1.00 Avg R1: 0.00 Avg R2: 10.11 Avg Reward: 10.110358
2026-05-17 11:18:41 [INFO] Epoch: 93 [25600/50000 (51%)]	 Training Loss: 0.567 ACC: 82.42 CR: 1.00 Avg R1: 0.00 Avg R2: 10.11 Avg Reward: 10.110629
2026-05-17 11:18:47 [INFO] Epoch: 93 [38400/50000 (77%)]	 Training Loss: 0.588 ACC: 81.65 CR: 1.00 Avg R1: 0.00 Avg R2: 10.11 Avg Reward: 10.110491
2026-05-17 11:18:52 [INFO] EPOCH:93, ======================CR:1.0====================
2026-05-17 11:18:52 [INFO] 0.07866973801784086
2026-05-17 11:18:54 [INFO] EPOCH:93, ======================ACC:66.31====================
2026-05-17 11:18:54 [INFO] BEST EPOCH:86,BEST ACC:67.0
2026-05-17 11:19:00 [INFO] Epoch: 94 [12800/50000 (26%)]	 Training Loss: 0.564 ACC: 82.23 CR: 1.00 Avg R1: 0.00 Avg R2: 10.15 Avg Reward: 10.145583
2026-05-17 11:19:07 [INFO] Epoch: 94 [25600/50000 (51%)]	 Training Loss: 0.573 ACC: 82.02 CR: 1.00 Avg R1: 0.00 Avg R2: 10.14 Avg Reward: 10.144845
2026-05-17 11:19:13 [INFO] Epoch: 94 [38400/50000 (77%)]	 Training Loss: 0.580 ACC: 81.88 CR: 1.00 Avg R1: 0.00 Avg R2: 10.14 Avg Reward: 10.144812
2026-05-17 11:19:18 [INFO] EPOCH:94, ======================CR:1.0====================
2026-05-17 11:19:18 [INFO] 0.07086172157055057
2026-05-17 11:19:20 [INFO] EPOCH:94, ======================ACC:65.74====================
2026-05-17 11:19:20 [INFO] BEST EPOCH:86,BEST ACC:67.0
2026-05-17 11:19:26 [INFO] Epoch: 95 [12800/50000 (26%)]	 Training Loss: 0.559 ACC: 82.80 CR: 1.00 Avg R1: 0.00 Avg R2: 10.18 Avg Reward: 10.182521
2026-05-17 11:19:32 [INFO] Epoch: 95 [25600/50000 (51%)]	 Training Loss: 0.574 ACC: 82.05 CR: 1.00 Avg R1: 0.00 Avg R2: 10.18 Avg Reward: 10.184191
2026-05-17 11:19:38 [INFO] Epoch: 95 [38400/50000 (77%)]	 Training Loss: 0.584 ACC: 81.75 CR: 1.00 Avg R1: 0.00 Avg R2: 10.19 Avg Reward: 10.186556
2026-05-17 11:19:44 [INFO] EPOCH:95, ======================CR:1.0====================
2026-05-17 11:19:44 [INFO] 0.0699978622085363
2026-05-17 11:19:46 [INFO] EPOCH:95, ======================ACC:66.7====================
2026-05-17 11:19:46 [INFO] BEST EPOCH:86,BEST ACC:67.0
2026-05-17 11:19:52 [INFO] Epoch: 96 [12800/50000 (26%)]	 Training Loss: 0.567 ACC: 82.12 CR: 1.00 Avg R1: 0.00 Avg R2: 10.22 Avg Reward: 10.215757
2026-05-17 11:19:58 [INFO] Epoch: 96 [25600/50000 (51%)]	 Training Loss: 0.550 ACC: 82.74 CR: 1.00 Avg R1: 0.00 Avg R2: 10.21 Avg Reward: 10.210975
2026-05-17 11:20:04 [INFO] Epoch: 96 [38400/50000 (77%)]	 Training Loss: 0.557 ACC: 82.59 CR: 1.00 Avg R1: 0.00 Avg R2: 10.21 Avg Reward: 10.206488
2026-05-17 11:20:10 [INFO] EPOCH:96, ======================CR:1.0====================
2026-05-17 11:20:10 [INFO] 0.07870019476899259
2026-05-17 11:20:11 [INFO] EPOCH:96, ======================ACC:64.81====================
2026-05-17 11:20:11 [INFO] BEST EPOCH:86,BEST ACC:67.0
2026-05-17 11:20:18 [INFO] Epoch: 97 [12800/50000 (26%)]	 Training Loss: 0.531 ACC: 83.41 CR: 1.00 Avg R1: 0.00 Avg R2: 10.16 Avg Reward: 10.160855
2026-05-17 11:20:24 [INFO] Epoch: 97 [25600/50000 (51%)]	 Training Loss: 0.528 ACC: 83.55 CR: 1.00 Avg R1: 0.00 Avg R2: 10.16 Avg Reward: 10.162241
2026-05-17 11:20:30 [INFO] Epoch: 97 [38400/50000 (77%)]	 Training Loss: 0.544 ACC: 83.02 CR: 1.00 Avg R1: 0.00 Avg R2: 10.16 Avg Reward: 10.162320
2026-05-17 11:20:36 [INFO] EPOCH:97, ======================CR:1.0====================
2026-05-17 11:20:36 [INFO] 0.06789245366328221
2026-05-17 11:20:37 [INFO] EPOCH:97, ======================ACC:67.08====================
2026-05-17 11:20:37 [INFO] BEST EPOCH:97,BEST ACC:67.08
2026-05-17 11:20:43 [INFO] Epoch: 98 [12800/50000 (26%)]	 Training Loss: 0.518 ACC: 83.91 CR: 1.00 Avg R1: 0.00 Avg R2: 10.17 Avg Reward: 10.168355
2026-05-17 11:20:49 [INFO] Epoch: 98 [25600/50000 (51%)]	 Training Loss: 0.525 ACC: 83.73 CR: 1.00 Avg R1: 0.00 Avg R2: 10.17 Avg Reward: 10.171914
2026-05-17 11:20:56 [INFO] Epoch: 98 [38400/50000 (77%)]	 Training Loss: 0.537 ACC: 83.41 CR: 1.00 Avg R1: 0.00 Avg R2: 10.17 Avg Reward: 10.174726
2026-05-17 11:21:01 [INFO] EPOCH:98, ======================CR:1.0====================
2026-05-17 11:21:01 [INFO] 0.07436435372709009
2026-05-17 11:21:03 [INFO] EPOCH:98, ======================ACC:65.95====================
2026-05-17 11:21:03 [INFO] BEST EPOCH:97,BEST ACC:67.08
2026-05-17 11:21:09 [INFO] Epoch: 99 [12800/50000 (26%)]	 Training Loss: 0.521 ACC: 83.52 CR: 1.00 Avg R1: 0.00 Avg R2: 10.24 Avg Reward: 10.235653
2026-05-17 11:21:15 [INFO] Epoch: 99 [25600/50000 (51%)]	 Training Loss: 0.526 ACC: 83.60 CR: 1.00 Avg R1: 0.00 Avg R2: 10.23 Avg Reward: 10.230528
2026-05-17 11:21:21 [INFO] Epoch: 99 [38400/50000 (77%)]	 Training Loss: 0.532 ACC: 83.27 CR: 1.00 Avg R1: 0.00 Avg R2: 10.22 Avg Reward: 10.224705
2026-05-17 11:21:27 [INFO] EPOCH:99, ======================CR:1.0====================
2026-05-17 11:21:27 [INFO] 0.08468557198253979
2026-05-17 11:21:29 [INFO] EPOCH:99, ======================ACC:65.84====================
2026-05-17 11:21:29 [INFO] BEST EPOCH:97,BEST ACC:67.08
2026-05-17 11:21:35 [INFO] Epoch: 100 [12800/50000 (26%)]	 Training Loss: 0.513 ACC: 83.92 CR: 1.00 Avg R1: 0.00 Avg R2: 10.21 Avg Reward: 10.208892
2026-05-17 11:21:41 [INFO] Epoch: 100 [25600/50000 (51%)]	 Training Loss: 0.520 ACC: 83.80 CR: 1.00 Avg R1: 0.00 Avg R2: 10.21 Avg Reward: 10.208159
2026-05-17 11:21:47 [INFO] Epoch: 100 [38400/50000 (77%)]	 Training Loss: 0.529 ACC: 83.44 CR: 1.00 Avg R1: 0.00 Avg R2: 10.21 Avg Reward: 10.208335
2026-05-17 11:21:53 [INFO] EPOCH:100, ======================CR:1.0====================
2026-05-17 11:21:53 [INFO] 0.0949805734454582
2026-05-17 11:21:55 [INFO] EPOCH:100, ======================ACC:67.31====================
2026-05-17 11:21:55 [INFO] BEST EPOCH:100,BEST ACC:67.31
2026-05-17 11:22:01 [INFO] Epoch: 101 [12800/50000 (26%)]	 Training Loss: 0.496 ACC: 84.66 CR: 1.00 Avg R1: 0.00 Avg R2: 10.24 Avg Reward: 10.237816
2026-05-17 11:22:07 [INFO] Epoch: 101 [25600/50000 (51%)]	 Training Loss: 0.498 ACC: 84.64 CR: 1.00 Avg R1: 0.00 Avg R2: 10.24 Avg Reward: 10.236303
2026-05-17 11:22:13 [INFO] Epoch: 101 [38400/50000 (77%)]	 Training Loss: 0.502 ACC: 84.47 CR: 1.00 Avg R1: 0.00 Avg R2: 10.23 Avg Reward: 10.234715
2026-05-17 11:22:19 [INFO] EPOCH:101, ======================CR:1.0====================
2026-05-17 11:22:19 [INFO] 0.08606444283408975
2026-05-17 11:22:20 [INFO] EPOCH:101, ======================ACC:64.77====================
2026-05-17 11:22:20 [INFO] BEST EPOCH:100,BEST ACC:67.31
2026-05-17 11:22:26 [INFO] Epoch: 102 [12800/50000 (26%)]	 Training Loss: 0.508 ACC: 84.25 CR: 1.00 Avg R1: 0.00 Avg R2: 10.24 Avg Reward: 10.240228
2026-05-17 11:22:33 [INFO] Epoch: 102 [25600/50000 (51%)]	 Training Loss: 0.512 ACC: 83.93 CR: 1.00 Avg R1: 0.00 Avg R2: 10.24 Avg Reward: 10.239788
2026-05-17 11:22:39 [INFO] Epoch: 102 [38400/50000 (77%)]	 Training Loss: 0.515 ACC: 83.90 CR: 1.00 Avg R1: 0.00 Avg R2: 10.24 Avg Reward: 10.239059
2026-05-17 11:22:44 [INFO] EPOCH:102, ======================CR:1.0====================
2026-05-17 11:22:44 [INFO] 0.08585417527876253
2026-05-17 11:22:46 [INFO] EPOCH:102, ======================ACC:67.01====================
2026-05-17 11:22:46 [INFO] BEST EPOCH:100,BEST ACC:67.31
2026-05-17 11:22:52 [INFO] Epoch: 103 [12800/50000 (26%)]	 Training Loss: 0.477 ACC: 85.07 CR: 1.00 Avg R1: 0.00 Avg R2: 10.22 Avg Reward: 10.223862
2026-05-17 11:22:58 [INFO] Epoch: 103 [25600/50000 (51%)]	 Training Loss: 0.486 ACC: 84.63 CR: 1.00 Avg R1: 0.00 Avg R2: 10.21 Avg Reward: 10.214426
2026-05-17 11:23:04 [INFO] Epoch: 103 [38400/50000 (77%)]	 Training Loss: 0.490 ACC: 84.49 CR: 1.00 Avg R1: 0.00 Avg R2: 10.21 Avg Reward: 10.205297
2026-05-17 11:23:10 [INFO] EPOCH:103, ======================CR:1.0====================
2026-05-17 11:23:10 [INFO] 0.08557279116041881
2026-05-17 11:23:12 [INFO] EPOCH:103, ======================ACC:67.88====================
2026-05-17 11:23:12 [INFO] BEST EPOCH:103,BEST ACC:67.88
2026-05-17 11:23:18 [INFO] Epoch: 104 [12800/50000 (26%)]	 Training Loss: 0.486 ACC: 84.77 CR: 1.00 Avg R1: 0.00 Avg R2: 10.17 Avg Reward: 10.167774
2026-05-17 11:23:24 [INFO] Epoch: 104 [25600/50000 (51%)]	 Training Loss: 0.470 ACC: 85.34 CR: 1.00 Avg R1: 0.00 Avg R2: 10.17 Avg Reward: 10.171288
2026-05-17 11:23:30 [INFO] Epoch: 104 [38400/50000 (77%)]	 Training Loss: 0.479 ACC: 85.03 CR: 1.00 Avg R1: 0.00 Avg R2: 10.18 Avg Reward: 10.175009
2026-05-17 11:23:36 [INFO] EPOCH:104, ======================CR:1.0====================
2026-05-17 11:23:36 [INFO] 0.08710283361027729
2026-05-17 11:23:37 [INFO] EPOCH:104, ======================ACC:68.56====================
2026-05-17 11:23:37 [INFO] BEST EPOCH:104,BEST ACC:68.56
2026-05-17 11:23:44 [INFO] Epoch: 105 [12800/50000 (26%)]	 Training Loss: 0.472 ACC: 85.22 CR: 1.00 Avg R1: 0.00 Avg R2: 10.22 Avg Reward: 10.218879
2026-05-17 11:23:50 [INFO] Epoch: 105 [25600/50000 (51%)]	 Training Loss: 0.472 ACC: 85.29 CR: 1.00 Avg R1: 0.00 Avg R2: 10.22 Avg Reward: 10.220624
2026-05-17 11:23:56 [INFO] Epoch: 105 [38400/50000 (77%)]	 Training Loss: 0.482 ACC: 84.97 CR: 1.00 Avg R1: 0.00 Avg R2: 10.22 Avg Reward: 10.222043
2026-05-17 11:24:02 [INFO] EPOCH:105, ======================CR:1.0====================
2026-05-17 11:24:02 [INFO] 0.08147574613053622
2026-05-17 11:24:03 [INFO] EPOCH:105, ======================ACC:67.81====================
2026-05-17 11:24:03 [INFO] BEST EPOCH:104,BEST ACC:68.56
2026-05-17 11:24:09 [INFO] Epoch: 106 [12800/50000 (26%)]	 Training Loss: 0.456 ACC: 85.47 CR: 1.00 Avg R1: 0.00 Avg R2: 10.26 Avg Reward: 10.257228
2026-05-17 11:24:16 [INFO] Epoch: 106 [25600/50000 (51%)]	 Training Loss: 0.458 ACC: 85.43 CR: 1.00 Avg R1: 0.00 Avg R2: 10.25 Avg Reward: 10.251251
2026-05-17 11:24:22 [INFO] Epoch: 106 [38400/50000 (77%)]	 Training Loss: 0.470 ACC: 85.11 CR: 1.00 Avg R1: 0.00 Avg R2: 10.24 Avg Reward: 10.244607
2026-05-17 11:24:27 [INFO] EPOCH:106, ======================CR:1.0====================
2026-05-17 11:24:27 [INFO] 0.10033372926409925
2026-05-17 11:24:29 [INFO] EPOCH:106, ======================ACC:68.74====================
2026-05-17 11:24:29 [INFO] BEST EPOCH:106,BEST ACC:68.74
2026-05-17 11:24:35 [INFO] Epoch: 107 [12800/50000 (26%)]	 Training Loss: 0.447 ACC: 85.49 CR: 1.00 Avg R1: 0.00 Avg R2: 10.20 Avg Reward: 10.198999
2026-05-17 11:24:41 [INFO] Epoch: 107 [25600/50000 (51%)]	 Training Loss: 0.454 ACC: 85.60 CR: 1.00 Avg R1: 0.00 Avg R2: 10.20 Avg Reward: 10.201277
2026-05-17 11:24:47 [INFO] Epoch: 107 [38400/50000 (77%)]	 Training Loss: 0.461 ACC: 85.36 CR: 1.00 Avg R1: 0.00 Avg R2: 10.20 Avg Reward: 10.203067
2026-05-17 11:24:53 [INFO] EPOCH:107, ======================CR:1.0====================
2026-05-17 11:24:53 [INFO] 0.09934232677526973
2026-05-17 11:24:55 [INFO] EPOCH:107, ======================ACC:69.02====================
2026-05-17 11:24:55 [INFO] BEST EPOCH:107,BEST ACC:69.02
2026-05-17 11:25:01 [INFO] Epoch: 108 [12800/50000 (26%)]	 Training Loss: 0.420 ACC: 86.71 CR: 1.00 Avg R1: 0.00 Avg R2: 10.22 Avg Reward: 10.219275
2026-05-17 11:25:07 [INFO] Epoch: 108 [25600/50000 (51%)]	 Training Loss: 0.424 ACC: 86.55 CR: 1.00 Avg R1: 0.00 Avg R2: 10.22 Avg Reward: 10.217824
2026-05-17 11:25:13 [INFO] Epoch: 108 [38400/50000 (77%)]	 Training Loss: 0.436 ACC: 86.12 CR: 1.00 Avg R1: 0.00 Avg R2: 10.22 Avg Reward: 10.216930
2026-05-17 11:25:19 [INFO] EPOCH:108, ======================CR:1.0====================
2026-05-17 11:25:19 [INFO] 0.09566302518519376
2026-05-17 11:25:21 [INFO] EPOCH:108, ======================ACC:69.1====================
2026-05-17 11:25:21 [INFO] BEST EPOCH:108,BEST ACC:69.1
2026-05-17 11:25:27 [INFO] Epoch: 109 [12800/50000 (26%)]	 Training Loss: 0.411 ACC: 86.86 CR: 1.00 Avg R1: 0.00 Avg R2: 10.21 Avg Reward: 10.208600
2026-05-17 11:25:33 [INFO] Epoch: 109 [25600/50000 (51%)]	 Training Loss: 0.426 ACC: 86.44 CR: 1.00 Avg R1: 0.00 Avg R2: 10.20 Avg Reward: 10.197220
2026-05-17 11:25:39 [INFO] Epoch: 109 [38400/50000 (77%)]	 Training Loss: 0.435 ACC: 86.13 CR: 1.00 Avg R1: 0.00 Avg R2: 10.19 Avg Reward: 10.187249
2026-05-17 11:25:45 [INFO] EPOCH:109, ======================CR:1.0====================
2026-05-17 11:25:45 [INFO] 0.10959412932450721
2026-05-17 11:25:46 [INFO] EPOCH:109, ======================ACC:67.27====================
2026-05-17 11:25:46 [INFO] BEST EPOCH:108,BEST ACC:69.1
2026-05-17 11:25:53 [INFO] Epoch: 110 [12800/50000 (26%)]	 Training Loss: 0.411 ACC: 86.98 CR: 1.00 Avg R1: 0.00 Avg R2: 10.14 Avg Reward: 10.144194
2026-05-17 11:25:59 [INFO] Epoch: 110 [25600/50000 (51%)]	 Training Loss: 0.414 ACC: 86.85 CR: 1.00 Avg R1: 0.00 Avg R2: 10.14 Avg Reward: 10.139127
2026-05-17 11:26:05 [INFO] Epoch: 110 [38400/50000 (77%)]	 Training Loss: 0.422 ACC: 86.58 CR: 1.00 Avg R1: 0.00 Avg R2: 10.13 Avg Reward: 10.133612
2026-05-17 11:26:11 [INFO] EPOCH:110, ======================CR:0.99994====================
2026-05-17 11:26:11 [INFO] 0.10713625579046838
2026-05-17 11:26:12 [INFO] EPOCH:110, ======================ACC:68.33====================
2026-05-17 11:26:12 [INFO] BEST EPOCH:108,BEST ACC:69.1
2026-05-17 11:26:19 [INFO] Epoch: 111 [12800/50000 (26%)]	 Training Loss: 0.391 ACC: 87.57 CR: 1.00 Avg R1: 0.00 Avg R2: 10.10 Avg Reward: 10.099176
2026-05-17 11:26:25 [INFO] Epoch: 111 [25600/50000 (51%)]	 Training Loss: 0.395 ACC: 87.42 CR: 1.00 Avg R1: 0.00 Avg R2: 10.09 Avg Reward: 10.094564
2026-05-17 11:26:31 [INFO] Epoch: 111 [38400/50000 (77%)]	 Training Loss: 0.409 ACC: 86.86 CR: 1.00 Avg R1: 0.00 Avg R2: 10.08 Avg Reward: 10.084191
2026-05-17 11:26:37 [INFO] EPOCH:111, ======================CR:0.99972====================
2026-05-17 11:26:37 [INFO] 0.1137752951057944
2026-05-17 11:26:38 [INFO] EPOCH:111, ======================ACC:69.31====================
2026-05-17 11:26:38 [INFO] BEST EPOCH:111,BEST ACC:69.31
2026-05-17 11:26:45 [INFO] Epoch: 112 [12800/50000 (26%)]	 Training Loss: 0.399 ACC: 87.39 CR: 1.00 Avg R1: 0.01 Avg R2: 10.02 Avg Reward: 10.029220
2026-05-17 11:26:51 [INFO] Epoch: 112 [25600/50000 (51%)]	 Training Loss: 0.401 ACC: 87.39 CR: 1.00 Avg R1: 0.01 Avg R2: 10.03 Avg Reward: 10.041822
2026-05-17 11:26:57 [INFO] Epoch: 112 [38400/50000 (77%)]	 Training Loss: 0.413 ACC: 87.05 CR: 1.00 Avg R1: 0.01 Avg R2: 10.05 Avg Reward: 10.054079
2026-05-17 11:27:03 [INFO] EPOCH:112, ======================CR:0.99996====================
2026-05-17 11:27:03 [INFO] 0.09409446389175889
2026-05-17 11:27:04 [INFO] EPOCH:112, ======================ACC:67.81====================
2026-05-17 11:27:04 [INFO] BEST EPOCH:111,BEST ACC:69.31
2026-05-17 11:27:11 [INFO] Epoch: 113 [12800/50000 (26%)]	 Training Loss: 0.401 ACC: 87.65 CR: 1.00 Avg R1: 0.00 Avg R2: 10.13 Avg Reward: 10.127500
2026-05-17 11:27:17 [INFO] Epoch: 113 [25600/50000 (51%)]	 Training Loss: 0.393 ACC: 87.74 CR: 1.00 Avg R1: 0.00 Avg R2: 10.13 Avg Reward: 10.129416
2026-05-17 11:27:23 [INFO] Epoch: 113 [38400/50000 (77%)]	 Training Loss: 0.396 ACC: 87.59 CR: 1.00 Avg R1: 0.00 Avg R2: 10.13 Avg Reward: 10.131576
2026-05-17 11:27:29 [INFO] EPOCH:113, ======================CR:0.99998====================
2026-05-17 11:27:29 [INFO] 0.09017423094265428
2026-05-17 11:27:30 [INFO] EPOCH:113, ======================ACC:69.43====================
2026-05-17 11:27:30 [INFO] BEST EPOCH:113,BEST ACC:69.43
2026-05-17 11:27:37 [INFO] Epoch: 114 [12800/50000 (26%)]	 Training Loss: 0.382 ACC: 87.90 CR: 1.00 Avg R1: 0.00 Avg R2: 10.11 Avg Reward: 10.113970
2026-05-17 11:27:43 [INFO] Epoch: 114 [25600/50000 (51%)]	 Training Loss: 0.386 ACC: 87.79 CR: 1.00 Avg R1: 0.00 Avg R2: 10.11 Avg Reward: 10.113634
2026-05-17 11:27:49 [INFO] Epoch: 114 [38400/50000 (77%)]	 Training Loss: 0.394 ACC: 87.61 CR: 1.00 Avg R1: 0.00 Avg R2: 10.11 Avg Reward: 10.113420
2026-05-17 11:27:55 [INFO] EPOCH:114, ======================CR:0.99988====================
2026-05-17 11:27:55 [INFO] 0.10264465880172355
2026-05-17 11:27:56 [INFO] EPOCH:114, ======================ACC:67.84====================
2026-05-17 11:27:56 [INFO] BEST EPOCH:113,BEST ACC:69.43
2026-05-17 11:28:02 [INFO] Epoch: 115 [12800/50000 (26%)]	 Training Loss: 0.393 ACC: 87.80 CR: 1.00 Avg R1: 0.01 Avg R2: 10.15 Avg Reward: 10.159205
2026-05-17 11:28:09 [INFO] Epoch: 115 [25600/50000 (51%)]	 Training Loss: 0.386 ACC: 87.89 CR: 1.00 Avg R1: 0.01 Avg R2: 10.15 Avg Reward: 10.159282
2026-05-17 11:28:15 [INFO] Epoch: 115 [38400/50000 (77%)]	 Training Loss: 0.395 ACC: 87.54 CR: 1.00 Avg R1: 0.00 Avg R2: 10.15 Avg Reward: 10.156784
2026-05-17 11:28:21 [INFO] EPOCH:115, ======================CR:0.99998====================
2026-05-17 11:28:21 [INFO] 0.08384199828434398
2026-05-17 11:28:22 [INFO] EPOCH:115, ======================ACC:67.3====================
2026-05-17 11:28:22 [INFO] BEST EPOCH:113,BEST ACC:69.43
2026-05-17 11:28:28 [INFO] Epoch: 116 [12800/50000 (26%)]	 Training Loss: 0.372 ACC: 88.13 CR: 1.00 Avg R1: 0.00 Avg R2: 10.14 Avg Reward: 10.139821
2026-05-17 11:28:35 [INFO] Epoch: 116 [25600/50000 (51%)]	 Training Loss: 0.370 ACC: 88.23 CR: 1.00 Avg R1: 0.00 Avg R2: 10.14 Avg Reward: 10.138447
2026-05-17 11:28:41 [INFO] Epoch: 116 [38400/50000 (77%)]	 Training Loss: 0.380 ACC: 87.97 CR: 1.00 Avg R1: 0.00 Avg R2: 10.14 Avg Reward: 10.138410
2026-05-17 11:28:46 [INFO] EPOCH:116, ======================CR:0.99996====================
2026-05-17 11:28:46 [INFO] 0.08790965398288429
2026-05-17 11:28:48 [INFO] EPOCH:116, ======================ACC:69.73====================
2026-05-17 11:28:48 [INFO] BEST EPOCH:116,BEST ACC:69.73
2026-05-17 11:28:54 [INFO] Epoch: 117 [12800/50000 (26%)]	 Training Loss: 0.369 ACC: 88.23 CR: 1.00 Avg R1: 0.00 Avg R2: 10.14 Avg Reward: 10.139383
2026-05-17 11:29:00 [INFO] Epoch: 117 [25600/50000 (51%)]	 Training Loss: 0.372 ACC: 88.21 CR: 1.00 Avg R1: 0.00 Avg R2: 10.14 Avg Reward: 10.141079
2026-05-17 11:29:06 [INFO] Epoch: 117 [38400/50000 (77%)]	 Training Loss: 0.379 ACC: 87.92 CR: 1.00 Avg R1: 0.00 Avg R2: 10.14 Avg Reward: 10.144040
2026-05-17 11:29:12 [INFO] EPOCH:117, ======================CR:0.99996====================
2026-05-17 11:29:12 [INFO] 0.09069072832344743
2026-05-17 11:29:14 [INFO] EPOCH:117, ======================ACC:69.35====================
2026-05-17 11:29:14 [INFO] BEST EPOCH:116,BEST ACC:69.73
2026-05-17 11:29:20 [INFO] Epoch: 118 [12800/50000 (26%)]	 Training Loss: 0.370 ACC: 88.70 CR: 1.00 Avg R1: 0.00 Avg R2: 10.19 Avg Reward: 10.191430
2026-05-17 11:29:26 [INFO] Epoch: 118 [25600/50000 (51%)]	 Training Loss: 0.367 ACC: 88.82 CR: 1.00 Avg R1: 0.00 Avg R2: 10.20 Avg Reward: 10.202008
2026-05-17 11:29:32 [INFO] Epoch: 118 [38400/50000 (77%)]	 Training Loss: 0.369 ACC: 88.65 CR: 1.00 Avg R1: 0.00 Avg R2: 10.21 Avg Reward: 10.212883
2026-05-17 11:29:38 [INFO] EPOCH:118, ======================CR:1.0====================
2026-05-17 11:29:38 [INFO] 0.08514185141944475
2026-05-17 11:29:39 [INFO] EPOCH:118, ======================ACC:69.78====================
2026-05-17 11:29:39 [INFO] BEST EPOCH:118,BEST ACC:69.78
2026-05-17 11:29:46 [INFO] Epoch: 119 [12800/50000 (26%)]	 Training Loss: 0.343 ACC: 89.45 CR: 1.00 Avg R1: 0.00 Avg R2: 10.26 Avg Reward: 10.264276
2026-05-17 11:29:52 [INFO] Epoch: 119 [25600/50000 (51%)]	 Training Loss: 0.344 ACC: 89.37 CR: 1.00 Avg R1: 0.00 Avg R2: 10.27 Avg Reward: 10.265918
2026-05-17 11:29:58 [INFO] Epoch: 119 [38400/50000 (77%)]	 Training Loss: 0.353 ACC: 89.04 CR: 1.00 Avg R1: 0.00 Avg R2: 10.27 Avg Reward: 10.267176
2026-05-17 11:30:03 [INFO] EPOCH:119, ======================CR:1.0====================
2026-05-17 11:30:03 [INFO] 0.098220350573252
2026-05-17 11:30:05 [INFO] EPOCH:119, ======================ACC:69.81====================
2026-05-17 11:30:05 [INFO] BEST EPOCH:119,BEST ACC:69.81
2026-05-17 11:30:11 [INFO] Epoch: 120 [12800/50000 (26%)]	 Training Loss: 0.342 ACC: 89.39 CR: 1.00 Avg R1: 0.00 Avg R2: 10.28 Avg Reward: 10.277715
2026-05-17 11:30:17 [INFO] Epoch: 120 [25600/50000 (51%)]	 Training Loss: 0.346 ACC: 89.27 CR: 1.00 Avg R1: 0.00 Avg R2: 10.28 Avg Reward: 10.276390
2026-05-17 11:30:24 [INFO] Epoch: 120 [38400/50000 (77%)]	 Training Loss: 0.350 ACC: 89.11 CR: 1.00 Avg R1: 0.00 Avg R2: 10.27 Avg Reward: 10.274629
2026-05-17 11:30:29 [INFO] EPOCH:120, ======================CR:1.0====================
2026-05-17 11:30:29 [INFO] 0.09430834233995385
2026-05-17 11:30:31 [INFO] EPOCH:120, ======================ACC:68.93====================
2026-05-17 11:30:31 [INFO] BEST EPOCH:119,BEST ACC:69.81
2026-05-17 11:30:37 [INFO] Epoch: 121 [12800/50000 (26%)]	 Training Loss: 0.339 ACC: 89.31 CR: 1.00 Avg R1: 0.00 Avg R2: 10.28 Avg Reward: 10.279108
2026-05-17 11:30:43 [INFO] Epoch: 121 [25600/50000 (51%)]	 Training Loss: 0.340 ACC: 89.25 CR: 1.00 Avg R1: 0.00 Avg R2: 10.28 Avg Reward: 10.276826
2026-05-17 11:30:49 [INFO] Epoch: 121 [38400/50000 (77%)]	 Training Loss: 0.345 ACC: 89.15 CR: 1.00 Avg R1: 0.00 Avg R2: 10.28 Avg Reward: 10.275830
2026-05-17 11:30:55 [INFO] EPOCH:121, ======================CR:1.0====================
2026-05-17 11:30:55 [INFO] 0.09974202042198188
2026-05-17 11:30:57 [INFO] EPOCH:121, ======================ACC:70.96====================
2026-05-17 11:30:57 [INFO] BEST EPOCH:121,BEST ACC:70.96
2026-05-17 11:31:03 [INFO] Epoch: 122 [12800/50000 (26%)]	 Training Loss: 0.330 ACC: 89.95 CR: 1.00 Avg R1: 0.00 Avg R2: 10.26 Avg Reward: 10.261161
2026-05-17 11:31:09 [INFO] Epoch: 122 [25600/50000 (51%)]	 Training Loss: 0.330 ACC: 89.86 CR: 1.00 Avg R1: 0.00 Avg R2: 10.26 Avg Reward: 10.256723
2026-05-17 11:31:15 [INFO] Epoch: 122 [38400/50000 (77%)]	 Training Loss: 0.332 ACC: 89.67 CR: 1.00 Avg R1: 0.00 Avg R2: 10.25 Avg Reward: 10.250701
2026-05-17 11:31:21 [INFO] EPOCH:122, ======================CR:0.99994====================
2026-05-17 11:31:21 [INFO] 0.09687133943629117
2026-05-17 11:31:22 [INFO] EPOCH:122, ======================ACC:69.28====================
2026-05-17 11:31:22 [INFO] BEST EPOCH:121,BEST ACC:70.96
2026-05-17 11:31:28 [INFO] Epoch: 123 [12800/50000 (26%)]	 Training Loss: 0.335 ACC: 89.50 CR: 1.00 Avg R1: 0.00 Avg R2: 10.20 Avg Reward: 10.206522
2026-05-17 11:31:35 [INFO] Epoch: 123 [25600/50000 (51%)]	 Training Loss: 0.330 ACC: 89.69 CR: 1.00 Avg R1: 0.00 Avg R2: 10.20 Avg Reward: 10.202291
2026-05-17 11:31:41 [INFO] Epoch: 123 [38400/50000 (77%)]	 Training Loss: 0.328 ACC: 89.77 CR: 1.00 Avg R1: 0.00 Avg R2: 10.19 Avg Reward: 10.197108
2026-05-17 11:31:46 [INFO] EPOCH:123, ======================CR:1.0====================
2026-05-17 11:31:46 [INFO] 0.1028302897613477
2026-05-17 11:31:48 [INFO] EPOCH:123, ======================ACC:70.27====================
2026-05-17 11:31:48 [INFO] BEST EPOCH:121,BEST ACC:70.96
2026-05-17 11:31:54 [INFO] Epoch: 124 [12800/50000 (26%)]	 Training Loss: 0.320 ACC: 89.99 CR: 1.00 Avg R1: 0.00 Avg R2: 10.19 Avg Reward: 10.190494
2026-05-17 11:32:00 [INFO] Epoch: 124 [25600/50000 (51%)]	 Training Loss: 0.326 ACC: 89.81 CR: 1.00 Avg R1: 0.00 Avg R2: 10.20 Avg Reward: 10.195930
2026-05-17 11:32:07 [INFO] Epoch: 124 [38400/50000 (77%)]	 Training Loss: 0.328 ACC: 89.82 CR: 1.00 Avg R1: 0.00 Avg R2: 10.20 Avg Reward: 10.201550
2026-05-17 11:32:12 [INFO] EPOCH:124, ======================CR:0.99998====================
2026-05-17 11:32:12 [INFO] 0.08990067531661523
2026-05-17 11:32:14 [INFO] EPOCH:124, ======================ACC:70.32====================
2026-05-17 11:32:14 [INFO] BEST EPOCH:121,BEST ACC:70.96
2026-05-17 11:32:20 [INFO] Epoch: 125 [12800/50000 (26%)]	 Training Loss: 0.307 ACC: 90.51 CR: 1.00 Avg R1: 0.00 Avg R2: 10.22 Avg Reward: 10.219103
2026-05-17 11:32:26 [INFO] Epoch: 125 [25600/50000 (51%)]	 Training Loss: 0.302 ACC: 90.69 CR: 1.00 Avg R1: 0.00 Avg R2: 10.21 Avg Reward: 10.217143
2026-05-17 11:32:32 [INFO] Epoch: 125 [38400/50000 (77%)]	 Training Loss: 0.306 ACC: 90.49 CR: 1.00 Avg R1: 0.00 Avg R2: 10.21 Avg Reward: 10.215228
2026-05-17 11:32:38 [INFO] EPOCH:125, ======================CR:0.99994====================
2026-05-17 11:32:38 [INFO] 0.09055956821908559
2026-05-17 11:32:40 [INFO] EPOCH:125, ======================ACC:69.93====================
2026-05-17 11:32:40 [INFO] BEST EPOCH:121,BEST ACC:70.96
2026-05-17 11:32:46 [INFO] Epoch: 126 [12800/50000 (26%)]	 Training Loss: 0.272 ACC: 91.59 CR: 1.00 Avg R1: 0.00 Avg R2: 10.17 Avg Reward: 10.176829
2026-05-17 11:32:52 [INFO] Epoch: 126 [25600/50000 (51%)]	 Training Loss: 0.270 ACC: 91.61 CR: 1.00 Avg R1: 0.01 Avg R2: 10.16 Avg Reward: 10.164854
2026-05-17 11:32:58 [INFO] Epoch: 126 [38400/50000 (77%)]	 Training Loss: 0.278 ACC: 91.33 CR: 1.00 Avg R1: 0.01 Avg R2: 10.14 Avg Reward: 10.151050
2026-05-17 11:33:04 [INFO] EPOCH:126, ======================CR:0.99972====================
2026-05-17 11:33:04 [INFO] 0.11188329851874997
2026-05-17 11:33:05 [INFO] EPOCH:126, ======================ACC:70.77====================
2026-05-17 11:33:05 [INFO] BEST EPOCH:121,BEST ACC:70.96
2026-05-17 11:33:12 [INFO] Epoch: 127 [12800/50000 (26%)]	 Training Loss: 0.276 ACC: 91.40 CR: 1.00 Avg R1: 0.02 Avg R2: 10.06 Avg Reward: 10.073270
2026-05-17 11:33:18 [INFO] Epoch: 127 [25600/50000 (51%)]	 Training Loss: 0.277 ACC: 91.32 CR: 1.00 Avg R1: 0.02 Avg R2: 10.06 Avg Reward: 10.074683
2026-05-17 11:33:24 [INFO] Epoch: 127 [38400/50000 (77%)]	 Training Loss: 0.288 ACC: 90.95 CR: 1.00 Avg R1: 0.02 Avg R2: 10.06 Avg Reward: 10.074305
2026-05-17 11:33:30 [INFO] EPOCH:127, ======================CR:0.99978====================
2026-05-17 11:33:30 [INFO] 0.09973291748096001
2026-05-17 11:33:31 [INFO] EPOCH:127, ======================ACC:71.11====================
2026-05-17 11:33:31 [INFO] BEST EPOCH:127,BEST ACC:71.11
2026-05-17 11:33:37 [INFO] Epoch: 128 [12800/50000 (26%)]	 Training Loss: 0.259 ACC: 92.20 CR: 1.00 Avg R1: 0.01 Avg R2: 10.07 Avg Reward: 10.077848
2026-05-17 11:33:44 [INFO] Epoch: 128 [25600/50000 (51%)]	 Training Loss: 0.265 ACC: 91.91 CR: 1.00 Avg R1: 0.01 Avg R2: 10.07 Avg Reward: 10.078601
2026-05-17 11:33:50 [INFO] Epoch: 128 [38400/50000 (77%)]	 Training Loss: 0.268 ACC: 91.72 CR: 1.00 Avg R1: 0.01 Avg R2: 10.07 Avg Reward: 10.076656
2026-05-17 11:33:55 [INFO] EPOCH:128, ======================CR:0.9999====================
2026-05-17 11:33:55 [INFO] 0.08671261018334281
2026-05-17 11:33:57 [INFO] EPOCH:128, ======================ACC:69.52====================
2026-05-17 11:33:57 [INFO] BEST EPOCH:127,BEST ACC:71.11
2026-05-17 11:34:03 [INFO] Epoch: 129 [12800/50000 (26%)]	 Training Loss: 0.256 ACC: 92.27 CR: 1.00 Avg R1: 0.01 Avg R2: 10.04 Avg Reward: 10.047419
2026-05-17 11:34:09 [INFO] Epoch: 129 [25600/50000 (51%)]	 Training Loss: 0.264 ACC: 91.91 CR: 1.00 Avg R1: 0.01 Avg R2: 10.04 Avg Reward: 10.050781
2026-05-17 11:34:15 [INFO] Epoch: 129 [38400/50000 (77%)]	 Training Loss: 0.274 ACC: 91.55 CR: 1.00 Avg R1: 0.01 Avg R2: 10.05 Avg Reward: 10.055805
2026-05-17 11:34:21 [INFO] EPOCH:129, ======================CR:0.9999====================
2026-05-17 11:34:21 [INFO] 0.09363828672647773
2026-05-17 11:34:23 [INFO] EPOCH:129, ======================ACC:69.71====================
2026-05-17 11:34:23 [INFO] BEST EPOCH:127,BEST ACC:71.11
2026-05-17 11:34:29 [INFO] Epoch: 130 [12800/50000 (26%)]	 Training Loss: 0.265 ACC: 91.73 CR: 1.00 Avg R1: 0.00 Avg R2: 10.11 Avg Reward: 10.117957
2026-05-17 11:34:35 [INFO] Epoch: 130 [25600/50000 (51%)]	 Training Loss: 0.264 ACC: 91.88 CR: 1.00 Avg R1: 0.00 Avg R2: 10.11 Avg Reward: 10.116393
2026-05-17 11:34:41 [INFO] Epoch: 130 [38400/50000 (77%)]	 Training Loss: 0.267 ACC: 91.74 CR: 1.00 Avg R1: 0.01 Avg R2: 10.11 Avg Reward: 10.114862
2026-05-17 11:34:47 [INFO] EPOCH:130, ======================CR:0.9999====================
2026-05-17 11:34:47 [INFO] 0.11170505833441455
2026-05-17 11:34:48 [INFO] EPOCH:130, ======================ACC:70.27====================
2026-05-17 11:34:48 [INFO] BEST EPOCH:127,BEST ACC:71.11
2026-05-17 11:34:55 [INFO] Epoch: 131 [12800/50000 (26%)]	 Training Loss: 0.252 ACC: 92.49 CR: 1.00 Avg R1: 0.00 Avg R2: 10.08 Avg Reward: 10.085167
2026-05-17 11:35:01 [INFO] Epoch: 131 [25600/50000 (51%)]	 Training Loss: 0.261 ACC: 92.02 CR: 1.00 Avg R1: 0.00 Avg R2: 10.09 Avg Reward: 10.088238
2026-05-17 11:35:07 [INFO] Epoch: 131 [38400/50000 (77%)]	 Training Loss: 0.264 ACC: 91.88 CR: 1.00 Avg R1: 0.00 Avg R2: 10.09 Avg Reward: 10.091484
2026-05-17 11:35:13 [INFO] EPOCH:131, ======================CR:1.0====================
2026-05-17 11:35:13 [INFO] 0.10430289528114525
2026-05-17 11:35:14 [INFO] EPOCH:131, ======================ACC:70.76====================
2026-05-17 11:35:14 [INFO] BEST EPOCH:127,BEST ACC:71.11
2026-05-17 11:35:20 [INFO] Epoch: 132 [12800/50000 (26%)]	 Training Loss: 0.257 ACC: 92.12 CR: 1.00 Avg R1: 0.00 Avg R2: 10.10 Avg Reward: 10.095942
2026-05-17 11:35:27 [INFO] Epoch: 132 [25600/50000 (51%)]	 Training Loss: 0.248 ACC: 92.40 CR: 1.00 Avg R1: 0.00 Avg R2: 10.09 Avg Reward: 10.095200
2026-05-17 11:35:33 [INFO] Epoch: 132 [38400/50000 (77%)]	 Training Loss: 0.250 ACC: 92.22 CR: 1.00 Avg R1: 0.00 Avg R2: 10.09 Avg Reward: 10.093547
2026-05-17 11:35:39 [INFO] EPOCH:132, ======================CR:0.99992====================
2026-05-17 11:35:39 [INFO] 0.11186763774215117
2026-05-17 11:35:40 [INFO] EPOCH:132, ======================ACC:71.14====================
2026-05-17 11:35:40 [INFO] BEST EPOCH:132,BEST ACC:71.14
2026-05-17 11:35:46 [INFO] Epoch: 133 [12800/50000 (26%)]	 Training Loss: 0.242 ACC: 92.41 CR: 1.00 Avg R1: 0.00 Avg R2: 10.07 Avg Reward: 10.070638
2026-05-17 11:35:53 [INFO] Epoch: 133 [25600/50000 (51%)]	 Training Loss: 0.245 ACC: 92.41 CR: 1.00 Avg R1: 0.00 Avg R2: 10.07 Avg Reward: 10.072163
2026-05-17 11:35:59 [INFO] Epoch: 133 [38400/50000 (77%)]	 Training Loss: 0.246 ACC: 92.38 CR: 1.00 Avg R1: 0.00 Avg R2: 10.07 Avg Reward: 10.071961
2026-05-17 11:36:04 [INFO] EPOCH:133, ======================CR:0.99992====================
2026-05-17 11:36:04 [INFO] 0.10929740400441632
2026-05-17 11:36:06 [INFO] EPOCH:133, ======================ACC:71.06====================
2026-05-17 11:36:06 [INFO] BEST EPOCH:132,BEST ACC:71.14
2026-05-17 11:36:12 [INFO] Epoch: 134 [12800/50000 (26%)]	 Training Loss: 0.235 ACC: 92.79 CR: 1.00 Avg R1: 0.00 Avg R2: 10.08 Avg Reward: 10.081745
2026-05-17 11:36:18 [INFO] Epoch: 134 [25600/50000 (51%)]	 Training Loss: 0.233 ACC: 92.82 CR: 1.00 Avg R1: 0.00 Avg R2: 10.08 Avg Reward: 10.085700
2026-05-17 11:36:24 [INFO] Epoch: 134 [38400/50000 (77%)]	 Training Loss: 0.236 ACC: 92.74 CR: 1.00 Avg R1: 0.00 Avg R2: 10.09 Avg Reward: 10.087908
2026-05-17 11:36:30 [INFO] EPOCH:134, ======================CR:1.0====================
2026-05-17 11:36:30 [INFO] 0.10251236657186143
2026-05-17 11:36:31 [INFO] EPOCH:134, ======================ACC:70.9====================
2026-05-17 11:36:31 [INFO] BEST EPOCH:132,BEST ACC:71.14
2026-05-17 11:36:38 [INFO] Epoch: 135 [12800/50000 (26%)]	 Training Loss: 0.222 ACC: 93.25 CR: 1.00 Avg R1: 0.00 Avg R2: 10.07 Avg Reward: 10.072649
2026-05-17 11:36:44 [INFO] Epoch: 135 [25600/50000 (51%)]	 Training Loss: 0.216 ACC: 93.52 CR: 1.00 Avg R1: 0.00 Avg R2: 10.07 Avg Reward: 10.074668
2026-05-17 11:36:50 [INFO] Epoch: 135 [38400/50000 (77%)]	 Training Loss: 0.222 ACC: 93.26 CR: 1.00 Avg R1: 0.00 Avg R2: 10.07 Avg Reward: 10.075394
2026-05-17 11:36:55 [INFO] EPOCH:135, ======================CR:0.99998====================
2026-05-17 11:36:55 [INFO] 0.11315979899159909
2026-05-17 11:36:57 [INFO] EPOCH:135, ======================ACC:71.67====================
2026-05-17 11:36:57 [INFO] BEST EPOCH:135,BEST ACC:71.67
2026-05-17 11:37:03 [INFO] Epoch: 136 [12800/50000 (26%)]	 Training Loss: 0.222 ACC: 93.31 CR: 1.00 Avg R1: 0.00 Avg R2: 10.02 Avg Reward: 10.019263
2026-05-17 11:37:09 [INFO] Epoch: 136 [25600/50000 (51%)]	 Training Loss: 0.224 ACC: 93.17 CR: 1.00 Avg R1: 0.00 Avg R2: 10.02 Avg Reward: 10.016828
2026-05-17 11:37:15 [INFO] Epoch: 136 [38400/50000 (77%)]	 Training Loss: 0.224 ACC: 93.11 CR: 1.00 Avg R1: 0.00 Avg R2: 10.01 Avg Reward: 10.013796
2026-05-17 11:37:21 [INFO] EPOCH:136, ======================CR:0.99998====================
2026-05-17 11:37:21 [INFO] 0.12016000821059825
2026-05-17 11:37:23 [INFO] EPOCH:136, ======================ACC:71.64====================
2026-05-17 11:37:23 [INFO] BEST EPOCH:135,BEST ACC:71.67
2026-05-17 11:37:29 [INFO] Epoch: 137 [12800/50000 (26%)]	 Training Loss: 0.215 ACC: 93.61 CR: 1.00 Avg R1: 0.00 Avg R2: 10.01 Avg Reward: 10.005390
2026-05-17 11:37:35 [INFO] Epoch: 137 [25600/50000 (51%)]	 Training Loss: 0.219 ACC: 93.35 CR: 1.00 Avg R1: 0.00 Avg R2: 10.01 Avg Reward: 10.005676
2026-05-17 11:37:41 [INFO] Epoch: 137 [38400/50000 (77%)]	 Training Loss: 0.222 ACC: 93.34 CR: 1.00 Avg R1: 0.00 Avg R2: 10.01 Avg Reward: 10.006959
2026-05-17 11:37:47 [INFO] EPOCH:137, ======================CR:0.99998====================
2026-05-17 11:37:47 [INFO] 0.10815790010808272
2026-05-17 11:37:48 [INFO] EPOCH:137, ======================ACC:70.98====================
2026-05-17 11:37:48 [INFO] BEST EPOCH:135,BEST ACC:71.67
2026-05-17 11:37:54 [INFO] Epoch: 138 [12800/50000 (26%)]	 Training Loss: 0.202 ACC: 93.87 CR: 1.00 Avg R1: 0.00 Avg R2: 10.02 Avg Reward: 10.020002
2026-05-17 11:38:00 [INFO] Epoch: 138 [25600/50000 (51%)]	 Training Loss: 0.199 ACC: 94.02 CR: 1.00 Avg R1: 0.00 Avg R2: 10.02 Avg Reward: 10.022457
2026-05-17 11:38:07 [INFO] Epoch: 138 [38400/50000 (77%)]	 Training Loss: 0.203 ACC: 93.95 CR: 1.00 Avg R1: 0.00 Avg R2: 10.02 Avg Reward: 10.024708
2026-05-17 11:38:12 [INFO] EPOCH:138, ======================CR:0.99998====================
2026-05-17 11:38:12 [INFO] 0.1172647832415626
2026-05-17 11:38:14 [INFO] EPOCH:138, ======================ACC:72.25====================
2026-05-17 11:38:14 [INFO] BEST EPOCH:138,BEST ACC:72.25
2026-05-17 11:38:20 [INFO] Epoch: 139 [12800/50000 (26%)]	 Training Loss: 0.202 ACC: 93.91 CR: 1.00 Avg R1: 0.00 Avg R2: 9.99 Avg Reward: 9.991575
2026-05-17 11:38:26 [INFO] Epoch: 139 [25600/50000 (51%)]	 Training Loss: 0.196 ACC: 94.06 CR: 1.00 Avg R1: 0.00 Avg R2: 9.99 Avg Reward: 9.991837
2026-05-17 11:38:32 [INFO] Epoch: 139 [38400/50000 (77%)]	 Training Loss: 0.199 ACC: 94.03 CR: 1.00 Avg R1: 0.00 Avg R2: 9.99 Avg Reward: 9.991146
2026-05-17 11:38:38 [INFO] EPOCH:139, ======================CR:0.99996====================
2026-05-17 11:38:38 [INFO] 0.11775438252835092
2026-05-17 11:38:39 [INFO] EPOCH:139, ======================ACC:70.29====================
2026-05-17 11:38:39 [INFO] BEST EPOCH:138,BEST ACC:72.25
2026-05-17 11:38:45 [INFO] Epoch: 140 [12800/50000 (26%)]	 Training Loss: 0.199 ACC: 93.99 CR: 1.00 Avg R1: 0.00 Avg R2: 9.97 Avg Reward: 9.970020
2026-05-17 11:38:52 [INFO] Epoch: 140 [25600/50000 (51%)]	 Training Loss: 0.197 ACC: 94.04 CR: 1.00 Avg R1: 0.00 Avg R2: 9.97 Avg Reward: 9.971019
2026-05-17 11:38:58 [INFO] Epoch: 140 [38400/50000 (77%)]	 Training Loss: 0.198 ACC: 94.02 CR: 1.00 Avg R1: 0.00 Avg R2: 9.97 Avg Reward: 9.972468
2026-05-17 11:39:03 [INFO] EPOCH:140, ======================CR:0.99998====================
2026-05-17 11:39:03 [INFO] 0.11434308561076517
2026-05-17 11:39:05 [INFO] EPOCH:140, ======================ACC:72.6====================
2026-05-17 11:39:05 [INFO] BEST EPOCH:140,BEST ACC:72.6
2026-05-17 11:39:11 [INFO] Epoch: 141 [12800/50000 (26%)]	 Training Loss: 0.184 ACC: 94.80 CR: 1.00 Avg R1: 0.00 Avg R2: 9.97 Avg Reward: 9.972274
2026-05-17 11:39:17 [INFO] Epoch: 141 [25600/50000 (51%)]	 Training Loss: 0.179 ACC: 94.91 CR: 1.00 Avg R1: 0.00 Avg R2: 9.97 Avg Reward: 9.972417
2026-05-17 11:39:23 [INFO] Epoch: 141 [38400/50000 (77%)]	 Training Loss: 0.178 ACC: 94.88 CR: 1.00 Avg R1: 0.00 Avg R2: 9.97 Avg Reward: 9.971217
2026-05-17 11:39:29 [INFO] EPOCH:141, ======================CR:0.99994====================
2026-05-17 11:39:29 [INFO] 0.11154445850931229
2026-05-17 11:39:30 [INFO] EPOCH:141, ======================ACC:71.45====================
2026-05-17 11:39:30 [INFO] BEST EPOCH:140,BEST ACC:72.6
2026-05-17 11:39:37 [INFO] Epoch: 142 [12800/50000 (26%)]	 Training Loss: 0.172 ACC: 94.89 CR: 1.00 Avg R1: 0.00 Avg R2: 9.92 Avg Reward: 9.918846
2026-05-17 11:39:43 [INFO] Epoch: 142 [25600/50000 (51%)]	 Training Loss: 0.176 ACC: 94.74 CR: 1.00 Avg R1: 0.00 Avg R2: 9.92 Avg Reward: 9.923518
2026-05-17 11:39:49 [INFO] Epoch: 142 [38400/50000 (77%)]	 Training Loss: 0.179 ACC: 94.66 CR: 1.00 Avg R1: 0.00 Avg R2: 9.93 Avg Reward: 9.928454
2026-05-17 11:39:54 [INFO] EPOCH:142, ======================CR:0.99996====================
2026-05-17 11:39:54 [INFO] 0.12640093104668176
2026-05-17 11:39:56 [INFO] EPOCH:142, ======================ACC:72.88====================
2026-05-17 11:39:56 [INFO] BEST EPOCH:142,BEST ACC:72.88
2026-05-17 11:40:02 [INFO] Epoch: 143 [12800/50000 (26%)]	 Training Loss: 0.171 ACC: 95.04 CR: 1.00 Avg R1: 0.00 Avg R2: 9.93 Avg Reward: 9.935993
2026-05-17 11:40:08 [INFO] Epoch: 143 [25600/50000 (51%)]	 Training Loss: 0.173 ACC: 95.05 CR: 1.00 Avg R1: 0.00 Avg R2: 9.93 Avg Reward: 9.934240
2026-05-17 11:40:14 [INFO] Epoch: 143 [38400/50000 (77%)]	 Training Loss: 0.175 ACC: 94.93 CR: 1.00 Avg R1: 0.00 Avg R2: 9.93 Avg Reward: 9.932874
2026-05-17 11:40:20 [INFO] EPOCH:143, ======================CR:0.99994====================
2026-05-17 11:40:20 [INFO] 0.11048056814896456
2026-05-17 11:40:22 [INFO] EPOCH:143, ======================ACC:73.47====================
2026-05-17 11:40:22 [INFO] BEST EPOCH:143,BEST ACC:73.47
2026-05-17 11:40:28 [INFO] Epoch: 144 [12800/50000 (26%)]	 Training Loss: 0.166 ACC: 95.10 CR: 1.00 Avg R1: 0.00 Avg R2: 9.89 Avg Reward: 9.896083
2026-05-17 11:40:34 [INFO] Epoch: 144 [25600/50000 (51%)]	 Training Loss: 0.161 ACC: 95.42 CR: 1.00 Avg R1: 0.00 Avg R2: 9.89 Avg Reward: 9.896107
2026-05-17 11:40:40 [INFO] Epoch: 144 [38400/50000 (77%)]	 Training Loss: 0.160 ACC: 95.44 CR: 1.00 Avg R1: 0.00 Avg R2: 9.89 Avg Reward: 9.896896
2026-05-17 11:40:45 [INFO] EPOCH:144, ======================CR:0.99994====================
2026-05-17 11:40:45 [INFO] 0.12214995320457525
2026-05-17 11:40:47 [INFO] EPOCH:144, ======================ACC:73.39====================
2026-05-17 11:40:47 [INFO] BEST EPOCH:143,BEST ACC:73.47
2026-05-17 11:40:53 [INFO] Epoch: 145 [12800/50000 (26%)]	 Training Loss: 0.155 ACC: 95.49 CR: 1.00 Avg R1: 0.00 Avg R2: 9.86 Avg Reward: 9.858693
2026-05-17 11:40:59 [INFO] Epoch: 145 [25600/50000 (51%)]	 Training Loss: 0.155 ACC: 95.51 CR: 1.00 Avg R1: 0.00 Avg R2: 9.86 Avg Reward: 9.857936
2026-05-17 11:41:06 [INFO] Epoch: 145 [38400/50000 (77%)]	 Training Loss: 0.156 ACC: 95.49 CR: 1.00 Avg R1: 0.00 Avg R2: 9.86 Avg Reward: 9.856576
2026-05-17 11:41:11 [INFO] EPOCH:145, ======================CR:0.99996====================
2026-05-17 11:41:11 [INFO] 0.12295246117470189
2026-05-17 11:41:13 [INFO] EPOCH:145, ======================ACC:73.05====================
2026-05-17 11:41:13 [INFO] BEST EPOCH:143,BEST ACC:73.47
2026-05-17 11:41:19 [INFO] Epoch: 146 [12800/50000 (26%)]	 Training Loss: 0.149 ACC: 95.63 CR: 1.00 Avg R1: 0.00 Avg R2: 9.80 Avg Reward: 9.803178
2026-05-17 11:41:25 [INFO] Epoch: 146 [25600/50000 (51%)]	 Training Loss: 0.151 ACC: 95.59 CR: 1.00 Avg R1: 0.00 Avg R2: 9.80 Avg Reward: 9.797575
2026-05-17 11:41:31 [INFO] Epoch: 146 [38400/50000 (77%)]	 Training Loss: 0.152 ACC: 95.55 CR: 1.00 Avg R1: 0.00 Avg R2: 9.79 Avg Reward: 9.792572
2026-05-17 11:41:37 [INFO] EPOCH:146, ======================CR:0.99998====================
2026-05-17 11:41:37 [INFO] 0.13325341914018476
2026-05-17 11:41:39 [INFO] EPOCH:146, ======================ACC:72.7====================
2026-05-17 11:41:39 [INFO] BEST EPOCH:143,BEST ACC:73.47
2026-05-17 11:41:45 [INFO] Epoch: 147 [12800/50000 (26%)]	 Training Loss: 0.144 ACC: 95.77 CR: 1.00 Avg R1: 0.00 Avg R2: 9.76 Avg Reward: 9.757590
2026-05-17 11:41:51 [INFO] Epoch: 147 [25600/50000 (51%)]	 Training Loss: 0.143 ACC: 95.80 CR: 1.00 Avg R1: 0.00 Avg R2: 9.76 Avg Reward: 9.757548
2026-05-17 11:41:57 [INFO] Epoch: 147 [38400/50000 (77%)]	 Training Loss: 0.146 ACC: 95.75 CR: 1.00 Avg R1: 0.00 Avg R2: 9.76 Avg Reward: 9.758198
2026-05-17 11:42:03 [INFO] EPOCH:147, ======================CR:0.99994====================
2026-05-17 11:42:03 [INFO] 0.12829602774851676
2026-05-17 11:42:04 [INFO] EPOCH:147, ======================ACC:73.61====================
2026-05-17 11:42:04 [INFO] BEST EPOCH:147,BEST ACC:73.61
2026-05-17 11:42:11 [INFO] Epoch: 148 [12800/50000 (26%)]	 Training Loss: 0.148 ACC: 95.59 CR: 1.00 Avg R1: 0.00 Avg R2: 9.71 Avg Reward: 9.716593
2026-05-17 11:42:17 [INFO] Epoch: 148 [25600/50000 (51%)]	 Training Loss: 0.143 ACC: 95.71 CR: 1.00 Avg R1: 0.00 Avg R2: 9.72 Avg Reward: 9.718377
2026-05-17 11:42:23 [INFO] Epoch: 148 [38400/50000 (77%)]	 Training Loss: 0.143 ACC: 95.79 CR: 1.00 Avg R1: 0.00 Avg R2: 9.72 Avg Reward: 9.720435
2026-05-17 11:42:29 [INFO] EPOCH:148, ======================CR:0.99996====================
2026-05-17 11:42:29 [INFO] 0.12954824880534824
2026-05-17 11:42:30 [INFO] EPOCH:148, ======================ACC:74.48====================
2026-05-17 11:42:30 [INFO] BEST EPOCH:148,BEST ACC:74.48
2026-05-17 11:42:36 [INFO] Epoch: 149 [12800/50000 (26%)]	 Training Loss: 0.134 ACC: 96.23 CR: 1.00 Avg R1: 0.00 Avg R2: 9.71 Avg Reward: 9.711692
2026-05-17 11:42:42 [INFO] Epoch: 149 [25600/50000 (51%)]	 Training Loss: 0.136 ACC: 96.09 CR: 1.00 Avg R1: 0.00 Avg R2: 9.71 Avg Reward: 9.711245
2026-05-17 11:42:49 [INFO] Epoch: 149 [38400/50000 (77%)]	 Training Loss: 0.137 ACC: 96.05 CR: 1.00 Avg R1: 0.00 Avg R2: 9.71 Avg Reward: 9.709814
2026-05-17 11:42:54 [INFO] EPOCH:149, ======================CR:0.99996====================
2026-05-17 11:42:54 [INFO] 0.12252280851713725
2026-05-17 11:42:56 [INFO] EPOCH:149, ======================ACC:73.41====================
2026-05-17 11:42:56 [INFO] BEST EPOCH:148,BEST ACC:74.48
2026-05-17 11:43:02 [INFO] Epoch: 150 [12800/50000 (26%)]	 Training Loss: 0.130 ACC: 96.36 CR: 1.00 Avg R1: 0.00 Avg R2: 9.65 Avg Reward: 9.651712
2026-05-17 11:43:08 [INFO] Epoch: 150 [25600/50000 (51%)]	 Training Loss: 0.131 ACC: 96.38 CR: 1.00 Avg R1: 0.00 Avg R2: 9.66 Avg Reward: 9.657431
2026-05-17 11:43:14 [INFO] Epoch: 150 [38400/50000 (77%)]	 Training Loss: 0.131 ACC: 96.32 CR: 1.00 Avg R1: 0.00 Avg R2: 9.66 Avg Reward: 9.662848
2026-05-17 11:43:20 [INFO] EPOCH:150, ======================CR:0.99996====================
2026-05-17 11:43:20 [INFO] 0.12420348536635646
2026-05-17 11:43:22 [INFO] EPOCH:150, ======================ACC:73.44====================
2026-05-17 11:43:22 [INFO] BEST EPOCH:148,BEST ACC:74.48
2026-05-17 11:43:28 [INFO] Epoch: 151 [12800/50000 (26%)]	 Training Loss: 0.124 ACC: 96.55 CR: 1.00 Avg R1: 0.00 Avg R2: 9.65 Avg Reward: 9.653359
2026-05-17 11:43:34 [INFO] Epoch: 151 [25600/50000 (51%)]	 Training Loss: 0.121 ACC: 96.68 CR: 1.00 Avg R1: 0.00 Avg R2: 9.65 Avg Reward: 9.655848
2026-05-17 11:43:40 [INFO] Epoch: 151 [38400/50000 (77%)]	 Training Loss: 0.119 ACC: 96.77 CR: 1.00 Avg R1: 0.00 Avg R2: 9.65 Avg Reward: 9.656779
2026-05-17 11:43:46 [INFO] EPOCH:151, ======================CR:0.99996====================
2026-05-17 11:43:46 [INFO] 0.12145461264682071
2026-05-17 11:43:47 [INFO] EPOCH:151, ======================ACC:73.94====================
2026-05-17 11:43:47 [INFO] BEST EPOCH:148,BEST ACC:74.48
2026-05-17 11:43:54 [INFO] Epoch: 152 [12800/50000 (26%)]	 Training Loss: 0.114 ACC: 96.81 CR: 1.00 Avg R1: 0.00 Avg R2: 9.63 Avg Reward: 9.634169
2026-05-17 11:44:00 [INFO] Epoch: 152 [25600/50000 (51%)]	 Training Loss: 0.112 ACC: 96.96 CR: 1.00 Avg R1: 0.00 Avg R2: 9.63 Avg Reward: 9.634704
2026-05-17 11:44:06 [INFO] Epoch: 152 [38400/50000 (77%)]	 Training Loss: 0.112 ACC: 96.98 CR: 1.00 Avg R1: 0.00 Avg R2: 9.63 Avg Reward: 9.636450
2026-05-17 11:44:11 [INFO] EPOCH:152, ======================CR:0.99998====================
2026-05-17 11:44:11 [INFO] 0.13034653806488947
2026-05-17 11:44:13 [INFO] EPOCH:152, ======================ACC:74.23====================
2026-05-17 11:44:13 [INFO] BEST EPOCH:148,BEST ACC:74.48
2026-05-17 11:44:19 [INFO] Epoch: 153 [12800/50000 (26%)]	 Training Loss: 0.113 ACC: 96.91 CR: 1.00 Avg R1: 0.00 Avg R2: 9.59 Avg Reward: 9.588140
2026-05-17 11:44:25 [INFO] Epoch: 153 [25600/50000 (51%)]	 Training Loss: 0.112 ACC: 96.96 CR: 1.00 Avg R1: 0.00 Avg R2: 9.58 Avg Reward: 9.581993
2026-05-17 11:44:31 [INFO] Epoch: 153 [38400/50000 (77%)]	 Training Loss: 0.112 ACC: 96.96 CR: 1.00 Avg R1: 0.00 Avg R2: 9.57 Avg Reward: 9.574943
2026-05-17 11:44:37 [INFO] EPOCH:153, ======================CR:0.99996====================
2026-05-17 11:44:37 [INFO] 0.14429842714035832
2026-05-17 11:44:39 [INFO] EPOCH:153, ======================ACC:74.6====================
2026-05-17 11:44:39 [INFO] BEST EPOCH:153,BEST ACC:74.6
2026-05-17 11:44:45 [INFO] Epoch: 154 [12800/50000 (26%)]	 Training Loss: 0.096 ACC: 97.37 CR: 1.00 Avg R1: 0.00 Avg R2: 9.50 Avg Reward: 9.504356
2026-05-17 11:44:51 [INFO] Epoch: 154 [25600/50000 (51%)]	 Training Loss: 0.099 ACC: 97.37 CR: 1.00 Avg R1: 0.00 Avg R2: 9.49 Avg Reward: 9.499141
2026-05-17 11:44:57 [INFO] Epoch: 154 [38400/50000 (77%)]	 Training Loss: 0.101 ACC: 97.28 CR: 1.00 Avg R1: 0.00 Avg R2: 9.49 Avg Reward: 9.493559
2026-05-17 11:45:03 [INFO] EPOCH:154, ======================CR:0.99992====================
2026-05-17 11:45:03 [INFO] 0.13563437412965648
2026-05-17 11:45:04 [INFO] EPOCH:154, ======================ACC:74.76====================
2026-05-17 11:45:04 [INFO] BEST EPOCH:154,BEST ACC:74.76
2026-05-17 11:45:11 [INFO] Epoch: 155 [12800/50000 (26%)]	 Training Loss: 0.102 ACC: 97.20 CR: 1.00 Avg R1: 0.00 Avg R2: 9.41 Avg Reward: 9.411386
2026-05-17 11:45:17 [INFO] Epoch: 155 [25600/50000 (51%)]	 Training Loss: 0.100 ACC: 97.30 CR: 1.00 Avg R1: 0.01 Avg R2: 9.41 Avg Reward: 9.415484
2026-05-17 11:45:23 [INFO] Epoch: 155 [38400/50000 (77%)]	 Training Loss: 0.099 ACC: 97.35 CR: 1.00 Avg R1: 0.01 Avg R2: 9.41 Avg Reward: 9.417081
2026-05-17 11:45:28 [INFO] EPOCH:155, ======================CR:0.9999====================
2026-05-17 11:45:28 [INFO] 0.14817829524664705
2026-05-17 11:45:30 [INFO] EPOCH:155, ======================ACC:74.1====================
2026-05-17 11:45:30 [INFO] BEST EPOCH:154,BEST ACC:74.76
2026-05-17 11:45:36 [INFO] Epoch: 156 [12800/50000 (26%)]	 Training Loss: 0.091 ACC: 97.59 CR: 1.00 Avg R1: 0.01 Avg R2: 9.38 Avg Reward: 9.384459
2026-05-17 11:45:42 [INFO] Epoch: 156 [25600/50000 (51%)]	 Training Loss: 0.089 ACC: 97.62 CR: 1.00 Avg R1: 0.01 Avg R2: 9.38 Avg Reward: 9.386668
2026-05-17 11:45:48 [INFO] Epoch: 156 [38400/50000 (77%)]	 Training Loss: 0.091 ACC: 97.58 CR: 1.00 Avg R1: 0.01 Avg R2: 9.38 Avg Reward: 9.389135
2026-05-17 11:45:54 [INFO] EPOCH:156, ======================CR:0.99984====================
2026-05-17 11:45:54 [INFO] 0.1402171498542808
2026-05-17 11:45:55 [INFO] EPOCH:156, ======================ACC:75.31====================
2026-05-17 11:45:55 [INFO] BEST EPOCH:156,BEST ACC:75.31
2026-05-17 11:46:02 [INFO] Epoch: 157 [12800/50000 (26%)]	 Training Loss: 0.091 ACC: 97.60 CR: 1.00 Avg R1: 0.01 Avg R2: 9.33 Avg Reward: 9.342381
2026-05-17 11:46:08 [INFO] Epoch: 157 [25600/50000 (51%)]	 Training Loss: 0.091 ACC: 97.62 CR: 1.00 Avg R1: 0.01 Avg R2: 9.33 Avg Reward: 9.336960
2026-05-17 11:46:14 [INFO] Epoch: 157 [38400/50000 (77%)]	 Training Loss: 0.090 ACC: 97.66 CR: 1.00 Avg R1: 0.01 Avg R2: 9.32 Avg Reward: 9.331760
2026-05-17 11:46:19 [INFO] EPOCH:157, ======================CR:0.99982====================
2026-05-17 11:46:19 [INFO] 0.14657674790680064
2026-05-17 11:46:21 [INFO] EPOCH:157, ======================ACC:75.55====================
2026-05-17 11:46:21 [INFO] BEST EPOCH:157,BEST ACC:75.55
2026-05-17 11:46:27 [INFO] Epoch: 158 [12800/50000 (26%)]	 Training Loss: 0.085 ACC: 97.75 CR: 1.00 Avg R1: 0.01 Avg R2: 9.25 Avg Reward: 9.256512
2026-05-17 11:46:33 [INFO] Epoch: 158 [25600/50000 (51%)]	 Training Loss: 0.086 ACC: 97.73 CR: 1.00 Avg R1: 0.01 Avg R2: 9.25 Avg Reward: 9.254674
2026-05-17 11:46:39 [INFO] Epoch: 158 [38400/50000 (77%)]	 Training Loss: 0.087 ACC: 97.76 CR: 1.00 Avg R1: 0.01 Avg R2: 9.24 Avg Reward: 9.253110
2026-05-17 11:46:45 [INFO] EPOCH:158, ======================CR:0.99984====================
2026-05-17 11:46:45 [INFO] 0.1381695198742177
2026-05-17 11:46:47 [INFO] EPOCH:158, ======================ACC:75.35====================
2026-05-17 11:46:47 [INFO] BEST EPOCH:157,BEST ACC:75.55
2026-05-17 11:46:53 [INFO] Epoch: 159 [12800/50000 (26%)]	 Training Loss: 0.081 ACC: 97.94 CR: 1.00 Avg R1: 0.01 Avg R2: 9.20 Avg Reward: 9.211783
2026-05-17 11:46:59 [INFO] Epoch: 159 [25600/50000 (51%)]	 Training Loss: 0.079 ACC: 98.03 CR: 1.00 Avg R1: 0.01 Avg R2: 9.20 Avg Reward: 9.212053
2026-05-17 11:47:05 [INFO] Epoch: 159 [38400/50000 (77%)]	 Training Loss: 0.079 ACC: 97.99 CR: 1.00 Avg R1: 0.01 Avg R2: 9.20 Avg Reward: 9.212458
2026-05-17 11:47:11 [INFO] EPOCH:159, ======================CR:0.99982====================
2026-05-17 11:47:11 [INFO] 0.13883274296951983
2026-05-17 11:47:12 [INFO] EPOCH:159, ======================ACC:75.55====================
2026-05-17 11:47:12 [INFO] BEST EPOCH:159,BEST ACC:75.55
2026-05-17 11:47:18 [INFO] Epoch: 160 [12800/50000 (26%)]	 Training Loss: 0.079 ACC: 97.85 CR: 1.00 Avg R1: 0.01 Avg R2: 9.16 Avg Reward: 9.166443
2026-05-17 11:47:24 [INFO] Epoch: 160 [25600/50000 (51%)]	 Training Loss: 0.080 ACC: 97.90 CR: 1.00 Avg R1: 0.01 Avg R2: 9.16 Avg Reward: 9.169067
2026-05-17 11:47:31 [INFO] Epoch: 160 [38400/50000 (77%)]	 Training Loss: 0.079 ACC: 97.91 CR: 1.00 Avg R1: 0.00 Avg R2: 9.17 Avg Reward: 9.170066
2026-05-17 11:47:36 [INFO] EPOCH:160, ======================CR:1.0====================
2026-05-17 11:47:36 [INFO] 0.132550807823363
2026-05-17 11:47:38 [INFO] EPOCH:160, ======================ACC:75.57====================
2026-05-17 11:47:38 [INFO] BEST EPOCH:160,BEST ACC:75.57
2026-05-17 11:47:44 [INFO] Epoch: 161 [12800/50000 (26%)]	 Training Loss: 0.073 ACC: 98.16 CR: 1.00 Avg R1: 0.00 Avg R2: 9.13 Avg Reward: 9.125516
2026-05-17 11:47:50 [INFO] Epoch: 161 [25600/50000 (51%)]	 Training Loss: 0.073 ACC: 98.19 CR: 1.00 Avg R1: 0.00 Avg R2: 9.13 Avg Reward: 9.127766
2026-05-17 11:47:56 [INFO] Epoch: 161 [38400/50000 (77%)]	 Training Loss: 0.075 ACC: 98.12 CR: 1.00 Avg R1: 0.00 Avg R2: 9.13 Avg Reward: 9.130040
2026-05-17 11:48:02 [INFO] EPOCH:161, ======================CR:0.99994====================
2026-05-17 11:48:02 [INFO] 0.13471429816437339
2026-05-17 11:48:03 [INFO] EPOCH:161, ======================ACC:75.3====================
2026-05-17 11:48:03 [INFO] BEST EPOCH:160,BEST ACC:75.57
2026-05-17 11:48:10 [INFO] Epoch: 162 [12800/50000 (26%)]	 Training Loss: 0.070 ACC: 98.26 CR: 1.00 Avg R1: 0.00 Avg R2: 9.11 Avg Reward: 9.108704
2026-05-17 11:48:16 [INFO] Epoch: 162 [25600/50000 (51%)]	 Training Loss: 0.071 ACC: 98.16 CR: 1.00 Avg R1: 0.00 Avg R2: 9.11 Avg Reward: 9.108708
2026-05-17 11:48:22 [INFO] Epoch: 162 [38400/50000 (77%)]	 Training Loss: 0.071 ACC: 98.19 CR: 1.00 Avg R1: 0.00 Avg R2: 9.11 Avg Reward: 9.109025
2026-05-17 11:48:27 [INFO] EPOCH:162, ======================CR:0.99994====================
2026-05-17 11:48:27 [INFO] 0.13213559843340675
2026-05-17 11:48:29 [INFO] EPOCH:162, ======================ACC:75.58====================
2026-05-17 11:48:29 [INFO] BEST EPOCH:162,BEST ACC:75.58
2026-05-17 11:48:35 [INFO] Epoch: 163 [12800/50000 (26%)]	 Training Loss: 0.071 ACC: 98.34 CR: 1.00 Avg R1: 0.00 Avg R2: 9.05 Avg Reward: 9.057985
2026-05-17 11:48:41 [INFO] Epoch: 163 [25600/50000 (51%)]	 Training Loss: 0.069 ACC: 98.38 CR: 1.00 Avg R1: 0.00 Avg R2: 9.06 Avg Reward: 9.058187
2026-05-17 11:48:47 [INFO] Epoch: 163 [38400/50000 (77%)]	 Training Loss: 0.067 ACC: 98.43 CR: 1.00 Avg R1: 0.00 Avg R2: 9.06 Avg Reward: 9.058235
2026-05-17 11:48:53 [INFO] EPOCH:163, ======================CR:0.99996====================
2026-05-17 11:48:53 [INFO] 0.1307073405396726
2026-05-17 11:48:55 [INFO] EPOCH:163, ======================ACC:75.84====================
2026-05-17 11:48:55 [INFO] BEST EPOCH:163,BEST ACC:75.84
2026-05-17 11:49:01 [INFO] Epoch: 164 [12800/50000 (26%)]	 Training Loss: 0.061 ACC: 98.49 CR: 1.00 Avg R1: 0.00 Avg R2: 9.01 Avg Reward: 9.009445
2026-05-17 11:49:07 [INFO] Epoch: 164 [25600/50000 (51%)]	 Training Loss: 0.063 ACC: 98.44 CR: 1.00 Avg R1: 0.00 Avg R2: 9.01 Avg Reward: 9.011127
2026-05-17 11:49:13 [INFO] Epoch: 164 [38400/50000 (77%)]	 Training Loss: 0.063 ACC: 98.47 CR: 1.00 Avg R1: 0.00 Avg R2: 9.01 Avg Reward: 9.012819
2026-05-17 11:49:19 [INFO] EPOCH:164, ======================CR:0.99996====================
2026-05-17 11:49:19 [INFO] 0.1284668110765741
2026-05-17 11:49:20 [INFO] EPOCH:164, ======================ACC:75.63====================
2026-05-17 11:49:20 [INFO] BEST EPOCH:163,BEST ACC:75.84
2026-05-17 11:49:27 [INFO] Epoch: 165 [12800/50000 (26%)]	 Training Loss: 0.063 ACC: 98.43 CR: 1.00 Avg R1: 0.00 Avg R2: 8.96 Avg Reward: 8.965201
2026-05-17 11:49:33 [INFO] Epoch: 165 [25600/50000 (51%)]	 Training Loss: 0.061 ACC: 98.52 CR: 1.00 Avg R1: 0.00 Avg R2: 8.96 Avg Reward: 8.964844
2026-05-17 11:49:39 [INFO] Epoch: 165 [38400/50000 (77%)]	 Training Loss: 0.061 ACC: 98.55 CR: 1.00 Avg R1: 0.00 Avg R2: 8.96 Avg Reward: 8.964539
2026-05-17 11:49:44 [INFO] EPOCH:165, ======================CR:0.99998====================
2026-05-17 11:49:44 [INFO] 0.1297017951758173
2026-05-17 11:49:46 [INFO] EPOCH:165, ======================ACC:75.89====================
2026-05-17 11:49:46 [INFO] BEST EPOCH:165,BEST ACC:75.89
2026-05-17 11:49:52 [INFO] Epoch: 166 [12800/50000 (26%)]	 Training Loss: 0.058 ACC: 98.60 CR: 1.00 Avg R1: 0.00 Avg R2: 8.92 Avg Reward: 8.924107
2026-05-17 11:49:58 [INFO] Epoch: 166 [25600/50000 (51%)]	 Training Loss: 0.056 ACC: 98.67 CR: 1.00 Avg R1: 0.00 Avg R2: 8.92 Avg Reward: 8.924886
2026-05-17 11:50:05 [INFO] Epoch: 166 [38400/50000 (77%)]	 Training Loss: 0.056 ACC: 98.68 CR: 1.00 Avg R1: 0.00 Avg R2: 8.93 Avg Reward: 8.925880
2026-05-17 11:50:10 [INFO] EPOCH:166, ======================CR:0.99996====================
2026-05-17 11:50:10 [INFO] 0.12445517702962286
2026-05-17 11:50:12 [INFO] EPOCH:166, ======================ACC:76.07====================
2026-05-17 11:50:12 [INFO] BEST EPOCH:166,BEST ACC:76.07
2026-05-17 11:50:18 [INFO] Epoch: 167 [12800/50000 (26%)]	 Training Loss: 0.056 ACC: 98.70 CR: 1.00 Avg R1: 0.00 Avg R2: 8.88 Avg Reward: 8.881810
2026-05-17 11:50:24 [INFO] Epoch: 167 [25600/50000 (51%)]	 Training Loss: 0.055 ACC: 98.75 CR: 1.00 Avg R1: 0.00 Avg R2: 8.88 Avg Reward: 8.881756
2026-05-17 11:50:30 [INFO] Epoch: 167 [38400/50000 (77%)]	 Training Loss: 0.054 ACC: 98.79 CR: 1.00 Avg R1: 0.00 Avg R2: 8.88 Avg Reward: 8.881455
2026-05-17 11:50:36 [INFO] EPOCH:167, ======================CR:0.99998====================
2026-05-17 11:50:36 [INFO] 0.14492067482297474
2026-05-17 11:50:38 [INFO] EPOCH:167, ======================ACC:76.13====================
2026-05-17 11:50:38 [INFO] BEST EPOCH:167,BEST ACC:76.13
2026-05-17 11:50:44 [INFO] Epoch: 168 [12800/50000 (26%)]	 Training Loss: 0.052 ACC: 98.90 CR: 1.00 Avg R1: 0.00 Avg R2: 8.85 Avg Reward: 8.852026
2026-05-17 11:50:50 [INFO] Epoch: 168 [25600/50000 (51%)]	 Training Loss: 0.052 ACC: 98.84 CR: 1.00 Avg R1: 0.00 Avg R2: 8.85 Avg Reward: 8.852369
2026-05-17 11:50:56 [INFO] Epoch: 168 [38400/50000 (77%)]	 Training Loss: 0.052 ACC: 98.83 CR: 1.00 Avg R1: 0.00 Avg R2: 8.85 Avg Reward: 8.854085
2026-05-17 11:51:02 [INFO] EPOCH:168, ======================CR:0.99998====================
2026-05-17 11:51:02 [INFO] 0.14335595636456328
2026-05-17 11:51:03 [INFO] EPOCH:168, ======================ACC:76.29====================
2026-05-17 11:51:03 [INFO] BEST EPOCH:168,BEST ACC:76.29
2026-05-17 11:51:10 [INFO] Epoch: 169 [12800/50000 (26%)]	 Training Loss: 0.052 ACC: 98.82 CR: 1.00 Avg R1: 0.00 Avg R2: 8.81 Avg Reward: 8.814336
2026-05-17 11:51:16 [INFO] Epoch: 169 [25600/50000 (51%)]	 Training Loss: 0.052 ACC: 98.78 CR: 1.00 Avg R1: 0.00 Avg R2: 8.81 Avg Reward: 8.815254
2026-05-17 11:51:22 [INFO] Epoch: 169 [38400/50000 (77%)]	 Training Loss: 0.051 ACC: 98.84 CR: 1.00 Avg R1: 0.00 Avg R2: 8.82 Avg Reward: 8.816176
2026-05-17 11:51:27 [INFO] EPOCH:169, ======================CR:0.99998====================
2026-05-17 11:51:27 [INFO] 0.135306897646458
2026-05-17 11:51:29 [INFO] EPOCH:169, ======================ACC:75.86====================
2026-05-17 11:51:29 [INFO] BEST EPOCH:168,BEST ACC:76.29
2026-05-17 11:51:35 [INFO] Epoch: 170 [12800/50000 (26%)]	 Training Loss: 0.050 ACC: 98.79 CR: 1.00 Avg R1: 0.00 Avg R2: 8.79 Avg Reward: 8.789291
2026-05-17 11:51:41 [INFO] Epoch: 170 [25600/50000 (51%)]	 Training Loss: 0.046 ACC: 98.96 CR: 1.00 Avg R1: 0.00 Avg R2: 8.79 Avg Reward: 8.789211
2026-05-17 11:51:48 [INFO] Epoch: 170 [38400/50000 (77%)]	 Training Loss: 0.046 ACC: 98.97 CR: 1.00 Avg R1: 0.00 Avg R2: 8.79 Avg Reward: 8.789470
2026-05-17 11:51:53 [INFO] EPOCH:170, ======================CR:1.0====================
2026-05-17 11:51:53 [INFO] 0.134641161503849
2026-05-17 11:51:55 [INFO] EPOCH:170, ======================ACC:76.24====================
2026-05-17 11:51:55 [INFO] BEST EPOCH:168,BEST ACC:76.29
2026-05-17 11:52:01 [INFO] Epoch: 171 [12800/50000 (26%)]	 Training Loss: 0.042 ACC: 99.08 CR: 1.00 Avg R1: 0.00 Avg R2: 8.75 Avg Reward: 8.746142
2026-05-17 11:52:07 [INFO] Epoch: 171 [25600/50000 (51%)]	 Training Loss: 0.043 ACC: 99.10 CR: 1.00 Avg R1: 0.00 Avg R2: 8.75 Avg Reward: 8.750031
2026-05-17 11:52:13 [INFO] Epoch: 171 [38400/50000 (77%)]	 Training Loss: 0.045 ACC: 99.02 CR: 1.00 Avg R1: 0.00 Avg R2: 8.75 Avg Reward: 8.753967
2026-05-17 11:52:19 [INFO] EPOCH:171, ======================CR:1.0====================
2026-05-17 11:52:19 [INFO] 0.14188132027593162
2026-05-17 11:52:21 [INFO] EPOCH:171, ======================ACC:76.15====================
2026-05-17 11:52:21 [INFO] BEST EPOCH:168,BEST ACC:76.29
2026-05-17 11:52:27 [INFO] Epoch: 172 [12800/50000 (26%)]	 Training Loss: 0.045 ACC: 99.09 CR: 1.00 Avg R1: 0.00 Avg R2: 8.73 Avg Reward: 8.731404
2026-05-17 11:52:33 [INFO] Epoch: 172 [25600/50000 (51%)]	 Training Loss: 0.043 ACC: 99.10 CR: 1.00 Avg R1: 0.00 Avg R2: 8.73 Avg Reward: 8.731578
2026-05-17 11:52:39 [INFO] Epoch: 172 [38400/50000 (77%)]	 Training Loss: 0.043 ACC: 99.12 CR: 1.00 Avg R1: 0.00 Avg R2: 8.73 Avg Reward: 8.731532
2026-05-17 11:52:45 [INFO] EPOCH:172, ======================CR:1.0====================
2026-05-17 11:52:45 [INFO] 0.13601170043961233
2026-05-17 11:52:46 [INFO] EPOCH:172, ======================ACC:76.64====================
2026-05-17 11:52:46 [INFO] BEST EPOCH:172,BEST ACC:76.64
2026-05-17 11:52:53 [INFO] Epoch: 173 [12800/50000 (26%)]	 Training Loss: 0.042 ACC: 99.11 CR: 1.00 Avg R1: 0.00 Avg R2: 8.68 Avg Reward: 8.682746
2026-05-17 11:52:59 [INFO] Epoch: 173 [25600/50000 (51%)]	 Training Loss: 0.040 ACC: 99.20 CR: 1.00 Avg R1: 0.00 Avg R2: 8.68 Avg Reward: 8.682968
2026-05-17 11:53:05 [INFO] Epoch: 173 [38400/50000 (77%)]	 Training Loss: 0.042 ACC: 99.14 CR: 1.00 Avg R1: 0.00 Avg R2: 8.68 Avg Reward: 8.682679
2026-05-17 11:53:10 [INFO] EPOCH:173, ======================CR:1.0====================
2026-05-17 11:53:10 [INFO] 0.13690102363207288
2026-05-17 11:53:12 [INFO] EPOCH:173, ======================ACC:76.86====================
2026-05-17 11:53:12 [INFO] BEST EPOCH:173,BEST ACC:76.86
2026-05-17 11:53:18 [INFO] Epoch: 174 [12800/50000 (26%)]	 Training Loss: 0.040 ACC: 99.27 CR: 1.00 Avg R1: 0.00 Avg R2: 8.66 Avg Reward: 8.658992
2026-05-17 11:53:24 [INFO] Epoch: 174 [25600/50000 (51%)]	 Training Loss: 0.040 ACC: 99.22 CR: 1.00 Avg R1: 0.00 Avg R2: 8.66 Avg Reward: 8.657469
2026-05-17 11:53:31 [INFO] Epoch: 174 [38400/50000 (77%)]	 Training Loss: 0.041 ACC: 99.20 CR: 1.00 Avg R1: 0.00 Avg R2: 8.66 Avg Reward: 8.656555
2026-05-17 11:53:36 [INFO] EPOCH:174, ======================CR:1.0====================
2026-05-17 11:53:36 [INFO] 0.13812814347758648
2026-05-17 11:53:38 [INFO] EPOCH:174, ======================ACC:76.92====================
2026-05-17 11:53:38 [INFO] BEST EPOCH:174,BEST ACC:76.92
2026-05-17 11:53:44 [INFO] Epoch: 175 [12800/50000 (26%)]	 Training Loss: 0.036 ACC: 99.29 CR: 1.00 Avg R1: 0.00 Avg R2: 8.62 Avg Reward: 8.623684
2026-05-17 11:53:50 [INFO] Epoch: 175 [25600/50000 (51%)]	 Training Loss: 0.037 ACC: 99.17 CR: 1.00 Avg R1: 0.00 Avg R2: 8.62 Avg Reward: 8.623093
2026-05-17 11:53:56 [INFO] Epoch: 175 [38400/50000 (77%)]	 Training Loss: 0.038 ACC: 99.17 CR: 1.00 Avg R1: 0.00 Avg R2: 8.62 Avg Reward: 8.622171
2026-05-17 11:54:02 [INFO] EPOCH:175, ======================CR:0.99998====================
2026-05-17 11:54:02 [INFO] 0.139501158528399
2026-05-17 11:54:03 [INFO] EPOCH:175, ======================ACC:76.84====================
2026-05-17 11:54:03 [INFO] BEST EPOCH:174,BEST ACC:76.92
2026-05-17 11:54:09 [INFO] Epoch: 176 [12800/50000 (26%)]	 Training Loss: 0.037 ACC: 99.20 CR: 1.00 Avg R1: 0.00 Avg R2: 8.57 Avg Reward: 8.571858
2026-05-17 11:54:16 [INFO] Epoch: 176 [25600/50000 (51%)]	 Training Loss: 0.038 ACC: 99.17 CR: 1.00 Avg R1: 0.00 Avg R2: 8.57 Avg Reward: 8.569804
2026-05-17 11:54:22 [INFO] Epoch: 176 [38400/50000 (77%)]	 Training Loss: 0.038 ACC: 99.20 CR: 1.00 Avg R1: 0.00 Avg R2: 8.57 Avg Reward: 8.567862
2026-05-17 11:54:27 [INFO] EPOCH:176, ======================CR:1.0====================
2026-05-17 11:54:27 [INFO] 0.1378494088309754
2026-05-17 11:54:29 [INFO] EPOCH:176, ======================ACC:76.45====================
2026-05-17 11:54:29 [INFO] BEST EPOCH:174,BEST ACC:76.92
2026-05-17 11:54:35 [INFO] Epoch: 177 [12800/50000 (26%)]	 Training Loss: 0.037 ACC: 99.24 CR: 1.00 Avg R1: 0.00 Avg R2: 8.55 Avg Reward: 8.548506
2026-05-17 11:54:41 [INFO] Epoch: 177 [25600/50000 (51%)]	 Training Loss: 0.037 ACC: 99.23 CR: 1.00 Avg R1: 0.00 Avg R2: 8.55 Avg Reward: 8.548609
2026-05-17 11:54:47 [INFO] Epoch: 177 [38400/50000 (77%)]	 Training Loss: 0.038 ACC: 99.23 CR: 1.00 Avg R1: 0.00 Avg R2: 8.55 Avg Reward: 8.548746
2026-05-17 11:54:53 [INFO] EPOCH:177, ======================CR:0.99998====================
2026-05-17 11:54:53 [INFO] 0.1303528181558074
2026-05-17 11:54:54 [INFO] EPOCH:177, ======================ACC:76.85====================
2026-05-17 11:54:54 [INFO] BEST EPOCH:174,BEST ACC:76.92
2026-05-17 11:55:01 [INFO] Epoch: 178 [12800/50000 (26%)]	 Training Loss: 0.034 ACC: 99.32 CR: 1.00 Avg R1: 0.00 Avg R2: 8.52 Avg Reward: 8.516846
2026-05-17 11:55:07 [INFO] Epoch: 178 [25600/50000 (51%)]	 Training Loss: 0.036 ACC: 99.25 CR: 1.00 Avg R1: 0.00 Avg R2: 8.52 Avg Reward: 8.516578
2026-05-17 11:55:13 [INFO] Epoch: 178 [38400/50000 (77%)]	 Training Loss: 0.036 ACC: 99.26 CR: 1.00 Avg R1: 0.00 Avg R2: 8.51 Avg Reward: 8.515253
2026-05-17 11:55:19 [INFO] EPOCH:178, ======================CR:0.99998====================
2026-05-17 11:55:19 [INFO] 0.142300757347581
2026-05-17 11:55:20 [INFO] EPOCH:178, ======================ACC:76.56====================
2026-05-17 11:55:20 [INFO] BEST EPOCH:174,BEST ACC:76.92
2026-05-17 11:55:26 [INFO] Epoch: 179 [12800/50000 (26%)]	 Training Loss: 0.034 ACC: 99.27 CR: 1.00 Avg R1: 0.00 Avg R2: 8.49 Avg Reward: 8.485464
2026-05-17 11:55:32 [INFO] Epoch: 179 [25600/50000 (51%)]	 Training Loss: 0.035 ACC: 99.27 CR: 1.00 Avg R1: 0.00 Avg R2: 8.48 Avg Reward: 8.483002
2026-05-17 11:55:39 [INFO] Epoch: 179 [38400/50000 (77%)]	 Training Loss: 0.035 ACC: 99.30 CR: 1.00 Avg R1: 0.00 Avg R2: 8.48 Avg Reward: 8.481264
2026-05-17 11:55:44 [INFO] EPOCH:179, ======================CR:0.99998====================
2026-05-17 11:55:44 [INFO] 0.13803646719772056
2026-05-17 11:55:46 [INFO] EPOCH:179, ======================ACC:76.88====================
2026-05-17 11:55:46 [INFO] BEST EPOCH:174,BEST ACC:76.92
2026-05-17 11:55:52 [INFO] Epoch: 180 [12800/50000 (26%)]	 Training Loss: 0.035 ACC: 99.26 CR: 1.00 Avg R1: 0.00 Avg R2: 8.45 Avg Reward: 8.453211
2026-05-17 11:55:58 [INFO] Epoch: 180 [25600/50000 (51%)]	 Training Loss: 0.034 ACC: 99.30 CR: 1.00 Avg R1: 0.00 Avg R2: 8.45 Avg Reward: 8.454044
2026-05-17 11:56:04 [INFO] Epoch: 180 [38400/50000 (77%)]	 Training Loss: 0.034 ACC: 99.33 CR: 1.00 Avg R1: 0.00 Avg R2: 8.45 Avg Reward: 8.454102
2026-05-17 11:56:10 [INFO] EPOCH:180, ======================CR:1.0====================
2026-05-17 11:56:10 [INFO] 0.14471296836536668
2026-05-17 11:56:11 [INFO] EPOCH:180, ======================ACC:76.77====================
2026-05-17 11:56:11 [INFO] BEST EPOCH:174,BEST ACC:76.92
2026-05-17 11:56:18 [INFO] Epoch: 181 [12800/50000 (26%)]	 Training Loss: 0.034 ACC: 99.23 CR: 1.00 Avg R1: 0.00 Avg R2: 8.43 Avg Reward: 8.431615
2026-05-17 11:56:24 [INFO] Epoch: 181 [25600/50000 (51%)]	 Training Loss: 0.034 ACC: 99.32 CR: 1.00 Avg R1: 0.00 Avg R2: 8.43 Avg Reward: 8.432068
2026-05-17 11:56:30 [INFO] Epoch: 181 [38400/50000 (77%)]	 Training Loss: 0.033 ACC: 99.39 CR: 1.00 Avg R1: 0.00 Avg R2: 8.43 Avg Reward: 8.432366
2026-05-17 11:56:36 [INFO] EPOCH:181, ======================CR:0.99998====================
2026-05-17 11:56:36 [INFO] 0.12894356600273607
2026-05-17 11:56:37 [INFO] EPOCH:181, ======================ACC:76.99====================
2026-05-17 11:56:37 [INFO] BEST EPOCH:181,BEST ACC:76.99
2026-05-17 11:56:43 [INFO] Epoch: 182 [12800/50000 (26%)]	 Training Loss: 0.031 ACC: 99.43 CR: 1.00 Avg R1: 0.00 Avg R2: 8.40 Avg Reward: 8.402742
2026-05-17 11:56:50 [INFO] Epoch: 182 [25600/50000 (51%)]	 Training Loss: 0.031 ACC: 99.45 CR: 1.00 Avg R1: 0.00 Avg R2: 8.40 Avg Reward: 8.403737
2026-05-17 11:56:56 [INFO] Epoch: 182 [38400/50000 (77%)]	 Training Loss: 0.031 ACC: 99.47 CR: 1.00 Avg R1: 0.00 Avg R2: 8.40 Avg Reward: 8.403981
2026-05-17 11:57:01 [INFO] EPOCH:182, ======================CR:0.99996====================
2026-05-17 11:57:01 [INFO] 0.14424582526255403
2026-05-17 11:57:03 [INFO] EPOCH:182, ======================ACC:76.85====================
2026-05-17 11:57:03 [INFO] BEST EPOCH:181,BEST ACC:76.99
2026-05-17 11:57:09 [INFO] Epoch: 183 [12800/50000 (26%)]	 Training Loss: 0.032 ACC: 99.30 CR: 1.00 Avg R1: 0.00 Avg R2: 8.39 Avg Reward: 8.395863
2026-05-17 11:57:15 [INFO] Epoch: 183 [25600/50000 (51%)]	 Training Loss: 0.032 ACC: 99.33 CR: 1.00 Avg R1: 0.00 Avg R2: 8.39 Avg Reward: 8.396580
2026-05-17 11:57:21 [INFO] Epoch: 183 [38400/50000 (77%)]	 Training Loss: 0.031 ACC: 99.39 CR: 1.00 Avg R1: 0.00 Avg R2: 8.40 Avg Reward: 8.396972
2026-05-17 11:57:27 [INFO] EPOCH:183, ======================CR:0.99996====================
2026-05-17 11:57:27 [INFO] 0.14397229994522714
2026-05-17 11:57:29 [INFO] EPOCH:183, ======================ACC:76.88====================
2026-05-17 11:57:29 [INFO] BEST EPOCH:181,BEST ACC:76.99
2026-05-17 11:57:35 [INFO] Epoch: 184 [12800/50000 (26%)]	 Training Loss: 0.032 ACC: 99.39 CR: 1.00 Avg R1: 0.00 Avg R2: 8.37 Avg Reward: 8.373941
2026-05-17 11:57:41 [INFO] Epoch: 184 [25600/50000 (51%)]	 Training Loss: 0.030 ACC: 99.43 CR: 1.00 Avg R1: 0.00 Avg R2: 8.37 Avg Reward: 8.372934
2026-05-17 11:57:47 [INFO] Epoch: 184 [38400/50000 (77%)]	 Training Loss: 0.030 ACC: 99.43 CR: 1.00 Avg R1: 0.00 Avg R2: 8.37 Avg Reward: 8.372607
2026-05-17 11:57:53 [INFO] EPOCH:184, ======================CR:0.99994====================
2026-05-17 11:57:53 [INFO] 0.13382277471759604
2026-05-17 11:57:54 [INFO] EPOCH:184, ======================ACC:76.98====================
2026-05-17 11:57:54 [INFO] BEST EPOCH:181,BEST ACC:76.99
2026-05-17 11:58:00 [INFO] Epoch: 185 [12800/50000 (26%)]	 Training Loss: 0.029 ACC: 99.52 CR: 1.00 Avg R1: 0.00 Avg R2: 8.37 Avg Reward: 8.369444
2026-05-17 11:58:06 [INFO] Epoch: 185 [25600/50000 (51%)]	 Training Loss: 0.030 ACC: 99.46 CR: 1.00 Avg R1: 0.00 Avg R2: 8.37 Avg Reward: 8.369144
2026-05-17 11:58:12 [INFO] Epoch: 185 [38400/50000 (77%)]	 Training Loss: 0.030 ACC: 99.48 CR: 1.00 Avg R1: 0.00 Avg R2: 8.37 Avg Reward: 8.368592
2026-05-17 11:58:18 [INFO] EPOCH:185, ======================CR:0.99998====================
2026-05-17 11:58:18 [INFO] 0.14125329656438845
2026-05-17 11:58:20 [INFO] EPOCH:185, ======================ACC:77.04====================
2026-05-17 11:58:20 [INFO] BEST EPOCH:185,BEST ACC:77.04
2026-05-17 11:58:26 [INFO] Epoch: 186 [12800/50000 (26%)]	 Training Loss: 0.029 ACC: 99.48 CR: 1.00 Avg R1: 0.00 Avg R2: 8.36 Avg Reward: 8.357487
2026-05-17 11:58:32 [INFO] Epoch: 186 [25600/50000 (51%)]	 Training Loss: 0.028 ACC: 99.51 CR: 1.00 Avg R1: 0.00 Avg R2: 8.36 Avg Reward: 8.357232
2026-05-17 11:58:38 [INFO] Epoch: 186 [38400/50000 (77%)]	 Training Loss: 0.028 ACC: 99.49 CR: 1.00 Avg R1: 0.00 Avg R2: 8.36 Avg Reward: 8.357203
2026-05-17 11:58:44 [INFO] EPOCH:186, ======================CR:0.99996====================
2026-05-17 11:58:44 [INFO] 0.13187571373323015
2026-05-17 11:58:45 [INFO] EPOCH:186, ======================ACC:76.99====================
2026-05-17 11:58:45 [INFO] BEST EPOCH:185,BEST ACC:77.04
2026-05-17 11:58:51 [INFO] Epoch: 187 [12800/50000 (26%)]	 Training Loss: 0.027 ACC: 99.48 CR: 1.00 Avg R1: 0.00 Avg R2: 8.33 Avg Reward: 8.336466
2026-05-17 11:58:58 [INFO] Epoch: 187 [25600/50000 (51%)]	 Training Loss: 0.029 ACC: 99.45 CR: 1.00 Avg R1: 0.00 Avg R2: 8.33 Avg Reward: 8.336301
2026-05-17 11:59:04 [INFO] Epoch: 187 [38400/50000 (77%)]	 Training Loss: 0.029 ACC: 99.45 CR: 1.00 Avg R1: 0.00 Avg R2: 8.33 Avg Reward: 8.336293
2026-05-17 11:59:09 [INFO] EPOCH:187, ======================CR:0.99998====================
2026-05-17 11:59:09 [INFO] 0.13479121879796557
2026-05-17 11:59:11 [INFO] EPOCH:187, ======================ACC:77.0====================
2026-05-17 11:59:11 [INFO] BEST EPOCH:185,BEST ACC:77.04
2026-05-17 11:59:17 [INFO] Epoch: 188 [12800/50000 (26%)]	 Training Loss: 0.027 ACC: 99.56 CR: 1.00 Avg R1: 0.00 Avg R2: 8.34 Avg Reward: 8.338954
2026-05-17 11:59:23 [INFO] Epoch: 188 [25600/50000 (51%)]	 Training Loss: 0.028 ACC: 99.53 CR: 1.00 Avg R1: 0.00 Avg R2: 8.34 Avg Reward: 8.338322
2026-05-17 11:59:29 [INFO] Epoch: 188 [38400/50000 (77%)]	 Training Loss: 0.028 ACC: 99.49 CR: 1.00 Avg R1: 0.00 Avg R2: 8.34 Avg Reward: 8.337667
2026-05-17 11:59:35 [INFO] EPOCH:188, ======================CR:1.0====================
2026-05-17 11:59:35 [INFO] 0.14405142332922674
2026-05-17 11:59:37 [INFO] EPOCH:188, ======================ACC:77.07====================
2026-05-17 11:59:37 [INFO] BEST EPOCH:188,BEST ACC:77.07
2026-05-17 11:59:43 [INFO] Epoch: 189 [12800/50000 (26%)]	 Training Loss: 0.026 ACC: 99.59 CR: 1.00 Avg R1: 0.00 Avg R2: 8.32 Avg Reward: 8.320368
2026-05-17 11:59:49 [INFO] Epoch: 189 [25600/50000 (51%)]	 Training Loss: 0.027 ACC: 99.54 CR: 1.00 Avg R1: 0.00 Avg R2: 8.32 Avg Reward: 8.320127
2026-05-17 11:59:55 [INFO] Epoch: 189 [38400/50000 (77%)]	 Training Loss: 0.026 ACC: 99.56 CR: 1.00 Avg R1: 0.00 Avg R2: 8.32 Avg Reward: 8.319863
2026-05-17 12:00:01 [INFO] EPOCH:189, ======================CR:1.0====================
2026-05-17 12:00:01 [INFO] 0.13471065172725696
2026-05-17 12:00:02 [INFO] EPOCH:189, ======================ACC:76.9====================
2026-05-17 12:00:02 [INFO] BEST EPOCH:188,BEST ACC:77.07
2026-05-17 12:00:09 [INFO] Epoch: 190 [12800/50000 (26%)]	 Training Loss: 0.028 ACC: 99.50 CR: 1.00 Avg R1: 0.00 Avg R2: 8.31 Avg Reward: 8.311379
2026-05-17 12:00:15 [INFO] Epoch: 190 [25600/50000 (51%)]	 Training Loss: 0.028 ACC: 99.49 CR: 1.00 Avg R1: 0.00 Avg R2: 8.31 Avg Reward: 8.311503
2026-05-17 12:00:21 [INFO] Epoch: 190 [38400/50000 (77%)]	 Training Loss: 0.028 ACC: 99.47 CR: 1.00 Avg R1: 0.00 Avg R2: 8.31 Avg Reward: 8.310989
2026-05-17 12:00:26 [INFO] EPOCH:190, ======================CR:1.0====================
2026-05-17 12:00:26 [INFO] 0.14539329700212136
2026-05-17 12:00:28 [INFO] EPOCH:190, ======================ACC:77.07====================
2026-05-17 12:00:28 [INFO] BEST EPOCH:190,BEST ACC:77.07
2026-05-17 12:00:34 [INFO] Epoch: 191 [12800/50000 (26%)]	 Training Loss: 0.026 ACC: 99.60 CR: 1.00 Avg R1: 0.00 Avg R2: 8.31 Avg Reward: 8.311732
2026-05-17 12:00:40 [INFO] Epoch: 191 [25600/50000 (51%)]	 Training Loss: 0.027 ACC: 99.53 CR: 1.00 Avg R1: 0.00 Avg R2: 8.31 Avg Reward: 8.309861
2026-05-17 12:00:46 [INFO] Epoch: 191 [38400/50000 (77%)]	 Training Loss: 0.027 ACC: 99.49 CR: 1.00 Avg R1: 0.00 Avg R2: 8.31 Avg Reward: 8.308533
2026-05-17 12:00:52 [INFO] EPOCH:191, ======================CR:0.99996====================
2026-05-17 12:00:52 [INFO] 0.14706176268089954
2026-05-17 12:00:54 [INFO] EPOCH:191, ======================ACC:77.16====================
2026-05-17 12:00:54 [INFO] BEST EPOCH:191,BEST ACC:77.16
2026-05-17 12:01:00 [INFO] Epoch: 192 [12800/50000 (26%)]	 Training Loss: 0.027 ACC: 99.51 CR: 1.00 Avg R1: 0.00 Avg R2: 8.29 Avg Reward: 8.292529
2026-05-17 12:01:06 [INFO] Epoch: 192 [25600/50000 (51%)]	 Training Loss: 0.026 ACC: 99.57 CR: 1.00 Avg R1: 0.00 Avg R2: 8.29 Avg Reward: 8.293385
2026-05-17 12:01:12 [INFO] Epoch: 192 [38400/50000 (77%)]	 Training Loss: 0.026 ACC: 99.56 CR: 1.00 Avg R1: 0.00 Avg R2: 8.29 Avg Reward: 8.293356
2026-05-17 12:01:18 [INFO] EPOCH:192, ======================CR:1.0====================
2026-05-17 12:01:18 [INFO] 0.13856036812275765
2026-05-17 12:01:19 [INFO] EPOCH:192, ======================ACC:77.05====================
2026-05-17 12:01:19 [INFO] BEST EPOCH:191,BEST ACC:77.16
2026-05-17 12:01:25 [INFO] Epoch: 193 [12800/50000 (26%)]	 Training Loss: 0.026 ACC: 99.59 CR: 1.00 Avg R1: 0.00 Avg R2: 8.29 Avg Reward: 8.293266
2026-05-17 12:01:31 [INFO] Epoch: 193 [25600/50000 (51%)]	 Training Loss: 0.027 ACC: 99.55 CR: 1.00 Avg R1: 0.00 Avg R2: 8.29 Avg Reward: 8.293303
2026-05-17 12:01:38 [INFO] Epoch: 193 [38400/50000 (77%)]	 Training Loss: 0.027 ACC: 99.51 CR: 1.00 Avg R1: 0.00 Avg R2: 8.29 Avg Reward: 8.292995
2026-05-17 12:01:43 [INFO] EPOCH:193, ======================CR:1.0====================
2026-05-17 12:01:43 [INFO] 0.1292086970901563
2026-05-17 12:01:45 [INFO] EPOCH:193, ======================ACC:77.25====================
2026-05-17 12:01:45 [INFO] BEST EPOCH:193,BEST ACC:77.25
2026-05-17 12:01:51 [INFO] Epoch: 194 [12800/50000 (26%)]	 Training Loss: 0.024 ACC: 99.61 CR: 1.00 Avg R1: 0.00 Avg R2: 8.29 Avg Reward: 8.291196
2026-05-17 12:01:57 [INFO] Epoch: 194 [25600/50000 (51%)]	 Training Loss: 0.025 ACC: 99.59 CR: 1.00 Avg R1: 0.00 Avg R2: 8.29 Avg Reward: 8.292054
2026-05-17 12:02:03 [INFO] Epoch: 194 [38400/50000 (77%)]	 Training Loss: 0.026 ACC: 99.58 CR: 1.00 Avg R1: 0.00 Avg R2: 8.29 Avg Reward: 8.292902
2026-05-17 12:02:09 [INFO] EPOCH:194, ======================CR:1.0====================
2026-05-17 12:02:09 [INFO] 0.13474283438829296
2026-05-17 12:02:10 [INFO] EPOCH:194, ======================ACC:77.13====================
2026-05-17 12:02:10 [INFO] BEST EPOCH:193,BEST ACC:77.25
2026-05-17 12:02:17 [INFO] Epoch: 195 [12800/50000 (26%)]	 Training Loss: 0.025 ACC: 99.58 CR: 1.00 Avg R1: 0.00 Avg R2: 8.30 Avg Reward: 8.295560
2026-05-17 12:02:23 [INFO] Epoch: 195 [25600/50000 (51%)]	 Training Loss: 0.025 ACC: 99.57 CR: 1.00 Avg R1: 0.00 Avg R2: 8.30 Avg Reward: 8.295909
2026-05-17 12:02:29 [INFO] Epoch: 195 [38400/50000 (77%)]	 Training Loss: 0.025 ACC: 99.59 CR: 1.00 Avg R1: 0.00 Avg R2: 8.30 Avg Reward: 8.295994
2026-05-17 12:02:34 [INFO] EPOCH:195, ======================CR:0.99996====================
2026-05-17 12:02:34 [INFO] 0.13119616648717264
2026-05-17 12:02:36 [INFO] EPOCH:195, ======================ACC:77.13====================
2026-05-17 12:02:36 [INFO] BEST EPOCH:193,BEST ACC:77.25
2026-05-17 12:02:42 [INFO] Epoch: 196 [12800/50000 (26%)]	 Training Loss: 0.026 ACC: 99.52 CR: 1.00 Avg R1: 0.00 Avg R2: 8.29 Avg Reward: 8.288042
2026-05-17 12:02:48 [INFO] Epoch: 196 [25600/50000 (51%)]	 Training Loss: 0.027 ACC: 99.49 CR: 1.00 Avg R1: 0.00 Avg R2: 8.29 Avg Reward: 8.287564
2026-05-17 12:02:54 [INFO] Epoch: 196 [38400/50000 (77%)]	 Training Loss: 0.026 ACC: 99.51 CR: 1.00 Avg R1: 0.00 Avg R2: 8.28 Avg Reward: 8.286466
2026-05-17 12:03:00 [INFO] EPOCH:196, ======================CR:0.99996====================
2026-05-17 12:03:00 [INFO] 0.13142944883056973
2026-05-17 12:03:02 [INFO] EPOCH:196, ======================ACC:77.17====================
2026-05-17 12:03:02 [INFO] BEST EPOCH:193,BEST ACC:77.25
2026-05-17 12:03:08 [INFO] Epoch: 197 [12800/50000 (26%)]	 Training Loss: 0.029 ACC: 99.42 CR: 1.00 Avg R1: 0.00 Avg R2: 8.29 Avg Reward: 8.295582
2026-05-17 12:03:14 [INFO] Epoch: 197 [25600/50000 (51%)]	 Training Loss: 0.028 ACC: 99.54 CR: 1.00 Avg R1: 0.00 Avg R2: 8.29 Avg Reward: 8.295710
2026-05-17 12:03:20 [INFO] Epoch: 197 [38400/50000 (77%)]	 Training Loss: 0.027 ACC: 99.51 CR: 1.00 Avg R1: 0.00 Avg R2: 8.29 Avg Reward: 8.296116
2026-05-17 12:03:26 [INFO] EPOCH:197, ======================CR:0.99998====================
2026-05-17 12:03:26 [INFO] 0.14538810102097602
2026-05-17 12:03:27 [INFO] EPOCH:197, ======================ACC:77.13====================
2026-05-17 12:03:27 [INFO] BEST EPOCH:193,BEST ACC:77.25
2026-05-17 12:03:33 [INFO] Epoch: 198 [12800/50000 (26%)]	 Training Loss: 0.028 ACC: 99.46 CR: 1.00 Avg R1: 0.00 Avg R2: 8.29 Avg Reward: 8.292714
2026-05-17 12:03:39 [INFO] Epoch: 198 [25600/50000 (51%)]	 Training Loss: 0.027 ACC: 99.49 CR: 1.00 Avg R1: 0.00 Avg R2: 8.29 Avg Reward: 8.292605
2026-05-17 12:03:46 [INFO] Epoch: 198 [38400/50000 (77%)]	 Training Loss: 0.027 ACC: 99.47 CR: 1.00 Avg R1: 0.00 Avg R2: 8.29 Avg Reward: 8.293011
2026-05-17 12:03:51 [INFO] EPOCH:198, ======================CR:0.99994====================
2026-05-17 12:03:51 [INFO] 0.13894259901446807
2026-05-17 12:03:53 [INFO] EPOCH:198, ======================ACC:77.16====================
2026-05-17 12:03:53 [INFO] BEST EPOCH:193,BEST ACC:77.25
2026-05-17 12:03:59 [INFO] Epoch: 199 [12800/50000 (26%)]	 Training Loss: 0.025 ACC: 99.62 CR: 1.00 Avg R1: 0.00 Avg R2: 8.29 Avg Reward: 8.292047
2026-05-17 12:04:05 [INFO] Epoch: 199 [25600/50000 (51%)]	 Training Loss: 0.025 ACC: 99.62 CR: 1.00 Avg R1: 0.00 Avg R2: 8.29 Avg Reward: 8.291234
2026-05-17 12:04:11 [INFO] Epoch: 199 [38400/50000 (77%)]	 Training Loss: 0.026 ACC: 99.59 CR: 1.00 Avg R1: 0.00 Avg R2: 8.29 Avg Reward: 8.290442
2026-05-17 12:04:17 [INFO] EPOCH:199, ======================CR:0.99998====================
2026-05-17 12:04:17 [INFO] 0.13350904563137675
2026-05-17 12:04:18 [INFO] EPOCH:199, ======================ACC:77.05====================
2026-05-17 12:04:18 [INFO] BEST EPOCH:193,BEST ACC:77.25
2026-05-17 12:04:18 [INFO] Saved standard mask to /nvme/home/lixiang/baseline/RLSelector/mask/cifar100/42/mask_90.npz with 45000/50000 samples selected
