2026-05-16 17:29:18 [INFO] Epoch: 0 [12800/50000 (26%)]	 Training Loss: 1.869 ACC: 12.22 CR: 0.87 Avg R1: 0.46 Avg R2: 8.91 Avg Reward: 9.376929
2026-05-16 17:29:27 [INFO] Epoch: 0 [25600/50000 (51%)]	 Training Loss: 1.831 ACC: 13.11 CR: 0.75 Avg R1: 0.91 Avg R2: 8.31 Avg Reward: 9.221313
2026-05-16 17:29:36 [INFO] Epoch: 0 [38400/50000 (77%)]	 Training Loss: 1.805 ACC: 14.04 CR: 0.62 Avg R1: 1.36 Avg R2: 7.71 Avg Reward: 9.068118
2026-05-16 17:29:44 [INFO] EPOCH:0, ======================CR:0.50774====================
2026-05-16 17:29:44 [INFO] -0.0005032909675238018
2026-05-16 17:29:46 [INFO] EPOCH:0, ======================ACC:17.04====================
2026-05-16 17:29:46 [INFO] BEST EPOCH:0,BEST ACC:17.04
2026-05-16 17:29:55 [INFO] Epoch: 1 [12800/50000 (26%)]	 Training Loss: 1.789 ACC: 17.91 CR: 0.52 Avg R1: 3.48 Avg R2: 4.40 Avg Reward: 7.884601
2026-05-16 17:30:04 [INFO] Epoch: 1 [25600/50000 (51%)]	 Training Loss: 1.812 ACC: 18.28 CR: 0.54 Avg R1: 3.42 Avg R2: 4.45 Avg Reward: 7.867169
2026-05-16 17:30:13 [INFO] Epoch: 1 [38400/50000 (77%)]	 Training Loss: 1.849 ACC: 18.99 CR: 0.58 Avg R1: 3.32 Avg R2: 4.52 Avg Reward: 7.843178
2026-05-16 17:30:21 [INFO] EPOCH:1, ======================CR:0.61276====================
2026-05-16 17:30:21 [INFO] 0.001977249354683324
2026-05-16 17:30:23 [INFO] EPOCH:1, ======================ACC:19.67====================
2026-05-16 17:30:23 [INFO] BEST EPOCH:1,BEST ACC:19.67
2026-05-16 17:30:32 [INFO] Epoch: 2 [12800/50000 (26%)]	 Training Loss: 1.958 ACC: 21.96 CR: 0.64 Avg R1: 2.68 Avg R2: 5.76 Avg Reward: 8.447059
2026-05-16 17:30:41 [INFO] Epoch: 2 [25600/50000 (51%)]	 Training Loss: 1.924 ACC: 22.51 CR: 0.66 Avg R1: 2.59 Avg R2: 5.84 Avg Reward: 8.430300
2026-05-16 17:30:50 [INFO] Epoch: 2 [38400/50000 (77%)]	 Training Loss: 1.891 ACC: 23.18 CR: 0.68 Avg R1: 2.52 Avg R2: 5.90 Avg Reward: 8.418425
2026-05-16 17:30:59 [INFO] EPOCH:2, ======================CR:0.6814====================
2026-05-16 17:30:59 [INFO] 0.004640901934949199
2026-05-16 17:31:01 [INFO] EPOCH:2, ======================ACC:24.57====================
2026-05-16 17:31:01 [INFO] BEST EPOCH:2,BEST ACC:24.57
2026-05-16 17:31:11 [INFO] Epoch: 3 [12800/50000 (26%)]	 Training Loss: 1.575 ACC: 27.03 CR: 0.66 Avg R1: 2.37 Avg R2: 6.33 Avg Reward: 8.698982
2026-05-16 17:31:20 [INFO] Epoch: 3 [25600/50000 (51%)]	 Training Loss: 1.584 ACC: 27.76 CR: 0.64 Avg R1: 2.44 Avg R2: 6.27 Avg Reward: 8.707212
2026-05-16 17:31:29 [INFO] Epoch: 3 [38400/50000 (77%)]	 Training Loss: 1.578 ACC: 28.11 CR: 0.62 Avg R1: 2.50 Avg R2: 6.21 Avg Reward: 8.713753
2026-05-16 17:31:38 [INFO] EPOCH:3, ======================CR:0.6234====================
2026-05-16 17:31:38 [INFO] 0.005825486379343912
2026-05-16 17:31:40 [INFO] EPOCH:3, ======================ACC:30.84====================
2026-05-16 17:31:40 [INFO] BEST EPOCH:3,BEST ACC:30.84
2026-05-16 17:31:49 [INFO] Epoch: 4 [12800/50000 (26%)]	 Training Loss: 1.541 ACC: 31.35 CR: 0.63 Avg R1: 2.67 Avg R2: 6.11 Avg Reward: 8.785353
2026-05-16 17:31:58 [INFO] Epoch: 4 [25600/50000 (51%)]	 Training Loss: 1.509 ACC: 31.74 CR: 0.62 Avg R1: 2.67 Avg R2: 6.11 Avg Reward: 8.787477
2026-05-16 17:32:08 [INFO] Epoch: 4 [38400/50000 (77%)]	 Training Loss: 1.531 ACC: 32.23 CR: 0.64 Avg R1: 2.66 Avg R2: 6.13 Avg Reward: 8.788543
2026-05-16 17:32:17 [INFO] EPOCH:4, ======================CR:0.64638====================
2026-05-16 17:32:17 [INFO] 0.007093366912886788
2026-05-16 17:32:19 [INFO] EPOCH:4, ======================ACC:37.1====================
2026-05-16 17:32:19 [INFO] BEST EPOCH:4,BEST ACC:37.1
2026-05-16 17:32:28 [INFO] Epoch: 5 [12800/50000 (26%)]	 Training Loss: 1.403 ACC: 35.61 CR: 0.64 Avg R1: 2.56 Avg R2: 6.17 Avg Reward: 8.727892
2026-05-16 17:32:38 [INFO] Epoch: 5 [25600/50000 (51%)]	 Training Loss: 1.416 ACC: 35.52 CR: 0.64 Avg R1: 2.56 Avg R2: 6.16 Avg Reward: 8.724430
2026-05-16 17:32:47 [INFO] Epoch: 5 [38400/50000 (77%)]	 Training Loss: 1.410 ACC: 35.71 CR: 0.64 Avg R1: 2.57 Avg R2: 6.16 Avg Reward: 8.722206
2026-05-16 17:32:55 [INFO] EPOCH:5, ======================CR:0.63192====================
2026-05-16 17:32:55 [INFO] 0.00691782682633405
2026-05-16 17:32:57 [INFO] EPOCH:5, ======================ACC:38.52====================
2026-05-16 17:32:57 [INFO] BEST EPOCH:5,BEST ACC:38.52
2026-05-16 17:33:07 [INFO] Epoch: 6 [12800/50000 (26%)]	 Training Loss: 1.308 ACC: 38.65 CR: 0.63 Avg R1: 2.65 Avg R2: 5.98 Avg Reward: 8.637366
2026-05-16 17:33:16 [INFO] Epoch: 6 [25600/50000 (51%)]	 Training Loss: 1.355 ACC: 39.07 CR: 0.64 Avg R1: 2.63 Avg R2: 6.01 Avg Reward: 8.637185
2026-05-16 17:33:25 [INFO] Epoch: 6 [38400/50000 (77%)]	 Training Loss: 1.353 ACC: 39.44 CR: 0.65 Avg R1: 2.59 Avg R2: 6.04 Avg Reward: 8.629264
2026-05-16 17:33:33 [INFO] EPOCH:6, ======================CR:0.66362====================
2026-05-16 17:33:33 [INFO] 0.008997131077464861
2026-05-16 17:33:36 [INFO] EPOCH:6, ======================ACC:43.12====================
2026-05-16 17:33:36 [INFO] BEST EPOCH:6,BEST ACC:43.12
2026-05-16 17:33:45 [INFO] Epoch: 7 [12800/50000 (26%)]	 Training Loss: 1.340 ACC: 41.60 CR: 0.67 Avg R1: 2.37 Avg R2: 6.12 Avg Reward: 8.494991
2026-05-16 17:33:55 [INFO] Epoch: 7 [25600/50000 (51%)]	 Training Loss: 1.347 ACC: 41.43 CR: 0.69 Avg R1: 2.33 Avg R2: 6.16 Avg Reward: 8.490602
2026-05-16 17:34:05 [INFO] Epoch: 7 [38400/50000 (77%)]	 Training Loss: 1.360 ACC: 41.72 CR: 0.71 Avg R1: 2.27 Avg R2: 6.21 Avg Reward: 8.482143
2026-05-16 17:34:14 [INFO] EPOCH:7, ======================CR:0.719====================
2026-05-16 17:34:14 [INFO] 0.014712058918328812
2026-05-16 17:34:16 [INFO] EPOCH:7, ======================ACC:41.77====================
2026-05-16 17:34:16 [INFO] BEST EPOCH:6,BEST ACC:43.12
2026-05-16 17:34:27 [INFO] Epoch: 8 [12800/50000 (26%)]	 Training Loss: 1.297 ACC: 44.27 CR: 0.72 Avg R1: 2.02 Avg R2: 6.31 Avg Reward: 8.325963
2026-05-16 17:34:37 [INFO] Epoch: 8 [25600/50000 (51%)]	 Training Loss: 1.267 ACC: 44.91 CR: 0.71 Avg R1: 2.03 Avg R2: 6.30 Avg Reward: 8.326006
2026-05-16 17:34:46 [INFO] Epoch: 8 [38400/50000 (77%)]	 Training Loss: 1.230 ACC: 45.11 CR: 0.69 Avg R1: 2.06 Avg R2: 6.27 Avg Reward: 8.332823
2026-05-16 17:34:55 [INFO] EPOCH:8, ======================CR:0.66812====================
2026-05-16 17:34:55 [INFO] 0.014562371035044515
2026-05-16 17:34:57 [INFO] EPOCH:8, ======================ACC:43.91====================
2026-05-16 17:34:57 [INFO] BEST EPOCH:8,BEST ACC:43.91
2026-05-16 17:35:07 [INFO] Epoch: 9 [12800/50000 (26%)]	 Training Loss: 1.155 ACC: 47.55 CR: 0.67 Avg R1: 2.38 Avg R2: 5.91 Avg Reward: 8.287487
2026-05-16 17:35:17 [INFO] Epoch: 9 [25600/50000 (51%)]	 Training Loss: 1.151 ACC: 47.32 CR: 0.67 Avg R1: 2.38 Avg R2: 5.90 Avg Reward: 8.285992
2026-05-16 17:35:28 [INFO] Epoch: 9 [38400/50000 (77%)]	 Training Loss: 1.154 ACC: 47.21 CR: 0.67 Avg R1: 2.39 Avg R2: 5.90 Avg Reward: 8.287365
2026-05-16 17:35:38 [INFO] EPOCH:9, ======================CR:0.66274====================
2026-05-16 17:35:38 [INFO] 0.016848842433809973
2026-05-16 17:35:40 [INFO] EPOCH:9, ======================ACC:45.87====================
2026-05-16 17:35:40 [INFO] BEST EPOCH:9,BEST ACC:45.87
2026-05-16 17:35:50 [INFO] Epoch: 10 [12800/50000 (26%)]	 Training Loss: 1.128 ACC: 49.51 CR: 0.67 Avg R1: 2.38 Avg R2: 5.83 Avg Reward: 8.216247
2026-05-16 17:36:00 [INFO] Epoch: 10 [25600/50000 (51%)]	 Training Loss: 1.120 ACC: 49.55 CR: 0.67 Avg R1: 2.36 Avg R2: 5.85 Avg Reward: 8.213467
2026-05-16 17:36:10 [INFO] Epoch: 10 [38400/50000 (77%)]	 Training Loss: 1.130 ACC: 49.49 CR: 0.69 Avg R1: 2.34 Avg R2: 5.87 Avg Reward: 8.207228
2026-05-16 17:36:20 [INFO] EPOCH:10, ======================CR:0.69646====================
2026-05-16 17:36:20 [INFO] 0.012605222934452417
2026-05-16 17:36:21 [INFO] EPOCH:10, ======================ACC:50.08====================
2026-05-16 17:36:21 [INFO] BEST EPOCH:10,BEST ACC:50.08
2026-05-16 17:36:32 [INFO] Epoch: 11 [12800/50000 (26%)]	 Training Loss: 1.090 ACC: 50.58 CR: 0.69 Avg R1: 2.18 Avg R2: 5.94 Avg Reward: 8.124909
2026-05-16 17:36:42 [INFO] Epoch: 11 [25600/50000 (51%)]	 Training Loss: 1.082 ACC: 50.88 CR: 0.69 Avg R1: 2.19 Avg R2: 5.93 Avg Reward: 8.124181
2026-05-16 17:36:52 [INFO] Epoch: 11 [38400/50000 (77%)]	 Training Loss: 1.078 ACC: 50.99 CR: 0.69 Avg R1: 2.20 Avg R2: 5.93 Avg Reward: 8.127627
2026-05-16 17:37:02 [INFO] EPOCH:11, ======================CR:0.67978====================
2026-05-16 17:37:02 [INFO] 0.005431864657780003
2026-05-16 17:37:04 [INFO] EPOCH:11, ======================ACC:50.19====================
2026-05-16 17:37:04 [INFO] BEST EPOCH:11,BEST ACC:50.19
2026-05-16 17:37:14 [INFO] Epoch: 12 [12800/50000 (26%)]	 Training Loss: 1.011 ACC: 53.31 CR: 0.68 Avg R1: 2.29 Avg R2: 5.79 Avg Reward: 8.077486
2026-05-16 17:37:25 [INFO] Epoch: 12 [25600/50000 (51%)]	 Training Loss: 1.008 ACC: 53.24 CR: 0.67 Avg R1: 2.30 Avg R2: 5.78 Avg Reward: 8.079480
2026-05-16 17:37:35 [INFO] Epoch: 12 [38400/50000 (77%)]	 Training Loss: 1.003 ACC: 53.29 CR: 0.67 Avg R1: 2.32 Avg R2: 5.76 Avg Reward: 8.084019
2026-05-16 17:37:44 [INFO] EPOCH:12, ======================CR:0.6607====================
2026-05-16 17:37:44 [INFO] 0.01394117384928862
2026-05-16 17:37:46 [INFO] EPOCH:12, ======================ACC:52.05====================
2026-05-16 17:37:46 [INFO] BEST EPOCH:12,BEST ACC:52.05
2026-05-16 17:37:57 [INFO] Epoch: 13 [12800/50000 (26%)]	 Training Loss: 1.013 ACC: 54.38 CR: 0.67 Avg R1: 2.38 Avg R2: 5.71 Avg Reward: 8.086427
2026-05-16 17:38:08 [INFO] Epoch: 13 [25600/50000 (51%)]	 Training Loss: 1.000 ACC: 54.34 CR: 0.68 Avg R1: 2.35 Avg R2: 5.73 Avg Reward: 8.080168
2026-05-16 17:38:19 [INFO] Epoch: 13 [38400/50000 (77%)]	 Training Loss: 0.998 ACC: 54.47 CR: 0.68 Avg R1: 2.34 Avg R2: 5.74 Avg Reward: 8.079339
2026-05-16 17:38:29 [INFO] EPOCH:13, ======================CR:0.67534====================
2026-05-16 17:38:29 [INFO] 0.01324339679177285
2026-05-16 17:38:31 [INFO] EPOCH:13, ======================ACC:50.22====================
2026-05-16 17:38:31 [INFO] BEST EPOCH:12,BEST ACC:52.05
2026-05-16 17:38:42 [INFO] Epoch: 14 [12800/50000 (26%)]	 Training Loss: 0.920 ACC: 55.74 CR: 0.67 Avg R1: 2.36 Avg R2: 5.70 Avg Reward: 8.053911
2026-05-16 17:38:52 [INFO] Epoch: 14 [25600/50000 (51%)]	 Training Loss: 0.937 ACC: 55.60 CR: 0.66 Avg R1: 2.38 Avg R2: 5.68 Avg Reward: 8.060517
2026-05-16 17:39:03 [INFO] Epoch: 14 [38400/50000 (77%)]	 Training Loss: 0.943 ACC: 55.45 CR: 0.66 Avg R1: 2.40 Avg R2: 5.67 Avg Reward: 8.061904
2026-05-16 17:39:13 [INFO] EPOCH:14, ======================CR:0.66304====================
2026-05-16 17:39:13 [INFO] 0.01588754966211645
2026-05-16 17:39:15 [INFO] EPOCH:14, ======================ACC:48.46====================
2026-05-16 17:39:15 [INFO] BEST EPOCH:12,BEST ACC:52.05
2026-05-16 17:39:26 [INFO] Epoch: 15 [12800/50000 (26%)]	 Training Loss: 0.962 ACC: 56.68 CR: 0.67 Avg R1: 2.36 Avg R2: 5.70 Avg Reward: 8.058858
2026-05-16 17:39:37 [INFO] Epoch: 15 [25600/50000 (51%)]	 Training Loss: 0.953 ACC: 56.33 CR: 0.68 Avg R1: 2.34 Avg R2: 5.72 Avg Reward: 8.051598
2026-05-16 17:39:47 [INFO] Epoch: 15 [38400/50000 (77%)]	 Training Loss: 0.933 ACC: 56.15 CR: 0.67 Avg R1: 2.34 Avg R2: 5.71 Avg Reward: 8.051376
2026-05-16 17:39:58 [INFO] EPOCH:15, ======================CR:0.6646====================
2026-05-16 17:39:58 [INFO] 0.012892513044771329
2026-05-16 17:40:00 [INFO] EPOCH:15, ======================ACC:51.93====================
2026-05-16 17:40:00 [INFO] BEST EPOCH:12,BEST ACC:52.05
2026-05-16 17:40:11 [INFO] Epoch: 16 [12800/50000 (26%)]	 Training Loss: 0.918 ACC: 57.90 CR: 0.67 Avg R1: 2.37 Avg R2: 5.67 Avg Reward: 8.045472
2026-05-16 17:40:22 [INFO] Epoch: 16 [25600/50000 (51%)]	 Training Loss: 0.944 ACC: 58.07 CR: 0.69 Avg R1: 2.34 Avg R2: 5.71 Avg Reward: 8.043262
2026-05-16 17:40:32 [INFO] Epoch: 16 [38400/50000 (77%)]	 Training Loss: 0.982 ACC: 57.72 CR: 0.73 Avg R1: 2.26 Avg R2: 5.78 Avg Reward: 8.033514
2026-05-16 17:40:41 [INFO] EPOCH:16, ======================CR:0.76466====================
2026-05-16 17:40:41 [INFO] 0.01914479136580349
2026-05-16 17:40:43 [INFO] EPOCH:16, ======================ACC:47.85====================
2026-05-16 17:40:43 [INFO] BEST EPOCH:12,BEST ACC:52.05
2026-05-16 17:40:55 [INFO] Epoch: 17 [12800/50000 (26%)]	 Training Loss: 1.086 ACC: 56.76 CR: 0.78 Avg R1: 1.63 Avg R2: 6.34 Avg Reward: 7.974153
2026-05-16 17:41:07 [INFO] Epoch: 17 [25600/50000 (51%)]	 Training Loss: 1.056 ACC: 56.91 CR: 0.79 Avg R1: 1.59 Avg R2: 6.38 Avg Reward: 7.971374
2026-05-16 17:41:18 [INFO] Epoch: 17 [38400/50000 (77%)]	 Training Loss: 1.033 ACC: 57.14 CR: 0.78 Avg R1: 1.58 Avg R2: 6.40 Avg Reward: 7.970970
2026-05-16 17:41:28 [INFO] EPOCH:17, ======================CR:0.77606====================
2026-05-16 17:41:28 [INFO] 0.027442626851765715
2026-05-16 17:41:30 [INFO] EPOCH:17, ======================ACC:55.39====================
2026-05-16 17:41:30 [INFO] BEST EPOCH:17,BEST ACC:55.39
2026-05-16 17:41:41 [INFO] Epoch: 18 [12800/50000 (26%)]	 Training Loss: 0.969 ACC: 58.74 CR: 0.77 Avg R1: 1.63 Avg R2: 6.28 Avg Reward: 7.916854
2026-05-16 17:41:53 [INFO] Epoch: 18 [25600/50000 (51%)]	 Training Loss: 0.991 ACC: 58.91 CR: 0.78 Avg R1: 1.62 Avg R2: 6.29 Avg Reward: 7.913852
2026-05-16 17:42:05 [INFO] Epoch: 18 [38400/50000 (77%)]	 Training Loss: 1.016 ACC: 58.80 CR: 0.80 Avg R1: 1.58 Avg R2: 6.33 Avg Reward: 7.909009
2026-05-16 17:42:16 [INFO] EPOCH:18, ======================CR:0.82324====================
2026-05-16 17:42:16 [INFO] 0.033839447722981246
2026-05-16 17:42:18 [INFO] EPOCH:18, ======================ACC:54.47====================
2026-05-16 17:42:18 [INFO] BEST EPOCH:17,BEST ACC:55.39
2026-05-16 17:42:30 [INFO] Epoch: 19 [12800/50000 (26%)]	 Training Loss: 1.102 ACC: 59.83 CR: 0.84 Avg R1: 1.19 Avg R2: 6.70 Avg Reward: 7.895453
2026-05-16 17:42:44 [INFO] Epoch: 19 [25600/50000 (51%)]	 Training Loss: 1.070 ACC: 59.29 CR: 0.85 Avg R1: 1.14 Avg R2: 6.75 Avg Reward: 7.894482
2026-05-16 17:42:57 [INFO] Epoch: 19 [38400/50000 (77%)]	 Training Loss: 1.048 ACC: 59.09 CR: 0.84 Avg R1: 1.13 Avg R2: 6.76 Avg Reward: 7.891315
2026-05-16 17:43:07 [INFO] EPOCH:19, ======================CR:0.82448====================
2026-05-16 17:43:07 [INFO] 0.03215189847950564
2026-05-16 17:43:09 [INFO] EPOCH:19, ======================ACC:56.52====================
2026-05-16 17:43:09 [INFO] BEST EPOCH:19,BEST ACC:56.52
2026-05-16 17:43:20 [INFO] Epoch: 20 [12800/50000 (26%)]	 Training Loss: 0.895 ACC: 61.67 CR: 0.81 Avg R1: 1.32 Avg R2: 6.56 Avg Reward: 7.888995
2026-05-16 17:43:32 [INFO] Epoch: 20 [25600/50000 (51%)]	 Training Loss: 0.916 ACC: 61.28 CR: 0.80 Avg R1: 1.36 Avg R2: 6.52 Avg Reward: 7.886999
2026-05-16 17:43:43 [INFO] Epoch: 20 [38400/50000 (77%)]	 Training Loss: 0.933 ACC: 60.80 CR: 0.79 Avg R1: 1.40 Avg R2: 6.49 Avg Reward: 7.887699
2026-05-16 17:43:54 [INFO] EPOCH:20, ======================CR:0.77436====================
2026-05-16 17:43:54 [INFO] 0.028389471662057894
2026-05-16 17:43:56 [INFO] EPOCH:20, ======================ACC:52.87====================
2026-05-16 17:43:56 [INFO] BEST EPOCH:19,BEST ACC:56.52
2026-05-16 17:44:09 [INFO] Epoch: 21 [12800/50000 (26%)]	 Training Loss: 0.864 ACC: 62.24 CR: 0.77 Avg R1: 1.64 Avg R2: 6.28 Avg Reward: 7.913490
2026-05-16 17:44:21 [INFO] Epoch: 21 [25600/50000 (51%)]	 Training Loss: 0.855 ACC: 62.09 CR: 0.76 Avg R1: 1.67 Avg R2: 6.24 Avg Reward: 7.915207
2026-05-16 17:44:33 [INFO] Epoch: 21 [38400/50000 (77%)]	 Training Loss: 0.856 ACC: 61.58 CR: 0.74 Avg R1: 1.72 Avg R2: 6.20 Avg Reward: 7.919544
2026-05-16 17:44:44 [INFO] EPOCH:21, ======================CR:0.721====================
2026-05-16 17:44:44 [INFO] 0.03555125658745753
2026-05-16 17:44:46 [INFO] EPOCH:21, ======================ACC:57.26====================
2026-05-16 17:44:46 [INFO] BEST EPOCH:21,BEST ACC:57.26
2026-05-16 17:44:59 [INFO] Epoch: 22 [12800/50000 (26%)]	 Training Loss: 0.817 ACC: 63.38 CR: 0.72 Avg R1: 2.01 Avg R2: 5.97 Avg Reward: 7.980264
2026-05-16 17:45:11 [INFO] Epoch: 22 [25600/50000 (51%)]	 Training Loss: 0.838 ACC: 62.86 CR: 0.73 Avg R1: 1.99 Avg R2: 5.99 Avg Reward: 7.978879
2026-05-16 17:45:23 [INFO] Epoch: 22 [38400/50000 (77%)]	 Training Loss: 0.869 ACC: 62.35 CR: 0.74 Avg R1: 1.96 Avg R2: 6.01 Avg Reward: 7.971179
2026-05-16 17:45:34 [INFO] EPOCH:22, ======================CR:0.76676====================
2026-05-16 17:45:34 [INFO] 0.022112965842714244
2026-05-16 17:45:36 [INFO] EPOCH:22, ======================ACC:53.61====================
2026-05-16 17:45:36 [INFO] BEST EPOCH:21,BEST ACC:57.26
2026-05-16 17:45:47 [INFO] Epoch: 23 [12800/50000 (26%)]	 Training Loss: 0.928 ACC: 62.14 CR: 0.78 Avg R1: 1.61 Avg R2: 6.31 Avg Reward: 7.919668
2026-05-16 17:45:59 [INFO] Epoch: 23 [25600/50000 (51%)]	 Training Loss: 0.906 ACC: 62.27 CR: 0.78 Avg R1: 1.58 Avg R2: 6.34 Avg Reward: 7.914695
2026-05-16 17:46:12 [INFO] Epoch: 23 [38400/50000 (77%)]	 Training Loss: 0.906 ACC: 61.92 CR: 0.78 Avg R1: 1.58 Avg R2: 6.34 Avg Reward: 7.913344
2026-05-16 17:46:23 [INFO] EPOCH:23, ======================CR:0.77872====================
2026-05-16 17:46:23 [INFO] 0.028704565285198998
2026-05-16 17:46:25 [INFO] EPOCH:23, ======================ACC:57.93====================
2026-05-16 17:46:25 [INFO] BEST EPOCH:23,BEST ACC:57.93
2026-05-16 17:46:37 [INFO] Epoch: 24 [12800/50000 (26%)]	 Training Loss: 0.877 ACC: 62.62 CR: 0.78 Avg R1: 1.58 Avg R2: 6.32 Avg Reward: 7.899961
2026-05-16 17:46:49 [INFO] Epoch: 24 [25600/50000 (51%)]	 Training Loss: 0.875 ACC: 62.45 CR: 0.77 Avg R1: 1.58 Avg R2: 6.32 Avg Reward: 7.899111
2026-05-16 17:47:02 [INFO] Epoch: 24 [38400/50000 (77%)]	 Training Loss: 0.875 ACC: 62.55 CR: 0.77 Avg R1: 1.60 Avg R2: 6.30 Avg Reward: 7.902225
2026-05-16 17:47:15 [INFO] EPOCH:24, ======================CR:0.77504====================
2026-05-16 17:47:15 [INFO] 0.03770521443036596
2026-05-16 17:47:17 [INFO] EPOCH:24, ======================ACC:55.05====================
2026-05-16 17:47:17 [INFO] BEST EPOCH:23,BEST ACC:57.93
2026-05-16 17:47:32 [INFO] Epoch: 25 [12800/50000 (26%)]	 Training Loss: 0.878 ACC: 64.24 CR: 0.78 Avg R1: 1.57 Avg R2: 6.37 Avg Reward: 7.934174
2026-05-16 17:47:45 [INFO] Epoch: 25 [25600/50000 (51%)]	 Training Loss: 0.884 ACC: 63.77 CR: 0.79 Avg R1: 1.55 Avg R2: 6.39 Avg Reward: 7.932006
2026-05-16 17:47:57 [INFO] Epoch: 25 [38400/50000 (77%)]	 Training Loss: 0.902 ACC: 63.52 CR: 0.81 Avg R1: 1.50 Avg R2: 6.42 Avg Reward: 7.923980
2026-05-16 17:48:10 [INFO] EPOCH:25, ======================CR:0.82752====================
2026-05-16 17:48:10 [INFO] 0.04079963824278878
2026-05-16 17:48:12 [INFO] EPOCH:25, ======================ACC:56.69====================
2026-05-16 17:48:12 [INFO] BEST EPOCH:23,BEST ACC:57.93
2026-05-16 17:48:25 [INFO] Epoch: 26 [12800/50000 (26%)]	 Training Loss: 0.893 ACC: 64.25 CR: 0.83 Avg R1: 1.22 Avg R2: 6.70 Avg Reward: 7.920258
2026-05-16 17:48:39 [INFO] Epoch: 26 [25600/50000 (51%)]	 Training Loss: 0.912 ACC: 64.23 CR: 0.84 Avg R1: 1.19 Avg R2: 6.72 Avg Reward: 7.915057
2026-05-16 17:48:53 [INFO] Epoch: 26 [38400/50000 (77%)]	 Training Loss: 0.939 ACC: 63.68 CR: 0.86 Avg R1: 1.15 Avg R2: 6.76 Avg Reward: 7.909321
2026-05-16 17:49:03 [INFO] EPOCH:26, ======================CR:0.86464====================
2026-05-16 17:49:03 [INFO] 0.048969839411559996
2026-05-16 17:49:05 [INFO] EPOCH:26, ======================ACC:59.11====================
2026-05-16 17:49:05 [INFO] BEST EPOCH:26,BEST ACC:59.11
2026-05-16 17:49:19 [INFO] Epoch: 27 [12800/50000 (26%)]	 Training Loss: 0.924 ACC: 63.57 CR: 0.86 Avg R1: 0.97 Avg R2: 6.91 Avg Reward: 7.882507
2026-05-16 17:49:32 [INFO] Epoch: 27 [25600/50000 (51%)]	 Training Loss: 0.918 ACC: 63.97 CR: 0.86 Avg R1: 0.97 Avg R2: 6.91 Avg Reward: 7.881316
2026-05-16 17:49:44 [INFO] Epoch: 27 [38400/50000 (77%)]	 Training Loss: 0.930 ACC: 63.75 CR: 0.86 Avg R1: 0.97 Avg R2: 6.91 Avg Reward: 7.882250
2026-05-16 17:49:56 [INFO] EPOCH:27, ======================CR:0.86962====================
2026-05-16 17:49:56 [INFO] 0.04172230254004168
2026-05-16 17:49:58 [INFO] EPOCH:27, ======================ACC:60.51====================
2026-05-16 17:49:58 [INFO] BEST EPOCH:27,BEST ACC:60.51
2026-05-16 17:50:12 [INFO] Epoch: 28 [12800/50000 (26%)]	 Training Loss: 0.955 ACC: 63.73 CR: 0.88 Avg R1: 0.90 Avg R2: 6.99 Avg Reward: 7.898901
2026-05-16 17:50:26 [INFO] Epoch: 28 [25600/50000 (51%)]	 Training Loss: 0.961 ACC: 64.40 CR: 0.89 Avg R1: 0.86 Avg R2: 7.04 Avg Reward: 7.898257
2026-05-16 17:50:40 [INFO] Epoch: 28 [38400/50000 (77%)]	 Training Loss: 0.976 ACC: 64.26 CR: 0.91 Avg R1: 0.81 Avg R2: 7.09 Avg Reward: 7.901085
2026-05-16 17:50:54 [INFO] EPOCH:28, ======================CR:0.92712====================
2026-05-16 17:50:54 [INFO] 0.04378430466839915
2026-05-16 17:50:56 [INFO] EPOCH:28, ======================ACC:60.93====================
2026-05-16 17:50:56 [INFO] BEST EPOCH:28,BEST ACC:60.93
2026-05-16 17:51:11 [INFO] Epoch: 29 [12800/50000 (26%)]	 Training Loss: 0.974 ACC: 65.02 CR: 0.93 Avg R1: 0.51 Avg R2: 7.46 Avg Reward: 7.968173
2026-05-16 17:51:24 [INFO] Epoch: 29 [25600/50000 (51%)]	 Training Loss: 0.977 ACC: 64.83 CR: 0.93 Avg R1: 0.51 Avg R2: 7.46 Avg Reward: 7.969282
2026-05-16 17:51:39 [INFO] Epoch: 29 [38400/50000 (77%)]	 Training Loss: 0.992 ACC: 64.29 CR: 0.93 Avg R1: 0.50 Avg R2: 7.47 Avg Reward: 7.969966
2026-05-16 17:51:50 [INFO] EPOCH:29, ======================CR:0.93014====================
2026-05-16 17:51:50 [INFO] 0.04488933864144947
2026-05-16 17:51:52 [INFO] EPOCH:29, ======================ACC:59.44====================
2026-05-16 17:51:52 [INFO] BEST EPOCH:28,BEST ACC:60.93
2026-05-16 17:52:08 [INFO] Epoch: 30 [12800/50000 (26%)]	 Training Loss: 0.921 ACC: 65.71 CR: 0.93 Avg R1: 0.51 Avg R2: 7.46 Avg Reward: 7.965205
2026-05-16 17:52:21 [INFO] Epoch: 30 [25600/50000 (51%)]	 Training Loss: 0.905 ACC: 66.08 CR: 0.92 Avg R1: 0.53 Avg R2: 7.43 Avg Reward: 7.959744
2026-05-16 17:52:37 [INFO] Epoch: 30 [38400/50000 (77%)]	 Training Loss: 0.918 ACC: 65.65 CR: 0.91 Avg R1: 0.55 Avg R2: 7.40 Avg Reward: 7.956080
2026-05-16 17:52:51 [INFO] EPOCH:30, ======================CR:0.9079====================
2026-05-16 17:52:51 [INFO] 0.05387456201411482
2026-05-16 17:52:53 [INFO] EPOCH:30, ======================ACC:58.53====================
2026-05-16 17:52:53 [INFO] BEST EPOCH:28,BEST ACC:60.93
2026-05-16 17:53:09 [INFO] Epoch: 31 [12800/50000 (26%)]	 Training Loss: 0.898 ACC: 66.11 CR: 0.91 Avg R1: 0.66 Avg R2: 7.28 Avg Reward: 7.940005
2026-05-16 17:53:23 [INFO] Epoch: 31 [25600/50000 (51%)]	 Training Loss: 0.896 ACC: 66.25 CR: 0.91 Avg R1: 0.67 Avg R2: 7.27 Avg Reward: 7.934387
2026-05-16 17:53:38 [INFO] Epoch: 31 [38400/50000 (77%)]	 Training Loss: 0.911 ACC: 65.97 CR: 0.91 Avg R1: 0.67 Avg R2: 7.27 Avg Reward: 7.931202
2026-05-16 17:53:52 [INFO] EPOCH:31, ======================CR:0.91482====================
2026-05-16 17:53:52 [INFO] 0.04537933613512149
2026-05-16 17:53:54 [INFO] EPOCH:31, ======================ACC:52.29====================
2026-05-16 17:53:54 [INFO] BEST EPOCH:28,BEST ACC:60.93
2026-05-16 17:54:10 [INFO] Epoch: 32 [12800/50000 (26%)]	 Training Loss: 0.880 ACC: 67.74 CR: 0.92 Avg R1: 0.59 Avg R2: 7.36 Avg Reward: 7.956415
2026-05-16 17:54:25 [INFO] Epoch: 32 [25600/50000 (51%)]	 Training Loss: 0.904 ACC: 66.79 CR: 0.92 Avg R1: 0.58 Avg R2: 7.38 Avg Reward: 7.958513
2026-05-16 17:54:40 [INFO] Epoch: 32 [38400/50000 (77%)]	 Training Loss: 0.907 ACC: 66.30 CR: 0.92 Avg R1: 0.58 Avg R2: 7.37 Avg Reward: 7.958579
2026-05-16 17:54:54 [INFO] EPOCH:32, ======================CR:0.91616====================
2026-05-16 17:54:54 [INFO] 0.04067984955336069
2026-05-16 17:54:56 [INFO] EPOCH:32, ======================ACC:59.22====================
2026-05-16 17:54:56 [INFO] BEST EPOCH:28,BEST ACC:60.93
2026-05-16 17:55:10 [INFO] Epoch: 33 [12800/50000 (26%)]	 Training Loss: 0.854 ACC: 68.59 CR: 0.91 Avg R1: 0.61 Avg R2: 7.36 Avg Reward: 7.968483
2026-05-16 17:55:28 [INFO] Epoch: 33 [25600/50000 (51%)]	 Training Loss: 0.863 ACC: 67.58 CR: 0.91 Avg R1: 0.62 Avg R2: 7.35 Avg Reward: 7.966961
2026-05-16 17:55:44 [INFO] Epoch: 33 [38400/50000 (77%)]	 Training Loss: 0.865 ACC: 67.55 CR: 0.91 Avg R1: 0.64 Avg R2: 7.33 Avg Reward: 7.965693
2026-05-16 17:55:59 [INFO] EPOCH:33, ======================CR:0.9028====================
2026-05-16 17:55:59 [INFO] 0.04301845414660896
2026-05-16 17:56:01 [INFO] EPOCH:33, ======================ACC:57.25====================
2026-05-16 17:56:01 [INFO] BEST EPOCH:28,BEST ACC:60.93
2026-05-16 17:56:15 [INFO] Epoch: 34 [12800/50000 (26%)]	 Training Loss: 0.854 ACC: 67.75 CR: 0.90 Avg R1: 0.70 Avg R2: 7.28 Avg Reward: 7.983484
2026-05-16 17:56:28 [INFO] Epoch: 34 [25600/50000 (51%)]	 Training Loss: 0.850 ACC: 68.09 CR: 0.90 Avg R1: 0.70 Avg R2: 7.28 Avg Reward: 7.985579
2026-05-16 17:56:44 [INFO] Epoch: 34 [38400/50000 (77%)]	 Training Loss: 0.873 ACC: 67.41 CR: 0.91 Avg R1: 0.70 Avg R2: 7.29 Avg Reward: 7.985854
2026-05-16 17:56:58 [INFO] EPOCH:34, ======================CR:0.91034====================
2026-05-16 17:56:58 [INFO] 0.04558470411874056
2026-05-16 17:57:00 [INFO] EPOCH:34, ======================ACC:58.45====================
2026-05-16 17:57:00 [INFO] BEST EPOCH:28,BEST ACC:60.93
2026-05-16 17:57:16 [INFO] Epoch: 35 [12800/50000 (26%)]	 Training Loss: 0.837 ACC: 68.19 CR: 0.91 Avg R1: 0.64 Avg R2: 7.41 Avg Reward: 8.040790
2026-05-16 17:57:32 [INFO] Epoch: 35 [25600/50000 (51%)]	 Training Loss: 0.839 ACC: 67.67 CR: 0.90 Avg R1: 0.65 Avg R2: 7.38 Avg Reward: 8.034230
2026-05-16 17:57:45 [INFO] Epoch: 35 [38400/50000 (77%)]	 Training Loss: 0.847 ACC: 67.41 CR: 0.90 Avg R1: 0.67 Avg R2: 7.36 Avg Reward: 8.025824
2026-05-16 17:57:56 [INFO] EPOCH:35, ======================CR:0.89582====================
2026-05-16 17:57:56 [INFO] 0.0418606551073035
2026-05-16 17:57:58 [INFO] EPOCH:35, ======================ACC:58.29====================
2026-05-16 17:57:58 [INFO] BEST EPOCH:28,BEST ACC:60.93
2026-05-16 17:58:10 [INFO] Epoch: 36 [12800/50000 (26%)]	 Training Loss: 0.824 ACC: 68.16 CR: 0.89 Avg R1: 0.75 Avg R2: 7.29 Avg Reward: 8.036011
2026-05-16 17:58:24 [INFO] Epoch: 36 [25600/50000 (51%)]	 Training Loss: 0.828 ACC: 68.33 CR: 0.89 Avg R1: 0.75 Avg R2: 7.28 Avg Reward: 8.036750
2026-05-16 17:58:38 [INFO] Epoch: 36 [38400/50000 (77%)]	 Training Loss: 0.835 ACC: 67.98 CR: 0.89 Avg R1: 0.76 Avg R2: 7.28 Avg Reward: 8.037475
2026-05-16 17:58:49 [INFO] EPOCH:36, ======================CR:0.89346====================
2026-05-16 17:58:49 [INFO] 0.045025781412843295
2026-05-16 17:58:51 [INFO] EPOCH:36, ======================ACC:59.87====================
2026-05-16 17:58:51 [INFO] BEST EPOCH:28,BEST ACC:60.93
2026-05-16 17:59:05 [INFO] Epoch: 37 [12800/50000 (26%)]	 Training Loss: 0.811 ACC: 69.14 CR: 0.89 Avg R1: 0.76 Avg R2: 7.26 Avg Reward: 8.021505
2026-05-16 17:59:19 [INFO] Epoch: 37 [25600/50000 (51%)]	 Training Loss: 0.820 ACC: 68.38 CR: 0.89 Avg R1: 0.77 Avg R2: 7.26 Avg Reward: 8.024093
2026-05-16 17:59:34 [INFO] Epoch: 37 [38400/50000 (77%)]	 Training Loss: 0.821 ACC: 68.32 CR: 0.89 Avg R1: 0.78 Avg R2: 7.25 Avg Reward: 8.025490
2026-05-16 17:59:46 [INFO] EPOCH:37, ======================CR:0.87578====================
2026-05-16 17:59:46 [INFO] 0.03700492293702102
2026-05-16 17:59:48 [INFO] EPOCH:37, ======================ACC:60.65====================
2026-05-16 17:59:48 [INFO] BEST EPOCH:28,BEST ACC:60.93
2026-05-16 18:00:02 [INFO] Epoch: 38 [12800/50000 (26%)]	 Training Loss: 0.749 ACC: 69.71 CR: 0.87 Avg R1: 0.93 Avg R2: 7.13 Avg Reward: 8.051003
2026-05-16 18:00:16 [INFO] Epoch: 38 [25600/50000 (51%)]	 Training Loss: 0.764 ACC: 69.22 CR: 0.86 Avg R1: 0.95 Avg R2: 7.10 Avg Reward: 8.047984
2026-05-16 18:00:30 [INFO] Epoch: 38 [38400/50000 (77%)]	 Training Loss: 0.768 ACC: 68.96 CR: 0.85 Avg R1: 0.97 Avg R2: 7.07 Avg Reward: 8.045947
2026-05-16 18:00:44 [INFO] EPOCH:38, ======================CR:0.8484====================
2026-05-16 18:00:44 [INFO] 0.04221389561476542
2026-05-16 18:00:46 [INFO] EPOCH:38, ======================ACC:60.91====================
2026-05-16 18:00:46 [INFO] BEST EPOCH:28,BEST ACC:60.93
2026-05-16 18:01:00 [INFO] Epoch: 39 [12800/50000 (26%)]	 Training Loss: 0.773 ACC: 68.81 CR: 0.85 Avg R1: 1.08 Avg R2: 6.97 Avg Reward: 8.051319
2026-05-16 18:01:14 [INFO] Epoch: 39 [25600/50000 (51%)]	 Training Loss: 0.765 ACC: 68.84 CR: 0.85 Avg R1: 1.09 Avg R2: 6.96 Avg Reward: 8.050209
2026-05-16 18:01:28 [INFO] Epoch: 39 [38400/50000 (77%)]	 Training Loss: 0.768 ACC: 68.84 CR: 0.85 Avg R1: 1.09 Avg R2: 6.96 Avg Reward: 8.047381
2026-05-16 18:01:40 [INFO] EPOCH:39, ======================CR:0.85====================
2026-05-16 18:01:40 [INFO] 0.03873961372306354
2026-05-16 18:01:42 [INFO] EPOCH:39, ======================ACC:62.0====================
2026-05-16 18:01:42 [INFO] BEST EPOCH:39,BEST ACC:62.0
2026-05-16 18:01:57 [INFO] Epoch: 40 [12800/50000 (26%)]	 Training Loss: 0.806 ACC: 69.65 CR: 0.86 Avg R1: 1.03 Avg R2: 7.04 Avg Reward: 8.063804
2026-05-16 18:02:11 [INFO] Epoch: 40 [25600/50000 (51%)]	 Training Loss: 0.810 ACC: 69.36 CR: 0.88 Avg R1: 0.98 Avg R2: 7.09 Avg Reward: 8.062851
2026-05-16 18:02:25 [INFO] Epoch: 40 [38400/50000 (77%)]	 Training Loss: 0.813 ACC: 69.24 CR: 0.89 Avg R1: 0.93 Avg R2: 7.13 Avg Reward: 8.061698
2026-05-16 18:02:38 [INFO] EPOCH:40, ======================CR:0.89788====================
2026-05-16 18:02:38 [INFO] 0.042532108166884
2026-05-16 18:02:40 [INFO] EPOCH:40, ======================ACC:59.07====================
2026-05-16 18:02:40 [INFO] BEST EPOCH:39,BEST ACC:62.0
2026-05-16 18:02:55 [INFO] Epoch: 41 [12800/50000 (26%)]	 Training Loss: 0.799 ACC: 69.65 CR: 0.90 Avg R1: 0.71 Avg R2: 7.38 Avg Reward: 8.089862
2026-05-16 18:03:09 [INFO] Epoch: 41 [25600/50000 (51%)]	 Training Loss: 0.815 ACC: 69.24 CR: 0.91 Avg R1: 0.70 Avg R2: 7.39 Avg Reward: 8.091728
2026-05-16 18:03:23 [INFO] Epoch: 41 [38400/50000 (77%)]	 Training Loss: 0.825 ACC: 68.98 CR: 0.91 Avg R1: 0.68 Avg R2: 7.41 Avg Reward: 8.095992
2026-05-16 18:03:36 [INFO] EPOCH:41, ======================CR:0.91294====================
2026-05-16 18:03:36 [INFO] 0.0448925348141418
2026-05-16 18:03:38 [INFO] EPOCH:41, ======================ACC:59.86====================
2026-05-16 18:03:38 [INFO] BEST EPOCH:39,BEST ACC:62.0
2026-05-16 18:03:54 [INFO] Epoch: 42 [12800/50000 (26%)]	 Training Loss: 0.825 ACC: 69.30 CR: 0.92 Avg R1: 0.61 Avg R2: 7.52 Avg Reward: 8.130455
2026-05-16 18:04:09 [INFO] Epoch: 42 [25600/50000 (51%)]	 Training Loss: 0.844 ACC: 68.62 CR: 0.92 Avg R1: 0.59 Avg R2: 7.55 Avg Reward: 8.136173
2026-05-16 18:04:24 [INFO] Epoch: 42 [38400/50000 (77%)]	 Training Loss: 0.855 ACC: 68.49 CR: 0.93 Avg R1: 0.56 Avg R2: 7.58 Avg Reward: 8.140589
2026-05-16 18:04:38 [INFO] EPOCH:42, ======================CR:0.93474====================
2026-05-16 18:04:38 [INFO] 0.053796023229661386
2026-05-16 18:04:41 [INFO] EPOCH:42, ======================ACC:61.07====================
2026-05-16 18:04:41 [INFO] BEST EPOCH:39,BEST ACC:62.0
2026-05-16 18:04:57 [INFO] Epoch: 43 [12800/50000 (26%)]	 Training Loss: 0.813 ACC: 70.12 CR: 0.93 Avg R1: 0.47 Avg R2: 7.69 Avg Reward: 8.158080
2026-05-16 18:05:12 [INFO] Epoch: 43 [25600/50000 (51%)]	 Training Loss: 0.822 ACC: 69.68 CR: 0.93 Avg R1: 0.47 Avg R2: 7.68 Avg Reward: 8.155838
2026-05-16 18:05:28 [INFO] Epoch: 43 [38400/50000 (77%)]	 Training Loss: 0.835 ACC: 69.38 CR: 0.93 Avg R1: 0.47 Avg R2: 7.68 Avg Reward: 8.155834
2026-05-16 18:05:43 [INFO] EPOCH:43, ======================CR:0.93594====================
2026-05-16 18:05:43 [INFO] 0.058954725280406274
2026-05-16 18:05:45 [INFO] EPOCH:43, ======================ACC:62.72====================
2026-05-16 18:05:45 [INFO] BEST EPOCH:43,BEST ACC:62.72
2026-05-16 18:06:02 [INFO] Epoch: 44 [12800/50000 (26%)]	 Training Loss: 0.795 ACC: 70.80 CR: 0.93 Avg R1: 0.46 Avg R2: 7.74 Avg Reward: 8.202412
2026-05-16 18:06:17 [INFO] Epoch: 44 [25600/50000 (51%)]	 Training Loss: 0.797 ACC: 70.60 CR: 0.93 Avg R1: 0.47 Avg R2: 7.72 Avg Reward: 8.199679
2026-05-16 18:06:34 [INFO] Epoch: 44 [38400/50000 (77%)]	 Training Loss: 0.803 ACC: 70.33 CR: 0.93 Avg R1: 0.48 Avg R2: 7.71 Avg Reward: 8.195300
2026-05-16 18:06:48 [INFO] EPOCH:44, ======================CR:0.92872====================
2026-05-16 18:06:48 [INFO] 0.04499069050435237
2026-05-16 18:06:50 [INFO] EPOCH:44, ======================ACC:60.56====================
2026-05-16 18:06:50 [INFO] BEST EPOCH:43,BEST ACC:62.72
2026-05-16 18:07:05 [INFO] Epoch: 45 [12800/50000 (26%)]	 Training Loss: 0.835 ACC: 70.58 CR: 0.94 Avg R1: 0.48 Avg R2: 7.74 Avg Reward: 8.218629
2026-05-16 18:07:21 [INFO] Epoch: 45 [25600/50000 (51%)]	 Training Loss: 0.847 ACC: 70.06 CR: 0.95 Avg R1: 0.44 Avg R2: 7.80 Avg Reward: 8.238051
2026-05-16 18:07:37 [INFO] Epoch: 45 [38400/50000 (77%)]	 Training Loss: 0.860 ACC: 69.90 CR: 0.96 Avg R1: 0.40 Avg R2: 7.86 Avg Reward: 8.257521
2026-05-16 18:07:52 [INFO] EPOCH:45, ======================CR:0.9745====================
2026-05-16 18:07:52 [INFO] 0.05180247093382656
2026-05-16 18:07:54 [INFO] EPOCH:45, ======================ACC:59.75====================
2026-05-16 18:07:54 [INFO] BEST EPOCH:43,BEST ACC:62.72
2026-05-16 18:08:10 [INFO] Epoch: 46 [12800/50000 (26%)]	 Training Loss: 0.866 ACC: 70.23 CR: 0.98 Avg R1: 0.17 Avg R2: 8.23 Avg Reward: 8.404161
2026-05-16 18:08:26 [INFO] Epoch: 46 [25600/50000 (51%)]	 Training Loss: 0.889 ACC: 69.55 CR: 0.98 Avg R1: 0.16 Avg R2: 8.25 Avg Reward: 8.415040
2026-05-16 18:08:43 [INFO] Epoch: 46 [38400/50000 (77%)]	 Training Loss: 0.888 ACC: 69.47 CR: 0.98 Avg R1: 0.15 Avg R2: 8.27 Avg Reward: 8.423221
2026-05-16 18:08:58 [INFO] EPOCH:46, ======================CR:0.98144====================
2026-05-16 18:08:58 [INFO] 0.05550096797819485
2026-05-16 18:09:00 [INFO] EPOCH:46, ======================ACC:61.7====================
2026-05-16 18:09:00 [INFO] BEST EPOCH:43,BEST ACC:62.72
2026-05-16 18:09:15 [INFO] Epoch: 47 [12800/50000 (26%)]	 Training Loss: 0.790 ACC: 71.75 CR: 0.98 Avg R1: 0.14 Avg R2: 8.28 Avg Reward: 8.419754
2026-05-16 18:09:31 [INFO] Epoch: 47 [25600/50000 (51%)]	 Training Loss: 0.817 ACC: 71.16 CR: 0.98 Avg R1: 0.15 Avg R2: 8.26 Avg Reward: 8.410614
2026-05-16 18:09:46 [INFO] Epoch: 47 [38400/50000 (77%)]	 Training Loss: 0.838 ACC: 70.64 CR: 0.98 Avg R1: 0.15 Avg R2: 8.25 Avg Reward: 8.401232
2026-05-16 18:09:59 [INFO] EPOCH:47, ======================CR:0.97458====================
2026-05-16 18:09:59 [INFO] 0.03903006767195453
2026-05-16 18:10:01 [INFO] EPOCH:47, ======================ACC:61.97====================
2026-05-16 18:10:01 [INFO] BEST EPOCH:43,BEST ACC:62.72
2026-05-16 18:10:15 [INFO] Epoch: 48 [12800/50000 (26%)]	 Training Loss: 0.834 ACC: 71.32 CR: 0.98 Avg R1: 0.17 Avg R2: 8.22 Avg Reward: 8.392511
2026-05-16 18:10:31 [INFO] Epoch: 48 [25600/50000 (51%)]	 Training Loss: 0.856 ACC: 70.83 CR: 0.98 Avg R1: 0.16 Avg R2: 8.25 Avg Reward: 8.410492
2026-05-16 18:10:47 [INFO] Epoch: 48 [38400/50000 (77%)]	 Training Loss: 0.880 ACC: 70.56 CR: 0.99 Avg R1: 0.14 Avg R2: 8.30 Avg Reward: 8.439010
2026-05-16 18:11:00 [INFO] EPOCH:48, ======================CR:0.99224====================
2026-05-16 18:11:00 [INFO] 0.049471914701878304
2026-05-16 18:11:02 [INFO] EPOCH:48, ======================ACC:62.05====================
2026-05-16 18:11:02 [INFO] BEST EPOCH:43,BEST ACC:62.72
2026-05-16 18:11:16 [INFO] Epoch: 49 [12800/50000 (26%)]	 Training Loss: 0.874 ACC: 71.09 CR: 0.99 Avg R1: 0.05 Avg R2: 8.56 Avg Reward: 8.617901
2026-05-16 18:11:32 [INFO] Epoch: 49 [25600/50000 (51%)]	 Training Loss: 0.860 ACC: 71.31 CR: 0.99 Avg R1: 0.05 Avg R2: 8.56 Avg Reward: 8.613203
2026-05-16 18:11:47 [INFO] Epoch: 49 [38400/50000 (77%)]	 Training Loss: 0.871 ACC: 70.89 CR: 0.99 Avg R1: 0.05 Avg R2: 8.56 Avg Reward: 8.609795
2026-05-16 18:11:59 [INFO] EPOCH:49, ======================CR:0.99132====================
2026-05-16 18:11:59 [INFO] 0.05061496034162343
2026-05-16 18:12:01 [INFO] EPOCH:49, ======================ACC:62.73====================
2026-05-16 18:12:01 [INFO] BEST EPOCH:49,BEST ACC:62.73
2026-05-16 18:12:17 [INFO] Epoch: 50 [12800/50000 (26%)]	 Training Loss: 0.837 ACC: 71.80 CR: 0.99 Avg R1: 0.06 Avg R2: 8.52 Avg Reward: 8.583546
2026-05-16 18:12:32 [INFO] Epoch: 50 [25600/50000 (51%)]	 Training Loss: 0.844 ACC: 71.64 CR: 0.99 Avg R1: 0.06 Avg R2: 8.52 Avg Reward: 8.583207
2026-05-16 18:12:48 [INFO] Epoch: 50 [38400/50000 (77%)]	 Training Loss: 0.860 ACC: 71.03 CR: 0.99 Avg R1: 0.07 Avg R2: 8.51 Avg Reward: 8.577978
2026-05-16 18:13:02 [INFO] EPOCH:50, ======================CR:0.98842====================
2026-05-16 18:13:02 [INFO] 0.04786565537628224
2026-05-16 18:13:04 [INFO] EPOCH:50, ======================ACC:62.84====================
2026-05-16 18:13:04 [INFO] BEST EPOCH:50,BEST ACC:62.84
2026-05-16 18:13:20 [INFO] Epoch: 51 [12800/50000 (26%)]	 Training Loss: 0.815 ACC: 72.61 CR: 0.99 Avg R1: 0.08 Avg R2: 8.48 Avg Reward: 8.556942
2026-05-16 18:13:36 [INFO] Epoch: 51 [25600/50000 (51%)]	 Training Loss: 0.834 ACC: 72.24 CR: 0.99 Avg R1: 0.08 Avg R2: 8.49 Avg Reward: 8.563624
2026-05-16 18:13:52 [INFO] Epoch: 51 [38400/50000 (77%)]	 Training Loss: 0.846 ACC: 71.83 CR: 0.99 Avg R1: 0.07 Avg R2: 8.50 Avg Reward: 8.572919
2026-05-16 18:14:06 [INFO] EPOCH:51, ======================CR:0.9917====================
2026-05-16 18:14:06 [INFO] 0.04921037179450282
2026-05-16 18:14:08 [INFO] EPOCH:51, ======================ACC:64.69====================
2026-05-16 18:14:08 [INFO] BEST EPOCH:51,BEST ACC:64.69
2026-05-16 18:14:23 [INFO] Epoch: 52 [12800/50000 (26%)]	 Training Loss: 0.827 ACC: 71.88 CR: 0.99 Avg R1: 0.06 Avg R2: 8.55 Avg Reward: 8.613912
2026-05-16 18:14:41 [INFO] Epoch: 52 [25600/50000 (51%)]	 Training Loss: 0.833 ACC: 71.57 CR: 0.99 Avg R1: 0.06 Avg R2: 8.55 Avg Reward: 8.612021
2026-05-16 18:14:59 [INFO] Epoch: 52 [38400/50000 (77%)]	 Training Loss: 0.840 ACC: 71.48 CR: 0.99 Avg R1: 0.06 Avg R2: 8.55 Avg Reward: 8.612341
2026-05-16 18:15:13 [INFO] EPOCH:52, ======================CR:0.99058====================
2026-05-16 18:15:13 [INFO] 0.042223258592257194
2026-05-16 18:15:15 [INFO] EPOCH:52, ======================ACC:64.82====================
2026-05-16 18:15:15 [INFO] BEST EPOCH:52,BEST ACC:64.82
2026-05-16 18:15:32 [INFO] Epoch: 53 [12800/50000 (26%)]	 Training Loss: 0.744 ACC: 73.39 CR: 0.98 Avg R1: 0.09 Avg R2: 8.49 Avg Reward: 8.573609
2026-05-16 18:15:50 [INFO] Epoch: 53 [25600/50000 (51%)]	 Training Loss: 0.749 ACC: 73.23 CR: 0.98 Avg R1: 0.11 Avg R2: 8.43 Avg Reward: 8.541648
2026-05-16 18:16:08 [INFO] Epoch: 53 [38400/50000 (77%)]	 Training Loss: 0.755 ACC: 72.94 CR: 0.97 Avg R1: 0.14 Avg R2: 8.37 Avg Reward: 8.507926
2026-05-16 18:16:24 [INFO] EPOCH:53, ======================CR:0.96316====================
2026-05-16 18:16:24 [INFO] 0.04061533203093037
2026-05-16 18:16:26 [INFO] EPOCH:53, ======================ACC:63.16====================
2026-05-16 18:16:26 [INFO] BEST EPOCH:52,BEST ACC:64.82
2026-05-16 18:16:43 [INFO] Epoch: 54 [12800/50000 (26%)]	 Training Loss: 0.740 ACC: 73.93 CR: 0.97 Avg R1: 0.25 Avg R2: 8.11 Avg Reward: 8.361477
2026-05-16 18:17:00 [INFO] Epoch: 54 [25600/50000 (51%)]	 Training Loss: 0.753 ACC: 73.20 CR: 0.97 Avg R1: 0.24 Avg R2: 8.12 Avg Reward: 8.363192
2026-05-16 18:17:17 [INFO] Epoch: 54 [38400/50000 (77%)]	 Training Loss: 0.757 ACC: 72.98 CR: 0.97 Avg R1: 0.24 Avg R2: 8.12 Avg Reward: 8.361640
2026-05-16 18:17:32 [INFO] EPOCH:54, ======================CR:0.9646====================
2026-05-16 18:17:32 [INFO] 0.040748486595280256
2026-05-16 18:17:35 [INFO] EPOCH:54, ======================ACC:62.5====================
2026-05-16 18:17:35 [INFO] BEST EPOCH:52,BEST ACC:64.82
2026-05-16 18:17:52 [INFO] Epoch: 55 [12800/50000 (26%)]	 Training Loss: 0.701 ACC: 74.63 CR: 0.96 Avg R1: 0.26 Avg R2: 8.11 Avg Reward: 8.373595
2026-05-16 18:18:09 [INFO] Epoch: 55 [25600/50000 (51%)]	 Training Loss: 0.721 ACC: 74.27 CR: 0.96 Avg R1: 0.26 Avg R2: 8.12 Avg Reward: 8.377666
2026-05-16 18:18:31 [INFO] Epoch: 55 [38400/50000 (77%)]	 Training Loss: 0.739 ACC: 73.69 CR: 0.97 Avg R1: 0.26 Avg R2: 8.12 Avg Reward: 8.381058
2026-05-16 18:18:49 [INFO] EPOCH:55, ======================CR:0.96868====================
2026-05-16 18:18:49 [INFO] 0.04632753105718497
2026-05-16 18:18:51 [INFO] EPOCH:55, ======================ACC:61.72====================
2026-05-16 18:18:51 [INFO] BEST EPOCH:52,BEST ACC:64.82
2026-05-16 18:19:15 [INFO] Epoch: 56 [12800/50000 (26%)]	 Training Loss: 0.739 ACC: 74.00 CR: 0.97 Avg R1: 0.23 Avg R2: 8.22 Avg Reward: 8.447882
2026-05-16 18:19:32 [INFO] Epoch: 56 [25600/50000 (51%)]	 Training Loss: 0.750 ACC: 73.75 CR: 0.97 Avg R1: 0.22 Avg R2: 8.24 Avg Reward: 8.455666
2026-05-16 18:19:49 [INFO] Epoch: 56 [38400/50000 (77%)]	 Training Loss: 0.772 ACC: 73.13 CR: 0.97 Avg R1: 0.21 Avg R2: 8.25 Avg Reward: 8.462357
2026-05-16 18:20:07 [INFO] EPOCH:56, ======================CR:0.97476====================
2026-05-16 18:20:07 [INFO] 0.051443413277369926
2026-05-16 18:20:09 [INFO] EPOCH:56, ======================ACC:62.14====================
2026-05-16 18:20:09 [INFO] BEST EPOCH:52,BEST ACC:64.82
2026-05-16 18:20:27 [INFO] Epoch: 57 [12800/50000 (26%)]	 Training Loss: 0.732 ACC: 73.89 CR: 0.97 Avg R1: 0.19 Avg R2: 8.29 Avg Reward: 8.478052
2026-05-16 18:20:44 [INFO] Epoch: 57 [25600/50000 (51%)]	 Training Loss: 0.735 ACC: 73.46 CR: 0.97 Avg R1: 0.20 Avg R2: 8.27 Avg Reward: 8.468049
2026-05-16 18:21:02 [INFO] Epoch: 57 [38400/50000 (77%)]	 Training Loss: 0.731 ACC: 73.14 CR: 0.95 Avg R1: 0.22 Avg R2: 8.23 Avg Reward: 8.453849
2026-05-16 18:21:19 [INFO] EPOCH:57, ======================CR:0.9391====================
2026-05-16 18:21:19 [INFO] 0.05010711228605917
2026-05-16 18:21:21 [INFO] EPOCH:57, ======================ACC:64.03====================
2026-05-16 18:21:21 [INFO] BEST EPOCH:52,BEST ACC:64.82
2026-05-16 18:21:40 [INFO] Epoch: 58 [12800/50000 (26%)]	 Training Loss: 0.650 ACC: 75.80 CR: 0.93 Avg R1: 0.46 Avg R2: 7.90 Avg Reward: 8.355043
2026-05-16 18:21:57 [INFO] Epoch: 58 [25600/50000 (51%)]	 Training Loss: 0.653 ACC: 75.31 CR: 0.93 Avg R1: 0.48 Avg R2: 7.87 Avg Reward: 8.345860
2026-05-16 18:22:16 [INFO] Epoch: 58 [38400/50000 (77%)]	 Training Loss: 0.676 ACC: 74.48 CR: 0.93 Avg R1: 0.50 Avg R2: 7.84 Avg Reward: 8.337127
2026-05-16 18:22:33 [INFO] EPOCH:58, ======================CR:0.92382====================
2026-05-16 18:22:33 [INFO] 0.05325116245949046
2026-05-16 18:22:35 [INFO] EPOCH:58, ======================ACC:64.26====================
2026-05-16 18:22:35 [INFO] BEST EPOCH:52,BEST ACC:64.82
2026-05-16 18:22:53 [INFO] Epoch: 59 [12800/50000 (26%)]	 Training Loss: 0.656 ACC: 75.38 CR: 0.93 Avg R1: 0.54 Avg R2: 7.77 Avg Reward: 8.306419
2026-05-16 18:23:10 [INFO] Epoch: 59 [25600/50000 (51%)]	 Training Loss: 0.672 ACC: 74.97 CR: 0.93 Avg R1: 0.53 Avg R2: 7.78 Avg Reward: 8.307799
2026-05-16 18:23:29 [INFO] Epoch: 59 [38400/50000 (77%)]	 Training Loss: 0.691 ACC: 74.41 CR: 0.93 Avg R1: 0.51 Avg R2: 7.80 Avg Reward: 8.311659
2026-05-16 18:23:44 [INFO] EPOCH:59, ======================CR:0.9408====================
2026-05-16 18:23:44 [INFO] 0.05358633940150023
2026-05-16 18:23:46 [INFO] EPOCH:59, ======================ACC:65.1====================
2026-05-16 18:23:46 [INFO] BEST EPOCH:59,BEST ACC:65.1
2026-05-16 18:24:04 [INFO] Epoch: 60 [12800/50000 (26%)]	 Training Loss: 0.656 ACC: 74.55 CR: 0.93 Avg R1: 0.46 Avg R2: 7.92 Avg Reward: 8.380660
2026-05-16 18:24:23 [INFO] Epoch: 60 [25600/50000 (51%)]	 Training Loss: 0.634 ACC: 75.04 CR: 0.91 Avg R1: 0.52 Avg R2: 7.85 Avg Reward: 8.365097
2026-05-16 18:24:41 [INFO] Epoch: 60 [38400/50000 (77%)]	 Training Loss: 0.637 ACC: 74.74 CR: 0.89 Avg R1: 0.58 Avg R2: 7.77 Avg Reward: 8.350165
2026-05-16 18:24:59 [INFO] EPOCH:60, ======================CR:0.87514====================
2026-05-16 18:24:59 [INFO] 0.03331794138759851
2026-05-16 18:25:01 [INFO] EPOCH:60, ======================ACC:59.32====================
2026-05-16 18:25:01 [INFO] BEST EPOCH:59,BEST ACC:65.1
2026-05-16 18:25:19 [INFO] Epoch: 61 [12800/50000 (26%)]	 Training Loss: 0.620 ACC: 75.12 CR: 0.87 Avg R1: 0.89 Avg R2: 7.38 Avg Reward: 8.269883
2026-05-16 18:25:38 [INFO] Epoch: 61 [25600/50000 (51%)]	 Training Loss: 0.617 ACC: 75.39 CR: 0.87 Avg R1: 0.90 Avg R2: 7.37 Avg Reward: 8.269396
2026-05-16 18:25:57 [INFO] Epoch: 61 [38400/50000 (77%)]	 Training Loss: 0.623 ACC: 75.11 CR: 0.87 Avg R1: 0.90 Avg R2: 7.37 Avg Reward: 8.267936
2026-05-16 18:26:14 [INFO] EPOCH:61, ======================CR:0.87024====================
2026-05-16 18:26:14 [INFO] 0.04543194916662594
2026-05-16 18:26:16 [INFO] EPOCH:61, ======================ACC:63.67====================
2026-05-16 18:26:16 [INFO] BEST EPOCH:59,BEST ACC:65.1
2026-05-16 18:26:34 [INFO] Epoch: 62 [12800/50000 (26%)]	 Training Loss: 0.579 ACC: 75.98 CR: 0.86 Avg R1: 0.95 Avg R2: 7.34 Avg Reward: 8.286463
2026-05-16 18:26:52 [INFO] Epoch: 62 [25600/50000 (51%)]	 Training Loss: 0.574 ACC: 75.92 CR: 0.85 Avg R1: 0.99 Avg R2: 7.30 Avg Reward: 8.285021
2026-05-16 18:27:10 [INFO] Epoch: 62 [38400/50000 (77%)]	 Training Loss: 0.581 ACC: 75.46 CR: 0.83 Avg R1: 1.04 Avg R2: 7.24 Avg Reward: 8.284326
2026-05-16 18:27:28 [INFO] EPOCH:62, ======================CR:0.8184====================
2026-05-16 18:27:28 [INFO] 0.0400425776901991
2026-05-16 18:27:30 [INFO] EPOCH:62, ======================ACC:65.15====================
2026-05-16 18:27:30 [INFO] BEST EPOCH:62,BEST ACC:65.15
2026-05-16 18:27:49 [INFO] Epoch: 63 [12800/50000 (26%)]	 Training Loss: 0.542 ACC: 76.30 CR: 0.81 Avg R1: 1.33 Avg R2: 6.97 Avg Reward: 8.297951
2026-05-16 18:28:08 [INFO] Epoch: 63 [25600/50000 (51%)]	 Training Loss: 0.523 ACC: 76.63 CR: 0.79 Avg R1: 1.38 Avg R2: 6.92 Avg Reward: 8.303946
2026-05-16 18:28:28 [INFO] Epoch: 63 [38400/50000 (77%)]	 Training Loss: 0.528 ACC: 76.45 CR: 0.77 Avg R1: 1.45 Avg R2: 6.86 Avg Reward: 8.307788
2026-05-16 18:28:47 [INFO] EPOCH:63, ======================CR:0.756====================
2026-05-16 18:28:47 [INFO] 0.027594734231595017
2026-05-16 18:28:49 [INFO] EPOCH:63, ======================ACC:64.7====================
2026-05-16 18:28:49 [INFO] BEST EPOCH:62,BEST ACC:65.15
2026-05-16 18:29:07 [INFO] Epoch: 64 [12800/50000 (26%)]	 Training Loss: 0.502 ACC: 77.55 CR: 0.75 Avg R1: 1.76 Avg R2: 6.57 Avg Reward: 8.331149
2026-05-16 18:29:27 [INFO] Epoch: 64 [25600/50000 (51%)]	 Training Loss: 0.516 ACC: 77.15 CR: 0.76 Avg R1: 1.76 Avg R2: 6.57 Avg Reward: 8.330212
2026-05-16 18:29:47 [INFO] Epoch: 64 [38400/50000 (77%)]	 Training Loss: 0.535 ACC: 76.42 CR: 0.76 Avg R1: 1.75 Avg R2: 6.58 Avg Reward: 8.329740
2026-05-16 18:30:05 [INFO] EPOCH:64, ======================CR:0.76416====================
2026-05-16 18:30:05 [INFO] 0.04799045407413415
2026-05-16 18:30:07 [INFO] EPOCH:64, ======================ACC:63.52====================
2026-05-16 18:30:07 [INFO] BEST EPOCH:62,BEST ACC:65.15
2026-05-16 18:30:26 [INFO] Epoch: 65 [12800/50000 (26%)]	 Training Loss: 0.488 ACC: 77.55 CR: 0.75 Avg R1: 1.72 Avg R2: 6.60 Avg Reward: 8.318843
2026-05-16 18:30:44 [INFO] Epoch: 65 [25600/50000 (51%)]	 Training Loss: 0.493 ACC: 77.07 CR: 0.74 Avg R1: 1.77 Avg R2: 6.55 Avg Reward: 8.323414
2026-05-16 18:31:03 [INFO] Epoch: 65 [38400/50000 (77%)]	 Training Loss: 0.495 ACC: 76.80 CR: 0.73 Avg R1: 1.81 Avg R2: 6.51 Avg Reward: 8.324351
2026-05-16 18:31:21 [INFO] EPOCH:65, ======================CR:0.70918====================
2026-05-16 18:31:21 [INFO] 0.03586304352062214
2026-05-16 18:31:23 [INFO] EPOCH:65, ======================ACC:62.78====================
2026-05-16 18:31:23 [INFO] BEST EPOCH:62,BEST ACC:65.15
2026-05-16 18:31:41 [INFO] Epoch: 66 [12800/50000 (26%)]	 Training Loss: 0.463 ACC: 77.48 CR: 0.70 Avg R1: 2.10 Avg R2: 6.24 Avg Reward: 8.345319
2026-05-16 18:32:00 [INFO] Epoch: 66 [25600/50000 (51%)]	 Training Loss: 0.467 ACC: 77.41 CR: 0.69 Avg R1: 2.14 Avg R2: 6.21 Avg Reward: 8.350824
2026-05-16 18:32:20 [INFO] Epoch: 66 [38400/50000 (77%)]	 Training Loss: 0.479 ACC: 77.10 CR: 0.69 Avg R1: 2.16 Avg R2: 6.19 Avg Reward: 8.351932
2026-05-16 18:32:37 [INFO] EPOCH:66, ======================CR:0.70098====================
2026-05-16 18:32:37 [INFO] 0.029677825180163608
2026-05-16 18:32:39 [INFO] EPOCH:66, ======================ACC:65.09====================
2026-05-16 18:32:39 [INFO] BEST EPOCH:62,BEST ACC:65.15
2026-05-16 18:32:58 [INFO] Epoch: 67 [12800/50000 (26%)]	 Training Loss: 0.536 ACC: 76.23 CR: 0.72 Avg R1: 2.08 Avg R2: 6.27 Avg Reward: 8.345373
2026-05-16 18:33:17 [INFO] Epoch: 67 [25600/50000 (51%)]	 Training Loss: 0.538 ACC: 76.15 CR: 0.74 Avg R1: 2.02 Avg R2: 6.32 Avg Reward: 8.339460
2026-05-16 18:33:37 [INFO] Epoch: 67 [38400/50000 (77%)]	 Training Loss: 0.554 ACC: 75.56 CR: 0.76 Avg R1: 1.95 Avg R2: 6.38 Avg Reward: 8.333426
2026-05-16 18:33:55 [INFO] EPOCH:67, ======================CR:0.7656====================
2026-05-16 18:33:55 [INFO] 0.05254509145994226
2026-05-16 18:33:57 [INFO] EPOCH:67, ======================ACC:63.43====================
2026-05-16 18:33:57 [INFO] BEST EPOCH:62,BEST ACC:65.15
2026-05-16 18:34:16 [INFO] Epoch: 68 [12800/50000 (26%)]	 Training Loss: 0.544 ACC: 76.38 CR: 0.77 Avg R1: 1.69 Avg R2: 6.67 Avg Reward: 8.356755
2026-05-16 18:34:35 [INFO] Epoch: 68 [25600/50000 (51%)]	 Training Loss: 0.554 ACC: 76.18 CR: 0.78 Avg R1: 1.66 Avg R2: 6.70 Avg Reward: 8.354017
2026-05-16 18:34:54 [INFO] Epoch: 68 [38400/50000 (77%)]	 Training Loss: 0.570 ACC: 75.49 CR: 0.78 Avg R1: 1.63 Avg R2: 6.72 Avg Reward: 8.349938
2026-05-16 18:35:11 [INFO] EPOCH:68, ======================CR:0.79166====================
2026-05-16 18:35:11 [INFO] 0.0499849063093501
2026-05-16 18:35:13 [INFO] EPOCH:68, ======================ACC:62.03====================
2026-05-16 18:35:13 [INFO] BEST EPOCH:62,BEST ACC:65.15
2026-05-16 18:35:33 [INFO] Epoch: 69 [12800/50000 (26%)]	 Training Loss: 0.576 ACC: 75.39 CR: 0.79 Avg R1: 1.48 Avg R2: 6.86 Avg Reward: 8.336412
2026-05-16 18:35:52 [INFO] Epoch: 69 [25600/50000 (51%)]	 Training Loss: 0.565 ACC: 75.65 CR: 0.79 Avg R1: 1.48 Avg R2: 6.85 Avg Reward: 8.336757
2026-05-16 18:36:11 [INFO] Epoch: 69 [38400/50000 (77%)]	 Training Loss: 0.567 ACC: 75.54 CR: 0.79 Avg R1: 1.49 Avg R2: 6.85 Avg Reward: 8.339353
2026-05-16 18:36:29 [INFO] EPOCH:69, ======================CR:0.77818====================
2026-05-16 18:36:29 [INFO] 0.04823398189390281
2026-05-16 18:36:31 [INFO] EPOCH:69, ======================ACC:63.33====================
2026-05-16 18:36:31 [INFO] BEST EPOCH:62,BEST ACC:65.15
2026-05-16 18:36:49 [INFO] Epoch: 70 [12800/50000 (26%)]	 Training Loss: 0.515 ACC: 76.64 CR: 0.77 Avg R1: 1.61 Avg R2: 6.76 Avg Reward: 8.372031
2026-05-16 18:37:09 [INFO] Epoch: 70 [25600/50000 (51%)]	 Training Loss: 0.523 ACC: 76.46 CR: 0.77 Avg R1: 1.63 Avg R2: 6.74 Avg Reward: 8.369136
2026-05-16 18:37:28 [INFO] Epoch: 70 [38400/50000 (77%)]	 Training Loss: 0.531 ACC: 75.98 CR: 0.76 Avg R1: 1.65 Avg R2: 6.72 Avg Reward: 8.366696
2026-05-16 18:37:46 [INFO] EPOCH:70, ======================CR:0.75072====================
2026-05-16 18:37:46 [INFO] 0.054613244247039214
2026-05-16 18:37:48 [INFO] EPOCH:70, ======================ACC:63.88====================
2026-05-16 18:37:48 [INFO] BEST EPOCH:62,BEST ACC:65.15
2026-05-16 18:38:06 [INFO] Epoch: 71 [12800/50000 (26%)]	 Training Loss: 0.494 ACC: 77.09 CR: 0.74 Avg R1: 1.81 Avg R2: 6.56 Avg Reward: 8.373112
2026-05-16 18:38:25 [INFO] Epoch: 71 [25600/50000 (51%)]	 Training Loss: 0.486 ACC: 77.30 CR: 0.73 Avg R1: 1.85 Avg R2: 6.53 Avg Reward: 8.375950
2026-05-16 18:38:44 [INFO] Epoch: 71 [38400/50000 (77%)]	 Training Loss: 0.482 ACC: 76.95 CR: 0.70 Avg R1: 1.91 Avg R2: 6.47 Avg Reward: 8.381690
2026-05-16 18:39:02 [INFO] EPOCH:71, ======================CR:0.68354====================
2026-05-16 18:39:02 [INFO] 0.03863501408370897
2026-05-16 18:39:04 [INFO] EPOCH:71, ======================ACC:64.36====================
2026-05-16 18:39:04 [INFO] BEST EPOCH:62,BEST ACC:65.15
2026-05-16 18:39:24 [INFO] Epoch: 72 [12800/50000 (26%)]	 Training Loss: 0.448 ACC: 77.85 CR: 0.68 Avg R1: 2.27 Avg R2: 6.14 Avg Reward: 8.406281
2026-05-16 18:39:45 [INFO] Epoch: 72 [25600/50000 (51%)]	 Training Loss: 0.445 ACC: 78.27 CR: 0.67 Avg R1: 2.29 Avg R2: 6.11 Avg Reward: 8.403745
2026-05-16 18:40:06 [INFO] Epoch: 72 [38400/50000 (77%)]	 Training Loss: 0.460 ACC: 77.65 CR: 0.67 Avg R1: 2.30 Avg R2: 6.10 Avg Reward: 8.401794
2026-05-16 18:40:23 [INFO] EPOCH:72, ======================CR:0.67014====================
2026-05-16 18:40:23 [INFO] 0.049674794413770706
2026-05-16 18:40:25 [INFO] EPOCH:72, ======================ACC:66.95====================
2026-05-16 18:40:25 [INFO] BEST EPOCH:72,BEST ACC:66.95
2026-05-16 18:40:46 [INFO] Epoch: 73 [12800/50000 (26%)]	 Training Loss: 0.457 ACC: 77.54 CR: 0.67 Avg R1: 2.36 Avg R2: 6.03 Avg Reward: 8.386797
2026-05-16 18:41:07 [INFO] Epoch: 73 [25600/50000 (51%)]	 Training Loss: 0.453 ACC: 77.60 CR: 0.67 Avg R1: 2.36 Avg R2: 6.03 Avg Reward: 8.386468
2026-05-16 18:41:29 [INFO] Epoch: 73 [38400/50000 (77%)]	 Training Loss: 0.458 ACC: 77.61 CR: 0.67 Avg R1: 2.36 Avg R2: 6.02 Avg Reward: 8.386677
2026-05-16 18:41:49 [INFO] EPOCH:73, ======================CR:0.68136====================
2026-05-16 18:41:49 [INFO] 0.04690622536962455
2026-05-16 18:41:51 [INFO] EPOCH:73, ======================ACC:64.31====================
2026-05-16 18:41:51 [INFO] BEST EPOCH:72,BEST ACC:66.95
2026-05-16 18:42:13 [INFO] Epoch: 74 [12800/50000 (26%)]	 Training Loss: 0.484 ACC: 76.64 CR: 0.69 Avg R1: 2.24 Avg R2: 6.16 Avg Reward: 8.397855
2026-05-16 18:42:35 [INFO] Epoch: 74 [25600/50000 (51%)]	 Training Loss: 0.467 ACC: 76.91 CR: 0.68 Avg R1: 2.25 Avg R2: 6.15 Avg Reward: 8.397659
2026-05-16 18:42:56 [INFO] Epoch: 74 [38400/50000 (77%)]	 Training Loss: 0.462 ACC: 77.04 CR: 0.67 Avg R1: 2.27 Avg R2: 6.13 Avg Reward: 8.400863
2026-05-16 18:43:15 [INFO] EPOCH:74, ======================CR:0.65764====================
2026-05-16 18:43:15 [INFO] 0.052960216361005404
2026-05-16 18:43:17 [INFO] EPOCH:74, ======================ACC:62.99====================
2026-05-16 18:43:17 [INFO] BEST EPOCH:72,BEST ACC:66.95
2026-05-16 18:43:38 [INFO] Epoch: 75 [12800/50000 (26%)]	 Training Loss: 0.427 ACC: 78.43 CR: 0.65 Avg R1: 2.46 Avg R2: 5.96 Avg Reward: 8.424005
2026-05-16 18:43:59 [INFO] Epoch: 75 [25600/50000 (51%)]	 Training Loss: 0.439 ACC: 77.98 CR: 0.66 Avg R1: 2.46 Avg R2: 5.96 Avg Reward: 8.421663
2026-05-16 18:44:16 [INFO] Epoch: 75 [38400/50000 (77%)]	 Training Loss: 0.450 ACC: 77.38 CR: 0.65 Avg R1: 2.46 Avg R2: 5.96 Avg Reward: 8.418228
2026-05-16 18:44:34 [INFO] EPOCH:75, ======================CR:0.65144====================
2026-05-16 18:44:34 [INFO] 0.05134431832143017
2026-05-16 18:44:36 [INFO] EPOCH:75, ======================ACC:66.17====================
2026-05-16 18:44:36 [INFO] BEST EPOCH:72,BEST ACC:66.95
2026-05-16 18:44:56 [INFO] Epoch: 76 [12800/50000 (26%)]	 Training Loss: 0.430 ACC: 78.09 CR: 0.65 Avg R1: 2.51 Avg R2: 5.91 Avg Reward: 8.425478
2026-05-16 18:45:16 [INFO] Epoch: 76 [25600/50000 (51%)]	 Training Loss: 0.421 ACC: 78.51 CR: 0.64 Avg R1: 2.53 Avg R2: 5.90 Avg Reward: 8.426584
2026-05-16 18:45:35 [INFO] Epoch: 76 [38400/50000 (77%)]	 Training Loss: 0.429 ACC: 78.07 CR: 0.64 Avg R1: 2.54 Avg R2: 5.89 Avg Reward: 8.427257
2026-05-16 18:45:54 [INFO] EPOCH:76, ======================CR:0.64066====================
2026-05-16 18:45:54 [INFO] 0.04534022200602373
2026-05-16 18:45:56 [INFO] EPOCH:76, ======================ACC:64.17====================
2026-05-16 18:45:56 [INFO] BEST EPOCH:72,BEST ACC:66.95
2026-05-16 18:46:17 [INFO] Epoch: 77 [12800/50000 (26%)]	 Training Loss: 0.461 ACC: 78.05 CR: 0.65 Avg R1: 2.53 Avg R2: 5.89 Avg Reward: 8.421342
2026-05-16 18:46:35 [INFO] Epoch: 77 [25600/50000 (51%)]	 Training Loss: 0.471 ACC: 77.24 CR: 0.66 Avg R1: 2.50 Avg R2: 5.92 Avg Reward: 8.421204
2026-05-16 18:46:55 [INFO] Epoch: 77 [38400/50000 (77%)]	 Training Loss: 0.471 ACC: 76.94 CR: 0.66 Avg R1: 2.48 Avg R2: 5.94 Avg Reward: 8.421667
2026-05-16 18:47:14 [INFO] EPOCH:77, ======================CR:0.66384====================
2026-05-16 18:47:14 [INFO] 0.0474508151876263
2026-05-16 18:47:16 [INFO] EPOCH:77, ======================ACC:62.29====================
2026-05-16 18:47:16 [INFO] BEST EPOCH:72,BEST ACC:66.95
2026-05-16 18:47:36 [INFO] Epoch: 78 [12800/50000 (26%)]	 Training Loss: 0.446 ACC: 77.75 CR: 0.66 Avg R1: 2.42 Avg R2: 6.03 Avg Reward: 8.447956
2026-05-16 18:47:55 [INFO] Epoch: 78 [25600/50000 (51%)]	 Training Loss: 0.428 ACC: 78.09 CR: 0.64 Avg R1: 2.46 Avg R2: 5.99 Avg Reward: 8.449191
2026-05-16 18:48:16 [INFO] Epoch: 78 [38400/50000 (77%)]	 Training Loss: 0.428 ACC: 77.85 CR: 0.62 Avg R1: 2.51 Avg R2: 5.94 Avg Reward: 8.453766
2026-05-16 18:48:34 [INFO] EPOCH:78, ======================CR:0.60738====================
2026-05-16 18:48:34 [INFO] 0.026954983732315453
2026-05-16 18:48:36 [INFO] EPOCH:78, ======================ACC:64.43====================
2026-05-16 18:48:36 [INFO] BEST EPOCH:72,BEST ACC:66.95
2026-05-16 18:48:57 [INFO] Epoch: 79 [12800/50000 (26%)]	 Training Loss: 0.386 ACC: 79.24 CR: 0.60 Avg R1: 2.82 Avg R2: 5.65 Avg Reward: 8.473200
2026-05-16 18:49:17 [INFO] Epoch: 79 [25600/50000 (51%)]	 Training Loss: 0.399 ACC: 78.89 CR: 0.60 Avg R1: 2.83 Avg R2: 5.64 Avg Reward: 8.472586
2026-05-16 18:49:38 [INFO] Epoch: 79 [38400/50000 (77%)]	 Training Loss: 0.413 ACC: 78.34 CR: 0.60 Avg R1: 2.84 Avg R2: 5.63 Avg Reward: 8.473726
2026-05-16 18:49:55 [INFO] EPOCH:79, ======================CR:0.59878====================
2026-05-16 18:49:55 [INFO] 0.034590263132155456
2026-05-16 18:49:58 [INFO] EPOCH:79, ======================ACC:64.01====================
2026-05-16 18:49:58 [INFO] BEST EPOCH:72,BEST ACC:66.95
2026-05-16 18:50:16 [INFO] Epoch: 80 [12800/50000 (26%)]	 Training Loss: 0.407 ACC: 78.83 CR: 0.61 Avg R1: 2.84 Avg R2: 5.64 Avg Reward: 8.483502
2026-05-16 18:50:36 [INFO] Epoch: 80 [25600/50000 (51%)]	 Training Loss: 0.423 ACC: 78.61 CR: 0.62 Avg R1: 2.81 Avg R2: 5.67 Avg Reward: 8.481146
2026-05-16 18:50:56 [INFO] Epoch: 80 [38400/50000 (77%)]	 Training Loss: 0.441 ACC: 77.93 CR: 0.64 Avg R1: 2.75 Avg R2: 5.72 Avg Reward: 8.474429
2026-05-16 18:51:14 [INFO] EPOCH:80, ======================CR:0.6555====================
2026-05-16 18:51:14 [INFO] 0.037069133802694075
2026-05-16 18:51:16 [INFO] EPOCH:80, ======================ACC:66.39====================
2026-05-16 18:51:16 [INFO] BEST EPOCH:72,BEST ACC:66.95
2026-05-16 18:51:37 [INFO] Epoch: 81 [12800/50000 (26%)]	 Training Loss: 0.443 ACC: 78.65 CR: 0.66 Avg R1: 2.45 Avg R2: 6.00 Avg Reward: 8.450523
2026-05-16 18:51:58 [INFO] Epoch: 81 [25600/50000 (51%)]	 Training Loss: 0.447 ACC: 78.38 CR: 0.66 Avg R1: 2.44 Avg R2: 6.00 Avg Reward: 8.446046
2026-05-16 18:52:18 [INFO] Epoch: 81 [38400/50000 (77%)]	 Training Loss: 0.457 ACC: 78.04 CR: 0.67 Avg R1: 2.43 Avg R2: 6.02 Avg Reward: 8.441962
2026-05-16 18:52:38 [INFO] EPOCH:81, ======================CR:0.6808====================
2026-05-16 18:52:38 [INFO] 0.04377258539049766
2026-05-16 18:52:40 [INFO] EPOCH:81, ======================ACC:63.77====================
2026-05-16 18:52:40 [INFO] BEST EPOCH:72,BEST ACC:66.95
2026-05-16 18:53:01 [INFO] Epoch: 82 [12800/50000 (26%)]	 Training Loss: 0.481 ACC: 77.49 CR: 0.69 Avg R1: 2.25 Avg R2: 6.20 Avg Reward: 8.452127
2026-05-16 18:53:23 [INFO] Epoch: 82 [25600/50000 (51%)]	 Training Loss: 0.486 ACC: 77.31 CR: 0.70 Avg R1: 2.23 Avg R2: 6.22 Avg Reward: 8.450336
2026-05-16 18:53:44 [INFO] Epoch: 82 [38400/50000 (77%)]	 Training Loss: 0.495 ACC: 77.03 CR: 0.71 Avg R1: 2.19 Avg R2: 6.26 Avg Reward: 8.448165
2026-05-16 18:54:03 [INFO] EPOCH:82, ======================CR:0.71452====================
2026-05-16 18:54:03 [INFO] 0.0563083559407309
2026-05-16 18:54:05 [INFO] EPOCH:82, ======================ACC:64.41====================
2026-05-16 18:54:05 [INFO] BEST EPOCH:72,BEST ACC:66.95
2026-05-16 18:54:28 [INFO] Epoch: 83 [12800/50000 (26%)]	 Training Loss: 0.466 ACC: 78.76 CR: 0.72 Avg R1: 2.03 Avg R2: 6.42 Avg Reward: 8.451604
2026-05-16 18:54:52 [INFO] Epoch: 83 [25600/50000 (51%)]	 Training Loss: 0.469 ACC: 78.29 CR: 0.71 Avg R1: 2.04 Avg R2: 6.41 Avg Reward: 8.451212
2026-05-16 18:55:13 [INFO] Epoch: 83 [38400/50000 (77%)]	 Training Loss: 0.474 ACC: 78.03 CR: 0.71 Avg R1: 2.04 Avg R2: 6.41 Avg Reward: 8.448360
2026-05-16 18:55:35 [INFO] EPOCH:83, ======================CR:0.71476====================
2026-05-16 18:55:35 [INFO] 0.050678794710364294
2026-05-16 18:55:37 [INFO] EPOCH:83, ======================ACC:64.47====================
2026-05-16 18:55:37 [INFO] BEST EPOCH:72,BEST ACC:66.95
2026-05-16 18:55:58 [INFO] Epoch: 84 [12800/50000 (26%)]	 Training Loss: 0.463 ACC: 78.79 CR: 0.72 Avg R1: 2.02 Avg R2: 6.42 Avg Reward: 8.438443
2026-05-16 18:56:20 [INFO] Epoch: 84 [25600/50000 (51%)]	 Training Loss: 0.462 ACC: 78.40 CR: 0.71 Avg R1: 2.02 Avg R2: 6.42 Avg Reward: 8.437012
2026-05-16 18:56:41 [INFO] Epoch: 84 [38400/50000 (77%)]	 Training Loss: 0.464 ACC: 77.74 CR: 0.70 Avg R1: 2.05 Avg R2: 6.39 Avg Reward: 8.439884
2026-05-16 18:57:01 [INFO] EPOCH:84, ======================CR:0.67922====================
2026-05-16 18:57:01 [INFO] 0.04297244224446621
2026-05-16 18:57:03 [INFO] EPOCH:84, ======================ACC:66.96====================
2026-05-16 18:57:03 [INFO] BEST EPOCH:84,BEST ACC:66.96
2026-05-16 18:57:25 [INFO] Epoch: 85 [12800/50000 (26%)]	 Training Loss: 0.409 ACC: 79.66 CR: 0.67 Avg R1: 2.32 Avg R2: 6.15 Avg Reward: 8.471645
2026-05-16 18:57:47 [INFO] Epoch: 85 [25600/50000 (51%)]	 Training Loss: 0.420 ACC: 79.43 CR: 0.67 Avg R1: 2.33 Avg R2: 6.14 Avg Reward: 8.469604
2026-05-16 18:58:10 [INFO] Epoch: 85 [38400/50000 (77%)]	 Training Loss: 0.427 ACC: 79.13 CR: 0.67 Avg R1: 2.34 Avg R2: 6.13 Avg Reward: 8.468084
2026-05-16 18:58:30 [INFO] EPOCH:85, ======================CR:0.66606====================
2026-05-16 18:58:30 [INFO] 0.04255269582303123
2026-05-16 18:58:32 [INFO] EPOCH:85, ======================ACC:64.59====================
2026-05-16 18:58:32 [INFO] BEST EPOCH:84,BEST ACC:66.96
2026-05-16 18:58:54 [INFO] Epoch: 86 [12800/50000 (26%)]	 Training Loss: 0.425 ACC: 79.66 CR: 0.67 Avg R1: 2.37 Avg R2: 6.09 Avg Reward: 8.465545
2026-05-16 18:59:16 [INFO] Epoch: 86 [25600/50000 (51%)]	 Training Loss: 0.420 ACC: 79.70 CR: 0.67 Avg R1: 2.37 Avg R2: 6.10 Avg Reward: 8.468284
2026-05-16 18:59:39 [INFO] Epoch: 86 [38400/50000 (77%)]	 Training Loss: 0.437 ACC: 79.09 CR: 0.68 Avg R1: 2.36 Avg R2: 6.11 Avg Reward: 8.468792
2026-05-16 18:59:58 [INFO] EPOCH:86, ======================CR:0.69654====================
2026-05-16 18:59:58 [INFO] 0.04657372187474391
2026-05-16 19:00:00 [INFO] EPOCH:86, ======================ACC:63.5====================
2026-05-16 19:00:00 [INFO] BEST EPOCH:84,BEST ACC:66.96
2026-05-16 19:00:22 [INFO] Epoch: 87 [12800/50000 (26%)]	 Training Loss: 0.457 ACC: 79.45 CR: 0.71 Avg R1: 2.13 Avg R2: 6.36 Avg Reward: 8.484227
2026-05-16 19:00:44 [INFO] Epoch: 87 [25600/50000 (51%)]	 Training Loss: 0.460 ACC: 79.33 CR: 0.72 Avg R1: 2.10 Avg R2: 6.39 Avg Reward: 8.486189
2026-05-16 19:01:05 [INFO] Epoch: 87 [38400/50000 (77%)]	 Training Loss: 0.478 ACC: 78.56 CR: 0.73 Avg R1: 2.06 Avg R2: 6.42 Avg Reward: 8.485093
2026-05-16 19:01:23 [INFO] EPOCH:87, ======================CR:0.73618====================
2026-05-16 19:01:23 [INFO] 0.06219006940865968
2026-05-16 19:01:26 [INFO] EPOCH:87, ======================ACC:65.3====================
2026-05-16 19:01:26 [INFO] BEST EPOCH:84,BEST ACC:66.96
2026-05-16 19:01:47 [INFO] Epoch: 88 [12800/50000 (26%)]	 Training Loss: 0.451 ACC: 78.45 CR: 0.72 Avg R1: 1.92 Avg R2: 6.58 Avg Reward: 8.498000
2026-05-16 19:02:09 [INFO] Epoch: 88 [25600/50000 (51%)]	 Training Loss: 0.432 ACC: 79.01 CR: 0.71 Avg R1: 1.98 Avg R2: 6.52 Avg Reward: 8.501941
2026-05-16 19:02:29 [INFO] Epoch: 88 [38400/50000 (77%)]	 Training Loss: 0.435 ACC: 78.79 CR: 0.69 Avg R1: 2.04 Avg R2: 6.46 Avg Reward: 8.504196
2026-05-16 19:02:50 [INFO] EPOCH:88, ======================CR:0.66874====================
2026-05-16 19:02:50 [INFO] 0.04953916739275165
2026-05-16 19:02:52 [INFO] EPOCH:88, ======================ACC:67.02====================
2026-05-16 19:02:52 [INFO] BEST EPOCH:88,BEST ACC:67.02
2026-05-16 19:03:14 [INFO] Epoch: 89 [12800/50000 (26%)]	 Training Loss: 0.386 ACC: 80.88 CR: 0.66 Avg R1: 2.39 Avg R2: 6.09 Avg Reward: 8.477426
2026-05-16 19:03:36 [INFO] Epoch: 89 [25600/50000 (51%)]	 Training Loss: 0.394 ACC: 80.47 CR: 0.66 Avg R1: 2.40 Avg R2: 6.08 Avg Reward: 8.477970
2026-05-16 19:03:58 [INFO] Epoch: 89 [38400/50000 (77%)]	 Training Loss: 0.400 ACC: 80.24 CR: 0.66 Avg R1: 2.41 Avg R2: 6.06 Avg Reward: 8.477177
2026-05-16 19:04:18 [INFO] EPOCH:89, ======================CR:0.65064====================
2026-05-16 19:04:18 [INFO] 0.04794178137098853
2026-05-16 19:04:20 [INFO] EPOCH:89, ======================ACC:65.81====================
2026-05-16 19:04:20 [INFO] BEST EPOCH:88,BEST ACC:67.02
2026-05-16 19:04:42 [INFO] Epoch: 90 [12800/50000 (26%)]	 Training Loss: 0.393 ACC: 80.11 CR: 0.65 Avg R1: 2.50 Avg R2: 5.99 Avg Reward: 8.488445
2026-05-16 19:05:05 [INFO] Epoch: 90 [25600/50000 (51%)]	 Training Loss: 0.388 ACC: 80.47 CR: 0.65 Avg R1: 2.51 Avg R2: 5.98 Avg Reward: 8.487590
2026-05-16 19:05:26 [INFO] Epoch: 90 [38400/50000 (77%)]	 Training Loss: 0.394 ACC: 80.25 CR: 0.65 Avg R1: 2.51 Avg R2: 5.97 Avg Reward: 8.486916
2026-05-16 19:05:47 [INFO] EPOCH:90, ======================CR:0.64526====================
2026-05-16 19:05:47 [INFO] 0.04399658499220584
2026-05-16 19:05:50 [INFO] EPOCH:90, ======================ACC:66.29====================
2026-05-16 19:05:50 [INFO] BEST EPOCH:88,BEST ACC:67.02
2026-05-16 19:06:12 [INFO] Epoch: 91 [12800/50000 (26%)]	 Training Loss: 0.393 ACC: 80.49 CR: 0.65 Avg R1: 2.53 Avg R2: 5.96 Avg Reward: 8.484207
2026-05-16 19:06:33 [INFO] Epoch: 91 [25600/50000 (51%)]	 Training Loss: 0.388 ACC: 80.46 CR: 0.65 Avg R1: 2.51 Avg R2: 5.97 Avg Reward: 8.481024
2026-05-16 19:06:54 [INFO] Epoch: 91 [38400/50000 (77%)]	 Training Loss: 0.393 ACC: 80.32 CR: 0.65 Avg R1: 2.51 Avg R2: 5.97 Avg Reward: 8.476661
2026-05-16 19:07:12 [INFO] EPOCH:91, ======================CR:0.6577====================
2026-05-16 19:07:12 [INFO] 0.042092529514821016
2026-05-16 19:07:14 [INFO] EPOCH:91, ======================ACC:66.28====================
2026-05-16 19:07:14 [INFO] BEST EPOCH:88,BEST ACC:67.02
2026-05-16 19:07:36 [INFO] Epoch: 92 [12800/50000 (26%)]	 Training Loss: 0.398 ACC: 81.26 CR: 0.66 Avg R1: 2.43 Avg R2: 6.06 Avg Reward: 8.490328
2026-05-16 19:07:59 [INFO] Epoch: 92 [25600/50000 (51%)]	 Training Loss: 0.410 ACC: 80.60 CR: 0.68 Avg R1: 2.39 Avg R2: 6.10 Avg Reward: 8.489201
2026-05-16 19:08:20 [INFO] Epoch: 92 [38400/50000 (77%)]	 Training Loss: 0.426 ACC: 79.98 CR: 0.69 Avg R1: 2.34 Avg R2: 6.15 Avg Reward: 8.486761
2026-05-16 19:08:39 [INFO] EPOCH:92, ======================CR:0.7106====================
2026-05-16 19:08:39 [INFO] 0.054884154631125254
2026-05-16 19:08:41 [INFO] EPOCH:92, ======================ACC:64.97====================
2026-05-16 19:08:41 [INFO] BEST EPOCH:88,BEST ACC:67.02
2026-05-16 19:09:03 [INFO] Epoch: 93 [12800/50000 (26%)]	 Training Loss: 0.412 ACC: 80.51 CR: 0.71 Avg R1: 2.08 Avg R2: 6.41 Avg Reward: 8.489351
2026-05-16 19:09:26 [INFO] Epoch: 93 [25600/50000 (51%)]	 Training Loss: 0.415 ACC: 80.10 CR: 0.70 Avg R1: 2.09 Avg R2: 6.40 Avg Reward: 8.487621
2026-05-16 19:09:49 [INFO] Epoch: 93 [38400/50000 (77%)]	 Training Loss: 0.415 ACC: 79.97 CR: 0.69 Avg R1: 2.11 Avg R2: 6.37 Avg Reward: 8.485964
2026-05-16 19:10:09 [INFO] EPOCH:93, ======================CR:0.68486====================
2026-05-16 19:10:09 [INFO] 0.042893743043163964
2026-05-16 19:10:11 [INFO] EPOCH:93, ======================ACC:66.64====================
2026-05-16 19:10:11 [INFO] BEST EPOCH:88,BEST ACC:67.02
2026-05-16 19:10:33 [INFO] Epoch: 94 [12800/50000 (26%)]	 Training Loss: 0.374 ACC: 81.62 CR: 0.68 Avg R1: 2.27 Avg R2: 6.20 Avg Reward: 8.472407
2026-05-16 19:10:55 [INFO] Epoch: 94 [25600/50000 (51%)]	 Training Loss: 0.377 ACC: 81.60 CR: 0.67 Avg R1: 2.29 Avg R2: 6.18 Avg Reward: 8.476796
2026-05-16 19:11:17 [INFO] Epoch: 94 [38400/50000 (77%)]	 Training Loss: 0.381 ACC: 81.35 CR: 0.66 Avg R1: 2.32 Avg R2: 6.16 Avg Reward: 8.482532
2026-05-16 19:11:37 [INFO] EPOCH:94, ======================CR:0.6587====================
2026-05-16 19:11:37 [INFO] 0.039872089209526625
2026-05-16 19:11:39 [INFO] EPOCH:94, ======================ACC:67.4====================
2026-05-16 19:11:39 [INFO] BEST EPOCH:94,BEST ACC:67.4
2026-05-16 19:11:59 [INFO] Epoch: 95 [12800/50000 (26%)]	 Training Loss: 0.406 ACC: 81.37 CR: 0.68 Avg R1: 2.36 Avg R2: 6.14 Avg Reward: 8.500919
2026-05-16 19:12:21 [INFO] Epoch: 95 [25600/50000 (51%)]	 Training Loss: 0.430 ACC: 80.42 CR: 0.71 Avg R1: 2.28 Avg R2: 6.22 Avg Reward: 8.494615
2026-05-16 19:12:43 [INFO] Epoch: 95 [38400/50000 (77%)]	 Training Loss: 0.440 ACC: 79.86 CR: 0.73 Avg R1: 2.19 Avg R2: 6.30 Avg Reward: 8.486022
2026-05-16 19:13:03 [INFO] EPOCH:95, ======================CR:0.7506====================
2026-05-16 19:13:03 [INFO] 0.05652457499266789
2026-05-16 19:13:05 [INFO] EPOCH:95, ======================ACC:62.45====================
2026-05-16 19:13:05 [INFO] BEST EPOCH:94,BEST ACC:67.4
2026-05-16 19:13:28 [INFO] Epoch: 96 [12800/50000 (26%)]	 Training Loss: 0.441 ACC: 80.20 CR: 0.75 Avg R1: 1.78 Avg R2: 6.71 Avg Reward: 8.498260
2026-05-16 19:13:49 [INFO] Epoch: 96 [25600/50000 (51%)]	 Training Loss: 0.436 ACC: 80.45 CR: 0.75 Avg R1: 1.79 Avg R2: 6.71 Avg Reward: 8.498346
2026-05-16 19:14:13 [INFO] Epoch: 96 [38400/50000 (77%)]	 Training Loss: 0.439 ACC: 80.42 CR: 0.75 Avg R1: 1.79 Avg R2: 6.71 Avg Reward: 8.500600
2026-05-16 19:14:35 [INFO] EPOCH:96, ======================CR:0.7499====================
2026-05-16 19:14:35 [INFO] 0.053198061397944654
2026-05-16 19:14:37 [INFO] EPOCH:96, ======================ACC:66.58====================
2026-05-16 19:14:37 [INFO] BEST EPOCH:94,BEST ACC:67.4
2026-05-16 19:14:59 [INFO] Epoch: 97 [12800/50000 (26%)]	 Training Loss: 0.406 ACC: 81.74 CR: 0.75 Avg R1: 1.78 Avg R2: 6.73 Avg Reward: 8.510136
2026-05-16 19:15:19 [INFO] Epoch: 97 [25600/50000 (51%)]	 Training Loss: 0.419 ACC: 81.49 CR: 0.76 Avg R1: 1.76 Avg R2: 6.75 Avg Reward: 8.509478
2026-05-16 19:15:43 [INFO] Epoch: 97 [38400/50000 (77%)]	 Training Loss: 0.435 ACC: 80.82 CR: 0.77 Avg R1: 1.73 Avg R2: 6.78 Avg Reward: 8.507156
2026-05-16 19:16:05 [INFO] EPOCH:97, ======================CR:0.7812====================
2026-05-16 19:16:05 [INFO] 0.060348400938895486
2026-05-16 19:16:07 [INFO] EPOCH:97, ======================ACC:66.59====================
2026-05-16 19:16:07 [INFO] BEST EPOCH:94,BEST ACC:67.4
2026-05-16 19:16:31 [INFO] Epoch: 98 [12800/50000 (26%)]	 Training Loss: 0.420 ACC: 81.74 CR: 0.78 Avg R1: 1.56 Avg R2: 6.96 Avg Reward: 8.516512
2026-05-16 19:16:52 [INFO] Epoch: 98 [25600/50000 (51%)]	 Training Loss: 0.422 ACC: 81.61 CR: 0.78 Avg R1: 1.55 Avg R2: 6.96 Avg Reward: 8.511482
2026-05-16 19:17:14 [INFO] Epoch: 98 [38400/50000 (77%)]	 Training Loss: 0.427 ACC: 81.28 CR: 0.79 Avg R1: 1.54 Avg R2: 6.96 Avg Reward: 8.503699
2026-05-16 19:17:35 [INFO] EPOCH:98, ======================CR:0.77826====================
2026-05-16 19:17:35 [INFO] 0.05145008929826686
2026-05-16 19:17:37 [INFO] EPOCH:98, ======================ACC:67.38====================
2026-05-16 19:17:37 [INFO] BEST EPOCH:94,BEST ACC:67.4
2026-05-16 19:17:56 [INFO] Epoch: 99 [12800/50000 (26%)]	 Training Loss: 0.430 ACC: 81.08 CR: 0.78 Avg R1: 1.59 Avg R2: 6.91 Avg Reward: 8.497768
2026-05-16 19:18:17 [INFO] Epoch: 99 [25600/50000 (51%)]	 Training Loss: 0.432 ACC: 81.17 CR: 0.79 Avg R1: 1.57 Avg R2: 6.93 Avg Reward: 8.497012
2026-05-16 19:18:37 [INFO] Epoch: 99 [38400/50000 (77%)]	 Training Loss: 0.447 ACC: 80.89 CR: 0.80 Avg R1: 1.53 Avg R2: 6.96 Avg Reward: 8.497849
2026-05-16 19:18:54 [INFO] EPOCH:99, ======================CR:0.82332====================
2026-05-16 19:18:54 [INFO] 0.06847536131175613
2026-05-16 19:18:56 [INFO] EPOCH:99, ======================ACC:66.4====================
2026-05-16 19:18:56 [INFO] BEST EPOCH:94,BEST ACC:67.4
2026-05-16 19:19:19 [INFO] Epoch: 100 [12800/50000 (26%)]	 Training Loss: 0.472 ACC: 81.57 CR: 0.84 Avg R1: 1.20 Avg R2: 7.34 Avg Reward: 8.533407
2026-05-16 19:19:42 [INFO] Epoch: 100 [25600/50000 (51%)]	 Training Loss: 0.476 ACC: 81.01 CR: 0.85 Avg R1: 1.15 Avg R2: 7.38 Avg Reward: 8.535072
2026-05-16 19:20:02 [INFO] Epoch: 100 [38400/50000 (77%)]	 Training Loss: 0.492 ACC: 80.36 CR: 0.86 Avg R1: 1.11 Avg R2: 7.43 Avg Reward: 8.537315
2026-05-16 19:20:21 [INFO] EPOCH:100, ======================CR:0.87586====================
2026-05-16 19:20:21 [INFO] 0.06888815720669272
2026-05-16 19:20:23 [INFO] EPOCH:100, ======================ACC:65.64====================
2026-05-16 19:20:23 [INFO] BEST EPOCH:94,BEST ACC:67.4
2026-05-16 19:20:45 [INFO] Epoch: 101 [12800/50000 (26%)]	 Training Loss: 0.484 ACC: 80.96 CR: 0.88 Avg R1: 0.87 Avg R2: 7.71 Avg Reward: 8.584405
2026-05-16 19:21:05 [INFO] Epoch: 101 [25600/50000 (51%)]	 Training Loss: 0.483 ACC: 81.18 CR: 0.89 Avg R1: 0.85 Avg R2: 7.74 Avg Reward: 8.588815
2026-05-16 19:21:27 [INFO] Epoch: 101 [38400/50000 (77%)]	 Training Loss: 0.495 ACC: 80.73 CR: 0.90 Avg R1: 0.82 Avg R2: 7.78 Avg Reward: 8.593791
2026-05-16 19:21:46 [INFO] EPOCH:101, ======================CR:0.90662====================
2026-05-16 19:21:46 [INFO] 0.06941706397400618
2026-05-16 19:21:49 [INFO] EPOCH:101, ======================ACC:66.07====================
2026-05-16 19:21:49 [INFO] BEST EPOCH:94,BEST ACC:67.4
2026-05-16 19:22:11 [INFO] Epoch: 102 [12800/50000 (26%)]	 Training Loss: 0.469 ACC: 81.83 CR: 0.91 Avg R1: 0.67 Avg R2: 7.98 Avg Reward: 8.649276
2026-05-16 19:22:33 [INFO] Epoch: 102 [25600/50000 (51%)]	 Training Loss: 0.476 ACC: 81.67 CR: 0.91 Avg R1: 0.67 Avg R2: 7.98 Avg Reward: 8.648080
2026-05-16 19:22:57 [INFO] Epoch: 102 [38400/50000 (77%)]	 Training Loss: 0.484 ACC: 81.30 CR: 0.90 Avg R1: 0.67 Avg R2: 7.98 Avg Reward: 8.647365
2026-05-16 19:23:19 [INFO] EPOCH:102, ======================CR:0.90436====================
2026-05-16 19:23:19 [INFO] 0.0701156636968205
2026-05-16 19:23:21 [INFO] EPOCH:102, ======================ACC:65.12====================
2026-05-16 19:23:21 [INFO] BEST EPOCH:94,BEST ACC:67.4
2026-05-16 19:23:44 [INFO] Epoch: 103 [12800/50000 (26%)]	 Training Loss: 0.465 ACC: 81.97 CR: 0.90 Avg R1: 0.69 Avg R2: 7.97 Avg Reward: 8.651014
2026-05-16 19:24:06 [INFO] Epoch: 103 [25600/50000 (51%)]	 Training Loss: 0.466 ACC: 81.82 CR: 0.90 Avg R1: 0.69 Avg R2: 7.96 Avg Reward: 8.649898
2026-05-16 19:24:28 [INFO] Epoch: 103 [38400/50000 (77%)]	 Training Loss: 0.473 ACC: 81.44 CR: 0.90 Avg R1: 0.70 Avg R2: 7.95 Avg Reward: 8.649191
2026-05-16 19:24:49 [INFO] EPOCH:103, ======================CR:0.89328====================
2026-05-16 19:24:49 [INFO] 0.08160399963049504
2026-05-16 19:24:51 [INFO] EPOCH:103, ======================ACC:67.0====================
2026-05-16 19:24:51 [INFO] BEST EPOCH:94,BEST ACC:67.4
2026-05-16 19:25:13 [INFO] Epoch: 104 [12800/50000 (26%)]	 Training Loss: 0.421 ACC: 83.74 CR: 0.90 Avg R1: 0.75 Avg R2: 7.90 Avg Reward: 8.654011
2026-05-16 19:25:36 [INFO] Epoch: 104 [25600/50000 (51%)]	 Training Loss: 0.426 ACC: 83.57 CR: 0.90 Avg R1: 0.74 Avg R2: 7.92 Avg Reward: 8.653933
2026-05-16 19:25:58 [INFO] Epoch: 104 [38400/50000 (77%)]	 Training Loss: 0.438 ACC: 83.02 CR: 0.90 Avg R1: 0.73 Avg R2: 7.93 Avg Reward: 8.655391
2026-05-16 19:26:18 [INFO] EPOCH:104, ======================CR:0.90106====================
2026-05-16 19:26:18 [INFO] 0.0822760491644642
2026-05-16 19:26:20 [INFO] EPOCH:104, ======================ACC:68.42====================
2026-05-16 19:26:20 [INFO] BEST EPOCH:104,BEST ACC:68.42
2026-05-16 19:26:43 [INFO] Epoch: 105 [12800/50000 (26%)]	 Training Loss: 0.419 ACC: 83.40 CR: 0.90 Avg R1: 0.72 Avg R2: 7.93 Avg Reward: 8.651716
2026-05-16 19:27:06 [INFO] Epoch: 105 [25600/50000 (51%)]	 Training Loss: 0.422 ACC: 83.29 CR: 0.89 Avg R1: 0.74 Avg R2: 7.91 Avg Reward: 8.648173
2026-05-16 19:27:26 [INFO] Epoch: 105 [38400/50000 (77%)]	 Training Loss: 0.426 ACC: 83.14 CR: 0.88 Avg R1: 0.77 Avg R2: 7.88 Avg Reward: 8.643598
2026-05-16 19:27:47 [INFO] EPOCH:105, ======================CR:0.87418====================
2026-05-16 19:27:47 [INFO] 0.08014840371329013
2026-05-16 19:27:49 [INFO] EPOCH:105, ======================ACC:67.08====================
2026-05-16 19:27:49 [INFO] BEST EPOCH:104,BEST ACC:68.42
2026-05-16 19:28:10 [INFO] Epoch: 106 [12800/50000 (26%)]	 Training Loss: 0.416 ACC: 83.42 CR: 0.87 Avg R1: 0.90 Avg R2: 7.74 Avg Reward: 8.639019
2026-05-16 19:28:32 [INFO] Epoch: 106 [25600/50000 (51%)]	 Training Loss: 0.414 ACC: 83.25 CR: 0.87 Avg R1: 0.90 Avg R2: 7.73 Avg Reward: 8.636500
2026-05-16 19:28:54 [INFO] Epoch: 106 [38400/50000 (77%)]	 Training Loss: 0.418 ACC: 83.07 CR: 0.87 Avg R1: 0.90 Avg R2: 7.73 Avg Reward: 8.633346
2026-05-16 19:29:16 [INFO] EPOCH:106, ======================CR:0.87168====================
2026-05-16 19:29:16 [INFO] 0.08147757880219161
2026-05-16 19:29:18 [INFO] EPOCH:106, ======================ACC:66.46====================
2026-05-16 19:29:18 [INFO] BEST EPOCH:104,BEST ACC:68.42
2026-05-16 19:29:41 [INFO] Epoch: 107 [12800/50000 (26%)]	 Training Loss: 0.384 ACC: 85.11 CR: 0.88 Avg R1: 0.90 Avg R2: 7.74 Avg Reward: 8.639786
2026-05-16 19:30:05 [INFO] Epoch: 107 [25600/50000 (51%)]	 Training Loss: 0.390 ACC: 84.43 CR: 0.87 Avg R1: 0.90 Avg R2: 7.74 Avg Reward: 8.636074
2026-05-16 19:30:28 [INFO] Epoch: 107 [38400/50000 (77%)]	 Training Loss: 0.395 ACC: 84.05 CR: 0.87 Avg R1: 0.91 Avg R2: 7.73 Avg Reward: 8.636692
2026-05-16 19:30:50 [INFO] EPOCH:107, ======================CR:0.86264====================
2026-05-16 19:30:50 [INFO] 0.0848771422689197
2026-05-16 19:30:52 [INFO] EPOCH:107, ======================ACC:69.12====================
2026-05-16 19:30:52 [INFO] BEST EPOCH:107,BEST ACC:69.12
2026-05-16 19:31:16 [INFO] Epoch: 108 [12800/50000 (26%)]	 Training Loss: 0.383 ACC: 84.23 CR: 0.86 Avg R1: 1.00 Avg R2: 7.65 Avg Reward: 8.643286
2026-05-16 19:31:40 [INFO] Epoch: 108 [25600/50000 (51%)]	 Training Loss: 0.372 ACC: 84.44 CR: 0.85 Avg R1: 1.02 Avg R2: 7.61 Avg Reward: 8.638557
2026-05-16 19:32:04 [INFO] Epoch: 108 [38400/50000 (77%)]	 Training Loss: 0.371 ACC: 84.35 CR: 0.84 Avg R1: 1.06 Avg R2: 7.57 Avg Reward: 8.634595
2026-05-16 19:32:26 [INFO] EPOCH:108, ======================CR:0.82988====================
2026-05-16 19:32:26 [INFO] 0.07446288156994295
2026-05-16 19:32:28 [INFO] EPOCH:108, ======================ACC:68.83====================
2026-05-16 19:32:28 [INFO] BEST EPOCH:107,BEST ACC:69.12
2026-05-16 19:32:54 [INFO] Epoch: 109 [12800/50000 (26%)]	 Training Loss: 0.356 ACC: 85.02 CR: 0.84 Avg R1: 1.19 Avg R2: 7.41 Avg Reward: 8.596728
2026-05-16 19:33:17 [INFO] Epoch: 109 [25600/50000 (51%)]	 Training Loss: 0.357 ACC: 85.21 CR: 0.85 Avg R1: 1.15 Avg R2: 7.44 Avg Reward: 8.594974
2026-05-16 19:33:40 [INFO] Epoch: 109 [38400/50000 (77%)]	 Training Loss: 0.368 ACC: 84.85 CR: 0.86 Avg R1: 1.12 Avg R2: 7.47 Avg Reward: 8.594675
2026-05-16 19:33:59 [INFO] EPOCH:109, ======================CR:0.86614====================
2026-05-16 19:33:59 [INFO] 0.07885489682385854
2026-05-16 19:34:01 [INFO] EPOCH:109, ======================ACC:66.49====================
2026-05-16 19:34:01 [INFO] BEST EPOCH:107,BEST ACC:69.12
2026-05-16 19:34:23 [INFO] Epoch: 110 [12800/50000 (26%)]	 Training Loss: 0.367 ACC: 85.76 CR: 0.87 Avg R1: 0.94 Avg R2: 7.67 Avg Reward: 8.616369
2026-05-16 19:34:45 [INFO] Epoch: 110 [25600/50000 (51%)]	 Training Loss: 0.369 ACC: 85.56 CR: 0.87 Avg R1: 0.93 Avg R2: 7.69 Avg Reward: 8.615826
2026-05-16 19:35:08 [INFO] Epoch: 110 [38400/50000 (77%)]	 Training Loss: 0.373 ACC: 85.26 CR: 0.87 Avg R1: 0.93 Avg R2: 7.69 Avg Reward: 8.615125
2026-05-16 19:35:29 [INFO] EPOCH:110, ======================CR:0.87346====================
2026-05-16 19:35:29 [INFO] 0.08179043602383702
2026-05-16 19:35:31 [INFO] EPOCH:110, ======================ACC:66.96====================
2026-05-16 19:35:31 [INFO] BEST EPOCH:107,BEST ACC:69.12
2026-05-16 19:35:52 [INFO] Epoch: 111 [12800/50000 (26%)]	 Training Loss: 0.367 ACC: 85.58 CR: 0.88 Avg R1: 0.88 Avg R2: 7.77 Avg Reward: 8.644003
2026-05-16 19:36:15 [INFO] Epoch: 111 [25600/50000 (51%)]	 Training Loss: 0.377 ACC: 85.37 CR: 0.89 Avg R1: 0.85 Avg R2: 7.79 Avg Reward: 8.648730
2026-05-16 19:36:35 [INFO] Epoch: 111 [38400/50000 (77%)]	 Training Loss: 0.386 ACC: 85.02 CR: 0.90 Avg R1: 0.82 Avg R2: 7.83 Avg Reward: 8.654629
2026-05-16 19:36:55 [INFO] EPOCH:111, ======================CR:0.90636====================
2026-05-16 19:36:55 [INFO] 0.08429892941343904
2026-05-16 19:36:57 [INFO] EPOCH:111, ======================ACC:67.46====================
2026-05-16 19:36:57 [INFO] BEST EPOCH:107,BEST ACC:69.12
2026-05-16 19:37:19 [INFO] Epoch: 112 [12800/50000 (26%)]	 Training Loss: 0.378 ACC: 85.48 CR: 0.91 Avg R1: 0.67 Avg R2: 8.04 Avg Reward: 8.709942
2026-05-16 19:37:41 [INFO] Epoch: 112 [25600/50000 (51%)]	 Training Loss: 0.379 ACC: 85.41 CR: 0.91 Avg R1: 0.66 Avg R2: 8.05 Avg Reward: 8.711132
2026-05-16 19:38:04 [INFO] Epoch: 112 [38400/50000 (77%)]	 Training Loss: 0.390 ACC: 85.00 CR: 0.91 Avg R1: 0.65 Avg R2: 8.06 Avg Reward: 8.713362
2026-05-16 19:38:25 [INFO] EPOCH:112, ======================CR:0.91852====================
2026-05-16 19:38:25 [INFO] 0.08520181258603654
2026-05-16 19:38:27 [INFO] EPOCH:112, ======================ACC:68.31====================
2026-05-16 19:38:27 [INFO] BEST EPOCH:107,BEST ACC:69.12
2026-05-16 19:38:50 [INFO] Epoch: 113 [12800/50000 (26%)]	 Training Loss: 0.374 ACC: 85.53 CR: 0.91 Avg R1: 0.59 Avg R2: 8.16 Avg Reward: 8.751920
2026-05-16 19:39:12 [INFO] Epoch: 113 [25600/50000 (51%)]	 Training Loss: 0.365 ACC: 85.76 CR: 0.91 Avg R1: 0.62 Avg R2: 8.13 Avg Reward: 8.747750
2026-05-16 19:39:35 [INFO] Epoch: 113 [38400/50000 (77%)]	 Training Loss: 0.366 ACC: 85.55 CR: 0.90 Avg R1: 0.64 Avg R2: 8.10 Avg Reward: 8.742203
2026-05-16 19:39:56 [INFO] EPOCH:113, ======================CR:0.8918====================
2026-05-16 19:39:56 [INFO] 0.07935324964478101
2026-05-16 19:39:58 [INFO] EPOCH:113, ======================ACC:68.28====================
2026-05-16 19:39:58 [INFO] BEST EPOCH:107,BEST ACC:69.12
2026-05-16 19:40:19 [INFO] Epoch: 114 [12800/50000 (26%)]	 Training Loss: 0.341 ACC: 86.69 CR: 0.89 Avg R1: 0.77 Avg R2: 7.92 Avg Reward: 8.695651
2026-05-16 19:40:41 [INFO] Epoch: 114 [25600/50000 (51%)]	 Training Loss: 0.353 ACC: 86.35 CR: 0.90 Avg R1: 0.75 Avg R2: 7.94 Avg Reward: 8.696616
2026-05-16 19:41:02 [INFO] Epoch: 114 [38400/50000 (77%)]	 Training Loss: 0.359 ACC: 86.10 CR: 0.91 Avg R1: 0.73 Avg R2: 7.96 Avg Reward: 8.697419
2026-05-16 19:41:23 [INFO] EPOCH:114, ======================CR:0.91394====================
2026-05-16 19:41:23 [INFO] 0.07818542824514543
2026-05-16 19:41:25 [INFO] EPOCH:114, ======================ACC:68.42====================
2026-05-16 19:41:25 [INFO] BEST EPOCH:107,BEST ACC:69.12
2026-05-16 19:41:48 [INFO] Epoch: 115 [12800/50000 (26%)]	 Training Loss: 0.357 ACC: 86.72 CR: 0.92 Avg R1: 0.60 Avg R2: 8.12 Avg Reward: 8.719292
2026-05-16 19:42:10 [INFO] Epoch: 115 [25600/50000 (51%)]	 Training Loss: 0.366 ACC: 86.45 CR: 0.93 Avg R1: 0.57 Avg R2: 8.16 Avg Reward: 8.730718
2026-05-16 19:42:34 [INFO] Epoch: 115 [38400/50000 (77%)]	 Training Loss: 0.374 ACC: 86.11 CR: 0.94 Avg R1: 0.54 Avg R2: 8.21 Avg Reward: 8.743886
2026-05-16 19:42:54 [INFO] EPOCH:115, ======================CR:0.94804====================
2026-05-16 19:42:54 [INFO] 0.09138658651477985
2026-05-16 19:42:56 [INFO] EPOCH:115, ======================ACC:68.52====================
2026-05-16 19:42:56 [INFO] BEST EPOCH:107,BEST ACC:69.12
2026-05-16 19:43:20 [INFO] Epoch: 116 [12800/50000 (26%)]	 Training Loss: 0.368 ACC: 86.60 CR: 0.95 Avg R1: 0.36 Avg R2: 8.49 Avg Reward: 8.849413
2026-05-16 19:43:44 [INFO] Epoch: 116 [25600/50000 (51%)]	 Training Loss: 0.385 ACC: 86.22 CR: 0.96 Avg R1: 0.34 Avg R2: 8.52 Avg Reward: 8.861602
2026-05-16 19:44:05 [INFO] Epoch: 116 [38400/50000 (77%)]	 Training Loss: 0.395 ACC: 85.94 CR: 0.97 Avg R1: 0.32 Avg R2: 8.56 Avg Reward: 8.878941
2026-05-16 19:44:27 [INFO] EPOCH:116, ======================CR:0.97186====================
2026-05-16 19:44:27 [INFO] 0.07877968802030229
2026-05-16 19:44:29 [INFO] EPOCH:116, ======================ACC:69.37====================
2026-05-16 19:44:29 [INFO] BEST EPOCH:116,BEST ACC:69.37
2026-05-16 19:44:52 [INFO] Epoch: 117 [12800/50000 (26%)]	 Training Loss: 0.380 ACC: 86.73 CR: 0.97 Avg R1: 0.20 Avg R2: 8.81 Avg Reward: 9.003901
2026-05-16 19:45:17 [INFO] Epoch: 117 [25600/50000 (51%)]	 Training Loss: 0.392 ACC: 86.14 CR: 0.97 Avg R1: 0.20 Avg R2: 8.81 Avg Reward: 9.006307
2026-05-16 19:45:41 [INFO] Epoch: 117 [38400/50000 (77%)]	 Training Loss: 0.397 ACC: 85.86 CR: 0.97 Avg R1: 0.19 Avg R2: 8.81 Avg Reward: 9.006706
2026-05-16 19:46:01 [INFO] EPOCH:117, ======================CR:0.974====================
2026-05-16 19:46:01 [INFO] 0.08180514901531985
2026-05-16 19:46:04 [INFO] EPOCH:117, ======================ACC:68.76====================
2026-05-16 19:46:04 [INFO] BEST EPOCH:116,BEST ACC:69.37
2026-05-16 19:46:25 [INFO] Epoch: 118 [12800/50000 (26%)]	 Training Loss: 0.382 ACC: 86.23 CR: 0.97 Avg R1: 0.18 Avg R2: 8.86 Avg Reward: 9.044664
2026-05-16 19:46:46 [INFO] Epoch: 118 [25600/50000 (51%)]	 Training Loss: 0.381 ACC: 86.53 CR: 0.97 Avg R1: 0.19 Avg R2: 8.86 Avg Reward: 9.044183
2026-05-16 19:47:09 [INFO] Epoch: 118 [38400/50000 (77%)]	 Training Loss: 0.383 ACC: 86.24 CR: 0.97 Avg R1: 0.19 Avg R2: 8.85 Avg Reward: 9.040813
2026-05-16 19:47:31 [INFO] EPOCH:118, ======================CR:0.96892====================
2026-05-16 19:47:31 [INFO] 0.08265069348132233
2026-05-16 19:47:33 [INFO] EPOCH:118, ======================ACC:69.87====================
2026-05-16 19:47:33 [INFO] BEST EPOCH:118,BEST ACC:69.87
2026-05-16 19:47:53 [INFO] Epoch: 119 [12800/50000 (26%)]	 Training Loss: 0.343 ACC: 87.77 CR: 0.97 Avg R1: 0.23 Avg R2: 8.76 Avg Reward: 8.987956
2026-05-16 19:48:13 [INFO] Epoch: 119 [25600/50000 (51%)]	 Training Loss: 0.351 ACC: 87.48 CR: 0.97 Avg R1: 0.23 Avg R2: 8.76 Avg Reward: 8.983625
2026-05-16 19:48:34 [INFO] Epoch: 119 [38400/50000 (77%)]	 Training Loss: 0.357 ACC: 87.27 CR: 0.97 Avg R1: 0.23 Avg R2: 8.75 Avg Reward: 8.982207
2026-05-16 19:48:54 [INFO] EPOCH:119, ======================CR:0.96758====================
2026-05-16 19:48:54 [INFO] 0.08960087736333935
2026-05-16 19:48:56 [INFO] EPOCH:119, ======================ACC:68.19====================
2026-05-16 19:48:56 [INFO] BEST EPOCH:118,BEST ACC:69.87
2026-05-16 19:49:19 [INFO] Epoch: 120 [12800/50000 (26%)]	 Training Loss: 0.360 ACC: 87.45 CR: 0.97 Avg R1: 0.23 Avg R2: 8.75 Avg Reward: 8.978317
2026-05-16 19:49:41 [INFO] Epoch: 120 [25600/50000 (51%)]	 Training Loss: 0.361 ACC: 87.18 CR: 0.97 Avg R1: 0.23 Avg R2: 8.75 Avg Reward: 8.980212
2026-05-16 19:50:04 [INFO] Epoch: 120 [38400/50000 (77%)]	 Training Loss: 0.365 ACC: 86.94 CR: 0.97 Avg R1: 0.22 Avg R2: 8.76 Avg Reward: 8.983841
2026-05-16 19:50:25 [INFO] EPOCH:120, ======================CR:0.97074====================
2026-05-16 19:50:25 [INFO] 0.0949053098454576
2026-05-16 19:50:27 [INFO] EPOCH:120, ======================ACC:69.24====================
2026-05-16 19:50:27 [INFO] BEST EPOCH:118,BEST ACC:69.87
2026-05-16 19:50:48 [INFO] Epoch: 121 [12800/50000 (26%)]	 Training Loss: 0.320 ACC: 88.77 CR: 0.97 Avg R1: 0.21 Avg R2: 8.83 Avg Reward: 9.039589
2026-05-16 19:51:09 [INFO] Epoch: 121 [25600/50000 (51%)]	 Training Loss: 0.319 ACC: 88.68 CR: 0.97 Avg R1: 0.21 Avg R2: 8.83 Avg Reward: 9.037029
2026-05-16 19:51:32 [INFO] Epoch: 121 [38400/50000 (77%)]	 Training Loss: 0.327 ACC: 88.32 CR: 0.97 Avg R1: 0.21 Avg R2: 8.82 Avg Reward: 9.029612
2026-05-16 19:51:55 [INFO] EPOCH:121, ======================CR:0.96618====================
2026-05-16 19:51:55 [INFO] 0.0824310760820086
2026-05-16 19:51:57 [INFO] EPOCH:121, ======================ACC:69.5====================
2026-05-16 19:51:57 [INFO] BEST EPOCH:118,BEST ACC:69.87
2026-05-16 19:52:21 [INFO] Epoch: 122 [12800/50000 (26%)]	 Training Loss: 0.319 ACC: 88.48 CR: 0.97 Avg R1: 0.25 Avg R2: 8.72 Avg Reward: 8.960783
2026-05-16 19:52:45 [INFO] Epoch: 122 [25600/50000 (51%)]	 Training Loss: 0.318 ACC: 88.59 CR: 0.96 Avg R1: 0.25 Avg R2: 8.71 Avg Reward: 8.955824
2026-05-16 19:53:09 [INFO] Epoch: 122 [38400/50000 (77%)]	 Training Loss: 0.320 ACC: 88.55 CR: 0.96 Avg R1: 0.25 Avg R2: 8.70 Avg Reward: 8.950401
2026-05-16 19:53:31 [INFO] EPOCH:122, ======================CR:0.963====================
2026-05-16 19:53:31 [INFO] 0.10330872251602935
2026-05-16 19:53:33 [INFO] EPOCH:122, ======================ACC:70.05====================
2026-05-16 19:53:33 [INFO] BEST EPOCH:122,BEST ACC:70.05
2026-05-16 19:53:58 [INFO] Epoch: 123 [12800/50000 (26%)]	 Training Loss: 0.300 ACC: 88.90 CR: 0.96 Avg R1: 0.27 Avg R2: 8.68 Avg Reward: 8.950742
2026-05-16 19:54:21 [INFO] Epoch: 123 [25600/50000 (51%)]	 Training Loss: 0.301 ACC: 88.90 CR: 0.96 Avg R1: 0.28 Avg R2: 8.67 Avg Reward: 8.947292
2026-05-16 19:54:43 [INFO] Epoch: 123 [38400/50000 (77%)]	 Training Loss: 0.303 ACC: 88.87 CR: 0.95 Avg R1: 0.30 Avg R2: 8.64 Avg Reward: 8.938632
2026-05-16 19:55:06 [INFO] EPOCH:123, ======================CR:0.94542====================
2026-05-16 19:55:06 [INFO] 0.09416932580737074
2026-05-16 19:55:08 [INFO] EPOCH:123, ======================ACC:68.26====================
2026-05-16 19:55:08 [INFO] BEST EPOCH:122,BEST ACC:70.05
2026-05-16 19:55:31 [INFO] Epoch: 124 [12800/50000 (26%)]	 Training Loss: 0.268 ACC: 90.28 CR: 0.95 Avg R1: 0.39 Avg R2: 8.47 Avg Reward: 8.864713
2026-05-16 19:55:54 [INFO] Epoch: 124 [25600/50000 (51%)]	 Training Loss: 0.278 ACC: 90.00 CR: 0.95 Avg R1: 0.38 Avg R2: 8.48 Avg Reward: 8.864659
2026-05-16 19:56:19 [INFO] Epoch: 124 [38400/50000 (77%)]	 Training Loss: 0.290 ACC: 89.41 CR: 0.95 Avg R1: 0.37 Avg R2: 8.50 Avg Reward: 8.867134
2026-05-16 19:56:40 [INFO] EPOCH:124, ======================CR:0.95612====================
2026-05-16 19:56:40 [INFO] 0.09424171780470988
2026-05-16 19:56:42 [INFO] EPOCH:124, ======================ACC:70.47====================
2026-05-16 19:56:42 [INFO] BEST EPOCH:124,BEST ACC:70.47
2026-05-16 19:57:08 [INFO] Epoch: 125 [12800/50000 (26%)]	 Training Loss: 0.292 ACC: 89.38 CR: 0.96 Avg R1: 0.31 Avg R2: 8.58 Avg Reward: 8.895142
2026-05-16 19:57:31 [INFO] Epoch: 125 [25600/50000 (51%)]	 Training Loss: 0.285 ACC: 89.50 CR: 0.95 Avg R1: 0.32 Avg R2: 8.58 Avg Reward: 8.897541
2026-05-16 19:57:56 [INFO] Epoch: 125 [38400/50000 (77%)]	 Training Loss: 0.289 ACC: 89.27 CR: 0.95 Avg R1: 0.32 Avg R2: 8.57 Avg Reward: 8.894854
2026-05-16 19:58:17 [INFO] EPOCH:125, ======================CR:0.94822====================
2026-05-16 19:58:17 [INFO] 0.086665279900312
2026-05-16 19:58:19 [INFO] EPOCH:125, ======================ACC:69.92====================
2026-05-16 19:58:19 [INFO] BEST EPOCH:124,BEST ACC:70.47
2026-05-16 19:58:43 [INFO] Epoch: 126 [12800/50000 (26%)]	 Training Loss: 0.259 ACC: 90.67 CR: 0.95 Avg R1: 0.38 Avg R2: 8.50 Avg Reward: 8.878056
2026-05-16 19:59:04 [INFO] Epoch: 126 [25600/50000 (51%)]	 Training Loss: 0.259 ACC: 90.57 CR: 0.94 Avg R1: 0.40 Avg R2: 8.47 Avg Reward: 8.871479
2026-05-16 19:59:27 [INFO] Epoch: 126 [38400/50000 (77%)]	 Training Loss: 0.265 ACC: 90.23 CR: 0.94 Avg R1: 0.41 Avg R2: 8.45 Avg Reward: 8.864980
2026-05-16 19:59:48 [INFO] EPOCH:126, ======================CR:0.93258====================
2026-05-16 19:59:48 [INFO] 0.0948824652654042
2026-05-16 19:59:50 [INFO] EPOCH:126, ======================ACC:68.97====================
2026-05-16 19:59:50 [INFO] BEST EPOCH:124,BEST ACC:70.47
2026-05-16 20:00:14 [INFO] Epoch: 127 [12800/50000 (26%)]	 Training Loss: 0.246 ACC: 90.39 CR: 0.93 Avg R1: 0.49 Avg R2: 8.29 Avg Reward: 8.782640
2026-05-16 20:00:38 [INFO] Epoch: 127 [25600/50000 (51%)]	 Training Loss: 0.251 ACC: 90.47 CR: 0.92 Avg R1: 0.51 Avg R2: 8.27 Avg Reward: 8.774870
2026-05-16 20:01:03 [INFO] Epoch: 127 [38400/50000 (77%)]	 Training Loss: 0.254 ACC: 90.35 CR: 0.92 Avg R1: 0.53 Avg R2: 8.24 Avg Reward: 8.769835
2026-05-16 20:01:26 [INFO] EPOCH:127, ======================CR:0.91624====================
2026-05-16 20:01:26 [INFO] 0.09338960859263579
2026-05-16 20:01:28 [INFO] EPOCH:127, ======================ACC:71.71====================
2026-05-16 20:01:28 [INFO] BEST EPOCH:127,BEST ACC:71.71
2026-05-16 20:01:53 [INFO] Epoch: 128 [12800/50000 (26%)]	 Training Loss: 0.233 ACC: 91.23 CR: 0.92 Avg R1: 0.59 Avg R2: 8.12 Avg Reward: 8.718952
2026-05-16 20:02:17 [INFO] Epoch: 128 [25600/50000 (51%)]	 Training Loss: 0.237 ACC: 91.13 CR: 0.92 Avg R1: 0.59 Avg R2: 8.13 Avg Reward: 8.720977
2026-05-16 20:02:42 [INFO] Epoch: 128 [38400/50000 (77%)]	 Training Loss: 0.240 ACC: 90.99 CR: 0.92 Avg R1: 0.59 Avg R2: 8.14 Avg Reward: 8.721120
2026-05-16 20:03:03 [INFO] EPOCH:128, ======================CR:0.92502====================
2026-05-16 20:03:03 [INFO] 0.09278805276618364
2026-05-16 20:03:05 [INFO] EPOCH:128, ======================ACC:71.62====================
2026-05-16 20:03:05 [INFO] BEST EPOCH:127,BEST ACC:71.71
2026-05-16 20:03:28 [INFO] Epoch: 129 [12800/50000 (26%)]	 Training Loss: 0.226 ACC: 91.39 CR: 0.92 Avg R1: 0.55 Avg R2: 8.14 Avg Reward: 8.691362
2026-05-16 20:03:52 [INFO] Epoch: 129 [25600/50000 (51%)]	 Training Loss: 0.226 ACC: 91.48 CR: 0.92 Avg R1: 0.56 Avg R2: 8.12 Avg Reward: 8.684989
2026-05-16 20:04:14 [INFO] Epoch: 129 [38400/50000 (77%)]	 Training Loss: 0.229 ACC: 91.43 CR: 0.91 Avg R1: 0.58 Avg R2: 8.11 Avg Reward: 8.680525
2026-05-16 20:04:35 [INFO] EPOCH:129, ======================CR:0.90884====================
2026-05-16 20:04:35 [INFO] 0.08909667969557758
2026-05-16 20:04:37 [INFO] EPOCH:129, ======================ACC:71.94====================
2026-05-16 20:04:37 [INFO] BEST EPOCH:129,BEST ACC:71.94
2026-05-16 20:05:00 [INFO] Epoch: 130 [12800/50000 (26%)]	 Training Loss: 0.217 ACC: 91.76 CR: 0.91 Avg R1: 0.65 Avg R2: 8.00 Avg Reward: 8.648893
2026-05-16 20:05:22 [INFO] Epoch: 130 [25600/50000 (51%)]	 Training Loss: 0.218 ACC: 91.68 CR: 0.91 Avg R1: 0.65 Avg R2: 8.00 Avg Reward: 8.651222
2026-05-16 20:05:44 [INFO] Epoch: 130 [38400/50000 (77%)]	 Training Loss: 0.228 ACC: 91.37 CR: 0.91 Avg R1: 0.65 Avg R2: 8.00 Avg Reward: 8.651974
2026-05-16 20:06:06 [INFO] EPOCH:130, ======================CR:0.912====================
2026-05-16 20:06:06 [INFO] 0.08450959406987073
2026-05-16 20:06:08 [INFO] EPOCH:130, ======================ACC:70.81====================
2026-05-16 20:06:08 [INFO] BEST EPOCH:129,BEST ACC:71.94
2026-05-16 20:06:32 [INFO] Epoch: 131 [12800/50000 (26%)]	 Training Loss: 0.207 ACC: 92.37 CR: 0.91 Avg R1: 0.62 Avg R2: 8.04 Avg Reward: 8.662333
2026-05-16 20:06:56 [INFO] Epoch: 131 [25600/50000 (51%)]	 Training Loss: 0.213 ACC: 92.21 CR: 0.92 Avg R1: 0.61 Avg R2: 8.06 Avg Reward: 8.664565
2026-05-16 20:07:17 [INFO] Epoch: 131 [38400/50000 (77%)]	 Training Loss: 0.218 ACC: 91.93 CR: 0.92 Avg R1: 0.60 Avg R2: 8.07 Avg Reward: 8.665608
2026-05-16 20:07:38 [INFO] EPOCH:131, ======================CR:0.91874====================
2026-05-16 20:07:38 [INFO] 0.0869255906184632
2026-05-16 20:07:40 [INFO] EPOCH:131, ======================ACC:72.32====================
2026-05-16 20:07:40 [INFO] BEST EPOCH:131,BEST ACC:72.32
2026-05-16 20:08:03 [INFO] Epoch: 132 [12800/50000 (26%)]	 Training Loss: 0.197 ACC: 92.93 CR: 0.92 Avg R1: 0.59 Avg R2: 8.06 Avg Reward: 8.650444
2026-05-16 20:08:26 [INFO] Epoch: 132 [25600/50000 (51%)]	 Training Loss: 0.199 ACC: 92.64 CR: 0.91 Avg R1: 0.60 Avg R2: 8.04 Avg Reward: 8.645024
2026-05-16 20:08:49 [INFO] Epoch: 132 [38400/50000 (77%)]	 Training Loss: 0.202 ACC: 92.45 CR: 0.91 Avg R1: 0.61 Avg R2: 8.03 Avg Reward: 8.641413
2026-05-16 20:09:11 [INFO] EPOCH:132, ======================CR:0.90576====================
2026-05-16 20:09:11 [INFO] 0.08546043582276767
2026-05-16 20:09:13 [INFO] EPOCH:132, ======================ACC:72.31====================
2026-05-16 20:09:13 [INFO] BEST EPOCH:131,BEST ACC:72.32
2026-05-16 20:09:37 [INFO] Epoch: 133 [12800/50000 (26%)]	 Training Loss: 0.188 ACC: 92.95 CR: 0.91 Avg R1: 0.67 Avg R2: 7.92 Avg Reward: 8.589182
2026-05-16 20:10:01 [INFO] Epoch: 133 [25600/50000 (51%)]	 Training Loss: 0.200 ACC: 92.45 CR: 0.91 Avg R1: 0.67 Avg R2: 7.92 Avg Reward: 8.590528
2026-05-16 20:10:26 [INFO] Epoch: 133 [38400/50000 (77%)]	 Training Loss: 0.204 ACC: 92.34 CR: 0.91 Avg R1: 0.66 Avg R2: 7.93 Avg Reward: 8.589847
2026-05-16 20:10:45 [INFO] EPOCH:133, ======================CR:0.91648====================
2026-05-16 20:10:45 [INFO] 0.09006886138291242
2026-05-16 20:10:47 [INFO] EPOCH:133, ======================ACC:71.83====================
2026-05-16 20:10:47 [INFO] BEST EPOCH:131,BEST ACC:72.32
2026-05-16 20:11:11 [INFO] Epoch: 134 [12800/50000 (26%)]	 Training Loss: 0.198 ACC: 92.80 CR: 0.92 Avg R1: 0.59 Avg R2: 7.99 Avg Reward: 8.581353
2026-05-16 20:11:36 [INFO] Epoch: 134 [25600/50000 (51%)]	 Training Loss: 0.201 ACC: 92.60 CR: 0.92 Avg R1: 0.58 Avg R2: 8.01 Avg Reward: 8.585271
2026-05-16 20:12:00 [INFO] Epoch: 134 [38400/50000 (77%)]	 Training Loss: 0.208 ACC: 92.36 CR: 0.92 Avg R1: 0.57 Avg R2: 8.02 Avg Reward: 8.589125
2026-05-16 20:12:23 [INFO] EPOCH:134, ======================CR:0.92642====================
2026-05-16 20:12:23 [INFO] 0.08683966704315987
2026-05-16 20:12:25 [INFO] EPOCH:134, ======================ACC:70.42====================
2026-05-16 20:12:25 [INFO] BEST EPOCH:131,BEST ACC:72.32
2026-05-16 20:12:49 [INFO] Epoch: 135 [12800/50000 (26%)]	 Training Loss: 0.202 ACC: 92.73 CR: 0.93 Avg R1: 0.53 Avg R2: 8.09 Avg Reward: 8.618418
2026-05-16 20:13:11 [INFO] Epoch: 135 [25600/50000 (51%)]	 Training Loss: 0.200 ACC: 92.94 CR: 0.93 Avg R1: 0.52 Avg R2: 8.11 Avg Reward: 8.620849
2026-05-16 20:13:32 [INFO] Epoch: 135 [38400/50000 (77%)]	 Training Loss: 0.203 ACC: 92.74 CR: 0.94 Avg R1: 0.50 Avg R2: 8.12 Avg Reward: 8.624505
2026-05-16 20:13:54 [INFO] EPOCH:135, ======================CR:0.9411====================
2026-05-16 20:13:54 [INFO] 0.09728416834794301
2026-05-16 20:13:57 [INFO] EPOCH:135, ======================ACC:71.23====================
2026-05-16 20:13:57 [INFO] BEST EPOCH:131,BEST ACC:72.32
2026-05-16 20:14:18 [INFO] Epoch: 136 [12800/50000 (26%)]	 Training Loss: 0.202 ACC: 92.94 CR: 0.94 Avg R1: 0.42 Avg R2: 8.22 Avg Reward: 8.643495
2026-05-16 20:14:39 [INFO] Epoch: 136 [25600/50000 (51%)]	 Training Loss: 0.207 ACC: 92.64 CR: 0.94 Avg R1: 0.43 Avg R2: 8.21 Avg Reward: 8.643555
2026-05-16 20:15:01 [INFO] Epoch: 136 [38400/50000 (77%)]	 Training Loss: 0.209 ACC: 92.57 CR: 0.94 Avg R1: 0.44 Avg R2: 8.21 Avg Reward: 8.641896
2026-05-16 20:15:22 [INFO] EPOCH:136, ======================CR:0.93596====================
2026-05-16 20:15:22 [INFO] 0.08707694997841967
2026-05-16 20:15:24 [INFO] EPOCH:136, ======================ACC:70.75====================
2026-05-16 20:15:24 [INFO] BEST EPOCH:131,BEST ACC:72.32
2026-05-16 20:15:46 [INFO] Epoch: 137 [12800/50000 (26%)]	 Training Loss: 0.186 ACC: 93.39 CR: 0.93 Avg R1: 0.46 Avg R2: 8.18 Avg Reward: 8.642226
2026-05-16 20:16:05 [INFO] Epoch: 137 [25600/50000 (51%)]	 Training Loss: 0.187 ACC: 93.41 CR: 0.93 Avg R1: 0.47 Avg R2: 8.17 Avg Reward: 8.639194
2026-05-16 20:16:27 [INFO] Epoch: 137 [38400/50000 (77%)]	 Training Loss: 0.191 ACC: 93.27 CR: 0.93 Avg R1: 0.47 Avg R2: 8.17 Avg Reward: 8.636566
2026-05-16 20:16:46 [INFO] EPOCH:137, ======================CR:0.93426====================
2026-05-16 20:16:46 [INFO] 0.09459595800294388
2026-05-16 20:16:48 [INFO] EPOCH:137, ======================ACC:72.3====================
2026-05-16 20:16:48 [INFO] BEST EPOCH:131,BEST ACC:72.32
2026-05-16 20:17:11 [INFO] Epoch: 138 [12800/50000 (26%)]	 Training Loss: 0.182 ACC: 93.73 CR: 0.94 Avg R1: 0.46 Avg R2: 8.12 Avg Reward: 8.586589
2026-05-16 20:17:33 [INFO] Epoch: 138 [25600/50000 (51%)]	 Training Loss: 0.184 ACC: 93.50 CR: 0.94 Avg R1: 0.46 Avg R2: 8.13 Avg Reward: 8.588825
2026-05-16 20:17:56 [INFO] Epoch: 138 [38400/50000 (77%)]	 Training Loss: 0.188 ACC: 93.33 CR: 0.94 Avg R1: 0.45 Avg R2: 8.14 Avg Reward: 8.593763
2026-05-16 20:18:17 [INFO] EPOCH:138, ======================CR:0.94062====================
2026-05-16 20:18:17 [INFO] 0.09942390574875482
2026-05-16 20:18:19 [INFO] EPOCH:138, ======================ACC:71.93====================
2026-05-16 20:18:19 [INFO] BEST EPOCH:131,BEST ACC:72.32
2026-05-16 20:18:41 [INFO] Epoch: 139 [12800/50000 (26%)]	 Training Loss: 0.178 ACC: 93.66 CR: 0.94 Avg R1: 0.42 Avg R2: 8.17 Avg Reward: 8.594064
2026-05-16 20:19:02 [INFO] Epoch: 139 [25600/50000 (51%)]	 Training Loss: 0.184 ACC: 93.46 CR: 0.94 Avg R1: 0.42 Avg R2: 8.17 Avg Reward: 8.590683
2026-05-16 20:19:22 [INFO] Epoch: 139 [38400/50000 (77%)]	 Training Loss: 0.186 ACC: 93.44 CR: 0.94 Avg R1: 0.42 Avg R2: 8.17 Avg Reward: 8.586104
2026-05-16 20:19:41 [INFO] EPOCH:139, ======================CR:0.94368====================
2026-05-16 20:19:41 [INFO] 0.09314789085711966
2026-05-16 20:19:43 [INFO] EPOCH:139, ======================ACC:71.83====================
2026-05-16 20:19:43 [INFO] BEST EPOCH:131,BEST ACC:72.32
2026-05-16 20:20:06 [INFO] Epoch: 140 [12800/50000 (26%)]	 Training Loss: 0.179 ACC: 93.74 CR: 0.94 Avg R1: 0.41 Avg R2: 8.18 Avg Reward: 8.582018
2026-05-16 20:20:26 [INFO] Epoch: 140 [25600/50000 (51%)]	 Training Loss: 0.176 ACC: 93.70 CR: 0.94 Avg R1: 0.41 Avg R2: 8.18 Avg Reward: 8.582956
2026-05-16 20:20:48 [INFO] Epoch: 140 [38400/50000 (77%)]	 Training Loss: 0.177 ACC: 93.67 CR: 0.94 Avg R1: 0.41 Avg R2: 8.18 Avg Reward: 8.584941
2026-05-16 20:21:08 [INFO] EPOCH:140, ======================CR:0.94276====================
2026-05-16 20:21:08 [INFO] 0.10400432176395248
2026-05-16 20:21:10 [INFO] EPOCH:140, ======================ACC:71.68====================
2026-05-16 20:21:10 [INFO] BEST EPOCH:131,BEST ACC:72.32
2026-05-16 20:21:33 [INFO] Epoch: 141 [12800/50000 (26%)]	 Training Loss: 0.176 ACC: 93.88 CR: 0.94 Avg R1: 0.41 Avg R2: 8.16 Avg Reward: 8.564382
2026-05-16 20:21:56 [INFO] Epoch: 141 [25600/50000 (51%)]	 Training Loss: 0.171 ACC: 94.19 CR: 0.95 Avg R1: 0.40 Avg R2: 8.18 Avg Reward: 8.571252
2026-05-16 20:22:20 [INFO] Epoch: 141 [38400/50000 (77%)]	 Training Loss: 0.173 ACC: 94.13 CR: 0.95 Avg R1: 0.38 Avg R2: 8.20 Avg Reward: 8.578261
2026-05-16 20:22:40 [INFO] EPOCH:141, ======================CR:0.95506====================
2026-05-16 20:22:40 [INFO] 0.09029229574956633
2026-05-16 20:22:42 [INFO] EPOCH:141, ======================ACC:72.26====================
2026-05-16 20:22:42 [INFO] BEST EPOCH:131,BEST ACC:72.32
2026-05-16 20:23:01 [INFO] Epoch: 142 [12800/50000 (26%)]	 Training Loss: 0.171 ACC: 94.13 CR: 0.96 Avg R1: 0.32 Avg R2: 8.27 Avg Reward: 8.596587
2026-05-16 20:23:22 [INFO] Epoch: 142 [25600/50000 (51%)]	 Training Loss: 0.167 ACC: 94.27 CR: 0.96 Avg R1: 0.32 Avg R2: 8.28 Avg Reward: 8.597262
2026-05-16 20:23:44 [INFO] Epoch: 142 [38400/50000 (77%)]	 Training Loss: 0.168 ACC: 94.20 CR: 0.96 Avg R1: 0.32 Avg R2: 8.28 Avg Reward: 8.597073
2026-05-16 20:24:06 [INFO] EPOCH:142, ======================CR:0.9593====================
2026-05-16 20:24:06 [INFO] 0.10045595015677693
2026-05-16 20:24:08 [INFO] EPOCH:142, ======================ACC:71.67====================
2026-05-16 20:24:08 [INFO] BEST EPOCH:131,BEST ACC:72.32
2026-05-16 20:24:32 [INFO] Epoch: 143 [12800/50000 (26%)]	 Training Loss: 0.164 ACC: 94.67 CR: 0.96 Avg R1: 0.29 Avg R2: 8.30 Avg Reward: 8.584315
2026-05-16 20:24:56 [INFO] Epoch: 143 [25600/50000 (51%)]	 Training Loss: 0.167 ACC: 94.39 CR: 0.96 Avg R1: 0.28 Avg R2: 8.31 Avg Reward: 8.589022
2026-05-16 20:25:19 [INFO] Epoch: 143 [38400/50000 (77%)]	 Training Loss: 0.168 ACC: 94.33 CR: 0.97 Avg R1: 0.27 Avg R2: 8.32 Avg Reward: 8.594982
2026-05-16 20:25:39 [INFO] EPOCH:143, ======================CR:0.96728====================
2026-05-16 20:25:39 [INFO] 0.10733211612565345
2026-05-16 20:25:41 [INFO] EPOCH:143, ======================ACC:73.22====================
2026-05-16 20:25:41 [INFO] BEST EPOCH:143,BEST ACC:73.22
2026-05-16 20:26:05 [INFO] Epoch: 144 [12800/50000 (26%)]	 Training Loss: 0.155 ACC: 94.72 CR: 0.97 Avg R1: 0.23 Avg R2: 8.39 Avg Reward: 8.614013
2026-05-16 20:26:28 [INFO] Epoch: 144 [25600/50000 (51%)]	 Training Loss: 0.156 ACC: 94.80 CR: 0.97 Avg R1: 0.23 Avg R2: 8.39 Avg Reward: 8.615224
2026-05-16 20:26:52 [INFO] Epoch: 144 [38400/50000 (77%)]	 Training Loss: 0.160 ACC: 94.67 CR: 0.97 Avg R1: 0.23 Avg R2: 8.39 Avg Reward: 8.615373
2026-05-16 20:27:15 [INFO] EPOCH:144, ======================CR:0.96894====================
2026-05-16 20:27:15 [INFO] 0.09839837046426989
2026-05-16 20:27:17 [INFO] EPOCH:144, ======================ACC:73.58====================
2026-05-16 20:27:17 [INFO] BEST EPOCH:144,BEST ACC:73.58
2026-05-16 20:27:40 [INFO] Epoch: 145 [12800/50000 (26%)]	 Training Loss: 0.147 ACC: 95.01 CR: 0.97 Avg R1: 0.23 Avg R2: 8.37 Avg Reward: 8.600020
2026-05-16 20:28:02 [INFO] Epoch: 145 [25600/50000 (51%)]	 Training Loss: 0.149 ACC: 94.99 CR: 0.96 Avg R1: 0.24 Avg R2: 8.35 Avg Reward: 8.593647
2026-05-16 20:28:25 [INFO] Epoch: 145 [38400/50000 (77%)]	 Training Loss: 0.153 ACC: 94.89 CR: 0.96 Avg R1: 0.25 Avg R2: 8.34 Avg Reward: 8.586785
2026-05-16 20:28:45 [INFO] EPOCH:145, ======================CR:0.96126====================
2026-05-16 20:28:45 [INFO] 0.09188117704600675
2026-05-16 20:28:47 [INFO] EPOCH:145, ======================ACC:72.66====================
2026-05-16 20:28:47 [INFO] BEST EPOCH:144,BEST ACC:73.58
2026-05-16 20:29:09 [INFO] Epoch: 146 [12800/50000 (26%)]	 Training Loss: 0.141 ACC: 95.38 CR: 0.96 Avg R1: 0.28 Avg R2: 8.25 Avg Reward: 8.522321
2026-05-16 20:29:32 [INFO] Epoch: 146 [25600/50000 (51%)]	 Training Loss: 0.140 ACC: 95.31 CR: 0.96 Avg R1: 0.28 Avg R2: 8.24 Avg Reward: 8.520097
2026-05-16 20:29:56 [INFO] Epoch: 146 [38400/50000 (77%)]	 Training Loss: 0.144 ACC: 95.20 CR: 0.96 Avg R1: 0.28 Avg R2: 8.24 Avg Reward: 8.518128
2026-05-16 20:30:15 [INFO] EPOCH:146, ======================CR:0.95794====================
2026-05-16 20:30:15 [INFO] 0.09030633274168764
2026-05-16 20:30:17 [INFO] EPOCH:146, ======================ACC:72.33====================
2026-05-16 20:30:17 [INFO] BEST EPOCH:144,BEST ACC:73.58
2026-05-16 20:30:39 [INFO] Epoch: 147 [12800/50000 (26%)]	 Training Loss: 0.147 ACC: 94.91 CR: 0.96 Avg R1: 0.30 Avg R2: 8.20 Avg Reward: 8.499611
2026-05-16 20:31:00 [INFO] Epoch: 147 [25600/50000 (51%)]	 Training Loss: 0.139 ACC: 95.34 CR: 0.96 Avg R1: 0.30 Avg R2: 8.19 Avg Reward: 8.496713
2026-05-16 20:31:22 [INFO] Epoch: 147 [38400/50000 (77%)]	 Training Loss: 0.141 ACC: 95.30 CR: 0.96 Avg R1: 0.31 Avg R2: 8.19 Avg Reward: 8.494475
2026-05-16 20:31:42 [INFO] EPOCH:147, ======================CR:0.95484====================
2026-05-16 20:31:42 [INFO] 0.09319953389084826
2026-05-16 20:31:45 [INFO] EPOCH:147, ======================ACC:73.01====================
2026-05-16 20:31:45 [INFO] BEST EPOCH:144,BEST ACC:73.58
2026-05-16 20:32:07 [INFO] Epoch: 148 [12800/50000 (26%)]	 Training Loss: 0.122 ACC: 95.98 CR: 0.95 Avg R1: 0.32 Avg R2: 8.13 Avg Reward: 8.449330
2026-05-16 20:32:30 [INFO] Epoch: 148 [25600/50000 (51%)]	 Training Loss: 0.122 ACC: 96.06 CR: 0.95 Avg R1: 0.33 Avg R2: 8.12 Avg Reward: 8.448670
2026-05-16 20:32:52 [INFO] Epoch: 148 [38400/50000 (77%)]	 Training Loss: 0.125 ACC: 95.92 CR: 0.95 Avg R1: 0.33 Avg R2: 8.12 Avg Reward: 8.446874
2026-05-16 20:33:11 [INFO] EPOCH:148, ======================CR:0.95138====================
2026-05-16 20:33:11 [INFO] 0.09911504387663626
2026-05-16 20:33:12 [INFO] EPOCH:148, ======================ACC:73.62====================
2026-05-16 20:33:12 [INFO] BEST EPOCH:148,BEST ACC:73.62
2026-05-16 20:33:35 [INFO] Epoch: 149 [12800/50000 (26%)]	 Training Loss: 0.121 ACC: 95.89 CR: 0.95 Avg R1: 0.34 Avg R2: 8.02 Avg Reward: 8.364319
2026-05-16 20:33:57 [INFO] Epoch: 149 [25600/50000 (51%)]	 Training Loss: 0.123 ACC: 95.94 CR: 0.96 Avg R1: 0.32 Avg R2: 8.05 Avg Reward: 8.375700
2026-05-16 20:34:19 [INFO] Epoch: 149 [38400/50000 (77%)]	 Training Loss: 0.126 ACC: 95.88 CR: 0.97 Avg R1: 0.30 Avg R2: 8.09 Avg Reward: 8.388592
2026-05-16 20:34:41 [INFO] EPOCH:149, ======================CR:0.97024====================
2026-05-16 20:34:41 [INFO] 0.10230713176742301
2026-05-16 20:34:43 [INFO] EPOCH:149, ======================ACC:72.43====================
2026-05-16 20:34:43 [INFO] BEST EPOCH:148,BEST ACC:73.62
2026-05-16 20:35:06 [INFO] Epoch: 150 [12800/50000 (26%)]	 Training Loss: 0.124 ACC: 96.02 CR: 0.97 Avg R1: 0.21 Avg R2: 8.23 Avg Reward: 8.442480
2026-05-16 20:35:27 [INFO] Epoch: 150 [25600/50000 (51%)]	 Training Loss: 0.125 ACC: 95.95 CR: 0.97 Avg R1: 0.21 Avg R2: 8.23 Avg Reward: 8.443174
2026-05-16 20:35:51 [INFO] Epoch: 150 [38400/50000 (77%)]	 Training Loss: 0.124 ACC: 95.93 CR: 0.97 Avg R1: 0.21 Avg R2: 8.23 Avg Reward: 8.442237
2026-05-16 20:36:13 [INFO] EPOCH:150, ======================CR:0.96854====================
2026-05-16 20:36:13 [INFO] 0.10738725086766462
2026-05-16 20:36:15 [INFO] EPOCH:150, ======================ACC:73.31====================
2026-05-16 20:36:15 [INFO] BEST EPOCH:148,BEST ACC:73.62
2026-05-16 20:36:38 [INFO] Epoch: 151 [12800/50000 (26%)]	 Training Loss: 0.119 ACC: 96.13 CR: 0.97 Avg R1: 0.23 Avg R2: 8.20 Avg Reward: 8.421671
2026-05-16 20:37:00 [INFO] Epoch: 151 [25600/50000 (51%)]	 Training Loss: 0.121 ACC: 96.13 CR: 0.97 Avg R1: 0.23 Avg R2: 8.19 Avg Reward: 8.417885
2026-05-16 20:37:25 [INFO] Epoch: 151 [38400/50000 (77%)]	 Training Loss: 0.118 ACC: 96.27 CR: 0.97 Avg R1: 0.23 Avg R2: 8.18 Avg Reward: 8.412873
2026-05-16 20:37:48 [INFO] EPOCH:151, ======================CR:0.9649====================
2026-05-16 20:37:48 [INFO] 0.10432420172545834
2026-05-16 20:37:50 [INFO] EPOCH:151, ======================ACC:74.41====================
2026-05-16 20:37:50 [INFO] BEST EPOCH:151,BEST ACC:74.41
2026-05-16 20:38:13 [INFO] Epoch: 152 [12800/50000 (26%)]	 Training Loss: 0.119 ACC: 96.00 CR: 0.96 Avg R1: 0.25 Avg R2: 8.11 Avg Reward: 8.363037
2026-05-16 20:38:31 [INFO] Epoch: 152 [25600/50000 (51%)]	 Training Loss: 0.112 ACC: 96.39 CR: 0.96 Avg R1: 0.25 Avg R2: 8.10 Avg Reward: 8.359656
2026-05-16 20:38:50 [INFO] Epoch: 152 [38400/50000 (77%)]	 Training Loss: 0.113 ACC: 96.39 CR: 0.96 Avg R1: 0.26 Avg R2: 8.10 Avg Reward: 8.356353
2026-05-16 20:39:11 [INFO] EPOCH:152, ======================CR:0.96116====================
2026-05-16 20:39:11 [INFO] 0.09826150610541184
2026-05-16 20:39:13 [INFO] EPOCH:152, ======================ACC:73.97====================
2026-05-16 20:39:13 [INFO] BEST EPOCH:151,BEST ACC:74.41
2026-05-16 20:39:34 [INFO] Epoch: 153 [12800/50000 (26%)]	 Training Loss: 0.104 ACC: 96.74 CR: 0.96 Avg R1: 0.29 Avg R2: 8.01 Avg Reward: 8.296058
2026-05-16 20:39:54 [INFO] Epoch: 153 [25600/50000 (51%)]	 Training Loss: 0.100 ACC: 96.89 CR: 0.96 Avg R1: 0.30 Avg R2: 7.99 Avg Reward: 8.292843
2026-05-16 20:40:15 [INFO] Epoch: 153 [38400/50000 (77%)]	 Training Loss: 0.102 ACC: 96.75 CR: 0.95 Avg R1: 0.31 Avg R2: 7.98 Avg Reward: 8.286395
2026-05-16 20:40:33 [INFO] EPOCH:153, ======================CR:0.94762====================
2026-05-16 20:40:33 [INFO] 0.09990919396524854
2026-05-16 20:40:35 [INFO] EPOCH:153, ======================ACC:75.17====================
2026-05-16 20:40:35 [INFO] BEST EPOCH:153,BEST ACC:75.17
2026-05-16 20:40:54 [INFO] Epoch: 154 [12800/50000 (26%)]	 Training Loss: 0.096 ACC: 97.03 CR: 0.95 Avg R1: 0.38 Avg R2: 7.84 Avg Reward: 8.213908
2026-05-16 20:41:15 [INFO] Epoch: 154 [25600/50000 (51%)]	 Training Loss: 0.096 ACC: 96.97 CR: 0.95 Avg R1: 0.38 Avg R2: 7.83 Avg Reward: 8.212126
2026-05-16 20:41:35 [INFO] Epoch: 154 [38400/50000 (77%)]	 Training Loss: 0.098 ACC: 96.82 CR: 0.94 Avg R1: 0.38 Avg R2: 7.83 Avg Reward: 8.210863
2026-05-16 20:41:54 [INFO] EPOCH:154, ======================CR:0.94168====================
2026-05-16 20:41:54 [INFO] 0.11058103685866703
2026-05-16 20:41:57 [INFO] EPOCH:154, ======================ACC:74.97====================
2026-05-16 20:41:57 [INFO] BEST EPOCH:153,BEST ACC:75.17
2026-05-16 20:42:18 [INFO] Epoch: 155 [12800/50000 (26%)]	 Training Loss: 0.089 ACC: 97.02 CR: 0.94 Avg R1: 0.43 Avg R2: 7.72 Avg Reward: 8.150531
2026-05-16 20:42:39 [INFO] Epoch: 155 [25600/50000 (51%)]	 Training Loss: 0.089 ACC: 97.04 CR: 0.94 Avg R1: 0.44 Avg R2: 7.71 Avg Reward: 8.146358
2026-05-16 20:42:59 [INFO] Epoch: 155 [38400/50000 (77%)]	 Training Loss: 0.090 ACC: 96.99 CR: 0.93 Avg R1: 0.45 Avg R2: 7.69 Avg Reward: 8.140942
2026-05-16 20:43:19 [INFO] EPOCH:155, ======================CR:0.927====================
2026-05-16 20:43:19 [INFO] 0.0921390685544702
2026-05-16 20:43:21 [INFO] EPOCH:155, ======================ACC:74.63====================
2026-05-16 20:43:21 [INFO] BEST EPOCH:153,BEST ACC:75.17
2026-05-16 20:43:39 [INFO] Epoch: 156 [12800/50000 (26%)]	 Training Loss: 0.082 ACC: 97.42 CR: 0.93 Avg R1: 0.53 Avg R2: 7.52 Avg Reward: 8.050034
2026-05-16 20:44:00 [INFO] Epoch: 156 [25600/50000 (51%)]	 Training Loss: 0.085 ACC: 97.38 CR: 0.93 Avg R1: 0.51 Avg R2: 7.54 Avg Reward: 8.054597
2026-05-16 20:44:20 [INFO] Epoch: 156 [38400/50000 (77%)]	 Training Loss: 0.087 ACC: 97.25 CR: 0.94 Avg R1: 0.50 Avg R2: 7.56 Avg Reward: 8.057514
2026-05-16 20:44:38 [INFO] EPOCH:156, ======================CR:0.94064====================
2026-05-16 20:44:38 [INFO] 0.09293431816157145
2026-05-16 20:44:40 [INFO] EPOCH:156, ======================ACC:74.68====================
2026-05-16 20:44:40 [INFO] BEST EPOCH:153,BEST ACC:75.17
2026-05-16 20:45:00 [INFO] Epoch: 157 [12800/50000 (26%)]	 Training Loss: 0.085 ACC: 97.33 CR: 0.94 Avg R1: 0.42 Avg R2: 7.63 Avg Reward: 8.054167
2026-05-16 20:45:19 [INFO] Epoch: 157 [25600/50000 (51%)]	 Training Loss: 0.083 ACC: 97.40 CR: 0.94 Avg R1: 0.42 Avg R2: 7.63 Avg Reward: 8.054072
2026-05-16 20:45:38 [INFO] Epoch: 157 [38400/50000 (77%)]	 Training Loss: 0.082 ACC: 97.49 CR: 0.94 Avg R1: 0.42 Avg R2: 7.64 Avg Reward: 8.053153
2026-05-16 20:45:56 [INFO] EPOCH:157, ======================CR:0.94288====================
2026-05-16 20:45:56 [INFO] 0.08933391874213639
2026-05-16 20:45:58 [INFO] EPOCH:157, ======================ACC:75.07====================
2026-05-16 20:45:58 [INFO] BEST EPOCH:153,BEST ACC:75.17
2026-05-16 20:46:18 [INFO] Epoch: 158 [12800/50000 (26%)]	 Training Loss: 0.076 ACC: 97.77 CR: 0.94 Avg R1: 0.42 Avg R2: 7.58 Avg Reward: 7.995107
2026-05-16 20:46:36 [INFO] Epoch: 158 [25600/50000 (51%)]	 Training Loss: 0.073 ACC: 97.83 CR: 0.93 Avg R1: 0.43 Avg R2: 7.56 Avg Reward: 7.993985
2026-05-16 20:46:54 [INFO] Epoch: 158 [38400/50000 (77%)]	 Training Loss: 0.073 ACC: 97.77 CR: 0.93 Avg R1: 0.45 Avg R2: 7.54 Avg Reward: 7.991875
2026-05-16 20:47:10 [INFO] EPOCH:158, ======================CR:0.92692====================
2026-05-16 20:47:10 [INFO] 0.095296835281474
2026-05-16 20:47:12 [INFO] EPOCH:158, ======================ACC:74.7====================
2026-05-16 20:47:12 [INFO] BEST EPOCH:153,BEST ACC:75.17
2026-05-16 20:47:31 [INFO] Epoch: 159 [12800/50000 (26%)]	 Training Loss: 0.067 ACC: 98.08 CR: 0.93 Avg R1: 0.53 Avg R2: 7.40 Avg Reward: 7.925405
2026-05-16 20:47:50 [INFO] Epoch: 159 [25600/50000 (51%)]	 Training Loss: 0.070 ACC: 97.91 CR: 0.93 Avg R1: 0.53 Avg R2: 7.39 Avg Reward: 7.924098
2026-05-16 20:48:11 [INFO] Epoch: 159 [38400/50000 (77%)]	 Training Loss: 0.071 ACC: 97.84 CR: 0.92 Avg R1: 0.53 Avg R2: 7.39 Avg Reward: 7.922201
2026-05-16 20:48:28 [INFO] EPOCH:159, ======================CR:0.92282====================
2026-05-16 20:48:28 [INFO] 0.10023182586305068
2026-05-16 20:48:31 [INFO] EPOCH:159, ======================ACC:75.06====================
2026-05-16 20:48:31 [INFO] BEST EPOCH:153,BEST ACC:75.17
2026-05-16 20:48:50 [INFO] Epoch: 160 [12800/50000 (26%)]	 Training Loss: 0.070 ACC: 97.88 CR: 0.92 Avg R1: 0.54 Avg R2: 7.36 Avg Reward: 7.906418
2026-05-16 20:49:10 [INFO] Epoch: 160 [25600/50000 (51%)]	 Training Loss: 0.069 ACC: 97.95 CR: 0.93 Avg R1: 0.54 Avg R2: 7.37 Avg Reward: 7.906309
2026-05-16 20:49:30 [INFO] Epoch: 160 [38400/50000 (77%)]	 Training Loss: 0.070 ACC: 97.93 CR: 0.93 Avg R1: 0.53 Avg R2: 7.37 Avg Reward: 7.904582
2026-05-16 20:49:50 [INFO] EPOCH:160, ======================CR:0.9295====================
2026-05-16 20:49:50 [INFO] 0.09604212315364076
2026-05-16 20:49:53 [INFO] EPOCH:160, ======================ACC:74.24====================
2026-05-16 20:49:53 [INFO] BEST EPOCH:153,BEST ACC:75.17
2026-05-16 20:50:13 [INFO] Epoch: 161 [12800/50000 (26%)]	 Training Loss: 0.067 ACC: 97.96 CR: 0.93 Avg R1: 0.51 Avg R2: 7.36 Avg Reward: 7.863197
2026-05-16 20:50:34 [INFO] Epoch: 161 [25600/50000 (51%)]	 Training Loss: 0.068 ACC: 97.90 CR: 0.93 Avg R1: 0.51 Avg R2: 7.35 Avg Reward: 7.861339
2026-05-16 20:50:55 [INFO] Epoch: 161 [38400/50000 (77%)]	 Training Loss: 0.069 ACC: 97.92 CR: 0.92 Avg R1: 0.52 Avg R2: 7.34 Avg Reward: 7.860649
2026-05-16 20:51:14 [INFO] EPOCH:161, ======================CR:0.92292====================
2026-05-16 20:51:14 [INFO] 0.09928808982028073
2026-05-16 20:51:16 [INFO] EPOCH:161, ======================ACC:74.97====================
2026-05-16 20:51:16 [INFO] BEST EPOCH:153,BEST ACC:75.17
2026-05-16 20:51:36 [INFO] Epoch: 162 [12800/50000 (26%)]	 Training Loss: 0.063 ACC: 98.16 CR: 0.92 Avg R1: 0.56 Avg R2: 7.26 Avg Reward: 7.819986
2026-05-16 20:51:56 [INFO] Epoch: 162 [25600/50000 (51%)]	 Training Loss: 0.062 ACC: 98.21 CR: 0.92 Avg R1: 0.57 Avg R2: 7.25 Avg Reward: 7.815408
2026-05-16 20:52:15 [INFO] Epoch: 162 [38400/50000 (77%)]	 Training Loss: 0.061 ACC: 98.20 CR: 0.91 Avg R1: 0.58 Avg R2: 7.23 Avg Reward: 7.812029
2026-05-16 20:52:34 [INFO] EPOCH:162, ======================CR:0.91266====================
2026-05-16 20:52:34 [INFO] 0.09489406216008489
2026-05-16 20:52:36 [INFO] EPOCH:162, ======================ACC:75.5====================
2026-05-16 20:52:36 [INFO] BEST EPOCH:162,BEST ACC:75.5
2026-05-16 20:52:56 [INFO] Epoch: 163 [12800/50000 (26%)]	 Training Loss: 0.056 ACC: 98.35 CR: 0.92 Avg R1: 0.62 Avg R2: 7.13 Avg Reward: 7.747416
2026-05-16 20:53:17 [INFO] Epoch: 163 [25600/50000 (51%)]	 Training Loss: 0.057 ACC: 98.36 CR: 0.92 Avg R1: 0.60 Avg R2: 7.14 Avg Reward: 7.745644
2026-05-16 20:53:39 [INFO] Epoch: 163 [38400/50000 (77%)]	 Training Loss: 0.059 ACC: 98.30 CR: 0.93 Avg R1: 0.58 Avg R2: 7.16 Avg Reward: 7.745063
2026-05-16 20:53:57 [INFO] EPOCH:163, ======================CR:0.93226====================
2026-05-16 20:53:57 [INFO] 0.09839052606750356
2026-05-16 20:54:00 [INFO] EPOCH:163, ======================ACC:74.77====================
2026-05-16 20:54:00 [INFO] BEST EPOCH:162,BEST ACC:75.5
2026-05-16 20:54:19 [INFO] Epoch: 164 [12800/50000 (26%)]	 Training Loss: 0.058 ACC: 98.29 CR: 0.93 Avg R1: 0.48 Avg R2: 7.25 Avg Reward: 7.729536
2026-05-16 20:54:39 [INFO] Epoch: 164 [25600/50000 (51%)]	 Training Loss: 0.059 ACC: 98.26 CR: 0.93 Avg R1: 0.48 Avg R2: 7.25 Avg Reward: 7.729702
2026-05-16 20:54:58 [INFO] Epoch: 164 [38400/50000 (77%)]	 Training Loss: 0.059 ACC: 98.27 CR: 0.93 Avg R1: 0.48 Avg R2: 7.26 Avg Reward: 7.730989
2026-05-16 20:55:18 [INFO] EPOCH:164, ======================CR:0.93392====================
2026-05-16 20:55:18 [INFO] 0.10934534714102902
2026-05-16 20:55:20 [INFO] EPOCH:164, ======================ACC:75.53====================
2026-05-16 20:55:20 [INFO] BEST EPOCH:164,BEST ACC:75.53
2026-05-16 20:55:40 [INFO] Epoch: 165 [12800/50000 (26%)]	 Training Loss: 0.055 ACC: 98.56 CR: 0.94 Avg R1: 0.46 Avg R2: 7.25 Avg Reward: 7.711438
2026-05-16 20:56:01 [INFO] Epoch: 165 [25600/50000 (51%)]	 Training Loss: 0.055 ACC: 98.51 CR: 0.94 Avg R1: 0.46 Avg R2: 7.25 Avg Reward: 7.713095
2026-05-16 20:56:22 [INFO] Epoch: 165 [38400/50000 (77%)]	 Training Loss: 0.056 ACC: 98.46 CR: 0.94 Avg R1: 0.45 Avg R2: 7.26 Avg Reward: 7.715088
2026-05-16 20:56:39 [INFO] EPOCH:165, ======================CR:0.9406====================
2026-05-16 20:56:39 [INFO] 0.1047315563134998
2026-05-16 20:56:42 [INFO] EPOCH:165, ======================ACC:75.37====================
2026-05-16 20:56:42 [INFO] BEST EPOCH:164,BEST ACC:75.53
2026-05-16 20:57:01 [INFO] Epoch: 166 [12800/50000 (26%)]	 Training Loss: 0.052 ACC: 98.64 CR: 0.94 Avg R1: 0.43 Avg R2: 7.24 Avg Reward: 7.665318
2026-05-16 20:57:20 [INFO] Epoch: 166 [25600/50000 (51%)]	 Training Loss: 0.054 ACC: 98.54 CR: 0.94 Avg R1: 0.43 Avg R2: 7.24 Avg Reward: 7.663796
2026-05-16 20:57:42 [INFO] Epoch: 166 [38400/50000 (77%)]	 Training Loss: 0.056 ACC: 98.47 CR: 0.94 Avg R1: 0.43 Avg R2: 7.24 Avg Reward: 7.663483
2026-05-16 20:58:02 [INFO] EPOCH:166, ======================CR:0.9401====================
2026-05-16 20:58:02 [INFO] 0.11198256734832528
2026-05-16 20:58:05 [INFO] EPOCH:166, ======================ACC:75.96====================
2026-05-16 20:58:05 [INFO] BEST EPOCH:166,BEST ACC:75.96
2026-05-16 20:58:25 [INFO] Epoch: 167 [12800/50000 (26%)]	 Training Loss: 0.051 ACC: 98.64 CR: 0.94 Avg R1: 0.43 Avg R2: 7.20 Avg Reward: 7.624253
2026-05-16 20:58:44 [INFO] Epoch: 167 [25600/50000 (51%)]	 Training Loss: 0.049 ACC: 98.70 CR: 0.94 Avg R1: 0.43 Avg R2: 7.20 Avg Reward: 7.624735
2026-05-16 20:59:02 [INFO] Epoch: 167 [38400/50000 (77%)]	 Training Loss: 0.050 ACC: 98.70 CR: 0.94 Avg R1: 0.42 Avg R2: 7.20 Avg Reward: 7.626118
2026-05-16 20:59:20 [INFO] EPOCH:167, ======================CR:0.9418====================
2026-05-16 20:59:20 [INFO] 0.10882918631984677
2026-05-16 20:59:23 [INFO] EPOCH:167, ======================ACC:75.85====================
2026-05-16 20:59:23 [INFO] BEST EPOCH:166,BEST ACC:75.96
2026-05-16 20:59:43 [INFO] Epoch: 168 [12800/50000 (26%)]	 Training Loss: 0.051 ACC: 98.57 CR: 0.94 Avg R1: 0.41 Avg R2: 7.18 Avg Reward: 7.596292
2026-05-16 21:00:02 [INFO] Epoch: 168 [25600/50000 (51%)]	 Training Loss: 0.050 ACC: 98.61 CR: 0.94 Avg R1: 0.41 Avg R2: 7.18 Avg Reward: 7.595285
2026-05-16 21:00:22 [INFO] Epoch: 168 [38400/50000 (77%)]	 Training Loss: 0.049 ACC: 98.64 CR: 0.94 Avg R1: 0.41 Avg R2: 7.18 Avg Reward: 7.594443
2026-05-16 21:00:40 [INFO] EPOCH:168, ======================CR:0.94306====================
2026-05-16 21:00:40 [INFO] 0.11000828370897653
2026-05-16 21:00:42 [INFO] EPOCH:168, ======================ACC:76.09====================
2026-05-16 21:00:42 [INFO] BEST EPOCH:168,BEST ACC:76.09
2026-05-16 21:01:02 [INFO] Epoch: 169 [12800/50000 (26%)]	 Training Loss: 0.048 ACC: 98.72 CR: 0.94 Avg R1: 0.41 Avg R2: 7.16 Avg Reward: 7.565512
2026-05-16 21:01:20 [INFO] Epoch: 169 [25600/50000 (51%)]	 Training Loss: 0.047 ACC: 98.84 CR: 0.94 Avg R1: 0.41 Avg R2: 7.16 Avg Reward: 7.567121
2026-05-16 21:01:38 [INFO] Epoch: 169 [38400/50000 (77%)]	 Training Loss: 0.048 ACC: 98.75 CR: 0.94 Avg R1: 0.41 Avg R2: 7.15 Avg Reward: 7.567532
2026-05-16 21:01:55 [INFO] EPOCH:169, ======================CR:0.94018====================
2026-05-16 21:01:55 [INFO] 0.10695454011767201
2026-05-16 21:01:57 [INFO] EPOCH:169, ======================ACC:76.79====================
2026-05-16 21:01:57 [INFO] BEST EPOCH:169,BEST ACC:76.79
2026-05-16 21:02:16 [INFO] Epoch: 170 [12800/50000 (26%)]	 Training Loss: 0.044 ACC: 98.85 CR: 0.94 Avg R1: 0.43 Avg R2: 7.11 Avg Reward: 7.538431
2026-05-16 21:02:36 [INFO] Epoch: 170 [25600/50000 (51%)]	 Training Loss: 0.045 ACC: 98.86 CR: 0.94 Avg R1: 0.43 Avg R2: 7.11 Avg Reward: 7.538759
2026-05-16 21:02:55 [INFO] Epoch: 170 [38400/50000 (77%)]	 Training Loss: 0.046 ACC: 98.82 CR: 0.94 Avg R1: 0.43 Avg R2: 7.11 Avg Reward: 7.539088
2026-05-16 21:03:13 [INFO] EPOCH:170, ======================CR:0.94132====================
2026-05-16 21:03:13 [INFO] 0.10232561593671455
2026-05-16 21:03:15 [INFO] EPOCH:170, ======================ACC:76.15====================
2026-05-16 21:03:15 [INFO] BEST EPOCH:169,BEST ACC:76.79
2026-05-16 21:03:34 [INFO] Epoch: 171 [12800/50000 (26%)]	 Training Loss: 0.042 ACC: 98.97 CR: 0.94 Avg R1: 0.42 Avg R2: 7.09 Avg Reward: 7.509337
2026-05-16 21:03:53 [INFO] Epoch: 171 [25600/50000 (51%)]	 Training Loss: 0.040 ACC: 99.02 CR: 0.94 Avg R1: 0.42 Avg R2: 7.09 Avg Reward: 7.506715
2026-05-16 21:04:12 [INFO] Epoch: 171 [38400/50000 (77%)]	 Training Loss: 0.040 ACC: 98.98 CR: 0.94 Avg R1: 0.42 Avg R2: 7.08 Avg Reward: 7.504660
2026-05-16 21:04:29 [INFO] EPOCH:171, ======================CR:0.93686====================
2026-05-16 21:04:29 [INFO] 0.10185697752948944
2026-05-16 21:04:31 [INFO] EPOCH:171, ======================ACC:76.41====================
2026-05-16 21:04:31 [INFO] BEST EPOCH:169,BEST ACC:76.79
2026-05-16 21:04:50 [INFO] Epoch: 172 [12800/50000 (26%)]	 Training Loss: 0.041 ACC: 98.95 CR: 0.93 Avg R1: 0.46 Avg R2: 6.98 Avg Reward: 7.438991
2026-05-16 21:05:09 [INFO] Epoch: 172 [25600/50000 (51%)]	 Training Loss: 0.039 ACC: 99.00 CR: 0.93 Avg R1: 0.48 Avg R2: 6.96 Avg Reward: 7.436477
2026-05-16 21:05:27 [INFO] Epoch: 172 [38400/50000 (77%)]	 Training Loss: 0.040 ACC: 98.97 CR: 0.92 Avg R1: 0.50 Avg R2: 6.93 Avg Reward: 7.435961
2026-05-16 21:05:45 [INFO] EPOCH:172, ======================CR:0.91676====================
2026-05-16 21:05:45 [INFO] 0.11506519107225592
2026-05-16 21:05:47 [INFO] EPOCH:172, ======================ACC:76.31====================
2026-05-16 21:05:47 [INFO] BEST EPOCH:169,BEST ACC:76.79
2026-05-16 21:06:08 [INFO] Epoch: 173 [12800/50000 (26%)]	 Training Loss: 0.040 ACC: 99.00 CR: 0.92 Avg R1: 0.60 Avg R2: 6.81 Avg Reward: 7.409274
2026-05-16 21:06:28 [INFO] Epoch: 173 [25600/50000 (51%)]	 Training Loss: 0.040 ACC: 98.98 CR: 0.92 Avg R1: 0.60 Avg R2: 6.81 Avg Reward: 7.407586
2026-05-16 21:06:47 [INFO] Epoch: 173 [38400/50000 (77%)]	 Training Loss: 0.039 ACC: 99.01 CR: 0.92 Avg R1: 0.60 Avg R2: 6.81 Avg Reward: 7.405895
2026-05-16 21:07:03 [INFO] EPOCH:173, ======================CR:0.9152====================
2026-05-16 21:07:03 [INFO] 0.10742588308623911
2026-05-16 21:07:05 [INFO] EPOCH:173, ======================ACC:76.27====================
2026-05-16 21:07:05 [INFO] BEST EPOCH:169,BEST ACC:76.79
2026-05-16 21:07:25 [INFO] Epoch: 174 [12800/50000 (26%)]	 Training Loss: 0.036 ACC: 99.01 CR: 0.92 Avg R1: 0.60 Avg R2: 6.77 Avg Reward: 7.373607
2026-05-16 21:07:44 [INFO] Epoch: 174 [25600/50000 (51%)]	 Training Loss: 0.036 ACC: 99.04 CR: 0.92 Avg R1: 0.60 Avg R2: 6.77 Avg Reward: 7.370763
2026-05-16 21:08:04 [INFO] Epoch: 174 [38400/50000 (77%)]	 Training Loss: 0.036 ACC: 99.08 CR: 0.92 Avg R1: 0.60 Avg R2: 6.77 Avg Reward: 7.369324
2026-05-16 21:08:21 [INFO] EPOCH:174, ======================CR:0.91378====================
2026-05-16 21:08:21 [INFO] 0.10757716974409856
2026-05-16 21:08:23 [INFO] EPOCH:174, ======================ACC:76.63====================
2026-05-16 21:08:23 [INFO] BEST EPOCH:169,BEST ACC:76.79
2026-05-16 21:08:43 [INFO] Epoch: 175 [12800/50000 (26%)]	 Training Loss: 0.033 ACC: 99.24 CR: 0.91 Avg R1: 0.62 Avg R2: 6.73 Avg Reward: 7.350023
2026-05-16 21:09:04 [INFO] Epoch: 175 [25600/50000 (51%)]	 Training Loss: 0.034 ACC: 99.21 CR: 0.91 Avg R1: 0.62 Avg R2: 6.73 Avg Reward: 7.348794
2026-05-16 21:09:24 [INFO] Epoch: 175 [38400/50000 (77%)]	 Training Loss: 0.034 ACC: 99.18 CR: 0.91 Avg R1: 0.62 Avg R2: 6.72 Avg Reward: 7.345244
2026-05-16 21:09:43 [INFO] EPOCH:175, ======================CR:0.91154====================
2026-05-16 21:09:43 [INFO] 0.09969598554691173
2026-05-16 21:09:45 [INFO] EPOCH:175, ======================ACC:76.63====================
2026-05-16 21:09:45 [INFO] BEST EPOCH:169,BEST ACC:76.79
2026-05-16 21:10:04 [INFO] Epoch: 176 [12800/50000 (26%)]	 Training Loss: 0.034 ACC: 99.21 CR: 0.91 Avg R1: 0.63 Avg R2: 6.69 Avg Reward: 7.328181
2026-05-16 21:10:23 [INFO] Epoch: 176 [25600/50000 (51%)]	 Training Loss: 0.033 ACC: 99.23 CR: 0.91 Avg R1: 0.64 Avg R2: 6.69 Avg Reward: 7.328419
2026-05-16 21:10:42 [INFO] Epoch: 176 [38400/50000 (77%)]	 Training Loss: 0.033 ACC: 99.21 CR: 0.91 Avg R1: 0.64 Avg R2: 6.69 Avg Reward: 7.326794
2026-05-16 21:10:59 [INFO] EPOCH:176, ======================CR:0.91176====================
2026-05-16 21:10:59 [INFO] 0.10997496999150208
2026-05-16 21:11:01 [INFO] EPOCH:176, ======================ACC:76.81====================
2026-05-16 21:11:01 [INFO] BEST EPOCH:176,BEST ACC:76.81
2026-05-16 21:11:20 [INFO] Epoch: 177 [12800/50000 (26%)]	 Training Loss: 0.037 ACC: 99.02 CR: 0.91 Avg R1: 0.62 Avg R2: 6.67 Avg Reward: 7.284626
2026-05-16 21:11:40 [INFO] Epoch: 177 [25600/50000 (51%)]	 Training Loss: 0.035 ACC: 99.11 CR: 0.92 Avg R1: 0.61 Avg R2: 6.68 Avg Reward: 7.284179
2026-05-16 21:11:58 [INFO] Epoch: 177 [38400/50000 (77%)]	 Training Loss: 0.034 ACC: 99.16 CR: 0.92 Avg R1: 0.60 Avg R2: 6.69 Avg Reward: 7.285598
2026-05-16 21:12:16 [INFO] EPOCH:177, ======================CR:0.9246====================
2026-05-16 21:12:16 [INFO] 0.11150426795398306
2026-05-16 21:12:18 [INFO] EPOCH:177, ======================ACC:76.77====================
2026-05-16 21:12:18 [INFO] BEST EPOCH:176,BEST ACC:76.81
2026-05-16 21:12:38 [INFO] Epoch: 178 [12800/50000 (26%)]	 Training Loss: 0.031 ACC: 99.26 CR: 0.92 Avg R1: 0.54 Avg R2: 6.73 Avg Reward: 7.273771
2026-05-16 21:12:58 [INFO] Epoch: 178 [25600/50000 (51%)]	 Training Loss: 0.031 ACC: 99.25 CR: 0.93 Avg R1: 0.54 Avg R2: 6.74 Avg Reward: 7.274774
2026-05-16 21:13:17 [INFO] Epoch: 178 [38400/50000 (77%)]	 Training Loss: 0.032 ACC: 99.22 CR: 0.93 Avg R1: 0.53 Avg R2: 6.74 Avg Reward: 7.275436
2026-05-16 21:13:35 [INFO] EPOCH:178, ======================CR:0.92844====================
2026-05-16 21:13:35 [INFO] 0.1106798378671265
2026-05-16 21:13:37 [INFO] EPOCH:178, ======================ACC:77.07====================
2026-05-16 21:13:37 [INFO] BEST EPOCH:178,BEST ACC:77.07
2026-05-16 21:13:56 [INFO] Epoch: 179 [12800/50000 (26%)]	 Training Loss: 0.032 ACC: 99.23 CR: 0.93 Avg R1: 0.51 Avg R2: 6.75 Avg Reward: 7.259912
2026-05-16 21:14:13 [INFO] Epoch: 179 [25600/50000 (51%)]	 Training Loss: 0.032 ACC: 99.26 CR: 0.93 Avg R1: 0.51 Avg R2: 6.75 Avg Reward: 7.259763
2026-05-16 21:14:31 [INFO] Epoch: 179 [38400/50000 (77%)]	 Training Loss: 0.031 ACC: 99.30 CR: 0.93 Avg R1: 0.51 Avg R2: 6.75 Avg Reward: 7.260048
2026-05-16 21:14:48 [INFO] EPOCH:179, ======================CR:0.93114====================
2026-05-16 21:14:48 [INFO] 0.10045501952305888
2026-05-16 21:14:50 [INFO] EPOCH:179, ======================ACC:76.67====================
2026-05-16 21:14:50 [INFO] BEST EPOCH:178,BEST ACC:77.07
2026-05-16 21:15:08 [INFO] Epoch: 180 [12800/50000 (26%)]	 Training Loss: 0.030 ACC: 99.38 CR: 0.93 Avg R1: 0.50 Avg R2: 6.73 Avg Reward: 7.229278
2026-05-16 21:15:26 [INFO] Epoch: 180 [25600/50000 (51%)]	 Training Loss: 0.030 ACC: 99.32 CR: 0.93 Avg R1: 0.50 Avg R2: 6.73 Avg Reward: 7.230102
2026-05-16 21:15:43 [INFO] Epoch: 180 [38400/50000 (77%)]	 Training Loss: 0.031 ACC: 99.32 CR: 0.93 Avg R1: 0.50 Avg R2: 6.73 Avg Reward: 7.230174
2026-05-16 21:16:01 [INFO] EPOCH:180, ======================CR:0.9304====================
2026-05-16 21:16:01 [INFO] 0.11059215497434914
2026-05-16 21:16:03 [INFO] EPOCH:180, ======================ACC:76.95====================
2026-05-16 21:16:03 [INFO] BEST EPOCH:178,BEST ACC:77.07
2026-05-16 21:16:22 [INFO] Epoch: 181 [12800/50000 (26%)]	 Training Loss: 0.030 ACC: 99.33 CR: 0.93 Avg R1: 0.49 Avg R2: 6.73 Avg Reward: 7.220993
2026-05-16 21:16:40 [INFO] Epoch: 181 [25600/50000 (51%)]	 Training Loss: 0.030 ACC: 99.31 CR: 0.93 Avg R1: 0.49 Avg R2: 6.73 Avg Reward: 7.218268
2026-05-16 21:16:59 [INFO] Epoch: 181 [38400/50000 (77%)]	 Training Loss: 0.031 ACC: 99.30 CR: 0.93 Avg R1: 0.49 Avg R2: 6.72 Avg Reward: 7.216716
2026-05-16 21:17:17 [INFO] EPOCH:181, ======================CR:0.93118====================
2026-05-16 21:17:17 [INFO] 0.10321997642233185
2026-05-16 21:17:19 [INFO] EPOCH:181, ======================ACC:76.63====================
2026-05-16 21:17:19 [INFO] BEST EPOCH:178,BEST ACC:77.07
2026-05-16 21:17:37 [INFO] Epoch: 182 [12800/50000 (26%)]	 Training Loss: 0.029 ACC: 99.23 CR: 0.93 Avg R1: 0.49 Avg R2: 6.70 Avg Reward: 7.186361
2026-05-16 21:17:56 [INFO] Epoch: 182 [25600/50000 (51%)]	 Training Loss: 0.030 ACC: 99.22 CR: 0.93 Avg R1: 0.48 Avg R2: 6.70 Avg Reward: 7.187480
2026-05-16 21:18:15 [INFO] Epoch: 182 [38400/50000 (77%)]	 Training Loss: 0.030 ACC: 99.28 CR: 0.93 Avg R1: 0.48 Avg R2: 6.71 Avg Reward: 7.190384
2026-05-16 21:18:32 [INFO] EPOCH:182, ======================CR:0.93306====================
2026-05-16 21:18:32 [INFO] 0.10232760136689933
2026-05-16 21:18:34 [INFO] EPOCH:182, ======================ACC:76.71====================
2026-05-16 21:18:34 [INFO] BEST EPOCH:178,BEST ACC:77.07
2026-05-16 21:18:54 [INFO] Epoch: 183 [12800/50000 (26%)]	 Training Loss: 0.029 ACC: 99.34 CR: 0.93 Avg R1: 0.48 Avg R2: 6.70 Avg Reward: 7.185729
2026-05-16 21:19:16 [INFO] Epoch: 183 [25600/50000 (51%)]	 Training Loss: 0.029 ACC: 99.35 CR: 0.93 Avg R1: 0.49 Avg R2: 6.70 Avg Reward: 7.186272
2026-05-16 21:19:35 [INFO] Epoch: 183 [38400/50000 (77%)]	 Training Loss: 0.029 ACC: 99.32 CR: 0.93 Avg R1: 0.49 Avg R2: 6.70 Avg Reward: 7.184974
2026-05-16 21:19:52 [INFO] EPOCH:183, ======================CR:0.93306====================
2026-05-16 21:19:52 [INFO] 0.10588178724724404
2026-05-16 21:19:54 [INFO] EPOCH:183, ======================ACC:77.08====================
2026-05-16 21:19:54 [INFO] BEST EPOCH:183,BEST ACC:77.08
2026-05-16 21:20:13 [INFO] Epoch: 184 [12800/50000 (26%)]	 Training Loss: 0.029 ACC: 99.36 CR: 0.93 Avg R1: 0.48 Avg R2: 6.70 Avg Reward: 7.173428
2026-05-16 21:20:31 [INFO] Epoch: 184 [25600/50000 (51%)]	 Training Loss: 0.028 ACC: 99.39 CR: 0.93 Avg R1: 0.48 Avg R2: 6.70 Avg Reward: 7.172546
2026-05-16 21:20:49 [INFO] Epoch: 184 [38400/50000 (77%)]	 Training Loss: 0.028 ACC: 99.37 CR: 0.93 Avg R1: 0.48 Avg R2: 6.70 Avg Reward: 7.173060
2026-05-16 21:21:05 [INFO] EPOCH:184, ======================CR:0.93424====================
2026-05-16 21:21:05 [INFO] 0.1131610266428625
2026-05-16 21:21:07 [INFO] EPOCH:184, ======================ACC:76.98====================
2026-05-16 21:21:07 [INFO] BEST EPOCH:183,BEST ACC:77.08
2026-05-16 21:21:26 [INFO] Epoch: 185 [12800/50000 (26%)]	 Training Loss: 0.029 ACC: 99.29 CR: 0.93 Avg R1: 0.47 Avg R2: 6.69 Avg Reward: 7.161019
2026-05-16 21:21:45 [INFO] Epoch: 185 [25600/50000 (51%)]	 Training Loss: 0.029 ACC: 99.31 CR: 0.93 Avg R1: 0.47 Avg R2: 6.69 Avg Reward: 7.160214
2026-05-16 21:22:03 [INFO] Epoch: 185 [38400/50000 (77%)]	 Training Loss: 0.029 ACC: 99.37 CR: 0.93 Avg R1: 0.47 Avg R2: 6.69 Avg Reward: 7.160897
2026-05-16 21:22:21 [INFO] EPOCH:185, ======================CR:0.9336====================
2026-05-16 21:22:21 [INFO] 0.09634885029684757
2026-05-16 21:22:23 [INFO] EPOCH:185, ======================ACC:76.88====================
2026-05-16 21:22:23 [INFO] BEST EPOCH:183,BEST ACC:77.08
2026-05-16 21:22:43 [INFO] Epoch: 186 [12800/50000 (26%)]	 Training Loss: 0.024 ACC: 99.49 CR: 0.93 Avg R1: 0.47 Avg R2: 6.68 Avg Reward: 7.152642
2026-05-16 21:23:02 [INFO] Epoch: 186 [25600/50000 (51%)]	 Training Loss: 0.025 ACC: 99.46 CR: 0.93 Avg R1: 0.47 Avg R2: 6.68 Avg Reward: 7.150260
2026-05-16 21:23:21 [INFO] Epoch: 186 [38400/50000 (77%)]	 Training Loss: 0.026 ACC: 99.42 CR: 0.93 Avg R1: 0.47 Avg R2: 6.68 Avg Reward: 7.148334
2026-05-16 21:23:42 [INFO] EPOCH:186, ======================CR:0.93392====================
2026-05-16 21:23:42 [INFO] 0.09918825718232539
2026-05-16 21:23:44 [INFO] EPOCH:186, ======================ACC:76.95====================
2026-05-16 21:23:44 [INFO] BEST EPOCH:183,BEST ACC:77.08
2026-05-16 21:24:02 [INFO] Epoch: 187 [12800/50000 (26%)]	 Training Loss: 0.026 ACC: 99.41 CR: 0.93 Avg R1: 0.48 Avg R2: 6.66 Avg Reward: 7.132565
2026-05-16 21:24:20 [INFO] Epoch: 187 [25600/50000 (51%)]	 Training Loss: 0.026 ACC: 99.45 CR: 0.93 Avg R1: 0.48 Avg R2: 6.65 Avg Reward: 7.133204
2026-05-16 21:24:39 [INFO] Epoch: 187 [38400/50000 (77%)]	 Training Loss: 0.026 ACC: 99.45 CR: 0.93 Avg R1: 0.49 Avg R2: 6.65 Avg Reward: 7.133700
2026-05-16 21:24:56 [INFO] EPOCH:187, ======================CR:0.92886====================
2026-05-16 21:24:56 [INFO] 0.10256651612046809
2026-05-16 21:24:58 [INFO] EPOCH:187, ======================ACC:77.05====================
2026-05-16 21:24:58 [INFO] BEST EPOCH:183,BEST ACC:77.08
2026-05-16 21:25:17 [INFO] Epoch: 188 [12800/50000 (26%)]	 Training Loss: 0.027 ACC: 99.42 CR: 0.93 Avg R1: 0.51 Avg R2: 6.61 Avg Reward: 7.112223
2026-05-16 21:25:36 [INFO] Epoch: 188 [25600/50000 (51%)]	 Training Loss: 0.026 ACC: 99.45 CR: 0.93 Avg R1: 0.51 Avg R2: 6.60 Avg Reward: 7.112187
2026-05-16 21:25:54 [INFO] Epoch: 188 [38400/50000 (77%)]	 Training Loss: 0.025 ACC: 99.47 CR: 0.93 Avg R1: 0.51 Avg R2: 6.61 Avg Reward: 7.113597
2026-05-16 21:26:13 [INFO] EPOCH:188, ======================CR:0.92852====================
2026-05-16 21:26:13 [INFO] 0.1008647834046921
2026-05-16 21:26:16 [INFO] EPOCH:188, ======================ACC:77.06====================
2026-05-16 21:26:16 [INFO] BEST EPOCH:183,BEST ACC:77.08
2026-05-16 21:26:37 [INFO] Epoch: 189 [12800/50000 (26%)]	 Training Loss: 0.028 ACC: 99.41 CR: 0.93 Avg R1: 0.51 Avg R2: 6.61 Avg Reward: 7.116890
2026-05-16 21:26:56 [INFO] Epoch: 189 [25600/50000 (51%)]	 Training Loss: 0.027 ACC: 99.44 CR: 0.93 Avg R1: 0.51 Avg R2: 6.60 Avg Reward: 7.114824
2026-05-16 21:27:14 [INFO] Epoch: 189 [38400/50000 (77%)]	 Training Loss: 0.026 ACC: 99.48 CR: 0.93 Avg R1: 0.52 Avg R2: 6.60 Avg Reward: 7.114411
2026-05-16 21:27:30 [INFO] EPOCH:189, ======================CR:0.92438====================
2026-05-16 21:27:30 [INFO] 0.10518422413130823
2026-05-16 21:27:32 [INFO] EPOCH:189, ======================ACC:77.07====================
2026-05-16 21:27:32 [INFO] BEST EPOCH:183,BEST ACC:77.08
2026-05-16 21:27:49 [INFO] Epoch: 190 [12800/50000 (26%)]	 Training Loss: 0.025 ACC: 99.45 CR: 0.92 Avg R1: 0.54 Avg R2: 6.57 Avg Reward: 7.114000
2026-05-16 21:28:09 [INFO] Epoch: 190 [25600/50000 (51%)]	 Training Loss: 0.025 ACC: 99.49 CR: 0.93 Avg R1: 0.54 Avg R2: 6.58 Avg Reward: 7.111510
2026-05-16 21:28:27 [INFO] Epoch: 190 [38400/50000 (77%)]	 Training Loss: 0.025 ACC: 99.47 CR: 0.93 Avg R1: 0.53 Avg R2: 6.58 Avg Reward: 7.109043
2026-05-16 21:28:43 [INFO] EPOCH:190, ======================CR:0.9256====================
2026-05-16 21:28:43 [INFO] 0.09861455386458633
2026-05-16 21:28:45 [INFO] EPOCH:190, ======================ACC:77.16====================
2026-05-16 21:28:45 [INFO] BEST EPOCH:190,BEST ACC:77.16
2026-05-16 21:29:05 [INFO] Epoch: 191 [12800/50000 (26%)]	 Training Loss: 0.028 ACC: 99.36 CR: 0.92 Avg R1: 0.53 Avg R2: 6.56 Avg Reward: 7.096576
2026-05-16 21:29:24 [INFO] Epoch: 191 [25600/50000 (51%)]	 Training Loss: 0.026 ACC: 99.42 CR: 0.92 Avg R1: 0.54 Avg R2: 6.56 Avg Reward: 7.098465
2026-05-16 21:29:43 [INFO] Epoch: 191 [38400/50000 (77%)]	 Training Loss: 0.025 ACC: 99.50 CR: 0.92 Avg R1: 0.54 Avg R2: 6.56 Avg Reward: 7.095917
2026-05-16 21:30:00 [INFO] EPOCH:191, ======================CR:0.9226====================
2026-05-16 21:30:00 [INFO] 0.10246651255122773
2026-05-16 21:30:02 [INFO] EPOCH:191, ======================ACC:77.05====================
2026-05-16 21:30:02 [INFO] BEST EPOCH:190,BEST ACC:77.16
2026-05-16 21:30:21 [INFO] Epoch: 192 [12800/50000 (26%)]	 Training Loss: 0.025 ACC: 99.48 CR: 0.92 Avg R1: 0.55 Avg R2: 6.52 Avg Reward: 7.071238
2026-05-16 21:30:41 [INFO] Epoch: 192 [25600/50000 (51%)]	 Training Loss: 0.025 ACC: 99.46 CR: 0.92 Avg R1: 0.55 Avg R2: 6.52 Avg Reward: 7.069286
2026-05-16 21:31:00 [INFO] Epoch: 192 [38400/50000 (77%)]	 Training Loss: 0.026 ACC: 99.43 CR: 0.92 Avg R1: 0.55 Avg R2: 6.52 Avg Reward: 7.070427
2026-05-16 21:31:17 [INFO] EPOCH:192, ======================CR:0.92282====================
2026-05-16 21:31:17 [INFO] 0.09317336482714855
2026-05-16 21:31:19 [INFO] EPOCH:192, ======================ACC:77.06====================
2026-05-16 21:31:19 [INFO] BEST EPOCH:190,BEST ACC:77.16
2026-05-16 21:31:39 [INFO] Epoch: 193 [12800/50000 (26%)]	 Training Loss: 0.025 ACC: 99.45 CR: 0.92 Avg R1: 0.55 Avg R2: 6.53 Avg Reward: 7.082922
2026-05-16 21:31:58 [INFO] Epoch: 193 [25600/50000 (51%)]	 Training Loss: 0.025 ACC: 99.45 CR: 0.92 Avg R1: 0.55 Avg R2: 6.53 Avg Reward: 7.083102
2026-05-16 21:32:17 [INFO] Epoch: 193 [38400/50000 (77%)]	 Training Loss: 0.025 ACC: 99.46 CR: 0.93 Avg R1: 0.55 Avg R2: 6.53 Avg Reward: 7.081906
2026-05-16 21:32:35 [INFO] EPOCH:193, ======================CR:0.92696====================
2026-05-16 21:32:35 [INFO] 0.09895425782419962
2026-05-16 21:32:37 [INFO] EPOCH:193, ======================ACC:77.18====================
2026-05-16 21:32:37 [INFO] BEST EPOCH:193,BEST ACC:77.18
2026-05-16 21:32:56 [INFO] Epoch: 194 [12800/50000 (26%)]	 Training Loss: 0.024 ACC: 99.53 CR: 0.93 Avg R1: 0.52 Avg R2: 6.57 Avg Reward: 7.086162
2026-05-16 21:33:15 [INFO] Epoch: 194 [25600/50000 (51%)]	 Training Loss: 0.025 ACC: 99.52 CR: 0.93 Avg R1: 0.52 Avg R2: 6.57 Avg Reward: 7.089253
2026-05-16 21:33:34 [INFO] Epoch: 194 [38400/50000 (77%)]	 Training Loss: 0.025 ACC: 99.50 CR: 0.93 Avg R1: 0.52 Avg R2: 6.57 Avg Reward: 7.091178
2026-05-16 21:33:52 [INFO] EPOCH:194, ======================CR:0.9252====================
2026-05-16 21:33:52 [INFO] 0.10882416891831932
2026-05-16 21:33:54 [INFO] EPOCH:194, ======================ACC:77.18====================
2026-05-16 21:33:54 [INFO] BEST EPOCH:194,BEST ACC:77.18
2026-05-16 21:34:14 [INFO] Epoch: 195 [12800/50000 (26%)]	 Training Loss: 0.023 ACC: 99.57 CR: 0.93 Avg R1: 0.53 Avg R2: 6.56 Avg Reward: 7.097938
2026-05-16 21:34:34 [INFO] Epoch: 195 [25600/50000 (51%)]	 Training Loss: 0.024 ACC: 99.50 CR: 0.93 Avg R1: 0.53 Avg R2: 6.56 Avg Reward: 7.095647
2026-05-16 21:34:51 [INFO] Epoch: 195 [38400/50000 (77%)]	 Training Loss: 0.025 ACC: 99.48 CR: 0.93 Avg R1: 0.53 Avg R2: 6.56 Avg Reward: 7.093116
2026-05-16 21:35:08 [INFO] EPOCH:195, ======================CR:0.9258====================
2026-05-16 21:35:08 [INFO] 0.09817108735924261
2026-05-16 21:35:10 [INFO] EPOCH:195, ======================ACC:77.2====================
2026-05-16 21:35:10 [INFO] BEST EPOCH:195,BEST ACC:77.2
2026-05-16 21:35:30 [INFO] Epoch: 196 [12800/50000 (26%)]	 Training Loss: 0.024 ACC: 99.48 CR: 0.93 Avg R1: 0.53 Avg R2: 6.54 Avg Reward: 7.068157
2026-05-16 21:35:50 [INFO] Epoch: 196 [25600/50000 (51%)]	 Training Loss: 0.025 ACC: 99.50 CR: 0.92 Avg R1: 0.53 Avg R2: 6.54 Avg Reward: 7.068378
2026-05-16 21:36:11 [INFO] Epoch: 196 [38400/50000 (77%)]	 Training Loss: 0.025 ACC: 99.49 CR: 0.92 Avg R1: 0.54 Avg R2: 6.53 Avg Reward: 7.069395
2026-05-16 21:36:31 [INFO] EPOCH:196, ======================CR:0.92338====================
2026-05-16 21:36:31 [INFO] 0.1006247074543153
2026-05-16 21:36:33 [INFO] EPOCH:196, ======================ACC:77.21====================
2026-05-16 21:36:33 [INFO] BEST EPOCH:196,BEST ACC:77.21
2026-05-16 21:36:53 [INFO] Epoch: 197 [12800/50000 (26%)]	 Training Loss: 0.026 ACC: 99.47 CR: 0.92 Avg R1: 0.54 Avg R2: 6.54 Avg Reward: 7.084531
2026-05-16 21:37:14 [INFO] Epoch: 197 [25600/50000 (51%)]	 Training Loss: 0.025 ACC: 99.47 CR: 0.92 Avg R1: 0.54 Avg R2: 6.54 Avg Reward: 7.082855
2026-05-16 21:37:36 [INFO] Epoch: 197 [38400/50000 (77%)]	 Training Loss: 0.025 ACC: 99.47 CR: 0.92 Avg R1: 0.54 Avg R2: 6.54 Avg Reward: 7.079965
2026-05-16 21:37:56 [INFO] EPOCH:197, ======================CR:0.92228====================
2026-05-16 21:37:56 [INFO] 0.09197274314547006
2026-05-16 21:37:58 [INFO] EPOCH:197, ======================ACC:77.01====================
2026-05-16 21:37:58 [INFO] BEST EPOCH:196,BEST ACC:77.21
2026-05-16 21:38:18 [INFO] Epoch: 198 [12800/50000 (26%)]	 Training Loss: 0.023 ACC: 99.59 CR: 0.92 Avg R1: 0.55 Avg R2: 6.52 Avg Reward: 7.074826
2026-05-16 21:38:38 [INFO] Epoch: 198 [25600/50000 (51%)]	 Training Loss: 0.024 ACC: 99.53 CR: 0.92 Avg R1: 0.56 Avg R2: 6.52 Avg Reward: 7.074066
2026-05-16 21:39:00 [INFO] Epoch: 198 [38400/50000 (77%)]	 Training Loss: 0.024 ACC: 99.52 CR: 0.92 Avg R1: 0.56 Avg R2: 6.52 Avg Reward: 7.074013
2026-05-16 21:39:19 [INFO] EPOCH:198, ======================CR:0.92138====================
2026-05-16 21:39:19 [INFO] 0.09981113969569118
2026-05-16 21:39:21 [INFO] EPOCH:198, ======================ACC:77.1====================
2026-05-16 21:39:21 [INFO] BEST EPOCH:196,BEST ACC:77.21
2026-05-16 21:39:43 [INFO] Epoch: 199 [12800/50000 (26%)]	 Training Loss: 0.026 ACC: 99.44 CR: 0.92 Avg R1: 0.56 Avg R2: 6.52 Avg Reward: 7.083668
2026-05-16 21:40:05 [INFO] Epoch: 199 [25600/50000 (51%)]	 Training Loss: 0.025 ACC: 99.46 CR: 0.92 Avg R1: 0.56 Avg R2: 6.52 Avg Reward: 7.083904
2026-05-16 21:40:26 [INFO] Epoch: 199 [38400/50000 (77%)]	 Training Loss: 0.025 ACC: 99.45 CR: 0.92 Avg R1: 0.56 Avg R2: 6.52 Avg Reward: 7.083907
2026-05-16 21:40:44 [INFO] EPOCH:199, ======================CR:0.92168====================
2026-05-16 21:40:44 [INFO] 0.11089869883740859
2026-05-16 21:40:46 [INFO] EPOCH:199, ======================ACC:77.22====================
2026-05-16 21:40:46 [INFO] BEST EPOCH:199,BEST ACC:77.22
2026-05-16 21:40:46 [INFO] Saved standard mask to /nvme/home/lixiang/baseline/RLSelector/mask/cifar100/96/mask_30.npz with 15000/50000 samples selected
