2026-05-17 10:00:36 [INFO] Epoch: 0 [12800/50000 (26%)]	 Training Loss: 1.869 ACC: 12.20 CR: 0.87 Avg R1: 3.07 Avg R2: 8.91 Avg Reward: 11.981171
2026-05-17 10:00:42 [INFO] Epoch: 0 [25600/50000 (51%)]	 Training Loss: 1.830 ACC: 13.12 CR: 0.75 Avg R1: 3.78 Avg R2: 8.31 Avg Reward: 12.089992
2026-05-17 10:00:48 [INFO] Epoch: 0 [38400/50000 (77%)]	 Training Loss: 1.804 ACC: 14.04 CR: 0.62 Avg R1: 3.79 Avg R2: 7.70 Avg Reward: 11.490862
2026-05-17 10:00:54 [INFO] EPOCH:0, ======================CR:0.50758====================
2026-05-17 10:00:54 [INFO] -0.0006326580166354361
2026-05-17 10:00:56 [INFO] EPOCH:0, ======================ACC:16.37====================
2026-05-17 10:00:56 [INFO] BEST EPOCH:0,BEST ACC:16.37
2026-05-17 10:01:02 [INFO] Epoch: 1 [12800/50000 (26%)]	 Training Loss: 1.754 ACC: 17.84 CR: 0.52 Avg R1: 2.84 Avg R2: 4.40 Avg Reward: 7.232120
2026-05-17 10:01:08 [INFO] Epoch: 1 [25600/50000 (51%)]	 Training Loss: 1.774 ACC: 18.20 CR: 0.53 Avg R1: 2.87 Avg R2: 4.43 Avg Reward: 7.300269
2026-05-17 10:01:14 [INFO] Epoch: 1 [38400/50000 (77%)]	 Training Loss: 1.810 ACC: 19.01 CR: 0.57 Avg R1: 2.93 Avg R2: 4.49 Avg Reward: 7.422498
2026-05-17 10:01:20 [INFO] EPOCH:1, ======================CR:0.59798====================
2026-05-17 10:01:20 [INFO] 0.00027834417564268787
2026-05-17 10:01:22 [INFO] EPOCH:1, ======================ACC:18.41====================
2026-05-17 10:01:22 [INFO] BEST EPOCH:1,BEST ACC:18.41
2026-05-17 10:01:28 [INFO] Epoch: 2 [12800/50000 (26%)]	 Training Loss: 1.980 ACC: 21.89 CR: 0.63 Avg R1: 3.40 Avg R2: 5.72 Avg Reward: 9.123731
2026-05-17 10:01:34 [INFO] Epoch: 2 [25600/50000 (51%)]	 Training Loss: 1.958 ACC: 22.29 CR: 0.66 Avg R1: 3.49 Avg R2: 5.82 Avg Reward: 9.312660
2026-05-17 10:01:40 [INFO] Epoch: 2 [38400/50000 (77%)]	 Training Loss: 1.929 ACC: 23.02 CR: 0.69 Avg R1: 3.57 Avg R2: 5.91 Avg Reward: 9.479786
2026-05-17 10:01:46 [INFO] EPOCH:2, ======================CR:0.6954====================
2026-05-17 10:01:46 [INFO] 0.002887192930441681
2026-05-17 10:01:48 [INFO] EPOCH:2, ======================ACC:25.04====================
2026-05-17 10:01:48 [INFO] BEST EPOCH:2,BEST ACC:25.04
2026-05-17 10:01:54 [INFO] Epoch: 3 [12800/50000 (26%)]	 Training Loss: 1.560 ACC: 27.16 CR: 0.67 Avg R1: 3.78 Avg R2: 6.40 Avg Reward: 10.171729
2026-05-17 10:02:00 [INFO] Epoch: 3 [25600/50000 (51%)]	 Training Loss: 1.584 ACC: 27.75 CR: 0.65 Avg R1: 3.71 Avg R2: 6.32 Avg Reward: 10.027741
2026-05-17 10:02:06 [INFO] Epoch: 3 [38400/50000 (77%)]	 Training Loss: 1.589 ACC: 28.16 CR: 0.63 Avg R1: 3.66 Avg R2: 6.25 Avg Reward: 9.909502
2026-05-17 10:02:12 [INFO] EPOCH:3, ======================CR:0.63518====================
2026-05-17 10:02:12 [INFO] 0.0001507910300212127
2026-05-17 10:02:14 [INFO] EPOCH:3, ======================ACC:28.18====================
2026-05-17 10:02:14 [INFO] BEST EPOCH:3,BEST ACC:28.18
2026-05-17 10:02:20 [INFO] Epoch: 4 [12800/50000 (26%)]	 Training Loss: 1.581 ACC: 31.03 CR: 0.64 Avg R1: 3.55 Avg R2: 6.18 Avg Reward: 9.733954
2026-05-17 10:02:26 [INFO] Epoch: 4 [25600/50000 (51%)]	 Training Loss: 1.537 ACC: 31.31 CR: 0.64 Avg R1: 3.55 Avg R2: 6.18 Avg Reward: 9.733964
2026-05-17 10:02:32 [INFO] Epoch: 4 [38400/50000 (77%)]	 Training Loss: 1.558 ACC: 31.97 CR: 0.66 Avg R1: 3.56 Avg R2: 6.20 Avg Reward: 9.755304
2026-05-17 10:02:38 [INFO] EPOCH:4, ======================CR:0.66968====================
2026-05-17 10:02:38 [INFO] 0.006213870165453357
2026-05-17 10:02:40 [INFO] EPOCH:4, ======================ACC:36.4====================
2026-05-17 10:02:40 [INFO] BEST EPOCH:4,BEST ACC:36.4
2026-05-17 10:02:46 [INFO] Epoch: 5 [12800/50000 (26%)]	 Training Loss: 1.471 ACC: 34.70 CR: 0.67 Avg R1: 3.71 Avg R2: 6.30 Avg Reward: 10.010677
2026-05-17 10:02:52 [INFO] Epoch: 5 [25600/50000 (51%)]	 Training Loss: 1.460 ACC: 35.15 CR: 0.67 Avg R1: 3.71 Avg R2: 6.30 Avg Reward: 10.007788
2026-05-17 10:02:58 [INFO] Epoch: 5 [38400/50000 (77%)]	 Training Loss: 1.429 ACC: 35.58 CR: 0.65 Avg R1: 3.69 Avg R2: 6.28 Avg Reward: 9.975730
2026-05-17 10:03:04 [INFO] EPOCH:5, ======================CR:0.6402====================
2026-05-17 10:03:04 [INFO] 0.0032633942233668877
2026-05-17 10:03:06 [INFO] EPOCH:5, ======================ACC:36.31====================
2026-05-17 10:03:06 [INFO] BEST EPOCH:4,BEST ACC:36.4
2026-05-17 10:03:12 [INFO] Epoch: 6 [12800/50000 (26%)]	 Training Loss: 1.297 ACC: 39.18 CR: 0.63 Avg R1: 3.53 Avg R2: 6.00 Avg Reward: 9.529912
2026-05-17 10:03:18 [INFO] Epoch: 6 [25600/50000 (51%)]	 Training Loss: 1.348 ACC: 39.35 CR: 0.65 Avg R1: 3.54 Avg R2: 6.01 Avg Reward: 9.551554
2026-05-17 10:03:24 [INFO] Epoch: 6 [38400/50000 (77%)]	 Training Loss: 1.336 ACC: 39.43 CR: 0.64 Avg R1: 3.55 Avg R2: 6.03 Avg Reward: 9.580893
2026-05-17 10:03:30 [INFO] EPOCH:6, ======================CR:0.64806====================
2026-05-17 10:03:30 [INFO] 0.009447872761550983
2026-05-17 10:03:32 [INFO] EPOCH:6, ======================ACC:43.27====================
2026-05-17 10:03:32 [INFO] BEST EPOCH:6,BEST ACC:43.27
2026-05-17 10:03:38 [INFO] Epoch: 7 [12800/50000 (26%)]	 Training Loss: 1.297 ACC: 42.09 CR: 0.65 Avg R1: 3.62 Avg R2: 6.01 Avg Reward: 9.628621
2026-05-17 10:03:44 [INFO] Epoch: 7 [25600/50000 (51%)]	 Training Loss: 1.305 ACC: 41.95 CR: 0.66 Avg R1: 3.64 Avg R2: 6.04 Avg Reward: 9.673688
2026-05-17 10:03:51 [INFO] Epoch: 7 [38400/50000 (77%)]	 Training Loss: 1.316 ACC: 42.09 CR: 0.68 Avg R1: 3.67 Avg R2: 6.07 Avg Reward: 9.743996
2026-05-17 10:03:56 [INFO] EPOCH:7, ======================CR:0.6921====================
2026-05-17 10:03:56 [INFO] 0.014149094520467377
2026-05-17 10:03:58 [INFO] EPOCH:7, ======================ACC:40.1====================
2026-05-17 10:03:58 [INFO] BEST EPOCH:6,BEST ACC:43.27
2026-05-17 10:04:04 [INFO] Epoch: 8 [12800/50000 (26%)]	 Training Loss: 1.307 ACC: 43.80 CR: 0.70 Avg R1: 3.86 Avg R2: 6.17 Avg Reward: 10.033869
2026-05-17 10:04:10 [INFO] Epoch: 8 [25600/50000 (51%)]	 Training Loss: 1.281 ACC: 44.33 CR: 0.70 Avg R1: 3.88 Avg R2: 6.20 Avg Reward: 10.079415
2026-05-17 10:04:17 [INFO] Epoch: 8 [38400/50000 (77%)]	 Training Loss: 1.236 ACC: 44.72 CR: 0.69 Avg R1: 3.88 Avg R2: 6.19 Avg Reward: 10.063474
2026-05-17 10:04:22 [INFO] EPOCH:8, ======================CR:0.66616====================
2026-05-17 10:04:22 [INFO] 0.020470512810188406
2026-05-17 10:04:24 [INFO] EPOCH:8, ======================ACC:46.91====================
2026-05-17 10:04:24 [INFO] BEST EPOCH:8,BEST ACC:46.91
2026-05-17 10:04:30 [INFO] Epoch: 9 [12800/50000 (26%)]	 Training Loss: 1.125 ACC: 47.15 CR: 0.66 Avg R1: 3.67 Avg R2: 5.87 Avg Reward: 9.549402
2026-05-17 10:04:36 [INFO] Epoch: 9 [25600/50000 (51%)]	 Training Loss: 1.137 ACC: 47.16 CR: 0.66 Avg R1: 3.66 Avg R2: 5.86 Avg Reward: 9.526816
2026-05-17 10:04:43 [INFO] Epoch: 9 [38400/50000 (77%)]	 Training Loss: 1.151 ACC: 47.35 CR: 0.66 Avg R1: 3.66 Avg R2: 5.86 Avg Reward: 9.521126
2026-05-17 10:04:48 [INFO] EPOCH:9, ======================CR:0.67154====================
2026-05-17 10:04:48 [INFO] 0.026435145865835105
2026-05-17 10:04:50 [INFO] EPOCH:9, ======================ACC:41.4====================
2026-05-17 10:04:50 [INFO] BEST EPOCH:8,BEST ACC:46.91
2026-05-17 10:04:56 [INFO] Epoch: 10 [12800/50000 (26%)]	 Training Loss: 1.162 ACC: 48.87 CR: 0.68 Avg R1: 3.76 Avg R2: 5.91 Avg Reward: 9.673294
2026-05-17 10:05:02 [INFO] Epoch: 10 [25600/50000 (51%)]	 Training Loss: 1.119 ACC: 49.35 CR: 0.67 Avg R1: 3.77 Avg R2: 5.91 Avg Reward: 9.677391
2026-05-17 10:05:09 [INFO] Epoch: 10 [38400/50000 (77%)]	 Training Loss: 1.094 ACC: 49.47 CR: 0.66 Avg R1: 3.75 Avg R2: 5.89 Avg Reward: 9.634621
2026-05-17 10:05:14 [INFO] EPOCH:10, ======================CR:0.647====================
2026-05-17 10:05:14 [INFO] 0.019321985745105463
2026-05-17 10:05:16 [INFO] EPOCH:10, ======================ACC:50.41====================
2026-05-17 10:05:16 [INFO] BEST EPOCH:10,BEST ACC:50.41
2026-05-17 10:05:22 [INFO] Epoch: 11 [12800/50000 (26%)]	 Training Loss: 1.011 ACC: 51.32 CR: 0.64 Avg R1: 3.57 Avg R2: 5.64 Avg Reward: 9.212236
2026-05-17 10:05:29 [INFO] Epoch: 11 [25600/50000 (51%)]	 Training Loss: 1.011 ACC: 51.52 CR: 0.64 Avg R1: 3.56 Avg R2: 5.62 Avg Reward: 9.177003
2026-05-17 10:05:35 [INFO] Epoch: 11 [38400/50000 (77%)]	 Training Loss: 1.017 ACC: 51.46 CR: 0.63 Avg R1: 3.54 Avg R2: 5.61 Avg Reward: 9.153520
2026-05-17 10:05:40 [INFO] EPOCH:11, ======================CR:0.63936====================
2026-05-17 10:05:40 [INFO] 0.010812344078722502
2026-05-17 10:05:42 [INFO] EPOCH:11, ======================ACC:47.79====================
2026-05-17 10:05:42 [INFO] BEST EPOCH:10,BEST ACC:50.41
2026-05-17 10:05:48 [INFO] Epoch: 12 [12800/50000 (26%)]	 Training Loss: 1.010 ACC: 53.06 CR: 0.65 Avg R1: 3.58 Avg R2: 5.60 Avg Reward: 9.176955
2026-05-17 10:05:55 [INFO] Epoch: 12 [25600/50000 (51%)]	 Training Loss: 1.001 ACC: 53.16 CR: 0.65 Avg R1: 3.58 Avg R2: 5.61 Avg Reward: 9.191819
2026-05-17 10:06:01 [INFO] Epoch: 12 [38400/50000 (77%)]	 Training Loss: 0.988 ACC: 52.97 CR: 0.64 Avg R1: 3.58 Avg R2: 5.61 Avg Reward: 9.186004
2026-05-17 10:06:07 [INFO] EPOCH:12, ======================CR:0.63958====================
2026-05-17 10:06:07 [INFO] 0.02370770321403258
2026-05-17 10:06:08 [INFO] EPOCH:12, ======================ACC:51.6====================
2026-05-17 10:06:08 [INFO] BEST EPOCH:12,BEST ACC:51.6
2026-05-17 10:06:14 [INFO] Epoch: 13 [12800/50000 (26%)]	 Training Loss: 0.945 ACC: 55.05 CR: 0.64 Avg R1: 3.56 Avg R2: 5.56 Avg Reward: 9.128627
2026-05-17 10:06:21 [INFO] Epoch: 13 [25600/50000 (51%)]	 Training Loss: 0.931 ACC: 54.79 CR: 0.63 Avg R1: 3.55 Avg R2: 5.55 Avg Reward: 9.103052
2026-05-17 10:06:27 [INFO] Epoch: 13 [38400/50000 (77%)]	 Training Loss: 0.920 ACC: 54.68 CR: 0.62 Avg R1: 3.53 Avg R2: 5.53 Avg Reward: 9.055413
2026-05-17 10:06:32 [INFO] EPOCH:13, ======================CR:0.60474====================
2026-05-17 10:06:32 [INFO] 0.010901327683923044
2026-05-17 10:06:34 [INFO] EPOCH:13, ======================ACC:50.94====================
2026-05-17 10:06:34 [INFO] BEST EPOCH:12,BEST ACC:51.6
2026-05-17 10:06:40 [INFO] Epoch: 14 [12800/50000 (26%)]	 Training Loss: 0.873 ACC: 55.55 CR: 0.60 Avg R1: 3.34 Avg R2: 5.31 Avg Reward: 8.650545
2026-05-17 10:06:47 [INFO] Epoch: 14 [25600/50000 (51%)]	 Training Loss: 0.875 ACC: 55.71 CR: 0.59 Avg R1: 3.32 Avg R2: 5.30 Avg Reward: 8.618236
2026-05-17 10:06:53 [INFO] Epoch: 14 [38400/50000 (77%)]	 Training Loss: 0.879 ACC: 55.68 CR: 0.59 Avg R1: 3.31 Avg R2: 5.28 Avg Reward: 8.593533
2026-05-17 10:06:58 [INFO] EPOCH:14, ======================CR:0.60478====================
2026-05-17 10:06:58 [INFO] 0.01543091838005213
2026-05-17 10:07:00 [INFO] EPOCH:14, ======================ACC:52.32====================
2026-05-17 10:07:00 [INFO] BEST EPOCH:14,BEST ACC:52.32
2026-05-17 10:07:06 [INFO] Epoch: 15 [12800/50000 (26%)]	 Training Loss: 0.908 ACC: 56.86 CR: 0.62 Avg R1: 3.39 Avg R2: 5.37 Avg Reward: 8.767798
2026-05-17 10:07:13 [INFO] Epoch: 15 [25600/50000 (51%)]	 Training Loss: 0.911 ACC: 56.65 CR: 0.63 Avg R1: 3.42 Avg R2: 5.40 Avg Reward: 8.826217
2026-05-17 10:07:19 [INFO] Epoch: 15 [38400/50000 (77%)]	 Training Loss: 0.901 ACC: 56.38 CR: 0.63 Avg R1: 3.44 Avg R2: 5.42 Avg Reward: 8.858342
2026-05-17 10:07:25 [INFO] EPOCH:15, ======================CR:0.62992====================
2026-05-17 10:07:25 [INFO] 0.018218209946414744
2026-05-17 10:07:26 [INFO] EPOCH:15, ======================ACC:52.87====================
2026-05-17 10:07:26 [INFO] BEST EPOCH:15,BEST ACC:52.87
2026-05-17 10:07:33 [INFO] Epoch: 16 [12800/50000 (26%)]	 Training Loss: 0.870 ACC: 58.12 CR: 0.63 Avg R1: 3.50 Avg R2: 5.46 Avg Reward: 8.959802
2026-05-17 10:07:39 [INFO] Epoch: 16 [25600/50000 (51%)]	 Training Loss: 0.882 ACC: 57.62 CR: 0.64 Avg R1: 3.51 Avg R2: 5.47 Avg Reward: 8.982269
2026-05-17 10:07:45 [INFO] Epoch: 16 [38400/50000 (77%)]	 Training Loss: 0.902 ACC: 57.36 CR: 0.65 Avg R1: 3.53 Avg R2: 5.49 Avg Reward: 9.025809
2026-05-17 10:07:51 [INFO] EPOCH:16, ======================CR:0.66622====================
2026-05-17 10:07:51 [INFO] 0.021777202543546825
2026-05-17 10:07:53 [INFO] EPOCH:16, ======================ACC:54.08====================
2026-05-17 10:07:53 [INFO] BEST EPOCH:16,BEST ACC:54.08
2026-05-17 10:07:59 [INFO] Epoch: 17 [12800/50000 (26%)]	 Training Loss: 0.954 ACC: 57.01 CR: 0.67 Avg R1: 3.72 Avg R2: 5.71 Avg Reward: 9.430794
2026-05-17 10:08:05 [INFO] Epoch: 17 [25600/50000 (51%)]	 Training Loss: 0.957 ACC: 57.16 CR: 0.69 Avg R1: 3.75 Avg R2: 5.75 Avg Reward: 9.501395
2026-05-17 10:08:11 [INFO] Epoch: 17 [38400/50000 (77%)]	 Training Loss: 0.966 ACC: 57.06 CR: 0.70 Avg R1: 3.79 Avg R2: 5.80 Avg Reward: 9.585603
2026-05-17 10:08:17 [INFO] EPOCH:17, ======================CR:0.71946====================
2026-05-17 10:08:17 [INFO] 0.033042109090643
2026-05-17 10:08:18 [INFO] EPOCH:17, ======================ACC:54.23====================
2026-05-17 10:08:18 [INFO] BEST EPOCH:17,BEST ACC:54.23
2026-05-17 10:08:25 [INFO] Epoch: 18 [12800/50000 (26%)]	 Training Loss: 1.056 ACC: 57.84 CR: 0.74 Avg R1: 4.04 Avg R2: 6.04 Avg Reward: 10.086971
2026-05-17 10:08:31 [INFO] Epoch: 18 [25600/50000 (51%)]	 Training Loss: 1.087 ACC: 57.79 CR: 0.78 Avg R1: 4.14 Avg R2: 6.16 Avg Reward: 10.300635
2026-05-17 10:08:37 [INFO] Epoch: 18 [38400/50000 (77%)]	 Training Loss: 1.081 ACC: 57.92 CR: 0.81 Avg R1: 4.24 Avg R2: 6.27 Avg Reward: 10.510276
2026-05-17 10:08:43 [INFO] EPOCH:18, ======================CR:0.84132====================
2026-05-17 10:08:43 [INFO] 0.03854142262117665
2026-05-17 10:08:45 [INFO] EPOCH:18, ======================ACC:53.06====================
2026-05-17 10:08:45 [INFO] BEST EPOCH:17,BEST ACC:54.23
2026-05-17 10:08:51 [INFO] Epoch: 19 [12800/50000 (26%)]	 Training Loss: 1.098 ACC: 59.18 CR: 0.85 Avg R1: 4.70 Avg R2: 6.80 Avg Reward: 11.498228
2026-05-17 10:08:57 [INFO] Epoch: 19 [25600/50000 (51%)]	 Training Loss: 1.062 ACC: 58.66 CR: 0.85 Avg R1: 4.72 Avg R2: 6.82 Avg Reward: 11.536988
2026-05-17 10:09:03 [INFO] Epoch: 19 [38400/50000 (77%)]	 Training Loss: 1.037 ACC: 58.43 CR: 0.83 Avg R1: 4.69 Avg R2: 6.79 Avg Reward: 11.484613
2026-05-17 10:09:09 [INFO] EPOCH:19, ======================CR:0.8053====================
2026-05-17 10:09:09 [INFO] 0.03325430319176587
2026-05-17 10:09:11 [INFO] EPOCH:19, ======================ACC:55.98====================
2026-05-17 10:09:11 [INFO] BEST EPOCH:19,BEST ACC:55.98
2026-05-17 10:09:17 [INFO] Epoch: 20 [12800/50000 (26%)]	 Training Loss: 0.885 ACC: 60.62 CR: 0.79 Avg R1: 4.42 Avg R2: 6.44 Avg Reward: 10.856794
2026-05-17 10:09:23 [INFO] Epoch: 20 [25600/50000 (51%)]	 Training Loss: 0.881 ACC: 60.34 CR: 0.76 Avg R1: 4.36 Avg R2: 6.37 Avg Reward: 10.722590
2026-05-17 10:09:29 [INFO] Epoch: 20 [38400/50000 (77%)]	 Training Loss: 0.891 ACC: 60.25 CR: 0.74 Avg R1: 4.29 Avg R2: 6.29 Avg Reward: 10.581059
2026-05-17 10:09:35 [INFO] EPOCH:20, ======================CR:0.7147====================
2026-05-17 10:09:35 [INFO] 0.019274258041674368
2026-05-17 10:09:37 [INFO] EPOCH:20, ======================ACC:54.91====================
2026-05-17 10:09:37 [INFO] BEST EPOCH:19,BEST ACC:55.98
2026-05-17 10:09:43 [INFO] Epoch: 21 [12800/50000 (26%)]	 Training Loss: 0.804 ACC: 62.24 CR: 0.70 Avg R1: 3.93 Avg R2: 5.89 Avg Reward: 9.820216
2026-05-17 10:09:49 [INFO] Epoch: 21 [25600/50000 (51%)]	 Training Loss: 0.807 ACC: 62.01 CR: 0.69 Avg R1: 3.90 Avg R2: 5.85 Avg Reward: 9.746648
2026-05-17 10:09:55 [INFO] Epoch: 21 [38400/50000 (77%)]	 Training Loss: 0.804 ACC: 61.62 CR: 0.67 Avg R1: 3.86 Avg R2: 5.80 Avg Reward: 9.663783
2026-05-17 10:10:01 [INFO] EPOCH:21, ======================CR:0.64512====================
2026-05-17 10:10:01 [INFO] 0.028456455652778496
2026-05-17 10:10:03 [INFO] EPOCH:21, ======================ACC:57.49====================
2026-05-17 10:10:03 [INFO] BEST EPOCH:21,BEST ACC:57.49
2026-05-17 10:10:09 [INFO] Epoch: 22 [12800/50000 (26%)]	 Training Loss: 0.715 ACC: 63.88 CR: 0.63 Avg R1: 3.55 Avg R2: 5.46 Avg Reward: 9.002898
2026-05-17 10:10:16 [INFO] Epoch: 22 [25600/50000 (51%)]	 Training Loss: 0.727 ACC: 63.25 CR: 0.62 Avg R1: 3.51 Avg R2: 5.42 Avg Reward: 8.933272
2026-05-17 10:10:22 [INFO] Epoch: 22 [38400/50000 (77%)]	 Training Loss: 0.747 ACC: 62.72 CR: 0.62 Avg R1: 3.49 Avg R2: 5.40 Avg Reward: 8.890273
2026-05-17 10:10:27 [INFO] EPOCH:22, ======================CR:0.61832====================
2026-05-17 10:10:27 [INFO] 0.014374617725634161
2026-05-17 10:10:29 [INFO] EPOCH:22, ======================ACC:57.31====================
2026-05-17 10:10:29 [INFO] BEST EPOCH:21,BEST ACC:57.49
2026-05-17 10:10:35 [INFO] Epoch: 23 [12800/50000 (26%)]	 Training Loss: 0.766 ACC: 62.72 CR: 0.63 Avg R1: 3.46 Avg R2: 5.35 Avg Reward: 8.811829
2026-05-17 10:10:42 [INFO] Epoch: 23 [25600/50000 (51%)]	 Training Loss: 0.777 ACC: 62.76 CR: 0.64 Avg R1: 3.48 Avg R2: 5.38 Avg Reward: 8.863228
2026-05-17 10:10:48 [INFO] Epoch: 23 [38400/50000 (77%)]	 Training Loss: 0.799 ACC: 62.22 CR: 0.65 Avg R1: 3.51 Avg R2: 5.42 Avg Reward: 8.928818
2026-05-17 10:10:53 [INFO] EPOCH:23, ======================CR:0.66082====================
2026-05-17 10:10:53 [INFO] 0.01930244249938154
2026-05-17 10:10:55 [INFO] EPOCH:23, ======================ACC:56.53====================
2026-05-17 10:10:55 [INFO] BEST EPOCH:21,BEST ACC:57.49
2026-05-17 10:11:01 [INFO] Epoch: 24 [12800/50000 (26%)]	 Training Loss: 0.772 ACC: 62.47 CR: 0.66 Avg R1: 3.66 Avg R2: 5.61 Avg Reward: 9.270535
2026-05-17 10:11:08 [INFO] Epoch: 24 [25600/50000 (51%)]	 Training Loss: 0.764 ACC: 62.72 CR: 0.65 Avg R1: 3.65 Avg R2: 5.59 Avg Reward: 9.234132
2026-05-17 10:11:14 [INFO] Epoch: 24 [38400/50000 (77%)]	 Training Loss: 0.761 ACC: 62.79 CR: 0.64 Avg R1: 3.62 Avg R2: 5.56 Avg Reward: 9.184971
2026-05-17 10:11:20 [INFO] EPOCH:24, ======================CR:0.62994====================
2026-05-17 10:11:20 [INFO] 0.023736639229249436
2026-05-17 10:11:21 [INFO] EPOCH:24, ======================ACC:56.1====================
2026-05-17 10:11:21 [INFO] BEST EPOCH:21,BEST ACC:57.49
2026-05-17 10:11:28 [INFO] Epoch: 25 [12800/50000 (26%)]	 Training Loss: 0.750 ACC: 64.27 CR: 0.64 Avg R1: 3.52 Avg R2: 5.45 Avg Reward: 8.967474
2026-05-17 10:11:34 [INFO] Epoch: 25 [25600/50000 (51%)]	 Training Loss: 0.770 ACC: 63.56 CR: 0.65 Avg R1: 3.55 Avg R2: 5.48 Avg Reward: 9.024100
2026-05-17 10:11:40 [INFO] Epoch: 25 [38400/50000 (77%)]	 Training Loss: 0.790 ACC: 63.05 CR: 0.67 Avg R1: 3.59 Avg R2: 5.52 Avg Reward: 9.109598
2026-05-17 10:11:46 [INFO] EPOCH:25, ======================CR:0.68994====================
2026-05-17 10:11:46 [INFO] 0.023430703160060434
2026-05-17 10:11:48 [INFO] EPOCH:25, ======================ACC:57.44====================
2026-05-17 10:11:48 [INFO] BEST EPOCH:21,BEST ACC:57.49
2026-05-17 10:11:54 [INFO] Epoch: 26 [12800/50000 (26%)]	 Training Loss: 0.798 ACC: 63.96 CR: 0.69 Avg R1: 3.84 Avg R2: 5.84 Avg Reward: 9.680035
2026-05-17 10:12:00 [INFO] Epoch: 26 [25600/50000 (51%)]	 Training Loss: 0.792 ACC: 64.04 CR: 0.70 Avg R1: 3.85 Avg R2: 5.84 Avg Reward: 9.693407
2026-05-17 10:12:07 [INFO] Epoch: 26 [38400/50000 (77%)]	 Training Loss: 0.807 ACC: 63.55 CR: 0.70 Avg R1: 3.86 Avg R2: 5.86 Avg Reward: 9.719658
2026-05-17 10:12:12 [INFO] EPOCH:26, ======================CR:0.70082====================
2026-05-17 10:12:12 [INFO] 0.027078665794786252
2026-05-17 10:12:14 [INFO] EPOCH:26, ======================ACC:54.58====================
2026-05-17 10:12:14 [INFO] BEST EPOCH:21,BEST ACC:57.49
2026-05-17 10:12:20 [INFO] Epoch: 27 [12800/50000 (26%)]	 Training Loss: 0.765 ACC: 63.40 CR: 0.69 Avg R1: 3.87 Avg R2: 5.82 Avg Reward: 9.690871
2026-05-17 10:12:26 [INFO] Epoch: 27 [25600/50000 (51%)]	 Training Loss: 0.758 ACC: 63.70 CR: 0.68 Avg R1: 3.85 Avg R2: 5.80 Avg Reward: 9.649027
2026-05-17 10:12:33 [INFO] Epoch: 27 [38400/50000 (77%)]	 Training Loss: 0.758 ACC: 63.83 CR: 0.68 Avg R1: 3.82 Avg R2: 5.78 Avg Reward: 9.601432
2026-05-17 10:12:39 [INFO] EPOCH:27, ======================CR:0.66294====================
2026-05-17 10:12:39 [INFO] 0.016845177742316825
2026-05-17 10:12:40 [INFO] EPOCH:27, ======================ACC:57.6====================
2026-05-17 10:12:40 [INFO] BEST EPOCH:27,BEST ACC:57.6
2026-05-17 10:12:47 [INFO] Epoch: 28 [12800/50000 (26%)]	 Training Loss: 0.724 ACC: 64.88 CR: 0.66 Avg R1: 3.67 Avg R2: 5.62 Avg Reward: 9.294526
2026-05-17 10:12:53 [INFO] Epoch: 28 [25600/50000 (51%)]	 Training Loss: 0.726 ACC: 65.30 CR: 0.66 Avg R1: 3.67 Avg R2: 5.62 Avg Reward: 9.284151
2026-05-17 10:12:59 [INFO] Epoch: 28 [38400/50000 (77%)]	 Training Loss: 0.738 ACC: 64.98 CR: 0.66 Avg R1: 3.67 Avg R2: 5.61 Avg Reward: 9.282639
2026-05-17 10:13:05 [INFO] EPOCH:28, ======================CR:0.6666====================
2026-05-17 10:13:05 [INFO] 0.023630004284744627
2026-05-17 10:13:06 [INFO] EPOCH:28, ======================ACC:57.61====================
2026-05-17 10:13:06 [INFO] BEST EPOCH:28,BEST ACC:57.61
2026-05-17 10:13:13 [INFO] Epoch: 29 [12800/50000 (26%)]	 Training Loss: 0.714 ACC: 65.67 CR: 0.66 Avg R1: 3.70 Avg R2: 5.64 Avg Reward: 9.334413
2026-05-17 10:13:19 [INFO] Epoch: 29 [25600/50000 (51%)]	 Training Loss: 0.729 ACC: 65.30 CR: 0.67 Avg R1: 3.70 Avg R2: 5.64 Avg Reward: 9.336659
2026-05-17 10:13:25 [INFO] Epoch: 29 [38400/50000 (77%)]	 Training Loss: 0.750 ACC: 64.47 CR: 0.67 Avg R1: 3.71 Avg R2: 5.65 Avg Reward: 9.353449
2026-05-17 10:13:31 [INFO] EPOCH:29, ======================CR:0.67872====================
2026-05-17 10:13:31 [INFO] 0.012965679443078975
2026-05-17 10:13:32 [INFO] EPOCH:29, ======================ACC:61.07====================
2026-05-17 10:13:32 [INFO] BEST EPOCH:29,BEST ACC:61.07
2026-05-17 10:13:39 [INFO] Epoch: 30 [12800/50000 (26%)]	 Training Loss: 0.761 ACC: 65.29 CR: 0.68 Avg R1: 3.79 Avg R2: 5.77 Avg Reward: 9.558065
2026-05-17 10:13:45 [INFO] Epoch: 30 [25600/50000 (51%)]	 Training Loss: 0.748 ACC: 65.54 CR: 0.69 Avg R1: 3.80 Avg R2: 5.78 Avg Reward: 9.579485
2026-05-17 10:13:51 [INFO] Epoch: 30 [38400/50000 (77%)]	 Training Loss: 0.753 ACC: 65.07 CR: 0.69 Avg R1: 3.80 Avg R2: 5.79 Avg Reward: 9.590187
2026-05-17 10:13:57 [INFO] EPOCH:30, ======================CR:0.69288====================
2026-05-17 10:13:57 [INFO] 0.02748487273620151
2026-05-17 10:13:59 [INFO] EPOCH:30, ======================ACC:54.48====================
2026-05-17 10:13:59 [INFO] BEST EPOCH:29,BEST ACC:61.07
2026-05-17 10:14:05 [INFO] Epoch: 31 [12800/50000 (26%)]	 Training Loss: 0.777 ACC: 63.95 CR: 0.69 Avg R1: 3.85 Avg R2: 5.87 Avg Reward: 9.723491
2026-05-17 10:14:11 [INFO] Epoch: 31 [25600/50000 (51%)]	 Training Loss: 0.779 ACC: 64.57 CR: 0.70 Avg R1: 3.87 Avg R2: 5.89 Avg Reward: 9.755389
2026-05-17 10:14:17 [INFO] Epoch: 31 [38400/50000 (77%)]	 Training Loss: 0.794 ACC: 64.65 CR: 0.72 Avg R1: 3.90 Avg R2: 5.92 Avg Reward: 9.818350
2026-05-17 10:14:23 [INFO] EPOCH:31, ======================CR:0.73926====================
2026-05-17 10:14:23 [INFO] 0.02586648395156493
2026-05-17 10:14:25 [INFO] EPOCH:31, ======================ACC:58.27====================
2026-05-17 10:14:25 [INFO] BEST EPOCH:29,BEST ACC:61.07
2026-05-17 10:14:31 [INFO] Epoch: 32 [12800/50000 (26%)]	 Training Loss: 0.769 ACC: 66.61 CR: 0.74 Avg R1: 4.12 Avg R2: 6.16 Avg Reward: 10.281784
2026-05-17 10:14:37 [INFO] Epoch: 32 [25600/50000 (51%)]	 Training Loss: 0.808 ACC: 65.28 CR: 0.76 Avg R1: 4.14 Avg R2: 6.18 Avg Reward: 10.326984
2026-05-17 10:14:44 [INFO] Epoch: 32 [38400/50000 (77%)]	 Training Loss: 0.825 ACC: 64.80 CR: 0.77 Avg R1: 4.18 Avg R2: 6.22 Avg Reward: 10.392462
2026-05-17 10:14:49 [INFO] EPOCH:32, ======================CR:0.78946====================
2026-05-17 10:14:49 [INFO] 0.02500646501149419
2026-05-17 10:14:51 [INFO] EPOCH:32, ======================ACC:56.73====================
2026-05-17 10:14:51 [INFO] BEST EPOCH:29,BEST ACC:61.07
2026-05-17 10:14:57 [INFO] Epoch: 33 [12800/50000 (26%)]	 Training Loss: 0.873 ACC: 64.73 CR: 0.81 Avg R1: 4.43 Avg R2: 6.52 Avg Reward: 10.946601
2026-05-17 10:15:03 [INFO] Epoch: 33 [25600/50000 (51%)]	 Training Loss: 0.881 ACC: 64.54 CR: 0.82 Avg R1: 4.47 Avg R2: 6.56 Avg Reward: 11.032024
2026-05-17 10:15:10 [INFO] Epoch: 33 [38400/50000 (77%)]	 Training Loss: 0.872 ACC: 64.88 CR: 0.82 Avg R1: 4.50 Avg R2: 6.59 Avg Reward: 11.092480
2026-05-17 10:15:15 [INFO] EPOCH:33, ======================CR:0.83904====================
2026-05-17 10:15:15 [INFO] 0.029991220838580284
2026-05-17 10:15:17 [INFO] EPOCH:33, ======================ACC:60.35====================
2026-05-17 10:15:17 [INFO] BEST EPOCH:29,BEST ACC:61.07
2026-05-17 10:15:23 [INFO] Epoch: 34 [12800/50000 (26%)]	 Training Loss: 0.890 ACC: 65.41 CR: 0.85 Avg R1: 4.67 Avg R2: 6.87 Avg Reward: 11.546919
2026-05-17 10:15:30 [INFO] Epoch: 34 [25600/50000 (51%)]	 Training Loss: 0.885 ACC: 65.97 CR: 0.85 Avg R1: 4.70 Avg R2: 6.90 Avg Reward: 11.602820
2026-05-17 10:15:36 [INFO] Epoch: 34 [38400/50000 (77%)]	 Training Loss: 0.910 ACC: 65.30 CR: 0.87 Avg R1: 4.73 Avg R2: 6.94 Avg Reward: 11.668713
2026-05-17 10:15:41 [INFO] EPOCH:34, ======================CR:0.8846====================
2026-05-17 10:15:41 [INFO] 0.04294528635448795
2026-05-17 10:15:43 [INFO] EPOCH:34, ======================ACC:57.72====================
2026-05-17 10:15:43 [INFO] BEST EPOCH:29,BEST ACC:61.07
2026-05-17 10:15:50 [INFO] Epoch: 35 [12800/50000 (26%)]	 Training Loss: 0.938 ACC: 66.22 CR: 0.90 Avg R1: 4.95 Avg R2: 7.26 Avg Reward: 12.203901
2026-05-17 10:15:56 [INFO] Epoch: 35 [25600/50000 (51%)]	 Training Loss: 0.967 ACC: 65.21 CR: 0.91 Avg R1: 4.86 Avg R2: 7.31 Avg Reward: 12.171164
2026-05-17 10:16:02 [INFO] Epoch: 35 [38400/50000 (77%)]	 Training Loss: 0.975 ACC: 65.18 CR: 0.93 Avg R1: 4.57 Avg R2: 7.37 Avg Reward: 11.932286
2026-05-17 10:16:08 [INFO] EPOCH:35, ======================CR:0.93686====================
2026-05-17 10:16:08 [INFO] 0.04102888141626986
2026-05-17 10:16:10 [INFO] EPOCH:35, ======================ACC:58.44====================
2026-05-17 10:16:10 [INFO] BEST EPOCH:29,BEST ACC:61.07
2026-05-17 10:16:16 [INFO] Epoch: 36 [12800/50000 (26%)]	 Training Loss: 0.889 ACC: 66.75 CR: 0.93 Avg R1: 3.31 Avg R2: 7.60 Avg Reward: 10.905967
2026-05-17 10:16:22 [INFO] Epoch: 36 [25600/50000 (51%)]	 Training Loss: 0.898 ACC: 66.44 CR: 0.93 Avg R1: 3.46 Avg R2: 7.57 Avg Reward: 11.028959
2026-05-17 10:16:28 [INFO] Epoch: 36 [38400/50000 (77%)]	 Training Loss: 0.898 ACC: 66.26 CR: 0.92 Avg R1: 3.64 Avg R2: 7.54 Avg Reward: 11.179021
2026-05-17 10:16:34 [INFO] EPOCH:36, ======================CR:0.9096====================
2026-05-17 10:16:34 [INFO] 0.041741239258822116
2026-05-17 10:16:36 [INFO] EPOCH:36, ======================ACC:59.12====================
2026-05-17 10:16:36 [INFO] BEST EPOCH:29,BEST ACC:61.07
2026-05-17 10:16:36 [INFO] Saving Masks: current CR 0.9096 target CR 0.9000
2026-05-17 10:16:36 [INFO] Updated candidate mask pretrained-rescale_mask_best-acc_90_05171000_resnet18 at epoch 36 with acc 59.1200
2026-05-17 10:16:36 [INFO] Updated candidate mask pretrained-rescale_mask_best-r2_90_05171000_resnet18 at epoch 36 with acc 59.1200
2026-05-17 10:16:42 [INFO] Epoch: 37 [12800/50000 (26%)]	 Training Loss: 0.879 ACC: 67.74 CR: 0.91 Avg R1: 4.44 Avg R2: 7.39 Avg Reward: 11.824248
2026-05-17 10:16:48 [INFO] Epoch: 37 [25600/50000 (51%)]	 Training Loss: 0.894 ACC: 67.15 CR: 0.92 Avg R1: 4.36 Avg R2: 7.40 Avg Reward: 11.761913
2026-05-17 10:16:55 [INFO] Epoch: 37 [38400/50000 (77%)]	 Training Loss: 0.897 ACC: 67.03 CR: 0.92 Avg R1: 4.30 Avg R2: 7.41 Avg Reward: 11.713601
2026-05-17 10:17:00 [INFO] EPOCH:37, ======================CR:0.9115====================
2026-05-17 10:17:00 [INFO] 0.0497056731164679
2026-05-17 10:17:02 [INFO] EPOCH:37, ======================ACC:63.35====================
2026-05-17 10:17:02 [INFO] BEST EPOCH:37,BEST ACC:63.35
2026-05-17 10:17:08 [INFO] Epoch: 38 [12800/50000 (26%)]	 Training Loss: 0.815 ACC: 68.62 CR: 0.90 Avg R1: 4.64 Avg R2: 7.38 Avg Reward: 12.024162
2026-05-17 10:17:15 [INFO] Epoch: 38 [25600/50000 (51%)]	 Training Loss: 0.813 ACC: 68.05 CR: 0.89 Avg R1: 4.80 Avg R2: 7.34 Avg Reward: 12.138187
2026-05-17 10:17:21 [INFO] Epoch: 38 [38400/50000 (77%)]	 Training Loss: 0.807 ACC: 67.97 CR: 0.87 Avg R1: 4.83 Avg R2: 7.28 Avg Reward: 12.107286
2026-05-17 10:17:27 [INFO] EPOCH:38, ======================CR:0.84982====================
2026-05-17 10:17:27 [INFO] 0.05577121731377701
2026-05-17 10:17:28 [INFO] EPOCH:38, ======================ACC:63.59====================
2026-05-17 10:17:28 [INFO] BEST EPOCH:38,BEST ACC:63.59
2026-05-17 10:17:35 [INFO] Epoch: 39 [12800/50000 (26%)]	 Training Loss: 0.753 ACC: 69.60 CR: 0.85 Avg R1: 4.71 Avg R2: 6.93 Avg Reward: 11.638679
2026-05-17 10:17:41 [INFO] Epoch: 39 [25600/50000 (51%)]	 Training Loss: 0.758 ACC: 69.33 CR: 0.84 Avg R1: 4.70 Avg R2: 6.91 Avg Reward: 11.603095
2026-05-17 10:17:47 [INFO] Epoch: 39 [38400/50000 (77%)]	 Training Loss: 0.775 ACC: 68.66 CR: 0.84 Avg R1: 4.68 Avg R2: 6.89 Avg Reward: 11.574759
2026-05-17 10:17:53 [INFO] EPOCH:39, ======================CR:0.8445====================
2026-05-17 10:17:53 [INFO] 0.05041015420450223
2026-05-17 10:17:55 [INFO] EPOCH:39, ======================ACC:60.25====================
2026-05-17 10:17:55 [INFO] BEST EPOCH:38,BEST ACC:63.59
2026-05-17 10:18:01 [INFO] Epoch: 40 [12800/50000 (26%)]	 Training Loss: 0.843 ACC: 68.14 CR: 0.86 Avg R1: 4.73 Avg R2: 6.97 Avg Reward: 11.698035
2026-05-17 10:18:07 [INFO] Epoch: 40 [25600/50000 (51%)]	 Training Loss: 0.835 ACC: 68.71 CR: 0.87 Avg R1: 4.77 Avg R2: 7.03 Avg Reward: 11.795895
2026-05-17 10:18:14 [INFO] Epoch: 40 [38400/50000 (77%)]	 Training Loss: 0.850 ACC: 68.39 CR: 0.89 Avg R1: 4.82 Avg R2: 7.08 Avg Reward: 11.900285
2026-05-17 10:18:19 [INFO] EPOCH:40, ======================CR:0.91348====================
2026-05-17 10:18:19 [INFO] 0.04789001813280513
2026-05-17 10:18:21 [INFO] EPOCH:40, ======================ACC:57.88====================
2026-05-17 10:18:21 [INFO] BEST EPOCH:38,BEST ACC:63.59
2026-05-17 10:18:27 [INFO] Epoch: 41 [12800/50000 (26%)]	 Training Loss: 0.863 ACC: 68.89 CR: 0.92 Avg R1: 4.14 Avg R2: 7.52 Avg Reward: 11.653916
2026-05-17 10:18:34 [INFO] Epoch: 41 [25600/50000 (51%)]	 Training Loss: 0.875 ACC: 68.58 CR: 0.93 Avg R1: 3.94 Avg R2: 7.55 Avg Reward: 11.491751
2026-05-17 10:18:40 [INFO] Epoch: 41 [38400/50000 (77%)]	 Training Loss: 0.884 ACC: 68.29 CR: 0.94 Avg R1: 3.75 Avg R2: 7.59 Avg Reward: 11.339644
2026-05-17 10:18:46 [INFO] EPOCH:41, ======================CR:0.94182====================
2026-05-17 10:18:46 [INFO] 0.05171614799821865
2026-05-17 10:18:47 [INFO] EPOCH:41, ======================ACC:57.88====================
2026-05-17 10:18:47 [INFO] BEST EPOCH:38,BEST ACC:63.59
2026-05-17 10:18:54 [INFO] Epoch: 42 [12800/50000 (26%)]	 Training Loss: 0.846 ACC: 69.60 CR: 0.94 Avg R1: 2.91 Avg R2: 7.74 Avg Reward: 10.645160
2026-05-17 10:19:00 [INFO] Epoch: 42 [25600/50000 (51%)]	 Training Loss: 0.862 ACC: 69.08 CR: 0.94 Avg R1: 2.90 Avg R2: 7.74 Avg Reward: 10.636161
2026-05-17 10:19:06 [INFO] Epoch: 42 [38400/50000 (77%)]	 Training Loss: 0.872 ACC: 68.66 CR: 0.94 Avg R1: 2.88 Avg R2: 7.74 Avg Reward: 10.621799
2026-05-17 10:19:12 [INFO] EPOCH:42, ======================CR:0.93566====================
2026-05-17 10:19:12 [INFO] 0.05369368821415023
2026-05-17 10:19:14 [INFO] EPOCH:42, ======================ACC:62.19====================
2026-05-17 10:19:14 [INFO] BEST EPOCH:38,BEST ACC:63.59
2026-05-17 10:19:20 [INFO] Epoch: 43 [12800/50000 (26%)]	 Training Loss: 0.818 ACC: 69.95 CR: 0.94 Avg R1: 3.21 Avg R2: 7.68 Avg Reward: 10.888166
2026-05-17 10:19:26 [INFO] Epoch: 43 [25600/50000 (51%)]	 Training Loss: 0.827 ACC: 69.54 CR: 0.93 Avg R1: 3.23 Avg R2: 7.67 Avg Reward: 10.902412
2026-05-17 10:19:33 [INFO] Epoch: 43 [38400/50000 (77%)]	 Training Loss: 0.839 ACC: 69.16 CR: 0.93 Avg R1: 3.28 Avg R2: 7.66 Avg Reward: 10.941951
2026-05-17 10:19:38 [INFO] EPOCH:43, ======================CR:0.92822====================
2026-05-17 10:19:38 [INFO] 0.06160850379182593
2026-05-17 10:19:40 [INFO] EPOCH:43, ======================ACC:59.68====================
2026-05-17 10:19:40 [INFO] BEST EPOCH:38,BEST ACC:63.59
2026-05-17 10:19:46 [INFO] Epoch: 44 [12800/50000 (26%)]	 Training Loss: 0.795 ACC: 70.54 CR: 0.92 Avg R1: 3.68 Avg R2: 7.60 Avg Reward: 11.281105
2026-05-17 10:19:53 [INFO] Epoch: 44 [25600/50000 (51%)]	 Training Loss: 0.797 ACC: 70.35 CR: 0.92 Avg R1: 3.82 Avg R2: 7.58 Avg Reward: 11.402625
2026-05-17 10:19:59 [INFO] Epoch: 44 [38400/50000 (77%)]	 Training Loss: 0.803 ACC: 69.93 CR: 0.91 Avg R1: 3.95 Avg R2: 7.56 Avg Reward: 11.508512
2026-05-17 10:20:04 [INFO] EPOCH:44, ======================CR:0.90238====================
2026-05-17 10:20:04 [INFO] 0.05581580336864325
2026-05-17 10:20:06 [INFO] EPOCH:44, ======================ACC:60.9====================
2026-05-17 10:20:06 [INFO] BEST EPOCH:38,BEST ACC:63.59
2026-05-17 10:20:06 [INFO] Saving Masks: current CR 0.9024 target CR 0.9000
2026-05-17 10:20:06 [INFO] Updated candidate mask pretrained-rescale_mask_best-acc_90_05171000_resnet18 at epoch 44 with acc 60.9000
2026-05-17 10:20:06 [INFO] Updated candidate mask pretrained-rescale_mask_best-r2_90_05171000_resnet18 at epoch 44 with acc 60.9000
2026-05-17 10:20:13 [INFO] Epoch: 45 [12800/50000 (26%)]	 Training Loss: 0.766 ACC: 71.18 CR: 0.90 Avg R1: 4.88 Avg R2: 7.42 Avg Reward: 12.296904
2026-05-17 10:20:19 [INFO] Epoch: 45 [25600/50000 (51%)]	 Training Loss: 0.759 ACC: 70.62 CR: 0.90 Avg R1: 4.91 Avg R2: 7.41 Avg Reward: 12.319933
2026-05-17 10:20:25 [INFO] Epoch: 45 [38400/50000 (77%)]	 Training Loss: 0.748 ACC: 70.37 CR: 0.87 Avg R1: 4.91 Avg R2: 7.37 Avg Reward: 12.277754
2026-05-17 10:20:31 [INFO] EPOCH:45, ======================CR:0.84858====================
2026-05-17 10:20:31 [INFO] 0.04817271186884126
2026-05-17 10:20:32 [INFO] EPOCH:45, ======================ACC:59.76====================
2026-05-17 10:20:32 [INFO] BEST EPOCH:44,BEST ACC:63.59
2026-05-17 10:20:39 [INFO] Epoch: 46 [12800/50000 (26%)]	 Training Loss: 0.667 ACC: 72.47 CR: 0.84 Avg R1: 4.70 Avg R2: 6.99 Avg Reward: 11.685972
2026-05-17 10:20:45 [INFO] Epoch: 46 [25600/50000 (51%)]	 Training Loss: 0.684 ACC: 71.67 CR: 0.83 Avg R1: 4.68 Avg R2: 6.96 Avg Reward: 11.636170
2026-05-17 10:20:51 [INFO] Epoch: 46 [38400/50000 (77%)]	 Training Loss: 0.688 ACC: 71.37 CR: 0.82 Avg R1: 4.65 Avg R2: 6.92 Avg Reward: 11.576544
2026-05-17 10:20:57 [INFO] EPOCH:46, ======================CR:0.81566====================
2026-05-17 10:20:57 [INFO] 0.057538073629548554
2026-05-17 10:20:59 [INFO] EPOCH:46, ======================ACC:62.55====================
2026-05-17 10:20:59 [INFO] BEST EPOCH:44,BEST ACC:63.59
2026-05-17 10:21:05 [INFO] Epoch: 47 [12800/50000 (26%)]	 Training Loss: 0.667 ACC: 72.61 CR: 0.82 Avg R1: 4.55 Avg R2: 6.81 Avg Reward: 11.367191
2026-05-17 10:21:11 [INFO] Epoch: 47 [25600/50000 (51%)]	 Training Loss: 0.688 ACC: 71.76 CR: 0.83 Avg R1: 4.57 Avg R2: 6.84 Avg Reward: 11.404269
2026-05-17 10:21:18 [INFO] Epoch: 47 [38400/50000 (77%)]	 Training Loss: 0.707 ACC: 71.05 CR: 0.83 Avg R1: 4.58 Avg R2: 6.85 Avg Reward: 11.435919
2026-05-17 10:21:23 [INFO] EPOCH:47, ======================CR:0.83882====================
2026-05-17 10:21:23 [INFO] 0.041949715055848
2026-05-17 10:21:25 [INFO] EPOCH:47, ======================ACC:64.6====================
2026-05-17 10:21:25 [INFO] BEST EPOCH:47,BEST ACC:64.6
2026-05-17 10:21:31 [INFO] Epoch: 48 [12800/50000 (26%)]	 Training Loss: 0.678 ACC: 71.88 CR: 0.84 Avg R1: 4.65 Avg R2: 6.98 Avg Reward: 11.636166
2026-05-17 10:21:38 [INFO] Epoch: 48 [25600/50000 (51%)]	 Training Loss: 0.695 ACC: 71.29 CR: 0.83 Avg R1: 4.65 Avg R2: 6.97 Avg Reward: 11.618070
2026-05-17 10:21:44 [INFO] Epoch: 48 [38400/50000 (77%)]	 Training Loss: 0.705 ACC: 70.96 CR: 0.83 Avg R1: 4.64 Avg R2: 6.96 Avg Reward: 11.600041
2026-05-17 10:21:50 [INFO] EPOCH:48, ======================CR:0.82506====================
2026-05-17 10:21:50 [INFO] 0.050498567655179134
2026-05-17 10:21:51 [INFO] EPOCH:48, ======================ACC:62.78====================
2026-05-17 10:21:51 [INFO] BEST EPOCH:47,BEST ACC:64.6
2026-05-17 10:21:58 [INFO] Epoch: 49 [12800/50000 (26%)]	 Training Loss: 0.676 ACC: 72.41 CR: 0.83 Avg R1: 4.58 Avg R2: 6.90 Avg Reward: 11.484587
2026-05-17 10:22:04 [INFO] Epoch: 49 [25600/50000 (51%)]	 Training Loss: 0.685 ACC: 72.18 CR: 0.83 Avg R1: 4.60 Avg R2: 6.91 Avg Reward: 11.510206
2026-05-17 10:22:10 [INFO] Epoch: 49 [38400/50000 (77%)]	 Training Loss: 0.700 ACC: 71.60 CR: 0.84 Avg R1: 4.61 Avg R2: 6.93 Avg Reward: 11.539553
2026-05-17 10:22:16 [INFO] EPOCH:49, ======================CR:0.83476====================
2026-05-17 10:22:16 [INFO] 0.047992593176492945
2026-05-17 10:22:18 [INFO] EPOCH:49, ======================ACC:61.95====================
2026-05-17 10:22:18 [INFO] BEST EPOCH:47,BEST ACC:64.6
2026-05-17 10:22:24 [INFO] Epoch: 50 [12800/50000 (26%)]	 Training Loss: 0.714 ACC: 71.65 CR: 0.84 Avg R1: 4.65 Avg R2: 7.00 Avg Reward: 11.649029
2026-05-17 10:22:30 [INFO] Epoch: 50 [25600/50000 (51%)]	 Training Loss: 0.733 ACC: 71.31 CR: 0.85 Avg R1: 4.67 Avg R2: 7.03 Avg Reward: 11.703240
2026-05-17 10:22:36 [INFO] Epoch: 50 [38400/50000 (77%)]	 Training Loss: 0.737 ACC: 70.89 CR: 0.85 Avg R1: 4.69 Avg R2: 7.06 Avg Reward: 11.745614
2026-05-17 10:22:42 [INFO] EPOCH:50, ======================CR:0.85754====================
2026-05-17 10:22:42 [INFO] 0.04562533887926751
2026-05-17 10:22:44 [INFO] EPOCH:50, ======================ACC:63.32====================
2026-05-17 10:22:44 [INFO] BEST EPOCH:47,BEST ACC:64.6
2026-05-17 10:22:50 [INFO] Epoch: 51 [12800/50000 (26%)]	 Training Loss: 0.682 ACC: 71.91 CR: 0.85 Avg R1: 4.75 Avg R2: 7.15 Avg Reward: 11.895346
2026-05-17 10:22:56 [INFO] Epoch: 51 [25600/50000 (51%)]	 Training Loss: 0.676 ACC: 72.16 CR: 0.84 Avg R1: 4.73 Avg R2: 7.12 Avg Reward: 11.842585
2026-05-17 10:23:03 [INFO] Epoch: 51 [38400/50000 (77%)]	 Training Loss: 0.695 ACC: 71.80 CR: 0.84 Avg R1: 4.71 Avg R2: 7.10 Avg Reward: 11.807339
2026-05-17 10:23:08 [INFO] EPOCH:51, ======================CR:0.8421====================
2026-05-17 10:23:08 [INFO] 0.037438152890283426
2026-05-17 10:23:10 [INFO] EPOCH:51, ======================ACC:64.54====================
2026-05-17 10:23:10 [INFO] BEST EPOCH:47,BEST ACC:64.6
2026-05-17 10:23:17 [INFO] Epoch: 52 [12800/50000 (26%)]	 Training Loss: 0.710 ACC: 72.34 CR: 0.85 Avg R1: 4.70 Avg R2: 7.09 Avg Reward: 11.787768
2026-05-17 10:23:23 [INFO] Epoch: 52 [25600/50000 (51%)]	 Training Loss: 0.704 ACC: 71.88 CR: 0.85 Avg R1: 4.71 Avg R2: 7.10 Avg Reward: 11.818076
2026-05-17 10:23:29 [INFO] Epoch: 52 [38400/50000 (77%)]	 Training Loss: 0.678 ACC: 71.85 CR: 0.82 Avg R1: 4.69 Avg R2: 7.07 Avg Reward: 11.761674
2026-05-17 10:23:35 [INFO] EPOCH:52, ======================CR:0.79018====================
2026-05-17 10:23:35 [INFO] 0.023022275457762788
2026-05-17 10:23:37 [INFO] EPOCH:52, ======================ACC:65.96====================
2026-05-17 10:23:37 [INFO] BEST EPOCH:52,BEST ACC:65.96
2026-05-17 10:23:43 [INFO] Epoch: 53 [12800/50000 (26%)]	 Training Loss: 0.559 ACC: 74.03 CR: 0.77 Avg R1: 4.33 Avg R2: 6.63 Avg Reward: 10.963065
2026-05-17 10:23:49 [INFO] Epoch: 53 [25600/50000 (51%)]	 Training Loss: 0.560 ACC: 73.79 CR: 0.74 Avg R1: 4.27 Avg R2: 6.55 Avg Reward: 10.820131
2026-05-17 10:23:56 [INFO] Epoch: 53 [38400/50000 (77%)]	 Training Loss: 0.558 ACC: 73.42 CR: 0.71 Avg R1: 4.19 Avg R2: 6.47 Avg Reward: 10.656790
2026-05-17 10:24:01 [INFO] EPOCH:53, ======================CR:0.68568====================
2026-05-17 10:24:01 [INFO] 0.019535888761013028
2026-05-17 10:24:03 [INFO] EPOCH:53, ======================ACC:63.63====================
2026-05-17 10:24:03 [INFO] BEST EPOCH:52,BEST ACC:65.96
2026-05-17 10:24:09 [INFO] Epoch: 54 [12800/50000 (26%)]	 Training Loss: 0.531 ACC: 74.73 CR: 0.68 Avg R1: 3.80 Avg R2: 6.01 Avg Reward: 9.811094
2026-05-17 10:24:16 [INFO] Epoch: 54 [25600/50000 (51%)]	 Training Loss: 0.553 ACC: 73.91 CR: 0.68 Avg R1: 3.80 Avg R2: 6.01 Avg Reward: 9.810243
2026-05-17 10:24:22 [INFO] Epoch: 54 [38400/50000 (77%)]	 Training Loss: 0.563 ACC: 73.62 CR: 0.68 Avg R1: 3.80 Avg R2: 6.02 Avg Reward: 9.815323
2026-05-17 10:24:28 [INFO] EPOCH:54, ======================CR:0.68584====================
2026-05-17 10:24:28 [INFO] 0.017265781744962107
2026-05-17 10:24:29 [INFO] EPOCH:54, ======================ACC:63.53====================
2026-05-17 10:24:29 [INFO] BEST EPOCH:52,BEST ACC:65.96
2026-05-17 10:24:36 [INFO] Epoch: 55 [12800/50000 (26%)]	 Training Loss: 0.559 ACC: 73.90 CR: 0.69 Avg R1: 3.81 Avg R2: 6.06 Avg Reward: 9.866573
2026-05-17 10:24:42 [INFO] Epoch: 55 [25600/50000 (51%)]	 Training Loss: 0.568 ACC: 73.46 CR: 0.69 Avg R1: 3.82 Avg R2: 6.07 Avg Reward: 9.890426
2026-05-17 10:24:48 [INFO] Epoch: 55 [38400/50000 (77%)]	 Training Loss: 0.585 ACC: 72.98 CR: 0.70 Avg R1: 3.84 Avg R2: 6.09 Avg Reward: 9.923692
2026-05-17 10:24:54 [INFO] EPOCH:55, ======================CR:0.71168====================
2026-05-17 10:24:54 [INFO] 0.019937417163851442
2026-05-17 10:24:55 [INFO] EPOCH:55, ======================ACC:63.33====================
2026-05-17 10:24:55 [INFO] BEST EPOCH:52,BEST ACC:65.96
2026-05-17 10:25:02 [INFO] Epoch: 56 [12800/50000 (26%)]	 Training Loss: 0.607 ACC: 72.70 CR: 0.72 Avg R1: 3.96 Avg R2: 6.25 Avg Reward: 10.216493
2026-05-17 10:25:08 [INFO] Epoch: 56 [25600/50000 (51%)]	 Training Loss: 0.606 ACC: 72.73 CR: 0.72 Avg R1: 3.98 Avg R2: 6.27 Avg Reward: 10.247929
2026-05-17 10:25:14 [INFO] Epoch: 56 [38400/50000 (77%)]	 Training Loss: 0.617 ACC: 72.41 CR: 0.73 Avg R1: 4.00 Avg R2: 6.29 Avg Reward: 10.284909
2026-05-17 10:25:20 [INFO] EPOCH:56, ======================CR:0.73316====================
2026-05-17 10:25:20 [INFO] 0.022276009208451505
2026-05-17 10:25:22 [INFO] EPOCH:56, ======================ACC:62.16====================
2026-05-17 10:25:22 [INFO] BEST EPOCH:52,BEST ACC:65.96
2026-05-17 10:25:28 [INFO] Epoch: 57 [12800/50000 (26%)]	 Training Loss: 0.602 ACC: 73.20 CR: 0.73 Avg R1: 4.07 Avg R2: 6.38 Avg Reward: 10.450232
2026-05-17 10:25:34 [INFO] Epoch: 57 [25600/50000 (51%)]	 Training Loss: 0.610 ACC: 72.91 CR: 0.73 Avg R1: 4.07 Avg R2: 6.39 Avg Reward: 10.459624
2026-05-17 10:25:41 [INFO] Epoch: 57 [38400/50000 (77%)]	 Training Loss: 0.615 ACC: 72.46 CR: 0.73 Avg R1: 4.07 Avg R2: 6.39 Avg Reward: 10.457499
2026-05-17 10:25:46 [INFO] EPOCH:57, ======================CR:0.72024====================
2026-05-17 10:25:46 [INFO] 0.016719460197977695
2026-05-17 10:25:48 [INFO] EPOCH:57, ======================ACC:61.35====================
2026-05-17 10:25:48 [INFO] BEST EPOCH:52,BEST ACC:65.96
2026-05-17 10:25:55 [INFO] Epoch: 58 [12800/50000 (26%)]	 Training Loss: 0.562 ACC: 74.47 CR: 0.72 Avg R1: 3.99 Avg R2: 6.30 Avg Reward: 10.288660
2026-05-17 10:26:01 [INFO] Epoch: 58 [25600/50000 (51%)]	 Training Loss: 0.557 ACC: 74.31 CR: 0.71 Avg R1: 3.97 Avg R2: 6.28 Avg Reward: 10.257703
2026-05-17 10:26:07 [INFO] Epoch: 58 [38400/50000 (77%)]	 Training Loss: 0.574 ACC: 73.51 CR: 0.70 Avg R1: 3.96 Avg R2: 6.27 Avg Reward: 10.225241
2026-05-17 10:26:13 [INFO] EPOCH:58, ======================CR:0.70352====================
2026-05-17 10:26:13 [INFO] 0.013787344627561503
2026-05-17 10:26:15 [INFO] EPOCH:58, ======================ACC:62.35====================
2026-05-17 10:26:15 [INFO] BEST EPOCH:52,BEST ACC:65.96
2026-05-17 10:26:21 [INFO] Epoch: 59 [12800/50000 (26%)]	 Training Loss: 0.547 ACC: 74.36 CR: 0.70 Avg R1: 3.91 Avg R2: 6.19 Avg Reward: 10.098598
2026-05-17 10:26:27 [INFO] Epoch: 59 [25600/50000 (51%)]	 Training Loss: 0.556 ACC: 73.91 CR: 0.70 Avg R1: 3.90 Avg R2: 6.19 Avg Reward: 10.090237
2026-05-17 10:26:33 [INFO] Epoch: 59 [38400/50000 (77%)]	 Training Loss: 0.569 ACC: 73.37 CR: 0.70 Avg R1: 3.90 Avg R2: 6.18 Avg Reward: 10.078465
2026-05-17 10:26:39 [INFO] EPOCH:59, ======================CR:0.6886====================
2026-05-17 10:26:39 [INFO] 0.01209846655715735
2026-05-17 10:26:41 [INFO] EPOCH:59, ======================ACC:63.24====================
2026-05-17 10:26:41 [INFO] BEST EPOCH:52,BEST ACC:65.96
2026-05-17 10:26:47 [INFO] Epoch: 60 [12800/50000 (26%)]	 Training Loss: 0.555 ACC: 73.16 CR: 0.68 Avg R1: 3.81 Avg R2: 6.11 Avg Reward: 9.917191
2026-05-17 10:26:53 [INFO] Epoch: 60 [25600/50000 (51%)]	 Training Loss: 0.547 ACC: 73.19 CR: 0.67 Avg R1: 3.78 Avg R2: 6.08 Avg Reward: 9.862710
2026-05-17 10:26:59 [INFO] Epoch: 60 [38400/50000 (77%)]	 Training Loss: 0.549 ACC: 73.18 CR: 0.67 Avg R1: 3.76 Avg R2: 6.06 Avg Reward: 9.813741
2026-05-17 10:27:05 [INFO] EPOCH:60, ======================CR:0.66196====================
2026-05-17 10:27:05 [INFO] 0.011845257936528021
2026-05-17 10:27:07 [INFO] EPOCH:60, ======================ACC:61.53====================
2026-05-17 10:27:07 [INFO] BEST EPOCH:52,BEST ACC:65.96
2026-05-17 10:27:13 [INFO] Epoch: 61 [12800/50000 (26%)]	 Training Loss: 0.550 ACC: 73.87 CR: 0.66 Avg R1: 3.68 Avg R2: 5.95 Avg Reward: 9.631412
2026-05-17 10:27:19 [INFO] Epoch: 61 [25600/50000 (51%)]	 Training Loss: 0.536 ACC: 74.01 CR: 0.65 Avg R1: 3.67 Avg R2: 5.94 Avg Reward: 9.607830
2026-05-17 10:27:26 [INFO] Epoch: 61 [38400/50000 (77%)]	 Training Loss: 0.536 ACC: 73.71 CR: 0.65 Avg R1: 3.65 Avg R2: 5.92 Avg Reward: 9.565969
2026-05-17 10:27:31 [INFO] EPOCH:61, ======================CR:0.64306====================
2026-05-17 10:27:31 [INFO] 0.010160250693764271
2026-05-17 10:27:33 [INFO] EPOCH:61, ======================ACC:64.01====================
2026-05-17 10:27:33 [INFO] BEST EPOCH:52,BEST ACC:65.96
2026-05-17 10:27:39 [INFO] Epoch: 62 [12800/50000 (26%)]	 Training Loss: 0.513 ACC: 74.75 CR: 0.64 Avg R1: 3.57 Avg R2: 5.84 Avg Reward: 9.406880
2026-05-17 10:27:46 [INFO] Epoch: 62 [25600/50000 (51%)]	 Training Loss: 0.511 ACC: 74.73 CR: 0.64 Avg R1: 3.57 Avg R2: 5.84 Avg Reward: 9.405719
2026-05-17 10:27:52 [INFO] Epoch: 62 [38400/50000 (77%)]	 Training Loss: 0.527 ACC: 74.17 CR: 0.65 Avg R1: 3.57 Avg R2: 5.84 Avg Reward: 9.411404
2026-05-17 10:27:57 [INFO] EPOCH:62, ======================CR:0.64986====================
2026-05-17 10:27:57 [INFO] 0.011820422330044827
2026-05-17 10:27:59 [INFO] EPOCH:62, ======================ACC:62.82====================
2026-05-17 10:27:59 [INFO] BEST EPOCH:52,BEST ACC:65.96
2026-05-17 10:28:05 [INFO] Epoch: 63 [12800/50000 (26%)]	 Training Loss: 0.542 ACC: 74.06 CR: 0.65 Avg R1: 3.62 Avg R2: 5.90 Avg Reward: 9.515073
2026-05-17 10:28:12 [INFO] Epoch: 63 [25600/50000 (51%)]	 Training Loss: 0.537 ACC: 74.12 CR: 0.66 Avg R1: 3.63 Avg R2: 5.91 Avg Reward: 9.535149
2026-05-17 10:28:18 [INFO] Epoch: 63 [38400/50000 (77%)]	 Training Loss: 0.547 ACC: 73.69 CR: 0.67 Avg R1: 3.65 Avg R2: 5.93 Avg Reward: 9.571938
2026-05-17 10:28:24 [INFO] EPOCH:63, ======================CR:0.67874====================
2026-05-17 10:28:24 [INFO] 0.012970539134064474
2026-05-17 10:28:25 [INFO] EPOCH:63, ======================ACC:63.92====================
2026-05-17 10:28:25 [INFO] BEST EPOCH:52,BEST ACC:65.96
2026-05-17 10:28:32 [INFO] Epoch: 64 [12800/50000 (26%)]	 Training Loss: 0.552 ACC: 74.00 CR: 0.68 Avg R1: 3.78 Avg R2: 6.09 Avg Reward: 9.869965
2026-05-17 10:28:38 [INFO] Epoch: 64 [25600/50000 (51%)]	 Training Loss: 0.564 ACC: 73.94 CR: 0.70 Avg R1: 3.80 Avg R2: 6.13 Avg Reward: 9.928221
2026-05-17 10:28:44 [INFO] Epoch: 64 [38400/50000 (77%)]	 Training Loss: 0.578 ACC: 73.32 CR: 0.71 Avg R1: 3.84 Avg R2: 6.17 Avg Reward: 10.005622
2026-05-17 10:28:50 [INFO] EPOCH:64, ======================CR:0.71998====================
2026-05-17 10:28:50 [INFO] 0.016259865442172693
2026-05-17 10:28:51 [INFO] EPOCH:64, ======================ACC:62.02====================
2026-05-17 10:28:51 [INFO] BEST EPOCH:52,BEST ACC:65.96
2026-05-17 10:28:58 [INFO] Epoch: 65 [12800/50000 (26%)]	 Training Loss: 0.564 ACC: 74.23 CR: 0.72 Avg R1: 3.99 Avg R2: 6.34 Avg Reward: 10.333592
2026-05-17 10:29:04 [INFO] Epoch: 65 [25600/50000 (51%)]	 Training Loss: 0.564 ACC: 74.04 CR: 0.71 Avg R1: 3.97 Avg R2: 6.32 Avg Reward: 10.294986
2026-05-17 10:29:10 [INFO] Epoch: 65 [38400/50000 (77%)]	 Training Loss: 0.566 ACC: 73.72 CR: 0.71 Avg R1: 3.96 Avg R2: 6.30 Avg Reward: 10.262637
2026-05-17 10:29:16 [INFO] EPOCH:65, ======================CR:0.69654====================
2026-05-17 10:29:16 [INFO] 0.011253475674053574
2026-05-17 10:29:18 [INFO] EPOCH:65, ======================ACC:63.66====================
2026-05-17 10:29:18 [INFO] BEST EPOCH:52,BEST ACC:65.96
2026-05-17 10:29:24 [INFO] Epoch: 66 [12800/50000 (26%)]	 Training Loss: 0.528 ACC: 74.78 CR: 0.69 Avg R1: 3.86 Avg R2: 6.19 Avg Reward: 10.051352
2026-05-17 10:29:31 [INFO] Epoch: 66 [25600/50000 (51%)]	 Training Loss: 0.542 ACC: 74.64 CR: 0.69 Avg R1: 3.86 Avg R2: 6.19 Avg Reward: 10.051508
2026-05-17 10:29:37 [INFO] Epoch: 66 [38400/50000 (77%)]	 Training Loss: 0.554 ACC: 74.32 CR: 0.70 Avg R1: 3.86 Avg R2: 6.19 Avg Reward: 10.055035
2026-05-17 10:29:43 [INFO] EPOCH:66, ======================CR:0.6992====================
2026-05-17 10:29:43 [INFO] 0.010804093647892
2026-05-17 10:29:44 [INFO] EPOCH:66, ======================ACC:62.49====================
2026-05-17 10:29:44 [INFO] BEST EPOCH:52,BEST ACC:65.96
2026-05-17 10:29:51 [INFO] Epoch: 67 [12800/50000 (26%)]	 Training Loss: 0.547 ACC: 74.97 CR: 0.70 Avg R1: 3.89 Avg R2: 6.23 Avg Reward: 10.124831
2026-05-17 10:29:57 [INFO] Epoch: 67 [25600/50000 (51%)]	 Training Loss: 0.549 ACC: 74.78 CR: 0.71 Avg R1: 3.90 Avg R2: 6.24 Avg Reward: 10.144714
2026-05-17 10:30:03 [INFO] Epoch: 67 [38400/50000 (77%)]	 Training Loss: 0.559 ACC: 74.15 CR: 0.71 Avg R1: 3.91 Avg R2: 6.25 Avg Reward: 10.159438
2026-05-17 10:30:09 [INFO] EPOCH:67, ======================CR:0.7066====================
2026-05-17 10:30:09 [INFO] 0.01641125188852947
2026-05-17 10:30:11 [INFO] EPOCH:67, ======================ACC:62.72====================
2026-05-17 10:30:11 [INFO] BEST EPOCH:52,BEST ACC:65.96
2026-05-17 10:30:17 [INFO] Epoch: 68 [12800/50000 (26%)]	 Training Loss: 0.531 ACC: 75.36 CR: 0.70 Avg R1: 3.92 Avg R2: 6.28 Avg Reward: 10.195615
2026-05-17 10:30:23 [INFO] Epoch: 68 [25600/50000 (51%)]	 Training Loss: 0.527 ACC: 75.51 CR: 0.70 Avg R1: 3.91 Avg R2: 6.27 Avg Reward: 10.177143
2026-05-17 10:30:29 [INFO] Epoch: 68 [38400/50000 (77%)]	 Training Loss: 0.534 ACC: 74.76 CR: 0.69 Avg R1: 3.90 Avg R2: 6.25 Avg Reward: 10.149124
2026-05-17 10:30:35 [INFO] EPOCH:68, ======================CR:0.69066====================
2026-05-17 10:30:35 [INFO] 0.012025352738216012
2026-05-17 10:30:37 [INFO] EPOCH:68, ======================ACC:61.49====================
2026-05-17 10:30:37 [INFO] BEST EPOCH:52,BEST ACC:65.96
2026-05-17 10:30:43 [INFO] Epoch: 69 [12800/50000 (26%)]	 Training Loss: 0.543 ACC: 75.05 CR: 0.70 Avg R1: 3.85 Avg R2: 6.19 Avg Reward: 10.034567
2026-05-17 10:30:49 [INFO] Epoch: 69 [25600/50000 (51%)]	 Training Loss: 0.550 ACC: 74.65 CR: 0.70 Avg R1: 3.86 Avg R2: 6.21 Avg Reward: 10.071351
2026-05-17 10:30:56 [INFO] Epoch: 69 [38400/50000 (77%)]	 Training Loss: 0.571 ACC: 73.95 CR: 0.72 Avg R1: 3.89 Avg R2: 6.24 Avg Reward: 10.121696
2026-05-17 10:31:02 [INFO] EPOCH:69, ======================CR:0.74054====================
2026-05-17 10:31:02 [INFO] 0.022700315412375285
2026-05-17 10:31:03 [INFO] EPOCH:69, ======================ACC:63.63====================
2026-05-17 10:31:03 [INFO] BEST EPOCH:52,BEST ACC:65.96
2026-05-17 10:31:10 [INFO] Epoch: 70 [12800/50000 (26%)]	 Training Loss: 0.590 ACC: 74.99 CR: 0.75 Avg R1: 4.15 Avg R2: 6.58 Avg Reward: 10.731343
2026-05-17 10:31:16 [INFO] Epoch: 70 [25600/50000 (51%)]	 Training Loss: 0.597 ACC: 74.59 CR: 0.77 Avg R1: 4.19 Avg R2: 6.62 Avg Reward: 10.806702
2026-05-17 10:31:22 [INFO] Epoch: 70 [38400/50000 (77%)]	 Training Loss: 0.602 ACC: 74.34 CR: 0.78 Avg R1: 4.22 Avg R2: 6.65 Avg Reward: 10.870858
2026-05-17 10:31:28 [INFO] EPOCH:70, ======================CR:0.78622====================
2026-05-17 10:31:28 [INFO] 0.03191959210236554
2026-05-17 10:31:29 [INFO] EPOCH:70, ======================ACC:61.38====================
2026-05-17 10:31:29 [INFO] BEST EPOCH:52,BEST ACC:65.96
2026-05-17 10:31:36 [INFO] Epoch: 71 [12800/50000 (26%)]	 Training Loss: 0.580 ACC: 75.16 CR: 0.78 Avg R1: 4.36 Avg R2: 6.83 Avg Reward: 11.194235
2026-05-17 10:31:42 [INFO] Epoch: 71 [25600/50000 (51%)]	 Training Loss: 0.584 ACC: 74.96 CR: 0.78 Avg R1: 4.36 Avg R2: 6.84 Avg Reward: 11.193943
2026-05-17 10:31:48 [INFO] Epoch: 71 [38400/50000 (77%)]	 Training Loss: 0.593 ACC: 74.51 CR: 0.78 Avg R1: 4.35 Avg R2: 6.83 Avg Reward: 11.183539
2026-05-17 10:31:54 [INFO] EPOCH:71, ======================CR:0.77442====================
2026-05-17 10:31:54 [INFO] 0.02011113689866129
2026-05-17 10:31:56 [INFO] EPOCH:71, ======================ACC:63.89====================
2026-05-17 10:31:56 [INFO] BEST EPOCH:52,BEST ACC:65.96
2026-05-17 10:32:02 [INFO] Epoch: 72 [12800/50000 (26%)]	 Training Loss: 0.560 ACC: 75.42 CR: 0.77 Avg R1: 4.30 Avg R2: 6.78 Avg Reward: 11.076728
2026-05-17 10:32:08 [INFO] Epoch: 72 [25600/50000 (51%)]	 Training Loss: 0.562 ACC: 75.39 CR: 0.77 Avg R1: 4.29 Avg R2: 6.76 Avg Reward: 11.054164
2026-05-17 10:32:15 [INFO] Epoch: 72 [38400/50000 (77%)]	 Training Loss: 0.573 ACC: 75.05 CR: 0.77 Avg R1: 4.28 Avg R2: 6.75 Avg Reward: 11.036015
2026-05-17 10:32:21 [INFO] EPOCH:72, ======================CR:0.76568====================
2026-05-17 10:32:21 [INFO] 0.029773944961047696
2026-05-17 10:32:22 [INFO] EPOCH:72, ======================ACC:64.3====================
2026-05-17 10:32:22 [INFO] BEST EPOCH:52,BEST ACC:65.96
2026-05-17 10:32:29 [INFO] Epoch: 73 [12800/50000 (26%)]	 Training Loss: 0.554 ACC: 75.90 CR: 0.76 Avg R1: 4.25 Avg R2: 6.69 Avg Reward: 10.940327
2026-05-17 10:32:35 [INFO] Epoch: 73 [25600/50000 (51%)]	 Training Loss: 0.547 ACC: 75.85 CR: 0.76 Avg R1: 4.24 Avg R2: 6.69 Avg Reward: 10.935191
2026-05-17 10:32:41 [INFO] Epoch: 73 [38400/50000 (77%)]	 Training Loss: 0.547 ACC: 75.80 CR: 0.75 Avg R1: 4.23 Avg R2: 6.68 Avg Reward: 10.906996
2026-05-17 10:32:47 [INFO] EPOCH:73, ======================CR:0.752====================
2026-05-17 10:32:47 [INFO] 0.028505960862504925
2026-05-17 10:32:48 [INFO] EPOCH:73, ======================ACC:64.81====================
2026-05-17 10:32:48 [INFO] BEST EPOCH:52,BEST ACC:65.96
2026-05-17 10:32:55 [INFO] Epoch: 74 [12800/50000 (26%)]	 Training Loss: 0.534 ACC: 76.62 CR: 0.76 Avg R1: 4.19 Avg R2: 6.64 Avg Reward: 10.830610
2026-05-17 10:33:01 [INFO] Epoch: 74 [25600/50000 (51%)]	 Training Loss: 0.541 ACC: 76.35 CR: 0.76 Avg R1: 4.21 Avg R2: 6.65 Avg Reward: 10.861871
2026-05-17 10:33:07 [INFO] Epoch: 74 [38400/50000 (77%)]	 Training Loss: 0.561 ACC: 75.86 CR: 0.77 Avg R1: 4.23 Avg R2: 6.67 Avg Reward: 10.900842
2026-05-17 10:33:13 [INFO] EPOCH:74, ======================CR:0.77766====================
2026-05-17 10:33:13 [INFO] 0.04486840454085068
2026-05-17 10:33:15 [INFO] EPOCH:74, ======================ACC:63.42====================
2026-05-17 10:33:15 [INFO] BEST EPOCH:52,BEST ACC:65.96
2026-05-17 10:33:21 [INFO] Epoch: 75 [12800/50000 (26%)]	 Training Loss: 0.552 ACC: 77.18 CR: 0.79 Avg R1: 4.34 Avg R2: 6.84 Avg Reward: 11.182873
2026-05-17 10:33:27 [INFO] Epoch: 75 [25600/50000 (51%)]	 Training Loss: 0.565 ACC: 76.59 CR: 0.80 Avg R1: 4.38 Avg R2: 6.88 Avg Reward: 11.251488
2026-05-17 10:33:33 [INFO] Epoch: 75 [38400/50000 (77%)]	 Training Loss: 0.578 ACC: 75.92 CR: 0.80 Avg R1: 4.40 Avg R2: 6.91 Avg Reward: 11.305256
2026-05-17 10:33:39 [INFO] EPOCH:75, ======================CR:0.81356====================
2026-05-17 10:33:39 [INFO] 0.04857072672292409
2026-05-17 10:33:41 [INFO] EPOCH:75, ======================ACC:62.67====================
2026-05-17 10:33:41 [INFO] BEST EPOCH:52,BEST ACC:65.96
2026-05-17 10:33:47 [INFO] Epoch: 76 [12800/50000 (26%)]	 Training Loss: 0.571 ACC: 76.28 CR: 0.82 Avg R1: 4.53 Avg R2: 7.07 Avg Reward: 11.600608
2026-05-17 10:33:53 [INFO] Epoch: 76 [25600/50000 (51%)]	 Training Loss: 0.566 ACC: 76.19 CR: 0.82 Avg R1: 4.54 Avg R2: 7.07 Avg Reward: 11.607782
2026-05-17 10:33:59 [INFO] Epoch: 76 [38400/50000 (77%)]	 Training Loss: 0.570 ACC: 75.97 CR: 0.81 Avg R1: 4.53 Avg R2: 7.06 Avg Reward: 11.596330
2026-05-17 10:34:05 [INFO] EPOCH:76, ======================CR:0.81184====================
2026-05-17 10:34:05 [INFO] 0.0339051681385092
2026-05-17 10:34:07 [INFO] EPOCH:76, ======================ACC:62.94====================
2026-05-17 10:34:07 [INFO] BEST EPOCH:52,BEST ACC:65.96
2026-05-17 10:34:13 [INFO] Epoch: 77 [12800/50000 (26%)]	 Training Loss: 0.568 ACC: 76.91 CR: 0.82 Avg R1: 4.51 Avg R2: 7.06 Avg Reward: 11.573163
2026-05-17 10:34:19 [INFO] Epoch: 77 [25600/50000 (51%)]	 Training Loss: 0.594 ACC: 76.23 CR: 0.83 Avg R1: 4.54 Avg R2: 7.10 Avg Reward: 11.640348
2026-05-17 10:34:26 [INFO] Epoch: 77 [38400/50000 (77%)]	 Training Loss: 0.615 ACC: 75.70 CR: 0.85 Avg R1: 4.59 Avg R2: 7.16 Avg Reward: 11.747855
2026-05-17 10:34:31 [INFO] EPOCH:77, ======================CR:0.86958====================
2026-05-17 10:34:31 [INFO] 0.0487051818902014
2026-05-17 10:34:33 [INFO] EPOCH:77, ======================ACC:63.3====================
2026-05-17 10:34:33 [INFO] BEST EPOCH:52,BEST ACC:65.96
2026-05-17 10:34:39 [INFO] Epoch: 78 [12800/50000 (26%)]	 Training Loss: 0.589 ACC: 76.49 CR: 0.87 Avg R1: 4.81 Avg R2: 7.47 Avg Reward: 12.282043
2026-05-17 10:34:45 [INFO] Epoch: 78 [25600/50000 (51%)]	 Training Loss: 0.592 ACC: 76.46 CR: 0.86 Avg R1: 4.81 Avg R2: 7.47 Avg Reward: 12.277703
2026-05-17 10:34:52 [INFO] Epoch: 78 [38400/50000 (77%)]	 Training Loss: 0.600 ACC: 76.11 CR: 0.86 Avg R1: 4.81 Avg R2: 7.46 Avg Reward: 12.267585
2026-05-17 10:34:58 [INFO] EPOCH:78, ======================CR:0.85538====================
2026-05-17 10:34:58 [INFO] 0.06083001381979
2026-05-17 10:34:59 [INFO] EPOCH:78, ======================ACC:65.2====================
2026-05-17 10:34:59 [INFO] BEST EPOCH:52,BEST ACC:65.96
2026-05-17 10:35:06 [INFO] Epoch: 79 [12800/50000 (26%)]	 Training Loss: 0.516 ACC: 78.25 CR: 0.84 Avg R1: 4.72 Avg R2: 7.36 Avg Reward: 12.080408
2026-05-17 10:35:12 [INFO] Epoch: 79 [25600/50000 (51%)]	 Training Loss: 0.539 ACC: 77.62 CR: 0.84 Avg R1: 4.70 Avg R2: 7.33 Avg Reward: 12.024550
2026-05-17 10:35:18 [INFO] Epoch: 79 [38400/50000 (77%)]	 Training Loss: 0.557 ACC: 77.04 CR: 0.83 Avg R1: 4.68 Avg R2: 7.30 Avg Reward: 11.979565
2026-05-17 10:35:24 [INFO] EPOCH:79, ======================CR:0.83224====================
2026-05-17 10:35:24 [INFO] 0.05467947528631682
2026-05-17 10:35:26 [INFO] EPOCH:79, ======================ACC:65.54====================
2026-05-17 10:35:26 [INFO] BEST EPOCH:52,BEST ACC:65.96
2026-05-17 10:35:32 [INFO] Epoch: 80 [12800/50000 (26%)]	 Training Loss: 0.572 ACC: 77.33 CR: 0.84 Avg R1: 4.65 Avg R2: 7.28 Avg Reward: 11.930609
2026-05-17 10:35:38 [INFO] Epoch: 80 [25600/50000 (51%)]	 Training Loss: 0.584 ACC: 77.36 CR: 0.86 Avg R1: 4.69 Avg R2: 7.33 Avg Reward: 12.011587
2026-05-17 10:35:44 [INFO] Epoch: 80 [38400/50000 (77%)]	 Training Loss: 0.609 ACC: 76.72 CR: 0.88 Avg R1: 4.74 Avg R2: 7.39 Avg Reward: 12.128974
2026-05-17 10:35:50 [INFO] EPOCH:80, ======================CR:0.9203====================
2026-05-17 10:35:50 [INFO] 0.06178377419816628
2026-05-17 10:35:52 [INFO] EPOCH:80, ======================ACC:63.86====================
2026-05-17 10:35:52 [INFO] BEST EPOCH:52,BEST ACC:65.96
2026-05-17 10:35:58 [INFO] Epoch: 81 [12800/50000 (26%)]	 Training Loss: 0.692 ACC: 76.39 CR: 0.94 Avg R1: 3.56 Avg R2: 8.08 Avg Reward: 11.647839
2026-05-17 10:36:04 [INFO] Epoch: 81 [25600/50000 (51%)]	 Training Loss: 0.711 ACC: 75.79 CR: 0.95 Avg R1: 3.15 Avg R2: 8.18 Avg Reward: 11.326728
2026-05-17 10:36:11 [INFO] Epoch: 81 [38400/50000 (77%)]	 Training Loss: 0.721 ACC: 75.10 CR: 0.97 Avg R1: 2.73 Avg R2: 8.27 Avg Reward: 11.006133
2026-05-17 10:36:16 [INFO] EPOCH:81, ======================CR:0.97996====================
2026-05-17 10:36:16 [INFO] 0.07964070114391619
2026-05-17 10:36:18 [INFO] EPOCH:81, ======================ACC:65.11====================
2026-05-17 10:36:18 [INFO] BEST EPOCH:52,BEST ACC:65.96
2026-05-17 10:36:24 [INFO] Epoch: 82 [12800/50000 (26%)]	 Training Loss: 0.636 ACC: 77.11 CR: 0.97 Avg R1: 1.15 Avg R2: 8.65 Avg Reward: 9.792530
2026-05-17 10:36:31 [INFO] Epoch: 82 [25600/50000 (51%)]	 Training Loss: 0.643 ACC: 76.96 CR: 0.97 Avg R1: 1.24 Avg R2: 8.62 Avg Reward: 9.857915
2026-05-17 10:36:37 [INFO] Epoch: 82 [38400/50000 (77%)]	 Training Loss: 0.656 ACC: 76.41 CR: 0.96 Avg R1: 1.39 Avg R2: 8.58 Avg Reward: 9.968421
2026-05-17 10:36:43 [INFO] EPOCH:82, ======================CR:0.95114====================
2026-05-17 10:36:43 [INFO] 0.09726634141416116
2026-05-17 10:36:44 [INFO] EPOCH:82, ======================ACC:65.68====================
2026-05-17 10:36:44 [INFO] BEST EPOCH:52,BEST ACC:65.96
2026-05-17 10:36:51 [INFO] Epoch: 83 [12800/50000 (26%)]	 Training Loss: 0.558 ACC: 78.95 CR: 0.94 Avg R1: 2.61 Avg R2: 8.23 Avg Reward: 10.836877
2026-05-17 10:36:57 [INFO] Epoch: 83 [25600/50000 (51%)]	 Training Loss: 0.553 ACC: 79.03 CR: 0.93 Avg R1: 2.86 Avg R2: 8.18 Avg Reward: 11.038887
2026-05-17 10:37:03 [INFO] Epoch: 83 [38400/50000 (77%)]	 Training Loss: 0.564 ACC: 78.54 CR: 0.92 Avg R1: 3.13 Avg R2: 8.12 Avg Reward: 11.255774
2026-05-17 10:37:09 [INFO] EPOCH:83, ======================CR:0.91066====================
2026-05-17 10:37:09 [INFO] 0.08018097732078869
2026-05-17 10:37:11 [INFO] EPOCH:83, ======================ACC:65.58====================
2026-05-17 10:37:11 [INFO] BEST EPOCH:52,BEST ACC:65.96
2026-05-17 10:37:17 [INFO] Epoch: 84 [12800/50000 (26%)]	 Training Loss: 0.558 ACC: 79.14 CR: 0.92 Avg R1: 4.33 Avg R2: 7.87 Avg Reward: 12.205938
2026-05-17 10:37:24 [INFO] Epoch: 84 [25600/50000 (51%)]	 Training Loss: 0.578 ACC: 78.46 CR: 0.92 Avg R1: 4.14 Avg R2: 7.91 Avg Reward: 12.048344
2026-05-17 10:37:30 [INFO] Epoch: 84 [38400/50000 (77%)]	 Training Loss: 0.593 ACC: 77.99 CR: 0.93 Avg R1: 3.96 Avg R2: 7.94 Avg Reward: 11.895529
2026-05-17 10:37:35 [INFO] EPOCH:84, ======================CR:0.9342====================
2026-05-17 10:37:35 [INFO] 0.09841366021413465
2026-05-17 10:37:37 [INFO] EPOCH:84, ======================ACC:65.3====================
2026-05-17 10:37:37 [INFO] BEST EPOCH:52,BEST ACC:65.96
2026-05-17 10:37:43 [INFO] Epoch: 85 [12800/50000 (26%)]	 Training Loss: 0.550 ACC: 79.09 CR: 0.93 Avg R1: 3.38 Avg R2: 8.07 Avg Reward: 11.448101
2026-05-17 10:37:50 [INFO] Epoch: 85 [25600/50000 (51%)]	 Training Loss: 0.556 ACC: 78.91 CR: 0.93 Avg R1: 3.46 Avg R2: 8.05 Avg Reward: 11.518571
2026-05-17 10:37:56 [INFO] Epoch: 85 [38400/50000 (77%)]	 Training Loss: 0.561 ACC: 78.67 CR: 0.92 Avg R1: 3.53 Avg R2: 8.04 Avg Reward: 11.573199
2026-05-17 10:38:01 [INFO] EPOCH:85, ======================CR:0.9178====================
2026-05-17 10:38:01 [INFO] 0.08519267322732145
2026-05-17 10:38:03 [INFO] EPOCH:85, ======================ACC:65.06====================
2026-05-17 10:38:03 [INFO] BEST EPOCH:52,BEST ACC:65.96
2026-05-17 10:38:09 [INFO] Epoch: 86 [12800/50000 (26%)]	 Training Loss: 0.505 ACC: 80.68 CR: 0.91 Avg R1: 4.18 Avg R2: 7.91 Avg Reward: 12.090527
2026-05-17 10:38:16 [INFO] Epoch: 86 [25600/50000 (51%)]	 Training Loss: 0.512 ACC: 80.23 CR: 0.91 Avg R1: 4.33 Avg R2: 7.88 Avg Reward: 12.209858
2026-05-17 10:38:22 [INFO] Epoch: 86 [38400/50000 (77%)]	 Training Loss: 0.520 ACC: 79.79 CR: 0.90 Avg R1: 4.51 Avg R2: 7.85 Avg Reward: 12.360286
2026-05-17 10:38:27 [INFO] EPOCH:86, ======================CR:0.8855====================
2026-05-17 10:38:27 [INFO] 0.08573460627800567
2026-05-17 10:38:29 [INFO] EPOCH:86, ======================ACC:67.49====================
2026-05-17 10:38:29 [INFO] BEST EPOCH:86,BEST ACC:67.49
2026-05-17 10:38:35 [INFO] Epoch: 87 [12800/50000 (26%)]	 Training Loss: 0.485 ACC: 80.45 CR: 0.88 Avg R1: 4.90 Avg R2: 7.69 Avg Reward: 12.592215
2026-05-17 10:38:42 [INFO] Epoch: 87 [25600/50000 (51%)]	 Training Loss: 0.486 ACC: 80.46 CR: 0.88 Avg R1: 4.89 Avg R2: 7.67 Avg Reward: 12.565826
2026-05-17 10:38:48 [INFO] Epoch: 87 [38400/50000 (77%)]	 Training Loss: 0.511 ACC: 79.82 CR: 0.88 Avg R1: 4.89 Avg R2: 7.67 Avg Reward: 12.555265
2026-05-17 10:38:53 [INFO] EPOCH:87, ======================CR:0.88466====================
2026-05-17 10:38:53 [INFO] 0.08956248063439232
2026-05-17 10:38:55 [INFO] EPOCH:87, ======================ACC:63.76====================
2026-05-17 10:38:55 [INFO] BEST EPOCH:86,BEST ACC:67.49
2026-05-17 10:39:01 [INFO] Epoch: 88 [12800/50000 (26%)]	 Training Loss: 0.509 ACC: 80.54 CR: 0.89 Avg R1: 4.93 Avg R2: 7.75 Avg Reward: 12.679354
2026-05-17 10:39:08 [INFO] Epoch: 88 [25600/50000 (51%)]	 Training Loss: 0.523 ACC: 80.01 CR: 0.90 Avg R1: 4.95 Avg R2: 7.77 Avg Reward: 12.712448
2026-05-17 10:39:14 [INFO] Epoch: 88 [38400/50000 (77%)]	 Training Loss: 0.537 ACC: 79.45 CR: 0.90 Avg R1: 4.96 Avg R2: 7.79 Avg Reward: 12.742292
2026-05-17 10:39:20 [INFO] EPOCH:88, ======================CR:0.90512====================
2026-05-17 10:39:20 [INFO] 0.09039466868969674
2026-05-17 10:39:22 [INFO] EPOCH:88, ======================ACC:65.83====================
2026-05-17 10:39:22 [INFO] BEST EPOCH:86,BEST ACC:67.49
2026-05-17 10:39:22 [INFO] Saving Masks: current CR 0.9051 target CR 0.9000
2026-05-17 10:39:22 [INFO] Updated candidate mask pretrained-rescale_mask_best-acc_90_05171000_resnet18 at epoch 88 with acc 65.8300
2026-05-17 10:39:22 [INFO] Updated candidate mask pretrained-rescale_mask_best-r2_90_05171000_resnet18 at epoch 88 with acc 65.8300
2026-05-17 10:39:28 [INFO] Epoch: 89 [12800/50000 (26%)]	 Training Loss: 0.519 ACC: 80.00 CR: 0.90 Avg R1: 4.81 Avg R2: 7.88 Avg Reward: 12.684970
2026-05-17 10:39:34 [INFO] Epoch: 89 [25600/50000 (51%)]	 Training Loss: 0.517 ACC: 79.65 CR: 0.90 Avg R1: 4.87 Avg R2: 7.86 Avg Reward: 12.731879
2026-05-17 10:39:41 [INFO] Epoch: 89 [38400/50000 (77%)]	 Training Loss: 0.518 ACC: 79.59 CR: 0.89 Avg R1: 4.90 Avg R2: 7.84 Avg Reward: 12.737371
2026-05-17 10:39:46 [INFO] EPOCH:89, ======================CR:0.87942====================
2026-05-17 10:39:46 [INFO] 0.09559961166837558
2026-05-17 10:39:48 [INFO] EPOCH:89, ======================ACC:68.0====================
2026-05-17 10:39:48 [INFO] BEST EPOCH:89,BEST ACC:68.0
2026-05-17 10:39:54 [INFO] Epoch: 90 [12800/50000 (26%)]	 Training Loss: 0.476 ACC: 81.34 CR: 0.88 Avg R1: 4.89 Avg R2: 7.68 Avg Reward: 12.566208
2026-05-17 10:40:00 [INFO] Epoch: 90 [25600/50000 (51%)]	 Training Loss: 0.485 ACC: 80.92 CR: 0.89 Avg R1: 4.90 Avg R2: 7.70 Avg Reward: 12.595184
2026-05-17 10:40:07 [INFO] Epoch: 90 [38400/50000 (77%)]	 Training Loss: 0.501 ACC: 80.47 CR: 0.89 Avg R1: 4.91 Avg R2: 7.72 Avg Reward: 12.637433
2026-05-17 10:40:12 [INFO] EPOCH:90, ======================CR:0.90212====================
2026-05-17 10:40:12 [INFO] 0.09258880079151208
2026-05-17 10:40:14 [INFO] EPOCH:90, ======================ACC:67.11====================
2026-05-17 10:40:14 [INFO] BEST EPOCH:89,BEST ACC:68.0
2026-05-17 10:40:14 [INFO] Saving Masks: current CR 0.9021 target CR 0.9000
2026-05-17 10:40:14 [INFO] Updated candidate mask pretrained-rescale_mask_best-acc_90_05171000_resnet18 at epoch 90 with acc 67.1100
2026-05-17 10:40:20 [INFO] Epoch: 91 [12800/50000 (26%)]	 Training Loss: 0.498 ACC: 81.09 CR: 0.91 Avg R1: 4.80 Avg R2: 7.89 Avg Reward: 12.688436
2026-05-17 10:40:26 [INFO] Epoch: 91 [25600/50000 (51%)]	 Training Loss: 0.516 ACC: 80.40 CR: 0.92 Avg R1: 4.59 Avg R2: 7.92 Avg Reward: 12.507984
2026-05-17 10:40:33 [INFO] Epoch: 91 [38400/50000 (77%)]	 Training Loss: 0.534 ACC: 80.05 CR: 0.93 Avg R1: 4.31 Avg R2: 7.97 Avg Reward: 12.282182
2026-05-17 10:40:38 [INFO] EPOCH:91, ======================CR:0.94942====================
2026-05-17 10:40:38 [INFO] 0.08998148719801553
2026-05-17 10:40:40 [INFO] EPOCH:91, ======================ACC:66.14====================
2026-05-17 10:40:40 [INFO] BEST EPOCH:90,BEST ACC:68.0
2026-05-17 10:40:46 [INFO] Epoch: 92 [12800/50000 (26%)]	 Training Loss: 0.562 ACC: 79.70 CR: 0.95 Avg R1: 2.45 Avg R2: 8.40 Avg Reward: 10.848624
2026-05-17 10:40:53 [INFO] Epoch: 92 [25600/50000 (51%)]	 Training Loss: 0.548 ACC: 79.93 CR: 0.95 Avg R1: 2.46 Avg R2: 8.40 Avg Reward: 10.856219
2026-05-17 10:40:59 [INFO] Epoch: 92 [38400/50000 (77%)]	 Training Loss: 0.557 ACC: 79.66 CR: 0.95 Avg R1: 2.48 Avg R2: 8.39 Avg Reward: 10.869723
2026-05-17 10:41:05 [INFO] EPOCH:92, ======================CR:0.94962====================
2026-05-17 10:41:05 [INFO] 0.09910888812998449
2026-05-17 10:41:06 [INFO] EPOCH:92, ======================ACC:65.23====================
2026-05-17 10:41:06 [INFO] BEST EPOCH:90,BEST ACC:68.0
2026-05-17 10:41:13 [INFO] Epoch: 93 [12800/50000 (26%)]	 Training Loss: 0.522 ACC: 80.55 CR: 0.95 Avg R1: 2.58 Avg R2: 8.37 Avg Reward: 10.942110
2026-05-17 10:41:19 [INFO] Epoch: 93 [25600/50000 (51%)]	 Training Loss: 0.518 ACC: 80.66 CR: 0.94 Avg R1: 2.68 Avg R2: 8.34 Avg Reward: 11.018573
2026-05-17 10:41:25 [INFO] Epoch: 93 [38400/50000 (77%)]	 Training Loss: 0.523 ACC: 80.48 CR: 0.94 Avg R1: 2.77 Avg R2: 8.32 Avg Reward: 11.090296
2026-05-17 10:41:31 [INFO] EPOCH:93, ======================CR:0.93442====================
2026-05-17 10:41:31 [INFO] 0.10462963629742766
2026-05-17 10:41:33 [INFO] EPOCH:93, ======================ACC:67.01====================
2026-05-17 10:41:33 [INFO] BEST EPOCH:90,BEST ACC:68.0
2026-05-17 10:41:39 [INFO] Epoch: 94 [12800/50000 (26%)]	 Training Loss: 0.481 ACC: 81.34 CR: 0.93 Avg R1: 3.42 Avg R2: 8.18 Avg Reward: 11.601583
2026-05-17 10:41:45 [INFO] Epoch: 94 [25600/50000 (51%)]	 Training Loss: 0.491 ACC: 81.05 CR: 0.93 Avg R1: 3.51 Avg R2: 8.16 Avg Reward: 11.676201
2026-05-17 10:41:51 [INFO] Epoch: 94 [38400/50000 (77%)]	 Training Loss: 0.497 ACC: 80.92 CR: 0.92 Avg R1: 3.63 Avg R2: 8.14 Avg Reward: 11.772645
2026-05-17 10:41:57 [INFO] EPOCH:94, ======================CR:0.91136====================
2026-05-17 10:41:57 [INFO] 0.10935664233545829
2026-05-17 10:41:59 [INFO] EPOCH:94, ======================ACC:68.63====================
2026-05-17 10:41:59 [INFO] BEST EPOCH:94,BEST ACC:68.63
2026-05-17 10:42:05 [INFO] Epoch: 95 [12800/50000 (26%)]	 Training Loss: 0.473 ACC: 81.46 CR: 0.91 Avg R1: 4.43 Avg R2: 8.03 Avg Reward: 12.455326
2026-05-17 10:42:12 [INFO] Epoch: 95 [25600/50000 (51%)]	 Training Loss: 0.488 ACC: 81.18 CR: 0.91 Avg R1: 4.43 Avg R2: 8.03 Avg Reward: 12.459734
2026-05-17 10:42:18 [INFO] Epoch: 95 [38400/50000 (77%)]	 Training Loss: 0.501 ACC: 80.84 CR: 0.92 Avg R1: 4.36 Avg R2: 8.04 Avg Reward: 12.405261
2026-05-17 10:42:23 [INFO] EPOCH:95, ======================CR:0.92788====================
2026-05-17 10:42:23 [INFO] 0.11115784167587314
2026-05-17 10:42:25 [INFO] EPOCH:95, ======================ACC:66.62====================
2026-05-17 10:42:25 [INFO] BEST EPOCH:94,BEST ACC:68.63
2026-05-17 10:42:32 [INFO] Epoch: 96 [12800/50000 (26%)]	 Training Loss: 0.503 ACC: 81.40 CR: 0.93 Avg R1: 3.45 Avg R2: 8.23 Avg Reward: 11.679410
2026-05-17 10:42:38 [INFO] Epoch: 96 [25600/50000 (51%)]	 Training Loss: 0.503 ACC: 81.51 CR: 0.94 Avg R1: 3.32 Avg R2: 8.25 Avg Reward: 11.572493
2026-05-17 10:42:44 [INFO] Epoch: 96 [38400/50000 (77%)]	 Training Loss: 0.505 ACC: 81.37 CR: 0.94 Avg R1: 3.23 Avg R2: 8.26 Avg Reward: 11.496685
2026-05-17 10:42:50 [INFO] EPOCH:96, ======================CR:0.93924====================
2026-05-17 10:42:50 [INFO] 0.11789080297506196
2026-05-17 10:42:52 [INFO] EPOCH:96, ======================ACC:64.91====================
2026-05-17 10:42:52 [INFO] BEST EPOCH:94,BEST ACC:68.63
2026-05-17 10:42:58 [INFO] Epoch: 97 [12800/50000 (26%)]	 Training Loss: 0.452 ACC: 82.88 CR: 0.94 Avg R1: 3.15 Avg R2: 8.29 Avg Reward: 11.441667
2026-05-17 10:43:04 [INFO] Epoch: 97 [25600/50000 (51%)]	 Training Loss: 0.456 ACC: 82.69 CR: 0.93 Avg R1: 3.27 Avg R2: 8.27 Avg Reward: 11.541029
2026-05-17 10:43:10 [INFO] Epoch: 97 [38400/50000 (77%)]	 Training Loss: 0.466 ACC: 82.19 CR: 0.92 Avg R1: 3.39 Avg R2: 8.25 Avg Reward: 11.642435
2026-05-17 10:43:16 [INFO] EPOCH:97, ======================CR:0.91778====================
2026-05-17 10:43:16 [INFO] 0.11876152968125785
2026-05-17 10:43:18 [INFO] EPOCH:97, ======================ACC:66.17====================
2026-05-17 10:43:18 [INFO] BEST EPOCH:94,BEST ACC:68.63
2026-05-17 10:43:24 [INFO] Epoch: 98 [12800/50000 (26%)]	 Training Loss: 0.442 ACC: 83.08 CR: 0.91 Avg R1: 4.19 Avg R2: 8.11 Avg Reward: 12.294559
2026-05-17 10:43:30 [INFO] Epoch: 98 [25600/50000 (51%)]	 Training Loss: 0.439 ACC: 82.96 CR: 0.91 Avg R1: 4.33 Avg R2: 8.08 Avg Reward: 12.408313
2026-05-17 10:43:37 [INFO] Epoch: 98 [38400/50000 (77%)]	 Training Loss: 0.450 ACC: 82.56 CR: 0.90 Avg R1: 4.44 Avg R2: 8.06 Avg Reward: 12.498904
2026-05-17 10:43:42 [INFO] EPOCH:98, ======================CR:0.9056====================
2026-05-17 10:43:42 [INFO] 0.12346902383074472
2026-05-17 10:43:44 [INFO] EPOCH:98, ======================ACC:68.65====================
2026-05-17 10:43:44 [INFO] BEST EPOCH:98,BEST ACC:68.65
2026-05-17 10:43:44 [INFO] Saving Masks: current CR 0.9056 target CR 0.9000
2026-05-17 10:43:44 [INFO] Updated candidate mask pretrained-rescale_mask_best-acc_90_05171000_resnet18 at epoch 98 with acc 68.6500
2026-05-17 10:43:44 [INFO] Updated candidate mask pretrained-rescale_mask_best-r2_90_05171000_resnet18 at epoch 98 with acc 68.6500
2026-05-17 10:43:50 [INFO] Epoch: 99 [12800/50000 (26%)]	 Training Loss: 0.443 ACC: 83.10 CR: 0.91 Avg R1: 4.68 Avg R2: 8.02 Avg Reward: 12.696508
2026-05-17 10:43:57 [INFO] Epoch: 99 [25600/50000 (51%)]	 Training Loss: 0.439 ACC: 83.24 CR: 0.91 Avg R1: 4.63 Avg R2: 8.03 Avg Reward: 12.661082
2026-05-17 10:44:03 [INFO] Epoch: 99 [38400/50000 (77%)]	 Training Loss: 0.444 ACC: 83.07 CR: 0.91 Avg R1: 4.61 Avg R2: 8.03 Avg Reward: 12.646365
2026-05-17 10:44:09 [INFO] EPOCH:99, ======================CR:0.90356====================
2026-05-17 10:44:09 [INFO] 0.1278760340742896
2026-05-17 10:44:11 [INFO] EPOCH:99, ======================ACC:67.02====================
2026-05-17 10:44:11 [INFO] BEST EPOCH:98,BEST ACC:68.65
2026-05-17 10:44:11 [INFO] Saving Masks: current CR 0.9036 target CR 0.9000
2026-05-17 10:44:17 [INFO] Epoch: 100 [12800/50000 (26%)]	 Training Loss: 0.410 ACC: 83.70 CR: 0.90 Avg R1: 4.94 Avg R2: 7.98 Avg Reward: 12.919668
2026-05-17 10:44:24 [INFO] Epoch: 100 [25600/50000 (51%)]	 Training Loss: 0.409 ACC: 83.65 CR: 0.89 Avg R1: 4.95 Avg R2: 7.95 Avg Reward: 12.893240
2026-05-17 10:44:30 [INFO] Epoch: 100 [38400/50000 (77%)]	 Training Loss: 0.419 ACC: 83.35 CR: 0.88 Avg R1: 4.94 Avg R2: 7.92 Avg Reward: 12.859899
2026-05-17 10:44:36 [INFO] EPOCH:100, ======================CR:0.87572====================
2026-05-17 10:44:36 [INFO] 0.12959213406790687
2026-05-17 10:44:38 [INFO] EPOCH:100, ======================ACC:66.09====================
2026-05-17 10:44:38 [INFO] BEST EPOCH:98,BEST ACC:68.65
2026-05-17 10:44:44 [INFO] Epoch: 101 [12800/50000 (26%)]	 Training Loss: 0.411 ACC: 83.62 CR: 0.87 Avg R1: 4.86 Avg R2: 7.75 Avg Reward: 12.615006
2026-05-17 10:44:51 [INFO] Epoch: 101 [25600/50000 (51%)]	 Training Loss: 0.410 ACC: 83.66 CR: 0.87 Avg R1: 4.85 Avg R2: 7.75 Avg Reward: 12.601525
2026-05-17 10:44:57 [INFO] Epoch: 101 [38400/50000 (77%)]	 Training Loss: 0.418 ACC: 83.33 CR: 0.87 Avg R1: 4.86 Avg R2: 7.75 Avg Reward: 12.603284
2026-05-17 10:45:03 [INFO] EPOCH:101, ======================CR:0.8759====================
2026-05-17 10:45:03 [INFO] 0.1303281980311187
2026-05-17 10:45:04 [INFO] EPOCH:101, ======================ACC:68.32====================
2026-05-17 10:45:04 [INFO] BEST EPOCH:98,BEST ACC:68.65
2026-05-17 10:45:11 [INFO] Epoch: 102 [12800/50000 (26%)]	 Training Loss: 0.392 ACC: 84.48 CR: 0.87 Avg R1: 4.87 Avg R2: 7.81 Avg Reward: 12.672794
2026-05-17 10:45:17 [INFO] Epoch: 102 [25600/50000 (51%)]	 Training Loss: 0.398 ACC: 84.03 CR: 0.87 Avg R1: 4.85 Avg R2: 7.78 Avg Reward: 12.634006
2026-05-17 10:45:23 [INFO] Epoch: 102 [38400/50000 (77%)]	 Training Loss: 0.402 ACC: 83.85 CR: 0.86 Avg R1: 4.83 Avg R2: 7.76 Avg Reward: 12.593988
2026-05-17 10:45:29 [INFO] EPOCH:102, ======================CR:0.86196====================
2026-05-17 10:45:29 [INFO] 0.1178357926474219
2026-05-17 10:45:30 [INFO] EPOCH:102, ======================ACC:67.07====================
2026-05-17 10:45:30 [INFO] BEST EPOCH:98,BEST ACC:68.65
2026-05-17 10:45:37 [INFO] Epoch: 103 [12800/50000 (26%)]	 Training Loss: 0.394 ACC: 84.44 CR: 0.86 Avg R1: 4.79 Avg R2: 7.67 Avg Reward: 12.460124
2026-05-17 10:45:43 [INFO] Epoch: 103 [25600/50000 (51%)]	 Training Loss: 0.390 ACC: 84.50 CR: 0.87 Avg R1: 4.80 Avg R2: 7.68 Avg Reward: 12.482121
2026-05-17 10:45:49 [INFO] Epoch: 103 [38400/50000 (77%)]	 Training Loss: 0.400 ACC: 84.02 CR: 0.87 Avg R1: 4.81 Avg R2: 7.69 Avg Reward: 12.500603
2026-05-17 10:45:55 [INFO] EPOCH:103, ======================CR:0.87226====================
2026-05-17 10:45:55 [INFO] 0.12792732784059796
2026-05-17 10:45:57 [INFO] EPOCH:103, ======================ACC:67.52====================
2026-05-17 10:45:57 [INFO] BEST EPOCH:98,BEST ACC:68.65
2026-05-17 10:46:03 [INFO] Epoch: 104 [12800/50000 (26%)]	 Training Loss: 0.383 ACC: 85.02 CR: 0.87 Avg R1: 4.85 Avg R2: 7.78 Avg Reward: 12.632037
2026-05-17 10:46:09 [INFO] Epoch: 104 [25600/50000 (51%)]	 Training Loss: 0.388 ACC: 84.78 CR: 0.88 Avg R1: 4.87 Avg R2: 7.80 Avg Reward: 12.665450
2026-05-17 10:46:16 [INFO] Epoch: 104 [38400/50000 (77%)]	 Training Loss: 0.400 ACC: 84.23 CR: 0.89 Avg R1: 4.88 Avg R2: 7.82 Avg Reward: 12.706305
2026-05-17 10:46:21 [INFO] EPOCH:104, ======================CR:0.88826====================
2026-05-17 10:46:21 [INFO] 0.13315497414617455
2026-05-17 10:46:23 [INFO] EPOCH:104, ======================ACC:67.97====================
2026-05-17 10:46:23 [INFO] BEST EPOCH:98,BEST ACC:68.65
2026-05-17 10:46:29 [INFO] Epoch: 105 [12800/50000 (26%)]	 Training Loss: 0.391 ACC: 84.91 CR: 0.89 Avg R1: 4.94 Avg R2: 7.93 Avg Reward: 12.867547
2026-05-17 10:46:36 [INFO] Epoch: 105 [25600/50000 (51%)]	 Training Loss: 0.403 ACC: 84.36 CR: 0.89 Avg R1: 4.95 Avg R2: 7.93 Avg Reward: 12.881947
2026-05-17 10:46:42 [INFO] Epoch: 105 [38400/50000 (77%)]	 Training Loss: 0.414 ACC: 83.97 CR: 0.90 Avg R1: 4.96 Avg R2: 7.94 Avg Reward: 12.901872
2026-05-17 10:46:48 [INFO] EPOCH:105, ======================CR:0.90026====================
2026-05-17 10:46:48 [INFO] 0.1283329382170644
2026-05-17 10:46:50 [INFO] EPOCH:105, ======================ACC:68.51====================
2026-05-17 10:46:50 [INFO] BEST EPOCH:98,BEST ACC:68.65
2026-05-17 10:46:50 [INFO] Saving Masks: current CR 0.9003 target CR 0.9000
2026-05-17 10:46:56 [INFO] Epoch: 106 [12800/50000 (26%)]	 Training Loss: 0.399 ACC: 84.70 CR: 0.90 Avg R1: 4.99 Avg R2: 8.01 Avg Reward: 13.001940
2026-05-17 10:47:03 [INFO] Epoch: 106 [25600/50000 (51%)]	 Training Loss: 0.400 ACC: 84.42 CR: 0.90 Avg R1: 4.99 Avg R2: 8.00 Avg Reward: 12.993987
2026-05-17 10:47:09 [INFO] Epoch: 106 [38400/50000 (77%)]	 Training Loss: 0.407 ACC: 84.04 CR: 0.90 Avg R1: 4.99 Avg R2: 8.00 Avg Reward: 12.987302
2026-05-17 10:47:15 [INFO] EPOCH:106, ======================CR:0.89764====================
2026-05-17 10:47:15 [INFO] 0.132077930685406
2026-05-17 10:47:16 [INFO] EPOCH:106, ======================ACC:67.97====================
2026-05-17 10:47:16 [INFO] BEST EPOCH:98,BEST ACC:68.65
2026-05-17 10:47:16 [INFO] Saving Masks: current CR 0.8976 target CR 0.9000
2026-05-17 10:47:23 [INFO] Epoch: 107 [12800/50000 (26%)]	 Training Loss: 0.386 ACC: 85.52 CR: 0.90 Avg R1: 4.99 Avg R2: 8.01 Avg Reward: 13.006692
2026-05-17 10:47:29 [INFO] Epoch: 107 [25600/50000 (51%)]	 Training Loss: 0.395 ACC: 84.79 CR: 0.90 Avg R1: 5.00 Avg R2: 8.01 Avg Reward: 13.009099
2026-05-17 10:47:35 [INFO] Epoch: 107 [38400/50000 (77%)]	 Training Loss: 0.401 ACC: 84.55 CR: 0.90 Avg R1: 4.99 Avg R2: 8.01 Avg Reward: 13.007118
2026-05-17 10:47:41 [INFO] EPOCH:107, ======================CR:0.89472====================
2026-05-17 10:47:41 [INFO] 0.1376689665869739
2026-05-17 10:47:43 [INFO] EPOCH:107, ======================ACC:66.53====================
2026-05-17 10:47:43 [INFO] BEST EPOCH:98,BEST ACC:68.65
2026-05-17 10:47:43 [INFO] Saving Masks: current CR 0.8947 target CR 0.9000
2026-05-17 10:47:49 [INFO] Epoch: 108 [12800/50000 (26%)]	 Training Loss: 0.384 ACC: 85.05 CR: 0.89 Avg R1: 4.96 Avg R2: 7.99 Avg Reward: 12.953013
2026-05-17 10:47:55 [INFO] Epoch: 108 [25600/50000 (51%)]	 Training Loss: 0.379 ACC: 85.13 CR: 0.89 Avg R1: 4.96 Avg R2: 7.98 Avg Reward: 12.932970
2026-05-17 10:48:02 [INFO] Epoch: 108 [38400/50000 (77%)]	 Training Loss: 0.389 ACC: 84.78 CR: 0.89 Avg R1: 4.95 Avg R2: 7.97 Avg Reward: 12.920204
2026-05-17 10:48:07 [INFO] EPOCH:108, ======================CR:0.88956====================
2026-05-17 10:48:07 [INFO] 0.13527493502727195
2026-05-17 10:48:09 [INFO] EPOCH:108, ======================ACC:68.19====================
2026-05-17 10:48:09 [INFO] BEST EPOCH:98,BEST ACC:68.65
2026-05-17 10:48:15 [INFO] Epoch: 109 [12800/50000 (26%)]	 Training Loss: 0.383 ACC: 85.05 CR: 0.89 Avg R1: 4.95 Avg R2: 7.94 Avg Reward: 12.889527
2026-05-17 10:48:22 [INFO] Epoch: 109 [25600/50000 (51%)]	 Training Loss: 0.378 ACC: 85.30 CR: 0.89 Avg R1: 4.96 Avg R2: 7.95 Avg Reward: 12.902712
2026-05-17 10:48:28 [INFO] Epoch: 109 [38400/50000 (77%)]	 Training Loss: 0.385 ACC: 84.94 CR: 0.90 Avg R1: 4.96 Avg R2: 7.95 Avg Reward: 12.911794
2026-05-17 10:48:33 [INFO] EPOCH:109, ======================CR:0.90038====================
2026-05-17 10:48:33 [INFO] 0.13247367316088782
2026-05-17 10:48:35 [INFO] EPOCH:109, ======================ACC:66.56====================
2026-05-17 10:48:35 [INFO] BEST EPOCH:98,BEST ACC:68.65
2026-05-17 10:48:35 [INFO] Saving Masks: current CR 0.9004 target CR 0.9000
2026-05-17 10:48:42 [INFO] Epoch: 110 [12800/50000 (26%)]	 Training Loss: 0.380 ACC: 85.75 CR: 0.90 Avg R1: 4.87 Avg R2: 8.07 Avg Reward: 12.936131
2026-05-17 10:48:48 [INFO] Epoch: 110 [25600/50000 (51%)]	 Training Loss: 0.382 ACC: 85.49 CR: 0.91 Avg R1: 4.75 Avg R2: 8.09 Avg Reward: 12.843664
2026-05-17 10:48:55 [INFO] Epoch: 110 [38400/50000 (77%)]	 Training Loss: 0.384 ACC: 85.22 CR: 0.91 Avg R1: 4.72 Avg R2: 8.10 Avg Reward: 12.817131
2026-05-17 10:49:01 [INFO] EPOCH:110, ======================CR:0.90414====================
2026-05-17 10:49:01 [INFO] 0.14543878383033737
2026-05-17 10:49:02 [INFO] EPOCH:110, ======================ACC:66.49====================
2026-05-17 10:49:02 [INFO] BEST EPOCH:98,BEST ACC:68.65
2026-05-17 10:49:02 [INFO] Saving Masks: current CR 0.9041 target CR 0.9000
2026-05-17 10:49:02 [INFO] Updated candidate mask pretrained-rescale_mask_best-r2_90_05171000_resnet18 at epoch 110 with acc 66.4900
2026-05-17 10:49:09 [INFO] Epoch: 111 [12800/50000 (26%)]	 Training Loss: 0.357 ACC: 86.16 CR: 0.90 Avg R1: 4.76 Avg R2: 8.09 Avg Reward: 12.848618
2026-05-17 10:49:15 [INFO] Epoch: 111 [25600/50000 (51%)]	 Training Loss: 0.355 ACC: 86.19 CR: 0.90 Avg R1: 4.83 Avg R2: 8.07 Avg Reward: 12.909413
2026-05-17 10:49:21 [INFO] Epoch: 111 [38400/50000 (77%)]	 Training Loss: 0.361 ACC: 85.86 CR: 0.89 Avg R1: 4.88 Avg R2: 8.05 Avg Reward: 12.926791
2026-05-17 10:49:27 [INFO] EPOCH:111, ======================CR:0.88926====================
2026-05-17 10:49:27 [INFO] 0.1430883786066729
2026-05-17 10:49:29 [INFO] EPOCH:111, ======================ACC:68.0====================
2026-05-17 10:49:29 [INFO] BEST EPOCH:98,BEST ACC:68.65
2026-05-17 10:49:35 [INFO] Epoch: 112 [12800/50000 (26%)]	 Training Loss: 0.344 ACC: 86.54 CR: 0.89 Avg R1: 4.94 Avg R2: 7.93 Avg Reward: 12.878803
2026-05-17 10:49:42 [INFO] Epoch: 112 [25600/50000 (51%)]	 Training Loss: 0.343 ACC: 86.61 CR: 0.89 Avg R1: 4.94 Avg R2: 7.93 Avg Reward: 12.875823
2026-05-17 10:49:48 [INFO] Epoch: 112 [38400/50000 (77%)]	 Training Loss: 0.345 ACC: 86.44 CR: 0.89 Avg R1: 4.94 Avg R2: 7.93 Avg Reward: 12.864621
2026-05-17 10:49:54 [INFO] EPOCH:112, ======================CR:0.88586====================
2026-05-17 10:49:54 [INFO] 0.14976411697783196
2026-05-17 10:49:55 [INFO] EPOCH:112, ======================ACC:69.39====================
2026-05-17 10:49:55 [INFO] BEST EPOCH:112,BEST ACC:69.39
2026-05-17 10:50:02 [INFO] Epoch: 113 [12800/50000 (26%)]	 Training Loss: 0.331 ACC: 87.03 CR: 0.89 Avg R1: 4.92 Avg R2: 7.91 Avg Reward: 12.827859
2026-05-17 10:50:08 [INFO] Epoch: 113 [25600/50000 (51%)]	 Training Loss: 0.333 ACC: 86.90 CR: 0.88 Avg R1: 4.92 Avg R2: 7.91 Avg Reward: 12.826498
2026-05-17 10:50:14 [INFO] Epoch: 113 [38400/50000 (77%)]	 Training Loss: 0.338 ACC: 86.73 CR: 0.88 Avg R1: 4.92 Avg R2: 7.90 Avg Reward: 12.820705
2026-05-17 10:50:20 [INFO] EPOCH:113, ======================CR:0.88166====================
2026-05-17 10:50:20 [INFO] 0.14977706727855836
2026-05-17 10:50:22 [INFO] EPOCH:113, ======================ACC:68.25====================
2026-05-17 10:50:22 [INFO] BEST EPOCH:112,BEST ACC:69.39
2026-05-17 10:50:28 [INFO] Epoch: 114 [12800/50000 (26%)]	 Training Loss: 0.320 ACC: 87.24 CR: 0.88 Avg R1: 4.89 Avg R2: 7.89 Avg Reward: 12.780077
2026-05-17 10:50:35 [INFO] Epoch: 114 [25600/50000 (51%)]	 Training Loss: 0.316 ACC: 87.30 CR: 0.87 Avg R1: 4.88 Avg R2: 7.86 Avg Reward: 12.743205
2026-05-17 10:50:41 [INFO] Epoch: 114 [38400/50000 (77%)]	 Training Loss: 0.320 ACC: 87.18 CR: 0.87 Avg R1: 4.86 Avg R2: 7.84 Avg Reward: 12.702176
2026-05-17 10:50:47 [INFO] EPOCH:114, ======================CR:0.8624====================
2026-05-17 10:50:47 [INFO] 0.1546486224056289
2026-05-17 10:50:48 [INFO] EPOCH:114, ======================ACC:69.06====================
2026-05-17 10:50:48 [INFO] BEST EPOCH:112,BEST ACC:69.39
2026-05-17 10:50:55 [INFO] Epoch: 115 [12800/50000 (26%)]	 Training Loss: 0.315 ACC: 87.70 CR: 0.87 Avg R1: 4.80 Avg R2: 7.72 Avg Reward: 12.519525
2026-05-17 10:51:01 [INFO] Epoch: 115 [25600/50000 (51%)]	 Training Loss: 0.323 ACC: 87.36 CR: 0.88 Avg R1: 4.82 Avg R2: 7.75 Avg Reward: 12.574345
2026-05-17 10:51:08 [INFO] Epoch: 115 [38400/50000 (77%)]	 Training Loss: 0.329 ACC: 86.99 CR: 0.88 Avg R1: 4.84 Avg R2: 7.78 Avg Reward: 12.619948
2026-05-17 10:51:14 [INFO] EPOCH:115, ======================CR:0.87772====================
2026-05-17 10:51:14 [INFO] 0.15812612030606427
2026-05-17 10:51:15 [INFO] EPOCH:115, ======================ACC:68.87====================
2026-05-17 10:51:15 [INFO] BEST EPOCH:112,BEST ACC:69.39
2026-05-17 10:51:21 [INFO] Epoch: 116 [12800/50000 (26%)]	 Training Loss: 0.306 ACC: 87.55 CR: 0.87 Avg R1: 4.86 Avg R2: 7.83 Avg Reward: 12.688105
2026-05-17 10:51:28 [INFO] Epoch: 116 [25600/50000 (51%)]	 Training Loss: 0.309 ACC: 87.61 CR: 0.87 Avg R1: 4.84 Avg R2: 7.80 Avg Reward: 12.644488
2026-05-17 10:51:34 [INFO] Epoch: 116 [38400/50000 (77%)]	 Training Loss: 0.314 ACC: 87.43 CR: 0.86 Avg R1: 4.83 Avg R2: 7.78 Avg Reward: 12.611757
2026-05-17 10:51:40 [INFO] EPOCH:116, ======================CR:0.86252====================
2026-05-17 10:51:40 [INFO] 0.14171336328986675
2026-05-17 10:51:42 [INFO] EPOCH:116, ======================ACC:68.94====================
2026-05-17 10:51:42 [INFO] BEST EPOCH:112,BEST ACC:69.39
2026-05-17 10:51:48 [INFO] Epoch: 117 [12800/50000 (26%)]	 Training Loss: 0.306 ACC: 87.97 CR: 0.87 Avg R1: 4.80 Avg R2: 7.71 Avg Reward: 12.514878
2026-05-17 10:51:54 [INFO] Epoch: 117 [25600/50000 (51%)]	 Training Loss: 0.315 ACC: 87.84 CR: 0.88 Avg R1: 4.82 Avg R2: 7.74 Avg Reward: 12.563922
2026-05-17 10:52:00 [INFO] Epoch: 117 [38400/50000 (77%)]	 Training Loss: 0.322 ACC: 87.55 CR: 0.89 Avg R1: 4.85 Avg R2: 7.78 Avg Reward: 12.625228
2026-05-17 10:52:06 [INFO] EPOCH:117, ======================CR:0.89336====================
2026-05-17 10:52:06 [INFO] 0.1597052665230762
2026-05-17 10:52:08 [INFO] EPOCH:117, ======================ACC:67.59====================
2026-05-17 10:52:08 [INFO] BEST EPOCH:112,BEST ACC:69.39
2026-05-17 10:52:08 [INFO] Saving Masks: current CR 0.8934 target CR 0.9000
2026-05-17 10:52:14 [INFO] Epoch: 118 [12800/50000 (26%)]	 Training Loss: 0.310 ACC: 88.08 CR: 0.90 Avg R1: 4.97 Avg R2: 7.98 Avg Reward: 12.953871
2026-05-17 10:52:20 [INFO] Epoch: 118 [25600/50000 (51%)]	 Training Loss: 0.314 ACC: 87.96 CR: 0.90 Avg R1: 4.98 Avg R2: 8.00 Avg Reward: 12.979570
2026-05-17 10:52:27 [INFO] Epoch: 118 [38400/50000 (77%)]	 Training Loss: 0.322 ACC: 87.57 CR: 0.90 Avg R1: 4.98 Avg R2: 8.01 Avg Reward: 12.995389
2026-05-17 10:52:32 [INFO] EPOCH:118, ======================CR:0.89278====================
2026-05-17 10:52:32 [INFO] 0.1693648004846571
2026-05-17 10:52:34 [INFO] EPOCH:118, ======================ACC:70.31====================
2026-05-17 10:52:34 [INFO] BEST EPOCH:118,BEST ACC:70.31
2026-05-17 10:52:34 [INFO] Saving Masks: current CR 0.8928 target CR 0.9000
2026-05-17 10:52:34 [INFO] Updated candidate mask pretrained-rescale_mask_best-acc_90_05171000_resnet18 at epoch 118 with acc 70.3100
2026-05-17 10:52:40 [INFO] Epoch: 119 [12800/50000 (26%)]	 Training Loss: 0.293 ACC: 88.88 CR: 0.89 Avg R1: 4.95 Avg R2: 7.97 Avg Reward: 12.915292
2026-05-17 10:52:47 [INFO] Epoch: 119 [25600/50000 (51%)]	 Training Loss: 0.298 ACC: 88.49 CR: 0.89 Avg R1: 4.94 Avg R2: 7.95 Avg Reward: 12.892025
2026-05-17 10:52:53 [INFO] Epoch: 119 [38400/50000 (77%)]	 Training Loss: 0.305 ACC: 88.09 CR: 0.88 Avg R1: 4.93 Avg R2: 7.94 Avg Reward: 12.870738
2026-05-17 10:52:59 [INFO] EPOCH:119, ======================CR:0.87982====================
2026-05-17 10:52:59 [INFO] 0.1805793504705074
2026-05-17 10:53:00 [INFO] EPOCH:119, ======================ACC:68.84====================
2026-05-17 10:53:00 [INFO] BEST EPOCH:118,BEST ACC:70.31
2026-05-17 10:53:07 [INFO] Epoch: 120 [12800/50000 (26%)]	 Training Loss: 0.309 ACC: 88.10 CR: 0.88 Avg R1: 4.88 Avg R2: 7.87 Avg Reward: 12.754001
2026-05-17 10:53:13 [INFO] Epoch: 120 [25600/50000 (51%)]	 Training Loss: 0.299 ACC: 88.34 CR: 0.87 Avg R1: 4.88 Avg R2: 7.85 Avg Reward: 12.729042
2026-05-17 10:53:19 [INFO] Epoch: 120 [38400/50000 (77%)]	 Training Loss: 0.301 ACC: 88.16 CR: 0.87 Avg R1: 4.87 Avg R2: 7.84 Avg Reward: 12.704249
2026-05-17 10:53:25 [INFO] EPOCH:120, ======================CR:0.86784====================
2026-05-17 10:53:25 [INFO] 0.17505983771485634
2026-05-17 10:53:27 [INFO] EPOCH:120, ======================ACC:69.72====================
2026-05-17 10:53:27 [INFO] BEST EPOCH:118,BEST ACC:70.31
2026-05-17 10:53:33 [INFO] Epoch: 121 [12800/50000 (26%)]	 Training Loss: 0.273 ACC: 88.91 CR: 0.86 Avg R1: 4.81 Avg R2: 7.75 Avg Reward: 12.564857
2026-05-17 10:53:39 [INFO] Epoch: 121 [25600/50000 (51%)]	 Training Loss: 0.267 ACC: 89.36 CR: 0.86 Avg R1: 4.79 Avg R2: 7.73 Avg Reward: 12.522374
2026-05-17 10:53:46 [INFO] Epoch: 121 [38400/50000 (77%)]	 Training Loss: 0.270 ACC: 89.15 CR: 0.85 Avg R1: 4.78 Avg R2: 7.70 Avg Reward: 12.480205
2026-05-17 10:53:51 [INFO] EPOCH:121, ======================CR:0.8468====================
2026-05-17 10:53:51 [INFO] 0.1600237556103185
2026-05-17 10:53:53 [INFO] EPOCH:121, ======================ACC:70.85====================
2026-05-17 10:53:53 [INFO] BEST EPOCH:121,BEST ACC:70.85
2026-05-17 10:53:59 [INFO] Epoch: 122 [12800/50000 (26%)]	 Training Loss: 0.260 ACC: 89.77 CR: 0.84 Avg R1: 4.69 Avg R2: 7.56 Avg Reward: 12.254500
2026-05-17 10:54:05 [INFO] Epoch: 122 [25600/50000 (51%)]	 Training Loss: 0.261 ACC: 89.82 CR: 0.84 Avg R1: 4.68 Avg R2: 7.55 Avg Reward: 12.229140
2026-05-17 10:54:12 [INFO] Epoch: 122 [38400/50000 (77%)]	 Training Loss: 0.260 ACC: 89.61 CR: 0.83 Avg R1: 4.67 Avg R2: 7.53 Avg Reward: 12.201034
2026-05-17 10:54:17 [INFO] EPOCH:122, ======================CR:0.83118====================
2026-05-17 10:54:17 [INFO] 0.1649773750501617
2026-05-17 10:54:19 [INFO] EPOCH:122, ======================ACC:70.71====================
2026-05-17 10:54:19 [INFO] BEST EPOCH:121,BEST ACC:70.85
2026-05-17 10:54:26 [INFO] Epoch: 123 [12800/50000 (26%)]	 Training Loss: 0.249 ACC: 89.77 CR: 0.83 Avg R1: 4.62 Avg R2: 7.44 Avg Reward: 12.058716
2026-05-17 10:54:32 [INFO] Epoch: 123 [25600/50000 (51%)]	 Training Loss: 0.248 ACC: 90.01 CR: 0.83 Avg R1: 4.63 Avg R2: 7.44 Avg Reward: 12.068199
2026-05-17 10:54:38 [INFO] Epoch: 123 [38400/50000 (77%)]	 Training Loss: 0.251 ACC: 89.83 CR: 0.83 Avg R1: 4.63 Avg R2: 7.44 Avg Reward: 12.063906
2026-05-17 10:54:44 [INFO] EPOCH:123, ======================CR:0.82768====================
2026-05-17 10:54:44 [INFO] 0.1678860770858134
2026-05-17 10:54:45 [INFO] EPOCH:123, ======================ACC:71.48====================
2026-05-17 10:54:45 [INFO] BEST EPOCH:123,BEST ACC:71.48
2026-05-17 10:54:52 [INFO] Epoch: 124 [12800/50000 (26%)]	 Training Loss: 0.214 ACC: 91.59 CR: 0.82 Avg R1: 4.59 Avg R2: 7.38 Avg Reward: 11.973335
2026-05-17 10:54:58 [INFO] Epoch: 124 [25600/50000 (51%)]	 Training Loss: 0.226 ACC: 91.01 CR: 0.82 Avg R1: 4.58 Avg R2: 7.37 Avg Reward: 11.957446
2026-05-17 10:55:04 [INFO] Epoch: 124 [38400/50000 (77%)]	 Training Loss: 0.234 ACC: 90.43 CR: 0.82 Avg R1: 4.58 Avg R2: 7.37 Avg Reward: 11.947519
2026-05-17 10:55:10 [INFO] EPOCH:124, ======================CR:0.82622====================
2026-05-17 10:55:10 [INFO] 0.16865640170903984
2026-05-17 10:55:12 [INFO] EPOCH:124, ======================ACC:70.47====================
2026-05-17 10:55:12 [INFO] BEST EPOCH:123,BEST ACC:71.48
2026-05-17 10:55:18 [INFO] Epoch: 125 [12800/50000 (26%)]	 Training Loss: 0.253 ACC: 90.19 CR: 0.83 Avg R1: 4.61 Avg R2: 7.40 Avg Reward: 12.006634
2026-05-17 10:55:24 [INFO] Epoch: 125 [25600/50000 (51%)]	 Training Loss: 0.251 ACC: 90.09 CR: 0.84 Avg R1: 4.63 Avg R2: 7.42 Avg Reward: 12.048609
2026-05-17 10:55:31 [INFO] Epoch: 125 [38400/50000 (77%)]	 Training Loss: 0.255 ACC: 89.80 CR: 0.84 Avg R1: 4.64 Avg R2: 7.43 Avg Reward: 12.068507
2026-05-17 10:55:36 [INFO] EPOCH:125, ======================CR:0.8399====================
2026-05-17 10:55:36 [INFO] 0.1792562505112278
2026-05-17 10:55:38 [INFO] EPOCH:125, ======================ACC:70.02====================
2026-05-17 10:55:38 [INFO] BEST EPOCH:123,BEST ACC:71.48
2026-05-17 10:55:45 [INFO] Epoch: 126 [12800/50000 (26%)]	 Training Loss: 0.227 ACC: 90.91 CR: 0.84 Avg R1: 4.66 Avg R2: 7.47 Avg Reward: 12.135892
2026-05-17 10:55:51 [INFO] Epoch: 126 [25600/50000 (51%)]	 Training Loss: 0.231 ACC: 90.80 CR: 0.84 Avg R1: 4.67 Avg R2: 7.47 Avg Reward: 12.139378
2026-05-17 10:55:57 [INFO] Epoch: 126 [38400/50000 (77%)]	 Training Loss: 0.236 ACC: 90.58 CR: 0.85 Avg R1: 4.67 Avg R2: 7.48 Avg Reward: 12.151277
2026-05-17 10:56:03 [INFO] EPOCH:126, ======================CR:0.8491====================
2026-05-17 10:56:03 [INFO] 0.17559461384514807
2026-05-17 10:56:05 [INFO] EPOCH:126, ======================ACC:68.96====================
2026-05-17 10:56:05 [INFO] BEST EPOCH:123,BEST ACC:71.48
2026-05-17 10:56:11 [INFO] Epoch: 127 [12800/50000 (26%)]	 Training Loss: 0.231 ACC: 90.84 CR: 0.85 Avg R1: 4.72 Avg R2: 7.53 Avg Reward: 12.250580
2026-05-17 10:56:17 [INFO] Epoch: 127 [25600/50000 (51%)]	 Training Loss: 0.229 ACC: 90.75 CR: 0.84 Avg R1: 4.71 Avg R2: 7.52 Avg Reward: 12.230358
2026-05-17 10:56:23 [INFO] Epoch: 127 [38400/50000 (77%)]	 Training Loss: 0.238 ACC: 90.55 CR: 0.85 Avg R1: 4.71 Avg R2: 7.51 Avg Reward: 12.215527
2026-05-17 10:56:29 [INFO] EPOCH:127, ======================CR:0.85142====================
2026-05-17 10:56:29 [INFO] 0.18170320194591547
2026-05-17 10:56:31 [INFO] EPOCH:127, ======================ACC:70.32====================
2026-05-17 10:56:31 [INFO] BEST EPOCH:123,BEST ACC:71.48
2026-05-17 10:56:37 [INFO] Epoch: 128 [12800/50000 (26%)]	 Training Loss: 0.228 ACC: 91.09 CR: 0.85 Avg R1: 4.73 Avg R2: 7.54 Avg Reward: 12.262913
2026-05-17 10:56:44 [INFO] Epoch: 128 [25600/50000 (51%)]	 Training Loss: 0.227 ACC: 91.02 CR: 0.85 Avg R1: 4.72 Avg R2: 7.53 Avg Reward: 12.247157
2026-05-17 10:56:50 [INFO] Epoch: 128 [38400/50000 (77%)]	 Training Loss: 0.233 ACC: 90.68 CR: 0.84 Avg R1: 4.71 Avg R2: 7.52 Avg Reward: 12.229656
2026-05-17 10:56:56 [INFO] EPOCH:128, ======================CR:0.84488====================
2026-05-17 10:56:56 [INFO] 0.1635125046879121
2026-05-17 10:56:57 [INFO] EPOCH:128, ======================ACC:71.92====================
2026-05-17 10:56:57 [INFO] BEST EPOCH:128,BEST ACC:71.92
2026-05-17 10:57:04 [INFO] Epoch: 129 [12800/50000 (26%)]	 Training Loss: 0.218 ACC: 91.23 CR: 0.84 Avg R1: 4.69 Avg R2: 7.47 Avg Reward: 12.157705
2026-05-17 10:57:10 [INFO] Epoch: 129 [25600/50000 (51%)]	 Training Loss: 0.216 ACC: 91.23 CR: 0.84 Avg R1: 4.68 Avg R2: 7.46 Avg Reward: 12.142684
2026-05-17 10:57:16 [INFO] Epoch: 129 [38400/50000 (77%)]	 Training Loss: 0.218 ACC: 91.15 CR: 0.84 Avg R1: 4.68 Avg R2: 7.45 Avg Reward: 12.123636
2026-05-17 10:57:22 [INFO] EPOCH:129, ======================CR:0.83612====================
2026-05-17 10:57:22 [INFO] 0.15756177656535497
2026-05-17 10:57:24 [INFO] EPOCH:129, ======================ACC:71.1====================
2026-05-17 10:57:24 [INFO] BEST EPOCH:128,BEST ACC:71.92
2026-05-17 10:57:30 [INFO] Epoch: 130 [12800/50000 (26%)]	 Training Loss: 0.211 ACC: 91.77 CR: 0.83 Avg R1: 4.64 Avg R2: 7.38 Avg Reward: 12.015565
2026-05-17 10:57:37 [INFO] Epoch: 130 [25600/50000 (51%)]	 Training Loss: 0.204 ACC: 91.77 CR: 0.83 Avg R1: 4.62 Avg R2: 7.36 Avg Reward: 11.979486
2026-05-17 10:57:43 [INFO] Epoch: 130 [38400/50000 (77%)]	 Training Loss: 0.206 ACC: 91.65 CR: 0.82 Avg R1: 4.60 Avg R2: 7.33 Avg Reward: 11.932752
2026-05-17 10:57:49 [INFO] EPOCH:130, ======================CR:0.81486====================
2026-05-17 10:57:49 [INFO] 0.1491552559750025
2026-05-17 10:57:50 [INFO] EPOCH:130, ======================ACC:70.83====================
2026-05-17 10:57:50 [INFO] BEST EPOCH:128,BEST ACC:71.92
2026-05-17 10:57:57 [INFO] Epoch: 131 [12800/50000 (26%)]	 Training Loss: 0.197 ACC: 92.22 CR: 0.82 Avg R1: 4.54 Avg R2: 7.23 Avg Reward: 11.764912
2026-05-17 10:58:03 [INFO] Epoch: 131 [25600/50000 (51%)]	 Training Loss: 0.194 ACC: 92.03 CR: 0.82 Avg R1: 4.54 Avg R2: 7.23 Avg Reward: 11.766989
2026-05-17 10:58:09 [INFO] Epoch: 131 [38400/50000 (77%)]	 Training Loss: 0.199 ACC: 91.83 CR: 0.82 Avg R1: 4.54 Avg R2: 7.23 Avg Reward: 11.767894
2026-05-17 10:58:15 [INFO] EPOCH:131, ======================CR:0.82294====================
2026-05-17 10:58:15 [INFO] 0.16823282095690506
2026-05-17 10:58:17 [INFO] EPOCH:131, ======================ACC:70.27====================
2026-05-17 10:58:17 [INFO] BEST EPOCH:128,BEST ACC:71.92
2026-05-17 10:58:23 [INFO] Epoch: 132 [12800/50000 (26%)]	 Training Loss: 0.206 ACC: 92.10 CR: 0.83 Avg R1: 4.58 Avg R2: 7.30 Avg Reward: 11.883549
2026-05-17 10:58:30 [INFO] Epoch: 132 [25600/50000 (51%)]	 Training Loss: 0.202 ACC: 92.12 CR: 0.83 Avg R1: 4.59 Avg R2: 7.31 Avg Reward: 11.903983
2026-05-17 10:58:36 [INFO] Epoch: 132 [38400/50000 (77%)]	 Training Loss: 0.204 ACC: 92.00 CR: 0.84 Avg R1: 4.60 Avg R2: 7.32 Avg Reward: 11.925460
2026-05-17 10:58:42 [INFO] EPOCH:132, ======================CR:0.84188====================
2026-05-17 10:58:42 [INFO] 0.16553370669801687
2026-05-17 10:58:44 [INFO] EPOCH:132, ======================ACC:70.56====================
2026-05-17 10:58:44 [INFO] BEST EPOCH:128,BEST ACC:71.92
2026-05-17 10:58:50 [INFO] Epoch: 133 [12800/50000 (26%)]	 Training Loss: 0.184 ACC: 92.74 CR: 0.84 Avg R1: 4.68 Avg R2: 7.38 Avg Reward: 12.061968
2026-05-17 10:58:56 [INFO] Epoch: 133 [25600/50000 (51%)]	 Training Loss: 0.189 ACC: 92.62 CR: 0.84 Avg R1: 4.68 Avg R2: 7.38 Avg Reward: 12.053629
2026-05-17 10:59:03 [INFO] Epoch: 133 [38400/50000 (77%)]	 Training Loss: 0.195 ACC: 92.29 CR: 0.84 Avg R1: 4.67 Avg R2: 7.37 Avg Reward: 12.032958
2026-05-17 10:59:08 [INFO] EPOCH:133, ======================CR:0.83324====================
2026-05-17 10:59:08 [INFO] 0.15280526303145067
2026-05-17 10:59:10 [INFO] EPOCH:133, ======================ACC:71.22====================
2026-05-17 10:59:10 [INFO] BEST EPOCH:128,BEST ACC:71.92
2026-05-17 10:59:16 [INFO] Epoch: 134 [12800/50000 (26%)]	 Training Loss: 0.178 ACC: 92.84 CR: 0.83 Avg R1: 4.63 Avg R2: 7.30 Avg Reward: 11.929353
2026-05-17 10:59:23 [INFO] Epoch: 134 [25600/50000 (51%)]	 Training Loss: 0.182 ACC: 92.80 CR: 0.83 Avg R1: 4.63 Avg R2: 7.29 Avg Reward: 11.922914
2026-05-17 10:59:29 [INFO] Epoch: 134 [38400/50000 (77%)]	 Training Loss: 0.187 ACC: 92.63 CR: 0.83 Avg R1: 4.62 Avg R2: 7.29 Avg Reward: 11.911902
2026-05-17 10:59:35 [INFO] EPOCH:134, ======================CR:0.82784====================
2026-05-17 10:59:35 [INFO] 0.14200679720647744
2026-05-17 10:59:36 [INFO] EPOCH:134, ======================ACC:71.18====================
2026-05-17 10:59:36 [INFO] BEST EPOCH:128,BEST ACC:71.92
2026-05-17 10:59:43 [INFO] Epoch: 135 [12800/50000 (26%)]	 Training Loss: 0.187 ACC: 92.92 CR: 0.83 Avg R1: 4.60 Avg R2: 7.23 Avg Reward: 11.831423
2026-05-17 10:59:49 [INFO] Epoch: 135 [25600/50000 (51%)]	 Training Loss: 0.182 ACC: 93.04 CR: 0.83 Avg R1: 4.61 Avg R2: 7.24 Avg Reward: 11.850934
2026-05-17 10:59:55 [INFO] Epoch: 135 [38400/50000 (77%)]	 Training Loss: 0.185 ACC: 92.85 CR: 0.83 Avg R1: 4.61 Avg R2: 7.25 Avg Reward: 11.860455
2026-05-17 11:00:01 [INFO] EPOCH:135, ======================CR:0.83688====================
2026-05-17 11:00:01 [INFO] 0.14037132554061818
2026-05-17 11:00:03 [INFO] EPOCH:135, ======================ACC:71.56====================
2026-05-17 11:00:03 [INFO] BEST EPOCH:128,BEST ACC:71.92
2026-05-17 11:00:09 [INFO] Epoch: 136 [12800/50000 (26%)]	 Training Loss: 0.174 ACC: 93.17 CR: 0.84 Avg R1: 4.66 Avg R2: 7.31 Avg Reward: 11.975784
2026-05-17 11:00:16 [INFO] Epoch: 136 [25600/50000 (51%)]	 Training Loss: 0.182 ACC: 93.07 CR: 0.85 Avg R1: 4.68 Avg R2: 7.33 Avg Reward: 12.008711
2026-05-17 11:00:22 [INFO] Epoch: 136 [38400/50000 (77%)]	 Training Loss: 0.187 ACC: 92.82 CR: 0.86 Avg R1: 4.70 Avg R2: 7.36 Avg Reward: 12.060726
2026-05-17 11:00:28 [INFO] EPOCH:136, ======================CR:0.87296====================
2026-05-17 11:00:28 [INFO] 0.14932751235547587
2026-05-17 11:00:29 [INFO] EPOCH:136, ======================ACC:72.47====================
2026-05-17 11:00:29 [INFO] BEST EPOCH:136,BEST ACC:72.47
2026-05-17 11:00:36 [INFO] Epoch: 137 [12800/50000 (26%)]	 Training Loss: 0.180 ACC: 93.51 CR: 0.88 Avg R1: 4.86 Avg R2: 7.56 Avg Reward: 12.427795
2026-05-17 11:00:42 [INFO] Epoch: 137 [25600/50000 (51%)]	 Training Loss: 0.185 ACC: 93.31 CR: 0.88 Avg R1: 4.88 Avg R2: 7.58 Avg Reward: 12.459196
2026-05-17 11:00:48 [INFO] Epoch: 137 [38400/50000 (77%)]	 Training Loss: 0.187 ACC: 93.13 CR: 0.88 Avg R1: 4.89 Avg R2: 7.59 Avg Reward: 12.478914
2026-05-17 11:00:54 [INFO] EPOCH:137, ======================CR:0.88488====================
2026-05-17 11:00:54 [INFO] 0.1396438030952518
2026-05-17 11:00:56 [INFO] EPOCH:137, ======================ACC:72.05====================
2026-05-17 11:00:56 [INFO] BEST EPOCH:136,BEST ACC:72.47
2026-05-17 11:01:02 [INFO] Epoch: 138 [12800/50000 (26%)]	 Training Loss: 0.172 ACC: 93.43 CR: 0.89 Avg R1: 4.92 Avg R2: 7.63 Avg Reward: 12.541861
2026-05-17 11:01:09 [INFO] Epoch: 138 [25600/50000 (51%)]	 Training Loss: 0.180 ACC: 93.26 CR: 0.89 Avg R1: 4.92 Avg R2: 7.63 Avg Reward: 12.551469
2026-05-17 11:01:15 [INFO] Epoch: 138 [38400/50000 (77%)]	 Training Loss: 0.182 ACC: 93.18 CR: 0.89 Avg R1: 4.92 Avg R2: 7.63 Avg Reward: 12.554434
2026-05-17 11:01:20 [INFO] EPOCH:138, ======================CR:0.88872====================
2026-05-17 11:01:20 [INFO] 0.13997319340180925
2026-05-17 11:01:22 [INFO] EPOCH:138, ======================ACC:70.82====================
2026-05-17 11:01:22 [INFO] BEST EPOCH:136,BEST ACC:72.47
2026-05-17 11:01:28 [INFO] Epoch: 139 [12800/50000 (26%)]	 Training Loss: 0.168 ACC: 93.77 CR: 0.88 Avg R1: 4.93 Avg R2: 7.64 Avg Reward: 12.565964
2026-05-17 11:01:35 [INFO] Epoch: 139 [25600/50000 (51%)]	 Training Loss: 0.173 ACC: 93.60 CR: 0.88 Avg R1: 4.92 Avg R2: 7.62 Avg Reward: 12.537609
2026-05-17 11:01:41 [INFO] Epoch: 139 [38400/50000 (77%)]	 Training Loss: 0.178 ACC: 93.41 CR: 0.88 Avg R1: 4.91 Avg R2: 7.61 Avg Reward: 12.518479
2026-05-17 11:01:47 [INFO] EPOCH:139, ======================CR:0.88204====================
2026-05-17 11:01:47 [INFO] 0.13249531227983033
2026-05-17 11:01:48 [INFO] EPOCH:139, ======================ACC:71.02====================
2026-05-17 11:01:48 [INFO] BEST EPOCH:136,BEST ACC:72.47
2026-05-17 11:01:55 [INFO] Epoch: 140 [12800/50000 (26%)]	 Training Loss: 0.171 ACC: 93.91 CR: 0.88 Avg R1: 4.90 Avg R2: 7.58 Avg Reward: 12.481639
2026-05-17 11:02:01 [INFO] Epoch: 140 [25600/50000 (51%)]	 Training Loss: 0.176 ACC: 93.63 CR: 0.89 Avg R1: 4.91 Avg R2: 7.59 Avg Reward: 12.499836
2026-05-17 11:02:07 [INFO] Epoch: 140 [38400/50000 (77%)]	 Training Loss: 0.177 ACC: 93.53 CR: 0.89 Avg R1: 4.92 Avg R2: 7.60 Avg Reward: 12.512287
2026-05-17 11:02:13 [INFO] EPOCH:140, ======================CR:0.89624====================
2026-05-17 11:02:13 [INFO] 0.1322173062876615
2026-05-17 11:02:15 [INFO] EPOCH:140, ======================ACC:72.2====================
2026-05-17 11:02:15 [INFO] BEST EPOCH:136,BEST ACC:72.47
2026-05-17 11:02:15 [INFO] Saving Masks: current CR 0.8962 target CR 0.9000
2026-05-17 11:02:15 [INFO] Updated candidate mask pretrained-rescale_mask_best-acc_90_05171000_resnet18 at epoch 140 with acc 72.2000
2026-05-17 11:02:21 [INFO] Epoch: 141 [12800/50000 (26%)]	 Training Loss: 0.164 ACC: 94.52 CR: 0.90 Avg R1: 4.98 Avg R2: 7.69 Avg Reward: 12.676890
2026-05-17 11:02:28 [INFO] Epoch: 141 [25600/50000 (51%)]	 Training Loss: 0.164 ACC: 94.38 CR: 0.91 Avg R1: 4.91 Avg R2: 7.72 Avg Reward: 12.627922
2026-05-17 11:02:34 [INFO] Epoch: 141 [38400/50000 (77%)]	 Training Loss: 0.165 ACC: 94.22 CR: 0.91 Avg R1: 4.82 Avg R2: 7.74 Avg Reward: 12.554791
2026-05-17 11:02:39 [INFO] EPOCH:141, ======================CR:0.9048====================
2026-05-17 11:02:39 [INFO] 0.13273174815544234
2026-05-17 11:02:41 [INFO] EPOCH:141, ======================ACC:71.9====================
2026-05-17 11:02:41 [INFO] BEST EPOCH:140,BEST ACC:72.47
2026-05-17 11:02:41 [INFO] Saving Masks: current CR 0.9048 target CR 0.9000
2026-05-17 11:02:48 [INFO] Epoch: 142 [12800/50000 (26%)]	 Training Loss: 0.163 ACC: 94.02 CR: 0.90 Avg R1: 4.91 Avg R2: 7.71 Avg Reward: 12.617055
2026-05-17 11:02:54 [INFO] Epoch: 142 [25600/50000 (51%)]	 Training Loss: 0.162 ACC: 93.91 CR: 0.89 Avg R1: 4.94 Avg R2: 7.68 Avg Reward: 12.614826
2026-05-17 11:03:01 [INFO] Epoch: 142 [38400/50000 (77%)]	 Training Loss: 0.159 ACC: 94.16 CR: 0.88 Avg R1: 4.93 Avg R2: 7.65 Avg Reward: 12.579218
2026-05-17 11:03:06 [INFO] EPOCH:142, ======================CR:0.87624====================
2026-05-17 11:03:06 [INFO] 0.1385514719770099
2026-05-17 11:03:08 [INFO] EPOCH:142, ======================ACC:72.17====================
2026-05-17 11:03:08 [INFO] BEST EPOCH:140,BEST ACC:72.47
2026-05-17 11:03:14 [INFO] Epoch: 143 [12800/50000 (26%)]	 Training Loss: 0.150 ACC: 94.42 CR: 0.88 Avg R1: 4.87 Avg R2: 7.49 Avg Reward: 12.359903
2026-05-17 11:03:21 [INFO] Epoch: 143 [25600/50000 (51%)]	 Training Loss: 0.151 ACC: 94.43 CR: 0.88 Avg R1: 4.87 Avg R2: 7.50 Avg Reward: 12.369333
2026-05-17 11:03:27 [INFO] Epoch: 143 [38400/50000 (77%)]	 Training Loss: 0.153 ACC: 94.30 CR: 0.88 Avg R1: 4.87 Avg R2: 7.51 Avg Reward: 12.383178
2026-05-17 11:03:32 [INFO] EPOCH:143, ======================CR:0.8835====================
2026-05-17 11:03:32 [INFO] 0.14249912405767995
2026-05-17 11:03:34 [INFO] EPOCH:143, ======================ACC:72.55====================
2026-05-17 11:03:34 [INFO] BEST EPOCH:143,BEST ACC:72.55
2026-05-17 11:03:40 [INFO] Epoch: 144 [12800/50000 (26%)]	 Training Loss: 0.140 ACC: 95.09 CR: 0.89 Avg R1: 4.92 Avg R2: 7.53 Avg Reward: 12.443313
2026-05-17 11:03:47 [INFO] Epoch: 144 [25600/50000 (51%)]	 Training Loss: 0.142 ACC: 94.91 CR: 0.89 Avg R1: 4.93 Avg R2: 7.53 Avg Reward: 12.456960
2026-05-17 11:03:53 [INFO] Epoch: 144 [38400/50000 (77%)]	 Training Loss: 0.147 ACC: 94.73 CR: 0.89 Avg R1: 4.93 Avg R2: 7.54 Avg Reward: 12.467101
2026-05-17 11:03:59 [INFO] EPOCH:144, ======================CR:0.89112====================
2026-05-17 11:03:59 [INFO] 0.14111233382722135
2026-05-17 11:04:01 [INFO] EPOCH:144, ======================ACC:72.57====================
2026-05-17 11:04:01 [INFO] BEST EPOCH:144,BEST ACC:72.57
2026-05-17 11:04:01 [INFO] Saving Masks: current CR 0.8911 target CR 0.9000
2026-05-17 11:04:01 [INFO] Updated candidate mask pretrained-rescale_mask_best-acc_90_05171000_resnet18 at epoch 144 with acc 72.5700
2026-05-17 11:04:07 [INFO] Epoch: 145 [12800/50000 (26%)]	 Training Loss: 0.143 ACC: 94.70 CR: 0.89 Avg R1: 4.94 Avg R2: 7.54 Avg Reward: 12.482401
2026-05-17 11:04:14 [INFO] Epoch: 145 [25600/50000 (51%)]	 Training Loss: 0.145 ACC: 94.67 CR: 0.89 Avg R1: 4.94 Avg R2: 7.53 Avg Reward: 12.471452
2026-05-17 11:04:20 [INFO] Epoch: 145 [38400/50000 (77%)]	 Training Loss: 0.145 ACC: 94.76 CR: 0.89 Avg R1: 4.94 Avg R2: 7.53 Avg Reward: 12.470456
2026-05-17 11:04:26 [INFO] EPOCH:145, ======================CR:0.8884====================
2026-05-17 11:04:26 [INFO] 0.1348038749958611
2026-05-17 11:04:27 [INFO] EPOCH:145, ======================ACC:71.75====================
2026-05-17 11:04:27 [INFO] BEST EPOCH:144,BEST ACC:72.57
2026-05-17 11:04:34 [INFO] Epoch: 146 [12800/50000 (26%)]	 Training Loss: 0.131 ACC: 95.52 CR: 0.89 Avg R1: 4.94 Avg R2: 7.52 Avg Reward: 12.462726
2026-05-17 11:04:40 [INFO] Epoch: 146 [25600/50000 (51%)]	 Training Loss: 0.134 ACC: 95.27 CR: 0.89 Avg R1: 4.95 Avg R2: 7.53 Avg Reward: 12.479613
2026-05-17 11:04:46 [INFO] Epoch: 146 [38400/50000 (77%)]	 Training Loss: 0.139 ACC: 95.09 CR: 0.90 Avg R1: 4.95 Avg R2: 7.54 Avg Reward: 12.494800
2026-05-17 11:04:52 [INFO] EPOCH:146, ======================CR:0.89884====================
2026-05-17 11:04:52 [INFO] 0.13263797846767983
2026-05-17 11:04:54 [INFO] EPOCH:146, ======================ACC:73.11====================
2026-05-17 11:04:54 [INFO] BEST EPOCH:146,BEST ACC:73.11
2026-05-17 11:04:54 [INFO] Saving Masks: current CR 0.8988 target CR 0.9000
2026-05-17 11:04:54 [INFO] Updated candidate mask pretrained-rescale_mask_best-acc_90_05171000_resnet18 at epoch 146 with acc 73.1100
2026-05-17 11:05:00 [INFO] Epoch: 147 [12800/50000 (26%)]	 Training Loss: 0.135 ACC: 95.23 CR: 0.90 Avg R1: 4.99 Avg R2: 7.57 Avg Reward: 12.562174
2026-05-17 11:05:06 [INFO] Epoch: 147 [25600/50000 (51%)]	 Training Loss: 0.130 ACC: 95.54 CR: 0.90 Avg R1: 4.94 Avg R2: 7.58 Avg Reward: 12.522529
2026-05-17 11:05:12 [INFO] Epoch: 147 [38400/50000 (77%)]	 Training Loss: 0.130 ACC: 95.46 CR: 0.90 Avg R1: 4.91 Avg R2: 7.59 Avg Reward: 12.495002
2026-05-17 11:05:18 [INFO] EPOCH:147, ======================CR:0.90568====================
2026-05-17 11:05:18 [INFO] 0.1455926863590356
2026-05-17 11:05:20 [INFO] EPOCH:147, ======================ACC:73.99====================
2026-05-17 11:05:20 [INFO] BEST EPOCH:147,BEST ACC:73.99
2026-05-17 11:05:20 [INFO] Saving Masks: current CR 0.9057 target CR 0.9000
2026-05-17 11:05:20 [INFO] Updated candidate mask pretrained-rescale_mask_best-acc_90_05171000_resnet18 at epoch 147 with acc 73.9900
2026-05-17 11:05:26 [INFO] Epoch: 148 [12800/50000 (26%)]	 Training Loss: 0.131 ACC: 95.43 CR: 0.91 Avg R1: 4.69 Avg R2: 7.60 Avg Reward: 12.286950
2026-05-17 11:05:32 [INFO] Epoch: 148 [25600/50000 (51%)]	 Training Loss: 0.132 ACC: 95.49 CR: 0.91 Avg R1: 4.63 Avg R2: 7.60 Avg Reward: 12.230762
2026-05-17 11:05:39 [INFO] Epoch: 148 [38400/50000 (77%)]	 Training Loss: 0.131 ACC: 95.44 CR: 0.91 Avg R1: 4.57 Avg R2: 7.61 Avg Reward: 12.182794
2026-05-17 11:05:45 [INFO] EPOCH:148, ======================CR:0.90704====================
2026-05-17 11:05:45 [INFO] 0.1472627565332694
2026-05-17 11:05:46 [INFO] EPOCH:148, ======================ACC:73.25====================
2026-05-17 11:05:46 [INFO] BEST EPOCH:147,BEST ACC:73.99
2026-05-17 11:05:46 [INFO] Saving Masks: current CR 0.9070 target CR 0.9000
2026-05-17 11:05:53 [INFO] Epoch: 149 [12800/50000 (26%)]	 Training Loss: 0.116 ACC: 95.92 CR: 0.90 Avg R1: 4.84 Avg R2: 7.54 Avg Reward: 12.383951
2026-05-17 11:05:59 [INFO] Epoch: 149 [25600/50000 (51%)]	 Training Loss: 0.112 ACC: 95.93 CR: 0.89 Avg R1: 4.90 Avg R2: 7.50 Avg Reward: 12.397235
2026-05-17 11:06:05 [INFO] Epoch: 149 [38400/50000 (77%)]	 Training Loss: 0.113 ACC: 95.83 CR: 0.87 Avg R1: 4.89 Avg R2: 7.44 Avg Reward: 12.331899
2026-05-17 11:06:11 [INFO] EPOCH:149, ======================CR:0.85604====================
2026-05-17 11:06:11 [INFO] 0.13354286305667568
2026-05-17 11:06:13 [INFO] EPOCH:149, ======================ACC:73.74====================
2026-05-17 11:06:13 [INFO] BEST EPOCH:147,BEST ACC:73.99
2026-05-17 11:06:19 [INFO] Epoch: 150 [12800/50000 (26%)]	 Training Loss: 0.110 ACC: 96.15 CR: 0.86 Avg R1: 4.76 Avg R2: 7.14 Avg Reward: 11.902131
2026-05-17 11:06:25 [INFO] Epoch: 150 [25600/50000 (51%)]	 Training Loss: 0.111 ACC: 96.04 CR: 0.86 Avg R1: 4.77 Avg R2: 7.15 Avg Reward: 11.919588
2026-05-17 11:06:32 [INFO] Epoch: 150 [38400/50000 (77%)]	 Training Loss: 0.111 ACC: 96.07 CR: 0.86 Avg R1: 4.78 Avg R2: 7.16 Avg Reward: 11.938808
2026-05-17 11:06:38 [INFO] EPOCH:150, ======================CR:0.86854====================
2026-05-17 11:06:38 [INFO] 0.1400053519295766
2026-05-17 11:06:39 [INFO] EPOCH:150, ======================ACC:74.13====================
2026-05-17 11:06:39 [INFO] BEST EPOCH:150,BEST ACC:74.13
2026-05-17 11:06:46 [INFO] Epoch: 151 [12800/50000 (26%)]	 Training Loss: 0.102 ACC: 96.52 CR: 0.87 Avg R1: 4.83 Avg R2: 7.21 Avg Reward: 12.038065
2026-05-17 11:06:52 [INFO] Epoch: 151 [25600/50000 (51%)]	 Training Loss: 0.102 ACC: 96.47 CR: 0.87 Avg R1: 4.83 Avg R2: 7.21 Avg Reward: 12.041090
2026-05-17 11:06:58 [INFO] Epoch: 151 [38400/50000 (77%)]	 Training Loss: 0.103 ACC: 96.46 CR: 0.87 Avg R1: 4.83 Avg R2: 7.21 Avg Reward: 12.045055
2026-05-17 11:07:04 [INFO] EPOCH:151, ======================CR:0.87332====================
2026-05-17 11:07:04 [INFO] 0.14070367936852324
2026-05-17 11:07:06 [INFO] EPOCH:151, ======================ACC:74.29====================
2026-05-17 11:07:06 [INFO] BEST EPOCH:151,BEST ACC:74.29
2026-05-17 11:07:12 [INFO] Epoch: 152 [12800/50000 (26%)]	 Training Loss: 0.102 ACC: 96.60 CR: 0.87 Avg R1: 4.85 Avg R2: 7.18 Avg Reward: 12.027803
2026-05-17 11:07:18 [INFO] Epoch: 152 [25600/50000 (51%)]	 Training Loss: 0.098 ACC: 96.61 CR: 0.87 Avg R1: 4.85 Avg R2: 7.17 Avg Reward: 12.019884
2026-05-17 11:07:25 [INFO] Epoch: 152 [38400/50000 (77%)]	 Training Loss: 0.099 ACC: 96.57 CR: 0.87 Avg R1: 4.85 Avg R2: 7.17 Avg Reward: 12.012045
2026-05-17 11:07:31 [INFO] EPOCH:152, ======================CR:0.86858====================
2026-05-17 11:07:31 [INFO] 0.13181080713223403
2026-05-17 11:07:32 [INFO] EPOCH:152, ======================ACC:74.0====================
2026-05-17 11:07:32 [INFO] BEST EPOCH:151,BEST ACC:74.29
2026-05-17 11:07:39 [INFO] Epoch: 153 [12800/50000 (26%)]	 Training Loss: 0.096 ACC: 96.67 CR: 0.87 Avg R1: 4.82 Avg R2: 7.11 Avg Reward: 11.934344
2026-05-17 11:07:45 [INFO] Epoch: 153 [25600/50000 (51%)]	 Training Loss: 0.094 ACC: 96.70 CR: 0.86 Avg R1: 4.81 Avg R2: 7.10 Avg Reward: 11.914726
2026-05-17 11:07:51 [INFO] Epoch: 153 [38400/50000 (77%)]	 Training Loss: 0.095 ACC: 96.62 CR: 0.86 Avg R1: 4.80 Avg R2: 7.09 Avg Reward: 11.891984
2026-05-17 11:07:57 [INFO] EPOCH:153, ======================CR:0.85248====================
2026-05-17 11:07:57 [INFO] 0.12642749145554003
2026-05-17 11:07:59 [INFO] EPOCH:153, ======================ACC:74.45====================
2026-05-17 11:07:59 [INFO] BEST EPOCH:153,BEST ACC:74.45
2026-05-17 11:08:05 [INFO] Epoch: 154 [12800/50000 (26%)]	 Training Loss: 0.091 ACC: 96.87 CR: 0.85 Avg R1: 4.73 Avg R2: 6.97 Avg Reward: 11.695861
2026-05-17 11:08:11 [INFO] Epoch: 154 [25600/50000 (51%)]	 Training Loss: 0.088 ACC: 96.96 CR: 0.85 Avg R1: 4.73 Avg R2: 6.96 Avg Reward: 11.692658
2026-05-17 11:08:18 [INFO] Epoch: 154 [38400/50000 (77%)]	 Training Loss: 0.089 ACC: 96.91 CR: 0.85 Avg R1: 4.73 Avg R2: 6.96 Avg Reward: 11.683162
2026-05-17 11:08:24 [INFO] EPOCH:154, ======================CR:0.8447====================
2026-05-17 11:08:24 [INFO] 0.13348228125445988
2026-05-17 11:08:25 [INFO] EPOCH:154, ======================ACC:75.33====================
2026-05-17 11:08:25 [INFO] BEST EPOCH:154,BEST ACC:75.33
2026-05-17 11:08:32 [INFO] Epoch: 155 [12800/50000 (26%)]	 Training Loss: 0.080 ACC: 97.12 CR: 0.84 Avg R1: 4.68 Avg R2: 6.85 Avg Reward: 11.536418
2026-05-17 11:08:38 [INFO] Epoch: 155 [25600/50000 (51%)]	 Training Loss: 0.080 ACC: 97.12 CR: 0.84 Avg R1: 4.68 Avg R2: 6.85 Avg Reward: 11.525693
2026-05-17 11:08:45 [INFO] Epoch: 155 [38400/50000 (77%)]	 Training Loss: 0.080 ACC: 97.21 CR: 0.84 Avg R1: 4.68 Avg R2: 6.84 Avg Reward: 11.518049
2026-05-17 11:08:50 [INFO] EPOCH:155, ======================CR:0.83954====================
2026-05-17 11:08:50 [INFO] 0.12485916986929273
2026-05-17 11:08:52 [INFO] EPOCH:155, ======================ACC:74.94====================
2026-05-17 11:08:52 [INFO] BEST EPOCH:154,BEST ACC:75.33
2026-05-17 11:08:58 [INFO] Epoch: 156 [12800/50000 (26%)]	 Training Loss: 0.075 ACC: 97.46 CR: 0.84 Avg R1: 4.67 Avg R2: 6.78 Avg Reward: 11.444481
2026-05-17 11:09:05 [INFO] Epoch: 156 [25600/50000 (51%)]	 Training Loss: 0.075 ACC: 97.54 CR: 0.84 Avg R1: 4.67 Avg R2: 6.78 Avg Reward: 11.447803
2026-05-17 11:09:11 [INFO] Epoch: 156 [38400/50000 (77%)]	 Training Loss: 0.077 ACC: 97.40 CR: 0.84 Avg R1: 4.67 Avg R2: 6.78 Avg Reward: 11.448576
2026-05-17 11:09:17 [INFO] EPOCH:156, ======================CR:0.84042====================
2026-05-17 11:09:17 [INFO] 0.12539632981342924
2026-05-17 11:09:19 [INFO] EPOCH:156, ======================ACC:74.71====================
2026-05-17 11:09:19 [INFO] BEST EPOCH:154,BEST ACC:75.33
2026-05-17 11:09:25 [INFO] Epoch: 157 [12800/50000 (26%)]	 Training Loss: 0.081 ACC: 97.28 CR: 0.84 Avg R1: 4.68 Avg R2: 6.76 Avg Reward: 11.436515
2026-05-17 11:09:31 [INFO] Epoch: 157 [25600/50000 (51%)]	 Training Loss: 0.078 ACC: 97.37 CR: 0.85 Avg R1: 4.69 Avg R2: 6.77 Avg Reward: 11.461659
2026-05-17 11:09:38 [INFO] Epoch: 157 [38400/50000 (77%)]	 Training Loss: 0.078 ACC: 97.40 CR: 0.85 Avg R1: 4.70 Avg R2: 6.79 Avg Reward: 11.488923
2026-05-17 11:09:43 [INFO] EPOCH:157, ======================CR:0.86038====================
2026-05-17 11:09:43 [INFO] 0.1280332433489282
2026-05-17 11:09:45 [INFO] EPOCH:157, ======================ACC:74.88====================
2026-05-17 11:09:45 [INFO] BEST EPOCH:154,BEST ACC:75.33
2026-05-17 11:09:52 [INFO] Epoch: 158 [12800/50000 (26%)]	 Training Loss: 0.075 ACC: 97.38 CR: 0.86 Avg R1: 4.78 Avg R2: 6.85 Avg Reward: 11.633735
2026-05-17 11:09:58 [INFO] Epoch: 158 [25600/50000 (51%)]	 Training Loss: 0.072 ACC: 97.62 CR: 0.86 Avg R1: 4.77 Avg R2: 6.84 Avg Reward: 11.617711
2026-05-17 11:10:04 [INFO] Epoch: 158 [38400/50000 (77%)]	 Training Loss: 0.071 ACC: 97.65 CR: 0.85 Avg R1: 4.76 Avg R2: 6.83 Avg Reward: 11.599102
2026-05-17 11:10:10 [INFO] EPOCH:158, ======================CR:0.84822====================
2026-05-17 11:10:10 [INFO] 0.13242013784288623
2026-05-17 11:10:11 [INFO] EPOCH:158, ======================ACC:75.57====================
2026-05-17 11:10:11 [INFO] BEST EPOCH:158,BEST ACC:75.57
2026-05-17 11:10:18 [INFO] Epoch: 159 [12800/50000 (26%)]	 Training Loss: 0.066 ACC: 97.84 CR: 0.85 Avg R1: 4.71 Avg R2: 6.72 Avg Reward: 11.431455
2026-05-17 11:10:24 [INFO] Epoch: 159 [25600/50000 (51%)]	 Training Loss: 0.067 ACC: 97.73 CR: 0.85 Avg R1: 4.71 Avg R2: 6.72 Avg Reward: 11.424476
2026-05-17 11:10:30 [INFO] Epoch: 159 [38400/50000 (77%)]	 Training Loss: 0.068 ACC: 97.76 CR: 0.85 Avg R1: 4.71 Avg R2: 6.72 Avg Reward: 11.426349
2026-05-17 11:10:36 [INFO] EPOCH:159, ======================CR:0.85042====================
2026-05-17 11:10:36 [INFO] 0.13501922339473577
2026-05-17 11:10:38 [INFO] EPOCH:159, ======================ACC:74.69====================
2026-05-17 11:10:38 [INFO] BEST EPOCH:158,BEST ACC:75.57
2026-05-17 11:10:44 [INFO] Epoch: 160 [12800/50000 (26%)]	 Training Loss: 0.069 ACC: 97.78 CR: 0.85 Avg R1: 4.73 Avg R2: 6.72 Avg Reward: 11.455795
2026-05-17 11:10:50 [INFO] Epoch: 160 [25600/50000 (51%)]	 Training Loss: 0.067 ACC: 97.79 CR: 0.85 Avg R1: 4.73 Avg R2: 6.72 Avg Reward: 11.452698
2026-05-17 11:10:57 [INFO] Epoch: 160 [38400/50000 (77%)]	 Training Loss: 0.068 ACC: 97.79 CR: 0.85 Avg R1: 4.73 Avg R2: 6.72 Avg Reward: 11.448640
2026-05-17 11:11:02 [INFO] EPOCH:160, ======================CR:0.85234====================
2026-05-17 11:11:02 [INFO] 0.13343602566959611
2026-05-17 11:11:04 [INFO] EPOCH:160, ======================ACC:75.5====================
2026-05-17 11:11:04 [INFO] BEST EPOCH:158,BEST ACC:75.57
2026-05-17 11:11:10 [INFO] Epoch: 161 [12800/50000 (26%)]	 Training Loss: 0.062 ACC: 98.09 CR: 0.85 Avg R1: 4.74 Avg R2: 6.68 Avg Reward: 11.413366
2026-05-17 11:11:17 [INFO] Epoch: 161 [25600/50000 (51%)]	 Training Loss: 0.065 ACC: 97.91 CR: 0.85 Avg R1: 4.74 Avg R2: 6.68 Avg Reward: 11.423954
2026-05-17 11:11:23 [INFO] Epoch: 161 [38400/50000 (77%)]	 Training Loss: 0.066 ACC: 97.89 CR: 0.86 Avg R1: 4.75 Avg R2: 6.69 Avg Reward: 11.432451
2026-05-17 11:11:29 [INFO] EPOCH:161, ======================CR:0.85946====================
2026-05-17 11:11:29 [INFO] 0.144116617218044
2026-05-17 11:11:30 [INFO] EPOCH:161, ======================ACC:75.25====================
2026-05-17 11:11:30 [INFO] BEST EPOCH:158,BEST ACC:75.57
2026-05-17 11:11:37 [INFO] Epoch: 162 [12800/50000 (26%)]	 Training Loss: 0.064 ACC: 98.06 CR: 0.86 Avg R1: 4.77 Avg R2: 6.68 Avg Reward: 11.449142
2026-05-17 11:11:43 [INFO] Epoch: 162 [25600/50000 (51%)]	 Training Loss: 0.060 ACC: 98.18 CR: 0.85 Avg R1: 4.76 Avg R2: 6.67 Avg Reward: 11.430043
2026-05-17 11:11:50 [INFO] Epoch: 162 [38400/50000 (77%)]	 Training Loss: 0.060 ACC: 98.16 CR: 0.85 Avg R1: 4.75 Avg R2: 6.66 Avg Reward: 11.414892
2026-05-17 11:11:55 [INFO] EPOCH:162, ======================CR:0.85332====================
2026-05-17 11:11:55 [INFO] 0.1279669042888547
2026-05-17 11:11:57 [INFO] EPOCH:162, ======================ACC:75.3====================
2026-05-17 11:11:57 [INFO] BEST EPOCH:158,BEST ACC:75.57
2026-05-17 11:12:03 [INFO] Epoch: 163 [12800/50000 (26%)]	 Training Loss: 0.056 ACC: 98.22 CR: 0.85 Avg R1: 4.74 Avg R2: 6.59 Avg Reward: 11.337421
2026-05-17 11:12:09 [INFO] Epoch: 163 [25600/50000 (51%)]	 Training Loss: 0.057 ACC: 98.25 CR: 0.86 Avg R1: 4.75 Avg R2: 6.60 Avg Reward: 11.345711
2026-05-17 11:12:16 [INFO] Epoch: 163 [38400/50000 (77%)]	 Training Loss: 0.057 ACC: 98.28 CR: 0.86 Avg R1: 4.76 Avg R2: 6.60 Avg Reward: 11.361227
2026-05-17 11:12:21 [INFO] EPOCH:163, ======================CR:0.86308====================
2026-05-17 11:12:21 [INFO] 0.1350560993080582
2026-05-17 11:12:23 [INFO] EPOCH:163, ======================ACC:75.79====================
2026-05-17 11:12:23 [INFO] BEST EPOCH:163,BEST ACC:75.79
2026-05-17 11:12:29 [INFO] Epoch: 164 [12800/50000 (26%)]	 Training Loss: 0.058 ACC: 98.19 CR: 0.86 Avg R1: 4.80 Avg R2: 6.65 Avg Reward: 11.447401
2026-05-17 11:12:36 [INFO] Epoch: 164 [25600/50000 (51%)]	 Training Loss: 0.059 ACC: 98.25 CR: 0.87 Avg R1: 4.80 Avg R2: 6.65 Avg Reward: 11.450929
2026-05-17 11:12:42 [INFO] Epoch: 164 [38400/50000 (77%)]	 Training Loss: 0.059 ACC: 98.25 CR: 0.87 Avg R1: 4.80 Avg R2: 6.66 Avg Reward: 11.463577
2026-05-17 11:12:48 [INFO] EPOCH:164, ======================CR:0.87066====================
2026-05-17 11:12:48 [INFO] 0.1441316085534531
2026-05-17 11:12:50 [INFO] EPOCH:164, ======================ACC:76.36====================
2026-05-17 11:12:50 [INFO] BEST EPOCH:164,BEST ACC:76.36
2026-05-17 11:12:56 [INFO] Epoch: 165 [12800/50000 (26%)]	 Training Loss: 0.055 ACC: 98.41 CR: 0.87 Avg R1: 4.85 Avg R2: 6.69 Avg Reward: 11.538392
2026-05-17 11:13:02 [INFO] Epoch: 165 [25600/50000 (51%)]	 Training Loss: 0.055 ACC: 98.41 CR: 0.88 Avg R1: 4.86 Avg R2: 6.70 Avg Reward: 11.551370
2026-05-17 11:13:09 [INFO] Epoch: 165 [38400/50000 (77%)]	 Training Loss: 0.056 ACC: 98.37 CR: 0.88 Avg R1: 4.86 Avg R2: 6.71 Avg Reward: 11.568285
2026-05-17 11:13:14 [INFO] EPOCH:165, ======================CR:0.88546====================
2026-05-17 11:13:14 [INFO] 0.1310345543170968
2026-05-17 11:13:16 [INFO] EPOCH:165, ======================ACC:76.18====================
2026-05-17 11:13:16 [INFO] BEST EPOCH:164,BEST ACC:76.36
2026-05-17 11:13:22 [INFO] Epoch: 166 [12800/50000 (26%)]	 Training Loss: 0.053 ACC: 98.55 CR: 0.88 Avg R1: 4.92 Avg R2: 6.72 Avg Reward: 11.641033
2026-05-17 11:13:29 [INFO] Epoch: 166 [25600/50000 (51%)]	 Training Loss: 0.052 ACC: 98.52 CR: 0.88 Avg R1: 4.92 Avg R2: 6.72 Avg Reward: 11.638452
2026-05-17 11:13:35 [INFO] Epoch: 166 [38400/50000 (77%)]	 Training Loss: 0.052 ACC: 98.53 CR: 0.88 Avg R1: 4.92 Avg R2: 6.72 Avg Reward: 11.633085
2026-05-17 11:13:41 [INFO] EPOCH:166, ======================CR:0.88352====================
2026-05-17 11:13:41 [INFO] 0.14669659635036833
2026-05-17 11:13:42 [INFO] EPOCH:166, ======================ACC:76.42====================
2026-05-17 11:13:42 [INFO] BEST EPOCH:166,BEST ACC:76.42
2026-05-17 11:13:49 [INFO] Epoch: 167 [12800/50000 (26%)]	 Training Loss: 0.050 ACC: 98.53 CR: 0.89 Avg R1: 4.92 Avg R2: 6.68 Avg Reward: 11.594330
2026-05-17 11:13:55 [INFO] Epoch: 167 [25600/50000 (51%)]	 Training Loss: 0.049 ACC: 98.58 CR: 0.89 Avg R1: 4.93 Avg R2: 6.69 Avg Reward: 11.619210
2026-05-17 11:14:01 [INFO] Epoch: 167 [38400/50000 (77%)]	 Training Loss: 0.050 ACC: 98.49 CR: 0.89 Avg R1: 4.94 Avg R2: 6.71 Avg Reward: 11.645480
2026-05-17 11:14:07 [INFO] EPOCH:167, ======================CR:0.89762====================
2026-05-17 11:14:07 [INFO] 0.1481618219781128
2026-05-17 11:14:09 [INFO] EPOCH:167, ======================ACC:76.42====================
2026-05-17 11:14:09 [INFO] BEST EPOCH:167,BEST ACC:76.42
2026-05-17 11:14:09 [INFO] Saving Masks: current CR 0.8976 target CR 0.9000
2026-05-17 11:14:09 [INFO] Updated candidate mask pretrained-rescale_mask_best-acc_90_05171000_resnet18 at epoch 167 with acc 76.4200
2026-05-17 11:14:15 [INFO] Epoch: 168 [12800/50000 (26%)]	 Training Loss: 0.047 ACC: 98.74 CR: 0.90 Avg R1: 4.99 Avg R2: 6.75 Avg Reward: 11.743931
2026-05-17 11:14:22 [INFO] Epoch: 168 [25600/50000 (51%)]	 Training Loss: 0.049 ACC: 98.69 CR: 0.90 Avg R1: 4.99 Avg R2: 6.75 Avg Reward: 11.749300
2026-05-17 11:14:28 [INFO] Epoch: 168 [38400/50000 (77%)]	 Training Loss: 0.047 ACC: 98.74 CR: 0.90 Avg R1: 5.00 Avg R2: 6.76 Avg Reward: 11.751480
2026-05-17 11:14:33 [INFO] EPOCH:168, ======================CR:0.9002====================
2026-05-17 11:14:33 [INFO] 0.14348318381971017
2026-05-17 11:14:35 [INFO] EPOCH:168, ======================ACC:76.53====================
2026-05-17 11:14:35 [INFO] BEST EPOCH:168,BEST ACC:76.53
2026-05-17 11:14:35 [INFO] Saving Masks: current CR 0.9002 target CR 0.9000
2026-05-17 11:14:35 [INFO] Updated candidate mask pretrained-rescale_mask_best-acc_90_05171000_resnet18 at epoch 168 with acc 76.5300
2026-05-17 11:14:42 [INFO] Epoch: 169 [12800/50000 (26%)]	 Training Loss: 0.046 ACC: 98.68 CR: 0.90 Avg R1: 4.99 Avg R2: 6.72 Avg Reward: 11.707264
2026-05-17 11:14:48 [INFO] Epoch: 169 [25600/50000 (51%)]	 Training Loss: 0.046 ACC: 98.73 CR: 0.90 Avg R1: 4.99 Avg R2: 6.72 Avg Reward: 11.703098
2026-05-17 11:14:54 [INFO] Epoch: 169 [38400/50000 (77%)]	 Training Loss: 0.046 ACC: 98.76 CR: 0.89 Avg R1: 4.98 Avg R2: 6.71 Avg Reward: 11.688245
2026-05-17 11:15:00 [INFO] EPOCH:169, ======================CR:0.8913====================
2026-05-17 11:15:00 [INFO] 0.14900838465897331
2026-05-17 11:15:02 [INFO] EPOCH:169, ======================ACC:76.54====================
2026-05-17 11:15:02 [INFO] BEST EPOCH:169,BEST ACC:76.54
2026-05-17 11:15:02 [INFO] Saving Masks: current CR 0.8913 target CR 0.9000
2026-05-17 11:15:02 [INFO] Updated candidate mask pretrained-rescale_mask_best-acc_90_05171000_resnet18 at epoch 169 with acc 76.5400
2026-05-17 11:15:09 [INFO] Epoch: 170 [12800/50000 (26%)]	 Training Loss: 0.043 ACC: 98.74 CR: 0.89 Avg R1: 4.95 Avg R2: 6.63 Avg Reward: 11.583700
2026-05-17 11:15:15 [INFO] Epoch: 170 [25600/50000 (51%)]	 Training Loss: 0.043 ACC: 98.80 CR: 0.89 Avg R1: 4.95 Avg R2: 6.63 Avg Reward: 11.583706
2026-05-17 11:15:21 [INFO] Epoch: 170 [38400/50000 (77%)]	 Training Loss: 0.044 ACC: 98.77 CR: 0.89 Avg R1: 4.95 Avg R2: 6.64 Avg Reward: 11.588254
2026-05-17 11:15:27 [INFO] EPOCH:170, ======================CR:0.8958====================
2026-05-17 11:15:27 [INFO] 0.14463981322364025
2026-05-17 11:15:29 [INFO] EPOCH:170, ======================ACC:76.36====================
2026-05-17 11:15:29 [INFO] BEST EPOCH:169,BEST ACC:76.54
2026-05-17 11:15:29 [INFO] Saving Masks: current CR 0.8958 target CR 0.9000
2026-05-17 11:15:35 [INFO] Epoch: 171 [12800/50000 (26%)]	 Training Loss: 0.044 ACC: 98.80 CR: 0.90 Avg R1: 4.98 Avg R2: 6.63 Avg Reward: 11.615484
2026-05-17 11:15:41 [INFO] Epoch: 171 [25600/50000 (51%)]	 Training Loss: 0.043 ACC: 98.87 CR: 0.90 Avg R1: 4.99 Avg R2: 6.64 Avg Reward: 11.623514
2026-05-17 11:15:48 [INFO] Epoch: 171 [38400/50000 (77%)]	 Training Loss: 0.043 ACC: 98.86 CR: 0.90 Avg R1: 4.98 Avg R2: 6.64 Avg Reward: 11.623226
2026-05-17 11:15:53 [INFO] EPOCH:171, ======================CR:0.90034====================
2026-05-17 11:15:53 [INFO] 0.14168307023931279
2026-05-17 11:15:55 [INFO] EPOCH:171, ======================ACC:76.39====================
2026-05-17 11:15:55 [INFO] BEST EPOCH:169,BEST ACC:76.54
2026-05-17 11:15:55 [INFO] Saving Masks: current CR 0.9003 target CR 0.9000
2026-05-17 11:16:01 [INFO] Epoch: 172 [12800/50000 (26%)]	 Training Loss: 0.039 ACC: 99.08 CR: 0.89 Avg R1: 4.98 Avg R2: 6.58 Avg Reward: 11.566931
2026-05-17 11:16:08 [INFO] Epoch: 172 [25600/50000 (51%)]	 Training Loss: 0.039 ACC: 99.05 CR: 0.89 Avg R1: 4.97 Avg R2: 6.56 Avg Reward: 11.532161
2026-05-17 11:16:14 [INFO] Epoch: 172 [38400/50000 (77%)]	 Training Loss: 0.039 ACC: 99.01 CR: 0.88 Avg R1: 4.95 Avg R2: 6.55 Avg Reward: 11.500032
2026-05-17 11:16:20 [INFO] EPOCH:172, ======================CR:0.88068====================
2026-05-17 11:16:20 [INFO] 0.14588279828020817
2026-05-17 11:16:22 [INFO] EPOCH:172, ======================ACC:76.63====================
2026-05-17 11:16:22 [INFO] BEST EPOCH:172,BEST ACC:76.63
2026-05-17 11:16:28 [INFO] Epoch: 173 [12800/50000 (26%)]	 Training Loss: 0.038 ACC: 99.10 CR: 0.88 Avg R1: 4.90 Avg R2: 6.45 Avg Reward: 11.349218
2026-05-17 11:16:34 [INFO] Epoch: 173 [25600/50000 (51%)]	 Training Loss: 0.038 ACC: 99.00 CR: 0.88 Avg R1: 4.90 Avg R2: 6.46 Avg Reward: 11.362181
2026-05-17 11:16:41 [INFO] Epoch: 173 [38400/50000 (77%)]	 Training Loss: 0.038 ACC: 99.01 CR: 0.89 Avg R1: 4.91 Avg R2: 6.47 Avg Reward: 11.376310
2026-05-17 11:16:46 [INFO] EPOCH:173, ======================CR:0.88974====================
2026-05-17 11:16:46 [INFO] 0.14277094475007648
2026-05-17 11:16:48 [INFO] EPOCH:173, ======================ACC:76.5====================
2026-05-17 11:16:48 [INFO] BEST EPOCH:172,BEST ACC:76.63
2026-05-17 11:16:54 [INFO] Epoch: 174 [12800/50000 (26%)]	 Training Loss: 0.037 ACC: 99.06 CR: 0.89 Avg R1: 4.94 Avg R2: 6.48 Avg Reward: 11.425930
2026-05-17 11:17:01 [INFO] Epoch: 174 [25600/50000 (51%)]	 Training Loss: 0.037 ACC: 99.09 CR: 0.89 Avg R1: 4.95 Avg R2: 6.48 Avg Reward: 11.431276
2026-05-17 11:17:07 [INFO] Epoch: 174 [38400/50000 (77%)]	 Training Loss: 0.038 ACC: 99.03 CR: 0.89 Avg R1: 4.95 Avg R2: 6.49 Avg Reward: 11.438181
2026-05-17 11:17:12 [INFO] EPOCH:174, ======================CR:0.89534====================
2026-05-17 11:17:12 [INFO] 0.14336777731837583
2026-05-17 11:17:14 [INFO] EPOCH:174, ======================ACC:76.63====================
2026-05-17 11:17:14 [INFO] BEST EPOCH:174,BEST ACC:76.63
2026-05-17 11:17:14 [INFO] Saving Masks: current CR 0.8953 target CR 0.9000
2026-05-17 11:17:14 [INFO] Updated candidate mask pretrained-rescale_mask_best-acc_90_05171000_resnet18 at epoch 174 with acc 76.6300
2026-05-17 11:17:21 [INFO] Epoch: 175 [12800/50000 (26%)]	 Training Loss: 0.035 ACC: 99.17 CR: 0.90 Avg R1: 4.98 Avg R2: 6.52 Avg Reward: 11.495846
2026-05-17 11:17:27 [INFO] Epoch: 175 [25600/50000 (51%)]	 Training Loss: 0.036 ACC: 99.10 CR: 0.90 Avg R1: 4.97 Avg R2: 6.53 Avg Reward: 11.502101
2026-05-17 11:17:33 [INFO] Epoch: 175 [38400/50000 (77%)]	 Training Loss: 0.037 ACC: 99.09 CR: 0.91 Avg R1: 4.92 Avg R2: 6.54 Avg Reward: 11.464221
2026-05-17 11:17:39 [INFO] EPOCH:175, ======================CR:0.90824====================
2026-05-17 11:17:39 [INFO] 0.14220910141352255
2026-05-17 11:17:41 [INFO] EPOCH:175, ======================ACC:76.89====================
2026-05-17 11:17:41 [INFO] BEST EPOCH:175,BEST ACC:76.89
2026-05-17 11:17:41 [INFO] Saving Masks: current CR 0.9082 target CR 0.9000
2026-05-17 11:17:41 [INFO] Updated candidate mask pretrained-rescale_mask_best-acc_90_05171000_resnet18 at epoch 175 with acc 76.8900
2026-05-17 11:17:47 [INFO] Epoch: 176 [12800/50000 (26%)]	 Training Loss: 0.036 ACC: 98.98 CR: 0.91 Avg R1: 4.66 Avg R2: 6.57 Avg Reward: 11.227165
2026-05-17 11:17:53 [INFO] Epoch: 176 [25600/50000 (51%)]	 Training Loss: 0.036 ACC: 99.07 CR: 0.90 Avg R1: 4.70 Avg R2: 6.56 Avg Reward: 11.262995
2026-05-17 11:18:00 [INFO] Epoch: 176 [38400/50000 (77%)]	 Training Loss: 0.035 ACC: 99.14 CR: 0.90 Avg R1: 4.75 Avg R2: 6.55 Avg Reward: 11.303698
2026-05-17 11:18:05 [INFO] EPOCH:176, ======================CR:0.89746====================
2026-05-17 11:18:05 [INFO] 0.14841163824769407
2026-05-17 11:18:07 [INFO] EPOCH:176, ======================ACC:76.56====================
2026-05-17 11:18:07 [INFO] BEST EPOCH:175,BEST ACC:76.89
2026-05-17 11:18:07 [INFO] Saving Masks: current CR 0.8975 target CR 0.9000
2026-05-17 11:18:13 [INFO] Epoch: 177 [12800/50000 (26%)]	 Training Loss: 0.034 ACC: 99.12 CR: 0.89 Avg R1: 4.98 Avg R2: 6.47 Avg Reward: 11.451417
2026-05-17 11:18:19 [INFO] Epoch: 177 [25600/50000 (51%)]	 Training Loss: 0.035 ACC: 99.07 CR: 0.89 Avg R1: 4.97 Avg R2: 6.46 Avg Reward: 11.431746
2026-05-17 11:18:26 [INFO] Epoch: 177 [38400/50000 (77%)]	 Training Loss: 0.035 ACC: 99.10 CR: 0.89 Avg R1: 4.96 Avg R2: 6.45 Avg Reward: 11.413571
2026-05-17 11:18:31 [INFO] EPOCH:177, ======================CR:0.8894====================
2026-05-17 11:18:31 [INFO] 0.14182014632070367
2026-05-17 11:18:33 [INFO] EPOCH:177, ======================ACC:76.78====================
2026-05-17 11:18:33 [INFO] BEST EPOCH:175,BEST ACC:76.89
2026-05-17 11:18:39 [INFO] Epoch: 178 [12800/50000 (26%)]	 Training Loss: 0.033 ACC: 99.11 CR: 0.89 Avg R1: 4.95 Avg R2: 6.41 Avg Reward: 11.357043
2026-05-17 11:18:45 [INFO] Epoch: 178 [25600/50000 (51%)]	 Training Loss: 0.033 ACC: 99.15 CR: 0.89 Avg R1: 4.95 Avg R2: 6.41 Avg Reward: 11.367980
2026-05-17 11:18:52 [INFO] Epoch: 178 [38400/50000 (77%)]	 Training Loss: 0.032 ACC: 99.20 CR: 0.90 Avg R1: 4.96 Avg R2: 6.42 Avg Reward: 11.381258
2026-05-17 11:18:57 [INFO] EPOCH:178, ======================CR:0.89922====================
2026-05-17 11:18:57 [INFO] 0.1458104245158481
2026-05-17 11:18:59 [INFO] EPOCH:178, ======================ACC:76.98====================
2026-05-17 11:18:59 [INFO] BEST EPOCH:178,BEST ACC:76.98
2026-05-17 11:18:59 [INFO] Saving Masks: current CR 0.8992 target CR 0.9000
2026-05-17 11:18:59 [INFO] Updated candidate mask pretrained-rescale_mask_best-acc_90_05171000_resnet18 at epoch 178 with acc 76.9800
2026-05-17 11:19:05 [INFO] Epoch: 179 [12800/50000 (26%)]	 Training Loss: 0.033 ACC: 99.28 CR: 0.90 Avg R1: 5.00 Avg R2: 6.44 Avg Reward: 11.432210
2026-05-17 11:19:11 [INFO] Epoch: 179 [25600/50000 (51%)]	 Training Loss: 0.033 ACC: 99.23 CR: 0.90 Avg R1: 4.99 Avg R2: 6.44 Avg Reward: 11.433118
2026-05-17 11:19:18 [INFO] Epoch: 179 [38400/50000 (77%)]	 Training Loss: 0.033 ACC: 99.18 CR: 0.90 Avg R1: 4.99 Avg R2: 6.44 Avg Reward: 11.434850
2026-05-17 11:19:23 [INFO] EPOCH:179, ======================CR:0.90228====================
2026-05-17 11:19:23 [INFO] 0.13916474606086
2026-05-17 11:19:25 [INFO] EPOCH:179, ======================ACC:76.73====================
2026-05-17 11:19:25 [INFO] BEST EPOCH:178,BEST ACC:76.98
2026-05-17 11:19:25 [INFO] Saving Masks: current CR 0.9023 target CR 0.9000
2026-05-17 11:19:31 [INFO] Epoch: 180 [12800/50000 (26%)]	 Training Loss: 0.033 ACC: 99.22 CR: 0.90 Avg R1: 4.96 Avg R2: 6.44 Avg Reward: 11.393435
2026-05-17 11:19:38 [INFO] Epoch: 180 [25600/50000 (51%)]	 Training Loss: 0.032 ACC: 99.18 CR: 0.90 Avg R1: 4.97 Avg R2: 6.43 Avg Reward: 11.398557
2026-05-17 11:19:44 [INFO] Epoch: 180 [38400/50000 (77%)]	 Training Loss: 0.032 ACC: 99.15 CR: 0.89 Avg R1: 4.97 Avg R2: 6.42 Avg Reward: 11.394265
2026-05-17 11:19:49 [INFO] EPOCH:180, ======================CR:0.89558====================
2026-05-17 11:19:49 [INFO] 0.14310962345499095
2026-05-17 11:19:51 [INFO] EPOCH:180, ======================ACC:77.37====================
2026-05-17 11:19:51 [INFO] BEST EPOCH:180,BEST ACC:77.37
2026-05-17 11:19:51 [INFO] Saving Masks: current CR 0.8956 target CR 0.9000
2026-05-17 11:19:51 [INFO] Updated candidate mask pretrained-rescale_mask_best-acc_90_05171000_resnet18 at epoch 180 with acc 77.3700
2026-05-17 11:19:57 [INFO] Epoch: 181 [12800/50000 (26%)]	 Training Loss: 0.033 ACC: 99.23 CR: 0.90 Avg R1: 4.98 Avg R2: 6.40 Avg Reward: 11.375187
2026-05-17 11:20:04 [INFO] Epoch: 181 [25600/50000 (51%)]	 Training Loss: 0.031 ACC: 99.26 CR: 0.90 Avg R1: 4.99 Avg R2: 6.40 Avg Reward: 11.386421
2026-05-17 11:20:10 [INFO] Epoch: 181 [38400/50000 (77%)]	 Training Loss: 0.032 ACC: 99.21 CR: 0.90 Avg R1: 4.98 Avg R2: 6.41 Avg Reward: 11.389184
2026-05-17 11:20:15 [INFO] EPOCH:181, ======================CR:0.90406====================
2026-05-17 11:20:15 [INFO] 0.145551875909759
2026-05-17 11:20:17 [INFO] EPOCH:181, ======================ACC:77.14====================
2026-05-17 11:20:17 [INFO] BEST EPOCH:180,BEST ACC:77.37
2026-05-17 11:20:17 [INFO] Saving Masks: current CR 0.9041 target CR 0.9000
2026-05-17 11:20:23 [INFO] Epoch: 182 [12800/50000 (26%)]	 Training Loss: 0.028 ACC: 99.43 CR: 0.90 Avg R1: 4.83 Avg R2: 6.41 Avg Reward: 11.244155
2026-05-17 11:20:29 [INFO] Epoch: 182 [25600/50000 (51%)]	 Training Loss: 0.028 ACC: 99.37 CR: 0.90 Avg R1: 4.86 Avg R2: 6.41 Avg Reward: 11.262468
2026-05-17 11:20:35 [INFO] Epoch: 182 [38400/50000 (77%)]	 Training Loss: 0.029 ACC: 99.34 CR: 0.90 Avg R1: 4.90 Avg R2: 6.40 Avg Reward: 11.296827
2026-05-17 11:20:41 [INFO] EPOCH:182, ======================CR:0.89656====================
2026-05-17 11:20:41 [INFO] 0.13795723214026048
2026-05-17 11:20:43 [INFO] EPOCH:182, ======================ACC:77.2====================
2026-05-17 11:20:43 [INFO] BEST EPOCH:180,BEST ACC:77.37
2026-05-17 11:20:43 [INFO] Saving Masks: current CR 0.8966 target CR 0.9000
2026-05-17 11:20:49 [INFO] Epoch: 183 [12800/50000 (26%)]	 Training Loss: 0.028 ACC: 99.39 CR: 0.90 Avg R1: 4.98 Avg R2: 6.33 Avg Reward: 11.308074
2026-05-17 11:20:55 [INFO] Epoch: 183 [25600/50000 (51%)]	 Training Loss: 0.028 ACC: 99.41 CR: 0.90 Avg R1: 4.98 Avg R2: 6.33 Avg Reward: 11.304161
2026-05-17 11:21:01 [INFO] Epoch: 183 [38400/50000 (77%)]	 Training Loss: 0.028 ACC: 99.37 CR: 0.89 Avg R1: 4.98 Avg R2: 6.33 Avg Reward: 11.302238
2026-05-17 11:21:07 [INFO] EPOCH:183, ======================CR:0.89452====================
2026-05-17 11:21:07 [INFO] 0.147043760483883
2026-05-17 11:21:09 [INFO] EPOCH:183, ======================ACC:77.18====================
2026-05-17 11:21:09 [INFO] BEST EPOCH:180,BEST ACC:77.37
2026-05-17 11:21:09 [INFO] Saving Masks: current CR 0.8945 target CR 0.9000
2026-05-17 11:21:15 [INFO] Epoch: 184 [12800/50000 (26%)]	 Training Loss: 0.029 ACC: 99.25 CR: 0.89 Avg R1: 4.97 Avg R2: 6.32 Avg Reward: 11.285684
2026-05-17 11:21:21 [INFO] Epoch: 184 [25600/50000 (51%)]	 Training Loss: 0.029 ACC: 99.29 CR: 0.89 Avg R1: 4.97 Avg R2: 6.32 Avg Reward: 11.286672
2026-05-17 11:21:27 [INFO] Epoch: 184 [38400/50000 (77%)]	 Training Loss: 0.029 ACC: 99.28 CR: 0.89 Avg R1: 4.97 Avg R2: 6.32 Avg Reward: 11.286659
2026-05-17 11:21:33 [INFO] EPOCH:184, ======================CR:0.89622====================
2026-05-17 11:21:33 [INFO] 0.14753906863514382
2026-05-17 11:21:35 [INFO] EPOCH:184, ======================ACC:77.38====================
2026-05-17 11:21:35 [INFO] BEST EPOCH:184,BEST ACC:77.38
2026-05-17 11:21:35 [INFO] Saving Masks: current CR 0.8962 target CR 0.9000
2026-05-17 11:21:35 [INFO] Updated candidate mask pretrained-rescale_mask_best-acc_90_05171000_resnet18 at epoch 184 with acc 77.3800
2026-05-17 11:21:41 [INFO] Epoch: 185 [12800/50000 (26%)]	 Training Loss: 0.030 ACC: 99.27 CR: 0.90 Avg R1: 4.98 Avg R2: 6.32 Avg Reward: 11.302432
2026-05-17 11:21:47 [INFO] Epoch: 185 [25600/50000 (51%)]	 Training Loss: 0.030 ACC: 99.28 CR: 0.90 Avg R1: 4.98 Avg R2: 6.33 Avg Reward: 11.311032
2026-05-17 11:21:53 [INFO] Epoch: 185 [38400/50000 (77%)]	 Training Loss: 0.029 ACC: 99.32 CR: 0.90 Avg R1: 4.98 Avg R2: 6.33 Avg Reward: 11.316118
2026-05-17 11:21:59 [INFO] EPOCH:185, ======================CR:0.90356====================
2026-05-17 11:21:59 [INFO] 0.13670193326256075
2026-05-17 11:22:00 [INFO] EPOCH:185, ======================ACC:77.53====================
2026-05-17 11:22:00 [INFO] BEST EPOCH:185,BEST ACC:77.53
2026-05-17 11:22:00 [INFO] Saving Masks: current CR 0.9036 target CR 0.9000
2026-05-17 11:22:00 [INFO] Updated candidate mask pretrained-rescale_mask_best-acc_90_05171000_resnet18 at epoch 185 with acc 77.5300
2026-05-17 11:22:07 [INFO] Epoch: 186 [12800/50000 (26%)]	 Training Loss: 0.025 ACC: 99.40 CR: 0.90 Avg R1: 4.85 Avg R2: 6.36 Avg Reward: 11.206295
2026-05-17 11:22:13 [INFO] Epoch: 186 [25600/50000 (51%)]	 Training Loss: 0.027 ACC: 99.36 CR: 0.90 Avg R1: 4.91 Avg R2: 6.35 Avg Reward: 11.258296
2026-05-17 11:22:19 [INFO] Epoch: 186 [38400/50000 (77%)]	 Training Loss: 0.028 ACC: 99.35 CR: 0.90 Avg R1: 4.94 Avg R2: 6.34 Avg Reward: 11.282022
2026-05-17 11:22:25 [INFO] EPOCH:186, ======================CR:0.89858====================
2026-05-17 11:22:25 [INFO] 0.13906916108336417
2026-05-17 11:22:27 [INFO] EPOCH:186, ======================ACC:77.14====================
2026-05-17 11:22:27 [INFO] BEST EPOCH:185,BEST ACC:77.53
2026-05-17 11:22:27 [INFO] Saving Masks: current CR 0.8986 target CR 0.9000
2026-05-17 11:22:33 [INFO] Epoch: 187 [12800/50000 (26%)]	 Training Loss: 0.027 ACC: 99.44 CR: 0.90 Avg R1: 4.99 Avg R2: 6.33 Avg Reward: 11.313741
2026-05-17 11:22:39 [INFO] Epoch: 187 [25600/50000 (51%)]	 Training Loss: 0.027 ACC: 99.46 CR: 0.90 Avg R1: 4.99 Avg R2: 6.33 Avg Reward: 11.316971
2026-05-17 11:22:45 [INFO] Epoch: 187 [38400/50000 (77%)]	 Training Loss: 0.027 ACC: 99.45 CR: 0.90 Avg R1: 4.99 Avg R2: 6.33 Avg Reward: 11.318971
2026-05-17 11:22:51 [INFO] EPOCH:187, ======================CR:0.90022====================
2026-05-17 11:22:51 [INFO] 0.1423734428888052
2026-05-17 11:22:52 [INFO] EPOCH:187, ======================ACC:77.19====================
2026-05-17 11:22:52 [INFO] BEST EPOCH:185,BEST ACC:77.53
2026-05-17 11:22:52 [INFO] Saving Masks: current CR 0.9002 target CR 0.9000
2026-05-17 11:22:58 [INFO] Epoch: 188 [12800/50000 (26%)]	 Training Loss: 0.026 ACC: 99.45 CR: 0.90 Avg R1: 4.99 Avg R2: 6.30 Avg Reward: 11.294971
2026-05-17 11:23:05 [INFO] Epoch: 188 [25600/50000 (51%)]	 Training Loss: 0.026 ACC: 99.43 CR: 0.90 Avg R1: 4.99 Avg R2: 6.29 Avg Reward: 11.283135
2026-05-17 11:23:11 [INFO] Epoch: 188 [38400/50000 (77%)]	 Training Loss: 0.026 ACC: 99.40 CR: 0.89 Avg R1: 4.98 Avg R2: 6.29 Avg Reward: 11.269048
2026-05-17 11:23:16 [INFO] EPOCH:188, ======================CR:0.89206====================
2026-05-17 11:23:16 [INFO] 0.1341771535571597
2026-05-17 11:23:18 [INFO] EPOCH:188, ======================ACC:77.22====================
2026-05-17 11:23:18 [INFO] BEST EPOCH:185,BEST ACC:77.53
2026-05-17 11:23:18 [INFO] Saving Masks: current CR 0.8921 target CR 0.9000
2026-05-17 11:23:24 [INFO] Epoch: 189 [12800/50000 (26%)]	 Training Loss: 0.027 ACC: 99.34 CR: 0.89 Avg R1: 4.96 Avg R2: 6.26 Avg Reward: 11.218131
2026-05-17 11:23:30 [INFO] Epoch: 189 [25600/50000 (51%)]	 Training Loss: 0.027 ACC: 99.38 CR: 0.89 Avg R1: 4.96 Avg R2: 6.26 Avg Reward: 11.214737
2026-05-17 11:23:37 [INFO] Epoch: 189 [38400/50000 (77%)]	 Training Loss: 0.027 ACC: 99.38 CR: 0.89 Avg R1: 4.95 Avg R2: 6.25 Avg Reward: 11.206336
2026-05-17 11:23:42 [INFO] EPOCH:189, ======================CR:0.88908====================
2026-05-17 11:23:42 [INFO] 0.14157592496588012
2026-05-17 11:23:44 [INFO] EPOCH:189, ======================ACC:77.33====================
2026-05-17 11:23:44 [INFO] BEST EPOCH:185,BEST ACC:77.53
2026-05-17 11:23:50 [INFO] Epoch: 190 [12800/50000 (26%)]	 Training Loss: 0.025 ACC: 99.46 CR: 0.89 Avg R1: 4.94 Avg R2: 6.25 Avg Reward: 11.190617
2026-05-17 11:23:56 [INFO] Epoch: 190 [25600/50000 (51%)]	 Training Loss: 0.024 ACC: 99.49 CR: 0.89 Avg R1: 4.95 Avg R2: 6.25 Avg Reward: 11.203514
2026-05-17 11:24:02 [INFO] Epoch: 190 [38400/50000 (77%)]	 Training Loss: 0.025 ACC: 99.50 CR: 0.90 Avg R1: 4.96 Avg R2: 6.26 Avg Reward: 11.217512
2026-05-17 11:24:08 [INFO] EPOCH:190, ======================CR:0.8993====================
2026-05-17 11:24:08 [INFO] 0.13717581064726203
2026-05-17 11:24:10 [INFO] EPOCH:190, ======================ACC:77.22====================
2026-05-17 11:24:10 [INFO] BEST EPOCH:185,BEST ACC:77.53
2026-05-17 11:24:10 [INFO] Saving Masks: current CR 0.8993 target CR 0.9000
2026-05-17 11:24:16 [INFO] Epoch: 191 [12800/50000 (26%)]	 Training Loss: 0.027 ACC: 99.37 CR: 0.90 Avg R1: 5.00 Avg R2: 6.29 Avg Reward: 11.288941
2026-05-17 11:24:22 [INFO] Epoch: 191 [25600/50000 (51%)]	 Training Loss: 0.027 ACC: 99.40 CR: 0.90 Avg R1: 5.00 Avg R2: 6.29 Avg Reward: 11.289653
2026-05-17 11:24:28 [INFO] Epoch: 191 [38400/50000 (77%)]	 Training Loss: 0.025 ACC: 99.44 CR: 0.90 Avg R1: 5.00 Avg R2: 6.29 Avg Reward: 11.285816
2026-05-17 11:24:34 [INFO] EPOCH:191, ======================CR:0.8991====================
2026-05-17 11:24:34 [INFO] 0.1513340423352877
2026-05-17 11:24:35 [INFO] EPOCH:191, ======================ACC:77.18====================
2026-05-17 11:24:35 [INFO] BEST EPOCH:185,BEST ACC:77.53
2026-05-17 11:24:35 [INFO] Saving Masks: current CR 0.8991 target CR 0.9000
2026-05-17 11:24:42 [INFO] Epoch: 192 [12800/50000 (26%)]	 Training Loss: 0.024 ACC: 99.47 CR: 0.90 Avg R1: 4.99 Avg R2: 6.26 Avg Reward: 11.257267
2026-05-17 11:24:48 [INFO] Epoch: 192 [25600/50000 (51%)]	 Training Loss: 0.025 ACC: 99.43 CR: 0.90 Avg R1: 4.99 Avg R2: 6.26 Avg Reward: 11.251651
2026-05-17 11:24:54 [INFO] Epoch: 192 [38400/50000 (77%)]	 Training Loss: 0.025 ACC: 99.42 CR: 0.90 Avg R1: 4.99 Avg R2: 6.26 Avg Reward: 11.247628
2026-05-17 11:25:00 [INFO] EPOCH:192, ======================CR:0.89778====================
2026-05-17 11:25:00 [INFO] 0.1353063909249383
2026-05-17 11:25:01 [INFO] EPOCH:192, ======================ACC:77.18====================
2026-05-17 11:25:01 [INFO] BEST EPOCH:185,BEST ACC:77.53
2026-05-17 11:25:01 [INFO] Saving Masks: current CR 0.8978 target CR 0.9000
2026-05-17 11:25:07 [INFO] Epoch: 193 [12800/50000 (26%)]	 Training Loss: 0.025 ACC: 99.43 CR: 0.90 Avg R1: 4.99 Avg R2: 6.26 Avg Reward: 11.246409
2026-05-17 11:25:14 [INFO] Epoch: 193 [25600/50000 (51%)]	 Training Loss: 0.025 ACC: 99.43 CR: 0.90 Avg R1: 4.99 Avg R2: 6.26 Avg Reward: 11.245592
2026-05-17 11:25:20 [INFO] Epoch: 193 [38400/50000 (77%)]	 Training Loss: 0.025 ACC: 99.45 CR: 0.90 Avg R1: 4.99 Avg R2: 6.26 Avg Reward: 11.249167
2026-05-17 11:25:25 [INFO] EPOCH:193, ======================CR:0.90078====================
2026-05-17 11:25:25 [INFO] 0.14078967502530051
2026-05-17 11:25:27 [INFO] EPOCH:193, ======================ACC:77.13====================
2026-05-17 11:25:27 [INFO] BEST EPOCH:185,BEST ACC:77.53
2026-05-17 11:25:27 [INFO] Saving Masks: current CR 0.9008 target CR 0.9000
2026-05-17 11:25:33 [INFO] Epoch: 194 [12800/50000 (26%)]	 Training Loss: 0.025 ACC: 99.49 CR: 0.90 Avg R1: 4.99 Avg R2: 6.29 Avg Reward: 11.282256
2026-05-17 11:25:39 [INFO] Epoch: 194 [25600/50000 (51%)]	 Training Loss: 0.026 ACC: 99.46 CR: 0.90 Avg R1: 4.99 Avg R2: 6.29 Avg Reward: 11.284399
2026-05-17 11:25:46 [INFO] Epoch: 194 [38400/50000 (77%)]	 Training Loss: 0.026 ACC: 99.42 CR: 0.90 Avg R1: 4.99 Avg R2: 6.29 Avg Reward: 11.276400
2026-05-17 11:25:51 [INFO] EPOCH:194, ======================CR:0.89664====================
2026-05-17 11:25:51 [INFO] 0.14674978479872905
2026-05-17 11:25:53 [INFO] EPOCH:194, ======================ACC:77.05====================
2026-05-17 11:25:53 [INFO] BEST EPOCH:185,BEST ACC:77.53
2026-05-17 11:25:53 [INFO] Saving Masks: current CR 0.8966 target CR 0.9000
2026-05-17 11:25:59 [INFO] Epoch: 195 [12800/50000 (26%)]	 Training Loss: 0.023 ACC: 99.60 CR: 0.90 Avg R1: 4.98 Avg R2: 6.27 Avg Reward: 11.251113
2026-05-17 11:26:05 [INFO] Epoch: 195 [25600/50000 (51%)]	 Training Loss: 0.025 ACC: 99.52 CR: 0.90 Avg R1: 4.98 Avg R2: 6.27 Avg Reward: 11.254694
2026-05-17 11:26:11 [INFO] Epoch: 195 [38400/50000 (77%)]	 Training Loss: 0.025 ACC: 99.49 CR: 0.90 Avg R1: 4.98 Avg R2: 6.27 Avg Reward: 11.258973
2026-05-17 11:26:17 [INFO] EPOCH:195, ======================CR:0.89898====================
2026-05-17 11:26:17 [INFO] 0.14112586039628452
2026-05-17 11:26:19 [INFO] EPOCH:195, ======================ACC:77.07====================
2026-05-17 11:26:19 [INFO] BEST EPOCH:185,BEST ACC:77.53
2026-05-17 11:26:19 [INFO] Saving Masks: current CR 0.8990 target CR 0.9000
2026-05-17 11:26:25 [INFO] Epoch: 196 [12800/50000 (26%)]	 Training Loss: 0.025 ACC: 99.48 CR: 0.90 Avg R1: 5.00 Avg R2: 6.27 Avg Reward: 11.265354
2026-05-17 11:26:31 [INFO] Epoch: 196 [25600/50000 (51%)]	 Training Loss: 0.025 ACC: 99.47 CR: 0.90 Avg R1: 4.99 Avg R2: 6.27 Avg Reward: 11.260314
2026-05-17 11:26:37 [INFO] Epoch: 196 [38400/50000 (77%)]	 Training Loss: 0.025 ACC: 99.46 CR: 0.90 Avg R1: 4.99 Avg R2: 6.27 Avg Reward: 11.255413
2026-05-17 11:26:43 [INFO] EPOCH:196, ======================CR:0.89914====================
2026-05-17 11:26:43 [INFO] 0.1454060441700299
2026-05-17 11:26:45 [INFO] EPOCH:196, ======================ACC:77.27====================
2026-05-17 11:26:45 [INFO] BEST EPOCH:185,BEST ACC:77.53
2026-05-17 11:26:45 [INFO] Saving Masks: current CR 0.8991 target CR 0.9000
2026-05-17 11:26:51 [INFO] Epoch: 197 [12800/50000 (26%)]	 Training Loss: 0.025 ACC: 99.48 CR: 0.90 Avg R1: 4.98 Avg R2: 6.29 Avg Reward: 11.276325
2026-05-17 11:26:57 [INFO] Epoch: 197 [25600/50000 (51%)]	 Training Loss: 0.025 ACC: 99.47 CR: 0.90 Avg R1: 4.98 Avg R2: 6.29 Avg Reward: 11.279136
2026-05-17 11:27:03 [INFO] Epoch: 197 [38400/50000 (77%)]	 Training Loss: 0.025 ACC: 99.45 CR: 0.90 Avg R1: 4.98 Avg R2: 6.29 Avg Reward: 11.271905
2026-05-17 11:27:09 [INFO] EPOCH:197, ======================CR:0.89876====================
2026-05-17 11:27:09 [INFO] 0.1367692939005797
2026-05-17 11:27:11 [INFO] EPOCH:197, ======================ACC:77.21====================
2026-05-17 11:27:11 [INFO] BEST EPOCH:185,BEST ACC:77.53
2026-05-17 11:27:11 [INFO] Saving Masks: current CR 0.8988 target CR 0.9000
2026-05-17 11:27:17 [INFO] Epoch: 198 [12800/50000 (26%)]	 Training Loss: 0.025 ACC: 99.44 CR: 0.90 Avg R1: 4.99 Avg R2: 6.26 Avg Reward: 11.253017
2026-05-17 11:27:23 [INFO] Epoch: 198 [25600/50000 (51%)]	 Training Loss: 0.025 ACC: 99.42 CR: 0.90 Avg R1: 4.99 Avg R2: 6.26 Avg Reward: 11.247347
2026-05-17 11:27:29 [INFO] Epoch: 198 [38400/50000 (77%)]	 Training Loss: 0.025 ACC: 99.43 CR: 0.90 Avg R1: 4.99 Avg R2: 6.26 Avg Reward: 11.244067
2026-05-17 11:27:35 [INFO] EPOCH:198, ======================CR:0.89602====================
2026-05-17 11:27:35 [INFO] 0.14091794614489986
2026-05-17 11:27:37 [INFO] EPOCH:198, ======================ACC:77.14====================
2026-05-17 11:27:37 [INFO] BEST EPOCH:185,BEST ACC:77.53
2026-05-17 11:27:37 [INFO] Saving Masks: current CR 0.8960 target CR 0.9000
2026-05-17 11:27:43 [INFO] Epoch: 199 [12800/50000 (26%)]	 Training Loss: 0.025 ACC: 99.53 CR: 0.90 Avg R1: 4.98 Avg R2: 6.26 Avg Reward: 11.246976
2026-05-17 11:27:49 [INFO] Epoch: 199 [25600/50000 (51%)]	 Training Loss: 0.025 ACC: 99.51 CR: 0.90 Avg R1: 4.98 Avg R2: 6.26 Avg Reward: 11.246459
2026-05-17 11:27:55 [INFO] Epoch: 199 [38400/50000 (77%)]	 Training Loss: 0.025 ACC: 99.45 CR: 0.90 Avg R1: 4.98 Avg R2: 6.26 Avg Reward: 11.246001
2026-05-17 11:28:01 [INFO] EPOCH:199, ======================CR:0.8984====================
2026-05-17 11:28:01 [INFO] 0.14958400109043077
2026-05-17 11:28:02 [INFO] EPOCH:199, ======================ACC:77.05====================
2026-05-17 11:28:02 [INFO] BEST EPOCH:185,BEST ACC:77.53
2026-05-17 11:28:02 [INFO] Saving Masks: current CR 0.8984 target CR 0.9000
2026-05-17 11:28:02 [INFO] Saved standard mask to /nvme/home/lixiang/baseline/RLSelector/mask/cifar100/96/mask_90.npz with 45000/50000 samples selected
