2026-05-17 06:50:37 [INFO] Epoch: 0 [12800/50000 (26%)]	 Training Loss: 1.869 ACC: 12.21 CR: 0.87 Avg R1: 1.08 Avg R2: 8.91 Avg Reward: 9.994338
2026-05-17 06:50:44 [INFO] Epoch: 0 [25600/50000 (51%)]	 Training Loss: 1.830 ACC: 13.10 CR: 0.75 Avg R1: 2.13 Avg R2: 8.31 Avg Reward: 10.438161
2026-05-17 06:50:51 [INFO] Epoch: 0 [38400/50000 (77%)]	 Training Loss: 1.804 ACC: 14.04 CR: 0.62 Avg R1: 2.98 Avg R2: 7.71 Avg Reward: 10.682665
2026-05-17 06:50:57 [INFO] EPOCH:0, ======================CR:0.5079====================
2026-05-17 06:50:57 [INFO] -0.00048001890757317284
2026-05-17 06:50:59 [INFO] EPOCH:0, ======================ACC:16.4====================
2026-05-17 06:50:59 [INFO] BEST EPOCH:0,BEST ACC:16.4
2026-05-17 06:51:06 [INFO] Epoch: 1 [12800/50000 (26%)]	 Training Loss: 1.793 ACC: 17.70 CR: 0.52 Avg R1: 3.66 Avg R2: 4.41 Avg Reward: 8.072675
2026-05-17 06:51:13 [INFO] Epoch: 1 [25600/50000 (51%)]	 Training Loss: 1.809 ACC: 18.21 CR: 0.54 Avg R1: 3.72 Avg R2: 4.45 Avg Reward: 8.179133
2026-05-17 06:51:19 [INFO] Epoch: 1 [38400/50000 (77%)]	 Training Loss: 1.857 ACC: 18.99 CR: 0.58 Avg R1: 3.82 Avg R2: 4.53 Avg Reward: 8.351709
2026-05-17 06:51:26 [INFO] EPOCH:1, ======================CR:0.62682====================
2026-05-17 06:51:26 [INFO] 0.0038948650080276605
2026-05-17 06:51:28 [INFO] EPOCH:1, ======================ACC:15.48====================
2026-05-17 06:51:28 [INFO] BEST EPOCH:0,BEST ACC:16.4
2026-05-17 06:51:34 [INFO] Epoch: 2 [12800/50000 (26%)]	 Training Loss: 2.171 ACC: 22.16 CR: 0.67 Avg R1: 4.64 Avg R2: 5.95 Avg Reward: 10.593376
2026-05-17 06:51:41 [INFO] Epoch: 2 [25600/50000 (51%)]	 Training Loss: 2.081 ACC: 22.49 CR: 0.70 Avg R1: 4.78 Avg R2: 6.07 Avg Reward: 10.845754
2026-05-17 06:51:48 [INFO] Epoch: 2 [38400/50000 (77%)]	 Training Loss: 2.009 ACC: 23.30 CR: 0.72 Avg R1: 4.79 Avg R2: 6.16 Avg Reward: 10.945102
2026-05-17 06:51:55 [INFO] EPOCH:2, ======================CR:0.71752====================
2026-05-17 06:51:55 [INFO] 0.0021100053546988457
2026-05-17 06:51:56 [INFO] EPOCH:2, ======================ACC:24.9====================
2026-05-17 06:51:56 [INFO] BEST EPOCH:2,BEST ACC:24.9
2026-05-17 06:52:03 [INFO] Epoch: 3 [12800/50000 (26%)]	 Training Loss: 1.539 ACC: 27.41 CR: 0.68 Avg R1: 4.89 Avg R2: 6.52 Avg Reward: 11.410504
2026-05-17 06:52:10 [INFO] Epoch: 3 [25600/50000 (51%)]	 Training Loss: 1.564 ACC: 28.25 CR: 0.65 Avg R1: 4.82 Avg R2: 6.41 Avg Reward: 11.228177
2026-05-17 06:52:17 [INFO] Epoch: 3 [38400/50000 (77%)]	 Training Loss: 1.568 ACC: 28.53 CR: 0.63 Avg R1: 4.74 Avg R2: 6.31 Avg Reward: 11.050717
2026-05-17 06:52:24 [INFO] EPOCH:3, ======================CR:0.61814====================
2026-05-17 06:52:24 [INFO] 0.003876937288624656
2026-05-17 06:52:25 [INFO] EPOCH:3, ======================ACC:29.89====================
2026-05-17 06:52:25 [INFO] BEST EPOCH:3,BEST ACC:29.89
2026-05-17 06:52:33 [INFO] Epoch: 4 [12800/50000 (26%)]	 Training Loss: 1.543 ACC: 30.88 CR: 0.62 Avg R1: 4.44 Avg R2: 6.07 Avg Reward: 10.511959
2026-05-17 06:52:39 [INFO] Epoch: 4 [25600/50000 (51%)]	 Training Loss: 1.485 ACC: 31.54 CR: 0.61 Avg R1: 4.43 Avg R2: 6.06 Avg Reward: 10.490825
2026-05-17 06:52:46 [INFO] Epoch: 4 [38400/50000 (77%)]	 Training Loss: 1.491 ACC: 32.17 CR: 0.62 Avg R1: 4.42 Avg R2: 6.05 Avg Reward: 10.470437
2026-05-17 06:52:53 [INFO] EPOCH:4, ======================CR:0.61932====================
2026-05-17 06:52:53 [INFO] 0.008351811421654535
2026-05-17 06:52:55 [INFO] EPOCH:4, ======================ACC:34.57====================
2026-05-17 06:52:55 [INFO] BEST EPOCH:4,BEST ACC:34.57
2026-05-17 06:53:02 [INFO] Epoch: 5 [12800/50000 (26%)]	 Training Loss: 1.385 ACC: 35.21 CR: 0.62 Avg R1: 4.41 Avg R2: 6.01 Avg Reward: 10.421747
2026-05-17 06:53:09 [INFO] Epoch: 5 [25600/50000 (51%)]	 Training Loss: 1.384 ACC: 35.68 CR: 0.62 Avg R1: 4.41 Avg R2: 6.01 Avg Reward: 10.421283
2026-05-17 06:53:16 [INFO] Epoch: 5 [38400/50000 (77%)]	 Training Loss: 1.370 ACC: 35.97 CR: 0.61 Avg R1: 4.41 Avg R2: 6.01 Avg Reward: 10.413673
2026-05-17 06:53:22 [INFO] EPOCH:5, ======================CR:0.6048====================
2026-05-17 06:53:22 [INFO] 0.007631189735383247
2026-05-17 06:53:24 [INFO] EPOCH:5, ======================ACC:38.28====================
2026-05-17 06:53:24 [INFO] BEST EPOCH:5,BEST ACC:38.28
2026-05-17 06:53:31 [INFO] Epoch: 6 [12800/50000 (26%)]	 Training Loss: 1.264 ACC: 39.29 CR: 0.60 Avg R1: 4.30 Avg R2: 5.84 Avg Reward: 10.132063
2026-05-17 06:53:38 [INFO] Epoch: 6 [25600/50000 (51%)]	 Training Loss: 1.313 ACC: 39.07 CR: 0.61 Avg R1: 4.31 Avg R2: 5.85 Avg Reward: 10.165246
2026-05-17 06:53:45 [INFO] Epoch: 6 [38400/50000 (77%)]	 Training Loss: 1.310 ACC: 39.38 CR: 0.62 Avg R1: 4.34 Avg R2: 5.88 Avg Reward: 10.223777
2026-05-17 06:53:51 [INFO] EPOCH:6, ======================CR:0.6364====================
2026-05-17 06:53:51 [INFO] 0.013109507162078156
2026-05-17 06:53:53 [INFO] EPOCH:6, ======================ACC:42.68====================
2026-05-17 06:53:53 [INFO] BEST EPOCH:6,BEST ACC:42.68
2026-05-17 06:54:00 [INFO] Epoch: 7 [12800/50000 (26%)]	 Training Loss: 1.322 ACC: 42.05 CR: 0.65 Avg R1: 4.59 Avg R2: 6.01 Avg Reward: 10.597803
2026-05-17 06:54:07 [INFO] Epoch: 7 [25600/50000 (51%)]	 Training Loss: 1.320 ACC: 41.63 CR: 0.66 Avg R1: 4.63 Avg R2: 6.04 Avg Reward: 10.672845
2026-05-17 06:54:14 [INFO] Epoch: 7 [38400/50000 (77%)]	 Training Loss: 1.338 ACC: 41.85 CR: 0.69 Avg R1: 4.69 Avg R2: 6.10 Avg Reward: 10.785344
2026-05-17 06:54:20 [INFO] EPOCH:7, ======================CR:0.70442====================
2026-05-17 06:54:20 [INFO] 0.014510243503467987
2026-05-17 06:54:22 [INFO] EPOCH:7, ======================ACC:43.37====================
2026-05-17 06:54:22 [INFO] BEST EPOCH:7,BEST ACC:43.37
2026-05-17 06:54:22 [INFO] Saving Masks: current CR 0.7044 target CR 0.7000
2026-05-17 06:54:22 [INFO] Updated candidate mask pretrained-rescale_mask_best-acc_70_05170650_resnet18 at epoch 7 with acc 43.3700
2026-05-17 06:54:22 [INFO] Updated candidate mask pretrained-rescale_mask_best-r2_70_05170650_resnet18 at epoch 7 with acc 43.3700
2026-05-17 06:54:30 [INFO] Epoch: 8 [12800/50000 (26%)]	 Training Loss: 1.319 ACC: 44.70 CR: 0.71 Avg R1: 4.89 Avg R2: 6.30 Avg Reward: 11.183844
2026-05-17 06:54:37 [INFO] Epoch: 8 [25600/50000 (51%)]	 Training Loss: 1.291 ACC: 44.87 CR: 0.71 Avg R1: 4.86 Avg R2: 6.31 Avg Reward: 11.161251
2026-05-17 06:54:44 [INFO] Epoch: 8 [38400/50000 (77%)]	 Training Loss: 1.251 ACC: 45.26 CR: 0.69 Avg R1: 4.88 Avg R2: 6.29 Avg Reward: 11.174228
2026-05-17 06:54:50 [INFO] EPOCH:8, ======================CR:0.68188====================
2026-05-17 06:54:50 [INFO] 0.01536944399375959
2026-05-17 06:54:52 [INFO] EPOCH:8, ======================ACC:44.89====================
2026-05-17 06:54:52 [INFO] BEST EPOCH:8,BEST ACC:44.89
2026-05-17 06:55:00 [INFO] Epoch: 9 [12800/50000 (26%)]	 Training Loss: 1.212 ACC: 47.43 CR: 0.69 Avg R1: 4.88 Avg R2: 6.03 Avg Reward: 10.915878
2026-05-17 06:55:06 [INFO] Epoch: 9 [25600/50000 (51%)]	 Training Loss: 1.231 ACC: 47.14 CR: 0.70 Avg R1: 4.92 Avg R2: 6.06 Avg Reward: 10.979064
2026-05-17 06:55:13 [INFO] Epoch: 9 [38400/50000 (77%)]	 Training Loss: 1.274 ACC: 46.94 CR: 0.73 Avg R1: 4.86 Avg R2: 6.12 Avg Reward: 10.979075
2026-05-17 06:55:20 [INFO] EPOCH:9, ======================CR:0.75548====================
2026-05-17 06:55:20 [INFO] 0.02379616104602836
2026-05-17 06:55:22 [INFO] EPOCH:9, ======================ACC:44.84====================
2026-05-17 06:55:22 [INFO] BEST EPOCH:8,BEST ACC:44.89
2026-05-17 06:55:29 [INFO] Epoch: 10 [12800/50000 (26%)]	 Training Loss: 1.283 ACC: 49.07 CR: 0.77 Avg R1: 3.98 Avg R2: 6.46 Avg Reward: 10.437790
2026-05-17 06:55:36 [INFO] Epoch: 10 [25600/50000 (51%)]	 Training Loss: 1.239 ACC: 49.36 CR: 0.76 Avg R1: 3.94 Avg R2: 6.48 Avg Reward: 10.418960
2026-05-17 06:55:43 [INFO] Epoch: 10 [38400/50000 (77%)]	 Training Loss: 1.225 ACC: 49.42 CR: 0.76 Avg R1: 3.95 Avg R2: 6.47 Avg Reward: 10.419156
2026-05-17 06:55:50 [INFO] EPOCH:10, ======================CR:0.75494====================
2026-05-17 06:55:50 [INFO] 0.022886594010435614
2026-05-17 06:55:51 [INFO] EPOCH:10, ======================ACC:48.8====================
2026-05-17 06:55:51 [INFO] BEST EPOCH:10,BEST ACC:48.8
2026-05-17 06:55:58 [INFO] Epoch: 11 [12800/50000 (26%)]	 Training Loss: 1.084 ACC: 51.03 CR: 0.74 Avg R1: 4.23 Avg R2: 6.27 Avg Reward: 10.500606
2026-05-17 06:56:05 [INFO] Epoch: 11 [25600/50000 (51%)]	 Training Loss: 1.084 ACC: 51.41 CR: 0.72 Avg R1: 4.36 Avg R2: 6.22 Avg Reward: 10.579319
2026-05-17 06:56:12 [INFO] Epoch: 11 [38400/50000 (77%)]	 Training Loss: 1.097 ACC: 51.33 CR: 0.71 Avg R1: 4.47 Avg R2: 6.18 Avg Reward: 10.649889
2026-05-17 06:56:19 [INFO] EPOCH:11, ======================CR:0.70946====================
2026-05-17 06:56:19 [INFO] 0.012024796116268334
2026-05-17 06:56:21 [INFO] EPOCH:11, ======================ACC:47.31====================
2026-05-17 06:56:21 [INFO] BEST EPOCH:10,BEST ACC:48.8
2026-05-17 06:56:21 [INFO] Saving Masks: current CR 0.7095 target CR 0.7000
2026-05-17 06:56:21 [INFO] Updated candidate mask pretrained-rescale_mask_best-acc_70_05170650_resnet18 at epoch 11 with acc 47.3100
2026-05-17 06:56:28 [INFO] Epoch: 12 [12800/50000 (26%)]	 Training Loss: 1.081 ACC: 53.22 CR: 0.72 Avg R1: 4.78 Avg R2: 5.99 Avg Reward: 10.767836
2026-05-17 06:56:35 [INFO] Epoch: 12 [25600/50000 (51%)]	 Training Loss: 1.064 ACC: 53.06 CR: 0.71 Avg R1: 4.77 Avg R2: 5.99 Avg Reward: 10.761071
2026-05-17 06:56:42 [INFO] Epoch: 12 [38400/50000 (77%)]	 Training Loss: 1.034 ACC: 53.20 CR: 0.69 Avg R1: 4.83 Avg R2: 5.97 Avg Reward: 10.794281
2026-05-17 06:56:49 [INFO] EPOCH:12, ======================CR:0.68016====================
2026-05-17 06:56:49 [INFO] 0.016012112119494618
2026-05-17 06:56:51 [INFO] EPOCH:12, ======================ACC:54.79====================
2026-05-17 06:56:51 [INFO] BEST EPOCH:12,BEST ACC:54.79
2026-05-17 06:56:58 [INFO] Epoch: 13 [12800/50000 (26%)]	 Training Loss: 0.971 ACC: 55.46 CR: 0.68 Avg R1: 4.86 Avg R2: 5.77 Avg Reward: 10.634101
2026-05-17 06:57:05 [INFO] Epoch: 13 [25600/50000 (51%)]	 Training Loss: 0.955 ACC: 55.35 CR: 0.67 Avg R1: 4.84 Avg R2: 5.75 Avg Reward: 10.589168
2026-05-17 06:57:13 [INFO] Epoch: 13 [38400/50000 (77%)]	 Training Loss: 0.952 ACC: 55.20 CR: 0.66 Avg R1: 4.80 Avg R2: 5.72 Avg Reward: 10.526562
2026-05-17 06:57:20 [INFO] EPOCH:13, ======================CR:0.64074====================
2026-05-17 06:57:20 [INFO] 0.008046300089502845
2026-05-17 06:57:22 [INFO] EPOCH:13, ======================ACC:50.51====================
2026-05-17 06:57:22 [INFO] BEST EPOCH:12,BEST ACC:54.79
2026-05-17 06:57:29 [INFO] Epoch: 14 [12800/50000 (26%)]	 Training Loss: 0.883 ACC: 56.23 CR: 0.63 Avg R1: 4.54 Avg R2: 5.48 Avg Reward: 10.027240
2026-05-17 06:57:37 [INFO] Epoch: 14 [25600/50000 (51%)]	 Training Loss: 0.891 ACC: 56.23 CR: 0.63 Avg R1: 4.52 Avg R2: 5.46 Avg Reward: 9.979887
2026-05-17 06:57:45 [INFO] Epoch: 14 [38400/50000 (77%)]	 Training Loss: 0.893 ACC: 56.10 CR: 0.62 Avg R1: 4.49 Avg R2: 5.44 Avg Reward: 9.933612
2026-05-17 06:57:52 [INFO] EPOCH:14, ======================CR:0.61628====================
2026-05-17 06:57:52 [INFO] 0.0051425147584562075
2026-05-17 06:57:54 [INFO] EPOCH:14, ======================ACC:48.66====================
2026-05-17 06:57:54 [INFO] BEST EPOCH:12,BEST ACC:54.79
2026-05-17 06:58:01 [INFO] Epoch: 15 [12800/50000 (26%)]	 Training Loss: 0.885 ACC: 57.49 CR: 0.62 Avg R1: 4.42 Avg R2: 5.39 Avg Reward: 9.806265
2026-05-17 06:58:10 [INFO] Epoch: 15 [25600/50000 (51%)]	 Training Loss: 0.887 ACC: 57.22 CR: 0.63 Avg R1: 4.44 Avg R2: 5.40 Avg Reward: 9.839739
2026-05-17 06:58:18 [INFO] Epoch: 15 [38400/50000 (77%)]	 Training Loss: 0.875 ACC: 56.88 CR: 0.62 Avg R1: 4.44 Avg R2: 5.40 Avg Reward: 9.837186
2026-05-17 06:58:25 [INFO] EPOCH:15, ======================CR:0.61056====================
2026-05-17 06:58:25 [INFO] 0.0015073986919752703
2026-05-17 06:58:27 [INFO] EPOCH:15, ======================ACC:53.19====================
2026-05-17 06:58:27 [INFO] BEST EPOCH:12,BEST ACC:54.79
2026-05-17 06:58:35 [INFO] Epoch: 16 [12800/50000 (26%)]	 Training Loss: 0.839 ACC: 58.54 CR: 0.61 Avg R1: 4.36 Avg R2: 5.33 Avg Reward: 9.691574
2026-05-17 06:58:43 [INFO] Epoch: 16 [25600/50000 (51%)]	 Training Loss: 0.835 ACC: 58.24 CR: 0.61 Avg R1: 4.35 Avg R2: 5.32 Avg Reward: 9.668949
2026-05-17 06:58:51 [INFO] Epoch: 16 [38400/50000 (77%)]	 Training Loss: 0.850 ACC: 58.01 CR: 0.61 Avg R1: 4.34 Avg R2: 5.32 Avg Reward: 9.668959
2026-05-17 06:58:58 [INFO] EPOCH:16, ======================CR:0.62194====================
2026-05-17 06:58:58 [INFO] 0.004926296742341238
2026-05-17 06:59:00 [INFO] EPOCH:16, ======================ACC:52.65====================
2026-05-17 06:59:00 [INFO] BEST EPOCH:12,BEST ACC:54.79
2026-05-17 06:59:07 [INFO] Epoch: 17 [12800/50000 (26%)]	 Training Loss: 0.863 ACC: 58.05 CR: 0.62 Avg R1: 4.45 Avg R2: 5.43 Avg Reward: 9.873431
2026-05-17 06:59:15 [INFO] Epoch: 17 [25600/50000 (51%)]	 Training Loss: 0.858 ACC: 58.10 CR: 0.62 Avg R1: 4.45 Avg R2: 5.43 Avg Reward: 9.871779
2026-05-17 06:59:24 [INFO] Epoch: 17 [38400/50000 (77%)]	 Training Loss: 0.857 ACC: 57.97 CR: 0.62 Avg R1: 4.45 Avg R2: 5.43 Avg Reward: 9.874656
2026-05-17 06:59:31 [INFO] EPOCH:17, ======================CR:0.61948====================
2026-05-17 06:59:31 [INFO] 0.0038441189859807433
2026-05-17 06:59:33 [INFO] EPOCH:17, ======================ACC:53.38====================
2026-05-17 06:59:33 [INFO] BEST EPOCH:12,BEST ACC:54.79
2026-05-17 06:59:40 [INFO] Epoch: 18 [12800/50000 (26%)]	 Training Loss: 0.873 ACC: 59.02 CR: 0.63 Avg R1: 4.45 Avg R2: 5.41 Avg Reward: 9.856186
2026-05-17 06:59:47 [INFO] Epoch: 18 [25600/50000 (51%)]	 Training Loss: 0.889 ACC: 58.98 CR: 0.65 Avg R1: 4.50 Avg R2: 5.45 Avg Reward: 9.945929
2026-05-17 06:59:56 [INFO] Epoch: 18 [38400/50000 (77%)]	 Training Loss: 0.907 ACC: 58.89 CR: 0.67 Avg R1: 4.57 Avg R2: 5.51 Avg Reward: 10.082237
2026-05-17 07:00:04 [INFO] EPOCH:18, ======================CR:0.70132====================
2026-05-17 07:00:04 [INFO] 0.007765641289681039
2026-05-17 07:00:05 [INFO] EPOCH:18, ======================ACC:55.14====================
2026-05-17 07:00:05 [INFO] BEST EPOCH:18,BEST ACC:55.14
2026-05-17 07:00:05 [INFO] Saving Masks: current CR 0.7013 target CR 0.7000
2026-05-17 07:00:05 [INFO] Updated candidate mask pretrained-rescale_mask_best-acc_70_05170650_resnet18 at epoch 18 with acc 55.1400
2026-05-17 07:00:13 [INFO] Epoch: 19 [12800/50000 (26%)]	 Training Loss: 0.939 ACC: 59.70 CR: 0.71 Avg R1: 4.89 Avg R2: 5.94 Avg Reward: 10.838769
2026-05-17 07:00:22 [INFO] Epoch: 19 [25600/50000 (51%)]	 Training Loss: 0.937 ACC: 59.22 CR: 0.72 Avg R1: 4.79 Avg R2: 5.99 Avg Reward: 10.771333
2026-05-17 07:00:29 [INFO] Epoch: 19 [38400/50000 (77%)]	 Training Loss: 0.925 ACC: 58.99 CR: 0.71 Avg R1: 4.76 Avg R2: 5.99 Avg Reward: 10.751054
2026-05-17 07:00:36 [INFO] EPOCH:19, ======================CR:0.70892====================
2026-05-17 07:00:36 [INFO] 0.008449897440512054
2026-05-17 07:00:38 [INFO] EPOCH:19, ======================ACC:55.93====================
2026-05-17 07:00:38 [INFO] BEST EPOCH:19,BEST ACC:55.93
2026-05-17 07:00:38 [INFO] Saving Masks: current CR 0.7089 target CR 0.7000
2026-05-17 07:00:38 [INFO] Updated candidate mask pretrained-rescale_mask_best-acc_70_05170650_resnet18 at epoch 19 with acc 55.9300
2026-05-17 07:00:46 [INFO] Epoch: 20 [12800/50000 (26%)]	 Training Loss: 0.848 ACC: 60.56 CR: 0.70 Avg R1: 4.94 Avg R2: 5.88 Avg Reward: 10.827322
2026-05-17 07:00:53 [INFO] Epoch: 20 [25600/50000 (51%)]	 Training Loss: 0.838 ACC: 60.47 CR: 0.69 Avg R1: 4.95 Avg R2: 5.85 Avg Reward: 10.802372
2026-05-17 07:01:01 [INFO] Epoch: 20 [38400/50000 (77%)]	 Training Loss: 0.840 ACC: 60.19 CR: 0.67 Avg R1: 4.91 Avg R2: 5.81 Avg Reward: 10.724584
2026-05-17 07:01:09 [INFO] EPOCH:20, ======================CR:0.66116====================
2026-05-17 07:01:09 [INFO] 0.002639277239112842
2026-05-17 07:01:11 [INFO] EPOCH:20, ======================ACC:53.1====================
2026-05-17 07:01:11 [INFO] BEST EPOCH:19,BEST ACC:55.93
2026-05-17 07:01:19 [INFO] Epoch: 21 [12800/50000 (26%)]	 Training Loss: 0.809 ACC: 61.47 CR: 0.66 Avg R1: 4.72 Avg R2: 5.63 Avg Reward: 10.348905
2026-05-17 07:01:27 [INFO] Epoch: 21 [25600/50000 (51%)]	 Training Loss: 0.809 ACC: 61.22 CR: 0.65 Avg R1: 4.70 Avg R2: 5.62 Avg Reward: 10.323568
2026-05-17 07:01:35 [INFO] Epoch: 21 [38400/50000 (77%)]	 Training Loss: 0.811 ACC: 61.04 CR: 0.65 Avg R1: 4.69 Avg R2: 5.61 Avg Reward: 10.298248
2026-05-17 07:01:42 [INFO] EPOCH:21, ======================CR:0.6417====================
2026-05-17 07:01:42 [INFO] 0.016116460479133572
2026-05-17 07:01:43 [INFO] EPOCH:21, ======================ACC:55.03====================
2026-05-17 07:01:43 [INFO] BEST EPOCH:19,BEST ACC:55.93
2026-05-17 07:01:51 [INFO] Epoch: 22 [12800/50000 (26%)]	 Training Loss: 0.722 ACC: 63.16 CR: 0.63 Avg R1: 4.54 Avg R2: 5.50 Avg Reward: 10.047204
2026-05-17 07:01:59 [INFO] Epoch: 22 [25600/50000 (51%)]	 Training Loss: 0.730 ACC: 62.76 CR: 0.62 Avg R1: 4.50 Avg R2: 5.46 Avg Reward: 9.966989
2026-05-17 07:02:07 [INFO] Epoch: 22 [38400/50000 (77%)]	 Training Loss: 0.743 ACC: 62.31 CR: 0.61 Avg R1: 4.46 Avg R2: 5.43 Avg Reward: 9.894380
2026-05-17 07:02:14 [INFO] EPOCH:22, ======================CR:0.61094====================
2026-05-17 07:02:14 [INFO] 0.003404531849136865
2026-05-17 07:02:15 [INFO] EPOCH:22, ======================ACC:58.18====================
2026-05-17 07:02:15 [INFO] BEST EPOCH:22,BEST ACC:58.18
2026-05-17 07:02:23 [INFO] Epoch: 23 [12800/50000 (26%)]	 Training Loss: 0.772 ACC: 62.90 CR: 0.62 Avg R1: 4.40 Avg R2: 5.35 Avg Reward: 9.746274
2026-05-17 07:02:31 [INFO] Epoch: 23 [25600/50000 (51%)]	 Training Loss: 0.784 ACC: 62.42 CR: 0.63 Avg R1: 4.44 Avg R2: 5.38 Avg Reward: 9.816277
2026-05-17 07:02:40 [INFO] Epoch: 23 [38400/50000 (77%)]	 Training Loss: 0.804 ACC: 61.63 CR: 0.65 Avg R1: 4.48 Avg R2: 5.42 Avg Reward: 9.901372
2026-05-17 07:02:47 [INFO] EPOCH:23, ======================CR:0.66464====================
2026-05-17 07:02:47 [INFO] -0.0018778319760238945
2026-05-17 07:02:48 [INFO] EPOCH:23, ======================ACC:56.41====================
2026-05-17 07:02:48 [INFO] BEST EPOCH:22,BEST ACC:58.18
2026-05-17 07:02:56 [INFO] Epoch: 24 [12800/50000 (26%)]	 Training Loss: 0.850 ACC: 62.17 CR: 0.68 Avg R1: 4.80 Avg R2: 5.72 Avg Reward: 10.517150
2026-05-17 07:03:04 [INFO] Epoch: 24 [25600/50000 (51%)]	 Training Loss: 0.845 ACC: 61.97 CR: 0.69 Avg R1: 4.84 Avg R2: 5.75 Avg Reward: 10.590932
2026-05-17 07:03:11 [INFO] Epoch: 24 [38400/50000 (77%)]	 Training Loss: 0.846 ACC: 61.96 CR: 0.69 Avg R1: 4.87 Avg R2: 5.78 Avg Reward: 10.653275
2026-05-17 07:03:18 [INFO] EPOCH:24, ======================CR:0.70162====================
2026-05-17 07:03:18 [INFO] 0.014657542197198723
2026-05-17 07:03:20 [INFO] EPOCH:24, ======================ACC:57.25====================
2026-05-17 07:03:20 [INFO] BEST EPOCH:22,BEST ACC:58.18
2026-05-17 07:03:20 [INFO] Saving Masks: current CR 0.7016 target CR 0.7000
2026-05-17 07:03:20 [INFO] Updated candidate mask pretrained-rescale_mask_best-acc_70_05170650_resnet18 at epoch 24 with acc 57.2500
2026-05-17 07:03:28 [INFO] Epoch: 25 [12800/50000 (26%)]	 Training Loss: 0.822 ACC: 63.49 CR: 0.71 Avg R1: 4.94 Avg R2: 5.92 Avg Reward: 10.855778
2026-05-17 07:03:35 [INFO] Epoch: 25 [25600/50000 (51%)]	 Training Loss: 0.854 ACC: 62.71 CR: 0.72 Avg R1: 4.86 Avg R2: 5.94 Avg Reward: 10.802165
2026-05-17 07:03:43 [INFO] Epoch: 25 [38400/50000 (77%)]	 Training Loss: 0.890 ACC: 62.26 CR: 0.76 Avg R1: 4.68 Avg R2: 6.01 Avg Reward: 10.689630
2026-05-17 07:03:51 [INFO] EPOCH:25, ======================CR:0.78052====================
2026-05-17 07:03:51 [INFO] 0.01068731580412979
2026-05-17 07:03:53 [INFO] EPOCH:25, ======================ACC:56.07====================
2026-05-17 07:03:53 [INFO] BEST EPOCH:24,BEST ACC:58.18
2026-05-17 07:04:02 [INFO] Epoch: 26 [12800/50000 (26%)]	 Training Loss: 0.892 ACC: 62.63 CR: 0.78 Avg R1: 3.64 Avg R2: 6.41 Avg Reward: 10.054442
2026-05-17 07:04:10 [INFO] Epoch: 26 [25600/50000 (51%)]	 Training Loss: 0.894 ACC: 63.07 CR: 0.79 Avg R1: 3.59 Avg R2: 6.43 Avg Reward: 10.026733
2026-05-17 07:04:19 [INFO] Epoch: 26 [38400/50000 (77%)]	 Training Loss: 0.912 ACC: 62.46 CR: 0.80 Avg R1: 3.55 Avg R2: 6.45 Avg Reward: 9.995940
2026-05-17 07:04:26 [INFO] EPOCH:26, ======================CR:0.804====================
2026-05-17 07:04:26 [INFO] 0.016942302412470626
2026-05-17 07:04:28 [INFO] EPOCH:26, ======================ACC:56.93====================
2026-05-17 07:04:28 [INFO] BEST EPOCH:24,BEST ACC:58.18
2026-05-17 07:04:35 [INFO] Epoch: 27 [12800/50000 (26%)]	 Training Loss: 0.911 ACC: 63.09 CR: 0.81 Avg R1: 3.23 Avg R2: 6.56 Avg Reward: 9.788645
2026-05-17 07:04:43 [INFO] Epoch: 27 [25600/50000 (51%)]	 Training Loss: 0.905 ACC: 63.14 CR: 0.81 Avg R1: 3.19 Avg R2: 6.57 Avg Reward: 9.764568
2026-05-17 07:04:51 [INFO] Epoch: 27 [38400/50000 (77%)]	 Training Loss: 0.908 ACC: 63.10 CR: 0.82 Avg R1: 3.15 Avg R2: 6.59 Avg Reward: 9.742008
2026-05-17 07:04:58 [INFO] EPOCH:27, ======================CR:0.81618====================
2026-05-17 07:04:58 [INFO] 0.010409479258789826
2026-05-17 07:05:00 [INFO] EPOCH:27, ======================ACC:57.2====================
2026-05-17 07:05:00 [INFO] BEST EPOCH:24,BEST ACC:58.18
2026-05-17 07:05:08 [INFO] Epoch: 28 [12800/50000 (26%)]	 Training Loss: 0.848 ACC: 63.62 CR: 0.81 Avg R1: 3.15 Avg R2: 6.59 Avg Reward: 9.743776
2026-05-17 07:05:15 [INFO] Epoch: 28 [25600/50000 (51%)]	 Training Loss: 0.846 ACC: 64.37 CR: 0.80 Avg R1: 3.20 Avg R2: 6.57 Avg Reward: 9.774707
2026-05-17 07:05:23 [INFO] Epoch: 28 [38400/50000 (77%)]	 Training Loss: 0.859 ACC: 64.04 CR: 0.80 Avg R1: 3.25 Avg R2: 6.55 Avg Reward: 9.804643
2026-05-17 07:05:30 [INFO] EPOCH:28, ======================CR:0.80864====================
2026-05-17 07:05:30 [INFO] 0.006996838888823119
2026-05-17 07:05:32 [INFO] EPOCH:28, ======================ACC:55.74====================
2026-05-17 07:05:32 [INFO] BEST EPOCH:24,BEST ACC:58.18
2026-05-17 07:05:40 [INFO] Epoch: 29 [12800/50000 (26%)]	 Training Loss: 0.878 ACC: 64.47 CR: 0.81 Avg R1: 3.12 Avg R2: 6.61 Avg Reward: 9.729226
2026-05-17 07:05:47 [INFO] Epoch: 29 [25600/50000 (51%)]	 Training Loss: 0.883 ACC: 64.73 CR: 0.82 Avg R1: 3.07 Avg R2: 6.63 Avg Reward: 9.700395
2026-05-17 07:05:55 [INFO] Epoch: 29 [38400/50000 (77%)]	 Training Loss: 0.904 ACC: 64.20 CR: 0.84 Avg R1: 2.99 Avg R2: 6.66 Avg Reward: 9.652198
2026-05-17 07:06:02 [INFO] EPOCH:29, ======================CR:0.85532====================
2026-05-17 07:06:02 [INFO] 0.0033604124505066464
2026-05-17 07:06:04 [INFO] EPOCH:29, ======================ACC:58.52====================
2026-05-17 07:06:04 [INFO] BEST EPOCH:29,BEST ACC:58.52
2026-05-17 07:06:12 [INFO] Epoch: 30 [12800/50000 (26%)]	 Training Loss: 0.966 ACC: 65.19 CR: 0.87 Avg R1: 2.26 Avg R2: 6.99 Avg Reward: 9.249333
2026-05-17 07:06:20 [INFO] Epoch: 30 [25600/50000 (51%)]	 Training Loss: 0.958 ACC: 64.66 CR: 0.89 Avg R1: 2.13 Avg R2: 7.05 Avg Reward: 9.175717
2026-05-17 07:06:28 [INFO] Epoch: 30 [38400/50000 (77%)]	 Training Loss: 0.958 ACC: 64.35 CR: 0.90 Avg R1: 2.02 Avg R2: 7.09 Avg Reward: 9.114729
2026-05-17 07:06:35 [INFO] EPOCH:30, ======================CR:0.90558====================
2026-05-17 07:06:35 [INFO] 0.01219939547422176
2026-05-17 07:06:37 [INFO] EPOCH:30, ======================ACC:57.22====================
2026-05-17 07:06:37 [INFO] BEST EPOCH:29,BEST ACC:58.52
2026-05-17 07:06:45 [INFO] Epoch: 31 [12800/50000 (26%)]	 Training Loss: 0.950 ACC: 64.23 CR: 0.91 Avg R1: 1.56 Avg R2: 7.32 Avg Reward: 8.887429
2026-05-17 07:06:53 [INFO] Epoch: 31 [25600/50000 (51%)]	 Training Loss: 0.965 ACC: 64.86 CR: 0.92 Avg R1: 1.51 Avg R2: 7.35 Avg Reward: 8.858642
2026-05-17 07:07:01 [INFO] Epoch: 31 [38400/50000 (77%)]	 Training Loss: 0.992 ACC: 64.45 CR: 0.93 Avg R1: 1.42 Avg R2: 7.39 Avg Reward: 8.812709
2026-05-17 07:07:09 [INFO] EPOCH:31, ======================CR:0.946====================
2026-05-17 07:07:09 [INFO] 0.01369332266760111
2026-05-17 07:07:11 [INFO] EPOCH:31, ======================ACC:49.16====================
2026-05-17 07:07:11 [INFO] BEST EPOCH:29,BEST ACC:58.52
2026-05-17 07:07:19 [INFO] Epoch: 32 [12800/50000 (26%)]	 Training Loss: 0.962 ACC: 65.96 CR: 0.95 Avg R1: 0.88 Avg R2: 7.67 Avg Reward: 8.551612
2026-05-17 07:07:26 [INFO] Epoch: 32 [25600/50000 (51%)]	 Training Loss: 0.980 ACC: 64.91 CR: 0.94 Avg R1: 0.89 Avg R2: 7.67 Avg Reward: 8.554276
2026-05-17 07:07:35 [INFO] Epoch: 32 [38400/50000 (77%)]	 Training Loss: 0.976 ACC: 64.79 CR: 0.94 Avg R1: 0.91 Avg R2: 7.65 Avg Reward: 8.564180
2026-05-17 07:07:41 [INFO] EPOCH:32, ======================CR:0.94066====================
2026-05-17 07:07:41 [INFO] 0.016325848451250274
2026-05-17 07:07:43 [INFO] EPOCH:32, ======================ACC:59.69====================
2026-05-17 07:07:43 [INFO] BEST EPOCH:32,BEST ACC:59.69
2026-05-17 07:07:51 [INFO] Epoch: 33 [12800/50000 (26%)]	 Training Loss: 0.930 ACC: 66.20 CR: 0.94 Avg R1: 0.99 Avg R2: 7.57 Avg Reward: 8.565129
2026-05-17 07:07:59 [INFO] Epoch: 33 [25600/50000 (51%)]	 Training Loss: 0.941 ACC: 65.67 CR: 0.94 Avg R1: 0.99 Avg R2: 7.58 Avg Reward: 8.563680
2026-05-17 07:08:06 [INFO] Epoch: 33 [38400/50000 (77%)]	 Training Loss: 0.939 ACC: 65.70 CR: 0.94 Avg R1: 1.00 Avg R2: 7.57 Avg Reward: 8.567268
2026-05-17 07:08:13 [INFO] EPOCH:33, ======================CR:0.93704====================
2026-05-17 07:08:13 [INFO] 0.017024618542066352
2026-05-17 07:08:15 [INFO] EPOCH:33, ======================ACC:59.26====================
2026-05-17 07:08:15 [INFO] BEST EPOCH:32,BEST ACC:59.69
2026-05-17 07:08:22 [INFO] Epoch: 34 [12800/50000 (26%)]	 Training Loss: 0.896 ACC: 67.57 CR: 0.94 Avg R1: 1.05 Avg R2: 7.56 Avg Reward: 8.612472
2026-05-17 07:08:30 [INFO] Epoch: 34 [25600/50000 (51%)]	 Training Loss: 0.900 ACC: 67.28 CR: 0.94 Avg R1: 1.06 Avg R2: 7.56 Avg Reward: 8.619622
2026-05-17 07:08:38 [INFO] Epoch: 34 [38400/50000 (77%)]	 Training Loss: 0.917 ACC: 66.65 CR: 0.94 Avg R1: 1.07 Avg R2: 7.55 Avg Reward: 8.619384
2026-05-17 07:08:45 [INFO] EPOCH:34, ======================CR:0.93696====================
2026-05-17 07:08:45 [INFO] 0.023269212912356816
2026-05-17 07:08:47 [INFO] EPOCH:34, ======================ACC:59.16====================
2026-05-17 07:08:47 [INFO] BEST EPOCH:32,BEST ACC:59.69
2026-05-17 07:08:55 [INFO] Epoch: 35 [12800/50000 (26%)]	 Training Loss: 0.897 ACC: 66.80 CR: 0.94 Avg R1: 1.05 Avg R2: 7.60 Avg Reward: 8.654347
2026-05-17 07:09:02 [INFO] Epoch: 35 [25600/50000 (51%)]	 Training Loss: 0.913 ACC: 66.52 CR: 0.94 Avg R1: 1.05 Avg R2: 7.60 Avg Reward: 8.652068
2026-05-17 07:09:10 [INFO] Epoch: 35 [38400/50000 (77%)]	 Training Loss: 0.918 ACC: 66.44 CR: 0.94 Avg R1: 1.04 Avg R2: 7.60 Avg Reward: 8.643850
2026-05-17 07:09:17 [INFO] EPOCH:35, ======================CR:0.94088====================
2026-05-17 07:09:17 [INFO] 0.017948359377028513
2026-05-17 07:09:19 [INFO] EPOCH:35, ======================ACC:62.55====================
2026-05-17 07:09:19 [INFO] BEST EPOCH:35,BEST ACC:62.55
2026-05-17 07:09:26 [INFO] Epoch: 36 [12800/50000 (26%)]	 Training Loss: 0.896 ACC: 68.23 CR: 0.94 Avg R1: 0.97 Avg R2: 7.65 Avg Reward: 8.622063
2026-05-17 07:09:35 [INFO] Epoch: 36 [25600/50000 (51%)]	 Training Loss: 0.900 ACC: 67.92 CR: 0.94 Avg R1: 0.96 Avg R2: 7.66 Avg Reward: 8.616957
2026-05-17 07:09:43 [INFO] Epoch: 36 [38400/50000 (77%)]	 Training Loss: 0.903 ACC: 67.60 CR: 0.94 Avg R1: 0.95 Avg R2: 7.66 Avg Reward: 8.614321
2026-05-17 07:09:50 [INFO] EPOCH:36, ======================CR:0.94912====================
2026-05-17 07:09:50 [INFO] 0.02748169609987014
2026-05-17 07:09:51 [INFO] EPOCH:36, ======================ACC:61.8====================
2026-05-17 07:09:51 [INFO] BEST EPOCH:35,BEST ACC:62.55
2026-05-17 07:09:59 [INFO] Epoch: 37 [12800/50000 (26%)]	 Training Loss: 0.907 ACC: 68.05 CR: 0.95 Avg R1: 0.81 Avg R2: 7.76 Avg Reward: 8.568690
2026-05-17 07:10:07 [INFO] Epoch: 37 [25600/50000 (51%)]	 Training Loss: 0.918 ACC: 67.68 CR: 0.96 Avg R1: 0.77 Avg R2: 7.78 Avg Reward: 8.555087
2026-05-17 07:10:14 [INFO] Epoch: 37 [38400/50000 (77%)]	 Training Loss: 0.931 ACC: 67.44 CR: 0.96 Avg R1: 0.73 Avg R2: 7.81 Avg Reward: 8.539494
2026-05-17 07:10:21 [INFO] EPOCH:37, ======================CR:0.9685====================
2026-05-17 07:10:21 [INFO] 0.0194045504295938
2026-05-17 07:10:23 [INFO] EPOCH:37, ======================ACC:62.04====================
2026-05-17 07:10:23 [INFO] BEST EPOCH:35,BEST ACC:62.55
2026-05-17 07:10:31 [INFO] Epoch: 38 [12800/50000 (26%)]	 Training Loss: 0.877 ACC: 69.38 CR: 0.97 Avg R1: 0.54 Avg R2: 7.94 Avg Reward: 8.481957
2026-05-17 07:10:39 [INFO] Epoch: 38 [25600/50000 (51%)]	 Training Loss: 0.893 ACC: 68.49 CR: 0.96 Avg R1: 0.57 Avg R2: 7.92 Avg Reward: 8.491196
2026-05-17 07:10:47 [INFO] Epoch: 38 [38400/50000 (77%)]	 Training Loss: 0.892 ACC: 68.27 CR: 0.96 Avg R1: 0.59 Avg R2: 7.90 Avg Reward: 8.498813
2026-05-17 07:10:55 [INFO] EPOCH:38, ======================CR:0.9543====================
2026-05-17 07:10:55 [INFO] 0.03066970112991941
2026-05-17 07:10:56 [INFO] EPOCH:38, ======================ACC:60.97====================
2026-05-17 07:10:56 [INFO] BEST EPOCH:35,BEST ACC:62.55
2026-05-17 07:11:05 [INFO] Epoch: 39 [12800/50000 (26%)]	 Training Loss: 0.848 ACC: 69.34 CR: 0.95 Avg R1: 0.78 Avg R2: 7.80 Avg Reward: 8.575448
2026-05-17 07:11:13 [INFO] Epoch: 39 [25600/50000 (51%)]	 Training Loss: 0.849 ACC: 69.06 CR: 0.95 Avg R1: 0.82 Avg R2: 7.78 Avg Reward: 8.591550
2026-05-17 07:11:21 [INFO] Epoch: 39 [38400/50000 (77%)]	 Training Loss: 0.857 ACC: 68.75 CR: 0.94 Avg R1: 0.85 Avg R2: 7.75 Avg Reward: 8.605855
2026-05-17 07:11:29 [INFO] EPOCH:39, ======================CR:0.93784====================
2026-05-17 07:11:29 [INFO] 0.023183518776466006
2026-05-17 07:11:31 [INFO] EPOCH:39, ======================ACC:59.66====================
2026-05-17 07:11:31 [INFO] BEST EPOCH:35,BEST ACC:62.55
2026-05-17 07:11:39 [INFO] Epoch: 40 [12800/50000 (26%)]	 Training Loss: 0.855 ACC: 69.12 CR: 0.94 Avg R1: 1.02 Avg R2: 7.67 Avg Reward: 8.683866
2026-05-17 07:11:47 [INFO] Epoch: 40 [25600/50000 (51%)]	 Training Loss: 0.867 ACC: 69.07 CR: 0.95 Avg R1: 0.98 Avg R2: 7.69 Avg Reward: 8.667835
2026-05-17 07:11:55 [INFO] Epoch: 40 [38400/50000 (77%)]	 Training Loss: 0.886 ACC: 68.64 CR: 0.95 Avg R1: 0.93 Avg R2: 7.72 Avg Reward: 8.650426
2026-05-17 07:12:03 [INFO] EPOCH:40, ======================CR:0.95778====================
2026-05-17 07:12:03 [INFO] 0.01602909995459119
2026-05-17 07:12:05 [INFO] EPOCH:40, ======================ACC:58.14====================
2026-05-17 07:12:05 [INFO] BEST EPOCH:35,BEST ACC:62.55
2026-05-17 07:12:12 [INFO] Epoch: 41 [12800/50000 (26%)]	 Training Loss: 0.845 ACC: 70.39 CR: 0.96 Avg R1: 0.69 Avg R2: 7.88 Avg Reward: 8.570263
2026-05-17 07:12:21 [INFO] Epoch: 41 [25600/50000 (51%)]	 Training Loss: 0.852 ACC: 69.82 CR: 0.96 Avg R1: 0.68 Avg R2: 7.88 Avg Reward: 8.566833
2026-05-17 07:12:29 [INFO] Epoch: 41 [38400/50000 (77%)]	 Training Loss: 0.868 ACC: 69.24 CR: 0.96 Avg R1: 0.69 Avg R2: 7.88 Avg Reward: 8.569425
2026-05-17 07:12:37 [INFO] EPOCH:41, ======================CR:0.95928====================
2026-05-17 07:12:37 [INFO] 0.020265193513222847
2026-05-17 07:12:39 [INFO] EPOCH:41, ======================ACC:59.75====================
2026-05-17 07:12:39 [INFO] BEST EPOCH:35,BEST ACC:62.55
2026-05-17 07:12:47 [INFO] Epoch: 42 [12800/50000 (26%)]	 Training Loss: 0.846 ACC: 70.16 CR: 0.96 Avg R1: 0.67 Avg R2: 7.90 Avg Reward: 8.565328
2026-05-17 07:12:54 [INFO] Epoch: 42 [25600/50000 (51%)]	 Training Loss: 0.857 ACC: 69.78 CR: 0.96 Avg R1: 0.66 Avg R2: 7.90 Avg Reward: 8.561527
2026-05-17 07:13:02 [INFO] Epoch: 42 [38400/50000 (77%)]	 Training Loss: 0.875 ACC: 69.28 CR: 0.96 Avg R1: 0.65 Avg R2: 7.91 Avg Reward: 8.554890
2026-05-17 07:13:09 [INFO] EPOCH:42, ======================CR:0.96414====================
2026-05-17 07:13:09 [INFO] 0.01886029902127669
2026-05-17 07:13:11 [INFO] EPOCH:42, ======================ACC:62.08====================
2026-05-17 07:13:11 [INFO] BEST EPOCH:35,BEST ACC:62.55
2026-05-17 07:13:19 [INFO] Epoch: 43 [12800/50000 (26%)]	 Training Loss: 0.855 ACC: 70.19 CR: 0.97 Avg R1: 0.58 Avg R2: 7.94 Avg Reward: 8.527915
2026-05-17 07:13:26 [INFO] Epoch: 43 [25600/50000 (51%)]	 Training Loss: 0.854 ACC: 70.15 CR: 0.97 Avg R1: 0.57 Avg R2: 7.95 Avg Reward: 8.521112
2026-05-17 07:13:34 [INFO] Epoch: 43 [38400/50000 (77%)]	 Training Loss: 0.874 ACC: 69.57 CR: 0.97 Avg R1: 0.55 Avg R2: 7.96 Avg Reward: 8.517578
2026-05-17 07:13:41 [INFO] EPOCH:43, ======================CR:0.9746====================
2026-05-17 07:13:41 [INFO] 0.018261934426856672
2026-05-17 07:13:42 [INFO] EPOCH:43, ======================ACC:61.95====================
2026-05-17 07:13:42 [INFO] BEST EPOCH:35,BEST ACC:62.55
2026-05-17 07:13:50 [INFO] Epoch: 44 [12800/50000 (26%)]	 Training Loss: 0.839 ACC: 70.71 CR: 0.97 Avg R1: 0.42 Avg R2: 8.11 Avg Reward: 8.535635
2026-05-17 07:13:59 [INFO] Epoch: 44 [25600/50000 (51%)]	 Training Loss: 0.844 ACC: 70.52 CR: 0.97 Avg R1: 0.44 Avg R2: 8.10 Avg Reward: 8.538801
2026-05-17 07:14:07 [INFO] Epoch: 44 [38400/50000 (77%)]	 Training Loss: 0.847 ACC: 70.35 CR: 0.97 Avg R1: 0.46 Avg R2: 8.08 Avg Reward: 8.541145
2026-05-17 07:14:14 [INFO] EPOCH:44, ======================CR:0.96552====================
2026-05-17 07:14:14 [INFO] 0.02293212016080738
2026-05-17 07:14:16 [INFO] EPOCH:44, ======================ACC:57.09====================
2026-05-17 07:14:16 [INFO] BEST EPOCH:35,BEST ACC:62.55
2026-05-17 07:14:24 [INFO] Epoch: 45 [12800/50000 (26%)]	 Training Loss: 0.836 ACC: 70.76 CR: 0.97 Avg R1: 0.58 Avg R2: 8.02 Avg Reward: 8.606075
2026-05-17 07:14:32 [INFO] Epoch: 45 [25600/50000 (51%)]	 Training Loss: 0.842 ACC: 70.45 CR: 0.97 Avg R1: 0.57 Avg R2: 8.03 Avg Reward: 8.599463
2026-05-17 07:14:40 [INFO] Epoch: 45 [38400/50000 (77%)]	 Training Loss: 0.848 ACC: 70.32 CR: 0.97 Avg R1: 0.55 Avg R2: 8.04 Avg Reward: 8.595377
2026-05-17 07:14:48 [INFO] EPOCH:45, ======================CR:0.96906====================
2026-05-17 07:14:48 [INFO] 0.02428289518289047
2026-05-17 07:14:50 [INFO] EPOCH:45, ======================ACC:61.8====================
2026-05-17 07:14:50 [INFO] BEST EPOCH:35,BEST ACC:62.55
2026-05-17 07:14:58 [INFO] Epoch: 46 [12800/50000 (26%)]	 Training Loss: 0.818 ACC: 71.66 CR: 0.97 Avg R1: 0.50 Avg R2: 8.06 Avg Reward: 8.564583
2026-05-17 07:15:06 [INFO] Epoch: 46 [25600/50000 (51%)]	 Training Loss: 0.842 ACC: 70.88 CR: 0.97 Avg R1: 0.48 Avg R2: 8.07 Avg Reward: 8.557425
2026-05-17 07:15:14 [INFO] Epoch: 46 [38400/50000 (77%)]	 Training Loss: 0.848 ACC: 70.68 CR: 0.98 Avg R1: 0.46 Avg R2: 8.09 Avg Reward: 8.551077
2026-05-17 07:15:22 [INFO] EPOCH:46, ======================CR:0.9753====================
2026-05-17 07:15:22 [INFO] 0.03361038748763619
2026-05-17 07:15:24 [INFO] EPOCH:46, ======================ACC:60.29====================
2026-05-17 07:15:24 [INFO] BEST EPOCH:35,BEST ACC:62.55
2026-05-17 07:15:32 [INFO] Epoch: 47 [12800/50000 (26%)]	 Training Loss: 0.791 ACC: 72.17 CR: 0.97 Avg R1: 0.43 Avg R2: 8.17 Avg Reward: 8.603463
2026-05-17 07:15:40 [INFO] Epoch: 47 [25600/50000 (51%)]	 Training Loss: 0.816 ACC: 71.57 CR: 0.98 Avg R1: 0.42 Avg R2: 8.18 Avg Reward: 8.601044
2026-05-17 07:15:49 [INFO] Epoch: 47 [38400/50000 (77%)]	 Training Loss: 0.839 ACC: 70.86 CR: 0.98 Avg R1: 0.42 Avg R2: 8.18 Avg Reward: 8.599217
2026-05-17 07:15:57 [INFO] EPOCH:47, ======================CR:0.9756====================
2026-05-17 07:15:57 [INFO] 0.015264798828999384
2026-05-17 07:15:58 [INFO] EPOCH:47, ======================ACC:61.23====================
2026-05-17 07:15:58 [INFO] BEST EPOCH:35,BEST ACC:62.55
2026-05-17 07:16:07 [INFO] Epoch: 48 [12800/50000 (26%)]	 Training Loss: 0.807 ACC: 71.62 CR: 0.98 Avg R1: 0.41 Avg R2: 8.21 Avg Reward: 8.616717
2026-05-17 07:16:15 [INFO] Epoch: 48 [25600/50000 (51%)]	 Training Loss: 0.813 ACC: 71.29 CR: 0.97 Avg R1: 0.42 Avg R2: 8.20 Avg Reward: 8.618766
2026-05-17 07:16:24 [INFO] Epoch: 48 [38400/50000 (77%)]	 Training Loss: 0.818 ACC: 71.14 CR: 0.97 Avg R1: 0.44 Avg R2: 8.18 Avg Reward: 8.620976
2026-05-17 07:16:32 [INFO] EPOCH:48, ======================CR:0.969====================
2026-05-17 07:16:32 [INFO] 0.02891633419385525
2026-05-17 07:16:34 [INFO] EPOCH:48, ======================ACC:58.84====================
2026-05-17 07:16:34 [INFO] BEST EPOCH:35,BEST ACC:62.55
2026-05-17 07:16:43 [INFO] Epoch: 49 [12800/50000 (26%)]	 Training Loss: 0.794 ACC: 72.03 CR: 0.97 Avg R1: 0.51 Avg R2: 8.10 Avg Reward: 8.614202
2026-05-17 07:16:52 [INFO] Epoch: 49 [25600/50000 (51%)]	 Training Loss: 0.804 ACC: 71.55 CR: 0.97 Avg R1: 0.50 Avg R2: 8.11 Avg Reward: 8.609353
2026-05-17 07:17:00 [INFO] Epoch: 49 [38400/50000 (77%)]	 Training Loss: 0.823 ACC: 71.11 CR: 0.97 Avg R1: 0.48 Avg R2: 8.12 Avg Reward: 8.605883
2026-05-17 07:17:08 [INFO] EPOCH:49, ======================CR:0.97534====================
2026-05-17 07:17:08 [INFO] 0.030132977418462045
2026-05-17 07:17:10 [INFO] EPOCH:49, ======================ACC:61.42====================
2026-05-17 07:17:10 [INFO] BEST EPOCH:35,BEST ACC:62.55
2026-05-17 07:17:18 [INFO] Epoch: 50 [12800/50000 (26%)]	 Training Loss: 0.823 ACC: 71.64 CR: 0.98 Avg R1: 0.40 Avg R2: 8.22 Avg Reward: 8.617331
2026-05-17 07:17:27 [INFO] Epoch: 50 [25600/50000 (51%)]	 Training Loss: 0.844 ACC: 71.32 CR: 0.98 Avg R1: 0.38 Avg R2: 8.24 Avg Reward: 8.620066
2026-05-17 07:17:36 [INFO] Epoch: 50 [38400/50000 (77%)]	 Training Loss: 0.853 ACC: 70.82 CR: 0.98 Avg R1: 0.36 Avg R2: 8.26 Avg Reward: 8.621097
2026-05-17 07:17:43 [INFO] EPOCH:50, ======================CR:0.98404====================
2026-05-17 07:17:43 [INFO] 0.030283712591332997
2026-05-17 07:17:45 [INFO] EPOCH:50, ======================ACC:61.6====================
2026-05-17 07:17:45 [INFO] BEST EPOCH:35,BEST ACC:62.55
2026-05-17 07:17:53 [INFO] Epoch: 51 [12800/50000 (26%)]	 Training Loss: 0.796 ACC: 72.08 CR: 0.98 Avg R1: 0.27 Avg R2: 8.37 Avg Reward: 8.645221
2026-05-17 07:18:02 [INFO] Epoch: 51 [25600/50000 (51%)]	 Training Loss: 0.797 ACC: 71.99 CR: 0.98 Avg R1: 0.30 Avg R2: 8.35 Avg Reward: 8.644787
2026-05-17 07:18:10 [INFO] Epoch: 51 [38400/50000 (77%)]	 Training Loss: 0.807 ACC: 71.67 CR: 0.98 Avg R1: 0.32 Avg R2: 8.33 Avg Reward: 8.646040
2026-05-17 07:18:18 [INFO] EPOCH:51, ======================CR:0.97578====================
2026-05-17 07:18:18 [INFO] 0.024324308030936537
2026-05-17 07:18:20 [INFO] EPOCH:51, ======================ACC:62.9====================
2026-05-17 07:18:20 [INFO] BEST EPOCH:51,BEST ACC:62.9
2026-05-17 07:18:29 [INFO] Epoch: 52 [12800/50000 (26%)]	 Training Loss: 0.813 ACC: 72.34 CR: 0.98 Avg R1: 0.40 Avg R2: 8.23 Avg Reward: 8.627536
2026-05-17 07:18:37 [INFO] Epoch: 52 [25600/50000 (51%)]	 Training Loss: 0.811 ACC: 72.25 CR: 0.98 Avg R1: 0.38 Avg R2: 8.25 Avg Reward: 8.631340
2026-05-17 07:18:47 [INFO] Epoch: 52 [38400/50000 (77%)]	 Training Loss: 0.817 ACC: 72.07 CR: 0.98 Avg R1: 0.36 Avg R2: 8.27 Avg Reward: 8.630507
2026-05-17 07:18:56 [INFO] EPOCH:52, ======================CR:0.98304====================
2026-05-17 07:18:56 [INFO] 0.026052723784318388
2026-05-17 07:18:58 [INFO] EPOCH:52, ======================ACC:62.58====================
2026-05-17 07:18:58 [INFO] BEST EPOCH:51,BEST ACC:62.9
2026-05-17 07:19:07 [INFO] Epoch: 53 [12800/50000 (26%)]	 Training Loss: 0.776 ACC: 72.38 CR: 0.98 Avg R1: 0.30 Avg R2: 8.37 Avg Reward: 8.670095
2026-05-17 07:19:18 [INFO] Epoch: 53 [25600/50000 (51%)]	 Training Loss: 0.789 ACC: 72.41 CR: 0.98 Avg R1: 0.31 Avg R2: 8.36 Avg Reward: 8.674285
2026-05-17 07:19:26 [INFO] Epoch: 53 [38400/50000 (77%)]	 Training Loss: 0.805 ACC: 72.10 CR: 0.98 Avg R1: 0.31 Avg R2: 8.36 Avg Reward: 8.674838
2026-05-17 07:19:35 [INFO] EPOCH:53, ======================CR:0.98104====================
2026-05-17 07:19:35 [INFO] 0.03369410267117649
2026-05-17 07:19:37 [INFO] EPOCH:53, ======================ACC:60.74====================
2026-05-17 07:19:37 [INFO] BEST EPOCH:51,BEST ACC:62.9
2026-05-17 07:19:46 [INFO] Epoch: 54 [12800/50000 (26%)]	 Training Loss: 0.771 ACC: 73.19 CR: 0.98 Avg R1: 0.31 Avg R2: 8.38 Avg Reward: 8.689363
2026-05-17 07:19:55 [INFO] Epoch: 54 [25600/50000 (51%)]	 Training Loss: 0.787 ACC: 72.83 CR: 0.98 Avg R1: 0.30 Avg R2: 8.38 Avg Reward: 8.684642
2026-05-17 07:20:04 [INFO] Epoch: 54 [38400/50000 (77%)]	 Training Loss: 0.800 ACC: 72.53 CR: 0.98 Avg R1: 0.30 Avg R2: 8.38 Avg Reward: 8.680192
2026-05-17 07:20:11 [INFO] EPOCH:54, ======================CR:0.98252====================
2026-05-17 07:20:11 [INFO] 0.04176519917348274
2026-05-17 07:20:13 [INFO] EPOCH:54, ======================ACC:62.9====================
2026-05-17 07:20:13 [INFO] BEST EPOCH:54,BEST ACC:62.9
2026-05-17 07:20:22 [INFO] Epoch: 55 [12800/50000 (26%)]	 Training Loss: 0.776 ACC: 73.34 CR: 0.98 Avg R1: 0.29 Avg R2: 8.39 Avg Reward: 8.677938
2026-05-17 07:20:30 [INFO] Epoch: 55 [25600/50000 (51%)]	 Training Loss: 0.788 ACC: 73.18 CR: 0.98 Avg R1: 0.28 Avg R2: 8.40 Avg Reward: 8.679015
2026-05-17 07:20:39 [INFO] Epoch: 55 [38400/50000 (77%)]	 Training Loss: 0.800 ACC: 72.91 CR: 0.99 Avg R1: 0.27 Avg R2: 8.41 Avg Reward: 8.681926
2026-05-17 07:20:48 [INFO] EPOCH:55, ======================CR:0.98892====================
2026-05-17 07:20:48 [INFO] 0.03709709934636542
2026-05-17 07:20:50 [INFO] EPOCH:55, ======================ACC:65.39====================
2026-05-17 07:20:50 [INFO] BEST EPOCH:55,BEST ACC:65.39
2026-05-17 07:20:59 [INFO] Epoch: 56 [12800/50000 (26%)]	 Training Loss: 0.791 ACC: 73.23 CR: 0.99 Avg R1: 0.18 Avg R2: 8.55 Avg Reward: 8.733438
2026-05-17 07:21:09 [INFO] Epoch: 56 [25600/50000 (51%)]	 Training Loss: 0.786 ACC: 73.47 CR: 0.99 Avg R1: 0.17 Avg R2: 8.56 Avg Reward: 8.734412
2026-05-17 07:21:18 [INFO] Epoch: 56 [38400/50000 (77%)]	 Training Loss: 0.799 ACC: 72.95 CR: 0.99 Avg R1: 0.17 Avg R2: 8.56 Avg Reward: 8.732827
2026-05-17 07:21:26 [INFO] EPOCH:56, ======================CR:0.98954====================
2026-05-17 07:21:26 [INFO] 0.044587108605123514
2026-05-17 07:21:27 [INFO] EPOCH:56, ======================ACC:63.41====================
2026-05-17 07:21:27 [INFO] BEST EPOCH:55,BEST ACC:65.39
2026-05-17 07:21:37 [INFO] Epoch: 57 [12800/50000 (26%)]	 Training Loss: 0.767 ACC: 74.07 CR: 0.99 Avg R1: 0.18 Avg R2: 8.57 Avg Reward: 8.746014
2026-05-17 07:21:47 [INFO] Epoch: 57 [25600/50000 (51%)]	 Training Loss: 0.784 ACC: 73.24 CR: 0.99 Avg R1: 0.18 Avg R2: 8.57 Avg Reward: 8.745482
2026-05-17 07:21:57 [INFO] Epoch: 57 [38400/50000 (77%)]	 Training Loss: 0.797 ACC: 72.79 CR: 0.99 Avg R1: 0.18 Avg R2: 8.57 Avg Reward: 8.746349
2026-05-17 07:22:04 [INFO] EPOCH:57, ======================CR:0.98704====================
2026-05-17 07:22:04 [INFO] 0.05151229505789499
2026-05-17 07:22:06 [INFO] EPOCH:57, ======================ACC:59.83====================
2026-05-17 07:22:06 [INFO] BEST EPOCH:55,BEST ACC:65.39
2026-05-17 07:22:13 [INFO] Epoch: 58 [12800/50000 (26%)]	 Training Loss: 0.709 ACC: 73.87 CR: 0.98 Avg R1: 0.29 Avg R2: 8.51 Avg Reward: 8.802635
2026-05-17 07:22:21 [INFO] Epoch: 58 [25600/50000 (51%)]	 Training Loss: 0.674 ACC: 74.64 CR: 0.95 Avg R1: 0.44 Avg R2: 8.40 Avg Reward: 8.842057
2026-05-17 07:22:29 [INFO] Epoch: 58 [38400/50000 (77%)]	 Training Loss: 0.663 ACC: 74.39 CR: 0.92 Avg R1: 0.66 Avg R2: 8.26 Avg Reward: 8.919179
2026-05-17 07:22:36 [INFO] EPOCH:58, ======================CR:0.89628====================
2026-05-17 07:22:36 [INFO] 0.052619020418682355
2026-05-17 07:22:38 [INFO] EPOCH:58, ======================ACC:64.98====================
2026-05-17 07:22:38 [INFO] BEST EPOCH:55,BEST ACC:65.39
2026-05-17 07:22:45 [INFO] Epoch: 59 [12800/50000 (26%)]	 Training Loss: 0.682 ACC: 75.20 CR: 0.91 Avg R1: 1.63 Avg R2: 7.59 Avg Reward: 9.218969
2026-05-17 07:22:52 [INFO] Epoch: 59 [25600/50000 (51%)]	 Training Loss: 0.707 ACC: 74.73 CR: 0.93 Avg R1: 1.49 Avg R2: 7.67 Avg Reward: 9.159272
2026-05-17 07:22:59 [INFO] Epoch: 59 [38400/50000 (77%)]	 Training Loss: 0.736 ACC: 74.02 CR: 0.95 Avg R1: 1.35 Avg R2: 7.75 Avg Reward: 9.102448
2026-05-17 07:23:06 [INFO] EPOCH:59, ======================CR:0.96312====================
2026-05-17 07:23:06 [INFO] 0.0669632236393868
2026-05-17 07:23:07 [INFO] EPOCH:59, ======================ACC:62.47====================
2026-05-17 07:23:07 [INFO] BEST EPOCH:55,BEST ACC:65.39
2026-05-17 07:23:15 [INFO] Epoch: 60 [12800/50000 (26%)]	 Training Loss: 0.691 ACC: 73.74 CR: 0.95 Avg R1: 0.71 Avg R2: 8.21 Avg Reward: 8.927269
2026-05-17 07:23:21 [INFO] Epoch: 60 [25600/50000 (51%)]	 Training Loss: 0.640 ACC: 74.69 CR: 0.92 Avg R1: 0.91 Avg R2: 8.10 Avg Reward: 9.001285
2026-05-17 07:23:28 [INFO] Epoch: 60 [38400/50000 (77%)]	 Training Loss: 0.622 ACC: 74.82 CR: 0.88 Avg R1: 1.17 Avg R2: 7.95 Avg Reward: 9.116579
2026-05-17 07:23:34 [INFO] EPOCH:60, ======================CR:0.83094====================
2026-05-17 07:23:34 [INFO] 0.03202747805122898
2026-05-17 07:23:36 [INFO] EPOCH:60, ======================ACC:63.33====================
2026-05-17 07:23:36 [INFO] BEST EPOCH:55,BEST ACC:65.39
2026-05-17 07:23:44 [INFO] Epoch: 61 [12800/50000 (26%)]	 Training Loss: 0.460 ACC: 76.61 CR: 0.78 Avg R1: 3.16 Avg R2: 6.89 Avg Reward: 10.056996
2026-05-17 07:23:51 [INFO] Epoch: 61 [25600/50000 (51%)]	 Training Loss: 0.427 ACC: 77.53 CR: 0.71 Avg R1: 3.73 Avg R2: 6.67 Avg Reward: 10.397702
2026-05-17 07:23:58 [INFO] Epoch: 61 [38400/50000 (77%)]	 Training Loss: 0.426 ACC: 77.66 CR: 0.66 Avg R1: 4.11 Avg R2: 6.47 Avg Reward: 10.577783
2026-05-17 07:24:04 [INFO] EPOCH:61, ======================CR:0.61808====================
2026-05-17 07:24:04 [INFO] 0.0037257852027234874
2026-05-17 07:24:06 [INFO] EPOCH:61, ======================ACC:66.83====================
2026-05-17 07:24:06 [INFO] BEST EPOCH:61,BEST ACC:66.83
2026-05-17 07:24:14 [INFO] Epoch: 62 [12800/50000 (26%)]	 Training Loss: 0.432 ACC: 77.99 CR: 0.63 Avg R1: 4.45 Avg R2: 5.62 Avg Reward: 10.065085
2026-05-17 07:24:21 [INFO] Epoch: 62 [25600/50000 (51%)]	 Training Loss: 0.441 ACC: 77.69 CR: 0.64 Avg R1: 4.50 Avg R2: 5.66 Avg Reward: 10.156739
2026-05-17 07:24:28 [INFO] Epoch: 62 [38400/50000 (77%)]	 Training Loss: 0.446 ACC: 77.32 CR: 0.65 Avg R1: 4.54 Avg R2: 5.69 Avg Reward: 10.228523
2026-05-17 07:24:35 [INFO] EPOCH:62, ======================CR:0.65424====================
2026-05-17 07:24:35 [INFO] 0.013414257254997822
2026-05-17 07:24:37 [INFO] EPOCH:62, ======================ACC:65.53====================
2026-05-17 07:24:37 [INFO] BEST EPOCH:61,BEST ACC:66.83
2026-05-17 07:24:44 [INFO] Epoch: 63 [12800/50000 (26%)]	 Training Loss: 0.435 ACC: 77.75 CR: 0.65 Avg R1: 4.66 Avg R2: 5.81 Avg Reward: 10.471722
2026-05-17 07:24:51 [INFO] Epoch: 63 [25600/50000 (51%)]	 Training Loss: 0.433 ACC: 78.00 CR: 0.65 Avg R1: 4.64 Avg R2: 5.80 Avg Reward: 10.442702
2026-05-17 07:24:59 [INFO] Epoch: 63 [38400/50000 (77%)]	 Training Loss: 0.444 ACC: 77.55 CR: 0.65 Avg R1: 4.64 Avg R2: 5.79 Avg Reward: 10.431081
2026-05-17 07:25:05 [INFO] EPOCH:63, ======================CR:0.65726====================
2026-05-17 07:25:05 [INFO] 0.015277754491265845
2026-05-17 07:25:07 [INFO] EPOCH:63, ======================ACC:63.12====================
2026-05-17 07:25:07 [INFO] BEST EPOCH:61,BEST ACC:66.83
2026-05-17 07:25:15 [INFO] Epoch: 64 [12800/50000 (26%)]	 Training Loss: 0.518 ACC: 76.85 CR: 0.68 Avg R1: 4.77 Avg R2: 5.95 Avg Reward: 10.726117
2026-05-17 07:25:22 [INFO] Epoch: 64 [25600/50000 (51%)]	 Training Loss: 0.564 ACC: 76.19 CR: 0.74 Avg R1: 4.78 Avg R2: 6.09 Avg Reward: 10.866715
2026-05-17 07:25:29 [INFO] Epoch: 64 [38400/50000 (77%)]	 Training Loss: 0.600 ACC: 75.14 CR: 0.79 Avg R1: 4.51 Avg R2: 6.25 Avg Reward: 10.760159
2026-05-17 07:25:36 [INFO] EPOCH:64, ======================CR:0.83384====================
2026-05-17 07:25:36 [INFO] 0.029322469391205645
2026-05-17 07:25:38 [INFO] EPOCH:64, ======================ACC:61.59====================
2026-05-17 07:25:38 [INFO] BEST EPOCH:61,BEST ACC:66.83
2026-05-17 07:25:45 [INFO] Epoch: 65 [12800/50000 (26%)]	 Training Loss: 0.571 ACC: 74.44 CR: 0.82 Avg R1: 2.87 Avg R2: 7.09 Avg Reward: 9.964258
2026-05-17 07:25:52 [INFO] Epoch: 65 [25600/50000 (51%)]	 Training Loss: 0.562 ACC: 74.92 CR: 0.79 Avg R1: 3.07 Avg R2: 7.01 Avg Reward: 10.078698
2026-05-17 07:25:59 [INFO] Epoch: 65 [38400/50000 (77%)]	 Training Loss: 0.560 ACC: 74.83 CR: 0.77 Avg R1: 3.24 Avg R2: 6.93 Avg Reward: 10.178079
2026-05-17 07:26:05 [INFO] EPOCH:65, ======================CR:0.75094====================
2026-05-17 07:26:05 [INFO] 0.02677209495880834
2026-05-17 07:26:07 [INFO] EPOCH:65, ======================ACC:63.85====================
2026-05-17 07:26:07 [INFO] BEST EPOCH:61,BEST ACC:66.83
2026-05-17 07:26:14 [INFO] Epoch: 66 [12800/50000 (26%)]	 Training Loss: 0.512 ACC: 76.52 CR: 0.74 Avg R1: 4.21 Avg R2: 6.51 Avg Reward: 10.717542
2026-05-17 07:26:21 [INFO] Epoch: 66 [25600/50000 (51%)]	 Training Loss: 0.508 ACC: 76.33 CR: 0.73 Avg R1: 4.30 Avg R2: 6.47 Avg Reward: 10.776998
2026-05-17 07:26:29 [INFO] Epoch: 66 [38400/50000 (77%)]	 Training Loss: 0.503 ACC: 76.43 CR: 0.71 Avg R1: 4.42 Avg R2: 6.43 Avg Reward: 10.846033
2026-05-17 07:26:36 [INFO] EPOCH:66, ======================CR:0.6957====================
2026-05-17 07:26:36 [INFO] 0.019031719733556978
2026-05-17 07:26:38 [INFO] EPOCH:66, ======================ACC:63.52====================
2026-05-17 07:26:38 [INFO] BEST EPOCH:61,BEST ACC:66.83
2026-05-17 07:26:38 [INFO] Saving Masks: current CR 0.6957 target CR 0.7000
2026-05-17 07:26:38 [INFO] Updated candidate mask pretrained-rescale_mask_best-acc_70_05170650_resnet18 at epoch 66 with acc 63.5200
2026-05-17 07:26:38 [INFO] Updated candidate mask pretrained-rescale_mask_best-r2_70_05170650_resnet18 at epoch 66 with acc 63.5200
2026-05-17 07:26:46 [INFO] Epoch: 67 [12800/50000 (26%)]	 Training Loss: 0.473 ACC: 76.35 CR: 0.69 Avg R1: 4.95 Avg R2: 6.13 Avg Reward: 11.077519
2026-05-17 07:26:54 [INFO] Epoch: 67 [25600/50000 (51%)]	 Training Loss: 0.500 ACC: 76.22 CR: 0.70 Avg R1: 4.95 Avg R2: 6.14 Avg Reward: 11.087373
2026-05-17 07:27:02 [INFO] Epoch: 67 [38400/50000 (77%)]	 Training Loss: 0.530 ACC: 75.60 CR: 0.72 Avg R1: 4.90 Avg R2: 6.18 Avg Reward: 11.078773
2026-05-17 07:27:09 [INFO] EPOCH:67, ======================CR:0.75682====================
2026-05-17 07:27:09 [INFO] 0.03964871837185054
2026-05-17 07:27:10 [INFO] EPOCH:67, ======================ACC:62.16====================
2026-05-17 07:27:10 [INFO] BEST EPOCH:66,BEST ACC:66.83
2026-05-17 07:27:18 [INFO] Epoch: 68 [12800/50000 (26%)]	 Training Loss: 0.612 ACC: 74.77 CR: 0.77 Avg R1: 3.90 Avg R2: 6.66 Avg Reward: 10.560674
2026-05-17 07:27:26 [INFO] Epoch: 68 [25600/50000 (51%)]	 Training Loss: 0.587 ACC: 75.12 CR: 0.78 Avg R1: 3.80 Avg R2: 6.70 Avg Reward: 10.504944
2026-05-17 07:27:35 [INFO] Epoch: 68 [38400/50000 (77%)]	 Training Loss: 0.577 ACC: 74.82 CR: 0.77 Avg R1: 3.77 Avg R2: 6.72 Avg Reward: 10.491089
2026-05-17 07:27:42 [INFO] EPOCH:68, ======================CR:0.75476====================
2026-05-17 07:27:42 [INFO] 0.0355327397709315
2026-05-17 07:27:44 [INFO] EPOCH:68, ======================ACC:65.66====================
2026-05-17 07:27:44 [INFO] BEST EPOCH:66,BEST ACC:66.83
2026-05-17 07:27:52 [INFO] Epoch: 69 [12800/50000 (26%)]	 Training Loss: 0.487 ACC: 76.83 CR: 0.74 Avg R1: 4.23 Avg R2: 6.55 Avg Reward: 10.784432
2026-05-17 07:28:00 [INFO] Epoch: 69 [25600/50000 (51%)]	 Training Loss: 0.493 ACC: 76.89 CR: 0.73 Avg R1: 4.34 Avg R2: 6.50 Avg Reward: 10.848268
2026-05-17 07:28:08 [INFO] Epoch: 69 [38400/50000 (77%)]	 Training Loss: 0.501 ACC: 76.54 CR: 0.71 Avg R1: 4.46 Avg R2: 6.46 Avg Reward: 10.916098
2026-05-17 07:28:15 [INFO] EPOCH:69, ======================CR:0.70456====================
2026-05-17 07:28:15 [INFO] 0.009871964392162293
2026-05-17 07:28:17 [INFO] EPOCH:69, ======================ACC:64.71====================
2026-05-17 07:28:17 [INFO] BEST EPOCH:66,BEST ACC:66.83
2026-05-17 07:28:17 [INFO] Saving Masks: current CR 0.7046 target CR 0.7000
2026-05-17 07:28:17 [INFO] Updated candidate mask pretrained-rescale_mask_best-acc_70_05170650_resnet18 at epoch 69 with acc 64.7100
2026-05-17 07:28:17 [INFO] Updated candidate mask pretrained-rescale_mask_best-r2_70_05170650_resnet18 at epoch 69 with acc 64.7100
2026-05-17 07:28:24 [INFO] Epoch: 70 [12800/50000 (26%)]	 Training Loss: 0.492 ACC: 76.80 CR: 0.70 Avg R1: 4.93 Avg R2: 6.24 Avg Reward: 11.166147
2026-05-17 07:28:31 [INFO] Epoch: 70 [25600/50000 (51%)]	 Training Loss: 0.492 ACC: 76.52 CR: 0.70 Avg R1: 4.94 Avg R2: 6.23 Avg Reward: 11.168864
2026-05-17 07:28:38 [INFO] Epoch: 70 [38400/50000 (77%)]	 Training Loss: 0.488 ACC: 76.42 CR: 0.69 Avg R1: 4.94 Avg R2: 6.20 Avg Reward: 11.147095
2026-05-17 07:28:44 [INFO] EPOCH:70, ======================CR:0.67542====================
2026-05-17 07:28:44 [INFO] 0.010062535066551016
2026-05-17 07:28:46 [INFO] EPOCH:70, ======================ACC:64.09====================
2026-05-17 07:28:46 [INFO] BEST EPOCH:69,BEST ACC:66.83
2026-05-17 07:28:53 [INFO] Epoch: 71 [12800/50000 (26%)]	 Training Loss: 0.452 ACC: 77.05 CR: 0.66 Avg R1: 4.79 Avg R2: 6.02 Avg Reward: 10.802746
2026-05-17 07:29:01 [INFO] Epoch: 71 [25600/50000 (51%)]	 Training Loss: 0.449 ACC: 77.39 CR: 0.66 Avg R1: 4.75 Avg R2: 5.98 Avg Reward: 10.728899
2026-05-17 07:29:09 [INFO] Epoch: 71 [38400/50000 (77%)]	 Training Loss: 0.476 ACC: 76.78 CR: 0.67 Avg R1: 4.75 Avg R2: 5.98 Avg Reward: 10.722970
2026-05-17 07:29:17 [INFO] EPOCH:71, ======================CR:0.67934====================
2026-05-17 07:29:17 [INFO] 0.00019728263466735902
2026-05-17 07:29:19 [INFO] EPOCH:71, ======================ACC:62.56====================
2026-05-17 07:29:19 [INFO] BEST EPOCH:69,BEST ACC:66.83
2026-05-17 07:29:27 [INFO] Epoch: 72 [12800/50000 (26%)]	 Training Loss: 0.501 ACC: 76.71 CR: 0.69 Avg R1: 4.89 Avg R2: 6.15 Avg Reward: 11.038830
2026-05-17 07:29:35 [INFO] Epoch: 72 [25600/50000 (51%)]	 Training Loss: 0.510 ACC: 76.59 CR: 0.70 Avg R1: 4.93 Avg R2: 6.18 Avg Reward: 11.102756
2026-05-17 07:29:42 [INFO] Epoch: 72 [38400/50000 (77%)]	 Training Loss: 0.540 ACC: 76.07 CR: 0.74 Avg R1: 4.84 Avg R2: 6.24 Avg Reward: 11.076223
2026-05-17 07:29:49 [INFO] EPOCH:72, ======================CR:0.76592====================
2026-05-17 07:29:49 [INFO] 0.03984467238668663
2026-05-17 07:29:51 [INFO] EPOCH:72, ======================ACC:63.04====================
2026-05-17 07:29:51 [INFO] BEST EPOCH:69,BEST ACC:66.83
2026-05-17 07:29:59 [INFO] Epoch: 73 [12800/50000 (26%)]	 Training Loss: 0.552 ACC: 75.01 CR: 0.76 Avg R1: 3.92 Avg R2: 6.71 Avg Reward: 10.630325
2026-05-17 07:30:07 [INFO] Epoch: 73 [25600/50000 (51%)]	 Training Loss: 0.518 ACC: 75.74 CR: 0.74 Avg R1: 4.05 Avg R2: 6.66 Avg Reward: 10.704151
2026-05-17 07:30:15 [INFO] Epoch: 73 [38400/50000 (77%)]	 Training Loss: 0.500 ACC: 76.23 CR: 0.71 Avg R1: 4.25 Avg R2: 6.58 Avg Reward: 10.821170
2026-05-17 07:30:22 [INFO] EPOCH:73, ======================CR:0.67416====================
2026-05-17 07:30:22 [INFO] 0.02092894111783843
2026-05-17 07:30:24 [INFO] EPOCH:73, ======================ACC:64.87====================
2026-05-17 07:30:24 [INFO] BEST EPOCH:69,BEST ACC:66.83
2026-05-17 07:30:32 [INFO] Epoch: 74 [12800/50000 (26%)]	 Training Loss: 0.419 ACC: 78.02 CR: 0.66 Avg R1: 4.78 Avg R2: 6.05 Avg Reward: 10.826872
2026-05-17 07:30:40 [INFO] Epoch: 74 [25600/50000 (51%)]	 Training Loss: 0.417 ACC: 78.32 CR: 0.65 Avg R1: 4.73 Avg R2: 6.01 Avg Reward: 10.738915
2026-05-17 07:30:49 [INFO] Epoch: 74 [38400/50000 (77%)]	 Training Loss: 0.438 ACC: 77.60 CR: 0.65 Avg R1: 4.70 Avg R2: 5.98 Avg Reward: 10.679652
2026-05-17 07:30:56 [INFO] EPOCH:74, ======================CR:0.65484====================
2026-05-17 07:30:56 [INFO] 0.029726300360102417
2026-05-17 07:30:58 [INFO] EPOCH:74, ======================ACC:60.62====================
2026-05-17 07:30:58 [INFO] BEST EPOCH:69,BEST ACC:66.83
2026-05-17 07:31:05 [INFO] Epoch: 75 [12800/50000 (26%)]	 Training Loss: 0.491 ACC: 77.41 CR: 0.67 Avg R1: 4.73 Avg R2: 6.00 Avg Reward: 10.732127
2026-05-17 07:31:14 [INFO] Epoch: 75 [25600/50000 (51%)]	 Training Loss: 0.509 ACC: 77.09 CR: 0.70 Avg R1: 4.81 Avg R2: 6.07 Avg Reward: 10.884561
2026-05-17 07:31:22 [INFO] Epoch: 75 [38400/50000 (77%)]	 Training Loss: 0.527 ACC: 76.27 CR: 0.72 Avg R1: 4.82 Avg R2: 6.15 Avg Reward: 10.972174
2026-05-17 07:31:30 [INFO] EPOCH:75, ======================CR:0.73776====================
2026-05-17 07:31:30 [INFO] 0.03835764441723327
2026-05-17 07:31:31 [INFO] EPOCH:75, ======================ACC:63.09====================
2026-05-17 07:31:31 [INFO] BEST EPOCH:69,BEST ACC:66.83
2026-05-17 07:31:40 [INFO] Epoch: 76 [12800/50000 (26%)]	 Training Loss: 0.505 ACC: 77.12 CR: 0.74 Avg R1: 4.38 Avg R2: 6.55 Avg Reward: 10.930492
2026-05-17 07:31:47 [INFO] Epoch: 76 [25600/50000 (51%)]	 Training Loss: 0.512 ACC: 76.83 CR: 0.75 Avg R1: 4.33 Avg R2: 6.57 Avg Reward: 10.902477
2026-05-17 07:31:57 [INFO] Epoch: 76 [38400/50000 (77%)]	 Training Loss: 0.525 ACC: 76.46 CR: 0.75 Avg R1: 4.28 Avg R2: 6.59 Avg Reward: 10.869592
2026-05-17 07:32:04 [INFO] EPOCH:76, ======================CR:0.75208====================
2026-05-17 07:32:04 [INFO] 0.03309061480042055
2026-05-17 07:32:06 [INFO] EPOCH:76, ======================ACC:60.97====================
2026-05-17 07:32:06 [INFO] BEST EPOCH:69,BEST ACC:66.83
2026-05-17 07:32:14 [INFO] Epoch: 77 [12800/50000 (26%)]	 Training Loss: 0.536 ACC: 76.48 CR: 0.75 Avg R1: 4.14 Avg R2: 6.64 Avg Reward: 10.781622
2026-05-17 07:32:23 [INFO] Epoch: 77 [25600/50000 (51%)]	 Training Loss: 0.530 ACC: 76.66 CR: 0.75 Avg R1: 4.12 Avg R2: 6.65 Avg Reward: 10.774174
2026-05-17 07:32:31 [INFO] Epoch: 77 [38400/50000 (77%)]	 Training Loss: 0.536 ACC: 76.22 CR: 0.76 Avg R1: 4.11 Avg R2: 6.66 Avg Reward: 10.772267
2026-05-17 07:32:38 [INFO] EPOCH:77, ======================CR:0.75478====================
2026-05-17 07:32:38 [INFO] 0.03743169601333364
2026-05-17 07:32:40 [INFO] EPOCH:77, ======================ACC:63.57====================
2026-05-17 07:32:40 [INFO] BEST EPOCH:69,BEST ACC:66.83
2026-05-17 07:32:49 [INFO] Epoch: 78 [12800/50000 (26%)]	 Training Loss: 0.489 ACC: 77.13 CR: 0.74 Avg R1: 4.22 Avg R2: 6.64 Avg Reward: 10.854522
2026-05-17 07:32:57 [INFO] Epoch: 78 [25600/50000 (51%)]	 Training Loss: 0.475 ACC: 77.54 CR: 0.72 Avg R1: 4.36 Avg R2: 6.58 Avg Reward: 10.940567
2026-05-17 07:33:05 [INFO] Epoch: 78 [38400/50000 (77%)]	 Training Loss: 0.482 ACC: 77.32 CR: 0.71 Avg R1: 4.48 Avg R2: 6.53 Avg Reward: 11.012017
2026-05-17 07:33:13 [INFO] EPOCH:78, ======================CR:0.71888====================
2026-05-17 07:33:13 [INFO] 0.030807090521300318
2026-05-17 07:33:15 [INFO] EPOCH:78, ======================ACC:64.84====================
2026-05-17 07:33:15 [INFO] BEST EPOCH:69,BEST ACC:66.83
2026-05-17 07:33:24 [INFO] Epoch: 79 [12800/50000 (26%)]	 Training Loss: 0.506 ACC: 77.77 CR: 0.73 Avg R1: 4.62 Avg R2: 6.47 Avg Reward: 11.085974
2026-05-17 07:33:31 [INFO] Epoch: 79 [25600/50000 (51%)]	 Training Loss: 0.525 ACC: 77.00 CR: 0.74 Avg R1: 4.51 Avg R2: 6.51 Avg Reward: 11.024123
2026-05-17 07:33:40 [INFO] Epoch: 79 [38400/50000 (77%)]	 Training Loss: 0.528 ACC: 76.63 CR: 0.74 Avg R1: 4.43 Avg R2: 6.55 Avg Reward: 10.980377
2026-05-17 07:33:47 [INFO] EPOCH:79, ======================CR:0.75038====================
2026-05-17 07:33:47 [INFO] 0.045294662148874086
2026-05-17 07:33:49 [INFO] EPOCH:79, ======================ACC:65.29====================
2026-05-17 07:33:49 [INFO] BEST EPOCH:69,BEST ACC:66.83
2026-05-17 07:33:57 [INFO] Epoch: 80 [12800/50000 (26%)]	 Training Loss: 0.479 ACC: 77.87 CR: 0.74 Avg R1: 4.19 Avg R2: 6.67 Avg Reward: 10.864520
2026-05-17 07:34:05 [INFO] Epoch: 80 [25600/50000 (51%)]	 Training Loss: 0.471 ACC: 78.28 CR: 0.73 Avg R1: 4.27 Avg R2: 6.64 Avg Reward: 10.909730
2026-05-17 07:34:14 [INFO] Epoch: 80 [38400/50000 (77%)]	 Training Loss: 0.476 ACC: 77.86 CR: 0.72 Avg R1: 4.35 Avg R2: 6.60 Avg Reward: 10.951081
2026-05-17 07:34:21 [INFO] EPOCH:80, ======================CR:0.7011====================
2026-05-17 07:34:21 [INFO] 0.024608971943441933
2026-05-17 07:34:22 [INFO] EPOCH:80, ======================ACC:67.48====================
2026-05-17 07:34:22 [INFO] BEST EPOCH:80,BEST ACC:67.48
2026-05-17 07:34:22 [INFO] Saving Masks: current CR 0.7011 target CR 0.7000
2026-05-17 07:34:22 [INFO] Updated candidate mask pretrained-rescale_mask_best-acc_70_05170650_resnet18 at epoch 80 with acc 67.4800
2026-05-17 07:34:22 [INFO] Updated candidate mask pretrained-rescale_mask_best-r2_70_05170650_resnet18 at epoch 80 with acc 67.4800
2026-05-17 07:34:29 [INFO] Epoch: 81 [12800/50000 (26%)]	 Training Loss: 0.408 ACC: 80.08 CR: 0.70 Avg R1: 4.98 Avg R2: 6.28 Avg Reward: 11.261957
2026-05-17 07:34:36 [INFO] Epoch: 81 [25600/50000 (51%)]	 Training Loss: 0.441 ACC: 78.90 CR: 0.70 Avg R1: 4.98 Avg R2: 6.29 Avg Reward: 11.267610
2026-05-17 07:34:43 [INFO] Epoch: 81 [38400/50000 (77%)]	 Training Loss: 0.462 ACC: 78.14 CR: 0.71 Avg R1: 4.96 Avg R2: 6.30 Avg Reward: 11.260044
2026-05-17 07:34:49 [INFO] EPOCH:81, ======================CR:0.7243====================
2026-05-17 07:34:49 [INFO] 0.027352567293097266
2026-05-17 07:34:51 [INFO] EPOCH:81, ======================ACC:65.27====================
2026-05-17 07:34:51 [INFO] BEST EPOCH:80,BEST ACC:67.48
2026-05-17 07:34:57 [INFO] Epoch: 82 [12800/50000 (26%)]	 Training Loss: 0.501 ACC: 77.43 CR: 0.73 Avg R1: 4.50 Avg R2: 6.52 Avg Reward: 11.024752
2026-05-17 07:35:04 [INFO] Epoch: 82 [25600/50000 (51%)]	 Training Loss: 0.496 ACC: 77.18 CR: 0.74 Avg R1: 4.45 Avg R2: 6.54 Avg Reward: 10.997620
2026-05-17 07:35:11 [INFO] Epoch: 82 [38400/50000 (77%)]	 Training Loss: 0.508 ACC: 76.85 CR: 0.74 Avg R1: 4.42 Avg R2: 6.56 Avg Reward: 10.975920
2026-05-17 07:35:18 [INFO] EPOCH:82, ======================CR:0.73956====================
2026-05-17 07:35:18 [INFO] 0.038021982356251205
2026-05-17 07:35:20 [INFO] EPOCH:82, ======================ACC:64.42====================
2026-05-17 07:35:20 [INFO] BEST EPOCH:80,BEST ACC:67.48
2026-05-17 07:35:27 [INFO] Epoch: 83 [12800/50000 (26%)]	 Training Loss: 0.437 ACC: 79.85 CR: 0.73 Avg R1: 4.40 Avg R2: 6.58 Avg Reward: 10.977684
2026-05-17 07:35:34 [INFO] Epoch: 83 [25600/50000 (51%)]	 Training Loss: 0.445 ACC: 79.41 CR: 0.73 Avg R1: 4.46 Avg R2: 6.56 Avg Reward: 11.013524
2026-05-17 07:35:42 [INFO] Epoch: 83 [38400/50000 (77%)]	 Training Loss: 0.468 ACC: 78.54 CR: 0.73 Avg R1: 4.45 Avg R2: 6.56 Avg Reward: 11.010052
2026-05-17 07:35:48 [INFO] EPOCH:83, ======================CR:0.73126====================
2026-05-17 07:35:48 [INFO] 0.0407052683661908
2026-05-17 07:35:50 [INFO] EPOCH:83, ======================ACC:63.75====================
2026-05-17 07:35:50 [INFO] BEST EPOCH:80,BEST ACC:67.48
2026-05-17 07:35:58 [INFO] Epoch: 84 [12800/50000 (26%)]	 Training Loss: 0.468 ACC: 79.38 CR: 0.74 Avg R1: 4.41 Avg R2: 6.59 Avg Reward: 10.997172
2026-05-17 07:36:05 [INFO] Epoch: 84 [25600/50000 (51%)]	 Training Loss: 0.488 ACC: 78.68 CR: 0.75 Avg R1: 4.32 Avg R2: 6.62 Avg Reward: 10.938776
2026-05-17 07:36:12 [INFO] Epoch: 84 [38400/50000 (77%)]	 Training Loss: 0.500 ACC: 77.88 CR: 0.75 Avg R1: 4.24 Avg R2: 6.65 Avg Reward: 10.893353
2026-05-17 07:36:19 [INFO] EPOCH:84, ======================CR:0.74582====================
2026-05-17 07:36:19 [INFO] 0.044677222052283215
2026-05-17 07:36:21 [INFO] EPOCH:84, ======================ACC:66.98====================
2026-05-17 07:36:21 [INFO] BEST EPOCH:80,BEST ACC:67.48
2026-05-17 07:36:28 [INFO] Epoch: 85 [12800/50000 (26%)]	 Training Loss: 0.454 ACC: 79.24 CR: 0.74 Avg R1: 4.33 Avg R2: 6.61 Avg Reward: 10.942651
2026-05-17 07:36:35 [INFO] Epoch: 85 [25600/50000 (51%)]	 Training Loss: 0.454 ACC: 79.12 CR: 0.73 Avg R1: 4.39 Avg R2: 6.59 Avg Reward: 10.978687
2026-05-17 07:36:42 [INFO] Epoch: 85 [38400/50000 (77%)]	 Training Loss: 0.461 ACC: 78.79 CR: 0.72 Avg R1: 4.45 Avg R2: 6.57 Avg Reward: 11.011642
2026-05-17 07:36:49 [INFO] EPOCH:85, ======================CR:0.72384====================
2026-05-17 07:36:49 [INFO] 0.04177356249362004
2026-05-17 07:36:51 [INFO] EPOCH:85, ======================ACC:64.97====================
2026-05-17 07:36:51 [INFO] BEST EPOCH:80,BEST ACC:67.48
2026-05-17 07:36:58 [INFO] Epoch: 86 [12800/50000 (26%)]	 Training Loss: 0.487 ACC: 79.27 CR: 0.74 Avg R1: 4.46 Avg R2: 6.57 Avg Reward: 11.023786
2026-05-17 07:37:05 [INFO] Epoch: 86 [25600/50000 (51%)]	 Training Loss: 0.496 ACC: 78.46 CR: 0.76 Avg R1: 4.31 Avg R2: 6.62 Avg Reward: 10.937414
2026-05-17 07:37:12 [INFO] Epoch: 86 [38400/50000 (77%)]	 Training Loss: 0.518 ACC: 78.00 CR: 0.78 Avg R1: 4.15 Avg R2: 6.69 Avg Reward: 10.842892
2026-05-17 07:37:19 [INFO] EPOCH:86, ======================CR:0.8097====================
2026-05-17 07:37:19 [INFO] 0.0829769927337179
2026-05-17 07:37:21 [INFO] EPOCH:86, ======================ACC:64.35====================
2026-05-17 07:37:21 [INFO] BEST EPOCH:80,BEST ACC:67.48
2026-05-17 07:37:28 [INFO] Epoch: 87 [12800/50000 (26%)]	 Training Loss: 0.498 ACC: 78.49 CR: 0.80 Avg R1: 3.19 Avg R2: 7.16 Avg Reward: 10.352089
2026-05-17 07:37:36 [INFO] Epoch: 87 [25600/50000 (51%)]	 Training Loss: 0.483 ACC: 78.75 CR: 0.79 Avg R1: 3.30 Avg R2: 7.11 Avg Reward: 10.418302
2026-05-17 07:37:42 [INFO] Epoch: 87 [38400/50000 (77%)]	 Training Loss: 0.486 ACC: 78.45 CR: 0.77 Avg R1: 3.45 Avg R2: 7.05 Avg Reward: 10.498948
2026-05-17 07:37:49 [INFO] EPOCH:87, ======================CR:0.75064====================
2026-05-17 07:37:49 [INFO] 0.07050756057846677
2026-05-17 07:37:51 [INFO] EPOCH:87, ======================ACC:65.56====================
2026-05-17 07:37:51 [INFO] BEST EPOCH:80,BEST ACC:67.48
2026-05-17 07:37:58 [INFO] Epoch: 88 [12800/50000 (26%)]	 Training Loss: 0.425 ACC: 80.09 CR: 0.74 Avg R1: 4.24 Avg R2: 6.69 Avg Reward: 10.932264
2026-05-17 07:38:06 [INFO] Epoch: 88 [25600/50000 (51%)]	 Training Loss: 0.419 ACC: 79.91 CR: 0.72 Avg R1: 4.39 Avg R2: 6.63 Avg Reward: 11.021411
2026-05-17 07:38:13 [INFO] Epoch: 88 [38400/50000 (77%)]	 Training Loss: 0.419 ACC: 79.82 CR: 0.69 Avg R1: 4.56 Avg R2: 6.55 Avg Reward: 11.113669
2026-05-17 07:38:19 [INFO] EPOCH:88, ======================CR:0.66322====================
2026-05-17 07:38:19 [INFO] 0.05524162235069203
2026-05-17 07:38:21 [INFO] EPOCH:88, ======================ACC:63.94====================
2026-05-17 07:38:21 [INFO] BEST EPOCH:80,BEST ACC:67.48
2026-05-17 07:38:29 [INFO] Epoch: 89 [12800/50000 (26%)]	 Training Loss: 0.364 ACC: 81.79 CR: 0.66 Avg R1: 4.71 Avg R2: 6.07 Avg Reward: 10.784038
2026-05-17 07:38:36 [INFO] Epoch: 89 [25600/50000 (51%)]	 Training Loss: 0.376 ACC: 81.37 CR: 0.66 Avg R1: 4.70 Avg R2: 6.06 Avg Reward: 10.762063
2026-05-17 07:38:43 [INFO] Epoch: 89 [38400/50000 (77%)]	 Training Loss: 0.384 ACC: 80.97 CR: 0.66 Avg R1: 4.70 Avg R2: 6.06 Avg Reward: 10.754761
2026-05-17 07:38:50 [INFO] EPOCH:89, ======================CR:0.65904====================
2026-05-17 07:38:50 [INFO] 0.058328828342320345
2026-05-17 07:38:52 [INFO] EPOCH:89, ======================ACC:65.39====================
2026-05-17 07:38:52 [INFO] BEST EPOCH:80,BEST ACC:67.48
2026-05-17 07:38:58 [INFO] Epoch: 90 [12800/50000 (26%)]	 Training Loss: 0.394 ACC: 81.20 CR: 0.66 Avg R1: 4.72 Avg R2: 6.05 Avg Reward: 10.771914
2026-05-17 07:39:06 [INFO] Epoch: 90 [25600/50000 (51%)]	 Training Loss: 0.395 ACC: 81.29 CR: 0.67 Avg R1: 4.74 Avg R2: 6.07 Avg Reward: 10.812538
2026-05-17 07:39:13 [INFO] Epoch: 90 [38400/50000 (77%)]	 Training Loss: 0.409 ACC: 80.60 CR: 0.68 Avg R1: 4.78 Avg R2: 6.10 Avg Reward: 10.881200
2026-05-17 07:39:20 [INFO] EPOCH:90, ======================CR:0.69512====================
2026-05-17 07:39:20 [INFO] 0.07218034381663263
2026-05-17 07:39:22 [INFO] EPOCH:90, ======================ACC:64.16====================
2026-05-17 07:39:22 [INFO] BEST EPOCH:80,BEST ACC:67.48
2026-05-17 07:39:22 [INFO] Saving Masks: current CR 0.6951 target CR 0.7000
2026-05-17 07:39:29 [INFO] Epoch: 91 [12800/50000 (26%)]	 Training Loss: 0.440 ACC: 80.12 CR: 0.71 Avg R1: 4.97 Avg R2: 6.34 Avg Reward: 11.307750
2026-05-17 07:39:36 [INFO] Epoch: 91 [25600/50000 (51%)]	 Training Loss: 0.443 ACC: 79.80 CR: 0.72 Avg R1: 4.89 Avg R2: 6.38 Avg Reward: 11.268404
2026-05-17 07:39:43 [INFO] Epoch: 91 [38400/50000 (77%)]	 Training Loss: 0.444 ACC: 79.64 CR: 0.72 Avg R1: 4.82 Avg R2: 6.41 Avg Reward: 11.228013
2026-05-17 07:39:50 [INFO] EPOCH:91, ======================CR:0.72918====================
2026-05-17 07:39:50 [INFO] 0.07134931013462929
2026-05-17 07:39:51 [INFO] EPOCH:91, ======================ACC:66.16====================
2026-05-17 07:39:51 [INFO] BEST EPOCH:80,BEST ACC:67.48
2026-05-17 07:39:59 [INFO] Epoch: 92 [12800/50000 (26%)]	 Training Loss: 0.425 ACC: 80.80 CR: 0.73 Avg R1: 4.51 Avg R2: 6.59 Avg Reward: 11.097461
2026-05-17 07:40:06 [INFO] Epoch: 92 [25600/50000 (51%)]	 Training Loss: 0.422 ACC: 80.62 CR: 0.72 Avg R1: 4.56 Avg R2: 6.57 Avg Reward: 11.127430
2026-05-17 07:40:13 [INFO] Epoch: 92 [38400/50000 (77%)]	 Training Loss: 0.426 ACC: 80.23 CR: 0.71 Avg R1: 4.62 Avg R2: 6.54 Avg Reward: 11.165400
2026-05-17 07:40:21 [INFO] EPOCH:92, ======================CR:0.71566====================
2026-05-17 07:40:21 [INFO] 0.06083809566746897
2026-05-17 07:40:22 [INFO] EPOCH:92, ======================ACC:65.85====================
2026-05-17 07:40:22 [INFO] BEST EPOCH:80,BEST ACC:67.48
2026-05-17 07:40:30 [INFO] Epoch: 93 [12800/50000 (26%)]	 Training Loss: 0.439 ACC: 80.37 CR: 0.72 Avg R1: 4.66 Avg R2: 6.52 Avg Reward: 11.173671
2026-05-17 07:40:37 [INFO] Epoch: 93 [25600/50000 (51%)]	 Training Loss: 0.437 ACC: 80.11 CR: 0.72 Avg R1: 4.63 Avg R2: 6.53 Avg Reward: 11.154041
2026-05-17 07:40:45 [INFO] Epoch: 93 [38400/50000 (77%)]	 Training Loss: 0.431 ACC: 79.99 CR: 0.72 Avg R1: 4.63 Avg R2: 6.53 Avg Reward: 11.155338
2026-05-17 07:40:51 [INFO] EPOCH:93, ======================CR:0.71258====================
2026-05-17 07:40:51 [INFO] 0.0573844978596295
2026-05-17 07:40:53 [INFO] EPOCH:93, ======================ACC:65.9====================
2026-05-17 07:40:53 [INFO] BEST EPOCH:80,BEST ACC:67.48
2026-05-17 07:41:01 [INFO] Epoch: 94 [12800/50000 (26%)]	 Training Loss: 0.362 ACC: 81.70 CR: 0.70 Avg R1: 4.91 Avg R2: 6.41 Avg Reward: 11.319155
2026-05-17 07:41:09 [INFO] Epoch: 94 [25600/50000 (51%)]	 Training Loss: 0.375 ACC: 81.78 CR: 0.69 Avg R1: 4.93 Avg R2: 6.37 Avg Reward: 11.295483
2026-05-17 07:41:16 [INFO] Epoch: 94 [38400/50000 (77%)]	 Training Loss: 0.384 ACC: 81.51 CR: 0.68 Avg R1: 4.92 Avg R2: 6.34 Avg Reward: 11.260899
2026-05-17 07:41:23 [INFO] EPOCH:94, ======================CR:0.68224====================
2026-05-17 07:41:23 [INFO] 0.058145467878939434
2026-05-17 07:41:25 [INFO] EPOCH:94, ======================ACC:65.88====================
2026-05-17 07:41:25 [INFO] BEST EPOCH:80,BEST ACC:67.48
2026-05-17 07:41:32 [INFO] Epoch: 95 [12800/50000 (26%)]	 Training Loss: 0.417 ACC: 80.76 CR: 0.69 Avg R1: 4.91 Avg R2: 6.29 Avg Reward: 11.196956
2026-05-17 07:41:39 [INFO] Epoch: 95 [25600/50000 (51%)]	 Training Loss: 0.425 ACC: 80.70 CR: 0.70 Avg R1: 4.94 Avg R2: 6.32 Avg Reward: 11.260568
2026-05-17 07:41:47 [INFO] Epoch: 95 [38400/50000 (77%)]	 Training Loss: 0.427 ACC: 80.51 CR: 0.72 Avg R1: 4.90 Avg R2: 6.36 Avg Reward: 11.267843
2026-05-17 07:41:54 [INFO] EPOCH:95, ======================CR:0.71932====================
2026-05-17 07:41:54 [INFO] 0.06433435790250168
2026-05-17 07:41:55 [INFO] EPOCH:95, ======================ACC:66.84====================
2026-05-17 07:41:55 [INFO] BEST EPOCH:80,BEST ACC:67.48
2026-05-17 07:42:03 [INFO] Epoch: 96 [12800/50000 (26%)]	 Training Loss: 0.390 ACC: 81.58 CR: 0.71 Avg R1: 4.74 Avg R2: 6.49 Avg Reward: 11.236945
2026-05-17 07:42:11 [INFO] Epoch: 96 [25600/50000 (51%)]	 Training Loss: 0.385 ACC: 81.75 CR: 0.70 Avg R1: 4.82 Avg R2: 6.46 Avg Reward: 11.281935
2026-05-17 07:42:20 [INFO] Epoch: 96 [38400/50000 (77%)]	 Training Loss: 0.384 ACC: 81.48 CR: 0.68 Avg R1: 4.86 Avg R2: 6.42 Avg Reward: 11.279578
2026-05-17 07:42:26 [INFO] EPOCH:96, ======================CR:0.66258====================
2026-05-17 07:42:26 [INFO] 0.043361594654844585
2026-05-17 07:42:28 [INFO] EPOCH:96, ======================ACC:66.78====================
2026-05-17 07:42:28 [INFO] BEST EPOCH:80,BEST ACC:67.48
2026-05-17 07:42:36 [INFO] Epoch: 97 [12800/50000 (26%)]	 Training Loss: 0.324 ACC: 83.70 CR: 0.66 Avg R1: 4.70 Avg R2: 6.10 Avg Reward: 10.796001
2026-05-17 07:42:43 [INFO] Epoch: 97 [25600/50000 (51%)]	 Training Loss: 0.330 ACC: 83.38 CR: 0.65 Avg R1: 4.67 Avg R2: 6.07 Avg Reward: 10.741250
2026-05-17 07:42:51 [INFO] Epoch: 97 [38400/50000 (77%)]	 Training Loss: 0.336 ACC: 83.03 CR: 0.64 Avg R1: 4.64 Avg R2: 6.04 Avg Reward: 10.685498
2026-05-17 07:42:58 [INFO] EPOCH:97, ======================CR:0.63922====================
2026-05-17 07:42:58 [INFO] 0.04498386095953186
2026-05-17 07:43:00 [INFO] EPOCH:97, ======================ACC:66.11====================
2026-05-17 07:43:00 [INFO] BEST EPOCH:80,BEST ACC:67.48
2026-05-17 07:43:07 [INFO] Epoch: 98 [12800/50000 (26%)]	 Training Loss: 0.388 ACC: 81.82 CR: 0.66 Avg R1: 4.64 Avg R2: 6.00 Avg Reward: 10.636770
2026-05-17 07:43:15 [INFO] Epoch: 98 [25600/50000 (51%)]	 Training Loss: 0.392 ACC: 81.83 CR: 0.69 Avg R1: 4.72 Avg R2: 6.08 Avg Reward: 10.794698
2026-05-17 07:43:23 [INFO] Epoch: 98 [38400/50000 (77%)]	 Training Loss: 0.407 ACC: 81.46 CR: 0.72 Avg R1: 4.78 Avg R2: 6.17 Avg Reward: 10.943443
2026-05-17 07:43:30 [INFO] EPOCH:98, ======================CR:0.7435====================
2026-05-17 07:43:30 [INFO] 0.05814454312097431
2026-05-17 07:43:31 [INFO] EPOCH:98, ======================ACC:66.81====================
2026-05-17 07:43:31 [INFO] BEST EPOCH:80,BEST ACC:67.48
2026-05-17 07:43:39 [INFO] Epoch: 99 [12800/50000 (26%)]	 Training Loss: 0.393 ACC: 81.41 CR: 0.73 Avg R1: 4.36 Avg R2: 6.65 Avg Reward: 11.017866
2026-05-17 07:43:47 [INFO] Epoch: 99 [25600/50000 (51%)]	 Training Loss: 0.372 ACC: 81.87 CR: 0.70 Avg R1: 4.54 Avg R2: 6.58 Avg Reward: 11.119902
2026-05-17 07:43:54 [INFO] Epoch: 99 [38400/50000 (77%)]	 Training Loss: 0.363 ACC: 82.01 CR: 0.67 Avg R1: 4.66 Avg R2: 6.49 Avg Reward: 11.151206
2026-05-17 07:44:01 [INFO] EPOCH:99, ======================CR:0.64234====================
2026-05-17 07:44:01 [INFO] 0.03259802786725107
2026-05-17 07:44:03 [INFO] EPOCH:99, ======================ACC:67.22====================
2026-05-17 07:44:03 [INFO] BEST EPOCH:80,BEST ACC:67.48
2026-05-17 07:44:10 [INFO] Epoch: 100 [12800/50000 (26%)]	 Training Loss: 0.332 ACC: 83.05 CR: 0.64 Avg R1: 4.58 Avg R2: 5.97 Avg Reward: 10.545323
2026-05-17 07:44:18 [INFO] Epoch: 100 [25600/50000 (51%)]	 Training Loss: 0.327 ACC: 83.20 CR: 0.63 Avg R1: 4.56 Avg R2: 5.95 Avg Reward: 10.503730
2026-05-17 07:44:25 [INFO] Epoch: 100 [38400/50000 (77%)]	 Training Loss: 0.333 ACC: 82.90 CR: 0.63 Avg R1: 4.54 Avg R2: 5.93 Avg Reward: 10.463429
2026-05-17 07:44:32 [INFO] EPOCH:100, ======================CR:0.62038====================
2026-05-17 07:44:32 [INFO] 0.030625925488992473
2026-05-17 07:44:34 [INFO] EPOCH:100, ======================ACC:69.13====================
2026-05-17 07:44:34 [INFO] BEST EPOCH:100,BEST ACC:69.13
2026-05-17 07:44:41 [INFO] Epoch: 101 [12800/50000 (26%)]	 Training Loss: 0.330 ACC: 83.22 CR: 0.62 Avg R1: 4.44 Avg R2: 5.82 Avg Reward: 10.266928
2026-05-17 07:44:49 [INFO] Epoch: 101 [25600/50000 (51%)]	 Training Loss: 0.328 ACC: 83.18 CR: 0.63 Avg R1: 4.46 Avg R2: 5.84 Avg Reward: 10.304548
2026-05-17 07:44:56 [INFO] Epoch: 101 [38400/50000 (77%)]	 Training Loss: 0.336 ACC: 82.99 CR: 0.64 Avg R1: 4.49 Avg R2: 5.87 Avg Reward: 10.360044
2026-05-17 07:45:04 [INFO] EPOCH:101, ======================CR:0.64662====================
2026-05-17 07:45:04 [INFO] 0.03669928306927297
2026-05-17 07:45:06 [INFO] EPOCH:101, ======================ACC:68.05====================
2026-05-17 07:45:06 [INFO] BEST EPOCH:100,BEST ACC:69.13
2026-05-17 07:45:14 [INFO] Epoch: 102 [12800/50000 (26%)]	 Training Loss: 0.314 ACC: 84.00 CR: 0.64 Avg R1: 4.60 Avg R2: 6.00 Avg Reward: 10.598140
2026-05-17 07:45:22 [INFO] Epoch: 102 [25600/50000 (51%)]	 Training Loss: 0.317 ACC: 83.80 CR: 0.63 Avg R1: 4.57 Avg R2: 5.98 Avg Reward: 10.554112
2026-05-17 07:45:29 [INFO] Epoch: 102 [38400/50000 (77%)]	 Training Loss: 0.325 ACC: 83.32 CR: 0.63 Avg R1: 4.56 Avg R2: 5.96 Avg Reward: 10.519225
2026-05-17 07:45:36 [INFO] EPOCH:102, ======================CR:0.63372====================
2026-05-17 07:45:36 [INFO] 0.03456775523784663
2026-05-17 07:45:38 [INFO] EPOCH:102, ======================ACC:69.18====================
2026-05-17 07:45:38 [INFO] BEST EPOCH:102,BEST ACC:69.18
2026-05-17 07:45:45 [INFO] Epoch: 103 [12800/50000 (26%)]	 Training Loss: 0.336 ACC: 82.94 CR: 0.64 Avg R1: 4.54 Avg R2: 5.93 Avg Reward: 10.470583
2026-05-17 07:45:54 [INFO] Epoch: 103 [25600/50000 (51%)]	 Training Loss: 0.332 ACC: 83.17 CR: 0.64 Avg R1: 4.56 Avg R2: 5.94 Avg Reward: 10.499822
2026-05-17 07:46:02 [INFO] Epoch: 103 [38400/50000 (77%)]	 Training Loss: 0.336 ACC: 83.10 CR: 0.64 Avg R1: 4.56 Avg R2: 5.95 Avg Reward: 10.513880
2026-05-17 07:46:09 [INFO] EPOCH:103, ======================CR:0.64364====================
2026-05-17 07:46:09 [INFO] 0.040455245205484325
2026-05-17 07:46:11 [INFO] EPOCH:103, ======================ACC:68.34====================
2026-05-17 07:46:11 [INFO] BEST EPOCH:102,BEST ACC:69.18
2026-05-17 07:46:19 [INFO] Epoch: 104 [12800/50000 (26%)]	 Training Loss: 0.309 ACC: 84.28 CR: 0.65 Avg R1: 4.60 Avg R2: 6.00 Avg Reward: 10.603888
2026-05-17 07:46:28 [INFO] Epoch: 104 [25600/50000 (51%)]	 Training Loss: 0.315 ACC: 84.04 CR: 0.65 Avg R1: 4.61 Avg R2: 6.00 Avg Reward: 10.610143
2026-05-17 07:46:35 [INFO] Epoch: 104 [38400/50000 (77%)]	 Training Loss: 0.322 ACC: 83.72 CR: 0.65 Avg R1: 4.61 Avg R2: 6.01 Avg Reward: 10.616486
2026-05-17 07:46:42 [INFO] EPOCH:104, ======================CR:0.64334====================
2026-05-17 07:46:42 [INFO] 0.03609484669939362
2026-05-17 07:46:44 [INFO] EPOCH:104, ======================ACC:68.38====================
2026-05-17 07:46:44 [INFO] BEST EPOCH:102,BEST ACC:69.18
2026-05-17 07:46:52 [INFO] Epoch: 105 [12800/50000 (26%)]	 Training Loss: 0.317 ACC: 84.05 CR: 0.64 Avg R1: 4.58 Avg R2: 5.96 Avg Reward: 10.544938
2026-05-17 07:47:00 [INFO] Epoch: 105 [25600/50000 (51%)]	 Training Loss: 0.317 ACC: 84.14 CR: 0.64 Avg R1: 4.57 Avg R2: 5.96 Avg Reward: 10.529025
2026-05-17 07:47:07 [INFO] Epoch: 105 [38400/50000 (77%)]	 Training Loss: 0.322 ACC: 83.94 CR: 0.63 Avg R1: 4.56 Avg R2: 5.95 Avg Reward: 10.515173
2026-05-17 07:47:15 [INFO] EPOCH:105, ======================CR:0.63578====================
2026-05-17 07:47:15 [INFO] 0.03749102864103243
2026-05-17 07:47:17 [INFO] EPOCH:105, ======================ACC:68.65====================
2026-05-17 07:47:17 [INFO] BEST EPOCH:102,BEST ACC:69.18
2026-05-17 07:47:24 [INFO] Epoch: 106 [12800/50000 (26%)]	 Training Loss: 0.307 ACC: 84.55 CR: 0.64 Avg R1: 4.54 Avg R2: 5.93 Avg Reward: 10.466964
2026-05-17 07:47:32 [INFO] Epoch: 106 [25600/50000 (51%)]	 Training Loss: 0.311 ACC: 84.34 CR: 0.64 Avg R1: 4.54 Avg R2: 5.93 Avg Reward: 10.470540
2026-05-17 07:47:40 [INFO] Epoch: 106 [38400/50000 (77%)]	 Training Loss: 0.313 ACC: 84.22 CR: 0.64 Avg R1: 4.54 Avg R2: 5.93 Avg Reward: 10.473582
2026-05-17 07:47:47 [INFO] EPOCH:106, ======================CR:0.63716====================
2026-05-17 07:47:47 [INFO] 0.03222572534113464
2026-05-17 07:47:48 [INFO] EPOCH:106, ======================ACC:67.23====================
2026-05-17 07:47:48 [INFO] BEST EPOCH:102,BEST ACC:69.18
2026-05-17 07:47:56 [INFO] Epoch: 107 [12800/50000 (26%)]	 Training Loss: 0.305 ACC: 84.73 CR: 0.64 Avg R1: 4.55 Avg R2: 5.95 Avg Reward: 10.504485
2026-05-17 07:48:04 [INFO] Epoch: 107 [25600/50000 (51%)]	 Training Loss: 0.310 ACC: 84.29 CR: 0.63 Avg R1: 4.54 Avg R2: 5.95 Avg Reward: 10.487572
2026-05-17 07:48:12 [INFO] Epoch: 107 [38400/50000 (77%)]	 Training Loss: 0.319 ACC: 83.93 CR: 0.64 Avg R1: 4.54 Avg R2: 5.94 Avg Reward: 10.483409
2026-05-17 07:48:19 [INFO] EPOCH:107, ======================CR:0.64128====================
2026-05-17 07:48:19 [INFO] 0.03804524152303449
2026-05-17 07:48:21 [INFO] EPOCH:107, ======================ACC:66.85====================
2026-05-17 07:48:21 [INFO] BEST EPOCH:102,BEST ACC:69.18
2026-05-17 07:48:30 [INFO] Epoch: 108 [12800/50000 (26%)]	 Training Loss: 0.308 ACC: 84.94 CR: 0.65 Avg R1: 4.60 Avg R2: 6.00 Avg Reward: 10.601695
2026-05-17 07:48:38 [INFO] Epoch: 108 [25600/50000 (51%)]	 Training Loss: 0.308 ACC: 84.87 CR: 0.65 Avg R1: 4.62 Avg R2: 6.02 Avg Reward: 10.635205
2026-05-17 07:48:46 [INFO] Epoch: 108 [38400/50000 (77%)]	 Training Loss: 0.311 ACC: 84.56 CR: 0.65 Avg R1: 4.62 Avg R2: 6.03 Avg Reward: 10.648508
2026-05-17 07:48:53 [INFO] EPOCH:108, ======================CR:0.64506====================
2026-05-17 07:48:53 [INFO] 0.02952513594507789
2026-05-17 07:48:55 [INFO] EPOCH:108, ======================ACC:67.08====================
2026-05-17 07:48:55 [INFO] BEST EPOCH:102,BEST ACC:69.18
2026-05-17 07:49:03 [INFO] Epoch: 109 [12800/50000 (26%)]	 Training Loss: 0.300 ACC: 84.91 CR: 0.64 Avg R1: 4.60 Avg R2: 6.00 Avg Reward: 10.599790
2026-05-17 07:49:11 [INFO] Epoch: 109 [25600/50000 (51%)]	 Training Loss: 0.297 ACC: 84.93 CR: 0.64 Avg R1: 4.58 Avg R2: 5.99 Avg Reward: 10.572335
2026-05-17 07:49:19 [INFO] Epoch: 109 [38400/50000 (77%)]	 Training Loss: 0.306 ACC: 84.56 CR: 0.64 Avg R1: 4.57 Avg R2: 5.98 Avg Reward: 10.553610
2026-05-17 07:49:26 [INFO] EPOCH:109, ======================CR:0.65502====================
2026-05-17 07:49:26 [INFO] 0.03913307790678258
2026-05-17 07:49:27 [INFO] EPOCH:109, ======================ACC:67.55====================
2026-05-17 07:49:27 [INFO] BEST EPOCH:102,BEST ACC:69.18
2026-05-17 07:49:36 [INFO] Epoch: 110 [12800/50000 (26%)]	 Training Loss: 0.355 ACC: 83.52 CR: 0.67 Avg R1: 4.75 Avg R2: 6.14 Avg Reward: 10.891183
2026-05-17 07:49:43 [INFO] Epoch: 110 [25600/50000 (51%)]	 Training Loss: 0.349 ACC: 83.62 CR: 0.68 Avg R1: 4.81 Avg R2: 6.18 Avg Reward: 10.990717
2026-05-17 07:49:52 [INFO] Epoch: 110 [38400/50000 (77%)]	 Training Loss: 0.352 ACC: 83.38 CR: 0.69 Avg R1: 4.84 Avg R2: 6.22 Avg Reward: 11.054424
2026-05-17 07:50:00 [INFO] EPOCH:110, ======================CR:0.7024====================
2026-05-17 07:50:00 [INFO] 0.04628502104627018
2026-05-17 07:50:02 [INFO] EPOCH:110, ======================ACC:66.56====================
2026-05-17 07:50:02 [INFO] BEST EPOCH:102,BEST ACC:69.18
2026-05-17 07:50:02 [INFO] Saving Masks: current CR 0.7024 target CR 0.7000
2026-05-17 07:50:10 [INFO] Epoch: 111 [12800/50000 (26%)]	 Training Loss: 0.335 ACC: 84.41 CR: 0.70 Avg R1: 4.96 Avg R2: 6.42 Avg Reward: 11.375638
2026-05-17 07:50:19 [INFO] Epoch: 111 [25600/50000 (51%)]	 Training Loss: 0.333 ACC: 84.42 CR: 0.70 Avg R1: 4.97 Avg R2: 6.41 Avg Reward: 11.379086
2026-05-17 07:50:27 [INFO] Epoch: 111 [38400/50000 (77%)]	 Training Loss: 0.337 ACC: 84.19 CR: 0.70 Avg R1: 4.98 Avg R2: 6.40 Avg Reward: 11.374316
2026-05-17 07:50:34 [INFO] EPOCH:111, ======================CR:0.69874====================
2026-05-17 07:50:34 [INFO] 0.04369684927001467
2026-05-17 07:50:35 [INFO] EPOCH:111, ======================ACC:68.62====================
2026-05-17 07:50:35 [INFO] BEST EPOCH:102,BEST ACC:69.18
2026-05-17 07:50:35 [INFO] Saving Masks: current CR 0.6987 target CR 0.7000
2026-05-17 07:50:35 [INFO] Updated candidate mask pretrained-rescale_mask_best-acc_70_05170650_resnet18 at epoch 111 with acc 68.6200
2026-05-17 07:50:43 [INFO] Epoch: 112 [12800/50000 (26%)]	 Training Loss: 0.317 ACC: 85.36 CR: 0.70 Avg R1: 4.99 Avg R2: 6.41 Avg Reward: 11.396916
2026-05-17 07:50:51 [INFO] Epoch: 112 [25600/50000 (51%)]	 Training Loss: 0.316 ACC: 85.43 CR: 0.70 Avg R1: 4.98 Avg R2: 6.42 Avg Reward: 11.392145
2026-05-17 07:50:59 [INFO] Epoch: 112 [38400/50000 (77%)]	 Training Loss: 0.323 ACC: 85.02 CR: 0.71 Avg R1: 4.96 Avg R2: 6.42 Avg Reward: 11.380520
2026-05-17 07:51:06 [INFO] EPOCH:112, ======================CR:0.70816====================
2026-05-17 07:51:06 [INFO] 0.05189121560404611
2026-05-17 07:51:08 [INFO] EPOCH:112, ======================ACC:65.9====================
2026-05-17 07:51:08 [INFO] BEST EPOCH:111,BEST ACC:69.18
2026-05-17 07:51:08 [INFO] Saving Masks: current CR 0.7082 target CR 0.7000
2026-05-17 07:51:17 [INFO] Epoch: 113 [12800/50000 (26%)]	 Training Loss: 0.314 ACC: 85.33 CR: 0.70 Avg R1: 4.92 Avg R2: 6.43 Avg Reward: 11.348068
2026-05-17 07:51:26 [INFO] Epoch: 113 [25600/50000 (51%)]	 Training Loss: 0.306 ACC: 85.44 CR: 0.69 Avg R1: 4.95 Avg R2: 6.40 Avg Reward: 11.347318
2026-05-17 07:51:34 [INFO] Epoch: 113 [38400/50000 (77%)]	 Training Loss: 0.304 ACC: 85.33 CR: 0.68 Avg R1: 4.93 Avg R2: 6.37 Avg Reward: 11.296547
2026-05-17 07:51:41 [INFO] EPOCH:113, ======================CR:0.6653====================
2026-05-17 07:51:41 [INFO] 0.03133847509171274
2026-05-17 07:51:43 [INFO] EPOCH:113, ======================ACC:69.34====================
2026-05-17 07:51:43 [INFO] BEST EPOCH:113,BEST ACC:69.34
2026-05-17 07:51:51 [INFO] Epoch: 114 [12800/50000 (26%)]	 Training Loss: 0.276 ACC: 86.69 CR: 0.66 Avg R1: 4.75 Avg R2: 6.16 Avg Reward: 10.908508
2026-05-17 07:51:59 [INFO] Epoch: 114 [25600/50000 (51%)]	 Training Loss: 0.279 ACC: 86.45 CR: 0.66 Avg R1: 4.74 Avg R2: 6.15 Avg Reward: 10.891590
2026-05-17 07:52:07 [INFO] Epoch: 114 [38400/50000 (77%)]	 Training Loss: 0.286 ACC: 86.14 CR: 0.66 Avg R1: 4.74 Avg R2: 6.14 Avg Reward: 10.880198
2026-05-17 07:52:14 [INFO] EPOCH:114, ======================CR:0.66952====================
2026-05-17 07:52:14 [INFO] 0.03929135983156156
2026-05-17 07:52:16 [INFO] EPOCH:114, ======================ACC:68.09====================
2026-05-17 07:52:16 [INFO] BEST EPOCH:113,BEST ACC:69.34
2026-05-17 07:52:24 [INFO] Epoch: 115 [12800/50000 (26%)]	 Training Loss: 0.292 ACC: 86.36 CR: 0.68 Avg R1: 4.81 Avg R2: 6.20 Avg Reward: 11.007846
2026-05-17 07:52:32 [INFO] Epoch: 115 [25600/50000 (51%)]	 Training Loss: 0.300 ACC: 86.07 CR: 0.69 Avg R1: 4.84 Avg R2: 6.23 Avg Reward: 11.073006
2026-05-17 07:52:42 [INFO] Epoch: 115 [38400/50000 (77%)]	 Training Loss: 0.306 ACC: 85.73 CR: 0.70 Avg R1: 4.87 Avg R2: 6.27 Avg Reward: 11.138180
2026-05-17 07:52:50 [INFO] EPOCH:115, ======================CR:0.70584====================
2026-05-17 07:52:50 [INFO] 0.05094455571663721
2026-05-17 07:52:52 [INFO] EPOCH:115, ======================ACC:67.28====================
2026-05-17 07:52:52 [INFO] BEST EPOCH:113,BEST ACC:69.34
2026-05-17 07:52:52 [INFO] Saving Masks: current CR 0.7058 target CR 0.7000
2026-05-17 07:53:00 [INFO] Epoch: 116 [12800/50000 (26%)]	 Training Loss: 0.290 ACC: 86.26 CR: 0.70 Avg R1: 4.91 Avg R2: 6.44 Avg Reward: 11.348876
2026-05-17 07:53:08 [INFO] Epoch: 116 [25600/50000 (51%)]	 Training Loss: 0.293 ACC: 86.10 CR: 0.70 Avg R1: 4.95 Avg R2: 6.43 Avg Reward: 11.373066
2026-05-17 07:53:16 [INFO] Epoch: 116 [38400/50000 (77%)]	 Training Loss: 0.294 ACC: 86.01 CR: 0.70 Avg R1: 4.96 Avg R2: 6.42 Avg Reward: 11.377699
2026-05-17 07:53:24 [INFO] EPOCH:116, ======================CR:0.6913====================
2026-05-17 07:53:24 [INFO] 0.046497615544965384
2026-05-17 07:53:26 [INFO] EPOCH:116, ======================ACC:67.11====================
2026-05-17 07:53:26 [INFO] BEST EPOCH:113,BEST ACC:69.34
2026-05-17 07:53:26 [INFO] Saving Masks: current CR 0.6913 target CR 0.7000
2026-05-17 07:53:34 [INFO] Epoch: 117 [12800/50000 (26%)]	 Training Loss: 0.267 ACC: 87.19 CR: 0.69 Avg R1: 4.92 Avg R2: 6.34 Avg Reward: 11.258767
2026-05-17 07:53:43 [INFO] Epoch: 117 [25600/50000 (51%)]	 Training Loss: 0.272 ACC: 86.93 CR: 0.68 Avg R1: 4.90 Avg R2: 6.32 Avg Reward: 11.218789
2026-05-17 07:53:51 [INFO] Epoch: 117 [38400/50000 (77%)]	 Training Loss: 0.283 ACC: 86.40 CR: 0.68 Avg R1: 4.88 Avg R2: 6.30 Avg Reward: 11.186956
2026-05-17 07:53:58 [INFO] EPOCH:117, ======================CR:0.6745====================
2026-05-17 07:53:58 [INFO] 0.042018132784606185
2026-05-17 07:53:59 [INFO] EPOCH:117, ======================ACC:69.72====================
2026-05-17 07:53:59 [INFO] BEST EPOCH:117,BEST ACC:69.72
2026-05-17 07:54:07 [INFO] Epoch: 118 [12800/50000 (26%)]	 Training Loss: 0.260 ACC: 87.38 CR: 0.67 Avg R1: 4.82 Avg R2: 6.24 Avg Reward: 11.051221
2026-05-17 07:54:16 [INFO] Epoch: 118 [25600/50000 (51%)]	 Training Loss: 0.265 ACC: 87.29 CR: 0.68 Avg R1: 4.82 Avg R2: 6.24 Avg Reward: 11.063149
2026-05-17 07:54:25 [INFO] Epoch: 118 [38400/50000 (77%)]	 Training Loss: 0.272 ACC: 86.91 CR: 0.68 Avg R1: 4.83 Avg R2: 6.25 Avg Reward: 11.074440
2026-05-17 07:54:33 [INFO] EPOCH:118, ======================CR:0.67792====================
2026-05-17 07:54:33 [INFO] 0.04128202046869999
2026-05-17 07:54:35 [INFO] EPOCH:118, ======================ACC:68.88====================
2026-05-17 07:54:35 [INFO] BEST EPOCH:117,BEST ACC:69.72
2026-05-17 07:54:42 [INFO] Epoch: 119 [12800/50000 (26%)]	 Training Loss: 0.252 ACC: 87.95 CR: 0.68 Avg R1: 4.85 Avg R2: 6.25 Avg Reward: 11.099405
2026-05-17 07:54:50 [INFO] Epoch: 119 [25600/50000 (51%)]	 Training Loss: 0.251 ACC: 88.09 CR: 0.68 Avg R1: 4.86 Avg R2: 6.25 Avg Reward: 11.104898
2026-05-17 07:55:00 [INFO] Epoch: 119 [38400/50000 (77%)]	 Training Loss: 0.257 ACC: 87.70 CR: 0.68 Avg R1: 4.86 Avg R2: 6.24 Avg Reward: 11.098448
2026-05-17 07:55:07 [INFO] EPOCH:119, ======================CR:0.6732====================
2026-05-17 07:55:07 [INFO] 0.04565662187509753
2026-05-17 07:55:09 [INFO] EPOCH:119, ======================ACC:68.89====================
2026-05-17 07:55:09 [INFO] BEST EPOCH:117,BEST ACC:69.72
2026-05-17 07:55:18 [INFO] Epoch: 120 [12800/50000 (26%)]	 Training Loss: 0.276 ACC: 87.11 CR: 0.67 Avg R1: 4.81 Avg R2: 6.19 Avg Reward: 11.000057
2026-05-17 07:55:26 [INFO] Epoch: 120 [25600/50000 (51%)]	 Training Loss: 0.274 ACC: 87.08 CR: 0.67 Avg R1: 4.81 Avg R2: 6.20 Avg Reward: 11.004750
2026-05-17 07:55:36 [INFO] Epoch: 120 [38400/50000 (77%)]	 Training Loss: 0.279 ACC: 86.78 CR: 0.68 Avg R1: 4.82 Avg R2: 6.21 Avg Reward: 11.036381
2026-05-17 07:55:43 [INFO] EPOCH:120, ======================CR:0.69338====================
2026-05-17 07:55:43 [INFO] 0.049384125753272126
2026-05-17 07:55:44 [INFO] EPOCH:120, ======================ACC:68.27====================
2026-05-17 07:55:44 [INFO] BEST EPOCH:117,BEST ACC:69.72
2026-05-17 07:55:44 [INFO] Saving Masks: current CR 0.6934 target CR 0.7000
2026-05-17 07:55:52 [INFO] Epoch: 121 [12800/50000 (26%)]	 Training Loss: 0.272 ACC: 88.19 CR: 0.71 Avg R1: 4.96 Avg R2: 6.41 Avg Reward: 11.366482
2026-05-17 07:56:00 [INFO] Epoch: 121 [25600/50000 (51%)]	 Training Loss: 0.274 ACC: 88.17 CR: 0.72 Avg R1: 4.85 Avg R2: 6.46 Avg Reward: 11.312964
2026-05-17 07:56:07 [INFO] Epoch: 121 [38400/50000 (77%)]	 Training Loss: 0.281 ACC: 87.80 CR: 0.74 Avg R1: 4.74 Avg R2: 6.51 Avg Reward: 11.249778
2026-05-17 07:56:14 [INFO] EPOCH:121, ======================CR:0.75146====================
2026-05-17 07:56:14 [INFO] 0.05064935831971073
2026-05-17 07:56:15 [INFO] EPOCH:121, ======================ACC:69.79====================
2026-05-17 07:56:15 [INFO] BEST EPOCH:121,BEST ACC:69.79
2026-05-17 07:56:23 [INFO] Epoch: 122 [12800/50000 (26%)]	 Training Loss: 0.297 ACC: 86.93 CR: 0.75 Avg R1: 4.15 Avg R2: 6.76 Avg Reward: 10.908810
2026-05-17 07:56:31 [INFO] Epoch: 122 [25600/50000 (51%)]	 Training Loss: 0.295 ACC: 87.10 CR: 0.75 Avg R1: 4.15 Avg R2: 6.76 Avg Reward: 10.913579
2026-05-17 07:56:38 [INFO] Epoch: 122 [38400/50000 (77%)]	 Training Loss: 0.295 ACC: 87.03 CR: 0.75 Avg R1: 4.15 Avg R2: 6.76 Avg Reward: 10.911552
2026-05-17 07:56:45 [INFO] EPOCH:122, ======================CR:0.75586====================
2026-05-17 07:56:45 [INFO] 0.04873477767324179
2026-05-17 07:56:47 [INFO] EPOCH:122, ======================ACC:68.69====================
2026-05-17 07:56:47 [INFO] BEST EPOCH:121,BEST ACC:69.79
2026-05-17 07:56:54 [INFO] Epoch: 123 [12800/50000 (26%)]	 Training Loss: 0.273 ACC: 88.13 CR: 0.76 Avg R1: 4.04 Avg R2: 6.82 Avg Reward: 10.863842
2026-05-17 07:57:01 [INFO] Epoch: 123 [25600/50000 (51%)]	 Training Loss: 0.273 ACC: 88.06 CR: 0.76 Avg R1: 4.04 Avg R2: 6.82 Avg Reward: 10.860251
2026-05-17 07:57:09 [INFO] Epoch: 123 [38400/50000 (77%)]	 Training Loss: 0.278 ACC: 87.83 CR: 0.76 Avg R1: 4.03 Avg R2: 6.82 Avg Reward: 10.856319
2026-05-17 07:57:16 [INFO] EPOCH:123, ======================CR:0.76228====================
2026-05-17 07:57:16 [INFO] 0.050721595989667426
2026-05-17 07:57:18 [INFO] EPOCH:123, ======================ACC:69.0====================
2026-05-17 07:57:18 [INFO] BEST EPOCH:121,BEST ACC:69.79
2026-05-17 07:57:25 [INFO] Epoch: 124 [12800/50000 (26%)]	 Training Loss: 0.279 ACC: 88.43 CR: 0.77 Avg R1: 3.88 Avg R2: 6.86 Avg Reward: 10.742450
2026-05-17 07:57:33 [INFO] Epoch: 124 [25600/50000 (51%)]	 Training Loss: 0.276 ACC: 88.25 CR: 0.78 Avg R1: 3.80 Avg R2: 6.90 Avg Reward: 10.699515
2026-05-17 07:57:41 [INFO] Epoch: 124 [38400/50000 (77%)]	 Training Loss: 0.279 ACC: 87.99 CR: 0.78 Avg R1: 3.76 Avg R2: 6.92 Avg Reward: 10.676663
2026-05-17 07:57:47 [INFO] EPOCH:124, ======================CR:0.7783====================
2026-05-17 07:57:47 [INFO] 0.05615699936102516
2026-05-17 07:57:49 [INFO] EPOCH:124, ======================ACC:70.08====================
2026-05-17 07:57:49 [INFO] BEST EPOCH:124,BEST ACC:70.08
2026-05-17 07:57:57 [INFO] Epoch: 125 [12800/50000 (26%)]	 Training Loss: 0.267 ACC: 88.70 CR: 0.78 Avg R1: 3.71 Avg R2: 6.96 Avg Reward: 10.667296
2026-05-17 07:58:05 [INFO] Epoch: 125 [25600/50000 (51%)]	 Training Loss: 0.263 ACC: 88.87 CR: 0.77 Avg R1: 3.73 Avg R2: 6.96 Avg Reward: 10.681688
2026-05-17 07:58:12 [INFO] Epoch: 125 [38400/50000 (77%)]	 Training Loss: 0.266 ACC: 88.52 CR: 0.77 Avg R1: 3.77 Avg R2: 6.94 Avg Reward: 10.706515
2026-05-17 07:58:19 [INFO] EPOCH:125, ======================CR:0.7528====================
2026-05-17 07:58:19 [INFO] 0.05647961420027171
2026-05-17 07:58:21 [INFO] EPOCH:125, ======================ACC:69.34====================
2026-05-17 07:58:21 [INFO] BEST EPOCH:124,BEST ACC:70.08
2026-05-17 07:58:29 [INFO] Epoch: 126 [12800/50000 (26%)]	 Training Loss: 0.240 ACC: 88.98 CR: 0.74 Avg R1: 4.20 Avg R2: 6.76 Avg Reward: 10.953447
2026-05-17 07:58:35 [INFO] Epoch: 126 [25600/50000 (51%)]	 Training Loss: 0.236 ACC: 89.19 CR: 0.73 Avg R1: 4.30 Avg R2: 6.71 Avg Reward: 11.015119
2026-05-17 07:58:43 [INFO] Epoch: 126 [38400/50000 (77%)]	 Training Loss: 0.235 ACC: 89.00 CR: 0.71 Avg R1: 4.44 Avg R2: 6.66 Avg Reward: 11.092925
2026-05-17 07:58:50 [INFO] EPOCH:126, ======================CR:0.68708====================
2026-05-17 07:58:50 [INFO] 0.04239090537168333
2026-05-17 07:58:52 [INFO] EPOCH:126, ======================ACC:70.79====================
2026-05-17 07:58:52 [INFO] BEST EPOCH:126,BEST ACC:70.79
2026-05-17 07:59:00 [INFO] Epoch: 127 [12800/50000 (26%)]	 Training Loss: 0.202 ACC: 90.39 CR: 0.68 Avg R1: 4.88 Avg R2: 6.28 Avg Reward: 11.156388
2026-05-17 07:59:06 [INFO] Epoch: 127 [25600/50000 (51%)]	 Training Loss: 0.203 ACC: 90.34 CR: 0.67 Avg R1: 4.85 Avg R2: 6.25 Avg Reward: 11.097269
2026-05-17 07:59:14 [INFO] Epoch: 127 [38400/50000 (77%)]	 Training Loss: 0.207 ACC: 90.16 CR: 0.67 Avg R1: 4.82 Avg R2: 6.23 Avg Reward: 11.050497
2026-05-17 07:59:21 [INFO] EPOCH:127, ======================CR:0.65848====================
2026-05-17 07:59:21 [INFO] 0.04808327041969041
2026-05-17 07:59:23 [INFO] EPOCH:127, ======================ACC:70.44====================
2026-05-17 07:59:23 [INFO] BEST EPOCH:126,BEST ACC:70.79
2026-05-17 07:59:31 [INFO] Epoch: 128 [12800/50000 (26%)]	 Training Loss: 0.183 ACC: 91.32 CR: 0.66 Avg R1: 4.70 Avg R2: 6.09 Avg Reward: 10.788404
2026-05-17 07:59:38 [INFO] Epoch: 128 [25600/50000 (51%)]	 Training Loss: 0.189 ACC: 91.13 CR: 0.66 Avg R1: 4.71 Avg R2: 6.09 Avg Reward: 10.798532
2026-05-17 07:59:46 [INFO] Epoch: 128 [38400/50000 (77%)]	 Training Loss: 0.196 ACC: 90.74 CR: 0.67 Avg R1: 4.72 Avg R2: 6.10 Avg Reward: 10.814827
2026-05-17 07:59:53 [INFO] EPOCH:128, ======================CR:0.672====================
2026-05-17 07:59:53 [INFO] 0.04703651225513923
2026-05-17 07:59:55 [INFO] EPOCH:128, ======================ACC:71.36====================
2026-05-17 07:59:55 [INFO] BEST EPOCH:128,BEST ACC:71.36
2026-05-17 08:00:03 [INFO] Epoch: 129 [12800/50000 (26%)]	 Training Loss: 0.203 ACC: 90.80 CR: 0.68 Avg R1: 4.81 Avg R2: 6.15 Avg Reward: 10.960408
2026-05-17 08:00:11 [INFO] Epoch: 129 [25600/50000 (51%)]	 Training Loss: 0.200 ACC: 90.89 CR: 0.69 Avg R1: 4.84 Avg R2: 6.17 Avg Reward: 11.010687
2026-05-17 08:00:17 [INFO] Epoch: 129 [38400/50000 (77%)]	 Training Loss: 0.206 ACC: 90.58 CR: 0.70 Avg R1: 4.87 Avg R2: 6.20 Avg Reward: 11.069515
2026-05-17 08:00:24 [INFO] EPOCH:129, ======================CR:0.709====================
2026-05-17 08:00:24 [INFO] 0.045718418096729926
2026-05-17 08:00:26 [INFO] EPOCH:129, ======================ACC:70.0====================
2026-05-17 08:00:26 [INFO] BEST EPOCH:128,BEST ACC:71.36
2026-05-17 08:00:26 [INFO] Saving Masks: current CR 0.7090 target CR 0.7000
2026-05-17 08:00:26 [INFO] Updated candidate mask pretrained-rescale_mask_best-acc_70_05170650_resnet18 at epoch 129 with acc 70.0000
2026-05-17 08:00:34 [INFO] Epoch: 130 [12800/50000 (26%)]	 Training Loss: 0.222 ACC: 89.98 CR: 0.72 Avg R1: 4.81 Avg R2: 6.41 Avg Reward: 11.210256
2026-05-17 08:00:41 [INFO] Epoch: 130 [25600/50000 (51%)]	 Training Loss: 0.214 ACC: 90.44 CR: 0.72 Avg R1: 4.77 Avg R2: 6.42 Avg Reward: 11.185035
2026-05-17 08:00:48 [INFO] Epoch: 130 [38400/50000 (77%)]	 Training Loss: 0.214 ACC: 90.28 CR: 0.71 Avg R1: 4.77 Avg R2: 6.42 Avg Reward: 11.184731
2026-05-17 08:00:55 [INFO] EPOCH:130, ======================CR:0.71066====================
2026-05-17 08:00:55 [INFO] 0.04737218562542599
2026-05-17 08:00:57 [INFO] EPOCH:130, ======================ACC:70.61====================
2026-05-17 08:00:57 [INFO] BEST EPOCH:129,BEST ACC:71.36
2026-05-17 08:01:05 [INFO] Epoch: 131 [12800/50000 (26%)]	 Training Loss: 0.185 ACC: 91.55 CR: 0.70 Avg R1: 4.87 Avg R2: 6.38 Avg Reward: 11.253060
2026-05-17 08:01:13 [INFO] Epoch: 131 [25600/50000 (51%)]	 Training Loss: 0.179 ACC: 91.56 CR: 0.69 Avg R1: 4.91 Avg R2: 6.34 Avg Reward: 11.258292
2026-05-17 08:01:20 [INFO] Epoch: 131 [38400/50000 (77%)]	 Training Loss: 0.181 ACC: 91.53 CR: 0.68 Avg R1: 4.90 Avg R2: 6.30 Avg Reward: 11.197395
2026-05-17 08:01:28 [INFO] EPOCH:131, ======================CR:0.66436====================
2026-05-17 08:01:28 [INFO] 0.04121145967635988
2026-05-17 08:01:30 [INFO] EPOCH:131, ======================ACC:71.61====================
2026-05-17 08:01:30 [INFO] BEST EPOCH:131,BEST ACC:71.61
2026-05-17 08:01:38 [INFO] Epoch: 132 [12800/50000 (26%)]	 Training Loss: 0.176 ACC: 91.73 CR: 0.67 Avg R1: 4.76 Avg R2: 6.08 Avg Reward: 10.843296
2026-05-17 08:01:45 [INFO] Epoch: 132 [25600/50000 (51%)]	 Training Loss: 0.176 ACC: 91.85 CR: 0.67 Avg R1: 4.78 Avg R2: 6.10 Avg Reward: 10.873833
2026-05-17 08:01:53 [INFO] Epoch: 132 [38400/50000 (77%)]	 Training Loss: 0.182 ACC: 91.44 CR: 0.68 Avg R1: 4.80 Avg R2: 6.12 Avg Reward: 10.917673
2026-05-17 08:02:00 [INFO] EPOCH:132, ======================CR:0.6904====================
2026-05-17 08:02:00 [INFO] 0.04961432970555229
2026-05-17 08:02:02 [INFO] EPOCH:132, ======================ACC:71.01====================
2026-05-17 08:02:02 [INFO] BEST EPOCH:131,BEST ACC:71.61
2026-05-17 08:02:02 [INFO] Saving Masks: current CR 0.6904 target CR 0.7000
2026-05-17 08:02:02 [INFO] Updated candidate mask pretrained-rescale_mask_best-acc_70_05170650_resnet18 at epoch 132 with acc 71.0100
2026-05-17 08:02:10 [INFO] Epoch: 133 [12800/50000 (26%)]	 Training Loss: 0.184 ACC: 91.65 CR: 0.69 Avg R1: 4.94 Avg R2: 6.25 Avg Reward: 11.189325
2026-05-17 08:02:18 [INFO] Epoch: 133 [25600/50000 (51%)]	 Training Loss: 0.186 ACC: 91.71 CR: 0.70 Avg R1: 4.96 Avg R2: 6.25 Avg Reward: 11.210255
2026-05-17 08:02:25 [INFO] Epoch: 133 [38400/50000 (77%)]	 Training Loss: 0.189 ACC: 91.48 CR: 0.70 Avg R1: 4.96 Avg R2: 6.26 Avg Reward: 11.227186
2026-05-17 08:02:33 [INFO] EPOCH:133, ======================CR:0.70332====================
2026-05-17 08:02:33 [INFO] 0.04999003450873947
2026-05-17 08:02:35 [INFO] EPOCH:133, ======================ACC:70.79====================
2026-05-17 08:02:35 [INFO] BEST EPOCH:132,BEST ACC:71.61
2026-05-17 08:02:35 [INFO] Saving Masks: current CR 0.7033 target CR 0.7000
2026-05-17 08:02:43 [INFO] Epoch: 134 [12800/50000 (26%)]	 Training Loss: 0.176 ACC: 92.34 CR: 0.71 Avg R1: 4.91 Avg R2: 6.31 Avg Reward: 11.223195
2026-05-17 08:02:51 [INFO] Epoch: 134 [25600/50000 (51%)]	 Training Loss: 0.182 ACC: 91.95 CR: 0.71 Avg R1: 4.91 Avg R2: 6.31 Avg Reward: 11.221258
2026-05-17 08:03:00 [INFO] Epoch: 134 [38400/50000 (77%)]	 Training Loss: 0.189 ACC: 91.48 CR: 0.71 Avg R1: 4.90 Avg R2: 6.32 Avg Reward: 11.214055
2026-05-17 08:03:06 [INFO] EPOCH:134, ======================CR:0.70294====================
2026-05-17 08:03:06 [INFO] 0.04891397619841365
2026-05-17 08:03:08 [INFO] EPOCH:134, ======================ACC:71.08====================
2026-05-17 08:03:08 [INFO] BEST EPOCH:132,BEST ACC:71.61
2026-05-17 08:03:08 [INFO] Saving Masks: current CR 0.7029 target CR 0.7000
2026-05-17 08:03:08 [INFO] Updated candidate mask pretrained-rescale_mask_best-acc_70_05170650_resnet18 at epoch 134 with acc 71.0800
2026-05-17 08:03:16 [INFO] Epoch: 135 [12800/50000 (26%)]	 Training Loss: 0.165 ACC: 92.55 CR: 0.70 Avg R1: 4.98 Avg R2: 6.26 Avg Reward: 11.240537
2026-05-17 08:03:24 [INFO] Epoch: 135 [25600/50000 (51%)]	 Training Loss: 0.167 ACC: 92.46 CR: 0.69 Avg R1: 4.97 Avg R2: 6.24 Avg Reward: 11.207344
2026-05-17 08:03:32 [INFO] Epoch: 135 [38400/50000 (77%)]	 Training Loss: 0.169 ACC: 92.33 CR: 0.68 Avg R1: 4.94 Avg R2: 6.21 Avg Reward: 11.154574
2026-05-17 08:03:39 [INFO] EPOCH:135, ======================CR:0.67458====================
2026-05-17 08:03:39 [INFO] 0.05013158185917685
2026-05-17 08:03:41 [INFO] EPOCH:135, ======================ACC:71.6====================
2026-05-17 08:03:41 [INFO] BEST EPOCH:134,BEST ACC:71.61
2026-05-17 08:03:49 [INFO] Epoch: 136 [12800/50000 (26%)]	 Training Loss: 0.162 ACC: 92.31 CR: 0.67 Avg R1: 4.82 Avg R2: 6.06 Avg Reward: 10.874824
2026-05-17 08:03:56 [INFO] Epoch: 136 [25600/50000 (51%)]	 Training Loss: 0.160 ACC: 92.58 CR: 0.67 Avg R1: 4.81 Avg R2: 6.05 Avg Reward: 10.859143
2026-05-17 08:04:04 [INFO] Epoch: 136 [38400/50000 (77%)]	 Training Loss: 0.161 ACC: 92.52 CR: 0.67 Avg R1: 4.80 Avg R2: 6.04 Avg Reward: 10.843808
2026-05-17 08:04:11 [INFO] EPOCH:136, ======================CR:0.67126====================
2026-05-17 08:04:11 [INFO] 0.04384493212380622
2026-05-17 08:04:12 [INFO] EPOCH:136, ======================ACC:72.24====================
2026-05-17 08:04:12 [INFO] BEST EPOCH:136,BEST ACC:72.24
2026-05-17 08:04:20 [INFO] Epoch: 137 [12800/50000 (26%)]	 Training Loss: 0.151 ACC: 92.96 CR: 0.67 Avg R1: 4.79 Avg R2: 6.01 Avg Reward: 10.803087
2026-05-17 08:04:28 [INFO] Epoch: 137 [25600/50000 (51%)]	 Training Loss: 0.152 ACC: 93.04 CR: 0.67 Avg R1: 4.80 Avg R2: 6.03 Avg Reward: 10.826079
2026-05-17 08:04:36 [INFO] Epoch: 137 [38400/50000 (77%)]	 Training Loss: 0.154 ACC: 93.02 CR: 0.68 Avg R1: 4.81 Avg R2: 6.04 Avg Reward: 10.846815
2026-05-17 08:04:43 [INFO] EPOCH:137, ======================CR:0.6828====================
2026-05-17 08:04:43 [INFO] 0.048017360901324184
2026-05-17 08:04:45 [INFO] EPOCH:137, ======================ACC:72.4====================
2026-05-17 08:04:45 [INFO] BEST EPOCH:137,BEST ACC:72.4
2026-05-17 08:04:52 [INFO] Epoch: 138 [12800/50000 (26%)]	 Training Loss: 0.152 ACC: 93.11 CR: 0.69 Avg R1: 4.89 Avg R2: 6.09 Avg Reward: 10.984524
2026-05-17 08:04:59 [INFO] Epoch: 138 [25600/50000 (51%)]	 Training Loss: 0.160 ACC: 92.92 CR: 0.70 Avg R1: 4.93 Avg R2: 6.12 Avg Reward: 11.047138
2026-05-17 08:05:07 [INFO] Epoch: 138 [38400/50000 (77%)]	 Training Loss: 0.161 ACC: 92.94 CR: 0.71 Avg R1: 4.91 Avg R2: 6.15 Avg Reward: 11.066763
2026-05-17 08:05:14 [INFO] EPOCH:138, ======================CR:0.72472====================
2026-05-17 08:05:14 [INFO] 0.04912259324082771
2026-05-17 08:05:16 [INFO] EPOCH:138, ======================ACC:70.65====================
2026-05-17 08:05:16 [INFO] BEST EPOCH:137,BEST ACC:72.4
2026-05-17 08:05:23 [INFO] Epoch: 139 [12800/50000 (26%)]	 Training Loss: 0.154 ACC: 93.30 CR: 0.72 Avg R1: 4.58 Avg R2: 6.34 Avg Reward: 10.918907
2026-05-17 08:05:31 [INFO] Epoch: 139 [25600/50000 (51%)]	 Training Loss: 0.159 ACC: 93.18 CR: 0.72 Avg R1: 4.58 Avg R2: 6.34 Avg Reward: 10.921335
2026-05-17 08:05:40 [INFO] Epoch: 139 [38400/50000 (77%)]	 Training Loss: 0.162 ACC: 92.97 CR: 0.72 Avg R1: 4.58 Avg R2: 6.34 Avg Reward: 10.920844
2026-05-17 08:05:47 [INFO] EPOCH:139, ======================CR:0.72394====================
2026-05-17 08:05:47 [INFO] 0.05593851626593518
2026-05-17 08:05:49 [INFO] EPOCH:139, ======================ACC:70.53====================
2026-05-17 08:05:49 [INFO] BEST EPOCH:137,BEST ACC:72.4
2026-05-17 08:05:57 [INFO] Epoch: 140 [12800/50000 (26%)]	 Training Loss: 0.150 ACC: 93.44 CR: 0.72 Avg R1: 4.64 Avg R2: 6.31 Avg Reward: 10.949683
2026-05-17 08:06:04 [INFO] Epoch: 140 [25600/50000 (51%)]	 Training Loss: 0.154 ACC: 93.31 CR: 0.72 Avg R1: 4.67 Avg R2: 6.30 Avg Reward: 10.964827
2026-05-17 08:06:13 [INFO] Epoch: 140 [38400/50000 (77%)]	 Training Loss: 0.155 ACC: 93.27 CR: 0.71 Avg R1: 4.70 Avg R2: 6.29 Avg Reward: 10.986210
2026-05-17 08:06:21 [INFO] EPOCH:140, ======================CR:0.70696====================
2026-05-17 08:06:21 [INFO] 0.054008546516874194
2026-05-17 08:06:23 [INFO] EPOCH:140, ======================ACC:71.78====================
2026-05-17 08:06:23 [INFO] BEST EPOCH:137,BEST ACC:72.4
2026-05-17 08:06:23 [INFO] Saving Masks: current CR 0.7070 target CR 0.7000
2026-05-17 08:06:23 [INFO] Updated candidate mask pretrained-rescale_mask_best-acc_70_05170650_resnet18 at epoch 140 with acc 71.7800
2026-05-17 08:06:31 [INFO] Epoch: 141 [12800/50000 (26%)]	 Training Loss: 0.147 ACC: 93.80 CR: 0.71 Avg R1: 4.91 Avg R2: 6.20 Avg Reward: 11.110620
2026-05-17 08:06:38 [INFO] Epoch: 141 [25600/50000 (51%)]	 Training Loss: 0.148 ACC: 93.57 CR: 0.70 Avg R1: 4.93 Avg R2: 6.20 Avg Reward: 11.125316
2026-05-17 08:06:46 [INFO] Epoch: 141 [38400/50000 (77%)]	 Training Loss: 0.147 ACC: 93.58 CR: 0.70 Avg R1: 4.94 Avg R2: 6.19 Avg Reward: 11.134758
2026-05-17 08:06:52 [INFO] EPOCH:141, ======================CR:0.69886====================
2026-05-17 08:06:52 [INFO] 0.0461015070220139
2026-05-17 08:06:54 [INFO] EPOCH:141, ======================ACC:72.64====================
2026-05-17 08:06:54 [INFO] BEST EPOCH:141,BEST ACC:72.64
2026-05-17 08:06:54 [INFO] Saving Masks: current CR 0.6989 target CR 0.7000
2026-05-17 08:06:54 [INFO] Updated candidate mask pretrained-rescale_mask_best-acc_70_05170650_resnet18 at epoch 141 with acc 72.6400
2026-05-17 08:07:02 [INFO] Epoch: 142 [12800/50000 (26%)]	 Training Loss: 0.145 ACC: 93.55 CR: 0.70 Avg R1: 4.99 Avg R2: 6.12 Avg Reward: 11.111257
2026-05-17 08:07:10 [INFO] Epoch: 142 [25600/50000 (51%)]	 Training Loss: 0.148 ACC: 93.55 CR: 0.70 Avg R1: 4.98 Avg R2: 6.13 Avg Reward: 11.107897
2026-05-17 08:07:18 [INFO] Epoch: 142 [38400/50000 (77%)]	 Training Loss: 0.145 ACC: 93.72 CR: 0.71 Avg R1: 4.94 Avg R2: 6.15 Avg Reward: 11.085997
2026-05-17 08:07:25 [INFO] EPOCH:142, ======================CR:0.71596====================
2026-05-17 08:07:25 [INFO] 0.050172608848058735
2026-05-17 08:07:27 [INFO] EPOCH:142, ======================ACC:72.86====================
2026-05-17 08:07:27 [INFO] BEST EPOCH:142,BEST ACC:72.86
2026-05-17 08:07:34 [INFO] Epoch: 143 [12800/50000 (26%)]	 Training Loss: 0.135 ACC: 94.33 CR: 0.72 Avg R1: 4.75 Avg R2: 6.23 Avg Reward: 10.981813
2026-05-17 08:07:42 [INFO] Epoch: 143 [25600/50000 (51%)]	 Training Loss: 0.140 ACC: 94.08 CR: 0.72 Avg R1: 4.74 Avg R2: 6.23 Avg Reward: 10.972400
2026-05-17 08:07:50 [INFO] Epoch: 143 [38400/50000 (77%)]	 Training Loss: 0.143 ACC: 94.01 CR: 0.72 Avg R1: 4.72 Avg R2: 6.24 Avg Reward: 10.959887
2026-05-17 08:07:57 [INFO] EPOCH:143, ======================CR:0.72466====================
2026-05-17 08:07:57 [INFO] 0.060896883509547764
2026-05-17 08:07:59 [INFO] EPOCH:143, ======================ACC:72.44====================
2026-05-17 08:07:59 [INFO] BEST EPOCH:142,BEST ACC:72.86
2026-05-17 08:08:07 [INFO] Epoch: 144 [12800/50000 (26%)]	 Training Loss: 0.138 ACC: 94.39 CR: 0.73 Avg R1: 4.55 Avg R2: 6.29 Avg Reward: 10.843416
2026-05-17 08:08:15 [INFO] Epoch: 144 [25600/50000 (51%)]	 Training Loss: 0.137 ACC: 94.36 CR: 0.73 Avg R1: 4.52 Avg R2: 6.30 Avg Reward: 10.817667
2026-05-17 08:08:23 [INFO] Epoch: 144 [38400/50000 (77%)]	 Training Loss: 0.138 ACC: 94.32 CR: 0.73 Avg R1: 4.50 Avg R2: 6.30 Avg Reward: 10.805445
2026-05-17 08:08:29 [INFO] EPOCH:144, ======================CR:0.73316====================
2026-05-17 08:08:29 [INFO] 0.06432373316418381
2026-05-17 08:08:31 [INFO] EPOCH:144, ======================ACC:73.26====================
2026-05-17 08:08:31 [INFO] BEST EPOCH:144,BEST ACC:73.26
2026-05-17 08:08:39 [INFO] Epoch: 145 [12800/50000 (26%)]	 Training Loss: 0.129 ACC: 94.59 CR: 0.73 Avg R1: 4.47 Avg R2: 6.29 Avg Reward: 10.759634
2026-05-17 08:08:47 [INFO] Epoch: 145 [25600/50000 (51%)]	 Training Loss: 0.131 ACC: 94.51 CR: 0.73 Avg R1: 4.49 Avg R2: 6.28 Avg Reward: 10.766693
2026-05-17 08:08:55 [INFO] Epoch: 145 [38400/50000 (77%)]	 Training Loss: 0.132 ACC: 94.51 CR: 0.73 Avg R1: 4.49 Avg R2: 6.28 Avg Reward: 10.765332
2026-05-17 08:09:02 [INFO] EPOCH:145, ======================CR:0.73088====================
2026-05-17 08:09:02 [INFO] 0.054171354376592755
2026-05-17 08:09:04 [INFO] EPOCH:145, ======================ACC:73.54====================
2026-05-17 08:09:04 [INFO] BEST EPOCH:145,BEST ACC:73.54
2026-05-17 08:09:12 [INFO] Epoch: 146 [12800/50000 (26%)]	 Training Loss: 0.125 ACC: 94.71 CR: 0.73 Avg R1: 4.51 Avg R2: 6.25 Avg Reward: 10.754484
2026-05-17 08:09:20 [INFO] Epoch: 146 [25600/50000 (51%)]	 Training Loss: 0.123 ACC: 94.83 CR: 0.72 Avg R1: 4.53 Avg R2: 6.24 Avg Reward: 10.771376
2026-05-17 08:09:29 [INFO] Epoch: 146 [38400/50000 (77%)]	 Training Loss: 0.123 ACC: 94.87 CR: 0.72 Avg R1: 4.56 Avg R2: 6.23 Avg Reward: 10.793869
2026-05-17 08:09:35 [INFO] EPOCH:146, ======================CR:0.71274====================
2026-05-17 08:09:35 [INFO] 0.05125112204809121
2026-05-17 08:09:37 [INFO] EPOCH:146, ======================ACC:72.85====================
2026-05-17 08:09:37 [INFO] BEST EPOCH:145,BEST ACC:73.54
2026-05-17 08:09:43 [INFO] Epoch: 147 [12800/50000 (26%)]	 Training Loss: 0.115 ACC: 94.99 CR: 0.71 Avg R1: 4.82 Avg R2: 6.11 Avg Reward: 10.922718
2026-05-17 08:09:50 [INFO] Epoch: 147 [25600/50000 (51%)]	 Training Loss: 0.112 ACC: 95.23 CR: 0.70 Avg R1: 4.88 Avg R2: 6.08 Avg Reward: 10.959563
2026-05-17 08:09:56 [INFO] Epoch: 147 [38400/50000 (77%)]	 Training Loss: 0.114 ACC: 95.14 CR: 0.69 Avg R1: 4.90 Avg R2: 6.05 Avg Reward: 10.949297
2026-05-17 08:10:01 [INFO] EPOCH:147, ======================CR:0.67482====================
2026-05-17 08:10:01 [INFO] 0.0524192499834698
2026-05-17 08:10:03 [INFO] EPOCH:147, ======================ACC:73.84====================
2026-05-17 08:10:03 [INFO] BEST EPOCH:147,BEST ACC:73.84
2026-05-17 08:10:09 [INFO] Epoch: 148 [12800/50000 (26%)]	 Training Loss: 0.093 ACC: 96.14 CR: 0.67 Avg R1: 4.79 Avg R2: 5.81 Avg Reward: 10.601454
2026-05-17 08:10:16 [INFO] Epoch: 148 [25600/50000 (51%)]	 Training Loss: 0.094 ACC: 96.00 CR: 0.66 Avg R1: 4.77 Avg R2: 5.79 Avg Reward: 10.566451
2026-05-17 08:10:22 [INFO] Epoch: 148 [38400/50000 (77%)]	 Training Loss: 0.098 ACC: 95.76 CR: 0.66 Avg R1: 4.76 Avg R2: 5.78 Avg Reward: 10.540620
2026-05-17 08:10:28 [INFO] EPOCH:148, ======================CR:0.66168====================
2026-05-17 08:10:28 [INFO] 0.05576568577764624
2026-05-17 08:10:29 [INFO] EPOCH:148, ======================ACC:73.8====================
2026-05-17 08:10:29 [INFO] BEST EPOCH:147,BEST ACC:73.84
2026-05-17 08:10:36 [INFO] Epoch: 149 [12800/50000 (26%)]	 Training Loss: 0.100 ACC: 95.85 CR: 0.67 Avg R1: 4.74 Avg R2: 5.71 Avg Reward: 10.446955
2026-05-17 08:10:42 [INFO] Epoch: 149 [25600/50000 (51%)]	 Training Loss: 0.099 ACC: 95.89 CR: 0.67 Avg R1: 4.76 Avg R2: 5.73 Avg Reward: 10.485124
2026-05-17 08:10:48 [INFO] Epoch: 149 [38400/50000 (77%)]	 Training Loss: 0.100 ACC: 95.83 CR: 0.68 Avg R1: 4.79 Avg R2: 5.75 Avg Reward: 10.534925
2026-05-17 08:10:54 [INFO] EPOCH:149, ======================CR:0.69164====================
2026-05-17 08:10:54 [INFO] 0.06977092370086765
2026-05-17 08:10:56 [INFO] EPOCH:149, ======================ACC:73.35====================
2026-05-17 08:10:56 [INFO] BEST EPOCH:147,BEST ACC:73.84
2026-05-17 08:10:56 [INFO] Saving Masks: current CR 0.6916 target CR 0.7000
2026-05-17 08:10:56 [INFO] Updated candidate mask pretrained-rescale_mask_best-acc_70_05170650_resnet18 at epoch 149 with acc 73.3500
2026-05-17 08:11:02 [INFO] Epoch: 150 [12800/50000 (26%)]	 Training Loss: 0.103 ACC: 95.85 CR: 0.69 Avg R1: 4.94 Avg R2: 5.87 Avg Reward: 10.811018
2026-05-17 08:11:08 [INFO] Epoch: 150 [25600/50000 (51%)]	 Training Loss: 0.101 ACC: 96.02 CR: 0.69 Avg R1: 4.94 Avg R2: 5.87 Avg Reward: 10.808380
2026-05-17 08:11:15 [INFO] Epoch: 150 [38400/50000 (77%)]	 Training Loss: 0.101 ACC: 96.00 CR: 0.70 Avg R1: 4.95 Avg R2: 5.87 Avg Reward: 10.816937
2026-05-17 08:11:20 [INFO] EPOCH:150, ======================CR:0.7035====================
2026-05-17 08:11:20 [INFO] 0.07106689444497967
2026-05-17 08:11:22 [INFO] EPOCH:150, ======================ACC:74.36====================
2026-05-17 08:11:22 [INFO] BEST EPOCH:150,BEST ACC:74.36
2026-05-17 08:11:22 [INFO] Saving Masks: current CR 0.7035 target CR 0.7000
2026-05-17 08:11:22 [INFO] Updated candidate mask pretrained-rescale_mask_best-acc_70_05170650_resnet18 at epoch 150 with acc 74.3600
2026-05-17 08:11:28 [INFO] Epoch: 151 [12800/50000 (26%)]	 Training Loss: 0.098 ACC: 96.26 CR: 0.71 Avg R1: 4.89 Avg R2: 5.94 Avg Reward: 10.833437
2026-05-17 08:11:34 [INFO] Epoch: 151 [25600/50000 (51%)]	 Training Loss: 0.098 ACC: 96.22 CR: 0.71 Avg R1: 4.85 Avg R2: 5.95 Avg Reward: 10.803122
2026-05-17 08:11:41 [INFO] Epoch: 151 [38400/50000 (77%)]	 Training Loss: 0.099 ACC: 96.16 CR: 0.72 Avg R1: 4.81 Avg R2: 5.97 Avg Reward: 10.772740
2026-05-17 08:11:47 [INFO] EPOCH:151, ======================CR:0.72426====================
2026-05-17 08:11:47 [INFO] 0.07074053064591218
2026-05-17 08:11:48 [INFO] EPOCH:151, ======================ACC:74.78====================
2026-05-17 08:11:48 [INFO] BEST EPOCH:151,BEST ACC:74.78
2026-05-17 08:11:55 [INFO] Epoch: 152 [12800/50000 (26%)]	 Training Loss: 0.096 ACC: 96.07 CR: 0.72 Avg R1: 4.63 Avg R2: 6.00 Avg Reward: 10.631658
2026-05-17 08:12:01 [INFO] Epoch: 152 [25600/50000 (51%)]	 Training Loss: 0.093 ACC: 96.17 CR: 0.72 Avg R1: 4.66 Avg R2: 5.99 Avg Reward: 10.655579
2026-05-17 08:12:07 [INFO] Epoch: 152 [38400/50000 (77%)]	 Training Loss: 0.092 ACC: 96.25 CR: 0.71 Avg R1: 4.72 Avg R2: 5.97 Avg Reward: 10.694160
2026-05-17 08:12:13 [INFO] EPOCH:152, ======================CR:0.69868====================
2026-05-17 08:12:13 [INFO] 0.0644678174027308
2026-05-17 08:12:15 [INFO] EPOCH:152, ======================ACC:74.24====================
2026-05-17 08:12:15 [INFO] BEST EPOCH:151,BEST ACC:74.78
2026-05-17 08:12:15 [INFO] Saving Masks: current CR 0.6987 target CR 0.7000
2026-05-17 08:12:21 [INFO] Epoch: 153 [12800/50000 (26%)]	 Training Loss: 0.086 ACC: 96.48 CR: 0.70 Avg R1: 4.99 Avg R2: 5.83 Avg Reward: 10.815559
2026-05-17 08:12:28 [INFO] Epoch: 153 [25600/50000 (51%)]	 Training Loss: 0.085 ACC: 96.64 CR: 0.70 Avg R1: 4.99 Avg R2: 5.83 Avg Reward: 10.821379
2026-05-17 08:12:34 [INFO] Epoch: 153 [38400/50000 (77%)]	 Training Loss: 0.087 ACC: 96.59 CR: 0.70 Avg R1: 4.99 Avg R2: 5.83 Avg Reward: 10.823146
2026-05-17 08:12:40 [INFO] EPOCH:153, ======================CR:0.6971====================
2026-05-17 08:12:40 [INFO] 0.06550494186884057
2026-05-17 08:12:41 [INFO] EPOCH:153, ======================ACC:74.93====================
2026-05-17 08:12:41 [INFO] BEST EPOCH:153,BEST ACC:74.93
2026-05-17 08:12:41 [INFO] Saving Masks: current CR 0.6971 target CR 0.7000
2026-05-17 08:12:41 [INFO] Updated candidate mask pretrained-rescale_mask_best-acc_70_05170650_resnet18 at epoch 153 with acc 74.9300
2026-05-17 08:12:48 [INFO] Epoch: 154 [12800/50000 (26%)]	 Training Loss: 0.081 ACC: 96.78 CR: 0.70 Avg R1: 4.97 Avg R2: 5.77 Avg Reward: 10.743869
2026-05-17 08:12:54 [INFO] Epoch: 154 [25600/50000 (51%)]	 Training Loss: 0.080 ACC: 96.90 CR: 0.69 Avg R1: 4.96 Avg R2: 5.76 Avg Reward: 10.723555
2026-05-17 08:13:00 [INFO] Epoch: 154 [38400/50000 (77%)]	 Training Loss: 0.081 ACC: 96.77 CR: 0.69 Avg R1: 4.95 Avg R2: 5.75 Avg Reward: 10.704141
2026-05-17 08:13:06 [INFO] EPOCH:154, ======================CR:0.68732====================
2026-05-17 08:13:06 [INFO] 0.07440596290496548
2026-05-17 08:13:08 [INFO] EPOCH:154, ======================ACC:74.22====================
2026-05-17 08:13:08 [INFO] BEST EPOCH:153,BEST ACC:74.93
2026-05-17 08:13:14 [INFO] Epoch: 155 [12800/50000 (26%)]	 Training Loss: 0.083 ACC: 96.61 CR: 0.69 Avg R1: 4.93 Avg R2: 5.70 Avg Reward: 10.632307
2026-05-17 08:13:20 [INFO] Epoch: 155 [25600/50000 (51%)]	 Training Loss: 0.081 ACC: 96.75 CR: 0.69 Avg R1: 4.94 Avg R2: 5.71 Avg Reward: 10.643511
2026-05-17 08:13:26 [INFO] Epoch: 155 [38400/50000 (77%)]	 Training Loss: 0.081 ACC: 96.79 CR: 0.69 Avg R1: 4.94 Avg R2: 5.71 Avg Reward: 10.655514
2026-05-17 08:13:32 [INFO] EPOCH:155, ======================CR:0.69374====================
2026-05-17 08:13:32 [INFO] 0.064835324483526
2026-05-17 08:13:34 [INFO] EPOCH:155, ======================ACC:74.35====================
2026-05-17 08:13:34 [INFO] BEST EPOCH:153,BEST ACC:74.93
2026-05-17 08:13:34 [INFO] Saving Masks: current CR 0.6937 target CR 0.7000
2026-05-17 08:13:40 [INFO] Epoch: 156 [12800/50000 (26%)]	 Training Loss: 0.079 ACC: 96.84 CR: 0.70 Avg R1: 4.96 Avg R2: 5.71 Avg Reward: 10.673320
2026-05-17 08:13:46 [INFO] Epoch: 156 [25600/50000 (51%)]	 Training Loss: 0.077 ACC: 96.91 CR: 0.70 Avg R1: 4.97 Avg R2: 5.71 Avg Reward: 10.677003
2026-05-17 08:13:53 [INFO] Epoch: 156 [38400/50000 (77%)]	 Training Loss: 0.077 ACC: 96.93 CR: 0.70 Avg R1: 4.96 Avg R2: 5.71 Avg Reward: 10.675677
2026-05-17 08:13:58 [INFO] EPOCH:156, ======================CR:0.6974====================
2026-05-17 08:13:58 [INFO] 0.06472739938252851
2026-05-17 08:14:00 [INFO] EPOCH:156, ======================ACC:74.13====================
2026-05-17 08:14:00 [INFO] BEST EPOCH:153,BEST ACC:74.93
2026-05-17 08:14:00 [INFO] Saving Masks: current CR 0.6974 target CR 0.7000
2026-05-17 08:14:07 [INFO] Epoch: 157 [12800/50000 (26%)]	 Training Loss: 0.075 ACC: 97.12 CR: 0.70 Avg R1: 4.99 Avg R2: 5.69 Avg Reward: 10.678829
2026-05-17 08:14:13 [INFO] Epoch: 157 [25600/50000 (51%)]	 Training Loss: 0.074 ACC: 97.30 CR: 0.70 Avg R1: 4.97 Avg R2: 5.70 Avg Reward: 10.672534
2026-05-17 08:14:19 [INFO] Epoch: 157 [38400/50000 (77%)]	 Training Loss: 0.074 ACC: 97.23 CR: 0.70 Avg R1: 4.96 Avg R2: 5.71 Avg Reward: 10.666152
2026-05-17 08:14:25 [INFO] EPOCH:157, ======================CR:0.70742====================
2026-05-17 08:14:25 [INFO] 0.06710123702062133
2026-05-17 08:14:27 [INFO] EPOCH:157, ======================ACC:75.12====================
2026-05-17 08:14:27 [INFO] BEST EPOCH:157,BEST ACC:75.12
2026-05-17 08:14:27 [INFO] Saving Masks: current CR 0.7074 target CR 0.7000
2026-05-17 08:14:27 [INFO] Updated candidate mask pretrained-rescale_mask_best-acc_70_05170650_resnet18 at epoch 157 with acc 75.1200
2026-05-17 08:14:33 [INFO] Epoch: 158 [12800/50000 (26%)]	 Training Loss: 0.074 ACC: 97.04 CR: 0.70 Avg R1: 4.89 Avg R2: 5.71 Avg Reward: 10.604330
2026-05-17 08:14:39 [INFO] Epoch: 158 [25600/50000 (51%)]	 Training Loss: 0.070 ACC: 97.20 CR: 0.70 Avg R1: 4.93 Avg R2: 5.70 Avg Reward: 10.625907
2026-05-17 08:14:45 [INFO] Epoch: 158 [38400/50000 (77%)]	 Training Loss: 0.069 ACC: 97.29 CR: 0.69 Avg R1: 4.95 Avg R2: 5.68 Avg Reward: 10.626890
2026-05-17 08:14:51 [INFO] EPOCH:158, ======================CR:0.68518====================
2026-05-17 08:14:51 [INFO] 0.06440880179715738
2026-05-17 08:14:53 [INFO] EPOCH:158, ======================ACC:75.42====================
2026-05-17 08:14:53 [INFO] BEST EPOCH:158,BEST ACC:75.42
2026-05-17 08:14:59 [INFO] Epoch: 159 [12800/50000 (26%)]	 Training Loss: 0.059 ACC: 97.86 CR: 0.68 Avg R1: 4.89 Avg R2: 5.54 Avg Reward: 10.423779
2026-05-17 08:15:05 [INFO] Epoch: 159 [25600/50000 (51%)]	 Training Loss: 0.061 ACC: 97.76 CR: 0.68 Avg R1: 4.88 Avg R2: 5.53 Avg Reward: 10.417838
2026-05-17 08:15:12 [INFO] Epoch: 159 [38400/50000 (77%)]	 Training Loss: 0.063 ACC: 97.70 CR: 0.69 Avg R1: 4.89 Avg R2: 5.54 Avg Reward: 10.426235
2026-05-17 08:15:17 [INFO] EPOCH:159, ======================CR:0.69206====================
2026-05-17 08:15:17 [INFO] 0.0794611341122081
2026-05-17 08:15:19 [INFO] EPOCH:159, ======================ACC:75.14====================
2026-05-17 08:15:19 [INFO] BEST EPOCH:158,BEST ACC:75.42
2026-05-17 08:15:19 [INFO] Saving Masks: current CR 0.6921 target CR 0.7000
2026-05-17 08:15:19 [INFO] Updated candidate mask pretrained-rescale_mask_best-acc_70_05170650_resnet18 at epoch 159 with acc 75.1400
2026-05-17 08:15:25 [INFO] Epoch: 160 [12800/50000 (26%)]	 Training Loss: 0.067 ACC: 97.60 CR: 0.70 Avg R1: 4.96 Avg R2: 5.58 Avg Reward: 10.536894
2026-05-17 08:15:32 [INFO] Epoch: 160 [25600/50000 (51%)]	 Training Loss: 0.066 ACC: 97.62 CR: 0.70 Avg R1: 4.97 Avg R2: 5.58 Avg Reward: 10.554800
2026-05-17 08:15:38 [INFO] Epoch: 160 [38400/50000 (77%)]	 Training Loss: 0.066 ACC: 97.57 CR: 0.70 Avg R1: 4.97 Avg R2: 5.59 Avg Reward: 10.559154
2026-05-17 08:15:44 [INFO] EPOCH:160, ======================CR:0.7064====================
2026-05-17 08:15:44 [INFO] 0.075058017334405
2026-05-17 08:15:45 [INFO] EPOCH:160, ======================ACC:75.4====================
2026-05-17 08:15:45 [INFO] BEST EPOCH:159,BEST ACC:75.42
2026-05-17 08:15:45 [INFO] Saving Masks: current CR 0.7064 target CR 0.7000
2026-05-17 08:15:45 [INFO] Updated candidate mask pretrained-rescale_mask_best-acc_70_05170650_resnet18 at epoch 160 with acc 75.4000
2026-05-17 08:15:52 [INFO] Epoch: 161 [12800/50000 (26%)]	 Training Loss: 0.060 ACC: 97.88 CR: 0.70 Avg R1: 4.92 Avg R2: 5.60 Avg Reward: 10.513391
2026-05-17 08:15:58 [INFO] Epoch: 161 [25600/50000 (51%)]	 Training Loss: 0.061 ACC: 97.77 CR: 0.70 Avg R1: 4.95 Avg R2: 5.58 Avg Reward: 10.533847
2026-05-17 08:16:04 [INFO] Epoch: 161 [38400/50000 (77%)]	 Training Loss: 0.061 ACC: 97.79 CR: 0.69 Avg R1: 4.95 Avg R2: 5.57 Avg Reward: 10.517409
2026-05-17 08:16:10 [INFO] EPOCH:161, ======================CR:0.68908====================
2026-05-17 08:16:10 [INFO] 0.06902657177519152
2026-05-17 08:16:11 [INFO] EPOCH:161, ======================ACC:75.23====================
2026-05-17 08:16:11 [INFO] BEST EPOCH:160,BEST ACC:75.42
2026-05-17 08:16:18 [INFO] Epoch: 162 [12800/50000 (26%)]	 Training Loss: 0.060 ACC: 97.96 CR: 0.69 Avg R1: 4.91 Avg R2: 5.47 Avg Reward: 10.379693
2026-05-17 08:16:24 [INFO] Epoch: 162 [25600/50000 (51%)]	 Training Loss: 0.058 ACC: 98.00 CR: 0.69 Avg R1: 4.91 Avg R2: 5.47 Avg Reward: 10.374177
2026-05-17 08:16:31 [INFO] Epoch: 162 [38400/50000 (77%)]	 Training Loss: 0.058 ACC: 97.98 CR: 0.69 Avg R1: 4.91 Avg R2: 5.47 Avg Reward: 10.381157
2026-05-17 08:16:36 [INFO] EPOCH:162, ======================CR:0.69322====================
2026-05-17 08:16:36 [INFO] 0.06341394487530588
2026-05-17 08:16:38 [INFO] EPOCH:162, ======================ACC:75.71====================
2026-05-17 08:16:38 [INFO] BEST EPOCH:162,BEST ACC:75.71
2026-05-17 08:16:38 [INFO] Saving Masks: current CR 0.6932 target CR 0.7000
2026-05-17 08:16:38 [INFO] Updated candidate mask pretrained-rescale_mask_best-acc_70_05170650_resnet18 at epoch 162 with acc 75.7100
2026-05-17 08:16:44 [INFO] Epoch: 163 [12800/50000 (26%)]	 Training Loss: 0.055 ACC: 98.09 CR: 0.70 Avg R1: 4.98 Avg R2: 5.50 Avg Reward: 10.481097
2026-05-17 08:16:50 [INFO] Epoch: 163 [25600/50000 (51%)]	 Training Loss: 0.055 ACC: 98.17 CR: 0.71 Avg R1: 4.97 Avg R2: 5.52 Avg Reward: 10.488717
2026-05-17 08:16:57 [INFO] Epoch: 163 [38400/50000 (77%)]	 Training Loss: 0.057 ACC: 98.09 CR: 0.71 Avg R1: 4.92 Avg R2: 5.54 Avg Reward: 10.466194
2026-05-17 08:17:02 [INFO] EPOCH:163, ======================CR:0.721====================
2026-05-17 08:17:02 [INFO] 0.08424818753333517
2026-05-17 08:17:04 [INFO] EPOCH:163, ======================ACC:75.96====================
2026-05-17 08:17:04 [INFO] BEST EPOCH:163,BEST ACC:75.96
2026-05-17 08:17:10 [INFO] Epoch: 164 [12800/50000 (26%)]	 Training Loss: 0.054 ACC: 98.16 CR: 0.72 Avg R1: 4.66 Avg R2: 5.61 Avg Reward: 10.269429
2026-05-17 08:17:17 [INFO] Epoch: 164 [25600/50000 (51%)]	 Training Loss: 0.052 ACC: 98.23 CR: 0.72 Avg R1: 4.68 Avg R2: 5.60 Avg Reward: 10.281523
2026-05-17 08:17:23 [INFO] Epoch: 164 [38400/50000 (77%)]	 Training Loss: 0.053 ACC: 98.17 CR: 0.72 Avg R1: 4.70 Avg R2: 5.59 Avg Reward: 10.289558
2026-05-17 08:17:29 [INFO] EPOCH:164, ======================CR:0.71364====================
2026-05-17 08:17:29 [INFO] 0.08492409184411574
2026-05-17 08:17:30 [INFO] EPOCH:164, ======================ACC:75.56====================
2026-05-17 08:17:30 [INFO] BEST EPOCH:163,BEST ACC:75.96
2026-05-17 08:17:37 [INFO] Epoch: 165 [12800/50000 (26%)]	 Training Loss: 0.053 ACC: 98.21 CR: 0.72 Avg R1: 4.72 Avg R2: 5.54 Avg Reward: 10.261833
2026-05-17 08:17:43 [INFO] Epoch: 165 [25600/50000 (51%)]	 Training Loss: 0.053 ACC: 98.26 CR: 0.72 Avg R1: 4.72 Avg R2: 5.54 Avg Reward: 10.263848
2026-05-17 08:17:49 [INFO] Epoch: 165 [38400/50000 (77%)]	 Training Loss: 0.054 ACC: 98.20 CR: 0.72 Avg R1: 4.71 Avg R2: 5.55 Avg Reward: 10.257957
2026-05-17 08:17:55 [INFO] EPOCH:165, ======================CR:0.7196====================
2026-05-17 08:17:55 [INFO] 0.06778090053548884
2026-05-17 08:17:56 [INFO] EPOCH:165, ======================ACC:76.12====================
2026-05-17 08:17:56 [INFO] BEST EPOCH:165,BEST ACC:76.12
2026-05-17 08:18:03 [INFO] Epoch: 166 [12800/50000 (26%)]	 Training Loss: 0.047 ACC: 98.53 CR: 0.72 Avg R1: 4.70 Avg R2: 5.53 Avg Reward: 10.226605
2026-05-17 08:18:09 [INFO] Epoch: 166 [25600/50000 (51%)]	 Training Loss: 0.047 ACC: 98.48 CR: 0.71 Avg R1: 4.72 Avg R2: 5.52 Avg Reward: 10.240005
2026-05-17 08:18:15 [INFO] Epoch: 166 [38400/50000 (77%)]	 Training Loss: 0.048 ACC: 98.36 CR: 0.71 Avg R1: 4.74 Avg R2: 5.52 Avg Reward: 10.254607
2026-05-17 08:18:21 [INFO] EPOCH:166, ======================CR:0.7049====================
2026-05-17 08:18:21 [INFO] 0.08020155014788329
2026-05-17 08:18:22 [INFO] EPOCH:166, ======================ACC:75.99====================
2026-05-17 08:18:22 [INFO] BEST EPOCH:165,BEST ACC:76.12
2026-05-17 08:18:22 [INFO] Saving Masks: current CR 0.7049 target CR 0.7000
2026-05-17 08:18:22 [INFO] Updated candidate mask pretrained-rescale_mask_best-acc_70_05170650_resnet18 at epoch 166 with acc 75.9900
2026-05-17 08:18:29 [INFO] Epoch: 167 [12800/50000 (26%)]	 Training Loss: 0.045 ACC: 98.49 CR: 0.70 Avg R1: 4.94 Avg R2: 5.41 Avg Reward: 10.347680
2026-05-17 08:18:35 [INFO] Epoch: 167 [25600/50000 (51%)]	 Training Loss: 0.043 ACC: 98.57 CR: 0.70 Avg R1: 4.96 Avg R2: 5.40 Avg Reward: 10.355622
2026-05-17 08:18:41 [INFO] Epoch: 167 [38400/50000 (77%)]	 Training Loss: 0.044 ACC: 98.55 CR: 0.70 Avg R1: 4.97 Avg R2: 5.39 Avg Reward: 10.357660
2026-05-17 08:18:47 [INFO] EPOCH:167, ======================CR:0.69584====================
2026-05-17 08:18:47 [INFO] 0.07456984103778158
2026-05-17 08:18:49 [INFO] EPOCH:167, ======================ACC:76.24====================
2026-05-17 08:18:49 [INFO] BEST EPOCH:167,BEST ACC:76.24
2026-05-17 08:18:49 [INFO] Saving Masks: current CR 0.6958 target CR 0.7000
2026-05-17 08:18:49 [INFO] Updated candidate mask pretrained-rescale_mask_best-acc_70_05170650_resnet18 at epoch 167 with acc 76.2400
2026-05-17 08:18:55 [INFO] Epoch: 168 [12800/50000 (26%)]	 Training Loss: 0.045 ACC: 98.43 CR: 0.70 Avg R1: 4.98 Avg R2: 5.34 Avg Reward: 10.313441
2026-05-17 08:19:01 [INFO] Epoch: 168 [25600/50000 (51%)]	 Training Loss: 0.045 ACC: 98.46 CR: 0.70 Avg R1: 4.98 Avg R2: 5.34 Avg Reward: 10.323989
2026-05-17 08:19:07 [INFO] Epoch: 168 [38400/50000 (77%)]	 Training Loss: 0.045 ACC: 98.43 CR: 0.70 Avg R1: 4.98 Avg R2: 5.35 Avg Reward: 10.329566
2026-05-17 08:19:13 [INFO] EPOCH:168, ======================CR:0.70796====================
2026-05-17 08:19:13 [INFO] 0.07750688878777132
2026-05-17 08:19:15 [INFO] EPOCH:168, ======================ACC:76.33====================
2026-05-17 08:19:15 [INFO] BEST EPOCH:168,BEST ACC:76.33
2026-05-17 08:19:15 [INFO] Saving Masks: current CR 0.7080 target CR 0.7000
2026-05-17 08:19:15 [INFO] Updated candidate mask pretrained-rescale_mask_best-acc_70_05170650_resnet18 at epoch 168 with acc 76.3300
2026-05-17 08:19:21 [INFO] Epoch: 169 [12800/50000 (26%)]	 Training Loss: 0.043 ACC: 98.57 CR: 0.71 Avg R1: 4.86 Avg R2: 5.38 Avg Reward: 10.242825
2026-05-17 08:19:28 [INFO] Epoch: 169 [25600/50000 (51%)]	 Training Loss: 0.044 ACC: 98.57 CR: 0.71 Avg R1: 4.85 Avg R2: 5.38 Avg Reward: 10.233071
2026-05-17 08:19:34 [INFO] Epoch: 169 [38400/50000 (77%)]	 Training Loss: 0.043 ACC: 98.59 CR: 0.71 Avg R1: 4.85 Avg R2: 5.38 Avg Reward: 10.228685
2026-05-17 08:19:39 [INFO] EPOCH:169, ======================CR:0.70582====================
2026-05-17 08:19:39 [INFO] 0.07574053949218389
2026-05-17 08:19:41 [INFO] EPOCH:169, ======================ACC:76.58====================
2026-05-17 08:19:41 [INFO] BEST EPOCH:169,BEST ACC:76.58
2026-05-17 08:19:41 [INFO] Saving Masks: current CR 0.7058 target CR 0.7000
2026-05-17 08:19:41 [INFO] Updated candidate mask pretrained-rescale_mask_best-acc_70_05170650_resnet18 at epoch 169 with acc 76.5800
2026-05-17 08:19:47 [INFO] Epoch: 170 [12800/50000 (26%)]	 Training Loss: 0.042 ACC: 98.63 CR: 0.70 Avg R1: 4.95 Avg R2: 5.31 Avg Reward: 10.261091
2026-05-17 08:19:54 [INFO] Epoch: 170 [25600/50000 (51%)]	 Training Loss: 0.040 ACC: 98.72 CR: 0.69 Avg R1: 4.96 Avg R2: 5.29 Avg Reward: 10.254971
2026-05-17 08:20:00 [INFO] Epoch: 170 [38400/50000 (77%)]	 Training Loss: 0.040 ACC: 98.70 CR: 0.69 Avg R1: 4.95 Avg R2: 5.27 Avg Reward: 10.224613
2026-05-17 08:20:05 [INFO] EPOCH:170, ======================CR:0.68254====================
2026-05-17 08:20:05 [INFO] 0.06811186012464149
2026-05-17 08:20:07 [INFO] EPOCH:170, ======================ACC:76.32====================
2026-05-17 08:20:07 [INFO] BEST EPOCH:169,BEST ACC:76.58
2026-05-17 08:20:14 [INFO] Epoch: 171 [12800/50000 (26%)]	 Training Loss: 0.039 ACC: 98.84 CR: 0.68 Avg R1: 4.88 Avg R2: 5.17 Avg Reward: 10.046867
2026-05-17 08:20:20 [INFO] Epoch: 171 [25600/50000 (51%)]	 Training Loss: 0.038 ACC: 98.82 CR: 0.68 Avg R1: 4.87 Avg R2: 5.17 Avg Reward: 10.035936
2026-05-17 08:20:26 [INFO] Epoch: 171 [38400/50000 (77%)]	 Training Loss: 0.038 ACC: 98.81 CR: 0.68 Avg R1: 4.86 Avg R2: 5.16 Avg Reward: 10.021026
2026-05-17 08:20:32 [INFO] EPOCH:171, ======================CR:0.673====================
2026-05-17 08:20:32 [INFO] 0.06648206212763047
2026-05-17 08:20:33 [INFO] EPOCH:171, ======================ACC:76.25====================
2026-05-17 08:20:33 [INFO] BEST EPOCH:169,BEST ACC:76.58
2026-05-17 08:20:40 [INFO] Epoch: 172 [12800/50000 (26%)]	 Training Loss: 0.034 ACC: 98.97 CR: 0.67 Avg R1: 4.80 Avg R2: 5.09 Avg Reward: 9.894516
2026-05-17 08:20:46 [INFO] Epoch: 172 [25600/50000 (51%)]	 Training Loss: 0.034 ACC: 98.99 CR: 0.67 Avg R1: 4.80 Avg R2: 5.09 Avg Reward: 9.894296
2026-05-17 08:20:52 [INFO] Epoch: 172 [38400/50000 (77%)]	 Training Loss: 0.034 ACC: 98.93 CR: 0.68 Avg R1: 4.81 Avg R2: 5.09 Avg Reward: 9.900918
2026-05-17 08:20:58 [INFO] EPOCH:172, ======================CR:0.67758====================
2026-05-17 08:20:58 [INFO] 0.07769050575902202
2026-05-17 08:21:00 [INFO] EPOCH:172, ======================ACC:76.56====================
2026-05-17 08:21:00 [INFO] BEST EPOCH:169,BEST ACC:76.58
2026-05-17 08:21:06 [INFO] Epoch: 173 [12800/50000 (26%)]	 Training Loss: 0.037 ACC: 98.78 CR: 0.68 Avg R1: 4.84 Avg R2: 5.08 Avg Reward: 9.921204
2026-05-17 08:21:13 [INFO] Epoch: 173 [25600/50000 (51%)]	 Training Loss: 0.037 ACC: 98.79 CR: 0.68 Avg R1: 4.84 Avg R2: 5.09 Avg Reward: 9.935485
2026-05-17 08:21:19 [INFO] Epoch: 173 [38400/50000 (77%)]	 Training Loss: 0.036 ACC: 98.83 CR: 0.69 Avg R1: 4.86 Avg R2: 5.10 Avg Reward: 9.961813
2026-05-17 08:21:24 [INFO] EPOCH:173, ======================CR:0.6904====================
2026-05-17 08:21:24 [INFO] 0.07464315643968182
2026-05-17 08:21:26 [INFO] EPOCH:173, ======================ACC:76.71====================
2026-05-17 08:21:26 [INFO] BEST EPOCH:173,BEST ACC:76.71
2026-05-17 08:21:26 [INFO] Saving Masks: current CR 0.6904 target CR 0.7000
2026-05-17 08:21:26 [INFO] Updated candidate mask pretrained-rescale_mask_best-acc_70_05170650_resnet18 at epoch 173 with acc 76.7100
2026-05-17 08:21:32 [INFO] Epoch: 174 [12800/50000 (26%)]	 Training Loss: 0.039 ACC: 98.82 CR: 0.69 Avg R1: 4.93 Avg R2: 5.15 Avg Reward: 10.080588
2026-05-17 08:21:39 [INFO] Epoch: 174 [25600/50000 (51%)]	 Training Loss: 0.037 ACC: 98.87 CR: 0.69 Avg R1: 4.94 Avg R2: 5.15 Avg Reward: 10.095517
2026-05-17 08:21:45 [INFO] Epoch: 174 [38400/50000 (77%)]	 Training Loss: 0.036 ACC: 98.92 CR: 0.70 Avg R1: 4.95 Avg R2: 5.16 Avg Reward: 10.105295
2026-05-17 08:21:51 [INFO] EPOCH:174, ======================CR:0.69834====================
2026-05-17 08:21:51 [INFO] 0.07283955477738766
2026-05-17 08:21:53 [INFO] EPOCH:174, ======================ACC:76.49====================
2026-05-17 08:21:53 [INFO] BEST EPOCH:173,BEST ACC:76.71
2026-05-17 08:21:53 [INFO] Saving Masks: current CR 0.6983 target CR 0.7000
2026-05-17 08:21:59 [INFO] Epoch: 175 [12800/50000 (26%)]	 Training Loss: 0.033 ACC: 99.13 CR: 0.70 Avg R1: 4.99 Avg R2: 5.18 Avg Reward: 10.163204
2026-05-17 08:22:05 [INFO] Epoch: 175 [25600/50000 (51%)]	 Training Loss: 0.033 ACC: 99.12 CR: 0.71 Avg R1: 4.96 Avg R2: 5.19 Avg Reward: 10.145504
2026-05-17 08:22:11 [INFO] Epoch: 175 [38400/50000 (77%)]	 Training Loss: 0.034 ACC: 99.05 CR: 0.71 Avg R1: 4.93 Avg R2: 5.20 Avg Reward: 10.129664
2026-05-17 08:22:17 [INFO] EPOCH:175, ======================CR:0.71372====================
2026-05-17 08:22:17 [INFO] 0.07303268090572734
2026-05-17 08:22:19 [INFO] EPOCH:175, ======================ACC:76.82====================
2026-05-17 08:22:19 [INFO] BEST EPOCH:175,BEST ACC:76.82
2026-05-17 08:22:25 [INFO] Epoch: 176 [12800/50000 (26%)]	 Training Loss: 0.033 ACC: 99.05 CR: 0.71 Avg R1: 4.81 Avg R2: 5.21 Avg Reward: 10.022072
2026-05-17 08:22:31 [INFO] Epoch: 176 [25600/50000 (51%)]	 Training Loss: 0.032 ACC: 99.05 CR: 0.71 Avg R1: 4.82 Avg R2: 5.21 Avg Reward: 10.031463
2026-05-17 08:22:37 [INFO] Epoch: 176 [38400/50000 (77%)]	 Training Loss: 0.032 ACC: 99.05 CR: 0.71 Avg R1: 4.84 Avg R2: 5.20 Avg Reward: 10.037909
2026-05-17 08:22:43 [INFO] EPOCH:176, ======================CR:0.70124====================
2026-05-17 08:22:43 [INFO] 0.08140968607737291
2026-05-17 08:22:45 [INFO] EPOCH:176, ======================ACC:76.53====================
2026-05-17 08:22:45 [INFO] BEST EPOCH:175,BEST ACC:76.82
2026-05-17 08:22:45 [INFO] Saving Masks: current CR 0.7012 target CR 0.7000
2026-05-17 08:22:51 [INFO] Epoch: 177 [12800/50000 (26%)]	 Training Loss: 0.031 ACC: 99.10 CR: 0.70 Avg R1: 4.99 Avg R2: 5.12 Avg Reward: 10.113132
2026-05-17 08:22:57 [INFO] Epoch: 177 [25600/50000 (51%)]	 Training Loss: 0.031 ACC: 99.13 CR: 0.70 Avg R1: 4.99 Avg R2: 5.12 Avg Reward: 10.111179
2026-05-17 08:23:03 [INFO] Epoch: 177 [38400/50000 (77%)]	 Training Loss: 0.031 ACC: 99.13 CR: 0.70 Avg R1: 4.99 Avg R2: 5.12 Avg Reward: 10.106816
2026-05-17 08:23:09 [INFO] EPOCH:177, ======================CR:0.7008====================
2026-05-17 08:23:09 [INFO] 0.077596008859201
2026-05-17 08:23:10 [INFO] EPOCH:177, ======================ACC:76.97====================
2026-05-17 08:23:10 [INFO] BEST EPOCH:177,BEST ACC:76.97
2026-05-17 08:23:10 [INFO] Saving Masks: current CR 0.7008 target CR 0.7000
2026-05-17 08:23:10 [INFO] Updated candidate mask pretrained-rescale_mask_best-acc_70_05170650_resnet18 at epoch 177 with acc 76.9700
2026-05-17 08:23:17 [INFO] Epoch: 178 [12800/50000 (26%)]	 Training Loss: 0.029 ACC: 99.16 CR: 0.70 Avg R1: 4.97 Avg R2: 5.10 Avg Reward: 10.070382
2026-05-17 08:23:23 [INFO] Epoch: 178 [25600/50000 (51%)]	 Training Loss: 0.030 ACC: 99.16 CR: 0.70 Avg R1: 4.96 Avg R2: 5.11 Avg Reward: 10.062589
2026-05-17 08:23:29 [INFO] Epoch: 178 [38400/50000 (77%)]	 Training Loss: 0.029 ACC: 99.17 CR: 0.70 Avg R1: 4.96 Avg R2: 5.11 Avg Reward: 10.066010
2026-05-17 08:23:35 [INFO] EPOCH:178, ======================CR:0.69706====================
2026-05-17 08:23:35 [INFO] 0.07634785652055502
2026-05-17 08:23:36 [INFO] EPOCH:178, ======================ACC:77.05====================
2026-05-17 08:23:36 [INFO] BEST EPOCH:178,BEST ACC:77.05
2026-05-17 08:23:36 [INFO] Saving Masks: current CR 0.6971 target CR 0.7000
2026-05-17 08:23:36 [INFO] Updated candidate mask pretrained-rescale_mask_best-acc_70_05170650_resnet18 at epoch 178 with acc 77.0500
2026-05-17 08:23:42 [INFO] Epoch: 179 [12800/50000 (26%)]	 Training Loss: 0.029 ACC: 99.17 CR: 0.69 Avg R1: 4.97 Avg R2: 5.07 Avg Reward: 10.039480
2026-05-17 08:23:49 [INFO] Epoch: 179 [25600/50000 (51%)]	 Training Loss: 0.030 ACC: 99.10 CR: 0.69 Avg R1: 4.96 Avg R2: 5.06 Avg Reward: 10.025224
2026-05-17 08:23:55 [INFO] Epoch: 179 [38400/50000 (77%)]	 Training Loss: 0.031 ACC: 99.09 CR: 0.69 Avg R1: 4.96 Avg R2: 5.06 Avg Reward: 10.019239
2026-05-17 08:24:00 [INFO] EPOCH:179, ======================CR:0.69482====================
2026-05-17 08:24:00 [INFO] 0.07146681610131193
2026-05-17 08:24:02 [INFO] EPOCH:179, ======================ACC:76.9====================
2026-05-17 08:24:02 [INFO] BEST EPOCH:178,BEST ACC:77.05
2026-05-17 08:24:02 [INFO] Saving Masks: current CR 0.6948 target CR 0.7000
2026-05-17 08:24:08 [INFO] Epoch: 180 [12800/50000 (26%)]	 Training Loss: 0.030 ACC: 99.20 CR: 0.69 Avg R1: 4.96 Avg R2: 5.04 Avg Reward: 9.993330
2026-05-17 08:24:15 [INFO] Epoch: 180 [25600/50000 (51%)]	 Training Loss: 0.031 ACC: 99.11 CR: 0.69 Avg R1: 4.96 Avg R2: 5.04 Avg Reward: 9.995178
2026-05-17 08:24:21 [INFO] Epoch: 180 [38400/50000 (77%)]	 Training Loss: 0.031 ACC: 99.14 CR: 0.70 Avg R1: 4.96 Avg R2: 5.05 Avg Reward: 10.010530
2026-05-17 08:24:27 [INFO] EPOCH:180, ======================CR:0.70604====================
2026-05-17 08:24:27 [INFO] 0.0731788938265687
2026-05-17 08:24:28 [INFO] EPOCH:180, ======================ACC:77.06====================
2026-05-17 08:24:28 [INFO] BEST EPOCH:180,BEST ACC:77.06
2026-05-17 08:24:28 [INFO] Saving Masks: current CR 0.7060 target CR 0.7000
2026-05-17 08:24:28 [INFO] Updated candidate mask pretrained-rescale_mask_best-acc_70_05170650_resnet18 at epoch 180 with acc 77.0600
2026-05-17 08:24:35 [INFO] Epoch: 181 [12800/50000 (26%)]	 Training Loss: 0.029 ACC: 99.16 CR: 0.71 Avg R1: 4.88 Avg R2: 5.11 Avg Reward: 9.982433
2026-05-17 08:24:41 [INFO] Epoch: 181 [25600/50000 (51%)]	 Training Loss: 0.028 ACC: 99.23 CR: 0.71 Avg R1: 4.86 Avg R2: 5.11 Avg Reward: 9.972232
2026-05-17 08:24:47 [INFO] Epoch: 181 [38400/50000 (77%)]	 Training Loss: 0.028 ACC: 99.22 CR: 0.71 Avg R1: 4.87 Avg R2: 5.10 Avg Reward: 9.973666
2026-05-17 08:24:52 [INFO] EPOCH:181, ======================CR:0.70338====================
2026-05-17 08:24:52 [INFO] 0.0752832831037927
2026-05-17 08:24:54 [INFO] EPOCH:181, ======================ACC:76.91====================
2026-05-17 08:24:54 [INFO] BEST EPOCH:180,BEST ACC:77.06
2026-05-17 08:24:54 [INFO] Saving Masks: current CR 0.7034 target CR 0.7000
2026-05-17 08:25:00 [INFO] Epoch: 182 [12800/50000 (26%)]	 Training Loss: 0.028 ACC: 99.20 CR: 0.70 Avg R1: 4.98 Avg R2: 5.04 Avg Reward: 10.022196
2026-05-17 08:25:07 [INFO] Epoch: 182 [25600/50000 (51%)]	 Training Loss: 0.027 ACC: 99.26 CR: 0.70 Avg R1: 4.98 Avg R2: 5.04 Avg Reward: 10.017103
2026-05-17 08:25:13 [INFO] Epoch: 182 [38400/50000 (77%)]	 Training Loss: 0.027 ACC: 99.22 CR: 0.69 Avg R1: 4.97 Avg R2: 5.03 Avg Reward: 10.003556
2026-05-17 08:25:18 [INFO] EPOCH:182, ======================CR:0.69444====================
2026-05-17 08:25:18 [INFO] 0.0723347466680701
2026-05-17 08:25:20 [INFO] EPOCH:182, ======================ACC:76.8====================
2026-05-17 08:25:20 [INFO] BEST EPOCH:180,BEST ACC:77.06
2026-05-17 08:25:20 [INFO] Saving Masks: current CR 0.6944 target CR 0.7000
2026-05-17 08:25:26 [INFO] Epoch: 183 [12800/50000 (26%)]	 Training Loss: 0.026 ACC: 99.28 CR: 0.70 Avg R1: 4.97 Avg R2: 5.00 Avg Reward: 9.961214
2026-05-17 08:25:32 [INFO] Epoch: 183 [25600/50000 (51%)]	 Training Loss: 0.026 ACC: 99.30 CR: 0.70 Avg R1: 4.98 Avg R2: 5.00 Avg Reward: 9.980573
2026-05-17 08:25:39 [INFO] Epoch: 183 [38400/50000 (77%)]	 Training Loss: 0.026 ACC: 99.31 CR: 0.71 Avg R1: 4.96 Avg R2: 5.01 Avg Reward: 9.976860
2026-05-17 08:25:44 [INFO] EPOCH:183, ======================CR:0.7104====================
2026-05-17 08:25:44 [INFO] 0.07588589037154275
2026-05-17 08:25:46 [INFO] EPOCH:183, ======================ACC:76.91====================
2026-05-17 08:25:46 [INFO] BEST EPOCH:180,BEST ACC:77.06
2026-05-17 08:25:52 [INFO] Epoch: 184 [12800/50000 (26%)]	 Training Loss: 0.028 ACC: 99.26 CR: 0.71 Avg R1: 4.86 Avg R2: 5.05 Avg Reward: 9.905747
2026-05-17 08:25:58 [INFO] Epoch: 184 [25600/50000 (51%)]	 Training Loss: 0.026 ACC: 99.35 CR: 0.70 Avg R1: 4.88 Avg R2: 5.04 Avg Reward: 9.924686
2026-05-17 08:26:04 [INFO] Epoch: 184 [38400/50000 (77%)]	 Training Loss: 0.026 ACC: 99.33 CR: 0.70 Avg R1: 4.91 Avg R2: 5.03 Avg Reward: 9.941441
2026-05-17 08:26:10 [INFO] EPOCH:184, ======================CR:0.6973====================
2026-05-17 08:26:10 [INFO] 0.07983319746340854
2026-05-17 08:26:12 [INFO] EPOCH:184, ======================ACC:76.81====================
2026-05-17 08:26:12 [INFO] BEST EPOCH:180,BEST ACC:77.06
2026-05-17 08:26:12 [INFO] Saving Masks: current CR 0.6973 target CR 0.7000
2026-05-17 08:26:18 [INFO] Epoch: 185 [12800/50000 (26%)]	 Training Loss: 0.027 ACC: 99.27 CR: 0.70 Avg R1: 4.98 Avg R2: 4.99 Avg Reward: 9.966883
2026-05-17 08:26:24 [INFO] Epoch: 185 [25600/50000 (51%)]	 Training Loss: 0.027 ACC: 99.25 CR: 0.70 Avg R1: 4.98 Avg R2: 4.99 Avg Reward: 9.971220
2026-05-17 08:26:30 [INFO] Epoch: 185 [38400/50000 (77%)]	 Training Loss: 0.027 ACC: 99.27 CR: 0.70 Avg R1: 4.98 Avg R2: 4.99 Avg Reward: 9.975738
2026-05-17 08:26:36 [INFO] EPOCH:185, ======================CR:0.70188====================
2026-05-17 08:26:36 [INFO] 0.06300713474776987
2026-05-17 08:26:38 [INFO] EPOCH:185, ======================ACC:76.72====================
2026-05-17 08:26:38 [INFO] BEST EPOCH:180,BEST ACC:77.06
2026-05-17 08:26:38 [INFO] Saving Masks: current CR 0.7019 target CR 0.7000
2026-05-17 08:26:44 [INFO] Epoch: 186 [12800/50000 (26%)]	 Training Loss: 0.024 ACC: 99.26 CR: 0.70 Avg R1: 4.96 Avg R2: 5.01 Avg Reward: 9.968548
2026-05-17 08:26:50 [INFO] Epoch: 186 [25600/50000 (51%)]	 Training Loss: 0.025 ACC: 99.31 CR: 0.70 Avg R1: 4.97 Avg R2: 5.00 Avg Reward: 9.974066
2026-05-17 08:26:56 [INFO] Epoch: 186 [38400/50000 (77%)]	 Training Loss: 0.026 ACC: 99.25 CR: 0.70 Avg R1: 4.98 Avg R2: 5.00 Avg Reward: 9.975642
2026-05-17 08:27:02 [INFO] EPOCH:186, ======================CR:0.70056====================
2026-05-17 08:27:02 [INFO] 0.07238270509758951
2026-05-17 08:27:04 [INFO] EPOCH:186, ======================ACC:76.85====================
2026-05-17 08:27:04 [INFO] BEST EPOCH:180,BEST ACC:77.06
2026-05-17 08:27:04 [INFO] Saving Masks: current CR 0.7006 target CR 0.7000
2026-05-17 08:27:10 [INFO] Epoch: 187 [12800/50000 (26%)]	 Training Loss: 0.024 ACC: 99.42 CR: 0.70 Avg R1: 4.99 Avg R2: 5.00 Avg Reward: 9.985744
2026-05-17 08:27:16 [INFO] Epoch: 187 [25600/50000 (51%)]	 Training Loss: 0.024 ACC: 99.41 CR: 0.70 Avg R1: 4.99 Avg R2: 4.99 Avg Reward: 9.981108
2026-05-17 08:27:22 [INFO] Epoch: 187 [38400/50000 (77%)]	 Training Loss: 0.024 ACC: 99.39 CR: 0.70 Avg R1: 4.99 Avg R2: 4.99 Avg Reward: 9.976797
2026-05-17 08:27:28 [INFO] EPOCH:187, ======================CR:0.70024====================
2026-05-17 08:27:28 [INFO] 0.07565068732674658
2026-05-17 08:27:29 [INFO] EPOCH:187, ======================ACC:77.04====================
2026-05-17 08:27:29 [INFO] BEST EPOCH:180,BEST ACC:77.06
2026-05-17 08:27:29 [INFO] Saving Masks: current CR 0.7002 target CR 0.7000
2026-05-17 08:27:36 [INFO] Epoch: 188 [12800/50000 (26%)]	 Training Loss: 0.027 ACC: 99.34 CR: 0.70 Avg R1: 4.97 Avg R2: 4.97 Avg Reward: 9.939502
2026-05-17 08:27:42 [INFO] Epoch: 188 [25600/50000 (51%)]	 Training Loss: 0.026 ACC: 99.37 CR: 0.70 Avg R1: 4.96 Avg R2: 4.97 Avg Reward: 9.932716
2026-05-17 08:27:48 [INFO] Epoch: 188 [38400/50000 (77%)]	 Training Loss: 0.025 ACC: 99.40 CR: 0.70 Avg R1: 4.95 Avg R2: 4.98 Avg Reward: 9.924260
2026-05-17 08:27:54 [INFO] EPOCH:188, ======================CR:0.70126====================
2026-05-17 08:27:54 [INFO] 0.06979208098962808
2026-05-17 08:27:55 [INFO] EPOCH:188, ======================ACC:77.14====================
2026-05-17 08:27:55 [INFO] BEST EPOCH:188,BEST ACC:77.14
2026-05-17 08:27:55 [INFO] Saving Masks: current CR 0.7013 target CR 0.7000
2026-05-17 08:27:55 [INFO] Updated candidate mask pretrained-rescale_mask_best-acc_70_05170650_resnet18 at epoch 188 with acc 77.1400
2026-05-17 08:28:02 [INFO] Epoch: 189 [12800/50000 (26%)]	 Training Loss: 0.025 ACC: 99.29 CR: 0.70 Avg R1: 4.97 Avg R2: 4.98 Avg Reward: 9.951811
2026-05-17 08:28:08 [INFO] Epoch: 189 [25600/50000 (51%)]	 Training Loss: 0.025 ACC: 99.32 CR: 0.70 Avg R1: 4.98 Avg R2: 4.97 Avg Reward: 9.951915
2026-05-17 08:28:14 [INFO] Epoch: 189 [38400/50000 (77%)]	 Training Loss: 0.024 ACC: 99.33 CR: 0.69 Avg R1: 4.98 Avg R2: 4.96 Avg Reward: 9.937104
2026-05-17 08:28:20 [INFO] EPOCH:189, ======================CR:0.69302====================
2026-05-17 08:28:20 [INFO] 0.07175819605346552
2026-05-17 08:28:21 [INFO] EPOCH:189, ======================ACC:76.98====================
2026-05-17 08:28:21 [INFO] BEST EPOCH:188,BEST ACC:77.14
2026-05-17 08:28:21 [INFO] Saving Masks: current CR 0.6930 target CR 0.7000
2026-05-17 08:28:28 [INFO] Epoch: 190 [12800/50000 (26%)]	 Training Loss: 0.023 ACC: 99.34 CR: 0.69 Avg R1: 4.95 Avg R2: 4.93 Avg Reward: 9.886418
2026-05-17 08:28:34 [INFO] Epoch: 190 [25600/50000 (51%)]	 Training Loss: 0.024 ACC: 99.36 CR: 0.70 Avg R1: 4.96 Avg R2: 4.94 Avg Reward: 9.901956
2026-05-17 08:28:40 [INFO] Epoch: 190 [38400/50000 (77%)]	 Training Loss: 0.023 ACC: 99.38 CR: 0.70 Avg R1: 4.97 Avg R2: 4.95 Avg Reward: 9.914280
2026-05-17 08:28:46 [INFO] EPOCH:190, ======================CR:0.70498====================
2026-05-17 08:28:46 [INFO] 0.06761210327589857
2026-05-17 08:28:47 [INFO] EPOCH:190, ======================ACC:77.21====================
2026-05-17 08:28:47 [INFO] BEST EPOCH:190,BEST ACC:77.21
2026-05-17 08:28:47 [INFO] Saving Masks: current CR 0.7050 target CR 0.7000
2026-05-17 08:28:47 [INFO] Updated candidate mask pretrained-rescale_mask_best-acc_70_05170650_resnet18 at epoch 190 with acc 77.2100
2026-05-17 08:28:54 [INFO] Epoch: 191 [12800/50000 (26%)]	 Training Loss: 0.025 ACC: 99.34 CR: 0.70 Avg R1: 4.92 Avg R2: 4.98 Avg Reward: 9.906184
2026-05-17 08:29:00 [INFO] Epoch: 191 [25600/50000 (51%)]	 Training Loss: 0.024 ACC: 99.35 CR: 0.70 Avg R1: 4.93 Avg R2: 4.98 Avg Reward: 9.912010
2026-05-17 08:29:06 [INFO] Epoch: 191 [38400/50000 (77%)]	 Training Loss: 0.023 ACC: 99.39 CR: 0.70 Avg R1: 4.95 Avg R2: 4.97 Avg Reward: 9.923911
2026-05-17 08:29:12 [INFO] EPOCH:191, ======================CR:0.69464====================
2026-05-17 08:29:12 [INFO] 0.0754228399019129
2026-05-17 08:29:13 [INFO] EPOCH:191, ======================ACC:77.16====================
2026-05-17 08:29:13 [INFO] BEST EPOCH:190,BEST ACC:77.21
2026-05-17 08:29:13 [INFO] Saving Masks: current CR 0.6946 target CR 0.7000
2026-05-17 08:29:19 [INFO] Epoch: 192 [12800/50000 (26%)]	 Training Loss: 0.024 ACC: 99.27 CR: 0.69 Avg R1: 4.95 Avg R2: 4.92 Avg Reward: 9.877138
2026-05-17 08:29:26 [INFO] Epoch: 192 [25600/50000 (51%)]	 Training Loss: 0.024 ACC: 99.33 CR: 0.69 Avg R1: 4.95 Avg R2: 4.92 Avg Reward: 9.875686
2026-05-17 08:29:32 [INFO] Epoch: 192 [38400/50000 (77%)]	 Training Loss: 0.024 ACC: 99.36 CR: 0.69 Avg R1: 4.95 Avg R2: 4.92 Avg Reward: 9.877527
2026-05-17 08:29:38 [INFO] EPOCH:192, ======================CR:0.6965====================
2026-05-17 08:29:38 [INFO] 0.07004010701968413
2026-05-17 08:29:39 [INFO] EPOCH:192, ======================ACC:77.13====================
2026-05-17 08:29:39 [INFO] BEST EPOCH:190,BEST ACC:77.21
2026-05-17 08:29:39 [INFO] Saving Masks: current CR 0.6965 target CR 0.7000
2026-05-17 08:29:45 [INFO] Epoch: 193 [12800/50000 (26%)]	 Training Loss: 0.023 ACC: 99.46 CR: 0.70 Avg R1: 4.97 Avg R2: 4.94 Avg Reward: 9.916305
2026-05-17 08:29:52 [INFO] Epoch: 193 [25600/50000 (51%)]	 Training Loss: 0.024 ACC: 99.40 CR: 0.70 Avg R1: 4.98 Avg R2: 4.95 Avg Reward: 9.924699
2026-05-17 08:29:58 [INFO] Epoch: 193 [38400/50000 (77%)]	 Training Loss: 0.024 ACC: 99.40 CR: 0.70 Avg R1: 4.98 Avg R2: 4.95 Avg Reward: 9.928963
2026-05-17 08:30:04 [INFO] EPOCH:193, ======================CR:0.70714====================
2026-05-17 08:30:04 [INFO] 0.07310328063177629
2026-05-17 08:30:05 [INFO] EPOCH:193, ======================ACC:77.15====================
2026-05-17 08:30:05 [INFO] BEST EPOCH:190,BEST ACC:77.21
2026-05-17 08:30:05 [INFO] Saving Masks: current CR 0.7071 target CR 0.7000
2026-05-17 08:30:11 [INFO] Epoch: 194 [12800/50000 (26%)]	 Training Loss: 0.025 ACC: 99.34 CR: 0.71 Avg R1: 4.88 Avg R2: 4.99 Avg Reward: 9.867755
2026-05-17 08:30:18 [INFO] Epoch: 194 [25600/50000 (51%)]	 Training Loss: 0.024 ACC: 99.42 CR: 0.71 Avg R1: 4.87 Avg R2: 4.99 Avg Reward: 9.863146
2026-05-17 08:30:24 [INFO] Epoch: 194 [38400/50000 (77%)]	 Training Loss: 0.024 ACC: 99.42 CR: 0.71 Avg R1: 4.88 Avg R2: 4.99 Avg Reward: 9.871190
2026-05-17 08:30:30 [INFO] EPOCH:194, ======================CR:0.7057====================
2026-05-17 08:30:30 [INFO] 0.0716427864594519
2026-05-17 08:30:31 [INFO] EPOCH:194, ======================ACC:77.3====================
2026-05-17 08:30:31 [INFO] BEST EPOCH:194,BEST ACC:77.3
2026-05-17 08:30:31 [INFO] Saving Masks: current CR 0.7057 target CR 0.7000
2026-05-17 08:30:31 [INFO] Updated candidate mask pretrained-rescale_mask_best-acc_70_05170650_resnet18 at epoch 194 with acc 77.3000
2026-05-17 08:30:37 [INFO] Epoch: 195 [12800/50000 (26%)]	 Training Loss: 0.023 ACC: 99.52 CR: 0.70 Avg R1: 4.92 Avg R2: 4.99 Avg Reward: 9.904012
2026-05-17 08:30:44 [INFO] Epoch: 195 [25600/50000 (51%)]	 Training Loss: 0.023 ACC: 99.37 CR: 0.70 Avg R1: 4.92 Avg R2: 4.98 Avg Reward: 9.905641
2026-05-17 08:30:50 [INFO] Epoch: 195 [38400/50000 (77%)]	 Training Loss: 0.023 ACC: 99.35 CR: 0.70 Avg R1: 4.93 Avg R2: 4.98 Avg Reward: 9.907464
2026-05-17 08:30:56 [INFO] EPOCH:195, ======================CR:0.6993====================
2026-05-17 08:30:56 [INFO] 0.0721115752466098
2026-05-17 08:30:57 [INFO] EPOCH:195, ======================ACC:77.2====================
2026-05-17 08:30:57 [INFO] BEST EPOCH:194,BEST ACC:77.3
2026-05-17 08:30:57 [INFO] Saving Masks: current CR 0.6993 target CR 0.7000
2026-05-17 08:31:03 [INFO] Epoch: 196 [12800/50000 (26%)]	 Training Loss: 0.024 ACC: 99.35 CR: 0.70 Avg R1: 4.99 Avg R2: 4.94 Avg Reward: 9.931673
2026-05-17 08:31:10 [INFO] Epoch: 196 [25600/50000 (51%)]	 Training Loss: 0.024 ACC: 99.37 CR: 0.70 Avg R1: 4.98 Avg R2: 4.94 Avg Reward: 9.923833
2026-05-17 08:31:16 [INFO] Epoch: 196 [38400/50000 (77%)]	 Training Loss: 0.024 ACC: 99.39 CR: 0.70 Avg R1: 4.98 Avg R2: 4.94 Avg Reward: 9.918675
2026-05-17 08:31:22 [INFO] EPOCH:196, ======================CR:0.70004====================
2026-05-17 08:31:22 [INFO] 0.07344697616906361
2026-05-17 08:31:23 [INFO] EPOCH:196, ======================ACC:77.13====================
2026-05-17 08:31:23 [INFO] BEST EPOCH:194,BEST ACC:77.3
2026-05-17 08:31:23 [INFO] Saving Masks: current CR 0.7000 target CR 0.7000
2026-05-17 08:31:29 [INFO] Epoch: 197 [12800/50000 (26%)]	 Training Loss: 0.023 ACC: 99.34 CR: 0.70 Avg R1: 4.98 Avg R2: 4.95 Avg Reward: 9.935843
2026-05-17 08:31:36 [INFO] Epoch: 197 [25600/50000 (51%)]	 Training Loss: 0.023 ACC: 99.35 CR: 0.70 Avg R1: 4.98 Avg R2: 4.95 Avg Reward: 9.930649
2026-05-17 08:31:42 [INFO] Epoch: 197 [38400/50000 (77%)]	 Training Loss: 0.023 ACC: 99.34 CR: 0.70 Avg R1: 4.98 Avg R2: 4.95 Avg Reward: 9.930284
2026-05-17 08:31:48 [INFO] EPOCH:197, ======================CR:0.69822====================
2026-05-17 08:31:48 [INFO] 0.06491425572168427
2026-05-17 08:31:49 [INFO] EPOCH:197, ======================ACC:77.12====================
2026-05-17 08:31:49 [INFO] BEST EPOCH:194,BEST ACC:77.3
2026-05-17 08:31:49 [INFO] Saving Masks: current CR 0.6982 target CR 0.7000
2026-05-17 08:31:56 [INFO] Epoch: 198 [12800/50000 (26%)]	 Training Loss: 0.023 ACC: 99.37 CR: 0.70 Avg R1: 4.98 Avg R2: 4.92 Avg Reward: 9.896266
2026-05-17 08:32:02 [INFO] Epoch: 198 [25600/50000 (51%)]	 Training Loss: 0.023 ACC: 99.40 CR: 0.70 Avg R1: 4.98 Avg R2: 4.92 Avg Reward: 9.892786
2026-05-17 08:32:08 [INFO] Epoch: 198 [38400/50000 (77%)]	 Training Loss: 0.023 ACC: 99.38 CR: 0.70 Avg R1: 4.98 Avg R2: 4.92 Avg Reward: 9.896503
2026-05-17 08:32:13 [INFO] EPOCH:198, ======================CR:0.69702====================
2026-05-17 08:32:13 [INFO] 0.06656939478296747
2026-05-17 08:32:15 [INFO] EPOCH:198, ======================ACC:77.16====================
2026-05-17 08:32:15 [INFO] BEST EPOCH:194,BEST ACC:77.3
2026-05-17 08:32:15 [INFO] Saving Masks: current CR 0.6970 target CR 0.7000
2026-05-17 08:32:21 [INFO] Epoch: 199 [12800/50000 (26%)]	 Training Loss: 0.023 ACC: 99.44 CR: 0.70 Avg R1: 4.98 Avg R2: 4.93 Avg Reward: 9.911825
2026-05-17 08:32:28 [INFO] Epoch: 199 [25600/50000 (51%)]	 Training Loss: 0.023 ACC: 99.45 CR: 0.70 Avg R1: 4.98 Avg R2: 4.93 Avg Reward: 9.908049
2026-05-17 08:32:34 [INFO] Epoch: 199 [38400/50000 (77%)]	 Training Loss: 0.023 ACC: 99.45 CR: 0.70 Avg R1: 4.98 Avg R2: 4.93 Avg Reward: 9.907654
2026-05-17 08:32:39 [INFO] EPOCH:199, ======================CR:0.69746====================
2026-05-17 08:32:39 [INFO] 0.0793884634418471
2026-05-17 08:32:41 [INFO] EPOCH:199, ======================ACC:77.1====================
2026-05-17 08:32:41 [INFO] BEST EPOCH:194,BEST ACC:77.3
2026-05-17 08:32:41 [INFO] Saving Masks: current CR 0.6975 target CR 0.7000
2026-05-17 08:32:41 [INFO] Saved standard mask to /nvme/home/lixiang/baseline/RLSelector/mask/cifar100/96/mask_70.npz with 35000/50000 samples selected
