2026-06-03 04:46:07 [INFO] Args: {'momentum': 0.9, 'log_interval': 50, 'weight_decay': 0.0001, 'lr': 0.1, 'batch_size': 256, 'seed': 42, 'device': '5', 'resume': False, 'cutout_length': 16, 'root': '/nvme/home/lixiang/baseline/data', 'output_root': '/nvme/home/lixiang/baseline/mask', 'dataset': 'Tiny-Imagenet', 'save_model': False, 'num_worker': 8, 'compression_rate': 0.2, 'keep_ratio': 20, 'epoches': 90, 'model': 'resnet18', 'action_dim': 1, 'state_dim': 512, 'dataset_out': 'tinyimagenet'}
2026-06-03 04:46:07 [INFO] Loaded dataset Tiny-Imagenet: train=100000, test=10000
2026-06-03 04:48:08 [INFO] Epoch: 0 [12800/100000 (13%)]	 Training Loss: 2.022 ACC: 12.14 CR: 0.94 Avg R1: 0.41 Avg R2: 9.46 Avg Reward: 9.879172
2026-06-03 04:48:22 [INFO] Epoch: 0 [25600/100000 (26%)]	 Training Loss: 1.983 ACC: 12.99 CR: 0.87 Avg R1: 0.82 Avg R2: 9.15 Avg Reward: 9.966133
2026-06-03 04:48:36 [INFO] Epoch: 0 [38400/100000 (38%)]	 Training Loss: 1.968 ACC: 13.36 CR: 0.80 Avg R1: 1.22 Avg R2: 8.83 Avg Reward: 10.056911
2026-06-03 04:48:49 [INFO] Epoch: 0 [51200/100000 (51%)]	 Training Loss: 1.949 ACC: 13.89 CR: 0.74 Avg R1: 1.63 Avg R2: 8.52 Avg Reward: 10.148413
2026-06-03 04:49:03 [INFO] Epoch: 0 [64000/100000 (64%)]	 Training Loss: 1.934 ACC: 14.43 CR: 0.68 Avg R1: 2.04 Avg R2: 8.20 Avg Reward: 10.238600
2026-06-03 04:49:17 [INFO] Epoch: 0 [76800/100000 (77%)]	 Training Loss: 1.921 ACC: 14.82 CR: 0.61 Avg R1: 2.44 Avg R2: 7.88 Avg Reward: 10.328117
2026-06-03 04:49:30 [INFO] Epoch: 0 [89600/100000 (90%)]	 Training Loss: 1.905 ACC: 15.20 CR: 0.55 Avg R1: 2.85 Avg R2: 7.57 Avg Reward: 10.417955
2026-06-03 04:49:41 [INFO] EPOCH:0, ======================CR:0.49219====================
2026-06-03 04:49:41 [INFO] 0.0021506681175742517
2026-06-03 04:49:45 [INFO] EPOCH:0, ======================ACC:16.07====================
2026-06-03 04:49:45 [INFO] BEST EPOCH:0,BEST ACC:16.07
2026-06-03 04:49:59 [INFO] Epoch: 1 [12800/100000 (13%)]	 Training Loss: 1.753 ACC: 19.48 CR: 0.49 Avg R1: 6.35 Avg R2: 4.96 Avg Reward: 11.309432
2026-06-03 04:50:13 [INFO] Epoch: 1 [25600/100000 (26%)]	 Training Loss: 1.761 ACC: 19.69 CR: 0.49 Avg R1: 6.35 Avg R2: 4.96 Avg Reward: 11.309441
2026-06-03 04:50:26 [INFO] Epoch: 1 [38400/100000 (38%)]	 Training Loss: 1.751 ACC: 19.95 CR: 0.49 Avg R1: 6.35 Avg R2: 4.96 Avg Reward: 11.307463
2026-06-03 04:50:40 [INFO] Epoch: 1 [51200/100000 (51%)]	 Training Loss: 1.744 ACC: 20.23 CR: 0.49 Avg R1: 6.35 Avg R2: 4.96 Avg Reward: 11.307672
2026-06-03 04:50:54 [INFO] Epoch: 1 [64000/100000 (64%)]	 Training Loss: 1.733 ACC: 20.53 CR: 0.49 Avg R1: 6.35 Avg R2: 4.96 Avg Reward: 11.308978
2026-06-03 04:51:07 [INFO] Epoch: 1 [76800/100000 (77%)]	 Training Loss: 1.720 ACC: 20.94 CR: 0.49 Avg R1: 6.35 Avg R2: 4.96 Avg Reward: 11.308954
2026-06-03 04:51:21 [INFO] Epoch: 1 [89600/100000 (90%)]	 Training Loss: 1.717 ACC: 21.15 CR: 0.49 Avg R1: 6.35 Avg R2: 4.96 Avg Reward: 11.308347
2026-06-03 04:51:32 [INFO] EPOCH:1, ======================CR:0.49126====================
2026-06-03 04:51:32 [INFO] 0.0007070790774088354
2026-06-03 04:51:36 [INFO] EPOCH:1, ======================ACC:22.98====================
2026-06-03 04:51:36 [INFO] BEST EPOCH:1,BEST ACC:22.98
2026-06-03 04:51:50 [INFO] Epoch: 2 [12800/100000 (13%)]	 Training Loss: 1.605 ACC: 25.42 CR: 0.49 Avg R1: 6.36 Avg R2: 5.22 Avg Reward: 11.578129
2026-06-03 04:52:04 [INFO] Epoch: 2 [25600/100000 (26%)]	 Training Loss: 1.614 ACC: 25.19 CR: 0.49 Avg R1: 6.35 Avg R2: 5.22 Avg Reward: 11.573768
2026-06-03 04:52:17 [INFO] Epoch: 2 [38400/100000 (38%)]	 Training Loss: 1.610 ACC: 25.27 CR: 0.49 Avg R1: 6.35 Avg R2: 5.22 Avg Reward: 11.570444
2026-06-03 04:52:30 [INFO] Epoch: 2 [51200/100000 (51%)]	 Training Loss: 1.607 ACC: 25.41 CR: 0.49 Avg R1: 6.34 Avg R2: 5.23 Avg Reward: 11.568475
2026-06-03 04:52:43 [INFO] Epoch: 2 [64000/100000 (64%)]	 Training Loss: 1.601 ACC: 25.63 CR: 0.50 Avg R1: 6.34 Avg R2: 5.23 Avg Reward: 11.566439
2026-06-03 04:52:56 [INFO] Epoch: 2 [76800/100000 (77%)]	 Training Loss: 1.596 ACC: 25.80 CR: 0.50 Avg R1: 6.33 Avg R2: 5.23 Avg Reward: 11.562466
2026-06-03 04:53:10 [INFO] Epoch: 2 [89600/100000 (90%)]	 Training Loss: 1.588 ACC: 26.08 CR: 0.50 Avg R1: 6.33 Avg R2: 5.23 Avg Reward: 11.559218
2026-06-03 04:53:21 [INFO] EPOCH:2, ======================CR:0.49573====================
2026-06-03 04:53:21 [INFO] 0.0006801664797924761
2026-06-03 04:53:24 [INFO] EPOCH:2, ======================ACC:24.57====================
2026-06-03 04:53:24 [INFO] BEST EPOCH:2,BEST ACC:24.57
2026-06-03 04:53:38 [INFO] Epoch: 3 [12800/100000 (13%)]	 Training Loss: 1.473 ACC: 29.88 CR: 0.50 Avg R1: 6.30 Avg R2: 5.31 Avg Reward: 11.612438
2026-06-03 04:53:51 [INFO] Epoch: 3 [25600/100000 (26%)]	 Training Loss: 1.478 ACC: 29.75 CR: 0.50 Avg R1: 6.30 Avg R2: 5.31 Avg Reward: 11.611473
2026-06-03 04:54:04 [INFO] Epoch: 3 [38400/100000 (38%)]	 Training Loss: 1.470 ACC: 30.06 CR: 0.49 Avg R1: 6.30 Avg R2: 5.31 Avg Reward: 11.613065
2026-06-03 04:54:18 [INFO] Epoch: 3 [51200/100000 (51%)]	 Training Loss: 1.470 ACC: 30.17 CR: 0.49 Avg R1: 6.31 Avg R2: 5.31 Avg Reward: 11.614556
2026-06-03 04:54:31 [INFO] Epoch: 3 [64000/100000 (64%)]	 Training Loss: 1.464 ACC: 30.36 CR: 0.49 Avg R1: 6.31 Avg R2: 5.30 Avg Reward: 11.617948
2026-06-03 04:54:45 [INFO] Epoch: 3 [76800/100000 (77%)]	 Training Loss: 1.453 ACC: 30.69 CR: 0.49 Avg R1: 6.32 Avg R2: 5.30 Avg Reward: 11.622576
2026-06-03 04:54:59 [INFO] Epoch: 3 [89600/100000 (90%)]	 Training Loss: 1.446 ACC: 30.96 CR: 0.49 Avg R1: 6.34 Avg R2: 5.29 Avg Reward: 11.628848
2026-06-03 04:55:10 [INFO] EPOCH:3, ======================CR:0.48629====================
2026-06-03 04:55:10 [INFO] -0.0020228229399124075
2026-06-03 04:55:13 [INFO] EPOCH:3, ======================ACC:30.22====================
2026-06-03 04:55:13 [INFO] BEST EPOCH:3,BEST ACC:30.22
2026-06-03 04:55:27 [INFO] Epoch: 4 [12800/100000 (13%)]	 Training Loss: 1.372 ACC: 34.42 CR: 0.49 Avg R1: 6.42 Avg R2: 5.32 Avg Reward: 11.734367
2026-06-03 04:55:40 [INFO] Epoch: 4 [25600/100000 (26%)]	 Training Loss: 1.379 ACC: 34.05 CR: 0.49 Avg R1: 6.42 Avg R2: 5.32 Avg Reward: 11.735963
2026-06-03 04:55:54 [INFO] Epoch: 4 [38400/100000 (38%)]	 Training Loss: 1.384 ACC: 33.93 CR: 0.49 Avg R1: 6.41 Avg R2: 5.32 Avg Reward: 11.733391
2026-06-03 04:56:07 [INFO] Epoch: 4 [51200/100000 (51%)]	 Training Loss: 1.383 ACC: 34.18 CR: 0.49 Avg R1: 6.41 Avg R2: 5.32 Avg Reward: 11.728924
2026-06-03 04:56:20 [INFO] Epoch: 4 [64000/100000 (64%)]	 Training Loss: 1.390 ACC: 34.34 CR: 0.50 Avg R1: 6.39 Avg R2: 5.33 Avg Reward: 11.721338
2026-06-03 04:56:34 [INFO] Epoch: 4 [76800/100000 (77%)]	 Training Loss: 1.398 ACC: 34.37 CR: 0.50 Avg R1: 6.37 Avg R2: 5.34 Avg Reward: 11.709825
2026-06-03 04:56:47 [INFO] Epoch: 4 [89600/100000 (90%)]	 Training Loss: 1.417 ACC: 34.49 CR: 0.52 Avg R1: 6.34 Avg R2: 5.36 Avg Reward: 11.693156
2026-06-03 04:56:58 [INFO] EPOCH:4, ======================CR:0.52705====================
2026-06-03 04:56:58 [INFO] 0.002152985501381453
2026-06-03 04:57:01 [INFO] EPOCH:4, ======================ACC:31.69====================
2026-06-03 04:57:01 [INFO] BEST EPOCH:4,BEST ACC:31.69
2026-06-03 04:57:15 [INFO] Epoch: 5 [12800/100000 (13%)]	 Training Loss: 1.412 ACC: 37.45 CR: 0.53 Avg R1: 5.89 Avg R2: 5.62 Avg Reward: 11.506682
2026-06-03 04:57:29 [INFO] Epoch: 5 [25600/100000 (26%)]	 Training Loss: 1.494 ACC: 36.75 CR: 0.55 Avg R1: 5.82 Avg R2: 5.66 Avg Reward: 11.474495
2026-06-03 04:57:42 [INFO] Epoch: 5 [38400/100000 (38%)]	 Training Loss: 1.530 ACC: 36.78 CR: 0.57 Avg R1: 5.72 Avg R2: 5.71 Avg Reward: 11.426482
2026-06-03 04:57:56 [INFO] Epoch: 5 [51200/100000 (51%)]	 Training Loss: 1.561 ACC: 36.85 CR: 0.59 Avg R1: 5.59 Avg R2: 5.78 Avg Reward: 11.366630
2026-06-03 04:58:09 [INFO] Epoch: 5 [64000/100000 (64%)]	 Training Loss: 1.577 ACC: 36.96 CR: 0.62 Avg R1: 5.45 Avg R2: 5.85 Avg Reward: 11.300941
2026-06-03 04:58:23 [INFO] Epoch: 5 [76800/100000 (77%)]	 Training Loss: 1.560 ACC: 37.07 CR: 0.63 Avg R1: 5.32 Avg R2: 5.92 Avg Reward: 11.237442
2026-06-03 04:58:36 [INFO] Epoch: 5 [89600/100000 (90%)]	 Training Loss: 1.534 ACC: 37.32 CR: 0.64 Avg R1: 5.21 Avg R2: 5.97 Avg Reward: 11.183370
2026-06-03 04:58:47 [INFO] EPOCH:5, ======================CR:0.65096====================
2026-06-03 04:58:47 [INFO] 0.0020572390030185596
2026-06-03 04:58:51 [INFO] EPOCH:5, ======================ACC:33.85====================
2026-06-03 04:58:51 [INFO] BEST EPOCH:5,BEST ACC:33.85
2026-06-03 04:59:05 [INFO] Epoch: 6 [12800/100000 (13%)]	 Training Loss: 1.519 ACC: 40.08 CR: 0.66 Avg R1: 4.32 Avg R2: 6.41 Avg Reward: 10.727953
2026-06-03 04:59:19 [INFO] Epoch: 6 [25600/100000 (26%)]	 Training Loss: 1.508 ACC: 40.24 CR: 0.66 Avg R1: 4.30 Avg R2: 6.42 Avg Reward: 10.717472
2026-06-03 04:59:33 [INFO] Epoch: 6 [38400/100000 (38%)]	 Training Loss: 1.530 ACC: 40.23 CR: 0.67 Avg R1: 4.27 Avg R2: 6.44 Avg Reward: 10.702369
2026-06-03 04:59:46 [INFO] Epoch: 6 [51200/100000 (51%)]	 Training Loss: 1.531 ACC: 40.32 CR: 0.68 Avg R1: 4.22 Avg R2: 6.46 Avg Reward: 10.682541
2026-06-03 05:00:00 [INFO] Epoch: 6 [64000/100000 (64%)]	 Training Loss: 1.535 ACC: 40.33 CR: 0.69 Avg R1: 4.18 Avg R2: 6.49 Avg Reward: 10.662638
2026-06-03 05:00:14 [INFO] Epoch: 6 [76800/100000 (77%)]	 Training Loss: 1.557 ACC: 40.39 CR: 0.70 Avg R1: 4.12 Avg R2: 6.52 Avg Reward: 10.635549
2026-06-03 05:00:27 [INFO] Epoch: 6 [89600/100000 (90%)]	 Training Loss: 1.566 ACC: 40.46 CR: 0.72 Avg R1: 4.04 Avg R2: 6.56 Avg Reward: 10.602342
2026-06-03 05:00:38 [INFO] EPOCH:6, ======================CR:0.72784====================
2026-06-03 05:00:38 [INFO] 0.010538451404936987
2026-06-03 05:00:42 [INFO] EPOCH:6, ======================ACC:37.75====================
2026-06-03 05:00:42 [INFO] BEST EPOCH:6,BEST ACC:37.75
2026-06-03 05:00:55 [INFO] Epoch: 7 [12800/100000 (13%)]	 Training Loss: 1.505 ACC: 43.68 CR: 0.73 Avg R1: 3.38 Avg R2: 6.91 Avg Reward: 10.291480
2026-06-03 05:01:09 [INFO] Epoch: 7 [25600/100000 (26%)]	 Training Loss: 1.545 ACC: 43.80 CR: 0.74 Avg R1: 3.34 Avg R2: 6.94 Avg Reward: 10.273165
2026-06-03 05:01:22 [INFO] Epoch: 7 [38400/100000 (38%)]	 Training Loss: 1.544 ACC: 43.77 CR: 0.75 Avg R1: 3.28 Avg R2: 6.97 Avg Reward: 10.250115
2026-06-03 05:01:36 [INFO] Epoch: 7 [51200/100000 (51%)]	 Training Loss: 1.500 ACC: 43.60 CR: 0.74 Avg R1: 3.26 Avg R2: 6.98 Avg Reward: 10.241533
2026-06-03 05:01:50 [INFO] Epoch: 7 [64000/100000 (64%)]	 Training Loss: 1.465 ACC: 43.59 CR: 0.73 Avg R1: 3.27 Avg R2: 6.97 Avg Reward: 10.248491
2026-06-03 05:02:03 [INFO] Epoch: 7 [76800/100000 (77%)]	 Training Loss: 1.445 ACC: 43.72 CR: 0.72 Avg R1: 3.31 Avg R2: 6.95 Avg Reward: 10.266975
2026-06-03 05:02:17 [INFO] Epoch: 7 [89600/100000 (90%)]	 Training Loss: 1.451 ACC: 43.79 CR: 0.72 Avg R1: 3.35 Avg R2: 6.94 Avg Reward: 10.283516
2026-06-03 05:02:28 [INFO] EPOCH:7, ======================CR:0.71944====================
2026-06-03 05:02:28 [INFO] 0.017987381081287144
2026-06-03 05:02:32 [INFO] EPOCH:7, ======================ACC:33.19====================
2026-06-03 05:02:32 [INFO] BEST EPOCH:6,BEST ACC:37.75
2026-06-03 05:02:46 [INFO] Epoch: 8 [12800/100000 (13%)]	 Training Loss: 1.409 ACC: 47.04 CR: 0.72 Avg R1: 3.47 Avg R2: 6.90 Avg Reward: 10.369075
2026-06-03 05:02:59 [INFO] Epoch: 8 [25600/100000 (26%)]	 Training Loss: 1.396 ACC: 46.74 CR: 0.73 Avg R1: 3.44 Avg R2: 6.91 Avg Reward: 10.355955
2026-06-03 05:03:13 [INFO] Epoch: 8 [38400/100000 (38%)]	 Training Loss: 1.391 ACC: 46.24 CR: 0.72 Avg R1: 3.44 Avg R2: 6.91 Avg Reward: 10.352377
2026-06-03 05:03:26 [INFO] Epoch: 8 [51200/100000 (51%)]	 Training Loss: 1.373 ACC: 46.38 CR: 0.72 Avg R1: 3.44 Avg R2: 6.91 Avg Reward: 10.352126
2026-06-03 05:03:40 [INFO] Epoch: 8 [64000/100000 (64%)]	 Training Loss: 1.348 ACC: 46.34 CR: 0.71 Avg R1: 3.46 Avg R2: 6.90 Avg Reward: 10.359170
2026-06-03 05:03:54 [INFO] Epoch: 8 [76800/100000 (77%)]	 Training Loss: 1.330 ACC: 46.45 CR: 0.70 Avg R1: 3.50 Avg R2: 6.88 Avg Reward: 10.373855
2026-06-03 05:04:07 [INFO] Epoch: 8 [89600/100000 (90%)]	 Training Loss: 1.308 ACC: 46.65 CR: 0.68 Avg R1: 3.55 Avg R2: 6.85 Avg Reward: 10.395377
2026-06-03 05:04:18 [INFO] EPOCH:8, ======================CR:0.67147====================
2026-06-03 05:04:18 [INFO] 0.00991410866115883
2026-06-03 05:04:22 [INFO] EPOCH:8, ======================ACC:44.09====================
2026-06-03 05:04:22 [INFO] BEST EPOCH:8,BEST ACC:44.09
2026-06-03 05:04:37 [INFO] Epoch: 9 [12800/100000 (13%)]	 Training Loss: 1.106 ACC: 50.00 CR: 0.66 Avg R1: 4.18 Avg R2: 6.52 Avg Reward: 10.701772
2026-06-03 05:04:50 [INFO] Epoch: 9 [25600/100000 (26%)]	 Training Loss: 1.094 ACC: 49.93 CR: 0.65 Avg R1: 4.25 Avg R2: 6.48 Avg Reward: 10.736108
2026-06-03 05:05:04 [INFO] Epoch: 9 [38400/100000 (38%)]	 Training Loss: 1.087 ACC: 49.77 CR: 0.63 Avg R1: 4.34 Avg R2: 6.44 Avg Reward: 10.778125
2026-06-03 05:05:17 [INFO] Epoch: 9 [51200/100000 (51%)]	 Training Loss: 1.084 ACC: 49.98 CR: 0.62 Avg R1: 4.43 Avg R2: 6.39 Avg Reward: 10.821476
2026-06-03 05:05:31 [INFO] Epoch: 9 [64000/100000 (64%)]	 Training Loss: 1.091 ACC: 49.86 CR: 0.61 Avg R1: 4.52 Avg R2: 6.35 Avg Reward: 10.860536
2026-06-03 05:05:45 [INFO] Epoch: 9 [76800/100000 (77%)]	 Training Loss: 1.087 ACC: 49.93 CR: 0.59 Avg R1: 4.60 Avg R2: 6.30 Avg Reward: 10.897828
2026-06-03 05:05:59 [INFO] Epoch: 9 [89600/100000 (90%)]	 Training Loss: 1.087 ACC: 49.96 CR: 0.58 Avg R1: 4.68 Avg R2: 6.26 Avg Reward: 10.935249
2026-06-03 05:06:10 [INFO] EPOCH:9, ======================CR:0.57097====================
2026-06-03 05:06:10 [INFO] 0.0036369533197148462
2026-06-03 05:06:14 [INFO] EPOCH:9, ======================ACC:43.67====================
2026-06-03 05:06:14 [INFO] BEST EPOCH:8,BEST ACC:44.09
2026-06-03 05:06:28 [INFO] Epoch: 10 [12800/100000 (13%)]	 Training Loss: 1.052 ACC: 52.16 CR: 0.57 Avg R1: 5.35 Avg R2: 5.97 Avg Reward: 11.315573
2026-06-03 05:06:41 [INFO] Epoch: 10 [25600/100000 (26%)]	 Training Loss: 1.032 ACC: 52.35 CR: 0.57 Avg R1: 5.35 Avg R2: 5.97 Avg Reward: 11.315864
2026-06-03 05:06:55 [INFO] Epoch: 10 [38400/100000 (38%)]	 Training Loss: 1.023 ACC: 52.30 CR: 0.57 Avg R1: 5.36 Avg R2: 5.96 Avg Reward: 11.322860
2026-06-03 05:07:08 [INFO] Epoch: 10 [51200/100000 (51%)]	 Training Loss: 1.020 ACC: 52.25 CR: 0.56 Avg R1: 5.38 Avg R2: 5.95 Avg Reward: 11.332312
2026-06-03 05:07:22 [INFO] Epoch: 10 [64000/100000 (64%)]	 Training Loss: 1.020 ACC: 52.33 CR: 0.56 Avg R1: 5.40 Avg R2: 5.94 Avg Reward: 11.339301
2026-06-03 05:07:35 [INFO] Epoch: 10 [76800/100000 (77%)]	 Training Loss: 1.023 ACC: 52.09 CR: 0.56 Avg R1: 5.41 Avg R2: 5.94 Avg Reward: 11.343685
2026-06-03 05:07:49 [INFO] Epoch: 10 [89600/100000 (90%)]	 Training Loss: 1.026 ACC: 51.98 CR: 0.56 Avg R1: 5.42 Avg R2: 5.93 Avg Reward: 11.346468
2026-06-03 05:08:00 [INFO] EPOCH:10, ======================CR:0.55908====================
2026-06-03 05:08:00 [INFO] 0.0013531721072034123
2026-06-03 05:08:04 [INFO] EPOCH:10, ======================ACC:44.58====================
2026-06-03 05:08:04 [INFO] BEST EPOCH:10,BEST ACC:44.58
2026-06-03 05:08:18 [INFO] Epoch: 11 [12800/100000 (13%)]	 Training Loss: 0.961 ACC: 54.98 CR: 0.56 Avg R1: 5.51 Avg R2: 5.93 Avg Reward: 11.445651
2026-06-03 05:08:32 [INFO] Epoch: 11 [25600/100000 (26%)]	 Training Loss: 0.956 ACC: 54.76 CR: 0.56 Avg R1: 5.51 Avg R2: 5.94 Avg Reward: 11.446400
2026-06-03 05:08:46 [INFO] Epoch: 11 [38400/100000 (38%)]	 Training Loss: 0.968 ACC: 54.46 CR: 0.56 Avg R1: 5.51 Avg R2: 5.94 Avg Reward: 11.445265
2026-06-03 05:09:00 [INFO] Epoch: 11 [51200/100000 (51%)]	 Training Loss: 0.968 ACC: 54.24 CR: 0.56 Avg R1: 5.50 Avg R2: 5.94 Avg Reward: 11.444694
2026-06-03 05:09:13 [INFO] Epoch: 11 [64000/100000 (64%)]	 Training Loss: 0.968 ACC: 54.09 CR: 0.56 Avg R1: 5.51 Avg R2: 5.94 Avg Reward: 11.446833
2026-06-03 05:09:27 [INFO] Epoch: 11 [76800/100000 (77%)]	 Training Loss: 0.966 ACC: 54.07 CR: 0.55 Avg R1: 5.51 Avg R2: 5.94 Avg Reward: 11.450993
2026-06-03 05:09:41 [INFO] Epoch: 11 [89600/100000 (90%)]	 Training Loss: 0.969 ACC: 53.96 CR: 0.56 Avg R1: 5.52 Avg R2: 5.93 Avg Reward: 11.454632
2026-06-03 05:09:52 [INFO] EPOCH:11, ======================CR:0.55404====================
2026-06-03 05:09:52 [INFO] 0.0064157316271271575
2026-06-03 05:09:56 [INFO] EPOCH:11, ======================ACC:47.66====================
2026-06-03 05:09:56 [INFO] BEST EPOCH:11,BEST ACC:47.66
2026-06-03 05:10:10 [INFO] Epoch: 12 [12800/100000 (13%)]	 Training Loss: 0.928 ACC: 56.38 CR: 0.55 Avg R1: 5.58 Avg R2: 5.95 Avg Reward: 11.528990
2026-06-03 05:10:23 [INFO] Epoch: 12 [25600/100000 (26%)]	 Training Loss: 0.923 ACC: 56.46 CR: 0.55 Avg R1: 5.58 Avg R2: 5.95 Avg Reward: 11.526589
2026-06-03 05:10:37 [INFO] Epoch: 12 [38400/100000 (38%)]	 Training Loss: 0.920 ACC: 56.30 CR: 0.55 Avg R1: 5.58 Avg R2: 5.95 Avg Reward: 11.525919
2026-06-03 05:10:51 [INFO] Epoch: 12 [51200/100000 (51%)]	 Training Loss: 0.937 ACC: 55.88 CR: 0.56 Avg R1: 5.57 Avg R2: 5.95 Avg Reward: 11.522743
2026-06-03 05:11:05 [INFO] Epoch: 12 [64000/100000 (64%)]	 Training Loss: 0.943 ACC: 55.86 CR: 0.56 Avg R1: 5.55 Avg R2: 5.96 Avg Reward: 11.515533
2026-06-03 05:11:18 [INFO] Epoch: 12 [76800/100000 (77%)]	 Training Loss: 0.946 ACC: 55.77 CR: 0.57 Avg R1: 5.53 Avg R2: 5.97 Avg Reward: 11.506364
2026-06-03 05:11:32 [INFO] Epoch: 12 [89600/100000 (90%)]	 Training Loss: 0.949 ACC: 55.57 CR: 0.57 Avg R1: 5.51 Avg R2: 5.98 Avg Reward: 11.497889
2026-06-03 05:11:43 [INFO] EPOCH:12, ======================CR:0.57442====================
2026-06-03 05:11:43 [INFO] 0.000195687443992619
2026-06-03 05:11:47 [INFO] EPOCH:12, ======================ACC:47.43====================
2026-06-03 05:11:47 [INFO] BEST EPOCH:11,BEST ACC:47.66
2026-06-03 05:12:02 [INFO] Epoch: 13 [12800/100000 (13%)]	 Training Loss: 0.888 ACC: 59.25 CR: 0.57 Avg R1: 5.31 Avg R2: 6.15 Avg Reward: 11.466067
2026-06-03 05:12:16 [INFO] Epoch: 13 [25600/100000 (26%)]	 Training Loss: 0.910 ACC: 58.51 CR: 0.58 Avg R1: 5.30 Avg R2: 6.16 Avg Reward: 11.459870
2026-06-03 05:12:29 [INFO] Epoch: 13 [38400/100000 (38%)]	 Training Loss: 0.910 ACC: 58.12 CR: 0.58 Avg R1: 5.29 Avg R2: 6.17 Avg Reward: 11.451257
2026-06-03 05:12:43 [INFO] Epoch: 13 [51200/100000 (51%)]	 Training Loss: 0.918 ACC: 57.70 CR: 0.58 Avg R1: 5.28 Avg R2: 6.17 Avg Reward: 11.446514
2026-06-03 05:12:56 [INFO] Epoch: 13 [64000/100000 (64%)]	 Training Loss: 0.928 ACC: 57.50 CR: 0.59 Avg R1: 5.26 Avg R2: 6.18 Avg Reward: 11.436804
2026-06-03 05:13:10 [INFO] Epoch: 13 [76800/100000 (77%)]	 Training Loss: 0.929 ACC: 57.46 CR: 0.59 Avg R1: 5.23 Avg R2: 6.19 Avg Reward: 11.425899
2026-06-03 05:13:24 [INFO] Epoch: 13 [89600/100000 (90%)]	 Training Loss: 0.927 ACC: 57.37 CR: 0.59 Avg R1: 5.21 Avg R2: 6.20 Avg Reward: 11.417387
2026-06-03 05:13:35 [INFO] EPOCH:13, ======================CR:0.58933====================
2026-06-03 05:13:35 [INFO] 0.011456921784455652
2026-06-03 05:13:39 [INFO] EPOCH:13, ======================ACC:49.69====================
2026-06-03 05:13:39 [INFO] BEST EPOCH:13,BEST ACC:49.69
2026-06-03 05:13:54 [INFO] Epoch: 14 [12800/100000 (13%)]	 Training Loss: 0.814 ACC: 61.03 CR: 0.59 Avg R1: 5.16 Avg R2: 6.26 Avg Reward: 11.418690
2026-06-03 05:14:07 [INFO] Epoch: 14 [25600/100000 (26%)]	 Training Loss: 0.822 ACC: 60.51 CR: 0.58 Avg R1: 5.18 Avg R2: 6.25 Avg Reward: 11.429595
2026-06-03 05:14:21 [INFO] Epoch: 14 [38400/100000 (38%)]	 Training Loss: 0.830 ACC: 60.02 CR: 0.58 Avg R1: 5.21 Avg R2: 6.24 Avg Reward: 11.442685
2026-06-03 05:14:35 [INFO] Epoch: 14 [51200/100000 (51%)]	 Training Loss: 0.833 ACC: 59.70 CR: 0.57 Avg R1: 5.24 Avg R2: 6.22 Avg Reward: 11.456365
2026-06-03 05:14:49 [INFO] Epoch: 14 [64000/100000 (64%)]	 Training Loss: 0.836 ACC: 59.38 CR: 0.57 Avg R1: 5.27 Avg R2: 6.20 Avg Reward: 11.471962
2026-06-03 05:15:03 [INFO] Epoch: 14 [76800/100000 (77%)]	 Training Loss: 0.838 ACC: 59.20 CR: 0.56 Avg R1: 5.30 Avg R2: 6.18 Avg Reward: 11.488420
2026-06-03 05:15:17 [INFO] Epoch: 14 [89600/100000 (90%)]	 Training Loss: 0.838 ACC: 59.10 CR: 0.55 Avg R1: 5.34 Avg R2: 6.16 Avg Reward: 11.505339
2026-06-03 05:15:28 [INFO] EPOCH:14, ======================CR:0.54509====================
2026-06-03 05:15:28 [INFO] 0.0011378646608468576
2026-06-03 05:15:31 [INFO] EPOCH:14, ======================ACC:50.72====================
2026-06-03 05:15:31 [INFO] BEST EPOCH:14,BEST ACC:50.72
2026-06-03 05:15:46 [INFO] Epoch: 15 [12800/100000 (13%)]	 Training Loss: 0.772 ACC: 61.76 CR: 0.54 Avg R1: 5.70 Avg R2: 6.04 Avg Reward: 11.736227
2026-06-03 05:15:59 [INFO] Epoch: 15 [25600/100000 (26%)]	 Training Loss: 0.776 ACC: 61.72 CR: 0.54 Avg R1: 5.70 Avg R2: 6.03 Avg Reward: 11.735873
2026-06-03 05:16:13 [INFO] Epoch: 15 [38400/100000 (38%)]	 Training Loss: 0.780 ACC: 61.53 CR: 0.54 Avg R1: 5.70 Avg R2: 6.03 Avg Reward: 11.737062
2026-06-03 05:16:26 [INFO] Epoch: 15 [51200/100000 (51%)]	 Training Loss: 0.784 ACC: 61.18 CR: 0.54 Avg R1: 5.71 Avg R2: 6.03 Avg Reward: 11.741794
2026-06-03 05:16:40 [INFO] Epoch: 15 [64000/100000 (64%)]	 Training Loss: 0.786 ACC: 60.95 CR: 0.54 Avg R1: 5.72 Avg R2: 6.02 Avg Reward: 11.745805
2026-06-03 05:16:54 [INFO] Epoch: 15 [76800/100000 (77%)]	 Training Loss: 0.789 ACC: 60.75 CR: 0.54 Avg R1: 5.73 Avg R2: 6.02 Avg Reward: 11.750502
2026-06-03 05:17:07 [INFO] Epoch: 15 [89600/100000 (90%)]	 Training Loss: 0.792 ACC: 60.59 CR: 0.53 Avg R1: 5.74 Avg R2: 6.01 Avg Reward: 11.755530
2026-06-03 05:17:18 [INFO] EPOCH:15, ======================CR:0.53241====================
2026-06-03 05:17:18 [INFO] 0.003191306405846795
2026-06-03 05:17:22 [INFO] EPOCH:15, ======================ACC:47.89====================
2026-06-03 05:17:22 [INFO] BEST EPOCH:14,BEST ACC:50.72
2026-06-03 05:17:37 [INFO] Epoch: 16 [12800/100000 (13%)]	 Training Loss: 0.722 ACC: 63.86 CR: 0.53 Avg R1: 5.84 Avg R2: 5.99 Avg Reward: 11.836182
2026-06-03 05:17:50 [INFO] Epoch: 16 [25600/100000 (26%)]	 Training Loss: 0.722 ACC: 63.61 CR: 0.53 Avg R1: 5.85 Avg R2: 5.99 Avg Reward: 11.837366
2026-06-03 05:18:04 [INFO] Epoch: 16 [38400/100000 (38%)]	 Training Loss: 0.736 ACC: 62.87 CR: 0.53 Avg R1: 5.85 Avg R2: 5.99 Avg Reward: 11.837393
2026-06-03 05:18:18 [INFO] Epoch: 16 [51200/100000 (51%)]	 Training Loss: 0.739 ACC: 62.54 CR: 0.53 Avg R1: 5.85 Avg R2: 5.99 Avg Reward: 11.837269
2026-06-03 05:18:31 [INFO] Epoch: 16 [64000/100000 (64%)]	 Training Loss: 0.747 ACC: 62.15 CR: 0.53 Avg R1: 5.85 Avg R2: 5.99 Avg Reward: 11.837414
2026-06-03 05:18:45 [INFO] Epoch: 16 [76800/100000 (77%)]	 Training Loss: 0.752 ACC: 61.96 CR: 0.53 Avg R1: 5.85 Avg R2: 5.99 Avg Reward: 11.838330
2026-06-03 05:18:59 [INFO] Epoch: 16 [89600/100000 (90%)]	 Training Loss: 0.756 ACC: 61.84 CR: 0.53 Avg R1: 5.85 Avg R2: 5.99 Avg Reward: 11.839200
2026-06-03 05:19:10 [INFO] EPOCH:16, ======================CR:0.53023====================
2026-06-03 05:19:10 [INFO] 0.00246833760986652
2026-06-03 05:19:13 [INFO] EPOCH:16, ======================ACC:50.96====================
2026-06-03 05:19:13 [INFO] BEST EPOCH:16,BEST ACC:50.96
2026-06-03 05:19:28 [INFO] Epoch: 17 [12800/100000 (13%)]	 Training Loss: 0.701 ACC: 64.80 CR: 0.53 Avg R1: 5.87 Avg R2: 6.05 Avg Reward: 11.912894
2026-06-03 05:19:42 [INFO] Epoch: 17 [25600/100000 (26%)]	 Training Loss: 0.708 ACC: 64.14 CR: 0.53 Avg R1: 5.87 Avg R2: 6.05 Avg Reward: 11.911997
2026-06-03 05:19:55 [INFO] Epoch: 17 [38400/100000 (38%)]	 Training Loss: 0.710 ACC: 64.12 CR: 0.53 Avg R1: 5.87 Avg R2: 6.04 Avg Reward: 11.912579
2026-06-03 05:20:09 [INFO] Epoch: 17 [51200/100000 (51%)]	 Training Loss: 0.713 ACC: 64.03 CR: 0.53 Avg R1: 5.87 Avg R2: 6.04 Avg Reward: 11.912936
2026-06-03 05:20:22 [INFO] Epoch: 17 [64000/100000 (64%)]	 Training Loss: 0.718 ACC: 63.82 CR: 0.53 Avg R1: 5.87 Avg R2: 6.04 Avg Reward: 11.913471
2026-06-03 05:20:36 [INFO] Epoch: 17 [76800/100000 (77%)]	 Training Loss: 0.724 ACC: 63.48 CR: 0.53 Avg R1: 5.88 Avg R2: 6.04 Avg Reward: 11.914707
2026-06-03 05:20:50 [INFO] Epoch: 17 [89600/100000 (90%)]	 Training Loss: 0.729 ACC: 63.25 CR: 0.53 Avg R1: 5.88 Avg R2: 6.04 Avg Reward: 11.915899
2026-06-03 05:21:01 [INFO] EPOCH:17, ======================CR:0.52997====================
2026-06-03 05:21:01 [INFO] -0.0003158806621962186
2026-06-03 05:21:05 [INFO] EPOCH:17, ======================ACC:51.7====================
2026-06-03 05:21:05 [INFO] BEST EPOCH:17,BEST ACC:51.7
2026-06-03 05:21:18 [INFO] Epoch: 18 [12800/100000 (13%)]	 Training Loss: 0.661 ACC: 66.84 CR: 0.53 Avg R1: 5.86 Avg R2: 6.10 Avg Reward: 11.953795
2026-06-03 05:21:28 [INFO] Epoch: 18 [25600/100000 (26%)]	 Training Loss: 0.672 ACC: 66.16 CR: 0.53 Avg R1: 5.85 Avg R2: 6.10 Avg Reward: 11.949012
2026-06-03 05:21:39 [INFO] Epoch: 18 [38400/100000 (38%)]	 Training Loss: 0.679 ACC: 65.69 CR: 0.53 Avg R1: 5.84 Avg R2: 6.10 Avg Reward: 11.945447
2026-06-03 05:21:50 [INFO] Epoch: 18 [51200/100000 (51%)]	 Training Loss: 0.687 ACC: 65.32 CR: 0.54 Avg R1: 5.84 Avg R2: 6.11 Avg Reward: 11.942477
2026-06-03 05:22:02 [INFO] Epoch: 18 [64000/100000 (64%)]	 Training Loss: 0.695 ACC: 64.93 CR: 0.54 Avg R1: 5.83 Avg R2: 6.11 Avg Reward: 11.939585
2026-06-03 05:22:13 [INFO] Epoch: 18 [76800/100000 (77%)]	 Training Loss: 0.703 ACC: 64.64 CR: 0.54 Avg R1: 5.82 Avg R2: 6.11 Avg Reward: 11.936931
2026-06-03 05:22:24 [INFO] Epoch: 18 [89600/100000 (90%)]	 Training Loss: 0.707 ACC: 64.51 CR: 0.54 Avg R1: 5.82 Avg R2: 6.12 Avg Reward: 11.934923
2026-06-03 05:22:32 [INFO] EPOCH:18, ======================CR:0.53818====================
2026-06-03 05:22:32 [INFO] -0.0022590347436893675
2026-06-03 05:22:35 [INFO] EPOCH:18, ======================ACC:50.13====================
2026-06-03 05:22:35 [INFO] BEST EPOCH:17,BEST ACC:51.7
2026-06-03 05:22:49 [INFO] Epoch: 19 [12800/100000 (13%)]	 Training Loss: 0.654 ACC: 67.44 CR: 0.54 Avg R1: 5.76 Avg R2: 6.20 Avg Reward: 11.965128
2026-06-03 05:23:03 [INFO] Epoch: 19 [25600/100000 (26%)]	 Training Loss: 0.656 ACC: 67.09 CR: 0.54 Avg R1: 5.75 Avg R2: 6.21 Avg Reward: 11.957598
2026-06-03 05:23:17 [INFO] Epoch: 19 [38400/100000 (38%)]	 Training Loss: 0.662 ACC: 66.83 CR: 0.54 Avg R1: 5.74 Avg R2: 6.22 Avg Reward: 11.954484
2026-06-03 05:23:30 [INFO] Epoch: 19 [51200/100000 (51%)]	 Training Loss: 0.671 ACC: 66.45 CR: 0.54 Avg R1: 5.73 Avg R2: 6.22 Avg Reward: 11.952024
2026-06-03 05:23:44 [INFO] Epoch: 19 [64000/100000 (64%)]	 Training Loss: 0.679 ACC: 66.04 CR: 0.54 Avg R1: 5.72 Avg R2: 6.23 Avg Reward: 11.949705
2026-06-03 05:23:58 [INFO] Epoch: 19 [76800/100000 (77%)]	 Training Loss: 0.683 ACC: 65.68 CR: 0.54 Avg R1: 5.72 Avg R2: 6.23 Avg Reward: 11.949010
2026-06-03 05:24:12 [INFO] Epoch: 19 [89600/100000 (90%)]	 Training Loss: 0.687 ACC: 65.53 CR: 0.54 Avg R1: 5.72 Avg R2: 6.23 Avg Reward: 11.948736
2026-06-03 05:24:23 [INFO] EPOCH:19, ======================CR:0.54598====================
2026-06-03 05:24:23 [INFO] 0.00460195213090098
2026-06-03 05:24:27 [INFO] EPOCH:19, ======================ACC:49.04====================
2026-06-03 05:24:27 [INFO] BEST EPOCH:17,BEST ACC:51.7
2026-06-03 05:24:41 [INFO] Epoch: 20 [12800/100000 (13%)]	 Training Loss: 0.597 ACC: 68.98 CR: 0.54 Avg R1: 5.69 Avg R2: 6.31 Avg Reward: 12.007509
2026-06-03 05:24:55 [INFO] Epoch: 20 [25600/100000 (26%)]	 Training Loss: 0.614 ACC: 68.32 CR: 0.54 Avg R1: 5.70 Avg R2: 6.31 Avg Reward: 12.012429
2026-06-03 05:25:08 [INFO] Epoch: 20 [38400/100000 (38%)]	 Training Loss: 0.623 ACC: 67.94 CR: 0.54 Avg R1: 5.71 Avg R2: 6.30 Avg Reward: 12.017269
2026-06-03 05:25:22 [INFO] Epoch: 20 [51200/100000 (51%)]	 Training Loss: 0.631 ACC: 67.52 CR: 0.54 Avg R1: 5.73 Avg R2: 6.30 Avg Reward: 12.023272
2026-06-03 05:25:36 [INFO] Epoch: 20 [64000/100000 (64%)]	 Training Loss: 0.639 ACC: 67.22 CR: 0.54 Avg R1: 5.74 Avg R2: 6.29 Avg Reward: 12.027245
2026-06-03 05:25:50 [INFO] Epoch: 20 [76800/100000 (77%)]	 Training Loss: 0.645 ACC: 66.90 CR: 0.54 Avg R1: 5.75 Avg R2: 6.28 Avg Reward: 12.031219
2026-06-03 05:26:03 [INFO] Epoch: 20 [89600/100000 (90%)]	 Training Loss: 0.652 ACC: 66.64 CR: 0.53 Avg R1: 5.76 Avg R2: 6.28 Avg Reward: 12.036416
2026-06-03 05:26:15 [INFO] EPOCH:20, ======================CR:0.53061====================
2026-06-03 05:26:15 [INFO] 0.004087496832314204
2026-06-03 05:26:18 [INFO] EPOCH:20, ======================ACC:51.99====================
2026-06-03 05:26:18 [INFO] BEST EPOCH:20,BEST ACC:51.99
2026-06-03 05:26:32 [INFO] Epoch: 21 [12800/100000 (13%)]	 Training Loss: 0.586 ACC: 69.86 CR: 0.53 Avg R1: 5.87 Avg R2: 6.27 Avg Reward: 12.142816
2026-06-03 05:26:46 [INFO] Epoch: 21 [25600/100000 (26%)]	 Training Loss: 0.595 ACC: 69.66 CR: 0.53 Avg R1: 5.87 Avg R2: 6.27 Avg Reward: 12.141318
2026-06-03 05:27:00 [INFO] Epoch: 21 [38400/100000 (38%)]	 Training Loss: 0.599 ACC: 69.49 CR: 0.53 Avg R1: 5.87 Avg R2: 6.27 Avg Reward: 12.139968
2026-06-03 05:27:14 [INFO] Epoch: 21 [51200/100000 (51%)]	 Training Loss: 0.606 ACC: 69.04 CR: 0.53 Avg R1: 5.87 Avg R2: 6.27 Avg Reward: 12.137926
2026-06-03 05:27:27 [INFO] Epoch: 21 [64000/100000 (64%)]	 Training Loss: 0.612 ACC: 68.71 CR: 0.53 Avg R1: 5.86 Avg R2: 6.27 Avg Reward: 12.135913
2026-06-03 05:27:41 [INFO] Epoch: 21 [76800/100000 (77%)]	 Training Loss: 0.617 ACC: 68.41 CR: 0.53 Avg R1: 5.86 Avg R2: 6.27 Avg Reward: 12.134275
2026-06-03 05:27:55 [INFO] Epoch: 21 [89600/100000 (90%)]	 Training Loss: 0.626 ACC: 67.94 CR: 0.53 Avg R1: 5.86 Avg R2: 6.27 Avg Reward: 12.132602
2026-06-03 05:28:06 [INFO] EPOCH:21, ======================CR:0.53346====================
2026-06-03 05:28:06 [INFO] -5.222296096256431e-05
2026-06-03 05:28:10 [INFO] EPOCH:21, ======================ACC:53.61====================
2026-06-03 05:28:10 [INFO] BEST EPOCH:21,BEST ACC:53.61
2026-06-03 05:28:24 [INFO] Epoch: 22 [12800/100000 (13%)]	 Training Loss: 0.568 ACC: 70.44 CR: 0.53 Avg R1: 5.83 Avg R2: 6.34 Avg Reward: 12.168733
2026-06-03 05:28:38 [INFO] Epoch: 22 [25600/100000 (26%)]	 Training Loss: 0.576 ACC: 70.59 CR: 0.53 Avg R1: 5.83 Avg R2: 6.34 Avg Reward: 12.170976
2026-06-03 05:28:52 [INFO] Epoch: 22 [38400/100000 (38%)]	 Training Loss: 0.578 ACC: 70.27 CR: 0.53 Avg R1: 5.83 Avg R2: 6.34 Avg Reward: 12.172009
2026-06-03 05:29:06 [INFO] Epoch: 22 [51200/100000 (51%)]	 Training Loss: 0.585 ACC: 69.78 CR: 0.53 Avg R1: 5.83 Avg R2: 6.35 Avg Reward: 12.171234
2026-06-03 05:29:20 [INFO] Epoch: 22 [64000/100000 (64%)]	 Training Loss: 0.594 ACC: 69.30 CR: 0.54 Avg R1: 5.82 Avg R2: 6.35 Avg Reward: 12.170298
2026-06-03 05:29:33 [INFO] Epoch: 22 [76800/100000 (77%)]	 Training Loss: 0.601 ACC: 68.98 CR: 0.54 Avg R1: 5.82 Avg R2: 6.35 Avg Reward: 12.168796
2026-06-03 05:29:47 [INFO] Epoch: 22 [89600/100000 (90%)]	 Training Loss: 0.608 ACC: 68.73 CR: 0.54 Avg R1: 5.81 Avg R2: 6.35 Avg Reward: 12.166801
2026-06-03 05:29:58 [INFO] EPOCH:22, ======================CR:0.53657====================
2026-06-03 05:29:58 [INFO] 0.0019224167842987747
2026-06-03 05:30:02 [INFO] EPOCH:22, ======================ACC:51.33====================
2026-06-03 05:30:02 [INFO] BEST EPOCH:21,BEST ACC:53.61
2026-06-03 05:30:17 [INFO] Epoch: 23 [12800/100000 (13%)]	 Training Loss: 0.522 ACC: 72.58 CR: 0.53 Avg R1: 5.80 Avg R2: 6.42 Avg Reward: 12.226459
2026-06-03 05:30:31 [INFO] Epoch: 23 [25600/100000 (26%)]	 Training Loss: 0.534 ACC: 72.00 CR: 0.53 Avg R1: 5.82 Avg R2: 6.41 Avg Reward: 12.231138
2026-06-03 05:30:44 [INFO] Epoch: 23 [38400/100000 (38%)]	 Training Loss: 0.547 ACC: 71.28 CR: 0.53 Avg R1: 5.83 Avg R2: 6.41 Avg Reward: 12.237099
2026-06-03 05:30:58 [INFO] Epoch: 23 [51200/100000 (51%)]	 Training Loss: 0.553 ACC: 70.85 CR: 0.53 Avg R1: 5.84 Avg R2: 6.40 Avg Reward: 12.242608
2026-06-03 05:31:12 [INFO] Epoch: 23 [64000/100000 (64%)]	 Training Loss: 0.557 ACC: 70.53 CR: 0.53 Avg R1: 5.86 Avg R2: 6.39 Avg Reward: 12.246371
2026-06-03 05:31:26 [INFO] Epoch: 23 [76800/100000 (77%)]	 Training Loss: 0.563 ACC: 70.25 CR: 0.52 Avg R1: 5.87 Avg R2: 6.38 Avg Reward: 12.251324
2026-06-03 05:31:39 [INFO] Epoch: 23 [89600/100000 (90%)]	 Training Loss: 0.568 ACC: 69.93 CR: 0.52 Avg R1: 5.88 Avg R2: 6.37 Avg Reward: 12.256679
2026-06-03 05:31:51 [INFO] EPOCH:23, ======================CR:0.52071====================
2026-06-03 05:31:51 [INFO] -0.0022221824241805866
2026-06-03 05:31:54 [INFO] EPOCH:23, ======================ACC:51.67====================
2026-06-03 05:31:54 [INFO] BEST EPOCH:21,BEST ACC:53.61
2026-06-03 05:32:09 [INFO] Epoch: 24 [12800/100000 (13%)]	 Training Loss: 0.512 ACC: 73.12 CR: 0.52 Avg R1: 5.99 Avg R2: 6.38 Avg Reward: 12.363958
2026-06-03 05:32:22 [INFO] Epoch: 24 [25600/100000 (26%)]	 Training Loss: 0.521 ACC: 72.68 CR: 0.52 Avg R1: 5.98 Avg R2: 6.38 Avg Reward: 12.361063
2026-06-03 05:32:36 [INFO] Epoch: 24 [38400/100000 (38%)]	 Training Loss: 0.526 ACC: 72.38 CR: 0.52 Avg R1: 5.97 Avg R2: 6.38 Avg Reward: 12.357307
2026-06-03 05:32:50 [INFO] Epoch: 24 [51200/100000 (51%)]	 Training Loss: 0.537 ACC: 71.76 CR: 0.52 Avg R1: 5.97 Avg R2: 6.39 Avg Reward: 12.354529
2026-06-03 05:33:03 [INFO] Epoch: 24 [64000/100000 (64%)]	 Training Loss: 0.546 ACC: 71.13 CR: 0.53 Avg R1: 5.96 Avg R2: 6.39 Avg Reward: 12.352381
2026-06-03 05:33:17 [INFO] Epoch: 24 [76800/100000 (77%)]	 Training Loss: 0.551 ACC: 70.88 CR: 0.53 Avg R1: 5.96 Avg R2: 6.39 Avg Reward: 12.349193
2026-06-03 05:33:31 [INFO] Epoch: 24 [89600/100000 (90%)]	 Training Loss: 0.558 ACC: 70.52 CR: 0.53 Avg R1: 5.95 Avg R2: 6.39 Avg Reward: 12.346727
2026-06-03 05:33:42 [INFO] EPOCH:24, ======================CR:0.52866====================
2026-06-03 05:33:42 [INFO] 0.001002939809441341
2026-06-03 05:33:46 [INFO] EPOCH:24, ======================ACC:50.96====================
2026-06-03 05:33:46 [INFO] BEST EPOCH:21,BEST ACC:53.61
2026-06-03 05:34:00 [INFO] Epoch: 25 [12800/100000 (13%)]	 Training Loss: 0.512 ACC: 72.84 CR: 0.53 Avg R1: 5.88 Avg R2: 6.49 Avg Reward: 12.368231
2026-06-03 05:34:14 [INFO] Epoch: 25 [25600/100000 (26%)]	 Training Loss: 0.519 ACC: 72.98 CR: 0.53 Avg R1: 5.87 Avg R2: 6.49 Avg Reward: 12.362892
2026-06-03 05:34:27 [INFO] Epoch: 25 [38400/100000 (38%)]	 Training Loss: 0.521 ACC: 72.83 CR: 0.54 Avg R1: 5.85 Avg R2: 6.50 Avg Reward: 12.356371
2026-06-03 05:34:41 [INFO] Epoch: 25 [51200/100000 (51%)]	 Training Loss: 0.541 ACC: 72.21 CR: 0.54 Avg R1: 5.83 Avg R2: 6.52 Avg Reward: 12.344492
2026-06-03 05:34:55 [INFO] Epoch: 25 [64000/100000 (64%)]	 Training Loss: 0.557 ACC: 71.68 CR: 0.55 Avg R1: 5.79 Avg R2: 6.54 Avg Reward: 12.329696
2026-06-03 05:35:08 [INFO] Epoch: 25 [76800/100000 (77%)]	 Training Loss: 0.572 ACC: 71.21 CR: 0.56 Avg R1: 5.74 Avg R2: 6.57 Avg Reward: 12.311781
2026-06-03 05:35:22 [INFO] Epoch: 25 [89600/100000 (90%)]	 Training Loss: 0.588 ACC: 70.80 CR: 0.58 Avg R1: 5.69 Avg R2: 6.60 Avg Reward: 12.290049
2026-06-03 05:35:33 [INFO] EPOCH:25, ======================CR:0.59174====================
2026-06-03 05:35:33 [INFO] 0.004858120917690647
2026-06-03 05:35:37 [INFO] EPOCH:25, ======================ACC:50.15====================
2026-06-03 05:35:37 [INFO] BEST EPOCH:21,BEST ACC:53.61
2026-06-03 05:35:51 [INFO] Epoch: 26 [12800/100000 (13%)]	 Training Loss: 0.600 ACC: 72.53 CR: 0.60 Avg R1: 5.05 Avg R2: 7.05 Avg Reward: 12.100302
2026-06-03 05:36:04 [INFO] Epoch: 26 [25600/100000 (26%)]	 Training Loss: 0.604 ACC: 72.30 CR: 0.61 Avg R1: 5.00 Avg R2: 7.08 Avg Reward: 12.084009
2026-06-03 05:36:17 [INFO] Epoch: 26 [38400/100000 (38%)]	 Training Loss: 0.621 ACC: 71.45 CR: 0.62 Avg R1: 4.95 Avg R2: 7.11 Avg Reward: 12.067099
2026-06-03 05:36:30 [INFO] Epoch: 26 [51200/100000 (51%)]	 Training Loss: 0.647 ACC: 71.20 CR: 0.64 Avg R1: 4.87 Avg R2: 7.16 Avg Reward: 12.039073
2026-06-03 05:36:44 [INFO] Epoch: 26 [64000/100000 (64%)]	 Training Loss: 0.656 ACC: 70.68 CR: 0.65 Avg R1: 4.78 Avg R2: 7.22 Avg Reward: 12.004690
2026-06-03 05:36:58 [INFO] Epoch: 26 [76800/100000 (77%)]	 Training Loss: 0.663 ACC: 70.38 CR: 0.67 Avg R1: 4.69 Avg R2: 7.28 Avg Reward: 11.972540
2026-06-03 05:37:11 [INFO] Epoch: 26 [89600/100000 (90%)]	 Training Loss: 0.674 ACC: 70.06 CR: 0.68 Avg R1: 4.61 Avg R2: 7.33 Avg Reward: 11.940159
2026-06-03 05:37:23 [INFO] EPOCH:26, ======================CR:0.69785====================
2026-06-03 05:37:23 [INFO] 0.025143859986320825
2026-06-03 05:37:26 [INFO] EPOCH:26, ======================ACC:51.72====================
2026-06-03 05:37:26 [INFO] BEST EPOCH:21,BEST ACC:53.61
2026-06-03 05:37:41 [INFO] Epoch: 27 [12800/100000 (13%)]	 Training Loss: 0.650 ACC: 72.14 CR: 0.70 Avg R1: 3.74 Avg R2: 7.91 Avg Reward: 11.650918
2026-06-03 05:37:54 [INFO] Epoch: 27 [25600/100000 (26%)]	 Training Loss: 0.643 ACC: 72.29 CR: 0.71 Avg R1: 3.71 Avg R2: 7.93 Avg Reward: 11.636787
2026-06-03 05:38:08 [INFO] Epoch: 27 [38400/100000 (38%)]	 Training Loss: 0.654 ACC: 71.82 CR: 0.71 Avg R1: 3.67 Avg R2: 7.95 Avg Reward: 11.621361
2026-06-03 05:38:22 [INFO] Epoch: 27 [51200/100000 (51%)]	 Training Loss: 0.667 ACC: 71.40 CR: 0.72 Avg R1: 3.63 Avg R2: 7.97 Avg Reward: 11.603434
2026-06-03 05:38:36 [INFO] Epoch: 27 [64000/100000 (64%)]	 Training Loss: 0.680 ACC: 71.09 CR: 0.73 Avg R1: 3.58 Avg R2: 8.00 Avg Reward: 11.581414
2026-06-03 05:38:50 [INFO] Epoch: 27 [76800/100000 (77%)]	 Training Loss: 0.698 ACC: 70.58 CR: 0.75 Avg R1: 3.52 Avg R2: 8.03 Avg Reward: 11.556405
2026-06-03 05:39:04 [INFO] Epoch: 27 [89600/100000 (90%)]	 Training Loss: 0.703 ACC: 70.29 CR: 0.75 Avg R1: 3.47 Avg R2: 8.07 Avg Reward: 11.531992
2026-06-03 05:39:15 [INFO] EPOCH:27, ======================CR:0.75877====================
2026-06-03 05:39:15 [INFO] 0.034210945003449504
2026-06-03 05:39:18 [INFO] EPOCH:27, ======================ACC:50.11====================
2026-06-03 05:39:18 [INFO] BEST EPOCH:21,BEST ACC:53.61
2026-06-03 05:39:33 [INFO] Epoch: 28 [12800/100000 (13%)]	 Training Loss: 0.591 ACC: 74.54 CR: 0.76 Avg R1: 3.02 Avg R2: 8.34 Avg Reward: 11.365247
2026-06-03 05:39:47 [INFO] Epoch: 28 [25600/100000 (26%)]	 Training Loss: 0.577 ACC: 74.48 CR: 0.75 Avg R1: 3.07 Avg R2: 8.32 Avg Reward: 11.384968
2026-06-03 05:40:00 [INFO] Epoch: 28 [38400/100000 (38%)]	 Training Loss: 0.575 ACC: 74.39 CR: 0.74 Avg R1: 3.13 Avg R2: 8.28 Avg Reward: 11.407307
2026-06-03 05:40:14 [INFO] Epoch: 28 [51200/100000 (51%)]	 Training Loss: 0.577 ACC: 74.11 CR: 0.72 Avg R1: 3.19 Avg R2: 8.24 Avg Reward: 11.429613
2026-06-03 05:40:28 [INFO] Epoch: 28 [64000/100000 (64%)]	 Training Loss: 0.581 ACC: 73.83 CR: 0.71 Avg R1: 3.25 Avg R2: 8.20 Avg Reward: 11.452110
2026-06-03 05:40:41 [INFO] Epoch: 28 [76800/100000 (77%)]	 Training Loss: 0.584 ACC: 73.53 CR: 0.70 Avg R1: 3.32 Avg R2: 8.16 Avg Reward: 11.475851
2026-06-03 05:40:55 [INFO] Epoch: 28 [89600/100000 (90%)]	 Training Loss: 0.579 ACC: 73.28 CR: 0.67 Avg R1: 3.40 Avg R2: 8.10 Avg Reward: 11.506905
2026-06-03 05:41:06 [INFO] EPOCH:28, ======================CR:0.65306====================
2026-06-03 05:41:06 [INFO] 0.019189534469237046
2026-06-03 05:41:10 [INFO] EPOCH:28, ======================ACC:52.09====================
2026-06-03 05:41:10 [INFO] BEST EPOCH:21,BEST ACC:53.61
2026-06-03 05:41:24 [INFO] Epoch: 29 [12800/100000 (13%)]	 Training Loss: 0.421 ACC: 78.32 CR: 0.64 Avg R1: 4.43 Avg R2: 7.50 Avg Reward: 11.925292
2026-06-03 05:41:37 [INFO] Epoch: 29 [25600/100000 (26%)]	 Training Loss: 0.431 ACC: 77.95 CR: 0.63 Avg R1: 4.50 Avg R2: 7.45 Avg Reward: 11.951096
2026-06-03 05:41:51 [INFO] Epoch: 29 [38400/100000 (38%)]	 Training Loss: 0.439 ACC: 77.72 CR: 0.62 Avg R1: 4.56 Avg R2: 7.41 Avg Reward: 11.973391
2026-06-03 05:42:05 [INFO] Epoch: 29 [51200/100000 (51%)]	 Training Loss: 0.448 ACC: 77.22 CR: 0.61 Avg R1: 4.62 Avg R2: 7.38 Avg Reward: 11.994220
2026-06-03 05:42:18 [INFO] Epoch: 29 [64000/100000 (64%)]	 Training Loss: 0.461 ACC: 76.75 CR: 0.61 Avg R1: 4.67 Avg R2: 7.35 Avg Reward: 12.014270
2026-06-03 05:42:32 [INFO] Epoch: 29 [76800/100000 (77%)]	 Training Loss: 0.480 ACC: 76.20 CR: 0.61 Avg R1: 4.71 Avg R2: 7.32 Avg Reward: 12.029221
2026-06-03 05:42:46 [INFO] Epoch: 29 [89600/100000 (90%)]	 Training Loss: 0.499 ACC: 75.53 CR: 0.61 Avg R1: 4.73 Avg R2: 7.31 Avg Reward: 12.038400
2026-06-03 05:42:57 [INFO] EPOCH:29, ======================CR:0.61928====================
2026-06-03 05:42:57 [INFO] 0.022352687458571933
2026-06-03 05:43:01 [INFO] EPOCH:29, ======================ACC:52.02====================
2026-06-03 05:43:01 [INFO] BEST EPOCH:21,BEST ACC:53.61
2026-06-03 05:43:15 [INFO] Epoch: 30 [12800/100000 (13%)]	 Training Loss: 0.443 ACC: 80.41 CR: 0.63 Avg R1: 4.68 Avg R2: 7.43 Avg Reward: 12.116108
2026-06-03 05:43:29 [INFO] Epoch: 30 [25600/100000 (26%)]	 Training Loss: 0.402 ACC: 82.42 CR: 0.64 Avg R1: 4.62 Avg R2: 7.47 Avg Reward: 12.095139
2026-06-03 05:43:42 [INFO] Epoch: 30 [38400/100000 (38%)]	 Training Loss: 0.385 ACC: 83.31 CR: 0.65 Avg R1: 4.56 Avg R2: 7.51 Avg Reward: 12.073056
2026-06-03 05:43:56 [INFO] Epoch: 30 [51200/100000 (51%)]	 Training Loss: 0.370 ACC: 84.07 CR: 0.66 Avg R1: 4.50 Avg R2: 7.55 Avg Reward: 12.051383
2026-06-03 05:44:10 [INFO] Epoch: 30 [64000/100000 (64%)]	 Training Loss: 0.360 ACC: 84.56 CR: 0.67 Avg R1: 4.44 Avg R2: 7.59 Avg Reward: 12.030855
2026-06-03 05:44:23 [INFO] Epoch: 30 [76800/100000 (77%)]	 Training Loss: 0.352 ACC: 84.95 CR: 0.68 Avg R1: 4.39 Avg R2: 7.63 Avg Reward: 12.010894
2026-06-03 05:44:37 [INFO] Epoch: 30 [89600/100000 (90%)]	 Training Loss: 0.349 ACC: 85.23 CR: 0.69 Avg R1: 4.32 Avg R2: 7.67 Avg Reward: 11.988117
2026-06-03 05:44:48 [INFO] EPOCH:30, ======================CR:0.71038====================
2026-06-03 05:44:48 [INFO] 0.034530829902782945
2026-06-03 05:44:52 [INFO] EPOCH:30, ======================ACC:61.68====================
2026-06-03 05:44:52 [INFO] BEST EPOCH:30,BEST ACC:61.68
2026-06-03 05:45:06 [INFO] Epoch: 31 [12800/100000 (13%)]	 Training Loss: 0.275 ACC: 88.79 CR: 0.71 Avg R1: 3.62 Avg R2: 8.01 Avg Reward: 11.638311
2026-06-03 05:45:20 [INFO] Epoch: 31 [25600/100000 (26%)]	 Training Loss: 0.273 ACC: 88.68 CR: 0.70 Avg R1: 3.66 Avg R2: 7.99 Avg Reward: 11.651352
2026-06-03 05:45:33 [INFO] Epoch: 31 [38400/100000 (38%)]	 Training Loss: 0.271 ACC: 88.67 CR: 0.69 Avg R1: 3.70 Avg R2: 7.96 Avg Reward: 11.665493
2026-06-03 05:45:47 [INFO] Epoch: 31 [51200/100000 (51%)]	 Training Loss: 0.268 ACC: 88.83 CR: 0.69 Avg R1: 3.74 Avg R2: 7.94 Avg Reward: 11.678444
2026-06-03 05:46:01 [INFO] Epoch: 31 [64000/100000 (64%)]	 Training Loss: 0.266 ACC: 88.89 CR: 0.68 Avg R1: 3.78 Avg R2: 7.92 Avg Reward: 11.691433
2026-06-03 05:46:15 [INFO] Epoch: 31 [76800/100000 (77%)]	 Training Loss: 0.266 ACC: 88.96 CR: 0.68 Avg R1: 3.81 Avg R2: 7.89 Avg Reward: 11.703741
2026-06-03 05:46:28 [INFO] Epoch: 31 [89600/100000 (90%)]	 Training Loss: 0.263 ACC: 89.03 CR: 0.67 Avg R1: 3.85 Avg R2: 7.87 Avg Reward: 11.716412
2026-06-03 05:46:40 [INFO] EPOCH:31, ======================CR:0.66505====================
2026-06-03 05:46:40 [INFO] 0.030457818817923574
2026-06-03 05:46:43 [INFO] EPOCH:31, ======================ACC:61.7====================
2026-06-03 05:46:43 [INFO] BEST EPOCH:31,BEST ACC:61.7
2026-06-03 05:46:58 [INFO] Epoch: 32 [12800/100000 (13%)]	 Training Loss: 0.215 ACC: 90.56 CR: 0.66 Avg R1: 4.22 Avg R2: 7.65 Avg Reward: 11.870186
2026-06-03 05:47:11 [INFO] Epoch: 32 [25600/100000 (26%)]	 Training Loss: 0.219 ACC: 90.49 CR: 0.65 Avg R1: 4.26 Avg R2: 7.63 Avg Reward: 11.884335
2026-06-03 05:47:25 [INFO] Epoch: 32 [38400/100000 (38%)]	 Training Loss: 0.219 ACC: 90.60 CR: 0.65 Avg R1: 4.29 Avg R2: 7.61 Avg Reward: 11.897803
2026-06-03 05:47:39 [INFO] Epoch: 32 [51200/100000 (51%)]	 Training Loss: 0.218 ACC: 90.64 CR: 0.64 Avg R1: 4.34 Avg R2: 7.58 Avg Reward: 11.913469
2026-06-03 05:47:53 [INFO] Epoch: 32 [64000/100000 (64%)]	 Training Loss: 0.218 ACC: 90.62 CR: 0.63 Avg R1: 4.39 Avg R2: 7.55 Avg Reward: 11.931382
2026-06-03 05:48:07 [INFO] Epoch: 32 [76800/100000 (77%)]	 Training Loss: 0.218 ACC: 90.59 CR: 0.62 Avg R1: 4.44 Avg R2: 7.51 Avg Reward: 11.949947
2026-06-03 05:48:20 [INFO] Epoch: 32 [89600/100000 (90%)]	 Training Loss: 0.219 ACC: 90.59 CR: 0.62 Avg R1: 4.48 Avg R2: 7.48 Avg Reward: 11.966170
2026-06-03 05:48:32 [INFO] EPOCH:32, ======================CR:0.6173====================
2026-06-03 05:48:32 [INFO] 0.01965602867631593
2026-06-03 05:48:36 [INFO] EPOCH:32, ======================ACC:61.6====================
2026-06-03 05:48:36 [INFO] BEST EPOCH:31,BEST ACC:61.7
2026-06-03 05:48:50 [INFO] Epoch: 33 [12800/100000 (13%)]	 Training Loss: 0.208 ACC: 91.84 CR: 0.62 Avg R1: 4.76 Avg R2: 7.34 Avg Reward: 12.102323
2026-06-03 05:49:04 [INFO] Epoch: 33 [25600/100000 (26%)]	 Training Loss: 0.213 ACC: 91.75 CR: 0.63 Avg R1: 4.71 Avg R2: 7.37 Avg Reward: 12.084874
2026-06-03 05:49:18 [INFO] Epoch: 33 [38400/100000 (38%)]	 Training Loss: 0.213 ACC: 91.71 CR: 0.64 Avg R1: 4.66 Avg R2: 7.40 Avg Reward: 12.064343
2026-06-03 05:49:32 [INFO] Epoch: 33 [51200/100000 (51%)]	 Training Loss: 0.216 ACC: 91.58 CR: 0.65 Avg R1: 4.61 Avg R2: 7.43 Avg Reward: 12.044559
2026-06-03 05:49:46 [INFO] Epoch: 33 [64000/100000 (64%)]	 Training Loss: 0.217 ACC: 91.47 CR: 0.66 Avg R1: 4.55 Avg R2: 7.47 Avg Reward: 12.021925
2026-06-03 05:49:59 [INFO] Epoch: 33 [76800/100000 (77%)]	 Training Loss: 0.217 ACC: 91.45 CR: 0.67 Avg R1: 4.49 Avg R2: 7.51 Avg Reward: 12.000475
2026-06-03 05:50:13 [INFO] Epoch: 33 [89600/100000 (90%)]	 Training Loss: 0.218 ACC: 91.46 CR: 0.68 Avg R1: 4.43 Avg R2: 7.55 Avg Reward: 11.978245
2026-06-03 05:50:25 [INFO] EPOCH:33, ======================CR:0.68269====================
2026-06-03 05:50:25 [INFO] 0.029949019642814257
2026-06-03 05:50:28 [INFO] EPOCH:33, ======================ACC:61.42====================
2026-06-03 05:50:28 [INFO] BEST EPOCH:31,BEST ACC:61.7
2026-06-03 05:50:43 [INFO] Epoch: 34 [12800/100000 (13%)]	 Training Loss: 0.186 ACC: 92.48 CR: 0.67 Avg R1: 4.02 Avg R2: 7.84 Avg Reward: 11.865353
2026-06-03 05:50:57 [INFO] Epoch: 34 [25600/100000 (26%)]	 Training Loss: 0.189 ACC: 92.34 CR: 0.66 Avg R1: 4.08 Avg R2: 7.81 Avg Reward: 11.884920
2026-06-03 05:51:10 [INFO] Epoch: 34 [38400/100000 (38%)]	 Training Loss: 0.189 ACC: 92.28 CR: 0.66 Avg R1: 4.13 Avg R2: 7.77 Avg Reward: 11.905446
2026-06-03 05:51:24 [INFO] Epoch: 34 [51200/100000 (51%)]	 Training Loss: 0.187 ACC: 92.42 CR: 0.65 Avg R1: 4.19 Avg R2: 7.74 Avg Reward: 11.924159
2026-06-03 05:51:38 [INFO] Epoch: 34 [64000/100000 (64%)]	 Training Loss: 0.186 ACC: 92.42 CR: 0.64 Avg R1: 4.24 Avg R2: 7.70 Avg Reward: 11.944717
2026-06-03 05:51:52 [INFO] Epoch: 34 [76800/100000 (77%)]	 Training Loss: 0.186 ACC: 92.38 CR: 0.62 Avg R1: 4.31 Avg R2: 7.66 Avg Reward: 11.968233
2026-06-03 05:52:06 [INFO] Epoch: 34 [89600/100000 (90%)]	 Training Loss: 0.186 ACC: 92.34 CR: 0.61 Avg R1: 4.37 Avg R2: 7.62 Avg Reward: 11.992019
2026-06-03 05:52:18 [INFO] EPOCH:34, ======================CR:0.6075====================
2026-06-03 05:52:18 [INFO] 0.014816475829084479
2026-06-03 05:52:21 [INFO] EPOCH:34, ======================ACC:61.8====================
2026-06-03 05:52:21 [INFO] BEST EPOCH:34,BEST ACC:61.8
2026-06-03 05:52:36 [INFO] Epoch: 35 [12800/100000 (13%)]	 Training Loss: 0.172 ACC: 92.85 CR: 0.61 Avg R1: 4.90 Avg R2: 7.31 Avg Reward: 12.212514
2026-06-03 05:52:49 [INFO] Epoch: 35 [25600/100000 (26%)]	 Training Loss: 0.168 ACC: 92.91 CR: 0.60 Avg R1: 4.92 Avg R2: 7.30 Avg Reward: 12.221465
2026-06-03 05:53:03 [INFO] Epoch: 35 [38400/100000 (38%)]	 Training Loss: 0.169 ACC: 92.93 CR: 0.60 Avg R1: 4.95 Avg R2: 7.28 Avg Reward: 12.230487
2026-06-03 05:53:17 [INFO] Epoch: 35 [51200/100000 (51%)]	 Training Loss: 0.169 ACC: 92.79 CR: 0.59 Avg R1: 4.98 Avg R2: 7.26 Avg Reward: 12.240814
2026-06-03 05:53:31 [INFO] Epoch: 35 [64000/100000 (64%)]	 Training Loss: 0.168 ACC: 92.86 CR: 0.59 Avg R1: 5.01 Avg R2: 7.24 Avg Reward: 12.250753
2026-06-03 05:53:45 [INFO] Epoch: 35 [76800/100000 (77%)]	 Training Loss: 0.167 ACC: 92.84 CR: 0.58 Avg R1: 5.04 Avg R2: 7.22 Avg Reward: 12.262426
2026-06-03 05:53:59 [INFO] Epoch: 35 [89600/100000 (90%)]	 Training Loss: 0.167 ACC: 92.90 CR: 0.57 Avg R1: 5.08 Avg R2: 7.20 Avg Reward: 12.274888
2026-06-03 05:54:10 [INFO] EPOCH:35, ======================CR:0.56628====================
2026-06-03 05:54:10 [INFO] 0.013039632955982827
2026-06-03 05:54:13 [INFO] EPOCH:35, ======================ACC:61.45====================
2026-06-03 05:54:13 [INFO] BEST EPOCH:34,BEST ACC:61.8
2026-06-03 05:54:28 [INFO] Epoch: 36 [12800/100000 (13%)]	 Training Loss: 0.149 ACC: 94.02 CR: 0.56 Avg R1: 5.44 Avg R2: 6.98 Avg Reward: 12.421579
2026-06-03 05:54:42 [INFO] Epoch: 36 [25600/100000 (26%)]	 Training Loss: 0.148 ACC: 93.87 CR: 0.56 Avg R1: 5.47 Avg R2: 6.97 Avg Reward: 12.434654
2026-06-03 05:54:55 [INFO] Epoch: 36 [38400/100000 (38%)]	 Training Loss: 0.149 ACC: 93.81 CR: 0.56 Avg R1: 5.49 Avg R2: 6.95 Avg Reward: 12.444469
2026-06-03 05:55:09 [INFO] Epoch: 36 [51200/100000 (51%)]	 Training Loss: 0.152 ACC: 93.71 CR: 0.56 Avg R1: 5.51 Avg R2: 6.94 Avg Reward: 12.450782
2026-06-03 05:55:23 [INFO] Epoch: 36 [64000/100000 (64%)]	 Training Loss: 0.153 ACC: 93.60 CR: 0.55 Avg R1: 5.52 Avg R2: 6.94 Avg Reward: 12.454862
2026-06-03 05:55:37 [INFO] Epoch: 36 [76800/100000 (77%)]	 Training Loss: 0.155 ACC: 93.54 CR: 0.56 Avg R1: 5.53 Avg R2: 6.93 Avg Reward: 12.458090
2026-06-03 05:55:51 [INFO] Epoch: 36 [89600/100000 (90%)]	 Training Loss: 0.155 ACC: 93.54 CR: 0.56 Avg R1: 5.53 Avg R2: 6.93 Avg Reward: 12.460367
2026-06-03 05:56:02 [INFO] EPOCH:36, ======================CR:0.55822====================
2026-06-03 05:56:02 [INFO] 0.008706209882137128
2026-06-03 05:56:05 [INFO] EPOCH:36, ======================ACC:61.67====================
2026-06-03 05:56:05 [INFO] BEST EPOCH:34,BEST ACC:61.8
2026-06-03 05:56:20 [INFO] Epoch: 37 [12800/100000 (13%)]	 Training Loss: 0.151 ACC: 94.10 CR: 0.56 Avg R1: 5.50 Avg R2: 6.99 Avg Reward: 12.486882
2026-06-03 05:56:34 [INFO] Epoch: 37 [25600/100000 (26%)]	 Training Loss: 0.150 ACC: 93.91 CR: 0.57 Avg R1: 5.47 Avg R2: 7.00 Avg Reward: 12.473710
2026-06-03 05:56:47 [INFO] Epoch: 37 [38400/100000 (38%)]	 Training Loss: 0.151 ACC: 93.91 CR: 0.57 Avg R1: 5.45 Avg R2: 7.01 Avg Reward: 12.466525
2026-06-03 05:57:01 [INFO] Epoch: 37 [51200/100000 (51%)]	 Training Loss: 0.153 ACC: 93.81 CR: 0.57 Avg R1: 5.43 Avg R2: 7.03 Avg Reward: 12.459252
2026-06-03 05:57:15 [INFO] Epoch: 37 [64000/100000 (64%)]	 Training Loss: 0.153 ACC: 93.82 CR: 0.58 Avg R1: 5.41 Avg R2: 7.05 Avg Reward: 12.451454
2026-06-03 05:57:29 [INFO] Epoch: 37 [76800/100000 (77%)]	 Training Loss: 0.153 ACC: 93.86 CR: 0.58 Avg R1: 5.38 Avg R2: 7.06 Avg Reward: 12.443223
2026-06-03 05:57:38 [INFO] Epoch: 37 [89600/100000 (90%)]	 Training Loss: 0.154 ACC: 93.88 CR: 0.59 Avg R1: 5.35 Avg R2: 7.08 Avg Reward: 12.433061
2026-06-03 05:57:48 [INFO] EPOCH:37, ======================CR:0.60147====================
2026-06-03 05:57:48 [INFO] 0.02088542628855304
2026-06-03 05:57:51 [INFO] EPOCH:37, ======================ACC:61.7====================
2026-06-03 05:57:51 [INFO] BEST EPOCH:34,BEST ACC:61.8
2026-06-03 05:58:03 [INFO] Epoch: 38 [12800/100000 (13%)]	 Training Loss: 0.154 ACC: 94.69 CR: 0.61 Avg R1: 4.92 Avg R2: 7.38 Avg Reward: 12.301711
2026-06-03 05:58:15 [INFO] Epoch: 38 [25600/100000 (26%)]	 Training Loss: 0.156 ACC: 94.56 CR: 0.62 Avg R1: 4.87 Avg R2: 7.41 Avg Reward: 12.283604
2026-06-03 05:58:26 [INFO] Epoch: 38 [38400/100000 (38%)]	 Training Loss: 0.158 ACC: 94.44 CR: 0.63 Avg R1: 4.80 Avg R2: 7.46 Avg Reward: 12.259259
2026-06-03 05:58:37 [INFO] Epoch: 38 [51200/100000 (51%)]	 Training Loss: 0.157 ACC: 94.42 CR: 0.64 Avg R1: 4.75 Avg R2: 7.49 Avg Reward: 12.237138
2026-06-03 05:58:48 [INFO] Epoch: 38 [64000/100000 (64%)]	 Training Loss: 0.158 ACC: 94.30 CR: 0.65 Avg R1: 4.69 Avg R2: 7.53 Avg Reward: 12.215698
2026-06-03 05:59:02 [INFO] Epoch: 38 [76800/100000 (77%)]	 Training Loss: 0.158 ACC: 94.33 CR: 0.66 Avg R1: 4.63 Avg R2: 7.56 Avg Reward: 12.193215
2026-06-03 05:59:16 [INFO] Epoch: 38 [89600/100000 (90%)]	 Training Loss: 0.159 ACC: 94.29 CR: 0.67 Avg R1: 4.57 Avg R2: 7.60 Avg Reward: 12.170985
2026-06-03 05:59:27 [INFO] EPOCH:38, ======================CR:0.6808====================
2026-06-03 05:59:27 [INFO] 0.030705719936448238
2026-06-03 05:59:31 [INFO] EPOCH:38, ======================ACC:61.45====================
2026-06-03 05:59:31 [INFO] BEST EPOCH:34,BEST ACC:61.8
2026-06-03 05:59:45 [INFO] Epoch: 39 [12800/100000 (13%)]	 Training Loss: 0.163 ACC: 94.59 CR: 0.69 Avg R1: 3.93 Avg R2: 8.05 Avg Reward: 11.982036
2026-06-03 05:59:59 [INFO] Epoch: 39 [25600/100000 (26%)]	 Training Loss: 0.165 ACC: 94.61 CR: 0.71 Avg R1: 3.84 Avg R2: 8.11 Avg Reward: 11.955456
2026-06-03 06:00:12 [INFO] Epoch: 39 [38400/100000 (38%)]	 Training Loss: 0.168 ACC: 94.59 CR: 0.73 Avg R1: 3.73 Avg R2: 8.19 Avg Reward: 11.921910
2026-06-03 06:00:26 [INFO] Epoch: 39 [51200/100000 (51%)]	 Training Loss: 0.168 ACC: 94.68 CR: 0.75 Avg R1: 3.61 Avg R2: 8.27 Avg Reward: 11.885390
2026-06-03 06:00:40 [INFO] Epoch: 39 [64000/100000 (64%)]	 Training Loss: 0.170 ACC: 94.63 CR: 0.77 Avg R1: 3.50 Avg R2: 8.35 Avg Reward: 11.849550
2026-06-03 06:00:54 [INFO] Epoch: 39 [76800/100000 (77%)]	 Training Loss: 0.172 ACC: 94.62 CR: 0.79 Avg R1: 3.38 Avg R2: 8.44 Avg Reward: 11.814634
2026-06-03 06:01:08 [INFO] Epoch: 39 [89600/100000 (90%)]	 Training Loss: 0.178 ACC: 94.59 CR: 0.82 Avg R1: 3.24 Avg R2: 8.53 Avg Reward: 11.776367
2026-06-03 06:01:19 [INFO] EPOCH:39, ======================CR:0.8524====================
2026-06-03 06:01:19 [INFO] 0.043294954103105084
2026-06-03 06:01:23 [INFO] EPOCH:39, ======================ACC:61.25====================
2026-06-03 06:01:23 [INFO] BEST EPOCH:34,BEST ACC:61.8
2026-06-03 06:01:37 [INFO] Epoch: 40 [12800/100000 (13%)]	 Training Loss: 0.185 ACC: 95.41 CR: 0.87 Avg R1: 1.76 Avg R2: 9.71 Avg Reward: 11.467965
2026-06-03 06:01:51 [INFO] Epoch: 40 [25600/100000 (26%)]	 Training Loss: 0.187 ACC: 95.30 CR: 0.88 Avg R1: 1.67 Avg R2: 9.79 Avg Reward: 11.457843
2026-06-03 06:02:05 [INFO] Epoch: 40 [38400/100000 (38%)]	 Training Loss: 0.189 ACC: 95.17 CR: 0.89 Avg R1: 1.58 Avg R2: 9.86 Avg Reward: 11.446076
2026-06-03 06:02:19 [INFO] Epoch: 40 [51200/100000 (51%)]	 Training Loss: 0.189 ACC: 95.13 CR: 0.91 Avg R1: 1.50 Avg R2: 9.93 Avg Reward: 11.434934
2026-06-03 06:02:33 [INFO] Epoch: 40 [64000/100000 (64%)]	 Training Loss: 0.192 ACC: 95.02 CR: 0.92 Avg R1: 1.42 Avg R2: 10.01 Avg Reward: 11.426624
2026-06-03 06:02:46 [INFO] Epoch: 40 [76800/100000 (77%)]	 Training Loss: 0.194 ACC: 94.98 CR: 0.94 Avg R1: 1.33 Avg R2: 10.09 Avg Reward: 11.420898
2026-06-03 06:03:00 [INFO] Epoch: 40 [89600/100000 (90%)]	 Training Loss: 0.195 ACC: 94.94 CR: 0.95 Avg R1: 1.23 Avg R2: 10.18 Avg Reward: 11.415921
2026-06-03 06:03:11 [INFO] EPOCH:40, ======================CR:0.96327====================
2026-06-03 06:03:11 [INFO] 0.043317618999120566
2026-06-03 06:03:15 [INFO] EPOCH:40, ======================ACC:61.48====================
2026-06-03 06:03:15 [INFO] BEST EPOCH:34,BEST ACC:61.8
2026-06-03 06:03:30 [INFO] Epoch: 41 [12800/100000 (13%)]	 Training Loss: 0.171 ACC: 95.70 CR: 0.96 Avg R1: 0.47 Avg R2: 10.97 Avg Reward: 11.440511
2026-06-03 06:03:44 [INFO] Epoch: 41 [25600/100000 (26%)]	 Training Loss: 0.172 ACC: 95.52 CR: 0.95 Avg R1: 0.50 Avg R2: 10.93 Avg Reward: 11.433416
2026-06-03 06:03:57 [INFO] Epoch: 41 [38400/100000 (38%)]	 Training Loss: 0.170 ACC: 95.63 CR: 0.95 Avg R1: 0.54 Avg R2: 10.89 Avg Reward: 11.427829
2026-06-03 06:04:11 [INFO] Epoch: 41 [51200/100000 (51%)]	 Training Loss: 0.169 ACC: 95.60 CR: 0.94 Avg R1: 0.58 Avg R2: 10.85 Avg Reward: 11.423279
2026-06-03 06:04:25 [INFO] Epoch: 41 [64000/100000 (64%)]	 Training Loss: 0.171 ACC: 95.51 CR: 0.93 Avg R1: 0.62 Avg R2: 10.80 Avg Reward: 11.419301
2026-06-03 06:04:39 [INFO] Epoch: 41 [76800/100000 (77%)]	 Training Loss: 0.170 ACC: 95.51 CR: 0.93 Avg R1: 0.66 Avg R2: 10.76 Avg Reward: 11.416120
2026-06-03 06:04:53 [INFO] Epoch: 41 [89600/100000 (90%)]	 Training Loss: 0.170 ACC: 95.48 CR: 0.92 Avg R1: 0.70 Avg R2: 10.72 Avg Reward: 11.413940
2026-06-03 06:05:04 [INFO] EPOCH:41, ======================CR:0.92069====================
2026-06-03 06:05:04 [INFO] 0.04845827567183351
2026-06-03 06:05:08 [INFO] EPOCH:41, ======================ACC:61.46====================
2026-06-03 06:05:08 [INFO] BEST EPOCH:34,BEST ACC:61.8
2026-06-03 06:05:22 [INFO] Epoch: 42 [12800/100000 (13%)]	 Training Loss: 0.161 ACC: 96.10 CR: 0.93 Avg R1: 0.96 Avg R2: 10.49 Avg Reward: 11.447441
2026-06-03 06:05:36 [INFO] Epoch: 42 [25600/100000 (26%)]	 Training Loss: 0.162 ACC: 96.13 CR: 0.93 Avg R1: 0.92 Avg R2: 10.54 Avg Reward: 11.455484
2026-06-03 06:05:49 [INFO] Epoch: 42 [38400/100000 (38%)]	 Training Loss: 0.165 ACC: 95.93 CR: 0.94 Avg R1: 0.87 Avg R2: 10.59 Avg Reward: 11.464764
2026-06-03 06:06:03 [INFO] Epoch: 42 [51200/100000 (51%)]	 Training Loss: 0.166 ACC: 95.93 CR: 0.95 Avg R1: 0.83 Avg R2: 10.64 Avg Reward: 11.474240
2026-06-03 06:06:17 [INFO] Epoch: 42 [64000/100000 (64%)]	 Training Loss: 0.169 ACC: 95.88 CR: 0.96 Avg R1: 0.79 Avg R2: 10.70 Avg Reward: 11.484677
2026-06-03 06:06:31 [INFO] Epoch: 42 [76800/100000 (77%)]	 Training Loss: 0.170 ACC: 95.83 CR: 0.96 Avg R1: 0.74 Avg R2: 10.76 Avg Reward: 11.495688
2026-06-03 06:06:45 [INFO] Epoch: 42 [89600/100000 (90%)]	 Training Loss: 0.172 ACC: 95.78 CR: 0.97 Avg R1: 0.69 Avg R2: 10.81 Avg Reward: 11.506239
2026-06-03 06:06:56 [INFO] EPOCH:42, ======================CR:0.97713====================
2026-06-03 06:06:56 [INFO] 0.041334138491815775
2026-06-03 06:07:00 [INFO] EPOCH:42, ======================ACC:61.65====================
2026-06-03 06:07:00 [INFO] BEST EPOCH:34,BEST ACC:61.8
2026-06-03 06:07:15 [INFO] Epoch: 43 [12800/100000 (13%)]	 Training Loss: 0.158 ACC: 96.29 CR: 0.98 Avg R1: 0.28 Avg R2: 11.36 Avg Reward: 11.649068
2026-06-03 06:07:28 [INFO] Epoch: 43 [25600/100000 (26%)]	 Training Loss: 0.157 ACC: 96.32 CR: 0.98 Avg R1: 0.28 Avg R2: 11.37 Avg Reward: 11.649531
2026-06-03 06:07:42 [INFO] Epoch: 43 [38400/100000 (38%)]	 Training Loss: 0.159 ACC: 96.26 CR: 0.98 Avg R1: 0.28 Avg R2: 11.37 Avg Reward: 11.651859
2026-06-03 06:07:56 [INFO] Epoch: 43 [51200/100000 (51%)]	 Training Loss: 0.160 ACC: 96.20 CR: 0.98 Avg R1: 0.28 Avg R2: 11.37 Avg Reward: 11.652121
2026-06-03 06:08:10 [INFO] Epoch: 43 [64000/100000 (64%)]	 Training Loss: 0.160 ACC: 96.18 CR: 0.98 Avg R1: 0.28 Avg R2: 11.37 Avg Reward: 11.650045
2026-06-03 06:08:24 [INFO] Epoch: 43 [76800/100000 (77%)]	 Training Loss: 0.160 ACC: 96.16 CR: 0.97 Avg R1: 0.28 Avg R2: 11.36 Avg Reward: 11.646147
2026-06-03 06:08:38 [INFO] Epoch: 43 [89600/100000 (90%)]	 Training Loss: 0.159 ACC: 96.17 CR: 0.97 Avg R1: 0.29 Avg R2: 11.35 Avg Reward: 11.640401
2026-06-03 06:08:49 [INFO] EPOCH:43, ======================CR:0.96935====================
2026-06-03 06:08:49 [INFO] 0.050698343028080455
2026-06-03 06:08:52 [INFO] EPOCH:43, ======================ACC:61.14====================
2026-06-03 06:08:52 [INFO] BEST EPOCH:34,BEST ACC:61.8
2026-06-03 06:09:07 [INFO] Epoch: 44 [12800/100000 (13%)]	 Training Loss: 0.141 ACC: 96.77 CR: 0.97 Avg R1: 0.38 Avg R2: 11.27 Avg Reward: 11.648981
2026-06-03 06:09:20 [INFO] Epoch: 44 [25600/100000 (26%)]	 Training Loss: 0.144 ACC: 96.79 CR: 0.97 Avg R1: 0.37 Avg R2: 11.28 Avg Reward: 11.655043
2026-06-03 06:09:34 [INFO] Epoch: 44 [38400/100000 (38%)]	 Training Loss: 0.146 ACC: 96.71 CR: 0.97 Avg R1: 0.36 Avg R2: 11.30 Avg Reward: 11.663411
2026-06-03 06:09:48 [INFO] Epoch: 44 [51200/100000 (51%)]	 Training Loss: 0.148 ACC: 96.66 CR: 0.98 Avg R1: 0.35 Avg R2: 11.33 Avg Reward: 11.671822
2026-06-03 06:10:02 [INFO] Epoch: 44 [64000/100000 (64%)]	 Training Loss: 0.150 ACC: 96.62 CR: 0.98 Avg R1: 0.33 Avg R2: 11.35 Avg Reward: 11.681000
2026-06-03 06:10:15 [INFO] Epoch: 44 [76800/100000 (77%)]	 Training Loss: 0.150 ACC: 96.55 CR: 0.98 Avg R1: 0.32 Avg R2: 11.36 Avg Reward: 11.688520
2026-06-03 06:10:29 [INFO] Epoch: 44 [89600/100000 (90%)]	 Training Loss: 0.150 ACC: 96.49 CR: 0.98 Avg R1: 0.32 Avg R2: 11.37 Avg Reward: 11.692584
2026-06-03 06:10:40 [INFO] EPOCH:44, ======================CR:0.97421====================
2026-06-03 06:10:40 [INFO] 0.04708839799704836
2026-06-03 06:10:44 [INFO] EPOCH:44, ======================ACC:61.33====================
2026-06-03 06:10:44 [INFO] BEST EPOCH:34,BEST ACC:61.8
2026-06-03 06:10:58 [INFO] Epoch: 45 [12800/100000 (13%)]	 Training Loss: 0.132 ACC: 97.18 CR: 0.97 Avg R1: 0.33 Avg R2: 11.43 Avg Reward: 11.763873
2026-06-03 06:11:12 [INFO] Epoch: 45 [25600/100000 (26%)]	 Training Loss: 0.131 ACC: 97.26 CR: 0.97 Avg R1: 0.33 Avg R2: 11.43 Avg Reward: 11.763455
2026-06-03 06:11:26 [INFO] Epoch: 45 [38400/100000 (38%)]	 Training Loss: 0.134 ACC: 97.12 CR: 0.97 Avg R1: 0.33 Avg R2: 11.43 Avg Reward: 11.762444
2026-06-03 06:11:39 [INFO] Epoch: 45 [51200/100000 (51%)]	 Training Loss: 0.136 ACC: 96.97 CR: 0.97 Avg R1: 0.33 Avg R2: 11.43 Avg Reward: 11.761403
2026-06-03 06:11:53 [INFO] Epoch: 45 [64000/100000 (64%)]	 Training Loss: 0.136 ACC: 96.92 CR: 0.97 Avg R1: 0.34 Avg R2: 11.42 Avg Reward: 11.759044
2026-06-03 06:12:07 [INFO] Epoch: 45 [76800/100000 (77%)]	 Training Loss: 0.136 ACC: 96.87 CR: 0.97 Avg R1: 0.34 Avg R2: 11.41 Avg Reward: 11.755105
2026-06-03 06:12:21 [INFO] Epoch: 45 [89600/100000 (90%)]	 Training Loss: 0.136 ACC: 96.85 CR: 0.97 Avg R1: 0.35 Avg R2: 11.40 Avg Reward: 11.749136
2026-06-03 06:12:32 [INFO] EPOCH:45, ======================CR:0.96336====================
2026-06-03 06:12:32 [INFO] 0.050097122260347966
2026-06-03 06:12:36 [INFO] EPOCH:45, ======================ACC:61.36====================
2026-06-03 06:12:36 [INFO] BEST EPOCH:34,BEST ACC:61.8
2026-06-03 06:12:51 [INFO] Epoch: 46 [12800/100000 (13%)]	 Training Loss: 0.123 ACC: 97.38 CR: 0.96 Avg R1: 0.46 Avg R2: 11.29 Avg Reward: 11.745129
2026-06-03 06:13:04 [INFO] Epoch: 46 [25600/100000 (26%)]	 Training Loss: 0.127 ACC: 97.17 CR: 0.97 Avg R1: 0.45 Avg R2: 11.30 Avg Reward: 11.748924
2026-06-03 06:13:18 [INFO] Epoch: 46 [38400/100000 (38%)]	 Training Loss: 0.127 ACC: 97.23 CR: 0.97 Avg R1: 0.44 Avg R2: 11.32 Avg Reward: 11.755240
2026-06-03 06:13:31 [INFO] Epoch: 46 [51200/100000 (51%)]	 Training Loss: 0.128 ACC: 97.22 CR: 0.97 Avg R1: 0.43 Avg R2: 11.33 Avg Reward: 11.762509
2026-06-03 06:13:45 [INFO] Epoch: 46 [64000/100000 (64%)]	 Training Loss: 0.129 ACC: 97.20 CR: 0.97 Avg R1: 0.42 Avg R2: 11.35 Avg Reward: 11.768672
2026-06-03 06:13:58 [INFO] Epoch: 46 [76800/100000 (77%)]	 Training Loss: 0.129 ACC: 97.16 CR: 0.97 Avg R1: 0.41 Avg R2: 11.36 Avg Reward: 11.772294
2026-06-03 06:14:12 [INFO] Epoch: 46 [89600/100000 (90%)]	 Training Loss: 0.129 ACC: 97.14 CR: 0.97 Avg R1: 0.41 Avg R2: 11.36 Avg Reward: 11.774251
2026-06-03 06:14:23 [INFO] EPOCH:46, ======================CR:0.96896====================
2026-06-03 06:14:23 [INFO] 0.05132386781997973
2026-06-03 06:14:27 [INFO] EPOCH:46, ======================ACC:61.2====================
2026-06-03 06:14:27 [INFO] BEST EPOCH:34,BEST ACC:61.8
2026-06-03 06:14:41 [INFO] Epoch: 47 [12800/100000 (13%)]	 Training Loss: 0.118 ACC: 97.60 CR: 0.97 Avg R1: 0.38 Avg R2: 11.46 Avg Reward: 11.839620
2026-06-03 06:14:54 [INFO] Epoch: 47 [25600/100000 (26%)]	 Training Loss: 0.122 ACC: 97.32 CR: 0.97 Avg R1: 0.37 Avg R2: 11.47 Avg Reward: 11.841237
2026-06-03 06:15:08 [INFO] Epoch: 47 [38400/100000 (38%)]	 Training Loss: 0.122 ACC: 97.34 CR: 0.97 Avg R1: 0.37 Avg R2: 11.47 Avg Reward: 11.842408
2026-06-03 06:15:21 [INFO] Epoch: 47 [51200/100000 (51%)]	 Training Loss: 0.122 ACC: 97.33 CR: 0.97 Avg R1: 0.36 Avg R2: 11.48 Avg Reward: 11.843320
2026-06-03 06:15:35 [INFO] Epoch: 47 [64000/100000 (64%)]	 Training Loss: 0.123 ACC: 97.30 CR: 0.97 Avg R1: 0.36 Avg R2: 11.49 Avg Reward: 11.844261
2026-06-03 06:15:49 [INFO] Epoch: 47 [76800/100000 (77%)]	 Training Loss: 0.125 ACC: 97.27 CR: 0.98 Avg R1: 0.35 Avg R2: 11.50 Avg Reward: 11.846443
2026-06-03 06:16:02 [INFO] Epoch: 47 [89600/100000 (90%)]	 Training Loss: 0.125 ACC: 97.29 CR: 0.98 Avg R1: 0.34 Avg R2: 11.51 Avg Reward: 11.851140
2026-06-03 06:16:13 [INFO] EPOCH:47, ======================CR:0.98061====================
2026-06-03 06:16:13 [INFO] 0.049857634845932725
2026-06-03 06:16:17 [INFO] EPOCH:47, ======================ACC:61.02====================
2026-06-03 06:16:17 [INFO] BEST EPOCH:34,BEST ACC:61.8
2026-06-03 06:16:31 [INFO] Epoch: 48 [12800/100000 (13%)]	 Training Loss: 0.111 ACC: 97.77 CR: 0.98 Avg R1: 0.24 Avg R2: 11.72 Avg Reward: 11.962609
2026-06-03 06:16:45 [INFO] Epoch: 48 [25600/100000 (26%)]	 Training Loss: 0.114 ACC: 97.68 CR: 0.98 Avg R1: 0.24 Avg R2: 11.72 Avg Reward: 11.962236
2026-06-03 06:16:58 [INFO] Epoch: 48 [38400/100000 (38%)]	 Training Loss: 0.113 ACC: 97.69 CR: 0.98 Avg R1: 0.24 Avg R2: 11.72 Avg Reward: 11.960949
2026-06-03 06:17:12 [INFO] Epoch: 48 [51200/100000 (51%)]	 Training Loss: 0.112 ACC: 97.73 CR: 0.98 Avg R1: 0.25 Avg R2: 11.71 Avg Reward: 11.958119
2026-06-03 06:17:26 [INFO] Epoch: 48 [64000/100000 (64%)]	 Training Loss: 0.112 ACC: 97.67 CR: 0.98 Avg R1: 0.25 Avg R2: 11.70 Avg Reward: 11.953895
2026-06-03 06:17:39 [INFO] Epoch: 48 [76800/100000 (77%)]	 Training Loss: 0.113 ACC: 97.62 CR: 0.97 Avg R1: 0.26 Avg R2: 11.69 Avg Reward: 11.948091
2026-06-03 06:17:53 [INFO] Epoch: 48 [89600/100000 (90%)]	 Training Loss: 0.113 ACC: 97.59 CR: 0.97 Avg R1: 0.27 Avg R2: 11.67 Avg Reward: 11.941122
2026-06-03 06:18:04 [INFO] EPOCH:48, ======================CR:0.96515====================
2026-06-03 06:18:04 [INFO] 0.051892938933112684
2026-06-03 06:18:08 [INFO] EPOCH:48, ======================ACC:61.06====================
2026-06-03 06:18:08 [INFO] BEST EPOCH:34,BEST ACC:61.8
2026-06-03 06:18:22 [INFO] Epoch: 49 [12800/100000 (13%)]	 Training Loss: 0.093 ACC: 97.93 CR: 0.96 Avg R1: 0.48 Avg R2: 11.44 Avg Reward: 11.922594
2026-06-03 06:18:35 [INFO] Epoch: 49 [25600/100000 (26%)]	 Training Loss: 0.093 ACC: 97.86 CR: 0.95 Avg R1: 0.54 Avg R2: 11.37 Avg Reward: 11.915172
2026-06-03 06:18:49 [INFO] Epoch: 49 [38400/100000 (38%)]	 Training Loss: 0.095 ACC: 97.77 CR: 0.93 Avg R1: 0.61 Avg R2: 11.29 Avg Reward: 11.905662
2026-06-03 06:19:03 [INFO] Epoch: 49 [51200/100000 (51%)]	 Training Loss: 0.095 ACC: 97.74 CR: 0.92 Avg R1: 0.68 Avg R2: 11.21 Avg Reward: 11.897056
2026-06-03 06:19:16 [INFO] Epoch: 49 [64000/100000 (64%)]	 Training Loss: 0.096 ACC: 97.69 CR: 0.91 Avg R1: 0.76 Avg R2: 11.13 Avg Reward: 11.889083
2026-06-03 06:19:30 [INFO] Epoch: 49 [76800/100000 (77%)]	 Training Loss: 0.095 ACC: 97.67 CR: 0.89 Avg R1: 0.84 Avg R2: 11.04 Avg Reward: 11.882069
2026-06-03 06:19:43 [INFO] Epoch: 49 [89600/100000 (90%)]	 Training Loss: 0.094 ACC: 97.68 CR: 0.87 Avg R1: 0.93 Avg R2: 10.95 Avg Reward: 11.876487
2026-06-03 06:19:54 [INFO] EPOCH:49, ======================CR:0.85214====================
2026-06-03 06:19:54 [INFO] 0.04165307519825875
2026-06-03 06:19:58 [INFO] EPOCH:49, ======================ACC:60.86====================
2026-06-03 06:19:58 [INFO] BEST EPOCH:34,BEST ACC:61.8
2026-06-03 06:20:12 [INFO] Epoch: 50 [12800/100000 (13%)]	 Training Loss: 0.076 ACC: 97.88 CR: 0.84 Avg R1: 1.95 Avg R2: 9.95 Avg Reward: 11.897737
2026-06-03 06:20:26 [INFO] Epoch: 50 [25600/100000 (26%)]	 Training Loss: 0.075 ACC: 98.03 CR: 0.82 Avg R1: 2.04 Avg R2: 9.88 Avg Reward: 11.919305
2026-06-03 06:20:40 [INFO] Epoch: 50 [38400/100000 (38%)]	 Training Loss: 0.075 ACC: 98.03 CR: 0.81 Avg R1: 2.14 Avg R2: 9.80 Avg Reward: 11.941032
2026-06-03 06:20:53 [INFO] Epoch: 50 [51200/100000 (51%)]	 Training Loss: 0.075 ACC: 98.09 CR: 0.79 Avg R1: 2.24 Avg R2: 9.73 Avg Reward: 11.964563
2026-06-03 06:21:07 [INFO] Epoch: 50 [64000/100000 (64%)]	 Training Loss: 0.075 ACC: 98.12 CR: 0.77 Avg R1: 2.33 Avg R2: 9.65 Avg Reward: 11.987595
2026-06-03 06:21:21 [INFO] Epoch: 50 [76800/100000 (77%)]	 Training Loss: 0.076 ACC: 98.11 CR: 0.77 Avg R1: 2.42 Avg R2: 9.59 Avg Reward: 12.005316
2026-06-03 06:21:34 [INFO] Epoch: 50 [89600/100000 (90%)]	 Training Loss: 0.077 ACC: 98.07 CR: 0.76 Avg R1: 2.49 Avg R2: 9.53 Avg Reward: 12.019856
2026-06-03 06:21:46 [INFO] EPOCH:50, ======================CR:0.75202====================
2026-06-03 06:21:46 [INFO] 0.03178155984297548
2026-06-03 06:21:49 [INFO] EPOCH:50, ======================ACC:60.93====================
2026-06-03 06:21:49 [INFO] BEST EPOCH:34,BEST ACC:61.8
2026-06-03 06:22:03 [INFO] Epoch: 51 [12800/100000 (13%)]	 Training Loss: 0.073 ACC: 98.17 CR: 0.75 Avg R1: 3.09 Avg R2: 9.06 Avg Reward: 12.155801
2026-06-03 06:22:17 [INFO] Epoch: 51 [25600/100000 (26%)]	 Training Loss: 0.070 ACC: 98.21 CR: 0.75 Avg R1: 3.10 Avg R2: 9.06 Avg Reward: 12.159922
2026-06-03 06:22:31 [INFO] Epoch: 51 [38400/100000 (38%)]	 Training Loss: 0.071 ACC: 98.19 CR: 0.75 Avg R1: 3.12 Avg R2: 9.05 Avg Reward: 12.165557
2026-06-03 06:22:45 [INFO] Epoch: 51 [51200/100000 (51%)]	 Training Loss: 0.074 ACC: 98.12 CR: 0.75 Avg R1: 3.13 Avg R2: 9.04 Avg Reward: 12.169593
2026-06-03 06:22:58 [INFO] Epoch: 51 [64000/100000 (64%)]	 Training Loss: 0.075 ACC: 98.11 CR: 0.75 Avg R1: 3.13 Avg R2: 9.04 Avg Reward: 12.171807
2026-06-03 06:23:12 [INFO] Epoch: 51 [76800/100000 (77%)]	 Training Loss: 0.075 ACC: 98.07 CR: 0.75 Avg R1: 3.14 Avg R2: 9.04 Avg Reward: 12.173737
2026-06-03 06:23:26 [INFO] Epoch: 51 [89600/100000 (90%)]	 Training Loss: 0.075 ACC: 98.06 CR: 0.74 Avg R1: 3.15 Avg R2: 9.03 Avg Reward: 12.176526
2026-06-03 06:23:37 [INFO] EPOCH:51, ======================CR:0.74286====================
2026-06-03 06:23:37 [INFO] 0.027553828242740844
2026-06-03 06:23:41 [INFO] EPOCH:51, ======================ACC:61.12====================
2026-06-03 06:23:41 [INFO] BEST EPOCH:34,BEST ACC:61.8
2026-06-03 06:23:55 [INFO] Epoch: 52 [12800/100000 (13%)]	 Training Loss: 0.073 ACC: 98.38 CR: 0.75 Avg R1: 3.17 Avg R2: 9.04 Avg Reward: 12.205058
2026-06-03 06:24:09 [INFO] Epoch: 52 [25600/100000 (26%)]	 Training Loss: 0.074 ACC: 98.32 CR: 0.76 Avg R1: 3.12 Avg R2: 9.08 Avg Reward: 12.192719
2026-06-03 06:24:22 [INFO] Epoch: 52 [38400/100000 (38%)]	 Training Loss: 0.075 ACC: 98.24 CR: 0.77 Avg R1: 3.07 Avg R2: 9.11 Avg Reward: 12.180847
2026-06-03 06:24:36 [INFO] Epoch: 52 [51200/100000 (51%)]	 Training Loss: 0.075 ACC: 98.24 CR: 0.77 Avg R1: 3.02 Avg R2: 9.15 Avg Reward: 12.168813
2026-06-03 06:24:50 [INFO] Epoch: 52 [64000/100000 (64%)]	 Training Loss: 0.076 ACC: 98.25 CR: 0.78 Avg R1: 2.97 Avg R2: 9.18 Avg Reward: 12.157238
2026-06-03 06:25:04 [INFO] Epoch: 52 [76800/100000 (77%)]	 Training Loss: 0.077 ACC: 98.19 CR: 0.79 Avg R1: 2.93 Avg R2: 9.22 Avg Reward: 12.145672
2026-06-03 06:25:18 [INFO] Epoch: 52 [89600/100000 (90%)]	 Training Loss: 0.077 ACC: 98.19 CR: 0.80 Avg R1: 2.88 Avg R2: 9.25 Avg Reward: 12.134751
2026-06-03 06:25:29 [INFO] EPOCH:52, ======================CR:0.8018====================
2026-06-03 06:25:29 [INFO] 0.03984741917289311
2026-06-03 06:25:33 [INFO] EPOCH:52, ======================ACC:60.93====================
2026-06-03 06:25:33 [INFO] BEST EPOCH:34,BEST ACC:61.8
2026-06-03 06:25:47 [INFO] Epoch: 53 [12800/100000 (13%)]	 Training Loss: 0.071 ACC: 98.34 CR: 0.80 Avg R1: 2.49 Avg R2: 9.57 Avg Reward: 12.061623
2026-06-03 06:26:01 [INFO] Epoch: 53 [25600/100000 (26%)]	 Training Loss: 0.071 ACC: 98.32 CR: 0.80 Avg R1: 2.50 Avg R2: 9.56 Avg Reward: 12.065492
2026-06-03 06:26:15 [INFO] Epoch: 53 [38400/100000 (38%)]	 Training Loss: 0.071 ACC: 98.35 CR: 0.80 Avg R1: 2.51 Avg R2: 9.56 Avg Reward: 12.067630
2026-06-03 06:26:29 [INFO] Epoch: 53 [51200/100000 (51%)]	 Training Loss: 0.071 ACC: 98.34 CR: 0.79 Avg R1: 2.52 Avg R2: 9.55 Avg Reward: 12.069121
2026-06-03 06:26:43 [INFO] Epoch: 53 [64000/100000 (64%)]	 Training Loss: 0.071 ACC: 98.38 CR: 0.79 Avg R1: 2.53 Avg R2: 9.54 Avg Reward: 12.072229
2026-06-03 06:26:56 [INFO] Epoch: 53 [76800/100000 (77%)]	 Training Loss: 0.071 ACC: 98.37 CR: 0.79 Avg R1: 2.54 Avg R2: 9.53 Avg Reward: 12.075062
2026-06-03 06:27:10 [INFO] Epoch: 53 [89600/100000 (90%)]	 Training Loss: 0.071 ACC: 98.36 CR: 0.79 Avg R1: 2.55 Avg R2: 9.53 Avg Reward: 12.077603
2026-06-03 06:27:21 [INFO] EPOCH:53, ======================CR:0.79234====================
2026-06-03 06:27:21 [INFO] 0.037248745912186035
2026-06-03 06:27:25 [INFO] EPOCH:53, ======================ACC:61.22====================
2026-06-03 06:27:25 [INFO] BEST EPOCH:34,BEST ACC:61.8
2026-06-03 06:27:39 [INFO] Epoch: 54 [12800/100000 (13%)]	 Training Loss: 0.062 ACC: 98.63 CR: 0.79 Avg R1: 2.62 Avg R2: 9.50 Avg Reward: 12.122258
2026-06-03 06:27:53 [INFO] Epoch: 54 [25600/100000 (26%)]	 Training Loss: 0.065 ACC: 98.58 CR: 0.79 Avg R1: 2.64 Avg R2: 9.49 Avg Reward: 12.129048
2026-06-03 06:28:07 [INFO] Epoch: 54 [38400/100000 (38%)]	 Training Loss: 0.064 ACC: 98.55 CR: 0.78 Avg R1: 2.66 Avg R2: 9.47 Avg Reward: 12.136158
2026-06-03 06:28:21 [INFO] Epoch: 54 [51200/100000 (51%)]	 Training Loss: 0.065 ACC: 98.55 CR: 0.78 Avg R1: 2.69 Avg R2: 9.46 Avg Reward: 12.142124
2026-06-03 06:28:35 [INFO] Epoch: 54 [64000/100000 (64%)]	 Training Loss: 0.067 ACC: 98.50 CR: 0.78 Avg R1: 2.70 Avg R2: 9.45 Avg Reward: 12.146317
2026-06-03 06:28:49 [INFO] Epoch: 54 [76800/100000 (77%)]	 Training Loss: 0.068 ACC: 98.44 CR: 0.78 Avg R1: 2.71 Avg R2: 9.44 Avg Reward: 12.148068
2026-06-03 06:29:03 [INFO] Epoch: 54 [89600/100000 (90%)]	 Training Loss: 0.068 ACC: 98.42 CR: 0.78 Avg R1: 2.71 Avg R2: 9.44 Avg Reward: 12.150242
2026-06-03 06:29:14 [INFO] EPOCH:54, ======================CR:0.78023====================
2026-06-03 06:29:14 [INFO] 0.032060633416180366
2026-06-03 06:29:18 [INFO] EPOCH:54, ======================ACC:61.39====================
2026-06-03 06:29:18 [INFO] BEST EPOCH:34,BEST ACC:61.8
2026-06-03 06:29:32 [INFO] Epoch: 55 [12800/100000 (13%)]	 Training Loss: 0.069 ACC: 98.34 CR: 0.78 Avg R1: 2.73 Avg R2: 9.45 Avg Reward: 12.179048
2026-06-03 06:29:46 [INFO] Epoch: 55 [25600/100000 (26%)]	 Training Loss: 0.066 ACC: 98.41 CR: 0.79 Avg R1: 2.71 Avg R2: 9.46 Avg Reward: 12.176350
2026-06-03 06:30:00 [INFO] Epoch: 55 [38400/100000 (38%)]	 Training Loss: 0.067 ACC: 98.44 CR: 0.79 Avg R1: 2.69 Avg R2: 9.48 Avg Reward: 12.171048
2026-06-03 06:30:14 [INFO] Epoch: 55 [51200/100000 (51%)]	 Training Loss: 0.068 ACC: 98.45 CR: 0.79 Avg R1: 2.67 Avg R2: 9.50 Avg Reward: 12.165135
2026-06-03 06:30:28 [INFO] Epoch: 55 [64000/100000 (64%)]	 Training Loss: 0.069 ACC: 98.42 CR: 0.80 Avg R1: 2.64 Avg R2: 9.52 Avg Reward: 12.157855
2026-06-03 06:30:42 [INFO] Epoch: 55 [76800/100000 (77%)]	 Training Loss: 0.069 ACC: 98.43 CR: 0.80 Avg R1: 2.62 Avg R2: 9.53 Avg Reward: 12.150317
2026-06-03 06:30:55 [INFO] Epoch: 55 [89600/100000 (90%)]	 Training Loss: 0.070 ACC: 98.42 CR: 0.81 Avg R1: 2.59 Avg R2: 9.55 Avg Reward: 12.143493
2026-06-03 06:31:07 [INFO] EPOCH:55, ======================CR:0.81521====================
2026-06-03 06:31:07 [INFO] 0.04927579832772398
2026-06-03 06:31:10 [INFO] EPOCH:55, ======================ACC:61.09====================
2026-06-03 06:31:10 [INFO] BEST EPOCH:34,BEST ACC:61.8
2026-06-03 06:31:24 [INFO] Epoch: 56 [12800/100000 (13%)]	 Training Loss: 0.066 ACC: 98.57 CR: 0.82 Avg R1: 2.30 Avg R2: 9.79 Avg Reward: 12.092424
2026-06-03 06:31:38 [INFO] Epoch: 56 [25600/100000 (26%)]	 Training Loss: 0.065 ACC: 98.63 CR: 0.82 Avg R1: 2.29 Avg R2: 9.80 Avg Reward: 12.089700
2026-06-03 06:31:52 [INFO] Epoch: 56 [38400/100000 (38%)]	 Training Loss: 0.064 ACC: 98.68 CR: 0.82 Avg R1: 2.28 Avg R2: 9.81 Avg Reward: 12.085596
2026-06-03 06:32:06 [INFO] Epoch: 56 [51200/100000 (51%)]	 Training Loss: 0.064 ACC: 98.70 CR: 0.82 Avg R1: 2.27 Avg R2: 9.81 Avg Reward: 12.083433
2026-06-03 06:32:20 [INFO] Epoch: 56 [64000/100000 (64%)]	 Training Loss: 0.065 ACC: 98.65 CR: 0.82 Avg R1: 2.26 Avg R2: 9.82 Avg Reward: 12.080898
2026-06-03 06:32:34 [INFO] Epoch: 56 [76800/100000 (77%)]	 Training Loss: 0.066 ACC: 98.64 CR: 0.83 Avg R1: 2.25 Avg R2: 9.82 Avg Reward: 12.077908
2026-06-03 06:32:47 [INFO] Epoch: 56 [89600/100000 (90%)]	 Training Loss: 0.066 ACC: 98.62 CR: 0.83 Avg R1: 2.24 Avg R2: 9.84 Avg Reward: 12.074097
2026-06-03 06:32:59 [INFO] EPOCH:56, ======================CR:0.83351====================
2026-06-03 06:32:59 [INFO] 0.04282932733640113
2026-06-03 06:33:02 [INFO] EPOCH:56, ======================ACC:61.08====================
2026-06-03 06:33:02 [INFO] BEST EPOCH:34,BEST ACC:61.8
2026-06-03 06:33:16 [INFO] Epoch: 57 [12800/100000 (13%)]	 Training Loss: 0.064 ACC: 98.72 CR: 0.83 Avg R1: 2.08 Avg R2: 9.97 Avg Reward: 12.046783
2026-06-03 06:33:30 [INFO] Epoch: 57 [25600/100000 (26%)]	 Training Loss: 0.065 ACC: 98.59 CR: 0.84 Avg R1: 2.07 Avg R2: 9.97 Avg Reward: 12.046128
2026-06-03 06:33:44 [INFO] Epoch: 57 [38400/100000 (38%)]	 Training Loss: 0.064 ACC: 98.65 CR: 0.84 Avg R1: 2.06 Avg R2: 9.98 Avg Reward: 12.044033
2026-06-03 06:33:56 [INFO] Epoch: 57 [51200/100000 (51%)]	 Training Loss: 0.065 ACC: 98.64 CR: 0.84 Avg R1: 2.05 Avg R2: 9.99 Avg Reward: 12.042172
2026-06-03 06:34:07 [INFO] Epoch: 57 [64000/100000 (64%)]	 Training Loss: 0.064 ACC: 98.65 CR: 0.83 Avg R1: 2.06 Avg R2: 9.98 Avg Reward: 12.042159
2026-06-03 06:34:18 [INFO] Epoch: 57 [76800/100000 (77%)]	 Training Loss: 0.064 ACC: 98.62 CR: 0.83 Avg R1: 2.07 Avg R2: 9.97 Avg Reward: 12.042930
2026-06-03 06:34:30 [INFO] Epoch: 57 [89600/100000 (90%)]	 Training Loss: 0.064 ACC: 98.62 CR: 0.82 Avg R1: 2.08 Avg R2: 9.96 Avg Reward: 12.044516
2026-06-03 06:34:39 [INFO] EPOCH:57, ======================CR:0.81886====================
2026-06-03 06:34:39 [INFO] 0.04245933566688714
2026-06-03 06:34:42 [INFO] EPOCH:57, ======================ACC:61.09====================
2026-06-03 06:34:42 [INFO] BEST EPOCH:34,BEST ACC:61.8
2026-06-03 06:34:54 [INFO] Epoch: 58 [12800/100000 (13%)]	 Training Loss: 0.057 ACC: 98.90 CR: 0.81 Avg R1: 2.29 Avg R2: 9.81 Avg Reward: 12.105616
2026-06-03 06:35:04 [INFO] Epoch: 58 [25600/100000 (26%)]	 Training Loss: 0.059 ACC: 98.80 CR: 0.81 Avg R1: 2.31 Avg R2: 9.80 Avg Reward: 12.111325
2026-06-03 06:35:17 [INFO] Epoch: 58 [38400/100000 (38%)]	 Training Loss: 0.061 ACC: 98.72 CR: 0.81 Avg R1: 2.33 Avg R2: 9.79 Avg Reward: 12.114784
2026-06-03 06:35:31 [INFO] Epoch: 58 [51200/100000 (51%)]	 Training Loss: 0.061 ACC: 98.72 CR: 0.81 Avg R1: 2.34 Avg R2: 9.78 Avg Reward: 12.116288
2026-06-03 06:35:45 [INFO] Epoch: 58 [64000/100000 (64%)]	 Training Loss: 0.061 ACC: 98.70 CR: 0.81 Avg R1: 2.36 Avg R2: 9.76 Avg Reward: 12.120387
2026-06-03 06:35:59 [INFO] Epoch: 58 [76800/100000 (77%)]	 Training Loss: 0.061 ACC: 98.70 CR: 0.81 Avg R1: 2.37 Avg R2: 9.76 Avg Reward: 12.123122
2026-06-03 06:36:13 [INFO] Epoch: 58 [89600/100000 (90%)]	 Training Loss: 0.061 ACC: 98.70 CR: 0.81 Avg R1: 2.37 Avg R2: 9.75 Avg Reward: 12.124430
2026-06-03 06:36:24 [INFO] EPOCH:58, ======================CR:0.81188====================
2026-06-03 06:36:24 [INFO] 0.043631860117749145
2026-06-03 06:36:28 [INFO] EPOCH:58, ======================ACC:61.22====================
2026-06-03 06:36:28 [INFO] BEST EPOCH:34,BEST ACC:61.8
2026-06-03 06:36:42 [INFO] Epoch: 59 [12800/100000 (13%)]	 Training Loss: 0.061 ACC: 98.64 CR: 0.81 Avg R1: 2.36 Avg R2: 9.78 Avg Reward: 12.140069
2026-06-03 06:36:56 [INFO] Epoch: 59 [25600/100000 (26%)]	 Training Loss: 0.058 ACC: 98.76 CR: 0.81 Avg R1: 2.36 Avg R2: 9.78 Avg Reward: 12.135753
2026-06-03 06:37:10 [INFO] Epoch: 59 [38400/100000 (38%)]	 Training Loss: 0.058 ACC: 98.77 CR: 0.81 Avg R1: 2.37 Avg R2: 9.76 Avg Reward: 12.135404
2026-06-03 06:37:24 [INFO] Epoch: 59 [51200/100000 (51%)]	 Training Loss: 0.058 ACC: 98.76 CR: 0.80 Avg R1: 2.38 Avg R2: 9.75 Avg Reward: 12.136001
2026-06-03 06:37:37 [INFO] Epoch: 59 [64000/100000 (64%)]	 Training Loss: 0.058 ACC: 98.78 CR: 0.80 Avg R1: 2.40 Avg R2: 9.74 Avg Reward: 12.137573
2026-06-03 06:37:51 [INFO] Epoch: 59 [76800/100000 (77%)]	 Training Loss: 0.059 ACC: 98.75 CR: 0.80 Avg R1: 2.41 Avg R2: 9.73 Avg Reward: 12.138900
2026-06-03 06:38:05 [INFO] Epoch: 59 [89600/100000 (90%)]	 Training Loss: 0.059 ACC: 98.75 CR: 0.81 Avg R1: 2.41 Avg R2: 9.73 Avg Reward: 12.139538
2026-06-03 06:38:16 [INFO] EPOCH:59, ======================CR:0.80661====================
2026-06-03 06:38:16 [INFO] 0.040039418297458336
2026-06-03 06:38:20 [INFO] EPOCH:59, ======================ACC:60.92====================
2026-06-03 06:38:20 [INFO] BEST EPOCH:34,BEST ACC:61.8
2026-06-03 06:38:35 [INFO] Epoch: 60 [12800/100000 (13%)]	 Training Loss: 0.054 ACC: 98.95 CR: 0.81 Avg R1: 2.42 Avg R2: 9.74 Avg Reward: 12.153918
2026-06-03 06:38:48 [INFO] Epoch: 60 [25600/100000 (26%)]	 Training Loss: 0.054 ACC: 98.91 CR: 0.80 Avg R1: 2.43 Avg R2: 9.73 Avg Reward: 12.156610
2026-06-03 06:39:02 [INFO] Epoch: 60 [38400/100000 (38%)]	 Training Loss: 0.053 ACC: 98.96 CR: 0.80 Avg R1: 2.44 Avg R2: 9.72 Avg Reward: 12.158926
2026-06-03 06:39:16 [INFO] Epoch: 60 [51200/100000 (51%)]	 Training Loss: 0.053 ACC: 98.97 CR: 0.80 Avg R1: 2.45 Avg R2: 9.71 Avg Reward: 12.161304
2026-06-03 06:39:30 [INFO] Epoch: 60 [64000/100000 (64%)]	 Training Loss: 0.053 ACC: 98.98 CR: 0.80 Avg R1: 2.46 Avg R2: 9.71 Avg Reward: 12.163278
2026-06-03 06:39:44 [INFO] Epoch: 60 [76800/100000 (77%)]	 Training Loss: 0.053 ACC: 99.00 CR: 0.80 Avg R1: 2.46 Avg R2: 9.70 Avg Reward: 12.165506
2026-06-03 06:39:57 [INFO] Epoch: 60 [89600/100000 (90%)]	 Training Loss: 0.052 ACC: 99.00 CR: 0.79 Avg R1: 2.48 Avg R2: 9.69 Avg Reward: 12.168981
2026-06-03 06:40:09 [INFO] EPOCH:60, ======================CR:0.78634====================
2026-06-03 06:40:09 [INFO] 0.04162252252318871
2026-06-03 06:40:12 [INFO] EPOCH:60, ======================ACC:61.02====================
2026-06-03 06:40:12 [INFO] BEST EPOCH:34,BEST ACC:61.8
2026-06-03 06:40:27 [INFO] Epoch: 61 [12800/100000 (13%)]	 Training Loss: 0.048 ACC: 99.08 CR: 0.78 Avg R1: 2.68 Avg R2: 9.52 Avg Reward: 12.204584
2026-06-03 06:40:40 [INFO] Epoch: 61 [25600/100000 (26%)]	 Training Loss: 0.048 ACC: 99.12 CR: 0.78 Avg R1: 2.70 Avg R2: 9.51 Avg Reward: 12.209176
2026-06-03 06:40:54 [INFO] Epoch: 61 [38400/100000 (38%)]	 Training Loss: 0.047 ACC: 99.12 CR: 0.77 Avg R1: 2.73 Avg R2: 9.49 Avg Reward: 12.217108
2026-06-03 06:41:07 [INFO] Epoch: 61 [51200/100000 (51%)]	 Training Loss: 0.047 ACC: 99.10 CR: 0.76 Avg R1: 2.77 Avg R2: 9.46 Avg Reward: 12.229234
2026-06-03 06:41:21 [INFO] Epoch: 61 [64000/100000 (64%)]	 Training Loss: 0.047 ACC: 99.09 CR: 0.75 Avg R1: 2.82 Avg R2: 9.42 Avg Reward: 12.241297
2026-06-03 06:41:35 [INFO] Epoch: 61 [76800/100000 (77%)]	 Training Loss: 0.047 ACC: 99.06 CR: 0.74 Avg R1: 2.87 Avg R2: 9.38 Avg Reward: 12.255782
2026-06-03 06:41:49 [INFO] Epoch: 61 [89600/100000 (90%)]	 Training Loss: 0.047 ACC: 99.07 CR: 0.73 Avg R1: 2.93 Avg R2: 9.34 Avg Reward: 12.271463
2026-06-03 06:42:00 [INFO] EPOCH:61, ======================CR:0.72366====================
2026-06-03 06:42:00 [INFO] 0.03084188066974365
2026-06-03 06:42:03 [INFO] EPOCH:61, ======================ACC:60.92====================
2026-06-03 06:42:03 [INFO] BEST EPOCH:34,BEST ACC:61.8
2026-06-03 06:42:17 [INFO] Epoch: 62 [12800/100000 (13%)]	 Training Loss: 0.044 ACC: 99.08 CR: 0.72 Avg R1: 3.46 Avg R2: 8.94 Avg Reward: 12.406336
2026-06-03 06:42:31 [INFO] Epoch: 62 [25600/100000 (26%)]	 Training Loss: 0.044 ACC: 99.13 CR: 0.72 Avg R1: 3.48 Avg R2: 8.93 Avg Reward: 12.408870
2026-06-03 06:42:45 [INFO] Epoch: 62 [38400/100000 (38%)]	 Training Loss: 0.044 ACC: 99.17 CR: 0.71 Avg R1: 3.50 Avg R2: 8.91 Avg Reward: 12.412204
2026-06-03 06:42:59 [INFO] Epoch: 62 [51200/100000 (51%)]	 Training Loss: 0.044 ACC: 99.15 CR: 0.70 Avg R1: 3.54 Avg R2: 8.88 Avg Reward: 12.420660
2026-06-03 06:43:12 [INFO] Epoch: 62 [64000/100000 (64%)]	 Training Loss: 0.044 ACC: 99.15 CR: 0.70 Avg R1: 3.58 Avg R2: 8.85 Avg Reward: 12.432008
2026-06-03 06:43:26 [INFO] Epoch: 62 [76800/100000 (77%)]	 Training Loss: 0.043 ACC: 99.12 CR: 0.69 Avg R1: 3.62 Avg R2: 8.82 Avg Reward: 12.444510
2026-06-03 06:43:40 [INFO] Epoch: 62 [89600/100000 (90%)]	 Training Loss: 0.043 ACC: 99.14 CR: 0.68 Avg R1: 3.67 Avg R2: 8.79 Avg Reward: 12.457507
2026-06-03 06:43:51 [INFO] EPOCH:62, ======================CR:0.67533====================
2026-06-03 06:43:51 [INFO] 0.031001928867866138
2026-06-03 06:43:55 [INFO] EPOCH:62, ======================ACC:60.72====================
2026-06-03 06:43:55 [INFO] BEST EPOCH:34,BEST ACC:61.8
2026-06-03 06:44:10 [INFO] Epoch: 63 [12800/100000 (13%)]	 Training Loss: 0.043 ACC: 99.12 CR: 0.68 Avg R1: 4.05 Avg R2: 8.52 Avg Reward: 12.567500
2026-06-03 06:44:23 [INFO] Epoch: 63 [25600/100000 (26%)]	 Training Loss: 0.042 ACC: 99.19 CR: 0.67 Avg R1: 4.06 Avg R2: 8.51 Avg Reward: 12.570321
2026-06-03 06:44:37 [INFO] Epoch: 63 [38400/100000 (38%)]	 Training Loss: 0.042 ACC: 99.19 CR: 0.67 Avg R1: 4.07 Avg R2: 8.51 Avg Reward: 12.571039
2026-06-03 06:44:51 [INFO] Epoch: 63 [51200/100000 (51%)]	 Training Loss: 0.043 ACC: 99.18 CR: 0.67 Avg R1: 4.07 Avg R2: 8.50 Avg Reward: 12.571875
2026-06-03 06:45:05 [INFO] Epoch: 63 [64000/100000 (64%)]	 Training Loss: 0.043 ACC: 99.18 CR: 0.67 Avg R1: 4.07 Avg R2: 8.50 Avg Reward: 12.571360
2026-06-03 06:45:19 [INFO] Epoch: 63 [76800/100000 (77%)]	 Training Loss: 0.043 ACC: 99.17 CR: 0.68 Avg R1: 4.07 Avg R2: 8.50 Avg Reward: 12.569754
2026-06-03 06:45:32 [INFO] Epoch: 63 [89600/100000 (90%)]	 Training Loss: 0.044 ACC: 99.15 CR: 0.69 Avg R1: 4.05 Avg R2: 8.51 Avg Reward: 12.564638
2026-06-03 06:45:44 [INFO] EPOCH:63, ======================CR:0.68994====================
2026-06-03 06:45:44 [INFO] 0.027931240895541515
2026-06-03 06:45:47 [INFO] EPOCH:63, ======================ACC:61.05====================
2026-06-03 06:45:47 [INFO] BEST EPOCH:34,BEST ACC:61.8
2026-06-03 06:46:02 [INFO] Epoch: 64 [12800/100000 (13%)]	 Training Loss: 0.044 ACC: 99.17 CR: 0.69 Avg R1: 3.85 Avg R2: 8.65 Avg Reward: 12.505725
2026-06-03 06:46:16 [INFO] Epoch: 64 [25600/100000 (26%)]	 Training Loss: 0.045 ACC: 99.12 CR: 0.70 Avg R1: 3.83 Avg R2: 8.67 Avg Reward: 12.502533
2026-06-03 06:46:30 [INFO] Epoch: 64 [38400/100000 (38%)]	 Training Loss: 0.045 ACC: 99.08 CR: 0.70 Avg R1: 3.82 Avg R2: 8.68 Avg Reward: 12.497245
2026-06-03 06:46:44 [INFO] Epoch: 64 [51200/100000 (51%)]	 Training Loss: 0.044 ACC: 99.11 CR: 0.69 Avg R1: 3.81 Avg R2: 8.68 Avg Reward: 12.496332
2026-06-03 06:46:57 [INFO] Epoch: 64 [64000/100000 (64%)]	 Training Loss: 0.043 ACC: 99.14 CR: 0.69 Avg R1: 3.82 Avg R2: 8.68 Avg Reward: 12.499133
2026-06-03 06:47:11 [INFO] Epoch: 64 [76800/100000 (77%)]	 Training Loss: 0.043 ACC: 99.15 CR: 0.68 Avg R1: 3.84 Avg R2: 8.67 Avg Reward: 12.504661
2026-06-03 06:47:25 [INFO] Epoch: 64 [89600/100000 (90%)]	 Training Loss: 0.043 ACC: 99.15 CR: 0.68 Avg R1: 3.86 Avg R2: 8.65 Avg Reward: 12.511108
2026-06-03 06:47:36 [INFO] EPOCH:64, ======================CR:0.67453====================
2026-06-03 06:47:36 [INFO] 0.03259359767854521
2026-06-03 06:47:39 [INFO] EPOCH:64, ======================ACC:60.93====================
2026-06-03 06:47:39 [INFO] BEST EPOCH:34,BEST ACC:61.8
2026-06-03 06:47:54 [INFO] Epoch: 65 [12800/100000 (13%)]	 Training Loss: 0.040 ACC: 99.16 CR: 0.67 Avg R1: 4.11 Avg R2: 8.48 Avg Reward: 12.587292
2026-06-03 06:48:07 [INFO] Epoch: 65 [25600/100000 (26%)]	 Training Loss: 0.039 ACC: 99.20 CR: 0.66 Avg R1: 4.15 Avg R2: 8.45 Avg Reward: 12.602660
2026-06-03 06:48:21 [INFO] Epoch: 65 [38400/100000 (38%)]	 Training Loss: 0.040 ACC: 99.16 CR: 0.65 Avg R1: 4.20 Avg R2: 8.42 Avg Reward: 12.619361
2026-06-03 06:48:35 [INFO] Epoch: 65 [51200/100000 (51%)]	 Training Loss: 0.040 ACC: 99.14 CR: 0.65 Avg R1: 4.25 Avg R2: 8.39 Avg Reward: 12.633391
2026-06-03 06:48:48 [INFO] Epoch: 65 [64000/100000 (64%)]	 Training Loss: 0.040 ACC: 99.15 CR: 0.64 Avg R1: 4.29 Avg R2: 8.36 Avg Reward: 12.645187
2026-06-03 06:49:02 [INFO] Epoch: 65 [76800/100000 (77%)]	 Training Loss: 0.041 ACC: 99.14 CR: 0.64 Avg R1: 4.32 Avg R2: 8.33 Avg Reward: 12.654689
2026-06-03 06:49:16 [INFO] Epoch: 65 [89600/100000 (90%)]	 Training Loss: 0.041 ACC: 99.12 CR: 0.63 Avg R1: 4.36 Avg R2: 8.31 Avg Reward: 12.662980
2026-06-03 06:49:27 [INFO] EPOCH:65, ======================CR:0.62938====================
2026-06-03 06:49:27 [INFO] 0.018722387557692725
2026-06-03 06:49:31 [INFO] EPOCH:65, ======================ACC:61.07====================
2026-06-03 06:49:31 [INFO] BEST EPOCH:34,BEST ACC:61.8
2026-06-03 06:49:45 [INFO] Epoch: 66 [12800/100000 (13%)]	 Training Loss: 0.039 ACC: 99.11 CR: 0.63 Avg R1: 4.63 Avg R2: 8.11 Avg Reward: 12.738939
2026-06-03 06:49:59 [INFO] Epoch: 66 [25600/100000 (26%)]	 Training Loss: 0.039 ACC: 99.13 CR: 0.63 Avg R1: 4.64 Avg R2: 8.10 Avg Reward: 12.742464
2026-06-03 06:50:13 [INFO] Epoch: 66 [38400/100000 (38%)]	 Training Loss: 0.040 ACC: 99.14 CR: 0.63 Avg R1: 4.64 Avg R2: 8.10 Avg Reward: 12.744533
2026-06-03 06:50:27 [INFO] Epoch: 66 [51200/100000 (51%)]	 Training Loss: 0.040 ACC: 99.15 CR: 0.63 Avg R1: 4.65 Avg R2: 8.10 Avg Reward: 12.748526
2026-06-03 06:50:40 [INFO] Epoch: 66 [64000/100000 (64%)]	 Training Loss: 0.040 ACC: 99.16 CR: 0.62 Avg R1: 4.66 Avg R2: 8.09 Avg Reward: 12.751998
2026-06-03 06:50:54 [INFO] Epoch: 66 [76800/100000 (77%)]	 Training Loss: 0.040 ACC: 99.16 CR: 0.62 Avg R1: 4.67 Avg R2: 8.09 Avg Reward: 12.755012
2026-06-03 06:51:08 [INFO] Epoch: 66 [89600/100000 (90%)]	 Training Loss: 0.040 ACC: 99.17 CR: 0.62 Avg R1: 4.67 Avg R2: 8.09 Avg Reward: 12.756978
2026-06-03 06:51:19 [INFO] EPOCH:66, ======================CR:0.62373====================
2026-06-03 06:51:19 [INFO] 0.02111705599966693
2026-06-03 06:51:23 [INFO] EPOCH:66, ======================ACC:61.0====================
2026-06-03 06:51:23 [INFO] BEST EPOCH:34,BEST ACC:61.8
2026-06-03 06:51:38 [INFO] Epoch: 67 [12800/100000 (13%)]	 Training Loss: 0.040 ACC: 99.16 CR: 0.62 Avg R1: 4.70 Avg R2: 8.07 Avg Reward: 12.768737
2026-06-03 06:51:52 [INFO] Epoch: 67 [25600/100000 (26%)]	 Training Loss: 0.040 ACC: 99.15 CR: 0.62 Avg R1: 4.70 Avg R2: 8.07 Avg Reward: 12.768261
2026-06-03 06:52:05 [INFO] Epoch: 67 [38400/100000 (38%)]	 Training Loss: 0.040 ACC: 99.20 CR: 0.63 Avg R1: 4.69 Avg R2: 8.08 Avg Reward: 12.766043
2026-06-03 06:52:19 [INFO] Epoch: 67 [51200/100000 (51%)]	 Training Loss: 0.040 ACC: 99.19 CR: 0.63 Avg R1: 4.68 Avg R2: 8.08 Avg Reward: 12.764084
2026-06-03 06:52:33 [INFO] Epoch: 67 [64000/100000 (64%)]	 Training Loss: 0.040 ACC: 99.20 CR: 0.63 Avg R1: 4.67 Avg R2: 8.09 Avg Reward: 12.761489
2026-06-03 06:52:47 [INFO] Epoch: 67 [76800/100000 (77%)]	 Training Loss: 0.040 ACC: 99.19 CR: 0.63 Avg R1: 4.66 Avg R2: 8.10 Avg Reward: 12.758841
2026-06-03 06:53:00 [INFO] Epoch: 67 [89600/100000 (90%)]	 Training Loss: 0.040 ACC: 99.20 CR: 0.64 Avg R1: 4.65 Avg R2: 8.10 Avg Reward: 12.755877
2026-06-03 06:53:12 [INFO] EPOCH:67, ======================CR:0.63663====================
2026-06-03 06:53:12 [INFO] 0.022216273661083787
2026-06-03 06:53:15 [INFO] EPOCH:67, ======================ACC:61.05====================
2026-06-03 06:53:15 [INFO] BEST EPOCH:34,BEST ACC:61.8
2026-06-03 06:53:29 [INFO] Epoch: 68 [12800/100000 (13%)]	 Training Loss: 0.040 ACC: 99.20 CR: 0.64 Avg R1: 4.54 Avg R2: 8.19 Avg Reward: 12.731064
2026-06-03 06:53:43 [INFO] Epoch: 68 [25600/100000 (26%)]	 Training Loss: 0.041 ACC: 99.18 CR: 0.64 Avg R1: 4.53 Avg R2: 8.20 Avg Reward: 12.727359
2026-06-03 06:53:57 [INFO] Epoch: 68 [38400/100000 (38%)]	 Training Loss: 0.041 ACC: 99.23 CR: 0.64 Avg R1: 4.52 Avg R2: 8.20 Avg Reward: 12.721381
2026-06-03 06:54:11 [INFO] Epoch: 68 [51200/100000 (51%)]	 Training Loss: 0.041 ACC: 99.21 CR: 0.64 Avg R1: 4.51 Avg R2: 8.21 Avg Reward: 12.716934
2026-06-03 06:54:25 [INFO] Epoch: 68 [64000/100000 (64%)]	 Training Loss: 0.040 ACC: 99.20 CR: 0.64 Avg R1: 4.51 Avg R2: 8.21 Avg Reward: 12.715561
2026-06-03 06:54:39 [INFO] Epoch: 68 [76800/100000 (77%)]	 Training Loss: 0.040 ACC: 99.20 CR: 0.64 Avg R1: 4.51 Avg R2: 8.21 Avg Reward: 12.716117
2026-06-03 06:54:52 [INFO] Epoch: 68 [89600/100000 (90%)]	 Training Loss: 0.040 ACC: 99.19 CR: 0.64 Avg R1: 4.52 Avg R2: 8.20 Avg Reward: 12.717144
2026-06-03 06:55:04 [INFO] EPOCH:68, ======================CR:0.63197====================
2026-06-03 06:55:04 [INFO] 0.01603465659194445
2026-06-03 06:55:08 [INFO] EPOCH:68, ======================ACC:61.14====================
2026-06-03 06:55:08 [INFO] BEST EPOCH:34,BEST ACC:61.8
2026-06-03 06:55:22 [INFO] Epoch: 69 [12800/100000 (13%)]	 Training Loss: 0.038 ACC: 99.23 CR: 0.63 Avg R1: 4.64 Avg R2: 8.12 Avg Reward: 12.752535
2026-06-03 06:55:36 [INFO] Epoch: 69 [25600/100000 (26%)]	 Training Loss: 0.038 ACC: 99.21 CR: 0.62 Avg R1: 4.67 Avg R2: 8.09 Avg Reward: 12.762933
2026-06-03 06:55:50 [INFO] Epoch: 69 [38400/100000 (38%)]	 Training Loss: 0.038 ACC: 99.21 CR: 0.62 Avg R1: 4.70 Avg R2: 8.07 Avg Reward: 12.769334
2026-06-03 06:56:03 [INFO] Epoch: 69 [51200/100000 (51%)]	 Training Loss: 0.038 ACC: 99.19 CR: 0.61 Avg R1: 4.73 Avg R2: 8.05 Avg Reward: 12.777098
2026-06-03 06:56:17 [INFO] Epoch: 69 [64000/100000 (64%)]	 Training Loss: 0.038 ACC: 99.20 CR: 0.61 Avg R1: 4.75 Avg R2: 8.03 Avg Reward: 12.785261
2026-06-03 06:56:31 [INFO] Epoch: 69 [76800/100000 (77%)]	 Training Loss: 0.038 ACC: 99.21 CR: 0.61 Avg R1: 4.78 Avg R2: 8.01 Avg Reward: 12.792803
2026-06-03 06:56:45 [INFO] Epoch: 69 [89600/100000 (90%)]	 Training Loss: 0.038 ACC: 99.19 CR: 0.61 Avg R1: 4.80 Avg R2: 8.00 Avg Reward: 12.798073
2026-06-03 06:56:56 [INFO] EPOCH:69, ======================CR:0.60468====================
2026-06-03 06:56:56 [INFO] 0.013919072889139078
2026-06-03 06:57:00 [INFO] EPOCH:69, ======================ACC:61.14====================
2026-06-03 06:57:00 [INFO] BEST EPOCH:34,BEST ACC:61.8
2026-06-03 06:57:14 [INFO] Epoch: 70 [12800/100000 (13%)]	 Training Loss: 0.037 ACC: 99.22 CR: 0.61 Avg R1: 4.92 Avg R2: 7.91 Avg Reward: 12.824231
2026-06-03 06:57:28 [INFO] Epoch: 70 [25600/100000 (26%)]	 Training Loss: 0.038 ACC: 99.23 CR: 0.61 Avg R1: 4.90 Avg R2: 7.92 Avg Reward: 12.820052
2026-06-03 06:57:42 [INFO] Epoch: 70 [38400/100000 (38%)]	 Training Loss: 0.038 ACC: 99.23 CR: 0.62 Avg R1: 4.88 Avg R2: 7.94 Avg Reward: 12.813107
2026-06-03 06:57:56 [INFO] Epoch: 70 [51200/100000 (51%)]	 Training Loss: 0.038 ACC: 99.19 CR: 0.62 Avg R1: 4.85 Avg R2: 7.95 Avg Reward: 12.805909
2026-06-03 06:58:09 [INFO] Epoch: 70 [64000/100000 (64%)]	 Training Loss: 0.038 ACC: 99.20 CR: 0.62 Avg R1: 4.83 Avg R2: 7.97 Avg Reward: 12.799121
2026-06-03 06:58:23 [INFO] Epoch: 70 [76800/100000 (77%)]	 Training Loss: 0.039 ACC: 99.18 CR: 0.62 Avg R1: 4.81 Avg R2: 7.98 Avg Reward: 12.793768
2026-06-03 06:58:37 [INFO] Epoch: 70 [89600/100000 (90%)]	 Training Loss: 0.039 ACC: 99.19 CR: 0.62 Avg R1: 4.79 Avg R2: 8.00 Avg Reward: 12.789828
2026-06-03 06:58:48 [INFO] EPOCH:70, ======================CR:0.6254====================
2026-06-03 06:58:48 [INFO] 0.015854631729816125
2026-06-03 06:58:52 [INFO] EPOCH:70, ======================ACC:61.28====================
2026-06-03 06:58:52 [INFO] BEST EPOCH:34,BEST ACC:61.8
2026-06-03 06:59:07 [INFO] Epoch: 71 [12800/100000 (13%)]	 Training Loss: 0.037 ACC: 99.25 CR: 0.62 Avg R1: 4.69 Avg R2: 8.08 Avg Reward: 12.773335
2026-06-03 06:59:20 [INFO] Epoch: 71 [25600/100000 (26%)]	 Training Loss: 0.039 ACC: 99.13 CR: 0.62 Avg R1: 4.70 Avg R2: 8.07 Avg Reward: 12.776438
2026-06-03 06:59:34 [INFO] Epoch: 71 [38400/100000 (38%)]	 Training Loss: 0.039 ACC: 99.16 CR: 0.62 Avg R1: 4.71 Avg R2: 8.06 Avg Reward: 12.777728
2026-06-03 06:59:48 [INFO] Epoch: 71 [51200/100000 (51%)]	 Training Loss: 0.039 ACC: 99.18 CR: 0.62 Avg R1: 4.72 Avg R2: 8.06 Avg Reward: 12.780198
2026-06-03 07:00:01 [INFO] Epoch: 71 [64000/100000 (64%)]	 Training Loss: 0.039 ACC: 99.17 CR: 0.62 Avg R1: 4.73 Avg R2: 8.05 Avg Reward: 12.783280
2026-06-03 07:00:15 [INFO] Epoch: 71 [76800/100000 (77%)]	 Training Loss: 0.039 ACC: 99.18 CR: 0.61 Avg R1: 4.75 Avg R2: 8.04 Avg Reward: 12.786599
2026-06-03 07:00:29 [INFO] Epoch: 71 [89600/100000 (90%)]	 Training Loss: 0.039 ACC: 99.19 CR: 0.61 Avg R1: 4.76 Avg R2: 8.03 Avg Reward: 12.791415
2026-06-03 07:00:40 [INFO] EPOCH:71, ======================CR:0.60494====================
2026-06-03 07:00:40 [INFO] 0.016861824269848304
2026-06-03 07:00:44 [INFO] EPOCH:71, ======================ACC:61.26====================
2026-06-03 07:00:44 [INFO] BEST EPOCH:34,BEST ACC:61.8
2026-06-03 07:00:58 [INFO] Epoch: 72 [12800/100000 (13%)]	 Training Loss: 0.037 ACC: 99.28 CR: 0.60 Avg R1: 4.95 Avg R2: 7.89 Avg Reward: 12.842797
2026-06-03 07:01:12 [INFO] Epoch: 72 [25600/100000 (26%)]	 Training Loss: 0.037 ACC: 99.24 CR: 0.60 Avg R1: 4.97 Avg R2: 7.88 Avg Reward: 12.846004
2026-06-03 07:01:26 [INFO] Epoch: 72 [38400/100000 (38%)]	 Training Loss: 0.037 ACC: 99.24 CR: 0.60 Avg R1: 4.98 Avg R2: 7.87 Avg Reward: 12.849233
2026-06-03 07:01:39 [INFO] Epoch: 72 [51200/100000 (51%)]	 Training Loss: 0.037 ACC: 99.25 CR: 0.59 Avg R1: 5.00 Avg R2: 7.85 Avg Reward: 12.854196
2026-06-03 07:01:53 [INFO] Epoch: 72 [64000/100000 (64%)]	 Training Loss: 0.037 ACC: 99.23 CR: 0.59 Avg R1: 5.02 Avg R2: 7.84 Avg Reward: 12.861291
2026-06-03 07:02:06 [INFO] Epoch: 72 [76800/100000 (77%)]	 Training Loss: 0.037 ACC: 99.23 CR: 0.59 Avg R1: 5.05 Avg R2: 7.82 Avg Reward: 12.869371
2026-06-03 07:02:20 [INFO] Epoch: 72 [89600/100000 (90%)]	 Training Loss: 0.037 ACC: 99.20 CR: 0.58 Avg R1: 5.07 Avg R2: 7.81 Avg Reward: 12.876584
2026-06-03 07:02:31 [INFO] EPOCH:72, ======================CR:0.58335====================
2026-06-03 07:02:31 [INFO] 0.015960534521395564
2026-06-03 07:02:35 [INFO] EPOCH:72, ======================ACC:61.13====================
2026-06-03 07:02:35 [INFO] BEST EPOCH:34,BEST ACC:61.8
2026-06-03 07:02:48 [INFO] Epoch: 73 [12800/100000 (13%)]	 Training Loss: 0.038 ACC: 99.19 CR: 0.58 Avg R1: 5.21 Avg R2: 7.72 Avg Reward: 12.925848
2026-06-03 07:03:02 [INFO] Epoch: 73 [25600/100000 (26%)]	 Training Loss: 0.037 ACC: 99.23 CR: 0.58 Avg R1: 5.21 Avg R2: 7.72 Avg Reward: 12.925341
2026-06-03 07:03:15 [INFO] Epoch: 73 [38400/100000 (38%)]	 Training Loss: 0.037 ACC: 99.23 CR: 0.58 Avg R1: 5.20 Avg R2: 7.72 Avg Reward: 12.923922
2026-06-03 07:03:28 [INFO] Epoch: 73 [51200/100000 (51%)]	 Training Loss: 0.037 ACC: 99.22 CR: 0.59 Avg R1: 5.20 Avg R2: 7.72 Avg Reward: 12.920330
2026-06-03 07:03:41 [INFO] Epoch: 73 [64000/100000 (64%)]	 Training Loss: 0.037 ACC: 99.22 CR: 0.59 Avg R1: 5.19 Avg R2: 7.73 Avg Reward: 12.916768
2026-06-03 07:03:54 [INFO] Epoch: 73 [76800/100000 (77%)]	 Training Loss: 0.037 ACC: 99.21 CR: 0.59 Avg R1: 5.18 Avg R2: 7.73 Avg Reward: 12.914164
2026-06-03 07:04:08 [INFO] Epoch: 73 [89600/100000 (90%)]	 Training Loss: 0.037 ACC: 99.20 CR: 0.59 Avg R1: 5.18 Avg R2: 7.73 Avg Reward: 12.912149
2026-06-03 07:04:19 [INFO] EPOCH:73, ======================CR:0.58752====================
2026-06-03 07:04:19 [INFO] 0.011640529087671714
2026-06-03 07:04:22 [INFO] EPOCH:73, ======================ACC:61.14====================
2026-06-03 07:04:22 [INFO] BEST EPOCH:34,BEST ACC:61.8
2026-06-03 07:04:36 [INFO] Epoch: 74 [12800/100000 (13%)]	 Training Loss: 0.037 ACC: 99.33 CR: 0.59 Avg R1: 5.15 Avg R2: 7.75 Avg Reward: 12.894664
2026-06-03 07:04:49 [INFO] Epoch: 74 [25600/100000 (26%)]	 Training Loss: 0.037 ACC: 99.30 CR: 0.59 Avg R1: 5.14 Avg R2: 7.75 Avg Reward: 12.891197
2026-06-03 07:05:03 [INFO] Epoch: 74 [38400/100000 (38%)]	 Training Loss: 0.038 ACC: 99.26 CR: 0.59 Avg R1: 5.13 Avg R2: 7.76 Avg Reward: 12.888944
2026-06-03 07:05:17 [INFO] Epoch: 74 [51200/100000 (51%)]	 Training Loss: 0.037 ACC: 99.24 CR: 0.59 Avg R1: 5.13 Avg R2: 7.76 Avg Reward: 12.888307
2026-06-03 07:05:31 [INFO] Epoch: 74 [64000/100000 (64%)]	 Training Loss: 0.037 ACC: 99.26 CR: 0.59 Avg R1: 5.13 Avg R2: 7.76 Avg Reward: 12.889827
2026-06-03 07:05:45 [INFO] Epoch: 74 [76800/100000 (77%)]	 Training Loss: 0.037 ACC: 99.27 CR: 0.59 Avg R1: 5.13 Avg R2: 7.76 Avg Reward: 12.890968
2026-06-03 07:05:59 [INFO] Epoch: 74 [89600/100000 (90%)]	 Training Loss: 0.037 ACC: 99.27 CR: 0.59 Avg R1: 5.13 Avg R2: 7.77 Avg Reward: 12.892243
2026-06-03 07:06:11 [INFO] EPOCH:74, ======================CR:0.58962====================
2026-06-03 07:06:11 [INFO] 0.010304069867402866
2026-06-03 07:06:15 [INFO] EPOCH:74, ======================ACC:61.35====================
2026-06-03 07:06:15 [INFO] BEST EPOCH:34,BEST ACC:61.8
2026-06-03 07:06:30 [INFO] Epoch: 75 [12800/100000 (13%)]	 Training Loss: 0.040 ACC: 99.04 CR: 0.59 Avg R1: 5.13 Avg R2: 7.78 Avg Reward: 12.906054
2026-06-03 07:06:44 [INFO] Epoch: 75 [25600/100000 (26%)]	 Training Loss: 0.039 ACC: 99.12 CR: 0.59 Avg R1: 5.12 Avg R2: 7.78 Avg Reward: 12.902881
2026-06-03 07:06:58 [INFO] Epoch: 75 [38400/100000 (38%)]	 Training Loss: 0.039 ACC: 99.17 CR: 0.59 Avg R1: 5.11 Avg R2: 7.79 Avg Reward: 12.899869
2026-06-03 07:07:12 [INFO] Epoch: 75 [51200/100000 (51%)]	 Training Loss: 0.038 ACC: 99.20 CR: 0.59 Avg R1: 5.10 Avg R2: 7.80 Avg Reward: 12.896584
2026-06-03 07:07:26 [INFO] Epoch: 75 [64000/100000 (64%)]	 Training Loss: 0.039 ACC: 99.21 CR: 0.60 Avg R1: 5.09 Avg R2: 7.80 Avg Reward: 12.894290
2026-06-03 07:07:40 [INFO] Epoch: 75 [76800/100000 (77%)]	 Training Loss: 0.038 ACC: 99.22 CR: 0.60 Avg R1: 5.08 Avg R2: 7.81 Avg Reward: 12.891189
2026-06-03 07:07:54 [INFO] Epoch: 75 [89600/100000 (90%)]	 Training Loss: 0.038 ACC: 99.24 CR: 0.60 Avg R1: 5.07 Avg R2: 7.82 Avg Reward: 12.886039
2026-06-03 07:08:05 [INFO] EPOCH:75, ======================CR:0.60768====================
2026-06-03 07:08:05 [INFO] 0.016030601723792275
2026-06-03 07:08:09 [INFO] EPOCH:75, ======================ACC:61.24====================
2026-06-03 07:08:09 [INFO] BEST EPOCH:34,BEST ACC:61.8
2026-06-03 07:08:24 [INFO] Epoch: 76 [12800/100000 (13%)]	 Training Loss: 0.039 ACC: 99.25 CR: 0.61 Avg R1: 4.89 Avg R2: 7.94 Avg Reward: 12.831932
2026-06-03 07:08:38 [INFO] Epoch: 76 [25600/100000 (26%)]	 Training Loss: 0.037 ACC: 99.27 CR: 0.61 Avg R1: 4.88 Avg R2: 7.95 Avg Reward: 12.829641
2026-06-03 07:08:52 [INFO] Epoch: 76 [38400/100000 (38%)]	 Training Loss: 0.038 ACC: 99.25 CR: 0.61 Avg R1: 4.87 Avg R2: 7.96 Avg Reward: 12.825911
2026-06-03 07:09:06 [INFO] Epoch: 76 [51200/100000 (51%)]	 Training Loss: 0.037 ACC: 99.24 CR: 0.61 Avg R1: 4.86 Avg R2: 7.96 Avg Reward: 12.821273
2026-06-03 07:09:20 [INFO] Epoch: 76 [64000/100000 (64%)]	 Training Loss: 0.038 ACC: 99.22 CR: 0.61 Avg R1: 4.85 Avg R2: 7.97 Avg Reward: 12.819111
2026-06-03 07:09:34 [INFO] Epoch: 76 [76800/100000 (77%)]	 Training Loss: 0.038 ACC: 99.21 CR: 0.61 Avg R1: 4.85 Avg R2: 7.97 Avg Reward: 12.817999
2026-06-03 07:09:48 [INFO] Epoch: 76 [89600/100000 (90%)]	 Training Loss: 0.037 ACC: 99.21 CR: 0.61 Avg R1: 4.85 Avg R2: 7.97 Avg Reward: 12.818522
2026-06-03 07:10:00 [INFO] EPOCH:76, ======================CR:0.60743====================
2026-06-03 07:10:00 [INFO] 0.017379680049695645
2026-06-03 07:10:04 [INFO] EPOCH:76, ======================ACC:61.28====================
2026-06-03 07:10:04 [INFO] BEST EPOCH:34,BEST ACC:61.8
2026-06-03 07:10:16 [INFO] Epoch: 77 [12800/100000 (13%)]	 Training Loss: 0.035 ACC: 99.35 CR: 0.60 Avg R1: 4.92 Avg R2: 7.92 Avg Reward: 12.841423
2026-06-03 07:10:28 [INFO] Epoch: 77 [25600/100000 (26%)]	 Training Loss: 0.036 ACC: 99.24 CR: 0.60 Avg R1: 4.94 Avg R2: 7.91 Avg Reward: 12.845052
2026-06-03 07:10:40 [INFO] Epoch: 77 [38400/100000 (38%)]	 Training Loss: 0.036 ACC: 99.24 CR: 0.60 Avg R1: 4.96 Avg R2: 7.89 Avg Reward: 12.850900
2026-06-03 07:10:51 [INFO] Epoch: 77 [51200/100000 (51%)]	 Training Loss: 0.036 ACC: 99.23 CR: 0.60 Avg R1: 4.98 Avg R2: 7.88 Avg Reward: 12.857194
2026-06-03 07:11:03 [INFO] Epoch: 77 [64000/100000 (64%)]	 Training Loss: 0.037 ACC: 99.21 CR: 0.60 Avg R1: 4.99 Avg R2: 7.87 Avg Reward: 12.861092
2026-06-03 07:11:15 [INFO] Epoch: 77 [76800/100000 (77%)]	 Training Loss: 0.037 ACC: 99.22 CR: 0.59 Avg R1: 5.00 Avg R2: 7.86 Avg Reward: 12.862808
2026-06-03 07:11:25 [INFO] Epoch: 77 [89600/100000 (90%)]	 Training Loss: 0.037 ACC: 99.21 CR: 0.59 Avg R1: 5.01 Avg R2: 7.85 Avg Reward: 12.864907
2026-06-03 07:11:33 [INFO] EPOCH:77, ======================CR:0.58899====================
2026-06-03 07:11:33 [INFO] 0.016765466613401173
2026-06-03 07:11:35 [INFO] EPOCH:77, ======================ACC:61.28====================
2026-06-03 07:11:35 [INFO] BEST EPOCH:34,BEST ACC:61.8
2026-06-03 07:11:46 [INFO] Epoch: 78 [12800/100000 (13%)]	 Training Loss: 0.035 ACC: 99.34 CR: 0.59 Avg R1: 5.15 Avg R2: 7.76 Avg Reward: 12.911995
2026-06-03 07:11:57 [INFO] Epoch: 78 [25600/100000 (26%)]	 Training Loss: 0.035 ACC: 99.25 CR: 0.59 Avg R1: 5.16 Avg R2: 7.75 Avg Reward: 12.913274
2026-06-03 07:12:09 [INFO] Epoch: 78 [38400/100000 (38%)]	 Training Loss: 0.035 ACC: 99.27 CR: 0.59 Avg R1: 5.16 Avg R2: 7.75 Avg Reward: 12.914687
2026-06-03 07:12:21 [INFO] Epoch: 78 [51200/100000 (51%)]	 Training Loss: 0.035 ACC: 99.28 CR: 0.58 Avg R1: 5.17 Avg R2: 7.75 Avg Reward: 12.916274
2026-06-03 07:12:33 [INFO] Epoch: 78 [64000/100000 (64%)]	 Training Loss: 0.036 ACC: 99.25 CR: 0.58 Avg R1: 5.17 Avg R2: 7.74 Avg Reward: 12.918167
2026-06-03 07:12:45 [INFO] Epoch: 78 [76800/100000 (77%)]	 Training Loss: 0.036 ACC: 99.24 CR: 0.58 Avg R1: 5.18 Avg R2: 7.74 Avg Reward: 12.920155
2026-06-03 07:12:57 [INFO] Epoch: 78 [89600/100000 (90%)]	 Training Loss: 0.036 ACC: 99.24 CR: 0.58 Avg R1: 5.18 Avg R2: 7.74 Avg Reward: 12.922120
2026-06-03 07:13:07 [INFO] EPOCH:78, ======================CR:0.58235====================
2026-06-03 07:13:07 [INFO] 0.01526060509202714
2026-06-03 07:13:10 [INFO] EPOCH:78, ======================ACC:61.26====================
2026-06-03 07:13:10 [INFO] BEST EPOCH:34,BEST ACC:61.8
2026-06-03 07:13:23 [INFO] Epoch: 79 [12800/100000 (13%)]	 Training Loss: 0.035 ACC: 99.34 CR: 0.58 Avg R1: 5.23 Avg R2: 7.71 Avg Reward: 12.938609
2026-06-03 07:13:35 [INFO] Epoch: 79 [25600/100000 (26%)]	 Training Loss: 0.036 ACC: 99.29 CR: 0.58 Avg R1: 5.23 Avg R2: 7.71 Avg Reward: 12.941299
2026-06-03 07:13:47 [INFO] Epoch: 79 [38400/100000 (38%)]	 Training Loss: 0.036 ACC: 99.28 CR: 0.58 Avg R1: 5.22 Avg R2: 7.72 Avg Reward: 12.941076
2026-06-03 07:13:59 [INFO] Epoch: 79 [51200/100000 (51%)]	 Training Loss: 0.036 ACC: 99.25 CR: 0.58 Avg R1: 5.22 Avg R2: 7.72 Avg Reward: 12.939186
2026-06-03 07:14:11 [INFO] Epoch: 79 [64000/100000 (64%)]	 Training Loss: 0.037 ACC: 99.24 CR: 0.59 Avg R1: 5.21 Avg R2: 7.72 Avg Reward: 12.936983
2026-06-03 07:14:23 [INFO] Epoch: 79 [76800/100000 (77%)]	 Training Loss: 0.036 ACC: 99.26 CR: 0.59 Avg R1: 5.21 Avg R2: 7.73 Avg Reward: 12.934523
2026-06-03 07:14:35 [INFO] Epoch: 79 [89600/100000 (90%)]	 Training Loss: 0.036 ACC: 99.25 CR: 0.59 Avg R1: 5.20 Avg R2: 7.73 Avg Reward: 12.930965
2026-06-03 07:14:45 [INFO] EPOCH:79, ======================CR:0.59181====================
2026-06-03 07:14:45 [INFO] 0.009658978110155573
2026-06-03 07:14:48 [INFO] EPOCH:79, ======================ACC:61.46====================
2026-06-03 07:14:48 [INFO] BEST EPOCH:34,BEST ACC:61.8
2026-06-03 07:15:01 [INFO] Epoch: 80 [12800/100000 (13%)]	 Training Loss: 0.036 ACC: 99.18 CR: 0.59 Avg R1: 5.10 Avg R2: 7.80 Avg Reward: 12.894578
2026-06-03 07:15:13 [INFO] Epoch: 80 [25600/100000 (26%)]	 Training Loss: 0.036 ACC: 99.20 CR: 0.60 Avg R1: 5.08 Avg R2: 7.81 Avg Reward: 12.887670
2026-06-03 07:15:25 [INFO] Epoch: 80 [38400/100000 (38%)]	 Training Loss: 0.038 ACC: 99.17 CR: 0.60 Avg R1: 5.06 Avg R2: 7.82 Avg Reward: 12.881021
2026-06-03 07:15:37 [INFO] Epoch: 80 [51200/100000 (51%)]	 Training Loss: 0.038 ACC: 99.18 CR: 0.60 Avg R1: 5.04 Avg R2: 7.83 Avg Reward: 12.874230
2026-06-03 07:15:49 [INFO] Epoch: 80 [64000/100000 (64%)]	 Training Loss: 0.038 ACC: 99.17 CR: 0.61 Avg R1: 5.02 Avg R2: 7.85 Avg Reward: 12.867764
2026-06-03 07:16:01 [INFO] Epoch: 80 [76800/100000 (77%)]	 Training Loss: 0.038 ACC: 99.17 CR: 0.61 Avg R1: 4.99 Avg R2: 7.87 Avg Reward: 12.859632
2026-06-03 07:16:13 [INFO] Epoch: 80 [89600/100000 (90%)]	 Training Loss: 0.038 ACC: 99.16 CR: 0.62 Avg R1: 4.97 Avg R2: 7.88 Avg Reward: 12.852092
2026-06-03 07:16:23 [INFO] EPOCH:80, ======================CR:0.61795====================
2026-06-03 07:16:23 [INFO] 0.018214000408381233
2026-06-03 07:16:26 [INFO] EPOCH:80, ======================ACC:61.37====================
2026-06-03 07:16:26 [INFO] BEST EPOCH:34,BEST ACC:61.8
2026-06-03 07:16:38 [INFO] Epoch: 81 [12800/100000 (13%)]	 Training Loss: 0.035 ACC: 99.41 CR: 0.62 Avg R1: 4.78 Avg R2: 8.00 Avg Reward: 12.788417
2026-06-03 07:16:50 [INFO] Epoch: 81 [25600/100000 (26%)]	 Training Loss: 0.036 ACC: 99.27 CR: 0.61 Avg R1: 4.79 Avg R2: 8.00 Avg Reward: 12.789921
2026-06-03 07:17:02 [INFO] Epoch: 81 [38400/100000 (38%)]	 Training Loss: 0.036 ACC: 99.26 CR: 0.61 Avg R1: 4.81 Avg R2: 7.99 Avg Reward: 12.792951
2026-06-03 07:17:14 [INFO] Epoch: 81 [51200/100000 (51%)]	 Training Loss: 0.036 ACC: 99.27 CR: 0.61 Avg R1: 4.82 Avg R2: 7.98 Avg Reward: 12.796936
2026-06-03 07:17:26 [INFO] Epoch: 81 [64000/100000 (64%)]	 Training Loss: 0.036 ACC: 99.28 CR: 0.61 Avg R1: 4.83 Avg R2: 7.97 Avg Reward: 12.800258
2026-06-03 07:17:38 [INFO] Epoch: 81 [76800/100000 (77%)]	 Training Loss: 0.036 ACC: 99.28 CR: 0.61 Avg R1: 4.84 Avg R2: 7.97 Avg Reward: 12.802894
2026-06-03 07:17:50 [INFO] Epoch: 81 [89600/100000 (90%)]	 Training Loss: 0.036 ACC: 99.25 CR: 0.61 Avg R1: 4.85 Avg R2: 7.96 Avg Reward: 12.804897
2026-06-03 07:17:59 [INFO] EPOCH:81, ======================CR:0.60371====================
2026-06-03 07:17:59 [INFO] 0.01783151231269794
2026-06-03 07:18:03 [INFO] EPOCH:81, ======================ACC:61.35====================
2026-06-03 07:18:03 [INFO] BEST EPOCH:34,BEST ACC:61.8
2026-06-03 07:18:15 [INFO] Epoch: 82 [12800/100000 (13%)]	 Training Loss: 0.036 ACC: 99.26 CR: 0.60 Avg R1: 4.96 Avg R2: 7.87 Avg Reward: 12.830784
2026-06-03 07:18:27 [INFO] Epoch: 82 [25600/100000 (26%)]	 Training Loss: 0.035 ACC: 99.28 CR: 0.60 Avg R1: 4.97 Avg R2: 7.86 Avg Reward: 12.835174
2026-06-03 07:18:39 [INFO] Epoch: 82 [38400/100000 (38%)]	 Training Loss: 0.035 ACC: 99.29 CR: 0.60 Avg R1: 4.99 Avg R2: 7.85 Avg Reward: 12.842730
2026-06-03 07:18:51 [INFO] Epoch: 82 [51200/100000 (51%)]	 Training Loss: 0.035 ACC: 99.27 CR: 0.59 Avg R1: 5.01 Avg R2: 7.84 Avg Reward: 12.849442
2026-06-03 07:19:03 [INFO] Epoch: 82 [64000/100000 (64%)]	 Training Loss: 0.035 ACC: 99.25 CR: 0.59 Avg R1: 5.02 Avg R2: 7.83 Avg Reward: 12.855533
2026-06-03 07:19:14 [INFO] Epoch: 82 [76800/100000 (77%)]	 Training Loss: 0.035 ACC: 99.25 CR: 0.59 Avg R1: 5.04 Avg R2: 7.82 Avg Reward: 12.862270
2026-06-03 07:19:26 [INFO] Epoch: 82 [89600/100000 (90%)]	 Training Loss: 0.035 ACC: 99.25 CR: 0.58 Avg R1: 5.06 Avg R2: 7.81 Avg Reward: 12.868700
2026-06-03 07:19:36 [INFO] EPOCH:82, ======================CR:0.58039====================
2026-06-03 07:19:36 [INFO] 0.01552421163391935
2026-06-03 07:19:39 [INFO] EPOCH:82, ======================ACC:61.15====================
2026-06-03 07:19:39 [INFO] BEST EPOCH:34,BEST ACC:61.8
2026-06-03 07:19:52 [INFO] Epoch: 83 [12800/100000 (13%)]	 Training Loss: 0.035 ACC: 99.26 CR: 0.58 Avg R1: 5.25 Avg R2: 7.69 Avg Reward: 12.934958
2026-06-03 07:20:04 [INFO] Epoch: 83 [25600/100000 (26%)]	 Training Loss: 0.034 ACC: 99.30 CR: 0.58 Avg R1: 5.25 Avg R2: 7.69 Avg Reward: 12.935607
2026-06-03 07:20:18 [INFO] Epoch: 83 [38400/100000 (38%)]	 Training Loss: 0.035 ACC: 99.28 CR: 0.58 Avg R1: 5.25 Avg R2: 7.68 Avg Reward: 12.938305
2026-06-03 07:20:31 [INFO] Epoch: 83 [51200/100000 (51%)]	 Training Loss: 0.035 ACC: 99.25 CR: 0.58 Avg R1: 5.26 Avg R2: 7.68 Avg Reward: 12.941672
2026-06-03 07:20:45 [INFO] Epoch: 83 [64000/100000 (64%)]	 Training Loss: 0.035 ACC: 99.26 CR: 0.58 Avg R1: 5.26 Avg R2: 7.68 Avg Reward: 12.944782
2026-06-03 07:20:59 [INFO] Epoch: 83 [76800/100000 (77%)]	 Training Loss: 0.036 ACC: 99.26 CR: 0.58 Avg R1: 5.27 Avg R2: 7.68 Avg Reward: 12.946009
2026-06-03 07:21:13 [INFO] Epoch: 83 [89600/100000 (90%)]	 Training Loss: 0.036 ACC: 99.24 CR: 0.58 Avg R1: 5.27 Avg R2: 7.68 Avg Reward: 12.946611
2026-06-03 07:21:24 [INFO] EPOCH:83, ======================CR:0.57616====================
2026-06-03 07:21:24 [INFO] 0.006449696347329806
2026-06-03 07:21:28 [INFO] EPOCH:83, ======================ACC:61.36====================
2026-06-03 07:21:28 [INFO] BEST EPOCH:34,BEST ACC:61.8
2026-06-03 07:21:43 [INFO] Epoch: 84 [12800/100000 (13%)]	 Training Loss: 0.035 ACC: 99.22 CR: 0.58 Avg R1: 5.30 Avg R2: 7.66 Avg Reward: 12.961715
2026-06-03 07:21:57 [INFO] Epoch: 84 [25600/100000 (26%)]	 Training Loss: 0.035 ACC: 99.21 CR: 0.58 Avg R1: 5.29 Avg R2: 7.66 Avg Reward: 12.958204
2026-06-03 07:22:11 [INFO] Epoch: 84 [38400/100000 (38%)]	 Training Loss: 0.035 ACC: 99.22 CR: 0.58 Avg R1: 5.29 Avg R2: 7.66 Avg Reward: 12.956255
2026-06-03 07:22:26 [INFO] Epoch: 84 [51200/100000 (51%)]	 Training Loss: 0.035 ACC: 99.21 CR: 0.58 Avg R1: 5.29 Avg R2: 7.66 Avg Reward: 12.956128
2026-06-03 07:22:40 [INFO] Epoch: 84 [64000/100000 (64%)]	 Training Loss: 0.036 ACC: 99.21 CR: 0.58 Avg R1: 5.29 Avg R2: 7.66 Avg Reward: 12.955815
2026-06-03 07:22:54 [INFO] Epoch: 84 [76800/100000 (77%)]	 Training Loss: 0.035 ACC: 99.24 CR: 0.57 Avg R1: 5.30 Avg R2: 7.66 Avg Reward: 12.956224
2026-06-03 07:23:08 [INFO] Epoch: 84 [89600/100000 (90%)]	 Training Loss: 0.035 ACC: 99.25 CR: 0.57 Avg R1: 5.31 Avg R2: 7.65 Avg Reward: 12.958101
2026-06-03 07:23:19 [INFO] EPOCH:84, ======================CR:0.57132====================
2026-06-03 07:23:19 [INFO] 0.010658767064292925
2026-06-03 07:23:23 [INFO] EPOCH:84, ======================ACC:61.38====================
2026-06-03 07:23:23 [INFO] BEST EPOCH:34,BEST ACC:61.8
2026-06-03 07:23:37 [INFO] Epoch: 85 [12800/100000 (13%)]	 Training Loss: 0.037 ACC: 99.15 CR: 0.57 Avg R1: 5.35 Avg R2: 7.62 Avg Reward: 12.974262
2026-06-03 07:23:52 [INFO] Epoch: 85 [25600/100000 (26%)]	 Training Loss: 0.035 ACC: 99.27 CR: 0.57 Avg R1: 5.34 Avg R2: 7.63 Avg Reward: 12.966476
2026-06-03 07:24:06 [INFO] Epoch: 85 [38400/100000 (38%)]	 Training Loss: 0.035 ACC: 99.28 CR: 0.57 Avg R1: 5.33 Avg R2: 7.63 Avg Reward: 12.960886
2026-06-03 07:24:20 [INFO] Epoch: 85 [51200/100000 (51%)]	 Training Loss: 0.035 ACC: 99.28 CR: 0.57 Avg R1: 5.33 Avg R2: 7.63 Avg Reward: 12.959235
2026-06-03 07:24:34 [INFO] Epoch: 85 [64000/100000 (64%)]	 Training Loss: 0.036 ACC: 99.25 CR: 0.57 Avg R1: 5.33 Avg R2: 7.63 Avg Reward: 12.959352
2026-06-03 07:24:48 [INFO] Epoch: 85 [76800/100000 (77%)]	 Training Loss: 0.035 ACC: 99.27 CR: 0.57 Avg R1: 5.34 Avg R2: 7.62 Avg Reward: 12.959999
2026-06-03 07:25:01 [INFO] Epoch: 85 [89600/100000 (90%)]	 Training Loss: 0.035 ACC: 99.27 CR: 0.57 Avg R1: 5.34 Avg R2: 7.62 Avg Reward: 12.960895
2026-06-03 07:25:13 [INFO] EPOCH:85, ======================CR:0.56963====================
2026-06-03 07:25:13 [INFO] 0.012303606555882968
2026-06-03 07:25:17 [INFO] EPOCH:85, ======================ACC:61.47====================
2026-06-03 07:25:17 [INFO] BEST EPOCH:34,BEST ACC:61.8
2026-06-03 07:25:31 [INFO] Epoch: 86 [12800/100000 (13%)]	 Training Loss: 0.034 ACC: 99.27 CR: 0.57 Avg R1: 5.39 Avg R2: 7.58 Avg Reward: 12.968013
2026-06-03 07:25:45 [INFO] Epoch: 86 [25600/100000 (26%)]	 Training Loss: 0.034 ACC: 99.23 CR: 0.57 Avg R1: 5.39 Avg R2: 7.58 Avg Reward: 12.968480
2026-06-03 07:25:58 [INFO] Epoch: 86 [38400/100000 (38%)]	 Training Loss: 0.035 ACC: 99.20 CR: 0.57 Avg R1: 5.39 Avg R2: 7.58 Avg Reward: 12.972530
2026-06-03 07:26:12 [INFO] Epoch: 86 [51200/100000 (51%)]	 Training Loss: 0.035 ACC: 99.21 CR: 0.57 Avg R1: 5.39 Avg R2: 7.58 Avg Reward: 12.975203
2026-06-03 07:26:26 [INFO] Epoch: 86 [64000/100000 (64%)]	 Training Loss: 0.034 ACC: 99.23 CR: 0.57 Avg R1: 5.40 Avg R2: 7.58 Avg Reward: 12.978221
2026-06-03 07:26:40 [INFO] Epoch: 86 [76800/100000 (77%)]	 Training Loss: 0.035 ACC: 99.24 CR: 0.56 Avg R1: 5.40 Avg R2: 7.58 Avg Reward: 12.982070
2026-06-03 07:26:54 [INFO] Epoch: 86 [89600/100000 (90%)]	 Training Loss: 0.035 ACC: 99.24 CR: 0.56 Avg R1: 5.41 Avg R2: 7.58 Avg Reward: 12.985256
2026-06-03 07:27:06 [INFO] EPOCH:86, ======================CR:0.56283====================
2026-06-03 07:27:06 [INFO] 0.015997128572382398
2026-06-03 07:27:10 [INFO] EPOCH:86, ======================ACC:61.28====================
2026-06-03 07:27:10 [INFO] BEST EPOCH:34,BEST ACC:61.8
2026-06-03 07:27:24 [INFO] Epoch: 87 [12800/100000 (13%)]	 Training Loss: 0.036 ACC: 99.02 CR: 0.56 Avg R1: 5.46 Avg R2: 7.55 Avg Reward: 13.008548
2026-06-03 07:27:38 [INFO] Epoch: 87 [25600/100000 (26%)]	 Training Loss: 0.034 ACC: 99.20 CR: 0.56 Avg R1: 5.46 Avg R2: 7.55 Avg Reward: 13.010198
2026-06-03 07:27:52 [INFO] Epoch: 87 [38400/100000 (38%)]	 Training Loss: 0.035 ACC: 99.17 CR: 0.56 Avg R1: 5.46 Avg R2: 7.55 Avg Reward: 13.010817
2026-06-03 07:28:06 [INFO] Epoch: 87 [51200/100000 (51%)]	 Training Loss: 0.035 ACC: 99.18 CR: 0.56 Avg R1: 5.46 Avg R2: 7.55 Avg Reward: 13.012573
2026-06-03 07:28:21 [INFO] Epoch: 87 [64000/100000 (64%)]	 Training Loss: 0.035 ACC: 99.21 CR: 0.56 Avg R1: 5.47 Avg R2: 7.55 Avg Reward: 13.013431
2026-06-03 07:28:35 [INFO] Epoch: 87 [76800/100000 (77%)]	 Training Loss: 0.035 ACC: 99.21 CR: 0.56 Avg R1: 5.47 Avg R2: 7.55 Avg Reward: 13.013102
2026-06-03 07:28:49 [INFO] Epoch: 87 [89600/100000 (90%)]	 Training Loss: 0.035 ACC: 99.23 CR: 0.56 Avg R1: 5.47 Avg R2: 7.54 Avg Reward: 13.011680
2026-06-03 07:29:00 [INFO] EPOCH:87, ======================CR:0.56327====================
2026-06-03 07:29:00 [INFO] 0.00917628281036899
2026-06-03 07:29:04 [INFO] EPOCH:87, ======================ACC:61.22====================
2026-06-03 07:29:04 [INFO] BEST EPOCH:34,BEST ACC:61.8
2026-06-03 07:29:19 [INFO] Epoch: 88 [12800/100000 (13%)]	 Training Loss: 0.033 ACC: 99.41 CR: 0.56 Avg R1: 5.46 Avg R2: 7.54 Avg Reward: 13.004426
2026-06-03 07:29:33 [INFO] Epoch: 88 [25600/100000 (26%)]	 Training Loss: 0.033 ACC: 99.38 CR: 0.56 Avg R1: 5.47 Avg R2: 7.54 Avg Reward: 13.006930
2026-06-03 07:29:47 [INFO] Epoch: 88 [38400/100000 (38%)]	 Training Loss: 0.033 ACC: 99.33 CR: 0.56 Avg R1: 5.47 Avg R2: 7.54 Avg Reward: 13.007392
2026-06-03 07:30:00 [INFO] Epoch: 88 [51200/100000 (51%)]	 Training Loss: 0.033 ACC: 99.30 CR: 0.56 Avg R1: 5.47 Avg R2: 7.54 Avg Reward: 13.007024
2026-06-03 07:30:15 [INFO] Epoch: 88 [64000/100000 (64%)]	 Training Loss: 0.034 ACC: 99.32 CR: 0.56 Avg R1: 5.47 Avg R2: 7.53 Avg Reward: 13.006628
2026-06-03 07:30:29 [INFO] Epoch: 88 [76800/100000 (77%)]	 Training Loss: 0.034 ACC: 99.33 CR: 0.56 Avg R1: 5.47 Avg R2: 7.53 Avg Reward: 13.006616
2026-06-03 07:30:43 [INFO] Epoch: 88 [89600/100000 (90%)]	 Training Loss: 0.034 ACC: 99.31 CR: 0.56 Avg R1: 5.48 Avg R2: 7.53 Avg Reward: 13.007044
2026-06-03 07:30:55 [INFO] EPOCH:88, ======================CR:0.55961====================
2026-06-03 07:30:55 [INFO] 0.014250969099651473
2026-06-03 07:30:58 [INFO] EPOCH:88, ======================ACC:61.2====================
2026-06-03 07:30:58 [INFO] BEST EPOCH:34,BEST ACC:61.8
2026-06-03 07:31:12 [INFO] Epoch: 89 [12800/100000 (13%)]	 Training Loss: 0.034 ACC: 99.36 CR: 0.56 Avg R1: 5.51 Avg R2: 7.51 Avg Reward: 13.018924
2026-06-03 07:31:26 [INFO] Epoch: 89 [25600/100000 (26%)]	 Training Loss: 0.034 ACC: 99.30 CR: 0.56 Avg R1: 5.50 Avg R2: 7.51 Avg Reward: 13.018161
2026-06-03 07:31:40 [INFO] Epoch: 89 [38400/100000 (38%)]	 Training Loss: 0.035 ACC: 99.26 CR: 0.56 Avg R1: 5.50 Avg R2: 7.51 Avg Reward: 13.015575
2026-06-03 07:31:54 [INFO] Epoch: 89 [51200/100000 (51%)]	 Training Loss: 0.035 ACC: 99.26 CR: 0.56 Avg R1: 5.50 Avg R2: 7.52 Avg Reward: 13.012358
2026-06-03 07:32:08 [INFO] Epoch: 89 [64000/100000 (64%)]	 Training Loss: 0.035 ACC: 99.28 CR: 0.56 Avg R1: 5.49 Avg R2: 7.52 Avg Reward: 13.010292
2026-06-03 07:32:22 [INFO] Epoch: 89 [76800/100000 (77%)]	 Training Loss: 0.034 ACC: 99.28 CR: 0.56 Avg R1: 5.49 Avg R2: 7.52 Avg Reward: 13.009370
2026-06-03 07:32:35 [INFO] Epoch: 89 [89600/100000 (90%)]	 Training Loss: 0.034 ACC: 99.29 CR: 0.56 Avg R1: 5.49 Avg R2: 7.52 Avg Reward: 13.008874
2026-06-03 07:32:47 [INFO] EPOCH:89, ======================CR:0.5612====================
2026-06-03 07:32:47 [INFO] 0.006356642599352118
2026-06-03 07:32:50 [INFO] EPOCH:89, ======================ACC:61.25====================
2026-06-03 07:32:50 [INFO] BEST EPOCH:34,BEST ACC:61.8
2026-06-03 07:32:50 [INFO] Saved standard mask to /nvme/home/lixiang/baseline/mask/tinyimagenet/42/mask_20.npz, epoch=89, acc=61.2500, reason=final_fallback, selected=20000/100000
