2026-06-03 10:14:54 [INFO] Args: {'momentum': 0.9, 'log_interval': 50, 'weight_decay': 0.0001, 'lr': 0.1, 'batch_size': 256, 'seed': 42, 'device': '5', 'resume': False, 'cutout_length': 16, 'root': '/nvme/home/lixiang/baseline/data', 'output_root': '/nvme/home/lixiang/baseline/mask', 'dataset': 'Tiny-Imagenet', 'save_model': False, 'num_worker': 8, 'compression_rate': 0.4, 'keep_ratio': 40, 'epoches': 90, 'model': 'resnet18', 'action_dim': 1, 'state_dim': 512, 'dataset_out': 'tinyimagenet'}
2026-06-03 10:14:54 [INFO] Loaded dataset Tiny-Imagenet: train=100000, test=10000
2026-06-03 10:16:53 [INFO] Epoch: 0 [12800/100000 (13%)]	 Training Loss: 2.021 ACC: 12.14 CR: 0.94 Avg R1: 0.55 Avg R2: 9.46 Avg Reward: 10.017266
2026-06-03 10:17:07 [INFO] Epoch: 0 [25600/100000 (26%)]	 Training Loss: 1.983 ACC: 12.95 CR: 0.87 Avg R1: 1.09 Avg R2: 9.15 Avg Reward: 10.238298
2026-06-03 10:17:20 [INFO] Epoch: 0 [38400/100000 (38%)]	 Training Loss: 1.968 ACC: 13.32 CR: 0.81 Avg R1: 1.63 Avg R2: 8.83 Avg Reward: 10.464723
2026-06-03 10:17:34 [INFO] Epoch: 0 [51200/100000 (51%)]	 Training Loss: 1.949 ACC: 13.89 CR: 0.74 Avg R1: 2.18 Avg R2: 8.52 Avg Reward: 10.691920
2026-06-03 10:17:47 [INFO] Epoch: 0 [64000/100000 (64%)]	 Training Loss: 1.935 ACC: 14.49 CR: 0.68 Avg R1: 2.72 Avg R2: 8.20 Avg Reward: 10.916891
2026-06-03 10:18:01 [INFO] Epoch: 0 [76800/100000 (77%)]	 Training Loss: 1.924 ACC: 14.88 CR: 0.61 Avg R1: 3.25 Avg R2: 7.89 Avg Reward: 11.140440
2026-06-03 10:18:15 [INFO] Epoch: 0 [89600/100000 (90%)]	 Training Loss: 1.910 ACC: 15.25 CR: 0.55 Avg R1: 3.79 Avg R2: 7.57 Avg Reward: 11.363643
2026-06-03 10:18:26 [INFO] EPOCH:0, ======================CR:0.49452====================
2026-06-03 10:18:26 [INFO] 0.001862135705024922
2026-06-03 10:18:30 [INFO] EPOCH:0, ======================ACC:16.24====================
2026-06-03 10:18:30 [INFO] BEST EPOCH:0,BEST ACC:16.24
2026-06-03 10:18:44 [INFO] Epoch: 1 [12800/100000 (13%)]	 Training Loss: 1.754 ACC: 19.67 CR: 0.49 Avg R1: 8.43 Avg R2: 4.97 Avg Reward: 13.400932
2026-06-03 10:18:56 [INFO] Epoch: 1 [25600/100000 (26%)]	 Training Loss: 1.760 ACC: 19.84 CR: 0.49 Avg R1: 8.43 Avg R2: 4.97 Avg Reward: 13.403677
2026-06-03 10:19:09 [INFO] Epoch: 1 [38400/100000 (38%)]	 Training Loss: 1.753 ACC: 20.10 CR: 0.49 Avg R1: 8.43 Avg R2: 4.97 Avg Reward: 13.401836
2026-06-03 10:19:23 [INFO] Epoch: 1 [51200/100000 (51%)]	 Training Loss: 1.745 ACC: 20.31 CR: 0.49 Avg R1: 8.43 Avg R2: 4.97 Avg Reward: 13.402926
2026-06-03 10:19:36 [INFO] Epoch: 1 [64000/100000 (64%)]	 Training Loss: 1.733 ACC: 20.63 CR: 0.49 Avg R1: 8.44 Avg R2: 4.97 Avg Reward: 13.406392
2026-06-03 10:19:50 [INFO] Epoch: 1 [76800/100000 (77%)]	 Training Loss: 1.721 ACC: 21.01 CR: 0.49 Avg R1: 8.44 Avg R2: 4.97 Avg Reward: 13.408467
2026-06-03 10:20:03 [INFO] Epoch: 1 [89600/100000 (90%)]	 Training Loss: 1.718 ACC: 21.23 CR: 0.49 Avg R1: 8.44 Avg R2: 4.97 Avg Reward: 13.409303
2026-06-03 10:20:14 [INFO] EPOCH:1, ======================CR:0.49187====================
2026-06-03 10:20:14 [INFO] 0.0003791891230514444
2026-06-03 10:20:18 [INFO] EPOCH:1, ======================ACC:22.19====================
2026-06-03 10:20:18 [INFO] BEST EPOCH:1,BEST ACC:22.19
2026-06-03 10:20:32 [INFO] Epoch: 2 [12800/100000 (13%)]	 Training Loss: 1.609 ACC: 25.45 CR: 0.49 Avg R1: 8.47 Avg R2: 5.22 Avg Reward: 13.694322
2026-06-03 10:20:46 [INFO] Epoch: 2 [25600/100000 (26%)]	 Training Loss: 1.617 ACC: 25.32 CR: 0.49 Avg R1: 8.46 Avg R2: 5.23 Avg Reward: 13.687080
2026-06-03 10:20:59 [INFO] Epoch: 2 [38400/100000 (38%)]	 Training Loss: 1.611 ACC: 25.42 CR: 0.49 Avg R1: 8.45 Avg R2: 5.23 Avg Reward: 13.681657
2026-06-03 10:21:13 [INFO] Epoch: 2 [51200/100000 (51%)]	 Training Loss: 1.608 ACC: 25.55 CR: 0.49 Avg R1: 8.45 Avg R2: 5.23 Avg Reward: 13.678253
2026-06-03 10:21:27 [INFO] Epoch: 2 [64000/100000 (64%)]	 Training Loss: 1.602 ACC: 25.77 CR: 0.50 Avg R1: 8.44 Avg R2: 5.23 Avg Reward: 13.674613
2026-06-03 10:21:40 [INFO] Epoch: 2 [76800/100000 (77%)]	 Training Loss: 1.597 ACC: 25.89 CR: 0.50 Avg R1: 8.43 Avg R2: 5.24 Avg Reward: 13.668094
2026-06-03 10:21:54 [INFO] Epoch: 2 [89600/100000 (90%)]	 Training Loss: 1.587 ACC: 26.19 CR: 0.50 Avg R1: 8.42 Avg R2: 5.24 Avg Reward: 13.663384
2026-06-03 10:22:05 [INFO] EPOCH:2, ======================CR:0.4954====================
2026-06-03 10:22:05 [INFO] 0.0005436486169641566
2026-06-03 10:22:09 [INFO] EPOCH:2, ======================ACC:24.16====================
2026-06-03 10:22:09 [INFO] BEST EPOCH:2,BEST ACC:24.16
2026-06-03 10:22:23 [INFO] Epoch: 3 [12800/100000 (13%)]	 Training Loss: 1.478 ACC: 29.74 CR: 0.50 Avg R1: 8.41 Avg R2: 5.31 Avg Reward: 13.716502
2026-06-03 10:22:37 [INFO] Epoch: 3 [25600/100000 (26%)]	 Training Loss: 1.485 ACC: 29.80 CR: 0.50 Avg R1: 8.40 Avg R2: 5.31 Avg Reward: 13.713561
2026-06-03 10:22:51 [INFO] Epoch: 3 [38400/100000 (38%)]	 Training Loss: 1.479 ACC: 30.01 CR: 0.50 Avg R1: 8.40 Avg R2: 5.31 Avg Reward: 13.713424
2026-06-03 10:23:05 [INFO] Epoch: 3 [51200/100000 (51%)]	 Training Loss: 1.480 ACC: 30.09 CR: 0.50 Avg R1: 8.40 Avg R2: 5.31 Avg Reward: 13.712277
2026-06-03 10:23:18 [INFO] Epoch: 3 [64000/100000 (64%)]	 Training Loss: 1.476 ACC: 30.32 CR: 0.50 Avg R1: 8.40 Avg R2: 5.31 Avg Reward: 13.713146
2026-06-03 10:23:32 [INFO] Epoch: 3 [76800/100000 (77%)]	 Training Loss: 1.469 ACC: 30.63 CR: 0.49 Avg R1: 8.40 Avg R2: 5.31 Avg Reward: 13.714198
2026-06-03 10:23:45 [INFO] Epoch: 3 [89600/100000 (90%)]	 Training Loss: 1.463 ACC: 30.87 CR: 0.49 Avg R1: 8.41 Avg R2: 5.31 Avg Reward: 13.715554
2026-06-03 10:23:56 [INFO] EPOCH:3, ======================CR:0.49551====================
2026-06-03 10:23:56 [INFO] -0.0016346901626148871
2026-06-03 10:24:00 [INFO] EPOCH:3, ======================ACC:29.9====================
2026-06-03 10:24:00 [INFO] BEST EPOCH:3,BEST ACC:29.9
2026-06-03 10:24:14 [INFO] Epoch: 4 [12800/100000 (13%)]	 Training Loss: 1.382 ACC: 34.27 CR: 0.50 Avg R1: 8.40 Avg R2: 5.37 Avg Reward: 13.773984
2026-06-03 10:24:28 [INFO] Epoch: 4 [25600/100000 (26%)]	 Training Loss: 1.387 ACC: 34.05 CR: 0.49 Avg R1: 8.41 Avg R2: 5.37 Avg Reward: 13.778857
2026-06-03 10:24:41 [INFO] Epoch: 4 [38400/100000 (38%)]	 Training Loss: 1.391 ACC: 33.88 CR: 0.50 Avg R1: 8.41 Avg R2: 5.37 Avg Reward: 13.778509
2026-06-03 10:24:55 [INFO] Epoch: 4 [51200/100000 (51%)]	 Training Loss: 1.392 ACC: 34.06 CR: 0.50 Avg R1: 8.40 Avg R2: 5.37 Avg Reward: 13.774550
2026-06-03 10:25:09 [INFO] Epoch: 4 [64000/100000 (64%)]	 Training Loss: 1.419 ACC: 34.25 CR: 0.51 Avg R1: 8.38 Avg R2: 5.38 Avg Reward: 13.758483
2026-06-03 10:25:22 [INFO] Epoch: 4 [76800/100000 (77%)]	 Training Loss: 1.444 ACC: 34.30 CR: 0.53 Avg R1: 8.32 Avg R2: 5.40 Avg Reward: 13.720225
2026-06-03 10:25:36 [INFO] Epoch: 4 [89600/100000 (90%)]	 Training Loss: 1.481 ACC: 34.41 CR: 0.55 Avg R1: 8.23 Avg R2: 5.43 Avg Reward: 13.664331
2026-06-03 10:25:47 [INFO] EPOCH:4, ======================CR:0.57423====================
2026-06-03 10:25:47 [INFO] 0.0021305134488043727
2026-06-03 10:25:51 [INFO] EPOCH:4, ======================ACC:31.62====================
2026-06-03 10:25:51 [INFO] BEST EPOCH:4,BEST ACC:31.62
2026-06-03 10:26:05 [INFO] Epoch: 5 [12800/100000 (13%)]	 Training Loss: 1.605 ACC: 36.92 CR: 0.59 Avg R1: 6.99 Avg R2: 5.94 Avg Reward: 12.925146
2026-06-03 10:26:19 [INFO] Epoch: 5 [25600/100000 (26%)]	 Training Loss: 1.692 ACC: 36.55 CR: 0.62 Avg R1: 6.81 Avg R2: 6.01 Avg Reward: 12.821169
2026-06-03 10:26:33 [INFO] Epoch: 5 [38400/100000 (38%)]	 Training Loss: 1.704 ACC: 36.65 CR: 0.64 Avg R1: 6.61 Avg R2: 6.09 Avg Reward: 12.702576
2026-06-03 10:26:46 [INFO] Epoch: 5 [51200/100000 (51%)]	 Training Loss: 1.716 ACC: 36.82 CR: 0.67 Avg R1: 6.41 Avg R2: 6.17 Avg Reward: 12.579010
2026-06-03 10:26:59 [INFO] Epoch: 5 [64000/100000 (64%)]	 Training Loss: 1.720 ACC: 36.92 CR: 0.69 Avg R1: 6.20 Avg R2: 6.26 Avg Reward: 12.452900
2026-06-03 10:27:12 [INFO] Epoch: 5 [76800/100000 (77%)]	 Training Loss: 1.706 ACC: 37.04 CR: 0.71 Avg R1: 5.99 Avg R2: 6.34 Avg Reward: 12.330026
2026-06-03 10:27:26 [INFO] Epoch: 5 [89600/100000 (90%)]	 Training Loss: 1.676 ACC: 37.25 CR: 0.72 Avg R1: 5.81 Avg R2: 6.41 Avg Reward: 12.222415
2026-06-03 10:27:37 [INFO] EPOCH:5, ======================CR:0.73659====================
2026-06-03 10:27:37 [INFO] 0.0075509792523131974
2026-06-03 10:27:41 [INFO] EPOCH:5, ======================ACC:33.44====================
2026-06-03 10:27:41 [INFO] BEST EPOCH:5,BEST ACC:33.44
2026-06-03 10:27:55 [INFO] Epoch: 6 [12800/100000 (13%)]	 Training Loss: 1.629 ACC: 39.91 CR: 0.74 Avg R1: 4.35 Avg R2: 6.94 Avg Reward: 11.288533
2026-06-03 10:28:09 [INFO] Epoch: 6 [25600/100000 (26%)]	 Training Loss: 1.613 ACC: 40.08 CR: 0.74 Avg R1: 4.34 Avg R2: 6.94 Avg Reward: 11.281532
2026-06-03 10:28:22 [INFO] Epoch: 6 [38400/100000 (38%)]	 Training Loss: 1.621 ACC: 40.14 CR: 0.74 Avg R1: 4.33 Avg R2: 6.95 Avg Reward: 11.272705
2026-06-03 10:28:35 [INFO] Epoch: 6 [51200/100000 (51%)]	 Training Loss: 1.622 ACC: 40.37 CR: 0.75 Avg R1: 4.30 Avg R2: 6.96 Avg Reward: 11.256159
2026-06-03 10:28:48 [INFO] Epoch: 6 [64000/100000 (64%)]	 Training Loss: 1.637 ACC: 40.40 CR: 0.76 Avg R1: 4.26 Avg R2: 6.98 Avg Reward: 11.231198
2026-06-03 10:29:02 [INFO] Epoch: 6 [76800/100000 (77%)]	 Training Loss: 1.671 ACC: 40.47 CR: 0.78 Avg R1: 4.18 Avg R2: 7.01 Avg Reward: 11.189348
2026-06-03 10:29:16 [INFO] Epoch: 6 [89600/100000 (90%)]	 Training Loss: 1.692 ACC: 40.57 CR: 0.80 Avg R1: 4.08 Avg R2: 7.05 Avg Reward: 11.133356
2026-06-03 10:29:27 [INFO] EPOCH:6, ======================CR:0.81438====================
2026-06-03 10:29:27 [INFO] 0.014885780643871306
2026-06-03 10:29:31 [INFO] EPOCH:6, ======================ACC:37.1====================
2026-06-03 10:29:31 [INFO] BEST EPOCH:6,BEST ACC:37.1
2026-06-03 10:29:45 [INFO] Epoch: 7 [12800/100000 (13%)]	 Training Loss: 1.713 ACC: 43.70 CR: 0.82 Avg R1: 3.02 Avg R2: 7.50 Avg Reward: 10.515450
2026-06-03 10:29:58 [INFO] Epoch: 7 [25600/100000 (26%)]	 Training Loss: 1.765 ACC: 43.82 CR: 0.84 Avg R1: 2.91 Avg R2: 7.55 Avg Reward: 10.461680
2026-06-03 10:30:12 [INFO] Epoch: 7 [38400/100000 (38%)]	 Training Loss: 1.784 ACC: 43.61 CR: 0.85 Avg R1: 2.79 Avg R2: 7.61 Avg Reward: 10.400831
2026-06-03 10:30:26 [INFO] Epoch: 7 [51200/100000 (51%)]	 Training Loss: 1.763 ACC: 43.44 CR: 0.86 Avg R1: 2.68 Avg R2: 7.67 Avg Reward: 10.349924
2026-06-03 10:30:40 [INFO] Epoch: 7 [64000/100000 (64%)]	 Training Loss: 1.742 ACC: 43.42 CR: 0.86 Avg R1: 2.60 Avg R2: 7.71 Avg Reward: 10.310314
2026-06-03 10:30:53 [INFO] Epoch: 7 [76800/100000 (77%)]	 Training Loss: 1.741 ACC: 43.50 CR: 0.87 Avg R1: 2.53 Avg R2: 7.74 Avg Reward: 10.275533
2026-06-03 10:31:07 [INFO] Epoch: 7 [89600/100000 (90%)]	 Training Loss: 1.755 ACC: 43.56 CR: 0.89 Avg R1: 2.45 Avg R2: 7.78 Avg Reward: 10.234052
2026-06-03 10:31:17 [INFO] EPOCH:7, ======================CR:0.90548====================
2026-06-03 10:31:17 [INFO] 0.026285421507897238
2026-06-03 10:31:21 [INFO] EPOCH:7, ======================ACC:32.52====================
2026-06-03 10:31:21 [INFO] BEST EPOCH:6,BEST ACC:37.1
2026-06-03 10:31:35 [INFO] Epoch: 8 [12800/100000 (13%)]	 Training Loss: 1.729 ACC: 47.11 CR: 0.91 Avg R1: 1.52 Avg R2: 8.23 Avg Reward: 9.750724
2026-06-03 10:31:48 [INFO] Epoch: 8 [25600/100000 (26%)]	 Training Loss: 1.720 ACC: 46.91 CR: 0.92 Avg R1: 1.48 Avg R2: 8.25 Avg Reward: 9.732371
2026-06-03 10:32:02 [INFO] Epoch: 8 [38400/100000 (38%)]	 Training Loss: 1.711 ACC: 46.48 CR: 0.92 Avg R1: 1.45 Avg R2: 8.27 Avg Reward: 9.719194
2026-06-03 10:32:16 [INFO] Epoch: 8 [51200/100000 (51%)]	 Training Loss: 1.676 ACC: 46.62 CR: 0.91 Avg R1: 1.44 Avg R2: 8.27 Avg Reward: 9.712754
2026-06-03 10:32:30 [INFO] Epoch: 8 [64000/100000 (64%)]	 Training Loss: 1.637 ACC: 46.59 CR: 0.90 Avg R1: 1.47 Avg R2: 8.26 Avg Reward: 9.724306
2026-06-03 10:32:43 [INFO] Epoch: 8 [76800/100000 (77%)]	 Training Loss: 1.611 ACC: 46.71 CR: 0.89 Avg R1: 1.52 Avg R2: 8.23 Avg Reward: 9.749778
2026-06-03 10:32:57 [INFO] Epoch: 8 [89600/100000 (90%)]	 Training Loss: 1.581 ACC: 46.95 CR: 0.87 Avg R1: 1.59 Avg R2: 8.20 Avg Reward: 9.784624
2026-06-03 10:33:08 [INFO] EPOCH:8, ======================CR:0.85984====================
2026-06-03 10:33:08 [INFO] 0.0209545280268067
2026-06-03 10:33:12 [INFO] EPOCH:8, ======================ACC:45.15====================
2026-06-03 10:33:12 [INFO] BEST EPOCH:8,BEST ACC:45.15
2026-06-03 10:33:26 [INFO] Epoch: 9 [12800/100000 (13%)]	 Training Loss: 1.330 ACC: 50.42 CR: 0.85 Avg R1: 2.41 Avg R2: 7.77 Avg Reward: 10.187582
2026-06-03 10:33:40 [INFO] Epoch: 9 [25600/100000 (26%)]	 Training Loss: 1.293 ACC: 50.33 CR: 0.83 Avg R1: 2.52 Avg R2: 7.72 Avg Reward: 10.241928
2026-06-03 10:33:54 [INFO] Epoch: 9 [38400/100000 (38%)]	 Training Loss: 1.261 ACC: 50.16 CR: 0.81 Avg R1: 2.67 Avg R2: 7.65 Avg Reward: 10.325235
2026-06-03 10:34:07 [INFO] Epoch: 9 [51200/100000 (51%)]	 Training Loss: 1.261 ACC: 50.41 CR: 0.79 Avg R1: 2.84 Avg R2: 7.58 Avg Reward: 10.412254
2026-06-03 10:34:21 [INFO] Epoch: 9 [64000/100000 (64%)]	 Training Loss: 1.275 ACC: 50.35 CR: 0.78 Avg R1: 2.97 Avg R2: 7.51 Avg Reward: 10.485808
2026-06-03 10:34:35 [INFO] Epoch: 9 [76800/100000 (77%)]	 Training Loss: 1.273 ACC: 50.47 CR: 0.77 Avg R1: 3.10 Avg R2: 7.45 Avg Reward: 10.554257
2026-06-03 10:34:47 [INFO] Epoch: 9 [89600/100000 (90%)]	 Training Loss: 1.273 ACC: 50.56 CR: 0.75 Avg R1: 3.23 Avg R2: 7.39 Avg Reward: 10.624086
2026-06-03 10:34:56 [INFO] EPOCH:9, ======================CR:0.73985====================
2026-06-03 10:34:56 [INFO] 0.014802676748879438
2026-06-03 10:34:59 [INFO] EPOCH:9, ======================ACC:43.52====================
2026-06-03 10:34:59 [INFO] BEST EPOCH:8,BEST ACC:45.15
2026-06-03 10:35:11 [INFO] Epoch: 10 [12800/100000 (13%)]	 Training Loss: 1.206 ACC: 52.73 CR: 0.74 Avg R1: 4.34 Avg R2: 6.98 Avg Reward: 11.318574
2026-06-03 10:35:24 [INFO] Epoch: 10 [25600/100000 (26%)]	 Training Loss: 1.163 ACC: 53.12 CR: 0.73 Avg R1: 4.37 Avg R2: 6.97 Avg Reward: 11.340781
2026-06-03 10:35:36 [INFO] Epoch: 10 [38400/100000 (38%)]	 Training Loss: 1.152 ACC: 53.09 CR: 0.72 Avg R1: 4.43 Avg R2: 6.95 Avg Reward: 11.377358
2026-06-03 10:35:48 [INFO] Epoch: 10 [51200/100000 (51%)]	 Training Loss: 1.156 ACC: 53.09 CR: 0.72 Avg R1: 4.49 Avg R2: 6.92 Avg Reward: 11.412408
2026-06-03 10:36:01 [INFO] Epoch: 10 [64000/100000 (64%)]	 Training Loss: 1.161 ACC: 53.23 CR: 0.72 Avg R1: 4.53 Avg R2: 6.91 Avg Reward: 11.437967
2026-06-03 10:36:13 [INFO] Epoch: 10 [76800/100000 (77%)]	 Training Loss: 1.168 ACC: 52.92 CR: 0.71 Avg R1: 4.57 Avg R2: 6.89 Avg Reward: 11.457750
2026-06-03 10:36:26 [INFO] Epoch: 10 [89600/100000 (90%)]	 Training Loss: 1.175 ACC: 52.81 CR: 0.71 Avg R1: 4.59 Avg R2: 6.88 Avg Reward: 11.474845
2026-06-03 10:36:37 [INFO] EPOCH:10, ======================CR:0.7066====================
2026-06-03 10:36:37 [INFO] 0.011592831650401121
2026-06-03 10:36:40 [INFO] EPOCH:10, ======================ACC:45.45====================
2026-06-03 10:36:40 [INFO] BEST EPOCH:10,BEST ACC:45.45
2026-06-03 10:36:54 [INFO] Epoch: 11 [12800/100000 (13%)]	 Training Loss: 1.086 ACC: 56.32 CR: 0.71 Avg R1: 4.89 Avg R2: 6.85 Avg Reward: 11.741142
2026-06-03 10:37:07 [INFO] Epoch: 11 [25600/100000 (26%)]	 Training Loss: 1.088 ACC: 55.96 CR: 0.71 Avg R1: 4.89 Avg R2: 6.85 Avg Reward: 11.742713
2026-06-03 10:37:20 [INFO] Epoch: 11 [38400/100000 (38%)]	 Training Loss: 1.111 ACC: 55.74 CR: 0.71 Avg R1: 4.88 Avg R2: 6.86 Avg Reward: 11.735558
2026-06-03 10:37:33 [INFO] Epoch: 11 [51200/100000 (51%)]	 Training Loss: 1.122 ACC: 55.51 CR: 0.72 Avg R1: 4.85 Avg R2: 6.87 Avg Reward: 11.719433
2026-06-03 10:37:46 [INFO] Epoch: 11 [64000/100000 (64%)]	 Training Loss: 1.138 ACC: 55.25 CR: 0.72 Avg R1: 4.82 Avg R2: 6.88 Avg Reward: 11.699889
2026-06-03 10:38:00 [INFO] Epoch: 11 [76800/100000 (77%)]	 Training Loss: 1.144 ACC: 55.10 CR: 0.73 Avg R1: 4.78 Avg R2: 6.90 Avg Reward: 11.676439
2026-06-03 10:38:14 [INFO] Epoch: 11 [89600/100000 (90%)]	 Training Loss: 1.152 ACC: 54.93 CR: 0.73 Avg R1: 4.73 Avg R2: 6.92 Avg Reward: 11.652509
2026-06-03 10:38:25 [INFO] EPOCH:11, ======================CR:0.74091====================
2026-06-03 10:38:25 [INFO] 0.0183556021116802
2026-06-03 10:38:29 [INFO] EPOCH:11, ======================ACC:47.06====================
2026-06-03 10:38:29 [INFO] BEST EPOCH:11,BEST ACC:47.06
2026-06-03 10:38:43 [INFO] Epoch: 12 [12800/100000 (13%)]	 Training Loss: 1.147 ACC: 57.05 CR: 0.75 Avg R1: 4.28 Avg R2: 7.18 Avg Reward: 11.463656
2026-06-03 10:38:57 [INFO] Epoch: 12 [25600/100000 (26%)]	 Training Loss: 1.162 ACC: 57.11 CR: 0.75 Avg R1: 4.22 Avg R2: 7.21 Avg Reward: 11.431752
2026-06-03 10:39:11 [INFO] Epoch: 12 [38400/100000 (38%)]	 Training Loss: 1.171 ACC: 56.86 CR: 0.76 Avg R1: 4.15 Avg R2: 7.24 Avg Reward: 11.393486
2026-06-03 10:39:25 [INFO] Epoch: 12 [51200/100000 (51%)]	 Training Loss: 1.202 ACC: 56.34 CR: 0.78 Avg R1: 4.07 Avg R2: 7.28 Avg Reward: 11.345557
2026-06-03 10:39:40 [INFO] Epoch: 12 [64000/100000 (64%)]	 Training Loss: 1.227 ACC: 56.28 CR: 0.80 Avg R1: 3.95 Avg R2: 7.33 Avg Reward: 11.283100
2026-06-03 10:39:54 [INFO] Epoch: 12 [76800/100000 (77%)]	 Training Loss: 1.249 ACC: 56.07 CR: 0.82 Avg R1: 3.81 Avg R2: 7.40 Avg Reward: 11.207914
2026-06-03 10:40:06 [INFO] Epoch: 12 [89600/100000 (90%)]	 Training Loss: 1.268 ACC: 55.81 CR: 0.85 Avg R1: 3.66 Avg R2: 7.47 Avg Reward: 11.126319
2026-06-03 10:40:16 [INFO] EPOCH:12, ======================CR:0.86483====================
2026-06-03 10:40:16 [INFO] 0.021337351785921433
2026-06-03 10:40:19 [INFO] EPOCH:12, ======================ACC:48.04====================
2026-06-03 10:40:19 [INFO] BEST EPOCH:12,BEST ACC:48.04
2026-06-03 10:40:32 [INFO] Epoch: 13 [12800/100000 (13%)]	 Training Loss: 1.222 ACC: 59.14 CR: 0.87 Avg R1: 2.22 Avg R2: 8.22 Avg Reward: 10.434002
2026-06-03 10:40:44 [INFO] Epoch: 13 [25600/100000 (26%)]	 Training Loss: 1.249 ACC: 58.64 CR: 0.88 Avg R1: 2.17 Avg R2: 8.24 Avg Reward: 10.409232
2026-06-03 10:40:56 [INFO] Epoch: 13 [38400/100000 (38%)]	 Training Loss: 1.272 ACC: 58.31 CR: 0.88 Avg R1: 2.11 Avg R2: 8.27 Avg Reward: 10.380646
2026-06-03 10:41:08 [INFO] Epoch: 13 [51200/100000 (51%)]	 Training Loss: 1.279 ACC: 58.11 CR: 0.89 Avg R1: 2.05 Avg R2: 8.30 Avg Reward: 10.350030
2026-06-03 10:41:19 [INFO] Epoch: 13 [64000/100000 (64%)]	 Training Loss: 1.289 ACC: 57.83 CR: 0.90 Avg R1: 1.98 Avg R2: 8.34 Avg Reward: 10.318707
2026-06-03 10:41:34 [INFO] Epoch: 13 [76800/100000 (77%)]	 Training Loss: 1.294 ACC: 57.74 CR: 0.91 Avg R1: 1.91 Avg R2: 8.38 Avg Reward: 10.287440
2026-06-03 10:41:48 [INFO] Epoch: 13 [89600/100000 (90%)]	 Training Loss: 1.304 ACC: 57.50 CR: 0.92 Avg R1: 1.84 Avg R2: 8.41 Avg Reward: 10.255670
2026-06-03 10:41:59 [INFO] EPOCH:13, ======================CR:0.92891====================
2026-06-03 10:41:59 [INFO] 0.035522353254831086
2026-06-03 10:42:03 [INFO] EPOCH:13, ======================ACC:47.41====================
2026-06-03 10:42:03 [INFO] BEST EPOCH:12,BEST ACC:48.04
2026-06-03 10:42:17 [INFO] Epoch: 14 [12800/100000 (13%)]	 Training Loss: 1.249 ACC: 61.03 CR: 0.93 Avg R1: 1.15 Avg R2: 8.81 Avg Reward: 9.959272
2026-06-03 10:42:29 [INFO] Epoch: 14 [25600/100000 (26%)]	 Training Loss: 1.270 ACC: 60.64 CR: 0.94 Avg R1: 1.10 Avg R2: 8.84 Avg Reward: 9.949286
2026-06-03 10:42:42 [INFO] Epoch: 14 [38400/100000 (38%)]	 Training Loss: 1.284 ACC: 59.94 CR: 0.94 Avg R1: 1.06 Avg R2: 8.87 Avg Reward: 9.937601
2026-06-03 10:42:54 [INFO] Epoch: 14 [51200/100000 (51%)]	 Training Loss: 1.290 ACC: 59.64 CR: 0.95 Avg R1: 1.03 Avg R2: 8.90 Avg Reward: 9.927524
2026-06-03 10:43:06 [INFO] Epoch: 14 [64000/100000 (64%)]	 Training Loss: 1.299 ACC: 59.43 CR: 0.95 Avg R1: 0.99 Avg R2: 8.92 Avg Reward: 9.917702
2026-06-03 10:43:19 [INFO] Epoch: 14 [76800/100000 (77%)]	 Training Loss: 1.310 ACC: 59.26 CR: 0.96 Avg R1: 0.95 Avg R2: 8.95 Avg Reward: 9.907399
2026-06-03 10:43:32 [INFO] Epoch: 14 [89600/100000 (90%)]	 Training Loss: 1.320 ACC: 59.07 CR: 0.96 Avg R1: 0.91 Avg R2: 8.98 Avg Reward: 9.896084
2026-06-03 10:43:41 [INFO] EPOCH:14, ======================CR:0.96781====================
2026-06-03 10:43:41 [INFO] 0.031069403344103297
2026-06-03 10:43:45 [INFO] EPOCH:14, ======================ACC:49.14====================
2026-06-03 10:43:45 [INFO] BEST EPOCH:14,BEST ACC:49.14
2026-06-03 10:43:58 [INFO] Epoch: 15 [12800/100000 (13%)]	 Training Loss: 1.229 ACC: 62.14 CR: 0.97 Avg R1: 0.53 Avg R2: 9.34 Avg Reward: 9.862551
2026-06-03 10:44:10 [INFO] Epoch: 15 [25600/100000 (26%)]	 Training Loss: 1.240 ACC: 61.90 CR: 0.97 Avg R1: 0.52 Avg R2: 9.35 Avg Reward: 9.860692
2026-06-03 10:44:22 [INFO] Epoch: 15 [38400/100000 (38%)]	 Training Loss: 1.259 ACC: 61.45 CR: 0.97 Avg R1: 0.50 Avg R2: 9.36 Avg Reward: 9.860296
2026-06-03 10:44:35 [INFO] Epoch: 15 [51200/100000 (51%)]	 Training Loss: 1.275 ACC: 61.22 CR: 0.97 Avg R1: 0.49 Avg R2: 9.37 Avg Reward: 9.860212
2026-06-03 10:44:48 [INFO] Epoch: 15 [64000/100000 (64%)]	 Training Loss: 1.286 ACC: 61.01 CR: 0.98 Avg R1: 0.47 Avg R2: 9.39 Avg Reward: 9.860766
2026-06-03 10:45:00 [INFO] Epoch: 15 [76800/100000 (77%)]	 Training Loss: 1.297 ACC: 60.74 CR: 0.98 Avg R1: 0.45 Avg R2: 9.41 Avg Reward: 9.862436
2026-06-03 10:45:13 [INFO] Epoch: 15 [89600/100000 (90%)]	 Training Loss: 1.304 ACC: 60.55 CR: 0.98 Avg R1: 0.43 Avg R2: 9.43 Avg Reward: 9.864370
2026-06-03 10:45:23 [INFO] EPOCH:15, ======================CR:0.98347====================
2026-06-03 10:45:23 [INFO] 0.041103796338226035
2026-06-03 10:45:26 [INFO] EPOCH:15, ======================ACC:48.49====================
2026-06-03 10:45:26 [INFO] BEST EPOCH:14,BEST ACC:49.14
2026-06-03 10:45:39 [INFO] Epoch: 16 [12800/100000 (13%)]	 Training Loss: 1.159 ACC: 64.51 CR: 0.98 Avg R1: 0.27 Avg R2: 9.64 Avg Reward: 9.918184
2026-06-03 10:45:52 [INFO] Epoch: 16 [25600/100000 (26%)]	 Training Loss: 1.165 ACC: 64.37 CR: 0.98 Avg R1: 0.27 Avg R2: 9.64 Avg Reward: 9.918136
2026-06-03 10:46:04 [INFO] Epoch: 16 [38400/100000 (38%)]	 Training Loss: 1.186 ACC: 63.70 CR: 0.98 Avg R1: 0.27 Avg R2: 9.65 Avg Reward: 9.918124
2026-06-03 10:46:17 [INFO] Epoch: 16 [51200/100000 (51%)]	 Training Loss: 1.189 ACC: 63.46 CR: 0.98 Avg R1: 0.27 Avg R2: 9.64 Avg Reward: 9.917552
2026-06-03 10:46:29 [INFO] Epoch: 16 [64000/100000 (64%)]	 Training Loss: 1.205 ACC: 62.85 CR: 0.98 Avg R1: 0.28 Avg R2: 9.64 Avg Reward: 9.916968
2026-06-03 10:46:41 [INFO] Epoch: 16 [76800/100000 (77%)]	 Training Loss: 1.212 ACC: 62.60 CR: 0.98 Avg R1: 0.28 Avg R2: 9.63 Avg Reward: 9.916480
2026-06-03 10:46:54 [INFO] Epoch: 16 [89600/100000 (90%)]	 Training Loss: 1.213 ACC: 62.48 CR: 0.98 Avg R1: 0.29 Avg R2: 9.62 Avg Reward: 9.916132
2026-06-03 10:47:04 [INFO] EPOCH:16, ======================CR:0.97626====================
2026-06-03 10:47:04 [INFO] 0.03805932009560127
2026-06-03 10:47:07 [INFO] EPOCH:16, ======================ACC:52.15====================
2026-06-03 10:47:07 [INFO] BEST EPOCH:16,BEST ACC:52.15
2026-06-03 10:47:20 [INFO] Epoch: 17 [12800/100000 (13%)]	 Training Loss: 1.062 ACC: 66.59 CR: 0.98 Avg R1: 0.40 Avg R2: 9.61 Avg Reward: 10.014302
2026-06-03 10:47:32 [INFO] Epoch: 17 [25600/100000 (26%)]	 Training Loss: 1.078 ACC: 65.95 CR: 0.98 Avg R1: 0.40 Avg R2: 9.61 Avg Reward: 10.009552
2026-06-03 10:47:44 [INFO] Epoch: 17 [38400/100000 (38%)]	 Training Loss: 1.089 ACC: 65.57 CR: 0.97 Avg R1: 0.41 Avg R2: 9.60 Avg Reward: 10.005802
2026-06-03 10:47:57 [INFO] Epoch: 17 [51200/100000 (51%)]	 Training Loss: 1.097 ACC: 65.25 CR: 0.97 Avg R1: 0.41 Avg R2: 9.59 Avg Reward: 10.002290
2026-06-03 10:48:09 [INFO] Epoch: 17 [64000/100000 (64%)]	 Training Loss: 1.110 ACC: 64.92 CR: 0.97 Avg R1: 0.42 Avg R2: 9.58 Avg Reward: 9.999592
2026-06-03 10:48:22 [INFO] Epoch: 17 [76800/100000 (77%)]	 Training Loss: 1.121 ACC: 64.53 CR: 0.97 Avg R1: 0.43 Avg R2: 9.57 Avg Reward: 9.996733
2026-06-03 10:48:35 [INFO] Epoch: 17 [89600/100000 (90%)]	 Training Loss: 1.128 ACC: 64.35 CR: 0.97 Avg R1: 0.43 Avg R2: 9.56 Avg Reward: 9.993650
2026-06-03 10:48:46 [INFO] EPOCH:17, ======================CR:0.97102====================
2026-06-03 10:48:46 [INFO] 0.031917441589799665
2026-06-03 10:48:49 [INFO] EPOCH:17, ======================ACC:52.7====================
2026-06-03 10:48:49 [INFO] BEST EPOCH:17,BEST ACC:52.7
2026-06-03 10:49:02 [INFO] Epoch: 18 [12800/100000 (13%)]	 Training Loss: 0.988 ACC: 68.39 CR: 0.97 Avg R1: 0.49 Avg R2: 9.58 Avg Reward: 10.061180
2026-06-03 10:49:14 [INFO] Epoch: 18 [25600/100000 (26%)]	 Training Loss: 1.005 ACC: 67.77 CR: 0.97 Avg R1: 0.49 Avg R2: 9.58 Avg Reward: 10.063851
2026-06-03 10:49:26 [INFO] Epoch: 18 [38400/100000 (38%)]	 Training Loss: 1.019 ACC: 67.30 CR: 0.97 Avg R1: 0.48 Avg R2: 9.58 Avg Reward: 10.065018
2026-06-03 10:49:38 [INFO] Epoch: 18 [51200/100000 (51%)]	 Training Loss: 1.033 ACC: 66.96 CR: 0.97 Avg R1: 0.48 Avg R2: 9.58 Avg Reward: 10.066338
2026-06-03 10:49:50 [INFO] Epoch: 18 [64000/100000 (64%)]	 Training Loss: 1.051 ACC: 66.51 CR: 0.97 Avg R1: 0.48 Avg R2: 9.59 Avg Reward: 10.067451
2026-06-03 10:50:02 [INFO] Epoch: 18 [76800/100000 (77%)]	 Training Loss: 1.063 ACC: 66.22 CR: 0.97 Avg R1: 0.48 Avg R2: 9.59 Avg Reward: 10.067961
2026-06-03 10:50:14 [INFO] Epoch: 18 [89600/100000 (90%)]	 Training Loss: 1.069 ACC: 66.15 CR: 0.97 Avg R1: 0.47 Avg R2: 9.60 Avg Reward: 10.068031
2026-06-03 10:50:24 [INFO] EPOCH:18, ======================CR:0.97418====================
2026-06-03 10:50:24 [INFO] 0.03436660040556937
2026-06-03 10:50:27 [INFO] EPOCH:18, ======================ACC:51.94====================
2026-06-03 10:50:27 [INFO] BEST EPOCH:17,BEST ACC:52.7
2026-06-03 10:50:40 [INFO] Epoch: 19 [12800/100000 (13%)]	 Training Loss: 0.969 ACC: 69.27 CR: 0.97 Avg R1: 0.43 Avg R2: 9.79 Avg Reward: 10.213343
2026-06-03 10:50:52 [INFO] Epoch: 19 [25600/100000 (26%)]	 Training Loss: 0.988 ACC: 68.93 CR: 0.98 Avg R1: 0.41 Avg R2: 9.80 Avg Reward: 10.216802
2026-06-03 10:51:03 [INFO] Epoch: 19 [38400/100000 (38%)]	 Training Loss: 1.010 ACC: 68.48 CR: 0.98 Avg R1: 0.40 Avg R2: 9.82 Avg Reward: 10.221409
2026-06-03 10:51:15 [INFO] Epoch: 19 [51200/100000 (51%)]	 Training Loss: 1.033 ACC: 67.98 CR: 0.98 Avg R1: 0.38 Avg R2: 9.85 Avg Reward: 10.226138
2026-06-03 10:51:27 [INFO] Epoch: 19 [64000/100000 (64%)]	 Training Loss: 1.048 ACC: 67.53 CR: 0.98 Avg R1: 0.36 Avg R2: 9.87 Avg Reward: 10.231453
2026-06-03 10:51:39 [INFO] Epoch: 19 [76800/100000 (77%)]	 Training Loss: 1.064 ACC: 67.11 CR: 0.99 Avg R1: 0.34 Avg R2: 9.89 Avg Reward: 10.236861
2026-06-03 10:51:51 [INFO] Epoch: 19 [89600/100000 (90%)]	 Training Loss: 1.074 ACC: 66.89 CR: 0.99 Avg R1: 0.33 Avg R2: 9.92 Avg Reward: 10.242030
2026-06-03 10:52:01 [INFO] EPOCH:19, ======================CR:0.99009====================
2026-06-03 10:52:01 [INFO] 0.04429972266137391
2026-06-03 10:52:04 [INFO] EPOCH:19, ======================ACC:48.99====================
2026-06-03 10:52:04 [INFO] BEST EPOCH:17,BEST ACC:52.7
2026-06-03 10:52:17 [INFO] Epoch: 20 [12800/100000 (13%)]	 Training Loss: 0.946 ACC: 70.93 CR: 0.99 Avg R1: 0.16 Avg R2: 10.27 Avg Reward: 10.435306
2026-06-03 10:52:29 [INFO] Epoch: 20 [25600/100000 (26%)]	 Training Loss: 0.972 ACC: 70.30 CR: 0.99 Avg R1: 0.16 Avg R2: 10.29 Avg Reward: 10.441189
2026-06-03 10:52:40 [INFO] Epoch: 20 [38400/100000 (38%)]	 Training Loss: 0.990 ACC: 69.66 CR: 0.99 Avg R1: 0.15 Avg R2: 10.30 Avg Reward: 10.447581
2026-06-03 10:52:53 [INFO] Epoch: 20 [51200/100000 (51%)]	 Training Loss: 1.010 ACC: 69.09 CR: 0.99 Avg R1: 0.15 Avg R2: 10.31 Avg Reward: 10.452847
2026-06-03 10:53:04 [INFO] Epoch: 20 [64000/100000 (64%)]	 Training Loss: 1.025 ACC: 68.70 CR: 0.99 Avg R1: 0.14 Avg R2: 10.32 Avg Reward: 10.458855
2026-06-03 10:53:16 [INFO] Epoch: 20 [76800/100000 (77%)]	 Training Loss: 1.039 ACC: 68.29 CR: 0.99 Avg R1: 0.14 Avg R2: 10.33 Avg Reward: 10.465209
2026-06-03 10:53:28 [INFO] Epoch: 20 [89600/100000 (90%)]	 Training Loss: 1.051 ACC: 67.98 CR: 0.99 Avg R1: 0.13 Avg R2: 10.34 Avg Reward: 10.471502
2026-06-03 10:53:38 [INFO] EPOCH:20, ======================CR:0.99433====================
2026-06-03 10:53:38 [INFO] 0.04800769880186806
2026-06-03 10:53:41 [INFO] EPOCH:20, ======================ACC:52.02====================
2026-06-03 10:53:41 [INFO] BEST EPOCH:17,BEST ACC:52.7
2026-06-03 10:53:54 [INFO] Epoch: 21 [12800/100000 (13%)]	 Training Loss: 0.928 ACC: 71.09 CR: 0.99 Avg R1: 0.10 Avg R2: 10.50 Avg Reward: 10.594043
2026-06-03 10:54:06 [INFO] Epoch: 21 [25600/100000 (26%)]	 Training Loss: 0.943 ACC: 70.89 CR: 0.99 Avg R1: 0.10 Avg R2: 10.50 Avg Reward: 10.596106
2026-06-03 10:54:18 [INFO] Epoch: 21 [38400/100000 (38%)]	 Training Loss: 0.952 ACC: 70.76 CR: 0.99 Avg R1: 0.09 Avg R2: 10.50 Avg Reward: 10.598251
2026-06-03 10:54:30 [INFO] Epoch: 21 [51200/100000 (51%)]	 Training Loss: 0.962 ACC: 70.49 CR: 1.00 Avg R1: 0.09 Avg R2: 10.51 Avg Reward: 10.599987
2026-06-03 10:54:42 [INFO] Epoch: 21 [64000/100000 (64%)]	 Training Loss: 0.978 ACC: 70.18 CR: 1.00 Avg R1: 0.09 Avg R2: 10.51 Avg Reward: 10.602353
2026-06-03 10:54:54 [INFO] Epoch: 21 [76800/100000 (77%)]	 Training Loss: 0.990 ACC: 69.88 CR: 1.00 Avg R1: 0.09 Avg R2: 10.52 Avg Reward: 10.605239
2026-06-03 10:55:06 [INFO] Epoch: 21 [89600/100000 (90%)]	 Training Loss: 1.008 ACC: 69.37 CR: 1.00 Avg R1: 0.08 Avg R2: 10.52 Avg Reward: 10.608486
2026-06-03 10:55:17 [INFO] EPOCH:21, ======================CR:0.99607====================
2026-06-03 10:55:17 [INFO] 0.04214714330603941
2026-06-03 10:55:21 [INFO] EPOCH:21, ======================ACC:50.53====================
2026-06-03 10:55:21 [INFO] BEST EPOCH:17,BEST ACC:52.7
2026-06-03 10:55:35 [INFO] Epoch: 22 [12800/100000 (13%)]	 Training Loss: 0.887 ACC: 72.94 CR: 1.00 Avg R1: 0.07 Avg R2: 10.69 Avg Reward: 10.761131
2026-06-03 10:55:49 [INFO] Epoch: 22 [25600/100000 (26%)]	 Training Loss: 0.891 ACC: 72.73 CR: 1.00 Avg R1: 0.07 Avg R2: 10.69 Avg Reward: 10.759087
2026-06-03 10:56:03 [INFO] Epoch: 22 [38400/100000 (38%)]	 Training Loss: 0.895 ACC: 72.42 CR: 1.00 Avg R1: 0.07 Avg R2: 10.69 Avg Reward: 10.757421
2026-06-03 10:56:17 [INFO] Epoch: 22 [51200/100000 (51%)]	 Training Loss: 0.911 ACC: 71.84 CR: 1.00 Avg R1: 0.07 Avg R2: 10.69 Avg Reward: 10.757025
2026-06-03 10:56:31 [INFO] Epoch: 22 [64000/100000 (64%)]	 Training Loss: 0.928 ACC: 71.37 CR: 1.00 Avg R1: 0.07 Avg R2: 10.68 Avg Reward: 10.756501
2026-06-03 10:56:46 [INFO] Epoch: 22 [76800/100000 (77%)]	 Training Loss: 0.941 ACC: 70.96 CR: 1.00 Avg R1: 0.07 Avg R2: 10.68 Avg Reward: 10.755222
2026-06-03 10:57:00 [INFO] Epoch: 22 [89600/100000 (90%)]	 Training Loss: 0.951 ACC: 70.69 CR: 1.00 Avg R1: 0.07 Avg R2: 10.68 Avg Reward: 10.752763
2026-06-03 10:57:11 [INFO] EPOCH:22, ======================CR:0.99483====================
2026-06-03 10:57:11 [INFO] 0.046630004315137086
2026-06-03 10:57:15 [INFO] EPOCH:22, ======================ACC:51.54====================
2026-06-03 10:57:15 [INFO] BEST EPOCH:17,BEST ACC:52.7
2026-06-03 10:57:30 [INFO] Epoch: 23 [12800/100000 (13%)]	 Training Loss: 0.797 ACC: 75.42 CR: 0.99 Avg R1: 0.09 Avg R2: 10.75 Avg Reward: 10.840431
2026-06-03 10:57:44 [INFO] Epoch: 23 [25600/100000 (26%)]	 Training Loss: 0.817 ACC: 74.68 CR: 0.99 Avg R1: 0.09 Avg R2: 10.75 Avg Reward: 10.842322
2026-06-03 10:57:58 [INFO] Epoch: 23 [38400/100000 (38%)]	 Training Loss: 0.849 ACC: 73.71 CR: 1.00 Avg R1: 0.09 Avg R2: 10.76 Avg Reward: 10.844590
2026-06-03 10:58:12 [INFO] Epoch: 23 [51200/100000 (51%)]	 Training Loss: 0.866 ACC: 73.13 CR: 1.00 Avg R1: 0.09 Avg R2: 10.76 Avg Reward: 10.847388
2026-06-03 10:58:26 [INFO] Epoch: 23 [64000/100000 (64%)]	 Training Loss: 0.879 ACC: 72.75 CR: 1.00 Avg R1: 0.08 Avg R2: 10.77 Avg Reward: 10.849965
2026-06-03 10:58:40 [INFO] Epoch: 23 [76800/100000 (77%)]	 Training Loss: 0.891 ACC: 72.37 CR: 1.00 Avg R1: 0.08 Avg R2: 10.77 Avg Reward: 10.852458
2026-06-03 10:58:54 [INFO] Epoch: 23 [89600/100000 (90%)]	 Training Loss: 0.905 ACC: 71.97 CR: 1.00 Avg R1: 0.08 Avg R2: 10.77 Avg Reward: 10.855395
2026-06-03 10:59:05 [INFO] EPOCH:23, ======================CR:0.99602====================
2026-06-03 10:59:05 [INFO] 0.04444159708677709
2026-06-03 10:59:09 [INFO] EPOCH:23, ======================ACC:51.87====================
2026-06-03 10:59:09 [INFO] BEST EPOCH:17,BEST ACC:52.7
2026-06-03 10:59:24 [INFO] Epoch: 24 [12800/100000 (13%)]	 Training Loss: 0.807 ACC: 75.10 CR: 1.00 Avg R1: 0.07 Avg R2: 10.98 Avg Reward: 11.047935
2026-06-03 10:59:38 [INFO] Epoch: 24 [25600/100000 (26%)]	 Training Loss: 0.816 ACC: 74.93 CR: 1.00 Avg R1: 0.06 Avg R2: 10.99 Avg Reward: 11.051733
2026-06-03 10:59:52 [INFO] Epoch: 24 [38400/100000 (38%)]	 Training Loss: 0.822 ACC: 74.68 CR: 1.00 Avg R1: 0.06 Avg R2: 10.99 Avg Reward: 11.054775
2026-06-03 11:00:06 [INFO] Epoch: 24 [51200/100000 (51%)]	 Training Loss: 0.840 ACC: 74.07 CR: 1.00 Avg R1: 0.06 Avg R2: 11.00 Avg Reward: 11.057594
2026-06-03 11:00:20 [INFO] Epoch: 24 [64000/100000 (64%)]	 Training Loss: 0.859 ACC: 73.55 CR: 1.00 Avg R1: 0.06 Avg R2: 11.00 Avg Reward: 11.060851
2026-06-03 11:00:34 [INFO] Epoch: 24 [76800/100000 (77%)]	 Training Loss: 0.867 ACC: 73.27 CR: 1.00 Avg R1: 0.06 Avg R2: 11.01 Avg Reward: 11.063332
2026-06-03 11:00:48 [INFO] Epoch: 24 [89600/100000 (90%)]	 Training Loss: 0.878 ACC: 72.88 CR: 1.00 Avg R1: 0.06 Avg R2: 11.01 Avg Reward: 11.064211
2026-06-03 11:00:59 [INFO] EPOCH:24, ======================CR:0.99688====================
2026-06-03 11:00:59 [INFO] 0.04564394698170676
2026-06-03 11:01:03 [INFO] EPOCH:24, ======================ACC:51.09====================
2026-06-03 11:01:03 [INFO] BEST EPOCH:17,BEST ACC:52.7
2026-06-03 11:01:17 [INFO] Epoch: 25 [12800/100000 (13%)]	 Training Loss: 0.757 ACC: 76.20 CR: 1.00 Avg R1: 0.05 Avg R2: 11.11 Avg Reward: 11.161565
2026-06-03 11:01:31 [INFO] Epoch: 25 [25600/100000 (26%)]	 Training Loss: 0.763 ACC: 76.34 CR: 1.00 Avg R1: 0.05 Avg R2: 11.11 Avg Reward: 11.162857
2026-06-03 11:01:45 [INFO] Epoch: 25 [38400/100000 (38%)]	 Training Loss: 0.776 ACC: 75.96 CR: 1.00 Avg R1: 0.05 Avg R2: 11.12 Avg Reward: 11.165451
2026-06-03 11:01:59 [INFO] Epoch: 25 [51200/100000 (51%)]	 Training Loss: 0.794 ACC: 75.30 CR: 1.00 Avg R1: 0.05 Avg R2: 11.12 Avg Reward: 11.167436
2026-06-03 11:02:13 [INFO] Epoch: 25 [64000/100000 (64%)]	 Training Loss: 0.805 ACC: 74.96 CR: 1.00 Avg R1: 0.05 Avg R2: 11.12 Avg Reward: 11.168133
2026-06-03 11:02:26 [INFO] Epoch: 25 [76800/100000 (77%)]	 Training Loss: 0.818 ACC: 74.55 CR: 1.00 Avg R1: 0.05 Avg R2: 11.12 Avg Reward: 11.167237
2026-06-03 11:02:40 [INFO] Epoch: 25 [89600/100000 (90%)]	 Training Loss: 0.830 ACC: 74.19 CR: 1.00 Avg R1: 0.05 Avg R2: 11.12 Avg Reward: 11.166056
2026-06-03 11:02:51 [INFO] EPOCH:25, ======================CR:0.99743====================
2026-06-03 11:02:51 [INFO] 0.0461871998277701
2026-06-03 11:02:55 [INFO] EPOCH:25, ======================ACC:52.4====================
2026-06-03 11:02:55 [INFO] BEST EPOCH:17,BEST ACC:52.7
2026-06-03 11:03:09 [INFO] Epoch: 26 [12800/100000 (13%)]	 Training Loss: 0.731 ACC: 77.61 CR: 1.00 Avg R1: 0.04 Avg R2: 11.25 Avg Reward: 11.293713
2026-06-03 11:03:23 [INFO] Epoch: 26 [25600/100000 (26%)]	 Training Loss: 0.737 ACC: 77.25 CR: 1.00 Avg R1: 0.04 Avg R2: 11.26 Avg Reward: 11.300360
2026-06-03 11:03:36 [INFO] Epoch: 26 [38400/100000 (38%)]	 Training Loss: 0.755 ACC: 76.58 CR: 1.00 Avg R1: 0.04 Avg R2: 11.27 Avg Reward: 11.306789
2026-06-03 11:03:50 [INFO] Epoch: 26 [51200/100000 (51%)]	 Training Loss: 0.768 ACC: 76.08 CR: 1.00 Avg R1: 0.04 Avg R2: 11.28 Avg Reward: 11.313180
2026-06-03 11:04:03 [INFO] Epoch: 26 [64000/100000 (64%)]	 Training Loss: 0.781 ACC: 75.65 CR: 1.00 Avg R1: 0.04 Avg R2: 11.28 Avg Reward: 11.320347
2026-06-03 11:04:17 [INFO] Epoch: 26 [76800/100000 (77%)]	 Training Loss: 0.795 ACC: 75.29 CR: 1.00 Avg R1: 0.04 Avg R2: 11.29 Avg Reward: 11.327780
2026-06-03 11:04:31 [INFO] Epoch: 26 [89600/100000 (90%)]	 Training Loss: 0.810 ACC: 74.88 CR: 1.00 Avg R1: 0.03 Avg R2: 11.30 Avg Reward: 11.335130
2026-06-03 11:04:42 [INFO] EPOCH:26, ======================CR:0.99857====================
2026-06-03 11:04:42 [INFO] 0.049656151114828934
2026-06-03 11:04:46 [INFO] EPOCH:26, ======================ACC:51.41====================
2026-06-03 11:04:46 [INFO] BEST EPOCH:17,BEST ACC:52.7
2026-06-03 11:05:00 [INFO] Epoch: 27 [12800/100000 (13%)]	 Training Loss: 0.722 ACC: 77.91 CR: 1.00 Avg R1: 0.02 Avg R2: 11.54 Avg Reward: 11.564353
2026-06-03 11:05:14 [INFO] Epoch: 27 [25600/100000 (26%)]	 Training Loss: 0.719 ACC: 78.09 CR: 1.00 Avg R1: 0.02 Avg R2: 11.55 Avg Reward: 11.568641
2026-06-03 11:05:28 [INFO] Epoch: 27 [38400/100000 (38%)]	 Training Loss: 0.735 ACC: 77.49 CR: 1.00 Avg R1: 0.02 Avg R2: 11.55 Avg Reward: 11.573408
2026-06-03 11:05:41 [INFO] Epoch: 27 [51200/100000 (51%)]	 Training Loss: 0.746 ACC: 77.20 CR: 1.00 Avg R1: 0.02 Avg R2: 11.56 Avg Reward: 11.577105
2026-06-03 11:05:55 [INFO] Epoch: 27 [64000/100000 (64%)]	 Training Loss: 0.755 ACC: 76.80 CR: 1.00 Avg R1: 0.02 Avg R2: 11.56 Avg Reward: 11.579412
2026-06-03 11:06:09 [INFO] Epoch: 27 [76800/100000 (77%)]	 Training Loss: 0.771 ACC: 76.27 CR: 1.00 Avg R1: 0.02 Avg R2: 11.56 Avg Reward: 11.580505
2026-06-03 11:06:23 [INFO] Epoch: 27 [89600/100000 (90%)]	 Training Loss: 0.787 ACC: 75.80 CR: 1.00 Avg R1: 0.02 Avg R2: 11.56 Avg Reward: 11.580987
2026-06-03 11:06:34 [INFO] EPOCH:27, ======================CR:0.99899====================
2026-06-03 11:06:34 [INFO] 0.052337584100750685
2026-06-03 11:06:38 [INFO] EPOCH:27, ======================ACC:51.4====================
2026-06-03 11:06:38 [INFO] BEST EPOCH:17,BEST ACC:52.7
2026-06-03 11:06:52 [INFO] Epoch: 28 [12800/100000 (13%)]	 Training Loss: 0.662 ACC: 79.03 CR: 1.00 Avg R1: 0.02 Avg R2: 11.67 Avg Reward: 11.690022
2026-06-03 11:07:06 [INFO] Epoch: 28 [25600/100000 (26%)]	 Training Loss: 0.660 ACC: 79.16 CR: 1.00 Avg R1: 0.02 Avg R2: 11.66 Avg Reward: 11.681997
2026-06-03 11:07:20 [INFO] Epoch: 28 [38400/100000 (38%)]	 Training Loss: 0.669 ACC: 79.02 CR: 1.00 Avg R1: 0.02 Avg R2: 11.66 Avg Reward: 11.674884
2026-06-03 11:07:34 [INFO] Epoch: 28 [51200/100000 (51%)]	 Training Loss: 0.687 ACC: 78.27 CR: 1.00 Avg R1: 0.02 Avg R2: 11.65 Avg Reward: 11.667654
2026-06-03 11:07:48 [INFO] Epoch: 28 [64000/100000 (64%)]	 Training Loss: 0.701 ACC: 77.86 CR: 1.00 Avg R1: 0.02 Avg R2: 11.64 Avg Reward: 11.660036
2026-06-03 11:08:02 [INFO] Epoch: 28 [76800/100000 (77%)]	 Training Loss: 0.714 ACC: 77.49 CR: 1.00 Avg R1: 0.02 Avg R2: 11.63 Avg Reward: 11.651226
2026-06-03 11:08:16 [INFO] Epoch: 28 [89600/100000 (90%)]	 Training Loss: 0.724 ACC: 77.12 CR: 1.00 Avg R1: 0.03 Avg R2: 11.62 Avg Reward: 11.640402
2026-06-03 11:08:27 [INFO] EPOCH:28, ======================CR:0.99652====================
2026-06-03 11:08:27 [INFO] 0.04889195943822287
2026-06-03 11:08:30 [INFO] EPOCH:28, ======================ACC:50.65====================
2026-06-03 11:08:30 [INFO] BEST EPOCH:17,BEST ACC:52.7
2026-06-03 11:08:45 [INFO] Epoch: 29 [12800/100000 (13%)]	 Training Loss: 0.566 ACC: 81.67 CR: 0.99 Avg R1: 0.07 Avg R2: 11.55 Avg Reward: 11.617332
2026-06-03 11:08:58 [INFO] Epoch: 29 [25600/100000 (26%)]	 Training Loss: 0.574 ACC: 81.04 CR: 0.99 Avg R1: 0.09 Avg R2: 11.51 Avg Reward: 11.596626
2026-06-03 11:09:11 [INFO] Epoch: 29 [38400/100000 (38%)]	 Training Loss: 0.579 ACC: 80.74 CR: 0.99 Avg R1: 0.10 Avg R2: 11.47 Avg Reward: 11.576410
2026-06-03 11:09:24 [INFO] Epoch: 29 [51200/100000 (51%)]	 Training Loss: 0.586 ACC: 80.41 CR: 0.99 Avg R1: 0.12 Avg R2: 11.43 Avg Reward: 11.555702
2026-06-03 11:09:38 [INFO] Epoch: 29 [64000/100000 (64%)]	 Training Loss: 0.598 ACC: 80.03 CR: 0.99 Avg R1: 0.14 Avg R2: 11.40 Avg Reward: 11.535998
2026-06-03 11:09:51 [INFO] Epoch: 29 [76800/100000 (77%)]	 Training Loss: 0.612 ACC: 79.52 CR: 0.98 Avg R1: 0.15 Avg R2: 11.36 Avg Reward: 11.517285
2026-06-03 11:10:04 [INFO] Epoch: 29 [89600/100000 (90%)]	 Training Loss: 0.625 ACC: 79.08 CR: 0.98 Avg R1: 0.17 Avg R2: 11.33 Avg Reward: 11.498684
2026-06-03 11:10:15 [INFO] EPOCH:29, ======================CR:0.98251====================
2026-06-03 11:10:15 [INFO] 0.058261608193764705
2026-06-03 11:10:19 [INFO] EPOCH:29, ======================ACC:54.35====================
2026-06-03 11:10:19 [INFO] BEST EPOCH:29,BEST ACC:54.35
2026-06-03 11:10:33 [INFO] Epoch: 30 [12800/100000 (13%)]	 Training Loss: 0.466 ACC: 84.86 CR: 0.98 Avg R1: 0.29 Avg R2: 11.19 Avg Reward: 11.472209
2026-06-03 11:10:46 [INFO] Epoch: 30 [25600/100000 (26%)]	 Training Loss: 0.419 ACC: 86.65 CR: 0.98 Avg R1: 0.28 Avg R2: 11.19 Avg Reward: 11.471956
2026-06-03 11:11:00 [INFO] Epoch: 30 [38400/100000 (38%)]	 Training Loss: 0.398 ACC: 87.42 CR: 0.98 Avg R1: 0.28 Avg R2: 11.19 Avg Reward: 11.472933
2026-06-03 11:11:13 [INFO] Epoch: 30 [51200/100000 (51%)]	 Training Loss: 0.382 ACC: 88.10 CR: 0.98 Avg R1: 0.28 Avg R2: 11.20 Avg Reward: 11.475016
2026-06-03 11:11:27 [INFO] Epoch: 30 [64000/100000 (64%)]	 Training Loss: 0.370 ACC: 88.57 CR: 0.99 Avg R1: 0.27 Avg R2: 11.21 Avg Reward: 11.477277
2026-06-03 11:11:40 [INFO] Epoch: 30 [76800/100000 (77%)]	 Training Loss: 0.360 ACC: 88.89 CR: 0.99 Avg R1: 0.26 Avg R2: 11.22 Avg Reward: 11.480732
2026-06-03 11:11:53 [INFO] Epoch: 30 [89600/100000 (90%)]	 Training Loss: 0.354 ACC: 89.15 CR: 0.99 Avg R1: 0.26 Avg R2: 11.23 Avg Reward: 11.484783
2026-06-03 11:12:04 [INFO] EPOCH:30, ======================CR:0.98859====================
2026-06-03 11:12:04 [INFO] 0.049525729075773524
2026-06-03 11:12:08 [INFO] EPOCH:30, ======================ACC:61.39====================
2026-06-03 11:12:08 [INFO] BEST EPOCH:30,BEST ACC:61.39
2026-06-03 11:12:22 [INFO] Epoch: 31 [12800/100000 (13%)]	 Training Loss: 0.272 ACC: 92.38 CR: 0.99 Avg R1: 0.19 Avg R2: 11.23 Avg Reward: 11.413908
2026-06-03 11:12:35 [INFO] Epoch: 31 [25600/100000 (26%)]	 Training Loss: 0.274 ACC: 92.45 CR: 0.99 Avg R1: 0.19 Avg R2: 11.23 Avg Reward: 11.417650
2026-06-03 11:12:49 [INFO] Epoch: 31 [38400/100000 (38%)]	 Training Loss: 0.274 ACC: 92.44 CR: 0.99 Avg R1: 0.18 Avg R2: 11.24 Avg Reward: 11.422392
2026-06-03 11:13:02 [INFO] Epoch: 31 [51200/100000 (51%)]	 Training Loss: 0.272 ACC: 92.47 CR: 0.99 Avg R1: 0.18 Avg R2: 11.25 Avg Reward: 11.427990
2026-06-03 11:13:16 [INFO] Epoch: 31 [64000/100000 (64%)]	 Training Loss: 0.270 ACC: 92.47 CR: 0.99 Avg R1: 0.17 Avg R2: 11.26 Avg Reward: 11.434038
2026-06-03 11:13:28 [INFO] Epoch: 31 [76800/100000 (77%)]	 Training Loss: 0.269 ACC: 92.50 CR: 0.99 Avg R1: 0.17 Avg R2: 11.27 Avg Reward: 11.440546
2026-06-03 11:13:41 [INFO] Epoch: 31 [89600/100000 (90%)]	 Training Loss: 0.267 ACC: 92.57 CR: 0.99 Avg R1: 0.16 Avg R2: 11.28 Avg Reward: 11.447251
2026-06-03 11:13:52 [INFO] EPOCH:31, ======================CR:0.99268====================
2026-06-03 11:13:52 [INFO] 0.0552714588660883
2026-06-03 11:13:56 [INFO] EPOCH:31, ======================ACC:61.71====================
2026-06-03 11:13:56 [INFO] BEST EPOCH:31,BEST ACC:61.71
2026-06-03 11:14:10 [INFO] Epoch: 32 [12800/100000 (13%)]	 Training Loss: 0.222 ACC: 94.10 CR: 0.99 Avg R1: 0.13 Avg R2: 11.44 Avg Reward: 11.560794
2026-06-03 11:14:24 [INFO] Epoch: 32 [25600/100000 (26%)]	 Training Loss: 0.226 ACC: 94.06 CR: 0.99 Avg R1: 0.13 Avg R2: 11.43 Avg Reward: 11.553598
2026-06-03 11:14:37 [INFO] Epoch: 32 [38400/100000 (38%)]	 Training Loss: 0.226 ACC: 94.08 CR: 0.99 Avg R1: 0.13 Avg R2: 11.42 Avg Reward: 11.548674
2026-06-03 11:14:51 [INFO] Epoch: 32 [51200/100000 (51%)]	 Training Loss: 0.227 ACC: 94.02 CR: 0.99 Avg R1: 0.13 Avg R2: 11.41 Avg Reward: 11.544447
2026-06-03 11:15:05 [INFO] Epoch: 32 [64000/100000 (64%)]	 Training Loss: 0.226 ACC: 94.05 CR: 0.99 Avg R1: 0.14 Avg R2: 11.40 Avg Reward: 11.539449
2026-06-03 11:15:19 [INFO] Epoch: 32 [76800/100000 (77%)]	 Training Loss: 0.226 ACC: 93.99 CR: 0.99 Avg R1: 0.14 Avg R2: 11.39 Avg Reward: 11.534647
2026-06-03 11:15:33 [INFO] Epoch: 32 [89600/100000 (90%)]	 Training Loss: 0.226 ACC: 93.97 CR: 0.99 Avg R1: 0.15 Avg R2: 11.38 Avg Reward: 11.530226
2026-06-03 11:15:44 [INFO] EPOCH:32, ======================CR:0.98948====================
2026-06-03 11:15:44 [INFO] 0.05192056734123571
2026-06-03 11:15:48 [INFO] EPOCH:32, ======================ACC:62.04====================
2026-06-03 11:15:48 [INFO] BEST EPOCH:32,BEST ACC:62.04
2026-06-03 11:16:02 [INFO] Epoch: 33 [12800/100000 (13%)]	 Training Loss: 0.207 ACC: 94.94 CR: 0.99 Avg R1: 0.17 Avg R2: 11.42 Avg Reward: 11.589661
2026-06-03 11:16:15 [INFO] Epoch: 33 [25600/100000 (26%)]	 Training Loss: 0.210 ACC: 94.82 CR: 0.99 Avg R1: 0.16 Avg R2: 11.44 Avg Reward: 11.603308
2026-06-03 11:16:27 [INFO] Epoch: 33 [38400/100000 (38%)]	 Training Loss: 0.208 ACC: 94.86 CR: 0.99 Avg R1: 0.16 Avg R2: 11.46 Avg Reward: 11.618552
2026-06-03 11:16:41 [INFO] Epoch: 33 [51200/100000 (51%)]	 Training Loss: 0.208 ACC: 94.84 CR: 0.99 Avg R1: 0.15 Avg R2: 11.48 Avg Reward: 11.632144
2026-06-03 11:16:55 [INFO] Epoch: 33 [64000/100000 (64%)]	 Training Loss: 0.209 ACC: 94.82 CR: 0.99 Avg R1: 0.14 Avg R2: 11.51 Avg Reward: 11.645769
2026-06-03 11:17:08 [INFO] Epoch: 33 [76800/100000 (77%)]	 Training Loss: 0.209 ACC: 94.80 CR: 1.00 Avg R1: 0.13 Avg R2: 11.53 Avg Reward: 11.659863
2026-06-03 11:17:22 [INFO] Epoch: 33 [89600/100000 (90%)]	 Training Loss: 0.211 ACC: 94.73 CR: 1.00 Avg R1: 0.12 Avg R2: 11.56 Avg Reward: 11.676640
2026-06-03 11:17:33 [INFO] EPOCH:33, ======================CR:0.99752====================
2026-06-03 11:17:33 [INFO] 0.053339695432172644
2026-06-03 11:17:36 [INFO] EPOCH:33, ======================ACC:61.93====================
2026-06-03 11:17:36 [INFO] BEST EPOCH:32,BEST ACC:62.04
2026-06-03 11:17:51 [INFO] Epoch: 34 [12800/100000 (13%)]	 Training Loss: 0.187 ACC: 95.37 CR: 1.00 Avg R1: 0.04 Avg R2: 11.88 Avg Reward: 11.919514
2026-06-03 11:18:04 [INFO] Epoch: 34 [25600/100000 (26%)]	 Training Loss: 0.191 ACC: 95.35 CR: 1.00 Avg R1: 0.04 Avg R2: 11.88 Avg Reward: 11.919954
2026-06-03 11:18:17 [INFO] Epoch: 34 [38400/100000 (38%)]	 Training Loss: 0.192 ACC: 95.33 CR: 1.00 Avg R1: 0.04 Avg R2: 11.88 Avg Reward: 11.918387
2026-06-03 11:18:31 [INFO] Epoch: 34 [51200/100000 (51%)]	 Training Loss: 0.191 ACC: 95.41 CR: 1.00 Avg R1: 0.04 Avg R2: 11.88 Avg Reward: 11.916969
2026-06-03 11:18:45 [INFO] Epoch: 34 [64000/100000 (64%)]	 Training Loss: 0.191 ACC: 95.35 CR: 1.00 Avg R1: 0.04 Avg R2: 11.87 Avg Reward: 11.914863
2026-06-03 11:18:59 [INFO] Epoch: 34 [76800/100000 (77%)]	 Training Loss: 0.191 ACC: 95.32 CR: 1.00 Avg R1: 0.04 Avg R2: 11.87 Avg Reward: 11.911149
2026-06-03 11:19:12 [INFO] Epoch: 34 [89600/100000 (90%)]	 Training Loss: 0.191 ACC: 95.32 CR: 1.00 Avg R1: 0.04 Avg R2: 11.86 Avg Reward: 11.906688
2026-06-03 11:19:24 [INFO] EPOCH:34, ======================CR:0.99711====================
2026-06-03 11:19:24 [INFO] 0.048597540545630695
2026-06-03 11:19:27 [INFO] EPOCH:34, ======================ACC:62.2====================
2026-06-03 11:19:27 [INFO] BEST EPOCH:34,BEST ACC:62.2
2026-06-03 11:19:42 [INFO] Epoch: 35 [12800/100000 (13%)]	 Training Loss: 0.169 ACC: 95.90 CR: 1.00 Avg R1: 0.05 Avg R2: 11.86 Avg Reward: 11.919845
2026-06-03 11:19:55 [INFO] Epoch: 35 [25600/100000 (26%)]	 Training Loss: 0.169 ACC: 95.81 CR: 1.00 Avg R1: 0.06 Avg R2: 11.84 Avg Reward: 11.904537
2026-06-03 11:20:08 [INFO] Epoch: 35 [38400/100000 (38%)]	 Training Loss: 0.171 ACC: 95.80 CR: 0.99 Avg R1: 0.07 Avg R2: 11.82 Avg Reward: 11.889473
2026-06-03 11:20:18 [INFO] Epoch: 35 [51200/100000 (51%)]	 Training Loss: 0.172 ACC: 95.76 CR: 0.99 Avg R1: 0.08 Avg R2: 11.80 Avg Reward: 11.874898
2026-06-03 11:20:29 [INFO] Epoch: 35 [64000/100000 (64%)]	 Training Loss: 0.173 ACC: 95.76 CR: 0.99 Avg R1: 0.08 Avg R2: 11.78 Avg Reward: 11.860814
2026-06-03 11:20:41 [INFO] Epoch: 35 [76800/100000 (77%)]	 Training Loss: 0.172 ACC: 95.78 CR: 0.99 Avg R1: 0.09 Avg R2: 11.75 Avg Reward: 11.846756
2026-06-03 11:20:52 [INFO] Epoch: 35 [89600/100000 (90%)]	 Training Loss: 0.172 ACC: 95.75 CR: 0.99 Avg R1: 0.10 Avg R2: 11.73 Avg Reward: 11.830888
2026-06-03 11:21:02 [INFO] EPOCH:35, ======================CR:0.98734====================
2026-06-03 11:21:02 [INFO] 0.05085295230005064
2026-06-03 11:21:05 [INFO] EPOCH:35, ======================ACC:61.61====================
2026-06-03 11:21:05 [INFO] BEST EPOCH:34,BEST ACC:62.2
2026-06-03 11:21:16 [INFO] Epoch: 36 [12800/100000 (13%)]	 Training Loss: 0.149 ACC: 96.16 CR: 0.99 Avg R1: 0.22 Avg R2: 11.51 Avg Reward: 11.736234
2026-06-03 11:21:27 [INFO] Epoch: 36 [25600/100000 (26%)]	 Training Loss: 0.147 ACC: 96.21 CR: 0.98 Avg R1: 0.25 Avg R2: 11.48 Avg Reward: 11.728294
2026-06-03 11:21:40 [INFO] Epoch: 36 [38400/100000 (38%)]	 Training Loss: 0.148 ACC: 96.18 CR: 0.98 Avg R1: 0.27 Avg R2: 11.45 Avg Reward: 11.720681
2026-06-03 11:21:54 [INFO] Epoch: 36 [51200/100000 (51%)]	 Training Loss: 0.150 ACC: 96.16 CR: 0.98 Avg R1: 0.30 Avg R2: 11.42 Avg Reward: 11.713639
2026-06-03 11:22:08 [INFO] Epoch: 36 [64000/100000 (64%)]	 Training Loss: 0.150 ACC: 96.17 CR: 0.97 Avg R1: 0.32 Avg R2: 11.38 Avg Reward: 11.705343
2026-06-03 11:22:21 [INFO] Epoch: 36 [76800/100000 (77%)]	 Training Loss: 0.151 ACC: 96.15 CR: 0.97 Avg R1: 0.34 Avg R2: 11.35 Avg Reward: 11.697399
2026-06-03 11:22:34 [INFO] Epoch: 36 [89600/100000 (90%)]	 Training Loss: 0.151 ACC: 96.15 CR: 0.97 Avg R1: 0.36 Avg R2: 11.33 Avg Reward: 11.689902
2026-06-03 11:22:45 [INFO] EPOCH:36, ======================CR:0.96898====================
2026-06-03 11:22:45 [INFO] 0.047881418569769636
2026-06-03 11:22:48 [INFO] EPOCH:36, ======================ACC:61.98====================
2026-06-03 11:22:48 [INFO] BEST EPOCH:34,BEST ACC:62.2
2026-06-03 11:23:02 [INFO] Epoch: 37 [12800/100000 (13%)]	 Training Loss: 0.142 ACC: 96.54 CR: 0.97 Avg R1: 0.52 Avg R2: 11.17 Avg Reward: 11.691779
2026-06-03 11:23:16 [INFO] Epoch: 37 [25600/100000 (26%)]	 Training Loss: 0.145 ACC: 96.38 CR: 0.97 Avg R1: 0.52 Avg R2: 11.18 Avg Reward: 11.694928
2026-06-03 11:23:30 [INFO] Epoch: 37 [38400/100000 (38%)]	 Training Loss: 0.144 ACC: 96.45 CR: 0.97 Avg R1: 0.52 Avg R2: 11.18 Avg Reward: 11.696909
2026-06-03 11:23:43 [INFO] Epoch: 37 [51200/100000 (51%)]	 Training Loss: 0.145 ACC: 96.46 CR: 0.97 Avg R1: 0.51 Avg R2: 11.19 Avg Reward: 11.698883
2026-06-03 11:23:57 [INFO] Epoch: 37 [64000/100000 (64%)]	 Training Loss: 0.145 ACC: 96.44 CR: 0.97 Avg R1: 0.51 Avg R2: 11.19 Avg Reward: 11.700514
2026-06-03 11:24:11 [INFO] Epoch: 37 [76800/100000 (77%)]	 Training Loss: 0.145 ACC: 96.45 CR: 0.97 Avg R1: 0.51 Avg R2: 11.20 Avg Reward: 11.700977
2026-06-03 11:24:25 [INFO] Epoch: 37 [89600/100000 (90%)]	 Training Loss: 0.145 ACC: 96.47 CR: 0.97 Avg R1: 0.50 Avg R2: 11.20 Avg Reward: 11.701461
2026-06-03 11:24:36 [INFO] EPOCH:37, ======================CR:0.97479====================
2026-06-03 11:24:36 [INFO] 0.051274688037156624
2026-06-03 11:24:40 [INFO] EPOCH:37, ======================ACC:61.81====================
2026-06-03 11:24:40 [INFO] BEST EPOCH:34,BEST ACC:62.2
2026-06-03 11:24:55 [INFO] Epoch: 38 [12800/100000 (13%)]	 Training Loss: 0.134 ACC: 96.95 CR: 0.98 Avg R1: 0.42 Avg R2: 11.37 Avg Reward: 11.783653
2026-06-03 11:25:08 [INFO] Epoch: 38 [25600/100000 (26%)]	 Training Loss: 0.136 ACC: 96.72 CR: 0.97 Avg R1: 0.42 Avg R2: 11.36 Avg Reward: 11.780953
2026-06-03 11:25:22 [INFO] Epoch: 38 [38400/100000 (38%)]	 Training Loss: 0.137 ACC: 96.69 CR: 0.97 Avg R1: 0.42 Avg R2: 11.36 Avg Reward: 11.778655
2026-06-03 11:25:36 [INFO] Epoch: 38 [51200/100000 (51%)]	 Training Loss: 0.136 ACC: 96.73 CR: 0.97 Avg R1: 0.42 Avg R2: 11.35 Avg Reward: 11.775547
2026-06-03 11:25:49 [INFO] Epoch: 38 [64000/100000 (64%)]	 Training Loss: 0.137 ACC: 96.70 CR: 0.97 Avg R1: 0.43 Avg R2: 11.35 Avg Reward: 11.772436
2026-06-03 11:26:03 [INFO] Epoch: 38 [76800/100000 (77%)]	 Training Loss: 0.136 ACC: 96.71 CR: 0.97 Avg R1: 0.43 Avg R2: 11.34 Avg Reward: 11.769846
2026-06-03 11:26:17 [INFO] Epoch: 38 [89600/100000 (90%)]	 Training Loss: 0.137 ACC: 96.68 CR: 0.97 Avg R1: 0.44 Avg R2: 11.33 Avg Reward: 11.768178
2026-06-03 11:26:28 [INFO] EPOCH:38, ======================CR:0.97397====================
2026-06-03 11:26:28 [INFO] 0.04381916527027503
2026-06-03 11:26:31 [INFO] EPOCH:38, ======================ACC:61.77====================
2026-06-03 11:26:31 [INFO] BEST EPOCH:34,BEST ACC:62.2
2026-06-03 11:26:46 [INFO] Epoch: 39 [12800/100000 (13%)]	 Training Loss: 0.129 ACC: 97.09 CR: 0.98 Avg R1: 0.43 Avg R2: 11.39 Avg Reward: 11.816371
2026-06-03 11:26:59 [INFO] Epoch: 39 [25600/100000 (26%)]	 Training Loss: 0.128 ACC: 97.08 CR: 0.98 Avg R1: 0.42 Avg R2: 11.40 Avg Reward: 11.820552
2026-06-03 11:27:13 [INFO] Epoch: 39 [38400/100000 (38%)]	 Training Loss: 0.127 ACC: 97.06 CR: 0.98 Avg R1: 0.41 Avg R2: 11.41 Avg Reward: 11.822329
2026-06-03 11:27:28 [INFO] Epoch: 39 [51200/100000 (51%)]	 Training Loss: 0.128 ACC: 97.05 CR: 0.98 Avg R1: 0.40 Avg R2: 11.42 Avg Reward: 11.822943
2026-06-03 11:27:42 [INFO] Epoch: 39 [64000/100000 (64%)]	 Training Loss: 0.128 ACC: 97.06 CR: 0.98 Avg R1: 0.39 Avg R2: 11.44 Avg Reward: 11.824752
2026-06-03 11:27:56 [INFO] Epoch: 39 [76800/100000 (77%)]	 Training Loss: 0.129 ACC: 97.09 CR: 0.98 Avg R1: 0.37 Avg R2: 11.45 Avg Reward: 11.827466
2026-06-03 11:28:10 [INFO] Epoch: 39 [89600/100000 (90%)]	 Training Loss: 0.131 ACC: 97.00 CR: 0.98 Avg R1: 0.36 Avg R2: 11.47 Avg Reward: 11.831270
2026-06-03 11:28:22 [INFO] EPOCH:39, ======================CR:0.98486====================
2026-06-03 11:28:22 [INFO] 0.044467834243066884
2026-06-03 11:28:25 [INFO] EPOCH:39, ======================ACC:61.65====================
2026-06-03 11:28:25 [INFO] BEST EPOCH:34,BEST ACC:62.2
2026-06-03 11:28:40 [INFO] Epoch: 40 [12800/100000 (13%)]	 Training Loss: 0.121 ACC: 97.30 CR: 0.98 Avg R1: 0.25 Avg R2: 11.66 Avg Reward: 11.914497
2026-06-03 11:28:54 [INFO] Epoch: 40 [25600/100000 (26%)]	 Training Loss: 0.120 ACC: 97.40 CR: 0.98 Avg R1: 0.26 Avg R2: 11.65 Avg Reward: 11.911070
2026-06-03 11:29:08 [INFO] Epoch: 40 [38400/100000 (38%)]	 Training Loss: 0.121 ACC: 97.33 CR: 0.98 Avg R1: 0.26 Avg R2: 11.65 Avg Reward: 11.908605
2026-06-03 11:29:21 [INFO] Epoch: 40 [51200/100000 (51%)]	 Training Loss: 0.121 ACC: 97.29 CR: 0.98 Avg R1: 0.27 Avg R2: 11.64 Avg Reward: 11.905291
2026-06-03 11:29:35 [INFO] Epoch: 40 [64000/100000 (64%)]	 Training Loss: 0.121 ACC: 97.28 CR: 0.98 Avg R1: 0.27 Avg R2: 11.63 Avg Reward: 11.901066
2026-06-03 11:29:49 [INFO] Epoch: 40 [76800/100000 (77%)]	 Training Loss: 0.121 ACC: 97.25 CR: 0.98 Avg R1: 0.29 Avg R2: 11.61 Avg Reward: 11.896798
2026-06-03 11:30:02 [INFO] Epoch: 40 [89600/100000 (90%)]	 Training Loss: 0.121 ACC: 97.24 CR: 0.98 Avg R1: 0.30 Avg R2: 11.59 Avg Reward: 11.892047
2026-06-03 11:30:13 [INFO] EPOCH:40, ======================CR:0.9762====================
2026-06-03 11:30:13 [INFO] 0.039215510631133634
2026-06-03 11:30:17 [INFO] EPOCH:40, ======================ACC:61.7====================
2026-06-03 11:30:17 [INFO] BEST EPOCH:34,BEST ACC:62.2
2026-06-03 11:30:31 [INFO] Epoch: 41 [12800/100000 (13%)]	 Training Loss: 0.110 ACC: 97.82 CR: 0.98 Avg R1: 0.40 Avg R2: 11.51 Avg Reward: 11.906329
2026-06-03 11:30:45 [INFO] Epoch: 41 [25600/100000 (26%)]	 Training Loss: 0.115 ACC: 97.52 CR: 0.98 Avg R1: 0.39 Avg R2: 11.51 Avg Reward: 11.904891
2026-06-03 11:30:59 [INFO] Epoch: 41 [38400/100000 (38%)]	 Training Loss: 0.114 ACC: 97.55 CR: 0.98 Avg R1: 0.39 Avg R2: 11.52 Avg Reward: 11.904719
2026-06-03 11:31:12 [INFO] Epoch: 41 [51200/100000 (51%)]	 Training Loss: 0.115 ACC: 97.52 CR: 0.98 Avg R1: 0.39 Avg R2: 11.52 Avg Reward: 11.905560
2026-06-03 11:31:26 [INFO] Epoch: 41 [64000/100000 (64%)]	 Training Loss: 0.116 ACC: 97.45 CR: 0.98 Avg R1: 0.38 Avg R2: 11.52 Avg Reward: 11.906230
2026-06-03 11:31:39 [INFO] Epoch: 41 [76800/100000 (77%)]	 Training Loss: 0.117 ACC: 97.44 CR: 0.98 Avg R1: 0.38 Avg R2: 11.53 Avg Reward: 11.907893
2026-06-03 11:31:53 [INFO] Epoch: 41 [89600/100000 (90%)]	 Training Loss: 0.118 ACC: 97.42 CR: 0.98 Avg R1: 0.37 Avg R2: 11.54 Avg Reward: 11.910693
2026-06-03 11:32:05 [INFO] EPOCH:41, ======================CR:0.98127====================
2026-06-03 11:32:05 [INFO] 0.042084598552719434
2026-06-03 11:32:08 [INFO] EPOCH:41, ======================ACC:61.8====================
2026-06-03 11:32:08 [INFO] BEST EPOCH:34,BEST ACC:62.2
2026-06-03 11:32:23 [INFO] Epoch: 42 [12800/100000 (13%)]	 Training Loss: 0.110 ACC: 97.82 CR: 0.98 Avg R1: 0.30 Avg R2: 11.70 Avg Reward: 11.997192
2026-06-03 11:32:36 [INFO] Epoch: 42 [25600/100000 (26%)]	 Training Loss: 0.111 ACC: 97.73 CR: 0.98 Avg R1: 0.28 Avg R2: 11.72 Avg Reward: 12.006788
2026-06-03 11:32:49 [INFO] Epoch: 42 [38400/100000 (38%)]	 Training Loss: 0.112 ACC: 97.70 CR: 0.99 Avg R1: 0.27 Avg R2: 11.75 Avg Reward: 12.018862
2026-06-03 11:33:03 [INFO] Epoch: 42 [51200/100000 (51%)]	 Training Loss: 0.113 ACC: 97.65 CR: 0.99 Avg R1: 0.26 Avg R2: 11.77 Avg Reward: 12.031442
2026-06-03 11:33:16 [INFO] Epoch: 42 [64000/100000 (64%)]	 Training Loss: 0.114 ACC: 97.62 CR: 0.99 Avg R1: 0.24 Avg R2: 11.80 Avg Reward: 12.045560
2026-06-03 11:33:29 [INFO] Epoch: 42 [76800/100000 (77%)]	 Training Loss: 0.114 ACC: 97.62 CR: 0.99 Avg R1: 0.23 Avg R2: 11.83 Avg Reward: 12.060511
2026-06-03 11:33:42 [INFO] Epoch: 42 [89600/100000 (90%)]	 Training Loss: 0.115 ACC: 97.58 CR: 0.99 Avg R1: 0.22 Avg R2: 11.86 Avg Reward: 12.073825
2026-06-03 11:33:54 [INFO] EPOCH:42, ======================CR:0.99373====================
2026-06-03 11:33:54 [INFO] 0.036911667474418534
2026-06-03 11:33:57 [INFO] EPOCH:42, ======================ACC:61.55====================
2026-06-03 11:33:57 [INFO] BEST EPOCH:34,BEST ACC:62.2
2026-06-03 11:34:11 [INFO] Epoch: 43 [12800/100000 (13%)]	 Training Loss: 0.107 ACC: 97.78 CR: 0.99 Avg R1: 0.11 Avg R2: 12.09 Avg Reward: 12.201894
2026-06-03 11:34:25 [INFO] Epoch: 43 [25600/100000 (26%)]	 Training Loss: 0.107 ACC: 97.79 CR: 0.99 Avg R1: 0.12 Avg R2: 12.08 Avg Reward: 12.191199
2026-06-03 11:34:38 [INFO] Epoch: 43 [38400/100000 (38%)]	 Training Loss: 0.106 ACC: 97.79 CR: 0.99 Avg R1: 0.13 Avg R2: 12.05 Avg Reward: 12.179974
2026-06-03 11:34:51 [INFO] Epoch: 43 [51200/100000 (51%)]	 Training Loss: 0.107 ACC: 97.79 CR: 0.99 Avg R1: 0.14 Avg R2: 12.03 Avg Reward: 12.168453
2026-06-03 11:35:05 [INFO] Epoch: 43 [64000/100000 (64%)]	 Training Loss: 0.106 ACC: 97.76 CR: 0.99 Avg R1: 0.15 Avg R2: 12.01 Avg Reward: 12.156058
2026-06-03 11:35:19 [INFO] Epoch: 43 [76800/100000 (77%)]	 Training Loss: 0.107 ACC: 97.71 CR: 0.98 Avg R1: 0.16 Avg R2: 11.98 Avg Reward: 12.143022
2026-06-03 11:35:32 [INFO] Epoch: 43 [89600/100000 (90%)]	 Training Loss: 0.106 ACC: 97.72 CR: 0.98 Avg R1: 0.18 Avg R2: 11.95 Avg Reward: 12.129175
2026-06-03 11:35:43 [INFO] EPOCH:43, ======================CR:0.97703====================
2026-06-03 11:35:43 [INFO] 0.04102587750208495
2026-06-03 11:35:46 [INFO] EPOCH:43, ======================ACC:61.51====================
2026-06-03 11:35:46 [INFO] BEST EPOCH:34,BEST ACC:62.2
2026-06-03 11:36:01 [INFO] Epoch: 44 [12800/100000 (13%)]	 Training Loss: 0.092 ACC: 98.10 CR: 0.97 Avg R1: 0.41 Avg R2: 11.63 Avg Reward: 12.041558
2026-06-03 11:36:14 [INFO] Epoch: 44 [25600/100000 (26%)]	 Training Loss: 0.092 ACC: 98.08 CR: 0.97 Avg R1: 0.44 Avg R2: 11.60 Avg Reward: 12.039783
2026-06-03 11:36:28 [INFO] Epoch: 44 [38400/100000 (38%)]	 Training Loss: 0.093 ACC: 98.00 CR: 0.96 Avg R1: 0.48 Avg R2: 11.56 Avg Reward: 12.040158
2026-06-03 11:36:41 [INFO] Epoch: 44 [51200/100000 (51%)]	 Training Loss: 0.093 ACC: 97.98 CR: 0.96 Avg R1: 0.52 Avg R2: 11.52 Avg Reward: 12.040539
2026-06-03 11:36:55 [INFO] Epoch: 44 [64000/100000 (64%)]	 Training Loss: 0.093 ACC: 97.96 CR: 0.96 Avg R1: 0.56 Avg R2: 11.48 Avg Reward: 12.040161
2026-06-03 11:37:09 [INFO] Epoch: 44 [76800/100000 (77%)]	 Training Loss: 0.094 ACC: 97.95 CR: 0.95 Avg R1: 0.59 Avg R2: 11.45 Avg Reward: 12.038946
2026-06-03 11:37:22 [INFO] Epoch: 44 [89600/100000 (90%)]	 Training Loss: 0.094 ACC: 97.93 CR: 0.95 Avg R1: 0.63 Avg R2: 11.41 Avg Reward: 12.037584
2026-06-03 11:37:33 [INFO] EPOCH:44, ======================CR:0.9449====================
2026-06-03 11:37:33 [INFO] 0.04090471456484435
2026-06-03 11:37:37 [INFO] EPOCH:44, ======================ACC:61.74====================
2026-06-03 11:37:37 [INFO] BEST EPOCH:34,BEST ACC:62.2
2026-06-03 11:37:51 [INFO] Epoch: 45 [12800/100000 (13%)]	 Training Loss: 0.089 ACC: 98.13 CR: 0.95 Avg R1: 0.92 Avg R2: 11.14 Avg Reward: 12.057054
2026-06-03 11:38:05 [INFO] Epoch: 45 [25600/100000 (26%)]	 Training Loss: 0.090 ACC: 98.09 CR: 0.95 Avg R1: 0.91 Avg R2: 11.15 Avg Reward: 12.058354
2026-06-03 11:38:18 [INFO] Epoch: 45 [38400/100000 (38%)]	 Training Loss: 0.092 ACC: 98.09 CR: 0.95 Avg R1: 0.89 Avg R2: 11.16 Avg Reward: 12.056567
2026-06-03 11:38:31 [INFO] Epoch: 45 [51200/100000 (51%)]	 Training Loss: 0.093 ACC: 98.07 CR: 0.95 Avg R1: 0.87 Avg R2: 11.18 Avg Reward: 12.056111
2026-06-03 11:38:45 [INFO] Epoch: 45 [64000/100000 (64%)]	 Training Loss: 0.092 ACC: 98.11 CR: 0.96 Avg R1: 0.85 Avg R2: 11.21 Avg Reward: 12.055749
2026-06-03 11:38:59 [INFO] Epoch: 45 [76800/100000 (77%)]	 Training Loss: 0.093 ACC: 98.10 CR: 0.96 Avg R1: 0.82 Avg R2: 11.23 Avg Reward: 12.054380
2026-06-03 11:39:12 [INFO] Epoch: 45 [89600/100000 (90%)]	 Training Loss: 0.093 ACC: 98.07 CR: 0.96 Avg R1: 0.80 Avg R2: 11.25 Avg Reward: 12.052798
2026-06-03 11:39:22 [INFO] EPOCH:45, ======================CR:0.96444====================
2026-06-03 11:39:22 [INFO] 0.0443104435513465
2026-06-03 11:39:26 [INFO] EPOCH:45, ======================ACC:61.96====================
2026-06-03 11:39:26 [INFO] BEST EPOCH:34,BEST ACC:62.2
2026-06-03 11:39:40 [INFO] Epoch: 46 [12800/100000 (13%)]	 Training Loss: 0.088 ACC: 98.26 CR: 0.97 Avg R1: 0.59 Avg R2: 11.49 Avg Reward: 12.072701
2026-06-03 11:39:53 [INFO] Epoch: 46 [25600/100000 (26%)]	 Training Loss: 0.088 ACC: 98.24 CR: 0.97 Avg R1: 0.57 Avg R2: 11.50 Avg Reward: 12.073883
2026-06-03 11:40:07 [INFO] Epoch: 46 [38400/100000 (38%)]	 Training Loss: 0.088 ACC: 98.28 CR: 0.97 Avg R1: 0.56 Avg R2: 11.52 Avg Reward: 12.075556
2026-06-03 11:40:20 [INFO] Epoch: 46 [51200/100000 (51%)]	 Training Loss: 0.089 ACC: 98.24 CR: 0.97 Avg R1: 0.54 Avg R2: 11.54 Avg Reward: 12.078234
2026-06-03 11:40:34 [INFO] Epoch: 46 [64000/100000 (64%)]	 Training Loss: 0.089 ACC: 98.23 CR: 0.97 Avg R1: 0.53 Avg R2: 11.56 Avg Reward: 12.080145
2026-06-03 11:40:48 [INFO] Epoch: 46 [76800/100000 (77%)]	 Training Loss: 0.090 ACC: 98.23 CR: 0.97 Avg R1: 0.52 Avg R2: 11.57 Avg Reward: 12.081227
2026-06-03 11:41:01 [INFO] Epoch: 46 [89600/100000 (90%)]	 Training Loss: 0.090 ACC: 98.23 CR: 0.97 Avg R1: 0.51 Avg R2: 11.57 Avg Reward: 12.082313
2026-06-03 11:41:12 [INFO] EPOCH:46, ======================CR:0.97282====================
2026-06-03 11:41:12 [INFO] 0.04868423708014907
2026-06-03 11:41:16 [INFO] EPOCH:46, ======================ACC:61.93====================
2026-06-03 11:41:16 [INFO] BEST EPOCH:34,BEST ACC:62.2
2026-06-03 11:41:30 [INFO] Epoch: 47 [12800/100000 (13%)]	 Training Loss: 0.085 ACC: 98.26 CR: 0.97 Avg R1: 0.46 Avg R2: 11.65 Avg Reward: 12.111589
2026-06-03 11:41:43 [INFO] Epoch: 47 [25600/100000 (26%)]	 Training Loss: 0.086 ACC: 98.34 CR: 0.97 Avg R1: 0.47 Avg R2: 11.64 Avg Reward: 12.110648
2026-06-03 11:41:56 [INFO] Epoch: 47 [38400/100000 (38%)]	 Training Loss: 0.086 ACC: 98.38 CR: 0.97 Avg R1: 0.47 Avg R2: 11.64 Avg Reward: 12.108590
2026-06-03 11:42:10 [INFO] Epoch: 47 [51200/100000 (51%)]	 Training Loss: 0.086 ACC: 98.37 CR: 0.97 Avg R1: 0.47 Avg R2: 11.63 Avg Reward: 12.106291
2026-06-03 11:42:24 [INFO] Epoch: 47 [64000/100000 (64%)]	 Training Loss: 0.086 ACC: 98.35 CR: 0.97 Avg R1: 0.48 Avg R2: 11.62 Avg Reward: 12.104172
2026-06-03 11:42:37 [INFO] Epoch: 47 [76800/100000 (77%)]	 Training Loss: 0.086 ACC: 98.33 CR: 0.97 Avg R1: 0.50 Avg R2: 11.61 Avg Reward: 12.102557
2026-06-03 11:42:51 [INFO] Epoch: 47 [89600/100000 (90%)]	 Training Loss: 0.085 ACC: 98.32 CR: 0.96 Avg R1: 0.51 Avg R2: 11.59 Avg Reward: 12.101525
2026-06-03 11:43:02 [INFO] EPOCH:47, ======================CR:0.9595====================
2026-06-03 11:43:02 [INFO] 0.042142428631449465
2026-06-03 11:43:06 [INFO] EPOCH:47, ======================ACC:61.86====================
2026-06-03 11:43:06 [INFO] BEST EPOCH:34,BEST ACC:62.2
2026-06-03 11:43:20 [INFO] Epoch: 48 [12800/100000 (13%)]	 Training Loss: 0.079 ACC: 98.31 CR: 0.96 Avg R1: 0.68 Avg R2: 11.45 Avg Reward: 12.133418
2026-06-03 11:43:34 [INFO] Epoch: 48 [25600/100000 (26%)]	 Training Loss: 0.079 ACC: 98.37 CR: 0.96 Avg R1: 0.69 Avg R2: 11.44 Avg Reward: 12.133534
2026-06-03 11:43:48 [INFO] Epoch: 48 [38400/100000 (38%)]	 Training Loss: 0.079 ACC: 98.35 CR: 0.96 Avg R1: 0.70 Avg R2: 11.43 Avg Reward: 12.135243
2026-06-03 11:44:01 [INFO] Epoch: 48 [51200/100000 (51%)]	 Training Loss: 0.078 ACC: 98.34 CR: 0.95 Avg R1: 0.72 Avg R2: 11.42 Avg Reward: 12.137204
2026-06-03 11:44:15 [INFO] Epoch: 48 [64000/100000 (64%)]	 Training Loss: 0.079 ACC: 98.34 CR: 0.95 Avg R1: 0.74 Avg R2: 11.40 Avg Reward: 12.138855
2026-06-03 11:44:29 [INFO] Epoch: 48 [76800/100000 (77%)]	 Training Loss: 0.079 ACC: 98.35 CR: 0.95 Avg R1: 0.75 Avg R2: 11.38 Avg Reward: 12.139422
2026-06-03 11:44:42 [INFO] Epoch: 48 [89600/100000 (90%)]	 Training Loss: 0.079 ACC: 98.35 CR: 0.95 Avg R1: 0.77 Avg R2: 11.37 Avg Reward: 12.140034
2026-06-03 11:44:54 [INFO] EPOCH:48, ======================CR:0.94422====================
2026-06-03 11:44:54 [INFO] 0.04308487308870754
2026-06-03 11:44:58 [INFO] EPOCH:48, ======================ACC:61.92====================
2026-06-03 11:44:58 [INFO] BEST EPOCH:34,BEST ACC:62.2
2026-06-03 11:45:12 [INFO] Epoch: 49 [12800/100000 (13%)]	 Training Loss: 0.074 ACC: 98.69 CR: 0.95 Avg R1: 0.92 Avg R2: 11.26 Avg Reward: 12.182502
2026-06-03 11:45:26 [INFO] Epoch: 49 [25600/100000 (26%)]	 Training Loss: 0.076 ACC: 98.59 CR: 0.95 Avg R1: 0.91 Avg R2: 11.27 Avg Reward: 12.181241
2026-06-03 11:45:40 [INFO] Epoch: 49 [38400/100000 (38%)]	 Training Loss: 0.078 ACC: 98.56 CR: 0.95 Avg R1: 0.90 Avg R2: 11.28 Avg Reward: 12.178696
2026-06-03 11:45:54 [INFO] Epoch: 49 [51200/100000 (51%)]	 Training Loss: 0.079 ACC: 98.50 CR: 0.95 Avg R1: 0.88 Avg R2: 11.30 Avg Reward: 12.177920
2026-06-03 11:46:08 [INFO] Epoch: 49 [64000/100000 (64%)]	 Training Loss: 0.080 ACC: 98.47 CR: 0.95 Avg R1: 0.86 Avg R2: 11.32 Avg Reward: 12.176361
2026-06-03 11:46:21 [INFO] Epoch: 49 [76800/100000 (77%)]	 Training Loss: 0.081 ACC: 98.44 CR: 0.96 Avg R1: 0.84 Avg R2: 11.34 Avg Reward: 12.175230
2026-06-03 11:46:35 [INFO] Epoch: 49 [89600/100000 (90%)]	 Training Loss: 0.081 ACC: 98.43 CR: 0.96 Avg R1: 0.81 Avg R2: 11.36 Avg Reward: 12.173211
2026-06-03 11:46:46 [INFO] EPOCH:49, ======================CR:0.96631====================
2026-06-03 11:46:46 [INFO] 0.037737844073724346
2026-06-03 11:46:50 [INFO] EPOCH:49, ======================ACC:61.75====================
2026-06-03 11:46:50 [INFO] BEST EPOCH:34,BEST ACC:62.2
2026-06-03 11:47:04 [INFO] Epoch: 50 [12800/100000 (13%)]	 Training Loss: 0.077 ACC: 98.66 CR: 0.97 Avg R1: 0.55 Avg R2: 11.64 Avg Reward: 12.187648
2026-06-03 11:47:18 [INFO] Epoch: 50 [25600/100000 (26%)]	 Training Loss: 0.077 ACC: 98.68 CR: 0.97 Avg R1: 0.53 Avg R2: 11.66 Avg Reward: 12.191074
2026-06-03 11:47:32 [INFO] Epoch: 50 [38400/100000 (38%)]	 Training Loss: 0.076 ACC: 98.68 CR: 0.97 Avg R1: 0.51 Avg R2: 11.69 Avg Reward: 12.194331
2026-06-03 11:47:45 [INFO] Epoch: 50 [51200/100000 (51%)]	 Training Loss: 0.078 ACC: 98.63 CR: 0.98 Avg R1: 0.49 Avg R2: 11.71 Avg Reward: 12.197764
2026-06-03 11:47:59 [INFO] Epoch: 50 [64000/100000 (64%)]	 Training Loss: 0.077 ACC: 98.65 CR: 0.98 Avg R1: 0.47 Avg R2: 11.73 Avg Reward: 12.201355
2026-06-03 11:48:13 [INFO] Epoch: 50 [76800/100000 (77%)]	 Training Loss: 0.077 ACC: 98.62 CR: 0.98 Avg R1: 0.45 Avg R2: 11.75 Avg Reward: 12.205402
2026-06-03 11:48:27 [INFO] Epoch: 50 [89600/100000 (90%)]	 Training Loss: 0.078 ACC: 98.59 CR: 0.98 Avg R1: 0.44 Avg R2: 11.77 Avg Reward: 12.208853
2026-06-03 11:48:38 [INFO] EPOCH:50, ======================CR:0.97878====================
2026-06-03 11:48:38 [INFO] 0.04219842610894
2026-06-03 11:48:42 [INFO] EPOCH:50, ======================ACC:61.69====================
2026-06-03 11:48:42 [INFO] BEST EPOCH:34,BEST ACC:62.2
2026-06-03 11:48:56 [INFO] Epoch: 51 [12800/100000 (13%)]	 Training Loss: 0.073 ACC: 98.63 CR: 0.98 Avg R1: 0.37 Avg R2: 11.89 Avg Reward: 12.262485
2026-06-03 11:49:10 [INFO] Epoch: 51 [25600/100000 (26%)]	 Training Loss: 0.072 ACC: 98.64 CR: 0.97 Avg R1: 0.39 Avg R2: 11.87 Avg Reward: 12.261972
2026-06-03 11:49:23 [INFO] Epoch: 51 [38400/100000 (38%)]	 Training Loss: 0.073 ACC: 98.57 CR: 0.97 Avg R1: 0.41 Avg R2: 11.85 Avg Reward: 12.259130
2026-06-03 11:49:37 [INFO] Epoch: 51 [51200/100000 (51%)]	 Training Loss: 0.075 ACC: 98.51 CR: 0.97 Avg R1: 0.43 Avg R2: 11.82 Avg Reward: 12.255730
2026-06-03 11:49:51 [INFO] Epoch: 51 [64000/100000 (64%)]	 Training Loss: 0.076 ACC: 98.47 CR: 0.96 Avg R1: 0.46 Avg R2: 11.79 Avg Reward: 12.251727
2026-06-03 11:50:04 [INFO] Epoch: 51 [76800/100000 (77%)]	 Training Loss: 0.075 ACC: 98.49 CR: 0.96 Avg R1: 0.48 Avg R2: 11.76 Avg Reward: 12.248388
2026-06-03 11:50:17 [INFO] Epoch: 51 [89600/100000 (90%)]	 Training Loss: 0.075 ACC: 98.47 CR: 0.96 Avg R1: 0.51 Avg R2: 11.73 Avg Reward: 12.245169
2026-06-03 11:50:28 [INFO] EPOCH:51, ======================CR:0.95335====================
2026-06-03 11:50:28 [INFO] 0.04055066450357983
2026-06-03 11:50:32 [INFO] EPOCH:51, ======================ACC:61.8====================
2026-06-03 11:50:32 [INFO] BEST EPOCH:34,BEST ACC:62.2
2026-06-03 11:50:46 [INFO] Epoch: 52 [12800/100000 (13%)]	 Training Loss: 0.068 ACC: 98.74 CR: 0.95 Avg R1: 0.78 Avg R2: 11.47 Avg Reward: 12.246602
2026-06-03 11:50:59 [INFO] Epoch: 52 [25600/100000 (26%)]	 Training Loss: 0.068 ACC: 98.80 CR: 0.95 Avg R1: 0.78 Avg R2: 11.47 Avg Reward: 12.248144
2026-06-03 11:51:13 [INFO] Epoch: 52 [38400/100000 (38%)]	 Training Loss: 0.070 ACC: 98.70 CR: 0.95 Avg R1: 0.78 Avg R2: 11.47 Avg Reward: 12.248290
2026-06-03 11:51:27 [INFO] Epoch: 52 [51200/100000 (51%)]	 Training Loss: 0.070 ACC: 98.68 CR: 0.95 Avg R1: 0.79 Avg R2: 11.46 Avg Reward: 12.248010
2026-06-03 11:51:41 [INFO] Epoch: 52 [64000/100000 (64%)]	 Training Loss: 0.071 ACC: 98.68 CR: 0.95 Avg R1: 0.79 Avg R2: 11.45 Avg Reward: 12.247384
2026-06-03 11:51:54 [INFO] Epoch: 52 [76800/100000 (77%)]	 Training Loss: 0.071 ACC: 98.67 CR: 0.95 Avg R1: 0.80 Avg R2: 11.44 Avg Reward: 12.246830
2026-06-03 11:52:08 [INFO] Epoch: 52 [89600/100000 (90%)]	 Training Loss: 0.070 ACC: 98.68 CR: 0.94 Avg R1: 0.82 Avg R2: 11.43 Avg Reward: 12.246951
2026-06-03 11:52:19 [INFO] EPOCH:52, ======================CR:0.93932====================
2026-06-03 11:52:19 [INFO] 0.03731833700171453
2026-06-03 11:52:23 [INFO] EPOCH:52, ======================ACC:61.32====================
2026-06-03 11:52:23 [INFO] BEST EPOCH:34,BEST ACC:62.2
2026-06-03 11:52:38 [INFO] Epoch: 53 [12800/100000 (13%)]	 Training Loss: 0.063 ACC: 98.70 CR: 0.93 Avg R1: 1.05 Avg R2: 11.24 Avg Reward: 12.289849
2026-06-03 11:52:52 [INFO] Epoch: 53 [25600/100000 (26%)]	 Training Loss: 0.061 ACC: 98.83 CR: 0.93 Avg R1: 1.10 Avg R2: 11.20 Avg Reward: 12.303165
2026-06-03 11:53:05 [INFO] Epoch: 53 [38400/100000 (38%)]	 Training Loss: 0.061 ACC: 98.80 CR: 0.92 Avg R1: 1.16 Avg R2: 11.16 Avg Reward: 12.317977
2026-06-03 11:53:19 [INFO] Epoch: 53 [51200/100000 (51%)]	 Training Loss: 0.062 ACC: 98.74 CR: 0.91 Avg R1: 1.22 Avg R2: 11.12 Avg Reward: 12.334985
2026-06-03 11:53:32 [INFO] Epoch: 53 [64000/100000 (64%)]	 Training Loss: 0.061 ACC: 98.74 CR: 0.90 Avg R1: 1.29 Avg R2: 11.07 Avg Reward: 12.355368
2026-06-03 11:53:45 [INFO] Epoch: 53 [76800/100000 (77%)]	 Training Loss: 0.062 ACC: 98.74 CR: 0.89 Avg R1: 1.37 Avg R2: 11.01 Avg Reward: 12.377073
2026-06-03 11:53:58 [INFO] Epoch: 53 [89600/100000 (90%)]	 Training Loss: 0.062 ACC: 98.76 CR: 0.88 Avg R1: 1.44 Avg R2: 10.96 Avg Reward: 12.398760
2026-06-03 11:54:09 [INFO] EPOCH:53, ======================CR:0.87571====================
2026-06-03 11:54:09 [INFO] 0.028578102250528314
2026-06-03 11:54:13 [INFO] EPOCH:53, ======================ACC:61.68====================
2026-06-03 11:54:13 [INFO] BEST EPOCH:34,BEST ACC:62.2
2026-06-03 11:54:27 [INFO] Epoch: 54 [12800/100000 (13%)]	 Training Loss: 0.053 ACC: 99.04 CR: 0.87 Avg R1: 2.09 Avg R2: 10.52 Avg Reward: 12.607258
2026-06-03 11:54:40 [INFO] Epoch: 54 [25600/100000 (26%)]	 Training Loss: 0.056 ACC: 98.93 CR: 0.87 Avg R1: 2.11 Avg R2: 10.50 Avg Reward: 12.615757
2026-06-03 11:54:54 [INFO] Epoch: 54 [38400/100000 (38%)]	 Training Loss: 0.056 ACC: 98.91 CR: 0.87 Avg R1: 2.14 Avg R2: 10.48 Avg Reward: 12.626031
2026-06-03 11:55:07 [INFO] Epoch: 54 [51200/100000 (51%)]	 Training Loss: 0.057 ACC: 98.84 CR: 0.86 Avg R1: 2.18 Avg R2: 10.46 Avg Reward: 12.638154
2026-06-03 11:55:21 [INFO] Epoch: 54 [64000/100000 (64%)]	 Training Loss: 0.057 ACC: 98.83 CR: 0.85 Avg R1: 2.22 Avg R2: 10.44 Avg Reward: 12.654661
2026-06-03 11:55:34 [INFO] Epoch: 54 [76800/100000 (77%)]	 Training Loss: 0.057 ACC: 98.80 CR: 0.84 Avg R1: 2.28 Avg R2: 10.40 Avg Reward: 12.677655
2026-06-03 11:55:48 [INFO] Epoch: 54 [89600/100000 (90%)]	 Training Loss: 0.057 ACC: 98.80 CR: 0.82 Avg R1: 2.36 Avg R2: 10.35 Avg Reward: 12.709116
2026-06-03 11:55:59 [INFO] EPOCH:54, ======================CR:0.81581====================
2026-06-03 11:55:59 [INFO] 0.03451179960421539
2026-06-03 11:56:03 [INFO] EPOCH:54, ======================ACC:61.72====================
2026-06-03 11:56:03 [INFO] BEST EPOCH:34,BEST ACC:62.2
2026-06-03 11:56:17 [INFO] Epoch: 55 [12800/100000 (13%)]	 Training Loss: 0.054 ACC: 99.02 CR: 0.81 Avg R1: 3.10 Avg R2: 9.91 Avg Reward: 13.006513
2026-06-03 11:56:30 [INFO] Epoch: 55 [25600/100000 (26%)]	 Training Loss: 0.054 ACC: 98.96 CR: 0.81 Avg R1: 3.11 Avg R2: 9.90 Avg Reward: 13.010997
2026-06-03 11:56:43 [INFO] Epoch: 55 [38400/100000 (38%)]	 Training Loss: 0.054 ACC: 98.94 CR: 0.81 Avg R1: 3.12 Avg R2: 9.90 Avg Reward: 13.016654
2026-06-03 11:56:53 [INFO] Epoch: 55 [51200/100000 (51%)]	 Training Loss: 0.053 ACC: 98.95 CR: 0.80 Avg R1: 3.17 Avg R2: 9.87 Avg Reward: 13.035670
2026-06-03 11:57:04 [INFO] Epoch: 55 [64000/100000 (64%)]	 Training Loss: 0.053 ACC: 98.95 CR: 0.79 Avg R1: 3.23 Avg R2: 9.83 Avg Reward: 13.062048
2026-06-03 11:57:15 [INFO] Epoch: 55 [76800/100000 (77%)]	 Training Loss: 0.053 ACC: 98.91 CR: 0.78 Avg R1: 3.30 Avg R2: 9.79 Avg Reward: 13.090014
2026-06-03 11:57:27 [INFO] Epoch: 55 [89600/100000 (90%)]	 Training Loss: 0.053 ACC: 98.90 CR: 0.77 Avg R1: 3.37 Avg R2: 9.75 Avg Reward: 13.119681
2026-06-03 11:57:36 [INFO] EPOCH:55, ======================CR:0.76455====================
2026-06-03 11:57:36 [INFO] 0.03659913573663346
2026-06-03 11:57:39 [INFO] EPOCH:55, ======================ACC:61.69====================
2026-06-03 11:57:39 [INFO] BEST EPOCH:34,BEST ACC:62.2
2026-06-03 11:57:51 [INFO] Epoch: 56 [12800/100000 (13%)]	 Training Loss: 0.053 ACC: 98.88 CR: 0.77 Avg R1: 3.91 Avg R2: 9.44 Avg Reward: 13.347577
2026-06-03 11:58:02 [INFO] Epoch: 56 [25600/100000 (26%)]	 Training Loss: 0.052 ACC: 98.93 CR: 0.77 Avg R1: 3.88 Avg R2: 9.46 Avg Reward: 13.334317
2026-06-03 11:58:13 [INFO] Epoch: 56 [38400/100000 (38%)]	 Training Loss: 0.051 ACC: 98.95 CR: 0.77 Avg R1: 3.85 Avg R2: 9.47 Avg Reward: 13.322571
2026-06-03 11:58:27 [INFO] Epoch: 56 [51200/100000 (51%)]	 Training Loss: 0.052 ACC: 98.96 CR: 0.78 Avg R1: 3.82 Avg R2: 9.49 Avg Reward: 13.310028
2026-06-03 11:58:41 [INFO] Epoch: 56 [64000/100000 (64%)]	 Training Loss: 0.053 ACC: 98.93 CR: 0.79 Avg R1: 3.78 Avg R2: 9.51 Avg Reward: 13.293693
2026-06-03 11:58:55 [INFO] Epoch: 56 [76800/100000 (77%)]	 Training Loss: 0.053 ACC: 98.93 CR: 0.79 Avg R1: 3.74 Avg R2: 9.53 Avg Reward: 13.275552
2026-06-03 11:59:08 [INFO] Epoch: 56 [89600/100000 (90%)]	 Training Loss: 0.053 ACC: 98.90 CR: 0.80 Avg R1: 3.69 Avg R2: 9.56 Avg Reward: 13.254943
2026-06-03 11:59:20 [INFO] EPOCH:56, ======================CR:0.80129====================
2026-06-03 11:59:20 [INFO] 0.030226443603210588
2026-06-03 11:59:24 [INFO] EPOCH:56, ======================ACC:61.64====================
2026-06-03 11:59:24 [INFO] BEST EPOCH:34,BEST ACC:62.2
2026-06-03 11:59:38 [INFO] Epoch: 57 [12800/100000 (13%)]	 Training Loss: 0.052 ACC: 99.00 CR: 0.80 Avg R1: 3.35 Avg R2: 9.76 Avg Reward: 13.109841
2026-06-03 11:59:51 [INFO] Epoch: 57 [25600/100000 (26%)]	 Training Loss: 0.051 ACC: 99.00 CR: 0.79 Avg R1: 3.38 Avg R2: 9.74 Avg Reward: 13.125617
2026-06-03 12:00:05 [INFO] Epoch: 57 [38400/100000 (38%)]	 Training Loss: 0.050 ACC: 99.03 CR: 0.79 Avg R1: 3.42 Avg R2: 9.72 Avg Reward: 13.139860
2026-06-03 12:00:19 [INFO] Epoch: 57 [51200/100000 (51%)]	 Training Loss: 0.049 ACC: 99.02 CR: 0.78 Avg R1: 3.46 Avg R2: 9.70 Avg Reward: 13.156159
2026-06-03 12:00:33 [INFO] Epoch: 57 [64000/100000 (64%)]	 Training Loss: 0.049 ACC: 98.99 CR: 0.77 Avg R1: 3.50 Avg R2: 9.67 Avg Reward: 13.175309
2026-06-03 12:00:46 [INFO] Epoch: 57 [76800/100000 (77%)]	 Training Loss: 0.049 ACC: 98.98 CR: 0.77 Avg R1: 3.56 Avg R2: 9.64 Avg Reward: 13.196693
2026-06-03 12:00:59 [INFO] Epoch: 57 [89600/100000 (90%)]	 Training Loss: 0.049 ACC: 99.00 CR: 0.76 Avg R1: 3.61 Avg R2: 9.60 Avg Reward: 13.219019
2026-06-03 12:01:10 [INFO] EPOCH:57, ======================CR:0.74968====================
2026-06-03 12:01:10 [INFO] 0.024502807525382593
2026-06-03 12:01:14 [INFO] EPOCH:57, ======================ACC:61.56====================
2026-06-03 12:01:14 [INFO] BEST EPOCH:34,BEST ACC:62.2
2026-06-03 12:01:28 [INFO] Epoch: 58 [12800/100000 (13%)]	 Training Loss: 0.048 ACC: 98.94 CR: 0.75 Avg R1: 4.19 Avg R2: 9.28 Avg Reward: 13.463422
2026-06-03 12:01:42 [INFO] Epoch: 58 [25600/100000 (26%)]	 Training Loss: 0.048 ACC: 98.91 CR: 0.75 Avg R1: 4.19 Avg R2: 9.27 Avg Reward: 13.469137
2026-06-03 12:01:55 [INFO] Epoch: 58 [38400/100000 (38%)]	 Training Loss: 0.048 ACC: 98.94 CR: 0.75 Avg R1: 4.20 Avg R2: 9.27 Avg Reward: 13.471742
2026-06-03 12:02:08 [INFO] Epoch: 58 [51200/100000 (51%)]	 Training Loss: 0.049 ACC: 98.92 CR: 0.75 Avg R1: 4.20 Avg R2: 9.27 Avg Reward: 13.471674
2026-06-03 12:02:22 [INFO] Epoch: 58 [64000/100000 (64%)]	 Training Loss: 0.049 ACC: 98.92 CR: 0.75 Avg R1: 4.20 Avg R2: 9.27 Avg Reward: 13.472338
2026-06-03 12:02:36 [INFO] Epoch: 58 [76800/100000 (77%)]	 Training Loss: 0.049 ACC: 98.95 CR: 0.75 Avg R1: 4.20 Avg R2: 9.27 Avg Reward: 13.472673
2026-06-03 12:02:49 [INFO] Epoch: 58 [89600/100000 (90%)]	 Training Loss: 0.049 ACC: 98.95 CR: 0.76 Avg R1: 4.19 Avg R2: 9.28 Avg Reward: 13.468635
2026-06-03 12:03:00 [INFO] EPOCH:58, ======================CR:0.76293====================
2026-06-03 12:03:00 [INFO] 0.028076314219598858
2026-06-03 12:03:04 [INFO] EPOCH:58, ======================ACC:61.47====================
2026-06-03 12:03:04 [INFO] BEST EPOCH:34,BEST ACC:62.2
2026-06-03 12:03:19 [INFO] Epoch: 59 [12800/100000 (13%)]	 Training Loss: 0.051 ACC: 99.16 CR: 0.77 Avg R1: 3.90 Avg R2: 9.45 Avg Reward: 13.349165
2026-06-03 12:03:33 [INFO] Epoch: 59 [25600/100000 (26%)]	 Training Loss: 0.050 ACC: 99.11 CR: 0.78 Avg R1: 3.84 Avg R2: 9.48 Avg Reward: 13.318791
2026-06-03 12:03:46 [INFO] Epoch: 59 [38400/100000 (38%)]	 Training Loss: 0.049 ACC: 99.09 CR: 0.78 Avg R1: 3.78 Avg R2: 9.51 Avg Reward: 13.294231
2026-06-03 12:04:00 [INFO] Epoch: 59 [51200/100000 (51%)]	 Training Loss: 0.049 ACC: 99.09 CR: 0.79 Avg R1: 3.74 Avg R2: 9.54 Avg Reward: 13.272699
2026-06-03 12:04:13 [INFO] Epoch: 59 [64000/100000 (64%)]	 Training Loss: 0.049 ACC: 99.09 CR: 0.79 Avg R1: 3.69 Avg R2: 9.56 Avg Reward: 13.251796
2026-06-03 12:04:27 [INFO] Epoch: 59 [76800/100000 (77%)]	 Training Loss: 0.050 ACC: 99.05 CR: 0.80 Avg R1: 3.64 Avg R2: 9.59 Avg Reward: 13.230086
2026-06-03 12:04:41 [INFO] Epoch: 59 [89600/100000 (90%)]	 Training Loss: 0.051 ACC: 99.02 CR: 0.81 Avg R1: 3.59 Avg R2: 9.62 Avg Reward: 13.207455
2026-06-03 12:04:52 [INFO] EPOCH:59, ======================CR:0.8128====================
2026-06-03 12:04:52 [INFO] 0.031764883743684226
2026-06-03 12:04:55 [INFO] EPOCH:59, ======================ACC:61.55====================
2026-06-03 12:04:55 [INFO] BEST EPOCH:34,BEST ACC:62.2
2026-06-03 12:05:10 [INFO] Epoch: 60 [12800/100000 (13%)]	 Training Loss: 0.050 ACC: 99.04 CR: 0.81 Avg R1: 3.12 Avg R2: 9.90 Avg Reward: 13.020080
2026-06-03 12:05:23 [INFO] Epoch: 60 [25600/100000 (26%)]	 Training Loss: 0.048 ACC: 99.11 CR: 0.81 Avg R1: 3.13 Avg R2: 9.89 Avg Reward: 13.024834
2026-06-03 12:05:37 [INFO] Epoch: 60 [38400/100000 (38%)]	 Training Loss: 0.047 ACC: 99.15 CR: 0.81 Avg R1: 3.14 Avg R2: 9.89 Avg Reward: 13.027087
2026-06-03 12:05:51 [INFO] Epoch: 60 [51200/100000 (51%)]	 Training Loss: 0.047 ACC: 99.12 CR: 0.81 Avg R1: 3.15 Avg R2: 9.88 Avg Reward: 13.029673
2026-06-03 12:06:04 [INFO] Epoch: 60 [64000/100000 (64%)]	 Training Loss: 0.047 ACC: 99.13 CR: 0.81 Avg R1: 3.16 Avg R2: 9.88 Avg Reward: 13.034324
2026-06-03 12:06:18 [INFO] Epoch: 60 [76800/100000 (77%)]	 Training Loss: 0.047 ACC: 99.13 CR: 0.80 Avg R1: 3.17 Avg R2: 9.87 Avg Reward: 13.043455
2026-06-03 12:06:31 [INFO] Epoch: 60 [89600/100000 (90%)]	 Training Loss: 0.047 ACC: 99.14 CR: 0.79 Avg R1: 3.20 Avg R2: 9.85 Avg Reward: 13.056366
2026-06-03 12:06:43 [INFO] EPOCH:60, ======================CR:0.78911====================
2026-06-03 12:06:43 [INFO] 0.027649798524908686
2026-06-03 12:06:46 [INFO] EPOCH:60, ======================ACC:61.62====================
2026-06-03 12:06:46 [INFO] BEST EPOCH:34,BEST ACC:62.2
2026-06-03 12:07:01 [INFO] Epoch: 61 [12800/100000 (13%)]	 Training Loss: 0.045 ACC: 99.05 CR: 0.79 Avg R1: 3.53 Avg R2: 9.66 Avg Reward: 13.194180
2026-06-03 12:07:14 [INFO] Epoch: 61 [25600/100000 (26%)]	 Training Loss: 0.045 ACC: 99.05 CR: 0.78 Avg R1: 3.56 Avg R2: 9.64 Avg Reward: 13.203308
2026-06-03 12:07:27 [INFO] Epoch: 61 [38400/100000 (38%)]	 Training Loss: 0.044 ACC: 99.10 CR: 0.78 Avg R1: 3.60 Avg R2: 9.62 Avg Reward: 13.219068
2026-06-03 12:07:41 [INFO] Epoch: 61 [51200/100000 (51%)]	 Training Loss: 0.044 ACC: 99.09 CR: 0.77 Avg R1: 3.64 Avg R2: 9.60 Avg Reward: 13.238092
2026-06-03 12:07:54 [INFO] Epoch: 61 [64000/100000 (64%)]	 Training Loss: 0.043 ACC: 99.13 CR: 0.76 Avg R1: 3.69 Avg R2: 9.57 Avg Reward: 13.256657
2026-06-03 12:08:08 [INFO] Epoch: 61 [76800/100000 (77%)]	 Training Loss: 0.043 ACC: 99.13 CR: 0.75 Avg R1: 3.74 Avg R2: 9.54 Avg Reward: 13.279609
2026-06-03 12:08:21 [INFO] Epoch: 61 [89600/100000 (90%)]	 Training Loss: 0.043 ACC: 99.13 CR: 0.74 Avg R1: 3.81 Avg R2: 9.50 Avg Reward: 13.305913
2026-06-03 12:08:32 [INFO] EPOCH:61, ======================CR:0.73536====================
2026-06-03 12:08:32 [INFO] 0.023393125599892848
2026-06-03 12:08:36 [INFO] EPOCH:61, ======================ACC:61.64====================
2026-06-03 12:08:36 [INFO] BEST EPOCH:34,BEST ACC:62.2
2026-06-03 12:08:50 [INFO] Epoch: 62 [12800/100000 (13%)]	 Training Loss: 0.040 ACC: 99.12 CR: 0.73 Avg R1: 4.46 Avg R2: 9.12 Avg Reward: 13.579417
2026-06-03 12:09:04 [INFO] Epoch: 62 [25600/100000 (26%)]	 Training Loss: 0.040 ACC: 99.13 CR: 0.72 Avg R1: 4.53 Avg R2: 9.08 Avg Reward: 13.608419
2026-06-03 12:09:17 [INFO] Epoch: 62 [38400/100000 (38%)]	 Training Loss: 0.039 ACC: 99.16 CR: 0.71 Avg R1: 4.60 Avg R2: 9.04 Avg Reward: 13.640126
2026-06-03 12:09:31 [INFO] Epoch: 62 [51200/100000 (51%)]	 Training Loss: 0.039 ACC: 99.15 CR: 0.70 Avg R1: 4.69 Avg R2: 8.99 Avg Reward: 13.678820
2026-06-03 12:09:44 [INFO] Epoch: 62 [64000/100000 (64%)]	 Training Loss: 0.039 ACC: 99.17 CR: 0.68 Avg R1: 4.79 Avg R2: 8.94 Avg Reward: 13.720720
2026-06-03 12:09:57 [INFO] Epoch: 62 [76800/100000 (77%)]	 Training Loss: 0.038 ACC: 99.17 CR: 0.67 Avg R1: 4.89 Avg R2: 8.88 Avg Reward: 13.765516
2026-06-03 12:10:10 [INFO] Epoch: 62 [89600/100000 (90%)]	 Training Loss: 0.038 ACC: 99.19 CR: 0.65 Avg R1: 5.00 Avg R2: 8.82 Avg Reward: 13.814119
2026-06-03 12:10:22 [INFO] EPOCH:62, ======================CR:0.63967====================
2026-06-03 12:10:22 [INFO] 0.01776681448113571
2026-06-03 12:10:25 [INFO] EPOCH:62, ======================ACC:61.67====================
2026-06-03 12:10:25 [INFO] BEST EPOCH:34,BEST ACC:62.2
2026-06-03 12:10:39 [INFO] Epoch: 63 [12800/100000 (13%)]	 Training Loss: 0.039 ACC: 99.12 CR: 0.64 Avg R1: 6.02 Avg R2: 8.25 Avg Reward: 14.268631
2026-06-03 12:10:53 [INFO] Epoch: 63 [25600/100000 (26%)]	 Training Loss: 0.039 ACC: 99.14 CR: 0.64 Avg R1: 6.03 Avg R2: 8.24 Avg Reward: 14.275444
2026-06-03 12:11:06 [INFO] Epoch: 63 [38400/100000 (38%)]	 Training Loss: 0.038 ACC: 99.18 CR: 0.64 Avg R1: 6.03 Avg R2: 8.24 Avg Reward: 14.276102
2026-06-03 12:11:20 [INFO] Epoch: 63 [51200/100000 (51%)]	 Training Loss: 0.038 ACC: 99.19 CR: 0.64 Avg R1: 6.03 Avg R2: 8.24 Avg Reward: 14.276218
2026-06-03 12:11:33 [INFO] Epoch: 63 [64000/100000 (64%)]	 Training Loss: 0.038 ACC: 99.21 CR: 0.64 Avg R1: 6.03 Avg R2: 8.24 Avg Reward: 14.274841
2026-06-03 12:11:46 [INFO] Epoch: 63 [76800/100000 (77%)]	 Training Loss: 0.038 ACC: 99.20 CR: 0.64 Avg R1: 6.03 Avg R2: 8.24 Avg Reward: 14.272993
2026-06-03 12:11:59 [INFO] Epoch: 63 [89600/100000 (90%)]	 Training Loss: 0.038 ACC: 99.21 CR: 0.64 Avg R1: 6.02 Avg R2: 8.25 Avg Reward: 14.268099
2026-06-03 12:12:09 [INFO] EPOCH:63, ======================CR:0.64383====================
2026-06-03 12:12:09 [INFO] 0.01546578352189916
2026-06-03 12:12:13 [INFO] EPOCH:63, ======================ACC:61.77====================
2026-06-03 12:12:13 [INFO] BEST EPOCH:34,BEST ACC:62.2
2026-06-03 12:12:27 [INFO] Epoch: 64 [12800/100000 (13%)]	 Training Loss: 0.038 ACC: 99.11 CR: 0.64 Avg R1: 5.92 Avg R2: 8.30 Avg Reward: 14.225103
2026-06-03 12:12:40 [INFO] Epoch: 64 [25600/100000 (26%)]	 Training Loss: 0.039 ACC: 99.14 CR: 0.65 Avg R1: 5.92 Avg R2: 8.30 Avg Reward: 14.222241
2026-06-03 12:12:53 [INFO] Epoch: 64 [38400/100000 (38%)]	 Training Loss: 0.039 ACC: 99.11 CR: 0.65 Avg R1: 5.91 Avg R2: 8.31 Avg Reward: 14.217458
2026-06-03 12:13:07 [INFO] Epoch: 64 [51200/100000 (51%)]	 Training Loss: 0.038 ACC: 99.13 CR: 0.64 Avg R1: 5.92 Avg R2: 8.30 Avg Reward: 14.220444
2026-06-03 12:13:20 [INFO] Epoch: 64 [64000/100000 (64%)]	 Training Loss: 0.038 ACC: 99.14 CR: 0.64 Avg R1: 5.93 Avg R2: 8.30 Avg Reward: 14.227114
2026-06-03 12:13:34 [INFO] Epoch: 64 [76800/100000 (77%)]	 Training Loss: 0.038 ACC: 99.16 CR: 0.64 Avg R1: 5.94 Avg R2: 8.29 Avg Reward: 14.233623
2026-06-03 12:13:47 [INFO] Epoch: 64 [89600/100000 (90%)]	 Training Loss: 0.038 ACC: 99.18 CR: 0.64 Avg R1: 5.95 Avg R2: 8.29 Avg Reward: 14.239555
2026-06-03 12:13:58 [INFO] EPOCH:64, ======================CR:0.63757====================
2026-06-03 12:13:58 [INFO] 0.017687414653453738
2026-06-03 12:14:02 [INFO] EPOCH:64, ======================ACC:61.71====================
2026-06-03 12:14:02 [INFO] BEST EPOCH:34,BEST ACC:62.2
2026-06-03 12:14:16 [INFO] Epoch: 65 [12800/100000 (13%)]	 Training Loss: 0.037 ACC: 99.15 CR: 0.64 Avg R1: 6.06 Avg R2: 8.23 Avg Reward: 14.294180
2026-06-03 12:14:29 [INFO] Epoch: 65 [25600/100000 (26%)]	 Training Loss: 0.037 ACC: 99.21 CR: 0.63 Avg R1: 6.07 Avg R2: 8.23 Avg Reward: 14.299883
2026-06-03 12:14:42 [INFO] Epoch: 65 [38400/100000 (38%)]	 Training Loss: 0.037 ACC: 99.21 CR: 0.63 Avg R1: 6.08 Avg R2: 8.22 Avg Reward: 14.307477
2026-06-03 12:14:55 [INFO] Epoch: 65 [51200/100000 (51%)]	 Training Loss: 0.038 ACC: 99.20 CR: 0.63 Avg R1: 6.10 Avg R2: 8.22 Avg Reward: 14.314702
2026-06-03 12:15:09 [INFO] Epoch: 65 [64000/100000 (64%)]	 Training Loss: 0.037 ACC: 99.20 CR: 0.63 Avg R1: 6.11 Avg R2: 8.21 Avg Reward: 14.320187
2026-06-03 12:15:22 [INFO] Epoch: 65 [76800/100000 (77%)]	 Training Loss: 0.038 ACC: 99.18 CR: 0.63 Avg R1: 6.12 Avg R2: 8.20 Avg Reward: 14.323039
2026-06-03 12:15:36 [INFO] Epoch: 65 [89600/100000 (90%)]	 Training Loss: 0.038 ACC: 99.18 CR: 0.63 Avg R1: 6.12 Avg R2: 8.20 Avg Reward: 14.323771
2026-06-03 12:15:48 [INFO] EPOCH:65, ======================CR:0.63134====================
2026-06-03 12:15:48 [INFO] 0.011719808204216265
2026-06-03 12:15:51 [INFO] EPOCH:65, ======================ACC:61.95====================
2026-06-03 12:15:51 [INFO] BEST EPOCH:34,BEST ACC:62.2
2026-06-03 12:16:05 [INFO] Epoch: 66 [12800/100000 (13%)]	 Training Loss: 0.038 ACC: 99.20 CR: 0.63 Avg R1: 6.14 Avg R2: 8.19 Avg Reward: 14.329861
2026-06-03 12:16:18 [INFO] Epoch: 66 [25600/100000 (26%)]	 Training Loss: 0.038 ACC: 99.21 CR: 0.63 Avg R1: 6.15 Avg R2: 8.19 Avg Reward: 14.333986
2026-06-03 12:16:31 [INFO] Epoch: 66 [38400/100000 (38%)]	 Training Loss: 0.038 ACC: 99.22 CR: 0.63 Avg R1: 6.15 Avg R2: 8.18 Avg Reward: 14.335202
2026-06-03 12:16:45 [INFO] Epoch: 66 [51200/100000 (51%)]	 Training Loss: 0.038 ACC: 99.20 CR: 0.63 Avg R1: 6.16 Avg R2: 8.18 Avg Reward: 14.342652
2026-06-03 12:16:57 [INFO] Epoch: 66 [64000/100000 (64%)]	 Training Loss: 0.037 ACC: 99.22 CR: 0.63 Avg R1: 6.18 Avg R2: 8.17 Avg Reward: 14.350708
2026-06-03 12:17:10 [INFO] Epoch: 66 [76800/100000 (77%)]	 Training Loss: 0.037 ACC: 99.20 CR: 0.62 Avg R1: 6.19 Avg R2: 8.16 Avg Reward: 14.357754
2026-06-03 12:17:23 [INFO] Epoch: 66 [89600/100000 (90%)]	 Training Loss: 0.037 ACC: 99.21 CR: 0.62 Avg R1: 6.21 Avg R2: 8.16 Avg Reward: 14.365322
2026-06-03 12:17:34 [INFO] EPOCH:66, ======================CR:0.61742====================
2026-06-03 12:17:34 [INFO] 0.01795447044969758
2026-06-03 12:17:38 [INFO] EPOCH:66, ======================ACC:61.88====================
2026-06-03 12:17:38 [INFO] BEST EPOCH:34,BEST ACC:62.2
2026-06-03 12:17:52 [INFO] Epoch: 67 [12800/100000 (13%)]	 Training Loss: 0.037 ACC: 99.24 CR: 0.62 Avg R1: 6.39 Avg R2: 8.06 Avg Reward: 14.447910
2026-06-03 12:18:06 [INFO] Epoch: 67 [25600/100000 (26%)]	 Training Loss: 0.038 ACC: 99.21 CR: 0.61 Avg R1: 6.41 Avg R2: 8.05 Avg Reward: 14.457128
2026-06-03 12:18:19 [INFO] Epoch: 67 [38400/100000 (38%)]	 Training Loss: 0.038 ACC: 99.17 CR: 0.61 Avg R1: 6.42 Avg R2: 8.04 Avg Reward: 14.465128
2026-06-03 12:18:33 [INFO] Epoch: 67 [51200/100000 (51%)]	 Training Loss: 0.037 ACC: 99.20 CR: 0.61 Avg R1: 6.45 Avg R2: 8.03 Avg Reward: 14.476715
2026-06-03 12:18:46 [INFO] Epoch: 67 [64000/100000 (64%)]	 Training Loss: 0.037 ACC: 99.19 CR: 0.61 Avg R1: 6.46 Avg R2: 8.02 Avg Reward: 14.486623
2026-06-03 12:19:00 [INFO] Epoch: 67 [76800/100000 (77%)]	 Training Loss: 0.037 ACC: 99.19 CR: 0.61 Avg R1: 6.48 Avg R2: 8.02 Avg Reward: 14.494635
2026-06-03 12:19:14 [INFO] Epoch: 67 [89600/100000 (90%)]	 Training Loss: 0.037 ACC: 99.19 CR: 0.61 Avg R1: 6.48 Avg R2: 8.02 Avg Reward: 14.499286
2026-06-03 12:19:25 [INFO] EPOCH:67, ======================CR:0.60965====================
2026-06-03 12:19:25 [INFO] 0.013429772299374502
2026-06-03 12:19:29 [INFO] EPOCH:67, ======================ACC:61.96====================
2026-06-03 12:19:29 [INFO] BEST EPOCH:34,BEST ACC:62.2
2026-06-03 12:19:44 [INFO] Epoch: 68 [12800/100000 (13%)]	 Training Loss: 0.037 ACC: 99.29 CR: 0.61 Avg R1: 6.50 Avg R2: 8.02 Avg Reward: 14.520956
2026-06-03 12:19:57 [INFO] Epoch: 68 [25600/100000 (26%)]	 Training Loss: 0.037 ACC: 99.20 CR: 0.62 Avg R1: 6.47 Avg R2: 8.03 Avg Reward: 14.506423
2026-06-03 12:20:11 [INFO] Epoch: 68 [38400/100000 (38%)]	 Training Loss: 0.037 ACC: 99.22 CR: 0.62 Avg R1: 6.44 Avg R2: 8.05 Avg Reward: 14.485969
2026-06-03 12:20:23 [INFO] Epoch: 68 [51200/100000 (51%)]	 Training Loss: 0.037 ACC: 99.21 CR: 0.62 Avg R1: 6.41 Avg R2: 8.06 Avg Reward: 14.469353
2026-06-03 12:20:37 [INFO] Epoch: 68 [64000/100000 (64%)]	 Training Loss: 0.037 ACC: 99.20 CR: 0.62 Avg R1: 6.39 Avg R2: 8.07 Avg Reward: 14.459458
2026-06-03 12:20:51 [INFO] Epoch: 68 [76800/100000 (77%)]	 Training Loss: 0.037 ACC: 99.21 CR: 0.62 Avg R1: 6.39 Avg R2: 8.07 Avg Reward: 14.455524
2026-06-03 12:21:04 [INFO] Epoch: 68 [89600/100000 (90%)]	 Training Loss: 0.037 ACC: 99.20 CR: 0.62 Avg R1: 6.39 Avg R2: 8.07 Avg Reward: 14.454584
2026-06-03 12:21:15 [INFO] EPOCH:68, ======================CR:0.61427====================
2026-06-03 12:21:15 [INFO] 0.009577270073266322
2026-06-03 12:21:19 [INFO] EPOCH:68, ======================ACC:61.94====================
2026-06-03 12:21:19 [INFO] BEST EPOCH:34,BEST ACC:62.2
2026-06-03 12:21:33 [INFO] Epoch: 69 [12800/100000 (13%)]	 Training Loss: 0.036 ACC: 99.12 CR: 0.61 Avg R1: 6.46 Avg R2: 8.02 Avg Reward: 14.478243
2026-06-03 12:21:46 [INFO] Epoch: 69 [25600/100000 (26%)]	 Training Loss: 0.035 ACC: 99.18 CR: 0.61 Avg R1: 6.49 Avg R2: 8.00 Avg Reward: 14.492126
2026-06-03 12:21:59 [INFO] Epoch: 69 [38400/100000 (38%)]	 Training Loss: 0.035 ACC: 99.16 CR: 0.60 Avg R1: 6.51 Avg R2: 7.99 Avg Reward: 14.502219
2026-06-03 12:22:13 [INFO] Epoch: 69 [51200/100000 (51%)]	 Training Loss: 0.035 ACC: 99.16 CR: 0.60 Avg R1: 6.55 Avg R2: 7.97 Avg Reward: 14.516756
2026-06-03 12:22:26 [INFO] Epoch: 69 [64000/100000 (64%)]	 Training Loss: 0.035 ACC: 99.17 CR: 0.60 Avg R1: 6.58 Avg R2: 7.95 Avg Reward: 14.532755
2026-06-03 12:22:39 [INFO] Epoch: 69 [76800/100000 (77%)]	 Training Loss: 0.035 ACC: 99.17 CR: 0.59 Avg R1: 6.61 Avg R2: 7.93 Avg Reward: 14.548674
2026-06-03 12:22:52 [INFO] Epoch: 69 [89600/100000 (90%)]	 Training Loss: 0.035 ACC: 99.18 CR: 0.59 Avg R1: 6.64 Avg R2: 7.92 Avg Reward: 14.562017
2026-06-03 12:23:03 [INFO] EPOCH:69, ======================CR:0.58841====================
2026-06-03 12:23:03 [INFO] 0.004090186275671061
2026-06-03 12:23:07 [INFO] EPOCH:69, ======================ACC:61.85====================
2026-06-03 12:23:07 [INFO] BEST EPOCH:34,BEST ACC:62.2
2026-06-03 12:23:22 [INFO] Epoch: 70 [12800/100000 (13%)]	 Training Loss: 0.036 ACC: 99.18 CR: 0.59 Avg R1: 6.82 Avg R2: 7.82 Avg Reward: 14.638284
2026-06-03 12:23:35 [INFO] Epoch: 70 [25600/100000 (26%)]	 Training Loss: 0.036 ACC: 99.24 CR: 0.60 Avg R1: 6.79 Avg R2: 7.83 Avg Reward: 14.625554
2026-06-03 12:23:48 [INFO] Epoch: 70 [38400/100000 (38%)]	 Training Loss: 0.036 ACC: 99.22 CR: 0.60 Avg R1: 6.76 Avg R2: 7.85 Avg Reward: 14.610530
2026-06-03 12:24:02 [INFO] Epoch: 70 [51200/100000 (51%)]	 Training Loss: 0.036 ACC: 99.21 CR: 0.60 Avg R1: 6.73 Avg R2: 7.86 Avg Reward: 14.596502
2026-06-03 12:24:16 [INFO] Epoch: 70 [64000/100000 (64%)]	 Training Loss: 0.036 ACC: 99.21 CR: 0.61 Avg R1: 6.71 Avg R2: 7.88 Avg Reward: 14.583143
2026-06-03 12:24:29 [INFO] Epoch: 70 [76800/100000 (77%)]	 Training Loss: 0.036 ACC: 99.20 CR: 0.61 Avg R1: 6.68 Avg R2: 7.89 Avg Reward: 14.573068
2026-06-03 12:24:43 [INFO] Epoch: 70 [89600/100000 (90%)]	 Training Loss: 0.035 ACC: 99.22 CR: 0.61 Avg R1: 6.67 Avg R2: 7.90 Avg Reward: 14.565942
2026-06-03 12:24:53 [INFO] EPOCH:70, ======================CR:0.60615====================
2026-06-03 12:24:53 [INFO] 0.007508510151091599
2026-06-03 12:24:57 [INFO] EPOCH:70, ======================ACC:61.92====================
2026-06-03 12:24:57 [INFO] BEST EPOCH:34,BEST ACC:62.2
2026-06-03 12:25:12 [INFO] Epoch: 71 [12800/100000 (13%)]	 Training Loss: 0.036 ACC: 99.30 CR: 0.61 Avg R1: 6.55 Avg R2: 7.98 Avg Reward: 14.527839
2026-06-03 12:25:25 [INFO] Epoch: 71 [25600/100000 (26%)]	 Training Loss: 0.036 ACC: 99.22 CR: 0.61 Avg R1: 6.55 Avg R2: 7.98 Avg Reward: 14.527170
2026-06-03 12:25:38 [INFO] Epoch: 71 [38400/100000 (38%)]	 Training Loss: 0.036 ACC: 99.16 CR: 0.61 Avg R1: 6.55 Avg R2: 7.98 Avg Reward: 14.526680
2026-06-03 12:25:51 [INFO] Epoch: 71 [51200/100000 (51%)]	 Training Loss: 0.036 ACC: 99.20 CR: 0.61 Avg R1: 6.55 Avg R2: 7.98 Avg Reward: 14.528732
2026-06-03 12:26:04 [INFO] Epoch: 71 [64000/100000 (64%)]	 Training Loss: 0.036 ACC: 99.19 CR: 0.60 Avg R1: 6.56 Avg R2: 7.97 Avg Reward: 14.531787
2026-06-03 12:26:18 [INFO] Epoch: 71 [76800/100000 (77%)]	 Training Loss: 0.036 ACC: 99.21 CR: 0.60 Avg R1: 6.57 Avg R2: 7.97 Avg Reward: 14.535744
2026-06-03 12:26:31 [INFO] Epoch: 71 [89600/100000 (90%)]	 Training Loss: 0.036 ACC: 99.22 CR: 0.60 Avg R1: 6.58 Avg R2: 7.96 Avg Reward: 14.541633
2026-06-03 12:26:42 [INFO] EPOCH:71, ======================CR:0.59676====================
2026-06-03 12:26:42 [INFO] 0.011880831942956332
2026-06-03 12:26:46 [INFO] EPOCH:71, ======================ACC:61.89====================
2026-06-03 12:26:46 [INFO] BEST EPOCH:34,BEST ACC:62.2
2026-06-03 12:27:00 [INFO] Epoch: 72 [12800/100000 (13%)]	 Training Loss: 0.035 ACC: 99.24 CR: 0.59 Avg R1: 6.74 Avg R2: 7.87 Avg Reward: 14.613548
2026-06-03 12:27:14 [INFO] Epoch: 72 [25600/100000 (26%)]	 Training Loss: 0.035 ACC: 99.26 CR: 0.59 Avg R1: 6.77 Avg R2: 7.86 Avg Reward: 14.623007
2026-06-03 12:27:27 [INFO] Epoch: 72 [38400/100000 (38%)]	 Training Loss: 0.035 ACC: 99.24 CR: 0.59 Avg R1: 6.79 Avg R2: 7.84 Avg Reward: 14.631811
2026-06-03 12:27:41 [INFO] Epoch: 72 [51200/100000 (51%)]	 Training Loss: 0.034 ACC: 99.26 CR: 0.58 Avg R1: 6.81 Avg R2: 7.83 Avg Reward: 14.642817
2026-06-03 12:27:54 [INFO] Epoch: 72 [64000/100000 (64%)]	 Training Loss: 0.034 ACC: 99.26 CR: 0.58 Avg R1: 6.84 Avg R2: 7.82 Avg Reward: 14.655753
2026-06-03 12:28:07 [INFO] Epoch: 72 [76800/100000 (77%)]	 Training Loss: 0.034 ACC: 99.25 CR: 0.58 Avg R1: 6.87 Avg R2: 7.80 Avg Reward: 14.668776
2026-06-03 12:28:20 [INFO] Epoch: 72 [89600/100000 (90%)]	 Training Loss: 0.034 ACC: 99.25 CR: 0.58 Avg R1: 6.89 Avg R2: 7.79 Avg Reward: 14.680144
2026-06-03 12:28:30 [INFO] EPOCH:72, ======================CR:0.57776====================
2026-06-03 12:28:30 [INFO] 0.010510933760533496
2026-06-03 12:28:34 [INFO] EPOCH:72, ======================ACC:61.83====================
2026-06-03 12:28:34 [INFO] BEST EPOCH:34,BEST ACC:62.2
2026-06-03 12:28:48 [INFO] Epoch: 73 [12800/100000 (13%)]	 Training Loss: 0.037 ACC: 99.20 CR: 0.58 Avg R1: 7.03 Avg R2: 7.72 Avg Reward: 14.745663
2026-06-03 12:29:01 [INFO] Epoch: 73 [25600/100000 (26%)]	 Training Loss: 0.036 ACC: 99.19 CR: 0.58 Avg R1: 7.02 Avg R2: 7.72 Avg Reward: 14.740827
2026-06-03 12:29:15 [INFO] Epoch: 73 [38400/100000 (38%)]	 Training Loss: 0.036 ACC: 99.18 CR: 0.58 Avg R1: 7.01 Avg R2: 7.73 Avg Reward: 14.735552
2026-06-03 12:29:29 [INFO] Epoch: 73 [51200/100000 (51%)]	 Training Loss: 0.036 ACC: 99.18 CR: 0.58 Avg R1: 6.99 Avg R2: 7.73 Avg Reward: 14.727261
2026-06-03 12:29:42 [INFO] Epoch: 73 [64000/100000 (64%)]	 Training Loss: 0.035 ACC: 99.20 CR: 0.59 Avg R1: 6.98 Avg R2: 7.74 Avg Reward: 14.719000
2026-06-03 12:29:56 [INFO] Epoch: 73 [76800/100000 (77%)]	 Training Loss: 0.035 ACC: 99.20 CR: 0.59 Avg R1: 6.96 Avg R2: 7.75 Avg Reward: 14.711442
2026-06-03 12:30:09 [INFO] Epoch: 73 [89600/100000 (90%)]	 Training Loss: 0.035 ACC: 99.19 CR: 0.59 Avg R1: 6.95 Avg R2: 7.76 Avg Reward: 14.704369
2026-06-03 12:30:20 [INFO] EPOCH:73, ======================CR:0.59073====================
2026-06-03 12:30:20 [INFO] 0.006767662538269408
2026-06-03 12:30:24 [INFO] EPOCH:73, ======================ACC:61.73====================
2026-06-03 12:30:24 [INFO] BEST EPOCH:34,BEST ACC:62.2
2026-06-03 12:30:38 [INFO] Epoch: 74 [12800/100000 (13%)]	 Training Loss: 0.035 ACC: 99.22 CR: 0.59 Avg R1: 6.80 Avg R2: 7.83 Avg Reward: 14.636033
2026-06-03 12:30:52 [INFO] Epoch: 74 [25600/100000 (26%)]	 Training Loss: 0.036 ACC: 99.27 CR: 0.60 Avg R1: 6.78 Avg R2: 7.84 Avg Reward: 14.622245
2026-06-03 12:31:05 [INFO] Epoch: 74 [38400/100000 (38%)]	 Training Loss: 0.036 ACC: 99.21 CR: 0.60 Avg R1: 6.75 Avg R2: 7.86 Avg Reward: 14.609863
2026-06-03 12:31:18 [INFO] Epoch: 74 [51200/100000 (51%)]	 Training Loss: 0.036 ACC: 99.22 CR: 0.60 Avg R1: 6.73 Avg R2: 7.87 Avg Reward: 14.598952
2026-06-03 12:31:32 [INFO] Epoch: 74 [64000/100000 (64%)]	 Training Loss: 0.036 ACC: 99.22 CR: 0.60 Avg R1: 6.71 Avg R2: 7.88 Avg Reward: 14.591603
2026-06-03 12:31:46 [INFO] Epoch: 74 [76800/100000 (77%)]	 Training Loss: 0.036 ACC: 99.23 CR: 0.60 Avg R1: 6.71 Avg R2: 7.88 Avg Reward: 14.588091
2026-06-03 12:31:59 [INFO] Epoch: 74 [89600/100000 (90%)]	 Training Loss: 0.036 ACC: 99.22 CR: 0.60 Avg R1: 6.70 Avg R2: 7.89 Avg Reward: 14.586115
2026-06-03 12:32:11 [INFO] EPOCH:74, ======================CR:0.59881====================
2026-06-03 12:32:11 [INFO] 0.008116633811820019
2026-06-03 12:32:14 [INFO] EPOCH:74, ======================ACC:61.76====================
2026-06-03 12:32:14 [INFO] BEST EPOCH:34,BEST ACC:62.2
2026-06-03 12:32:29 [INFO] Epoch: 75 [12800/100000 (13%)]	 Training Loss: 0.034 ACC: 99.28 CR: 0.60 Avg R1: 6.71 Avg R2: 7.89 Avg Reward: 14.604409
2026-06-03 12:32:42 [INFO] Epoch: 75 [25600/100000 (26%)]	 Training Loss: 0.035 ACC: 99.24 CR: 0.59 Avg R1: 6.74 Avg R2: 7.88 Avg Reward: 14.617063
2026-06-03 12:32:55 [INFO] Epoch: 75 [38400/100000 (38%)]	 Training Loss: 0.035 ACC: 99.24 CR: 0.59 Avg R1: 6.77 Avg R2: 7.86 Avg Reward: 14.631346
2026-06-03 12:33:09 [INFO] Epoch: 75 [51200/100000 (51%)]	 Training Loss: 0.034 ACC: 99.25 CR: 0.58 Avg R1: 6.80 Avg R2: 7.85 Avg Reward: 14.645795
2026-06-03 12:33:22 [INFO] Epoch: 75 [64000/100000 (64%)]	 Training Loss: 0.035 ACC: 99.22 CR: 0.58 Avg R1: 6.83 Avg R2: 7.83 Avg Reward: 14.661705
2026-06-03 12:33:36 [INFO] Epoch: 75 [76800/100000 (77%)]	 Training Loss: 0.035 ACC: 99.23 CR: 0.58 Avg R1: 6.86 Avg R2: 7.82 Avg Reward: 14.676052
2026-06-03 12:33:49 [INFO] Epoch: 75 [89600/100000 (90%)]	 Training Loss: 0.035 ACC: 99.22 CR: 0.58 Avg R1: 6.89 Avg R2: 7.80 Avg Reward: 14.688850
2026-06-03 12:34:00 [INFO] EPOCH:75, ======================CR:0.57308====================
2026-06-03 12:34:00 [INFO] 0.008373794147194998
2026-06-03 12:34:04 [INFO] EPOCH:75, ======================ACC:61.86====================
2026-06-03 12:34:04 [INFO] BEST EPOCH:34,BEST ACC:62.2
2026-06-03 12:34:18 [INFO] Epoch: 76 [12800/100000 (13%)]	 Training Loss: 0.034 ACC: 99.36 CR: 0.57 Avg R1: 7.11 Avg R2: 7.69 Avg Reward: 14.800024
2026-06-03 12:34:32 [INFO] Epoch: 76 [25600/100000 (26%)]	 Training Loss: 0.034 ACC: 99.34 CR: 0.57 Avg R1: 7.11 Avg R2: 7.69 Avg Reward: 14.798642
2026-06-03 12:34:45 [INFO] Epoch: 76 [38400/100000 (38%)]	 Training Loss: 0.034 ACC: 99.33 CR: 0.57 Avg R1: 7.11 Avg R2: 7.69 Avg Reward: 14.796037
2026-06-03 12:34:56 [INFO] Epoch: 76 [51200/100000 (51%)]	 Training Loss: 0.034 ACC: 99.30 CR: 0.57 Avg R1: 7.11 Avg R2: 7.68 Avg Reward: 14.793873
2026-06-03 12:35:07 [INFO] Epoch: 76 [64000/100000 (64%)]	 Training Loss: 0.034 ACC: 99.28 CR: 0.57 Avg R1: 7.11 Avg R2: 7.68 Avg Reward: 14.794134
2026-06-03 12:35:19 [INFO] Epoch: 76 [76800/100000 (77%)]	 Training Loss: 0.034 ACC: 99.27 CR: 0.57 Avg R1: 7.12 Avg R2: 7.68 Avg Reward: 14.795047
2026-06-03 12:35:30 [INFO] Epoch: 76 [89600/100000 (90%)]	 Training Loss: 0.034 ACC: 99.26 CR: 0.57 Avg R1: 7.13 Avg R2: 7.67 Avg Reward: 14.799560
2026-06-03 12:35:39 [INFO] EPOCH:76, ======================CR:0.56586====================
2026-06-03 12:35:39 [INFO] 0.004969021534236012
2026-06-03 12:35:43 [INFO] EPOCH:76, ======================ACC:61.7====================
2026-06-03 12:35:43 [INFO] BEST EPOCH:34,BEST ACC:62.2
2026-06-03 12:35:55 [INFO] Epoch: 77 [12800/100000 (13%)]	 Training Loss: 0.033 ACC: 99.22 CR: 0.56 Avg R1: 7.25 Avg R2: 7.60 Avg Reward: 14.844490
2026-06-03 12:36:06 [INFO] Epoch: 77 [25600/100000 (26%)]	 Training Loss: 0.035 ACC: 99.20 CR: 0.56 Avg R1: 7.26 Avg R2: 7.59 Avg Reward: 14.851955
2026-06-03 12:36:17 [INFO] Epoch: 77 [38400/100000 (38%)]	 Training Loss: 0.034 ACC: 99.24 CR: 0.56 Avg R1: 7.28 Avg R2: 7.58 Avg Reward: 14.859885
2026-06-03 12:36:31 [INFO] Epoch: 77 [51200/100000 (51%)]	 Training Loss: 0.034 ACC: 99.26 CR: 0.56 Avg R1: 7.29 Avg R2: 7.58 Avg Reward: 14.867008
2026-06-03 12:36:44 [INFO] Epoch: 77 [64000/100000 (64%)]	 Training Loss: 0.034 ACC: 99.26 CR: 0.56 Avg R1: 7.30 Avg R2: 7.57 Avg Reward: 14.871159
2026-06-03 12:36:57 [INFO] Epoch: 77 [76800/100000 (77%)]	 Training Loss: 0.034 ACC: 99.27 CR: 0.56 Avg R1: 7.30 Avg R2: 7.57 Avg Reward: 14.871183
2026-06-03 12:37:11 [INFO] Epoch: 77 [89600/100000 (90%)]	 Training Loss: 0.034 ACC: 99.25 CR: 0.56 Avg R1: 7.30 Avg R2: 7.57 Avg Reward: 14.870367
2026-06-03 12:37:23 [INFO] EPOCH:77, ======================CR:0.56083====================
2026-06-03 12:37:23 [INFO] 0.0076986542878178885
2026-06-03 12:37:26 [INFO] EPOCH:77, ======================ACC:61.79====================
2026-06-03 12:37:26 [INFO] BEST EPOCH:34,BEST ACC:62.2
2026-06-03 12:37:41 [INFO] Epoch: 78 [12800/100000 (13%)]	 Training Loss: 0.032 ACC: 99.29 CR: 0.56 Avg R1: 7.33 Avg R2: 7.56 Avg Reward: 14.895194
2026-06-03 12:37:55 [INFO] Epoch: 78 [25600/100000 (26%)]	 Training Loss: 0.033 ACC: 99.28 CR: 0.56 Avg R1: 7.33 Avg R2: 7.56 Avg Reward: 14.892930
2026-06-03 12:38:08 [INFO] Epoch: 78 [38400/100000 (38%)]	 Training Loss: 0.034 ACC: 99.24 CR: 0.56 Avg R1: 7.33 Avg R2: 7.56 Avg Reward: 14.892386
2026-06-03 12:38:22 [INFO] Epoch: 78 [51200/100000 (51%)]	 Training Loss: 0.034 ACC: 99.25 CR: 0.56 Avg R1: 7.33 Avg R2: 7.56 Avg Reward: 14.892332
2026-06-03 12:38:36 [INFO] Epoch: 78 [64000/100000 (64%)]	 Training Loss: 0.034 ACC: 99.24 CR: 0.56 Avg R1: 7.33 Avg R2: 7.56 Avg Reward: 14.894079
2026-06-03 12:38:50 [INFO] Epoch: 78 [76800/100000 (77%)]	 Training Loss: 0.034 ACC: 99.22 CR: 0.56 Avg R1: 7.34 Avg R2: 7.56 Avg Reward: 14.896192
2026-06-03 12:39:03 [INFO] Epoch: 78 [89600/100000 (90%)]	 Training Loss: 0.034 ACC: 99.24 CR: 0.56 Avg R1: 7.34 Avg R2: 7.56 Avg Reward: 14.897514
2026-06-03 12:39:14 [INFO] EPOCH:78, ======================CR:0.55841====================
2026-06-03 12:39:14 [INFO] 0.006234759400059448
2026-06-03 12:39:18 [INFO] EPOCH:78, ======================ACC:61.87====================
2026-06-03 12:39:18 [INFO] BEST EPOCH:34,BEST ACC:62.2
2026-06-03 12:39:33 [INFO] Epoch: 79 [12800/100000 (13%)]	 Training Loss: 0.033 ACC: 99.34 CR: 0.56 Avg R1: 7.36 Avg R2: 7.55 Avg Reward: 14.905822
2026-06-03 12:39:46 [INFO] Epoch: 79 [25600/100000 (26%)]	 Training Loss: 0.033 ACC: 99.32 CR: 0.56 Avg R1: 7.36 Avg R2: 7.55 Avg Reward: 14.906053
2026-06-03 12:40:00 [INFO] Epoch: 79 [38400/100000 (38%)]	 Training Loss: 0.034 ACC: 99.30 CR: 0.56 Avg R1: 7.35 Avg R2: 7.55 Avg Reward: 14.902628
2026-06-03 12:40:13 [INFO] Epoch: 79 [51200/100000 (51%)]	 Training Loss: 0.034 ACC: 99.29 CR: 0.56 Avg R1: 7.34 Avg R2: 7.56 Avg Reward: 14.897588
2026-06-03 12:40:27 [INFO] Epoch: 79 [64000/100000 (64%)]	 Training Loss: 0.034 ACC: 99.28 CR: 0.56 Avg R1: 7.33 Avg R2: 7.57 Avg Reward: 14.892620
2026-06-03 12:40:41 [INFO] Epoch: 79 [76800/100000 (77%)]	 Training Loss: 0.034 ACC: 99.30 CR: 0.57 Avg R1: 7.31 Avg R2: 7.57 Avg Reward: 14.886520
2026-06-03 12:40:54 [INFO] Epoch: 79 [89600/100000 (90%)]	 Training Loss: 0.034 ACC: 99.29 CR: 0.57 Avg R1: 7.30 Avg R2: 7.58 Avg Reward: 14.879404
2026-06-03 12:41:06 [INFO] EPOCH:79, ======================CR:0.57068====================
2026-06-03 12:41:06 [INFO] 0.002973971711410044
2026-06-03 12:41:09 [INFO] EPOCH:79, ======================ACC:61.9====================
2026-06-03 12:41:09 [INFO] BEST EPOCH:34,BEST ACC:62.2
2026-06-03 12:41:24 [INFO] Epoch: 80 [12800/100000 (13%)]	 Training Loss: 0.032 ACC: 99.30 CR: 0.57 Avg R1: 7.15 Avg R2: 7.65 Avg Reward: 14.806918
2026-06-03 12:41:38 [INFO] Epoch: 80 [25600/100000 (26%)]	 Training Loss: 0.033 ACC: 99.27 CR: 0.57 Avg R1: 7.14 Avg R2: 7.66 Avg Reward: 14.800431
2026-06-03 12:41:52 [INFO] Epoch: 80 [38400/100000 (38%)]	 Training Loss: 0.034 ACC: 99.20 CR: 0.58 Avg R1: 7.12 Avg R2: 7.67 Avg Reward: 14.792067
2026-06-03 12:42:05 [INFO] Epoch: 80 [51200/100000 (51%)]	 Training Loss: 0.034 ACC: 99.22 CR: 0.58 Avg R1: 7.10 Avg R2: 7.68 Avg Reward: 14.783538
2026-06-03 12:42:19 [INFO] Epoch: 80 [64000/100000 (64%)]	 Training Loss: 0.034 ACC: 99.24 CR: 0.58 Avg R1: 7.08 Avg R2: 7.69 Avg Reward: 14.773489
2026-06-03 12:42:33 [INFO] Epoch: 80 [76800/100000 (77%)]	 Training Loss: 0.035 ACC: 99.24 CR: 0.59 Avg R1: 7.05 Avg R2: 7.71 Avg Reward: 14.761085
2026-06-03 12:42:47 [INFO] Epoch: 80 [89600/100000 (90%)]	 Training Loss: 0.035 ACC: 99.26 CR: 0.59 Avg R1: 7.03 Avg R2: 7.72 Avg Reward: 14.748205
2026-06-03 12:42:58 [INFO] EPOCH:80, ======================CR:0.59175====================
2026-06-03 12:42:58 [INFO] 0.011312704281251215
2026-06-03 12:43:02 [INFO] EPOCH:80, ======================ACC:61.91====================
2026-06-03 12:43:02 [INFO] BEST EPOCH:34,BEST ACC:62.2
2026-06-03 12:43:17 [INFO] Epoch: 81 [12800/100000 (13%)]	 Training Loss: 0.033 ACC: 99.26 CR: 0.59 Avg R1: 6.81 Avg R2: 7.83 Avg Reward: 14.646841
2026-06-03 12:43:30 [INFO] Epoch: 81 [25600/100000 (26%)]	 Training Loss: 0.034 ACC: 99.25 CR: 0.59 Avg R1: 6.82 Avg R2: 7.83 Avg Reward: 14.648658
2026-06-03 12:43:44 [INFO] Epoch: 81 [38400/100000 (38%)]	 Training Loss: 0.034 ACC: 99.23 CR: 0.59 Avg R1: 6.83 Avg R2: 7.82 Avg Reward: 14.653903
2026-06-03 12:43:57 [INFO] Epoch: 81 [51200/100000 (51%)]	 Training Loss: 0.034 ACC: 99.21 CR: 0.59 Avg R1: 6.84 Avg R2: 7.82 Avg Reward: 14.658666
2026-06-03 12:44:11 [INFO] Epoch: 81 [64000/100000 (64%)]	 Training Loss: 0.034 ACC: 99.22 CR: 0.59 Avg R1: 6.85 Avg R2: 7.81 Avg Reward: 14.662229
2026-06-03 12:44:24 [INFO] Epoch: 81 [76800/100000 (77%)]	 Training Loss: 0.034 ACC: 99.23 CR: 0.59 Avg R1: 6.86 Avg R2: 7.81 Avg Reward: 14.664852
2026-06-03 12:44:38 [INFO] Epoch: 81 [89600/100000 (90%)]	 Training Loss: 0.034 ACC: 99.25 CR: 0.59 Avg R1: 6.86 Avg R2: 7.81 Avg Reward: 14.665337
2026-06-03 12:44:49 [INFO] EPOCH:81, ======================CR:0.58438====================
2026-06-03 12:44:49 [INFO] 0.012171256873845094
2026-06-03 12:44:53 [INFO] EPOCH:81, ======================ACC:61.92====================
2026-06-03 12:44:53 [INFO] BEST EPOCH:34,BEST ACC:62.2
2026-06-03 12:45:08 [INFO] Epoch: 82 [12800/100000 (13%)]	 Training Loss: 0.033 ACC: 99.34 CR: 0.58 Avg R1: 6.93 Avg R2: 7.76 Avg Reward: 14.682239
2026-06-03 12:45:21 [INFO] Epoch: 82 [25600/100000 (26%)]	 Training Loss: 0.033 ACC: 99.32 CR: 0.58 Avg R1: 6.94 Avg R2: 7.75 Avg Reward: 14.685507
2026-06-03 12:45:35 [INFO] Epoch: 82 [38400/100000 (38%)]	 Training Loss: 0.033 ACC: 99.31 CR: 0.58 Avg R1: 6.95 Avg R2: 7.74 Avg Reward: 14.692452
2026-06-03 12:45:49 [INFO] Epoch: 82 [51200/100000 (51%)]	 Training Loss: 0.034 ACC: 99.29 CR: 0.58 Avg R1: 6.96 Avg R2: 7.74 Avg Reward: 14.701974
2026-06-03 12:46:02 [INFO] Epoch: 82 [64000/100000 (64%)]	 Training Loss: 0.033 ACC: 99.28 CR: 0.58 Avg R1: 6.98 Avg R2: 7.73 Avg Reward: 14.710659
2026-06-03 12:46:16 [INFO] Epoch: 82 [76800/100000 (77%)]	 Training Loss: 0.033 ACC: 99.26 CR: 0.57 Avg R1: 7.00 Avg R2: 7.72 Avg Reward: 14.719747
2026-06-03 12:46:30 [INFO] Epoch: 82 [89600/100000 (90%)]	 Training Loss: 0.033 ACC: 99.27 CR: 0.57 Avg R1: 7.01 Avg R2: 7.71 Avg Reward: 14.728501
2026-06-03 12:46:41 [INFO] EPOCH:82, ======================CR:0.56806====================
2026-06-03 12:46:41 [INFO] 0.011404086314818264
2026-06-03 12:46:45 [INFO] EPOCH:82, ======================ACC:62.02====================
2026-06-03 12:46:45 [INFO] BEST EPOCH:34,BEST ACC:62.2
2026-06-03 12:46:59 [INFO] Epoch: 83 [12800/100000 (13%)]	 Training Loss: 0.032 ACC: 99.24 CR: 0.57 Avg R1: 7.21 Avg R2: 7.62 Avg Reward: 14.827567
2026-06-03 12:47:13 [INFO] Epoch: 83 [25600/100000 (26%)]	 Training Loss: 0.032 ACC: 99.27 CR: 0.57 Avg R1: 7.22 Avg R2: 7.62 Avg Reward: 14.832545
2026-06-03 12:47:27 [INFO] Epoch: 83 [38400/100000 (38%)]	 Training Loss: 0.033 ACC: 99.27 CR: 0.56 Avg R1: 7.23 Avg R2: 7.61 Avg Reward: 14.838214
2026-06-03 12:47:40 [INFO] Epoch: 83 [51200/100000 (51%)]	 Training Loss: 0.033 ACC: 99.25 CR: 0.56 Avg R1: 7.24 Avg R2: 7.61 Avg Reward: 14.846276
2026-06-03 12:47:54 [INFO] Epoch: 83 [64000/100000 (64%)]	 Training Loss: 0.034 ACC: 99.23 CR: 0.56 Avg R1: 7.25 Avg R2: 7.60 Avg Reward: 14.852483
2026-06-03 12:48:07 [INFO] Epoch: 83 [76800/100000 (77%)]	 Training Loss: 0.034 ACC: 99.24 CR: 0.56 Avg R1: 7.26 Avg R2: 7.60 Avg Reward: 14.856838
2026-06-03 12:48:21 [INFO] Epoch: 83 [89600/100000 (90%)]	 Training Loss: 0.034 ACC: 99.23 CR: 0.56 Avg R1: 7.27 Avg R2: 7.59 Avg Reward: 14.860072
2026-06-03 12:48:32 [INFO] EPOCH:83, ======================CR:0.55858====================
2026-06-03 12:48:32 [INFO] 0.0030767915790733866
2026-06-03 12:48:36 [INFO] EPOCH:83, ======================ACC:61.91====================
2026-06-03 12:48:36 [INFO] BEST EPOCH:34,BEST ACC:62.2
2026-06-03 12:48:50 [INFO] Epoch: 84 [12800/100000 (13%)]	 Training Loss: 0.032 ACC: 99.27 CR: 0.56 Avg R1: 7.36 Avg R2: 7.54 Avg Reward: 14.903586
2026-06-03 12:49:04 [INFO] Epoch: 84 [25600/100000 (26%)]	 Training Loss: 0.032 ACC: 99.26 CR: 0.56 Avg R1: 7.36 Avg R2: 7.54 Avg Reward: 14.902145
2026-06-03 12:49:17 [INFO] Epoch: 84 [38400/100000 (38%)]	 Training Loss: 0.032 ACC: 99.29 CR: 0.56 Avg R1: 7.37 Avg R2: 7.53 Avg Reward: 14.902993
2026-06-03 12:49:31 [INFO] Epoch: 84 [51200/100000 (51%)]	 Training Loss: 0.032 ACC: 99.28 CR: 0.55 Avg R1: 7.38 Avg R2: 7.53 Avg Reward: 14.907034
2026-06-03 12:49:44 [INFO] Epoch: 84 [64000/100000 (64%)]	 Training Loss: 0.033 ACC: 99.27 CR: 0.55 Avg R1: 7.39 Avg R2: 7.52 Avg Reward: 14.910961
2026-06-03 12:49:58 [INFO] Epoch: 84 [76800/100000 (77%)]	 Training Loss: 0.033 ACC: 99.26 CR: 0.55 Avg R1: 7.40 Avg R2: 7.52 Avg Reward: 14.916840
2026-06-03 12:50:12 [INFO] Epoch: 84 [89600/100000 (90%)]	 Training Loss: 0.033 ACC: 99.26 CR: 0.55 Avg R1: 7.42 Avg R2: 7.51 Avg Reward: 14.924825
2026-06-03 12:50:23 [INFO] EPOCH:84, ======================CR:0.54696====================
2026-06-03 12:50:23 [INFO] 0.0024788069898728196
2026-06-03 12:50:26 [INFO] EPOCH:84, ======================ACC:61.89====================
2026-06-03 12:50:26 [INFO] BEST EPOCH:34,BEST ACC:62.2
2026-06-03 12:50:41 [INFO] Epoch: 85 [12800/100000 (13%)]	 Training Loss: 0.034 ACC: 99.23 CR: 0.55 Avg R1: 7.54 Avg R2: 7.45 Avg Reward: 14.989873
2026-06-03 12:50:54 [INFO] Epoch: 85 [25600/100000 (26%)]	 Training Loss: 0.034 ACC: 99.17 CR: 0.55 Avg R1: 7.53 Avg R2: 7.45 Avg Reward: 14.980656
2026-06-03 12:51:08 [INFO] Epoch: 85 [38400/100000 (38%)]	 Training Loss: 0.033 ACC: 99.22 CR: 0.55 Avg R1: 7.52 Avg R2: 7.45 Avg Reward: 14.975040
2026-06-03 12:51:21 [INFO] Epoch: 85 [51200/100000 (51%)]	 Training Loss: 0.033 ACC: 99.25 CR: 0.55 Avg R1: 7.52 Avg R2: 7.45 Avg Reward: 14.973181
2026-06-03 12:51:35 [INFO] Epoch: 85 [64000/100000 (64%)]	 Training Loss: 0.033 ACC: 99.23 CR: 0.55 Avg R1: 7.52 Avg R2: 7.45 Avg Reward: 14.973427
2026-06-03 12:51:48 [INFO] Epoch: 85 [76800/100000 (77%)]	 Training Loss: 0.033 ACC: 99.24 CR: 0.55 Avg R1: 7.53 Avg R2: 7.45 Avg Reward: 14.975465
2026-06-03 12:52:02 [INFO] Epoch: 85 [89600/100000 (90%)]	 Training Loss: 0.033 ACC: 99.25 CR: 0.54 Avg R1: 7.54 Avg R2: 7.44 Avg Reward: 14.978382
2026-06-03 12:52:13 [INFO] EPOCH:85, ======================CR:0.54434====================
2026-06-03 12:52:13 [INFO] 0.006492058209173562
2026-06-03 12:52:17 [INFO] EPOCH:85, ======================ACC:61.85====================
2026-06-03 12:52:17 [INFO] BEST EPOCH:34,BEST ACC:62.2
2026-06-03 12:52:31 [INFO] Epoch: 86 [12800/100000 (13%)]	 Training Loss: 0.032 ACC: 99.20 CR: 0.54 Avg R1: 7.61 Avg R2: 7.40 Avg Reward: 15.004070
2026-06-03 12:52:44 [INFO] Epoch: 86 [25600/100000 (26%)]	 Training Loss: 0.032 ACC: 99.23 CR: 0.54 Avg R1: 7.60 Avg R2: 7.40 Avg Reward: 15.002712
2026-06-03 12:52:57 [INFO] Epoch: 86 [38400/100000 (38%)]	 Training Loss: 0.033 ACC: 99.18 CR: 0.54 Avg R1: 7.61 Avg R2: 7.40 Avg Reward: 15.008954
2026-06-03 12:53:10 [INFO] Epoch: 86 [51200/100000 (51%)]	 Training Loss: 0.033 ACC: 99.19 CR: 0.54 Avg R1: 7.62 Avg R2: 7.40 Avg Reward: 15.014265
2026-06-03 12:53:24 [INFO] Epoch: 86 [64000/100000 (64%)]	 Training Loss: 0.033 ACC: 99.21 CR: 0.54 Avg R1: 7.62 Avg R2: 7.40 Avg Reward: 15.019747
2026-06-03 12:53:38 [INFO] Epoch: 86 [76800/100000 (77%)]	 Training Loss: 0.033 ACC: 99.23 CR: 0.54 Avg R1: 7.63 Avg R2: 7.39 Avg Reward: 15.026270
2026-06-03 12:53:51 [INFO] Epoch: 86 [89600/100000 (90%)]	 Training Loss: 0.032 ACC: 99.25 CR: 0.54 Avg R1: 7.64 Avg R2: 7.39 Avg Reward: 15.031857
2026-06-03 12:54:02 [INFO] EPOCH:86, ======================CR:0.53622====================
2026-06-03 12:54:02 [INFO] 0.008973024326483057
2026-06-03 12:54:06 [INFO] EPOCH:86, ======================ACC:61.81====================
2026-06-03 12:54:06 [INFO] BEST EPOCH:34,BEST ACC:62.2
2026-06-03 12:54:20 [INFO] Epoch: 87 [12800/100000 (13%)]	 Training Loss: 0.033 ACC: 99.24 CR: 0.54 Avg R1: 7.73 Avg R2: 7.36 Avg Reward: 15.085986
2026-06-03 12:54:33 [INFO] Epoch: 87 [25600/100000 (26%)]	 Training Loss: 0.033 ACC: 99.21 CR: 0.54 Avg R1: 7.72 Avg R2: 7.36 Avg Reward: 15.085976
2026-06-03 12:54:47 [INFO] Epoch: 87 [38400/100000 (38%)]	 Training Loss: 0.033 ACC: 99.26 CR: 0.54 Avg R1: 7.73 Avg R2: 7.36 Avg Reward: 15.087561
2026-06-03 12:55:00 [INFO] Epoch: 87 [51200/100000 (51%)]	 Training Loss: 0.033 ACC: 99.23 CR: 0.54 Avg R1: 7.73 Avg R2: 7.36 Avg Reward: 15.089207
2026-06-03 12:55:13 [INFO] Epoch: 87 [64000/100000 (64%)]	 Training Loss: 0.033 ACC: 99.25 CR: 0.53 Avg R1: 7.73 Avg R2: 7.36 Avg Reward: 15.089594
2026-06-03 12:55:25 [INFO] Epoch: 87 [76800/100000 (77%)]	 Training Loss: 0.033 ACC: 99.24 CR: 0.54 Avg R1: 7.74 Avg R2: 7.35 Avg Reward: 15.089127
2026-06-03 12:55:38 [INFO] Epoch: 87 [89600/100000 (90%)]	 Training Loss: 0.033 ACC: 99.24 CR: 0.54 Avg R1: 7.74 Avg R2: 7.35 Avg Reward: 15.086528
2026-06-03 12:55:50 [INFO] EPOCH:87, ======================CR:0.53665====================
2026-06-03 12:55:50 [INFO] 0.0012736293130469639
2026-06-03 12:55:53 [INFO] EPOCH:87, ======================ACC:61.71====================
2026-06-03 12:55:53 [INFO] BEST EPOCH:34,BEST ACC:62.2
2026-06-03 12:56:07 [INFO] Epoch: 88 [12800/100000 (13%)]	 Training Loss: 0.032 ACC: 99.28 CR: 0.54 Avg R1: 7.74 Avg R2: 7.34 Avg Reward: 15.072469
2026-06-03 12:56:21 [INFO] Epoch: 88 [25600/100000 (26%)]	 Training Loss: 0.031 ACC: 99.31 CR: 0.53 Avg R1: 7.74 Avg R2: 7.33 Avg Reward: 15.077732
2026-06-03 12:56:34 [INFO] Epoch: 88 [38400/100000 (38%)]	 Training Loss: 0.032 ACC: 99.27 CR: 0.53 Avg R1: 7.75 Avg R2: 7.33 Avg Reward: 15.081573
2026-06-03 12:56:48 [INFO] Epoch: 88 [51200/100000 (51%)]	 Training Loss: 0.032 ACC: 99.29 CR: 0.53 Avg R1: 7.75 Avg R2: 7.33 Avg Reward: 15.082448
2026-06-03 12:57:01 [INFO] Epoch: 88 [64000/100000 (64%)]	 Training Loss: 0.032 ACC: 99.29 CR: 0.53 Avg R1: 7.75 Avg R2: 7.33 Avg Reward: 15.083089
2026-06-03 12:57:15 [INFO] Epoch: 88 [76800/100000 (77%)]	 Training Loss: 0.032 ACC: 99.28 CR: 0.53 Avg R1: 7.76 Avg R2: 7.33 Avg Reward: 15.084276
2026-06-03 12:57:28 [INFO] Epoch: 88 [89600/100000 (90%)]	 Training Loss: 0.032 ACC: 99.28 CR: 0.53 Avg R1: 7.76 Avg R2: 7.33 Avg Reward: 15.086870
2026-06-03 12:57:39 [INFO] EPOCH:88, ======================CR:0.53086====================
2026-06-03 12:57:39 [INFO] 0.008061230606869913
2026-06-03 12:57:43 [INFO] EPOCH:88, ======================ACC:61.99====================
2026-06-03 12:57:43 [INFO] BEST EPOCH:34,BEST ACC:62.2
2026-06-03 12:57:57 [INFO] Epoch: 89 [12800/100000 (13%)]	 Training Loss: 0.033 ACC: 99.30 CR: 0.53 Avg R1: 7.82 Avg R2: 7.30 Avg Reward: 15.127345
2026-06-03 12:58:11 [INFO] Epoch: 89 [25600/100000 (26%)]	 Training Loss: 0.032 ACC: 99.23 CR: 0.53 Avg R1: 7.82 Avg R2: 7.30 Avg Reward: 15.128685
2026-06-03 12:58:24 [INFO] Epoch: 89 [38400/100000 (38%)]	 Training Loss: 0.033 ACC: 99.16 CR: 0.53 Avg R1: 7.82 Avg R2: 7.30 Avg Reward: 15.128679
2026-06-03 12:58:38 [INFO] Epoch: 89 [51200/100000 (51%)]	 Training Loss: 0.033 ACC: 99.16 CR: 0.53 Avg R1: 7.82 Avg R2: 7.31 Avg Reward: 15.123329
2026-06-03 12:58:51 [INFO] Epoch: 89 [64000/100000 (64%)]	 Training Loss: 0.033 ACC: 99.19 CR: 0.53 Avg R1: 7.81 Avg R2: 7.31 Avg Reward: 15.118152
2026-06-03 12:59:05 [INFO] Epoch: 89 [76800/100000 (77%)]	 Training Loss: 0.033 ACC: 99.20 CR: 0.53 Avg R1: 7.81 Avg R2: 7.31 Avg Reward: 15.115408
2026-06-03 12:59:18 [INFO] Epoch: 89 [89600/100000 (90%)]	 Training Loss: 0.032 ACC: 99.21 CR: 0.53 Avg R1: 7.81 Avg R2: 7.30 Avg Reward: 15.114408
2026-06-03 12:59:29 [INFO] EPOCH:89, ======================CR:0.53057====================
2026-06-03 12:59:29 [INFO] -0.003450628279289491
2026-06-03 12:59:33 [INFO] EPOCH:89, ======================ACC:61.87====================
2026-06-03 12:59:33 [INFO] BEST EPOCH:34,BEST ACC:62.2
2026-06-03 12:59:33 [INFO] Saved standard mask to /nvme/home/lixiang/baseline/mask/tinyimagenet/42/mask_40.npz, epoch=89, acc=61.8700, reason=final_fallback, selected=40000/100000
