2026-06-03 12:56:53 [INFO] Args: {'momentum': 0.9, 'log_interval': 50, 'weight_decay': 0.0001, 'lr': 0.1, 'batch_size': 256, 'seed': 96, 'device': '7', 'resume': False, 'cutout_length': 16, 'root': '/nvme/home/lixiang/baseline/data', 'output_root': '/nvme/home/lixiang/baseline/mask', 'dataset': 'Tiny-Imagenet', 'save_model': False, 'num_worker': 8, 'compression_rate': 0.5, 'keep_ratio': 50, 'epoches': 90, 'model': 'resnet18', 'action_dim': 1, 'state_dim': 512, 'dataset_out': 'tinyimagenet'}
2026-06-03 12:56:54 [INFO] Loaded dataset Tiny-Imagenet: train=100000, test=10000
2026-06-03 12:59:29 [INFO] Epoch: 0 [12800/100000 (13%)]	 Training Loss: 2.027 ACC: 12.55 CR: 0.94 Avg R1: 0.65 Avg R2: 9.73 Avg Reward: 10.379973
2026-06-03 12:59:46 [INFO] Epoch: 0 [25600/100000 (26%)]	 Training Loss: 2.012 ACC: 13.16 CR: 0.88 Avg R1: 1.27 Avg R2: 9.42 Avg Reward: 10.686271
2026-06-03 13:00:04 [INFO] Epoch: 0 [38400/100000 (38%)]	 Training Loss: 2.004 ACC: 13.72 CR: 0.81 Avg R1: 1.88 Avg R2: 9.10 Avg Reward: 10.985308
2026-06-03 13:00:22 [INFO] Epoch: 0 [51200/100000 (51%)]	 Training Loss: 1.995 ACC: 14.05 CR: 0.75 Avg R1: 2.50 Avg R2: 8.79 Avg Reward: 11.284184
2026-06-03 13:00:39 [INFO] Epoch: 0 [64000/100000 (64%)]	 Training Loss: 1.978 ACC: 14.42 CR: 0.69 Avg R1: 3.11 Avg R2: 8.47 Avg Reward: 11.585309
2026-06-03 13:00:57 [INFO] Epoch: 0 [76800/100000 (77%)]	 Training Loss: 1.958 ACC: 14.86 CR: 0.63 Avg R1: 3.74 Avg R2: 8.15 Avg Reward: 11.892307
2026-06-03 13:01:16 [INFO] Epoch: 0 [89600/100000 (90%)]	 Training Loss: 1.946 ACC: 15.25 CR: 0.56 Avg R1: 4.37 Avg R2: 7.84 Avg Reward: 12.201090
2026-06-03 13:01:30 [INFO] EPOCH:0, ======================CR:0.5115====================
2026-06-03 13:01:30 [INFO] 0.00012236962377917886
2026-06-03 13:01:35 [INFO] EPOCH:0, ======================ACC:16.87====================
2026-06-03 13:01:35 [INFO] BEST EPOCH:0,BEST ACC:16.87
2026-06-03 13:01:53 [INFO] Epoch: 1 [12800/100000 (13%)]	 Training Loss: 1.799 ACC: 18.80 CR: 0.51 Avg R1: 9.78 Avg R2: 5.07 Avg Reward: 14.857665
2026-06-03 13:02:11 [INFO] Epoch: 1 [25600/100000 (26%)]	 Training Loss: 1.787 ACC: 19.31 CR: 0.51 Avg R1: 9.80 Avg R2: 5.07 Avg Reward: 14.865111
2026-06-03 13:02:29 [INFO] Epoch: 1 [38400/100000 (38%)]	 Training Loss: 1.779 ACC: 19.59 CR: 0.51 Avg R1: 9.81 Avg R2: 5.07 Avg Reward: 14.874730
2026-06-03 13:02:46 [INFO] Epoch: 1 [51200/100000 (51%)]	 Training Loss: 1.767 ACC: 20.27 CR: 0.51 Avg R1: 9.82 Avg R2: 5.06 Avg Reward: 14.880595
2026-06-03 13:03:03 [INFO] Epoch: 1 [64000/100000 (64%)]	 Training Loss: 1.759 ACC: 20.52 CR: 0.51 Avg R1: 9.83 Avg R2: 5.06 Avg Reward: 14.887609
2026-06-03 13:03:22 [INFO] Epoch: 1 [76800/100000 (77%)]	 Training Loss: 1.755 ACC: 20.81 CR: 0.51 Avg R1: 9.84 Avg R2: 5.06 Avg Reward: 14.893906
2026-06-03 13:03:39 [INFO] Epoch: 1 [89600/100000 (90%)]	 Training Loss: 1.753 ACC: 21.05 CR: 0.51 Avg R1: 9.84 Avg R2: 5.06 Avg Reward: 14.897525
2026-06-03 13:03:55 [INFO] EPOCH:1, ======================CR:0.51538====================
2026-06-03 13:03:55 [INFO] 0.0016133081759476756
2026-06-03 13:03:59 [INFO] EPOCH:1, ======================ACC:22.4====================
2026-06-03 13:03:59 [INFO] BEST EPOCH:1,BEST ACC:22.4
2026-06-03 13:04:18 [INFO] Epoch: 2 [12800/100000 (13%)]	 Training Loss: 1.944 ACC: 24.32 CR: 0.53 Avg R1: 9.52 Avg R2: 5.40 Avg Reward: 14.918546
2026-06-03 13:04:36 [INFO] Epoch: 2 [25600/100000 (26%)]	 Training Loss: 1.982 ACC: 24.25 CR: 0.56 Avg R1: 9.31 Avg R2: 5.47 Avg Reward: 14.779597
2026-06-03 13:04:53 [INFO] Epoch: 2 [38400/100000 (38%)]	 Training Loss: 2.004 ACC: 24.38 CR: 0.58 Avg R1: 9.08 Avg R2: 5.54 Avg Reward: 14.621082
2026-06-03 13:05:11 [INFO] Epoch: 2 [51200/100000 (51%)]	 Training Loss: 1.963 ACC: 24.87 CR: 0.60 Avg R1: 8.87 Avg R2: 5.61 Avg Reward: 14.479084
2026-06-03 13:05:30 [INFO] Epoch: 2 [64000/100000 (64%)]	 Training Loss: 1.927 ACC: 25.28 CR: 0.61 Avg R1: 8.68 Avg R2: 5.67 Avg Reward: 14.356288
2026-06-03 13:05:47 [INFO] Epoch: 2 [76800/100000 (77%)]	 Training Loss: 1.897 ACC: 25.58 CR: 0.62 Avg R1: 8.52 Avg R2: 5.72 Avg Reward: 14.245914
2026-06-03 13:06:05 [INFO] Epoch: 2 [89600/100000 (90%)]	 Training Loss: 1.877 ACC: 25.96 CR: 0.63 Avg R1: 8.37 Avg R2: 5.77 Avg Reward: 14.142157
2026-06-03 13:06:20 [INFO] EPOCH:2, ======================CR:0.65411====================
2026-06-03 13:06:20 [INFO] -0.0021335178805722095
2026-06-03 13:06:25 [INFO] EPOCH:2, ======================ACC:21.9====================
2026-06-03 13:06:25 [INFO] BEST EPOCH:1,BEST ACC:22.4
2026-06-03 13:06:44 [INFO] Epoch: 3 [12800/100000 (13%)]	 Training Loss: 1.964 ACC: 30.16 CR: 0.67 Avg R1: 6.79 Avg R2: 6.29 Avg Reward: 13.079343
2026-06-03 13:07:01 [INFO] Epoch: 3 [25600/100000 (26%)]	 Training Loss: 1.953 ACC: 29.88 CR: 0.68 Avg R1: 6.66 Avg R2: 6.33 Avg Reward: 12.993841
2026-06-03 13:07:19 [INFO] Epoch: 3 [38400/100000 (38%)]	 Training Loss: 1.954 ACC: 29.82 CR: 0.69 Avg R1: 6.55 Avg R2: 6.37 Avg Reward: 12.919054
2026-06-03 13:07:37 [INFO] Epoch: 3 [51200/100000 (51%)]	 Training Loss: 2.000 ACC: 29.99 CR: 0.71 Avg R1: 6.40 Avg R2: 6.42 Avg Reward: 12.820808
2026-06-03 13:07:55 [INFO] Epoch: 3 [64000/100000 (64%)]	 Training Loss: 2.054 ACC: 30.06 CR: 0.75 Avg R1: 6.20 Avg R2: 6.49 Avg Reward: 12.693103
2026-06-03 13:08:13 [INFO] Epoch: 3 [76800/100000 (77%)]	 Training Loss: 2.134 ACC: 30.07 CR: 0.79 Avg R1: 5.94 Avg R2: 6.59 Avg Reward: 12.531349
2026-06-03 13:08:32 [INFO] Epoch: 3 [89600/100000 (90%)]	 Training Loss: 2.197 ACC: 30.17 CR: 0.83 Avg R1: 5.63 Avg R2: 6.71 Avg Reward: 12.346157
2026-06-03 13:08:45 [INFO] EPOCH:3, ======================CR:0.86755====================
2026-06-03 13:08:45 [INFO] -0.0029748777498001828
2026-06-03 13:08:51 [INFO] EPOCH:3, ======================ACC:29.01====================
2026-06-03 13:08:51 [INFO] BEST EPOCH:3,BEST ACC:29.01
2026-06-03 13:09:09 [INFO] Epoch: 4 [12800/100000 (13%)]	 Training Loss: 2.371 ACC: 32.69 CR: 0.88 Avg R1: 2.51 Avg R2: 7.92 Avg Reward: 10.424327
2026-06-03 13:09:26 [INFO] Epoch: 4 [25600/100000 (26%)]	 Training Loss: 2.262 ACC: 33.67 CR: 0.89 Avg R1: 2.41 Avg R2: 7.95 Avg Reward: 10.359781
2026-06-03 13:09:44 [INFO] Epoch: 4 [38400/100000 (38%)]	 Training Loss: 2.248 ACC: 33.80 CR: 0.90 Avg R1: 2.32 Avg R2: 7.98 Avg Reward: 10.301403
2026-06-03 13:10:03 [INFO] Epoch: 4 [51200/100000 (51%)]	 Training Loss: 2.230 ACC: 34.16 CR: 0.91 Avg R1: 2.23 Avg R2: 8.01 Avg Reward: 10.239402
2026-06-03 13:10:20 [INFO] Epoch: 4 [64000/100000 (64%)]	 Training Loss: 2.232 ACC: 34.38 CR: 0.92 Avg R1: 2.13 Avg R2: 8.04 Avg Reward: 10.175349
2026-06-03 13:10:39 [INFO] Epoch: 4 [76800/100000 (77%)]	 Training Loss: 2.241 ACC: 34.68 CR: 0.93 Avg R1: 2.02 Avg R2: 8.08 Avg Reward: 10.105913
2026-06-03 13:10:56 [INFO] Epoch: 4 [89600/100000 (90%)]	 Training Loss: 2.257 ACC: 34.77 CR: 0.95 Avg R1: 1.90 Avg R2: 8.13 Avg Reward: 10.033117
2026-06-03 13:11:10 [INFO] EPOCH:4, ======================CR:0.96211====================
2026-06-03 13:11:10 [INFO] 0.003791376842088283
2026-06-03 13:11:15 [INFO] EPOCH:4, ======================ACC:34.78====================
2026-06-03 13:11:15 [INFO] BEST EPOCH:4,BEST ACC:34.78
2026-06-03 13:11:33 [INFO] Epoch: 5 [12800/100000 (13%)]	 Training Loss: 2.272 ACC: 38.71 CR: 0.97 Avg R1: 0.71 Avg R2: 8.50 Avg Reward: 9.215359
2026-06-03 13:11:52 [INFO] Epoch: 5 [25600/100000 (26%)]	 Training Loss: 2.270 ACC: 38.84 CR: 0.97 Avg R1: 0.67 Avg R2: 8.54 Avg Reward: 9.211120
2026-06-03 13:12:09 [INFO] Epoch: 5 [38400/100000 (38%)]	 Training Loss: 2.274 ACC: 38.56 CR: 0.98 Avg R1: 0.62 Avg R2: 8.58 Avg Reward: 9.205557
2026-06-03 13:12:27 [INFO] Epoch: 5 [51200/100000 (51%)]	 Training Loss: 2.274 ACC: 38.37 CR: 0.98 Avg R1: 0.58 Avg R2: 8.62 Avg Reward: 9.200341
2026-06-03 13:12:45 [INFO] Epoch: 5 [64000/100000 (64%)]	 Training Loss: 2.260 ACC: 38.64 CR: 0.98 Avg R1: 0.54 Avg R2: 8.66 Avg Reward: 9.194671
2026-06-03 13:13:02 [INFO] Epoch: 5 [76800/100000 (77%)]	 Training Loss: 2.256 ACC: 38.83 CR: 0.99 Avg R1: 0.50 Avg R2: 8.69 Avg Reward: 9.189974
2026-06-03 13:13:19 [INFO] Epoch: 5 [89600/100000 (90%)]	 Training Loss: 2.260 ACC: 38.89 CR: 0.99 Avg R1: 0.46 Avg R2: 8.73 Avg Reward: 9.187093
2026-06-03 13:13:34 [INFO] EPOCH:5, ======================CR:0.99561====================
2026-06-03 13:13:34 [INFO] 0.0015246675331714436
2026-06-03 13:13:39 [INFO] EPOCH:5, ======================ACC:39.17====================
2026-06-03 13:13:39 [INFO] BEST EPOCH:5,BEST ACC:39.17
2026-06-03 13:13:57 [INFO] Epoch: 6 [12800/100000 (13%)]	 Training Loss: 2.130 ACC: 43.04 CR: 1.00 Avg R1: 0.08 Avg R2: 9.05 Avg Reward: 9.134629
2026-06-03 13:14:15 [INFO] Epoch: 6 [25600/100000 (26%)]	 Training Loss: 2.159 ACC: 42.56 CR: 1.00 Avg R1: 0.08 Avg R2: 9.07 Avg Reward: 9.145722
2026-06-03 13:14:34 [INFO] Epoch: 6 [38400/100000 (38%)]	 Training Loss: 2.169 ACC: 42.55 CR: 1.00 Avg R1: 0.07 Avg R2: 9.09 Avg Reward: 9.159270
2026-06-03 13:14:51 [INFO] Epoch: 6 [51200/100000 (51%)]	 Training Loss: 2.180 ACC: 42.46 CR: 1.00 Avg R1: 0.07 Avg R2: 9.11 Avg Reward: 9.175965
2026-06-03 13:15:08 [INFO] Epoch: 6 [64000/100000 (64%)]	 Training Loss: 2.198 ACC: 42.23 CR: 1.00 Avg R1: 0.06 Avg R2: 9.13 Avg Reward: 9.195688
2026-06-03 13:15:26 [INFO] Epoch: 6 [76800/100000 (77%)]	 Training Loss: 2.198 ACC: 42.33 CR: 1.00 Avg R1: 0.06 Avg R2: 9.16 Avg Reward: 9.216927
2026-06-03 13:15:44 [INFO] Epoch: 6 [89600/100000 (90%)]	 Training Loss: 2.198 ACC: 42.39 CR: 1.00 Avg R1: 0.05 Avg R2: 9.19 Avg Reward: 9.238847
2026-06-03 13:16:00 [INFO] EPOCH:6, ======================CR:0.99968====================
2026-06-03 13:16:00 [INFO] 0.018379215762600848
2026-06-03 13:16:03 [INFO] EPOCH:6, ======================ACC:37.32====================
2026-06-03 13:16:03 [INFO] BEST EPOCH:5,BEST ACC:39.17
2026-06-03 13:16:22 [INFO] Epoch: 7 [12800/100000 (13%)]	 Training Loss: 2.094 ACC: 45.29 CR: 1.00 Avg R1: 0.01 Avg R2: 9.43 Avg Reward: 9.435526
2026-06-03 13:16:41 [INFO] Epoch: 7 [25600/100000 (26%)]	 Training Loss: 2.092 ACC: 45.80 CR: 1.00 Avg R1: 0.01 Avg R2: 9.44 Avg Reward: 9.448046
2026-06-03 13:16:58 [INFO] Epoch: 7 [38400/100000 (38%)]	 Training Loss: 2.089 ACC: 45.81 CR: 1.00 Avg R1: 0.00 Avg R2: 9.46 Avg Reward: 9.461435
2026-06-03 13:17:15 [INFO] Epoch: 7 [51200/100000 (51%)]	 Training Loss: 2.096 ACC: 45.80 CR: 1.00 Avg R1: 0.00 Avg R2: 9.47 Avg Reward: 9.474765
2026-06-03 13:17:33 [INFO] Epoch: 7 [64000/100000 (64%)]	 Training Loss: 2.098 ACC: 45.76 CR: 1.00 Avg R1: 0.00 Avg R2: 9.48 Avg Reward: 9.488275
2026-06-03 13:17:51 [INFO] Epoch: 7 [76800/100000 (77%)]	 Training Loss: 2.100 ACC: 45.77 CR: 1.00 Avg R1: 0.00 Avg R2: 9.50 Avg Reward: 9.501350
2026-06-03 13:18:08 [INFO] Epoch: 7 [89600/100000 (90%)]	 Training Loss: 2.099 ACC: 45.78 CR: 1.00 Avg R1: 0.00 Avg R2: 9.51 Avg Reward: 9.514132
2026-06-03 13:18:23 [INFO] EPOCH:7, ======================CR:1.0====================
2026-06-03 13:18:23 [INFO] 0.031225764498714486
2026-06-03 13:18:28 [INFO] EPOCH:7, ======================ACC:41.13====================
2026-06-03 13:18:28 [INFO] BEST EPOCH:7,BEST ACC:41.13
2026-06-03 13:18:47 [INFO] Epoch: 8 [12800/100000 (13%)]	 Training Loss: 1.912 ACC: 49.36 CR: 1.00 Avg R1: 0.00 Avg R2: 9.63 Avg Reward: 9.631565
2026-06-03 13:19:03 [INFO] Epoch: 8 [25600/100000 (26%)]	 Training Loss: 1.934 ACC: 49.10 CR: 1.00 Avg R1: 0.00 Avg R2: 9.63 Avg Reward: 9.630255
2026-06-03 13:19:21 [INFO] Epoch: 8 [38400/100000 (38%)]	 Training Loss: 1.943 ACC: 48.79 CR: 1.00 Avg R1: 0.00 Avg R2: 9.63 Avg Reward: 9.628391
2026-06-03 13:19:40 [INFO] Epoch: 8 [51200/100000 (51%)]	 Training Loss: 1.951 ACC: 48.75 CR: 1.00 Avg R1: 0.00 Avg R2: 9.63 Avg Reward: 9.626652
2026-06-03 13:19:50 [INFO] Epoch: 8 [64000/100000 (64%)]	 Training Loss: 1.958 ACC: 48.63 CR: 1.00 Avg R1: 0.00 Avg R2: 9.63 Avg Reward: 9.625526
2026-06-03 13:20:01 [INFO] Epoch: 8 [76800/100000 (77%)]	 Training Loss: 1.956 ACC: 48.75 CR: 1.00 Avg R1: 0.00 Avg R2: 9.63 Avg Reward: 9.625075
2026-06-03 13:20:17 [INFO] Epoch: 8 [89600/100000 (90%)]	 Training Loss: 1.953 ACC: 48.85 CR: 1.00 Avg R1: 0.00 Avg R2: 9.62 Avg Reward: 9.624578
2026-06-03 13:20:26 [INFO] EPOCH:8, ======================CR:1.0====================
2026-06-03 13:20:26 [INFO] 0.03364834319052976
2026-06-03 13:20:29 [INFO] EPOCH:8, ======================ACC:44.49====================
2026-06-03 13:20:29 [INFO] BEST EPOCH:8,BEST ACC:44.49
2026-06-03 13:20:40 [INFO] Epoch: 9 [12800/100000 (13%)]	 Training Loss: 1.788 ACC: 52.91 CR: 1.00 Avg R1: 0.00 Avg R2: 9.69 Avg Reward: 9.693726
2026-06-03 13:20:51 [INFO] Epoch: 9 [25600/100000 (26%)]	 Training Loss: 1.808 ACC: 52.51 CR: 1.00 Avg R1: 0.00 Avg R2: 9.69 Avg Reward: 9.694149
2026-06-03 13:21:02 [INFO] Epoch: 9 [38400/100000 (38%)]	 Training Loss: 1.817 ACC: 52.33 CR: 1.00 Avg R1: 0.00 Avg R2: 9.70 Avg Reward: 9.695606
2026-06-03 13:21:13 [INFO] Epoch: 9 [51200/100000 (51%)]	 Training Loss: 1.829 ACC: 52.11 CR: 1.00 Avg R1: 0.00 Avg R2: 9.70 Avg Reward: 9.698511
2026-06-03 13:21:24 [INFO] Epoch: 9 [64000/100000 (64%)]	 Training Loss: 1.835 ACC: 51.92 CR: 1.00 Avg R1: 0.00 Avg R2: 9.70 Avg Reward: 9.702314
2026-06-03 13:21:35 [INFO] Epoch: 9 [76800/100000 (77%)]	 Training Loss: 1.839 ACC: 51.82 CR: 1.00 Avg R1: 0.00 Avg R2: 9.71 Avg Reward: 9.705858
2026-06-03 13:21:45 [INFO] Epoch: 9 [89600/100000 (90%)]	 Training Loss: 1.840 ACC: 51.77 CR: 1.00 Avg R1: 0.00 Avg R2: 9.71 Avg Reward: 9.708910
2026-06-03 13:21:53 [INFO] EPOCH:9, ======================CR:1.0====================
2026-06-03 13:21:53 [INFO] 0.03784351594002646
2026-06-03 13:21:56 [INFO] EPOCH:9, ======================ACC:44.25====================
2026-06-03 13:21:56 [INFO] BEST EPOCH:8,BEST ACC:44.49
2026-06-03 13:22:17 [INFO] Epoch: 10 [12800/100000 (13%)]	 Training Loss: 1.668 ACC: 55.77 CR: 1.00 Avg R1: 0.00 Avg R2: 9.82 Avg Reward: 9.820981
2026-06-03 13:22:38 [INFO] Epoch: 10 [25600/100000 (26%)]	 Training Loss: 1.686 ACC: 54.98 CR: 1.00 Avg R1: 0.00 Avg R2: 9.82 Avg Reward: 9.818076
2026-06-03 13:23:00 [INFO] Epoch: 10 [38400/100000 (38%)]	 Training Loss: 1.693 ACC: 54.85 CR: 1.00 Avg R1: 0.00 Avg R2: 9.81 Avg Reward: 9.814371
2026-06-03 13:23:22 [INFO] Epoch: 10 [51200/100000 (51%)]	 Training Loss: 1.702 ACC: 54.61 CR: 1.00 Avg R1: 0.00 Avg R2: 9.81 Avg Reward: 9.811358
2026-06-03 13:23:42 [INFO] Epoch: 10 [64000/100000 (64%)]	 Training Loss: 1.717 ACC: 54.45 CR: 1.00 Avg R1: 0.00 Avg R2: 9.81 Avg Reward: 9.810489
2026-06-03 13:23:55 [INFO] Epoch: 10 [76800/100000 (77%)]	 Training Loss: 1.721 ACC: 54.32 CR: 1.00 Avg R1: 0.00 Avg R2: 9.81 Avg Reward: 9.811309
2026-06-03 13:24:07 [INFO] Epoch: 10 [89600/100000 (90%)]	 Training Loss: 1.729 ACC: 54.27 CR: 1.00 Avg R1: 0.00 Avg R2: 9.81 Avg Reward: 9.812980
2026-06-03 13:24:17 [INFO] EPOCH:10, ======================CR:1.0====================
2026-06-03 13:24:17 [INFO] 0.04621617722331453
2026-06-03 13:24:20 [INFO] EPOCH:10, ======================ACC:46.04====================
2026-06-03 13:24:20 [INFO] BEST EPOCH:10,BEST ACC:46.04
2026-06-03 13:24:31 [INFO] Epoch: 11 [12800/100000 (13%)]	 Training Loss: 1.573 ACC: 57.97 CR: 1.00 Avg R1: 0.00 Avg R2: 9.97 Avg Reward: 9.974404
2026-06-03 13:24:47 [INFO] Epoch: 11 [25600/100000 (26%)]	 Training Loss: 1.608 ACC: 57.38 CR: 1.00 Avg R1: 0.00 Avg R2: 9.98 Avg Reward: 9.980021
2026-06-03 13:24:58 [INFO] Epoch: 11 [38400/100000 (38%)]	 Training Loss: 1.620 ACC: 57.10 CR: 1.00 Avg R1: 0.00 Avg R2: 9.99 Avg Reward: 9.986375
2026-06-03 13:25:09 [INFO] Epoch: 11 [51200/100000 (51%)]	 Training Loss: 1.634 ACC: 56.94 CR: 1.00 Avg R1: 0.00 Avg R2: 9.99 Avg Reward: 9.993125
2026-06-03 13:25:20 [INFO] Epoch: 11 [64000/100000 (64%)]	 Training Loss: 1.644 ACC: 56.70 CR: 1.00 Avg R1: 0.00 Avg R2: 10.00 Avg Reward: 9.999871
2026-06-03 13:25:31 [INFO] Epoch: 11 [76800/100000 (77%)]	 Training Loss: 1.651 ACC: 56.51 CR: 1.00 Avg R1: 0.00 Avg R2: 10.01 Avg Reward: 10.006515
2026-06-03 13:25:42 [INFO] Epoch: 11 [89600/100000 (90%)]	 Training Loss: 1.654 ACC: 56.45 CR: 1.00 Avg R1: 0.00 Avg R2: 10.01 Avg Reward: 10.013007
2026-06-03 13:25:50 [INFO] EPOCH:11, ======================CR:1.0====================
2026-06-03 13:25:50 [INFO] 0.045955800533201085
2026-06-03 13:25:53 [INFO] EPOCH:11, ======================ACC:46.71====================
2026-06-03 13:25:53 [INFO] BEST EPOCH:11,BEST ACC:46.71
2026-06-03 13:26:05 [INFO] Epoch: 12 [12800/100000 (13%)]	 Training Loss: 1.521 ACC: 58.96 CR: 1.00 Avg R1: 0.00 Avg R2: 10.17 Avg Reward: 10.170576
2026-06-03 13:26:15 [INFO] Epoch: 12 [25600/100000 (26%)]	 Training Loss: 1.528 ACC: 59.07 CR: 1.00 Avg R1: 0.00 Avg R2: 10.17 Avg Reward: 10.171124
2026-06-03 13:26:26 [INFO] Epoch: 12 [38400/100000 (38%)]	 Training Loss: 1.534 ACC: 59.08 CR: 1.00 Avg R1: 0.00 Avg R2: 10.17 Avg Reward: 10.172426
2026-06-03 13:26:42 [INFO] Epoch: 12 [51200/100000 (51%)]	 Training Loss: 1.539 ACC: 58.95 CR: 1.00 Avg R1: 0.00 Avg R2: 10.17 Avg Reward: 10.173182
2026-06-03 13:27:03 [INFO] Epoch: 12 [64000/100000 (64%)]	 Training Loss: 1.552 ACC: 58.55 CR: 1.00 Avg R1: 0.00 Avg R2: 10.17 Avg Reward: 10.173429
2026-06-03 13:27:25 [INFO] Epoch: 12 [76800/100000 (77%)]	 Training Loss: 1.559 ACC: 58.34 CR: 1.00 Avg R1: 0.00 Avg R2: 10.17 Avg Reward: 10.173757
2026-06-03 13:27:47 [INFO] Epoch: 12 [89600/100000 (90%)]	 Training Loss: 1.563 ACC: 58.30 CR: 1.00 Avg R1: 0.00 Avg R2: 10.17 Avg Reward: 10.174361
2026-06-03 13:28:05 [INFO] EPOCH:12, ======================CR:1.0====================
2026-06-03 13:28:05 [INFO] 0.053741553919226706
2026-06-03 13:28:11 [INFO] EPOCH:12, ======================ACC:48.33====================
2026-06-03 13:28:11 [INFO] BEST EPOCH:12,BEST ACC:48.33
2026-06-03 13:28:29 [INFO] Epoch: 13 [12800/100000 (13%)]	 Training Loss: 1.409 ACC: 61.78 CR: 1.00 Avg R1: 0.00 Avg R2: 10.30 Avg Reward: 10.299224
2026-06-03 13:28:47 [INFO] Epoch: 13 [25600/100000 (26%)]	 Training Loss: 1.421 ACC: 61.60 CR: 1.00 Avg R1: 0.00 Avg R2: 10.30 Avg Reward: 10.299417
2026-06-03 13:29:04 [INFO] Epoch: 13 [38400/100000 (38%)]	 Training Loss: 1.426 ACC: 61.51 CR: 1.00 Avg R1: 0.00 Avg R2: 10.30 Avg Reward: 10.299564
2026-06-03 13:29:22 [INFO] Epoch: 13 [51200/100000 (51%)]	 Training Loss: 1.436 ACC: 61.23 CR: 1.00 Avg R1: 0.00 Avg R2: 10.30 Avg Reward: 10.299355
2026-06-03 13:29:39 [INFO] Epoch: 13 [64000/100000 (64%)]	 Training Loss: 1.450 ACC: 61.05 CR: 1.00 Avg R1: 0.00 Avg R2: 10.30 Avg Reward: 10.298860
2026-06-03 13:29:56 [INFO] Epoch: 13 [76800/100000 (77%)]	 Training Loss: 1.463 ACC: 60.78 CR: 1.00 Avg R1: 0.00 Avg R2: 10.30 Avg Reward: 10.297986
2026-06-03 13:30:13 [INFO] Epoch: 13 [89600/100000 (90%)]	 Training Loss: 1.474 ACC: 60.48 CR: 1.00 Avg R1: 0.00 Avg R2: 10.30 Avg Reward: 10.296765
2026-06-03 13:30:26 [INFO] EPOCH:13, ======================CR:1.0====================
2026-06-03 13:30:26 [INFO] 0.05487645663821043
2026-06-03 13:30:32 [INFO] EPOCH:13, ======================ACC:48.68====================
2026-06-03 13:30:32 [INFO] BEST EPOCH:13,BEST ACC:48.68
2026-06-03 13:30:50 [INFO] Epoch: 14 [12800/100000 (13%)]	 Training Loss: 1.314 ACC: 64.65 CR: 1.00 Avg R1: 0.00 Avg R2: 10.43 Avg Reward: 10.425313
2026-06-03 13:31:07 [INFO] Epoch: 14 [25600/100000 (26%)]	 Training Loss: 1.333 ACC: 63.95 CR: 1.00 Avg R1: 0.00 Avg R2: 10.42 Avg Reward: 10.424698
2026-06-03 13:31:24 [INFO] Epoch: 14 [38400/100000 (38%)]	 Training Loss: 1.350 ACC: 63.35 CR: 1.00 Avg R1: 0.00 Avg R2: 10.42 Avg Reward: 10.423613
2026-06-03 13:31:41 [INFO] Epoch: 14 [51200/100000 (51%)]	 Training Loss: 1.362 ACC: 63.10 CR: 1.00 Avg R1: 0.00 Avg R2: 10.42 Avg Reward: 10.421920
2026-06-03 13:31:58 [INFO] Epoch: 14 [64000/100000 (64%)]	 Training Loss: 1.379 ACC: 62.64 CR: 1.00 Avg R1: 0.00 Avg R2: 10.42 Avg Reward: 10.419880
2026-06-03 13:32:15 [INFO] Epoch: 14 [76800/100000 (77%)]	 Training Loss: 1.388 ACC: 62.34 CR: 1.00 Avg R1: 0.00 Avg R2: 10.42 Avg Reward: 10.417853
2026-06-03 13:32:32 [INFO] Epoch: 14 [89600/100000 (90%)]	 Training Loss: 1.392 ACC: 62.23 CR: 1.00 Avg R1: 0.00 Avg R2: 10.42 Avg Reward: 10.415626
2026-06-03 13:32:46 [INFO] EPOCH:14, ======================CR:1.0====================
2026-06-03 13:32:47 [INFO] 0.055921033087982984
2026-06-03 13:32:50 [INFO] EPOCH:14, ======================ACC:50.17====================
2026-06-03 13:32:50 [INFO] BEST EPOCH:14,BEST ACC:50.17
2026-06-03 13:33:08 [INFO] Epoch: 15 [12800/100000 (13%)]	 Training Loss: 1.241 ACC: 66.25 CR: 1.00 Avg R1: 0.00 Avg R2: 10.56 Avg Reward: 10.556315
2026-06-03 13:33:26 [INFO] Epoch: 15 [25600/100000 (26%)]	 Training Loss: 1.256 ACC: 65.71 CR: 1.00 Avg R1: 0.00 Avg R2: 10.56 Avg Reward: 10.556046
2026-06-03 13:33:43 [INFO] Epoch: 15 [38400/100000 (38%)]	 Training Loss: 1.283 ACC: 64.86 CR: 1.00 Avg R1: 0.00 Avg R2: 10.56 Avg Reward: 10.555316
2026-06-03 13:34:00 [INFO] Epoch: 15 [51200/100000 (51%)]	 Training Loss: 1.291 ACC: 64.71 CR: 1.00 Avg R1: 0.00 Avg R2: 10.55 Avg Reward: 10.554920
2026-06-03 13:34:16 [INFO] Epoch: 15 [64000/100000 (64%)]	 Training Loss: 1.304 ACC: 64.39 CR: 1.00 Avg R1: 0.00 Avg R2: 10.55 Avg Reward: 10.554774
2026-06-03 13:34:33 [INFO] Epoch: 15 [76800/100000 (77%)]	 Training Loss: 1.316 ACC: 63.98 CR: 1.00 Avg R1: 0.00 Avg R2: 10.55 Avg Reward: 10.554801
2026-06-03 13:34:50 [INFO] Epoch: 15 [89600/100000 (90%)]	 Training Loss: 1.326 ACC: 63.79 CR: 1.00 Avg R1: 0.00 Avg R2: 10.55 Avg Reward: 10.554885
2026-06-03 13:35:05 [INFO] EPOCH:15, ======================CR:1.0====================
2026-06-03 13:35:05 [INFO] 0.05463188388968175
2026-06-03 13:35:08 [INFO] EPOCH:15, ======================ACC:52.07====================
2026-06-03 13:35:08 [INFO] BEST EPOCH:15,BEST ACC:52.07
2026-06-03 13:35:26 [INFO] Epoch: 16 [12800/100000 (13%)]	 Training Loss: 1.184 ACC: 67.49 CR: 1.00 Avg R1: 0.00 Avg R2: 10.70 Avg Reward: 10.701881
2026-06-03 13:35:44 [INFO] Epoch: 16 [25600/100000 (26%)]	 Training Loss: 1.181 ACC: 67.16 CR: 1.00 Avg R1: 0.00 Avg R2: 10.70 Avg Reward: 10.699015
2026-06-03 13:36:01 [INFO] Epoch: 16 [38400/100000 (38%)]	 Training Loss: 1.196 ACC: 66.72 CR: 1.00 Avg R1: 0.00 Avg R2: 10.70 Avg Reward: 10.695279
2026-06-03 13:36:18 [INFO] Epoch: 16 [51200/100000 (51%)]	 Training Loss: 1.217 ACC: 66.27 CR: 1.00 Avg R1: 0.00 Avg R2: 10.69 Avg Reward: 10.691549
2026-06-03 13:36:35 [INFO] Epoch: 16 [64000/100000 (64%)]	 Training Loss: 1.231 ACC: 65.78 CR: 1.00 Avg R1: 0.00 Avg R2: 10.69 Avg Reward: 10.687905
2026-06-03 13:36:52 [INFO] Epoch: 16 [76800/100000 (77%)]	 Training Loss: 1.240 ACC: 65.58 CR: 1.00 Avg R1: 0.00 Avg R2: 10.68 Avg Reward: 10.684039
2026-06-03 13:37:08 [INFO] Epoch: 16 [89600/100000 (90%)]	 Training Loss: 1.249 ACC: 65.42 CR: 1.00 Avg R1: 0.00 Avg R2: 10.68 Avg Reward: 10.680014
2026-06-03 13:37:23 [INFO] EPOCH:16, ======================CR:1.0====================
2026-06-03 13:37:23 [INFO] 0.059620945555185545
2026-06-03 13:37:28 [INFO] EPOCH:16, ======================ACC:50.47====================
2026-06-03 13:37:28 [INFO] BEST EPOCH:15,BEST ACC:52.07
2026-06-03 13:37:45 [INFO] Epoch: 17 [12800/100000 (13%)]	 Training Loss: 1.084 ACC: 69.59 CR: 1.00 Avg R1: 0.00 Avg R2: 10.80 Avg Reward: 10.800536
2026-06-03 13:38:02 [INFO] Epoch: 17 [25600/100000 (26%)]	 Training Loss: 1.102 ACC: 69.19 CR: 1.00 Avg R1: 0.00 Avg R2: 10.80 Avg Reward: 10.797603
2026-06-03 13:38:19 [INFO] Epoch: 17 [38400/100000 (38%)]	 Training Loss: 1.121 ACC: 68.59 CR: 1.00 Avg R1: 0.00 Avg R2: 10.79 Avg Reward: 10.794772
2026-06-03 13:38:37 [INFO] Epoch: 17 [51200/100000 (51%)]	 Training Loss: 1.131 ACC: 68.28 CR: 1.00 Avg R1: 0.00 Avg R2: 10.79 Avg Reward: 10.792175
2026-06-03 13:38:54 [INFO] Epoch: 17 [64000/100000 (64%)]	 Training Loss: 1.143 ACC: 68.01 CR: 1.00 Avg R1: 0.00 Avg R2: 10.79 Avg Reward: 10.789780
2026-06-03 13:39:12 [INFO] Epoch: 17 [76800/100000 (77%)]	 Training Loss: 1.156 ACC: 67.71 CR: 1.00 Avg R1: 0.00 Avg R2: 10.79 Avg Reward: 10.787672
2026-06-03 13:39:29 [INFO] Epoch: 17 [89600/100000 (90%)]	 Training Loss: 1.170 ACC: 67.37 CR: 1.00 Avg R1: 0.00 Avg R2: 10.79 Avg Reward: 10.785696
2026-06-03 13:39:43 [INFO] EPOCH:17, ======================CR:0.99999====================
2026-06-03 13:39:43 [INFO] 0.05591640847847033
2026-06-03 13:39:48 [INFO] EPOCH:17, ======================ACC:48.9====================
2026-06-03 13:39:48 [INFO] BEST EPOCH:15,BEST ACC:52.07
2026-06-03 13:40:06 [INFO] Epoch: 18 [12800/100000 (13%)]	 Training Loss: 1.024 ACC: 71.48 CR: 1.00 Avg R1: 0.00 Avg R2: 10.96 Avg Reward: 10.964093
2026-06-03 13:40:24 [INFO] Epoch: 18 [25600/100000 (26%)]	 Training Loss: 1.031 ACC: 71.02 CR: 1.00 Avg R1: 0.00 Avg R2: 10.97 Avg Reward: 10.965313
2026-06-03 13:40:41 [INFO] Epoch: 18 [38400/100000 (38%)]	 Training Loss: 1.062 ACC: 70.20 CR: 1.00 Avg R1: 0.00 Avg R2: 10.97 Avg Reward: 10.967230
2026-06-03 13:40:58 [INFO] Epoch: 18 [51200/100000 (51%)]	 Training Loss: 1.082 ACC: 69.61 CR: 1.00 Avg R1: 0.00 Avg R2: 10.97 Avg Reward: 10.969468
2026-06-03 13:41:15 [INFO] Epoch: 18 [64000/100000 (64%)]	 Training Loss: 1.102 ACC: 69.08 CR: 1.00 Avg R1: 0.00 Avg R2: 10.97 Avg Reward: 10.971728
2026-06-03 13:41:32 [INFO] Epoch: 18 [76800/100000 (77%)]	 Training Loss: 1.118 ACC: 68.66 CR: 1.00 Avg R1: 0.00 Avg R2: 10.97 Avg Reward: 10.973781
2026-06-03 13:41:49 [INFO] Epoch: 18 [89600/100000 (90%)]	 Training Loss: 1.128 ACC: 68.34 CR: 1.00 Avg R1: 0.00 Avg R2: 10.98 Avg Reward: 10.975276
2026-06-03 13:42:04 [INFO] EPOCH:18, ======================CR:1.0====================
2026-06-03 13:42:04 [INFO] 0.06019021719032615
2026-06-03 13:42:08 [INFO] EPOCH:18, ======================ACC:53.08====================
2026-06-03 13:42:08 [INFO] BEST EPOCH:18,BEST ACC:53.08
2026-06-03 13:42:26 [INFO] Epoch: 19 [12800/100000 (13%)]	 Training Loss: 0.967 ACC: 72.70 CR: 1.00 Avg R1: 0.00 Avg R2: 11.13 Avg Reward: 11.126703
2026-06-03 13:42:43 [INFO] Epoch: 19 [25600/100000 (26%)]	 Training Loss: 0.975 ACC: 72.01 CR: 1.00 Avg R1: 0.00 Avg R2: 11.12 Avg Reward: 11.122286
2026-06-03 13:43:00 [INFO] Epoch: 19 [38400/100000 (38%)]	 Training Loss: 0.998 ACC: 71.39 CR: 1.00 Avg R1: 0.00 Avg R2: 11.12 Avg Reward: 11.117706
2026-06-03 13:43:17 [INFO] Epoch: 19 [51200/100000 (51%)]	 Training Loss: 1.009 ACC: 71.08 CR: 1.00 Avg R1: 0.00 Avg R2: 11.11 Avg Reward: 11.112810
2026-06-03 13:43:35 [INFO] Epoch: 19 [64000/100000 (64%)]	 Training Loss: 1.029 ACC: 70.55 CR: 1.00 Avg R1: 0.00 Avg R2: 11.11 Avg Reward: 11.107702
2026-06-03 13:43:53 [INFO] Epoch: 19 [76800/100000 (77%)]	 Training Loss: 1.042 ACC: 70.14 CR: 1.00 Avg R1: 0.00 Avg R2: 11.10 Avg Reward: 11.102225
2026-06-03 13:44:10 [INFO] Epoch: 19 [89600/100000 (90%)]	 Training Loss: 1.055 ACC: 69.77 CR: 1.00 Avg R1: 0.00 Avg R2: 11.10 Avg Reward: 11.096340
2026-06-03 13:44:23 [INFO] EPOCH:19, ======================CR:0.99995====================
2026-06-03 13:44:23 [INFO] 0.06353957585821281
2026-06-03 13:44:28 [INFO] EPOCH:19, ======================ACC:52.8====================
2026-06-03 13:44:28 [INFO] BEST EPOCH:18,BEST ACC:53.08
2026-06-03 13:44:47 [INFO] Epoch: 20 [12800/100000 (13%)]	 Training Loss: 0.930 ACC: 73.46 CR: 1.00 Avg R1: 0.00 Avg R2: 11.22 Avg Reward: 11.223144
2026-06-03 13:45:04 [INFO] Epoch: 20 [25600/100000 (26%)]	 Training Loss: 0.932 ACC: 73.31 CR: 1.00 Avg R1: 0.00 Avg R2: 11.22 Avg Reward: 11.220751
2026-06-03 13:45:21 [INFO] Epoch: 20 [38400/100000 (38%)]	 Training Loss: 0.942 ACC: 72.97 CR: 1.00 Avg R1: 0.00 Avg R2: 11.22 Avg Reward: 11.217593
2026-06-03 13:45:38 [INFO] Epoch: 20 [51200/100000 (51%)]	 Training Loss: 0.962 ACC: 72.29 CR: 1.00 Avg R1: 0.00 Avg R2: 11.21 Avg Reward: 11.213730
2026-06-03 13:45:55 [INFO] Epoch: 20 [64000/100000 (64%)]	 Training Loss: 0.975 ACC: 71.88 CR: 1.00 Avg R1: 0.00 Avg R2: 11.21 Avg Reward: 11.209638
2026-06-03 13:46:12 [INFO] Epoch: 20 [76800/100000 (77%)]	 Training Loss: 0.985 ACC: 71.58 CR: 1.00 Avg R1: 0.00 Avg R2: 11.20 Avg Reward: 11.205143
2026-06-03 13:46:29 [INFO] Epoch: 20 [89600/100000 (90%)]	 Training Loss: 0.998 ACC: 71.25 CR: 1.00 Avg R1: 0.00 Avg R2: 11.20 Avg Reward: 11.200390
2026-06-03 13:46:44 [INFO] EPOCH:20, ======================CR:0.99995====================
2026-06-03 13:46:44 [INFO] 0.06157182548625181
2026-06-03 13:46:47 [INFO] EPOCH:20, ======================ACC:51.97====================
2026-06-03 13:46:47 [INFO] BEST EPOCH:18,BEST ACC:53.08
2026-06-03 13:47:05 [INFO] Epoch: 21 [12800/100000 (13%)]	 Training Loss: 0.852 ACC: 74.94 CR: 1.00 Avg R1: 0.00 Avg R2: 11.31 Avg Reward: 11.310403
2026-06-03 13:47:22 [INFO] Epoch: 21 [25600/100000 (26%)]	 Training Loss: 0.863 ACC: 74.50 CR: 1.00 Avg R1: 0.00 Avg R2: 11.30 Avg Reward: 11.305217
2026-06-03 13:47:39 [INFO] Epoch: 21 [38400/100000 (38%)]	 Training Loss: 0.880 ACC: 74.05 CR: 1.00 Avg R1: 0.00 Avg R2: 11.30 Avg Reward: 11.298641
2026-06-03 13:47:57 [INFO] Epoch: 21 [51200/100000 (51%)]	 Training Loss: 0.896 ACC: 73.65 CR: 1.00 Avg R1: 0.00 Avg R2: 11.29 Avg Reward: 11.291207
2026-06-03 13:48:14 [INFO] Epoch: 21 [64000/100000 (64%)]	 Training Loss: 0.918 ACC: 73.03 CR: 1.00 Avg R1: 0.00 Avg R2: 11.28 Avg Reward: 11.283938
2026-06-03 13:48:31 [INFO] Epoch: 21 [76800/100000 (77%)]	 Training Loss: 0.931 ACC: 72.62 CR: 1.00 Avg R1: 0.00 Avg R2: 11.28 Avg Reward: 11.277281
2026-06-03 13:48:48 [INFO] Epoch: 21 [89600/100000 (90%)]	 Training Loss: 0.942 ACC: 72.28 CR: 1.00 Avg R1: 0.00 Avg R2: 11.27 Avg Reward: 11.270966
2026-06-03 13:49:02 [INFO] EPOCH:21, ======================CR:0.9999====================
2026-06-03 13:49:02 [INFO] 0.060304828966124664
2026-06-03 13:49:07 [INFO] EPOCH:21, ======================ACC:50.98====================
2026-06-03 13:49:07 [INFO] BEST EPOCH:18,BEST ACC:53.08
2026-06-03 13:49:26 [INFO] Epoch: 22 [12800/100000 (13%)]	 Training Loss: 0.871 ACC: 74.74 CR: 1.00 Avg R1: 0.00 Avg R2: 11.41 Avg Reward: 11.411401
2026-06-03 13:49:43 [INFO] Epoch: 22 [25600/100000 (26%)]	 Training Loss: 0.859 ACC: 75.15 CR: 1.00 Avg R1: 0.00 Avg R2: 11.42 Avg Reward: 11.424241
2026-06-03 13:50:00 [INFO] Epoch: 22 [38400/100000 (38%)]	 Training Loss: 0.870 ACC: 74.80 CR: 1.00 Avg R1: 0.00 Avg R2: 11.44 Avg Reward: 11.437984
2026-06-03 13:50:17 [INFO] Epoch: 22 [51200/100000 (51%)]	 Training Loss: 0.887 ACC: 74.23 CR: 1.00 Avg R1: 0.00 Avg R2: 11.45 Avg Reward: 11.452472
2026-06-03 13:50:34 [INFO] Epoch: 22 [64000/100000 (64%)]	 Training Loss: 0.907 ACC: 73.71 CR: 1.00 Avg R1: 0.00 Avg R2: 11.47 Avg Reward: 11.467044
2026-06-03 13:50:51 [INFO] Epoch: 22 [76800/100000 (77%)]	 Training Loss: 0.919 ACC: 73.34 CR: 1.00 Avg R1: 0.00 Avg R2: 11.48 Avg Reward: 11.481040
2026-06-03 13:51:09 [INFO] Epoch: 22 [89600/100000 (90%)]	 Training Loss: 0.930 ACC: 73.06 CR: 1.00 Avg R1: 0.00 Avg R2: 11.49 Avg Reward: 11.494181
2026-06-03 13:51:23 [INFO] EPOCH:22, ======================CR:1.0====================
2026-06-03 13:51:23 [INFO] 0.06316051842126708
2026-06-03 13:51:27 [INFO] EPOCH:22, ======================ACC:51.88====================
2026-06-03 13:51:27 [INFO] BEST EPOCH:18,BEST ACC:53.08
2026-06-03 13:51:45 [INFO] Epoch: 23 [12800/100000 (13%)]	 Training Loss: 0.775 ACC: 77.20 CR: 1.00 Avg R1: 0.00 Avg R2: 11.72 Avg Reward: 11.718474
2026-06-03 13:52:03 [INFO] Epoch: 23 [25600/100000 (26%)]	 Training Loss: 0.795 ACC: 76.72 CR: 1.00 Avg R1: 0.00 Avg R2: 11.71 Avg Reward: 11.714109
2026-06-03 13:52:19 [INFO] Epoch: 23 [38400/100000 (38%)]	 Training Loss: 0.803 ACC: 76.27 CR: 1.00 Avg R1: 0.00 Avg R2: 11.71 Avg Reward: 11.710391
2026-06-03 13:52:34 [INFO] Epoch: 23 [51200/100000 (51%)]	 Training Loss: 0.824 ACC: 75.66 CR: 1.00 Avg R1: 0.00 Avg R2: 11.71 Avg Reward: 11.707437
2026-06-03 13:52:49 [INFO] Epoch: 23 [64000/100000 (64%)]	 Training Loss: 0.844 ACC: 75.15 CR: 1.00 Avg R1: 0.00 Avg R2: 11.70 Avg Reward: 11.704360
2026-06-03 13:53:00 [INFO] Epoch: 23 [76800/100000 (77%)]	 Training Loss: 0.856 ACC: 74.81 CR: 1.00 Avg R1: 0.00 Avg R2: 11.70 Avg Reward: 11.701331
2026-06-03 13:53:11 [INFO] Epoch: 23 [89600/100000 (90%)]	 Training Loss: 0.869 ACC: 74.48 CR: 1.00 Avg R1: 0.00 Avg R2: 11.70 Avg Reward: 11.698443
2026-06-03 13:53:19 [INFO] EPOCH:23, ======================CR:0.99997====================
2026-06-03 13:53:19 [INFO] 0.06269387637650248
2026-06-03 13:53:22 [INFO] EPOCH:23, ======================ACC:52.91====================
2026-06-03 13:53:22 [INFO] BEST EPOCH:18,BEST ACC:53.08
2026-06-03 13:53:34 [INFO] Epoch: 24 [12800/100000 (13%)]	 Training Loss: 0.762 ACC: 77.47 CR: 1.00 Avg R1: 0.00 Avg R2: 11.84 Avg Reward: 11.842545
2026-06-03 13:53:45 [INFO] Epoch: 24 [25600/100000 (26%)]	 Training Loss: 0.767 ACC: 77.54 CR: 1.00 Avg R1: 0.00 Avg R2: 11.85 Avg Reward: 11.849339
2026-06-03 13:53:55 [INFO] Epoch: 24 [38400/100000 (38%)]	 Training Loss: 0.783 ACC: 77.11 CR: 1.00 Avg R1: 0.00 Avg R2: 11.86 Avg Reward: 11.856290
2026-06-03 13:54:14 [INFO] Epoch: 24 [51200/100000 (51%)]	 Training Loss: 0.808 ACC: 76.42 CR: 1.00 Avg R1: 0.00 Avg R2: 11.86 Avg Reward: 11.863873
2026-06-03 13:54:36 [INFO] Epoch: 24 [64000/100000 (64%)]	 Training Loss: 0.825 ACC: 75.91 CR: 1.00 Avg R1: 0.00 Avg R2: 11.87 Avg Reward: 11.871624
2026-06-03 13:54:54 [INFO] Epoch: 24 [76800/100000 (77%)]	 Training Loss: 0.842 ACC: 75.42 CR: 1.00 Avg R1: 0.00 Avg R2: 11.88 Avg Reward: 11.879775
2026-06-03 13:55:06 [INFO] Epoch: 24 [89600/100000 (90%)]	 Training Loss: 0.857 ACC: 75.02 CR: 1.00 Avg R1: 0.00 Avg R2: 11.89 Avg Reward: 11.888630
2026-06-03 13:55:17 [INFO] EPOCH:24, ======================CR:1.0====================
2026-06-03 13:55:17 [INFO] 0.06303923258270466
2026-06-03 13:55:20 [INFO] EPOCH:24, ======================ACC:52.39====================
2026-06-03 13:55:20 [INFO] BEST EPOCH:18,BEST ACC:53.08
2026-06-03 13:55:35 [INFO] Epoch: 25 [12800/100000 (13%)]	 Training Loss: 0.731 ACC: 78.80 CR: 1.00 Avg R1: 0.00 Avg R2: 12.16 Avg Reward: 12.155037
2026-06-03 13:55:46 [INFO] Epoch: 25 [25600/100000 (26%)]	 Training Loss: 0.756 ACC: 77.96 CR: 1.00 Avg R1: 0.00 Avg R2: 12.16 Avg Reward: 12.158495
2026-06-03 13:55:56 [INFO] Epoch: 25 [38400/100000 (38%)]	 Training Loss: 0.763 ACC: 77.72 CR: 1.00 Avg R1: 0.00 Avg R2: 12.16 Avg Reward: 12.162685
2026-06-03 13:56:08 [INFO] Epoch: 25 [51200/100000 (51%)]	 Training Loss: 0.782 ACC: 77.14 CR: 1.00 Avg R1: 0.00 Avg R2: 12.17 Avg Reward: 12.166493
2026-06-03 13:56:19 [INFO] Epoch: 25 [64000/100000 (64%)]	 Training Loss: 0.798 ACC: 76.59 CR: 1.00 Avg R1: 0.00 Avg R2: 12.17 Avg Reward: 12.170084
2026-06-03 13:56:31 [INFO] Epoch: 25 [76800/100000 (77%)]	 Training Loss: 0.812 ACC: 76.22 CR: 1.00 Avg R1: 0.00 Avg R2: 12.17 Avg Reward: 12.173434
2026-06-03 13:56:44 [INFO] Epoch: 25 [89600/100000 (90%)]	 Training Loss: 0.824 ACC: 75.88 CR: 1.00 Avg R1: 0.00 Avg R2: 12.18 Avg Reward: 12.176372
2026-06-03 13:56:59 [INFO] EPOCH:25, ======================CR:1.0====================
2026-06-03 13:56:59 [INFO] 0.057692695779314455
2026-06-03 13:57:04 [INFO] EPOCH:25, ======================ACC:51.48====================
2026-06-03 13:57:04 [INFO] BEST EPOCH:18,BEST ACC:53.08
2026-06-03 13:57:27 [INFO] Epoch: 26 [12800/100000 (13%)]	 Training Loss: 0.705 ACC: 79.47 CR: 1.00 Avg R1: 0.00 Avg R2: 12.30 Avg Reward: 12.300201
2026-06-03 13:57:45 [INFO] Epoch: 26 [25600/100000 (26%)]	 Training Loss: 0.689 ACC: 79.50 CR: 1.00 Avg R1: 0.00 Avg R2: 12.28 Avg Reward: 12.282274
2026-06-03 13:58:01 [INFO] Epoch: 26 [38400/100000 (38%)]	 Training Loss: 0.704 ACC: 79.09 CR: 1.00 Avg R1: 0.00 Avg R2: 12.26 Avg Reward: 12.263532
2026-06-03 13:58:20 [INFO] Epoch: 26 [51200/100000 (51%)]	 Training Loss: 0.718 ACC: 78.60 CR: 1.00 Avg R1: 0.00 Avg R2: 12.25 Avg Reward: 12.245444
2026-06-03 13:58:38 [INFO] Epoch: 26 [64000/100000 (64%)]	 Training Loss: 0.734 ACC: 78.02 CR: 1.00 Avg R1: 0.00 Avg R2: 12.23 Avg Reward: 12.227489
2026-06-03 13:58:56 [INFO] Epoch: 26 [76800/100000 (77%)]	 Training Loss: 0.748 ACC: 77.59 CR: 1.00 Avg R1: 0.00 Avg R2: 12.21 Avg Reward: 12.209382
2026-06-03 13:59:13 [INFO] Epoch: 26 [89600/100000 (90%)]	 Training Loss: 0.759 ACC: 77.25 CR: 1.00 Avg R1: 0.00 Avg R2: 12.19 Avg Reward: 12.191248
2026-06-03 13:59:28 [INFO] EPOCH:26, ======================CR:0.99994====================
2026-06-03 13:59:28 [INFO] 0.06426615542169253
2026-06-03 13:59:32 [INFO] EPOCH:26, ======================ACC:51.78====================
2026-06-03 13:59:32 [INFO] BEST EPOCH:18,BEST ACC:53.08
2026-06-03 13:59:52 [INFO] Epoch: 27 [12800/100000 (13%)]	 Training Loss: 0.628 ACC: 80.63 CR: 1.00 Avg R1: 0.00 Avg R2: 12.15 Avg Reward: 12.148666
2026-06-03 14:00:09 [INFO] Epoch: 27 [25600/100000 (26%)]	 Training Loss: 0.630 ACC: 80.56 CR: 1.00 Avg R1: 0.00 Avg R2: 12.13 Avg Reward: 12.130723
2026-06-03 14:00:28 [INFO] Epoch: 27 [38400/100000 (38%)]	 Training Loss: 0.639 ACC: 80.33 CR: 1.00 Avg R1: 0.00 Avg R2: 12.11 Avg Reward: 12.114915
2026-06-03 14:00:44 [INFO] Epoch: 27 [51200/100000 (51%)]	 Training Loss: 0.654 ACC: 79.85 CR: 1.00 Avg R1: 0.00 Avg R2: 12.10 Avg Reward: 12.100022
2026-06-03 14:01:03 [INFO] Epoch: 27 [64000/100000 (64%)]	 Training Loss: 0.666 ACC: 79.46 CR: 1.00 Avg R1: 0.00 Avg R2: 12.08 Avg Reward: 12.084974
2026-06-03 14:01:20 [INFO] Epoch: 27 [76800/100000 (77%)]	 Training Loss: 0.679 ACC: 78.93 CR: 1.00 Avg R1: 0.00 Avg R2: 12.07 Avg Reward: 12.069323
2026-06-03 14:01:39 [INFO] Epoch: 27 [89600/100000 (90%)]	 Training Loss: 0.692 ACC: 78.54 CR: 1.00 Avg R1: 0.00 Avg R2: 12.05 Avg Reward: 12.052972
2026-06-03 14:01:52 [INFO] EPOCH:27, ======================CR:0.99961====================
2026-06-03 14:01:52 [INFO] 0.05638947308927563
2026-06-03 14:01:57 [INFO] EPOCH:27, ======================ACC:52.27====================
2026-06-03 14:01:57 [INFO] BEST EPOCH:18,BEST ACC:53.08
2026-06-03 14:02:16 [INFO] Epoch: 28 [12800/100000 (13%)]	 Training Loss: 0.616 ACC: 80.88 CR: 1.00 Avg R1: 0.01 Avg R2: 12.04 Avg Reward: 12.050853
2026-06-03 14:02:33 [INFO] Epoch: 28 [25600/100000 (26%)]	 Training Loss: 0.616 ACC: 80.86 CR: 1.00 Avg R1: 0.01 Avg R2: 12.04 Avg Reward: 12.051151
2026-06-03 14:02:52 [INFO] Epoch: 28 [38400/100000 (38%)]	 Training Loss: 0.623 ACC: 80.65 CR: 1.00 Avg R1: 0.01 Avg R2: 12.04 Avg Reward: 12.052865
2026-06-03 14:03:09 [INFO] Epoch: 28 [51200/100000 (51%)]	 Training Loss: 0.635 ACC: 80.28 CR: 1.00 Avg R1: 0.01 Avg R2: 12.05 Avg Reward: 12.055042
2026-06-03 14:03:28 [INFO] Epoch: 28 [64000/100000 (64%)]	 Training Loss: 0.647 ACC: 79.83 CR: 1.00 Avg R1: 0.01 Avg R2: 12.05 Avg Reward: 12.057426
2026-06-03 14:03:45 [INFO] Epoch: 28 [76800/100000 (77%)]	 Training Loss: 0.657 ACC: 79.51 CR: 1.00 Avg R1: 0.01 Avg R2: 12.05 Avg Reward: 12.060176
2026-06-03 14:04:03 [INFO] Epoch: 28 [89600/100000 (90%)]	 Training Loss: 0.672 ACC: 79.08 CR: 1.00 Avg R1: 0.01 Avg R2: 12.06 Avg Reward: 12.062944
2026-06-03 14:04:18 [INFO] EPOCH:28, ======================CR:0.99974====================
2026-06-03 14:04:18 [INFO] 0.05413562618531895
2026-06-03 14:04:23 [INFO] EPOCH:28, ======================ACC:52.0====================
2026-06-03 14:04:23 [INFO] BEST EPOCH:18,BEST ACC:53.08
2026-06-03 14:04:41 [INFO] Epoch: 29 [12800/100000 (13%)]	 Training Loss: 0.550 ACC: 82.41 CR: 1.00 Avg R1: 0.01 Avg R2: 12.23 Avg Reward: 12.236712
2026-06-03 14:05:00 [INFO] Epoch: 29 [25600/100000 (26%)]	 Training Loss: 0.545 ACC: 82.57 CR: 1.00 Avg R1: 0.01 Avg R2: 12.20 Avg Reward: 12.214615
2026-06-03 14:05:17 [INFO] Epoch: 29 [38400/100000 (38%)]	 Training Loss: 0.550 ACC: 82.43 CR: 1.00 Avg R1: 0.01 Avg R2: 12.18 Avg Reward: 12.194382
2026-06-03 14:05:34 [INFO] Epoch: 29 [51200/100000 (51%)]	 Training Loss: 0.563 ACC: 81.92 CR: 1.00 Avg R1: 0.02 Avg R2: 12.16 Avg Reward: 12.175959
2026-06-03 14:05:53 [INFO] Epoch: 29 [64000/100000 (64%)]	 Training Loss: 0.581 ACC: 81.42 CR: 1.00 Avg R1: 0.02 Avg R2: 12.14 Avg Reward: 12.158214
2026-06-03 14:06:10 [INFO] Epoch: 29 [76800/100000 (77%)]	 Training Loss: 0.598 ACC: 80.90 CR: 1.00 Avg R1: 0.02 Avg R2: 12.12 Avg Reward: 12.141335
2026-06-03 14:06:29 [INFO] Epoch: 29 [89600/100000 (90%)]	 Training Loss: 0.612 ACC: 80.51 CR: 1.00 Avg R1: 0.02 Avg R2: 12.10 Avg Reward: 12.125194
2026-06-03 14:06:42 [INFO] EPOCH:29, ======================CR:0.99794====================
2026-06-03 14:06:42 [INFO] 0.05763818950630866
2026-06-03 14:06:48 [INFO] EPOCH:29, ======================ACC:53.54====================
2026-06-03 14:06:48 [INFO] BEST EPOCH:29,BEST ACC:53.54
2026-06-03 14:07:05 [INFO] Epoch: 30 [12800/100000 (13%)]	 Training Loss: 0.430 ACC: 86.27 CR: 1.00 Avg R1: 0.05 Avg R2: 12.06 Avg Reward: 12.110976
2026-06-03 14:07:24 [INFO] Epoch: 30 [25600/100000 (26%)]	 Training Loss: 0.380 ACC: 87.85 CR: 0.99 Avg R1: 0.07 Avg R2: 12.02 Avg Reward: 12.086459
2026-06-03 14:07:41 [INFO] Epoch: 30 [38400/100000 (38%)]	 Training Loss: 0.358 ACC: 88.56 CR: 0.99 Avg R1: 0.09 Avg R2: 11.97 Avg Reward: 12.060212
2026-06-03 14:08:00 [INFO] Epoch: 30 [51200/100000 (51%)]	 Training Loss: 0.340 ACC: 89.22 CR: 0.99 Avg R1: 0.12 Avg R2: 11.92 Avg Reward: 12.035823
2026-06-03 14:08:18 [INFO] Epoch: 30 [64000/100000 (64%)]	 Training Loss: 0.328 ACC: 89.69 CR: 0.99 Avg R1: 0.14 Avg R2: 11.87 Avg Reward: 12.012551
2026-06-03 14:08:35 [INFO] Epoch: 30 [76800/100000 (77%)]	 Training Loss: 0.319 ACC: 90.01 CR: 0.99 Avg R1: 0.16 Avg R2: 11.83 Avg Reward: 11.989036
2026-06-03 14:08:54 [INFO] Epoch: 30 [89600/100000 (90%)]	 Training Loss: 0.312 ACC: 90.26 CR: 0.98 Avg R1: 0.19 Avg R2: 11.78 Avg Reward: 11.965224
2026-06-03 14:09:09 [INFO] EPOCH:30, ======================CR:0.97846====================
2026-06-03 14:09:09 [INFO] 0.05388935442396993
2026-06-03 14:09:13 [INFO] EPOCH:30, ======================ACC:60.9====================
2026-06-03 14:09:13 [INFO] BEST EPOCH:30,BEST ACC:60.9
2026-06-03 14:09:32 [INFO] Epoch: 31 [12800/100000 (13%)]	 Training Loss: 0.204 ACC: 93.45 CR: 0.97 Avg R1: 0.53 Avg R2: 11.14 Avg Reward: 11.675648
2026-06-03 14:09:50 [INFO] Epoch: 31 [25600/100000 (26%)]	 Training Loss: 0.207 ACC: 93.56 CR: 0.96 Avg R1: 0.63 Avg R2: 11.07 Avg Reward: 11.702857
2026-06-03 14:10:07 [INFO] Epoch: 31 [38400/100000 (38%)]	 Training Loss: 0.209 ACC: 93.52 CR: 0.96 Avg R1: 0.70 Avg R2: 11.02 Avg Reward: 11.721210
2026-06-03 14:10:25 [INFO] Epoch: 31 [51200/100000 (51%)]	 Training Loss: 0.211 ACC: 93.49 CR: 0.95 Avg R1: 0.76 Avg R2: 10.97 Avg Reward: 11.733212
2026-06-03 14:10:43 [INFO] Epoch: 31 [64000/100000 (64%)]	 Training Loss: 0.211 ACC: 93.56 CR: 0.95 Avg R1: 0.81 Avg R2: 10.93 Avg Reward: 11.741414
2026-06-03 14:11:02 [INFO] Epoch: 31 [76800/100000 (77%)]	 Training Loss: 0.211 ACC: 93.60 CR: 0.95 Avg R1: 0.85 Avg R2: 10.90 Avg Reward: 11.747276
2026-06-03 14:11:19 [INFO] Epoch: 31 [89600/100000 (90%)]	 Training Loss: 0.211 ACC: 93.65 CR: 0.94 Avg R1: 0.89 Avg R2: 10.87 Avg Reward: 11.752066
2026-06-03 14:11:33 [INFO] EPOCH:31, ======================CR:0.94245====================
2026-06-03 14:11:33 [INFO] 0.06457077708837007
2026-06-03 14:11:38 [INFO] EPOCH:31, ======================ACC:61.42====================
2026-06-03 14:11:38 [INFO] BEST EPOCH:31,BEST ACC:61.42
2026-06-03 14:11:57 [INFO] Epoch: 32 [12800/100000 (13%)]	 Training Loss: 0.197 ACC: 94.75 CR: 0.95 Avg R1: 1.12 Avg R2: 10.72 Avg Reward: 11.834605
2026-06-03 14:12:16 [INFO] Epoch: 32 [25600/100000 (26%)]	 Training Loss: 0.197 ACC: 94.67 CR: 0.95 Avg R1: 1.06 Avg R2: 10.76 Avg Reward: 11.825072
2026-06-03 14:12:33 [INFO] Epoch: 32 [38400/100000 (38%)]	 Training Loss: 0.196 ACC: 94.74 CR: 0.96 Avg R1: 1.01 Avg R2: 10.81 Avg Reward: 11.812487
2026-06-03 14:12:52 [INFO] Epoch: 32 [51200/100000 (51%)]	 Training Loss: 0.197 ACC: 94.76 CR: 0.96 Avg R1: 0.95 Avg R2: 10.85 Avg Reward: 11.800888
2026-06-03 14:13:09 [INFO] Epoch: 32 [64000/100000 (64%)]	 Training Loss: 0.199 ACC: 94.68 CR: 0.97 Avg R1: 0.89 Avg R2: 10.90 Avg Reward: 11.791230
2026-06-03 14:13:26 [INFO] Epoch: 32 [76800/100000 (77%)]	 Training Loss: 0.198 ACC: 94.74 CR: 0.98 Avg R1: 0.83 Avg R2: 10.95 Avg Reward: 11.782540
2026-06-03 14:13:45 [INFO] Epoch: 32 [89600/100000 (90%)]	 Training Loss: 0.198 ACC: 94.79 CR: 0.98 Avg R1: 0.77 Avg R2: 11.01 Avg Reward: 11.776862
2026-06-03 14:14:00 [INFO] EPOCH:32, ======================CR:0.98828====================
2026-06-03 14:14:00 [INFO] 0.06298370872889542
2026-06-03 14:14:04 [INFO] EPOCH:32, ======================ACC:61.15====================
2026-06-03 14:14:04 [INFO] BEST EPOCH:31,BEST ACC:61.42
2026-06-03 14:14:23 [INFO] Epoch: 33 [12800/100000 (13%)]	 Training Loss: 0.175 ACC: 95.76 CR: 0.99 Avg R1: 0.23 Avg R2: 11.59 Avg Reward: 11.821028
2026-06-03 14:14:41 [INFO] Epoch: 33 [25600/100000 (26%)]	 Training Loss: 0.179 ACC: 95.64 CR: 0.99 Avg R1: 0.24 Avg R2: 11.58 Avg Reward: 11.820384
2026-06-03 14:14:58 [INFO] Epoch: 33 [38400/100000 (38%)]	 Training Loss: 0.179 ACC: 95.62 CR: 0.99 Avg R1: 0.24 Avg R2: 11.58 Avg Reward: 11.818514
2026-06-03 14:15:17 [INFO] Epoch: 33 [51200/100000 (51%)]	 Training Loss: 0.181 ACC: 95.51 CR: 0.99 Avg R1: 0.24 Avg R2: 11.58 Avg Reward: 11.816315
2026-06-03 14:15:34 [INFO] Epoch: 33 [64000/100000 (64%)]	 Training Loss: 0.181 ACC: 95.45 CR: 0.99 Avg R1: 0.24 Avg R2: 11.57 Avg Reward: 11.813384
2026-06-03 14:15:53 [INFO] Epoch: 33 [76800/100000 (77%)]	 Training Loss: 0.181 ACC: 95.42 CR: 0.99 Avg R1: 0.24 Avg R2: 11.57 Avg Reward: 11.811724
2026-06-03 14:16:10 [INFO] Epoch: 33 [89600/100000 (90%)]	 Training Loss: 0.180 ACC: 95.46 CR: 0.99 Avg R1: 0.24 Avg R2: 11.57 Avg Reward: 11.810114
2026-06-03 14:16:25 [INFO] EPOCH:33, ======================CR:0.9887====================
2026-06-03 14:16:25 [INFO] 0.06267685018736925
2026-06-03 14:16:29 [INFO] EPOCH:33, ======================ACC:61.34====================
2026-06-03 14:16:29 [INFO] BEST EPOCH:31,BEST ACC:61.42
2026-06-03 14:16:48 [INFO] Epoch: 34 [12800/100000 (13%)]	 Training Loss: 0.174 ACC: 95.93 CR: 0.99 Avg R1: 0.22 Avg R2: 11.68 Avg Reward: 11.895933
2026-06-03 14:17:06 [INFO] Epoch: 34 [25600/100000 (26%)]	 Training Loss: 0.175 ACC: 95.97 CR: 0.99 Avg R1: 0.21 Avg R2: 11.72 Avg Reward: 11.924150
2026-06-03 14:17:24 [INFO] Epoch: 34 [38400/100000 (38%)]	 Training Loss: 0.175 ACC: 96.03 CR: 0.99 Avg R1: 0.19 Avg R2: 11.76 Avg Reward: 11.957051
2026-06-03 14:17:42 [INFO] Epoch: 34 [51200/100000 (51%)]	 Training Loss: 0.175 ACC: 96.05 CR: 0.99 Avg R1: 0.18 Avg R2: 11.81 Avg Reward: 11.991375
2026-06-03 14:17:59 [INFO] Epoch: 34 [64000/100000 (64%)]	 Training Loss: 0.175 ACC: 96.01 CR: 1.00 Avg R1: 0.17 Avg R2: 11.86 Avg Reward: 12.025530
2026-06-03 14:18:18 [INFO] Epoch: 34 [76800/100000 (77%)]	 Training Loss: 0.176 ACC: 95.95 CR: 1.00 Avg R1: 0.15 Avg R2: 11.91 Avg Reward: 12.058604
2026-06-03 14:18:36 [INFO] Epoch: 34 [89600/100000 (90%)]	 Training Loss: 0.175 ACC: 95.96 CR: 1.00 Avg R1: 0.14 Avg R2: 11.95 Avg Reward: 12.090460
2026-06-03 14:18:51 [INFO] EPOCH:34, ======================CR:0.99933====================
2026-06-03 14:18:51 [INFO] 0.06252559789002604
2026-06-03 14:18:54 [INFO] EPOCH:34, ======================ACC:61.25====================
2026-06-03 14:18:54 [INFO] BEST EPOCH:31,BEST ACC:61.42
2026-06-03 14:19:14 [INFO] Epoch: 35 [12800/100000 (13%)]	 Training Loss: 0.161 ACC: 96.37 CR: 1.00 Avg R1: 0.01 Avg R2: 12.40 Avg Reward: 12.412182
2026-06-03 14:19:31 [INFO] Epoch: 35 [25600/100000 (26%)]	 Training Loss: 0.162 ACC: 96.50 CR: 1.00 Avg R1: 0.01 Avg R2: 12.40 Avg Reward: 12.417325
2026-06-03 14:19:49 [INFO] Epoch: 35 [38400/100000 (38%)]	 Training Loss: 0.162 ACC: 96.45 CR: 1.00 Avg R1: 0.01 Avg R2: 12.41 Avg Reward: 12.424265
2026-06-03 14:20:08 [INFO] Epoch: 35 [51200/100000 (51%)]	 Training Loss: 0.163 ACC: 96.43 CR: 1.00 Avg R1: 0.01 Avg R2: 12.42 Avg Reward: 12.432038
2026-06-03 14:20:25 [INFO] Epoch: 35 [64000/100000 (64%)]	 Training Loss: 0.163 ACC: 96.39 CR: 1.00 Avg R1: 0.01 Avg R2: 12.43 Avg Reward: 12.439407
2026-06-03 14:20:45 [INFO] Epoch: 35 [76800/100000 (77%)]	 Training Loss: 0.164 ACC: 96.34 CR: 1.00 Avg R1: 0.01 Avg R2: 12.44 Avg Reward: 12.446672
2026-06-03 14:21:02 [INFO] Epoch: 35 [89600/100000 (90%)]	 Training Loss: 0.164 ACC: 96.36 CR: 1.00 Avg R1: 0.01 Avg R2: 12.44 Avg Reward: 12.454713
2026-06-03 14:21:17 [INFO] EPOCH:35, ======================CR:0.9998====================
2026-06-03 14:21:17 [INFO] 0.05793493234738578
2026-06-03 14:21:22 [INFO] EPOCH:35, ======================ACC:61.47====================
2026-06-03 14:21:22 [INFO] BEST EPOCH:35,BEST ACC:61.47
2026-06-03 14:21:40 [INFO] Epoch: 36 [12800/100000 (13%)]	 Training Loss: 0.152 ACC: 96.76 CR: 1.00 Avg R1: 0.00 Avg R2: 12.61 Avg Reward: 12.611023
2026-06-03 14:22:00 [INFO] Epoch: 36 [25600/100000 (26%)]	 Training Loss: 0.153 ACC: 96.70 CR: 1.00 Avg R1: 0.00 Avg R2: 12.62 Avg Reward: 12.624609
2026-06-03 14:22:17 [INFO] Epoch: 36 [38400/100000 (38%)]	 Training Loss: 0.152 ACC: 96.76 CR: 1.00 Avg R1: 0.00 Avg R2: 12.63 Avg Reward: 12.637419
2026-06-03 14:22:36 [INFO] Epoch: 36 [51200/100000 (51%)]	 Training Loss: 0.153 ACC: 96.77 CR: 1.00 Avg R1: 0.00 Avg R2: 12.65 Avg Reward: 12.649357
2026-06-03 14:22:53 [INFO] Epoch: 36 [64000/100000 (64%)]	 Training Loss: 0.154 ACC: 96.71 CR: 1.00 Avg R1: 0.00 Avg R2: 12.66 Avg Reward: 12.661351
2026-06-03 14:23:10 [INFO] Epoch: 36 [76800/100000 (77%)]	 Training Loss: 0.155 ACC: 96.68 CR: 1.00 Avg R1: 0.00 Avg R2: 12.67 Avg Reward: 12.673452
2026-06-03 14:23:30 [INFO] Epoch: 36 [89600/100000 (90%)]	 Training Loss: 0.155 ACC: 96.66 CR: 1.00 Avg R1: 0.00 Avg R2: 12.68 Avg Reward: 12.686492
2026-06-03 14:23:44 [INFO] EPOCH:36, ======================CR:0.99998====================
2026-06-03 14:23:44 [INFO] 0.05812918667384592
2026-06-03 14:23:49 [INFO] EPOCH:36, ======================ACC:61.41====================
2026-06-03 14:23:49 [INFO] BEST EPOCH:35,BEST ACC:61.47
2026-06-03 14:24:07 [INFO] Epoch: 37 [12800/100000 (13%)]	 Training Loss: 0.135 ACC: 97.45 CR: 1.00 Avg R1: 0.00 Avg R2: 12.88 Avg Reward: 12.876566
2026-06-03 14:24:26 [INFO] Epoch: 37 [25600/100000 (26%)]	 Training Loss: 0.138 ACC: 97.20 CR: 1.00 Avg R1: 0.00 Avg R2: 12.88 Avg Reward: 12.875609
2026-06-03 14:24:43 [INFO] Epoch: 37 [38400/100000 (38%)]	 Training Loss: 0.138 ACC: 97.19 CR: 1.00 Avg R1: 0.00 Avg R2: 12.87 Avg Reward: 12.875147
2026-06-03 14:25:01 [INFO] Epoch: 37 [51200/100000 (51%)]	 Training Loss: 0.140 ACC: 97.15 CR: 1.00 Avg R1: 0.00 Avg R2: 12.87 Avg Reward: 12.874508
2026-06-03 14:25:19 [INFO] Epoch: 37 [64000/100000 (64%)]	 Training Loss: 0.142 ACC: 97.08 CR: 1.00 Avg R1: 0.00 Avg R2: 12.87 Avg Reward: 12.874100
2026-06-03 14:25:37 [INFO] Epoch: 37 [76800/100000 (77%)]	 Training Loss: 0.142 ACC: 97.05 CR: 1.00 Avg R1: 0.00 Avg R2: 12.87 Avg Reward: 12.873559
2026-06-03 14:25:55 [INFO] Epoch: 37 [89600/100000 (90%)]	 Training Loss: 0.143 ACC: 97.05 CR: 1.00 Avg R1: 0.00 Avg R2: 12.87 Avg Reward: 12.872672
2026-06-03 14:26:09 [INFO] EPOCH:37, ======================CR:0.99998====================
2026-06-03 14:26:09 [INFO] 0.0559417546904459
2026-06-03 14:26:14 [INFO] EPOCH:37, ======================ACC:61.42====================
2026-06-03 14:26:14 [INFO] BEST EPOCH:35,BEST ACC:61.47
2026-06-03 14:26:32 [INFO] Epoch: 38 [12800/100000 (13%)]	 Training Loss: 0.137 ACC: 97.15 CR: 1.00 Avg R1: 0.00 Avg R2: 12.94 Avg Reward: 12.940775
2026-06-03 14:26:51 [INFO] Epoch: 38 [25600/100000 (26%)]	 Training Loss: 0.135 ACC: 97.26 CR: 1.00 Avg R1: 0.00 Avg R2: 12.95 Avg Reward: 12.949670
2026-06-03 14:27:08 [INFO] Epoch: 38 [38400/100000 (38%)]	 Training Loss: 0.135 ACC: 97.20 CR: 1.00 Avg R1: 0.00 Avg R2: 12.96 Avg Reward: 12.959224
2026-06-03 14:27:27 [INFO] Epoch: 38 [51200/100000 (51%)]	 Training Loss: 0.136 ACC: 97.20 CR: 1.00 Avg R1: 0.00 Avg R2: 12.97 Avg Reward: 12.968970
2026-06-03 14:27:42 [INFO] Epoch: 38 [64000/100000 (64%)]	 Training Loss: 0.135 ACC: 97.20 CR: 1.00 Avg R1: 0.00 Avg R2: 12.98 Avg Reward: 12.978814
2026-06-03 14:27:52 [INFO] Epoch: 38 [76800/100000 (77%)]	 Training Loss: 0.135 ACC: 97.24 CR: 1.00 Avg R1: 0.00 Avg R2: 12.99 Avg Reward: 12.988921
2026-06-03 14:28:09 [INFO] Epoch: 38 [89600/100000 (90%)]	 Training Loss: 0.136 ACC: 97.24 CR: 1.00 Avg R1: 0.00 Avg R2: 13.00 Avg Reward: 12.999647
2026-06-03 14:28:18 [INFO] EPOCH:38, ======================CR:1.0====================
2026-06-03 14:28:18 [INFO] 0.05630542673870816
2026-06-03 14:28:21 [INFO] EPOCH:38, ======================ACC:61.21====================
2026-06-03 14:28:21 [INFO] BEST EPOCH:35,BEST ACC:61.47
2026-06-03 14:28:33 [INFO] Epoch: 39 [12800/100000 (13%)]	 Training Loss: 0.132 ACC: 97.43 CR: 1.00 Avg R1: 0.00 Avg R2: 13.16 Avg Reward: 13.158420
2026-06-03 14:28:44 [INFO] Epoch: 39 [25600/100000 (26%)]	 Training Loss: 0.131 ACC: 97.50 CR: 1.00 Avg R1: 0.00 Avg R2: 13.16 Avg Reward: 13.159255
2026-06-03 14:28:55 [INFO] Epoch: 39 [38400/100000 (38%)]	 Training Loss: 0.128 ACC: 97.57 CR: 1.00 Avg R1: 0.00 Avg R2: 13.16 Avg Reward: 13.160108
2026-06-03 14:29:06 [INFO] Epoch: 39 [51200/100000 (51%)]	 Training Loss: 0.128 ACC: 97.53 CR: 1.00 Avg R1: 0.00 Avg R2: 13.16 Avg Reward: 13.161083
2026-06-03 14:29:17 [INFO] Epoch: 39 [64000/100000 (64%)]	 Training Loss: 0.128 ACC: 97.48 CR: 1.00 Avg R1: 0.00 Avg R2: 13.16 Avg Reward: 13.162188
2026-06-03 14:29:28 [INFO] Epoch: 39 [76800/100000 (77%)]	 Training Loss: 0.129 ACC: 97.45 CR: 1.00 Avg R1: 0.00 Avg R2: 13.16 Avg Reward: 13.162908
2026-06-03 14:29:39 [INFO] Epoch: 39 [89600/100000 (90%)]	 Training Loss: 0.129 ACC: 97.44 CR: 1.00 Avg R1: 0.00 Avg R2: 13.16 Avg Reward: 13.163266
2026-06-03 14:29:47 [INFO] EPOCH:39, ======================CR:0.99999====================
2026-06-03 14:29:47 [INFO] 0.060429549697114095
2026-06-03 14:29:50 [INFO] EPOCH:39, ======================ACC:61.51====================
2026-06-03 14:29:50 [INFO] BEST EPOCH:39,BEST ACC:61.51
2026-06-03 14:30:06 [INFO] Epoch: 40 [12800/100000 (13%)]	 Training Loss: 0.121 ACC: 97.62 CR: 1.00 Avg R1: 0.00 Avg R2: 13.23 Avg Reward: 13.227401
2026-06-03 14:30:27 [INFO] Epoch: 40 [25600/100000 (26%)]	 Training Loss: 0.120 ACC: 97.72 CR: 1.00 Avg R1: 0.00 Avg R2: 13.23 Avg Reward: 13.229380
2026-06-03 14:30:50 [INFO] Epoch: 40 [38400/100000 (38%)]	 Training Loss: 0.120 ACC: 97.71 CR: 1.00 Avg R1: 0.00 Avg R2: 13.23 Avg Reward: 13.231185
2026-06-03 14:31:12 [INFO] Epoch: 40 [51200/100000 (51%)]	 Training Loss: 0.121 ACC: 97.71 CR: 1.00 Avg R1: 0.00 Avg R2: 13.23 Avg Reward: 13.232470
2026-06-03 14:31:35 [INFO] Epoch: 40 [64000/100000 (64%)]	 Training Loss: 0.122 ACC: 97.68 CR: 1.00 Avg R1: 0.00 Avg R2: 13.23 Avg Reward: 13.233387
2026-06-03 14:31:53 [INFO] Epoch: 40 [76800/100000 (77%)]	 Training Loss: 0.123 ACC: 97.67 CR: 1.00 Avg R1: 0.00 Avg R2: 13.23 Avg Reward: 13.234494
2026-06-03 14:32:06 [INFO] Epoch: 40 [89600/100000 (90%)]	 Training Loss: 0.122 ACC: 97.67 CR: 1.00 Avg R1: 0.00 Avg R2: 13.24 Avg Reward: 13.235276
2026-06-03 14:32:16 [INFO] EPOCH:40, ======================CR:1.0====================
2026-06-03 14:32:16 [INFO] 0.053313906421783984
2026-06-03 14:32:19 [INFO] EPOCH:40, ======================ACC:61.37====================
2026-06-03 14:32:19 [INFO] BEST EPOCH:39,BEST ACC:61.51
2026-06-03 14:32:30 [INFO] Epoch: 41 [12800/100000 (13%)]	 Training Loss: 0.111 ACC: 98.09 CR: 1.00 Avg R1: 0.00 Avg R2: 13.30 Avg Reward: 13.297849
2026-06-03 14:32:46 [INFO] Epoch: 41 [25600/100000 (26%)]	 Training Loss: 0.113 ACC: 97.96 CR: 1.00 Avg R1: 0.00 Avg R2: 13.30 Avg Reward: 13.301091
2026-06-03 14:32:58 [INFO] Epoch: 41 [38400/100000 (38%)]	 Training Loss: 0.115 ACC: 97.85 CR: 1.00 Avg R1: 0.00 Avg R2: 13.31 Avg Reward: 13.305484
2026-06-03 14:33:09 [INFO] Epoch: 41 [51200/100000 (51%)]	 Training Loss: 0.115 ACC: 97.83 CR: 1.00 Avg R1: 0.00 Avg R2: 13.31 Avg Reward: 13.310225
2026-06-03 14:33:20 [INFO] Epoch: 41 [64000/100000 (64%)]	 Training Loss: 0.115 ACC: 97.85 CR: 1.00 Avg R1: 0.00 Avg R2: 13.32 Avg Reward: 13.315170
2026-06-03 14:33:31 [INFO] Epoch: 41 [76800/100000 (77%)]	 Training Loss: 0.115 ACC: 97.83 CR: 1.00 Avg R1: 0.00 Avg R2: 13.32 Avg Reward: 13.320342
2026-06-03 14:33:42 [INFO] Epoch: 41 [89600/100000 (90%)]	 Training Loss: 0.115 ACC: 97.84 CR: 1.00 Avg R1: 0.00 Avg R2: 13.33 Avg Reward: 13.325812
2026-06-03 14:33:51 [INFO] EPOCH:41, ======================CR:1.0====================
2026-06-03 14:33:51 [INFO] 0.05434296393269978
2026-06-03 14:33:54 [INFO] EPOCH:41, ======================ACC:61.52====================
2026-06-03 14:33:54 [INFO] BEST EPOCH:41,BEST ACC:61.52
2026-06-03 14:34:05 [INFO] Epoch: 42 [12800/100000 (13%)]	 Training Loss: 0.109 ACC: 98.06 CR: 1.00 Avg R1: 0.00 Avg R2: 13.42 Avg Reward: 13.420288
2026-06-03 14:34:16 [INFO] Epoch: 42 [25600/100000 (26%)]	 Training Loss: 0.107 ACC: 98.10 CR: 1.00 Avg R1: 0.00 Avg R2: 13.42 Avg Reward: 13.421278
2026-06-03 14:34:26 [INFO] Epoch: 42 [38400/100000 (38%)]	 Training Loss: 0.107 ACC: 98.11 CR: 1.00 Avg R1: 0.00 Avg R2: 13.42 Avg Reward: 13.422732
2026-06-03 14:34:39 [INFO] Epoch: 42 [51200/100000 (51%)]	 Training Loss: 0.109 ACC: 98.04 CR: 1.00 Avg R1: 0.00 Avg R2: 13.42 Avg Reward: 13.423865
2026-06-03 14:35:00 [INFO] Epoch: 42 [64000/100000 (64%)]	 Training Loss: 0.110 ACC: 98.02 CR: 1.00 Avg R1: 0.00 Avg R2: 13.42 Avg Reward: 13.424299
2026-06-03 14:35:23 [INFO] Epoch: 42 [76800/100000 (77%)]	 Training Loss: 0.111 ACC: 97.95 CR: 1.00 Avg R1: 0.00 Avg R2: 13.42 Avg Reward: 13.424423
2026-06-03 14:35:45 [INFO] Epoch: 42 [89600/100000 (90%)]	 Training Loss: 0.110 ACC: 97.97 CR: 1.00 Avg R1: 0.00 Avg R2: 13.42 Avg Reward: 13.424672
2026-06-03 14:36:03 [INFO] EPOCH:42, ======================CR:1.0====================
2026-06-03 14:36:03 [INFO] 0.06038757428415319
2026-06-03 14:36:09 [INFO] EPOCH:42, ======================ACC:61.58====================
2026-06-03 14:36:09 [INFO] BEST EPOCH:42,BEST ACC:61.58
2026-06-03 14:36:30 [INFO] Epoch: 43 [12800/100000 (13%)]	 Training Loss: 0.100 ACC: 98.49 CR: 1.00 Avg R1: 0.00 Avg R2: 13.47 Avg Reward: 13.474907
2026-06-03 14:36:48 [INFO] Epoch: 43 [25600/100000 (26%)]	 Training Loss: 0.102 ACC: 98.36 CR: 1.00 Avg R1: 0.00 Avg R2: 13.48 Avg Reward: 13.475955
2026-06-03 14:37:06 [INFO] Epoch: 43 [38400/100000 (38%)]	 Training Loss: 0.102 ACC: 98.32 CR: 1.00 Avg R1: 0.00 Avg R2: 13.48 Avg Reward: 13.477355
2026-06-03 14:37:22 [INFO] Epoch: 43 [51200/100000 (51%)]	 Training Loss: 0.103 ACC: 98.29 CR: 1.00 Avg R1: 0.00 Avg R2: 13.48 Avg Reward: 13.479146
2026-06-03 14:37:40 [INFO] Epoch: 43 [64000/100000 (64%)]	 Training Loss: 0.103 ACC: 98.30 CR: 1.00 Avg R1: 0.00 Avg R2: 13.48 Avg Reward: 13.481159
2026-06-03 14:37:58 [INFO] Epoch: 43 [76800/100000 (77%)]	 Training Loss: 0.103 ACC: 98.26 CR: 1.00 Avg R1: 0.00 Avg R2: 13.48 Avg Reward: 13.482904
2026-06-03 14:38:15 [INFO] Epoch: 43 [89600/100000 (90%)]	 Training Loss: 0.103 ACC: 98.26 CR: 1.00 Avg R1: 0.00 Avg R2: 13.48 Avg Reward: 13.483961
2026-06-03 14:38:29 [INFO] EPOCH:43, ======================CR:1.0====================
2026-06-03 14:38:29 [INFO] 0.049918657565833864
2026-06-03 14:38:34 [INFO] EPOCH:43, ======================ACC:61.81====================
2026-06-03 14:38:34 [INFO] BEST EPOCH:43,BEST ACC:61.81
2026-06-03 14:38:52 [INFO] Epoch: 44 [12800/100000 (13%)]	 Training Loss: 0.098 ACC: 98.40 CR: 1.00 Avg R1: 0.00 Avg R2: 13.53 Avg Reward: 13.531179
2026-06-03 14:39:09 [INFO] Epoch: 44 [25600/100000 (26%)]	 Training Loss: 0.096 ACC: 98.46 CR: 1.00 Avg R1: 0.00 Avg R2: 13.53 Avg Reward: 13.526197
2026-06-03 14:39:26 [INFO] Epoch: 44 [38400/100000 (38%)]	 Training Loss: 0.098 ACC: 98.40 CR: 1.00 Avg R1: 0.00 Avg R2: 13.52 Avg Reward: 13.520355
2026-06-03 14:39:44 [INFO] Epoch: 44 [51200/100000 (51%)]	 Training Loss: 0.098 ACC: 98.38 CR: 1.00 Avg R1: 0.00 Avg R2: 13.51 Avg Reward: 13.514234
2026-06-03 14:40:02 [INFO] Epoch: 44 [64000/100000 (64%)]	 Training Loss: 0.098 ACC: 98.34 CR: 1.00 Avg R1: 0.00 Avg R2: 13.51 Avg Reward: 13.507224
2026-06-03 14:40:19 [INFO] Epoch: 44 [76800/100000 (77%)]	 Training Loss: 0.099 ACC: 98.29 CR: 1.00 Avg R1: 0.00 Avg R2: 13.50 Avg Reward: 13.499400
2026-06-03 14:40:36 [INFO] Epoch: 44 [89600/100000 (90%)]	 Training Loss: 0.099 ACC: 98.27 CR: 1.00 Avg R1: 0.00 Avg R2: 13.49 Avg Reward: 13.490684
2026-06-03 14:40:52 [INFO] EPOCH:44, ======================CR:0.99999====================
2026-06-03 14:40:52 [INFO] 0.04747583858925753
2026-06-03 14:40:56 [INFO] EPOCH:44, ======================ACC:61.33====================
2026-06-03 14:40:56 [INFO] BEST EPOCH:43,BEST ACC:61.81
2026-06-03 14:41:14 [INFO] Epoch: 45 [12800/100000 (13%)]	 Training Loss: 0.090 ACC: 98.48 CR: 1.00 Avg R1: 0.00 Avg R2: 13.45 Avg Reward: 13.449436
2026-06-03 14:41:31 [INFO] Epoch: 45 [25600/100000 (26%)]	 Training Loss: 0.091 ACC: 98.53 CR: 1.00 Avg R1: 0.00 Avg R2: 13.44 Avg Reward: 13.443335
2026-06-03 14:41:50 [INFO] Epoch: 45 [38400/100000 (38%)]	 Training Loss: 0.091 ACC: 98.54 CR: 1.00 Avg R1: 0.00 Avg R2: 13.44 Avg Reward: 13.436964
2026-06-03 14:42:07 [INFO] Epoch: 45 [51200/100000 (51%)]	 Training Loss: 0.091 ACC: 98.50 CR: 1.00 Avg R1: 0.00 Avg R2: 13.43 Avg Reward: 13.430470
2026-06-03 14:42:24 [INFO] Epoch: 45 [64000/100000 (64%)]	 Training Loss: 0.092 ACC: 98.43 CR: 1.00 Avg R1: 0.00 Avg R2: 13.42 Avg Reward: 13.423551
2026-06-03 14:42:41 [INFO] Epoch: 45 [76800/100000 (77%)]	 Training Loss: 0.093 ACC: 98.43 CR: 1.00 Avg R1: 0.00 Avg R2: 13.42 Avg Reward: 13.416617
2026-06-03 14:42:58 [INFO] Epoch: 45 [89600/100000 (90%)]	 Training Loss: 0.093 ACC: 98.41 CR: 1.00 Avg R1: 0.00 Avg R2: 13.41 Avg Reward: 13.409841
2026-06-03 14:43:13 [INFO] EPOCH:45, ======================CR:1.0====================
2026-06-03 14:43:13 [INFO] 0.04260403514184306
2026-06-03 14:43:17 [INFO] EPOCH:45, ======================ACC:61.25====================
2026-06-03 14:43:17 [INFO] BEST EPOCH:43,BEST ACC:61.81
2026-06-03 14:43:36 [INFO] Epoch: 46 [12800/100000 (13%)]	 Training Loss: 0.085 ACC: 98.59 CR: 1.00 Avg R1: 0.00 Avg R2: 13.38 Avg Reward: 13.378819
2026-06-03 14:43:53 [INFO] Epoch: 46 [25600/100000 (26%)]	 Training Loss: 0.086 ACC: 98.58 CR: 1.00 Avg R1: 0.00 Avg R2: 13.37 Avg Reward: 13.369021
2026-06-03 14:44:09 [INFO] Epoch: 46 [38400/100000 (38%)]	 Training Loss: 0.087 ACC: 98.57 CR: 1.00 Avg R1: 0.00 Avg R2: 13.36 Avg Reward: 13.358244
2026-06-03 14:44:28 [INFO] Epoch: 46 [51200/100000 (51%)]	 Training Loss: 0.087 ACC: 98.54 CR: 1.00 Avg R1: 0.00 Avg R2: 13.35 Avg Reward: 13.346677
2026-06-03 14:44:45 [INFO] Epoch: 46 [64000/100000 (64%)]	 Training Loss: 0.086 ACC: 98.55 CR: 1.00 Avg R1: 0.00 Avg R2: 13.33 Avg Reward: 13.334285
2026-06-03 14:45:02 [INFO] Epoch: 46 [76800/100000 (77%)]	 Training Loss: 0.086 ACC: 98.54 CR: 1.00 Avg R1: 0.00 Avg R2: 13.32 Avg Reward: 13.319017
2026-06-03 14:45:18 [INFO] Epoch: 46 [89600/100000 (90%)]	 Training Loss: 0.086 ACC: 98.54 CR: 1.00 Avg R1: 0.00 Avg R2: 13.30 Avg Reward: 13.300657
2026-06-03 14:45:33 [INFO] EPOCH:46, ======================CR:0.99973====================
2026-06-03 14:45:33 [INFO] 0.045318276792553625
2026-06-03 14:45:37 [INFO] EPOCH:46, ======================ACC:61.27====================
2026-06-03 14:45:37 [INFO] BEST EPOCH:43,BEST ACC:61.81
2026-06-03 14:45:56 [INFO] Epoch: 47 [12800/100000 (13%)]	 Training Loss: 0.079 ACC: 98.62 CR: 1.00 Avg R1: 0.01 Avg R2: 13.14 Avg Reward: 13.148083
2026-06-03 14:46:13 [INFO] Epoch: 47 [25600/100000 (26%)]	 Training Loss: 0.079 ACC: 98.62 CR: 1.00 Avg R1: 0.01 Avg R2: 13.13 Avg Reward: 13.132552
2026-06-03 14:46:30 [INFO] Epoch: 47 [38400/100000 (38%)]	 Training Loss: 0.081 ACC: 98.62 CR: 1.00 Avg R1: 0.01 Avg R2: 13.11 Avg Reward: 13.116126
2026-06-03 14:46:47 [INFO] Epoch: 47 [51200/100000 (51%)]	 Training Loss: 0.080 ACC: 98.63 CR: 1.00 Avg R1: 0.01 Avg R2: 13.09 Avg Reward: 13.099764
2026-06-03 14:47:06 [INFO] Epoch: 47 [64000/100000 (64%)]	 Training Loss: 0.081 ACC: 98.60 CR: 1.00 Avg R1: 0.01 Avg R2: 13.07 Avg Reward: 13.082644
2026-06-03 14:47:23 [INFO] Epoch: 47 [76800/100000 (77%)]	 Training Loss: 0.081 ACC: 98.58 CR: 1.00 Avg R1: 0.01 Avg R2: 13.05 Avg Reward: 13.061273
2026-06-03 14:47:41 [INFO] Epoch: 47 [89600/100000 (90%)]	 Training Loss: 0.081 ACC: 98.59 CR: 1.00 Avg R1: 0.02 Avg R2: 13.02 Avg Reward: 13.037410
2026-06-03 14:47:54 [INFO] EPOCH:47, ======================CR:0.99787====================
2026-06-03 14:47:54 [INFO] 0.04511852242814743
2026-06-03 14:48:00 [INFO] EPOCH:47, ======================ACC:61.3====================
2026-06-03 14:48:00 [INFO] BEST EPOCH:43,BEST ACC:61.81
2026-06-03 14:48:18 [INFO] Epoch: 48 [12800/100000 (13%)]	 Training Loss: 0.075 ACC: 98.76 CR: 1.00 Avg R1: 0.04 Avg R2: 12.82 Avg Reward: 12.860355
2026-06-03 14:48:35 [INFO] Epoch: 48 [25600/100000 (26%)]	 Training Loss: 0.076 ACC: 98.72 CR: 1.00 Avg R1: 0.04 Avg R2: 12.81 Avg Reward: 12.854964
2026-06-03 14:48:52 [INFO] Epoch: 48 [38400/100000 (38%)]	 Training Loss: 0.078 ACC: 98.68 CR: 1.00 Avg R1: 0.04 Avg R2: 12.81 Avg Reward: 12.851751
2026-06-03 14:49:10 [INFO] Epoch: 48 [51200/100000 (51%)]	 Training Loss: 0.079 ACC: 98.65 CR: 1.00 Avg R1: 0.04 Avg R2: 12.81 Avg Reward: 12.853223
2026-06-03 14:49:28 [INFO] Epoch: 48 [64000/100000 (64%)]	 Training Loss: 0.079 ACC: 98.66 CR: 1.00 Avg R1: 0.04 Avg R2: 12.82 Avg Reward: 12.859631
2026-06-03 14:49:45 [INFO] Epoch: 48 [76800/100000 (77%)]	 Training Loss: 0.080 ACC: 98.65 CR: 1.00 Avg R1: 0.04 Avg R2: 12.83 Avg Reward: 12.870539
2026-06-03 14:50:02 [INFO] Epoch: 48 [89600/100000 (90%)]	 Training Loss: 0.080 ACC: 98.67 CR: 1.00 Avg R1: 0.03 Avg R2: 12.85 Avg Reward: 12.884595
2026-06-03 14:50:18 [INFO] EPOCH:48, ======================CR:0.9992====================
2026-06-03 14:50:18 [INFO] 0.042114311583208795
2026-06-03 14:50:21 [INFO] EPOCH:48, ======================ACC:61.41====================
2026-06-03 14:50:21 [INFO] BEST EPOCH:43,BEST ACC:61.81
2026-06-03 14:50:39 [INFO] Epoch: 49 [12800/100000 (13%)]	 Training Loss: 0.075 ACC: 98.81 CR: 1.00 Avg R1: 0.02 Avg R2: 13.09 Avg Reward: 13.103104
2026-06-03 14:50:57 [INFO] Epoch: 49 [25600/100000 (26%)]	 Training Loss: 0.077 ACC: 98.75 CR: 1.00 Avg R1: 0.01 Avg R2: 13.11 Avg Reward: 13.121744
2026-06-03 14:51:14 [INFO] Epoch: 49 [38400/100000 (38%)]	 Training Loss: 0.078 ACC: 98.76 CR: 1.00 Avg R1: 0.01 Avg R2: 13.13 Avg Reward: 13.141289
2026-06-03 14:51:32 [INFO] Epoch: 49 [51200/100000 (51%)]	 Training Loss: 0.078 ACC: 98.73 CR: 1.00 Avg R1: 0.01 Avg R2: 13.15 Avg Reward: 13.161224
2026-06-03 14:51:49 [INFO] Epoch: 49 [64000/100000 (64%)]	 Training Loss: 0.079 ACC: 98.74 CR: 1.00 Avg R1: 0.01 Avg R2: 13.17 Avg Reward: 13.181492
2026-06-03 14:52:06 [INFO] Epoch: 49 [76800/100000 (77%)]	 Training Loss: 0.079 ACC: 98.72 CR: 1.00 Avg R1: 0.01 Avg R2: 13.19 Avg Reward: 13.202306
2026-06-03 14:52:24 [INFO] Epoch: 49 [89600/100000 (90%)]	 Training Loss: 0.080 ACC: 98.70 CR: 1.00 Avg R1: 0.01 Avg R2: 13.22 Avg Reward: 13.224845
2026-06-03 14:52:38 [INFO] EPOCH:49, ======================CR:0.99998====================
2026-06-03 14:52:38 [INFO] 0.04594369142581616
2026-06-03 14:52:43 [INFO] EPOCH:49, ======================ACC:61.23====================
2026-06-03 14:52:43 [INFO] BEST EPOCH:43,BEST ACC:61.81
2026-06-03 14:53:01 [INFO] Epoch: 50 [12800/100000 (13%)]	 Training Loss: 0.076 ACC: 98.77 CR: 1.00 Avg R1: 0.00 Avg R2: 13.48 Avg Reward: 13.481911
2026-06-03 14:53:18 [INFO] Epoch: 50 [25600/100000 (26%)]	 Training Loss: 0.077 ACC: 98.72 CR: 1.00 Avg R1: 0.00 Avg R2: 13.49 Avg Reward: 13.492619
2026-06-03 14:53:35 [INFO] Epoch: 50 [38400/100000 (38%)]	 Training Loss: 0.077 ACC: 98.71 CR: 1.00 Avg R1: 0.00 Avg R2: 13.50 Avg Reward: 13.502616
2026-06-03 14:53:53 [INFO] Epoch: 50 [51200/100000 (51%)]	 Training Loss: 0.078 ACC: 98.73 CR: 1.00 Avg R1: 0.00 Avg R2: 13.51 Avg Reward: 13.511798
2026-06-03 14:54:11 [INFO] Epoch: 50 [64000/100000 (64%)]	 Training Loss: 0.078 ACC: 98.74 CR: 1.00 Avg R1: 0.00 Avg R2: 13.52 Avg Reward: 13.521704
2026-06-03 14:54:28 [INFO] Epoch: 50 [76800/100000 (77%)]	 Training Loss: 0.078 ACC: 98.72 CR: 1.00 Avg R1: 0.00 Avg R2: 13.53 Avg Reward: 13.532215
2026-06-03 14:54:45 [INFO] Epoch: 50 [89600/100000 (90%)]	 Training Loss: 0.079 ACC: 98.73 CR: 1.00 Avg R1: 0.00 Avg R2: 13.54 Avg Reward: 13.543433
2026-06-03 14:55:00 [INFO] EPOCH:50, ======================CR:1.0====================
2026-06-03 14:55:00 [INFO] 0.044235617519477265
2026-06-03 14:55:04 [INFO] EPOCH:50, ======================ACC:61.53====================
2026-06-03 14:55:04 [INFO] BEST EPOCH:43,BEST ACC:61.81
2026-06-03 14:55:22 [INFO] Epoch: 51 [12800/100000 (13%)]	 Training Loss: 0.075 ACC: 98.79 CR: 1.00 Avg R1: 0.00 Avg R2: 13.67 Avg Reward: 13.674267
2026-06-03 14:55:40 [INFO] Epoch: 51 [25600/100000 (26%)]	 Training Loss: 0.075 ACC: 98.84 CR: 1.00 Avg R1: 0.00 Avg R2: 13.68 Avg Reward: 13.677906
2026-06-03 14:55:57 [INFO] Epoch: 51 [38400/100000 (38%)]	 Training Loss: 0.074 ACC: 98.88 CR: 1.00 Avg R1: 0.00 Avg R2: 13.68 Avg Reward: 13.681340
2026-06-03 14:56:16 [INFO] Epoch: 51 [51200/100000 (51%)]	 Training Loss: 0.074 ACC: 98.88 CR: 1.00 Avg R1: 0.00 Avg R2: 13.68 Avg Reward: 13.683660
2026-06-03 14:56:33 [INFO] Epoch: 51 [64000/100000 (64%)]	 Training Loss: 0.075 ACC: 98.87 CR: 1.00 Avg R1: 0.00 Avg R2: 13.69 Avg Reward: 13.685390
2026-06-03 14:56:50 [INFO] Epoch: 51 [76800/100000 (77%)]	 Training Loss: 0.075 ACC: 98.86 CR: 1.00 Avg R1: 0.00 Avg R2: 13.69 Avg Reward: 13.687257
2026-06-03 14:57:07 [INFO] Epoch: 51 [89600/100000 (90%)]	 Training Loss: 0.075 ACC: 98.84 CR: 1.00 Avg R1: 0.00 Avg R2: 13.69 Avg Reward: 13.688908
2026-06-03 14:57:22 [INFO] EPOCH:51, ======================CR:1.0====================
2026-06-03 14:57:22 [INFO] 0.04618183251363016
2026-06-03 14:57:26 [INFO] EPOCH:51, ======================ACC:61.27====================
2026-06-03 14:57:26 [INFO] BEST EPOCH:43,BEST ACC:61.81
2026-06-03 14:57:44 [INFO] Epoch: 52 [12800/100000 (13%)]	 Training Loss: 0.076 ACC: 98.74 CR: 1.00 Avg R1: 0.00 Avg R2: 13.73 Avg Reward: 13.732392
2026-06-03 14:58:02 [INFO] Epoch: 52 [25600/100000 (26%)]	 Training Loss: 0.074 ACC: 98.86 CR: 1.00 Avg R1: 0.00 Avg R2: 13.73 Avg Reward: 13.730798
2026-06-03 14:58:18 [INFO] Epoch: 52 [38400/100000 (38%)]	 Training Loss: 0.073 ACC: 98.87 CR: 1.00 Avg R1: 0.00 Avg R2: 13.73 Avg Reward: 13.729078
2026-06-03 14:58:35 [INFO] Epoch: 52 [51200/100000 (51%)]	 Training Loss: 0.072 ACC: 98.93 CR: 1.00 Avg R1: 0.00 Avg R2: 13.73 Avg Reward: 13.727176
2026-06-03 14:58:52 [INFO] Epoch: 52 [64000/100000 (64%)]	 Training Loss: 0.073 ACC: 98.90 CR: 1.00 Avg R1: 0.00 Avg R2: 13.73 Avg Reward: 13.725063
2026-06-03 14:59:10 [INFO] Epoch: 52 [76800/100000 (77%)]	 Training Loss: 0.073 ACC: 98.90 CR: 1.00 Avg R1: 0.00 Avg R2: 13.72 Avg Reward: 13.723391
2026-06-03 14:59:28 [INFO] Epoch: 52 [89600/100000 (90%)]	 Training Loss: 0.073 ACC: 98.90 CR: 1.00 Avg R1: 0.00 Avg R2: 13.72 Avg Reward: 13.721847
2026-06-03 14:59:42 [INFO] EPOCH:52, ======================CR:1.0====================
2026-06-03 14:59:42 [INFO] 0.04462692885720327
2026-06-03 14:59:47 [INFO] EPOCH:52, ======================ACC:61.35====================
2026-06-03 14:59:47 [INFO] BEST EPOCH:43,BEST ACC:61.81
2026-06-03 15:00:05 [INFO] Epoch: 53 [12800/100000 (13%)]	 Training Loss: 0.070 ACC: 98.96 CR: 1.00 Avg R1: 0.00 Avg R2: 13.75 Avg Reward: 13.745198
2026-06-03 15:00:22 [INFO] Epoch: 53 [25600/100000 (26%)]	 Training Loss: 0.070 ACC: 98.98 CR: 1.00 Avg R1: 0.00 Avg R2: 13.75 Avg Reward: 13.748982
2026-06-03 15:00:39 [INFO] Epoch: 53 [38400/100000 (38%)]	 Training Loss: 0.070 ACC: 98.98 CR: 1.00 Avg R1: 0.00 Avg R2: 13.75 Avg Reward: 13.752818
2026-06-03 15:00:57 [INFO] Epoch: 53 [51200/100000 (51%)]	 Training Loss: 0.071 ACC: 98.97 CR: 1.00 Avg R1: 0.00 Avg R2: 13.76 Avg Reward: 13.756377
2026-06-03 15:01:15 [INFO] Epoch: 53 [64000/100000 (64%)]	 Training Loss: 0.071 ACC: 98.96 CR: 1.00 Avg R1: 0.00 Avg R2: 13.76 Avg Reward: 13.759408
2026-06-03 15:01:32 [INFO] Epoch: 53 [76800/100000 (77%)]	 Training Loss: 0.071 ACC: 98.96 CR: 1.00 Avg R1: 0.00 Avg R2: 13.76 Avg Reward: 13.761621
2026-06-03 15:01:49 [INFO] Epoch: 53 [89600/100000 (90%)]	 Training Loss: 0.071 ACC: 98.97 CR: 1.00 Avg R1: 0.00 Avg R2: 13.76 Avg Reward: 13.762861
2026-06-03 15:02:04 [INFO] EPOCH:53, ======================CR:1.0====================
2026-06-03 15:02:04 [INFO] 0.0419789568044965
2026-06-03 15:02:09 [INFO] EPOCH:53, ======================ACC:61.28====================
2026-06-03 15:02:09 [INFO] BEST EPOCH:43,BEST ACC:61.81
2026-06-03 15:02:25 [INFO] Epoch: 54 [12800/100000 (13%)]	 Training Loss: 0.068 ACC: 98.93 CR: 1.00 Avg R1: 0.00 Avg R2: 13.78 Avg Reward: 13.779745
2026-06-03 15:02:40 [INFO] Epoch: 54 [25600/100000 (26%)]	 Training Loss: 0.065 ACC: 99.04 CR: 1.00 Avg R1: 0.00 Avg R2: 13.77 Avg Reward: 13.773195
2026-06-03 15:02:51 [INFO] Epoch: 54 [38400/100000 (38%)]	 Training Loss: 0.066 ACC: 98.99 CR: 1.00 Avg R1: 0.00 Avg R2: 13.77 Avg Reward: 13.765951
2026-06-03 15:03:02 [INFO] Epoch: 54 [51200/100000 (51%)]	 Training Loss: 0.067 ACC: 98.99 CR: 1.00 Avg R1: 0.00 Avg R2: 13.76 Avg Reward: 13.758190
2026-06-03 15:03:13 [INFO] Epoch: 54 [64000/100000 (64%)]	 Training Loss: 0.067 ACC: 99.00 CR: 1.00 Avg R1: 0.00 Avg R2: 13.75 Avg Reward: 13.750212
2026-06-03 15:03:24 [INFO] Epoch: 54 [76800/100000 (77%)]	 Training Loss: 0.068 ACC: 98.98 CR: 1.00 Avg R1: 0.00 Avg R2: 13.74 Avg Reward: 13.742027
2026-06-03 15:03:35 [INFO] Epoch: 54 [89600/100000 (90%)]	 Training Loss: 0.069 ACC: 98.95 CR: 1.00 Avg R1: 0.00 Avg R2: 13.73 Avg Reward: 13.733818
2026-06-03 15:03:44 [INFO] EPOCH:54, ======================CR:1.0====================
2026-06-03 15:03:44 [INFO] 0.04251410019928711
2026-06-03 15:03:47 [INFO] EPOCH:54, ======================ACC:61.47====================
2026-06-03 15:03:47 [INFO] BEST EPOCH:43,BEST ACC:61.81
2026-06-03 15:04:07 [INFO] Epoch: 55 [12800/100000 (13%)]	 Training Loss: 0.061 ACC: 99.13 CR: 1.00 Avg R1: 0.00 Avg R2: 13.68 Avg Reward: 13.681922
2026-06-03 15:04:29 [INFO] Epoch: 55 [25600/100000 (26%)]	 Training Loss: 0.063 ACC: 99.09 CR: 1.00 Avg R1: 0.00 Avg R2: 13.68 Avg Reward: 13.679296
2026-06-03 15:04:45 [INFO] Epoch: 55 [38400/100000 (38%)]	 Training Loss: 0.064 ACC: 99.05 CR: 1.00 Avg R1: 0.00 Avg R2: 13.68 Avg Reward: 13.676432
2026-06-03 15:04:58 [INFO] Epoch: 55 [51200/100000 (51%)]	 Training Loss: 0.064 ACC: 99.03 CR: 1.00 Avg R1: 0.00 Avg R2: 13.67 Avg Reward: 13.671290
2026-06-03 15:05:11 [INFO] Epoch: 55 [64000/100000 (64%)]	 Training Loss: 0.064 ACC: 99.03 CR: 1.00 Avg R1: 0.00 Avg R2: 13.66 Avg Reward: 13.664929
2026-06-03 15:05:26 [INFO] Epoch: 55 [76800/100000 (77%)]	 Training Loss: 0.064 ACC: 99.06 CR: 1.00 Avg R1: 0.00 Avg R2: 13.66 Avg Reward: 13.657332
2026-06-03 15:05:36 [INFO] Epoch: 55 [89600/100000 (90%)]	 Training Loss: 0.064 ACC: 99.05 CR: 1.00 Avg R1: 0.00 Avg R2: 13.65 Avg Reward: 13.648734
2026-06-03 15:05:45 [INFO] EPOCH:55, ======================CR:0.99999====================
2026-06-03 15:05:45 [INFO] 0.04389943454420469
2026-06-03 15:05:48 [INFO] EPOCH:55, ======================ACC:61.49====================
2026-06-03 15:05:48 [INFO] BEST EPOCH:43,BEST ACC:61.81
2026-06-03 15:06:00 [INFO] Epoch: 56 [12800/100000 (13%)]	 Training Loss: 0.062 ACC: 99.20 CR: 1.00 Avg R1: 0.00 Avg R2: 13.58 Avg Reward: 13.581667
2026-06-03 15:06:11 [INFO] Epoch: 56 [25600/100000 (26%)]	 Training Loss: 0.062 ACC: 99.15 CR: 1.00 Avg R1: 0.00 Avg R2: 13.58 Avg Reward: 13.579275
2026-06-03 15:06:22 [INFO] Epoch: 56 [38400/100000 (38%)]	 Training Loss: 0.062 ACC: 99.12 CR: 1.00 Avg R1: 0.00 Avg R2: 13.58 Avg Reward: 13.577388
2026-06-03 15:06:33 [INFO] Epoch: 56 [51200/100000 (51%)]	 Training Loss: 0.063 ACC: 99.10 CR: 1.00 Avg R1: 0.00 Avg R2: 13.58 Avg Reward: 13.576922
2026-06-03 15:06:49 [INFO] Epoch: 56 [64000/100000 (64%)]	 Training Loss: 0.064 ACC: 99.05 CR: 1.00 Avg R1: 0.00 Avg R2: 13.58 Avg Reward: 13.577576
2026-06-03 15:07:10 [INFO] Epoch: 56 [76800/100000 (77%)]	 Training Loss: 0.064 ACC: 99.07 CR: 1.00 Avg R1: 0.00 Avg R2: 13.58 Avg Reward: 13.578539
2026-06-03 15:07:30 [INFO] Epoch: 56 [89600/100000 (90%)]	 Training Loss: 0.064 ACC: 99.07 CR: 1.00 Avg R1: 0.00 Avg R2: 13.58 Avg Reward: 13.580224
2026-06-03 15:07:45 [INFO] EPOCH:56, ======================CR:0.99998====================
2026-06-03 15:07:45 [INFO] 0.04674547433237324
2026-06-03 15:07:49 [INFO] EPOCH:56, ======================ACC:61.59====================
2026-06-03 15:07:49 [INFO] BEST EPOCH:43,BEST ACC:61.81
2026-06-03 15:08:09 [INFO] Epoch: 57 [12800/100000 (13%)]	 Training Loss: 0.059 ACC: 99.12 CR: 1.00 Avg R1: 0.00 Avg R2: 13.63 Avg Reward: 13.626052
2026-06-03 15:08:26 [INFO] Epoch: 57 [25600/100000 (26%)]	 Training Loss: 0.060 ACC: 99.09 CR: 1.00 Avg R1: 0.00 Avg R2: 13.63 Avg Reward: 13.627042
2026-06-03 15:08:43 [INFO] Epoch: 57 [38400/100000 (38%)]	 Training Loss: 0.060 ACC: 99.08 CR: 1.00 Avg R1: 0.00 Avg R2: 13.63 Avg Reward: 13.628136
2026-06-03 15:09:02 [INFO] Epoch: 57 [51200/100000 (51%)]	 Training Loss: 0.061 ACC: 99.08 CR: 1.00 Avg R1: 0.00 Avg R2: 13.63 Avg Reward: 13.627487
2026-06-03 15:09:20 [INFO] Epoch: 57 [64000/100000 (64%)]	 Training Loss: 0.061 ACC: 99.06 CR: 1.00 Avg R1: 0.00 Avg R2: 13.63 Avg Reward: 13.625792
2026-06-03 15:09:39 [INFO] Epoch: 57 [76800/100000 (77%)]	 Training Loss: 0.061 ACC: 99.06 CR: 1.00 Avg R1: 0.00 Avg R2: 13.62 Avg Reward: 13.623580
2026-06-03 15:09:56 [INFO] Epoch: 57 [89600/100000 (90%)]	 Training Loss: 0.061 ACC: 99.06 CR: 1.00 Avg R1: 0.00 Avg R2: 13.62 Avg Reward: 13.621650
2026-06-03 15:10:11 [INFO] EPOCH:57, ======================CR:0.99997====================
2026-06-03 15:10:11 [INFO] 0.03740292658170889
2026-06-03 15:10:15 [INFO] EPOCH:57, ======================ACC:61.19====================
2026-06-03 15:10:15 [INFO] BEST EPOCH:43,BEST ACC:61.81
2026-06-03 15:10:35 [INFO] Epoch: 58 [12800/100000 (13%)]	 Training Loss: 0.056 ACC: 99.08 CR: 1.00 Avg R1: 0.00 Avg R2: 13.63 Avg Reward: 13.626121
2026-06-03 15:10:53 [INFO] Epoch: 58 [25600/100000 (26%)]	 Training Loss: 0.057 ACC: 99.12 CR: 1.00 Avg R1: 0.00 Avg R2: 13.62 Avg Reward: 13.622322
2026-06-03 15:11:12 [INFO] Epoch: 58 [38400/100000 (38%)]	 Training Loss: 0.058 ACC: 99.09 CR: 1.00 Avg R1: 0.00 Avg R2: 13.62 Avg Reward: 13.617898
2026-06-03 15:11:30 [INFO] Epoch: 58 [51200/100000 (51%)]	 Training Loss: 0.058 ACC: 99.13 CR: 1.00 Avg R1: 0.00 Avg R2: 13.61 Avg Reward: 13.613322
2026-06-03 15:11:48 [INFO] Epoch: 58 [64000/100000 (64%)]	 Training Loss: 0.059 ACC: 99.10 CR: 1.00 Avg R1: 0.00 Avg R2: 13.61 Avg Reward: 13.609340
2026-06-03 15:12:06 [INFO] Epoch: 58 [76800/100000 (77%)]	 Training Loss: 0.060 ACC: 99.07 CR: 1.00 Avg R1: 0.00 Avg R2: 13.60 Avg Reward: 13.603869
2026-06-03 15:12:25 [INFO] Epoch: 58 [89600/100000 (90%)]	 Training Loss: 0.060 ACC: 99.08 CR: 1.00 Avg R1: 0.00 Avg R2: 13.60 Avg Reward: 13.596879
2026-06-03 15:12:39 [INFO] EPOCH:58, ======================CR:0.99996====================
2026-06-03 15:12:39 [INFO] 0.04204252299336451
2026-06-03 15:12:44 [INFO] EPOCH:58, ======================ACC:61.5====================
2026-06-03 15:12:44 [INFO] BEST EPOCH:43,BEST ACC:61.81
2026-06-03 15:13:02 [INFO] Epoch: 59 [12800/100000 (13%)]	 Training Loss: 0.057 ACC: 99.12 CR: 1.00 Avg R1: 0.00 Avg R2: 13.55 Avg Reward: 13.554791
2026-06-03 15:13:21 [INFO] Epoch: 59 [25600/100000 (26%)]	 Training Loss: 0.057 ACC: 99.16 CR: 1.00 Avg R1: 0.00 Avg R2: 13.55 Avg Reward: 13.552822
2026-06-03 15:13:39 [INFO] Epoch: 59 [38400/100000 (38%)]	 Training Loss: 0.057 ACC: 99.16 CR: 1.00 Avg R1: 0.00 Avg R2: 13.55 Avg Reward: 13.550817
2026-06-03 15:13:58 [INFO] Epoch: 59 [51200/100000 (51%)]	 Training Loss: 0.058 ACC: 99.13 CR: 1.00 Avg R1: 0.00 Avg R2: 13.55 Avg Reward: 13.547516
2026-06-03 15:14:15 [INFO] Epoch: 59 [64000/100000 (64%)]	 Training Loss: 0.058 ACC: 99.12 CR: 1.00 Avg R1: 0.00 Avg R2: 13.54 Avg Reward: 13.541806
2026-06-03 15:14:32 [INFO] Epoch: 59 [76800/100000 (77%)]	 Training Loss: 0.059 ACC: 99.11 CR: 1.00 Avg R1: 0.00 Avg R2: 13.53 Avg Reward: 13.534880
2026-06-03 15:14:51 [INFO] Epoch: 59 [89600/100000 (90%)]	 Training Loss: 0.058 ACC: 99.13 CR: 1.00 Avg R1: 0.00 Avg R2: 13.53 Avg Reward: 13.526799
2026-06-03 15:15:07 [INFO] EPOCH:59, ======================CR:0.9999====================
2026-06-03 15:15:07 [INFO] 0.038270893082711706
2026-06-03 15:15:10 [INFO] EPOCH:59, ======================ACC:61.36====================
2026-06-03 15:15:10 [INFO] BEST EPOCH:43,BEST ACC:61.81
2026-06-03 15:15:31 [INFO] Epoch: 60 [12800/100000 (13%)]	 Training Loss: 0.054 ACC: 99.28 CR: 1.00 Avg R1: 0.00 Avg R2: 13.47 Avg Reward: 13.467517
2026-06-03 15:15:48 [INFO] Epoch: 60 [25600/100000 (26%)]	 Training Loss: 0.053 ACC: 99.23 CR: 1.00 Avg R1: 0.00 Avg R2: 13.46 Avg Reward: 13.465823
2026-06-03 15:16:05 [INFO] Epoch: 60 [38400/100000 (38%)]	 Training Loss: 0.054 ACC: 99.20 CR: 1.00 Avg R1: 0.00 Avg R2: 13.46 Avg Reward: 13.463488
2026-06-03 15:16:24 [INFO] Epoch: 60 [51200/100000 (51%)]	 Training Loss: 0.054 ACC: 99.24 CR: 1.00 Avg R1: 0.00 Avg R2: 13.46 Avg Reward: 13.462048
2026-06-03 15:16:42 [INFO] Epoch: 60 [64000/100000 (64%)]	 Training Loss: 0.054 ACC: 99.23 CR: 1.00 Avg R1: 0.00 Avg R2: 13.46 Avg Reward: 13.462379
2026-06-03 15:17:00 [INFO] Epoch: 60 [76800/100000 (77%)]	 Training Loss: 0.054 ACC: 99.23 CR: 1.00 Avg R1: 0.00 Avg R2: 13.46 Avg Reward: 13.461602
2026-06-03 15:17:17 [INFO] Epoch: 60 [89600/100000 (90%)]	 Training Loss: 0.054 ACC: 99.23 CR: 1.00 Avg R1: 0.00 Avg R2: 13.46 Avg Reward: 13.459387
2026-06-03 15:17:32 [INFO] EPOCH:60, ======================CR:0.99979====================
2026-06-03 15:17:32 [INFO] 0.035239647765911424
2026-06-03 15:17:37 [INFO] EPOCH:60, ======================ACC:61.62====================
2026-06-03 15:17:37 [INFO] BEST EPOCH:43,BEST ACC:61.81
2026-06-03 15:17:56 [INFO] Epoch: 61 [12800/100000 (13%)]	 Training Loss: 0.053 ACC: 99.27 CR: 1.00 Avg R1: 0.00 Avg R2: 13.43 Avg Reward: 13.430372
2026-06-03 15:18:15 [INFO] Epoch: 61 [25600/100000 (26%)]	 Training Loss: 0.051 ACC: 99.33 CR: 1.00 Avg R1: 0.00 Avg R2: 13.42 Avg Reward: 13.428984
2026-06-03 15:18:32 [INFO] Epoch: 61 [38400/100000 (38%)]	 Training Loss: 0.052 ACC: 99.28 CR: 1.00 Avg R1: 0.00 Avg R2: 13.42 Avg Reward: 13.427407
2026-06-03 15:18:49 [INFO] Epoch: 61 [51200/100000 (51%)]	 Training Loss: 0.052 ACC: 99.25 CR: 1.00 Avg R1: 0.00 Avg R2: 13.42 Avg Reward: 13.423577
2026-06-03 15:19:09 [INFO] Epoch: 61 [64000/100000 (64%)]	 Training Loss: 0.052 ACC: 99.28 CR: 1.00 Avg R1: 0.00 Avg R2: 13.41 Avg Reward: 13.417192
2026-06-03 15:19:27 [INFO] Epoch: 61 [76800/100000 (77%)]	 Training Loss: 0.052 ACC: 99.30 CR: 1.00 Avg R1: 0.01 Avg R2: 13.40 Avg Reward: 13.407939
2026-06-03 15:19:45 [INFO] Epoch: 61 [89600/100000 (90%)]	 Training Loss: 0.051 ACC: 99.31 CR: 1.00 Avg R1: 0.01 Avg R2: 13.39 Avg Reward: 13.393788
2026-06-03 15:19:59 [INFO] EPOCH:61, ======================CR:0.99856====================
2026-06-03 15:19:59 [INFO] 0.03810051256831282
2026-06-03 15:20:04 [INFO] EPOCH:61, ======================ACC:61.49====================
2026-06-03 15:20:04 [INFO] BEST EPOCH:43,BEST ACC:61.81
2026-06-03 15:20:23 [INFO] Epoch: 62 [12800/100000 (13%)]	 Training Loss: 0.050 ACC: 99.28 CR: 1.00 Avg R1: 0.03 Avg R2: 13.15 Avg Reward: 13.185040
2026-06-03 15:20:41 [INFO] Epoch: 62 [25600/100000 (26%)]	 Training Loss: 0.049 ACC: 99.34 CR: 1.00 Avg R1: 0.04 Avg R2: 13.12 Avg Reward: 13.163306
2026-06-03 15:21:00 [INFO] Epoch: 62 [38400/100000 (38%)]	 Training Loss: 0.048 ACC: 99.39 CR: 1.00 Avg R1: 0.04 Avg R2: 13.10 Avg Reward: 13.141584
2026-06-03 15:21:17 [INFO] Epoch: 62 [51200/100000 (51%)]	 Training Loss: 0.048 ACC: 99.36 CR: 1.00 Avg R1: 0.05 Avg R2: 13.07 Avg Reward: 13.117968
2026-06-03 15:21:34 [INFO] Epoch: 62 [64000/100000 (64%)]	 Training Loss: 0.048 ACC: 99.38 CR: 1.00 Avg R1: 0.05 Avg R2: 13.04 Avg Reward: 13.094415
2026-06-03 15:21:54 [INFO] Epoch: 62 [76800/100000 (77%)]	 Training Loss: 0.048 ACC: 99.38 CR: 1.00 Avg R1: 0.06 Avg R2: 13.01 Avg Reward: 13.071540
2026-06-03 15:22:11 [INFO] Epoch: 62 [89600/100000 (90%)]	 Training Loss: 0.048 ACC: 99.37 CR: 1.00 Avg R1: 0.06 Avg R2: 12.99 Avg Reward: 13.051502
2026-06-03 15:22:26 [INFO] EPOCH:62, ======================CR:0.99581====================
2026-06-03 15:22:26 [INFO] 0.045639408779896036
2026-06-03 15:22:31 [INFO] EPOCH:62, ======================ACC:61.58====================
2026-06-03 15:22:31 [INFO] BEST EPOCH:43,BEST ACC:61.81
2026-06-03 15:22:50 [INFO] Epoch: 63 [12800/100000 (13%)]	 Training Loss: 0.047 ACC: 99.38 CR: 1.00 Avg R1: 0.08 Avg R2: 12.84 Avg Reward: 12.923621
2026-06-03 15:23:07 [INFO] Epoch: 63 [25600/100000 (26%)]	 Training Loss: 0.048 ACC: 99.37 CR: 1.00 Avg R1: 0.08 Avg R2: 12.85 Avg Reward: 12.929449
2026-06-03 15:23:26 [INFO] Epoch: 63 [38400/100000 (38%)]	 Training Loss: 0.049 ACC: 99.30 CR: 1.00 Avg R1: 0.07 Avg R2: 12.87 Avg Reward: 12.938924
2026-06-03 15:23:44 [INFO] Epoch: 63 [51200/100000 (51%)]	 Training Loss: 0.049 ACC: 99.30 CR: 1.00 Avg R1: 0.07 Avg R2: 12.88 Avg Reward: 12.949703
2026-06-03 15:24:02 [INFO] Epoch: 63 [64000/100000 (64%)]	 Training Loss: 0.050 ACC: 99.28 CR: 1.00 Avg R1: 0.07 Avg R2: 12.89 Avg Reward: 12.960175
2026-06-03 15:24:19 [INFO] Epoch: 63 [76800/100000 (77%)]	 Training Loss: 0.050 ACC: 99.30 CR: 1.00 Avg R1: 0.06 Avg R2: 12.91 Avg Reward: 12.970843
2026-06-03 15:24:38 [INFO] Epoch: 63 [89600/100000 (90%)]	 Training Loss: 0.050 ACC: 99.31 CR: 1.00 Avg R1: 0.06 Avg R2: 12.92 Avg Reward: 12.983168
2026-06-03 15:24:53 [INFO] EPOCH:63, ======================CR:0.99884====================
2026-06-03 15:24:53 [INFO] 0.04521955658191775
2026-06-03 15:24:57 [INFO] EPOCH:63, ======================ACC:61.65====================
2026-06-03 15:24:57 [INFO] BEST EPOCH:43,BEST ACC:61.81
2026-06-03 15:25:16 [INFO] Epoch: 64 [12800/100000 (13%)]	 Training Loss: 0.048 ACC: 99.38 CR: 1.00 Avg R1: 0.02 Avg R2: 13.11 Avg Reward: 13.128974
2026-06-03 15:25:33 [INFO] Epoch: 64 [25600/100000 (26%)]	 Training Loss: 0.050 ACC: 99.35 CR: 1.00 Avg R1: 0.02 Avg R2: 13.12 Avg Reward: 13.139477
2026-06-03 15:25:51 [INFO] Epoch: 64 [38400/100000 (38%)]	 Training Loss: 0.049 ACC: 99.36 CR: 1.00 Avg R1: 0.02 Avg R2: 13.13 Avg Reward: 13.150751
2026-06-03 15:26:09 [INFO] Epoch: 64 [51200/100000 (51%)]	 Training Loss: 0.049 ACC: 99.37 CR: 1.00 Avg R1: 0.02 Avg R2: 13.14 Avg Reward: 13.161249
2026-06-03 15:26:28 [INFO] Epoch: 64 [64000/100000 (64%)]	 Training Loss: 0.049 ACC: 99.37 CR: 1.00 Avg R1: 0.02 Avg R2: 13.15 Avg Reward: 13.168690
2026-06-03 15:26:46 [INFO] Epoch: 64 [76800/100000 (77%)]	 Training Loss: 0.050 ACC: 99.36 CR: 1.00 Avg R1: 0.02 Avg R2: 13.16 Avg Reward: 13.174892
2026-06-03 15:27:03 [INFO] Epoch: 64 [89600/100000 (90%)]	 Training Loss: 0.049 ACC: 99.37 CR: 1.00 Avg R1: 0.02 Avg R2: 13.17 Avg Reward: 13.181479
2026-06-03 15:27:18 [INFO] EPOCH:64, ======================CR:0.99948====================
2026-06-03 15:27:18 [INFO] 0.04008626070446279
2026-06-03 15:27:24 [INFO] EPOCH:64, ======================ACC:61.57====================
2026-06-03 15:27:24 [INFO] BEST EPOCH:43,BEST ACC:61.81
2026-06-03 15:27:42 [INFO] Epoch: 65 [12800/100000 (13%)]	 Training Loss: 0.049 ACC: 99.24 CR: 1.00 Avg R1: 0.01 Avg R2: 13.24 Avg Reward: 13.249540
2026-06-03 15:28:01 [INFO] Epoch: 65 [25600/100000 (26%)]	 Training Loss: 0.048 ACC: 99.34 CR: 1.00 Avg R1: 0.01 Avg R2: 13.24 Avg Reward: 13.252071
2026-06-03 15:28:18 [INFO] Epoch: 65 [38400/100000 (38%)]	 Training Loss: 0.050 ACC: 99.29 CR: 1.00 Avg R1: 0.01 Avg R2: 13.25 Avg Reward: 13.255760
2026-06-03 15:28:36 [INFO] Epoch: 65 [51200/100000 (51%)]	 Training Loss: 0.050 ACC: 99.28 CR: 1.00 Avg R1: 0.01 Avg R2: 13.25 Avg Reward: 13.259184
2026-06-03 15:28:54 [INFO] Epoch: 65 [64000/100000 (64%)]	 Training Loss: 0.050 ACC: 99.29 CR: 1.00 Avg R1: 0.01 Avg R2: 13.25 Avg Reward: 13.262032
2026-06-03 15:29:13 [INFO] Epoch: 65 [76800/100000 (77%)]	 Training Loss: 0.050 ACC: 99.30 CR: 1.00 Avg R1: 0.01 Avg R2: 13.26 Avg Reward: 13.265527
2026-06-03 15:29:31 [INFO] Epoch: 65 [89600/100000 (90%)]	 Training Loss: 0.050 ACC: 99.31 CR: 1.00 Avg R1: 0.01 Avg R2: 13.26 Avg Reward: 13.270262
2026-06-03 15:29:46 [INFO] EPOCH:65, ======================CR:0.99962====================
2026-06-03 15:29:46 [INFO] 0.04266702191345963
2026-06-03 15:29:51 [INFO] EPOCH:65, ======================ACC:61.57====================
2026-06-03 15:29:51 [INFO] BEST EPOCH:43,BEST ACC:61.81
2026-06-03 15:30:10 [INFO] Epoch: 66 [12800/100000 (13%)]	 Training Loss: 0.050 ACC: 99.27 CR: 1.00 Avg R1: 0.01 Avg R2: 13.29 Avg Reward: 13.299232
2026-06-03 15:30:29 [INFO] Epoch: 66 [25600/100000 (26%)]	 Training Loss: 0.049 ACC: 99.30 CR: 1.00 Avg R1: 0.01 Avg R2: 13.29 Avg Reward: 13.298723
2026-06-03 15:30:47 [INFO] Epoch: 66 [38400/100000 (38%)]	 Training Loss: 0.049 ACC: 99.34 CR: 1.00 Avg R1: 0.01 Avg R2: 13.29 Avg Reward: 13.299511
2026-06-03 15:31:06 [INFO] Epoch: 66 [51200/100000 (51%)]	 Training Loss: 0.049 ACC: 99.35 CR: 1.00 Avg R1: 0.01 Avg R2: 13.29 Avg Reward: 13.299860
2026-06-03 15:31:23 [INFO] Epoch: 66 [64000/100000 (64%)]	 Training Loss: 0.049 ACC: 99.35 CR: 1.00 Avg R1: 0.01 Avg R2: 13.29 Avg Reward: 13.300276
2026-06-03 15:31:42 [INFO] Epoch: 66 [76800/100000 (77%)]	 Training Loss: 0.049 ACC: 99.34 CR: 1.00 Avg R1: 0.01 Avg R2: 13.29 Avg Reward: 13.301398
2026-06-03 15:31:59 [INFO] Epoch: 66 [89600/100000 (90%)]	 Training Loss: 0.049 ACC: 99.34 CR: 1.00 Avg R1: 0.01 Avg R2: 13.30 Avg Reward: 13.303141
2026-06-03 15:32:14 [INFO] EPOCH:66, ======================CR:0.9996====================
2026-06-03 15:32:14 [INFO] 0.04256180817338745
2026-06-03 15:32:20 [INFO] EPOCH:66, ======================ACC:61.7====================
2026-06-03 15:32:20 [INFO] BEST EPOCH:43,BEST ACC:61.81
2026-06-03 15:32:38 [INFO] Epoch: 67 [12800/100000 (13%)]	 Training Loss: 0.052 ACC: 99.26 CR: 1.00 Avg R1: 0.01 Avg R2: 13.32 Avg Reward: 13.323570
2026-06-03 15:32:56 [INFO] Epoch: 67 [25600/100000 (26%)]	 Training Loss: 0.051 ACC: 99.28 CR: 1.00 Avg R1: 0.01 Avg R2: 13.32 Avg Reward: 13.324758
2026-06-03 15:33:15 [INFO] Epoch: 67 [38400/100000 (38%)]	 Training Loss: 0.050 ACC: 99.34 CR: 1.00 Avg R1: 0.01 Avg R2: 13.32 Avg Reward: 13.326238
2026-06-03 15:33:32 [INFO] Epoch: 67 [51200/100000 (51%)]	 Training Loss: 0.049 ACC: 99.35 CR: 1.00 Avg R1: 0.01 Avg R2: 13.32 Avg Reward: 13.327640
2026-06-03 15:33:52 [INFO] Epoch: 67 [64000/100000 (64%)]	 Training Loss: 0.050 ACC: 99.34 CR: 1.00 Avg R1: 0.01 Avg R2: 13.32 Avg Reward: 13.328648
2026-06-03 15:34:09 [INFO] Epoch: 67 [76800/100000 (77%)]	 Training Loss: 0.050 ACC: 99.33 CR: 1.00 Avg R1: 0.01 Avg R2: 13.32 Avg Reward: 13.329389
2026-06-03 15:34:27 [INFO] Epoch: 67 [89600/100000 (90%)]	 Training Loss: 0.050 ACC: 99.34 CR: 1.00 Avg R1: 0.01 Avg R2: 13.32 Avg Reward: 13.330206
2026-06-03 15:34:42 [INFO] EPOCH:67, ======================CR:0.99968====================
2026-06-03 15:34:42 [INFO] 0.043618395462422244
2026-06-03 15:34:47 [INFO] EPOCH:67, ======================ACC:61.63====================
2026-06-03 15:34:47 [INFO] BEST EPOCH:43,BEST ACC:61.81
2026-06-03 15:35:06 [INFO] Epoch: 68 [12800/100000 (13%)]	 Training Loss: 0.048 ACC: 99.42 CR: 1.00 Avg R1: 0.01 Avg R2: 13.32 Avg Reward: 13.329643
2026-06-03 15:35:25 [INFO] Epoch: 68 [25600/100000 (26%)]	 Training Loss: 0.050 ACC: 99.36 CR: 1.00 Avg R1: 0.01 Avg R2: 13.32 Avg Reward: 13.327004
2026-06-03 15:35:42 [INFO] Epoch: 68 [38400/100000 (38%)]	 Training Loss: 0.049 ACC: 99.36 CR: 1.00 Avg R1: 0.01 Avg R2: 13.32 Avg Reward: 13.323110
2026-06-03 15:36:00 [INFO] Epoch: 68 [51200/100000 (51%)]	 Training Loss: 0.049 ACC: 99.36 CR: 1.00 Avg R1: 0.01 Avg R2: 13.31 Avg Reward: 13.318537
2026-06-03 15:36:19 [INFO] Epoch: 68 [64000/100000 (64%)]	 Training Loss: 0.049 ACC: 99.39 CR: 1.00 Avg R1: 0.01 Avg R2: 13.30 Avg Reward: 13.312532
2026-06-03 15:36:37 [INFO] Epoch: 68 [76800/100000 (77%)]	 Training Loss: 0.049 ACC: 99.38 CR: 1.00 Avg R1: 0.01 Avg R2: 13.30 Avg Reward: 13.305543
2026-06-03 15:36:55 [INFO] Epoch: 68 [89600/100000 (90%)]	 Training Loss: 0.049 ACC: 99.36 CR: 1.00 Avg R1: 0.01 Avg R2: 13.29 Avg Reward: 13.297272
2026-06-03 15:37:09 [INFO] EPOCH:68, ======================CR:0.99917====================
2026-06-03 15:37:09 [INFO] 0.03911570479348184
2026-06-03 15:37:14 [INFO] EPOCH:68, ======================ACC:61.69====================
2026-06-03 15:37:14 [INFO] BEST EPOCH:43,BEST ACC:61.81
2026-06-03 15:37:33 [INFO] Epoch: 69 [12800/100000 (13%)]	 Training Loss: 0.048 ACC: 99.38 CR: 1.00 Avg R1: 0.02 Avg R2: 13.20 Avg Reward: 13.221565
2026-06-03 15:37:52 [INFO] Epoch: 69 [25600/100000 (26%)]	 Training Loss: 0.049 ACC: 99.34 CR: 1.00 Avg R1: 0.02 Avg R2: 13.20 Avg Reward: 13.214820
2026-06-03 15:38:10 [INFO] Epoch: 69 [38400/100000 (38%)]	 Training Loss: 0.049 ACC: 99.35 CR: 1.00 Avg R1: 0.02 Avg R2: 13.19 Avg Reward: 13.209054
2026-06-03 15:38:28 [INFO] Epoch: 69 [51200/100000 (51%)]	 Training Loss: 0.048 ACC: 99.36 CR: 1.00 Avg R1: 0.02 Avg R2: 13.18 Avg Reward: 13.202326
2026-06-03 15:38:44 [INFO] Epoch: 69 [64000/100000 (64%)]	 Training Loss: 0.048 ACC: 99.37 CR: 1.00 Avg R1: 0.02 Avg R2: 13.17 Avg Reward: 13.194906
2026-06-03 15:38:55 [INFO] Epoch: 69 [76800/100000 (77%)]	 Training Loss: 0.048 ACC: 99.37 CR: 1.00 Avg R1: 0.02 Avg R2: 13.16 Avg Reward: 13.186765
2026-06-03 15:39:10 [INFO] Epoch: 69 [89600/100000 (90%)]	 Training Loss: 0.048 ACC: 99.36 CR: 1.00 Avg R1: 0.02 Avg R2: 13.15 Avg Reward: 13.177399
2026-06-03 15:39:20 [INFO] EPOCH:69, ======================CR:0.99842====================
2026-06-03 15:39:20 [INFO] 0.05068671331903861
2026-06-03 15:39:23 [INFO] EPOCH:69, ======================ACC:61.67====================
2026-06-03 15:39:23 [INFO] BEST EPOCH:43,BEST ACC:61.81
2026-06-03 15:39:35 [INFO] Epoch: 70 [12800/100000 (13%)]	 Training Loss: 0.048 ACC: 99.35 CR: 1.00 Avg R1: 0.03 Avg R2: 13.07 Avg Reward: 13.106699
2026-06-03 15:39:46 [INFO] Epoch: 70 [25600/100000 (26%)]	 Training Loss: 0.048 ACC: 99.37 CR: 1.00 Avg R1: 0.03 Avg R2: 13.08 Avg Reward: 13.109283
2026-06-03 15:39:57 [INFO] Epoch: 70 [38400/100000 (38%)]	 Training Loss: 0.048 ACC: 99.36 CR: 1.00 Avg R1: 0.03 Avg R2: 13.08 Avg Reward: 13.112686
2026-06-03 15:40:08 [INFO] Epoch: 70 [51200/100000 (51%)]	 Training Loss: 0.048 ACC: 99.37 CR: 1.00 Avg R1: 0.03 Avg R2: 13.08 Avg Reward: 13.115482
2026-06-03 15:40:19 [INFO] Epoch: 70 [64000/100000 (64%)]	 Training Loss: 0.048 ACC: 99.39 CR: 1.00 Avg R1: 0.03 Avg R2: 13.09 Avg Reward: 13.119163
2026-06-03 15:40:31 [INFO] Epoch: 70 [76800/100000 (77%)]	 Training Loss: 0.048 ACC: 99.37 CR: 1.00 Avg R1: 0.03 Avg R2: 13.09 Avg Reward: 13.123153
2026-06-03 15:40:43 [INFO] Epoch: 70 [89600/100000 (90%)]	 Training Loss: 0.048 ACC: 99.36 CR: 1.00 Avg R1: 0.03 Avg R2: 13.10 Avg Reward: 13.126767
2026-06-03 15:40:52 [INFO] EPOCH:70, ======================CR:0.99885====================
2026-06-03 15:40:52 [INFO] 0.04446269252759824
2026-06-03 15:40:55 [INFO] EPOCH:70, ======================ACC:61.48====================
2026-06-03 15:40:55 [INFO] BEST EPOCH:43,BEST ACC:61.81
2026-06-03 15:41:06 [INFO] Epoch: 71 [12800/100000 (13%)]	 Training Loss: 0.049 ACC: 99.29 CR: 1.00 Avg R1: 0.02 Avg R2: 13.16 Avg Reward: 13.180950
2026-06-03 15:41:26 [INFO] Epoch: 71 [25600/100000 (26%)]	 Training Loss: 0.049 ACC: 99.37 CR: 1.00 Avg R1: 0.02 Avg R2: 13.17 Avg Reward: 13.188537
2026-06-03 15:41:47 [INFO] Epoch: 71 [38400/100000 (38%)]	 Training Loss: 0.049 ACC: 99.31 CR: 1.00 Avg R1: 0.02 Avg R2: 13.18 Avg Reward: 13.195870
2026-06-03 15:42:09 [INFO] Epoch: 71 [51200/100000 (51%)]	 Training Loss: 0.049 ACC: 99.32 CR: 1.00 Avg R1: 0.02 Avg R2: 13.18 Avg Reward: 13.202425
2026-06-03 15:42:32 [INFO] Epoch: 71 [64000/100000 (64%)]	 Training Loss: 0.049 ACC: 99.32 CR: 1.00 Avg R1: 0.02 Avg R2: 13.19 Avg Reward: 13.209084
2026-06-03 15:42:51 [INFO] Epoch: 71 [76800/100000 (77%)]	 Training Loss: 0.049 ACC: 99.33 CR: 1.00 Avg R1: 0.02 Avg R2: 13.20 Avg Reward: 13.217471
2026-06-03 15:43:04 [INFO] Epoch: 71 [89600/100000 (90%)]	 Training Loss: 0.049 ACC: 99.34 CR: 1.00 Avg R1: 0.02 Avg R2: 13.21 Avg Reward: 13.227453
2026-06-03 15:43:15 [INFO] EPOCH:71, ======================CR:0.99962====================
2026-06-03 15:43:15 [INFO] 0.04531969409870697
2026-06-03 15:43:19 [INFO] EPOCH:71, ======================ACC:61.44====================
2026-06-03 15:43:19 [INFO] BEST EPOCH:43,BEST ACC:61.81
2026-06-03 15:43:30 [INFO] Epoch: 72 [12800/100000 (13%)]	 Training Loss: 0.048 ACC: 99.41 CR: 1.00 Avg R1: 0.01 Avg R2: 13.33 Avg Reward: 13.340272
2026-06-03 15:43:40 [INFO] Epoch: 72 [25600/100000 (26%)]	 Training Loss: 0.050 ACC: 99.35 CR: 1.00 Avg R1: 0.01 Avg R2: 13.34 Avg Reward: 13.348260
2026-06-03 15:43:55 [INFO] Epoch: 72 [38400/100000 (38%)]	 Training Loss: 0.051 ACC: 99.32 CR: 1.00 Avg R1: 0.01 Avg R2: 13.35 Avg Reward: 13.358738
2026-06-03 15:44:08 [INFO] Epoch: 72 [51200/100000 (51%)]	 Training Loss: 0.051 ACC: 99.32 CR: 1.00 Avg R1: 0.01 Avg R2: 13.36 Avg Reward: 13.369152
2026-06-03 15:44:18 [INFO] Epoch: 72 [64000/100000 (64%)]	 Training Loss: 0.050 ACC: 99.32 CR: 1.00 Avg R1: 0.01 Avg R2: 13.37 Avg Reward: 13.379710
2026-06-03 15:44:29 [INFO] Epoch: 72 [76800/100000 (77%)]	 Training Loss: 0.050 ACC: 99.33 CR: 1.00 Avg R1: 0.01 Avg R2: 13.39 Avg Reward: 13.391177
2026-06-03 15:44:41 [INFO] Epoch: 72 [89600/100000 (90%)]	 Training Loss: 0.050 ACC: 99.34 CR: 1.00 Avg R1: 0.01 Avg R2: 13.40 Avg Reward: 13.403232
2026-06-03 15:44:50 [INFO] EPOCH:72, ======================CR:0.9999====================
2026-06-03 15:44:50 [INFO] 0.04248518209098962
2026-06-03 15:44:53 [INFO] EPOCH:72, ======================ACC:61.49====================
2026-06-03 15:44:53 [INFO] BEST EPOCH:43,BEST ACC:61.81
2026-06-03 15:45:05 [INFO] Epoch: 73 [12800/100000 (13%)]	 Training Loss: 0.049 ACC: 99.30 CR: 1.00 Avg R1: 0.00 Avg R2: 13.51 Avg Reward: 13.510780
2026-06-03 15:45:16 [INFO] Epoch: 73 [25600/100000 (26%)]	 Training Loss: 0.048 ACC: 99.38 CR: 1.00 Avg R1: 0.00 Avg R2: 13.51 Avg Reward: 13.508110
2026-06-03 15:45:27 [INFO] Epoch: 73 [38400/100000 (38%)]	 Training Loss: 0.049 ACC: 99.36 CR: 1.00 Avg R1: 0.00 Avg R2: 13.50 Avg Reward: 13.506665
2026-06-03 15:45:38 [INFO] Epoch: 73 [51200/100000 (51%)]	 Training Loss: 0.049 ACC: 99.35 CR: 1.00 Avg R1: 0.00 Avg R2: 13.50 Avg Reward: 13.505744
2026-06-03 15:45:48 [INFO] Epoch: 73 [64000/100000 (64%)]	 Training Loss: 0.048 ACC: 99.37 CR: 1.00 Avg R1: 0.00 Avg R2: 13.50 Avg Reward: 13.504387
2026-06-03 15:45:58 [INFO] Epoch: 73 [76800/100000 (77%)]	 Training Loss: 0.048 ACC: 99.37 CR: 1.00 Avg R1: 0.00 Avg R2: 13.50 Avg Reward: 13.502211
2026-06-03 15:46:16 [INFO] Epoch: 73 [89600/100000 (90%)]	 Training Loss: 0.048 ACC: 99.36 CR: 1.00 Avg R1: 0.00 Avg R2: 13.50 Avg Reward: 13.499857
2026-06-03 15:46:33 [INFO] EPOCH:73, ======================CR:0.99988====================
2026-06-03 15:46:33 [INFO] 0.03987040497540608
2026-06-03 15:46:39 [INFO] EPOCH:73, ======================ACC:61.44====================
2026-06-03 15:46:39 [INFO] BEST EPOCH:43,BEST ACC:61.81
2026-06-03 15:47:02 [INFO] Epoch: 74 [12800/100000 (13%)]	 Training Loss: 0.046 ACC: 99.54 CR: 1.00 Avg R1: 0.00 Avg R2: 13.48 Avg Reward: 13.484139
2026-06-03 15:47:24 [INFO] Epoch: 74 [25600/100000 (26%)]	 Training Loss: 0.047 ACC: 99.46 CR: 1.00 Avg R1: 0.00 Avg R2: 13.48 Avg Reward: 13.484505
2026-06-03 15:47:45 [INFO] Epoch: 74 [38400/100000 (38%)]	 Training Loss: 0.048 ACC: 99.45 CR: 1.00 Avg R1: 0.00 Avg R2: 13.48 Avg Reward: 13.484630
2026-06-03 15:48:02 [INFO] Epoch: 74 [51200/100000 (51%)]	 Training Loss: 0.047 ACC: 99.44 CR: 1.00 Avg R1: 0.00 Avg R2: 13.48 Avg Reward: 13.485053
2026-06-03 15:48:20 [INFO] Epoch: 74 [64000/100000 (64%)]	 Training Loss: 0.048 ACC: 99.43 CR: 1.00 Avg R1: 0.00 Avg R2: 13.48 Avg Reward: 13.485195
2026-06-03 15:48:37 [INFO] Epoch: 74 [76800/100000 (77%)]	 Training Loss: 0.048 ACC: 99.42 CR: 1.00 Avg R1: 0.00 Avg R2: 13.48 Avg Reward: 13.485530
2026-06-03 15:48:54 [INFO] Epoch: 74 [89600/100000 (90%)]	 Training Loss: 0.048 ACC: 99.42 CR: 1.00 Avg R1: 0.00 Avg R2: 13.48 Avg Reward: 13.485803
2026-06-03 15:49:09 [INFO] EPOCH:74, ======================CR:0.99982====================
2026-06-03 15:49:09 [INFO] 0.04373370016674913
2026-06-03 15:49:14 [INFO] EPOCH:74, ======================ACC:61.58====================
2026-06-03 15:49:14 [INFO] BEST EPOCH:43,BEST ACC:61.81
2026-06-03 15:49:33 [INFO] Epoch: 75 [12800/100000 (13%)]	 Training Loss: 0.047 ACC: 99.45 CR: 1.00 Avg R1: 0.00 Avg R2: 13.47 Avg Reward: 13.475079
2026-06-03 15:49:50 [INFO] Epoch: 75 [25600/100000 (26%)]	 Training Loss: 0.047 ACC: 99.46 CR: 1.00 Avg R1: 0.00 Avg R2: 13.47 Avg Reward: 13.471802
2026-06-03 15:50:08 [INFO] Epoch: 75 [38400/100000 (38%)]	 Training Loss: 0.047 ACC: 99.41 CR: 1.00 Avg R1: 0.00 Avg R2: 13.46 Avg Reward: 13.467735
2026-06-03 15:50:26 [INFO] Epoch: 75 [51200/100000 (51%)]	 Training Loss: 0.047 ACC: 99.40 CR: 1.00 Avg R1: 0.00 Avg R2: 13.46 Avg Reward: 13.462903
2026-06-03 15:50:43 [INFO] Epoch: 75 [64000/100000 (64%)]	 Training Loss: 0.047 ACC: 99.40 CR: 1.00 Avg R1: 0.00 Avg R2: 13.45 Avg Reward: 13.457174
2026-06-03 15:51:00 [INFO] Epoch: 75 [76800/100000 (77%)]	 Training Loss: 0.048 ACC: 99.42 CR: 1.00 Avg R1: 0.00 Avg R2: 13.45 Avg Reward: 13.452000
2026-06-03 15:51:19 [INFO] Epoch: 75 [89600/100000 (90%)]	 Training Loss: 0.048 ACC: 99.43 CR: 1.00 Avg R1: 0.00 Avg R2: 13.44 Avg Reward: 13.447284
2026-06-03 15:51:32 [INFO] EPOCH:75, ======================CR:0.99981====================
2026-06-03 15:51:32 [INFO] 0.04088926411130233
2026-06-03 15:51:38 [INFO] EPOCH:75, ======================ACC:61.78====================
2026-06-03 15:51:38 [INFO] BEST EPOCH:43,BEST ACC:61.81
2026-06-03 15:51:55 [INFO] Epoch: 76 [12800/100000 (13%)]	 Training Loss: 0.051 ACC: 99.28 CR: 1.00 Avg R1: 0.00 Avg R2: 13.40 Avg Reward: 13.407929
2026-06-03 15:52:13 [INFO] Epoch: 76 [25600/100000 (26%)]	 Training Loss: 0.050 ACC: 99.30 CR: 1.00 Avg R1: 0.00 Avg R2: 13.40 Avg Reward: 13.407766
2026-06-03 15:52:31 [INFO] Epoch: 76 [38400/100000 (38%)]	 Training Loss: 0.049 ACC: 99.32 CR: 1.00 Avg R1: 0.00 Avg R2: 13.40 Avg Reward: 13.406347
2026-06-03 15:52:48 [INFO] Epoch: 76 [51200/100000 (51%)]	 Training Loss: 0.049 ACC: 99.33 CR: 1.00 Avg R1: 0.00 Avg R2: 13.40 Avg Reward: 13.404763
2026-06-03 15:53:05 [INFO] Epoch: 76 [64000/100000 (64%)]	 Training Loss: 0.048 ACC: 99.37 CR: 1.00 Avg R1: 0.00 Avg R2: 13.40 Avg Reward: 13.402852
2026-06-03 15:53:24 [INFO] Epoch: 76 [76800/100000 (77%)]	 Training Loss: 0.048 ACC: 99.37 CR: 1.00 Avg R1: 0.00 Avg R2: 13.40 Avg Reward: 13.400220
2026-06-03 15:53:41 [INFO] Epoch: 76 [89600/100000 (90%)]	 Training Loss: 0.048 ACC: 99.39 CR: 1.00 Avg R1: 0.00 Avg R2: 13.39 Avg Reward: 13.396975
2026-06-03 15:53:56 [INFO] EPOCH:76, ======================CR:0.99974====================
2026-06-03 15:53:56 [INFO] 0.04276776000095424
2026-06-03 15:53:59 [INFO] EPOCH:76, ======================ACC:61.49====================
2026-06-03 15:53:59 [INFO] BEST EPOCH:43,BEST ACC:61.81
2026-06-03 15:54:19 [INFO] Epoch: 77 [12800/100000 (13%)]	 Training Loss: 0.048 ACC: 99.30 CR: 1.00 Avg R1: 0.01 Avg R2: 13.36 Avg Reward: 13.366123
2026-06-03 15:54:36 [INFO] Epoch: 77 [25600/100000 (26%)]	 Training Loss: 0.048 ACC: 99.39 CR: 1.00 Avg R1: 0.00 Avg R2: 13.36 Avg Reward: 13.362959
2026-06-03 15:54:53 [INFO] Epoch: 77 [38400/100000 (38%)]	 Training Loss: 0.048 ACC: 99.38 CR: 1.00 Avg R1: 0.01 Avg R2: 13.35 Avg Reward: 13.358131
2026-06-03 15:55:11 [INFO] Epoch: 77 [51200/100000 (51%)]	 Training Loss: 0.047 ACC: 99.43 CR: 1.00 Avg R1: 0.01 Avg R2: 13.35 Avg Reward: 13.352207
2026-06-03 15:55:29 [INFO] Epoch: 77 [64000/100000 (64%)]	 Training Loss: 0.047 ACC: 99.43 CR: 1.00 Avg R1: 0.01 Avg R2: 13.34 Avg Reward: 13.344547
2026-06-03 15:55:46 [INFO] Epoch: 77 [76800/100000 (77%)]	 Training Loss: 0.047 ACC: 99.42 CR: 1.00 Avg R1: 0.01 Avg R2: 13.33 Avg Reward: 13.335174
2026-06-03 15:56:04 [INFO] Epoch: 77 [89600/100000 (90%)]	 Training Loss: 0.046 ACC: 99.43 CR: 1.00 Avg R1: 0.01 Avg R2: 13.32 Avg Reward: 13.325050
2026-06-03 15:56:18 [INFO] EPOCH:77, ======================CR:0.99938====================
2026-06-03 15:56:18 [INFO] 0.044642380030715224
2026-06-03 15:56:23 [INFO] EPOCH:77, ======================ACC:61.64====================
2026-06-03 15:56:23 [INFO] BEST EPOCH:43,BEST ACC:61.81
2026-06-03 15:56:41 [INFO] Epoch: 78 [12800/100000 (13%)]	 Training Loss: 0.045 ACC: 99.46 CR: 1.00 Avg R1: 0.01 Avg R2: 13.24 Avg Reward: 13.254024
2026-06-03 15:56:58 [INFO] Epoch: 78 [25600/100000 (26%)]	 Training Loss: 0.046 ACC: 99.40 CR: 1.00 Avg R1: 0.01 Avg R2: 13.24 Avg Reward: 13.254749
2026-06-03 15:57:16 [INFO] Epoch: 78 [38400/100000 (38%)]	 Training Loss: 0.045 ACC: 99.46 CR: 1.00 Avg R1: 0.01 Avg R2: 13.24 Avg Reward: 13.255848
2026-06-03 15:57:34 [INFO] Epoch: 78 [51200/100000 (51%)]	 Training Loss: 0.046 ACC: 99.43 CR: 1.00 Avg R1: 0.01 Avg R2: 13.24 Avg Reward: 13.257556
2026-06-03 15:57:51 [INFO] Epoch: 78 [64000/100000 (64%)]	 Training Loss: 0.046 ACC: 99.42 CR: 1.00 Avg R1: 0.01 Avg R2: 13.25 Avg Reward: 13.259849
2026-06-03 15:58:10 [INFO] Epoch: 78 [76800/100000 (77%)]	 Training Loss: 0.046 ACC: 99.42 CR: 1.00 Avg R1: 0.01 Avg R2: 13.25 Avg Reward: 13.262407
2026-06-03 15:58:28 [INFO] Epoch: 78 [89600/100000 (90%)]	 Training Loss: 0.046 ACC: 99.43 CR: 1.00 Avg R1: 0.01 Avg R2: 13.25 Avg Reward: 13.265817
2026-06-03 15:58:41 [INFO] EPOCH:78, ======================CR:0.99953====================
2026-06-03 15:58:41 [INFO] 0.04455833567934816
2026-06-03 15:58:46 [INFO] EPOCH:78, ======================ACC:61.83====================
2026-06-03 15:58:46 [INFO] BEST EPOCH:78,BEST ACC:61.83
2026-06-03 15:59:04 [INFO] Epoch: 79 [12800/100000 (13%)]	 Training Loss: 0.046 ACC: 99.41 CR: 1.00 Avg R1: 0.01 Avg R2: 13.31 Avg Reward: 13.320447
2026-06-03 15:59:22 [INFO] Epoch: 79 [25600/100000 (26%)]	 Training Loss: 0.047 ACC: 99.39 CR: 1.00 Avg R1: 0.01 Avg R2: 13.32 Avg Reward: 13.327024
2026-06-03 15:59:40 [INFO] Epoch: 79 [38400/100000 (38%)]	 Training Loss: 0.047 ACC: 99.38 CR: 1.00 Avg R1: 0.01 Avg R2: 13.33 Avg Reward: 13.334325
2026-06-03 15:59:57 [INFO] Epoch: 79 [51200/100000 (51%)]	 Training Loss: 0.048 ACC: 99.37 CR: 1.00 Avg R1: 0.01 Avg R2: 13.33 Avg Reward: 13.341722
2026-06-03 16:00:15 [INFO] Epoch: 79 [64000/100000 (64%)]	 Training Loss: 0.047 ACC: 99.39 CR: 1.00 Avg R1: 0.01 Avg R2: 13.34 Avg Reward: 13.350260
2026-06-03 16:00:33 [INFO] Epoch: 79 [76800/100000 (77%)]	 Training Loss: 0.047 ACC: 99.40 CR: 1.00 Avg R1: 0.01 Avg R2: 13.35 Avg Reward: 13.359474
2026-06-03 16:00:50 [INFO] Epoch: 79 [89600/100000 (90%)]	 Training Loss: 0.047 ACC: 99.41 CR: 1.00 Avg R1: 0.01 Avg R2: 13.36 Avg Reward: 13.369070
2026-06-03 16:01:05 [INFO] EPOCH:79, ======================CR:0.99984====================
2026-06-03 16:01:05 [INFO] 0.0401941473137253
2026-06-03 16:01:08 [INFO] EPOCH:79, ======================ACC:61.66====================
2026-06-03 16:01:08 [INFO] BEST EPOCH:78,BEST ACC:61.83
2026-06-03 16:01:27 [INFO] Epoch: 80 [12800/100000 (13%)]	 Training Loss: 0.045 ACC: 99.43 CR: 1.00 Avg R1: 0.00 Avg R2: 13.45 Avg Reward: 13.457716
2026-06-03 16:01:45 [INFO] Epoch: 80 [25600/100000 (26%)]	 Training Loss: 0.048 ACC: 99.37 CR: 1.00 Avg R1: 0.00 Avg R2: 13.45 Avg Reward: 13.456896
2026-06-03 16:02:02 [INFO] Epoch: 80 [38400/100000 (38%)]	 Training Loss: 0.049 ACC: 99.36 CR: 1.00 Avg R1: 0.00 Avg R2: 13.45 Avg Reward: 13.456341
2026-06-03 16:02:21 [INFO] Epoch: 80 [51200/100000 (51%)]	 Training Loss: 0.049 ACC: 99.36 CR: 1.00 Avg R1: 0.00 Avg R2: 13.45 Avg Reward: 13.455785
2026-06-03 16:02:38 [INFO] Epoch: 80 [64000/100000 (64%)]	 Training Loss: 0.049 ACC: 99.36 CR: 1.00 Avg R1: 0.00 Avg R2: 13.45 Avg Reward: 13.455270
2026-06-03 16:02:55 [INFO] Epoch: 80 [76800/100000 (77%)]	 Training Loss: 0.048 ACC: 99.38 CR: 1.00 Avg R1: 0.00 Avg R2: 13.45 Avg Reward: 13.454794
2026-06-03 16:03:13 [INFO] Epoch: 80 [89600/100000 (90%)]	 Training Loss: 0.048 ACC: 99.38 CR: 1.00 Avg R1: 0.00 Avg R2: 13.45 Avg Reward: 13.454151
2026-06-03 16:03:27 [INFO] EPOCH:80, ======================CR:0.99983====================
2026-06-03 16:03:27 [INFO] 0.042435710362095286
2026-06-03 16:03:32 [INFO] EPOCH:80, ======================ACC:61.44====================
2026-06-03 16:03:32 [INFO] BEST EPOCH:78,BEST ACC:61.83
2026-06-03 16:03:51 [INFO] Epoch: 81 [12800/100000 (13%)]	 Training Loss: 0.046 ACC: 99.45 CR: 1.00 Avg R1: 0.00 Avg R2: 13.45 Avg Reward: 13.451769
2026-06-03 16:04:08 [INFO] Epoch: 81 [25600/100000 (26%)]	 Training Loss: 0.047 ACC: 99.36 CR: 1.00 Avg R1: 0.00 Avg R2: 13.45 Avg Reward: 13.449248
2026-06-03 16:04:27 [INFO] Epoch: 81 [38400/100000 (38%)]	 Training Loss: 0.048 ACC: 99.32 CR: 1.00 Avg R1: 0.00 Avg R2: 13.44 Avg Reward: 13.446478
2026-06-03 16:04:44 [INFO] Epoch: 81 [51200/100000 (51%)]	 Training Loss: 0.048 ACC: 99.36 CR: 1.00 Avg R1: 0.00 Avg R2: 13.44 Avg Reward: 13.443630
2026-06-03 16:05:00 [INFO] Epoch: 81 [64000/100000 (64%)]	 Training Loss: 0.047 ACC: 99.37 CR: 1.00 Avg R1: 0.00 Avg R2: 13.44 Avg Reward: 13.441250
2026-06-03 16:05:19 [INFO] Epoch: 81 [76800/100000 (77%)]	 Training Loss: 0.047 ACC: 99.37 CR: 1.00 Avg R1: 0.00 Avg R2: 13.44 Avg Reward: 13.439441
2026-06-03 16:05:36 [INFO] Epoch: 81 [89600/100000 (90%)]	 Training Loss: 0.047 ACC: 99.37 CR: 1.00 Avg R1: 0.00 Avg R2: 13.43 Avg Reward: 13.438171
2026-06-03 16:05:51 [INFO] EPOCH:81, ======================CR:0.99979====================
2026-06-03 16:05:51 [INFO] 0.04216772768949755
2026-06-03 16:05:55 [INFO] EPOCH:81, ======================ACC:61.67====================
2026-06-03 16:05:55 [INFO] BEST EPOCH:78,BEST ACC:61.83
2026-06-03 16:06:13 [INFO] Epoch: 82 [12800/100000 (13%)]	 Training Loss: 0.046 ACC: 99.45 CR: 1.00 Avg R1: 0.00 Avg R2: 13.43 Avg Reward: 13.436474
2026-06-03 16:06:32 [INFO] Epoch: 82 [25600/100000 (26%)]	 Training Loss: 0.047 ACC: 99.44 CR: 1.00 Avg R1: 0.00 Avg R2: 13.44 Avg Reward: 13.439458
2026-06-03 16:06:49 [INFO] Epoch: 82 [38400/100000 (38%)]	 Training Loss: 0.048 ACC: 99.40 CR: 1.00 Avg R1: 0.00 Avg R2: 13.44 Avg Reward: 13.442437
2026-06-03 16:07:06 [INFO] Epoch: 82 [51200/100000 (51%)]	 Training Loss: 0.048 ACC: 99.39 CR: 1.00 Avg R1: 0.00 Avg R2: 13.44 Avg Reward: 13.445439
2026-06-03 16:07:25 [INFO] Epoch: 82 [64000/100000 (64%)]	 Training Loss: 0.049 ACC: 99.37 CR: 1.00 Avg R1: 0.00 Avg R2: 13.44 Avg Reward: 13.448176
2026-06-03 16:07:42 [INFO] Epoch: 82 [76800/100000 (77%)]	 Training Loss: 0.048 ACC: 99.36 CR: 1.00 Avg R1: 0.00 Avg R2: 13.45 Avg Reward: 13.450507
2026-06-03 16:07:59 [INFO] Epoch: 82 [89600/100000 (90%)]	 Training Loss: 0.048 ACC: 99.38 CR: 1.00 Avg R1: 0.00 Avg R2: 13.45 Avg Reward: 13.452508
2026-06-03 16:08:14 [INFO] EPOCH:82, ======================CR:0.99987====================
2026-06-03 16:08:14 [INFO] 0.04141163371853447
2026-06-03 16:08:18 [INFO] EPOCH:82, ======================ACC:61.53====================
2026-06-03 16:08:18 [INFO] BEST EPOCH:78,BEST ACC:61.83
2026-06-03 16:08:38 [INFO] Epoch: 83 [12800/100000 (13%)]	 Training Loss: 0.048 ACC: 99.44 CR: 1.00 Avg R1: 0.00 Avg R2: 13.47 Avg Reward: 13.469663
2026-06-03 16:08:54 [INFO] Epoch: 83 [25600/100000 (26%)]	 Training Loss: 0.048 ACC: 99.43 CR: 1.00 Avg R1: 0.00 Avg R2: 13.47 Avg Reward: 13.469491
2026-06-03 16:09:11 [INFO] Epoch: 83 [38400/100000 (38%)]	 Training Loss: 0.048 ACC: 99.43 CR: 1.00 Avg R1: 0.00 Avg R2: 13.47 Avg Reward: 13.469406
2026-06-03 16:09:30 [INFO] Epoch: 83 [51200/100000 (51%)]	 Training Loss: 0.048 ACC: 99.41 CR: 1.00 Avg R1: 0.00 Avg R2: 13.47 Avg Reward: 13.470131
2026-06-03 16:09:47 [INFO] Epoch: 83 [64000/100000 (64%)]	 Training Loss: 0.047 ACC: 99.42 CR: 1.00 Avg R1: 0.00 Avg R2: 13.47 Avg Reward: 13.470545
2026-06-03 16:10:05 [INFO] Epoch: 83 [76800/100000 (77%)]	 Training Loss: 0.048 ACC: 99.42 CR: 1.00 Avg R1: 0.00 Avg R2: 13.47 Avg Reward: 13.470676
2026-06-03 16:10:23 [INFO] Epoch: 83 [89600/100000 (90%)]	 Training Loss: 0.047 ACC: 99.43 CR: 1.00 Avg R1: 0.00 Avg R2: 13.47 Avg Reward: 13.470780
2026-06-03 16:10:36 [INFO] EPOCH:83, ======================CR:0.99988====================
2026-06-03 16:10:36 [INFO] 0.04450329322545907
2026-06-03 16:10:41 [INFO] EPOCH:83, ======================ACC:61.67====================
2026-06-03 16:10:41 [INFO] BEST EPOCH:78,BEST ACC:61.83
2026-06-03 16:10:59 [INFO] Epoch: 84 [12800/100000 (13%)]	 Training Loss: 0.045 ACC: 99.40 CR: 1.00 Avg R1: 0.00 Avg R2: 13.47 Avg Reward: 13.476756
2026-06-03 16:11:17 [INFO] Epoch: 84 [25600/100000 (26%)]	 Training Loss: 0.047 ACC: 99.41 CR: 1.00 Avg R1: 0.00 Avg R2: 13.47 Avg Reward: 13.475889
2026-06-03 16:11:35 [INFO] Epoch: 84 [38400/100000 (38%)]	 Training Loss: 0.046 ACC: 99.42 CR: 1.00 Avg R1: 0.00 Avg R2: 13.47 Avg Reward: 13.475237
2026-06-03 16:11:52 [INFO] Epoch: 84 [51200/100000 (51%)]	 Training Loss: 0.046 ACC: 99.43 CR: 1.00 Avg R1: 0.00 Avg R2: 13.47 Avg Reward: 13.474826
2026-06-03 16:12:10 [INFO] Epoch: 84 [64000/100000 (64%)]	 Training Loss: 0.046 ACC: 99.42 CR: 1.00 Avg R1: 0.00 Avg R2: 13.47 Avg Reward: 13.474389
2026-06-03 16:12:28 [INFO] Epoch: 84 [76800/100000 (77%)]	 Training Loss: 0.046 ACC: 99.43 CR: 1.00 Avg R1: 0.00 Avg R2: 13.47 Avg Reward: 13.473685
2026-06-03 16:12:45 [INFO] Epoch: 84 [89600/100000 (90%)]	 Training Loss: 0.046 ACC: 99.45 CR: 1.00 Avg R1: 0.00 Avg R2: 13.47 Avg Reward: 13.473146
2026-06-03 16:13:00 [INFO] EPOCH:84, ======================CR:0.99991====================
2026-06-03 16:13:00 [INFO] 0.04436392902141962
2026-06-03 16:13:04 [INFO] EPOCH:84, ======================ACC:61.56====================
2026-06-03 16:13:04 [INFO] BEST EPOCH:78,BEST ACC:61.83
2026-06-03 16:13:22 [INFO] Epoch: 85 [12800/100000 (13%)]	 Training Loss: 0.047 ACC: 99.48 CR: 1.00 Avg R1: 0.00 Avg R2: 13.47 Avg Reward: 13.471456
2026-06-03 16:13:41 [INFO] Epoch: 85 [25600/100000 (26%)]	 Training Loss: 0.046 ACC: 99.46 CR: 1.00 Avg R1: 0.00 Avg R2: 13.47 Avg Reward: 13.472387
2026-06-03 16:13:57 [INFO] Epoch: 85 [38400/100000 (38%)]	 Training Loss: 0.045 ACC: 99.48 CR: 1.00 Avg R1: 0.00 Avg R2: 13.47 Avg Reward: 13.473079
2026-06-03 16:14:15 [INFO] Epoch: 85 [51200/100000 (51%)]	 Training Loss: 0.046 ACC: 99.46 CR: 1.00 Avg R1: 0.00 Avg R2: 13.47 Avg Reward: 13.473902
2026-06-03 16:14:34 [INFO] Epoch: 85 [64000/100000 (64%)]	 Training Loss: 0.045 ACC: 99.48 CR: 1.00 Avg R1: 0.00 Avg R2: 13.47 Avg Reward: 13.475142
2026-06-03 16:14:51 [INFO] Epoch: 85 [76800/100000 (77%)]	 Training Loss: 0.045 ACC: 99.49 CR: 1.00 Avg R1: 0.00 Avg R2: 13.47 Avg Reward: 13.476469
2026-06-03 16:15:08 [INFO] Epoch: 85 [89600/100000 (90%)]	 Training Loss: 0.045 ACC: 99.49 CR: 1.00 Avg R1: 0.00 Avg R2: 13.48 Avg Reward: 13.477956
2026-06-03 16:15:23 [INFO] EPOCH:85, ======================CR:0.99986====================
2026-06-03 16:15:23 [INFO] 0.042425245477167875
2026-06-03 16:15:27 [INFO] EPOCH:85, ======================ACC:61.75====================
2026-06-03 16:15:27 [INFO] BEST EPOCH:78,BEST ACC:61.83
2026-06-03 16:15:47 [INFO] Epoch: 86 [12800/100000 (13%)]	 Training Loss: 0.045 ACC: 99.43 CR: 1.00 Avg R1: 0.00 Avg R2: 13.49 Avg Reward: 13.489791
2026-06-03 16:16:02 [INFO] Epoch: 86 [25600/100000 (26%)]	 Training Loss: 0.046 ACC: 99.41 CR: 1.00 Avg R1: 0.00 Avg R2: 13.49 Avg Reward: 13.488701
2026-06-03 16:16:13 [INFO] Epoch: 86 [38400/100000 (38%)]	 Training Loss: 0.046 ACC: 99.42 CR: 1.00 Avg R1: 0.00 Avg R2: 13.48 Avg Reward: 13.487451
2026-06-03 16:16:24 [INFO] Epoch: 86 [51200/100000 (51%)]	 Training Loss: 0.046 ACC: 99.41 CR: 1.00 Avg R1: 0.00 Avg R2: 13.48 Avg Reward: 13.485554
2026-06-03 16:16:35 [INFO] Epoch: 86 [64000/100000 (64%)]	 Training Loss: 0.047 ACC: 99.41 CR: 1.00 Avg R1: 0.00 Avg R2: 13.48 Avg Reward: 13.483568
2026-06-03 16:16:46 [INFO] Epoch: 86 [76800/100000 (77%)]	 Training Loss: 0.047 ACC: 99.41 CR: 1.00 Avg R1: 0.00 Avg R2: 13.48 Avg Reward: 13.482068
2026-06-03 16:16:57 [INFO] Epoch: 86 [89600/100000 (90%)]	 Training Loss: 0.046 ACC: 99.42 CR: 1.00 Avg R1: 0.00 Avg R2: 13.48 Avg Reward: 13.480819
2026-06-03 16:17:06 [INFO] EPOCH:86, ======================CR:0.99989====================
2026-06-03 16:17:06 [INFO] 0.04352650130085617
2026-06-03 16:17:09 [INFO] EPOCH:86, ======================ACC:61.72====================
2026-06-03 16:17:09 [INFO] BEST EPOCH:78,BEST ACC:61.83
2026-06-03 16:17:20 [INFO] Epoch: 87 [12800/100000 (13%)]	 Training Loss: 0.045 ACC: 99.48 CR: 1.00 Avg R1: 0.00 Avg R2: 13.48 Avg Reward: 13.479431
2026-06-03 16:17:37 [INFO] Epoch: 87 [25600/100000 (26%)]	 Training Loss: 0.046 ACC: 99.45 CR: 1.00 Avg R1: 0.00 Avg R2: 13.48 Avg Reward: 13.479268
2026-06-03 16:17:58 [INFO] Epoch: 87 [38400/100000 (38%)]	 Training Loss: 0.046 ACC: 99.44 CR: 1.00 Avg R1: 0.00 Avg R2: 13.48 Avg Reward: 13.480769
2026-06-03 16:18:20 [INFO] Epoch: 87 [51200/100000 (51%)]	 Training Loss: 0.046 ACC: 99.45 CR: 1.00 Avg R1: 0.00 Avg R2: 13.48 Avg Reward: 13.482305
2026-06-03 16:18:43 [INFO] Epoch: 87 [64000/100000 (64%)]	 Training Loss: 0.046 ACC: 99.45 CR: 1.00 Avg R1: 0.00 Avg R2: 13.48 Avg Reward: 13.483811
2026-06-03 16:19:05 [INFO] Epoch: 87 [76800/100000 (77%)]	 Training Loss: 0.046 ACC: 99.47 CR: 1.00 Avg R1: 0.00 Avg R2: 13.48 Avg Reward: 13.484958
2026-06-03 16:19:24 [INFO] Epoch: 87 [89600/100000 (90%)]	 Training Loss: 0.046 ACC: 99.47 CR: 1.00 Avg R1: 0.00 Avg R2: 13.48 Avg Reward: 13.486069
2026-06-03 16:19:34 [INFO] EPOCH:87, ======================CR:0.99991====================
2026-06-03 16:19:34 [INFO] 0.043503246191494635
2026-06-03 16:19:38 [INFO] EPOCH:87, ======================ACC:61.59====================
2026-06-03 16:19:38 [INFO] BEST EPOCH:78,BEST ACC:61.83
2026-06-03 16:19:50 [INFO] Epoch: 88 [12800/100000 (13%)]	 Training Loss: 0.046 ACC: 99.37 CR: 1.00 Avg R1: 0.00 Avg R2: 13.50 Avg Reward: 13.498718
2026-06-03 16:20:02 [INFO] Epoch: 88 [25600/100000 (26%)]	 Training Loss: 0.047 ACC: 99.39 CR: 1.00 Avg R1: 0.00 Avg R2: 13.50 Avg Reward: 13.499649
2026-06-03 16:20:18 [INFO] Epoch: 88 [38400/100000 (38%)]	 Training Loss: 0.047 ACC: 99.40 CR: 1.00 Avg R1: 0.00 Avg R2: 13.50 Avg Reward: 13.500165
2026-06-03 16:20:29 [INFO] Epoch: 88 [51200/100000 (51%)]	 Training Loss: 0.046 ACC: 99.44 CR: 1.00 Avg R1: 0.00 Avg R2: 13.50 Avg Reward: 13.500609
2026-06-03 16:20:40 [INFO] Epoch: 88 [64000/100000 (64%)]	 Training Loss: 0.046 ACC: 99.45 CR: 1.00 Avg R1: 0.00 Avg R2: 13.50 Avg Reward: 13.501192
2026-06-03 16:20:51 [INFO] Epoch: 88 [76800/100000 (77%)]	 Training Loss: 0.046 ACC: 99.45 CR: 1.00 Avg R1: 0.00 Avg R2: 13.50 Avg Reward: 13.501586
2026-06-03 16:21:02 [INFO] Epoch: 88 [89600/100000 (90%)]	 Training Loss: 0.046 ACC: 99.45 CR: 1.00 Avg R1: 0.00 Avg R2: 13.50 Avg Reward: 13.501963
2026-06-03 16:21:11 [INFO] EPOCH:88, ======================CR:0.99992====================
2026-06-03 16:21:11 [INFO] 0.04054235702742559
2026-06-03 16:21:14 [INFO] EPOCH:88, ======================ACC:61.53====================
2026-06-03 16:21:14 [INFO] BEST EPOCH:78,BEST ACC:61.83
2026-06-03 16:21:25 [INFO] Epoch: 89 [12800/100000 (13%)]	 Training Loss: 0.048 ACC: 99.37 CR: 1.00 Avg R1: 0.00 Avg R2: 13.51 Avg Reward: 13.507583
2026-06-03 16:21:36 [INFO] Epoch: 89 [25600/100000 (26%)]	 Training Loss: 0.048 ACC: 99.36 CR: 1.00 Avg R1: 0.00 Avg R2: 13.51 Avg Reward: 13.507631
2026-06-03 16:21:54 [INFO] Epoch: 89 [38400/100000 (38%)]	 Training Loss: 0.047 ACC: 99.43 CR: 1.00 Avg R1: 0.00 Avg R2: 13.51 Avg Reward: 13.507380
2026-06-03 16:22:15 [INFO] Epoch: 89 [51200/100000 (51%)]	 Training Loss: 0.047 ACC: 99.42 CR: 1.00 Avg R1: 0.00 Avg R2: 13.51 Avg Reward: 13.507573
2026-06-03 16:22:37 [INFO] Epoch: 89 [64000/100000 (64%)]	 Training Loss: 0.047 ACC: 99.42 CR: 1.00 Avg R1: 0.00 Avg R2: 13.51 Avg Reward: 13.507858
2026-06-03 16:22:59 [INFO] Epoch: 89 [76800/100000 (77%)]	 Training Loss: 0.047 ACC: 99.42 CR: 1.00 Avg R1: 0.00 Avg R2: 13.51 Avg Reward: 13.508368
2026-06-03 16:23:21 [INFO] Epoch: 89 [89600/100000 (90%)]	 Training Loss: 0.047 ACC: 99.42 CR: 1.00 Avg R1: 0.00 Avg R2: 13.51 Avg Reward: 13.509018
2026-06-03 16:23:37 [INFO] EPOCH:89, ======================CR:0.99992====================
2026-06-03 16:23:37 [INFO] 0.048233230378959456
2026-06-03 16:23:40 [INFO] EPOCH:89, ======================ACC:61.46====================
2026-06-03 16:23:40 [INFO] BEST EPOCH:78,BEST ACC:61.83
2026-06-03 16:23:40 [INFO] Saved standard mask to /nvme/home/lixiang/baseline/mask/tinyimagenet/96/mask_50.npz, epoch=89, acc=61.4600, reason=final_fallback, selected=50000/100000
