2026-06-03 04:46:12 [INFO] Args: {'momentum': 0.9, 'log_interval': 50, 'weight_decay': 0.0001, 'lr': 0.1, 'batch_size': 256, 'seed': 22, 'device': '4', 'resume': False, 'cutout_length': 16, 'root': '/nvme/home/lixiang/baseline/data', 'output_root': '/nvme/home/lixiang/baseline/mask', 'dataset': 'Tiny-Imagenet', 'save_model': False, 'num_worker': 8, 'compression_rate': 0.2, 'keep_ratio': 20, 'epoches': 90, 'model': 'resnet18', 'action_dim': 1, 'state_dim': 512, 'dataset_out': 'tinyimagenet'}
2026-06-03 04:46:13 [INFO] Loaded dataset Tiny-Imagenet: train=100000, test=10000
2026-06-03 04:49:13 [INFO] Epoch: 0 [12800/100000 (13%)]	 Training Loss: 2.084 ACC: 11.03 CR: 0.94 Avg R1: 0.39 Avg R2: 9.16 Avg Reward: 9.552448
2026-06-03 04:49:35 [INFO] Epoch: 0 [25600/100000 (26%)]	 Training Loss: 2.064 ACC: 11.65 CR: 0.88 Avg R1: 0.78 Avg R2: 8.86 Avg Reward: 9.642075
2026-06-03 04:49:56 [INFO] Epoch: 0 [38400/100000 (38%)]	 Training Loss: 2.054 ACC: 12.19 CR: 0.81 Avg R1: 1.17 Avg R2: 8.56 Avg Reward: 9.733821
2026-06-03 04:50:17 [INFO] Epoch: 0 [51200/100000 (51%)]	 Training Loss: 2.067 ACC: 12.72 CR: 0.76 Avg R1: 1.55 Avg R2: 8.27 Avg Reward: 9.820903
2026-06-03 04:50:39 [INFO] Epoch: 0 [64000/100000 (64%)]	 Training Loss: 2.076 ACC: 13.19 CR: 0.70 Avg R1: 1.92 Avg R2: 7.98 Avg Reward: 9.897935
2026-06-03 04:51:01 [INFO] Epoch: 0 [76800/100000 (77%)]	 Training Loss: 2.057 ACC: 13.52 CR: 0.64 Avg R1: 2.29 Avg R2: 7.69 Avg Reward: 9.975481
2026-06-03 04:51:22 [INFO] Epoch: 0 [89600/100000 (90%)]	 Training Loss: 2.055 ACC: 13.92 CR: 0.59 Avg R1: 2.65 Avg R2: 7.40 Avg Reward: 10.053267
2026-06-03 04:51:40 [INFO] EPOCH:0, ======================CR:0.54631====================
2026-06-03 04:51:40 [INFO] -0.006665362181291944
2026-06-03 04:51:45 [INFO] EPOCH:0, ======================ACC:14.73====================
2026-06-03 04:51:45 [INFO] BEST EPOCH:0,BEST ACC:14.73
2026-06-03 04:52:08 [INFO] Epoch: 1 [12800/100000 (13%)]	 Training Loss: 2.063 ACC: 16.62 CR: 0.55 Avg R1: 5.62 Avg R2: 5.23 Avg Reward: 10.848322
2026-06-03 04:52:29 [INFO] Epoch: 1 [25600/100000 (26%)]	 Training Loss: 2.060 ACC: 17.35 CR: 0.56 Avg R1: 5.59 Avg R2: 5.24 Avg Reward: 10.834365
2026-06-03 04:52:51 [INFO] Epoch: 1 [38400/100000 (38%)]	 Training Loss: 2.164 ACC: 17.79 CR: 0.59 Avg R1: 5.51 Avg R2: 5.28 Avg Reward: 10.789683
2026-06-03 04:53:12 [INFO] Epoch: 1 [51200/100000 (51%)]	 Training Loss: 2.272 ACC: 18.07 CR: 0.63 Avg R1: 5.36 Avg R2: 5.36 Avg Reward: 10.714159
2026-06-03 04:53:34 [INFO] Epoch: 1 [64000/100000 (64%)]	 Training Loss: 2.318 ACC: 18.30 CR: 0.66 Avg R1: 5.17 Avg R2: 5.45 Avg Reward: 10.620742
2026-06-03 04:53:55 [INFO] Epoch: 1 [76800/100000 (77%)]	 Training Loss: 2.359 ACC: 18.78 CR: 0.70 Avg R1: 4.97 Avg R2: 5.55 Avg Reward: 10.519278
2026-06-03 04:54:17 [INFO] Epoch: 1 [89600/100000 (90%)]	 Training Loss: 2.380 ACC: 19.06 CR: 0.74 Avg R1: 4.75 Avg R2: 5.66 Avg Reward: 10.410610
2026-06-03 04:54:34 [INFO] EPOCH:1, ======================CR:0.77372====================
2026-06-03 04:54:34 [INFO] -0.01265396986074453
2026-06-03 04:54:40 [INFO] EPOCH:1, ======================ACC:21.55====================
2026-06-03 04:54:40 [INFO] BEST EPOCH:1,BEST ACC:21.55
2026-06-03 04:55:02 [INFO] Epoch: 2 [12800/100000 (13%)]	 Training Loss: 2.344 ACC: 22.92 CR: 0.78 Avg R1: 2.77 Avg R2: 6.86 Avg Reward: 9.629383
2026-06-03 04:55:24 [INFO] Epoch: 2 [25600/100000 (26%)]	 Training Loss: 2.222 ACC: 23.49 CR: 0.77 Avg R1: 2.77 Avg R2: 6.86 Avg Reward: 9.631318
2026-06-03 04:55:45 [INFO] Epoch: 2 [38400/100000 (38%)]	 Training Loss: 2.172 ACC: 24.00 CR: 0.77 Avg R1: 2.80 Avg R2: 6.84 Avg Reward: 9.644386
2026-06-03 04:56:07 [INFO] Epoch: 2 [51200/100000 (51%)]	 Training Loss: 2.121 ACC: 24.41 CR: 0.76 Avg R1: 2.84 Avg R2: 6.82 Avg Reward: 9.660600
2026-06-03 04:56:24 [INFO] Epoch: 2 [64000/100000 (64%)]	 Training Loss: 2.079 ACC: 24.88 CR: 0.75 Avg R1: 2.90 Avg R2: 6.79 Avg Reward: 9.682215
2026-06-03 04:56:37 [INFO] Epoch: 2 [76800/100000 (77%)]	 Training Loss: 2.068 ACC: 25.20 CR: 0.74 Avg R1: 2.95 Avg R2: 6.75 Avg Reward: 9.705887
2026-06-03 04:56:48 [INFO] Epoch: 2 [89600/100000 (90%)]	 Training Loss: 2.046 ACC: 25.43 CR: 0.73 Avg R1: 3.01 Avg R2: 6.72 Avg Reward: 9.727228
2026-06-03 04:56:58 [INFO] EPOCH:2, ======================CR:0.71504====================
2026-06-03 04:56:58 [INFO] -0.00471207020801426
2026-06-03 04:57:01 [INFO] EPOCH:2, ======================ACC:27.4====================
2026-06-03 04:57:01 [INFO] BEST EPOCH:2,BEST ACC:27.4
2026-06-03 04:57:14 [INFO] Epoch: 3 [12800/100000 (13%)]	 Training Loss: 1.754 ACC: 29.24 CR: 0.71 Avg R1: 3.61 Avg R2: 6.32 Avg Reward: 9.931190
2026-06-03 04:57:25 [INFO] Epoch: 3 [25600/100000 (26%)]	 Training Loss: 1.831 ACC: 29.02 CR: 0.71 Avg R1: 3.64 Avg R2: 6.30 Avg Reward: 9.943691
2026-06-03 04:57:37 [INFO] Epoch: 3 [38400/100000 (38%)]	 Training Loss: 1.876 ACC: 29.22 CR: 0.71 Avg R1: 3.63 Avg R2: 6.31 Avg Reward: 9.936913
2026-06-03 04:57:58 [INFO] Epoch: 3 [51200/100000 (51%)]	 Training Loss: 1.865 ACC: 29.53 CR: 0.71 Avg R1: 3.62 Avg R2: 6.31 Avg Reward: 9.931768
2026-06-03 04:58:19 [INFO] Epoch: 3 [64000/100000 (64%)]	 Training Loss: 1.861 ACC: 29.95 CR: 0.71 Avg R1: 3.62 Avg R2: 6.31 Avg Reward: 9.930230
2026-06-03 04:58:41 [INFO] Epoch: 3 [76800/100000 (77%)]	 Training Loss: 1.889 ACC: 30.07 CR: 0.72 Avg R1: 3.61 Avg R2: 6.32 Avg Reward: 9.925695
2026-06-03 04:59:02 [INFO] Epoch: 3 [89600/100000 (90%)]	 Training Loss: 1.914 ACC: 30.26 CR: 0.74 Avg R1: 3.58 Avg R2: 6.34 Avg Reward: 9.911593
2026-06-03 04:59:20 [INFO] EPOCH:3, ======================CR:0.74744====================
2026-06-03 04:59:20 [INFO] -0.0008468309561445404
2026-06-03 04:59:25 [INFO] EPOCH:3, ======================ACC:26.99====================
2026-06-03 04:59:25 [INFO] BEST EPOCH:2,BEST ACC:27.4
2026-06-03 04:59:48 [INFO] Epoch: 4 [12800/100000 (13%)]	 Training Loss: 1.988 ACC: 33.07 CR: 0.76 Avg R1: 3.09 Avg R2: 6.66 Avg Reward: 9.750215
2026-06-03 05:00:09 [INFO] Epoch: 4 [25600/100000 (26%)]	 Training Loss: 2.025 ACC: 33.33 CR: 0.77 Avg R1: 3.01 Avg R2: 6.71 Avg Reward: 9.711571
2026-06-03 05:00:30 [INFO] Epoch: 4 [38400/100000 (38%)]	 Training Loss: 2.014 ACC: 33.57 CR: 0.79 Avg R1: 2.91 Avg R2: 6.76 Avg Reward: 9.671499
2026-06-03 05:00:52 [INFO] Epoch: 4 [51200/100000 (51%)]	 Training Loss: 1.988 ACC: 33.67 CR: 0.79 Avg R1: 2.83 Avg R2: 6.80 Avg Reward: 9.637297
2026-06-03 05:01:13 [INFO] Epoch: 4 [64000/100000 (64%)]	 Training Loss: 1.948 ACC: 34.05 CR: 0.80 Avg R1: 2.78 Avg R2: 6.83 Avg Reward: 9.615352
2026-06-03 05:01:34 [INFO] Epoch: 4 [76800/100000 (77%)]	 Training Loss: 1.922 ACC: 34.20 CR: 0.80 Avg R1: 2.75 Avg R2: 6.85 Avg Reward: 9.599717
2026-06-03 05:01:56 [INFO] Epoch: 4 [89600/100000 (90%)]	 Training Loss: 1.889 ACC: 34.42 CR: 0.79 Avg R1: 2.72 Avg R2: 6.87 Avg Reward: 9.589339
2026-06-03 05:02:13 [INFO] EPOCH:4, ======================CR:0.78374====================
2026-06-03 05:02:13 [INFO] 0.010067143689158873
2026-06-03 05:02:19 [INFO] EPOCH:4, ======================ACC:34.81====================
2026-06-03 05:02:19 [INFO] BEST EPOCH:4,BEST ACC:34.81
2026-06-03 05:02:41 [INFO] Epoch: 5 [12800/100000 (13%)]	 Training Loss: 1.545 ACC: 37.91 CR: 0.77 Avg R1: 2.80 Avg R2: 6.87 Avg Reward: 9.670453
2026-06-03 05:03:03 [INFO] Epoch: 5 [25600/100000 (26%)]	 Training Loss: 1.557 ACC: 37.98 CR: 0.75 Avg R1: 2.90 Avg R2: 6.82 Avg Reward: 9.713310
2026-06-03 05:03:24 [INFO] Epoch: 5 [38400/100000 (38%)]	 Training Loss: 1.565 ACC: 38.05 CR: 0.74 Avg R1: 2.98 Avg R2: 6.77 Avg Reward: 9.749843
2026-06-03 05:03:46 [INFO] Epoch: 5 [51200/100000 (51%)]	 Training Loss: 1.544 ACC: 38.22 CR: 0.72 Avg R1: 3.06 Avg R2: 6.73 Avg Reward: 9.792218
2026-06-03 05:04:07 [INFO] Epoch: 5 [64000/100000 (64%)]	 Training Loss: 1.512 ACC: 38.43 CR: 0.70 Avg R1: 3.18 Avg R2: 6.67 Avg Reward: 9.845622
2026-06-03 05:04:28 [INFO] Epoch: 5 [76800/100000 (77%)]	 Training Loss: 1.485 ACC: 38.64 CR: 0.67 Avg R1: 3.31 Avg R2: 6.60 Avg Reward: 9.907677
2026-06-03 05:04:49 [INFO] Epoch: 5 [89600/100000 (90%)]	 Training Loss: 1.462 ACC: 38.83 CR: 0.64 Avg R1: 3.45 Avg R2: 6.52 Avg Reward: 9.976651
2026-06-03 05:05:07 [INFO] EPOCH:5, ======================CR:0.61726====================
2026-06-03 05:05:07 [INFO] 0.008943480176712003
2026-06-03 05:05:12 [INFO] EPOCH:5, ======================ACC:36.94====================
2026-06-03 05:05:12 [INFO] BEST EPOCH:5,BEST ACC:36.94
2026-06-03 05:05:35 [INFO] Epoch: 6 [12800/100000 (13%)]	 Training Loss: 1.352 ACC: 41.75 CR: 0.62 Avg R1: 4.79 Avg R2: 5.88 Avg Reward: 10.671984
2026-06-03 05:05:56 [INFO] Epoch: 6 [25600/100000 (26%)]	 Training Loss: 1.398 ACC: 41.80 CR: 0.62 Avg R1: 4.78 Avg R2: 5.89 Avg Reward: 10.663022
2026-06-03 05:06:18 [INFO] Epoch: 6 [38400/100000 (38%)]	 Training Loss: 1.432 ACC: 41.64 CR: 0.63 Avg R1: 4.74 Avg R2: 5.91 Avg Reward: 10.642957
2026-06-03 05:06:39 [INFO] Epoch: 6 [51200/100000 (51%)]	 Training Loss: 1.449 ACC: 41.74 CR: 0.64 Avg R1: 4.68 Avg R2: 5.93 Avg Reward: 10.615119
2026-06-03 05:07:01 [INFO] Epoch: 6 [64000/100000 (64%)]	 Training Loss: 1.464 ACC: 41.62 CR: 0.66 Avg R1: 4.62 Avg R2: 5.97 Avg Reward: 10.582991
2026-06-03 05:07:22 [INFO] Epoch: 6 [76800/100000 (77%)]	 Training Loss: 1.461 ACC: 41.63 CR: 0.66 Avg R1: 4.55 Avg R2: 6.00 Avg Reward: 10.551524
2026-06-03 05:07:43 [INFO] Epoch: 6 [89600/100000 (90%)]	 Training Loss: 1.448 ACC: 41.72 CR: 0.66 Avg R1: 4.50 Avg R2: 6.02 Avg Reward: 10.526061
2026-06-03 05:08:01 [INFO] EPOCH:6, ======================CR:0.66947====================
2026-06-03 05:08:01 [INFO] 0.01257543560303273
2026-06-03 05:08:06 [INFO] EPOCH:6, ======================ACC:40.98====================
2026-06-03 05:08:06 [INFO] BEST EPOCH:6,BEST ACC:40.98
2026-06-03 05:08:29 [INFO] Epoch: 7 [12800/100000 (13%)]	 Training Loss: 1.403 ACC: 44.48 CR: 0.67 Avg R1: 4.10 Avg R2: 6.32 Avg Reward: 10.423702
2026-06-03 05:08:50 [INFO] Epoch: 7 [25600/100000 (26%)]	 Training Loss: 1.409 ACC: 44.52 CR: 0.68 Avg R1: 4.08 Avg R2: 6.34 Avg Reward: 10.414337
2026-06-03 05:09:11 [INFO] Epoch: 7 [38400/100000 (38%)]	 Training Loss: 1.418 ACC: 44.46 CR: 0.68 Avg R1: 4.05 Avg R2: 6.35 Avg Reward: 10.400211
2026-06-03 05:09:33 [INFO] Epoch: 7 [51200/100000 (51%)]	 Training Loss: 1.412 ACC: 44.39 CR: 0.68 Avg R1: 4.02 Avg R2: 6.37 Avg Reward: 10.389166
2026-06-03 05:09:54 [INFO] Epoch: 7 [64000/100000 (64%)]	 Training Loss: 1.405 ACC: 44.43 CR: 0.69 Avg R1: 4.00 Avg R2: 6.38 Avg Reward: 10.382372
2026-06-03 05:10:16 [INFO] Epoch: 7 [76800/100000 (77%)]	 Training Loss: 1.420 ACC: 44.35 CR: 0.70 Avg R1: 3.98 Avg R2: 6.39 Avg Reward: 10.373631
2026-06-03 05:10:37 [INFO] Epoch: 7 [89600/100000 (90%)]	 Training Loss: 1.439 ACC: 44.20 CR: 0.71 Avg R1: 3.94 Avg R2: 6.42 Avg Reward: 10.356478
2026-06-03 05:10:54 [INFO] EPOCH:7, ======================CR:0.71519====================
2026-06-03 05:10:54 [INFO] 0.021294413081788668
2026-06-03 05:11:00 [INFO] EPOCH:7, ======================ACC:41.42====================
2026-06-03 05:11:00 [INFO] BEST EPOCH:7,BEST ACC:41.42
2026-06-03 05:11:23 [INFO] Epoch: 8 [12800/100000 (13%)]	 Training Loss: 1.299 ACC: 47.22 CR: 0.71 Avg R1: 3.58 Avg R2: 6.69 Avg Reward: 10.267849
2026-06-03 05:11:44 [INFO] Epoch: 8 [25600/100000 (26%)]	 Training Loss: 1.267 ACC: 47.34 CR: 0.70 Avg R1: 3.62 Avg R2: 6.67 Avg Reward: 10.288471
2026-06-03 05:12:05 [INFO] Epoch: 8 [38400/100000 (38%)]	 Training Loss: 1.256 ACC: 47.28 CR: 0.69 Avg R1: 3.68 Avg R2: 6.63 Avg Reward: 10.316613
2026-06-03 05:12:27 [INFO] Epoch: 8 [51200/100000 (51%)]	 Training Loss: 1.261 ACC: 47.12 CR: 0.68 Avg R1: 3.75 Avg R2: 6.60 Avg Reward: 10.345074
2026-06-03 05:12:48 [INFO] Epoch: 8 [64000/100000 (64%)]	 Training Loss: 1.268 ACC: 47.16 CR: 0.68 Avg R1: 3.80 Avg R2: 6.57 Avg Reward: 10.367411
2026-06-03 05:13:09 [INFO] Epoch: 8 [76800/100000 (77%)]	 Training Loss: 1.282 ACC: 47.21 CR: 0.68 Avg R1: 3.83 Avg R2: 6.55 Avg Reward: 10.383911
2026-06-03 05:13:31 [INFO] Epoch: 8 [89600/100000 (90%)]	 Training Loss: 1.291 ACC: 47.28 CR: 0.68 Avg R1: 3.86 Avg R2: 6.54 Avg Reward: 10.393454
2026-06-03 05:13:48 [INFO] EPOCH:8, ======================CR:0.67235====================
2026-06-03 05:13:48 [INFO] 0.01589023215307138
2026-06-03 05:13:54 [INFO] EPOCH:8, ======================ACC:43.92====================
2026-06-03 05:13:54 [INFO] BEST EPOCH:8,BEST ACC:43.92
2026-06-03 05:14:16 [INFO] Epoch: 9 [12800/100000 (13%)]	 Training Loss: 1.129 ACC: 50.45 CR: 0.67 Avg R1: 4.13 Avg R2: 6.43 Avg Reward: 10.566784
2026-06-03 05:14:38 [INFO] Epoch: 9 [25600/100000 (26%)]	 Training Loss: 1.130 ACC: 50.18 CR: 0.66 Avg R1: 4.17 Avg R2: 6.41 Avg Reward: 10.585388
2026-06-03 05:14:57 [INFO] Epoch: 9 [38400/100000 (38%)]	 Training Loss: 1.126 ACC: 50.27 CR: 0.65 Avg R1: 4.23 Avg R2: 6.38 Avg Reward: 10.609901
2026-06-03 05:15:16 [INFO] Epoch: 9 [51200/100000 (51%)]	 Training Loss: 1.134 ACC: 49.87 CR: 0.64 Avg R1: 4.28 Avg R2: 6.36 Avg Reward: 10.633596
2026-06-03 05:15:34 [INFO] Epoch: 9 [64000/100000 (64%)]	 Training Loss: 1.130 ACC: 49.73 CR: 0.63 Avg R1: 4.33 Avg R2: 6.33 Avg Reward: 10.659770
2026-06-03 05:15:54 [INFO] Epoch: 9 [76800/100000 (77%)]	 Training Loss: 1.127 ACC: 49.76 CR: 0.62 Avg R1: 4.39 Avg R2: 6.29 Avg Reward: 10.686087
2026-06-03 05:16:09 [INFO] Epoch: 9 [89600/100000 (90%)]	 Training Loss: 1.121 ACC: 49.83 CR: 0.61 Avg R1: 4.46 Avg R2: 6.26 Avg Reward: 10.714800
2026-06-03 05:16:19 [INFO] EPOCH:9, ======================CR:0.59961====================
2026-06-03 05:16:19 [INFO] 0.017501221635967196
2026-06-03 05:16:22 [INFO] EPOCH:9, ======================ACC:44.57====================
2026-06-03 05:16:22 [INFO] BEST EPOCH:9,BEST ACC:44.57
2026-06-03 05:16:34 [INFO] Epoch: 10 [12800/100000 (13%)]	 Training Loss: 1.092 ACC: 51.56 CR: 0.60 Avg R1: 5.00 Avg R2: 6.05 Avg Reward: 11.043559
2026-06-03 05:16:46 [INFO] Epoch: 10 [25600/100000 (26%)]	 Training Loss: 1.077 ACC: 51.63 CR: 0.60 Avg R1: 4.98 Avg R2: 6.05 Avg Reward: 11.034105
2026-06-03 05:16:58 [INFO] Epoch: 10 [38400/100000 (38%)]	 Training Loss: 1.064 ACC: 52.04 CR: 0.60 Avg R1: 4.98 Avg R2: 6.05 Avg Reward: 11.031644
2026-06-03 05:17:10 [INFO] Epoch: 10 [51200/100000 (51%)]	 Training Loss: 1.064 ACC: 51.95 CR: 0.60 Avg R1: 4.99 Avg R2: 6.05 Avg Reward: 11.033832
2026-06-03 05:17:22 [INFO] Epoch: 10 [64000/100000 (64%)]	 Training Loss: 1.069 ACC: 51.88 CR: 0.60 Avg R1: 4.99 Avg R2: 6.04 Avg Reward: 11.033439
2026-06-03 05:17:43 [INFO] Epoch: 10 [76800/100000 (77%)]	 Training Loss: 1.071 ACC: 51.86 CR: 0.60 Avg R1: 4.99 Avg R2: 6.04 Avg Reward: 11.031481
2026-06-03 05:18:04 [INFO] Epoch: 10 [89600/100000 (90%)]	 Training Loss: 1.073 ACC: 51.91 CR: 0.60 Avg R1: 4.99 Avg R2: 6.04 Avg Reward: 11.030539
2026-06-03 05:18:22 [INFO] EPOCH:10, ======================CR:0.6056====================
2026-06-03 05:18:22 [INFO] 0.006736473208270928
2026-06-03 05:18:27 [INFO] EPOCH:10, ======================ACC:43.08====================
2026-06-03 05:18:27 [INFO] BEST EPOCH:9,BEST ACC:44.57
2026-06-03 05:18:50 [INFO] Epoch: 11 [12800/100000 (13%)]	 Training Loss: 0.982 ACC: 55.48 CR: 0.60 Avg R1: 4.94 Avg R2: 6.15 Avg Reward: 11.085666
2026-06-03 05:19:12 [INFO] Epoch: 11 [25600/100000 (26%)]	 Training Loss: 1.004 ACC: 54.86 CR: 0.61 Avg R1: 4.93 Avg R2: 6.15 Avg Reward: 11.082156
2026-06-03 05:19:33 [INFO] Epoch: 11 [38400/100000 (38%)]	 Training Loss: 1.030 ACC: 54.37 CR: 0.61 Avg R1: 4.91 Avg R2: 6.16 Avg Reward: 11.072811
2026-06-03 05:19:54 [INFO] Epoch: 11 [51200/100000 (51%)]	 Training Loss: 1.039 ACC: 54.20 CR: 0.61 Avg R1: 4.90 Avg R2: 6.17 Avg Reward: 11.064237
2026-06-03 05:20:16 [INFO] Epoch: 11 [64000/100000 (64%)]	 Training Loss: 1.037 ACC: 54.00 CR: 0.61 Avg R1: 4.89 Avg R2: 6.17 Avg Reward: 11.060307
2026-06-03 05:20:37 [INFO] Epoch: 11 [76800/100000 (77%)]	 Training Loss: 1.035 ACC: 53.83 CR: 0.61 Avg R1: 4.88 Avg R2: 6.18 Avg Reward: 11.058996
2026-06-03 05:20:59 [INFO] Epoch: 11 [89600/100000 (90%)]	 Training Loss: 1.029 ACC: 53.82 CR: 0.60 Avg R1: 4.89 Avg R2: 6.17 Avg Reward: 11.061171
2026-06-03 05:21:16 [INFO] EPOCH:11, ======================CR:0.5958====================
2026-06-03 05:21:16 [INFO] 0.009447034433623457
2026-06-03 05:21:22 [INFO] EPOCH:11, ======================ACC:48.24====================
2026-06-03 05:21:22 [INFO] BEST EPOCH:11,BEST ACC:48.24
2026-06-03 05:21:44 [INFO] Epoch: 12 [12800/100000 (13%)]	 Training Loss: 0.859 ACC: 57.92 CR: 0.59 Avg R1: 5.10 Avg R2: 6.13 Avg Reward: 11.227243
2026-06-03 05:22:06 [INFO] Epoch: 12 [25600/100000 (26%)]	 Training Loss: 0.879 ACC: 57.42 CR: 0.58 Avg R1: 5.13 Avg R2: 6.11 Avg Reward: 11.241107
2026-06-03 05:22:27 [INFO] Epoch: 12 [38400/100000 (38%)]	 Training Loss: 0.884 ACC: 56.98 CR: 0.58 Avg R1: 5.17 Avg R2: 6.09 Avg Reward: 11.260072
2026-06-03 05:22:49 [INFO] Epoch: 12 [51200/100000 (51%)]	 Training Loss: 0.886 ACC: 56.88 CR: 0.57 Avg R1: 5.22 Avg R2: 6.06 Avg Reward: 11.282795
2026-06-03 05:23:10 [INFO] Epoch: 12 [64000/100000 (64%)]	 Training Loss: 0.890 ACC: 56.60 CR: 0.56 Avg R1: 5.27 Avg R2: 6.04 Avg Reward: 11.303944
2026-06-03 05:23:31 [INFO] Epoch: 12 [76800/100000 (77%)]	 Training Loss: 0.899 ACC: 56.27 CR: 0.55 Avg R1: 5.31 Avg R2: 6.01 Avg Reward: 11.324556
2026-06-03 05:23:53 [INFO] Epoch: 12 [89600/100000 (90%)]	 Training Loss: 0.905 ACC: 56.17 CR: 0.55 Avg R1: 5.36 Avg R2: 5.99 Avg Reward: 11.343858
2026-06-03 05:24:10 [INFO] EPOCH:12, ======================CR:0.54599====================
2026-06-03 05:24:10 [INFO] -0.00043707468685633935
2026-06-03 05:24:15 [INFO] EPOCH:12, ======================ACC:48.8====================
2026-06-03 05:24:15 [INFO] BEST EPOCH:12,BEST ACC:48.8
2026-06-03 05:24:38 [INFO] Epoch: 13 [12800/100000 (13%)]	 Training Loss: 0.854 ACC: 58.26 CR: 0.55 Avg R1: 5.67 Avg R2: 5.90 Avg Reward: 11.571899
2026-06-03 05:25:00 [INFO] Epoch: 13 [25600/100000 (26%)]	 Training Loss: 0.852 ACC: 58.32 CR: 0.54 Avg R1: 5.67 Avg R2: 5.90 Avg Reward: 11.575125
2026-06-03 05:25:21 [INFO] Epoch: 13 [38400/100000 (38%)]	 Training Loss: 0.856 ACC: 58.37 CR: 0.54 Avg R1: 5.68 Avg R2: 5.90 Avg Reward: 11.579764
2026-06-03 05:25:42 [INFO] Epoch: 13 [51200/100000 (51%)]	 Training Loss: 0.851 ACC: 58.28 CR: 0.54 Avg R1: 5.70 Avg R2: 5.89 Avg Reward: 11.586543
2026-06-03 05:26:04 [INFO] Epoch: 13 [64000/100000 (64%)]	 Training Loss: 0.853 ACC: 57.85 CR: 0.53 Avg R1: 5.72 Avg R2: 5.88 Avg Reward: 11.594531
2026-06-03 05:26:25 [INFO] Epoch: 13 [76800/100000 (77%)]	 Training Loss: 0.851 ACC: 57.78 CR: 0.53 Avg R1: 5.74 Avg R2: 5.87 Avg Reward: 11.604840
2026-06-03 05:26:46 [INFO] Epoch: 13 [89600/100000 (90%)]	 Training Loss: 0.851 ACC: 57.72 CR: 0.53 Avg R1: 5.76 Avg R2: 5.85 Avg Reward: 11.613150
2026-06-03 05:27:04 [INFO] EPOCH:13, ======================CR:0.52458====================
2026-06-03 05:27:04 [INFO] 0.003721311388844238
2026-06-03 05:27:09 [INFO] EPOCH:13, ======================ACC:49.03====================
2026-06-03 05:27:09 [INFO] BEST EPOCH:13,BEST ACC:49.03
2026-06-03 05:27:32 [INFO] Epoch: 14 [12800/100000 (13%)]	 Training Loss: 0.787 ACC: 60.35 CR: 0.52 Avg R1: 5.95 Avg R2: 5.81 Avg Reward: 11.764355
2026-06-03 05:27:53 [INFO] Epoch: 14 [25600/100000 (26%)]	 Training Loss: 0.789 ACC: 60.22 CR: 0.52 Avg R1: 5.96 Avg R2: 5.81 Avg Reward: 11.767821
2026-06-03 05:28:15 [INFO] Epoch: 14 [38400/100000 (38%)]	 Training Loss: 0.798 ACC: 59.79 CR: 0.52 Avg R1: 5.97 Avg R2: 5.80 Avg Reward: 11.771023
2026-06-03 05:28:36 [INFO] Epoch: 14 [51200/100000 (51%)]	 Training Loss: 0.799 ACC: 59.71 CR: 0.52 Avg R1: 5.97 Avg R2: 5.80 Avg Reward: 11.771870
2026-06-03 05:28:57 [INFO] Epoch: 14 [64000/100000 (64%)]	 Training Loss: 0.799 ACC: 59.61 CR: 0.52 Avg R1: 5.97 Avg R2: 5.80 Avg Reward: 11.773268
2026-06-03 05:29:19 [INFO] Epoch: 14 [76800/100000 (77%)]	 Training Loss: 0.800 ACC: 59.43 CR: 0.52 Avg R1: 5.98 Avg R2: 5.80 Avg Reward: 11.776264
2026-06-03 05:29:40 [INFO] Epoch: 14 [89600/100000 (90%)]	 Training Loss: 0.802 ACC: 59.32 CR: 0.51 Avg R1: 5.99 Avg R2: 5.79 Avg Reward: 11.781495
2026-06-03 05:29:58 [INFO] EPOCH:14, ======================CR:0.50912====================
2026-06-03 05:29:58 [INFO] -0.00539918083065757
2026-06-03 05:30:03 [INFO] EPOCH:14, ======================ACC:49.25====================
2026-06-03 05:30:03 [INFO] BEST EPOCH:14,BEST ACC:49.25
2026-06-03 05:30:25 [INFO] Epoch: 15 [12800/100000 (13%)]	 Training Loss: 0.705 ACC: 63.45 CR: 0.51 Avg R1: 6.15 Avg R2: 5.78 Avg Reward: 11.928859
2026-06-03 05:30:47 [INFO] Epoch: 15 [25600/100000 (26%)]	 Training Loss: 0.720 ACC: 62.20 CR: 0.50 Avg R1: 6.17 Avg R2: 5.77 Avg Reward: 11.937472
2026-06-03 05:31:08 [INFO] Epoch: 15 [38400/100000 (38%)]	 Training Loss: 0.727 ACC: 61.95 CR: 0.50 Avg R1: 6.19 Avg R2: 5.76 Avg Reward: 11.944228
2026-06-03 05:31:30 [INFO] Epoch: 15 [51200/100000 (51%)]	 Training Loss: 0.729 ACC: 61.85 CR: 0.50 Avg R1: 6.20 Avg R2: 5.75 Avg Reward: 11.950855
2026-06-03 05:31:51 [INFO] Epoch: 15 [64000/100000 (64%)]	 Training Loss: 0.733 ACC: 61.61 CR: 0.49 Avg R1: 6.22 Avg R2: 5.74 Avg Reward: 11.958368
2026-06-03 05:32:12 [INFO] Epoch: 15 [76800/100000 (77%)]	 Training Loss: 0.738 ACC: 61.14 CR: 0.49 Avg R1: 6.24 Avg R2: 5.73 Avg Reward: 11.964812
2026-06-03 05:32:34 [INFO] Epoch: 15 [89600/100000 (90%)]	 Training Loss: 0.737 ACC: 60.98 CR: 0.48 Avg R1: 6.26 Avg R2: 5.71 Avg Reward: 11.973791
2026-06-03 05:32:51 [INFO] EPOCH:15, ======================CR:0.47768====================
2026-06-03 05:32:51 [INFO] -0.0006346737815075902
2026-06-03 05:32:56 [INFO] EPOCH:15, ======================ACC:51.91====================
2026-06-03 05:32:56 [INFO] BEST EPOCH:15,BEST ACC:51.91
2026-06-03 05:33:19 [INFO] Epoch: 16 [12800/100000 (13%)]	 Training Loss: 0.655 ACC: 63.96 CR: 0.48 Avg R1: 6.54 Avg R2: 5.60 Avg Reward: 12.136944
2026-06-03 05:33:41 [INFO] Epoch: 16 [25600/100000 (26%)]	 Training Loss: 0.659 ACC: 63.80 CR: 0.47 Avg R1: 6.55 Avg R2: 5.59 Avg Reward: 12.139804
2026-06-03 05:34:02 [INFO] Epoch: 16 [38400/100000 (38%)]	 Training Loss: 0.649 ACC: 63.62 CR: 0.46 Avg R1: 6.58 Avg R2: 5.58 Avg Reward: 12.152887
2026-06-03 05:34:23 [INFO] Epoch: 16 [51200/100000 (51%)]	 Training Loss: 0.652 ACC: 63.37 CR: 0.46 Avg R1: 6.62 Avg R2: 5.56 Avg Reward: 12.171043
2026-06-03 05:34:45 [INFO] Epoch: 16 [64000/100000 (64%)]	 Training Loss: 0.658 ACC: 63.08 CR: 0.45 Avg R1: 6.66 Avg R2: 5.53 Avg Reward: 12.189119
2026-06-03 05:35:06 [INFO] Epoch: 16 [76800/100000 (77%)]	 Training Loss: 0.661 ACC: 62.95 CR: 0.45 Avg R1: 6.69 Avg R2: 5.51 Avg Reward: 12.206383
2026-06-03 05:35:27 [INFO] Epoch: 16 [89600/100000 (90%)]	 Training Loss: 0.666 ACC: 62.72 CR: 0.44 Avg R1: 6.73 Avg R2: 5.49 Avg Reward: 12.222864
2026-06-03 05:35:42 [INFO] EPOCH:16, ======================CR:0.44058====================
2026-06-03 05:35:42 [INFO] -0.0035139894616226168
2026-06-03 05:35:47 [INFO] EPOCH:16, ======================ACC:51.9====================
2026-06-03 05:35:47 [INFO] BEST EPOCH:15,BEST ACC:51.91
2026-06-03 05:36:06 [INFO] Epoch: 17 [12800/100000 (13%)]	 Training Loss: 0.613 ACC: 65.38 CR: 0.44 Avg R1: 7.00 Avg R2: 5.42 Avg Reward: 12.420070
2026-06-03 05:36:18 [INFO] Epoch: 17 [25600/100000 (26%)]	 Training Loss: 0.602 ACC: 65.22 CR: 0.44 Avg R1: 7.01 Avg R2: 5.42 Avg Reward: 12.427691
2026-06-03 05:36:30 [INFO] Epoch: 17 [38400/100000 (38%)]	 Training Loss: 0.600 ACC: 65.18 CR: 0.43 Avg R1: 7.04 Avg R2: 5.40 Avg Reward: 12.438287
2026-06-03 05:36:42 [INFO] Epoch: 17 [51200/100000 (51%)]	 Training Loss: 0.599 ACC: 64.83 CR: 0.42 Avg R1: 7.07 Avg R2: 5.38 Avg Reward: 12.450830
2026-06-03 05:36:54 [INFO] Epoch: 17 [64000/100000 (64%)]	 Training Loss: 0.600 ACC: 64.61 CR: 0.42 Avg R1: 7.11 Avg R2: 5.36 Avg Reward: 12.466738
2026-06-03 05:37:06 [INFO] Epoch: 17 [76800/100000 (77%)]	 Training Loss: 0.609 ACC: 64.24 CR: 0.41 Avg R1: 7.14 Avg R2: 5.34 Avg Reward: 12.480136
2026-06-03 05:37:18 [INFO] Epoch: 17 [89600/100000 (90%)]	 Training Loss: 0.618 ACC: 63.95 CR: 0.41 Avg R1: 7.17 Avg R2: 5.32 Avg Reward: 12.491142
2026-06-03 05:37:32 [INFO] EPOCH:17, ======================CR:0.41125====================
2026-06-03 05:37:32 [INFO] -0.004076369012252188
2026-06-03 05:37:37 [INFO] EPOCH:17, ======================ACC:50.11====================
2026-06-03 05:37:37 [INFO] BEST EPOCH:15,BEST ACC:51.91
2026-06-03 05:38:00 [INFO] Epoch: 18 [12800/100000 (13%)]	 Training Loss: 0.607 ACC: 66.09 CR: 0.42 Avg R1: 7.33 Avg R2: 5.28 Avg Reward: 12.608911
2026-06-03 05:38:22 [INFO] Epoch: 18 [25600/100000 (26%)]	 Training Loss: 0.607 ACC: 65.98 CR: 0.42 Avg R1: 7.30 Avg R2: 5.30 Avg Reward: 12.598555
2026-06-03 05:38:43 [INFO] Epoch: 18 [38400/100000 (38%)]	 Training Loss: 0.614 ACC: 65.55 CR: 0.42 Avg R1: 7.28 Avg R2: 5.31 Avg Reward: 12.589607
2026-06-03 05:39:05 [INFO] Epoch: 18 [51200/100000 (51%)]	 Training Loss: 0.616 ACC: 65.39 CR: 0.43 Avg R1: 7.25 Avg R2: 5.33 Avg Reward: 12.580987
2026-06-03 05:39:26 [INFO] Epoch: 18 [64000/100000 (64%)]	 Training Loss: 0.623 ACC: 64.93 CR: 0.43 Avg R1: 7.23 Avg R2: 5.35 Avg Reward: 12.571231
2026-06-03 05:39:48 [INFO] Epoch: 18 [76800/100000 (77%)]	 Training Loss: 0.628 ACC: 64.71 CR: 0.44 Avg R1: 7.20 Avg R2: 5.36 Avg Reward: 12.559944
2026-06-03 05:40:10 [INFO] Epoch: 18 [89600/100000 (90%)]	 Training Loss: 0.634 ACC: 64.54 CR: 0.44 Avg R1: 7.17 Avg R2: 5.38 Avg Reward: 12.546927
2026-06-03 05:40:27 [INFO] EPOCH:18, ======================CR:0.45124====================
2026-06-03 05:40:27 [INFO] -0.003416739545745812
2026-06-03 05:40:33 [INFO] EPOCH:18, ======================ACC:50.79====================
2026-06-03 05:40:33 [INFO] BEST EPOCH:15,BEST ACC:51.91
2026-06-03 05:40:55 [INFO] Epoch: 19 [12800/100000 (13%)]	 Training Loss: 0.611 ACC: 67.60 CR: 0.45 Avg R1: 6.84 Avg R2: 5.63 Avg Reward: 12.466423
2026-06-03 05:41:17 [INFO] Epoch: 19 [25600/100000 (26%)]	 Training Loss: 0.613 ACC: 67.17 CR: 0.46 Avg R1: 6.81 Avg R2: 5.64 Avg Reward: 12.453985
2026-06-03 05:41:38 [INFO] Epoch: 19 [38400/100000 (38%)]	 Training Loss: 0.629 ACC: 66.33 CR: 0.47 Avg R1: 6.78 Avg R2: 5.66 Avg Reward: 12.440223
2026-06-03 05:42:00 [INFO] Epoch: 19 [51200/100000 (51%)]	 Training Loss: 0.635 ACC: 66.19 CR: 0.47 Avg R1: 6.75 Avg R2: 5.68 Avg Reward: 12.426821
2026-06-03 05:42:21 [INFO] Epoch: 19 [64000/100000 (64%)]	 Training Loss: 0.644 ACC: 65.85 CR: 0.48 Avg R1: 6.71 Avg R2: 5.70 Avg Reward: 12.411540
2026-06-03 05:42:43 [INFO] Epoch: 19 [76800/100000 (77%)]	 Training Loss: 0.649 ACC: 65.68 CR: 0.48 Avg R1: 6.68 Avg R2: 5.72 Avg Reward: 12.395736
2026-06-03 05:43:05 [INFO] Epoch: 19 [89600/100000 (90%)]	 Training Loss: 0.655 ACC: 65.42 CR: 0.49 Avg R1: 6.64 Avg R2: 5.74 Avg Reward: 12.380736
2026-06-03 05:43:22 [INFO] EPOCH:19, ======================CR:0.49405====================
2026-06-03 05:43:22 [INFO] 0.0012310317844295051
2026-06-03 05:43:27 [INFO] EPOCH:19, ======================ACC:51.5====================
2026-06-03 05:43:28 [INFO] BEST EPOCH:15,BEST ACC:51.91
2026-06-03 05:43:50 [INFO] Epoch: 20 [12800/100000 (13%)]	 Training Loss: 0.601 ACC: 67.82 CR: 0.49 Avg R1: 6.33 Avg R2: 5.98 Avg Reward: 12.315506
2026-06-03 05:44:12 [INFO] Epoch: 20 [25600/100000 (26%)]	 Training Loss: 0.601 ACC: 67.62 CR: 0.49 Avg R1: 6.33 Avg R2: 5.98 Avg Reward: 12.317069
2026-06-03 05:44:33 [INFO] Epoch: 20 [38400/100000 (38%)]	 Training Loss: 0.605 ACC: 67.56 CR: 0.49 Avg R1: 6.33 Avg R2: 5.98 Avg Reward: 12.316229
2026-06-03 05:44:55 [INFO] Epoch: 20 [51200/100000 (51%)]	 Training Loss: 0.616 ACC: 67.05 CR: 0.49 Avg R1: 6.33 Avg R2: 5.98 Avg Reward: 12.315066
2026-06-03 05:45:16 [INFO] Epoch: 20 [64000/100000 (64%)]	 Training Loss: 0.623 ACC: 66.55 CR: 0.49 Avg R1: 6.33 Avg R2: 5.98 Avg Reward: 12.314299
2026-06-03 05:45:38 [INFO] Epoch: 20 [76800/100000 (77%)]	 Training Loss: 0.626 ACC: 66.40 CR: 0.49 Avg R1: 6.34 Avg R2: 5.98 Avg Reward: 12.316107
2026-06-03 05:45:59 [INFO] Epoch: 20 [89600/100000 (90%)]	 Training Loss: 0.632 ACC: 66.17 CR: 0.49 Avg R1: 6.34 Avg R2: 5.98 Avg Reward: 12.317832
2026-06-03 05:46:17 [INFO] EPOCH:20, ======================CR:0.49407====================
2026-06-03 05:46:17 [INFO] 0.00017731253057044657
2026-06-03 05:46:22 [INFO] EPOCH:20, ======================ACC:50.93====================
2026-06-03 05:46:22 [INFO] BEST EPOCH:15,BEST ACC:51.91
2026-06-03 05:46:45 [INFO] Epoch: 21 [12800/100000 (13%)]	 Training Loss: 0.604 ACC: 68.52 CR: 0.50 Avg R1: 6.32 Avg R2: 6.05 Avg Reward: 12.364472
2026-06-03 05:47:06 [INFO] Epoch: 21 [25600/100000 (26%)]	 Training Loss: 0.598 ACC: 68.60 CR: 0.50 Avg R1: 6.31 Avg R2: 6.05 Avg Reward: 12.362719
2026-06-03 05:47:28 [INFO] Epoch: 21 [38400/100000 (38%)]	 Training Loss: 0.600 ACC: 68.43 CR: 0.50 Avg R1: 6.30 Avg R2: 6.06 Avg Reward: 12.359957
2026-06-03 05:47:49 [INFO] Epoch: 21 [51200/100000 (51%)]	 Training Loss: 0.606 ACC: 68.06 CR: 0.50 Avg R1: 6.29 Avg R2: 6.07 Avg Reward: 12.356393
2026-06-03 05:48:11 [INFO] Epoch: 21 [64000/100000 (64%)]	 Training Loss: 0.611 ACC: 67.89 CR: 0.50 Avg R1: 6.28 Avg R2: 6.07 Avg Reward: 12.353254
2026-06-03 05:48:32 [INFO] Epoch: 21 [76800/100000 (77%)]	 Training Loss: 0.621 ACC: 67.44 CR: 0.51 Avg R1: 6.27 Avg R2: 6.08 Avg Reward: 12.348378
2026-06-03 05:48:54 [INFO] Epoch: 21 [89600/100000 (90%)]	 Training Loss: 0.633 ACC: 67.10 CR: 0.51 Avg R1: 6.25 Avg R2: 6.09 Avg Reward: 12.339799
2026-06-03 05:49:11 [INFO] EPOCH:21, ======================CR:0.5186====================
2026-06-03 05:49:11 [INFO] 0.001884542465800472
2026-06-03 05:49:16 [INFO] EPOCH:21, ======================ACC:50.54====================
2026-06-03 05:49:16 [INFO] BEST EPOCH:15,BEST ACC:51.91
2026-06-03 05:49:39 [INFO] Epoch: 22 [12800/100000 (13%)]	 Training Loss: 0.575 ACC: 69.96 CR: 0.52 Avg R1: 6.02 Avg R2: 6.27 Avg Reward: 12.289915
2026-06-03 05:50:01 [INFO] Epoch: 22 [25600/100000 (26%)]	 Training Loss: 0.589 ACC: 69.79 CR: 0.52 Avg R1: 6.01 Avg R2: 6.28 Avg Reward: 12.284916
2026-06-03 05:50:22 [INFO] Epoch: 22 [38400/100000 (38%)]	 Training Loss: 0.595 ACC: 69.58 CR: 0.52 Avg R1: 5.99 Avg R2: 6.29 Avg Reward: 12.280316
2026-06-03 05:50:44 [INFO] Epoch: 22 [51200/100000 (51%)]	 Training Loss: 0.606 ACC: 68.98 CR: 0.52 Avg R1: 5.98 Avg R2: 6.29 Avg Reward: 12.275428
2026-06-03 05:51:05 [INFO] Epoch: 22 [64000/100000 (64%)]	 Training Loss: 0.611 ACC: 68.66 CR: 0.53 Avg R1: 5.97 Avg R2: 6.30 Avg Reward: 12.272793
2026-06-03 05:51:27 [INFO] Epoch: 22 [76800/100000 (77%)]	 Training Loss: 0.615 ACC: 68.35 CR: 0.53 Avg R1: 5.97 Avg R2: 6.30 Avg Reward: 12.270408
2026-06-03 05:51:48 [INFO] Epoch: 22 [89600/100000 (90%)]	 Training Loss: 0.617 ACC: 68.04 CR: 0.52 Avg R1: 5.96 Avg R2: 6.31 Avg Reward: 12.269199
2026-06-03 05:52:06 [INFO] EPOCH:22, ======================CR:0.52491====================
2026-06-03 05:52:06 [INFO] 0.010948819937712543
2026-06-03 05:52:11 [INFO] EPOCH:22, ======================ACC:51.73====================
2026-06-03 05:52:11 [INFO] BEST EPOCH:15,BEST ACC:51.91
2026-06-03 05:52:34 [INFO] Epoch: 23 [12800/100000 (13%)]	 Training Loss: 0.555 ACC: 71.58 CR: 0.53 Avg R1: 5.93 Avg R2: 6.39 Avg Reward: 12.311143
2026-06-03 05:52:55 [INFO] Epoch: 23 [25600/100000 (26%)]	 Training Loss: 0.563 ACC: 71.14 CR: 0.53 Avg R1: 5.92 Avg R2: 6.39 Avg Reward: 12.307942
2026-06-03 05:53:17 [INFO] Epoch: 23 [38400/100000 (38%)]	 Training Loss: 0.576 ACC: 70.43 CR: 0.53 Avg R1: 5.91 Avg R2: 6.39 Avg Reward: 12.302336
2026-06-03 05:53:38 [INFO] Epoch: 23 [51200/100000 (51%)]	 Training Loss: 0.585 ACC: 70.09 CR: 0.53 Avg R1: 5.90 Avg R2: 6.40 Avg Reward: 12.295850
2026-06-03 05:54:00 [INFO] Epoch: 23 [64000/100000 (64%)]	 Training Loss: 0.591 ACC: 69.60 CR: 0.53 Avg R1: 5.89 Avg R2: 6.40 Avg Reward: 12.291536
2026-06-03 05:54:21 [INFO] Epoch: 23 [76800/100000 (77%)]	 Training Loss: 0.598 ACC: 69.28 CR: 0.54 Avg R1: 5.88 Avg R2: 6.41 Avg Reward: 12.286795
2026-06-03 05:54:43 [INFO] Epoch: 23 [89600/100000 (90%)]	 Training Loss: 0.604 ACC: 69.03 CR: 0.54 Avg R1: 5.86 Avg R2: 6.42 Avg Reward: 12.281461
2026-06-03 05:55:00 [INFO] EPOCH:23, ======================CR:0.53907====================
2026-06-03 05:55:00 [INFO] 0.009693510590366787
2026-06-03 05:55:06 [INFO] EPOCH:23, ======================ACC:51.12====================
2026-06-03 05:55:06 [INFO] BEST EPOCH:15,BEST ACC:51.91
2026-06-03 05:55:29 [INFO] Epoch: 24 [12800/100000 (13%)]	 Training Loss: 0.540 ACC: 71.88 CR: 0.54 Avg R1: 5.77 Avg R2: 6.51 Avg Reward: 12.282544
2026-06-03 05:55:50 [INFO] Epoch: 24 [25600/100000 (26%)]	 Training Loss: 0.538 ACC: 71.83 CR: 0.54 Avg R1: 5.78 Avg R2: 6.51 Avg Reward: 12.285134
2026-06-03 05:56:11 [INFO] Epoch: 24 [38400/100000 (38%)]	 Training Loss: 0.547 ACC: 71.53 CR: 0.54 Avg R1: 5.78 Avg R2: 6.51 Avg Reward: 12.287417
2026-06-03 05:56:30 [INFO] Epoch: 24 [51200/100000 (51%)]	 Training Loss: 0.562 ACC: 70.97 CR: 0.54 Avg R1: 5.78 Avg R2: 6.51 Avg Reward: 12.286993
2026-06-03 05:56:48 [INFO] Epoch: 24 [64000/100000 (64%)]	 Training Loss: 0.570 ACC: 70.77 CR: 0.54 Avg R1: 5.78 Avg R2: 6.51 Avg Reward: 12.285999
2026-06-03 05:57:07 [INFO] Epoch: 24 [76800/100000 (77%)]	 Training Loss: 0.582 ACC: 70.30 CR: 0.55 Avg R1: 5.77 Avg R2: 6.51 Avg Reward: 12.282704
2026-06-03 05:57:22 [INFO] Epoch: 24 [89600/100000 (90%)]	 Training Loss: 0.594 ACC: 69.92 CR: 0.55 Avg R1: 5.75 Avg R2: 6.53 Avg Reward: 12.274722
2026-06-03 05:57:32 [INFO] EPOCH:24, ======================CR:0.56003====================
2026-06-03 05:57:32 [INFO] 0.01067078526316886
2026-06-03 05:57:35 [INFO] EPOCH:24, ======================ACC:51.88====================
2026-06-03 05:57:35 [INFO] BEST EPOCH:15,BEST ACC:51.91
2026-06-03 05:57:48 [INFO] Epoch: 25 [12800/100000 (13%)]	 Training Loss: 0.587 ACC: 71.73 CR: 0.57 Avg R1: 5.44 Avg R2: 6.77 Avg Reward: 12.217947
2026-06-03 05:58:00 [INFO] Epoch: 25 [25600/100000 (26%)]	 Training Loss: 0.585 ACC: 71.73 CR: 0.57 Avg R1: 5.40 Avg R2: 6.80 Avg Reward: 12.200178
2026-06-03 05:58:12 [INFO] Epoch: 25 [38400/100000 (38%)]	 Training Loss: 0.601 ACC: 71.26 CR: 0.58 Avg R1: 5.36 Avg R2: 6.82 Avg Reward: 12.180730
2026-06-03 05:58:23 [INFO] Epoch: 25 [51200/100000 (51%)]	 Training Loss: 0.622 ACC: 70.71 CR: 0.60 Avg R1: 5.30 Avg R2: 6.86 Avg Reward: 12.155276
2026-06-03 05:58:39 [INFO] Epoch: 25 [64000/100000 (64%)]	 Training Loss: 0.646 ACC: 70.17 CR: 0.62 Avg R1: 5.21 Avg R2: 6.91 Avg Reward: 12.122897
2026-06-03 05:59:00 [INFO] Epoch: 25 [76800/100000 (77%)]	 Training Loss: 0.660 ACC: 69.74 CR: 0.64 Avg R1: 5.12 Avg R2: 6.97 Avg Reward: 12.084564
2026-06-03 05:59:22 [INFO] Epoch: 25 [89600/100000 (90%)]	 Training Loss: 0.671 ACC: 69.42 CR: 0.65 Avg R1: 5.02 Avg R2: 7.03 Avg Reward: 12.046224
2026-06-03 05:59:39 [INFO] EPOCH:25, ======================CR:0.66031====================
2026-06-03 05:59:39 [INFO] 0.02491158664440589
2026-06-03 05:59:44 [INFO] EPOCH:25, ======================ACC:49.94====================
2026-06-03 05:59:44 [INFO] BEST EPOCH:15,BEST ACC:51.91
2026-06-03 06:00:07 [INFO] Epoch: 26 [12800/100000 (13%)]	 Training Loss: 0.559 ACC: 72.51 CR: 0.65 Avg R1: 4.30 Avg R2: 7.51 Avg Reward: 11.809595
2026-06-03 06:00:29 [INFO] Epoch: 26 [25600/100000 (26%)]	 Training Loss: 0.565 ACC: 72.65 CR: 0.65 Avg R1: 4.34 Avg R2: 7.49 Avg Reward: 11.828923
2026-06-03 06:00:50 [INFO] Epoch: 26 [38400/100000 (38%)]	 Training Loss: 0.574 ACC: 72.15 CR: 0.64 Avg R1: 4.38 Avg R2: 7.46 Avg Reward: 11.845440
2026-06-03 06:01:11 [INFO] Epoch: 26 [51200/100000 (51%)]	 Training Loss: 0.584 ACC: 71.74 CR: 0.64 Avg R1: 4.42 Avg R2: 7.44 Avg Reward: 11.861352
2026-06-03 06:01:32 [INFO] Epoch: 26 [64000/100000 (64%)]	 Training Loss: 0.597 ACC: 71.45 CR: 0.64 Avg R1: 4.45 Avg R2: 7.42 Avg Reward: 11.872080
2026-06-03 06:01:54 [INFO] Epoch: 26 [76800/100000 (77%)]	 Training Loss: 0.609 ACC: 71.02 CR: 0.63 Avg R1: 4.47 Avg R2: 7.41 Avg Reward: 11.879468
2026-06-03 06:02:15 [INFO] Epoch: 26 [89600/100000 (90%)]	 Training Loss: 0.616 ACC: 70.69 CR: 0.63 Avg R1: 4.49 Avg R2: 7.40 Avg Reward: 11.888351
2026-06-03 06:02:32 [INFO] EPOCH:26, ======================CR:0.62655====================
2026-06-03 06:02:32 [INFO] 0.0217441452235083
2026-06-03 06:02:38 [INFO] EPOCH:26, ======================ACC:51.85====================
2026-06-03 06:02:38 [INFO] BEST EPOCH:15,BEST ACC:51.91
2026-06-03 06:03:00 [INFO] Epoch: 27 [12800/100000 (13%)]	 Training Loss: 0.574 ACC: 74.13 CR: 0.63 Avg R1: 4.64 Avg R2: 7.35 Avg Reward: 11.984272
2026-06-03 06:03:21 [INFO] Epoch: 27 [25600/100000 (26%)]	 Training Loss: 0.579 ACC: 73.83 CR: 0.64 Avg R1: 4.60 Avg R2: 7.37 Avg Reward: 11.972179
2026-06-03 06:03:43 [INFO] Epoch: 27 [38400/100000 (38%)]	 Training Loss: 0.605 ACC: 73.29 CR: 0.65 Avg R1: 4.55 Avg R2: 7.40 Avg Reward: 11.953633
2026-06-03 06:04:04 [INFO] Epoch: 27 [51200/100000 (51%)]	 Training Loss: 0.642 ACC: 72.51 CR: 0.67 Avg R1: 4.47 Avg R2: 7.45 Avg Reward: 11.924097
2026-06-03 06:04:26 [INFO] Epoch: 27 [64000/100000 (64%)]	 Training Loss: 0.680 ACC: 71.62 CR: 0.70 Avg R1: 4.36 Avg R2: 7.53 Avg Reward: 11.883217
2026-06-03 06:04:47 [INFO] Epoch: 27 [76800/100000 (77%)]	 Training Loss: 0.704 ACC: 70.95 CR: 0.73 Avg R1: 4.23 Avg R2: 7.61 Avg Reward: 11.838818
2026-06-03 06:05:08 [INFO] Epoch: 27 [89600/100000 (90%)]	 Training Loss: 0.722 ACC: 70.45 CR: 0.75 Avg R1: 4.09 Avg R2: 7.70 Avg Reward: 11.791572
2026-06-03 06:05:26 [INFO] EPOCH:27, ======================CR:0.7725====================
2026-06-03 06:05:26 [INFO] 0.03308656358817455
2026-06-03 06:05:31 [INFO] EPOCH:27, ======================ACC:48.77====================
2026-06-03 06:05:31 [INFO] BEST EPOCH:15,BEST ACC:51.91
2026-06-03 06:05:54 [INFO] Epoch: 28 [12800/100000 (13%)]	 Training Loss: 0.672 ACC: 72.87 CR: 0.77 Avg R1: 2.82 Avg R2: 8.59 Avg Reward: 11.405829
2026-06-03 06:06:15 [INFO] Epoch: 28 [25600/100000 (26%)]	 Training Loss: 0.637 ACC: 72.97 CR: 0.77 Avg R1: 2.84 Avg R2: 8.57 Avg Reward: 11.411693
2026-06-03 06:06:36 [INFO] Epoch: 28 [38400/100000 (38%)]	 Training Loss: 0.623 ACC: 73.07 CR: 0.75 Avg R1: 2.90 Avg R2: 8.53 Avg Reward: 11.427883
2026-06-03 06:06:57 [INFO] Epoch: 28 [51200/100000 (51%)]	 Training Loss: 0.618 ACC: 72.84 CR: 0.74 Avg R1: 2.96 Avg R2: 8.49 Avg Reward: 11.449653
2026-06-03 06:07:19 [INFO] Epoch: 28 [64000/100000 (64%)]	 Training Loss: 0.622 ACC: 72.50 CR: 0.73 Avg R1: 3.03 Avg R2: 8.44 Avg Reward: 11.471482
2026-06-03 06:07:40 [INFO] Epoch: 28 [76800/100000 (77%)]	 Training Loss: 0.627 ACC: 72.22 CR: 0.72 Avg R1: 3.10 Avg R2: 8.40 Avg Reward: 11.492971
2026-06-03 06:08:01 [INFO] Epoch: 28 [89600/100000 (90%)]	 Training Loss: 0.633 ACC: 72.01 CR: 0.72 Avg R1: 3.16 Avg R2: 8.36 Avg Reward: 11.512921
2026-06-03 06:08:19 [INFO] EPOCH:28, ======================CR:0.70908====================
2026-06-03 06:08:19 [INFO] 0.031153502854101577
2026-06-03 06:08:24 [INFO] EPOCH:28, ======================ACC:52.45====================
2026-06-03 06:08:24 [INFO] BEST EPOCH:28,BEST ACC:52.45
2026-06-03 06:08:47 [INFO] Epoch: 29 [12800/100000 (13%)]	 Training Loss: 0.575 ACC: 75.20 CR: 0.71 Avg R1: 3.61 Avg R2: 8.07 Avg Reward: 11.680069
2026-06-03 06:09:08 [INFO] Epoch: 29 [25600/100000 (26%)]	 Training Loss: 0.588 ACC: 74.80 CR: 0.72 Avg R1: 3.56 Avg R2: 8.10 Avg Reward: 11.660340
2026-06-03 06:09:29 [INFO] Epoch: 29 [38400/100000 (38%)]	 Training Loss: 0.608 ACC: 74.38 CR: 0.73 Avg R1: 3.52 Avg R2: 8.12 Avg Reward: 11.642672
2026-06-03 06:09:50 [INFO] Epoch: 29 [51200/100000 (51%)]	 Training Loss: 0.616 ACC: 73.99 CR: 0.74 Avg R1: 3.47 Avg R2: 8.15 Avg Reward: 11.625563
2026-06-03 06:10:12 [INFO] Epoch: 29 [64000/100000 (64%)]	 Training Loss: 0.628 ACC: 73.42 CR: 0.74 Avg R1: 3.43 Avg R2: 8.18 Avg Reward: 11.608856
2026-06-03 06:10:33 [INFO] Epoch: 29 [76800/100000 (77%)]	 Training Loss: 0.640 ACC: 72.95 CR: 0.75 Avg R1: 3.38 Avg R2: 8.21 Avg Reward: 11.591572
2026-06-03 06:10:54 [INFO] Epoch: 29 [89600/100000 (90%)]	 Training Loss: 0.653 ACC: 72.53 CR: 0.76 Avg R1: 3.33 Avg R2: 8.24 Avg Reward: 11.571415
2026-06-03 06:11:12 [INFO] EPOCH:29, ======================CR:0.76549====================
2026-06-03 06:11:12 [INFO] 0.0360225344373239
2026-06-03 06:11:17 [INFO] EPOCH:29, ======================ACC:51.03====================
2026-06-03 06:11:17 [INFO] BEST EPOCH:28,BEST ACC:52.45
2026-06-03 06:11:39 [INFO] Epoch: 30 [12800/100000 (13%)]	 Training Loss: 0.482 ACC: 79.31 CR: 0.76 Avg R1: 2.96 Avg R2: 8.53 Avg Reward: 11.481488
2026-06-03 06:12:01 [INFO] Epoch: 30 [25600/100000 (26%)]	 Training Loss: 0.442 ACC: 81.18 CR: 0.76 Avg R1: 2.98 Avg R2: 8.51 Avg Reward: 11.490077
2026-06-03 06:12:22 [INFO] Epoch: 30 [38400/100000 (38%)]	 Training Loss: 0.422 ACC: 82.21 CR: 0.75 Avg R1: 3.00 Avg R2: 8.49 Avg Reward: 11.496363
2026-06-03 06:12:43 [INFO] Epoch: 30 [51200/100000 (51%)]	 Training Loss: 0.409 ACC: 82.93 CR: 0.75 Avg R1: 3.02 Avg R2: 8.48 Avg Reward: 11.502569
2026-06-03 06:13:05 [INFO] Epoch: 30 [64000/100000 (64%)]	 Training Loss: 0.393 ACC: 83.49 CR: 0.74 Avg R1: 3.05 Avg R2: 8.46 Avg Reward: 11.511634
2026-06-03 06:13:26 [INFO] Epoch: 30 [76800/100000 (77%)]	 Training Loss: 0.379 ACC: 83.94 CR: 0.72 Avg R1: 3.11 Avg R2: 8.42 Avg Reward: 11.531193
2026-06-03 06:13:48 [INFO] Epoch: 30 [89600/100000 (90%)]	 Training Loss: 0.368 ACC: 84.29 CR: 0.70 Avg R1: 3.19 Avg R2: 8.37 Avg Reward: 11.557011
2026-06-03 06:14:05 [INFO] EPOCH:30, ======================CR:0.68374====================
2026-06-03 06:14:05 [INFO] 0.030293951378534564
2026-06-03 06:14:10 [INFO] EPOCH:30, ======================ACC:61.19====================
2026-06-03 06:14:10 [INFO] BEST EPOCH:30,BEST ACC:61.19
2026-06-03 06:14:33 [INFO] Epoch: 31 [12800/100000 (13%)]	 Training Loss: 0.267 ACC: 87.28 CR: 0.67 Avg R1: 4.04 Avg R2: 7.68 Avg Reward: 11.719975
2026-06-03 06:14:54 [INFO] Epoch: 31 [25600/100000 (26%)]	 Training Loss: 0.262 ACC: 87.68 CR: 0.66 Avg R1: 4.12 Avg R2: 7.62 Avg Reward: 11.747777
2026-06-03 06:15:16 [INFO] Epoch: 31 [38400/100000 (38%)]	 Training Loss: 0.258 ACC: 87.87 CR: 0.64 Avg R1: 4.21 Avg R2: 7.57 Avg Reward: 11.779192
2026-06-03 06:15:37 [INFO] Epoch: 31 [51200/100000 (51%)]	 Training Loss: 0.259 ACC: 87.86 CR: 0.62 Avg R1: 4.31 Avg R2: 7.51 Avg Reward: 11.815894
2026-06-03 06:15:58 [INFO] Epoch: 31 [64000/100000 (64%)]	 Training Loss: 0.258 ACC: 87.92 CR: 0.61 Avg R1: 4.41 Avg R2: 7.44 Avg Reward: 11.855835
2026-06-03 06:16:19 [INFO] Epoch: 31 [76800/100000 (77%)]	 Training Loss: 0.256 ACC: 87.98 CR: 0.59 Avg R1: 4.51 Avg R2: 7.38 Avg Reward: 11.894969
2026-06-03 06:16:41 [INFO] Epoch: 31 [89600/100000 (90%)]	 Training Loss: 0.255 ACC: 88.03 CR: 0.57 Avg R1: 4.62 Avg R2: 7.32 Avg Reward: 11.933836
2026-06-03 06:16:58 [INFO] EPOCH:31, ======================CR:0.56008====================
2026-06-03 06:16:58 [INFO] 0.012709934322042432
2026-06-03 06:17:04 [INFO] EPOCH:31, ======================ACC:61.71====================
2026-06-03 06:17:04 [INFO] BEST EPOCH:31,BEST ACC:61.71
2026-06-03 06:17:26 [INFO] Epoch: 32 [12800/100000 (13%)]	 Training Loss: 0.238 ACC: 88.91 CR: 0.56 Avg R1: 5.50 Avg R2: 6.78 Avg Reward: 12.282986
2026-06-03 06:17:48 [INFO] Epoch: 32 [25600/100000 (26%)]	 Training Loss: 0.232 ACC: 89.24 CR: 0.56 Avg R1: 5.51 Avg R2: 6.78 Avg Reward: 12.288174
2026-06-03 06:18:09 [INFO] Epoch: 32 [38400/100000 (38%)]	 Training Loss: 0.231 ACC: 89.35 CR: 0.55 Avg R1: 5.52 Avg R2: 6.77 Avg Reward: 12.293206
2026-06-03 06:18:30 [INFO] Epoch: 32 [51200/100000 (51%)]	 Training Loss: 0.233 ACC: 89.31 CR: 0.55 Avg R1: 5.53 Avg R2: 6.76 Avg Reward: 12.298830
2026-06-03 06:18:46 [INFO] Epoch: 32 [64000/100000 (64%)]	 Training Loss: 0.231 ACC: 89.41 CR: 0.56 Avg R1: 5.54 Avg R2: 6.76 Avg Reward: 12.302495
2026-06-03 06:18:59 [INFO] Epoch: 32 [76800/100000 (77%)]	 Training Loss: 0.232 ACC: 89.45 CR: 0.56 Avg R1: 5.54 Avg R2: 6.77 Avg Reward: 12.303571
2026-06-03 06:19:11 [INFO] Epoch: 32 [89600/100000 (90%)]	 Training Loss: 0.232 ACC: 89.45 CR: 0.56 Avg R1: 5.53 Avg R2: 6.77 Avg Reward: 12.302683
2026-06-03 06:19:21 [INFO] EPOCH:32, ======================CR:0.5618====================
2026-06-03 06:19:21 [INFO] 0.010752363971032873
2026-06-03 06:19:24 [INFO] EPOCH:32, ======================ACC:61.89====================
2026-06-03 06:19:24 [INFO] BEST EPOCH:32,BEST ACC:61.89
2026-06-03 06:19:37 [INFO] Epoch: 33 [12800/100000 (13%)]	 Training Loss: 0.228 ACC: 90.23 CR: 0.57 Avg R1: 5.46 Avg R2: 6.86 Avg Reward: 12.324211
2026-06-03 06:19:49 [INFO] Epoch: 33 [25600/100000 (26%)]	 Training Loss: 0.229 ACC: 90.18 CR: 0.57 Avg R1: 5.43 Avg R2: 6.89 Avg Reward: 12.313161
2026-06-03 06:20:03 [INFO] Epoch: 33 [38400/100000 (38%)]	 Training Loss: 0.226 ACC: 90.32 CR: 0.58 Avg R1: 5.39 Avg R2: 6.91 Avg Reward: 12.297441
2026-06-03 06:20:25 [INFO] Epoch: 33 [51200/100000 (51%)]	 Training Loss: 0.225 ACC: 90.40 CR: 0.58 Avg R1: 5.35 Avg R2: 6.93 Avg Reward: 12.283513
2026-06-03 06:20:46 [INFO] Epoch: 33 [64000/100000 (64%)]	 Training Loss: 0.224 ACC: 90.41 CR: 0.59 Avg R1: 5.32 Avg R2: 6.95 Avg Reward: 12.269944
2026-06-03 06:21:08 [INFO] Epoch: 33 [76800/100000 (77%)]	 Training Loss: 0.223 ACC: 90.34 CR: 0.59 Avg R1: 5.29 Avg R2: 6.97 Avg Reward: 12.256481
2026-06-03 06:21:29 [INFO] Epoch: 33 [89600/100000 (90%)]	 Training Loss: 0.222 ACC: 90.39 CR: 0.59 Avg R1: 5.27 Avg R2: 6.98 Avg Reward: 12.245497
2026-06-03 06:21:47 [INFO] EPOCH:33, ======================CR:0.59387====================
2026-06-03 06:21:47 [INFO] 0.014385268586031489
2026-06-03 06:21:52 [INFO] EPOCH:33, ======================ACC:61.76====================
2026-06-03 06:21:52 [INFO] BEST EPOCH:32,BEST ACC:61.89
2026-06-03 06:22:15 [INFO] Epoch: 34 [12800/100000 (13%)]	 Training Loss: 0.194 ACC: 91.45 CR: 0.59 Avg R1: 5.11 Avg R2: 7.10 Avg Reward: 12.210133
2026-06-03 06:22:36 [INFO] Epoch: 34 [25600/100000 (26%)]	 Training Loss: 0.196 ACC: 91.36 CR: 0.58 Avg R1: 5.13 Avg R2: 7.08 Avg Reward: 12.217491
2026-06-03 06:22:58 [INFO] Epoch: 34 [38400/100000 (38%)]	 Training Loss: 0.196 ACC: 91.40 CR: 0.58 Avg R1: 5.16 Avg R2: 7.06 Avg Reward: 12.228078
2026-06-03 06:23:20 [INFO] Epoch: 34 [51200/100000 (51%)]	 Training Loss: 0.195 ACC: 91.46 CR: 0.58 Avg R1: 5.19 Avg R2: 7.05 Avg Reward: 12.238378
2026-06-03 06:23:41 [INFO] Epoch: 34 [64000/100000 (64%)]	 Training Loss: 0.196 ACC: 91.40 CR: 0.57 Avg R1: 5.22 Avg R2: 7.03 Avg Reward: 12.249073
2026-06-03 06:24:03 [INFO] Epoch: 34 [76800/100000 (77%)]	 Training Loss: 0.200 ACC: 91.23 CR: 0.57 Avg R1: 5.24 Avg R2: 7.02 Avg Reward: 12.257914
2026-06-03 06:24:24 [INFO] Epoch: 34 [89600/100000 (90%)]	 Training Loss: 0.199 ACC: 91.26 CR: 0.57 Avg R1: 5.26 Avg R2: 7.01 Avg Reward: 12.263527
2026-06-03 06:24:42 [INFO] EPOCH:34, ======================CR:0.5673====================
2026-06-03 06:24:42 [INFO] 0.010827444138371412
2026-06-03 06:24:47 [INFO] EPOCH:34, ======================ACC:61.9====================
2026-06-03 06:24:47 [INFO] BEST EPOCH:34,BEST ACC:61.9
2026-06-03 06:25:10 [INFO] Epoch: 35 [12800/100000 (13%)]	 Training Loss: 0.187 ACC: 92.33 CR: 0.57 Avg R1: 5.40 Avg R2: 6.93 Avg Reward: 12.331039
2026-06-03 06:25:32 [INFO] Epoch: 35 [25600/100000 (26%)]	 Training Loss: 0.184 ACC: 92.25 CR: 0.57 Avg R1: 5.40 Avg R2: 6.93 Avg Reward: 12.333474
2026-06-03 06:25:53 [INFO] Epoch: 35 [38400/100000 (38%)]	 Training Loss: 0.186 ACC: 92.09 CR: 0.57 Avg R1: 5.40 Avg R2: 6.93 Avg Reward: 12.333833
2026-06-03 06:26:15 [INFO] Epoch: 35 [51200/100000 (51%)]	 Training Loss: 0.186 ACC: 92.06 CR: 0.57 Avg R1: 5.40 Avg R2: 6.93 Avg Reward: 12.333398
2026-06-03 06:26:36 [INFO] Epoch: 35 [64000/100000 (64%)]	 Training Loss: 0.186 ACC: 91.99 CR: 0.57 Avg R1: 5.40 Avg R2: 6.93 Avg Reward: 12.331989
2026-06-03 06:26:58 [INFO] Epoch: 35 [76800/100000 (77%)]	 Training Loss: 0.187 ACC: 91.95 CR: 0.57 Avg R1: 5.40 Avg R2: 6.93 Avg Reward: 12.331158
2026-06-03 06:27:19 [INFO] Epoch: 35 [89600/100000 (90%)]	 Training Loss: 0.188 ACC: 91.82 CR: 0.57 Avg R1: 5.40 Avg R2: 6.93 Avg Reward: 12.330168
2026-06-03 06:27:37 [INFO] EPOCH:35, ======================CR:0.57036====================
2026-06-03 06:27:37 [INFO] 0.009257327634544232
2026-06-03 06:27:42 [INFO] EPOCH:35, ======================ACC:61.75====================
2026-06-03 06:27:42 [INFO] BEST EPOCH:34,BEST ACC:61.9
2026-06-03 06:28:05 [INFO] Epoch: 36 [12800/100000 (13%)]	 Training Loss: 0.178 ACC: 93.02 CR: 0.57 Avg R1: 5.35 Avg R2: 6.99 Avg Reward: 12.345747
2026-06-03 06:28:27 [INFO] Epoch: 36 [25600/100000 (26%)]	 Training Loss: 0.180 ACC: 92.79 CR: 0.58 Avg R1: 5.33 Avg R2: 7.01 Avg Reward: 12.340488
2026-06-03 06:28:48 [INFO] Epoch: 36 [38400/100000 (38%)]	 Training Loss: 0.183 ACC: 92.56 CR: 0.58 Avg R1: 5.30 Avg R2: 7.03 Avg Reward: 12.331935
2026-06-03 06:29:10 [INFO] Epoch: 36 [51200/100000 (51%)]	 Training Loss: 0.183 ACC: 92.46 CR: 0.58 Avg R1: 5.28 Avg R2: 7.04 Avg Reward: 12.324929
2026-06-03 06:29:31 [INFO] Epoch: 36 [64000/100000 (64%)]	 Training Loss: 0.184 ACC: 92.36 CR: 0.59 Avg R1: 5.26 Avg R2: 7.06 Avg Reward: 12.317484
2026-06-03 06:29:53 [INFO] Epoch: 36 [76800/100000 (77%)]	 Training Loss: 0.183 ACC: 92.37 CR: 0.59 Avg R1: 5.24 Avg R2: 7.07 Avg Reward: 12.311502
2026-06-03 06:30:14 [INFO] Epoch: 36 [89600/100000 (90%)]	 Training Loss: 0.183 ACC: 92.35 CR: 0.59 Avg R1: 5.23 Avg R2: 7.08 Avg Reward: 12.308268
2026-06-03 06:30:32 [INFO] EPOCH:36, ======================CR:0.5833====================
2026-06-03 06:30:32 [INFO] 0.014510229389232226
2026-06-03 06:30:37 [INFO] EPOCH:36, ======================ACC:61.7====================
2026-06-03 06:30:37 [INFO] BEST EPOCH:34,BEST ACC:61.9
2026-06-03 06:31:00 [INFO] Epoch: 37 [12800/100000 (13%)]	 Training Loss: 0.158 ACC: 93.62 CR: 0.58 Avg R1: 5.22 Avg R2: 7.12 Avg Reward: 12.346207
2026-06-03 06:31:22 [INFO] Epoch: 37 [25600/100000 (26%)]	 Training Loss: 0.165 ACC: 93.36 CR: 0.58 Avg R1: 5.22 Avg R2: 7.12 Avg Reward: 12.343199
2026-06-03 06:31:43 [INFO] Epoch: 37 [38400/100000 (38%)]	 Training Loss: 0.168 ACC: 93.22 CR: 0.59 Avg R1: 5.21 Avg R2: 7.13 Avg Reward: 12.337989
2026-06-03 06:32:05 [INFO] Epoch: 37 [51200/100000 (51%)]	 Training Loss: 0.172 ACC: 93.04 CR: 0.59 Avg R1: 5.19 Avg R2: 7.14 Avg Reward: 12.331072
2026-06-03 06:32:26 [INFO] Epoch: 37 [64000/100000 (64%)]	 Training Loss: 0.175 ACC: 92.91 CR: 0.60 Avg R1: 5.17 Avg R2: 7.15 Avg Reward: 12.321053
2026-06-03 06:32:48 [INFO] Epoch: 37 [76800/100000 (77%)]	 Training Loss: 0.175 ACC: 92.90 CR: 0.60 Avg R1: 5.14 Avg R2: 7.17 Avg Reward: 12.311018
2026-06-03 06:33:09 [INFO] Epoch: 37 [89600/100000 (90%)]	 Training Loss: 0.175 ACC: 92.92 CR: 0.60 Avg R1: 5.12 Avg R2: 7.18 Avg Reward: 12.302339
2026-06-03 06:33:27 [INFO] EPOCH:37, ======================CR:0.59841====================
2026-06-03 06:33:27 [INFO] 0.012669466706361099
2026-06-03 06:33:32 [INFO] EPOCH:37, ======================ACC:61.92====================
2026-06-03 06:33:32 [INFO] BEST EPOCH:37,BEST ACC:61.92
2026-06-03 06:33:55 [INFO] Epoch: 38 [12800/100000 (13%)]	 Training Loss: 0.160 ACC: 93.40 CR: 0.60 Avg R1: 5.04 Avg R2: 7.26 Avg Reward: 12.291813
2026-06-03 06:34:17 [INFO] Epoch: 38 [25600/100000 (26%)]	 Training Loss: 0.159 ACC: 93.52 CR: 0.59 Avg R1: 5.06 Avg R2: 7.24 Avg Reward: 12.301589
2026-06-03 06:34:38 [INFO] Epoch: 38 [38400/100000 (38%)]	 Training Loss: 0.159 ACC: 93.40 CR: 0.58 Avg R1: 5.09 Avg R2: 7.22 Avg Reward: 12.315304
2026-06-03 06:35:00 [INFO] Epoch: 38 [51200/100000 (51%)]	 Training Loss: 0.157 ACC: 93.45 CR: 0.58 Avg R1: 5.13 Avg R2: 7.20 Avg Reward: 12.331236
2026-06-03 06:35:21 [INFO] Epoch: 38 [64000/100000 (64%)]	 Training Loss: 0.156 ACC: 93.43 CR: 0.57 Avg R1: 5.18 Avg R2: 7.17 Avg Reward: 12.346903
2026-06-03 06:35:43 [INFO] Epoch: 38 [76800/100000 (77%)]	 Training Loss: 0.155 ACC: 93.42 CR: 0.55 Avg R1: 5.23 Avg R2: 7.13 Avg Reward: 12.366255
2026-06-03 06:36:04 [INFO] Epoch: 38 [89600/100000 (90%)]	 Training Loss: 0.154 ACC: 93.37 CR: 0.54 Avg R1: 5.29 Avg R2: 7.10 Avg Reward: 12.388191
2026-06-03 06:36:22 [INFO] EPOCH:38, ======================CR:0.53282====================
2026-06-03 06:36:22 [INFO] 0.007859110562337616
2026-06-03 06:36:27 [INFO] EPOCH:38, ======================ACC:61.96====================
2026-06-03 06:36:27 [INFO] BEST EPOCH:38,BEST ACC:61.96
2026-06-03 06:36:50 [INFO] Epoch: 39 [12800/100000 (13%)]	 Training Loss: 0.139 ACC: 93.70 CR: 0.53 Avg R1: 5.88 Avg R2: 6.76 Avg Reward: 12.637259
2026-06-03 06:37:11 [INFO] Epoch: 39 [25600/100000 (26%)]	 Training Loss: 0.136 ACC: 93.88 CR: 0.52 Avg R1: 5.93 Avg R2: 6.73 Avg Reward: 12.656158
2026-06-03 06:37:33 [INFO] Epoch: 39 [38400/100000 (38%)]	 Training Loss: 0.138 ACC: 93.77 CR: 0.51 Avg R1: 5.97 Avg R2: 6.70 Avg Reward: 12.672786
2026-06-03 06:37:55 [INFO] Epoch: 39 [51200/100000 (51%)]	 Training Loss: 0.139 ACC: 93.84 CR: 0.51 Avg R1: 6.01 Avg R2: 6.67 Avg Reward: 12.685563
2026-06-03 06:38:16 [INFO] Epoch: 39 [64000/100000 (64%)]	 Training Loss: 0.139 ACC: 93.93 CR: 0.51 Avg R1: 6.04 Avg R2: 6.65 Avg Reward: 12.696173
2026-06-03 06:38:38 [INFO] Epoch: 39 [76800/100000 (77%)]	 Training Loss: 0.140 ACC: 93.95 CR: 0.50 Avg R1: 6.07 Avg R2: 6.64 Avg Reward: 12.705597
2026-06-03 06:38:59 [INFO] Epoch: 39 [89600/100000 (90%)]	 Training Loss: 0.141 ACC: 93.93 CR: 0.50 Avg R1: 6.09 Avg R2: 6.63 Avg Reward: 12.713039
2026-06-03 06:39:17 [INFO] EPOCH:39, ======================CR:0.50047====================
2026-06-03 06:39:17 [INFO] -0.0018088973272913803
2026-06-03 06:39:22 [INFO] EPOCH:39, ======================ACC:61.81====================
2026-06-03 06:39:22 [INFO] BEST EPOCH:38,BEST ACC:61.96
2026-06-03 06:39:45 [INFO] Epoch: 40 [12800/100000 (13%)]	 Training Loss: 0.130 ACC: 94.56 CR: 0.50 Avg R1: 6.23 Avg R2: 6.55 Avg Reward: 12.785530
2026-06-03 06:40:06 [INFO] Epoch: 40 [25600/100000 (26%)]	 Training Loss: 0.130 ACC: 94.59 CR: 0.50 Avg R1: 6.22 Avg R2: 6.56 Avg Reward: 12.781401
2026-06-03 06:40:27 [INFO] Epoch: 40 [38400/100000 (38%)]	 Training Loss: 0.132 ACC: 94.48 CR: 0.51 Avg R1: 6.20 Avg R2: 6.57 Avg Reward: 12.776020
2026-06-03 06:40:46 [INFO] Epoch: 40 [51200/100000 (51%)]	 Training Loss: 0.133 ACC: 94.49 CR: 0.51 Avg R1: 6.19 Avg R2: 6.58 Avg Reward: 12.770112
2026-06-03 06:41:05 [INFO] Epoch: 40 [64000/100000 (64%)]	 Training Loss: 0.134 ACC: 94.39 CR: 0.51 Avg R1: 6.18 Avg R2: 6.59 Avg Reward: 12.765522
2026-06-03 06:41:24 [INFO] Epoch: 40 [76800/100000 (77%)]	 Training Loss: 0.135 ACC: 94.32 CR: 0.51 Avg R1: 6.16 Avg R2: 6.60 Avg Reward: 12.760796
2026-06-03 06:41:41 [INFO] Epoch: 40 [89600/100000 (90%)]	 Training Loss: 0.135 ACC: 94.26 CR: 0.51 Avg R1: 6.15 Avg R2: 6.60 Avg Reward: 12.756608
2026-06-03 06:41:51 [INFO] EPOCH:40, ======================CR:0.51589====================
2026-06-03 06:41:51 [INFO] 0.004791761177461786
2026-06-03 06:41:54 [INFO] EPOCH:40, ======================ACC:61.77====================
2026-06-03 06:41:54 [INFO] BEST EPOCH:38,BEST ACC:61.96
2026-06-03 06:42:07 [INFO] Epoch: 41 [12800/100000 (13%)]	 Training Loss: 0.125 ACC: 94.73 CR: 0.52 Avg R1: 6.05 Avg R2: 6.69 Avg Reward: 12.731259
2026-06-03 06:42:19 [INFO] Epoch: 41 [25600/100000 (26%)]	 Training Loss: 0.127 ACC: 94.57 CR: 0.52 Avg R1: 6.05 Avg R2: 6.68 Avg Reward: 12.732715
2026-06-03 06:42:30 [INFO] Epoch: 41 [38400/100000 (38%)]	 Training Loss: 0.127 ACC: 94.59 CR: 0.51 Avg R1: 6.05 Avg R2: 6.68 Avg Reward: 12.734588
2026-06-03 06:42:42 [INFO] Epoch: 41 [51200/100000 (51%)]	 Training Loss: 0.127 ACC: 94.61 CR: 0.51 Avg R1: 6.06 Avg R2: 6.68 Avg Reward: 12.736037
2026-06-03 06:42:54 [INFO] Epoch: 41 [64000/100000 (64%)]	 Training Loss: 0.128 ACC: 94.52 CR: 0.51 Avg R1: 6.07 Avg R2: 6.67 Avg Reward: 12.737663
2026-06-03 06:43:12 [INFO] Epoch: 41 [76800/100000 (77%)]	 Training Loss: 0.128 ACC: 94.48 CR: 0.51 Avg R1: 6.08 Avg R2: 6.66 Avg Reward: 12.740593
2026-06-03 06:43:33 [INFO] Epoch: 41 [89600/100000 (90%)]	 Training Loss: 0.128 ACC: 94.52 CR: 0.50 Avg R1: 6.09 Avg R2: 6.66 Avg Reward: 12.745416
2026-06-03 06:43:51 [INFO] EPOCH:41, ======================CR:0.50339====================
2026-06-03 06:43:51 [INFO] -0.002920710382877769
2026-06-03 06:43:56 [INFO] EPOCH:41, ======================ACC:61.7====================
2026-06-03 06:43:56 [INFO] BEST EPOCH:38,BEST ACC:61.96
2026-06-03 06:44:19 [INFO] Epoch: 42 [12800/100000 (13%)]	 Training Loss: 0.122 ACC: 94.91 CR: 0.50 Avg R1: 6.21 Avg R2: 6.60 Avg Reward: 12.803134
2026-06-03 06:44:41 [INFO] Epoch: 42 [25600/100000 (26%)]	 Training Loss: 0.119 ACC: 95.07 CR: 0.50 Avg R1: 6.21 Avg R2: 6.59 Avg Reward: 12.804553
2026-06-03 06:45:02 [INFO] Epoch: 42 [38400/100000 (38%)]	 Training Loss: 0.119 ACC: 95.04 CR: 0.50 Avg R1: 6.22 Avg R2: 6.58 Avg Reward: 12.806741
2026-06-03 06:45:24 [INFO] Epoch: 42 [51200/100000 (51%)]	 Training Loss: 0.120 ACC: 94.91 CR: 0.50 Avg R1: 6.24 Avg R2: 6.57 Avg Reward: 12.811110
2026-06-03 06:45:45 [INFO] Epoch: 42 [64000/100000 (64%)]	 Training Loss: 0.120 ACC: 94.92 CR: 0.50 Avg R1: 6.25 Avg R2: 6.57 Avg Reward: 12.815173
2026-06-03 06:46:07 [INFO] Epoch: 42 [76800/100000 (77%)]	 Training Loss: 0.121 ACC: 94.91 CR: 0.50 Avg R1: 6.25 Avg R2: 6.56 Avg Reward: 12.817921
2026-06-03 06:46:29 [INFO] Epoch: 42 [89600/100000 (90%)]	 Training Loss: 0.121 ACC: 94.85 CR: 0.49 Avg R1: 6.26 Avg R2: 6.56 Avg Reward: 12.821610
2026-06-03 06:46:46 [INFO] EPOCH:42, ======================CR:0.4918====================
2026-06-03 06:46:46 [INFO] -0.003698830384723823
2026-06-03 06:46:52 [INFO] EPOCH:42, ======================ACC:61.65====================
2026-06-03 06:46:52 [INFO] BEST EPOCH:38,BEST ACC:61.96
2026-06-03 06:47:14 [INFO] Epoch: 43 [12800/100000 (13%)]	 Training Loss: 0.111 ACC: 95.59 CR: 0.49 Avg R1: 6.36 Avg R2: 6.52 Avg Reward: 12.884810
2026-06-03 06:47:36 [INFO] Epoch: 43 [25600/100000 (26%)]	 Training Loss: 0.113 ACC: 95.27 CR: 0.49 Avg R1: 6.37 Avg R2: 6.51 Avg Reward: 12.889002
2026-06-03 06:47:57 [INFO] Epoch: 43 [38400/100000 (38%)]	 Training Loss: 0.112 ACC: 95.32 CR: 0.49 Avg R1: 6.39 Avg R2: 6.51 Avg Reward: 12.894177
2026-06-03 06:48:19 [INFO] Epoch: 43 [51200/100000 (51%)]	 Training Loss: 0.112 ACC: 95.36 CR: 0.48 Avg R1: 6.40 Avg R2: 6.50 Avg Reward: 12.899735
2026-06-03 06:48:40 [INFO] Epoch: 43 [64000/100000 (64%)]	 Training Loss: 0.113 ACC: 95.23 CR: 0.48 Avg R1: 6.42 Avg R2: 6.49 Avg Reward: 12.905087
2026-06-03 06:49:01 [INFO] Epoch: 43 [76800/100000 (77%)]	 Training Loss: 0.113 ACC: 95.21 CR: 0.48 Avg R1: 6.44 Avg R2: 6.47 Avg Reward: 12.912936
2026-06-03 06:49:23 [INFO] Epoch: 43 [89600/100000 (90%)]	 Training Loss: 0.113 ACC: 95.14 CR: 0.47 Avg R1: 6.46 Avg R2: 6.46 Avg Reward: 12.920244
2026-06-03 06:49:41 [INFO] EPOCH:43, ======================CR:0.46099====================
2026-06-03 06:49:41 [INFO] -0.007764231501922411
2026-06-03 06:49:46 [INFO] EPOCH:43, ======================ACC:61.79====================
2026-06-03 06:49:46 [INFO] BEST EPOCH:38,BEST ACC:61.96
2026-06-03 06:50:09 [INFO] Epoch: 44 [12800/100000 (13%)]	 Training Loss: 0.097 ACC: 95.62 CR: 0.45 Avg R1: 6.78 Avg R2: 6.28 Avg Reward: 13.054197
2026-06-03 06:50:30 [INFO] Epoch: 44 [25600/100000 (26%)]	 Training Loss: 0.097 ACC: 95.66 CR: 0.45 Avg R1: 6.83 Avg R2: 6.24 Avg Reward: 13.074848
2026-06-03 06:50:52 [INFO] Epoch: 44 [38400/100000 (38%)]	 Training Loss: 0.097 ACC: 95.64 CR: 0.44 Avg R1: 6.88 Avg R2: 6.21 Avg Reward: 13.092634
2026-06-03 06:51:13 [INFO] Epoch: 44 [51200/100000 (51%)]	 Training Loss: 0.098 ACC: 95.66 CR: 0.43 Avg R1: 6.93 Avg R2: 6.18 Avg Reward: 13.107855
2026-06-03 06:51:35 [INFO] Epoch: 44 [64000/100000 (64%)]	 Training Loss: 0.097 ACC: 95.62 CR: 0.42 Avg R1: 6.98 Avg R2: 6.14 Avg Reward: 13.126746
2026-06-03 06:51:57 [INFO] Epoch: 44 [76800/100000 (77%)]	 Training Loss: 0.096 ACC: 95.58 CR: 0.40 Avg R1: 7.06 Avg R2: 6.10 Avg Reward: 13.151502
2026-06-03 06:52:18 [INFO] Epoch: 44 [89600/100000 (90%)]	 Training Loss: 0.095 ACC: 95.56 CR: 0.39 Avg R1: 7.13 Avg R2: 6.05 Avg Reward: 13.176851
2026-06-03 06:52:36 [INFO] EPOCH:44, ======================CR:0.36728====================
2026-06-03 06:52:36 [INFO] -0.018163083952836407
2026-06-03 06:52:41 [INFO] EPOCH:44, ======================ACC:61.41====================
2026-06-03 06:52:41 [INFO] BEST EPOCH:38,BEST ACC:61.96
2026-06-03 06:53:04 [INFO] Epoch: 45 [12800/100000 (13%)]	 Training Loss: 0.075 ACC: 95.71 CR: 0.35 Avg R1: 8.01 Avg R2: 5.47 Avg Reward: 13.475172
2026-06-03 06:53:26 [INFO] Epoch: 45 [25600/100000 (26%)]	 Training Loss: 0.077 ACC: 95.87 CR: 0.34 Avg R1: 8.08 Avg R2: 5.41 Avg Reward: 13.498904
2026-06-03 06:53:47 [INFO] Epoch: 45 [38400/100000 (38%)]	 Training Loss: 0.075 ACC: 95.86 CR: 0.32 Avg R1: 8.17 Avg R2: 5.36 Avg Reward: 13.523996
2026-06-03 06:54:09 [INFO] Epoch: 45 [51200/100000 (51%)]	 Training Loss: 0.071 ACC: 95.91 CR: 0.30 Avg R1: 8.28 Avg R2: 5.28 Avg Reward: 13.555722
2026-06-03 06:54:30 [INFO] Epoch: 45 [64000/100000 (64%)]	 Training Loss: 0.070 ACC: 95.83 CR: 0.27 Avg R1: 8.41 Avg R2: 5.19 Avg Reward: 13.594332
2026-06-03 06:54:52 [INFO] Epoch: 45 [76800/100000 (77%)]	 Training Loss: 0.071 ACC: 95.79 CR: 0.26 Avg R1: 8.54 Avg R2: 5.09 Avg Reward: 13.632530
2026-06-03 06:55:13 [INFO] Epoch: 45 [89600/100000 (90%)]	 Training Loss: 0.071 ACC: 95.75 CR: 0.24 Avg R1: 8.66 Avg R2: 5.01 Avg Reward: 13.669382
2026-06-03 06:55:31 [INFO] EPOCH:45, ======================CR:0.22506====================
2026-06-03 06:55:31 [INFO] -0.02761587616365151
2026-06-03 06:55:36 [INFO] EPOCH:45, ======================ACC:61.6====================
2026-06-03 06:55:36 [INFO] BEST EPOCH:38,BEST ACC:61.96
2026-06-03 06:55:59 [INFO] Epoch: 46 [12800/100000 (13%)]	 Training Loss: 0.070 ACC: 96.07 CR: 0.23 Avg R1: 9.68 Avg R2: 4.30 Avg Reward: 13.978474
2026-06-03 06:56:20 [INFO] Epoch: 46 [25600/100000 (26%)]	 Training Loss: 0.072 ACC: 95.98 CR: 0.23 Avg R1: 9.66 Avg R2: 4.31 Avg Reward: 13.973973
2026-06-03 06:56:42 [INFO] Epoch: 46 [38400/100000 (38%)]	 Training Loss: 0.071 ACC: 96.01 CR: 0.23 Avg R1: 9.64 Avg R2: 4.33 Avg Reward: 13.968583
2026-06-03 06:57:03 [INFO] Epoch: 46 [51200/100000 (51%)]	 Training Loss: 0.071 ACC: 96.02 CR: 0.23 Avg R1: 9.63 Avg R2: 4.34 Avg Reward: 13.966698
2026-06-03 06:57:25 [INFO] Epoch: 46 [64000/100000 (64%)]	 Training Loss: 0.071 ACC: 96.06 CR: 0.23 Avg R1: 9.62 Avg R2: 4.35 Avg Reward: 13.963680
2026-06-03 06:57:46 [INFO] Epoch: 46 [76800/100000 (77%)]	 Training Loss: 0.071 ACC: 96.06 CR: 0.24 Avg R1: 9.61 Avg R2: 4.36 Avg Reward: 13.961052
2026-06-03 06:58:08 [INFO] Epoch: 46 [89600/100000 (90%)]	 Training Loss: 0.072 ACC: 96.02 CR: 0.24 Avg R1: 9.59 Avg R2: 4.37 Avg Reward: 13.958475
2026-06-03 06:58:26 [INFO] EPOCH:46, ======================CR:0.23544====================
2026-06-03 06:58:26 [INFO] -0.030110947832999453
2026-06-03 06:58:31 [INFO] EPOCH:46, ======================ACC:61.67====================
2026-06-03 06:58:31 [INFO] BEST EPOCH:38,BEST ACC:61.96
2026-06-03 06:58:54 [INFO] Epoch: 47 [12800/100000 (13%)]	 Training Loss: 0.059 ACC: 96.38 CR: 0.23 Avg R1: 9.61 Avg R2: 4.35 Avg Reward: 13.964815
2026-06-03 06:59:15 [INFO] Epoch: 47 [25600/100000 (26%)]	 Training Loss: 0.059 ACC: 96.43 CR: 0.22 Avg R1: 9.66 Avg R2: 4.32 Avg Reward: 13.980190
2026-06-03 06:59:37 [INFO] Epoch: 47 [38400/100000 (38%)]	 Training Loss: 0.060 ACC: 96.39 CR: 0.22 Avg R1: 9.71 Avg R2: 4.29 Avg Reward: 13.993854
2026-06-03 06:59:58 [INFO] Epoch: 47 [51200/100000 (51%)]	 Training Loss: 0.062 ACC: 96.39 CR: 0.22 Avg R1: 9.73 Avg R2: 4.27 Avg Reward: 14.001845
2026-06-03 07:00:20 [INFO] Epoch: 47 [64000/100000 (64%)]	 Training Loss: 0.065 ACC: 96.27 CR: 0.22 Avg R1: 9.74 Avg R2: 4.27 Avg Reward: 14.005910
2026-06-03 07:00:41 [INFO] Epoch: 47 [76800/100000 (77%)]	 Training Loss: 0.066 ACC: 96.23 CR: 0.23 Avg R1: 9.73 Avg R2: 4.27 Avg Reward: 14.006646
2026-06-03 07:01:03 [INFO] Epoch: 47 [89600/100000 (90%)]	 Training Loss: 0.068 ACC: 96.17 CR: 0.23 Avg R1: 9.72 Avg R2: 4.28 Avg Reward: 14.005392
2026-06-03 07:01:20 [INFO] EPOCH:47, ======================CR:0.22883====================
2026-06-03 07:01:20 [INFO] -0.02158657848279568
2026-06-03 07:01:26 [INFO] EPOCH:47, ======================ACC:61.43====================
2026-06-03 07:01:26 [INFO] BEST EPOCH:38,BEST ACC:61.96
2026-06-03 07:01:48 [INFO] Epoch: 48 [12800/100000 (13%)]	 Training Loss: 0.068 ACC: 96.48 CR: 0.23 Avg R1: 9.61 Avg R2: 4.37 Avg Reward: 13.989276
2026-06-03 07:02:10 [INFO] Epoch: 48 [25600/100000 (26%)]	 Training Loss: 0.069 ACC: 96.37 CR: 0.24 Avg R1: 9.59 Avg R2: 4.39 Avg Reward: 13.982260
2026-06-03 07:02:32 [INFO] Epoch: 48 [38400/100000 (38%)]	 Training Loss: 0.069 ACC: 96.33 CR: 0.24 Avg R1: 9.57 Avg R2: 4.40 Avg Reward: 13.977167
2026-06-03 07:02:54 [INFO] Epoch: 48 [51200/100000 (51%)]	 Training Loss: 0.070 ACC: 96.32 CR: 0.25 Avg R1: 9.55 Avg R2: 4.42 Avg Reward: 13.969379
2026-06-03 07:03:15 [INFO] Epoch: 48 [64000/100000 (64%)]	 Training Loss: 0.070 ACC: 96.36 CR: 0.25 Avg R1: 9.52 Avg R2: 4.44 Avg Reward: 13.959043
2026-06-03 07:03:37 [INFO] Epoch: 48 [76800/100000 (77%)]	 Training Loss: 0.070 ACC: 96.39 CR: 0.25 Avg R1: 9.49 Avg R2: 4.46 Avg Reward: 13.949480
2026-06-03 07:03:59 [INFO] Epoch: 48 [89600/100000 (90%)]	 Training Loss: 0.070 ACC: 96.38 CR: 0.26 Avg R1: 9.46 Avg R2: 4.48 Avg Reward: 13.940031
2026-06-03 07:04:17 [INFO] EPOCH:48, ======================CR:0.2594====================
2026-06-03 07:04:17 [INFO] -0.02826864502635317
2026-06-03 07:04:22 [INFO] EPOCH:48, ======================ACC:61.39====================
2026-06-03 07:04:22 [INFO] BEST EPOCH:38,BEST ACC:61.96
2026-06-03 07:04:42 [INFO] Epoch: 49 [12800/100000 (13%)]	 Training Loss: 0.067 ACC: 96.48 CR: 0.26 Avg R1: 9.26 Avg R2: 4.61 Avg Reward: 13.874781
2026-06-03 07:05:01 [INFO] Epoch: 49 [25600/100000 (26%)]	 Training Loss: 0.068 ACC: 96.53 CR: 0.26 Avg R1: 9.26 Avg R2: 4.61 Avg Reward: 13.873217
2026-06-03 07:05:21 [INFO] Epoch: 49 [38400/100000 (38%)]	 Training Loss: 0.069 ACC: 96.54 CR: 0.26 Avg R1: 9.26 Avg R2: 4.62 Avg Reward: 13.875134
2026-06-03 07:05:38 [INFO] Epoch: 49 [51200/100000 (51%)]	 Training Loss: 0.068 ACC: 96.61 CR: 0.26 Avg R1: 9.26 Avg R2: 4.62 Avg Reward: 13.876670
2026-06-03 07:05:51 [INFO] Epoch: 49 [64000/100000 (64%)]	 Training Loss: 0.068 ACC: 96.60 CR: 0.26 Avg R1: 9.25 Avg R2: 4.62 Avg Reward: 13.877309
2026-06-03 07:06:03 [INFO] Epoch: 49 [76800/100000 (77%)]	 Training Loss: 0.069 ACC: 96.56 CR: 0.26 Avg R1: 9.25 Avg R2: 4.62 Avg Reward: 13.878661
2026-06-03 07:06:15 [INFO] Epoch: 49 [89600/100000 (90%)]	 Training Loss: 0.069 ACC: 96.49 CR: 0.26 Avg R1: 9.25 Avg R2: 4.63 Avg Reward: 13.879389
2026-06-03 07:06:25 [INFO] EPOCH:49, ======================CR:0.26397====================
2026-06-03 07:06:25 [INFO] -0.03146010949045075
2026-06-03 07:06:29 [INFO] EPOCH:49, ======================ACC:61.51====================
2026-06-03 07:06:29 [INFO] BEST EPOCH:38,BEST ACC:61.96
2026-06-03 07:06:41 [INFO] Epoch: 50 [12800/100000 (13%)]	 Training Loss: 0.070 ACC: 96.94 CR: 0.27 Avg R1: 9.19 Avg R2: 4.68 Avg Reward: 13.870921
2026-06-03 07:06:57 [INFO] Epoch: 50 [25600/100000 (26%)]	 Training Loss: 0.069 ACC: 96.89 CR: 0.27 Avg R1: 9.16 Avg R2: 4.70 Avg Reward: 13.863564
2026-06-03 07:07:19 [INFO] Epoch: 50 [38400/100000 (38%)]	 Training Loss: 0.069 ACC: 96.74 CR: 0.27 Avg R1: 9.14 Avg R2: 4.71 Avg Reward: 13.857710
2026-06-03 07:07:40 [INFO] Epoch: 50 [51200/100000 (51%)]	 Training Loss: 0.070 ACC: 96.59 CR: 0.27 Avg R1: 9.13 Avg R2: 4.72 Avg Reward: 13.852974
2026-06-03 07:08:02 [INFO] Epoch: 50 [64000/100000 (64%)]	 Training Loss: 0.070 ACC: 96.61 CR: 0.28 Avg R1: 9.12 Avg R2: 4.73 Avg Reward: 13.849953
2026-06-03 07:08:24 [INFO] Epoch: 50 [76800/100000 (77%)]	 Training Loss: 0.070 ACC: 96.61 CR: 0.28 Avg R1: 9.10 Avg R2: 4.74 Avg Reward: 13.845518
2026-06-03 07:08:45 [INFO] Epoch: 50 [89600/100000 (90%)]	 Training Loss: 0.070 ACC: 96.59 CR: 0.28 Avg R1: 9.08 Avg R2: 4.76 Avg Reward: 13.840440
2026-06-03 07:09:03 [INFO] EPOCH:50, ======================CR:0.28525====================
2026-06-03 07:09:03 [INFO] -0.029967931239413634
2026-06-03 07:09:08 [INFO] EPOCH:50, ======================ACC:61.29====================
2026-06-03 07:09:08 [INFO] BEST EPOCH:38,BEST ACC:61.96
2026-06-03 07:09:31 [INFO] Epoch: 51 [12800/100000 (13%)]	 Training Loss: 0.065 ACC: 96.82 CR: 0.28 Avg R1: 8.94 Avg R2: 4.87 Avg Reward: 13.803146
2026-06-03 07:09:53 [INFO] Epoch: 51 [25600/100000 (26%)]	 Training Loss: 0.066 ACC: 96.88 CR: 0.29 Avg R1: 8.94 Avg R2: 4.87 Avg Reward: 13.802501
2026-06-03 07:10:14 [INFO] Epoch: 51 [38400/100000 (38%)]	 Training Loss: 0.068 ACC: 96.82 CR: 0.29 Avg R1: 8.92 Avg R2: 4.88 Avg Reward: 13.796492
2026-06-03 07:10:36 [INFO] Epoch: 51 [51200/100000 (51%)]	 Training Loss: 0.069 ACC: 96.74 CR: 0.30 Avg R1: 8.90 Avg R2: 4.89 Avg Reward: 13.788201
2026-06-03 07:10:58 [INFO] Epoch: 51 [64000/100000 (64%)]	 Training Loss: 0.070 ACC: 96.72 CR: 0.30 Avg R1: 8.87 Avg R2: 4.91 Avg Reward: 13.779804
2026-06-03 07:11:19 [INFO] Epoch: 51 [76800/100000 (77%)]	 Training Loss: 0.070 ACC: 96.69 CR: 0.30 Avg R1: 8.85 Avg R2: 4.92 Avg Reward: 13.770679
2026-06-03 07:11:41 [INFO] Epoch: 51 [89600/100000 (90%)]	 Training Loss: 0.071 ACC: 96.68 CR: 0.31 Avg R1: 8.83 Avg R2: 4.94 Avg Reward: 13.762315
2026-06-03 07:11:59 [INFO] EPOCH:51, ======================CR:0.31267====================
2026-06-03 07:11:59 [INFO] -0.023154097764157087
2026-06-03 07:12:04 [INFO] EPOCH:51, ======================ACC:61.77====================
2026-06-03 07:12:04 [INFO] BEST EPOCH:38,BEST ACC:61.96
2026-06-03 07:12:27 [INFO] Epoch: 52 [12800/100000 (13%)]	 Training Loss: 0.075 ACC: 97.06 CR: 0.32 Avg R1: 8.54 Avg R2: 5.13 Avg Reward: 13.666779
2026-06-03 07:12:49 [INFO] Epoch: 52 [25600/100000 (26%)]	 Training Loss: 0.076 ACC: 96.93 CR: 0.33 Avg R1: 8.49 Avg R2: 5.16 Avg Reward: 13.650839
2026-06-03 07:13:10 [INFO] Epoch: 52 [38400/100000 (38%)]	 Training Loss: 0.076 ACC: 96.91 CR: 0.34 Avg R1: 8.44 Avg R2: 5.20 Avg Reward: 13.636858
2026-06-03 07:13:32 [INFO] Epoch: 52 [51200/100000 (51%)]	 Training Loss: 0.075 ACC: 96.94 CR: 0.34 Avg R1: 8.40 Avg R2: 5.23 Avg Reward: 13.624472
2026-06-03 07:13:53 [INFO] Epoch: 52 [64000/100000 (64%)]	 Training Loss: 0.076 ACC: 96.90 CR: 0.35 Avg R1: 8.35 Avg R2: 5.26 Avg Reward: 13.609866
2026-06-03 07:14:15 [INFO] Epoch: 52 [76800/100000 (77%)]	 Training Loss: 0.076 ACC: 96.90 CR: 0.36 Avg R1: 8.29 Avg R2: 5.30 Avg Reward: 13.592815
2026-06-03 07:14:37 [INFO] Epoch: 52 [89600/100000 (90%)]	 Training Loss: 0.077 ACC: 96.84 CR: 0.37 Avg R1: 8.24 Avg R2: 5.33 Avg Reward: 13.576874
2026-06-03 07:14:54 [INFO] EPOCH:52, ======================CR:0.37797====================
2026-06-03 07:14:54 [INFO] -0.018928100154890392
2026-06-03 07:14:59 [INFO] EPOCH:52, ======================ACC:61.55====================
2026-06-03 07:14:59 [INFO] BEST EPOCH:38,BEST ACC:61.96
2026-06-03 07:15:22 [INFO] Epoch: 53 [12800/100000 (13%)]	 Training Loss: 0.076 ACC: 97.05 CR: 0.38 Avg R1: 7.76 Avg R2: 5.67 Avg Reward: 13.434597
2026-06-03 07:15:44 [INFO] Epoch: 53 [25600/100000 (26%)]	 Training Loss: 0.076 ACC: 97.03 CR: 0.38 Avg R1: 7.75 Avg R2: 5.68 Avg Reward: 13.431960
2026-06-03 07:16:06 [INFO] Epoch: 53 [38400/100000 (38%)]	 Training Loss: 0.075 ACC: 97.06 CR: 0.38 Avg R1: 7.75 Avg R2: 5.68 Avg Reward: 13.430316
2026-06-03 07:16:27 [INFO] Epoch: 53 [51200/100000 (51%)]	 Training Loss: 0.076 ACC: 97.02 CR: 0.39 Avg R1: 7.74 Avg R2: 5.69 Avg Reward: 13.425841
2026-06-03 07:16:48 [INFO] Epoch: 53 [64000/100000 (64%)]	 Training Loss: 0.076 ACC: 97.01 CR: 0.39 Avg R1: 7.72 Avg R2: 5.70 Avg Reward: 13.421137
2026-06-03 07:17:10 [INFO] Epoch: 53 [76800/100000 (77%)]	 Training Loss: 0.077 ACC: 97.00 CR: 0.39 Avg R1: 7.71 Avg R2: 5.71 Avg Reward: 13.414895
2026-06-03 07:17:31 [INFO] Epoch: 53 [89600/100000 (90%)]	 Training Loss: 0.077 ACC: 96.94 CR: 0.39 Avg R1: 7.69 Avg R2: 5.72 Avg Reward: 13.410035
2026-06-03 07:17:49 [INFO] EPOCH:53, ======================CR:0.39395====================
2026-06-03 07:17:49 [INFO] -0.01485766637861798
2026-06-03 07:17:54 [INFO] EPOCH:53, ======================ACC:61.62====================
2026-06-03 07:17:54 [INFO] BEST EPOCH:38,BEST ACC:61.96
2026-06-03 07:18:17 [INFO] Epoch: 54 [12800/100000 (13%)]	 Training Loss: 0.075 ACC: 97.17 CR: 0.40 Avg R1: 7.57 Avg R2: 5.82 Avg Reward: 13.382036
2026-06-03 07:18:38 [INFO] Epoch: 54 [25600/100000 (26%)]	 Training Loss: 0.075 ACC: 97.13 CR: 0.40 Avg R1: 7.55 Avg R2: 5.83 Avg Reward: 13.379241
2026-06-03 07:19:00 [INFO] Epoch: 54 [38400/100000 (38%)]	 Training Loss: 0.075 ACC: 97.18 CR: 0.40 Avg R1: 7.54 Avg R2: 5.84 Avg Reward: 13.372350
2026-06-03 07:19:21 [INFO] Epoch: 54 [51200/100000 (51%)]	 Training Loss: 0.074 ACC: 97.16 CR: 0.40 Avg R1: 7.53 Avg R2: 5.84 Avg Reward: 13.369271
2026-06-03 07:19:43 [INFO] Epoch: 54 [64000/100000 (64%)]	 Training Loss: 0.074 ACC: 97.15 CR: 0.40 Avg R1: 7.53 Avg R2: 5.84 Avg Reward: 13.369479
2026-06-03 07:20:04 [INFO] Epoch: 54 [76800/100000 (77%)]	 Training Loss: 0.074 ACC: 97.11 CR: 0.40 Avg R1: 7.53 Avg R2: 5.84 Avg Reward: 13.370458
2026-06-03 07:20:26 [INFO] Epoch: 54 [89600/100000 (90%)]	 Training Loss: 0.074 ACC: 97.07 CR: 0.40 Avg R1: 7.53 Avg R2: 5.84 Avg Reward: 13.371222
2026-06-03 07:20:43 [INFO] EPOCH:54, ======================CR:0.39427====================
2026-06-03 07:20:43 [INFO] -0.015013064510501897
2026-06-03 07:20:48 [INFO] EPOCH:54, ======================ACC:61.53====================
2026-06-03 07:20:48 [INFO] BEST EPOCH:38,BEST ACC:61.96
2026-06-03 07:21:11 [INFO] Epoch: 55 [12800/100000 (13%)]	 Training Loss: 0.068 ACC: 97.62 CR: 0.39 Avg R1: 7.58 Avg R2: 5.82 Avg Reward: 13.402240
2026-06-03 07:21:32 [INFO] Epoch: 55 [25600/100000 (26%)]	 Training Loss: 0.069 ACC: 97.56 CR: 0.39 Avg R1: 7.58 Avg R2: 5.82 Avg Reward: 13.403597
2026-06-03 07:21:54 [INFO] Epoch: 55 [38400/100000 (38%)]	 Training Loss: 0.069 ACC: 97.51 CR: 0.39 Avg R1: 7.58 Avg R2: 5.82 Avg Reward: 13.402022
2026-06-03 07:22:15 [INFO] Epoch: 55 [51200/100000 (51%)]	 Training Loss: 0.069 ACC: 97.47 CR: 0.39 Avg R1: 7.59 Avg R2: 5.82 Avg Reward: 13.402753
2026-06-03 07:22:37 [INFO] Epoch: 55 [64000/100000 (64%)]	 Training Loss: 0.069 ACC: 97.41 CR: 0.39 Avg R1: 7.59 Avg R2: 5.81 Avg Reward: 13.404263
2026-06-03 07:22:58 [INFO] Epoch: 55 [76800/100000 (77%)]	 Training Loss: 0.070 ACC: 97.38 CR: 0.39 Avg R1: 7.60 Avg R2: 5.80 Avg Reward: 13.404639
2026-06-03 07:23:20 [INFO] Epoch: 55 [89600/100000 (90%)]	 Training Loss: 0.070 ACC: 97.34 CR: 0.39 Avg R1: 7.61 Avg R2: 5.80 Avg Reward: 13.405837
2026-06-03 07:23:37 [INFO] EPOCH:55, ======================CR:0.38477====================
2026-06-03 07:23:37 [INFO] -0.021010445665322362
2026-06-03 07:23:42 [INFO] EPOCH:55, ======================ACC:61.17====================
2026-06-03 07:23:42 [INFO] BEST EPOCH:38,BEST ACC:61.96
2026-06-03 07:24:05 [INFO] Epoch: 56 [12800/100000 (13%)]	 Training Loss: 0.067 ACC: 97.49 CR: 0.38 Avg R1: 7.70 Avg R2: 5.73 Avg Reward: 13.428942
2026-06-03 07:24:26 [INFO] Epoch: 56 [25600/100000 (26%)]	 Training Loss: 0.067 ACC: 97.51 CR: 0.38 Avg R1: 7.71 Avg R2: 5.72 Avg Reward: 13.432631
2026-06-03 07:24:48 [INFO] Epoch: 56 [38400/100000 (38%)]	 Training Loss: 0.067 ACC: 97.37 CR: 0.38 Avg R1: 7.72 Avg R2: 5.72 Avg Reward: 13.437632
2026-06-03 07:25:09 [INFO] Epoch: 56 [51200/100000 (51%)]	 Training Loss: 0.069 ACC: 97.31 CR: 0.38 Avg R1: 7.73 Avg R2: 5.71 Avg Reward: 13.442381
2026-06-03 07:25:31 [INFO] Epoch: 56 [64000/100000 (64%)]	 Training Loss: 0.069 ACC: 97.35 CR: 0.38 Avg R1: 7.74 Avg R2: 5.71 Avg Reward: 13.444884
2026-06-03 07:25:52 [INFO] Epoch: 56 [76800/100000 (77%)]	 Training Loss: 0.069 ACC: 97.33 CR: 0.38 Avg R1: 7.74 Avg R2: 5.70 Avg Reward: 13.448776
2026-06-03 07:26:13 [INFO] Epoch: 56 [89600/100000 (90%)]	 Training Loss: 0.069 ACC: 97.29 CR: 0.38 Avg R1: 7.75 Avg R2: 5.70 Avg Reward: 13.452567
2026-06-03 07:26:31 [INFO] EPOCH:56, ======================CR:0.37888====================
2026-06-03 07:26:31 [INFO] -0.014982610861125671
2026-06-03 07:26:36 [INFO] EPOCH:56, ======================ACC:61.46====================
2026-06-03 07:26:36 [INFO] BEST EPOCH:38,BEST ACC:61.96
2026-06-03 07:26:59 [INFO] Epoch: 57 [12800/100000 (13%)]	 Training Loss: 0.069 ACC: 97.45 CR: 0.38 Avg R1: 7.72 Avg R2: 5.73 Avg Reward: 13.458115
2026-06-03 07:27:20 [INFO] Epoch: 57 [25600/100000 (26%)]	 Training Loss: 0.070 ACC: 97.45 CR: 0.39 Avg R1: 7.69 Avg R2: 5.76 Avg Reward: 13.444359
2026-06-03 07:27:42 [INFO] Epoch: 57 [38400/100000 (38%)]	 Training Loss: 0.070 ACC: 97.51 CR: 0.39 Avg R1: 7.66 Avg R2: 5.78 Avg Reward: 13.433435
2026-06-03 07:28:03 [INFO] Epoch: 57 [51200/100000 (51%)]	 Training Loss: 0.070 ACC: 97.48 CR: 0.40 Avg R1: 7.63 Avg R2: 5.80 Avg Reward: 13.423760
2026-06-03 07:28:25 [INFO] Epoch: 57 [64000/100000 (64%)]	 Training Loss: 0.071 ACC: 97.43 CR: 0.41 Avg R1: 7.59 Avg R2: 5.82 Avg Reward: 13.411234
2026-06-03 07:28:46 [INFO] Epoch: 57 [76800/100000 (77%)]	 Training Loss: 0.071 ACC: 97.43 CR: 0.42 Avg R1: 7.54 Avg R2: 5.85 Avg Reward: 13.395947
2026-06-03 07:29:07 [INFO] Epoch: 57 [89600/100000 (90%)]	 Training Loss: 0.071 ACC: 97.43 CR: 0.43 Avg R1: 7.50 Avg R2: 5.88 Avg Reward: 13.379911
2026-06-03 07:29:24 [INFO] EPOCH:57, ======================CR:0.43141====================
2026-06-03 07:29:24 [INFO] -0.010954337200049584
2026-06-03 07:29:30 [INFO] EPOCH:57, ======================ACC:61.36====================
2026-06-03 07:29:30 [INFO] BEST EPOCH:38,BEST ACC:61.96
2026-06-03 07:29:49 [INFO] Epoch: 58 [12800/100000 (13%)]	 Training Loss: 0.069 ACC: 97.73 CR: 0.43 Avg R1: 7.11 Avg R2: 6.15 Avg Reward: 13.260791
2026-06-03 07:30:08 [INFO] Epoch: 58 [25600/100000 (26%)]	 Training Loss: 0.068 ACC: 97.63 CR: 0.43 Avg R1: 7.11 Avg R2: 6.15 Avg Reward: 13.260226
2026-06-03 07:30:26 [INFO] Epoch: 58 [38400/100000 (38%)]	 Training Loss: 0.069 ACC: 97.61 CR: 0.43 Avg R1: 7.11 Avg R2: 6.15 Avg Reward: 13.260400
2026-06-03 07:30:45 [INFO] Epoch: 58 [51200/100000 (51%)]	 Training Loss: 0.069 ACC: 97.63 CR: 0.43 Avg R1: 7.11 Avg R2: 6.15 Avg Reward: 13.260798
2026-06-03 07:31:04 [INFO] Epoch: 58 [64000/100000 (64%)]	 Training Loss: 0.069 ACC: 97.58 CR: 0.43 Avg R1: 7.12 Avg R2: 6.14 Avg Reward: 13.262295
2026-06-03 07:31:23 [INFO] Epoch: 58 [76800/100000 (77%)]	 Training Loss: 0.069 ACC: 97.59 CR: 0.43 Avg R1: 7.13 Avg R2: 6.14 Avg Reward: 13.264933
2026-06-03 07:31:43 [INFO] Epoch: 58 [89600/100000 (90%)]	 Training Loss: 0.069 ACC: 97.59 CR: 0.42 Avg R1: 7.14 Avg R2: 6.13 Avg Reward: 13.267602
2026-06-03 07:31:59 [INFO] EPOCH:58, ======================CR:0.42194====================
2026-06-03 07:31:59 [INFO] -0.00949055325209081
2026-06-03 07:32:03 [INFO] EPOCH:58, ======================ACC:61.38====================
2026-06-03 07:32:03 [INFO] BEST EPOCH:38,BEST ACC:61.96
2026-06-03 07:32:24 [INFO] Epoch: 59 [12800/100000 (13%)]	 Training Loss: 0.065 ACC: 97.59 CR: 0.42 Avg R1: 7.24 Avg R2: 6.07 Avg Reward: 13.303239
2026-06-03 07:32:43 [INFO] Epoch: 59 [25600/100000 (26%)]	 Training Loss: 0.064 ACC: 97.78 CR: 0.42 Avg R1: 7.25 Avg R2: 6.06 Avg Reward: 13.306572
2026-06-03 07:33:03 [INFO] Epoch: 59 [38400/100000 (38%)]	 Training Loss: 0.064 ACC: 97.80 CR: 0.42 Avg R1: 7.25 Avg R2: 6.06 Avg Reward: 13.305245
2026-06-03 07:33:23 [INFO] Epoch: 59 [51200/100000 (51%)]	 Training Loss: 0.064 ACC: 97.84 CR: 0.42 Avg R1: 7.25 Avg R2: 6.05 Avg Reward: 13.304941
2026-06-03 07:33:43 [INFO] Epoch: 59 [64000/100000 (64%)]	 Training Loss: 0.064 ACC: 97.81 CR: 0.42 Avg R1: 7.25 Avg R2: 6.05 Avg Reward: 13.306071
2026-06-03 07:34:04 [INFO] Epoch: 59 [76800/100000 (77%)]	 Training Loss: 0.064 ACC: 97.82 CR: 0.42 Avg R1: 7.26 Avg R2: 6.05 Avg Reward: 13.305107
2026-06-03 07:34:23 [INFO] Epoch: 59 [89600/100000 (90%)]	 Training Loss: 0.064 ACC: 97.81 CR: 0.42 Avg R1: 7.26 Avg R2: 6.05 Avg Reward: 13.304870
2026-06-03 07:34:40 [INFO] EPOCH:59, ======================CR:0.41817====================
2026-06-03 07:34:40 [INFO] -0.017034759755200676
2026-06-03 07:34:45 [INFO] EPOCH:59, ======================ACC:61.57====================
2026-06-03 07:34:45 [INFO] BEST EPOCH:38,BEST ACC:61.96
2026-06-03 07:35:06 [INFO] Epoch: 60 [12800/100000 (13%)]	 Training Loss: 0.062 ACC: 98.03 CR: 0.42 Avg R1: 7.26 Avg R2: 6.05 Avg Reward: 13.308672
2026-06-03 07:35:26 [INFO] Epoch: 60 [25600/100000 (26%)]	 Training Loss: 0.062 ACC: 98.09 CR: 0.42 Avg R1: 7.25 Avg R2: 6.06 Avg Reward: 13.305006
2026-06-03 07:35:43 [INFO] Epoch: 60 [38400/100000 (38%)]	 Training Loss: 0.062 ACC: 97.99 CR: 0.42 Avg R1: 7.24 Avg R2: 6.06 Avg Reward: 13.303808
2026-06-03 07:36:01 [INFO] Epoch: 60 [51200/100000 (51%)]	 Training Loss: 0.062 ACC: 97.97 CR: 0.42 Avg R1: 7.24 Avg R2: 6.06 Avg Reward: 13.304556
2026-06-03 07:36:19 [INFO] Epoch: 60 [64000/100000 (64%)]	 Training Loss: 0.062 ACC: 97.97 CR: 0.42 Avg R1: 7.23 Avg R2: 6.07 Avg Reward: 13.302525
2026-06-03 07:36:38 [INFO] Epoch: 60 [76800/100000 (77%)]	 Training Loss: 0.062 ACC: 97.98 CR: 0.43 Avg R1: 7.22 Avg R2: 6.08 Avg Reward: 13.299806
2026-06-03 07:36:57 [INFO] Epoch: 60 [89600/100000 (90%)]	 Training Loss: 0.062 ACC: 98.02 CR: 0.43 Avg R1: 7.21 Avg R2: 6.08 Avg Reward: 13.296881
2026-06-03 07:37:12 [INFO] EPOCH:60, ======================CR:0.43236====================
2026-06-03 07:37:12 [INFO] -0.015537641028804332
2026-06-03 07:37:16 [INFO] EPOCH:60, ======================ACC:61.6====================
2026-06-03 07:37:16 [INFO] BEST EPOCH:38,BEST ACC:61.96
2026-06-03 07:37:35 [INFO] Epoch: 61 [12800/100000 (13%)]	 Training Loss: 0.061 ACC: 98.03 CR: 0.43 Avg R1: 7.09 Avg R2: 6.18 Avg Reward: 13.266586
2026-06-03 07:37:53 [INFO] Epoch: 61 [25600/100000 (26%)]	 Training Loss: 0.061 ACC: 98.05 CR: 0.43 Avg R1: 7.08 Avg R2: 6.19 Avg Reward: 13.264487
2026-06-03 07:38:12 [INFO] Epoch: 61 [38400/100000 (38%)]	 Training Loss: 0.062 ACC: 98.02 CR: 0.44 Avg R1: 7.07 Avg R2: 6.19 Avg Reward: 13.261448
2026-06-03 07:38:32 [INFO] Epoch: 61 [51200/100000 (51%)]	 Training Loss: 0.062 ACC: 98.02 CR: 0.44 Avg R1: 7.05 Avg R2: 6.20 Avg Reward: 13.258662
2026-06-03 07:38:51 [INFO] Epoch: 61 [64000/100000 (64%)]	 Training Loss: 0.061 ACC: 98.07 CR: 0.44 Avg R1: 7.05 Avg R2: 6.21 Avg Reward: 13.256812
2026-06-03 07:39:11 [INFO] Epoch: 61 [76800/100000 (77%)]	 Training Loss: 0.061 ACC: 98.09 CR: 0.44 Avg R1: 7.03 Avg R2: 6.22 Avg Reward: 13.253898
2026-06-03 07:39:31 [INFO] Epoch: 61 [89600/100000 (90%)]	 Training Loss: 0.062 ACC: 98.11 CR: 0.44 Avg R1: 7.03 Avg R2: 6.23 Avg Reward: 13.251215
2026-06-03 07:39:47 [INFO] EPOCH:61, ======================CR:0.4438====================
2026-06-03 07:39:47 [INFO] -0.009406755432813295
2026-06-03 07:39:52 [INFO] EPOCH:61, ======================ACC:61.8====================
2026-06-03 07:39:52 [INFO] BEST EPOCH:38,BEST ACC:61.96
2026-06-03 07:40:13 [INFO] Epoch: 62 [12800/100000 (13%)]	 Training Loss: 0.060 ACC: 98.31 CR: 0.44 Avg R1: 6.95 Avg R2: 6.28 Avg Reward: 13.236656
2026-06-03 07:40:33 [INFO] Epoch: 62 [25600/100000 (26%)]	 Training Loss: 0.060 ACC: 98.26 CR: 0.44 Avg R1: 6.96 Avg R2: 6.28 Avg Reward: 13.240718
2026-06-03 07:40:52 [INFO] Epoch: 62 [38400/100000 (38%)]	 Training Loss: 0.060 ACC: 98.23 CR: 0.44 Avg R1: 6.96 Avg R2: 6.28 Avg Reward: 13.241820
2026-06-03 07:41:12 [INFO] Epoch: 62 [51200/100000 (51%)]	 Training Loss: 0.059 ACC: 98.18 CR: 0.44 Avg R1: 6.97 Avg R2: 6.28 Avg Reward: 13.243124
2026-06-03 07:41:32 [INFO] Epoch: 62 [64000/100000 (64%)]	 Training Loss: 0.059 ACC: 98.17 CR: 0.44 Avg R1: 6.98 Avg R2: 6.27 Avg Reward: 13.246132
2026-06-03 07:41:52 [INFO] Epoch: 62 [76800/100000 (77%)]	 Training Loss: 0.059 ACC: 98.17 CR: 0.43 Avg R1: 6.99 Avg R2: 6.26 Avg Reward: 13.249318
2026-06-03 07:42:10 [INFO] Epoch: 62 [89600/100000 (90%)]	 Training Loss: 0.058 ACC: 98.20 CR: 0.43 Avg R1: 7.00 Avg R2: 6.25 Avg Reward: 13.254551
2026-06-03 07:42:26 [INFO] EPOCH:62, ======================CR:0.42562====================
2026-06-03 07:42:26 [INFO] -0.010060752172994078
2026-06-03 07:42:31 [INFO] EPOCH:62, ======================ACC:61.66====================
2026-06-03 07:42:31 [INFO] BEST EPOCH:38,BEST ACC:61.96
2026-06-03 07:42:51 [INFO] Epoch: 63 [12800/100000 (13%)]	 Training Loss: 0.058 ACC: 98.05 CR: 0.43 Avg R1: 7.18 Avg R2: 6.12 Avg Reward: 13.301696
2026-06-03 07:43:12 [INFO] Epoch: 63 [25600/100000 (26%)]	 Training Loss: 0.058 ACC: 98.06 CR: 0.43 Avg R1: 7.18 Avg R2: 6.12 Avg Reward: 13.299247
2026-06-03 07:43:30 [INFO] Epoch: 63 [38400/100000 (38%)]	 Training Loss: 0.058 ACC: 98.15 CR: 0.43 Avg R1: 7.18 Avg R2: 6.12 Avg Reward: 13.296869
2026-06-03 07:43:50 [INFO] Epoch: 63 [51200/100000 (51%)]	 Training Loss: 0.058 ACC: 98.15 CR: 0.43 Avg R1: 7.17 Avg R2: 6.12 Avg Reward: 13.295627
2026-06-03 07:44:09 [INFO] Epoch: 63 [64000/100000 (64%)]	 Training Loss: 0.059 ACC: 98.18 CR: 0.43 Avg R1: 7.16 Avg R2: 6.13 Avg Reward: 13.292787
2026-06-03 07:44:29 [INFO] Epoch: 63 [76800/100000 (77%)]	 Training Loss: 0.059 ACC: 98.15 CR: 0.43 Avg R1: 7.15 Avg R2: 6.14 Avg Reward: 13.288882
2026-06-03 07:44:48 [INFO] Epoch: 63 [89600/100000 (90%)]	 Training Loss: 0.059 ACC: 98.18 CR: 0.43 Avg R1: 7.14 Avg R2: 6.14 Avg Reward: 13.284467
2026-06-03 07:45:04 [INFO] EPOCH:63, ======================CR:0.43572====================
2026-06-03 07:45:04 [INFO] -0.012998657589196194
2026-06-03 07:45:09 [INFO] EPOCH:63, ======================ACC:61.61====================
2026-06-03 07:45:09 [INFO] BEST EPOCH:38,BEST ACC:61.96
2026-06-03 07:45:30 [INFO] Epoch: 64 [12800/100000 (13%)]	 Training Loss: 0.059 ACC: 98.23 CR: 0.44 Avg R1: 7.05 Avg R2: 6.20 Avg Reward: 13.248292
2026-06-03 07:45:48 [INFO] Epoch: 64 [25600/100000 (26%)]	 Training Loss: 0.058 ACC: 98.26 CR: 0.44 Avg R1: 7.04 Avg R2: 6.21 Avg Reward: 13.245341
2026-06-03 07:46:12 [INFO] Epoch: 64 [38400/100000 (38%)]	 Training Loss: 0.059 ACC: 98.18 CR: 0.44 Avg R1: 7.04 Avg R2: 6.21 Avg Reward: 13.243340
2026-06-03 07:46:42 [INFO] Epoch: 64 [51200/100000 (51%)]	 Training Loss: 0.059 ACC: 98.25 CR: 0.44 Avg R1: 7.03 Avg R2: 6.21 Avg Reward: 13.243253
2026-06-03 07:47:13 [INFO] Epoch: 64 [64000/100000 (64%)]	 Training Loss: 0.059 ACC: 98.24 CR: 0.44 Avg R1: 7.03 Avg R2: 6.21 Avg Reward: 13.242722
2026-06-03 07:47:43 [INFO] Epoch: 64 [76800/100000 (77%)]	 Training Loss: 0.059 ACC: 98.22 CR: 0.44 Avg R1: 7.03 Avg R2: 6.21 Avg Reward: 13.241771
2026-06-03 07:48:14 [INFO] Epoch: 64 [89600/100000 (90%)]	 Training Loss: 0.059 ACC: 98.18 CR: 0.44 Avg R1: 7.03 Avg R2: 6.21 Avg Reward: 13.240997
2026-06-03 07:48:39 [INFO] EPOCH:64, ======================CR:0.43715====================
2026-06-03 07:48:39 [INFO] -0.013161346354449963
2026-06-03 07:48:45 [INFO] EPOCH:64, ======================ACC:61.71====================
2026-06-03 07:48:45 [INFO] BEST EPOCH:38,BEST ACC:61.96
2026-06-03 07:49:14 [INFO] Epoch: 65 [12800/100000 (13%)]	 Training Loss: 0.059 ACC: 98.03 CR: 0.44 Avg R1: 7.02 Avg R2: 6.21 Avg Reward: 13.232245
2026-06-03 07:49:43 [INFO] Epoch: 65 [25600/100000 (26%)]	 Training Loss: 0.059 ACC: 98.15 CR: 0.44 Avg R1: 7.02 Avg R2: 6.21 Avg Reward: 13.230798
2026-06-03 07:50:13 [INFO] Epoch: 65 [38400/100000 (38%)]	 Training Loss: 0.059 ACC: 98.17 CR: 0.44 Avg R1: 7.02 Avg R2: 6.21 Avg Reward: 13.231583
2026-06-03 07:50:43 [INFO] Epoch: 65 [51200/100000 (51%)]	 Training Loss: 0.059 ACC: 98.16 CR: 0.44 Avg R1: 7.02 Avg R2: 6.22 Avg Reward: 13.232743
2026-06-03 07:51:14 [INFO] Epoch: 65 [64000/100000 (64%)]	 Training Loss: 0.059 ACC: 98.21 CR: 0.44 Avg R1: 7.02 Avg R2: 6.22 Avg Reward: 13.235545
2026-06-03 07:51:43 [INFO] Epoch: 65 [76800/100000 (77%)]	 Training Loss: 0.058 ACC: 98.24 CR: 0.44 Avg R1: 7.02 Avg R2: 6.22 Avg Reward: 13.237836
2026-06-03 07:52:09 [INFO] Epoch: 65 [89600/100000 (90%)]	 Training Loss: 0.058 ACC: 98.25 CR: 0.44 Avg R1: 7.01 Avg R2: 6.23 Avg Reward: 13.238793
2026-06-03 07:52:26 [INFO] EPOCH:65, ======================CR:0.44057====================
2026-06-03 07:52:26 [INFO] -0.013573745706999539
2026-06-03 07:52:30 [INFO] EPOCH:65, ======================ACC:61.62====================
2026-06-03 07:52:30 [INFO] BEST EPOCH:38,BEST ACC:61.96
2026-06-03 07:52:54 [INFO] Epoch: 66 [12800/100000 (13%)]	 Training Loss: 0.058 ACC: 98.34 CR: 0.44 Avg R1: 6.99 Avg R2: 6.25 Avg Reward: 13.239754
2026-06-03 07:53:17 [INFO] Epoch: 66 [25600/100000 (26%)]	 Training Loss: 0.058 ACC: 98.25 CR: 0.44 Avg R1: 6.99 Avg R2: 6.25 Avg Reward: 13.238345
2026-06-03 07:53:46 [INFO] Epoch: 66 [38400/100000 (38%)]	 Training Loss: 0.058 ACC: 98.29 CR: 0.44 Avg R1: 6.99 Avg R2: 6.25 Avg Reward: 13.238023
2026-06-03 07:54:17 [INFO] Epoch: 66 [51200/100000 (51%)]	 Training Loss: 0.059 ACC: 98.31 CR: 0.44 Avg R1: 6.99 Avg R2: 6.25 Avg Reward: 13.235339
2026-06-03 07:54:48 [INFO] Epoch: 66 [64000/100000 (64%)]	 Training Loss: 0.059 ACC: 98.30 CR: 0.44 Avg R1: 6.98 Avg R2: 6.25 Avg Reward: 13.232687
2026-06-03 07:55:17 [INFO] Epoch: 66 [76800/100000 (77%)]	 Training Loss: 0.059 ACC: 98.29 CR: 0.44 Avg R1: 6.98 Avg R2: 6.25 Avg Reward: 13.230943
2026-06-03 07:55:36 [INFO] Epoch: 66 [89600/100000 (90%)]	 Training Loss: 0.059 ACC: 98.29 CR: 0.44 Avg R1: 6.98 Avg R2: 6.25 Avg Reward: 13.228347
2026-06-03 07:55:51 [INFO] EPOCH:66, ======================CR:0.4445====================
2026-06-03 07:55:51 [INFO] -0.014935565844542455
2026-06-03 07:55:56 [INFO] EPOCH:66, ======================ACC:61.67====================
2026-06-03 07:55:56 [INFO] BEST EPOCH:38,BEST ACC:61.96
2026-06-03 07:56:15 [INFO] Epoch: 67 [12800/100000 (13%)]	 Training Loss: 0.058 ACC: 98.28 CR: 0.44 Avg R1: 6.96 Avg R2: 6.25 Avg Reward: 13.213330
2026-06-03 07:56:32 [INFO] Epoch: 67 [25600/100000 (26%)]	 Training Loss: 0.057 ACC: 98.37 CR: 0.44 Avg R1: 6.98 Avg R2: 6.24 Avg Reward: 13.218747
2026-06-03 07:56:43 [INFO] Epoch: 67 [38400/100000 (38%)]	 Training Loss: 0.057 ACC: 98.35 CR: 0.44 Avg R1: 6.99 Avg R2: 6.24 Avg Reward: 13.222916
2026-06-03 07:56:56 [INFO] Epoch: 67 [51200/100000 (51%)]	 Training Loss: 0.057 ACC: 98.33 CR: 0.44 Avg R1: 7.00 Avg R2: 6.23 Avg Reward: 13.227874
2026-06-03 07:57:08 [INFO] Epoch: 67 [64000/100000 (64%)]	 Training Loss: 0.057 ACC: 98.31 CR: 0.43 Avg R1: 7.01 Avg R2: 6.22 Avg Reward: 13.232209
2026-06-03 07:57:20 [INFO] Epoch: 67 [76800/100000 (77%)]	 Training Loss: 0.057 ACC: 98.30 CR: 0.43 Avg R1: 7.03 Avg R2: 6.21 Avg Reward: 13.237676
2026-06-03 07:57:32 [INFO] Epoch: 67 [89600/100000 (90%)]	 Training Loss: 0.057 ACC: 98.27 CR: 0.43 Avg R1: 7.05 Avg R2: 6.20 Avg Reward: 13.243290
2026-06-03 07:57:42 [INFO] EPOCH:67, ======================CR:0.42296====================
2026-06-03 07:57:42 [INFO] -0.01088514106871506
2026-06-03 07:57:45 [INFO] EPOCH:67, ======================ACC:61.53====================
2026-06-03 07:57:45 [INFO] BEST EPOCH:38,BEST ACC:61.96
2026-06-03 07:58:01 [INFO] Epoch: 68 [12800/100000 (13%)]	 Training Loss: 0.056 ACC: 98.27 CR: 0.42 Avg R1: 7.22 Avg R2: 6.08 Avg Reward: 13.303818
2026-06-03 07:58:19 [INFO] Epoch: 68 [25600/100000 (26%)]	 Training Loss: 0.056 ACC: 98.30 CR: 0.42 Avg R1: 7.23 Avg R2: 6.07 Avg Reward: 13.305613
2026-06-03 07:58:37 [INFO] Epoch: 68 [38400/100000 (38%)]	 Training Loss: 0.055 ACC: 98.34 CR: 0.42 Avg R1: 7.24 Avg R2: 6.06 Avg Reward: 13.306871
2026-06-03 07:58:55 [INFO] Epoch: 68 [51200/100000 (51%)]	 Training Loss: 0.055 ACC: 98.31 CR: 0.42 Avg R1: 7.25 Avg R2: 6.06 Avg Reward: 13.309267
2026-06-03 07:59:13 [INFO] Epoch: 68 [64000/100000 (64%)]	 Training Loss: 0.055 ACC: 98.30 CR: 0.41 Avg R1: 7.26 Avg R2: 6.05 Avg Reward: 13.311184
2026-06-03 07:59:32 [INFO] Epoch: 68 [76800/100000 (77%)]	 Training Loss: 0.055 ACC: 98.28 CR: 0.41 Avg R1: 7.27 Avg R2: 6.04 Avg Reward: 13.314372
2026-06-03 07:59:50 [INFO] Epoch: 68 [89600/100000 (90%)]	 Training Loss: 0.055 ACC: 98.27 CR: 0.41 Avg R1: 7.29 Avg R2: 6.03 Avg Reward: 13.319187
2026-06-03 08:00:01 [INFO] EPOCH:68, ======================CR:0.4023====================
2026-06-03 08:00:01 [INFO] -0.01706573425528952
2026-06-03 08:00:04 [INFO] EPOCH:68, ======================ACC:61.59====================
2026-06-03 08:00:04 [INFO] BEST EPOCH:38,BEST ACC:61.96
2026-06-03 08:00:18 [INFO] Epoch: 69 [12800/100000 (13%)]	 Training Loss: 0.053 ACC: 98.11 CR: 0.40 Avg R1: 7.50 Avg R2: 5.90 Avg Reward: 13.398020
2026-06-03 08:00:31 [INFO] Epoch: 69 [25600/100000 (26%)]	 Training Loss: 0.052 ACC: 98.23 CR: 0.39 Avg R1: 7.53 Avg R2: 5.88 Avg Reward: 13.411220
2026-06-03 08:00:44 [INFO] Epoch: 69 [38400/100000 (38%)]	 Training Loss: 0.052 ACC: 98.26 CR: 0.39 Avg R1: 7.55 Avg R2: 5.86 Avg Reward: 13.419377
2026-06-03 08:00:57 [INFO] Epoch: 69 [51200/100000 (51%)]	 Training Loss: 0.052 ACC: 98.20 CR: 0.39 Avg R1: 7.58 Avg R2: 5.85 Avg Reward: 13.427479
2026-06-03 08:01:10 [INFO] Epoch: 69 [64000/100000 (64%)]	 Training Loss: 0.053 ACC: 98.23 CR: 0.39 Avg R1: 7.60 Avg R2: 5.84 Avg Reward: 13.436395
2026-06-03 08:01:23 [INFO] Epoch: 69 [76800/100000 (77%)]	 Training Loss: 0.053 ACC: 98.24 CR: 0.38 Avg R1: 7.61 Avg R2: 5.83 Avg Reward: 13.444140
2026-06-03 08:01:37 [INFO] Epoch: 69 [89600/100000 (90%)]	 Training Loss: 0.053 ACC: 98.26 CR: 0.38 Avg R1: 7.63 Avg R2: 5.82 Avg Reward: 13.452163
2026-06-03 08:01:52 [INFO] EPOCH:69, ======================CR:0.37706====================
2026-06-03 08:01:52 [INFO] -0.021826410484125217
2026-06-03 08:01:56 [INFO] EPOCH:69, ======================ACC:61.58====================
2026-06-03 08:01:56 [INFO] BEST EPOCH:38,BEST ACC:61.96
2026-06-03 08:02:16 [INFO] Epoch: 70 [12800/100000 (13%)]	 Training Loss: 0.054 ACC: 98.28 CR: 0.38 Avg R1: 7.77 Avg R2: 5.74 Avg Reward: 13.509168
2026-06-03 08:02:35 [INFO] Epoch: 70 [25600/100000 (26%)]	 Training Loss: 0.054 ACC: 98.26 CR: 0.38 Avg R1: 7.74 Avg R2: 5.76 Avg Reward: 13.500001
2026-06-03 08:02:54 [INFO] Epoch: 70 [38400/100000 (38%)]	 Training Loss: 0.054 ACC: 98.27 CR: 0.39 Avg R1: 7.72 Avg R2: 5.77 Avg Reward: 13.492433
2026-06-03 08:03:12 [INFO] Epoch: 70 [51200/100000 (51%)]	 Training Loss: 0.054 ACC: 98.31 CR: 0.39 Avg R1: 7.71 Avg R2: 5.78 Avg Reward: 13.487995
2026-06-03 08:03:31 [INFO] Epoch: 70 [64000/100000 (64%)]	 Training Loss: 0.054 ACC: 98.28 CR: 0.39 Avg R1: 7.70 Avg R2: 5.78 Avg Reward: 13.483358
2026-06-03 08:03:50 [INFO] Epoch: 70 [76800/100000 (77%)]	 Training Loss: 0.054 ACC: 98.29 CR: 0.39 Avg R1: 7.69 Avg R2: 5.79 Avg Reward: 13.479597
2026-06-03 08:04:09 [INFO] Epoch: 70 [89600/100000 (90%)]	 Training Loss: 0.053 ACC: 98.29 CR: 0.39 Avg R1: 7.69 Avg R2: 5.79 Avg Reward: 13.476551
2026-06-03 08:04:25 [INFO] EPOCH:70, ======================CR:0.38815====================
2026-06-03 08:04:25 [INFO] -0.009678861199808013
2026-06-03 08:04:30 [INFO] EPOCH:70, ======================ACC:61.64====================
2026-06-03 08:04:30 [INFO] BEST EPOCH:38,BEST ACC:61.96
2026-06-03 08:04:44 [INFO] Epoch: 71 [12800/100000 (13%)]	 Training Loss: 0.053 ACC: 98.33 CR: 0.39 Avg R1: 7.65 Avg R2: 5.80 Avg Reward: 13.448393
2026-06-03 08:04:58 [INFO] Epoch: 71 [25600/100000 (26%)]	 Training Loss: 0.052 ACC: 98.37 CR: 0.39 Avg R1: 7.65 Avg R2: 5.80 Avg Reward: 13.448332
2026-06-03 08:05:13 [INFO] Epoch: 71 [38400/100000 (38%)]	 Training Loss: 0.052 ACC: 98.40 CR: 0.39 Avg R1: 7.66 Avg R2: 5.79 Avg Reward: 13.451386
2026-06-03 08:05:27 [INFO] Epoch: 71 [51200/100000 (51%)]	 Training Loss: 0.052 ACC: 98.39 CR: 0.38 Avg R1: 7.67 Avg R2: 5.79 Avg Reward: 13.455320
2026-06-03 08:05:41 [INFO] Epoch: 71 [64000/100000 (64%)]	 Training Loss: 0.052 ACC: 98.35 CR: 0.38 Avg R1: 7.68 Avg R2: 5.78 Avg Reward: 13.461401
2026-06-03 08:05:56 [INFO] Epoch: 71 [76800/100000 (77%)]	 Training Loss: 0.052 ACC: 98.37 CR: 0.38 Avg R1: 7.70 Avg R2: 5.77 Avg Reward: 13.468396
2026-06-03 08:06:11 [INFO] Epoch: 71 [89600/100000 (90%)]	 Training Loss: 0.052 ACC: 98.33 CR: 0.37 Avg R1: 7.72 Avg R2: 5.76 Avg Reward: 13.475699
2026-06-03 08:06:23 [INFO] EPOCH:71, ======================CR:0.36886====================
2026-06-03 08:06:23 [INFO] -0.016704686813231204
2026-06-03 08:06:27 [INFO] EPOCH:71, ======================ACC:61.66====================
2026-06-03 08:06:27 [INFO] BEST EPOCH:38,BEST ACC:61.96
2026-06-03 08:06:47 [INFO] Epoch: 72 [12800/100000 (13%)]	 Training Loss: 0.050 ACC: 98.13 CR: 0.37 Avg R1: 7.91 Avg R2: 5.64 Avg Reward: 13.542342
2026-06-03 08:07:05 [INFO] Epoch: 72 [25600/100000 (26%)]	 Training Loss: 0.048 ACC: 98.34 CR: 0.36 Avg R1: 7.92 Avg R2: 5.62 Avg Reward: 13.548994
2026-06-03 08:07:24 [INFO] Epoch: 72 [38400/100000 (38%)]	 Training Loss: 0.048 ACC: 98.32 CR: 0.36 Avg R1: 7.95 Avg R2: 5.61 Avg Reward: 13.556571
2026-06-03 08:07:43 [INFO] Epoch: 72 [51200/100000 (51%)]	 Training Loss: 0.048 ACC: 98.33 CR: 0.35 Avg R1: 7.97 Avg R2: 5.59 Avg Reward: 13.565771
2026-06-03 08:08:02 [INFO] Epoch: 72 [64000/100000 (64%)]	 Training Loss: 0.049 ACC: 98.35 CR: 0.35 Avg R1: 7.99 Avg R2: 5.58 Avg Reward: 13.573637
2026-06-03 08:08:21 [INFO] Epoch: 72 [76800/100000 (77%)]	 Training Loss: 0.049 ACC: 98.32 CR: 0.35 Avg R1: 8.01 Avg R2: 5.57 Avg Reward: 13.581818
2026-06-03 08:08:40 [INFO] Epoch: 72 [89600/100000 (90%)]	 Training Loss: 0.049 ACC: 98.33 CR: 0.35 Avg R1: 8.03 Avg R2: 5.55 Avg Reward: 13.588772
2026-06-03 08:08:55 [INFO] EPOCH:72, ======================CR:0.34534====================
2026-06-03 08:08:55 [INFO] -0.022884355423901902
2026-06-03 08:08:59 [INFO] EPOCH:72, ======================ACC:61.51====================
2026-06-03 08:08:59 [INFO] BEST EPOCH:38,BEST ACC:61.96
2026-06-03 08:09:16 [INFO] Epoch: 73 [12800/100000 (13%)]	 Training Loss: 0.051 ACC: 98.27 CR: 0.34 Avg R1: 8.18 Avg R2: 5.45 Avg Reward: 13.631453
2026-06-03 08:09:31 [INFO] Epoch: 73 [25600/100000 (26%)]	 Training Loss: 0.050 ACC: 98.30 CR: 0.34 Avg R1: 8.19 Avg R2: 5.44 Avg Reward: 13.634669
2026-06-03 08:09:45 [INFO] Epoch: 73 [38400/100000 (38%)]	 Training Loss: 0.050 ACC: 98.26 CR: 0.34 Avg R1: 8.19 Avg R2: 5.44 Avg Reward: 13.636727
2026-06-03 08:10:00 [INFO] Epoch: 73 [51200/100000 (51%)]	 Training Loss: 0.051 ACC: 98.28 CR: 0.34 Avg R1: 8.20 Avg R2: 5.44 Avg Reward: 13.638048
2026-06-03 08:10:14 [INFO] Epoch: 73 [64000/100000 (64%)]	 Training Loss: 0.050 ACC: 98.32 CR: 0.34 Avg R1: 8.20 Avg R2: 5.44 Avg Reward: 13.638748
2026-06-03 08:10:29 [INFO] Epoch: 73 [76800/100000 (77%)]	 Training Loss: 0.050 ACC: 98.36 CR: 0.34 Avg R1: 8.20 Avg R2: 5.44 Avg Reward: 13.638913
2026-06-03 08:10:45 [INFO] Epoch: 73 [89600/100000 (90%)]	 Training Loss: 0.050 ACC: 98.33 CR: 0.34 Avg R1: 8.20 Avg R2: 5.44 Avg Reward: 13.638594
2026-06-03 08:10:57 [INFO] EPOCH:73, ======================CR:0.34344====================
2026-06-03 08:10:57 [INFO] -0.020832325888661275
2026-06-03 08:11:01 [INFO] EPOCH:73, ======================ACC:61.64====================
2026-06-03 08:11:01 [INFO] BEST EPOCH:38,BEST ACC:61.96
2026-06-03 08:11:18 [INFO] Epoch: 74 [12800/100000 (13%)]	 Training Loss: 0.047 ACC: 98.59 CR: 0.34 Avg R1: 8.21 Avg R2: 5.43 Avg Reward: 13.637203
2026-06-03 08:11:36 [INFO] Epoch: 74 [25600/100000 (26%)]	 Training Loss: 0.047 ACC: 98.47 CR: 0.34 Avg R1: 8.21 Avg R2: 5.43 Avg Reward: 13.636501
2026-06-03 08:11:55 [INFO] Epoch: 74 [38400/100000 (38%)]	 Training Loss: 0.047 ACC: 98.50 CR: 0.34 Avg R1: 8.22 Avg R2: 5.42 Avg Reward: 13.637435
2026-06-03 08:12:14 [INFO] Epoch: 74 [51200/100000 (51%)]	 Training Loss: 0.048 ACC: 98.44 CR: 0.34 Avg R1: 8.22 Avg R2: 5.42 Avg Reward: 13.636623
2026-06-03 08:12:34 [INFO] Epoch: 74 [64000/100000 (64%)]	 Training Loss: 0.048 ACC: 98.40 CR: 0.34 Avg R1: 8.22 Avg R2: 5.41 Avg Reward: 13.635039
2026-06-03 08:12:53 [INFO] Epoch: 74 [76800/100000 (77%)]	 Training Loss: 0.048 ACC: 98.38 CR: 0.34 Avg R1: 8.23 Avg R2: 5.41 Avg Reward: 13.634935
2026-06-03 08:13:12 [INFO] Epoch: 74 [89600/100000 (90%)]	 Training Loss: 0.048 ACC: 98.38 CR: 0.34 Avg R1: 8.24 Avg R2: 5.40 Avg Reward: 13.636901
2026-06-03 08:13:27 [INFO] EPOCH:74, ======================CR:0.3313====================
2026-06-03 08:13:27 [INFO] -0.032024656914475556
2026-06-03 08:13:32 [INFO] EPOCH:74, ======================ACC:61.79====================
2026-06-03 08:13:32 [INFO] BEST EPOCH:38,BEST ACC:61.96
2026-06-03 08:13:53 [INFO] Epoch: 75 [12800/100000 (13%)]	 Training Loss: 0.046 ACC: 98.48 CR: 0.33 Avg R1: 8.39 Avg R2: 5.29 Avg Reward: 13.676205
2026-06-03 08:14:12 [INFO] Epoch: 75 [25600/100000 (26%)]	 Training Loss: 0.045 ACC: 98.43 CR: 0.32 Avg R1: 8.41 Avg R2: 5.27 Avg Reward: 13.685222
2026-06-03 08:14:32 [INFO] Epoch: 75 [38400/100000 (38%)]	 Training Loss: 0.045 ACC: 98.42 CR: 0.32 Avg R1: 8.44 Avg R2: 5.26 Avg Reward: 13.695464
2026-06-03 08:14:48 [INFO] Epoch: 75 [51200/100000 (51%)]	 Training Loss: 0.045 ACC: 98.39 CR: 0.31 Avg R1: 8.47 Avg R2: 5.24 Avg Reward: 13.705401
2026-06-03 08:15:02 [INFO] Epoch: 75 [64000/100000 (64%)]	 Training Loss: 0.046 ACC: 98.38 CR: 0.31 Avg R1: 8.49 Avg R2: 5.23 Avg Reward: 13.714755
2026-06-03 08:15:16 [INFO] Epoch: 75 [76800/100000 (77%)]	 Training Loss: 0.046 ACC: 98.37 CR: 0.31 Avg R1: 8.51 Avg R2: 5.21 Avg Reward: 13.723379
2026-06-03 08:15:31 [INFO] Epoch: 75 [89600/100000 (90%)]	 Training Loss: 0.046 ACC: 98.33 CR: 0.30 Avg R1: 8.54 Avg R2: 5.19 Avg Reward: 13.732583
2026-06-03 08:15:43 [INFO] EPOCH:75, ======================CR:0.29801====================
2026-06-03 08:15:43 [INFO] -0.031761244890567836
2026-06-03 08:15:47 [INFO] EPOCH:75, ======================ACC:61.71====================
2026-06-03 08:15:47 [INFO] BEST EPOCH:38,BEST ACC:61.96
2026-06-03 08:16:02 [INFO] Epoch: 76 [12800/100000 (13%)]	 Training Loss: 0.044 ACC: 98.28 CR: 0.30 Avg R1: 8.79 Avg R2: 5.03 Avg Reward: 13.818295
2026-06-03 08:16:17 [INFO] Epoch: 76 [25600/100000 (26%)]	 Training Loss: 0.045 ACC: 98.29 CR: 0.29 Avg R1: 8.80 Avg R2: 5.02 Avg Reward: 13.822009
2026-06-03 08:16:31 [INFO] Epoch: 76 [38400/100000 (38%)]	 Training Loss: 0.044 ACC: 98.32 CR: 0.29 Avg R1: 8.82 Avg R2: 5.01 Avg Reward: 13.826437
2026-06-03 08:16:45 [INFO] Epoch: 76 [51200/100000 (51%)]	 Training Loss: 0.044 ACC: 98.36 CR: 0.29 Avg R1: 8.84 Avg R2: 4.99 Avg Reward: 13.829448
2026-06-03 08:17:00 [INFO] Epoch: 76 [64000/100000 (64%)]	 Training Loss: 0.044 ACC: 98.35 CR: 0.29 Avg R1: 8.85 Avg R2: 4.98 Avg Reward: 13.831800
2026-06-03 08:17:17 [INFO] Epoch: 76 [76800/100000 (77%)]	 Training Loss: 0.044 ACC: 98.38 CR: 0.29 Avg R1: 8.86 Avg R2: 4.97 Avg Reward: 13.834419
2026-06-03 08:17:36 [INFO] Epoch: 76 [89600/100000 (90%)]	 Training Loss: 0.045 ACC: 98.35 CR: 0.29 Avg R1: 8.87 Avg R2: 4.97 Avg Reward: 13.836644
2026-06-03 08:17:52 [INFO] EPOCH:76, ======================CR:0.28339====================
2026-06-03 08:17:52 [INFO] -0.029716402382841074
2026-06-03 08:17:56 [INFO] EPOCH:76, ======================ACC:61.7====================
2026-06-03 08:17:56 [INFO] BEST EPOCH:38,BEST ACC:61.96
2026-06-03 08:18:16 [INFO] Epoch: 77 [12800/100000 (13%)]	 Training Loss: 0.043 ACC: 98.45 CR: 0.28 Avg R1: 8.97 Avg R2: 4.89 Avg Reward: 13.857463
2026-06-03 08:18:34 [INFO] Epoch: 77 [25600/100000 (26%)]	 Training Loss: 0.043 ACC: 98.39 CR: 0.28 Avg R1: 8.98 Avg R2: 4.88 Avg Reward: 13.862983
2026-06-03 08:18:52 [INFO] Epoch: 77 [38400/100000 (38%)]	 Training Loss: 0.043 ACC: 98.39 CR: 0.28 Avg R1: 9.00 Avg R2: 4.87 Avg Reward: 13.869817
2026-06-03 08:19:11 [INFO] Epoch: 77 [51200/100000 (51%)]	 Training Loss: 0.042 ACC: 98.39 CR: 0.27 Avg R1: 9.02 Avg R2: 4.86 Avg Reward: 13.879531
2026-06-03 08:19:29 [INFO] Epoch: 77 [64000/100000 (64%)]	 Training Loss: 0.042 ACC: 98.41 CR: 0.26 Avg R1: 9.05 Avg R2: 4.84 Avg Reward: 13.889830
2026-06-03 08:19:47 [INFO] Epoch: 77 [76800/100000 (77%)]	 Training Loss: 0.041 ACC: 98.40 CR: 0.26 Avg R1: 9.08 Avg R2: 4.82 Avg Reward: 13.901399
2026-06-03 08:20:02 [INFO] Epoch: 77 [89600/100000 (90%)]	 Training Loss: 0.041 ACC: 98.40 CR: 0.25 Avg R1: 9.12 Avg R2: 4.80 Avg Reward: 13.913768
2026-06-03 08:20:14 [INFO] EPOCH:77, ======================CR:0.24264====================
2026-06-03 08:20:14 [INFO] -0.032776959865717346
2026-06-03 08:20:17 [INFO] EPOCH:77, ======================ACC:61.71====================
2026-06-03 08:20:17 [INFO] BEST EPOCH:38,BEST ACC:61.96
2026-06-03 08:20:33 [INFO] Epoch: 78 [12800/100000 (13%)]	 Training Loss: 0.040 ACC: 98.30 CR: 0.24 Avg R1: 9.49 Avg R2: 4.53 Avg Reward: 14.021469
2026-06-03 08:20:47 [INFO] Epoch: 78 [25600/100000 (26%)]	 Training Loss: 0.038 ACC: 98.41 CR: 0.24 Avg R1: 9.50 Avg R2: 4.52 Avg Reward: 14.026683
2026-06-03 08:21:02 [INFO] Epoch: 78 [38400/100000 (38%)]	 Training Loss: 0.038 ACC: 98.45 CR: 0.23 Avg R1: 9.52 Avg R2: 4.51 Avg Reward: 14.032370
2026-06-03 08:21:17 [INFO] Epoch: 78 [51200/100000 (51%)]	 Training Loss: 0.039 ACC: 98.38 CR: 0.23 Avg R1: 9.55 Avg R2: 4.49 Avg Reward: 14.038357
2026-06-03 08:21:32 [INFO] Epoch: 78 [64000/100000 (64%)]	 Training Loss: 0.039 ACC: 98.44 CR: 0.23 Avg R1: 9.57 Avg R2: 4.48 Avg Reward: 14.045628
2026-06-03 08:21:47 [INFO] Epoch: 78 [76800/100000 (77%)]	 Training Loss: 0.039 ACC: 98.40 CR: 0.22 Avg R1: 9.59 Avg R2: 4.46 Avg Reward: 14.052230
2026-06-03 08:22:02 [INFO] Epoch: 78 [89600/100000 (90%)]	 Training Loss: 0.039 ACC: 98.39 CR: 0.22 Avg R1: 9.61 Avg R2: 4.45 Avg Reward: 14.058046
2026-06-03 08:22:14 [INFO] EPOCH:78, ======================CR:0.21615====================
2026-06-03 08:22:14 [INFO] -0.03749702747522639
2026-06-03 08:22:18 [INFO] EPOCH:78, ======================ACC:61.62====================
2026-06-03 08:22:18 [INFO] BEST EPOCH:38,BEST ACC:61.96
2026-06-03 08:22:35 [INFO] Epoch: 79 [12800/100000 (13%)]	 Training Loss: 0.036 ACC: 98.72 CR: 0.22 Avg R1: 9.80 Avg R2: 4.31 Avg Reward: 14.106335
2026-06-03 08:22:55 [INFO] Epoch: 79 [25600/100000 (26%)]	 Training Loss: 0.037 ACC: 98.66 CR: 0.22 Avg R1: 9.80 Avg R2: 4.31 Avg Reward: 14.106159
2026-06-03 08:23:14 [INFO] Epoch: 79 [38400/100000 (38%)]	 Training Loss: 0.037 ACC: 98.59 CR: 0.22 Avg R1: 9.80 Avg R2: 4.31 Avg Reward: 14.105662
2026-06-03 08:23:33 [INFO] Epoch: 79 [51200/100000 (51%)]	 Training Loss: 0.038 ACC: 98.54 CR: 0.22 Avg R1: 9.80 Avg R2: 4.31 Avg Reward: 14.104538
2026-06-03 08:23:52 [INFO] Epoch: 79 [64000/100000 (64%)]	 Training Loss: 0.039 ACC: 98.48 CR: 0.22 Avg R1: 9.80 Avg R2: 4.31 Avg Reward: 14.103096
2026-06-03 08:24:11 [INFO] Epoch: 79 [76800/100000 (77%)]	 Training Loss: 0.039 ACC: 98.42 CR: 0.22 Avg R1: 9.79 Avg R2: 4.31 Avg Reward: 14.100900
2026-06-03 08:24:30 [INFO] Epoch: 79 [89600/100000 (90%)]	 Training Loss: 0.039 ACC: 98.44 CR: 0.22 Avg R1: 9.78 Avg R2: 4.31 Avg Reward: 14.097443
2026-06-03 08:24:45 [INFO] EPOCH:79, ======================CR:0.22291====================
2026-06-03 08:24:45 [INFO] -0.04081842855925236
2026-06-03 08:24:51 [INFO] EPOCH:79, ======================ACC:61.7====================
2026-06-03 08:24:51 [INFO] BEST EPOCH:38,BEST ACC:61.96
2026-06-03 08:25:10 [INFO] Epoch: 80 [12800/100000 (13%)]	 Training Loss: 0.041 ACC: 98.25 CR: 0.22 Avg R1: 9.71 Avg R2: 4.36 Avg Reward: 14.069187
2026-06-03 08:25:29 [INFO] Epoch: 80 [25600/100000 (26%)]	 Training Loss: 0.040 ACC: 98.29 CR: 0.22 Avg R1: 9.71 Avg R2: 4.36 Avg Reward: 14.073606
2026-06-03 08:25:48 [INFO] Epoch: 80 [38400/100000 (38%)]	 Training Loss: 0.040 ACC: 98.34 CR: 0.22 Avg R1: 9.71 Avg R2: 4.36 Avg Reward: 14.074998
2026-06-03 08:26:07 [INFO] Epoch: 80 [51200/100000 (51%)]	 Training Loss: 0.039 ACC: 98.36 CR: 0.22 Avg R1: 9.71 Avg R2: 4.36 Avg Reward: 14.075077
2026-06-03 08:26:21 [INFO] Epoch: 80 [64000/100000 (64%)]	 Training Loss: 0.040 ACC: 98.36 CR: 0.22 Avg R1: 9.71 Avg R2: 4.37 Avg Reward: 14.074573
2026-06-03 08:26:35 [INFO] Epoch: 80 [76800/100000 (77%)]	 Training Loss: 0.040 ACC: 98.39 CR: 0.23 Avg R1: 9.70 Avg R2: 4.37 Avg Reward: 14.073929
2026-06-03 08:26:49 [INFO] Epoch: 80 [89600/100000 (90%)]	 Training Loss: 0.040 ACC: 98.38 CR: 0.23 Avg R1: 9.70 Avg R2: 4.37 Avg Reward: 14.073287
2026-06-03 08:27:01 [INFO] EPOCH:80, ======================CR:0.22872====================
2026-06-03 08:27:01 [INFO] -0.03634583002398273
2026-06-03 08:27:04 [INFO] EPOCH:80, ======================ACC:61.43====================
2026-06-03 08:27:04 [INFO] BEST EPOCH:38,BEST ACC:61.96
2026-06-03 08:27:19 [INFO] Epoch: 81 [12800/100000 (13%)]	 Training Loss: 0.037 ACC: 98.60 CR: 0.23 Avg R1: 9.64 Avg R2: 4.42 Avg Reward: 14.061768
2026-06-03 08:27:33 [INFO] Epoch: 81 [25600/100000 (26%)]	 Training Loss: 0.038 ACC: 98.53 CR: 0.23 Avg R1: 9.64 Avg R2: 4.42 Avg Reward: 14.057758
2026-06-03 08:27:47 [INFO] Epoch: 81 [38400/100000 (38%)]	 Training Loss: 0.039 ACC: 98.45 CR: 0.23 Avg R1: 9.64 Avg R2: 4.42 Avg Reward: 14.056411
2026-06-03 08:28:02 [INFO] Epoch: 81 [51200/100000 (51%)]	 Training Loss: 0.039 ACC: 98.41 CR: 0.23 Avg R1: 9.64 Avg R2: 4.42 Avg Reward: 14.055542
2026-06-03 08:28:16 [INFO] Epoch: 81 [64000/100000 (64%)]	 Training Loss: 0.039 ACC: 98.41 CR: 0.23 Avg R1: 9.64 Avg R2: 4.41 Avg Reward: 14.054985
2026-06-03 08:28:30 [INFO] Epoch: 81 [76800/100000 (77%)]	 Training Loss: 0.039 ACC: 98.44 CR: 0.23 Avg R1: 9.65 Avg R2: 4.41 Avg Reward: 14.055882
2026-06-03 08:28:44 [INFO] Epoch: 81 [89600/100000 (90%)]	 Training Loss: 0.039 ACC: 98.45 CR: 0.22 Avg R1: 9.65 Avg R2: 4.40 Avg Reward: 14.057156
2026-06-03 08:28:56 [INFO] EPOCH:81, ======================CR:0.2237====================
2026-06-03 08:28:56 [INFO] -0.03809626564613182
2026-06-03 08:29:00 [INFO] EPOCH:81, ======================ACC:61.66====================
2026-06-03 08:29:00 [INFO] BEST EPOCH:38,BEST ACC:61.96
2026-06-03 08:29:18 [INFO] Epoch: 82 [12800/100000 (13%)]	 Training Loss: 0.041 ACC: 98.20 CR: 0.22 Avg R1: 9.71 Avg R2: 4.36 Avg Reward: 14.070457
2026-06-03 08:29:38 [INFO] Epoch: 82 [25600/100000 (26%)]	 Training Loss: 0.040 ACC: 98.33 CR: 0.22 Avg R1: 9.72 Avg R2: 4.36 Avg Reward: 14.076598
2026-06-03 08:29:57 [INFO] Epoch: 82 [38400/100000 (38%)]	 Training Loss: 0.039 ACC: 98.39 CR: 0.22 Avg R1: 9.73 Avg R2: 4.36 Avg Reward: 14.082213
2026-06-03 08:30:16 [INFO] Epoch: 82 [51200/100000 (51%)]	 Training Loss: 0.039 ACC: 98.36 CR: 0.22 Avg R1: 9.73 Avg R2: 4.35 Avg Reward: 14.085944
2026-06-03 08:30:34 [INFO] Epoch: 82 [64000/100000 (64%)]	 Training Loss: 0.039 ACC: 98.39 CR: 0.22 Avg R1: 9.74 Avg R2: 4.35 Avg Reward: 14.088828
2026-06-03 08:30:52 [INFO] Epoch: 82 [76800/100000 (77%)]	 Training Loss: 0.039 ACC: 98.43 CR: 0.21 Avg R1: 9.75 Avg R2: 4.34 Avg Reward: 14.093469
2026-06-03 08:31:11 [INFO] Epoch: 82 [89600/100000 (90%)]	 Training Loss: 0.039 ACC: 98.43 CR: 0.21 Avg R1: 9.76 Avg R2: 4.34 Avg Reward: 14.097705
2026-06-03 08:31:25 [INFO] EPOCH:82, ======================CR:0.21378====================
2026-06-03 08:31:26 [INFO] -0.035206191098487175
2026-06-03 08:31:31 [INFO] EPOCH:82, ======================ACC:61.67====================
2026-06-03 08:31:31 [INFO] BEST EPOCH:38,BEST ACC:61.96
2026-06-03 08:31:51 [INFO] Epoch: 83 [12800/100000 (13%)]	 Training Loss: 0.038 ACC: 98.49 CR: 0.21 Avg R1: 9.82 Avg R2: 4.29 Avg Reward: 14.114100
2026-06-03 08:32:09 [INFO] Epoch: 83 [25600/100000 (26%)]	 Training Loss: 0.038 ACC: 98.59 CR: 0.21 Avg R1: 9.82 Avg R2: 4.29 Avg Reward: 14.114346
2026-06-03 08:32:23 [INFO] Epoch: 83 [38400/100000 (38%)]	 Training Loss: 0.039 ACC: 98.51 CR: 0.22 Avg R1: 9.82 Avg R2: 4.30 Avg Reward: 14.114667
2026-06-03 08:32:37 [INFO] Epoch: 83 [51200/100000 (51%)]	 Training Loss: 0.039 ACC: 98.46 CR: 0.22 Avg R1: 9.82 Avg R2: 4.30 Avg Reward: 14.115225
2026-06-03 08:32:52 [INFO] Epoch: 83 [64000/100000 (64%)]	 Training Loss: 0.039 ACC: 98.46 CR: 0.22 Avg R1: 9.81 Avg R2: 4.30 Avg Reward: 14.115733
2026-06-03 08:33:07 [INFO] Epoch: 83 [76800/100000 (77%)]	 Training Loss: 0.040 ACC: 98.44 CR: 0.22 Avg R1: 9.81 Avg R2: 4.30 Avg Reward: 14.115877
2026-06-03 08:33:21 [INFO] Epoch: 83 [89600/100000 (90%)]	 Training Loss: 0.040 ACC: 98.44 CR: 0.22 Avg R1: 9.81 Avg R2: 4.31 Avg Reward: 14.116473
2026-06-03 08:33:33 [INFO] EPOCH:83, ======================CR:0.21838====================
2026-06-03 08:33:33 [INFO] -0.03807309971458526
2026-06-03 08:33:37 [INFO] EPOCH:83, ======================ACC:61.68====================
2026-06-03 08:33:37 [INFO] BEST EPOCH:38,BEST ACC:61.96
2026-06-03 08:33:52 [INFO] Epoch: 84 [12800/100000 (13%)]	 Training Loss: 0.037 ACC: 98.50 CR: 0.22 Avg R1: 9.77 Avg R2: 4.33 Avg Reward: 14.103022
2026-06-03 08:34:07 [INFO] Epoch: 84 [25600/100000 (26%)]	 Training Loss: 0.037 ACC: 98.52 CR: 0.22 Avg R1: 9.77 Avg R2: 4.33 Avg Reward: 14.104017
2026-06-03 08:34:21 [INFO] Epoch: 84 [38400/100000 (38%)]	 Training Loss: 0.038 ACC: 98.48 CR: 0.22 Avg R1: 9.77 Avg R2: 4.33 Avg Reward: 14.104761
2026-06-03 08:34:36 [INFO] Epoch: 84 [51200/100000 (51%)]	 Training Loss: 0.038 ACC: 98.39 CR: 0.22 Avg R1: 9.77 Avg R2: 4.33 Avg Reward: 14.105710
2026-06-03 08:34:50 [INFO] Epoch: 84 [64000/100000 (64%)]	 Training Loss: 0.038 ACC: 98.38 CR: 0.22 Avg R1: 9.77 Avg R2: 4.33 Avg Reward: 14.104041
2026-06-03 08:35:05 [INFO] Epoch: 84 [76800/100000 (77%)]	 Training Loss: 0.038 ACC: 98.41 CR: 0.22 Avg R1: 9.77 Avg R2: 4.33 Avg Reward: 14.102044
2026-06-03 08:35:22 [INFO] Epoch: 84 [89600/100000 (90%)]	 Training Loss: 0.039 ACC: 98.40 CR: 0.22 Avg R1: 9.77 Avg R2: 4.33 Avg Reward: 14.100500
2026-06-03 08:35:38 [INFO] EPOCH:84, ======================CR:0.22087====================
2026-06-03 08:35:38 [INFO] -0.03739274525073413
2026-06-03 08:35:43 [INFO] EPOCH:84, ======================ACC:61.74====================
2026-06-03 08:35:43 [INFO] BEST EPOCH:38,BEST ACC:61.96
2026-06-03 08:36:05 [INFO] Epoch: 85 [12800/100000 (13%)]	 Training Loss: 0.039 ACC: 98.52 CR: 0.22 Avg R1: 9.73 Avg R2: 4.35 Avg Reward: 14.081793
2026-06-03 08:36:24 [INFO] Epoch: 85 [25600/100000 (26%)]	 Training Loss: 0.039 ACC: 98.53 CR: 0.22 Avg R1: 9.73 Avg R2: 4.35 Avg Reward: 14.083632
2026-06-03 08:36:43 [INFO] Epoch: 85 [38400/100000 (38%)]	 Training Loss: 0.039 ACC: 98.42 CR: 0.22 Avg R1: 9.73 Avg R2: 4.35 Avg Reward: 14.087273
2026-06-03 08:37:02 [INFO] Epoch: 85 [51200/100000 (51%)]	 Training Loss: 0.039 ACC: 98.47 CR: 0.22 Avg R1: 9.73 Avg R2: 4.35 Avg Reward: 14.088912
2026-06-03 08:37:21 [INFO] Epoch: 85 [64000/100000 (64%)]	 Training Loss: 0.039 ACC: 98.43 CR: 0.22 Avg R1: 9.73 Avg R2: 4.36 Avg Reward: 14.090373
2026-06-03 08:37:40 [INFO] Epoch: 85 [76800/100000 (77%)]	 Training Loss: 0.039 ACC: 98.43 CR: 0.22 Avg R1: 9.73 Avg R2: 4.36 Avg Reward: 14.091425
2026-06-03 08:38:00 [INFO] Epoch: 85 [89600/100000 (90%)]	 Training Loss: 0.039 ACC: 98.46 CR: 0.22 Avg R1: 9.73 Avg R2: 4.36 Avg Reward: 14.092175
2026-06-03 08:38:15 [INFO] EPOCH:85, ======================CR:0.22441====================
2026-06-03 08:38:15 [INFO] -0.03551380270029549
2026-06-03 08:38:20 [INFO] EPOCH:85, ======================ACC:61.65====================
2026-06-03 08:38:20 [INFO] BEST EPOCH:38,BEST ACC:61.96
2026-06-03 08:38:40 [INFO] Epoch: 86 [12800/100000 (13%)]	 Training Loss: 0.040 ACC: 98.14 CR: 0.22 Avg R1: 9.70 Avg R2: 4.39 Avg Reward: 14.086865
2026-06-03 08:38:59 [INFO] Epoch: 86 [25600/100000 (26%)]	 Training Loss: 0.039 ACC: 98.30 CR: 0.22 Avg R1: 9.70 Avg R2: 4.39 Avg Reward: 14.088602
2026-06-03 08:39:19 [INFO] Epoch: 86 [38400/100000 (38%)]	 Training Loss: 0.040 ACC: 98.26 CR: 0.23 Avg R1: 9.70 Avg R2: 4.39 Avg Reward: 14.085618
2026-06-03 08:39:39 [INFO] Epoch: 86 [51200/100000 (51%)]	 Training Loss: 0.039 ACC: 98.32 CR: 0.22 Avg R1: 9.69 Avg R2: 4.39 Avg Reward: 14.084579
2026-06-03 08:39:56 [INFO] Epoch: 86 [64000/100000 (64%)]	 Training Loss: 0.039 ACC: 98.36 CR: 0.23 Avg R1: 9.69 Avg R2: 4.39 Avg Reward: 14.083287
2026-06-03 08:40:09 [INFO] Epoch: 86 [76800/100000 (77%)]	 Training Loss: 0.039 ACC: 98.39 CR: 0.23 Avg R1: 9.69 Avg R2: 4.39 Avg Reward: 14.082201
2026-06-03 08:40:25 [INFO] Epoch: 86 [89600/100000 (90%)]	 Training Loss: 0.039 ACC: 98.39 CR: 0.23 Avg R1: 9.69 Avg R2: 4.39 Avg Reward: 14.080876
2026-06-03 08:40:37 [INFO] EPOCH:86, ======================CR:0.22668====================
2026-06-03 08:40:37 [INFO] -0.03685481918444516
2026-06-03 08:40:42 [INFO] EPOCH:86, ======================ACC:61.63====================
2026-06-03 08:40:42 [INFO] BEST EPOCH:38,BEST ACC:61.96
2026-06-03 08:40:58 [INFO] Epoch: 87 [12800/100000 (13%)]	 Training Loss: 0.038 ACC: 98.61 CR: 0.23 Avg R1: 9.67 Avg R2: 4.40 Avg Reward: 14.069940
2026-06-03 08:41:13 [INFO] Epoch: 87 [25600/100000 (26%)]	 Training Loss: 0.039 ACC: 98.43 CR: 0.23 Avg R1: 9.68 Avg R2: 4.40 Avg Reward: 14.072900
2026-06-03 08:41:28 [INFO] Epoch: 87 [38400/100000 (38%)]	 Training Loss: 0.039 ACC: 98.48 CR: 0.23 Avg R1: 9.68 Avg R2: 4.40 Avg Reward: 14.075663
2026-06-03 08:41:43 [INFO] Epoch: 87 [51200/100000 (51%)]	 Training Loss: 0.039 ACC: 98.48 CR: 0.23 Avg R1: 9.68 Avg R2: 4.40 Avg Reward: 14.077581
2026-06-03 08:41:57 [INFO] Epoch: 87 [64000/100000 (64%)]	 Training Loss: 0.039 ACC: 98.50 CR: 0.23 Avg R1: 9.68 Avg R2: 4.40 Avg Reward: 14.078101
2026-06-03 08:42:13 [INFO] Epoch: 87 [76800/100000 (77%)]	 Training Loss: 0.039 ACC: 98.48 CR: 0.23 Avg R1: 9.68 Avg R2: 4.40 Avg Reward: 14.078508
2026-06-03 08:42:29 [INFO] Epoch: 87 [89600/100000 (90%)]	 Training Loss: 0.039 ACC: 98.48 CR: 0.23 Avg R1: 9.68 Avg R2: 4.40 Avg Reward: 14.078758
2026-06-03 08:42:41 [INFO] EPOCH:87, ======================CR:0.22608====================
2026-06-03 08:42:41 [INFO] -0.03851236635413943
2026-06-03 08:42:45 [INFO] EPOCH:87, ======================ACC:61.78====================
2026-06-03 08:42:45 [INFO] BEST EPOCH:38,BEST ACC:61.96
2026-06-03 08:43:02 [INFO] Epoch: 88 [12800/100000 (13%)]	 Training Loss: 0.040 ACC: 98.40 CR: 0.23 Avg R1: 9.68 Avg R2: 4.40 Avg Reward: 14.081952
2026-06-03 08:43:20 [INFO] Epoch: 88 [25600/100000 (26%)]	 Training Loss: 0.038 ACC: 98.48 CR: 0.23 Avg R1: 9.68 Avg R2: 4.41 Avg Reward: 14.083161
2026-06-03 08:43:41 [INFO] Epoch: 88 [38400/100000 (38%)]	 Training Loss: 0.039 ACC: 98.44 CR: 0.22 Avg R1: 9.68 Avg R2: 4.41 Avg Reward: 14.086180
2026-06-03 08:44:01 [INFO] Epoch: 88 [51200/100000 (51%)]	 Training Loss: 0.039 ACC: 98.43 CR: 0.22 Avg R1: 9.68 Avg R2: 4.41 Avg Reward: 14.087573
2026-06-03 08:44:20 [INFO] Epoch: 88 [64000/100000 (64%)]	 Training Loss: 0.039 ACC: 98.47 CR: 0.22 Avg R1: 9.68 Avg R2: 4.41 Avg Reward: 14.088220
2026-06-03 08:44:40 [INFO] Epoch: 88 [76800/100000 (77%)]	 Training Loss: 0.039 ACC: 98.47 CR: 0.22 Avg R1: 9.68 Avg R2: 4.40 Avg Reward: 14.089161
2026-06-03 08:44:58 [INFO] Epoch: 88 [89600/100000 (90%)]	 Training Loss: 0.039 ACC: 98.49 CR: 0.22 Avg R1: 9.69 Avg R2: 4.40 Avg Reward: 14.089872
2026-06-03 08:45:14 [INFO] EPOCH:88, ======================CR:0.22597====================
2026-06-03 08:45:14 [INFO] -0.03809222424339907
2026-06-03 08:45:19 [INFO] EPOCH:88, ======================ACC:61.64====================
2026-06-03 08:45:19 [INFO] BEST EPOCH:38,BEST ACC:61.96
2026-06-03 08:45:39 [INFO] Epoch: 89 [12800/100000 (13%)]	 Training Loss: 0.038 ACC: 98.62 CR: 0.23 Avg R1: 9.68 Avg R2: 4.41 Avg Reward: 14.085806
2026-06-03 08:45:59 [INFO] Epoch: 89 [25600/100000 (26%)]	 Training Loss: 0.038 ACC: 98.59 CR: 0.23 Avg R1: 9.68 Avg R2: 4.41 Avg Reward: 14.087985
2026-06-03 08:46:18 [INFO] Epoch: 89 [38400/100000 (38%)]	 Training Loss: 0.038 ACC: 98.58 CR: 0.22 Avg R1: 9.68 Avg R2: 4.41 Avg Reward: 14.088094
2026-06-03 08:46:36 [INFO] Epoch: 89 [51200/100000 (51%)]	 Training Loss: 0.038 ACC: 98.52 CR: 0.23 Avg R1: 9.68 Avg R2: 4.41 Avg Reward: 14.087454
2026-06-03 08:46:55 [INFO] Epoch: 89 [64000/100000 (64%)]	 Training Loss: 0.038 ACC: 98.50 CR: 0.23 Avg R1: 9.68 Avg R2: 4.41 Avg Reward: 14.084958
2026-06-03 08:47:10 [INFO] Epoch: 89 [76800/100000 (77%)]	 Training Loss: 0.038 ACC: 98.50 CR: 0.23 Avg R1: 9.67 Avg R2: 4.41 Avg Reward: 14.082468
2026-06-03 08:47:26 [INFO] Epoch: 89 [89600/100000 (90%)]	 Training Loss: 0.038 ACC: 98.52 CR: 0.23 Avg R1: 9.67 Avg R2: 4.41 Avg Reward: 14.079695
2026-06-03 08:47:39 [INFO] EPOCH:89, ======================CR:0.23036====================
2026-06-03 08:47:39 [INFO] -0.03893631781388313
2026-06-03 08:47:43 [INFO] EPOCH:89, ======================ACC:61.63====================
2026-06-03 08:47:43 [INFO] BEST EPOCH:38,BEST ACC:61.96
2026-06-03 08:47:43 [INFO] Saved standard mask to /nvme/home/lixiang/baseline/mask/tinyimagenet/22/mask_20.npz, epoch=89, acc=61.6300, reason=final_fallback, selected=20000/100000
